Date,GiaDieuChinh,Close,ThayDoi,Volume,GiaTriKhopLenh,KLThoaThuan,GtThoaThuan,Open,High,Low
2010-04-15,9.2,38000,-0.4(-1.04 %),115180,4538167000,0,0,40200,40200,37000
2010-04-16,9.2,38000,0(0.00 %),40500,1528988000,0,0,38000,38000,37500
2010-04-19,9.27,38300,0.3(0.79 %),65670,2504974000,0,0,38300,38400,38000
2010-04-20,9.44,38500,0.7(1.85 %),257630,9875403000,0,0,38500,38500,38000
2010-04-21,9.4,38300,-0.2(-0.52 %),115690,4449824000,31003,1134710000,38500,38600,38300
2010-04-22,9.57,39000,0.7(1.83 %),304480,11997000000,0,0,38300,40200,38300
2010-04-26,10.03,40900,1.9(4.87 %),418040,16915431000,0,0,39500,40900,39000
2010-04-27,10.52,42900,2(4.89 %),211120,9022936000,0,0,42800,42900,42000
2010-04-28,11.04,45000,2.1(4.90 %),125120,5630399000,0,0,45000,45000,44900
2010-04-29,11.58,47200,2.2(4.89 %),265920,12551374000,59490,2546172000,47200,47200,47100
2010-05-04,12.14,49500,2.3(4.87 %),498340,24517953000,0,0,49200,49500,48000
2010-05-05,12.63,51500,2(4.04 %),316340,16030115000,0,0,49000,51500,49000
2010-05-06,12.63,51500,0(0.00 %),219420,11283045000,0,0,53500,53500,50500
2010-05-07,12.02,49000,-2.5(-4.85 %),165080,8122251000,0,0,49100,51000,49000
2010-05-10,11.43,46600,-2.4(-4.90 %),285430,13312628000,0,0,46800,47000,46600
2010-05-11,10.87,44300,-2.3(-4.94 %),261630,11733240000,120000,5760000000,45000,46000,44300
2010-05-12,10.33,42100,-2.2(-4.97 %),150350,6334867000,0,0,42200,43800,42100
2010-05-13,10.7,43600,1.5(3.56 %),283660,12182253000,0,0,41400,44200,41200
2010-05-14,11.01,44900,1.3(2.98 %),25640,1150891000,0,0,45400,45400,44000
2010-05-17,10.47,42700,-2.2(-4.90 %),74950,3205474000,0,0,44900,44900,42700
2010-05-18,9.96,40600,-2.1(-4.92 %),154960,6317884000,0,0,43000,43000,40600
2010-05-19,9.47,38600,-2(-4.93 %),154380,6005158000,0,0,39000,40600,38600
2010-05-20,9.93,40500,1.9(4.92 %),71910,2705475000,0,0,36900,40500,36700
2010-05-21,9.44,38500,-2(-4.94 %),48130,1853005000,0,0,38500,38500,38500
2010-05-24,9.49,38700,0.2(0.52 %),89480,3328059000,0,0,37200,38700,36600
2010-05-25,9.08,37000,-1.7(-4.39 %),25750,963698000,0,0,38700,39000,37000
2010-05-26,9.47,38600,1.6(4.32 %),72800,2767546000,0,0,37000,38600,37000
2010-05-27,9.27,37800,-0.8(-2.07 %),17910,682434000,0,0,39400,39400,37800
2010-05-28,9.71,39600,1.8(4.76 %),160990,6374725000,0,0,39600,39600,39400
2010-05-31,10.18,41500,1.9(4.80 %),162530,6728675000,0,0,41000,41500,39000
2010-06-01,10.18,41500,0(0.00 %),126600,5234132000,0,0,41600,42000,40000
2010-06-02,10.28,41900,0.4(0.96 %),80890,3318658000,0,0,41400,41900,40000
2010-06-03,10.3,42000,0.1(0.24 %),121800,5137630000,0,0,42000,43000,41900
2010-06-04,10.25,41800,-0.2(-0.48 %),165700,6851425000,0,0,41000,41800,40100
2010-06-07,9.81,40000,-1.8(-4.31 %),60010,2416615000,0,0,39900,41800,39900
2010-06-08,9.54,38900,-1.1(-2.75 %),13930,541882000,0,0,38600,40500,38600
2010-06-09,9.57,39000,0.1(0.26 %),142850,5622091000,0,0,40700,40700,38900
2010-06-10,9.91,40400,1.4(3.59 %),40940,1642231000,0,0,40000,40400,38700
2010-06-11,10.03,40900,0.5(1.24 %),91460,3761683000,0,0,40800,41500,40700
2010-06-14,10.06,41000,0.1(0.24 %),90620,3713063000,0,0,40200,42000,40200
2010-06-15,10.08,41100,0.1(0.24 %),66430,2726653000,0,0,41000,41100,40800
2010-06-16,10.08,41100,0(0.00 %),55290,2283412000,0,0,41100,41700,41100
2010-06-17,10.16,41400,0.3(0.73 %),52360,2155830000,20000,822000000,41200,41400,40000
2010-06-18,10.28,41900,0.5(1.21 %),134620,5615279000,0,0,41400,41900,41000
2010-06-21,10.28,41900,0(0.00 %),169340,7134583000,0,0,41900,42700,41500
2010-06-22,10.08,41100,-0.8(-1.91 %),17700,736810000,0,0,41600,42000,41000
2010-06-23,10.06,41000,-0.1(-0.24 %),27040,1111392000,0,0,41500,41500,40200
2010-06-24,10.06,41000,0(0.00 %),108310,4434817000,0,0,40700,41000,40700
2010-06-25,10.01,40800,-0.2(-0.49 %),145250,5883288000,0,0,39700,40800,39500
2010-06-28,9.81,40000,-0.8(-1.96 %),33060,1331987000,0,0,40800,40800,39600
2010-06-29,9.81,40000,0(0.00 %),43700,1756840000,0,0,40800,40800,40000
2010-06-30,9.32,38000,-2(-5.00 %),91110,3488546000,119970,4838740000,38600,39000,38000
2010-07-01,9.57,39000,1(2.63 %),15700,611107000,0,0,39700,39700,38500
2010-07-02,9.47,38600,-0.4(-1.03 %),17750,686014000,50000,1855000000,39400,39400,38600
2010-07-05,9.54,38900,0.3(0.78 %),22920,888090000,0,0,39000,39000,38500
2010-07-06,9.52,38800,-0.1(-0.26 %),39800,1540675000,0,0,38000,38800,38000
2010-07-07,9.32,38000,-0.8(-2.06 %),24250,933005000,0,0,38900,38900,38000
2010-07-08,9.44,38500,0.5(1.32 %),33510,1264711000,0,0,38000,38500,37300
2010-07-09,9.44,38500,0(0.00 %),24910,956740000,0,0,39000,39000,38000
2010-07-12,9.1,37100,-1.4(-3.64 %),33700,1262170000,0,0,38400,38600,37100
2010-07-13,9.54,38900,1.8(4.85 %),42840,1637418000,0,0,37100,38900,37100
2010-07-14,9.64,39300,0.4(1.03 %),97880,3830185000,0,0,39300,39400,38800
2010-07-15,9.54,38900,-0.4(-1.02 %),12050,468695000,0,0,39300,39300,38000
2010-07-16,9.52,38800,-0.1(-0.26 %),39690,1541606000,0,0,38900,38900,38000
2010-07-19,9.49,38700,-0.1(-0.26 %),20500,793500000,0,0,38800,38800,38700
2010-07-20,9.64,39300,0.6(1.55 %),91690,3572931000,0,0,38700,39300,38700
2010-07-21,9.66,39400,0.1(0.25 %),92060,3616023000,0,0,39300,39400,39000
2010-07-22,9.49,38700,-0.7(-1.78 %),15000,580920000,0,0,39000,39000,38700
2010-07-23,9.49,38700,0(0.00 %),36500,1419850000,0,0,39200,39200,38500
2010-07-26,9.54,38900,0.2(0.52 %),22550,870283000,0,0,38500,38900,38200
2010-07-27,9.57,39000,0.1(0.26 %),38500,1500150000,0,0,38700,39000,38700
2010-07-28,9.54,38900,-0.1(-0.26 %),47600,1842439000,0,0,38900,38900,37700
2010-07-29,9.32,38000,-0.9(-2.31 %),24570,933660000,0,0,38000,38000,38000
2010-07-30,9.57,39000,1(2.63 %),28540,1093466000,0,0,37900,39000,37900
2010-08-02,9.52,38800,-0.2(-0.51 %),27460,1053180000,0,0,38200,38800,38000
2010-08-03,9.52,38800,0(0.00 %),25590,992892000,0,0,38800,38800,38800
2010-08-04,9.52,38800,0(0.00 %),40850,1573504000,0,0,38700,38800,38000
2010-08-05,9.57,39000,0.2(0.52 %),10000,390000000,20000,814000000,39000,39000,39000
2010-08-06,9.57,39000,0(0.00 %),90510,3517616000,20000,818000000,39000,39200,38300
2010-08-09,9.54,38900,-0.1(-0.26 %),31230,1205119000,152550,5856625000,38800,38900,38000
2010-08-10,9.2,37500,-1.4(-3.60 %),46020,1735380000,126450,5159160000,38900,38900,37500
2010-08-11,9.47,37900,1.1(2.99 %),43000,1633100000,0,0,37500,38100,37500
2010-08-12,9.02,36100,-1.8(-4.75 %),93180,3431453000,0,0,37000,37900,36100
2010-08-13,9.35,37400,1.3(3.60 %),37910,1413999000,0,0,37500,37700,36500
2010-08-16,9.57,38300,0.9(2.41 %),38030,1448055000,0,0,36100,38800,36100
2010-08-17,9.5,38000,-0.3(-0.78 %),50000,1899999000,0,0,37900,38000,37900
2010-08-18,9.47,37900,-0.1(-0.26 %),50000,1890000000,0,0,37800,37900,37000
2010-08-19,9.27,37100,-0.8(-2.11 %),67890,2544008000,0,0,37900,37900,37000
2010-08-20,8.95,35800,-1.3(-3.50 %),105600,3837945000,0,0,36900,37200,35800
2010-08-23,8.57,34300,-1.5(-4.19 %),48510,1695950000,0,0,35800,36000,34300
2010-08-24,8.75,35000,0.7(2.04 %),102880,3563105000,0,0,34300,35000,33000
2010-08-25,8.5,34000,-1(-2.86 %),59100,2008208000,0,0,34500,34500,33600
2010-08-26,8.25,33000,-1(-2.94 %),62000,2104344000,0,0,34000,34200,33000
2010-08-27,8.3,33200,0.2(0.61 %),47730,1570856000,0,0,32100,33200,32000
2010-08-30,8.7,34800,1.6(4.82 %),77820,2699044000,0,0,34400,34800,34400
2010-08-31,8.72,34900,0.1(0.29 %),28750,988400000,0,0,33700,35000,33700
2010-09-01,8.45,33800,-1.1(-3.15 %),28830,986144000,0,0,34900,34900,33800
2010-09-06,8.45,33800,0(0.00 %),8410,283785000,0,0,34000,34500,33500
2010-09-07,8.15,32600,-1.2(-3.55 %),32490,1080772000,0,0,33800,34200,32600
2010-09-08,8.0,32000,-0.6(-1.84 %),2000,64300000,0,0,32300,32300,32000
2010-09-09,8.12,32500,0.5(1.56 %),37580,1209319000,0,0,32500,32500,32000
2010-09-10,8.52,34100,1.6(4.92 %),58330,1955729000,0,0,32500,34100,32500
2010-09-13,8.1,32400,-1.7(-4.99 %),181430,5935832000,0,0,34000,35300,32400
2010-09-14,8.32,33300,0.9(2.78 %),95740,3165778000,0,0,31600,33300,31500
2010-09-15,8.37,33500,0.2(0.60 %),51560,1731480000,0,0,34400,34400,32800
2010-09-16,8.15,32600,-0.9(-2.69 %),56100,1863410000,0,0,32500,33900,32500
2010-09-17,8.5,34000,1.4(4.29 %),350010,11733548000,0,0,31500,34000,31500
2010-09-20,8.5,34000,0(0.00 %),59970,2079334000,0,0,35400,35400,34000
2010-09-21,8.32,33300,-0.7(-2.06 %),24260,808224000,0,0,34000,34000,33100
2010-09-22,7.97,31900,-1.4(-4.20 %),51300,1670610000,0,0,32300,33600,31900
2010-09-23,8.0,32000,0.1(0.31 %),17950,571797000,0,0,31900,32000,31500
2010-09-24,8.0,32000,0(0.00 %),9200,296900000,0,0,33000,33000,32000
2010-09-27,8.0,32000,0(0.00 %),21520,691540000,0,0,32600,32600,32000
2010-09-28,8.0,32000,0(0.00 %),1450,46420000,0,0,32400,32400,32000
2010-09-29,8.0,32000,0(0.00 %),31750,1013100000,0,0,31700,32200,31700
2010-09-30,7.9,31600,-0.4(-1.25 %),37480,1195328000,0,0,32000,32000,31600
2010-10-01,7.92,31700,0.1(0.32 %),6050,190905000,80000,2408000000,31500,31700,31500
2010-10-04,7.55,30200,-1.5(-4.73 %),93740,2882885000,0,0,31700,31700,30200
2010-10-05,7.25,29000,-1.2(-3.97 %),102670,2968552000,0,0,29000,29700,28700
2010-10-06,7.3,29200,0.2(0.69 %),87510,2531076000,20000,600000000,30300,30300,28200
2010-10-07,7.5,30000,0.8(2.74 %),219950,6474575000,0,0,29000,30600,29000
2010-10-08,7.75,31000,1(3.33 %),142990,4387314000,0,0,30000,31000,29800
2010-10-11,7.85,31400,0.4(1.29 %),112290,3529525000,0,0,31400,31700,31300
2010-10-12,7.6,30400,-1(-3.18 %),80980,2493144000,0,0,30600,31600,30000
2010-10-13,7.77,31100,0.7(2.30 %),66920,2037351000,0,0,29000,31200,29000
2010-10-14,7.7,30800,-0.3(-0.96 %),43030,1322052000,0,0,31100,31100,30300
2010-10-15,7.57,30300,-0.5(-1.62 %),53270,1619767000,0,0,30800,30800,30100
2010-10-18,7.52,30100,-0.2(-0.66 %),44510,1346151000,0,0,30300,30300,30100
2010-10-19,7.25,29000,-1.1(-3.65 %),30720,910357000,0,0,30100,30100,28700
2010-10-20,6.95,27800,-1.2(-4.14 %),85500,2408280000,0,0,28000,28400,27600
2010-10-21,6.92,27700,-0.1(-0.36 %),12830,355318000,0,0,29100,29100,27200
2010-10-22,7.17,28700,1(3.61 %),97520,2769471000,0,0,28900,29000,27900
2010-10-25,7.2,28800,0.1(0.35 %),50,1451000,0,0,29900,29900,28800
2010-10-26,7.25,29000,0.2(0.69 %),35980,1038112000,0,0,28800,29400,28800
2010-10-27,7.32,29300,0.3(1.03 %),66510,1948327000,0,0,29700,29700,29000
2010-10-28,7.37,29500,0.2(0.68 %),98490,2893065000,0,0,29300,29500,28900
2010-10-29,7.27,29100,-0.4(-1.36 %),28650,839465000,0,0,29500,29500,29100
2010-11-01,7.0,28000,-1.1(-3.78 %),79090,2237420000,0,0,28300,29300,28000
2010-11-02,7.15,28600,0.6(2.14 %),85960,2394441000,0,0,28000,28600,26800
2010-11-03,7.07,28300,-0.3(-1.05 %),68320,1915978000,0,0,27600,28700,27500
2010-11-04,6.87,27500,-0.8(-2.83 %),57240,1586258000,0,0,27200,28300,27200
2010-11-05,7.2,28800,1.3(4.73 %),98320,2762679000,0,0,27500,28800,27500
2010-11-08,7.52,30100,1.3(4.51 %),136430,3979936000,88000,2420000000,28200,30100,28000
2010-11-09,7.17,28700,-1.4(-4.65 %),66330,1943211000,0,0,29700,29700,28700
2010-11-10,7.1,28400,-0.3(-1.05 %),32110,931522000,0,0,29200,29400,28400
2010-11-11,6.75,27000,-1.4(-4.93 %),181040,4997614000,0,0,28400,29400,27000
2010-11-12,6.42,25700,-1.3(-4.81 %),70210,1817809000,0,0,27000,27000,25700
2010-11-15,6.2,24800,-0.9(-3.50 %),32070,794015000,0,0,25700,25700,24500
2010-11-16,5.9,23600,-1.2(-4.84 %),37640,897379000,0,0,24100,24700,23600
2010-11-17,5.97,23900,0.3(1.27 %),40300,955716000,0,0,23600,24000,23500
2010-11-18,6.17,24700,0.8(3.35 %),42510,1041566000,0,0,23900,25000,23900
2010-11-19,5.92,23700,-1(-4.05 %),47920,1163613000,0,0,25100,25200,23700
2010-11-22,5.7,22800,-0.9(-3.80 %),68110,1543922000,127200,2987200000,22700,23500,22600
2010-11-23,5.87,23500,0.7(3.07 %),13010,295626000,58000,1322400000,22800,23900,22100
2010-11-24,5.95,23800,0.3(1.28 %),81400,1916449000,0,0,22500,24400,22500
2010-11-25,6.22,24900,1.1(4.62 %),66900,1650808000,0,0,23800,24900,23800
2010-11-26,6.22,24900,0(0.00 %),45570,1147053000,0,0,25700,25700,24500
2010-11-29,6.27,25100,0.2(0.80 %),111430,2774684000,58000,1444200000,24900,25200,24600
2010-11-30,6.52,26100,1(3.98 %),105840,2743782000,0,0,26000,26300,25000
2010-12-01,6.62,26500,0.4(1.53 %),60240,1560038000,0,0,25500,26500,25300
2010-12-02,6.82,27300,0.8(3.02 %),113530,3042730000,0,0,26500,27300,26100
2010-12-03,6.92,27700,0.4(1.47 %),139970,3843889000,0,0,27400,27700,27000
2010-12-06,7.0,28000,0.3(1.08 %),80760,2220809000,0,0,27700,28500,26900
2010-12-07,6.77,27100,-0.9(-3.21 %),93130,2535094000,0,0,28000,28000,26800
2010-12-08,6.45,25800,-1.3(-4.80 %),110130,2861227000,0,0,26600,26800,25800
2010-12-09,6.62,26500,0.7(2.71 %),93540,2385336000,0,0,25800,26500,25000
2010-12-10,6.85,27400,0.9(3.40 %),65690,1766018000,0,0,26500,27400,26400
2010-12-13,6.92,27700,0.3(1.09 %),60000,1663846000,0,0,27400,28000,27400
2010-12-14,6.82,27300,-0.4(-1.44 %),35910,996980000,80000,2112000000,27700,28200,26700
2010-12-15,6.8,27200,-0.1(-0.37 %),79590,2172404000,0,0,27300,28100,26500
2010-12-16,6.57,26300,-0.9(-3.31 %),35900,968980000,0,0,26500,27700,26300
2010-12-17,6.8,27200,0.9(3.42 %),43010,1159908000,136380,3586794000,26800,27400,26700
2010-12-20,6.75,27000,-0.2(-0.74 %),39350,1076929000,0,0,27500,27500,27000
2010-12-21,6.85,27400,0.4(1.48 %),55410,1500678000,0,0,27400,27400,26900
2010-12-22,6.75,27000,-0.4(-1.46 %),30940,843200000,0,0,27400,27400,27000
2010-12-23,6.7,26800,-0.2(-0.74 %),20100,540690000,39080,1055160000,27000,27000,26800
2010-12-24,6.5,26000,-0.8(-2.99 %),27200,724285000,0,0,26800,26800,26000
2010-12-27,6.82,27300,1.3(5.00 %),79950,2133110000,0,0,26300,27300,26000
2010-12-28,6.82,27300,0(0.00 %),38190,1041937000,95000,2717000000,27600,27600,27000
2010-12-29,6.85,27400,0.1(0.37 %),64980,1762032000,136380,3900468000,27200,27500,26500
2010-12-30,7.06,27200,0.8(3.03 %),80180,2148158000,135000,3739500000,27400,27400,26000
2010-12-31,7.03,27100,-0.1(-0.37 %),43700,1179725000,0,0,26600,27100,26600
2011-01-04,6.82,26300,-0.8(-2.95 %),2900,77750000,0,0,27000,27000,26300
2011-01-05,6.75,26000,-0.3(-1.14 %),16510,426560000,0,0,26200,26200,25500
2011-01-06,6.62,25500,-0.5(-1.92 %),63720,1627260000,0,0,25300,25900,25300
2011-01-07,6.62,25500,0(0.00 %),21560,549060000,0,0,25500,25500,25200
2011-01-10,6.36,24500,-1(-3.92 %),58940,1458432000,0,0,26000,26000,24300
2011-01-11,6.23,24000,-0.5(-2.04 %),43840,1055629000,0,0,24300,24400,24000
2011-01-12,6.25,24100,0.1(0.42 %),22010,527152000,0,0,23400,25200,23400
2011-01-13,6.3,24300,0.2(0.83 %),18000,435300000,0,0,24000,24500,24000
2011-01-14,6.38,24600,0.3(1.23 %),23000,565200000,0,0,24600,24600,24400
2011-01-17,6.41,24700,0.1(0.41 %),18020,446305000,0,0,24800,25000,24700
2011-01-18,6.41,24700,0(0.00 %),27200,672340000,0,0,24800,24800,24700
2011-01-19,6.38,24600,-0.1(-0.40 %),23330,566582000,0,0,25600,25600,23700
2011-01-20,6.41,24700,0.1(0.41 %),12290,291298000,0,0,23800,24800,23600
2011-01-21,6.38,24600,-0.1(-0.40 %),9010,221948000,0,0,24800,24800,24600
2011-01-24,6.33,24400,-0.2(-0.81 %),15400,375761000,0,0,24600,24600,24200
2011-01-25,6.33,24400,0(0.00 %),31460,764814000,28000,711200000,23900,24400,23900
2011-01-26,6.3,24300,-0.1(-0.41 %),3080,75052000,0,0,24400,24400,24300
2011-01-27,6.36,24500,0.2(0.82 %),13070,320078000,39080,992632000,24400,24500,24400
2011-01-28,6.38,24600,0.1(0.41 %),3020,74092000,0,0,24500,24600,24500
2011-02-08,6.51,25100,0.5(2.03 %),19340,466824000,0,0,24600,25100,23700
2011-02-09,6.51,25100,0(0.00 %),15330,390411000,42000,1100400000,25500,25500,25000
2011-02-10,6.46,24900,-0.2(-0.80 %),41840,1018123000,0,0,24600,25100,24000
2011-02-11,6.41,24700,-0.2(-0.80 %),10640,259986000,0,0,24200,24800,24000
2011-02-14,6.43,24800,0.1(0.40 %),27120,654491000,0,0,24000,24800,23800
2011-02-15,6.3,24300,-0.5(-2.02 %),18690,451892000,0,0,24400,24500,23700
2011-02-16,6.33,24400,0.1(0.41 %),32290,783018000,0,0,24300,24500,23800
2011-02-17,6.23,24000,-0.4(-1.64 %),6420,154822000,0,0,24100,24200,24000
2011-02-18,6.17,23800,-0.2(-0.83 %),6140,146252000,0,0,23900,23900,23800
2011-02-21,6.07,23400,-0.4(-1.68 %),14250,331845000,42000,999600000,23700,23800,22700
2011-02-22,5.99,23100,-0.3(-1.28 %),10450,242690000,0,0,23300,23400,23100
2011-02-23,5.94,22900,-0.2(-0.87 %),9000,207600000,0,0,23200,23300,22900
2011-02-24,5.97,23000,0.1(0.44 %),2180,50140000,0,0,23000,23000,23000
2011-02-25,5.92,22800,-0.2(-0.87 %),9340,213410000,0,0,22300,23200,22300
2011-02-28,5.84,22500,-0.3(-1.32 %),6400,144800000,0,0,22900,22900,22500
2011-03-01,5.76,22200,-0.3(-1.33 %),10330,226290000,42000,945000000,21700,22400,21400
2011-03-02,5.66,21800,-0.4(-1.80 %),9970,214596000,0,0,22200,22200,21100
2011-03-03,5.4,20800,-1(-4.59 %),12980,270740000,0,0,20900,21600,20800
2011-03-04,5.42,20900,0.1(0.48 %),2000,41800000,0,0,20900,20900,20900
2011-03-07,5.27,20300,-0.6(-2.87 %),1170,24491000,42000,877800000,21000,21100,20300
2011-03-08,5.27,20300,0(0.00 %),38090,778472000,0,0,20400,20700,20200
2011-03-09,5.27,20300,0(0.00 %),990,20097000,0,0,20300,20300,20300
2011-03-10,5.42,20900,0.6(2.96 %),13200,274003000,0,0,20500,21100,20500
2011-03-11,5.58,21500,0.6(2.87 %),1020,21931000,0,0,21600,21600,21500
2011-03-14,5.32,20500,-1(-4.65 %),19320,400427000,0,0,20500,21100,20500
2011-03-15,5.32,20500,0(0.00 %),2290,46945000,0,0,20500,20500,20500
2011-03-16,5.32,20500,0(0.00 %),4020,82308000,0,0,20400,20500,20400
2011-03-17,5.19,20000,-0.5(-2.44 %),2020,40500000,0,0,20100,20100,20000
2011-03-18,5.24,20200,0.2(1.00 %),7000,141500000,0,0,20100,20300,20100
2011-03-21,5.19,20000,-0.2(-0.99 %),24090,475690000,0,0,19700,20500,19200
2011-03-22,5.16,19900,-0.1(-0.50 %),6930,138900000,0,0,20100,20300,19900
2011-03-23,5.11,19700,-0.2(-1.01 %),2650,52710000,0,0,20000,20200,19700
2011-03-24,5.09,19600,-0.1(-0.51 %),16270,320878000,0,0,19800,20000,19600
2011-03-25,5.09,19600,0(0.00 %),27370,537426000,0,0,19700,19800,19600
2011-03-28,5.32,20500,0.9(4.59 %),88220,1793449000,0,0,19600,20500,19600
2011-03-29,5.58,21500,1(4.88 %),122150,2619443000,0,0,21500,21500,21100
2011-03-30,5.73,22100,0.6(2.79 %),171000,3753775000,0,0,22000,22300,21500
2011-03-31,5.92,22800,0.7(3.17 %),189760,4309742000,0,0,22900,22900,22000
2011-04-01,5.63,21700,-1.1(-4.82 %),85270,1905330000,327060,7816734000,22800,22800,21700
2011-04-04,5.37,20700,-1(-4.61 %),57750,1199525000,0,0,21800,21800,20700
2011-04-05,5.63,21700,1(4.83 %),62430,1302468000,0,0,20200,21700,20000
2011-04-06,5.89,22700,1(4.61 %),83960,1897007000,21000,476700000,21700,22700,21700
2011-04-07,6.02,23200,0.5(2.20 %),187810,4356659000,42000,915600000,23300,23500,22800
2011-04-08,5.73,22100,-1.1(-4.74 %),21430,476533000,45670,1109781000,22300,23400,22100
2011-04-13,5.58,21500,-0.6(-2.71 %),33330,713963000,0,0,22000,22000,21200
2011-04-14,5.45,21000,-0.5(-2.33 %),7420,156746000,28500,627000000,21600,22000,21000
2011-04-15,5.68,21900,0.9(4.29 %),143490,3126724000,0,0,20800,22000,20800
2011-04-18,5.63,21700,-0.2(-0.91 %),64570,1406775000,0,0,22300,22300,21400
2011-04-19,5.66,21800,0.1(0.46 %),39050,853351000,0,0,21300,21900,21300
2011-04-20,5.58,21500,-0.3(-1.38 %),29000,619739000,20000,440000000,21600,21600,21100
2011-04-21,5.58,21500,0(0.00 %),64670,1373863000,0,0,21500,21500,20600
2011-04-22,5.34,20600,-0.9(-4.19 %),51510,1083583000,0,0,21300,21300,20600
2011-04-25,5.55,21400,0.8(3.88 %),118490,2534389000,0,0,20300,21600,20300
2011-04-26,5.32,20500,-0.9(-4.21 %),102990,2116310000,0,0,20500,21900,20400
2011-04-27,5.45,21000,0.5(2.44 %),14800,305300000,0,0,21200,21200,20000
2011-04-28,5.53,20000,0.3(1.52 %),45630,862563000,0,0,19550,20300,19550
2011-04-29,5.53,20000,0(0.00 %),5000,99904000,0,0,19900,20000,19900
2011-05-04,5.28,19100,-0.9(-4.50 %),5950,114815000,0,0,19500,19700,19100
2011-05-05,5.25,19000,-0.1(-0.52 %),48460,905797000,0,0,18300,19300,18200
2011-05-06,5.25,19000,0(0.00 %),46190,906517000,0,0,19100,19700,19000
2011-05-09,5.34,19300,0.3(1.58 %),10610,205027000,0,0,19500,19500,18700
2011-05-10,5.56,20100,0.8(4.15 %),54830,1096797000,0,0,19800,20200,19400
2011-05-11,5.7,20600,0.5(2.49 %),94070,1940854000,0,0,20200,21100,19900
2011-05-12,5.81,21000,0.4(1.94 %),97910,2098549000,0,0,20800,21600,20700
2011-05-13,5.81,21000,0(0.00 %),24000,498352000,0,0,20400,21600,20400
2011-05-16,5.56,20100,-0.9(-4.29 %),17130,347025000,0,0,20300,20800,20100
2011-05-17,5.61,20300,0.2(1.00 %),19840,391723000,50000,1055000000,19400,20300,19400
2011-05-18,5.45,19700,-0.6(-2.96 %),36470,726815000,0,0,19900,20400,19700
2011-05-19,5.42,19600,-0.1(-0.51 %),73260,1397105000,0,0,19500,20200,18800
2011-05-20,5.67,20500,0.9(4.59 %),65250,1320968000,0,0,19200,20500,19200
2011-05-23,5.48,19800,-0.7(-3.41 %),12140,250635000,0,0,21300,21300,19600
2011-05-24,5.31,19200,-0.6(-3.03 %),50200,960720000,0,0,19200,19200,19000
2011-05-25,5.56,20100,0.9(4.69 %),77880,1552993000,0,0,20100,20100,18800
2011-05-26,5.59,20200,0.1(0.50 %),85430,1797228000,40000,844000000,20100,21100,20100
2011-05-27,5.34,19300,-0.9(-4.46 %),25480,491833000,100000,2120000000,20200,20200,19200
2011-05-30,5.42,19600,0.3(1.55 %),3400,64442000,0,0,18900,19800,18900
2011-05-31,5.31,19200,-0.4(-2.04 %),14020,268916000,0,0,19200,19400,19000
2011-06-01,5.34,19300,0.1(0.52 %),40730,781681000,0,0,19200,20000,19000
2011-06-02,5.59,20200,0.9(4.66 %),31200,625494000,0,0,19300,20200,19300
2011-06-03,5.61,20300,0.1(0.50 %),60100,1212820000,0,0,20300,20300,20000
2011-06-06,5.64,20400,0.1(0.49 %),19900,398230000,0,0,19500,20400,19500
2011-06-07,5.89,21300,0.9(4.41 %),69660,1402708000,0,0,20500,21300,19400
2011-06-08,6.17,22300,1(4.69 %),139750,3083633000,0,0,22000,22300,21000
2011-06-09,6.36,23000,0.7(3.14 %),59640,1343977000,0,0,22300,23300,22200
2011-06-10,6.42,23200,0.2(0.87 %),84950,1911354000,0,0,23000,23600,22000
2011-06-13,6.33,22900,-0.3(-1.29 %),25050,567930000,0,0,22100,23400,22100
2011-06-14,6.33,22900,0(0.00 %),35140,820051000,0,0,22900,23600,22300
2011-06-15,6.03,21800,-1.1(-4.80 %),12020,263269000,0,0,21800,22900,21800
2011-06-16,5.75,20800,-1(-4.59 %),18850,400616000,0,0,21000,22200,20800
2011-06-17,5.64,20400,-0.4(-1.92 %),13130,268852000,0,0,20400,20900,20400
2011-06-20,5.48,19800,-0.6(-2.94 %),27080,541789000,0,0,20100,20300,19800
2011-06-21,5.61,20300,0.5(2.53 %),1970,40174000,0,0,20700,20700,19900
2011-06-22,5.61,20300,0(0.00 %),27520,560656000,0,0,20300,20400,20300
2011-06-23,5.59,20200,-0.1(-0.49 %),10740,216834000,0,0,19800,20400,19800
2011-06-24,5.67,20500,0.3(1.49 %),11820,237940000,0,0,19500,20500,19500
2011-06-27,5.64,20400,-0.1(-0.49 %),5100,104028000,0,0,19800,20400,19800
2011-06-28,5.53,20000,-0.4(-1.96 %),4500,90350000,0,0,20200,20200,20000
2011-06-29,5.53,20000,0(0.00 %),12070,240843000,0,0,19500,20000,19500
2011-06-30,5.5,19900,-0.1(-0.50 %),34970,676051000,0,0,19600,19900,19100
2011-07-01,5.56,20100,0.2(1.01 %),6000,119700000,0,0,19800,20100,19800
2011-07-04,5.72,20700,0.6(2.99 %),17000,347600000,0,0,20000,20700,20000
2011-07-05,5.7,20600,-0.1(-0.48 %),2520,51918000,0,0,20400,21400,20400
2011-07-06,5.72,20700,0.1(0.49 %),28310,579672000,0,0,20600,20700,20300
2011-07-07,5.7,20600,-0.1(-0.48 %),13500,276370000,0,0,20300,20600,20300
2011-07-08,5.75,20800,0.2(0.97 %),21000,436090000,0,0,20600,20800,20600
2011-07-11,5.84,21100,0.3(1.44 %),8020,169123000,0,0,20800,21500,20800
2011-07-12,5.84,21100,0(0.00 %),5200,109300000,0,0,20500,21100,20500
2011-07-13,5.86,21200,0.1(0.47 %),9010,191312000,0,0,21400,21400,21000
2011-07-14,5.81,21000,-0.2(-0.94 %),16000,335000000,0,0,20500,21000,20500
2011-07-15,5.7,20600,-0.4(-1.90 %),17800,364680000,0,0,20500,20600,20400
2011-07-18,5.78,20900,0.3(1.46 %),220,4418000,386930,7583828000,20000,20900,20000
2011-07-19,5.78,20900,0(0.00 %),9530,195251000,0,0,20900,21200,19900
2011-07-20,5.61,20300,-0.6(-2.87 %),14860,307969000,0,0,20100,20800,20100
2011-07-21,5.61,20300,0(0.00 %),1460,29638000,0,0,20300,20300,20300
2011-07-22,5.53,20000,-0.3(-1.48 %),8360,167618000,0,0,20000,20100,20000
2011-07-25,5.7,20600,0.6(3.00 %),5490,112560000,0,0,20900,20900,19100
2011-07-26,5.67,20500,-0.1(-0.49 %),7770,159285000,0,0,20500,20500,20500
2011-07-27,5.42,19600,-0.9(-4.39 %),15010,294400000,0,0,19600,20000,19500
2011-07-28,5.34,19300,-0.3(-1.53 %),3520,67936000,192710,3842716000,19300,19300,19300
2011-07-29,5.39,19500,0.2(1.04 %),6000,113400000,0,0,18500,19500,18500
2011-08-01,5.56,20100,0.6(3.08 %),10,201000,0,0,20100,20100,20100
2011-08-02,5.53,20000,-0.1(-0.50 %),8270,158219000,0,0,19200,20000,19100
2011-08-03,5.28,19100,-0.9(-4.50 %),100,1910000,0,0,19100,19100,19100
2011-08-04,5.25,19000,-0.1(-0.52 %),7600,144600000,0,0,19000,19100,19000
2011-08-05,5.39,19500,0.5(2.63 %),2010,38195000,0,0,19000,19500,19000
2011-08-08,5.14,18600,-0.9(-4.62 %),23590,442000000,0,0,18600,18900,18600
2011-08-09,4.9,17700,-0.9(-4.84 %),9810,173655000,0,0,19500,19500,17700
2011-08-10,4.98,18000,0.3(1.69 %),10,180000,0,0,18000,18000,18000
2011-08-11,4.98,18000,0(0.00 %),200,3600000,0,0,18000,18000,18000
2011-08-12,4.98,18000,0(0.00 %),0,0,0,0,18000,18000,18000
2011-08-15,5.12,18500,0.5(2.78 %),20,370000,0,0,18500,18500,18500
2011-08-16,5.06,18300,-0.2(-1.08 %),100,1830000,0,0,18300,18300,18300
2011-08-17,5.06,18300,0(0.00 %),1070,19581000,0,0,18300,18300,18300
2011-08-18,5.23,18900,0.6(3.28 %),860,16254000,0,0,18900,18900,18900
2011-08-19,5.17,18700,-0.2(-1.06 %),7000,130600000,0,0,18600,18700,18600
2011-08-22,5.28,19100,0.4(2.14 %),10790,204895000,0,0,18900,19100,18500
2011-08-23,5.42,19600,0.5(2.62 %),9650,184684000,0,0,19100,19600,19000
2011-08-24,5.2,18800,-0.8(-4.08 %),9190,173872000,0,0,19100,19100,18800
2011-08-25,5.31,19200,0.4(2.13 %),1010,19392000,0,0,19200,19200,19200
2011-08-26,5.37,19400,0.2(1.04 %),1900,36860000,0,0,19400,19400,19400
2011-08-29,5.45,19700,0.3(1.55 %),4010,77597000,0,0,19200,19700,19200
2011-08-30,5.48,19800,0.1(0.51 %),6490,127854000,0,0,19900,19900,19600
2011-08-31,5.5,19900,0.1(0.51 %),3120,61964000,0,0,20000,20000,19700
2011-09-01,5.61,20300,0.4(2.01 %),3960,79601000,0,0,20100,20300,19800
2011-09-05,5.61,20300,0(0.00 %),0,0,0,0,20300,20300,20300
2011-09-06,5.67,20500,0.2(0.99 %),6480,130530000,140390,2849917000,19700,20500,19700
2011-09-07,5.56,20100,-0.4(-1.95 %),430,8663000,0,0,20500,20500,20100
2011-09-08,5.76,19800,0.7(3.66 %),14510,285840000,0,0,19100,20000,19100
2011-09-09,5.76,19800,0(0.00 %),1170,23181000,0,0,20300,20300,19800
2011-09-12,5.76,19800,0(0.00 %),0,0,0,0,19800,19800,19800
2011-09-13,5.76,19800,0(0.00 %),12530,248089000,0,0,20300,20300,19600
2011-09-14,5.79,19900,0.1(0.51 %),8110,160552000,0,0,19700,19900,19700
2011-09-15,5.7,19600,-0.3(-1.51 %),220,4309000,0,0,19400,19600,19400
2011-09-16,5.68,19500,-0.1(-0.51 %),5400,105360000,0,0,19500,19600,19400
2011-09-19,5.7,19600,0.1(0.51 %),60,1166000,0,0,18600,19600,18600
2011-09-20,5.68,19500,-0.1(-0.51 %),5500,106950000,0,0,19500,19500,19400
2011-09-21,5.62,19300,-0.2(-1.03 %),2710,52101000,0,0,19500,19500,19200
2011-09-22,5.68,19500,0.2(1.04 %),10,195000,0,0,19500,19500,19500
2011-09-23,5.68,19500,0(0.00 %),1960,37270000,0,0,19500,19500,19000
2011-09-26,5.44,18700,-0.8(-4.10 %),1010,20587000,0,0,20400,20400,18700
2011-09-27,5.53,19000,0.3(1.60 %),3000,57000000,0,0,19000,19000,19000
2011-09-28,5.53,19000,0(0.00 %),2150,40865000,0,0,19300,19300,19000
2011-09-29,5.62,19300,0.3(1.58 %),6990,134076000,0,0,19400,19400,18900
2011-09-30,5.88,20200,0.9(4.66 %),10,202000,0,0,20200,20200,20200
2011-10-03,5.82,20000,-0.2(-0.99 %),70,1352000,0,0,19200,20000,19200
2011-10-04,5.97,20500,0.5(2.50 %),2030,38619000,0,0,20900,20900,19000
2011-10-05,5.82,20000,-0.5(-2.44 %),200,3925000,0,0,19500,20000,19500
2011-10-06,5.94,20400,0.4(2.00 %),5000,101420000,0,0,20000,20400,20000
2011-10-07,5.82,20000,-0.4(-1.96 %),3870,76839000,0,0,19700,20000,19700
2011-10-10,5.79,19900,-0.1(-0.50 %),350,6980000,0,0,20200,20200,19900
2011-10-11,5.82,20000,0.1(0.50 %),50,1000000,0,0,20000,20000,20000
2011-10-12,5.97,20500,0.5(2.50 %),2000,40994000,0,0,19900,20500,19900
2011-10-13,5.82,20000,-0.5(-2.44 %),50,1000000,0,0,20000,20000,20000
2011-10-14,5.82,20000,0(0.00 %),10,200000,0,0,20000,20000,20000
2011-10-17,5.82,20000,0(0.00 %),1990,38316000,0,0,19300,20000,19200
2011-10-18,5.76,19800,-0.2(-1.00 %),90,1782000,0,0,19800,19800,19800
2011-10-19,5.5,18900,-0.9(-4.55 %),2440,46811000,0,0,20400,20400,18900
2011-10-20,5.65,19400,0.5(2.65 %),480,8802000,0,0,18000,19400,18000
2011-10-21,5.76,19800,0.4(2.06 %),450,8965000,0,0,20200,20200,18500
2011-10-24,5.5,18900,-0.9(-4.55 %),10,189000,0,0,18900,18900,18900
2011-10-25,5.76,19800,0.9(4.76 %),300,5492000,0,0,18200,19800,18200
2011-10-26,5.76,19800,0(0.00 %),1400,26559000,0,0,18900,19800,18900
2011-10-27,5.5,18900,-0.9(-4.55 %),20,378000,0,0,18900,18900,18900
2011-10-28,5.76,19800,0.9(4.76 %),1070,19476000,0,0,18000,19800,18000
2011-10-31,5.79,19900,0.1(0.51 %),30,597000,0,0,19900,19900,19900
2011-11-01,5.82,20000,0.1(0.50 %),780,15371000,0,0,20100,20100,19600
2011-11-02,5.79,19900,-0.1(-0.50 %),110,2189000,0,0,19900,19900,19900
2011-11-03,5.79,19900,0(0.00 %),460,8974000,0,0,19000,19900,19000
2011-11-04,5.76,19800,-0.1(-0.50 %),50,990000,0,0,19800,19800,19800
2011-11-07,5.79,19900,0.1(0.51 %),730,14417000,0,0,19700,19900,19000
2011-11-08,5.7,19600,-0.3(-1.51 %),50,983000,0,0,19700,19700,19600
2011-11-09,5.73,19700,0.1(0.51 %),50,985000,0,0,19700,19700,19700
2011-11-10,5.47,18800,-0.9(-4.57 %),470,8956000,0,0,20000,20000,18800
2011-11-11,5.68,19500,0.7(3.72 %),10,195000,0,0,19500,19500,19500
2011-11-14,5.68,19500,0(0.00 %),0,0,0,0,19500,19500,19500
2011-11-15,5.53,19000,-0.5(-2.56 %),500,9500000,0,0,19000,19000,19000
2011-11-16,5.27,18100,-0.9(-4.74 %),4060,74949000,0,0,19900,19900,18100
2011-11-17,5.53,19000,0.9(4.97 %),140,2623000,0,0,18900,19000,17200
2011-11-18,5.27,18100,-0.9(-4.74 %),6800,123310000,0,0,18200,18900,18100
2011-11-21,5.24,18000,-0.1(-0.55 %),1130,20340000,0,0,18000,18000,18000
2011-11-22,5.24,18000,0(0.00 %),100,1800000,0,0,18000,18000,18000
2011-11-23,5.47,18800,0.8(4.44 %),690,12428000,0,0,18000,18800,18000
2011-11-24,5.21,17900,-0.9(-4.79 %),3160,56703000,0,0,18100,18200,17900
2011-11-25,5.21,17900,0(0.00 %),0,0,0,0,17900,17900,17900
2011-11-28,4.98,17100,-0.8(-4.47 %),2450,42795000,0,0,18000,18000,17100
2011-11-29,5.21,17900,0.8(4.68 %),2860,48382000,0,0,17900,17900,16300
2011-11-30,5.21,17900,0(0.00 %),110,1972000,0,0,18000,18000,17900
2011-12-01,5.24,18000,0.1(0.56 %),80,1440000,0,0,18000,18000,18000
2011-12-02,5.24,18000,0(0.00 %),0,0,0,0,18000,18000,18000
2011-12-05,5.24,18000,0(0.00 %),1260,22650000,0,0,18000,18000,17900
2011-12-06,5.24,18000,0(0.00 %),1040,18217000,0,0,17100,18000,17100
2011-12-07,5.24,18000,0(0.00 %),30,540000,0,0,18000,18000,18000
2011-12-08,5.24,18000,0(0.00 %),780,14040000,0,0,18000,18000,18000
2011-12-09,5.24,18000,0(0.00 %),1160,20864000,0,0,17900,18000,17900
2011-12-12,5.09,17500,-0.5(-2.78 %),470,8235000,0,0,18000,18000,17500
2011-12-13,5.21,17900,0.4(2.29 %),1090,19063000,0,0,17500,17900,17300
2011-12-14,5.21,17900,0(0.00 %),0,0,0,0,17900,17900,17900
2011-12-15,4.98,17100,-0.8(-4.47 %),500,8666000,0,0,17900,17900,17100
2011-12-16,5.01,17200,0.1(0.58 %),150,2580000,0,0,17200,17200,17200
2011-12-19,5.21,17900,0.7(4.07 %),160,2864000,0,0,17900,17900,17900
2011-12-20,5.45,17900,0.8(4.68 %),0,0,0,0,17900,17900,17900
2011-12-21,5.45,17900,0(0.00 %),0,0,0,0,17900,17900,17900
2011-12-22,5.18,17000,-0.9(-5.03 %),2060,35069000,0,0,17900,17900,17000
2011-12-23,5.42,17800,0.8(4.71 %),10,178000,0,0,17800,17800,17800
2011-12-26,5.61,18400,0.6(3.37 %),10,184000,0,0,18400,18400,18400
2011-12-27,5.33,17500,-0.9(-4.89 %),3890,68109000,135000,2605500000,17500,18400,17500
2011-12-28,5.33,17500,0(0.00 %),0,0,0,0,17500,17500,17500
2011-12-29,5.18,17000,-0.5(-2.86 %),2070,35190000,0,0,17000,17000,17000
2011-12-30,5.18,17000,0(0.00 %),0,0,0,0,17000,17000,17000
2012-01-03,5.18,17000,0(0.00 %),0,0,0,0,17000,17000,17000
2012-01-04,5.18,17000,0(0.00 %),0,0,0,0,17000,17000,17000
2012-01-05,5.03,16500,-0.5(-2.94 %),200,3339000,0,0,17800,17800,16500
2012-01-06,5.21,17100,0.6(3.64 %),10,171000,0,0,17100,17100,17100
2012-01-09,5.3,17400,0.3(1.75 %),310,5304000,0,0,16500,17400,16500
2012-01-10,5.27,17300,-0.1(-0.57 %),1100,18730000,0,0,17000,17300,17000
2012-01-11,5.03,16500,-0.8(-4.62 %),30,495000,0,0,16500,16500,16500
2012-01-12,5.27,17300,0.8(4.85 %),1120,19364000,0,0,17300,17300,17200
2012-01-13,5.27,17300,0(0.00 %),2000,34600000,0,0,17300,17300,17300
2012-01-16,5.3,17400,0.1(0.58 %),6050,104080000,0,0,17400,17400,17200
2012-01-17,5.12,16800,-0.6(-3.45 %),500,8400000,0,0,16800,16800,16800
2012-01-18,5.18,17000,0.2(1.19 %),20,340000,0,0,17000,17000,17000
2012-01-19,5.42,17800,0.8(4.71 %),1400,23964000,0,0,17400,17800,17000
2012-01-20,5.64,18500,0.7(3.93 %),10,185000,0,0,18500,18500,18500
2012-01-30,5.91,19400,0.9(4.86 %),10,194000,0,0,19400,19400,19400
2012-01-31,5.91,19400,0(0.00 %),0,0,0,0,19400,19400,19400
2012-02-01,6.19,20300,0.9(4.64 %),7040,142432000,0,0,19500,20300,19500
2012-02-02,5.88,19300,-1(-4.93 %),4060,78368000,0,0,19300,20300,19300
2012-02-03,5.88,19300,0(0.00 %),0,0,0,0,19300,19300,19300
2012-02-06,5.64,18500,-0.8(-4.15 %),200,3700000,0,0,18500,18500,18500
2012-02-07,5.64,18500,0(0.00 %),8060,149110000,0,0,18500,18500,18500
2012-02-08,5.79,19000,0.5(2.70 %),2010,37190000,0,0,18500,19000,18500
2012-02-09,5.61,18400,-0.6(-3.16 %),3000,55200000,0,0,18400,18400,18400
2012-02-10,5.48,18000,-0.4(-2.17 %),710,13060000,0,0,18400,18400,18000
2012-02-13,5.48,18000,0(0.00 %),4680,84240000,0,0,18000,18000,18000
2012-02-14,5.64,18500,0.5(2.78 %),10,185000,0,0,18500,18500,18500
2012-02-15,5.58,18300,-0.2(-1.08 %),13100,241535000,0,0,18500,18500,18300
2012-02-16,5.58,18300,0(0.00 %),3000,54900000,0,0,18300,18300,18300
2012-02-17,5.58,18300,0(0.00 %),1000,18300000,0,0,18300,18300,18300
2012-02-20,5.61,18400,0.1(0.55 %),5390,99403000,0,0,18500,18500,18300
2012-02-21,5.64,18500,0.1(0.54 %),14600,271600000,0,0,18700,18700,18500
2012-02-22,5.64,18500,0(0.00 %),6480,119880000,0,0,18500,18500,18500
2012-02-23,5.67,18600,0.1(0.54 %),5030,94258000,0,0,18800,19000,18600
2012-02-24,5.64,18500,-0.1(-0.54 %),9100,168650000,0,0,18600,18600,18500
2012-02-27,5.79,19000,0.5(2.70 %),10,190000,0,0,19000,19000,19000
2012-02-28,5.67,18600,-0.4(-2.11 %),10510,191956000,0,0,18500,18600,18200
2012-02-29,5.79,19000,0.4(2.15 %),11290,209998000,0,0,18600,19000,18600
2012-03-01,5.64,18500,-0.5(-2.63 %),3500,64750000,0,0,18500,18500,18500
2012-03-02,5.79,19000,0.5(2.70 %),20,380000,0,0,19000,19000,19000
2012-03-05,5.94,19500,0.5(2.63 %),25530,489184000,0,0,19500,19500,18900
2012-03-06,5.94,19500,0(0.00 %),19610,377093000,0,0,19500,19500,19000
2012-03-07,5.79,19000,-0.5(-2.56 %),500,9500000,0,0,19000,19000,19000
2012-03-08,6.03,19800,0.8(4.21 %),70,1386000,0,0,19900,19900,19700
2012-03-09,5.94,19500,-0.3(-1.52 %),20,390000,0,0,19500,19500,19500
2012-03-12,5.79,19000,-0.5(-2.56 %),4120,78380000,0,0,19000,19100,19000
2012-03-13,5.7,18700,-0.3(-1.58 %),3100,58295000,0,0,19000,19000,18500
2012-03-14,5.7,18700,0(0.00 %),4020,75176000,0,0,18700,18800,18700
2012-03-15,5.73,18800,0.1(0.53 %),2000,37700000,0,0,18900,18900,18800
2012-03-16,5.79,19000,0.2(1.06 %),1020,19380000,0,0,19000,19000,19000
2012-03-19,6.0,19700,0.7(3.68 %),1560,29802000,0,0,19100,19700,19100
2012-03-20,5.79,19000,-0.7(-3.55 %),2490,49132000,0,0,19900,19900,19000
2012-03-21,6.06,19900,0.9(4.74 %),17070,339435000,0,0,19600,19900,19600
2012-03-22,6.12,20100,0.2(1.01 %),1920,39162000,0,0,20500,20600,20100
2012-03-23,6.43,21100,1(4.98 %),5760,118932000,0,0,20800,21100,20500
2012-03-26,6.73,22100,1(4.74 %),3620,78003000,0,0,22100,22100,21100
2012-03-27,6.92,22700,0.6(2.71 %),28540,658528000,0,0,23100,23200,22500
2012-03-28,7.13,23400,0.7(3.08 %),2410,56423000,0,0,23500,23500,22300
2012-03-29,6.79,22300,-1.1(-4.70 %),1180,27243000,0,0,23400,23400,22300
2012-03-30,6.67,21900,-0.4(-1.79 %),6000,131300000,0,0,21800,22000,21800
2012-04-03,6.92,22700,0.8(3.65 %),10,227000,0,0,22700,22700,22700
2012-04-04,6.7,22000,-0.7(-3.08 %),11500,257935000,0,0,22900,23000,22000
2012-04-05,7.01,23000,1(4.55 %),12430,286977000,0,0,23000,23100,22300
2012-04-06,6.67,21900,-1.1(-4.78 %),5150,112830000,0,0,22200,22200,21900
2012-04-09,6.49,21300,-0.6(-2.74 %),10,213000,0,0,21300,21300,21300
2012-04-10,6.79,22300,1(4.69 %),5180,115442000,0,0,21700,22300,21700
2012-04-11,7.07,23200,0.9(4.04 %),4070,94103000,0,0,23400,23400,22200
2012-04-12,7.07,23200,0(0.00 %),6160,145028000,0,0,23600,23900,23200
2012-04-13,7.16,23500,0.3(1.29 %),4250,98903000,0,0,23500,23500,23200
2012-04-16,7.19,23600,0.1(0.43 %),8010,187692000,0,0,23000,23600,23000
2012-04-17,7.19,23600,0(0.00 %),6010,141837000,0,0,23700,23700,23600
2012-04-18,7.01,23000,-0.6(-2.54 %),14460,333331000,0,0,23000,23500,22900
2012-04-19,7.01,23000,0(0.00 %),1500,34500000,0,0,23000,23000,23000
2012-04-20,7.01,23000,0(0.00 %),3000,69000000,0,0,23000,23000,23000
2012-04-23,7.01,23000,0(0.00 %),2910,66439000,0,0,21900,23000,21900
2012-04-24,6.75,21400,-0.8(-3.67 %),10,210000,0,0,21400,21400,21400
2012-04-25,7.07,22000,1(4.76 %),2680,57460000,0,0,21000,22000,21000
2012-04-26,7.23,22500,0.5(2.27 %),110,2460000,0,0,21000,22500,21000
2012-04-27,7.27,22600,0.1(0.44 %),15140,324176000,0,0,21500,22600,21400
2012-05-02,7.23,22500,-0.1(-0.44 %),10800,242770000,0,0,23000,23000,21900
2012-05-03,6.91,21500,-1(-4.44 %),20,438000,0,0,22300,22300,21500
2012-05-04,7.1,22100,0.6(2.79 %),1200,26300000,0,0,22000,22100,21700
2012-05-07,7.1,22100,0(0.00 %),0,0,0,0,22100,22100,22100
2012-05-08,6.94,21600,-0.5(-2.26 %),23710,522556000,0,0,22000,22200,21600
2012-05-09,7.04,21900,0.3(1.39 %),12820,280849000,0,0,21000,22000,21000
2012-05-10,7.01,21800,-0.1(-0.46 %),40200,883426000,0,0,22300,22400,21800
2012-05-11,6.94,21600,-0.2(-0.92 %),29580,646882000,0,0,22000,22100,21600
2012-05-14,6.91,21500,-0.1(-0.46 %),20740,451072000,0,0,22200,22300,21500
2012-05-15,6.75,21000,-0.5(-2.33 %),7200,157790000,0,0,22200,22200,21000
2012-05-16,6.75,21000,0(0.00 %),5300,111040000,0,0,21000,21200,20800
2012-05-17,6.72,20900,-0.1(-0.48 %),5000,104700000,0,0,21000,21000,20900
2012-05-18,6.65,20700,-0.2(-0.96 %),2860,59162000,0,0,20400,20800,20400
2012-05-21,6.72,20900,0.2(0.97 %),6890,141281000,0,0,20000,20900,19900
2012-05-22,6.62,20600,-0.3(-1.44 %),2510,52305000,0,0,21000,21000,20500
2012-05-23,6.62,20600,0(0.00 %),0,0,0,0,20600,20600,20600
2012-05-24,6.91,21500,0.9(4.37 %),20,430000,0,0,21500,21500,21500
2012-05-25,6.75,21000,-0.5(-2.33 %),3000,63000000,0,0,21000,21000,21000
2012-05-28,7.01,21800,0.8(3.81 %),200,4280000,0,0,21000,21800,21000
2012-05-29,6.69,20800,-1(-4.59 %),1700,35600000,0,0,21000,21000,20800
2012-05-30,6.78,21100,0.3(1.44 %),3200,68320000,0,0,21500,21500,21100
2012-05-31,6.78,21100,0(0.00 %),220,4612000,0,0,21000,21100,20900
2012-06-01,6.62,20600,-0.5(-2.37 %),3980,82508000,0,0,20800,20800,20600
2012-06-04,6.62,20600,0(0.00 %),100,2060000,0,0,20600,20600,20600
2012-06-05,6.59,20500,-0.1(-0.49 %),1670,34235000,0,0,20500,20500,20500
2012-06-06,6.88,21400,0.9(4.39 %),3010,61714000,0,0,20500,21400,20500
2012-06-07,6.88,21400,0(0.00 %),100,2140000,0,0,21400,21400,21400
2012-06-08,6.62,20600,-0.8(-3.74 %),210,4406000,0,0,21400,21400,20600
2012-06-11,6.46,20100,-0.5(-2.43 %),10,201000,0,0,20100,20100,20100
2012-06-12,6.43,20000,-0.1(-0.50 %),18800,378430000,0,0,20000,20800,20000
2012-06-13,6.69,20800,0.8(4.00 %),17590,364442000,0,0,20800,20800,20600
2012-06-14,6.56,20400,-0.4(-1.92 %),1230,25700000,0,0,20900,20900,20400
2012-06-15,6.75,21000,0.6(2.94 %),210,4230000,0,0,20100,21000,20100
2012-06-18,6.53,20300,-0.7(-3.33 %),410,8603000,0,0,21000,21000,20300
2012-06-19,6.62,20600,0.3(1.48 %),10500,217000000,0,0,20300,20900,20300
2012-06-20,6.59,20500,-0.1(-0.49 %),10470,217636000,0,0,20900,20900,20500
2012-06-21,6.62,20600,0.1(0.49 %),5230,108274000,0,0,20900,20900,20600
2012-06-22,6.72,20900,0.3(1.46 %),9040,186525000,0,0,20600,20900,20500
2012-06-25,7.04,21900,1(4.78 %),6360,131405000,0,0,20700,21900,20500
2012-06-26,7.2,22400,0.5(2.28 %),1570,35105000,0,0,21900,22400,21100
2012-06-27,7.49,23300,0.9(4.02 %),3470,77009000,0,0,21500,23300,21300
2012-06-28,7.14,22200,-1.1(-4.72 %),5700,126650000,0,0,23300,23300,22200
2012-06-29,7.07,22000,-0.2(-0.90 %),1610,35414000,0,0,21300,22100,21300
2012-07-02,7.33,22800,0.8(3.64 %),1370,30436000,0,0,22000,22800,22000
2012-07-03,7.2,22400,-0.4(-1.75 %),6670,147747000,0,0,22100,22800,21700
2012-07-04,7.14,22200,-0.2(-0.89 %),4160,89136000,0,0,21500,22200,21300
2012-07-05,7.1,22100,-0.1(-0.45 %),710,15655000,0,0,22100,22100,22000
2012-07-06,7.36,22900,0.8(3.62 %),5510,121779000,0,0,22100,22900,22100
2012-07-09,7.1,22100,-0.8(-3.49 %),4380,99072000,0,0,22800,22800,22100
2012-07-10,6.75,21000,-1.1(-4.98 %),4170,92000000,0,0,22100,22100,21000
2012-07-11,7.07,22000,1(4.76 %),800,17560000,0,0,22000,22000,21600
2012-07-12,7.07,22000,0(0.00 %),1410,31065000,0,0,22900,22900,22000
2012-07-13,7.07,22000,0(0.00 %),1000,22000000,0,0,22000,22000,22000
2012-07-16,7.07,22000,0(0.00 %),1790,39380000,0,0,22000,22000,22000
2012-07-17,7.1,22100,0.1(0.45 %),1210,26777000,0,0,22000,22300,22000
2012-07-18,7.07,22000,-0.1(-0.45 %),3180,70891000,0,0,22100,22400,22000
2012-07-19,7.1,22100,0.1(0.45 %),960,21751000,0,0,22000,22800,22000
2012-07-20,7.43,23100,1(4.52 %),3010,69131000,0,0,22900,23100,22900
2012-07-23,7.73,23000,0.9(4.07 %),10920,240348000,0,0,22100,23000,22000
2012-07-24,8.03,23900,0.9(3.91 %),10,239000,0,0,23900,23900,23900
2012-07-25,8.0,23800,-0.1(-0.42 %),3500,81424000,0,0,25000,25000,22800
2012-07-26,7.63,22700,-1.1(-4.62 %),4110,93907000,0,0,22700,23700,22700
2012-07-27,7.26,21600,-1.1(-4.85 %),650,14064000,0,0,23800,23800,21600
2012-07-30,7.09,21100,-0.5(-2.31 %),1020,21543000,0,0,22600,22600,20800
2012-07-31,7.43,22100,1(4.74 %),30,647000,0,0,22100,22100,20500
2012-08-01,7.66,22800,0.7(3.17 %),70,1561000,0,0,22800,22800,22100
2012-08-02,7.93,23600,0.8(3.51 %),30,692000,0,0,23900,23900,21700
2012-08-03,7.56,22500,-1.1(-4.66 %),230,5413000,0,0,24400,24400,22500
2012-08-06,7.93,23600,1.1(4.89 %),80,1849000,0,0,22800,23600,22800
2012-08-07,7.56,22500,-1.1(-4.66 %),1260,28384000,0,0,22500,22900,22500
2012-08-08,7.46,22200,-0.3(-1.33 %),4510,99446000,0,0,23500,23500,22000
2012-08-09,7.83,23300,1.1(4.95 %),3760,86370000,0,0,23300,23300,21200
2012-08-10,7.46,22200,-1.1(-4.72 %),4040,89785000,0,0,24300,24400,22200
2012-08-13,7.83,23300,1.1(4.95 %),60,1398000,0,0,23300,23300,23300
2012-08-14,7.66,22800,-0.5(-2.15 %),470,10448000,0,0,22200,23000,22200
2012-08-15,7.36,21900,-0.9(-3.95 %),110,2423000,0,0,23300,23300,21900
2012-08-16,7.22,21500,-0.4(-1.83 %),130,2822000,0,0,22900,22900,21500
2012-08-17,7.02,20900,-0.6(-2.79 %),530,11107000,0,0,22500,22500,20700
2012-08-20,7.36,21900,1(4.78 %),1040,22776000,0,0,21900,21900,21900
2012-08-21,7.02,20900,-1(-4.57 %),110,2318000,0,0,22800,22800,20900
2012-08-22,6.75,20100,-0.8(-3.83 %),3070,65325000,0,0,20100,21900,20100
2012-08-23,6.48,19300,-0.8(-3.98 %),2120,43652000,0,0,21100,21100,19300
2012-08-24,6.79,20200,0.9(4.66 %),3180,64236000,0,0,20200,20200,20200
2012-08-27,6.89,20500,0.3(1.49 %),6020,127608000,0,0,21200,21200,20300
2012-08-28,7.22,21500,1(4.88 %),840,18051000,0,0,21500,21500,20600
2012-08-29,7.06,21000,-0.5(-2.33 %),40,840000,0,0,21000,21000,21000
2012-08-30,7.39,22000,1(4.76 %),1510,32220000,0,0,22000,22000,21000
2012-08-31,7.39,22000,0(0.00 %),40,880000,0,0,22000,22000,22000
2012-09-04,7.39,22000,0(0.00 %),240,5304000,0,0,22000,22800,22000
2012-09-05,7.36,21900,-0.1(-0.45 %),20,438000,0,0,21900,21900,21900
2012-09-06,7.36,21900,0(0.00 %),0,0,0,0,21900,21900,21900
2012-09-07,7.39,22000,0.1(0.46 %),10,220000,0,0,22000,22000,22000
2012-09-10,7.73,23000,1(4.55 %),10,230000,0,0,23000,23000,23000
2012-09-11,7.69,22900,-0.1(-0.43 %),110,2519000,0,0,22900,22900,22900
2012-09-12,7.73,23000,0.1(0.44 %),6580,150385000,0,0,22900,23000,22800
2012-09-13,7.73,23000,0(0.00 %),8690,199382000,0,0,22900,23000,22900
2012-09-14,7.36,21900,-1.1(-4.78 %),5540,127376000,0,0,23000,23000,21900
2012-09-17,7.56,22500,0.6(2.74 %),1980,44550000,0,0,22500,22500,22500
2012-09-18,7.59,22600,0.1(0.44 %),810,18306000,0,0,22600,22600,22600
2012-09-19,7.59,22600,0(0.00 %),0,0,0,0,22600,22600,22600
2012-09-20,7.66,22800,0.2(0.88 %),10,228000,0,0,22800,22800,22800
2012-09-21,7.56,22500,-0.3(-1.32 %),7010,166096000,0,0,22600,23900,21700
2012-09-24,7.56,22500,0(0.00 %),40,922000,0,0,23600,23600,22500
2012-09-25,7.26,21600,-0.9(-4.00 %),150,3430000,0,0,23300,23300,21600
2012-09-26,7.26,21600,0(0.00 %),100,2160000,0,0,21600,21600,21600
2012-09-27,7.59,22600,1(4.63 %),230,5192000,0,0,22600,22600,22000
2012-09-28,7.39,22000,-0.6(-2.65 %),20,440000,0,0,22000,22000,22000
2012-10-01,7.43,22100,0.1(0.45 %),240,5511000,0,0,23000,23000,22100
2012-10-02,7.43,22100,0(0.00 %),840,19311000,0,0,23000,23000,22100
2012-10-03,7.49,22300,0.2(0.90 %),570,13103000,0,0,23000,23000,22300
2012-10-04,7.53,22400,0.1(0.45 %),40,897000,0,0,22500,22500,22400
2012-10-05,7.22,21500,-0.9(-4.02 %),10,215000,0,0,21500,21500,21500
2012-10-08,7.56,22500,1(4.65 %),110,2475000,0,0,22500,22500,22500
2012-10-09,7.9,23500,1(4.44 %),1640,38550000,0,0,23500,23600,23500
2012-10-10,7.59,22600,-0.9(-3.83 %),2420,59502000,0,0,24600,24600,22600
2012-10-11,7.8,23200,0.6(2.65 %),1170,27499000,0,0,23500,23700,23200
2012-10-12,8.17,24300,1.1(4.74 %),4100,97930000,0,0,23500,24300,23400
2012-10-15,8.37,24900,0.6(2.47 %),6610,158079000,0,0,23800,24900,23800
2012-10-16,8.37,24900,0(0.00 %),100,2490000,0,0,24900,24900,24900
2012-10-17,8.53,25400,0.5(2.01 %),5480,131427000,0,0,23700,25400,23700
2012-10-18,8.4,25000,-0.4(-1.57 %),1580,38300000,0,0,24200,25000,24200
2012-10-19,8.26,23250,-0.4(-1.92 %),2040,41124000,0,0,23250,23250,23250
2012-10-22,8.18,20200,-0.2(-0.98 %),1510,29902000,0,0,20400,20400,19500
2012-10-23,8.18,20200,0(0.00 %),2270,44844000,0,0,19500,20200,19500
2012-10-24,8.18,20200,0(0.00 %),1720,34074000,0,0,19600,20200,19500
2012-10-25,7.93,19600,-0.6(-2.97 %),4030,78790000,0,0,20000,20000,19400
2012-10-26,8.01,19800,0.2(1.02 %),2260,44305000,0,0,19500,19800,19500
2012-10-29,8.05,19900,0.1(0.51 %),10,199000,0,0,19900,19900,19900
2012-10-30,8.42,20800,0.9(4.52 %),1010,20238000,0,0,19900,20800,19900
2012-10-31,8.01,19800,-1(-4.81 %),1120,22176000,0,0,19800,19800,19800
2012-11-01,8.01,19800,0(0.00 %),3250,63485000,0,0,18900,19900,18900
2012-11-02,8.01,19800,0(0.00 %),1190,23108000,0,0,19400,19800,19400
2012-11-05,7.77,19200,-0.6(-3.03 %),3010,58399000,0,0,19500,19900,19200
2012-11-06,7.89,19500,0.3(1.56 %),800,15600000,0,0,19500,19500,19500
2012-11-07,8.09,20000,0.5(2.56 %),10,200000,0,0,20000,20000,20000
2012-11-08,8.22,20300,0.3(1.50 %),120,2436000,0,0,20300,20300,20300
2012-11-09,8.18,20200,-0.1(-0.49 %),1610,32522000,0,0,20200,20200,20200
2012-11-12,8.18,20200,0(0.00 %),1430,28472000,0,0,19500,20200,19500
2012-11-13,8.18,20200,0(0.00 %),0,0,0,0,20200,20200,20200
2012-11-14,8.5,21000,0.8(3.96 %),1090,22064000,0,0,19200,21000,19200
2012-11-15,8.7,21500,0.5(2.38 %),110,2355000,0,0,21400,21500,21400
2012-11-16,8.7,21500,0(0.00 %),0,0,0,0,21500,21500,21500
2012-11-19,8.7,21500,0(0.00 %),0,0,0,0,21500,21500,21500
2012-11-20,8.7,21500,0(0.00 %),0,0,0,0,21500,21500,21500
2012-11-21,8.74,21600,0.1(0.47 %),280,6038000,0,0,21500,21600,21500
2012-11-22,8.74,21600,0(0.00 %),0,0,0,0,21600,21600,21600
2012-11-23,8.78,21700,0.1(0.46 %),1660,35322000,0,0,21500,21700,20700
2012-11-26,8.78,21700,0(0.00 %),0,0,0,0,21700,21700,21700
2012-11-27,8.78,21700,0(0.00 %),0,0,0,0,21700,21700,21700
2012-11-28,8.7,21500,-0.2(-0.92 %),2010,41615000,0,0,20700,21500,20700
2012-11-29,8.7,21500,0(0.00 %),0,0,0,0,21500,21500,21500
2012-11-30,8.7,21500,0(0.00 %),0,0,0,0,21500,21500,21500
2012-12-03,8.62,21300,-0.2(-0.93 %),20,418000,0,0,20500,21300,20500
2012-12-04,8.62,21300,0(0.00 %),2530,51380000,0,0,20400,21300,20300
2012-12-05,8.62,21300,0(0.00 %),300,6362000,0,0,21300,21300,21200
2012-12-06,8.62,21300,0(0.00 %),20,417000,0,0,20400,21300,20400
2012-12-07,8.62,21300,0(0.00 %),20,416000,0,0,20300,21300,20300
2012-12-10,8.62,21300,0(0.00 %),2520,51852000,0,0,20300,21300,20300
2012-12-11,8.62,21300,0(0.00 %),120,2546000,0,0,20300,21300,20300
2012-12-12,8.22,20300,-1(-4.69 %),3040,62152000,0,0,20300,21300,20300
2012-12-13,7.85,19400,-0.9(-4.43 %),510,9893000,0,0,19300,19400,19300
2012-12-14,8.01,19800,0.4(2.06 %),1410,28450000,0,0,20000,20300,19600
2012-12-17,8.01,19800,0(0.00 %),0,0,0,0,19800,19800,19800
2012-12-18,8.09,20000,0.2(1.01 %),1010,20200000,0,0,20000,20000,20000
2012-12-19,7.97,19700,-0.3(-1.50 %),750,15123000,0,0,19600,20500,19600
2012-12-20,7.81,19300,-0.4(-2.03 %),50,965000,0,0,19300,19300,19300
2012-12-21,8.09,20000,0.7(3.63 %),1200,24204000,0,0,19800,20200,19800
2012-12-24,8.01,19800,-0.2(-1.00 %),320,6468000,0,0,20500,20500,19800
2012-12-25,8.01,19800,0(0.00 %),30,594000,135000,2794500000,19800,19800,19800
2012-12-26,8.38,20700,0.9(4.55 %),3310,68379000,0,0,20600,20700,19900
2012-12-27,8.26,20400,-0.3(-1.45 %),4460,95706000,0,0,20700,21700,20300
2012-12-28,8.58,21200,0.8(3.92 %),1310,27702000,0,0,21000,21200,20200
2013-01-02,8.58,21200,0(0.00 %),0,0,0,0,21200,21200,21200
2013-01-03,8.3,20500,-0.7(-3.30 %),6520,140210000,0,0,22000,22100,20500
2013-01-04,8.7,21500,1(4.88 %),310,6565000,0,0,21000,21500,21000
2013-01-07,9.07,22400,0.9(4.19 %),2040,44662000,0,0,21500,22400,21500
2013-01-08,9.31,23000,0.6(2.68 %),10,230000,0,0,23000,23000,23000
2013-01-09,8.94,22100,-0.9(-3.91 %),8480,192054000,0,0,22500,23000,22100
2013-01-10,9.15,22600,0.5(2.26 %),11160,253986000,66141,1461716000,22400,23000,22200
2013-01-11,9.23,22800,0.2(0.88 %),16530,379932000,0,0,22900,23100,22400
2013-01-14,9.31,22200,0.2(0.91 %),2330,52516000,0,0,22500,22600,22200
2013-01-15,9.23,22000,-0.2(-0.90 %),4020,89440000,0,0,22700,22700,22000
2013-01-16,9.23,22000,0(0.00 %),4430,99410000,0,0,22500,22500,22000
2013-01-17,8.85,21100,-0.9(-4.09 %),4040,88982000,0,0,22500,22500,21100
2013-01-18,8.85,21100,0(0.00 %),100,2110000,0,0,21100,21100,21100
2013-01-21,8.85,21100,0(0.00 %),9630,210072000,0,0,21900,22200,21100
2013-01-22,9.02,21500,0.4(1.90 %),7780,173372000,0,0,22400,22500,21300
2013-01-23,9.02,21500,0(0.00 %),2010,43215000,0,0,21500,21500,21500
2013-01-24,8.93,21300,-0.2(-0.93 %),10,213000,0,0,21300,21300,21300
2013-01-25,8.85,21100,-0.2(-0.94 %),960,21286000,0,0,22000,22500,21100
2013-01-28,8.93,21300,0.2(0.95 %),1110,24291000,0,0,21900,21900,21300
2013-01-29,8.93,21300,0(0.00 %),4820,109166000,0,0,22100,22700,21300
2013-01-30,8.93,21300,0(0.00 %),0,0,0,0,21300,21300,21300
2013-01-31,9.02,21500,0.2(0.94 %),120,2590000,0,0,22000,22000,21500
2013-02-01,9.1,21700,0.2(0.93 %),1620,35119000,0,0,21700,21700,21600
2013-02-04,9.1,21700,0(0.00 %),4750,103943000,0,0,21700,22000,21700
2013-02-05,9.1,21700,0(0.00 %),280,6076000,0,0,21700,21700,21700
2013-02-06,9.1,21700,0(0.00 %),210,4617000,0,0,22000,22000,21700
2013-02-07,9.73,23200,1.5(6.91 %),22190,514301000,0,0,22300,23200,21700
2013-02-08,9.77,23300,0.1(0.43 %),1200,27960000,0,0,23300,23300,23300
2013-02-18,9.14,21800,-1.5(-6.44 %),10,218000,0,0,21800,21800,21800
2013-02-19,9.14,21800,0(0.00 %),0,0,0,0,21800,21800,21800
2013-02-20,9.14,21800,0(0.00 %),0,0,0,0,21800,21800,21800
2013-02-21,9.77,23300,1.5(6.88 %),2140,49862000,0,0,23300,23300,23300
2013-02-22,9.44,22500,-0.8(-3.43 %),810,18670000,0,0,23000,23100,22500
2013-02-25,9.52,22700,0.2(0.89 %),220,4994000,0,0,22700,22700,22700
2013-02-26,9.61,22900,0.2(0.88 %),8200,188700000,0,0,23000,23500,22900
2013-02-27,9.61,22900,0(0.00 %),2300,52770000,0,0,22900,23000,22900
2013-02-28,9.65,23000,0.1(0.44 %),50,1150000,0,0,23000,23000,23000
2013-03-01,9.86,23500,0.5(2.17 %),4030,92695000,0,0,23000,23500,23000
2013-03-04,9.44,22500,-1(-4.26 %),8940,207225000,0,0,23200,23500,22500
2013-03-05,9.35,22300,-0.2(-0.89 %),20,446000,0,0,22300,22300,22300
2013-03-06,9.35,22300,0(0.00 %),1220,28646000,0,0,23500,23500,22300
2013-03-07,9.44,22500,0.2(0.90 %),1910,44875000,0,0,23500,23500,22500
2013-03-08,9.86,23500,1(4.44 %),510,11635000,0,0,22800,23500,22800
2013-03-11,9.9,23600,0.1(0.43 %),820,19283000,0,0,23500,23600,23500
2013-03-12,9.77,23300,-0.3(-1.27 %),2760,64277000,0,0,23000,23500,23000
2013-03-13,9.82,23400,0.1(0.43 %),4020,94317000,0,0,23300,23600,23300
2013-03-14,9.98,23800,0.4(1.71 %),3430,81005000,0,0,23500,23800,23500
2013-03-15,10.07,24000,0.2(0.84 %),600,14286000,0,0,24000,24000,23800
2013-03-18,9.98,23800,-0.2(-0.83 %),1600,37900000,0,0,23800,23800,23200
2013-03-19,10.28,24500,0.7(2.94 %),2150,51403000,0,0,23800,24500,23800
2013-03-20,10.28,24500,0(0.00 %),20530,532733000,0,0,24500,26200,24000
2013-03-21,10.28,24500,0(0.00 %),22240,564323000,0,0,24100,26200,24100
2013-03-22,10.91,26000,1.5(6.12 %),3960,99010000,0,0,25000,26000,25000
2013-03-25,10.91,26000,0(0.00 %),3300,84613000,0,0,25600,26000,25600
2013-03-26,10.91,26000,0(0.00 %),5570,144620000,0,0,25600,26000,25600
2013-03-27,10.82,25800,-0.2(-0.77 %),4500,116200000,0,0,26000,26000,25700
2013-03-28,10.91,26000,0.2(0.78 %),20,520000,0,0,26000,26000,26000
2013-03-29,10.74,25600,-0.4(-1.54 %),900,23040000,0,0,25600,25600,25600
2013-04-01,10.7,25500,-0.1(-0.39 %),2500,63750000,0,0,25500,25500,25500
2013-04-02,10.7,25500,0(0.00 %),1720,43692000,0,0,25100,25500,25100
2013-04-03,10.7,25500,0(0.00 %),1600,40800000,0,0,25500,25500,25500
2013-04-04,10.49,25000,-0.5(-1.96 %),360,9000000,0,0,25000,25000,25000
2013-04-05,10.53,25100,0.1(0.40 %),2000,50200000,0,0,25100,25100,25100
2013-04-08,10.49,25000,-0.1(-0.40 %),20,500000,0,0,25000,25000,25000
2013-04-09,10.7,25500,0.5(2.00 %),1000,25500000,0,0,25500,25500,25500
2013-04-10,10.74,25600,0.1(0.39 %),3900,99900000,0,0,25700,25700,25500
2013-04-11,10.7,25500,-0.1(-0.39 %),4000,102530000,0,0,25800,25800,25500
2013-04-12,10.7,25500,0(0.00 %),600,15300000,0,0,25500,25500,25500
2013-04-15,10.7,25500,0(0.00 %),1600,40680000,0,0,25300,25500,25300
2013-04-16,10.7,25500,0(0.00 %),2000,50890000,0,0,25400,25500,25400
2013-04-17,10.7,25500,0(0.00 %),4190,106495000,0,0,25200,25500,25200
2013-04-18,10.91,25200,0.5(2.02 %),4000,100790000,0,0,25300,25300,25100
2013-04-22,11.27,25200,0(0.00 %),0,0,0,0,25200,25200,25200
2013-04-23,11.14,24900,-0.3(-1.19 %),700,17430000,0,0,24900,24900,24900
2013-04-24,11.14,24900,0(0.00 %),0,0,0,0,24900,24900,24900
2013-04-25,11.14,24900,0(0.00 %),1000,24900000,0,0,24900,24900,24900
2013-04-26,11.14,24900,0(0.00 %),0,0,0,0,24900,24900,24900
2013-05-02,11.14,24900,0(0.00 %),0,0,0,0,24900,24900,24900
2013-05-03,11.09,24800,-0.1(-0.40 %),1000,24800000,0,0,24800,24800,24800
2013-05-06,10.96,24500,-0.3(-1.21 %),1000,24500000,0,0,24500,24500,24500
2013-05-07,10.96,24500,0(0.00 %),0,0,0,0,24500,24500,24500
2013-05-08,10.87,24300,-0.2(-0.82 %),1020,24782000,0,0,24100,24300,24100
2013-05-09,10.87,24300,0(0.00 %),0,0,0,0,24300,24300,24300
2013-05-10,10.96,24500,0.2(0.82 %),100,2450000,0,0,24500,24500,24500
2013-05-13,11.63,26000,1.5(6.12 %),1210,29400000,0,0,24300,26000,24200
2013-05-14,11.18,25000,-1(-3.85 %),3000,75000000,0,0,25000,25000,25000
2013-05-15,11.32,25300,0.3(1.20 %),230,5779000,0,0,25100,25300,25100
2013-05-16,11.18,25000,-0.3(-1.19 %),1000,25000000,0,0,25000,25000,25000
2013-05-17,11.18,25000,0(0.00 %),0,0,0,0,25000,25000,25000
2013-05-20,11.18,25000,0(0.00 %),1990,49650000,0,0,24800,25000,24800
2013-05-21,11.18,25000,0(0.00 %),0,0,0,0,25000,25000,25000
2013-05-22,11.18,25000,0(0.00 %),0,0,0,0,25000,25000,25000
2013-05-23,11.18,25000,0(0.00 %),1510,37750000,0,0,25000,25000,25000
2013-05-24,11.18,25000,0(0.00 %),410,10145000,0,0,24500,25000,24500
2013-05-27,11.63,26000,1(4.00 %),10,260000,0,0,26000,26000,26000
2013-05-28,11.09,24800,-1.2(-4.62 %),10,248000,0,0,24800,24800,24800
2013-05-29,11.09,24800,0(0.00 %),0,0,0,0,24800,24800,24800
2013-05-30,11.09,24800,0(0.00 %),0,0,0,0,24800,24800,24800
2013-05-31,11.63,26000,1.2(4.84 %),3510,87660000,0,0,25200,26000,24900
2013-06-03,11.4,25500,-0.5(-1.92 %),8220,220870000,0,0,27000,27000,25000
2013-06-04,11.63,26000,0.5(1.96 %),1010,26270000,0,0,27000,27000,26000
2013-06-05,11.85,26500,0.5(1.92 %),10,265000,0,0,26500,26500,26500
2013-06-06,11.63,26000,-0.5(-1.89 %),1530,40540000,0,0,26500,26500,26000
2013-06-07,12.08,27000,1(3.85 %),1780,46290000,0,0,26000,27000,26000
2013-06-10,12.08,27000,0(0.00 %),0,0,0,0,27000,27000,27000
2013-06-11,11.63,26000,-1(-3.70 %),30,780000,0,0,26000,26000,26000
2013-06-12,11.63,26000,0(0.00 %),0,0,0,0,26000,26000,26000
2013-06-13,11.63,26000,0(0.00 %),0,0,0,0,26000,26000,26000
2013-06-14,11.63,26000,0(0.00 %),0,0,0,0,26000,26000,26000
2013-06-17,11.63,26000,0(0.00 %),3350,92100000,0,0,26000,27800,26000
2013-06-18,11.63,26000,0(0.00 %),0,0,0,0,26000,26000,26000
2013-06-19,11.63,26000,0(0.00 %),20,520000,0,0,26000,26000,26000
2013-06-20,12.3,27500,1.5(5.77 %),10,275000,0,0,27500,27500,27500
2013-06-21,12.08,27000,-0.5(-1.82 %),2000,54000000,0,0,27000,27000,27000
2013-06-24,11.85,26500,-0.5(-1.85 %),1000,26500000,0,0,26500,26500,26500
2013-06-25,11.85,26500,0(0.00 %),1000,26500000,0,0,26500,26500,26500
2013-06-26,11.4,25500,-1(-3.77 %),4020,106519000,0,0,26400,26500,25500
2013-06-27,11.18,25000,-0.5(-1.96 %),10,250000,0,0,25000,25000,25000
2013-06-28,11.18,25000,0(0.00 %),0,0,0,0,25000,25000,25000
2013-07-01,11.18,25000,0(0.00 %),0,0,0,0,25000,25000,25000
2013-07-02,10.42,23300,-1.7(-6.80 %),100,2636000,0,0,26700,26700,23300
2013-07-03,10.73,24000,0.7(3.00 %),10,240000,0,0,24000,24000,24000
2013-07-04,10.73,24000,0(0.00 %),0,0,0,0,24000,24000,24000
2013-07-05,10.55,23600,-0.4(-1.67 %),10,236000,0,0,23600,23600,23600
2013-07-08,11.18,25000,1.4(5.93 %),100,2500000,0,0,25000,25000,25000
2013-07-09,11.18,25000,0(0.00 %),0,0,0,0,25000,25000,25000
2013-07-10,11.18,25000,0(0.00 %),0,0,0,0,25000,25000,25000
2013-07-11,11.54,25800,0.8(3.20 %),3000,77300000,0,0,25700,25800,25700
2013-07-12,11.9,26600,0.8(3.10 %),2010,52666000,0,0,26200,26600,26200
2013-07-15,12.16,27200,0.6(2.26 %),2450,65745000,0,0,26700,27200,26700
2013-07-16,12.16,27200,0(0.00 %),0,0,0,0,27200,27200,27200
2013-07-17,12.16,27200,0(0.00 %),0,0,0,0,27200,27200,27200
2013-07-18,12.16,27200,0(0.00 %),0,0,0,0,27200,27200,27200
2013-07-19,12.12,27100,-0.1(-0.37 %),100,2710000,0,0,27100,27100,27100
2013-07-22,11.85,26500,-0.6(-2.21 %),600,15910000,0,0,26600,26600,26500
2013-07-23,12.08,27000,0.5(1.89 %),4510,121650000,0,0,27000,27000,26900
2013-07-24,12.08,27000,0(0.00 %),0,0,0,0,27000,27000,27000
2013-07-25,12.08,27000,0(0.00 %),0,0,0,0,27000,27000,27000
2013-07-26,12.08,27000,0(0.00 %),100,2700000,0,0,27000,27000,27000
2013-07-29,11.99,26800,-0.2(-0.74 %),1100,29181000,0,0,26600,26800,26500
2013-07-30,11.99,25800,0(0.00 %),0,0,0,0,25800,25800,25800
2013-07-31,12.54,27000,0.2(0.75 %),3510,93020000,0,0,26500,27000,26500
2013-08-01,12.54,27000,0(0.00 %),3250,84510000,0,0,26000,27000,26000
2013-08-02,12.54,27000,0(0.00 %),0,0,0,0,27000,27000,27000
2013-08-05,12.54,27000,0(0.00 %),0,0,0,0,27000,27000,27000
2013-08-06,12.54,27000,0(0.00 %),0,0,0,0,27000,27000,27000
2013-08-07,12.54,27000,0(0.00 %),0,0,0,0,27000,27000,27000
2013-08-08,12.54,27000,0(0.00 %),0,0,0,0,27000,27000,27000
2013-08-09,11.71,25200,-1.8(-6.67 %),250,6300000,0,0,25200,25200,25200
2013-08-12,11.71,25200,0(0.00 %),0,0,0,0,25200,25200,25200
2013-08-13,12.08,26000,0.8(3.17 %),10,260000,0,0,26000,26000,26000
2013-08-14,11.38,24500,-1.5(-5.77 %),190,4655000,0,0,24500,24500,24500
2013-08-15,11.61,25000,0.5(2.04 %),40,1000000,0,0,25000,25000,25000
2013-08-16,11.61,25000,0(0.00 %),0,0,0,0,25000,25000,25000
2013-08-19,11.66,25100,0.1(0.40 %),18070,453557000,0,0,25100,25100,25100
2013-08-20,12.08,26000,0.9(3.59 %),10,260000,0,0,26000,26000,26000
2013-08-21,12.08,26000,0(0.00 %),0,0,0,0,26000,26000,26000
2013-08-22,12.08,26000,0(0.00 %),22100,560920000,0,0,25200,26000,25200
2013-08-23,12.08,26000,0(0.00 %),0,0,0,0,26000,26000,26000
2013-08-26,12.08,26000,0(0.00 %),0,0,0,0,26000,26000,26000
2013-08-27,11.89,25600,-0.4(-1.54 %),1900,48840000,0,0,26000,26000,25600
2013-08-28,11.94,25700,0.1(0.39 %),3710,95482000,0,0,25600,25800,25600
2013-08-29,11.89,25600,-0.1(-0.39 %),200,5120000,0,0,25600,25600,25600
2013-08-30,11.71,25200,-0.4(-1.56 %),100,2520000,0,0,25200,25200,25200
2013-09-03,11.75,25300,0.1(0.40 %),120,3035000,0,0,25200,25300,25200
2013-09-04,11.75,25300,0(0.00 %),0,0,0,0,25300,25300,25300
2013-09-05,11.85,25500,0.2(0.79 %),11960,310955000,0,0,26000,26000,25500
2013-09-06,11.89,25600,0.1(0.39 %),1100,28160000,0,0,25600,25600,25600
2013-09-09,11.89,25600,0(0.00 %),0,0,0,0,25600,25600,25600
2013-09-10,11.89,25600,0(0.00 %),0,0,0,0,25600,25600,25600
2013-09-11,11.89,25600,0(0.00 %),0,0,0,0,25600,25600,25600
2013-09-12,11.99,25800,0.2(0.78 %),1100,28370000,0,0,25700,25800,25700
2013-09-13,12.08,26000,0.2(0.78 %),5000,130000000,0,0,26000,26000,26000
2013-09-16,12.08,26000,0(0.00 %),0,0,0,0,26000,26000,26000
2013-09-17,12.08,26000,0(0.00 %),0,0,0,0,26000,26000,26000
2013-09-18,12.08,26000,0(0.00 %),0,0,0,0,26000,26000,26000
2013-09-19,12.08,26000,0(0.00 %),3290,85540000,0,0,26000,26000,26000
2013-09-20,12.08,26000,0(0.00 %),0,0,0,0,26000,26000,26000
2013-09-23,11.89,25600,-0.4(-1.54 %),1000,25600000,0,0,25600,25600,25600
2013-09-24,11.85,25500,-0.1(-0.39 %),4440,113309000,0,0,25600,25600,25500
2013-09-25,12.64,27200,1.7(6.67 %),1040,26537000,0,0,25500,27200,25500
2013-09-26,12.64,27200,0(0.00 %),0,0,0,0,27200,27200,27200
2013-09-27,12.64,27200,0(0.00 %),0,0,0,0,27200,27200,27200
2013-09-30,12.64,27200,0(0.00 %),0,0,0,0,27200,27200,27200
2013-10-01,12.64,27200,0(0.00 %),0,0,0,0,27200,27200,27200
2013-10-02,11.75,25300,-1.9(-6.99 %),4850,123200000,0,0,25800,26000,25300
2013-10-03,11.75,25300,0(0.00 %),0,0,0,0,25300,25300,25300
2013-10-04,11.75,25300,0(0.00 %),0,0,0,0,25300,25300,25300
2013-10-07,11.94,25700,0.4(1.58 %),1250,32206000,0,0,26000,26000,25700
2013-10-08,12.03,25900,0.2(0.78 %),10,259000,0,0,25900,25900,25900
2013-10-09,12.08,26000,0.1(0.39 %),770,18652000,0,0,24100,26000,24100
2013-10-10,12.08,26000,0(0.00 %),0,0,0,0,26000,26000,26000
2013-10-11,12.08,26000,0(0.00 %),0,0,0,0,26000,26000,26000
2013-10-14,11.85,25500,-0.5(-1.92 %),1100,28202000,0,0,25500,25900,25500
2013-10-15,11.85,25500,0(0.00 %),0,0,0,0,25500,25500,25500
2013-10-16,11.85,25500,0(0.00 %),250,6375000,0,0,25500,25500,25500
2013-10-17,11.89,25600,0.1(0.39 %),500,12800000,0,0,25600,25600,25600
2013-10-18,11.99,25800,0.2(0.78 %),500,12900000,0,0,25800,25800,25800
2013-10-21,11.89,25600,-0.2(-0.78 %),7710,200456000,0,0,26000,26000,25600
2013-10-22,12.08,26000,0.4(1.56 %),250,6500000,0,0,26000,26000,26000
2013-10-23,11.85,25500,-0.5(-1.92 %),5520,145015000,0,0,26000,26300,25500
2013-10-24,12.22,26300,0.8(3.14 %),3300,86790000,0,0,26300,26300,26300
2013-10-25,12.22,26300,0(0.00 %),0,0,0,0,26300,26300,26300
2013-10-28,11.85,25500,-0.8(-3.04 %),40,1020000,0,0,25500,25500,25500
2013-10-29,11.85,25500,0(0.00 %),0,0,0,0,25500,25500,25500
2013-10-30,11.85,25500,0(0.00 %),0,0,0,0,25500,25500,25500
2013-10-31,11.85,25500,0(0.00 %),0,0,0,0,25500,25500,25500
2013-11-01,12.08,26000,0.5(1.96 %),3970,103220000,0,0,26000,26000,26000
2013-11-04,12.45,26800,0.8(3.08 %),300,8040000,0,0,26800,26800,26800
2013-11-05,12.45,26800,0(0.00 %),0,0,0,0,26800,26800,26800
2013-11-06,12.08,26000,-0.8(-2.99 %),500,13000000,0,0,26000,26000,26000
2013-11-07,12.08,26000,0(0.00 %),100,2600000,0,0,26000,26000,26000
2013-11-08,12.08,26000,0(0.00 %),1010,27960000,0,0,27700,27700,26000
2013-11-11,12.54,27000,1(3.85 %),300,8120000,0,0,27200,27200,27000
2013-11-12,13.03,27000,1(3.85 %),0,0,0,0,27000,27000,27000
2013-11-13,13.03,27000,0(0.00 %),100,2700000,0,0,27000,27000,27000
2013-11-14,13.03,27000,0(0.00 %),0,0,0,0,27000,27000,27000
2013-11-15,12.3,25500,-1.5(-5.56 %),2900,75150000,0,0,26000,26000,25500
2013-11-18,13.03,27000,1.5(5.88 %),100,2700000,0,0,27000,27000,27000
2013-11-19,12.54,26000,-1(-3.70 %),4050,106078000,0,0,26800,26800,26000
2013-11-20,12.3,25500,-0.5(-1.92 %),500,12750000,0,0,25500,25500,25500
2013-11-21,12.3,25500,0(0.00 %),0,0,0,0,25500,25500,25500
2013-11-22,12.3,25500,0(0.00 %),0,0,0,0,25500,25500,25500
2013-11-25,12.3,25500,0(0.00 %),0,0,0,0,25500,25500,25500
2013-11-26,12.3,25500,0(0.00 %),0,0,135790,3693488000,25500,25500,25500
2013-11-27,12.3,25500,0(0.00 %),0,0,0,0,25500,25500,25500
2013-11-28,12.3,25500,0(0.00 %),0,0,0,0,25500,25500,25500
2013-11-29,13.03,27000,1.5(5.88 %),2110,54520000,0,0,25800,27000,25800
2013-12-02,13.03,27000,0(0.00 %),100,2700000,0,0,27000,27000,27000
2013-12-03,12.78,26500,-0.5(-1.85 %),8010,209771000,0,0,26000,27000,26000
2013-12-04,12.45,25800,-0.7(-2.64 %),4030,104781000,0,0,26000,26500,25800
2013-12-05,12.78,26500,0.7(2.71 %),10,265000,0,0,26500,26500,26500
2013-12-06,12.78,26500,0(0.00 %),2000,53000000,0,0,26500,26500,26500
2013-12-09,12.78,26500,0(0.00 %),0,0,0,0,26500,26500,26500
2013-12-10,12.78,26500,0(0.00 %),1400,37100000,0,0,26500,26500,26500
2013-12-11,12.54,26000,-0.5(-1.89 %),100,2600000,0,0,26000,26000,26000
2013-12-12,12.74,26400,0.4(1.54 %),20,528000,0,0,26400,26400,26400
2013-12-13,12.78,26500,0.1(0.38 %),1500,39750000,0,0,26500,26500,26500
2013-12-16,12.78,26500,0(0.00 %),0,0,0,0,26500,26500,26500
2013-12-17,12.93,26800,0.3(1.13 %),1000,26800000,0,0,26800,26800,26800
2013-12-18,12.93,26800,0(0.00 %),0,0,0,0,26800,26800,26800
2013-12-19,12.78,26500,-0.3(-1.12 %),600,15850000,0,0,26000,26500,26000
2013-12-20,12.78,26500,0(0.00 %),0,0,0,0,26500,26500,26500
2013-12-23,13.03,27000,0.5(1.89 %),1000,27000000,0,0,27000,27000,27000
2013-12-24,13.27,27500,0.5(1.85 %),4510,124025000,0,0,27500,27500,27500
2013-12-25,13.36,27700,0.2(0.73 %),5000,139850000,0,0,28000,28000,27700
2013-12-26,13.36,27700,0(0.00 %),0,0,0,0,27700,27700,27700
2013-12-27,13.51,28000,0.3(1.08 %),7400,205230000,0,0,27500,28000,27500
2013-12-30,13.51,28000,0(0.00 %),500,14000000,0,0,28000,28000,28000
2013-12-31,14.23,29500,1.5(5.36 %),2400,69000000,0,0,28000,29500,28000
2014-01-02,14.23,29500,0(0.00 %),0,0,0,0,29500,29500,29500
2014-01-03,13.99,29000,-0.5(-1.69 %),3110,90290000,0,0,28500,30000,28500
2014-01-06,14.95,31000,2(6.90 %),8400,250300000,0,0,29000,31000,29000
2014-01-07,14.86,30800,-0.2(-0.65 %),2310,69540000,0,0,29500,30800,29500
2014-01-08,15.2,31500,0.7(2.27 %),1100,33950000,0,0,30800,31500,30800
2014-01-09,15.2,31500,0(0.00 %),2240,70760000,0,0,31500,32500,31500
2014-01-10,15.2,31500,0(0.00 %),0,0,0,0,31500,31500,31500
2014-01-13,15.2,31500,0(0.00 %),30,975000,0,0,33000,33000,31500
2014-01-14,14.23,29500,-2(-6.35 %),1030,31705000,0,0,33000,33000,29500
2014-01-15,13.51,28000,-1.5(-5.08 %),1080,32415000,0,0,30000,31500,28000
2014-01-16,14.28,29600,1.6(5.71 %),20,592000,0,0,29600,29600,29600
2014-01-17,15.24,31600,2(6.76 %),10,316000,0,0,31600,31600,31600
2014-01-20,15.2,31500,-0.1(-0.32 %),2890,90978000,0,0,31600,32000,31000
2014-01-21,15.2,31500,0(0.00 %),0,0,0,0,31500,31500,31500
2014-01-22,15.44,32000,0.5(1.59 %),60,1920000,0,0,32000,32000,32000
2014-01-23,16.4,34000,2(6.25 %),7100,232280000,0,0,32000,34000,31500
2014-01-24,15.68,32500,-1.5(-4.41 %),360,12585000,0,0,35000,36000,32500
2014-01-27,16.74,34700,2.2(6.77 %),3240,104558000,0,0,32000,34700,32000
2014-02-06,16.74,34700,0(0.00 %),1150,39018000,0,0,34000,34700,33000
2014-02-07,16.4,34000,-0.7(-2.02 %),120,4300000,0,0,36000,37000,34000
2014-02-10,16.4,34000,0(0.00 %),3000,102050000,0,0,36000,36000,33900
2014-02-11,16.6,34400,0.4(1.18 %),2110,71669000,0,0,36000,36000,33800
2014-02-12,16.6,34400,0(0.00 %),0,0,0,0,34400,34400,34400
2014-02-13,16.6,34400,0(0.00 %),0,0,0,0,34400,34400,34400
2014-02-14,17.37,36000,1.6(4.65 %),20,720000,0,0,36000,36000,36000
2014-02-17,17.85,37000,1(2.78 %),300,11000000,0,0,36500,37000,36500
2014-02-18,16.64,34500,-2.5(-6.76 %),300,10350000,0,0,34500,34500,34500
2014-02-19,16.88,35000,0.5(1.45 %),1050,36845000,0,0,36900,36900,35000
2014-02-20,16.4,34000,-1(-2.86 %),34320,1192196000,0,0,35000,36000,34000
2014-02-21,16.26,33700,-0.3(-0.88 %),10600,357820000,0,0,34000,34000,33700
2014-02-24,16.4,34000,0.3(0.89 %),820,27520000,0,0,36000,36000,32000
2014-02-25,17.37,36000,2(5.88 %),15950,555180000,0,0,34000,36000,34000
2014-02-26,17.13,35500,-0.5(-1.39 %),11550,406128000,0,0,37500,37500,34700
2014-02-27,17.27,35800,0.3(0.85 %),2050,72790000,0,0,36000,36000,35000
2014-02-28,16.88,35000,-0.8(-2.23 %),11320,390932000,0,0,37500,38000,34200
2014-03-03,15.73,32600,-2.4(-6.86 %),9110,299031000,0,0,37000,37000,32600
2014-03-04,16.74,34700,2.1(6.44 %),2860,93361000,0,0,34800,34800,32600
2014-03-05,17.85,37000,2.3(6.63 %),1560,54808000,0,0,34700,37000,34600
2014-03-06,17.13,35500,-1.5(-4.05 %),10350,357375000,0,0,34500,35500,34500
2014-03-07,16.4,34000,-1.5(-4.23 %),180,6076000,0,0,33100,35500,33100
2014-03-10,16.06,33300,-0.7(-2.06 %),12000,398202000,0,0,32100,35000,32100
2014-03-11,16.4,34000,0.7(2.10 %),39820,1366832000,0,0,34000,35600,33300
2014-03-12,16.21,33600,-0.4(-1.18 %),26090,887056000,0,0,34000,34000,33600
2014-03-13,16.88,35000,1.4(4.17 %),370,12609000,0,0,33800,35000,33800
2014-03-14,16.84,34900,-0.1(-0.29 %),110,3827000,0,0,33700,34900,33700
2014-03-17,16.79,34800,-0.1(-0.29 %),2180,75761000,0,0,33700,34800,33700
2014-03-18,16.64,34500,-0.3(-0.86 %),8000,274250000,0,0,34000,34500,34000
2014-03-19,16.79,34800,0.3(0.87 %),2480,85570000,0,0,34000,34800,34000
2014-03-20,16.79,34800,0(0.00 %),0,0,0,0,34800,34800,34800
2014-03-21,16.69,34600,-0.2(-0.57 %),1200,41520000,0,0,34600,34600,34600
2014-03-24,16.64,34500,-0.1(-0.29 %),1590,54115000,0,0,34500,34500,34000
2014-03-25,16.64,34500,0(0.00 %),20570,699395000,0,0,34000,34500,34000
2014-03-26,16.55,34300,-0.2(-0.58 %),10,343000,0,0,34300,34300,34300
2014-03-27,16.64,34500,0.2(0.58 %),2270,77310000,0,0,34100,34500,34000
2014-03-28,16.64,34500,0(0.00 %),0,0,0,0,34500,34500,34500
2014-03-31,16.5,34200,-0.3(-0.87 %),240,8160000,0,0,33000,34200,33000
2014-04-01,16.5,34200,0(0.00 %),0,0,0,0,34200,34200,34200
2014-04-02,16.4,34000,-0.2(-0.58 %),570,19105000,0,0,33500,34000,33500
2014-04-03,17.37,36000,2(5.88 %),2950,100540000,0,0,34000,36000,34000
2014-04-04,16.64,34500,-1.5(-4.17 %),110,3806000,0,0,36500,36500,33600
2014-04-07,16.64,34500,0(0.00 %),30,1015000,0,0,32500,34500,32500
2014-04-08,16.64,34500,0(0.00 %),0,0,0,0,34500,34500,34500
2014-04-10,16.55,34300,-0.2(-0.58 %),2140,71714000,0,0,34300,34300,33500
2014-04-11,16.64,34500,0.2(0.58 %),40,1360000,0,0,33500,34500,33500
2014-04-14,16.64,34500,0(0.00 %),0,0,0,0,34500,34500,34500
2014-04-15,16.64,34500,0(0.00 %),0,0,0,0,34500,34500,34500
2014-04-16,16.4,34000,-0.5(-1.45 %),2580,87540000,0,0,34000,34000,33500
2014-04-17,16.4,34000,0(0.00 %),1000,34000000,0,0,34000,34000,34000
2014-04-18,16.4,34000,0(0.00 %),320,10926000,0,0,36300,36300,34000
2014-04-21,16.88,35000,1(2.94 %),30,1030000,0,0,34000,35000,34000
2014-04-22,17.8,36900,1.9(5.43 %),3530,120359000,0,0,34000,37000,34000
2014-04-23,17.37,36000,-0.9(-2.44 %),30,1072000,0,0,35600,36000,35600
2014-04-24,17.85,37000,1(2.78 %),100,3650000,0,0,36000,37000,36000
2014-04-25,16.69,34600,-2.4(-6.49 %),170,6072000,0,0,36500,36500,34600
2014-04-28,17.85,37000,2.4(6.94 %),510,18120000,0,0,35500,37000,35500
2014-04-29,17.13,35500,-1.5(-4.05 %),1210,42104000,0,0,35000,35500,34500
2014-05-05,18.28,37900,2.4(6.76 %),10,379000,0,0,37900,37900,37900
2014-05-06,18.33,37000,0.1(0.27 %),130,4830000,0,0,39000,39000,37000
2014-05-07,19.32,39000,2(5.41 %),600,22240000,0,0,37000,39000,37000
2014-05-08,17.99,36300,-2.7(-6.92 %),10,363000,0,0,36300,36300,36300
2014-05-09,17.99,36300,0(0.00 %),0,0,0,0,36300,36300,36300
2014-05-12,17.99,36300,0(0.00 %),0,0,0,0,36300,36300,36300
2014-05-13,17.99,36300,0(0.00 %),0,0,0,0,36300,36300,36300
2014-05-14,17.99,36300,0(0.00 %),0,0,0,0,36300,36300,36300
2014-05-15,19.23,38800,2.5(6.89 %),630,22814000,0,0,33800,38800,33800
2014-05-16,17.89,36100,-2.7(-6.96 %),10,361000,0,0,36100,36100,36100
2014-05-19,18.33,37000,0.9(2.49 %),280,10445000,0,0,37000,38600,37000
2014-05-20,18.33,37000,0(0.00 %),0,0,0,0,37000,37000,37000
2014-05-21,19.57,39500,2.5(6.76 %),220,8184000,0,0,36900,39500,36900
2014-05-22,19.57,39500,0(0.00 %),0,0,0,0,39500,39500,39500
2014-05-23,19.57,39500,0(0.00 %),0,0,0,0,39500,39500,39500
2014-05-26,20.81,42000,2.5(6.33 %),10,420000,0,0,42000,42000,42000
2014-05-27,20.81,42000,0(0.00 %),0,0,0,0,42000,42000,42000
2014-05-28,20.81,42000,0(0.00 %),10,420000,0,0,42000,42000,42000
2014-05-29,20.81,42000,0(0.00 %),0,0,0,0,42000,42000,42000
2014-05-30,22.05,44500,2.5(5.95 %),20,865000,0,0,42000,44500,42000
2014-06-02,20.51,41400,-3.1(-6.97 %),100,4140000,0,0,41400,41400,41400
2014-06-03,19.13,38600,-2.8(-6.76 %),10,386000,0,0,38600,38600,38600
2014-06-04,19.82,40000,1.4(3.63 %),60,2373000,0,0,41300,41300,36000
2014-06-05,18.78,37900,-2.1(-5.25 %),30,1123000,0,0,37200,37900,37200
2014-06-06,20.02,40400,2.5(6.60 %),20,804000,0,0,40000,40400,40000
2014-06-09,18.63,37600,-2.8(-6.93 %),20,752000,0,0,37600,37600,37600
2014-06-10,19.72,39800,2.2(5.85 %),10,398000,0,0,39800,39800,39800
2014-06-11,19.72,39800,0(0.00 %),0,0,0,0,39800,39800,39800
2014-06-12,19.72,39800,0(0.00 %),0,0,0,0,39800,39800,39800
2014-06-13,18.83,38000,-1.8(-4.52 %),750,28618000,0,0,39800,41000,38000
2014-06-16,17.84,36000,-2(-5.26 %),740,26568000,0,0,37000,37000,35500
2014-06-17,18.33,37000,1(2.78 %),10,370000,0,0,37000,37000,37000
2014-06-18,18.33,37000,0(0.00 %),0,0,0,0,37000,37000,37000
2014-06-19,17.84,36000,-1(-2.70 %),3140,108486000,0,0,35500,36000,34500
2014-06-20,18.33,37000,1(2.78 %),1530,53910000,0,0,35000,37000,35000
2014-06-23,19.57,39500,2.5(6.76 %),2100,75335000,0,0,34500,39500,34500
2014-06-24,18.23,36800,-2.7(-6.84 %),10,368000,0,0,36800,36800,36800
2014-06-25,17.84,36000,-0.8(-2.17 %),3550,123499000,0,0,35000,36000,34300
2014-06-26,18.04,36400,0.4(1.11 %),930,33347000,0,0,37000,37000,35200
2014-06-27,18.04,36400,0(0.00 %),0,0,0,0,36400,36400,36400
2014-06-30,17.09,34500,-1.9(-5.22 %),5860,200500000,0,0,35200,36400,34100
2014-07-01,17.19,34700,0.2(0.58 %),60,2066000,0,0,33900,34700,33900
2014-07-02,16.8,33900,-0.8(-2.31 %),3790,123551000,0,0,32600,33900,32400
2014-07-03,17.94,36200,2.3(6.78 %),930,31513000,0,0,33700,36200,33700
2014-07-04,17.34,35000,-1.2(-3.31 %),2850,96891000,0,0,33900,35400,33900
2014-07-07,16.6,33500,-1.5(-4.29 %),12110,404817000,0,0,32700,33600,32700
2014-07-08,16.45,33200,-0.3(-0.90 %),6350,210896000,0,0,34000,34000,33200
2014-07-09,16.6,33500,0.3(0.90 %),4010,132335000,0,0,33000,33500,33000
2014-07-10,16.6,33500,0(0.00 %),420,13750000,0,0,33500,33500,32500
2014-07-11,16.35,33000,-0.5(-1.49 %),2380,76765000,0,0,33900,34600,32100
2014-07-14,16.35,33000,0(0.00 %),1020,31800000,0,0,34000,34000,31000
2014-07-15,16.25,32800,-0.2(-0.61 %),380,12512000,0,0,33000,33000,32500
2014-07-16,16.05,32400,-0.4(-1.22 %),2490,78226000,0,0,32100,32800,31000
2014-07-17,16.1,32500,0.1(0.31 %),760,24334000,0,0,31900,32600,31900
2014-07-18,16.1,32500,0(0.00 %),50,2000000,0,0,31000,32500,31000
2014-07-21,15.61,31500,-1(-3.08 %),1050,33000000,0,0,31700,31700,31500
2014-07-22,15.71,31700,0.2(0.63 %),90,3000000,0,0,31500,31700,31500
2014-07-23,15.81,31900,0.2(0.63 %),10,0,0,0,31900,31900,31900
2014-07-24,16.05,32400,0.5(1.57 %),300,9648000,0,0,31900,32500,31900
2014-07-25,16.4,33100,0.7(2.16 %),7320,239000000,0,0,32400,34600,32000
2014-07-28,16.3,32900,-0.2(-0.60 %),4600,146000000,0,0,32500,32900,31000
2014-07-29,15.86,32000,-0.9(-2.74 %),1540,48000000,0,0,32000,32000,30600
2014-07-30,16.35,33000,1(3.12 %),160,5000000,0,0,32000,33000,32000
2014-07-31,16.35,33000,0(0.00 %),5950,192000000,0,0,32000,33000,31000
2014-08-01,15.91,32100,-0.9(-2.73 %),10,0,0,0,32100,32100,32100
2014-08-04,16.3,32900,0.8(2.49 %),1010,30000000,0,0,30500,32900,30000
2014-08-05,16.25,32800,-0.1(-0.30 %),1010,33000000,0,0,32900,32900,32600
2014-08-06,16.76,32800,0(0.00 %),20,1000000,0,0,32800,32800,32800
2014-08-07,16.56,32400,-0.4(-1.22 %),2720,84000000,0,0,32800,32800,31000
2014-08-08,16.56,32400,0(0.00 %),0,0,0,0,32400,32400,32400
2014-08-11,15.84,31000,-1.4(-4.32 %),1010,31000000,0,0,30700,31000,30700
2014-08-12,15.84,31000,0(0.00 %),1210,35000000,0,0,30600,31000,29000
2014-08-13,15.84,31000,0(0.00 %),60,2000000,0,0,31300,31500,29000
2014-08-14,15.84,31000,0(0.00 %),1000,31000000,0,0,31000,31000,31000
2014-08-15,15.89,31100,0.1(0.32 %),3060,95000000,0,0,30600,31100,30600
2014-08-18,15.84,31000,-0.1(-0.32 %),1000,31000000,0,0,31000,31000,31000
2014-08-19,15.43,30200,-0.8(-2.58 %),2500,77000000,0,0,31000,31000,30200
2014-08-20,15.84,31000,0.8(2.65 %),530,16000000,0,0,31000,31000,30200
2014-08-21,16.35,32000,1(3.23 %),30,1000000,0,0,31300,32000,31300
2014-08-22,16.05,31400,-0.6(-1.88 %),1780,55210000,0,0,30900,31400,30900
2014-08-25,16.05,31400,0(0.00 %),500,15000000,0,0,31400,31400,30500
2014-08-26,15.84,31000,-0.4(-1.27 %),210,7000000,0,0,31600,31600,31000
2014-08-27,15.95,31200,0.2(0.65 %),900,27910000,0,0,31000,31200,31000
2014-08-28,16.05,31400,0.2(0.64 %),1160,36020000,0,0,31000,31400,31000
2014-08-29,16.15,31600,0.2(0.64 %),1300,41000000,0,0,31400,31600,31400
2014-09-03,16.1,31500,-0.1(-0.32 %),830,26000000,0,0,31500,31600,31500
2014-09-04,16.2,31700,0.2(0.63 %),60,2000000,0,0,31500,31700,31500
2014-09-05,16.56,32400,0.7(2.21 %),3370,108000000,0,0,31600,32500,31600
2014-09-08,17.68,34600,2.2(6.79 %),4210,137600000,0,0,32400,34600,30900
2014-09-09,17.84,34900,0.3(0.87 %),2520,90370000,0,0,32200,36500,32200
2014-09-10,17.73,34700,-0.2(-0.57 %),2550,87335000,0,0,33800,34700,33800
2014-09-11,17.84,34900,0.2(0.58 %),2090,72425000,0,0,34000,34900,34000
2014-09-12,17.63,34500,-0.4(-1.15 %),29500,1081652000,0,0,34900,37100,34000
2014-09-15,16.92,33100,-1.4(-4.06 %),7350,265413000,0,0,33000,36700,33000
2014-09-16,17.89,35000,1.9(5.74 %),2010,70340000,0,0,34000,35000,34000
2014-09-17,18.5,36200,1.2(3.43 %),2040,73420000,0,0,36000,36500,33100
2014-09-18,17.38,34000,-2.2(-6.08 %),7330,264773000,0,0,36000,36900,34000
2014-09-19,17.94,35100,1.1(3.24 %),15620,563580000,0,0,36000,36300,33000
2014-09-22,18.14,35500,0.4(1.14 %),41450,1506953000,0,0,35000,37500,35000
2014-09-23,18.71,36600,1.1(3.10 %),60,2196000,0,0,36600,36600,36600
2014-09-24,17.89,35000,-1.6(-4.37 %),30,1080000,0,0,38000,38000,35000
2014-09-25,18.81,36800,1.8(5.14 %),65120,2431567000,0,0,37000,37400,35000
2014-09-26,18.45,36100,-0.7(-1.90 %),5920,228065000,0,0,37900,39000,36000
2014-09-29,19.11,37400,1.3(3.60 %),2620,98020000,0,0,37400,37500,37400
2014-09-30,19.17,37500,0.1(0.27 %),6420,240740000,0,0,37500,37500,36000
2014-10-01,18.91,37000,-0.5(-1.33 %),37950,1494650000,0,0,37700,40100,35800
2014-10-02,19.42,38000,1(2.70 %),73110,2768410000,0,0,37500,38000,36700
2014-10-03,19.93,39000,1(2.63 %),18000,696850000,0,0,37700,39000,37700
2014-10-06,19.47,38100,-0.9(-2.31 %),45900,1791080000,0,0,37800,40500,37800
2014-10-07,19.68,38500,0.4(1.05 %),30850,1228730000,0,0,38500,40000,38500
2014-10-08,20.19,39500,1(2.60 %),1630,62880000,0,0,38500,39500,38500
2014-10-09,19.68,38500,-1(-2.53 %),4100,158200000,0,0,39000,39000,38500
2014-10-10,19.73,38600,0.1(0.26 %),2400,92500000,0,0,38500,38600,38500
2014-10-13,19.73,38600,0(0.00 %),2000,77200000,0,0,38600,38600,38600
2014-10-14,19.42,38000,-0.6(-1.55 %),6810,259680000,0,0,38600,38600,38000
2014-10-15,19.42,38000,0(0.00 %),4610,170660000,0,0,37000,38000,37000
2014-10-16,19.17,37500,-0.5(-1.32 %),6000,224600000,0,0,37000,37800,37000
2014-10-17,19.17,37500,0(0.00 %),4800,181580000,0,0,38000,38000,37500
2014-10-20,19.42,38000,0.5(1.33 %),8000,303000000,0,0,38000,38000,37500
2014-10-21,19.17,37500,-0.5(-1.32 %),10,375000,0,0,37500,37500,37500
2014-10-22,18.91,37000,-0.5(-1.33 %),11890,443175000,0,0,37500,37500,37000
2014-10-23,17.89,35000,-2(-5.41 %),3310,124100000,0,0,37500,37500,35000
2014-10-24,17.99,35200,0.2(0.57 %),20290,757672000,0,0,35000,37400,35000
2014-10-27,18.45,36100,0.9(2.56 %),100,3610000,0,0,36100,36100,36100
2014-10-28,19.68,38500,2.4(6.65 %),10,385000,0,0,38500,38500,38500
2014-10-29,19.68,38500,0(0.00 %),0,0,0,0,38500,38500,38500
2014-10-30,18.45,36100,-2.4(-6.23 %),120,4520000,0,0,38000,38000,35900
2014-10-31,18.45,36100,0(0.00 %),0,0,0,0,36100,36100,36100
2014-11-03,19.17,37500,1.4(3.88 %),100,3750000,0,0,37500,37500,37500
2014-11-04,19.17,37500,0(0.00 %),0,0,0,0,37500,37500,37500
2014-11-05,18.91,37000,-0.5(-1.33 %),1750,64640000,0,0,36500,37000,36500
2014-11-06,19.47,38100,1.1(2.97 %),16000,609600000,0,0,38100,38100,38100
2014-11-07,19.47,38100,0(0.00 %),0,0,0,0,38100,38100,38100
2014-11-10,19.47,38100,0(0.00 %),0,0,0,0,38100,38100,38100
2014-11-11,19.68,38500,0.4(1.05 %),67860,2711002000,0,0,38500,40400,38200
2014-11-12,19.68,38500,0(0.00 %),0,0,0,0,38500,38500,38500
2014-11-13,19.68,38500,0(0.00 %),1200,46250000,0,0,38600,38600,38500
2014-11-14,19.73,38600,0.1(0.26 %),11620,464224000,0,0,38600,40000,38600
2014-11-17,19.78,38700,0.1(0.26 %),22650,903804000,0,0,39000,40000,38700
2014-11-18,19.93,39000,0.3(0.78 %),17430,696420000,0,0,40000,40000,39000
2014-11-19,20.44,40000,1(2.56 %),49340,1973260000,0,0,40000,40000,39000
2014-11-20,20.44,40000,0(0.00 %),17120,684810000,0,0,40000,40100,40000
2014-11-21,20.19,39500,-0.5(-1.25 %),20330,812040000,0,0,39500,40000,39500
2014-11-24,20.19,39500,0(0.00 %),10210,408300000,253240,9319232000,39500,40000,39500
2014-11-25,20.44,40000,0.5(1.27 %),11350,453830000,0,0,39500,40000,39500
2014-11-26,20.29,39700,-0.3(-0.75 %),15010,600400000,0,0,40000,40000,39700
2014-11-27,20.44,40000,0.3(0.76 %),16000,640000000,0,0,40000,40000,40000
2014-11-28,20.44,40000,0(0.00 %),40000,1600000000,0,0,40000,40000,40000
2014-12-01,20.49,40100,0.1(0.25 %),4510,180750000,0,0,39800,40100,39800
2014-12-02,20.44,40000,-0.1(-0.25 %),25000,1000000000,0,0,40000,40000,40000
2014-12-03,20.44,40000,0(0.00 %),21690,867670000,0,0,40100,40100,40000
2014-12-04,20.19,39500,-0.5(-1.25 %),50110,2003990000,0,0,40000,40000,39500
2014-12-05,20.44,40000,0.5(1.27 %),25000,1000000000,0,0,40000,40000,40000
2014-12-08,19.3,37200,-3(-7.50 %),17640,705310000,0,0,40000,40000,37200
2014-12-09,19.3,37000,0(0.00 %),0,0,0,0,37000,37000,37000
2014-12-10,19.3,37000,0(0.00 %),0,0,0,0,37000,37000,37000
2014-12-11,19.82,38000,1(2.70 %),10,380000,0,0,38000,38000,38000
2014-12-12,20.34,39000,1(2.63 %),13000,507000000,0,0,39000,39000,39000
2014-12-15,20.34,39000,0(0.00 %),0,0,0,0,39000,39000,39000
2014-12-16,20.34,39000,0(0.00 %),28000,1092000000,0,0,39000,39000,39000
2014-12-17,20.34,39000,0(0.00 %),50,1950000,0,0,39000,39000,39000
2014-12-18,20.13,38600,-0.4(-1.03 %),10,390000,0,0,38600,38600,38600
2014-12-19,20.13,38600,0(0.00 %),0,0,0,0,38600,38600,38600
2014-12-22,20.13,38600,0(0.00 %),5000,193000000,0,0,38600,38600,38600
2014-12-23,20.13,38600,0(0.00 %),4040,155940000,0,0,38600,38600,38600
2014-12-24,20.13,38600,0(0.00 %),1050,40530000,0,0,38600,38600,38600
2014-12-25,19.82,38000,-0.6(-1.55 %),6500,247000000,0,0,38000,38000,38000
2014-12-26,19.82,38000,0(0.00 %),17400,661200000,0,0,38000,38000,38000
2014-12-29,19.82,38000,0(0.00 %),0,0,0,0,38000,38000,38000
2014-12-30,19.82,38000,0(0.00 %),0,0,0,0,38000,38000,38000
2014-12-31,19.82,38000,0(0.00 %),0,0,0,0,38000,38000,38000
2015-01-05,19.82,38000,0(0.00 %),0,0,0,0,38000,38000,38000
2015-01-06,19.82,38000,0(0.00 %),0,0,0,0,38000,38000,38000
2015-01-07,19.82,38000,0(0.00 %),0,0,0,0,38000,38000,38000
2015-01-08,19.82,38000,0(0.00 %),0,0,0,0,38000,38000,38000
2015-01-09,19.82,38000,0(0.00 %),0,0,0,0,38000,38000,38000
2015-01-12,19.82,38000,0(0.00 %),0,0,0,0,38000,38000,38000
2015-01-13,18.51,35500,-2.5(-6.58 %),20,710000,0,0,35500,35500,35500
2015-01-14,18.77,36000,0.5(1.41 %),5390,203970000,0,0,37900,37900,36000
2015-01-15,20.03,38400,2.4(6.67 %),5000,192000000,0,0,38400,38400,38400
2015-01-16,19.82,38000,-0.4(-1.04 %),8530,331890000,0,0,38500,39000,38000
2015-01-19,19.82,38000,0(0.00 %),0,0,0,0,38000,38000,38000
2015-01-20,20.08,38500,0.5(1.32 %),5000,192500000,0,0,38500,38500,38500
2015-01-21,20.08,38500,0(0.00 %),0,0,0,0,38500,38500,38500
2015-01-22,20.34,39000,0.5(1.30 %),200,7800000,0,0,39000,39000,39000
2015-01-23,19.04,36500,-2.5(-6.41 %),100,3650000,0,0,36500,36500,36500
2015-01-26,18.77,36000,-0.5(-1.37 %),30,1080000,0,0,36000,36000,36000
2015-01-27,20.08,38500,2.5(6.94 %),600,23075000,0,0,38000,38500,38000
2015-01-28,20.08,38500,0(0.00 %),0,0,0,0,38500,38500,38500
2015-01-29,20.08,38500,0(0.00 %),0,0,0,0,38500,38500,38500
2015-01-30,18.77,36000,-2.5(-6.49 %),10,360000,0,0,36000,36000,36000
2015-02-02,18.77,36000,0(0.00 %),0,0,0,0,36000,36000,36000
2015-02-03,19.04,36500,0.5(1.39 %),1020,37000000,0,0,36000,36500,36000
2015-02-04,19.04,36500,0(0.00 %),0,0,0,0,36500,36500,36500
2015-02-05,20.34,39000,2.5(6.85 %),15000,585000000,0,0,39000,39000,39000
2015-02-06,19.82,38000,-1(-2.56 %),8030,319000000,0,0,39000,40000,38000
2015-02-09,19.87,38100,0.1(0.26 %),2100,84000000,0,0,40000,40000,38100
2015-02-10,19.87,38100,0(0.00 %),0,0,0,0,38100,38100,38100
2015-02-11,18.77,36000,-2.1(-5.51 %),21720,867000000,0,0,39000,40000,36000
2015-02-12,20.08,38500,2.5(6.94 %),5000,193000000,0,0,38500,38500,38500
2015-02-13,18.77,36000,-2.5(-6.49 %),10010,400000000,0,0,40000,40000,36000
2015-02-24,20.08,38500,2.5(6.94 %),10,0,0,0,38500,38500,38500
2015-02-25,21.38,41000,2.5(6.49 %),11020,441000000,0,0,40000,41000,36500
2015-02-26,21.38,41000,0(0.00 %),0,0,0,0,41000,41000,41000
2015-02-27,21.38,41000,0(0.00 %),0,0,0,0,41000,41000,41000
2015-03-02,21.38,41000,0(0.00 %),26450,1084000000,0,0,41000,41000,41000
2015-03-03,21.38,41000,0(0.00 %),6710,275000000,0,0,41000,41000,40500
2015-03-04,21.38,41000,0(0.00 %),6020,246000000,0,0,40500,41000,40500
2015-03-05,21.38,41000,0(0.00 %),9600,394000000,0,0,41000,41000,41000
2015-03-06,21.38,41000,0(0.00 %),10600,435000000,0,0,41000,41000,41000
2015-03-09,20.44,39200,-1.8(-4.39 %),20,1000000,0,0,39200,39200,39200
2015-03-10,21.38,41000,1.8(4.59 %),10000,410000000,0,0,41000,41000,41000
2015-03-11,21.38,41000,0(0.00 %),0,0,0,0,41000,41000,41000
2015-03-12,21.38,41000,0(0.00 %),26170,1135000000,0,0,42000,43800,41000
2015-03-13,21.38,41000,0(0.00 %),0,0,0,0,41000,41000,41000
2015-03-16,21.9,42000,1(2.44 %),20,1000000,0,0,41000,42000,41000
2015-03-17,21.33,40900,-1.1(-2.62 %),5020,210000000,0,0,42000,42000,40900
2015-03-18,21.38,41000,0.1(0.24 %),10,0,0,0,41000,41000,41000
2015-03-19,21.38,41000,0(0.00 %),370,16000000,0,0,41000,43000,41000
2015-03-20,21.38,41000,0(0.00 %),0,0,0,0,41000,41000,41000
2015-03-23,21.38,41000,0(0.00 %),3000,123000000,0,0,41000,41000,41000
2015-03-24,21.38,41000,0(0.00 %),8100,332000000,0,0,41000,41000,41000
2015-03-25,21.38,41000,0(0.00 %),3200,131000000,0,0,41000,41000,41000
2015-03-26,21.38,41000,0(0.00 %),6000,246000000,0,0,41000,41000,41000
2015-03-27,21.38,41000,0(0.00 %),4210,173000000,0,0,41000,41000,41000
2015-03-30,21.38,41000,0(0.00 %),4490,184000000,0,0,40900,41000,40900
2015-03-31,21.38,41000,0(0.00 %),5230,214000000,0,0,41000,41000,41000
2015-04-01,21.38,41000,0(0.00 %),9400,388000000,0,0,41000,42000,41000
2015-04-02,21.38,41000,0(0.00 %),10000,410000000,0,0,41000,41000,41000
2015-04-03,21.38,41000,0(0.00 %),3100,127000000,0,0,41000,41000,41000
2015-04-06,21.38,41000,0(0.00 %),12010,492000000,0,0,41000,41000,41000
2015-04-07,21.38,41000,0(0.00 %),0,0,0,0,41000,41000,41000
2015-04-08,21.38,41000,0(0.00 %),0,0,0,0,41000,41000,41000
2015-04-09,21.38,41000,0(0.00 %),0,0,0,0,41000,41000,41000
2015-04-10,20.86,40000,-1(-2.44 %),6020,241000000,0,0,40000,40000,40000
2015-04-13,20.86,40000,0(0.00 %),0,0,0,0,40000,40000,40000
2015-04-14,20.86,40000,0(0.00 %),0,0,0,0,40000,40000,40000
2015-04-15,20.86,40000,0(0.00 %),0,0,0,0,40000,40000,40000
2015-04-16,20.86,40000,0(0.00 %),10560,422000000,0,0,40000,40000,40000
2015-04-17,20.6,39500,-0.5(-1.25 %),500,20000000,0,0,39500,39500,39500
2015-04-20,20.6,39500,0(0.00 %),0,0,0,0,39500,39500,39500
2015-04-21,20.86,40000,0.5(1.27 %),5150,206000000,408060,15016608000,40000,40000,40000
2015-04-22,20.86,40000,0(0.00 %),0,0,0,0,40000,40000,40000
2015-04-23,20.86,40000,0(0.00 %),0,0,0,0,40000,40000,40000
2015-04-24,20.86,40000,0(0.00 %),0,0,0,0,40000,40000,40000
2015-04-27,20.86,40000,0(0.00 %),0,0,0,0,40000,40000,40000
2015-05-04,20.86,40000,0(0.00 %),90,4000000,0,0,40000,40000,40000
2015-05-05,20.86,40000,0(0.00 %),0,0,0,0,40000,40000,40000
2015-05-06,20.86,40000,0(0.00 %),0,0,0,0,40000,40000,40000
2015-05-07,20.86,40000,0(0.00 %),10,0,0,0,40000,40000,40000
2015-05-08,20.86,40000,0(0.00 %),10,0,0,0,40000,40000,40000
2015-05-11,20.86,40000,0(0.00 %),0,0,0,0,40000,40000,40000
2015-05-12,20.86,40000,0(0.00 %),320,13000000,0,0,40000,40000,40000
2015-05-13,20.86,40000,0(0.00 %),0,0,0,0,40000,40000,40000
2015-05-14,20.86,40000,0(0.00 %),0,0,0,0,40000,40000,40000
2015-05-15,20.86,40000,0(0.00 %),0,0,0,0,40000,40000,40000
2015-05-18,20.86,40000,0(0.00 %),0,0,0,0,40000,40000,40000
2015-05-19,21.23,40000,0.7(1.78 %),150,6000000,0,0,40000,40000,40000
2015-05-20,21.23,40000,0(0.00 %),1000,40000000,0,0,40000,40000,40000
2015-05-21,21.23,40000,0(0.00 %),0,0,0,0,40000,40000,40000
2015-05-22,21.23,40000,0(0.00 %),0,0,0,0,40000,40000,40000
2015-05-25,21.23,40000,0(0.00 %),0,0,0,0,40000,40000,40000
2015-05-26,21.23,40000,0(0.00 %),0,0,0,0,40000,40000,40000
2015-05-27,21.23,40000,0(0.00 %),0,0,0,0,40000,40000,40000
2015-05-28,21.23,40000,0(0.00 %),0,0,0,0,40000,40000,40000
2015-05-29,21.23,40000,0(0.00 %),0,0,0,0,40000,40000,40000
2015-06-01,21.23,40000,0(0.00 %),0,0,0,0,40000,40000,40000
2015-06-02,20.7,39000,-1(-2.50 %),150,6000000,0,0,39000,39000,39000
2015-06-03,19.64,37000,-2(-5.13 %),55000,2035000000,0,0,37000,37000,37000
2015-06-04,18.63,35100,-1.9(-5.14 %),80040,2961000000,0,0,37000,37000,35100
2015-06-05,18.63,35100,0(0.00 %),0,0,0,0,35100,35100,35100
2015-06-08,18.63,35100,0(0.00 %),0,0,0,0,35100,35100,35100
2015-06-09,18.63,35100,0(0.00 %),0,0,0,0,35100,35100,35100
2015-06-10,18.63,35100,0(0.00 %),0,0,0,0,35100,35100,35100
2015-06-11,19.9,37500,2.4(6.84 %),400,15000000,0,0,37000,37500,37000
2015-06-12,19.9,37500,0(0.00 %),0,0,0,0,37500,37500,37500
2015-06-15,19.9,37500,0(0.00 %),0,0,0,0,37500,37500,37500
2015-06-16,19.9,37500,0(0.00 %),0,0,0,0,37500,37500,37500
2015-06-17,19.9,37500,0(0.00 %),0,0,0,0,37500,37500,37500
2015-06-18,19.64,37000,-0.5(-1.33 %),300,11000000,0,0,37000,37000,37000
2015-06-19,19.64,37000,0(0.00 %),0,0,0,0,37000,37000,37000
2015-06-22,19.64,37000,0(0.00 %),0,0,0,0,37000,37000,37000
2015-06-23,19.64,37000,0(0.00 %),200,7000000,0,0,37000,37000,37000
2015-06-24,19.64,37000,0(0.00 %),450,17000000,0,0,37000,37000,37000
2015-06-25,19.64,37000,0(0.00 %),0,0,0,0,37000,37000,37000
2015-06-26,19.64,37000,0(0.00 %),0,0,0,0,37000,37000,37000
2015-06-29,19.37,36500,-0.5(-1.35 %),1000,37000000,0,0,36500,36500,36500
2015-06-30,19.37,36500,0(0.00 %),0,0,0,0,36500,36500,36500
2015-07-01,19.64,37000,0.5(1.37 %),100,4000000,0,0,37000,37000,37000
2015-07-02,19.64,37000,0(0.00 %),0,0,0,0,37000,37000,37000
2015-07-03,19.37,36500,-0.5(-1.35 %),1000,37000000,0,0,36500,36500,36500
2015-07-06,19.37,36500,0(0.00 %),650,23000000,0,0,35000,37000,35000
2015-07-07,18.58,35000,-1.5(-4.11 %),300,11000000,0,0,35000,35000,35000
2015-07-08,18.58,35000,0(0.00 %),0,0,0,0,35000,35000,35000
2015-07-09,19.11,36000,1(2.86 %),20,1000000,0,0,36000,36000,36000
2015-07-10,19.11,36000,0(0.00 %),0,0,0,0,36000,36000,36000
2015-07-13,19.11,36000,0(0.00 %),0,0,0,0,36000,36000,36000
2015-07-14,17.89,33700,-2.3(-6.39 %),20,1000000,0,0,33700,33700,33700
2015-07-15,18.05,34000,0.3(0.89 %),2000,68000000,0,0,34000,34000,34000
2015-07-16,18.31,34500,0.5(1.47 %),20290,690000000,0,0,34000,34500,34000
2015-07-17,19.06,35900,1.4(4.06 %),30,1000000,0,0,36900,36900,32100
2015-07-20,20.17,38000,2.1(5.85 %),10,0,0,0,38000,38000,38000
2015-07-21,18.79,35400,-2.6(-6.84 %),10290,364000000,0,0,35400,35400,35400
2015-07-22,19.37,36500,1.1(3.11 %),50,2000000,0,0,36500,36500,36500
2015-07-23,18.05,34000,-2.5(-6.85 %),10,0,0,0,34000,34000,34000
2015-07-24,18.05,34000,0(0.00 %),0,0,0,0,34000,34000,34000
2015-07-27,18.05,34000,0(0.00 %),0,0,0,0,34000,34000,34000
2015-07-28,18.31,34500,0.5(1.47 %),2000,69000000,0,0,34500,34500,34500
2015-07-29,18.31,34500,0(0.00 %),0,0,0,0,34500,34500,34500
2015-07-30,18.31,34500,0(0.00 %),0,0,0,0,34500,34500,34500
2015-07-31,17.52,33000,-1.5(-4.35 %),20010,720000000,0,0,35900,36000,33000
2015-08-03,17.52,33000,0(0.00 %),0,0,0,0,33000,33000,33000
2015-08-04,18.74,35300,2.3(6.97 %),1010,33000000,0,0,32500,35300,32500
2015-08-05,20.01,37700,2.4(6.80 %),1020,35000000,0,0,37700,37700,34000
2015-08-06,21.34,40200,2.5(6.63 %),10,0,0,0,40200,40200,40200
2015-08-07,19.85,37400,-2.8(-6.97 %),210,8000000,0,0,40000,40000,37400
2015-08-10,20.38,38400,1(2.67 %),350,12000000,0,0,34800,38400,34800
2015-08-11,19.0,35800,-2.6(-6.77 %),6310,226000000,0,0,35800,35800,35800
2015-08-12,19.0,35800,0(0.00 %),0,0,0,0,35800,35800,35800
2015-08-13,18.1,34100,-1.7(-4.75 %),10,0,0,0,34100,34100,34100
2015-08-14,17.83,33600,-0.5(-1.47 %),140,5000000,0,0,33600,33600,33600
2015-08-17,18.58,35000,1.4(4.17 %),20000,700000000,0,0,34900,35000,34900
2015-08-18,18.58,35000,0(0.00 %),0,0,0,0,35000,35000,35000
2015-08-19,18.31,34500,-0.5(-1.43 %),130,4000000,0,0,34500,34500,34500
2015-08-20,18.15,34200,-0.3(-0.87 %),500,17000000,0,0,34200,34200,34200
2015-08-21,18.15,34200,0(0.00 %),0,0,0,0,34200,34200,34200
2015-08-24,18.15,34200,0(0.00 %),1670,57000000,0,0,34200,34200,34200
2015-08-25,18.15,34200,0(0.00 %),170,6000000,0,0,34200,34200,34200
2015-08-26,18.58,35000,0.8(2.34 %),500,18000000,0,0,35000,35000,35000
2015-08-27,18.58,34198,0(0.00 %),0,0,0,0,34198,34198,34198
2015-08-28,17.33,31900,-3.1(-8.86 %),10,0,0,0,31900,31900,31900
2015-08-31,17.33,31900,0(0.00 %),0,0,0,0,31900,31900,31900
2015-09-01,17.33,31900,0(0.00 %),0,0,0,0,31900,31900,31900
2015-09-03,18.52,34100,2.2(6.90 %),10,0,0,0,34100,34100,34100
2015-09-04,18.52,34100,0(0.00 %),0,0,0,0,34100,34100,34100
2015-09-07,18.52,34100,0(0.00 %),0,0,0,0,34100,34100,34100
2015-09-08,18.52,34100,0(0.00 %),0,0,0,0,34100,34100,34100
2015-09-09,19.01,35000,0.9(2.64 %),500,18000000,0,0,35000,35000,35000
2015-09-10,19.01,35000,0(0.00 %),0,0,0,0,35000,35000,35000
2015-09-11,19.01,35000,0(0.00 %),0,0,0,0,35000,35000,35000
2015-09-14,19.01,35000,0(0.00 %),0,0,0,0,35000,35000,35000
2015-09-15,19.01,35000,0(0.00 %),0,0,0,0,35000,35000,35000
2015-09-16,19.01,35000,0(0.00 %),0,0,0,0,35000,35000,35000
2015-09-17,19.01,35000,0(0.00 %),0,0,0,0,35000,35000,35000
2015-09-18,19.01,35000,0(0.00 %),0,0,0,0,35000,35000,35000
2015-09-21,19.01,35000,0(0.00 %),0,0,0,0,35000,35000,35000
2015-09-22,19.01,35000,0(0.00 %),0,0,0,0,35000,35000,35000
2015-09-23,17.93,33000,-2(-5.71 %),20,1000000,0,0,33000,33000,33000
2015-09-24,17.93,33000,0(0.00 %),0,0,0,0,33000,33000,33000
2015-09-25,17.93,33000,0(0.00 %),0,0,0,0,33000,33000,33000
2015-09-28,17.93,33000,0(0.00 %),0,0,0,0,33000,33000,33000
2015-09-29,17.93,33000,0(0.00 %),0,0,0,0,33000,33000,33000
2015-09-30,17.93,33000,0(0.00 %),0,0,0,0,33000,33000,33000
2015-10-01,17.93,33000,0(0.00 %),0,0,0,0,33000,33000,33000
2015-10-02,17.93,33000,0(0.00 %),0,0,0,0,33000,33000,33000
2015-10-05,17.93,33000,0(0.00 %),0,0,0,0,33000,33000,33000
2015-10-06,17.93,33000,0(0.00 %),0,0,0,0,33000,33000,33000
2015-10-07,17.93,33000,0(0.00 %),0,0,0,0,33000,33000,33000
2015-10-08,17.93,33000,0(0.00 %),0,0,0,0,33000,33000,33000
2015-10-09,17.93,33000,0(0.00 %),0,0,0,0,33000,33000,33000
2015-10-12,17.93,33000,0(0.00 %),1200,40000000,0,0,33000,33000,33000
2015-10-13,19.18,35300,2.3(6.97 %),10,0,0,0,35300,35300,35300
2015-10-14,20.48,37700,2.4(6.80 %),10,0,0,0,35300,37700,35300
2015-10-15,21.4,39400,1.7(4.51 %),30,1000000,0,0,36000,39400,36000
2015-10-16,21.73,40000,0.6(1.52 %),10,0,0,0,39400,40000,39400
2015-10-19,22.27,41000,1(2.50 %),200,8000000,0,0,41000,41000,41000
2015-10-20,21.46,39500,-1.5(-3.66 %),7020,274000000,0,0,41400,41400,38900
2015-10-21,21.46,39500,0(0.00 %),0,0,0,0,39500,39500,39500
2015-10-22,21.46,39500,0(0.00 %),0,0,0,0,39500,39500,39500
2015-10-23,21.73,40000,0.5(1.27 %),30420,1228000000,0,0,39500,41000,39000
2015-10-26,21.73,40000,0(0.00 %),0,0,0,0,40000,40000,40000
2015-10-27,20.21,37200,-2.8(-7.00 %),33810,1354000000,0,0,40000,40100,37200
2015-10-28,20.21,37200,0(0.00 %),0,0,0,0,37200,37200,37200
2015-10-29,21.46,39500,2.3(6.18 %),10,0,0,0,39500,39500,39500
2015-10-30,21.73,40000,0.5(1.27 %),30,1000000,0,0,38000,40000,38000
2015-11-02,23.25,42800,2.8(7.00 %),10,0,0,0,42800,42800,42800
2015-11-03,21.68,39900,-2.9(-6.78 %),7100,304000000,0,0,42700,42800,39900
2015-11-04,20.21,37200,-2.7(-6.77 %),6030,253000000,0,0,41000,42400,37200
2015-11-05,21.57,39700,2.5(6.72 %),2220,88000000,0,0,39800,39800,37500
2015-11-06,21.46,39500,-0.2(-0.50 %),25930,1092000000,0,0,39100,42400,37200
2015-11-09,21.51,39600,0.1(0.25 %),200,8000000,0,0,39600,39600,39600
2015-11-10,22.27,41000,1.4(3.54 %),1000,41000000,0,0,41000,41000,41000
2015-11-11,22.27,41000,0(0.00 %),410,17000000,0,0,40900,41000,40900
2015-11-12,22.38,41200,0.2(0.49 %),1780,73000000,0,0,41000,41200,41000
2015-11-13,22.27,41000,-0.2(-0.49 %),2010,84000000,0,0,42000,42000,41000
2015-11-16,23.74,43700,2.7(6.59 %),6790,292000000,0,0,40500,43800,40500
2015-11-17,23.36,43000,-0.7(-1.60 %),1000,43000000,0,0,43000,43000,43000
2015-11-18,22.82,42000,-1(-2.33 %),6510,282000000,0,0,43000,43700,42000
2015-11-19,22.82,42000,0(0.00 %),3370,143000000,0,0,42000,42400,42000
2015-11-20,22.38,41200,-0.8(-1.90 %),100,4000000,0,0,41200,41200,41200
2015-11-23,22.38,41200,0(0.00 %),0,0,0,0,41200,41200,41200
2015-11-24,22.54,41500,0.3(0.73 %),1910,79000000,0,0,41000,41500,41000
2015-11-25,22.54,41500,0(0.00 %),2510,108000000,0,0,43000,43000,41500
2015-11-26,22.54,41500,0(0.00 %),0,0,0,0,41500,41500,41500
2015-11-27,22.54,41500,0(0.00 %),0,0,0,0,41500,41500,41500
2015-11-30,22.65,41700,0.2(0.48 %),13880,600000000,0,0,41700,44000,41700
2015-12-01,22.82,42000,0.3(0.72 %),900,38000000,0,0,42000,42000,42000
2015-12-02,22.92,42200,0.2(0.48 %),1000,42000000,0,0,42200,42200,42200
2015-12-03,22.87,42100,-0.1(-0.24 %),9820,430000000,0,0,43500,44000,42100
2015-12-04,22.98,42300,0.2(0.48 %),11510,499000000,0,0,42200,44000,42200
2015-12-07,22.98,42300,0(0.00 %),3790,161000000,0,0,42500,42500,42300
2015-12-08,23.03,42400,0.1(0.24 %),1600,68000000,0,0,42400,42400,42400
2015-12-09,23.03,42400,0(0.00 %),0,0,0,0,42400,42400,42400
2015-12-10,23.9,44000,1.6(3.77 %),190830,8607000000,0,0,43500,45300,42400
2015-12-11,23.9,44000,0(0.00 %),0,0,0,0,44000,44000,44000
2015-12-14,23.69,43600,-0.4(-0.91 %),4210,185000000,0,0,44000,44000,43600
2015-12-15,23.25,42800,-0.8(-1.83 %),850,37000000,0,0,43600,43600,42800
2015-12-16,22.82,42000,-0.8(-1.87 %),1790,76000000,0,0,42800,42800,42000
2015-12-17,22.87,42100,0.1(0.24 %),10,0,0,0,42100,42100,42100
2015-12-18,22.92,42200,0.1(0.24 %),1000,42000000,0,0,42200,42200,42200
2015-12-21,22.82,42000,-0.2(-0.47 %),8000,336000000,0,0,42100,42100,42000
2015-12-22,22.82,42000,0(0.00 %),400,17000000,0,0,42000,42000,42000
2015-12-23,23.36,43000,1(2.38 %),6120,257000000,0,0,42000,43000,42000
2015-12-24,24.45,45000,2(4.65 %),10,0,0,0,45000,45000,45000
2015-12-25,23.63,43500,-1.5(-3.33 %),3580,150000000,0,0,41900,43500,41900
2015-12-28,22.82,42000,-1.5(-3.45 %),530,22000000,0,0,42000,42000,42000
2015-12-29,22.82,42000,0(0.00 %),960,40000000,0,0,42000,42000,42000
2015-12-30,22.76,41900,-0.1(-0.24 %),1090,46000000,0,0,41900,41900,41900
2015-12-31,22.76,41900,0(0.00 %),1910,80000000,0,0,41900,41900,41900
2016-01-04,22.76,41900,0(0.00 %),0,0,0,0,41900,41900,41900
2016-01-05,22.76,41900,0(0.00 %),0,0,0,0,41900,41900,41900
2016-01-06,22.71,41800,-0.1(-0.24 %),490,21000000,0,0,42000,42000,41800
2016-01-07,22.54,41500,-0.3(-0.72 %),1000,42000000,0,0,41500,41500,41500
2016-01-08,22.54,41500,0(0.00 %),1000,42000000,0,0,41500,41500,41500
2016-01-11,22.27,41000,-0.5(-1.20 %),1000,41000000,0,0,41000,41000,41000
2016-01-12,22.27,41000,0(0.00 %),0,0,0,0,41000,41000,41000
2016-01-13,22.27,41000,0(0.00 %),0,0,0,0,41000,41000,41000
2016-01-14,21.73,40000,-1(-2.44 %),500,20000000,0,0,40000,40000,40000
2016-01-15,21.46,39500,-0.5(-1.25 %),200,8000000,0,0,38000,39500,38000
2016-01-18,21.46,39500,0(0.00 %),0,0,0,0,39500,39500,39500
2016-01-19,20.64,38000,-1.5(-3.80 %),100,4000000,0,0,38000,38000,38000
2016-01-20,20.64,38000,0(0.00 %),0,0,0,0,38000,38000,38000
2016-01-21,20.64,38000,0(0.00 %),0,0,0,0,38000,38000,38000
2016-01-22,21.73,40000,2(5.26 %),300,12000000,0,0,40000,40000,40000
2016-01-25,21.73,40000,0(0.00 %),0,0,0,0,40000,40000,40000
2016-01-26,21.73,40000,0(0.00 %),0,0,0,0,40000,40000,40000
2016-01-27,21.73,40000,0(0.00 %),0,0,0,0,40000,40000,40000
2016-01-28,21.73,40000,0(0.00 %),0,0,0,0,40000,40000,40000
2016-01-29,21.19,39000,-1(-2.50 %),2000,78000000,0,0,39000,39000,39000
2016-02-01,21.19,39000,0(0.00 %),0,0,0,0,39000,39000,39000
2016-02-02,21.19,39000,0(0.00 %),0,0,0,0,39000,39000,39000
2016-02-03,21.19,39000,0(0.00 %),0,0,0,0,39000,39000,39000
2016-02-04,21.19,39000,0(0.00 %),0,0,0,0,39000,39000,39000
2016-02-05,21.19,39000,0(0.00 %),0,0,0,0,39000,39000,39000
2016-02-15,21.19,39000,0(0.00 %),0,0,0,0,39000,39000,39000
2016-02-16,21.19,39000,0(0.00 %),0,0,0,0,39000,39000,39000
2016-02-17,21.73,40000,1(2.56 %),10,0,0,0,40000,40000,40000
2016-02-18,21.73,40000,0(0.00 %),0,0,0,0,40000,40000,40000
2016-02-19,21.68,39900,-0.1(-0.25 %),23000,916000000,0,0,39500,39900,39500
2016-02-22,20.26,37300,-2.6(-6.52 %),19280,769000000,0,0,39900,39900,37300
2016-02-23,20.26,37300,0(0.00 %),0,0,0,0,37300,37300,37300
2016-02-24,20.26,37300,0(0.00 %),0,0,0,0,37300,37300,37300
2016-02-25,20.26,37300,0(0.00 %),0,0,0,0,37300,37300,37300
2016-02-26,20.26,37300,0(0.00 %),0,0,0,0,37300,37300,37300
2016-02-29,20.26,37300,0(0.00 %),0,0,0,0,37300,37300,37300
2016-03-01,20.1,37000,-0.3(-0.80 %),1050,39000000,0,0,37000,37000,37000
2016-03-02,20.1,37000,0(0.00 %),2790,103000000,0,0,37000,37000,37000
2016-03-03,20.1,37000,0(0.00 %),0,0,0,0,37000,37000,37000
2016-03-04,21.46,39500,2.5(6.76 %),30,1000000,0,0,39500,39500,39500
2016-03-07,21.46,39500,0(0.00 %),0,0,0,0,39500,39500,39500
2016-03-08,21.46,39500,0(0.00 %),0,0,0,0,39500,39500,39500
2016-03-09,21.46,39500,0(0.00 %),0,0,0,0,39500,39500,39500
2016-03-10,21.46,39500,0(0.00 %),0,0,0,0,39500,39500,39500
2016-03-11,21.46,39500,0(0.00 %),0,0,0,0,39500,39500,39500
2016-03-14,21.46,39500,0(0.00 %),0,0,0,0,39500,39500,39500
2016-03-15,19.99,36800,-2.7(-6.84 %),10,0,0,0,36800,36800,36800
2016-03-16,19.99,36800,0(0.00 %),0,0,0,0,36800,36800,36800
2016-03-17,21.35,39300,2.5(6.79 %),2010,74000000,0,0,39300,39300,37000
2016-03-18,21.35,39300,0(0.00 %),0,0,0,0,39300,39300,39300
2016-03-21,21.35,39300,0(0.00 %),0,0,0,0,39300,39300,39300
2016-03-22,21.35,39300,0(0.00 %),0,0,0,0,39300,39300,39300
2016-03-23,22.0,40500,1.2(3.05 %),30,1000000,0,0,38000,40500,38000
2016-03-24,22.27,41000,0.5(1.23 %),10,0,0,0,41000,41000,41000
2016-03-25,22.54,41500,0.5(1.22 %),20,1000000,0,0,41500,41500,41500
2016-03-28,22.54,41500,0(0.00 %),0,0,0,0,41500,41500,41500
2016-03-29,22.54,41500,0(0.00 %),0,0,0,0,41500,41500,41500
2016-03-30,22.54,41500,0(0.00 %),0,0,0,0,41500,41500,41500
2016-03-31,22.54,41500,0(0.00 %),0,0,0,0,41500,41500,41500
2016-04-01,22.27,41000,-0.5(-1.20 %),100,4000000,0,0,41000,41000,41000
2016-04-04,20.75,38200,-2.8(-6.83 %),100,4000000,0,0,38200,38200,38200
2016-04-05,20.75,38200,0(0.00 %),0,0,0,0,38200,38200,38200
2016-04-06,20.75,38200,0(0.00 %),0,0,0,0,38200,38200,38200
2016-04-07,20.75,38200,0(0.00 %),0,0,0,0,38200,38200,38200
2016-04-08,20.75,38200,0(0.00 %),0,0,0,0,38200,38200,38200
2016-04-11,22.0,40500,2.3(6.02 %),310,11000000,0,0,36300,40500,36300
2016-04-12,22.0,40500,0(0.00 %),0,0,0,0,40500,40500,40500
2016-04-13,21.4,39400,-1.1(-2.72 %),3010,119000000,0,0,39500,39500,39400
2016-04-14,21.19,39000,-0.4(-1.02 %),7130,278000000,0,0,39000,39000,39000
2016-04-15,20.15,37100,-1.9(-4.87 %),4610,179000000,0,0,36300,39000,36300
2016-04-19,20.15,37100,0(0.00 %),50,2000000,0,0,37100,37100,37100
2016-04-20,20.15,37100,0(0.00 %),0,0,0,0,37100,37100,37100
2016-04-21,20.15,37100,0(0.00 %),0,0,0,0,37100,37100,37100
2016-04-22,20.15,37100,0(0.00 %),0,0,0,0,37100,37100,37100
2016-04-25,18.8,34600,-2.5(-6.74 %),10,0,0,0,34600,34600,34600
2016-04-26,20.1,37000,2.4(6.94 %),5960,221000000,0,0,37000,37000,37000
2016-04-27,20.1,37000,0(0.00 %),0,0,0,0,37000,37000,37000
2016-04-28,20.1,37000,0(0.00 %),0,0,0,0,37000,37000,37000
2016-04-29,20.1,37000,0(0.00 %),0,0,0,0,37000,37000,37000
2016-05-04,19.56,36000,-1(-2.70 %),120,4000000,0,0,36000,36000,36000
2016-05-05,19.07,35100,-0.9(-2.50 %),10,0,0,0,35100,35100,35100
2016-05-06,18.04,33200,-1.9(-5.41 %),10,0,0,0,33200,33200,33200
2016-05-09,19.29,35500,2.3(6.93 %),10,0,0,0,35500,35500,35500
2016-05-10,19.29,35500,0(0.00 %),10,0,0,0,35500,35500,35500
2016-05-11,19.29,35500,0(0.00 %),0,0,0,0,35500,35500,35500
2016-05-12,19.29,35500,0(0.00 %),0,0,0,0,35500,35500,35500
2016-05-13,19.29,35500,0(0.00 %),0,0,0,0,35500,35500,35500
2016-05-16,20.1,37000,1.5(4.23 %),30,1000000,0,0,33300,37900,33300
2016-05-17,20.1,37000,0(0.00 %),0,0,0,0,37000,37000,37000
2016-05-18,18.8,34600,-2.4(-6.49 %),3100,120000000,0,0,38800,38800,34600
2016-05-19,20.1,37000,2.4(6.94 %),530,20000000,0,0,37000,37000,34600
2016-05-20,21.46,39500,2.5(6.76 %),20,1000000,0,0,34800,39500,34800
2016-05-23,20.64,38000,-1.5(-3.80 %),10000,380000000,0,0,38000,38000,38000
2016-05-24,19.34,35600,-2.4(-6.32 %),13980,531000000,0,0,38000,38000,35600
2016-05-25,19.34,35600,0(0.00 %),0,0,0,0,35600,35600,35600
2016-05-26,20.64,38000,2.4(6.74 %),14520,552000000,0,0,38000,38000,35300
2016-05-27,20.1,37000,-1(-2.63 %),10,0,0,0,37000,37000,37000
2016-05-30,20.1,35302,0(0.00 %),0,0,0,0,35302,35302,35302
2016-05-31,19.36,34000,-3(-8.11 %),10,0,0,0,34000,34000,34000
2016-06-01,18.05,31700,-2.3(-6.76 %),10,0,0,0,31700,31700,31700
2016-06-02,18.05,31700,0(0.00 %),0,0,0,0,31700,31700,31700
2016-06-03,19.3,33900,2.2(6.94 %),30,1000000,0,0,33900,33900,33900
2016-06-06,19.3,33900,0(0.00 %),0,0,0,0,33900,33900,33900
2016-06-07,19.3,33900,0(0.00 %),0,0,0,0,33900,33900,33900
2016-06-08,19.3,33900,0(0.00 %),0,0,0,0,33900,33900,33900
2016-06-09,19.3,33900,0(0.00 %),0,0,0,0,33900,33900,33900
2016-06-10,17.99,31600,-2.3(-6.78 %),10,0,0,0,31600,31600,31600
2016-06-13,17.99,31600,0(0.00 %),0,0,0,0,31600,31600,31600
2016-06-14,17.99,31600,0(0.00 %),0,0,0,0,31600,31600,31600
2016-06-15,19.24,33800,2.2(6.96 %),10,0,0,0,33800,33800,33800
2016-06-16,20.55,36100,2.3(6.80 %),110,4000000,0,0,36100,36100,36100
2016-06-17,20.55,36100,0(0.00 %),0,0,0,0,36100,36100,36100
2016-06-20,19.99,35100,-1(-2.77 %),240,9000000,0,0,38600,38600,35100
2016-06-21,19.42,34100,-1(-2.85 %),1210,45000000,0,0,37400,37400,34100
2016-06-22,19.7,34600,0.5(1.47 %),280,10000000,0,0,36400,36400,34600
2016-06-23,19.7,34600,0(0.00 %),0,0,0,0,34600,34600,34600
2016-06-24,18.39,32300,-2.3(-6.65 %),30,1000000,0,0,37000,37000,32300
2016-06-27,18.39,32300,0(0.00 %),0,0,0,0,32300,32300,32300
2016-06-28,19.64,34500,2.2(6.81 %),180,6000000,0,0,34500,34500,34500
2016-06-29,20.95,36800,2.3(6.67 %),10,0,0,0,36800,36800,36800
2016-06-30,21.64,38000,1.2(3.26 %),10,0,0,0,38000,38000,38000
2016-07-01,20.16,35400,-2.6(-6.84 %),190,7000000,0,0,35400,35400,35400
2016-07-04,20.16,35400,0(0.00 %),0,0,0,0,35400,35400,35400
2016-07-05,19.93,35000,-0.4(-1.13 %),250,9000000,0,0,37500,37800,33100
2016-07-06,21.07,37000,2(5.71 %),4060,150000000,0,0,37300,37400,32700
2016-07-07,21.07,37000,0(0.00 %),2030,75000000,0,0,37000,37000,36100
2016-07-08,21.07,37000,0(0.00 %),2500,93000000,0,0,37000,37000,37000
2016-07-11,21.07,37000,0(0.00 %),0,0,0,0,37000,37000,37000
2016-07-12,21.07,37000,0(0.00 %),0,0,0,0,37000,37000,37000
2016-07-13,21.07,37000,0(0.00 %),1000,37000000,0,0,37000,37000,37000
2016-07-14,21.07,37000,0(0.00 %),2000,74000000,0,0,37000,37000,37000
2016-07-15,20.1,35300,-1.7(-4.59 %),1810,67000000,0,0,37000,37000,35300
2016-07-18,21.07,37000,1.7(4.82 %),3500,130000000,0,0,37000,37000,37000
2016-07-19,21.07,37000,0(0.00 %),7410,274000000,0,0,37000,37000,35100
2016-07-20,21.07,37000,0(0.00 %),0,0,0,0,37000,37000,37000
2016-07-21,19.64,34500,-2.5(-6.76 %),100,3000000,0,0,34500,34500,34500
2016-07-22,19.64,34500,0(0.00 %),0,0,0,0,34500,34500,34500
2016-07-25,19.64,34500,0(0.00 %),0,0,0,0,34500,34500,34500
2016-07-26,21.01,36900,2.4(6.96 %),3110,115000000,0,0,36900,36900,32600
2016-07-27,21.01,36900,0(0.00 %),0,0,0,0,36900,36900,36900
2016-07-28,19.76,34700,-2.2(-5.96 %),10,0,0,0,34700,34700,34700
2016-07-29,19.76,34700,0(0.00 %),0,0,0,0,34700,34700,34700
2016-08-01,19.76,34700,0(0.00 %),0,0,0,0,34700,34700,34700
2016-08-02,19.76,34700,0(0.00 %),0,0,0,0,34700,34700,34700
2016-08-03,19.76,34700,0(0.00 %),0,0,0,0,34700,34700,34700
2016-08-04,19.76,34700,0(0.00 %),0,0,0,0,34700,34700,34700
2016-08-05,19.76,34700,0(0.00 %),0,0,0,0,34700,34700,34700
2016-08-08,19.76,34700,0(0.00 %),0,0,0,0,34700,34700,34700
2016-08-09,20.04,35200,0.5(1.44 %),1390,51000000,0,0,36000,37100,35200
2016-08-10,21.35,37500,2.3(6.53 %),10,0,0,0,37500,37500,37500
2016-08-11,22.78,40000,2.5(6.67 %),20,1000000,0,0,35000,40000,35000
2016-08-12,21.18,37200,-2.8(-7.00 %),1550,58000000,0,0,40000,40000,37200
2016-08-15,21.58,37900,0.7(1.88 %),500,18000000,0,0,35100,37900,35100
2016-08-16,21.58,37900,0(0.00 %),4020,149000000,0,0,37000,37900,36000
2016-08-17,21.24,37300,-0.6(-1.58 %),4010,148000000,0,0,37000,37300,37000
2016-08-18,21.18,37200,-0.1(-0.27 %),90,3000000,0,0,37000,39800,36900
2016-08-19,22.6,39700,2.5(6.72 %),1170,41000000,0,0,37200,39800,34700
2016-08-22,22.6,39700,0(0.00 %),2470,91000000,0,0,39700,42400,37000
2016-08-23,21.07,37000,-2.7(-6.80 %),170,6000000,0,0,39700,42400,37000
2016-08-24,19.93,35000,-2(-5.41 %),1230,45000000,0,0,37000,37000,35000
2016-08-25,20.5,36000,1(2.86 %),10,0,0,0,36000,36000,36000
2016-08-26,19.99,35100,-0.9(-2.50 %),2010,74000000,0,0,36900,37000,35100
2016-08-29,19.99,35100,0(0.00 %),50,2000000,0,0,35100,35100,35100
2016-08-30,19.99,35100,0(0.00 %),50,2000000,0,0,35100,35100,35100
2016-08-31,19.99,35100,0(0.00 %),0,0,0,0,35100,35100,35100
2016-09-01,19.99,35100,0(0.00 %),0,0,0,0,35100,35100,35100
2016-09-05,19.99,35100,0(0.00 %),0,0,0,0,35100,35100,35100
2016-09-06,21.35,37500,2.4(6.84 %),1010,36000000,0,0,36000,37500,36000
2016-09-07,21.07,37000,-0.5(-1.33 %),5000,185000000,0,0,37000,37000,37000
2016-09-08,21.07,37000,0(0.00 %),5030,186000000,0,0,38400,38400,35300
2016-09-09,21.07,37000,0(0.00 %),0,0,0,0,37000,37000,37000
2016-09-12,21.81,38300,1.3(3.51 %),940,35000000,0,0,38400,38400,35300
2016-09-13,20.78,36500,-1.8(-4.70 %),50,2000000,0,0,35650,38200,35650
2016-09-14,20.55,36100,-0.4(-1.10 %),60,2000000,0,0,36500,39000,34100
2016-09-15,20.78,36500,0.4(1.11 %),20,1000000,0,0,37900,37900,36500
2016-09-16,21.29,37400,0.9(2.47 %),10,0,0,0,37400,37400,37400
2016-09-19,21.29,37400,0(0.00 %),0,0,0,0,37400,37400,37400
2016-09-20,21.29,37400,0(0.00 %),0,0,0,0,37400,37400,37400
2016-09-21,21.01,36900,-0.5(-1.34 %),30,1000000,0,0,34900,36900,34900
2016-09-22,21.01,36900,0(0.00 %),0,0,0,0,36900,36900,36900
2016-09-23,21.07,37000,0.1(0.27 %),20,1000000,0,0,37000,37000,37000
2016-09-26,22.49,39500,2.5(6.76 %),20,1000000,0,0,37000,39500,37000
2016-09-27,22.72,39900,0.4(1.01 %),820,30000000,0,0,36750,40900,36750
2016-09-28,21.18,37200,-2.7(-6.77 %),50,2000000,0,0,39900,42500,37200
2016-09-29,22.06,38750,1.55(4.17 %),3010,117000000,0,0,39800,39800,38750
2016-09-30,20.53,36050,-2.7(-6.97 %),10,0,0,0,36050,36050,36050
2016-10-03,20.67,36300,0.25(0.69 %),40,1000000,304141,10797005500,36300,36300,36300
2016-10-04,20.24,35550,-0.75(-2.07 %),3020,109000000,0,0,33800,36000,33800
2016-10-05,18.85,33100,-2.45(-6.89 %),20,1000000,0,0,38000,38000,33100
2016-10-06,20.16,35400,2.3(6.95 %),10,0,0,0,35400,35400,35400
2016-10-07,20.16,35400,0(0.00 %),0,0,0,0,35400,35400,35400
2016-10-10,21.24,37300,1.9(5.37 %),10,0,0,0,37300,37300,37300
2016-10-11,19.96,35050,-2.25(-6.03 %),10,0,0,0,35050,35050,35050
2016-10-12,20.24,35550,0.5(1.43 %),150,6000000,0,0,37000,37000,35550
2016-10-13,20.24,35550,0(0.00 %),40,1000000,0,0,37000,37000,35550
2016-10-14,20.24,35550,0(0.00 %),0,0,0,0,35550,35550,35550
2016-10-17,20.78,36500,0.95(2.67 %),10,0,0,0,36500,36500,36500
2016-10-18,19.33,33950,-2.55(-6.99 %),50,2000000,0,0,33950,36500,33950
2016-10-19,20.67,36300,2.35(6.92 %),490,18000000,0,0,36300,36300,36300
2016-10-20,22.09,38800,2.5(6.89 %),10,0,0,0,38800,38800,38800
2016-10-21,21.61,37950,-0.85(-2.19 %),40,1000000,0,0,36100,37950,36100
2016-10-24,21.89,38450,0.5(1.32 %),20,1000000,0,0,37800,38450,37800
2016-10-25,21.89,38450,0(0.00 %),20,1000000,0,0,35800,38450,35800
2016-10-26,21.89,38450,0(0.00 %),0,0,0,0,38450,38450,38450
2016-10-27,21.89,38450,0(0.00 %),0,0,0,0,38450,38450,38450
2016-10-28,21.89,38450,0(0.00 %),0,0,0,0,38450,38450,38450
2016-10-31,22.21,39000,0.55(1.43 %),70,3000000,0,0,38450,41100,38000
2016-11-01,22.01,38650,-0.35(-0.90 %),40,2000000,0,0,39000,41700,36400
2016-11-02,22.18,38950,0.3(0.78 %),340,13000000,0,0,38000,41300,38000
2016-11-03,23.66,41550,2.6(6.68 %),10,0,0,0,41550,41550,41550
2016-11-04,22.01,38650,-2.9(-6.98 %),60,2000000,0,0,38650,38650,38650
2016-11-07,21.86,38400,-0.25(-0.65 %),20,1000000,0,0,35950,38400,35950
2016-11-08,23.32,40950,2.55(6.64 %),20,1000000,0,0,35850,40950,35850
2016-11-09,21.69,38100,-2.85(-6.96 %),10,0,0,0,38100,38100,38100
2016-11-10,20.18,35450,-2.65(-6.96 %),130,5000000,0,0,35450,35450,35450
2016-11-11,20.04,35200,-0.25(-0.71 %),130,5000000,0,0,33000,37900,33000
2016-11-14,18.65,32750,-2.45(-6.96 %),10,0,0,0,32750,32750,32750
2016-11-15,19.93,35000,2.25(6.87 %),110,4000000,0,0,30500,35000,30500
2016-11-16,21.21,37250,2.25(6.43 %),420,15000000,0,0,32550,37250,32550
2016-11-17,22.46,39450,2.2(5.91 %),20,1000000,0,0,35150,39450,35150
2016-11-18,21.32,37450,-2(-5.07 %),140,5000000,0,0,39450,42200,36700
2016-11-21,21.04,36950,-0.5(-1.34 %),50,2000000,0,0,37450,40050,35600
2016-11-22,20.3,35650,-1.3(-3.52 %),340,12000000,0,0,39500,39500,35600
2016-11-23,21.61,37950,2.3(6.45 %),40,1000000,0,0,38100,38100,34200
2016-11-24,20.3,35650,-2.3(-6.06 %),190,7000000,0,0,38000,40600,35350
2016-11-25,20.3,35650,0(0.00 %),30,1000000,0,0,35650,38050,35650
2016-11-28,21.69,38100,2.45(6.87 %),20,1000000,0,0,36500,38100,36500
2016-11-29,20.21,35500,-2.6(-6.82 %),80,3000000,0,0,38100,40750,35500
2016-11-30,19.19,33700,-1.8(-5.07 %),60,2000000,0,0,33450,37950,33450
2016-12-01,18.25,32050,-1.65(-4.90 %),10,0,0,0,32050,32050,32050
2016-12-02,19.5,34250,2.2(6.86 %),10,0,0,0,34250,34250,34250
2016-12-05,20.84,36600,2.35(6.86 %),30,1000000,0,0,36600,36600,31900
2016-12-06,22.18,38950,2.35(6.42 %),14050,520000000,247872,9634030000,37000,38950,34050
2016-12-07,22.21,39000,0.05(0.13 %),40,2000000,0,0,37000,41450,37000
2016-12-08,21.64,38000,-1(-2.56 %),30,1000000,0,0,36300,38650,36300
2016-12-09,21.61,37950,-0.05(-0.13 %),30,1000000,0,0,35600,37950,35600
2016-12-12,21.61,37950,0(0.00 %),130,5000000,0,0,37000,37950,37000
2016-12-13,21.61,37950,0(0.00 %),30,1000000,0,0,37950,37950,37950
2016-12-14,21.58,37900,-0.05(-0.13 %),10,0,0,0,37900,37900,37900
2016-12-15,21.58,37900,0(0.00 %),60,2000000,0,0,37950,37950,37900
2016-12-16,20.07,35250,-2.65(-6.99 %),230,8000000,0,0,37000,37000,35250
2016-12-19,20.07,35250,0(0.00 %),960,34000000,0,0,32800,37700,32800
2016-12-20,21.35,37500,2.25(6.38 %),270,10000000,0,0,35000,37700,35000
2016-12-21,21.07,37000,-0.5(-1.33 %),60,2000000,0,0,37500,39950,34900
2016-12-22,21.04,36950,-0.05(-0.14 %),40,1000000,0,0,37000,38950,34450
2016-12-23,22.18,38950,2(5.41 %),20,1000000,0,0,37000,38950,37000
2016-12-26,22.75,39950,1(2.57 %),20,1000000,0,0,38950,39950,38950
2016-12-27,24.31,42700,2.75(6.88 %),20,1000000,0,0,39950,42700,39950
2016-12-28,22.63,39750,-2.95(-6.91 %),530,21000000,0,0,42000,44950,39750
2016-12-29,21.07,37000,-2.75(-6.92 %),4900,185000000,0,0,37000,39750,37000
2016-12-30,19.61,34450,-2.55(-6.89 %),10,0,0,0,34450,34450,34450
2017-01-03,18.25,32050,-2.4(-6.97 %),10,0,0,0,32050,32050,32050
2017-01-04,19.5,34250,2.2(6.86 %),810,28000000,0,0,29850,34250,29850
2017-01-05,20.78,36500,2.25(6.57 %),3010,110000000,0,0,31900,36500,31900
2017-01-06,19.53,34300,-2.2(-6.03 %),140,5000000,0,0,33950,39050,33950
2017-01-09,19.53,34300,0(0.00 %),50,2000000,0,0,31900,34300,31900
2017-01-10,19.61,34450,0.15(0.44 %),3600,131000000,0,0,31900,36700,31900
2017-01-11,19.99,35100,0.65(1.89 %),340,13000000,0,0,36850,36850,35100
2017-01-12,18.82,33050,-2.05(-5.84 %),210,7000000,0,0,32650,33050,32650
2017-01-13,17.57,30850,-2.2(-6.66 %),10,0,0,0,30850,30850,30850
2017-01-16,17.57,30850,0(0.00 %),0,0,0,0,30850,30850,30850
2017-01-17,16.34,28700,-2.15(-6.97 %),10,0,0,0,28700,28700,28700
2017-01-18,17.48,30700,2(6.97 %),1200,37000000,0,0,30700,30700,30700
2017-01-19,18.68,32800,2.1(6.84 %),10,0,0,0,32800,32800,32800
2017-01-20,19.96,35050,2.25(6.86 %),20,1000000,0,0,30550,35050,30550
2017-01-23,20.27,35600,0.55(1.57 %),1450,54000000,0,0,32600,37500,32600
2017-01-24,18.87,33150,-2.45(-6.88 %),10,0,0,0,33150,33150,33150
2017-01-25,17.57,30850,-2.3(-6.94 %),10,0,0,0,30850,30850,30850
2017-02-02,18.79,33000,2.15(6.97 %),50,2000000,0,0,28850,33000,28700
2017-02-03,17.48,30700,-2.3(-6.97 %),10,0,0,0,30700,30700,30700
2017-02-06,18.68,32800,2.1(6.84 %),510,17000000,0,0,28700,32800,28700
2017-02-07,17.42,30600,-2.2(-6.71 %),10,0,0,0,30600,30600,30600
2017-02-08,16.23,28500,-2.1(-6.86 %),10,0,0,0,28500,28500,28500
2017-02-09,15.17,26650,-1.85(-6.49 %),10,0,0,0,26650,26650,26650
2017-02-10,15.17,26650,0(0.00 %),0,0,0,0,26650,26650,26650
2017-02-13,14.15,24850,-1.8(-6.75 %),10,0,0,0,24850,24850,24850
2017-02-14,15.12,26550,1.7(6.84 %),10,0,0,0,26550,26550,26550
2017-02-15,16.17,28400,1.85(6.97 %),10,0,0,0,28400,28400,28400
2017-02-16,17.28,30350,1.95(6.87 %),10,0,0,0,30350,30350,30350
2017-02-17,18.48,32450,2.1(6.92 %),10,0,0,0,32450,32450,32450
2017-02-20,18.48,32450,0(0.00 %),0,0,0,0,32450,32450,32450
2017-02-21,19.76,34700,2.25(6.93 %),10,0,0,0,34700,34700,34700
2017-02-22,18.39,32300,-2.4(-6.92 %),510,19000000,0,0,37100,37100,32300
2017-02-23,19.67,34550,2.25(6.97 %),110,4000000,0,0,34550,34550,34550
2017-02-24,19.67,34550,0(0.00 %),0,0,0,0,34550,34550,34550
2017-02-27,21.04,36950,2.4(6.95 %),4010,148000000,0,0,34550,36950,32150
2017-02-28,21.35,37500,0.55(1.49 %),7080,280000000,0,0,34400,39500,34400
2017-03-01,21.35,37500,0(0.00 %),0,0,0,0,37500,37500,37500
2017-03-02,19.96,35050,-2.45(-6.53 %),10,0,0,0,35050,35050,35050
2017-03-03,21.35,37500,2.45(6.99 %),10,0,0,0,37500,37500,37500
2017-03-06,21.35,37500,0(0.00 %),0,0,0,0,37500,37500,37500
2017-03-07,21.35,37500,0(0.00 %),0,0,0,0,37500,37500,37500
2017-03-08,19.87,34900,-2.6(-6.93 %),10,0,0,0,34900,34900,34900
2017-03-09,19.87,34900,0(0.00 %),0,0,0,0,34900,34900,34900
2017-03-10,19.87,34900,0(0.00 %),0,0,0,0,34900,34900,34900
2017-03-13,21.24,37300,2.4(6.88 %),200,7000000,0,0,37300,37300,37300
2017-03-14,21.24,37300,0(0.00 %),20,1000000,0,0,35050,37300,35050
2017-03-15,21.24,37300,0(0.00 %),0,0,0,0,37300,37300,37300
2017-03-16,21.24,37300,0(0.00 %),0,0,0,0,37300,37300,37300
2017-03-17,19.96,35050,-2.25(-6.03 %),10,0,0,0,35050,35050,35050
2017-03-20,19.96,35050,0(0.00 %),0,0,0,0,35050,35050,35050
2017-03-21,19.96,35050,0(0.00 %),0,0,0,0,35050,35050,35050
2017-03-22,21.35,37500,2.45(6.99 %),3420,128000000,0,0,37500,37500,32600
2017-03-23,22.78,40000,2.5(6.67 %),1970,78000000,0,0,39000,40000,36100
2017-03-24,23.91,42000,2(5.00 %),6630,275000000,0,0,40000,42000,38100
2017-03-27,23.91,42000,0(0.00 %),11000,465000000,0,0,39100,43000,39100
2017-03-28,24.48,43000,1(2.38 %),7930,340000000,0,0,42500,43000,39200
2017-03-29,24.48,43000,0(0.00 %),20,1000000,0,0,43000,43000,43000
2017-03-30,24.48,43000,0(0.00 %),4050,174000000,0,0,40000,43000,40000
2017-03-31,23.34,41000,-2(-4.65 %),28660,1227000000,0,0,43000,43000,40100
2017-04-03,22.78,40000,-1(-2.44 %),1100,44000000,0,0,40000,40000,40000
2017-04-04,23.06,40500,0.5(1.25 %),390,16000000,0,0,40500,40500,40500
2017-04-05,23.06,40500,0(0.00 %),2320,94000000,0,0,40500,40500,40500
2017-04-07,23.06,40500,0(0.00 %),0,0,0,0,40500,40500,40500
2017-04-10,21.52,37800,-2.7(-6.67 %),3970,171000000,0,0,43300,43300,37800
2017-04-11,22.21,39000,1.2(3.17 %),100,4000000,0,0,39000,39000,39000
2017-04-12,22.49,39500,0.5(1.28 %),610,24000000,0,0,39500,39500,39500
2017-04-13,23.34,41000,1.5(3.80 %),10,0,0,0,41000,41000,41000
2017-04-14,24.97,43850,2.85(6.95 %),50,2000000,0,0,43850,43850,43850
2017-04-17,24.97,43850,0(0.00 %),0,0,0,0,43850,43850,43850
2017-04-18,24.97,43850,0(0.00 %),0,0,0,0,43850,43850,43850
2017-04-19,24.97,43850,0(0.00 %),0,0,0,0,43850,43850,43850
2017-04-20,24.97,43850,0(0.00 %),0,0,0,0,43850,43850,43850
2017-04-21,24.97,43850,0(0.00 %),0,0,0,0,43850,43850,43850
2017-04-24,23.23,40800,-3.05(-6.96 %),100,4000000,0,0,40800,40800,40800
2017-04-25,21.64,38000,-2.8(-6.86 %),10,0,0,0,38000,38000,38000
2017-04-26,21.64,38000,0(0.00 %),0,0,0,0,38000,38000,38000
2017-04-27,21.64,38000,0(0.00 %),0,0,0,0,38000,38000,38000
2017-04-28,21.64,38000,0(0.00 %),0,0,0,0,38000,38000,38000
2017-05-03,21.64,38000,0(0.00 %),0,0,0,0,38000,38000,38000
2017-05-04,21.64,38000,0(0.00 %),10,0,0,0,38000,38000,38000
2017-05-05,23.15,40650,2.65(6.97 %),10,0,0,0,40650,40650,40650
2017-05-08,23.15,40650,0(0.00 %),0,0,0,0,40650,40650,40650
2017-05-09,23.15,40650,0(0.00 %),0,0,0,0,40650,40650,40650
2017-05-10,23.34,41000,0.35(0.86 %),130,5000000,0,0,41000,41000,41000
2017-05-11,23.34,41000,0(0.00 %),0,0,0,0,41000,41000,41000
2017-05-12,24.48,43000,2(4.88 %),40,2000000,0,0,43000,43000,43000
2017-05-15,24.48,43000,0(0.00 %),0,0,0,0,43000,43000,43000
2017-05-16,24.48,43000,0(0.00 %),0,0,0,0,43000,43000,43000
2017-05-17,24.48,43000,0(0.00 %),0,0,0,0,43000,43000,43000
2017-05-18,24.48,43000,0(0.00 %),0,0,0,0,43000,43000,43000
2017-05-19,23.34,41000,-2(-4.65 %),500,21000000,0,0,41000,41000,41000
2017-05-22,23.34,41000,0(0.00 %),0,0,0,0,41000,41000,41000
2017-05-23,23.34,41000,0(0.00 %),0,0,0,0,41000,41000,41000
2017-05-24,23.34,41000,0(0.00 %),0,0,0,0,41000,41000,41000
2017-05-25,23.89,41950,0.95(2.32 %),60,3000000,0,0,41950,41950,41950
2017-05-26,23.34,41000,-0.95(-2.26 %),10,0,0,0,41000,41000,41000
2017-05-29,22.78,40000,-1(-2.44 %),300,12000000,0,0,40000,40000,40000
2017-05-30,22.78,40000,0(0.00 %),0,0,0,0,40000,40000,40000
2017-05-31,21.92,38500,-1.5(-3.75 %),1100,42000000,0,0,38500,38500,38500
2017-06-01,21.92,38500,0(0.00 %),0,0,0,0,38500,38500,38500
2017-06-02,21.92,38500,0(0.00 %),0,0,0,0,38500,38500,38500
2017-06-05,21.92,38500,0(0.00 %),0,0,0,0,38500,38500,38500
2017-06-06,22.72,39900,1.4(3.64 %),410,15000000,0,0,36000,39900,36000
2017-06-07,22.72,39900,0(0.00 %),0,0,0,0,39900,39900,39900
2017-06-08,22.78,40000,0.1(0.25 %),10,0,0,0,40000,40000,40000
2017-06-09,23.23,40800,0.8(2.00 %),20,1000000,0,0,37200,40800,37200
2017-06-12,23.23,40800,0(0.00 %),0,0,0,0,40800,40800,40800
2017-06-13,22.21,39000,-1.8(-4.41 %),190,7000000,0,0,39000,39000,39000
2017-06-14,22.72,39900,0.9(2.31 %),950,36000000,0,0,36300,39900,36300
2017-06-15,24.11,42350,2.45(6.14 %),210,9000000,0,0,41700,42350,41700
2017-06-16,25.79,45300,2.95(6.97 %),10,0,0,0,45300,45300,45300
2017-06-19,26.11,45850,0.55(1.21 %),830,38000000,0,0,48450,48450,43000
2017-06-20,24.28,42650,-3.2(-6.98 %),30,1000000,0,0,42650,42650,42650
2017-06-21,22.6,39700,-2.95(-6.92 %),560,22000000,0,0,40000,40000,39700
2017-06-22,22.58,39650,-0.05(-0.13 %),220,9000000,0,0,39000,39650,37000
2017-06-23,22.43,39400,-0.25(-0.63 %),20,1000000,0,0,37050,39400,37050
2017-06-26,21.64,38000,-1.4(-3.55 %),600,22000000,0,0,37000,38000,37000
2017-06-27,21.64,38000,0(0.00 %),20,1000000,0,0,35450,38000,35450
2017-06-28,21.64,38000,0(0.00 %),20,1000000,0,0,35550,38000,35550
2017-06-29,21.64,38000,0(0.00 %),0,0,0,0,38000,38000,38000
2017-06-30,22.72,39900,1.9(5.00 %),10,0,0,0,39900,39900,39900
2017-07-03,22.72,39900,0(0.00 %),10,0,0,0,39900,39900,39900
2017-07-04,22.6,39700,-0.2(-0.50 %),20,1000000,0,0,37150,39700,37150
2017-07-05,21.1,37050,-2.65(-6.68 %),10,0,0,0,37050,37050,37050
2017-07-06,21.1,37050,0(0.00 %),0,0,0,0,37050,37050,37050
2017-07-07,21.64,38000,0.95(2.56 %),190,7000000,0,0,34700,38000,34700
2017-07-10,22.21,39000,1(2.63 %),60,2000000,0,0,36150,39000,36150
2017-07-11,22.21,39000,0(0.00 %),20,1000000,0,0,36400,39000,36400
2017-07-12,22.15,38900,-0.1(-0.26 %),50,2000000,0,0,36400,38900,36400
2017-07-13,21.15,37150,-1.75(-4.50 %),40,2000000,0,0,37050,38800,37050
2017-07-14,25.63,35250,-1.9(-5.11 %),80,3000000,0,0,35000,38000,34550
2017-07-17,24.32,33450,-1.8(-5.11 %),100,4000000,0,0,32900,37700,32800
2017-07-18,25.99,35750,2.3(6.88 %),20,1000000,0,0,33350,35750,33350
2017-07-19,24.32,33450,-2.3(-6.43 %),30,1000000,0,0,38250,38250,33450
2017-07-20,24.24,33350,-0.1(-0.30 %),20,1000000,0,0,34850,34850,33350
2017-07-21,22.68,31200,-2.15(-6.45 %),10,0,0,0,31200,31200,31200
2017-07-24,24.24,33350,2.15(6.89 %),4810,160000000,0,0,33350,33350,33350
2017-07-25,24.24,33350,0(0.00 %),380,13000000,0,0,33350,33350,33350
2017-07-26,25.92,35650,2.3(6.90 %),10,0,0,0,35650,35650,35650
2017-07-27,27.63,38000,2.35(6.59 %),2940,111000000,0,0,38100,38100,34500
2017-07-28,29.55,40650,2.65(6.97 %),900,36000000,0,0,40000,40650,40000
2017-07-31,30.53,42000,1.35(3.32 %),2050,86000000,0,0,40700,43300,40700
2017-08-01,30.17,41500,-0.5(-1.19 %),710,29000000,0,0,41500,41500,41500
2017-08-02,30.17,41500,0(0.00 %),980,41000000,0,0,41500,41500,41500
2017-08-03,30.53,42000,0.5(1.20 %),20,1000000,0,0,38600,42000,38600
2017-08-04,30.53,42000,0(0.00 %),1010,42000000,0,0,42000,42000,42000
2017-08-07,31.26,43000,1(2.38 %),800,34000000,0,0,44000,44000,41500
2017-08-08,30.17,41500,-1.5(-3.49 %),60,2000000,0,0,41500,41500,41500
2017-08-09,30.17,41500,0(0.00 %),0,0,0,0,41500,41500,41500
2017-08-10,30.32,41700,0.2(0.48 %),290,12000000,0,0,41700,41700,41700
2017-08-11,29.81,41000,-0.7(-1.68 %),210,9000000,0,0,41700,41700,41000
2017-08-14,25.08,38150,-6.5(-15.85 %),420,14000000,0,0,38150,38150,38150
2017-08-15,26.83,36900,2.4(6.96 %),110,4000000,0,0,36600,36900,36600
2017-08-16,28.28,38900,2(5.42 %),10,0,0,0,38900,38900,38900
2017-08-17,26.57,36550,-2.35(-6.04 %),150,5000000,0,0,36200,38000,36200
2017-08-18,27.33,37600,1.05(2.87 %),20,1000000,0,0,34000,37600,34000
2017-08-21,25.59,35200,-2.4(-6.38 %),1320,49000000,0,0,35100,37500,35100
2017-08-22,26.9,37000,1.8(5.11 %),490,16000000,0,0,33050,37000,33050
2017-08-23,25.44,35000,-2(-5.41 %),560,20000000,0,0,35050,36500,35000
2017-08-24,23.74,32650,-2.35(-6.71 %),10,0,0,0,32650,32650,32650
2017-08-25,22.57,31050,-1.6(-4.90 %),10,0,0,0,31050,31050,31050
2017-08-28,22.57,31050,0(0.00 %),0,0,0,0,31050,31050,31050
2017-08-29,22.57,31050,0(0.00 %),0,0,0,0,31050,31050,31050
2017-08-30,21.01,28900,-2.15(-6.92 %),20,1000000,0,0,30050,30050,28900
2017-08-31,22.46,30900,2(6.92 %),1260,39000000,0,0,30900,30900,29050
2017-09-01,24.03,33050,2.15(6.96 %),30,1000000,0,0,33050,33050,30900
2017-09-05,25.7,35350,2.3(6.96 %),440,16000000,0,0,35000,35350,35000
2017-09-06,24.03,33050,-2.3(-6.51 %),610,22000000,0,0,36000,37000,32900
2017-09-07,22.65,31150,-1.9(-5.75 %),70,2000000,0,0,33100,34000,31150
2017-09-08,24.21,33300,2.15(6.90 %),150,5000000,0,0,33000,33300,29100
2017-09-11,25.88,35600,2.3(6.91 %),150,5000000,0,0,31100,35600,31100
2017-09-12,26.9,37000,1.4(3.93 %),320,12000000,0,0,38000,38000,33250
2017-09-13,27.63,38000,1(2.70 %),730,27000000,0,0,34450,38000,34450
2017-09-14,26.9,37000,-1(-2.63 %),10,0,0,0,37000,37000,37000
2017-09-15,25.04,34450,-2.55(-6.89 %),510,18000000,0,0,34450,34500,34450
2017-09-18,25.48,35050,0.6(1.74 %),100,4000000,0,0,35050,35050,35050
2017-09-19,27.26,37500,2.45(6.99 %),760,28000000,0,0,37000,37500,37000
2017-09-20,25.37,34900,-2.6(-6.93 %),10,0,0,0,34900,34900,34900
2017-09-21,27.12,37300,2.4(6.88 %),4650,173000000,0,0,37300,37300,37300
2017-09-22,25.81,35500,-1.8(-4.83 %),210,8000000,0,0,37300,37300,35500
2017-09-25,27.59,37950,2.45(6.90 %),26140,928000000,0,0,35500,37950,35500
2017-09-26,29.44,40500,2.55(6.72 %),80,3000000,0,0,40600,40600,35600
2017-09-27,28.35,39000,-1.5(-3.70 %),2310,87000000,0,0,42000,42000,37700
2017-09-28,29.3,40300,1.3(3.33 %),1240,47000000,0,0,39700,41500,37900
2017-09-29,28.93,39800,-0.5(-1.24 %),6770,254000000,0,0,40500,41900,37500
2017-10-02,26.93,37050,-2.75(-6.91 %),1210,45000000,0,0,37050,37050,37050
2017-10-03,27.37,37650,0.6(1.62 %),120,4000000,0,0,34650,37650,34650
2017-10-04,25.74,35400,-2.25(-5.98 %),190,7000000,0,0,35100,35400,35050
2017-10-05,25.63,35250,-0.15(-0.42 %),490,18000000,0,0,33050,37800,33050
2017-10-06,25.63,35250,0(0.00 %),0,0,0,0,35250,35250,35250
2017-10-09,25.88,35600,0.35(0.99 %),50,2000000,0,0,37650,37650,35550
2017-10-10,26.86,36950,1.35(3.79 %),570,20000000,0,0,35600,36950,34050
2017-10-11,27.23,37450,0.5(1.35 %),530,19000000,0,0,34400,37450,34400
2017-10-12,27.15,37350,-0.1(-0.27 %),30,1000000,0,0,35550,37350,35550
2017-10-13,25.95,35700,-1.65(-4.42 %),890,33000000,0,0,35550,37000,35550
2017-10-16,25.95,35700,0(0.00 %),0,0,0,0,35700,35700,35700
2017-10-17,26.9,37000,1.3(3.64 %),1820,67000000,0,0,36000,37150,35550
2017-10-18,26.9,37000,0(0.00 %),0,0,0,0,37000,37000,37000
2017-10-19,25.84,35550,-1.45(-3.92 %),30,1000000,0,0,35550,35550,35550
2017-10-20,25.84,35550,0(0.00 %),0,0,0,0,35550,35550,35550
2017-10-23,24.5,33700,-1.85(-5.20 %),260,9000000,0,0,35550,35650,33200
2017-10-24,22.94,31550,-2.15(-6.38 %),10,0,0,0,31550,31550,31550
2017-10-25,24.54,33750,2.2(6.97 %),2300,78000000,0,0,33750,33750,33750
2017-10-26,26.17,36000,2.25(6.67 %),1500,54000000,0,0,36000,36100,34550
2017-10-27,26.17,36000,0(0.00 %),1200,43000000,0,0,33650,37000,33650
2017-10-30,25.44,35000,-1(-2.78 %),20,1000000,0,0,34050,35000,34050
2017-10-31,26.54,36500,1.5(4.29 %),60,2000000,0,0,36500,36500,36500
2017-11-01,26.61,36600,0.1(0.27 %),3030,108000000,0,0,36750,36750,35000
2017-11-02,26.39,36300,-0.3(-0.82 %),660,24000000,0,0,36750,36750,36300
2017-11-03,25.84,35550,-0.75(-2.07 %),5240,190000000,0,0,36250,36500,34650
2017-11-06,25.95,35700,0.15(0.42 %),120,4000000,0,0,34100,35700,34100
2017-11-07,24.79,34100,-1.6(-4.48 %),120,4000000,0,0,34050,36600,34050
2017-11-08,26.06,35850,1.75(5.13 %),830,30000000,0,0,34100,36450,34100
2017-11-09,26.24,36100,0.25(0.70 %),30,1000000,0,0,36350,36350,34600
2017-11-10,26.28,36150,0.05(0.14 %),2350,84000000,0,0,33850,36200,33850
2017-11-13,25.84,35550,-0.6(-1.66 %),2020,73000000,0,0,35550,36100,35550
2017-11-14,25.52,35100,-0.45(-1.27 %),260,9000000,0,0,35100,36000,35100
2017-11-15,26.17,36000,0.9(2.56 %),50,2000000,0,0,35100,36000,35100
2017-11-16,25.59,35200,-0.8(-2.22 %),10,0,0,0,35200,35200,35200
2017-11-17,26.17,36000,0.8(2.27 %),100,4000000,0,0,36000,36000,36000
2017-11-20,24.35,33500,-2.5(-6.94 %),90,3000000,0,0,36200,36200,33500
2017-11-21,26.03,35800,2.3(6.87 %),50,2000000,0,0,35800,35800,35800
2017-11-22,26.61,36600,0.8(2.23 %),660,24000000,0,0,36950,36950,33300
2017-11-23,26.75,36800,0.2(0.55 %),2070,76000000,0,0,37850,37850,36000
2017-11-24,26.86,36950,0.15(0.41 %),20,1000000,0,0,35150,36950,35150
2017-11-27,26.17,36000,-0.95(-2.57 %),10,0,0,0,36000,36000,36000
2017-11-28,26.39,36300,0.3(0.83 %),60,2000000,0,0,36300,36300,36300
2017-11-29,26.54,36500,0.2(0.55 %),19310,705000000,0,0,36500,36500,35150
2017-11-30,26.54,36500,0(0.00 %),0,0,0,0,36500,36500,36500
2017-12-01,26.54,36500,0(0.00 %),4000,146000000,0,0,36500,36500,36500
2017-12-04,26.17,36000,-0.5(-1.37 %),1000,36000000,0,0,36000,36000,36000
2017-12-05,24.75,34050,-1.95(-5.42 %),10,0,0,0,34050,34050,34050
2017-12-06,25.55,35150,1.1(3.23 %),60,2000000,0,0,35150,35150,35150
2017-12-07,25.55,35150,0(0.00 %),0,0,0,0,35150,35150,35150
2017-12-08,25.55,35150,0(0.00 %),0,0,0,0,35150,35150,35150
2017-12-11,26.14,35950,0.8(2.28 %),1520,54000000,0,0,34050,35950,34050
2017-12-12,26.35,36250,0.3(0.83 %),10,0,0,0,36250,36250,36250
2017-12-13,26.35,36250,0(0.00 %),0,0,0,0,36250,36250,36250
2017-12-14,26.17,36000,-0.25(-0.69 %),300,11000000,0,0,36000,36000,36000
2017-12-15,26.24,36100,0.1(0.28 %),20,720000,0,0,36100,36100,36100
2017-12-18,26.17,36000,-0.1(-0.28 %),1250,45000000,0,0,36000,36000,36000
2017-12-19,26.43,36350,0.35(0.97 %),420,15000000,0,0,36000,36350,34200
2017-12-20,26.43,36350,0(0.00 %),0,0,0,0,36350,36350,36350
2017-12-21,26.43,36350,0(0.00 %),0,0,0,0,36350,36350,36350
2017-12-22,26.5,36450,0.1(0.28 %),10,0,0,0,36450,36450,36450
2017-12-25,24.64,33900,-2.55(-7.00 %),10,0,0,0,33900,33900,33900
2017-12-26,23.45,32250,-1.65(-4.87 %),530,19000000,0,0,32150,35950,32150
2017-12-27,24.06,33100,0.85(2.64 %),210,7000000,0,0,34500,34500,33100
2017-12-28,25.74,35400,2.3(6.95 %),7330,259000000,0,0,35400,35400,34050
2017-12-29,24.21,33300,-2.1(-5.93 %),3130,114000000,0,0,32950,36500,32950
2018-01-02,25.84,35550,2.25(6.76 %),10,360000,0,0,35550,35550,35550
2018-01-03,26.86,36950,1.4(3.94 %),10,0,0,0,36950,36950,36950
2018-01-04,25.08,34500,-2.45(-6.63 %),510,18000000,0,0,35700,35750,34500
2018-01-05,25.81,35500,1(2.90 %),200,7000000,0,0,35000,35500,35000
2018-01-08,24.14,33200,-2.3(-6.48 %),20,1000000,0,0,33150,33200,33150
2018-01-09,24.79,34100,0.9(2.71 %),150,5000000,0,0,34100,34100,34100
2018-01-10,26.14,35950,1.85(5.43 %),20,1000000,0,0,33050,35950,33050
2018-01-11,25.44,35000,-0.95(-2.64 %),40,1000000,0,0,35000,35000,35000
2018-01-12,25.44,35000,0(0.00 %),0,0,0,0,35000,35000,35000
2018-01-15,25.44,35000,0(0.00 %),500,17500000,0,0,35000,35000,35000
2018-01-16,25.44,35000,0(0.00 %),0,0,0,0,35000,35000,35000
2018-01-17,26.5,36450,1.45(4.14 %),1010,34000000,0,0,33700,36450,33650
2018-01-18,26.43,36350,-0.1(-0.27 %),430,15000000,0,0,35000,36350,35000
2018-01-19,28.21,38800,2.45(6.74 %),10,0,0,0,38800,38800,38800
2018-01-22,28.21,38800,0(0.00 %),0,0,0,0,38800,38800,38800
2018-01-25,28.21,38800,0(0.00 %),0,0,0,0,38800,38800,38800
2018-01-26,26.24,36100,-2.7(-6.96 %),30,1000000,0,0,36100,36100,36100
2018-01-29,25.74,35400,-0.7(-1.94 %),1370,47000000,0,0,34000,35400,34000
2018-01-30,27.52,37850,2.45(6.92 %),120,4000000,0,0,32950,37850,32950
2018-01-31,27.52,37850,0(0.00 %),100,4000000,0,0,37850,37850,37850
2018-02-01,27.59,37950,0.1(0.26 %),10,0,0,0,37950,37950,37950
2018-02-02,25.66,35300,-2.65(-6.98 %),240,8000000,0,0,35300,35300,35300
2018-02-05,27.44,37750,2.45(6.94 %),10,380000,0,0,37750,37750,37750
2018-02-06,25.55,35150,-2.6(-6.89 %),60,2000000,0,0,37750,37750,35150
2018-02-07,25.41,34950,-0.2(-0.57 %),60,1990000,0,0,32700,34950,32700
2018-02-08,26.14,35950,1(2.86 %),10,0,0,0,35950,35950,35950
2018-02-09,25.77,35450,-0.5(-1.39 %),530,18000000,0,0,37900,37900,33450
2018-02-12,27.55,37900,2.45(6.91 %),40,2000000,0,0,37800,37900,37800
2018-02-13,29.08,40000,2.1(5.54 %),1040,37000000,0,0,38000,40450,35250
2018-02-21,27.04,37200,-2.8(-7.00 %),750,28000000,0,0,40000,42650,37200
2018-02-22,25.15,34600,-2.6(-6.99 %),100,3000000,0,0,34600,34600,34600
2018-02-23,25.23,34700,0.1(0.29 %),10,0,0,0,34700,34700,34700
2018-02-26,23.52,32350,-2.35(-6.77 %),10,0,0,0,32350,32350,32350
2018-02-27,23.41,32200,-0.15(-0.46 %),10,0,0,0,32200,32200,32200
2018-02-28,25.04,34450,2.25(6.99 %),40,1000000,0,0,34450,34450,32900
2018-03-01,24.72,34000,-0.45(-1.31 %),10,0,0,0,34000,34000,34000
2018-03-02,24.75,34050,0.05(0.15 %),1750,61000000,0,0,35550,35550,33550
2018-03-05,24.75,34050,0(0.00 %),0,0,0,0,34050,34050,34050
2018-03-06,24.86,34200,0.15(0.44 %),130,5000000,0,0,35650,35700,34200
2018-03-07,24.86,34200,0(0.00 %),0,0,0,0,34200,34200,34200
2018-03-08,24.86,34200,0(0.00 %),0,0,20000,700000000,34200,34200,34200
2018-03-09,24.86,34200,0(0.00 %),0,0,0,0,34200,34200,34200
2018-03-12,26.1,35900,1.7(4.97 %),1450,52000000,0,0,34200,36300,34200
2018-03-13,26.54,36500,0.6(1.67 %),20,1000000,0,0,34100,36500,34100
2018-03-14,26.75,36800,0.3(0.82 %),10,0,0,0,36800,36800,36800
2018-03-15,26.9,37000,0.2(0.54 %),10,0,0,0,37000,37000,37000
2018-03-16,25.23,34700,-2.3(-6.22 %),20,1000000,0,0,37000,37000,34700
2018-03-19,24.75,34050,-0.65(-1.87 %),230,8000000,0,0,34050,34050,34050
2018-03-20,26.39,36300,2.25(6.61 %),310,11000000,0,0,36300,36300,36300
2018-03-21,24.94,34300,-2(-5.51 %),10,0,0,0,34300,34300,34300
2018-03-22,24.94,34300,0(0.00 %),0,0,0,0,34300,34300,34300
2018-03-23,26.03,35800,1.5(4.37 %),600,21000000,0,0,35850,35900,35800
2018-03-26,26.03,35800,0(0.00 %),0,0,0,0,35800,35800,35800
2018-03-27,26.17,36000,0.2(0.56 %),10,0,0,0,36000,36000,36000
2018-03-28,26.17,36000,0(0.00 %),30,1000000,0,0,36000,36000,36000
2018-03-29,25.44,35000,-1(-2.78 %),290,10000000,0,0,35000,35000,35000
2018-03-30,26.17,36000,1(2.86 %),560,20000000,0,0,36000,36000,36000
2018-04-02,26.17,36000,0(0.00 %),0,0,0,0,36000,36000,36000
2018-04-03,25.44,35000,-1(-2.78 %),520,18000000,0,0,35500,35500,35000
2018-04-04,25.44,35000,0(0.00 %),0,0,0,0,35000,35000,35000
2018-04-05,24.06,33100,-1.9(-5.43 %),10,0,0,0,33100,33100,33100
2018-04-06,24.06,33100,0(0.00 %),0,0,0,0,33100,33100,33100
2018-04-09,25.74,35400,2.3(6.95 %),410,15000000,0,0,35400,35400,35400
2018-04-10,24.72,34000,-1.4(-3.95 %),1440,54000000,0,0,37000,37850,33000
2018-04-11,25.81,35500,1.5(4.41 %),610,22000000,0,0,36000,36000,34100
2018-04-12,27.55,37900,2.4(6.76 %),430,16000000,0,0,37900,37900,34000
2018-04-13,25.66,35300,-2.6(-6.86 %),30,1000000,0,0,35300,35300,35300
2018-04-16,25.66,35300,0(0.00 %),0,0,0,0,35300,35300,35300
2018-04-17,24.79,34100,-1.2(-3.40 %),3440,129000000,0,0,37750,37750,34000
2018-04-18,24.79,34100,0(0.00 %),0,0,0,0,34100,34100,34100
2018-04-19,24.79,34100,0(0.00 %),0,0,0,0,34100,34100,34100
2018-04-20,26.5,36450,2.35(6.89 %),60,2000000,0,0,36450,36450,36450
2018-04-23,26.5,36450,0(0.00 %),0,0,0,0,36450,36450,36450
2018-04-24,27.26,37500,1.05(2.88 %),710,26000000,0,0,36400,37500,36400
2018-04-26,27.26,37500,0(0.00 %),0,0,0,0,37500,37500,37500
2018-04-27,27.26,37500,0(0.00 %),0,0,0,0,37500,37500,37500
2018-05-02,26.24,36100,-1.4(-3.73 %),40,1000000,0,0,37500,37500,36100
2018-05-03,26.24,36100,0(0.00 %),0,0,0,0,36100,36100,36100
2018-05-04,26.24,36100,0(0.00 %),0,0,0,0,36100,36100,36100
2018-05-07,26.24,36100,0(0.00 %),0,0,0,0,36100,36100,36100
2018-05-08,28.06,38600,2.5(6.93 %),10,0,0,0,38600,38600,38600
2018-05-09,29.81,41000,2.4(6.22 %),100,4000000,0,0,41000,41000,41000
2018-05-10,27.99,38500,-2.5(-6.10 %),250,10000000,0,0,39000,39000,38500
2018-05-11,27.99,38500,0(0.00 %),0,0,0,0,38500,38500,38500
2018-05-14,29.81,41000,2.5(6.49 %),500,20000000,0,0,38500,41000,38500
2018-05-15,27.73,38150,-2.85(-6.95 %),1070,43000000,0,0,40000,40000,38150
2018-05-16,26.03,35800,-2.35(-6.16 %),1010,40000000,0,0,40000,40000,35800
2018-05-17,27.84,38300,2.5(6.98 %),1020,39000000,0,0,38300,38300,35800
2018-05-18,27.84,38300,0(0.00 %),0,0,0,0,38300,38300,38300
2018-05-21,27.84,38300,0(0.00 %),0,0,0,0,38300,38300,38300
2018-05-22,27.84,38300,0(0.00 %),12840,492000000,0,0,38300,38300,38300
2018-05-23,26.24,36100,-2.2(-5.74 %),100,4000000,0,0,36100,36100,36100
2018-05-24,26.24,36100,0(0.00 %),10,0,0,0,36100,36100,36100
2018-05-25,25.52,35100,-1(-2.77 %),10,0,0,0,35100,35100,35100
2018-05-28,26.54,36500,1.4(3.99 %),1000,37000000,0,0,36500,36500,36500
2018-05-29,24.79,34100,-2.4(-6.58 %),10,0,0,0,34100,34100,34100
2018-05-30,24.79,34100,0(0.00 %),0,0,0,0,34100,34100,34100
2018-05-31,24.79,34100,0(0.00 %),0,0,0,0,34100,34100,34100
2018-06-01,24.86,34200,0.1(0.29 %),60,2000000,0,0,36450,36450,34200
2018-06-04,24.86,34200,0(0.00 %),0,0,0,0,34200,34200,34200
2018-06-05,24.86,34200,0(0.00 %),0,0,0,0,34200,34200,34200
2018-06-06,23.48,32300,-1.9(-5.56 %),220,8000000,0,0,36550,36550,32300
2018-06-07,25.12,34550,2.25(6.97 %),10,0,0,0,34550,34550,34550
2018-06-08,25.12,34550,0(0.00 %),0,0,0,0,34550,34550,34550
2018-06-11,26.54,36500,1.95(5.64 %),180,7000000,0,0,36500,36500,36500
2018-06-12,26.54,36500,0(0.00 %),0,0,0,0,36500,36500,36500
2018-06-13,26.54,36500,0(0.00 %),0,0,0,0,36500,36500,36500
2018-06-14,26.54,36500,0(0.00 %),0,0,0,0,36500,36500,36500
2018-06-15,26.54,36500,0(0.00 %),0,0,0,0,36500,36500,36500
2018-06-18,26.54,36500,0(0.00 %),0,0,0,0,36500,36500,36500
2018-06-19,24.79,34100,-2.4(-6.58 %),10,0,0,0,34100,34100,34100
2018-06-20,26.5,36450,2.35(6.89 %),200,7000000,0,0,36450,36450,36450
2018-06-21,25.01,34400,-2.05(-5.62 %),10,0,0,0,34400,34400,34400
2018-06-22,24.94,34300,-0.1(-0.29 %),210,8000000,0,0,36800,36800,34300
2018-06-25,24.94,34300,0(0.00 %),0,0,0,0,34300,34300,34300
2018-06-26,24.94,34300,0(0.00 %),0,0,0,0,34300,34300,34300
2018-06-27,24.94,34300,0(0.00 %),0,0,0,0,34300,34300,34300
2018-06-28,24.94,34300,0(0.00 %),0,0,0,0,34300,34300,34300
2018-06-29,24.97,34350,0.05(0.15 %),2620,91000000,0,0,36700,36700,32000
2018-07-02,26.72,36750,2.4(6.99 %),1040,36000000,0,0,34250,36750,33000
2018-07-03,28.35,39000,2.25(6.12 %),10,0,0,0,39000,39000,39000
2018-07-04,28.28,38900,-0.1(-0.26 %),2010,73000000,0,0,36300,38900,36300
2018-07-05,26.32,36200,-2.7(-6.94 %),390,14000000,0,0,36200,36200,36200
2018-07-06,25.74,35400,-0.8(-2.21 %),20,1000000,0,0,33700,35400,33700
2018-07-09,23.95,32950,-2.45(-6.92 %),10,0,0,0,32950,32950,32950
2018-07-10,25.63,35250,2.3(6.98 %),360,12000000,0,0,33100,35250,33000
2018-07-11,24.83,34150,-1.1(-3.12 %),10,0,0,0,34150,34150,34150
2018-07-12,23.3,32050,-2.1(-6.15 %),10,0,0,0,34150,34150,32050
2018-07-13,22.61,31100,-0.95(-2.96 %),1170,40000000,0,0,34250,34250,31100
2018-07-16,22.61,31100,0(0.00 %),0,0,0,0,31100,31100,31100
2018-07-17,24.17,33250,2.15(6.91 %),100,3000000,0,0,33250,33250,33250
2018-07-18,25.84,35550,2.3(6.92 %),9010,320000000,0,0,31050,35550,31050
2018-07-19,24.14,33200,-2.35(-6.61 %),10,0,0,0,33200,33200,33200
2018-07-20,25.81,35500,2.3(6.93 %),1210,43000000,0,0,30900,35500,30900
2018-07-23,24.75,34050,-1.45(-4.08 %),10,0,0,0,35500,35500,34050
2018-07-24,24.75,34050,0(0.00 %),0,0,0,0,34050,34050,34050
2018-07-25,23.05,31700,-2.35(-6.90 %),10,0,0,0,31700,31700,31700
2018-07-26,23.05,31700,0(0.00 %),0,0,0,0,31700,31700,31700
2018-07-27,23.05,31700,0(0.00 %),0,0,0,0,31700,31700,31700
2018-07-30,23.05,31700,0(0.00 %),0,0,0,0,31700,31700,31700
2018-07-31,23.05,31700,0(0.00 %),0,0,0,0,31700,31700,31700
2018-08-01,23.05,31700,0(0.00 %),0,0,0,0,31700,31700,31700
2018-08-02,23.05,31700,0(0.00 %),0,0,0,0,31700,31700,31700
2018-08-03,23.05,31700,0(0.00 %),0,0,0,0,31700,31700,31700
2018-08-06,23.05,31700,0(0.00 %),0,0,0,0,31700,31700,31700
2018-08-07,23.05,31700,0(0.00 %),0,0,0,0,31700,31700,31700
2018-08-08,24.64,33900,2.2(6.94 %),10,0,0,0,33900,33900,33900
2018-08-09,26.35,36250,2.35(6.93 %),50,2000000,0,0,31650,36250,31650
2018-08-10,24.72,34000,-2.25(-6.21 %),1960,72000000,0,0,38700,38700,34000
2018-08-13,24.72,34000,0(0.00 %),0,0,0,0,34000,34000,34000
2018-08-14,26.17,36000,2(5.88 %),20,1000000,0,0,36000,36000,36000
2018-08-15,27.99,38500,2.5(6.94 %),500,19000000,0,0,38500,38500,38500
2018-08-16,29.44,40500,2(5.19 %),50,2000000,0,0,40500,40500,40500
2018-08-17,29.44,40500,0(0.00 %),0,0,0,0,40500,40500,40500
2018-08-20,29.08,40000,-0.5(-1.23 %),70,3000000,0,0,40000,40000,40000
2018-08-21,29.08,40000,0(0.00 %),100,4000000,0,0,40000,40000,40000
2018-08-22,29.08,40000,0(0.00 %),0,0,0,0,40000,40000,40000
2018-08-23,29.08,40000,0(0.00 %),0,0,0,0,40000,40000,40000
2018-08-24,28.72,39500,-0.5(-1.25 %),540,21000000,0,0,39900,39900,39500
2018-08-27,28.72,39500,0(0.00 %),100,4000000,0,0,39500,39500,39500
2018-08-28,28.72,39500,0(0.00 %),0,0,0,0,39500,39500,39500
2018-08-29,28.72,39500,0(0.00 %),0,0,0,0,39500,39500,39500
2018-08-30,28.35,39000,-0.5(-1.27 %),70,3000000,0,0,39000,39000,39000
2018-08-31,28.35,39000,0(0.00 %),0,0,0,0,39000,39000,39000
2018-09-04,26.5,36450,-2.55(-6.54 %),20,1000000,0,0,36450,36450,36450
2018-09-05,26.5,36450,0(0.00 %),0,0,0,0,36450,36450,36450
2018-09-06,26.5,36450,0(0.00 %),0,0,0,0,36450,36450,36450
2018-09-07,28.33,37150,2.4(6.91 %),140,5000000,0,0,37000,37150,37000
2018-09-10,28.33,37150,0(0.00 %),100,4000000,0,0,37150,37150,37150
2018-09-11,28.33,37150,0(0.00 %),0,0,0,0,37150,37150,37150
2018-09-12,28.33,37150,0(0.00 %),0,0,0,0,37150,37150,37150
2018-09-13,29.36,38500,1.35(3.63 %),50,2000000,0,0,38500,38500,38500
2018-09-14,27.34,35850,-2.65(-6.88 %),9130,350000000,0,0,38500,38500,35850
2018-09-17,27.34,35850,0(0.00 %),0,0,0,0,35850,35850,35850
2018-09-18,28.98,38000,2.15(6.00 %),110,4000000,0,0,35850,38000,35850
2018-09-19,28.94,37950,-0.05(-0.13 %),50,2000000,120000,4620000000,37950,37950,37950
2018-09-20,28.94,37950,0(0.00 %),0,0,0,0,37950,37950,37950
2018-09-21,26.92,35300,-2.65(-6.98 %),70,2000000,0,0,35300,35300,35300
2018-09-24,26.92,35300,0(0.00 %),0,0,0,0,35300,35300,35300
2018-09-25,28.75,37700,2.4(6.80 %),40,1000000,0,0,35300,37700,35300
2018-09-26,26.84,35200,-2.5(-6.63 %),10,0,78000,2737800000,35200,35200,35200
2018-09-27,28.1,36850,1.65(4.69 %),70,3000000,0,0,33450,36850,33450
2018-09-28,26.42,34650,-2.2(-5.97 %),10,0,0,0,34650,34650,34650
2018-10-01,28.25,37050,2.4(6.93 %),30,1000000,0,0,37050,37050,37050
2018-10-02,26.46,34700,-2.35(-6.34 %),10,0,0,0,34700,34700,34700
2018-10-03,24.97,32750,-1.95(-5.62 %),10,0,0,0,32750,32750,32750
2018-10-04,24.78,32500,-0.25(-0.76 %),11600,377000000,0,0,32500,32500,32500
2018-10-05,26.5,34750,2.25(6.92 %),10,0,0,0,34750,34750,34750
2018-10-08,24.82,32550,-2.2(-6.33 %),10,0,0,0,32550,32550,32550
2018-10-09,26.54,34800,2.25(6.91 %),70,2000000,0,0,34800,34800,34800
2018-10-10,25.58,33550,-1.25(-3.59 %),10,0,0,0,33550,33550,33550
2018-10-11,25.28,33150,-0.4(-1.19 %),10,0,0,0,33550,33550,33150
2018-10-12,27.03,35450,2.3(6.94 %),10,0,0,0,35450,35450,35450
2018-10-15,25.35,33250,-2.2(-6.21 %),10,0,0,0,33250,33250,33250
2018-10-16,25.35,33250,0(0.00 %),0,0,0,0,33250,33250,33250
2018-10-17,25.35,33250,0(0.00 %),0,0,0,0,33250,33250,33250
2018-10-18,25.35,33250,0(0.00 %),0,0,0,0,33250,33250,33250
2018-10-19,25.35,33250,0(0.00 %),0,0,0,0,33250,33250,33250
2018-10-22,27.11,35550,2.3(6.92 %),1020,32000000,0,0,30950,35550,30950
2018-10-23,28.9,37900,2.35(6.61 %),10,0,0,0,37900,37900,37900
2018-10-24,30.92,40550,2.65(6.99 %),10,0,0,0,40550,40550,40550
2018-10-25,30.92,40550,0(0.00 %),0,0,0,0,40550,40550,40550
2018-10-26,30.46,39950,-0.6(-1.48 %),210,8000000,0,0,37750,39950,37750
2018-10-29,30.46,39950,0(0.00 %),0,0,0,0,39950,39950,39950
2018-10-30,31.23,40950,1(2.50 %),30,1000000,0,0,38000,40950,38000
2018-10-31,31.23,40950,0(0.00 %),0,0,0,0,40950,40950,40950
2018-11-01,31.23,40950,0(0.00 %),0,0,0,0,40950,40950,40950
2018-11-02,31.23,40950,0(0.00 %),0,0,0,0,40950,40950,40950
2018-11-05,33.36,43750,2.8(6.84 %),20,1000000,0,0,40900,43750,40900
2018-11-06,33.36,43750,0(0.00 %),0,0,0,0,43750,43750,43750
2018-11-07,33.36,43750,0(0.00 %),0,0,0,0,43750,43750,43750
2018-11-08,33.36,43750,0(0.00 %),0,0,0,0,43750,43750,43750
2018-11-09,32.03,42000,-1.75(-4.00 %),10,0,0,0,42000,42000,42000
2018-11-12,29.81,39100,-2.9(-6.90 %),20,1000000,0,0,39100,39100,39100
2018-11-13,27.76,36400,-2.7(-6.91 %),20,1000000,0,0,36400,36400,36400
2018-11-14,29.66,38900,2.5(6.87 %),790,27000000,0,0,33900,38900,33900
2018-11-15,29.66,38900,0(0.00 %),10,0,0,0,38900,38900,38900
2018-11-16,29.66,38900,0(0.00 %),0,0,0,0,38900,38900,38900
2018-11-19,29.66,38900,0(0.00 %),0,0,0,0,38900,38900,38900
2018-11-20,29.66,38900,0(0.00 %),0,0,0,0,38900,38900,38900
2018-11-21,27.6,36200,-2.7(-6.94 %),1300,47000000,0,0,36200,36200,36200
2018-11-22,26.69,35000,-1.2(-3.31 %),10,0,0,0,35000,35000,35000
2018-11-23,26.15,34300,-0.7(-2.00 %),500,17000000,0,0,34300,34300,34300
2018-11-26,26.19,34350,0.05(0.15 %),1010,35000000,0,0,35500,35500,34300
2018-11-27,26.31,34500,0.15(0.44 %),4240,156000000,0,0,36500,36750,34500
2018-11-28,26.76,35100,0.6(1.74 %),800,29000000,0,0,36900,36900,33000
2018-11-29,26.0,34100,-1(-2.85 %),2800,97000000,0,0,35100,35100,34100
2018-11-30,25.54,33500,-0.6(-1.76 %),4900,165000000,0,0,34100,36450,33500
2018-12-03,25.96,34050,0.55(1.64 %),30,1000000,0,0,32100,35800,32100
2018-12-04,25.54,33500,-0.55(-1.62 %),2030,72000000,0,0,36400,36400,33500
2018-12-05,25.54,33500,0(0.00 %),10,0,0,0,33500,33500,33500
2018-12-06,25.62,33600,0.1(0.30 %),30,1000000,0,0,33500,35800,33500
2018-12-07,25.43,33350,-0.25(-0.74 %),50,2000000,0,0,35200,35950,33350
2018-12-10,25.43,33350,0(0.00 %),0,0,0,0,33350,33350,33350
2018-12-11,25.16,33000,-0.35(-1.05 %),320,11000000,0,0,35650,35650,33000
2018-12-12,25.16,33000,0(0.00 %),20,1000000,0,0,35300,35300,33000
2018-12-13,24.48,32100,-0.9(-2.73 %),10,0,0,0,32100,32100,32100
2018-12-14,24.52,32150,0.05(0.16 %),100,3000000,0,0,34000,34300,32150
2018-12-17,24.52,32150,0(0.00 %),0,0,0,0,32150,32150,32150
2018-12-18,25.93,34000,1.85(5.75 %),530,18000000,0,0,34200,34400,34000
2018-12-19,25.28,33150,-0.85(-2.50 %),700,25000000,0,0,33150,36350,33150
2018-12-20,25.28,33150,0(0.00 %),0,0,0,0,33150,33150,33150
2018-12-21,25.32,33200,0.05(0.15 %),6120,204000000,0,0,33350,35450,33200
2018-12-24,25.2,33050,-0.15(-0.45 %),1910,64000000,143467,4734411000,33050,35400,33050
2018-12-25,24.82,32550,-0.5(-1.51 %),220,8000000,0,0,32100,35350,32100
2018-12-26,26.54,34800,2.25(6.91 %),2540,88000000,0,0,31050,34800,31050
2018-12-27,25.28,33150,-1.65(-4.74 %),300,11000000,0,0,33100,37200,33100
2018-12-28,25.28,33150,0(0.00 %),510,18000000,0,0,32100,35450,32100
2019-01-02,27.03,35450,2.3(6.94 %),7230,256000000,0,0,33150,35450,32150
2019-01-03,25.16,33000,-2.45(-6.91 %),6580,230000000,0,0,35000,35000,33000
2019-01-04,24.9,32650,-0.35(-1.06 %),200,7000000,0,0,35300,35300,32650
2019-01-07,25.2,33050,0.4(1.23 %),210,7000000,0,0,34900,34900,33050
2019-01-08,25.58,33550,0.5(1.51 %),70,2000000,0,0,35350,35350,33550
2019-01-09,25.7,33700,0.15(0.45 %),20,1000000,0,0,35850,35850,33700
2019-01-10,25.96,34050,0.35(1.04 %),440,16000000,0,0,36050,36050,33000
2019-01-11,25.93,34000,-0.05(-0.15 %),1270,46000000,0,0,36400,36400,34000
2019-01-14,25.58,33550,-0.45(-1.32 %),10040,337000000,0,0,36350,36350,33550
2019-01-15,27.34,35850,2.3(6.86 %),3510,118000000,0,0,33500,35850,33500
2019-01-16,26.69,35000,-0.85(-2.37 %),900,34000000,0,0,35850,38350,34200
2019-01-17,26.69,35000,0(0.00 %),40,1000000,0,0,35000,35000,35000
2019-01-18,26.76,35100,0.1(0.29 %),60,2000000,0,0,37450,37450,35100
2019-01-21,26.84,35200,0.1(0.28 %),50,2000000,0,0,37500,37550,35200
2019-01-22,26.84,35200,0(0.00 %),0,0,0,0,35200,35200,35200
2019-01-23,26.92,35300,0.1(0.28 %),20,1000000,0,0,37650,37650,35300
2019-01-24,26.92,35300,0(0.00 %),0,0,0,0,35300,35300,35300
2019-01-25,26.96,35350,0.05(0.14 %),6560,247000000,0,0,35300,37750,35300
2019-01-28,26.96,35350,0(0.00 %),0,0,0,0,35350,35350,35350
2019-01-29,26.96,35350,0(0.00 %),0,0,0,0,35350,35350,35350
2019-01-30,25.58,33550,-1.8(-5.09 %),10,0,0,0,33550,33550,33550
2019-01-31,25.58,33550,0(0.00 %),0,0,0,0,33550,33550,33550
2019-02-01,25.58,33550,0(0.00 %),0,0,0,0,33550,33550,33550
2019-02-11,25.77,33800,0.25(0.75 %),20,1000000,0,0,35850,35850,33800
2019-02-12,25.77,33800,0(0.00 %),0,0,0,0,33800,33800,33800
2019-02-13,25.77,33800,0(0.00 %),0,0,0,0,33800,33800,33800
2019-02-14,25.77,33800,0(0.00 %),0,0,0,0,33800,33800,33800
2019-02-15,25.58,33550,-0.25(-0.74 %),40,1000000,0,0,33550,33550,33550
2019-02-18,25.93,34000,0.45(1.34 %),10,0,0,0,34000,34000,34000
2019-02-19,25.93,34000,0(0.00 %),0,0,0,0,34000,34000,34000
2019-02-20,26.04,34150,0.15(0.44 %),2720,96000000,0,0,35000,36350,34150
2019-02-21,27.83,36500,2.35(6.88 %),15020,499000000,0,0,33200,36500,33200
2019-02-22,29.78,39050,2.55(6.99 %),16000,550000000,0,0,34050,39050,34050
2019-02-25,27.76,36400,-2.65(-6.79 %),60,2000000,0,0,37000,40000,36350
2019-02-26,26.99,35400,-1(-2.75 %),520,20000000,0,0,38000,38900,35400
2019-02-27,26.99,35400,0(0.00 %),0,0,0,0,35400,35400,35400
2019-02-28,26.99,35400,0(0.00 %),0,0,0,0,35400,35400,35400
2019-03-01,25.96,34050,-1.35(-3.81 %),640,24000000,0,0,35000,37850,34050
2019-03-04,25.93,34000,-0.05(-0.15 %),50,2000000,0,0,36400,36400,34000
2019-03-05,25.93,34000,0(0.00 %),0,0,0,0,34000,34000,34000
2019-03-06,26.73,35050,1.05(3.09 %),70,3000000,0,0,36350,36350,35050
2019-03-07,25.93,34000,-1.05(-3.00 %),20,1000000,0,0,37500,37500,34000
2019-03-08,25.93,34000,0(0.00 %),0,0,0,0,34000,34000,34000
2019-03-11,26.69,35000,1(2.94 %),20,1000000,0,0,36350,36350,35000
2019-03-12,27.07,35500,0.5(1.43 %),50,2000000,0,0,37450,37450,35500
2019-03-13,27.07,35500,0(0.00 %),440,17000000,0,0,37950,37950,35500
2019-03-14,27.34,35850,0.35(0.99 %),70,3000000,0,0,37950,37950,35700
2019-03-15,29.24,38350,2.5(6.97 %),4140,159000000,0,0,38350,38350,36100
2019-03-18,29.24,38350,0(0.00 %),10,0,0,0,38350,38350,38350
2019-03-19,27.57,36150,-2.2(-5.74 %),10,0,0,0,36150,36150,36150
2019-03-20,29.47,38650,2.5(6.92 %),2800,108000000,0,0,38600,38650,38600
2019-03-21,27.49,36050,-2.6(-6.73 %),1020,40000000,0,0,39000,39000,36050
2019-03-22,27.83,36500,0.45(1.25 %),220,8000000,0,0,38000,38550,36500
2019-03-25,29.78,39050,2.55(6.99 %),7680,298000000,0,0,36700,39050,36500
2019-03-26,27.72,36350,-2.7(-6.91 %),11640,424000000,0,0,36400,38900,36350
2019-03-27,29.62,38850,2.5(6.88 %),23050,823000000,0,0,36000,38850,33850
2019-03-28,29.62,38850,0(0.00 %),0,0,0,0,38850,38850,38850
2019-03-29,29.66,38900,0.05(0.13 %),3020,110000000,0,0,36200,38900,36150
2019-04-01,28.21,37000,-1.9(-4.88 %),4270,160000000,0,0,37000,39900,36600
2019-04-02,27.26,35750,-1.25(-3.38 %),3280,128000000,0,0,39000,39550,34700
2019-04-03,27.07,35500,-0.25(-0.70 %),1380,53000000,0,0,38200,38250,35400
2019-04-04,27.07,35500,0(0.00 %),0,0,0,0,35500,35500,35500
2019-04-05,27.07,35500,0(0.00 %),0,0,0,0,35500,35500,35500
2019-04-08,27.18,35650,0.15(0.42 %),30,1000000,0,0,37950,37950,35650
2019-04-09,27.6,36200,0.55(1.54 %),230,9000000,0,0,38100,38100,36200
2019-04-10,29.51,38700,2.5(6.91 %),2730,106000000,0,0,38700,38700,38700
2019-04-11,29.51,38700,0(0.00 %),5420,210000000,0,0,38700,38700,38700
2019-04-12,29.51,38700,0(0.00 %),0,0,0,0,38700,38700,38700
2019-04-16,27.6,36200,-2.5(-6.46 %),1910,74000000,0,0,38500,38500,36200
2019-04-17,27.6,36200,0(0.00 %),0,0,0,0,36200,36200,36200
2019-04-18,27.6,36200,0(0.00 %),0,0,0,0,36200,36200,36200
2019-04-19,29.43,38600,2.4(6.63 %),1020,39000000,0,0,38700,38700,36300
2019-04-22,29.43,38600,0(0.00 %),0,0,0,0,38600,38600,38600
2019-04-23,27.53,36100,-2.5(-6.48 %),1560,61000000,0,0,39000,39000,36100
2019-04-24,27.53,36100,0(0.00 %),1030,38000000,0,0,36300,38600,36000
2019-04-25,28.29,37100,1(2.77 %),230,9000000,0,0,38550,38600,37100
2019-04-26,28.98,38000,0.9(2.43 %),110,4000000,0,0,38900,38900,38000
2019-05-02,28.98,38000,0(0.00 %),0,0,0,0,38000,38000,38000
2019-05-03,28.4,37250,-0.75(-1.97 %),100,4000000,0,0,37250,37250,37250
2019-05-06,28.4,37250,0(0.00 %),2410,94000000,0,0,38900,38900,37250
2019-05-07,29.66,38900,1.65(4.43 %),1640,64000000,0,0,38750,38900,38750
2019-05-08,29.66,38900,0(0.00 %),0,0,0,0,38900,38900,38900
2019-05-09,27.83,36500,-2.4(-6.17 %),4100,160000000,0,0,38950,39000,36500
2019-05-10,27.83,36500,0(0.00 %),0,0,0,0,36500,36500,36500
2019-05-13,27.83,36500,0(0.00 %),0,0,0,0,36500,36500,36500
2019-05-14,26.0,34100,-2.4(-6.58 %),10,0,0,0,34100,34100,34100
2019-05-15,26.0,34100,0(0.00 %),0,0,0,0,34100,34100,34100
2019-05-16,27.79,36450,2.35(6.89 %),40,1000000,0,0,36450,36450,36450
2019-05-17,27.79,36450,0(0.00 %),0,0,0,0,36450,36450,36450
2019-05-20,27.91,36600,0.15(0.41 %),2010,78000000,0,0,38900,38900,36600
2019-05-21,27.91,36600,0(0.00 %),0,0,0,0,36600,36600,36600
2019-05-22,27.91,36600,0(0.00 %),0,0,0,0,36600,36600,36600
2019-05-23,27.98,36700,0.1(0.27 %),4660,182000000,0,0,39000,39000,36700
2019-05-24,27.53,36100,-0.6(-1.63 %),3010,117000000,0,0,39000,39000,36100
2019-05-27,27.64,36250,0.15(0.42 %),3110,119000000,0,0,38500,38500,36250
2019-05-28,27.64,36250,0(0.00 %),0,0,0,0,36250,36250,36250
2019-05-29,27.64,36250,0(0.00 %),0,0,0,0,36250,36250,36250
2019-05-30,27.64,36250,0(0.00 %),0,0,0,0,36250,36250,36250
2019-05-31,27.53,36100,-0.15(-0.41 %),100,4000000,0,0,38400,38400,36100
2019-06-03,26.99,35400,-0.7(-1.94 %),1870,71000000,0,0,35050,38600,35000
2019-06-04,26.99,35400,0(0.00 %),0,0,0,0,35400,35400,35400
2019-06-05,26.99,35400,0(0.00 %),0,0,0,0,35400,35400,35400
2019-06-06,28.86,37850,2.45(6.92 %),110,4000000,0,0,37850,37850,37850
2019-06-07,27.76,36400,-1.45(-3.83 %),310,12000000,0,0,38600,38600,36400
2019-06-10,27.22,35700,-0.7(-1.92 %),2010,77000000,0,0,38500,38500,35700
2019-06-11,27.53,36100,0.4(1.12 %),1010,39000000,0,0,38150,38150,36100
2019-06-12,27.68,36300,0.2(0.55 %),1530,59000000,0,0,38500,38600,36200
2019-06-13,27.6,36200,-0.1(-0.28 %),540,21000000,0,0,38700,38700,36100
2019-06-14,27.53,36100,-0.1(-0.28 %),50,2000000,0,0,38700,38700,36100
2019-06-17,27.6,36200,0.1(0.28 %),13010,502000000,0,0,38600,38600,36200
2019-06-18,27.57,36150,-0.05(-0.14 %),1370,51000000,0,0,38700,38700,35700
2019-06-19,27.68,36300,0.15(0.41 %),710,27000000,0,0,36300,38650,36300
2019-06-20,27.15,35600,-0.7(-1.93 %),320,12000000,0,0,35600,38800,35600
2019-06-21,26.73,35050,-0.55(-1.54 %),50,2000000,0,0,38050,38050,33200
2019-06-24,26.73,35050,0(0.00 %),0,0,0,0,35050,35050,35050
2019-06-25,26.73,35050,0(0.00 %),0,0,0,0,35050,35050,35050
2019-06-26,28.59,37500,2.45(6.99 %),10,0,0,0,37500,37500,37500
2019-06-27,28.06,36800,-0.7(-1.87 %),110,4000000,0,0,36800,40100,36800
2019-06-28,28.06,36800,0(0.00 %),0,0,0,0,36800,36800,36800
2019-07-01,27.87,36550,-0.25(-0.68 %),950,37000000,0,0,36550,39350,36500
2019-07-02,27.53,36100,-0.45(-1.23 %),1130,44000000,0,0,36100,39000,36100
2019-07-03,28.25,37050,0.95(2.63 %),540,21000000,0,0,38500,38600,36050
2019-07-04,27.49,36050,-1(-2.70 %),460,17000000,0,0,37000,39400,34500
2019-07-05,27.49,36050,0(0.00 %),0,0,0,0,36050,36050,36050
2019-07-08,28.29,37100,1.05(2.91 %),220,8000000,0,0,38500,38500,37100
2019-07-09,29.05,38100,1(2.70 %),590,23000000,0,0,39400,39650,35100
2019-07-10,27.03,35450,-2.65(-6.96 %),10,0,0,0,35450,35450,35450
2019-07-11,27.03,35450,0(0.00 %),0,0,0,0,35450,35450,35450
2019-07-12,27.03,35450,0(0.00 %),0,0,0,0,35450,35450,35450
2019-07-15,27.03,35450,0(0.00 %),0,0,0,0,35450,35450,35450
2019-07-16,27.03,35450,0(0.00 %),0,0,0,0,35450,35450,35450
2019-07-17,27.03,35450,0(0.00 %),0,0,0,0,35450,35450,35450
2019-07-18,27.03,35450,0(0.00 %),0,0,0,0,35450,35450,35450
2019-07-19,27.03,35450,0(0.00 %),0,0,0,0,35450,35450,35450
2019-07-22,27.03,35450,0(0.00 %),0,0,0,0,35450,35450,35450
2019-07-23,28.9,37900,2.45(6.91 %),470,18000000,0,0,37900,37900,37900
2019-07-24,30.88,40500,2.6(6.86 %),4290,171000000,0,0,39800,40500,37200
2019-07-25,29.05,38100,-2.4(-5.93 %),16040,685000000,0,0,40500,43300,37800
2019-07-26,29.05,38100,0(0.00 %),0,0,0,0,38100,38100,38100
2019-07-29,29.05,38100,0(0.00 %),0,0,0,0,38100,38100,38100
2019-07-30,29.05,38100,0(0.00 %),0,0,0,0,38100,38100,38100
2019-07-31,28.33,37150,-0.95(-2.49 %),520,21000000,0,0,35450,40750,35450
2019-08-01,28.33,37150,0(0.00 %),0,0,0,0,37150,37150,37150
2019-08-02,28.33,37150,0(0.00 %),0,0,0,0,37150,37150,37150
2019-08-05,26.38,34600,-2.55(-6.86 %),10,0,0,0,34600,34600,34600
2019-08-06,26.38,34600,0(0.00 %),70,2000000,0,0,34600,34600,34600
2019-08-07,26.0,34100,-0.5(-1.45 %),20,1000000,0,0,37000,37000,34100
2019-08-08,26.0,34100,0(0.00 %),0,0,0,0,34100,34100,34100
2019-08-09,26.0,34100,0(0.00 %),0,0,0,0,34100,34100,34100
2019-08-12,26.0,34100,0(0.00 %),0,0,0,0,34100,34100,34100
2019-08-13,26.0,34100,0(0.00 %),0,0,0,0,34100,34100,34100
2019-08-14,26.0,34100,0(0.00 %),0,0,0,0,34100,34100,34100
2019-08-15,26.0,34100,0(0.00 %),0,0,0,0,34100,34100,34100
2019-08-16,26.0,34100,0(0.00 %),0,0,0,0,34100,34100,34100
2019-08-19,26.0,34100,0(0.00 %),0,0,0,0,34100,34100,34100
2019-08-20,26.0,34100,0(0.00 %),0,0,0,0,34100,34100,34100
2019-08-21,26.0,34100,0(0.00 %),0,0,0,0,34100,34100,34100
2019-08-22,26.0,34100,0(0.00 %),0,0,0,0,34100,34100,34100
2019-08-23,26.0,34100,0(0.00 %),0,0,0,0,34100,34100,34100
2019-08-26,26.0,34100,0(0.00 %),0,0,0,0,34100,34100,34100
2019-08-27,27.79,36450,2.35(6.89 %),500,18000000,0,0,36450,36450,36450
2019-08-28,27.79,36450,0(0.00 %),0,0,0,0,36450,36450,36450
2019-08-29,27.79,36450,0(0.00 %),0,0,0,0,36450,36450,36450
2019-08-30,28.29,37100,0.65(1.78 %),3500,130000000,0,0,37200,37200,37100
2019-09-03,28.67,37600,0.5(1.35 %),510,20000000,0,0,39650,39650,37600
2019-09-04,26.84,35200,-2.4(-6.38 %),3010,121000000,0,0,40200,40200,35200
2019-09-05,26.84,35200,0(0.00 %),0,0,0,0,35200,35200,35200
2019-09-06,26.84,35200,0(0.00 %),0,0,0,0,35200,35200,35200
2019-09-09,26.84,35200,0(0.00 %),0,0,0,0,35200,35200,35200
2019-09-10,26.84,35200,0(0.00 %),0,0,0,0,35200,35200,35200
2019-09-11,26.84,35200,0(0.00 %),0,0,0,0,35200,35200,35200
2019-09-12,26.84,35200,0(0.00 %),0,0,0,0,35200,35200,35200
2019-09-13,27.23,35200,0(0.00 %),0,0,0,0,35200,35200,35200
2019-09-16,27.23,35200,0(0.00 %),0,0,0,0,35200,35200,35200
2019-09-17,27.23,35200,0(0.00 %),0,0,0,0,35200,35200,35200
2019-09-18,27.23,35200,0(0.00 %),0,0,0,0,35200,35200,35200
2019-09-19,27.23,35200,0(0.00 %),0,0,0,0,35200,35200,35200
2019-09-20,27.23,35200,0(0.00 %),0,0,0,0,35200,35200,35200
2019-09-23,27.23,35200,0(0.00 %),0,0,0,0,35200,35200,35200
2019-09-24,27.23,35200,0(0.00 %),0,0,0,0,35200,35200,35200
2019-09-25,27.23,35200,0(0.00 %),0,0,0,0,35200,35200,35200
2019-09-26,28.7,37100,1.9(5.40 %),40,1000000,0,0,37100,37100,37100
2019-09-27,28.7,37100,0(0.00 %),0,0,0,0,37100,37100,37100
2019-09-30,28.7,37100,0(0.00 %),0,0,0,0,37100,37100,37100
2019-10-01,28.7,37100,0(0.00 %),0,0,0,0,37100,37100,37100
2019-10-02,28.7,37100,0(0.00 %),0,0,0,0,37100,37100,37100
2019-10-03,28.7,37100,0(0.00 %),0,0,0,0,37100,37100,37100
2019-10-04,28.7,37100,0(0.00 %),0,0,0,0,37100,37100,37100
2019-10-07,28.7,37100,0(0.00 %),0,0,0,0,37100,37100,37100
2019-10-08,28.7,37100,0(0.00 %),0,0,0,0,37100,37100,37100
2019-10-09,28.7,37100,0(0.00 %),0,0,0,0,37100,37100,37100
2019-10-10,28.7,37100,0(0.00 %),0,0,0,0,37100,37100,37100
2019-10-11,28.7,37100,0(0.00 %),0,0,0,0,37100,37100,37100
2019-10-14,30.67,39650,2.55(6.87 %),1000,40000000,0,0,39650,39650,39650
2019-10-15,28.54,36900,-2.75(-6.94 %),60,2000000,0,0,36900,36900,36900
2019-10-16,26.61,34400,-2.5(-6.78 %),10,0,0,0,34400,34400,34400
2019-10-17,26.61,34400,0(0.00 %),0,0,0,0,34400,34400,34400
2019-10-18,26.61,34400,0(0.00 %),0,0,0,0,34400,34400,34400
2019-10-21,26.61,34400,0(0.00 %),0,0,0,0,34400,34400,34400
2019-10-22,28.46,36800,2.4(6.98 %),2000,74000000,0,0,36800,36800,36800
2019-10-23,28.46,36800,0(0.00 %),0,0,0,0,36800,36800,36800
2019-10-24,28.46,36800,0(0.00 %),0,0,0,0,36800,36800,36800
2019-10-25,26.53,34300,-2.5(-6.79 %),1010,40000000,0,0,39350,39350,34300
2019-10-28,28.39,36700,2.4(7.00 %),100,4000000,0,0,36700,36700,36700
2019-10-29,28.62,37000,0.3(0.82 %),11000,404000000,0,0,34300,37000,34300
2019-10-30,30.59,39550,2.55(6.89 %),530,20000000,0,0,39550,39550,37000
2019-10-31,30.59,39550,0(0.00 %),0,0,0,0,39550,39550,39550
2019-11-01,31.33,40500,0.95(2.40 %),20,1000000,0,0,36800,40500,36800
2019-11-04,29.16,37700,-2.8(-6.91 %),10330,413000000,0,0,37700,40000,37700
2019-11-05,27.92,36100,-1.6(-4.24 %),10,0,0,0,36100,36100,36100
2019-11-06,27.54,35600,-0.5(-1.39 %),510,20000000,0,0,38600,38600,35600
2019-11-07,25.68,33200,-2.4(-6.74 %),110,4000000,0,0,38050,38050,33200
2019-11-08,25.68,33200,0(0.00 %),0,0,0,0,33200,33200,33200
2019-11-11,27.46,35500,2.3(6.93 %),100,4000000,0,0,35500,35500,35500
2019-11-12,29.35,37950,2.45(6.90 %),200,8000000,0,0,37950,37950,37950
2019-11-13,31.4,40600,2.65(6.98 %),2800,114000000,0,0,40600,40600,40600
2019-11-14,29.24,37800,-2.8(-6.90 %),70,3000000,0,0,37800,37800,37800
2019-11-15,30.94,40000,2.2(5.82 %),100,4000000,0,0,40000,40000,40000
2019-11-18,30.94,40000,0(0.00 %),0,0,0,0,40000,40000,40000
2019-11-19,30.94,40000,0(0.00 %),0,0,0,0,40000,40000,40000
2019-11-20,30.94,40000,0(0.00 %),0,0,0,0,40000,40000,40000
2019-11-21,28.77,37200,-2.8(-7.00 %),10,0,0,0,37200,37200,37200
2019-11-22,30.79,39800,2.6(6.99 %),70,3000000,0,0,39800,39800,39800
2019-11-25,30.79,39800,0(0.00 %),0,0,0,0,39800,39800,39800
2019-11-26,30.79,39800,0(0.00 %),0,0,0,0,39800,39800,39800
2019-11-27,30.79,39800,0(0.00 %),0,0,0,0,39800,39800,39800
2019-11-28,28.7,37100,-2.7(-6.78 %),10,0,0,0,37100,37100,37100
2019-11-29,28.7,37100,0(0.00 %),0,0,0,0,37100,37100,37100
2019-12-02,26.76,34600,-2.5(-6.74 %),4210,167000000,0,0,39650,39650,34600
2019-12-03,26.76,34600,0(0.00 %),0,0,0,0,34600,34600,34600
2019-12-04,26.76,34600,0(0.00 %),0,0,0,0,34600,34600,34600
2019-12-05,26.76,34600,0(0.00 %),0,0,0,0,34600,34600,34600
2019-12-06,27.4,34600,0(0.00 %),0,0,0,0,34600,34600,34600
2019-12-09,27.4,34600,0(0.00 %),0,0,0,0,34600,34600,34600
2019-12-10,27.4,34600,0(0.00 %),0,0,0,0,34600,34600,34600
2019-12-11,27.4,34600,0(0.00 %),0,0,0,0,34600,34600,34600
2019-12-12,27.4,34600,0(0.00 %),0,0,0,0,34600,34600,34600
2019-12-13,27.4,34600,0(0.00 %),0,0,0,0,34600,34600,34600
2019-12-16,27.4,34600,0(0.00 %),0,0,0,0,34600,34600,34600
2019-12-17,27.4,34600,0(0.00 %),0,0,0,0,34600,34600,34600
2019-12-18,27.4,34600,0(0.00 %),0,0,0,0,34600,34600,34600
2019-12-19,27.4,34600,0(0.00 %),0,0,0,0,34600,34600,34600
2019-12-20,27.4,34600,0(0.00 %),0,0,143467,4734411000,34600,34600,34600
2019-12-23,27.4,34600,0(0.00 %),0,0,0,0,34600,34600,34600
2019-12-24,27.4,34600,0(0.00 %),0,0,0,0,34600,34600,34600
2019-12-25,27.4,34600,0(0.00 %),0,0,0,0,34600,34600,34600
2019-12-26,27.4,34600,0(0.00 %),0,0,0,0,34600,34600,34600
2019-12-27,28.5,36000,1.4(4.05 %),10,0,0,0,36000,36000,36000
2019-12-30,28.62,36150,0.15(0.42 %),570,21000000,0,0,37500,38000,36150
2019-12-31,30.6,38650,2.5(6.92 %),7100,274000000,0,0,38650,38650,38650
2020-01-02,28.5,36000,-2.65(-6.86 %),2290,94000000,0,0,41000,41000,36000
2020-01-03,28.58,36100,0.1(0.28 %),1220,46000000,0,0,38000,38000,36100
2020-01-06,28.58,36100,0(0.00 %),0,0,0,0,36100,36100,36100
2020-01-07,26.84,33900,-2.2(-6.09 %),3410,121000000,0,0,35500,35500,33900
2020-01-08,26.84,33900,0(0.00 %),0,0,0,0,33900,33900,33900
2020-01-09,26.84,33900,0(0.00 %),0,0,0,0,33900,33900,33900
2020-01-10,26.84,33900,0(0.00 %),0,0,0,0,33900,33900,33900
2020-01-13,26.84,33900,0(0.00 %),0,0,0,0,33900,33900,33900
2020-01-14,26.84,33900,0(0.00 %),0,0,0,0,33900,33900,33900
2020-01-15,26.84,33900,0(0.00 %),0,0,241477,7727264000,33900,33900,33900
2020-01-16,26.84,33900,0(0.00 %),0,0,0,0,33900,33900,33900
2020-01-17,26.84,33900,0(0.00 %),0,0,0,0,33900,33900,33900
2020-01-20,26.84,33900,0(0.00 %),0,0,0,0,33900,33900,33900
2020-01-21,26.84,33900,0(0.00 %),0,0,0,0,33900,33900,33900
2020-01-22,26.84,33900,0(0.00 %),0,0,0,0,33900,33900,33900
2020-01-30,26.84,33900,0(0.00 %),0,0,0,0,33900,33900,33900
2020-01-31,26.84,33900,0(0.00 %),0,0,0,0,33900,33900,33900
2020-02-03,26.84,33900,0(0.00 %),0,0,0,0,33900,33900,33900
2020-02-04,26.84,33900,0(0.00 %),0,0,0,0,33900,33900,33900
2020-02-05,25.42,32100,-1.8(-5.31 %),1010,37000000,0,0,36250,36250,32100
2020-02-06,25.42,32100,0(0.00 %),0,0,0,0,32100,32100,32100
2020-02-07,25.42,32100,0(0.00 %),0,0,0,0,32100,32100,32100
2020-02-10,25.42,32100,0(0.00 %),0,0,0,0,32100,32100,32100
2020-02-11,25.42,32100,0(0.00 %),0,0,0,0,32100,32100,32100
2020-02-12,25.42,32100,0(0.00 %),0,0,0,0,32100,32100,32100
2020-02-13,25.42,32100,0(0.00 %),0,0,0,0,32100,32100,32100
2020-02-14,25.42,32100,0(0.00 %),0,0,0,0,32100,32100,32100
2020-02-17,26.92,34000,1.9(5.92 %),8000,272000000,0,0,34000,34000,34000
2020-02-18,26.92,34000,0(0.00 %),0,0,0,0,34000,34000,34000
2020-02-19,27.08,34200,0.2(0.59 %),1010,37000000,0,0,36350,36350,34200
2020-02-20,27.08,34200,0(0.00 %),0,0,0,0,34200,34200,34200
2020-02-21,26.21,33100,-1.1(-3.22 %),13160,436000000,40603,1339899000,33100,33100,33100
2020-02-24,26.21,33100,0(0.00 %),0,0,0,0,33100,33100,33100
2020-02-25,26.21,33100,0(0.00 %),0,0,0,0,33100,33100,33100
2020-02-26,26.21,33100,0(0.00 %),0,0,0,0,33100,33100,33100
2020-02-27,24.59,31050,-2.05(-6.19 %),230,7000000,0,0,35400,35400,31050
2020-02-28,24.59,31050,0(0.00 %),0,0,0,0,31050,31050,31050
2020-03-02,24.59,31050,0(0.00 %),0,0,0,0,31050,31050,31050
2020-03-03,26.29,33200,2.15(6.92 %),300,10000000,0,0,33200,33200,33200
2020-03-04,28.11,35500,2.3(6.93 %),220,8000000,0,0,31000,35500,31000
2020-03-05,26.6,33600,-1.9(-5.35 %),60,2000000,0,0,37900,37950,33100
2020-03-06,26.6,33600,0(0.00 %),0,0,0,0,33600,33600,33600
2020-03-09,24.74,31250,-2.35(-6.99 %),10,0,0,0,31250,31250,31250
2020-03-10,24.74,31250,0(0.00 %),0,0,0,0,31250,31250,31250
2020-03-11,24.74,31250,0(0.00 %),0,0,0,0,31250,31250,31250
2020-03-12,24.74,31250,0(0.00 %),0,0,0,0,31250,31250,31250
2020-03-13,26.45,33400,2.15(6.88 %),3810,127000000,0,0,29100,33400,29100
2020-03-16,27.36,34550,1.15(3.44 %),5030,180000000,0,0,35700,35700,33450
2020-03-17,27.79,35100,0.55(1.59 %),3360,124000000,0,0,35100,36950,34650
2020-03-18,29.73,37550,2.45(6.98 %),1050,39000000,0,0,37550,37550,32700
2020-03-19,29.3,37000,-0.55(-1.46 %),20,1000000,0,0,34950,37000,34950
2020-03-20,28.5,36000,-1(-2.70 %),110,4000000,0,0,36100,36100,36000
2020-03-23,28.58,36100,0.1(0.28 %),1060,40000000,0,0,36000,38000,36000
2020-03-24,28.58,36100,0(0.00 %),0,0,0,0,36100,36100,36100
2020-03-25,29.73,37550,1.45(4.02 %),2190,83000000,0,0,38400,38500,37550
2020-03-26,28.5,36000,-1.55(-4.13 %),1100,40000000,0,0,36000,36000,36000
2020-03-27,29.69,37500,1.5(4.17 %),10,0,0,0,37500,37500,37500
2020-03-30,27.63,34900,-2.6(-6.93 %),10,0,0,0,34900,34900,34900
2020-03-31,27.63,34900,0(0.00 %),0,0,0,0,34900,34900,34900
2020-04-01,27.63,34900,0(0.00 %),0,0,0,0,34900,34900,34900
2020-04-03,27.63,34900,0(0.00 %),0,0,0,0,34900,34900,34900
2020-04-06,27.63,34900,0(0.00 %),10,0,0,0,34900,34900,34900
2020-04-07,27.63,34900,0(0.00 %),0,0,0,0,34900,34900,34900
2020-04-08,27.63,34900,0(0.00 %),0,0,0,0,34900,34900,34900
2020-04-09,28.5,36000,1.1(3.15 %),1600,58000000,0,0,37000,37000,36000
2020-04-10,30.09,38000,2(5.56 %),3020,110000000,0,0,36000,38000,34550
2020-04-13,30.09,38000,0(0.00 %),0,0,0,0,38000,38000,38000
2020-04-14,28.11,35500,-2.5(-6.58 %),20,1000000,0,0,35600,35600,35500
2020-04-15,26.53,33500,-2(-5.63 %),570,21000000,0,0,33200,37950,33200
2020-04-16,25.02,31600,-1.9(-5.67 %),2050,73000000,0,0,35500,35800,31300
2020-04-17,26.76,33800,2.2(6.96 %),10,0,0,0,33800,33800,33800
2020-04-20,28.62,36150,2.35(6.95 %),3000,108000000,0,0,36000,36150,36000
2020-04-21,28.58,36100,-0.05(-0.14 %),2020,75000000,0,0,37000,37000,36100
2020-04-22,30.56,38600,2.5(6.93 %),4270,163000000,0,0,37500,38600,37500
2020-04-23,30.56,38600,0(0.00 %),0,0,0,0,38600,38600,38600
2020-04-24,28.58,36100,-2.5(-6.48 %),10,0,0,0,36100,36100,36100
2020-04-27,28.58,36100,0(0.00 %),0,0,0,0,36100,36100,36100
2020-04-28,30.01,37900,1.8(4.99 %),10,0,0,0,37900,37900,37900
2020-04-29,27.91,35250,-2.65(-6.99 %),4400,163000000,0,0,35250,37000,35250
2020-05-04,29.85,37700,2.45(6.95 %),10,0,0,0,37700,37700,37700
2020-05-05,29.22,36900,-0.8(-2.12 %),100,4000000,0,0,35100,37000,35100
2020-05-06,31.24,39450,2.55(6.91 %),1020,40000000,0,0,39450,39450,39450
2020-05-07,33.41,42200,2.75(6.97 %),20,1000000,0,0,36700,42200,36700
2020-05-08,35.75,45150,2.95(6.99 %),30,1000000,0,0,39250,45150,39250
2020-05-11,35.63,45000,-0.15(-0.33 %),20,1000000,0,0,45000,45000,42000
2020-05-12,35.63,45000,0(0.00 %),0,0,0,0,45000,45000,45000
2020-05-13,33.14,41850,-3.15(-7.00 %),1360,57000000,0,0,41850,41850,41850
2020-05-14,30.84,38950,-2.9(-6.93 %),5040,196000000,0,0,38950,39000,38950
2020-05-15,30.84,38950,0(0.00 %),0,0,0,0,38950,38950,38950
2020-05-18,29.93,37800,-1.15(-2.95 %),20,1000000,0,0,41650,41650,37800
2020-05-19,28.9,36500,-1.3(-3.44 %),60,2000000,0,0,35500,36500,35500
2020-05-20,30.88,39000,2.5(6.85 %),500,20000000,0,0,39000,39000,39000
2020-05-21,32.46,41000,2(5.13 %),110,5000000,0,0,41000,41000,41000
2020-05-22,32.07,40500,-0.5(-1.22 %),1630,64000000,0,0,38150,40500,38150
2020-05-25,32.07,40500,0(0.00 %),0,0,0,0,40500,40500,40500
2020-05-26,32.07,40500,0(0.00 %),0,0,0,0,40500,40500,40500
2020-05-27,31.67,40000,-0.5(-1.23 %),600,23000000,0,0,37900,40000,37900
2020-05-28,29.53,37300,-2.7(-6.75 %),510,20000000,0,0,38500,38500,37300
2020-05-29,31.59,39900,2.6(6.97 %),860,32000000,0,0,36600,39900,36000
2020-06-01,31.67,40000,0.1(0.25 %),1050,40000000,0,0,40000,40000,38000
2020-06-02,31.59,39900,-0.1(-0.25 %),10,0,0,0,39900,39900,39900
2020-06-03,31.28,39500,-0.4(-1.00 %),630,25000000,0,0,39000,39500,37150
2020-06-04,30.09,38000,-1.5(-3.80 %),1050,41000000,0,0,37000,39500,37000
2020-06-05,31.67,40000,2(5.26 %),3570,137000000,0,0,39500,40000,38000
2020-06-08,31.59,39900,-0.1(-0.25 %),8370,319000000,0,0,38000,39900,37550
2020-06-09,30.88,39000,-0.9(-2.26 %),600,23000000,0,0,37600,39000,37600
2020-06-10,31.55,39850,0.85(2.18 %),430,17000000,0,0,37100,39900,37100
2020-06-11,31.55,39850,0(0.00 %),0,0,0,0,39850,39850,39850
2020-06-12,31.43,39700,-0.15(-0.38 %),200,8000000,0,0,39050,39700,39050
2020-06-15,30.96,39100,-0.6(-1.51 %),1100,42000000,0,0,37050,39100,37050
2020-06-16,30.84,38950,-0.15(-0.38 %),2510,98000000,0,0,39000,39100,38950
2020-06-17,30.84,38950,0(0.00 %),0,0,0,0,38950,38950,38950
2020-06-18,30.84,38950,0(0.00 %),0,0,0,0,38950,38950,38950
2020-06-19,30.84,38950,0(0.00 %),3110,121000000,0,0,38950,38950,37100
2020-06-22,30.48,38500,-0.45(-1.16 %),4300,165000000,0,0,38950,39000,38000
2020-06-23,30.72,38800,0.3(0.78 %),17900,692000000,0,0,38500,38800,38500
2020-06-24,30.72,38800,0(0.00 %),0,0,0,0,38800,38800,38800
2020-06-25,30.48,38500,-0.3(-0.77 %),1750,67000000,0,0,38500,38500,38500
2020-06-26,28.98,36600,-1.9(-4.94 %),10,0,0,0,36600,36600,36600
2020-06-29,27.95,35300,-1.3(-3.55 %),100,4000000,0,0,35300,35300,35300
2020-06-30,28.03,35400,0.1(0.28 %),3510,126000000,0,0,35350,37750,35300
2020-07-01,29.97,37850,2.45(6.92 %),1020,39000000,0,0,37850,37850,35700
2020-07-02,31.51,39800,1.95(5.15 %),510,19000000,0,0,36600,39800,36600
2020-07-03,29.34,37050,-2.75(-6.91 %),800,30000000,0,0,37050,37050,37050
2020-07-06,30.84,38950,1.9(5.13 %),100,4000000,0,0,38950,38950,38950
2020-07-07,29.3,37000,-1.95(-5.01 %),140,5000000,0,0,41650,41650,36250
2020-07-08,30.84,38950,1.95(5.27 %),510,19000000,0,0,37050,38950,37050
2020-07-09,30.84,38950,0(0.00 %),0,0,0,0,38950,38950,38950
2020-07-10,29.77,37600,-1.35(-3.47 %),1200,46000000,0,0,37600,38600,37600
2020-07-13,30.48,38500,0.9(2.39 %),1000,39000000,0,0,38500,38500,38500
2020-07-14,30.48,38500,0(0.00 %),90,3000000,0,0,38500,38500,38500
2020-07-15,29.3,37000,-1.5(-3.90 %),2290,85000000,0,0,38500,38500,37000
2020-07-16,30.09,38000,1(2.70 %),1030,38000000,0,0,38800,38800,37000
2020-07-17,30.09,38000,0(0.00 %),9530,362000000,0,0,38000,38500,36800
2020-07-20,28.58,36100,-1.9(-5.00 %),4320,166000000,0,0,36100,38700,35600
2020-07-21,28.9,36500,0.4(1.11 %),6000,224000000,0,0,37000,38000,36500
2020-07-22,30.05,37950,1.45(3.97 %),7900,300000000,0,0,38000,38000,37950
2020-07-23,28.98,36600,-1.35(-3.56 %),3010,113000000,0,0,37950,37950,36000
2020-07-24,28.58,36100,-0.5(-1.37 %),5100,192000000,0,0,37950,37950,34100
2020-07-27,29.65,37450,1.35(3.74 %),2310,86000000,0,0,37600,37600,35100
2020-07-28,28.5,36000,-1.45(-3.87 %),310,11000000,0,0,34900,36000,34900
2020-07-29,29.38,37100,1.1(3.06 %),2310,85000000,0,0,37300,37300,33700
2020-07-30,29.3,37000,-0.1(-0.27 %),630,23000000,0,0,37400,37400,37000
2020-07-31,29.3,37000,0(0.00 %),0,0,0,0,37000,37000,37000
2020-08-03,29.3,37000,0(0.00 %),1410,52000000,0,0,37000,37000,37000
2020-08-04,29.93,37800,0.8(2.16 %),10,0,0,0,37800,37800,37800
2020-08-05,29.38,37100,-0.7(-1.85 %),4920,182000000,0,0,37000,37100,37000
2020-08-06,29.3,37000,-0.1(-0.27 %),2800,104000000,0,0,37000,37000,37000
2020-08-07,29.3,37000,0(0.00 %),2000,74000000,0,0,37000,37000,37000
2020-08-10,29.3,37000,0(0.00 %),0,0,0,0,37000,37000,37000
2020-08-11,29.3,37000,0(0.00 %),1500,56000000,0,0,37000,37000,37000
2020-08-12,29.3,37000,0(0.00 %),200,7000000,0,0,37000,37000,37000
2020-08-13,29.3,37000,0(0.00 %),100,4000000,0,0,37000,37000,37000
2020-08-14,29.3,37000,0(0.00 %),0,0,0,0,37000,37000,37000
2020-08-17,28.58,36100,-0.9(-2.43 %),10,0,0,0,36100,36100,36100
2020-08-18,28.58,36100,0(0.00 %),0,0,0,0,36100,36100,36100
2020-08-19,28.58,36100,0(0.00 %),0,0,0,0,36100,36100,36100
2020-08-20,29.3,37000,0.9(2.49 %),520,19000000,0,0,38600,38600,37000
2020-08-21,29.69,37500,0.5(1.35 %),500,19000000,0,0,37500,37500,37500
2020-08-24,30.09,38000,0.5(1.33 %),220,8000000,0,0,37500,38000,37500
2020-08-25,30.09,38000,0(0.00 %),300,11000000,0,0,38000,38000,38000
2020-08-26,30.09,38000,0(0.00 %),0,0,0,0,38000,38000,38000
2020-08-27,30.09,38000,0(0.00 %),0,0,0,0,38000,38000,38000
2020-08-28,30.01,37900,-0.1(-0.26 %),180,7000000,0,0,36000,37900,36000
2020-08-31,30.01,37900,0(0.00 %),0,0,0,0,37900,37900,37900
2020-09-01,30.01,37900,0(0.00 %),0,0,0,0,37900,37900,37900
2020-09-03,29.3,37000,-0.9(-2.37 %),510,19000000,0,0,36950,37000,36950
2020-09-04,29.3,37000,0(0.00 %),0,0,0,0,37000,37000,37000
2020-09-07,29.3,37000,0(0.00 %),0,0,0,0,37000,37000,37000
2020-09-08,29.65,37450,0.45(1.22 %),10,0,0,0,37450,37450,37450
2020-09-09,27.75,35050,-2.4(-6.41 %),510,19000000,0,0,37000,37000,35050
2020-09-10,27.83,35150,0.1(0.29 %),10,0,0,0,35150,35150,35150
2020-09-11,27.83,35150,0(0.00 %),0,0,0,0,35150,35150,35150
2020-09-14,27.83,35150,0(0.00 %),0,0,0,0,35150,35150,35150
2020-09-15,28.82,36400,1.25(3.56 %),1020,36000000,0,0,35050,36450,35050
2020-09-16,28.82,36400,0(0.00 %),30,1000000,0,0,36400,36400,36400
2020-09-17,28.5,36000,-0.4(-1.10 %),590,21000000,0,0,37000,37000,35500
2020-09-18,28.5,36000,0(0.00 %),730,25000000,0,0,33600,37950,33600
2020-09-21,28.46,35950,-0.05(-0.14 %),1190,42000000,0,0,36450,36450,35050
2020-09-22,28.19,35600,-0.35(-0.97 %),320,11000000,0,0,35550,35600,34550
2020-09-23,27.36,34550,-1.05(-2.95 %),10,0,0,0,34550,34550,34550
2020-09-24,27.4,34600,0.05(0.14 %),20,1000000,0,0,35000,35000,34600
2020-09-25,27.4,34600,0(0.00 %),400,14000000,0,0,34600,34600,34600
2020-09-28,27.71,35000,0.4(1.16 %),980,34000000,0,0,35000,35000,35000
2020-09-29,27.71,35000,0(0.00 %),600,21000000,0,0,35000,35000,35000
2020-09-30,26.53,33500,-1.5(-4.29 %),1500,51000000,0,0,34150,34150,33500
2020-10-01,26.53,33500,0(0.00 %),0,0,0,0,33500,33500,33500
2020-10-02,27.71,35000,1.5(4.48 %),90,3000000,0,0,35000,35500,35000
2020-10-05,29.61,37400,2.4(6.86 %),1340,49000000,0,0,35000,37450,35000
2020-10-06,29.3,37000,-0.4(-1.07 %),3020,112000000,0,0,36900,37000,36900
2020-10-07,29.3,37000,0(0.00 %),100,4000000,0,0,37000,37000,37000
2020-10-08,30.88,39000,2(5.41 %),4910,188000000,0,0,36000,39000,36000
2020-10-09,30.48,38500,-0.5(-1.28 %),3850,143000000,0,0,36300,38500,36300
2020-10-12,30.88,39000,0.5(1.30 %),10,0,0,0,39000,39000,39000
2020-10-13,28.74,36300,-2.7(-6.92 %),10,0,0,0,36300,36300,36300
2020-10-14,28.74,36300,0(0.00 %),10,0,0,0,36300,36300,36300
2020-10-15,29.77,37600,1.3(3.58 %),160,6000000,0,0,36300,37600,34100
2020-10-16,29.77,37600,0(0.00 %),0,0,0,0,37600,37600,37600
2020-10-19,29.77,37600,0(0.00 %),0,0,0,0,37600,37600,37600
2020-10-20,29.14,36800,-0.8(-2.13 %),2180,78000000,0,0,36000,36900,35200
2020-10-21,29.14,36800,0(0.00 %),1060,38000000,0,0,36800,36800,36000
2020-10-22,29.14,36800,0(0.00 %),860,31000000,0,0,35500,36800,35500
2020-10-23,28.5,36000,-0.8(-2.17 %),3960,140000000,0,0,34650,36000,34600
2020-10-26,28.5,36000,0(0.00 %),0,0,0,0,36000,36000,36000
2020-10-27,28.5,36000,0(0.00 %),150,5000000,0,0,36000,36000,36000
2020-10-28,28.5,36000,0(0.00 %),1470,53000000,0,0,35950,36000,35500
2020-10-29,28.5,36000,0(0.00 %),720,26000000,0,0,36000,36000,36000
2020-10-30,28.5,36000,0(0.00 %),0,0,0,0,36000,36000,36000
2020-11-02,29.14,36800,0.8(2.22 %),1500,54000000,0,0,36000,36800,36000
2020-11-03,29.14,36800,0(0.00 %),1200,43000000,0,0,36000,36800,36000
2020-11-04,29.3,37000,0.2(0.54 %),2380,88000000,0,0,36700,37000,36700
2020-11-05,29.3,37000,0(0.00 %),150,6000000,0,0,37000,37000,37000
2020-11-06,29.3,37000,0(0.00 %),300,11000000,0,0,37000,37000,37000
2020-11-09,29.3,37000,0(0.00 %),0,0,0,0,37000,37000,37000
2020-11-10,29.3,37000,0(0.00 %),160,6000000,0,0,35000,37000,35000
2020-11-11,29.3,37000,0(0.00 %),1880,71000000,0,0,36900,38600,36900
2020-11-12,29.93,37800,0.8(2.16 %),150,6000000,0,0,37800,37800,37800
2020-11-13,29.89,37750,-0.05(-0.13 %),310,12000000,0,0,37700,37750,35400
2020-11-16,29.85,37700,-0.05(-0.13 %),150,6000000,0,0,37700,37700,37700
2020-11-17,30.01,37900,0.2(0.53 %),450,17000000,0,0,37900,37900,37800
2020-11-18,31.43,39700,1.8(4.75 %),3310,125000000,0,0,37850,40000,35600
2020-11-19,30.88,39000,-0.7(-1.76 %),260,10000000,0,0,36950,39000,36950
2020-11-20,30.8,38900,-0.1(-0.26 %),1270,48000000,0,0,38000,39000,36300
2020-11-23,30.64,38700,-0.2(-0.51 %),570,21000000,0,0,36650,39000,36650
2020-11-24,28.5,36000,-2.7(-6.98 %),200,7000000,0,0,36000,36000,36000
2020-11-25,30.09,38000,2(5.56 %),170,6000000,0,0,38000,38000,38000
2020-11-26,28.62,36150,-1.85(-4.87 %),6310,228000000,0,0,38000,38000,36000
2020-11-27,30.01,37900,1.75(4.84 %),1410,51000000,0,0,37900,37900,36100
2020-11-30,30.01,37900,0(0.00 %),450,17000000,0,0,37900,37900,37900
2020-12-01,29.97,37850,-0.05(-0.13 %),1110,42000000,0,0,37000,37850,37000
2020-12-02,29.69,37500,-0.35(-0.92 %),1650,62000000,0,0,37500,37500,37500
2020-12-03,29.81,37650,0.15(0.40 %),460,17000000,0,0,37800,37800,37650
2020-12-04,29.93,37800,0.15(0.40 %),1200,45000000,0,0,37600,37800,37600
2020-12-07,30.05,37950,0.15(0.40 %),990,37000000,0,0,37950,38000,37000
2020-12-08,30.48,38500,0.55(1.45 %),450,17000000,0,0,38500,38600,38500
2020-12-09,30.29,38250,-0.25(-0.65 %),300,11000000,0,0,38300,38300,38250
2020-12-10,30.29,38250,0(0.00 %),150,6000000,0,0,38250,38250,38250
2020-12-11,30.09,38000,-0.25(-0.65 %),450,17000000,0,0,38400,38450,38000
2020-12-14,30.88,39000,1(2.63 %),200,8000000,0,0,39000,39000,39000
2020-12-15,29.14,36800,-2.2(-5.64 %),1470,55000000,0,0,36600,40000,36600
2020-12-16,30.88,39000,2.2(5.98 %),390,15000000,1974986,77616949800,39000,39000,37000
2020-12-17,30.88,39000,0(0.00 %),0,0,4008464,148313168000,39000,39000,39000
2020-12-18,30.88,39000,0(0.00 %),0,0,56000,2240000000,39000,39000,39000
2020-12-21,30.8,38900,-0.1(-0.26 %),770,29000000,0,0,38900,38900,36900
2020-12-22,30.8,38900,0(0.00 %),150,6000000,0,0,38900,38900,38900
2020-12-23,31.83,40200,1.3(3.34 %),72970,3000000000,0,0,39000,41600,39000
2020-12-24,33.26,42000,1.8(4.48 %),45400,1940000000,160000,6640000000,41000,43000,41000
2020-12-25,35.55,44900,2.9(6.90 %),147890,6623000000,0,0,43000,44900,43000
2020-12-28,38.01,48000,3.1(6.90 %),206340,9904000000,0,0,48000,48000,48000
2020-12-29,39.59,50000,2(4.17 %),48510,2448000000,0,0,48300,51300,48100
2020-12-30,38.8,49000,-1(-2.00 %),46900,2299000000,0,0,50000,50000,49000
2020-12-31,40.38,51000,2(4.08 %),70650,3507000000,0,0,48100,51000,48100
2021-01-04,39.91,50400,-0.6(-1.18 %),21800,1084000000,0,0,49200,50500,48800
2021-01-05,39.75,50200,-0.2(-0.40 %),170200,8398000000,50000,2410000000,49000,50200,48500
2021-01-06,39.51,49900,-0.3(-0.60 %),19700,985000000,0,0,49700,51000,49700
2021-01-07,38.88,49100,-0.8(-1.60 %),67000,3342000000,0,0,49900,50300,49100
2021-01-08,39.75,50200,1.1(2.24 %),29800,1493000000,0,0,49600,50400,49600
2021-01-11,39.75,50200,0(0.00 %),19300,969000000,0,0,50200,50300,50200
2021-01-12,39.75,50200,0(0.00 %),6300,318000000,0,0,50200,50500,50200
2021-01-13,39.99,50500,0.3(0.60 %),19600,988000000,0,0,50200,50500,50200
2021-01-14,39.99,50500,0(0.00 %),8200,413000000,0,0,50200,50500,50200
2021-01-15,40.14,50700,0.2(0.40 %),3000,152000000,0,0,50500,50700,50500
2021-01-18,39.51,49900,-0.8(-1.58 %),1200,60000000,0,0,49900,49900,49900
2021-01-19,39.51,49900,0(0.00 %),2200,110000000,0,0,50100,50100,49900
2021-01-20,39.51,49900,0(0.00 %),23700,1183000000,0,0,49900,49900,49900
2021-01-21,39.51,49900,0(0.00 %),17000,848000000,0,0,49900,49900,49900
2021-01-22,39.51,49900,0(0.00 %),100,5000000,0,0,49900,49900,49900
2021-01-25,39.51,49900,0(0.00 %),0,0,0,0,49900,49900,49900
2021-01-26,39.99,50500,0.6(1.20 %),1400,70000000,0,0,49900,50500,49900
2021-01-27,39.99,50500,0(0.00 %),100,5000000,0,0,50500,50500,50500
2021-01-28,39.51,49900,-0.6(-1.19 %),10000,501000000,0,0,50300,50300,49900
2021-01-29,39.51,49900,0(0.00 %),400,20000000,0,0,49900,49900,49900
2021-02-01,39.51,49900,0(0.00 %),0,0,0,0,49900,49900,49900
2021-02-02,39.43,49800,-0.1(-0.20 %),1500,75000000,0,0,49800,49800,49800
2021-02-03,39.43,49800,0(0.00 %),3100,154000000,0,0,49800,49800,49800
2021-02-04,39.19,49500,-0.3(-0.60 %),3000,149000000,0,0,49500,49500,49500
2021-02-05,39.59,50000,0.5(1.01 %),3100,155000000,633605,29779435000,50000,50000,50000
2021-02-08,39.59,50000,0(0.00 %),0,0,632000,29704000000,50000,50000,50000
2021-02-09,39.59,50000,0(0.00 %),0,0,0,0,50000,50000,50000
2021-02-17,39.59,50000,0(0.00 %),0,0,0,0,50000,50000,50000
2021-02-18,41.17,52000,2(4.00 %),10100,525000000,0,0,52000,52000,52000
2021-02-19,41.17,52000,0(0.00 %),500,26000000,0,0,52000,52000,52000
2021-02-22,41.17,52000,0(0.00 %),0,0,0,0,52000,52000,52000
2021-02-23,41.17,52000,0(0.00 %),200,10000000,0,0,52000,52000,52000
2021-02-24,41.17,52000,0(0.00 %),0,0,0,0,52000,52000,52000
2021-02-25,41.17,52000,0(0.00 %),0,0,0,0,52000,52000,52000
2021-02-26,41.17,52000,0(0.00 %),13000,676000000,0,0,52000,52000,52000
2021-03-01,38.32,48400,-3.6(-6.92 %),300,15000000,0,0,48400,48400,48400
2021-03-02,39.59,50000,1.6(3.31 %),200,10000000,0,0,50000,50000,50000
2021-03-03,38.01,48000,-2(-4.00 %),1300,62000000,0,0,48000,48000,48000
2021-03-04,38.01,48000,0(0.00 %),0,0,158000,7584000000,48000,48000,48000
2021-03-05,39.59,50000,2(4.17 %),100,5000000,0,0,50000,50000,50000
2021-03-08,41.57,52500,2.5(5.00 %),2000,105000000,0,0,51000,52500,51000
2021-03-09,38.8,49000,-3.5(-6.67 %),100,5000000,0,0,49000,49000,49000
2021-03-10,41.49,52400,3.4(6.94 %),200,10000000,0,0,52400,52400,52400
2021-03-11,40.38,51000,-1.4(-2.67 %),4500,230000000,0,0,51000,51000,51000
2021-03-12,40.38,51000,0(0.00 %),400,20000000,0,0,51000,51000,51000
2021-03-15,40.38,51000,0(0.00 %),0,0,0,0,51000,51000,51000
2021-03-16,41.17,52000,1(1.96 %),17000,875000000,0,0,50900,52000,50900
2021-03-17,41.17,52000,0(0.00 %),500,26000000,0,0,52000,52000,52000
2021-03-18,41.17,52000,0(0.00 %),21100,1097000000,0,0,52000,52000,52000
2021-03-19,41.17,52000,0(0.00 %),0,0,0,0,52000,52000,52000
2021-03-22,41.17,52000,0(0.00 %),0,0,0,0,52000,52000,52000
2021-03-23,41.97,53000,1(1.92 %),400,20000000,0,0,49000,53000,49000
2021-03-24,41.97,53000,0(0.00 %),0,0,0,0,53000,53000,53000
2021-03-25,41.97,53000,0(0.00 %),2500,133000000,0,0,53000,53000,53000
2021-03-26,41.97,53000,0(0.00 %),0,0,0,0,53000,53000,53000
2021-03-29,41.97,53000,0(0.00 %),0,0,0,0,53000,53000,53000
2021-03-30,41.97,53000,0(0.00 %),0,0,0,0,53000,53000,53000
2021-03-31,41.97,53000,0(0.00 %),0,0,0,0,53000,53000,53000
2021-04-01,41.97,53000,0(0.00 %),0,0,0,0,53000,53000,53000
2021-04-02,41.97,53000,0(0.00 %),0,0,0,0,53000,53000,53000
2021-04-05,41.97,53000,0(0.00 %),0,0,0,0,53000,53000,53000
2021-04-06,39.19,49500,-3.5(-6.60 %),1700,84000000,0,0,49600,49600,49500
2021-04-07,36.5,46100,-3.4(-6.87 %),500,23000000,0,0,46100,46100,46100
2021-04-08,39.04,49300,3.2(6.94 %),100,5000000,0,0,49300,49300,49300
2021-04-09,39.04,49300,0(0.00 %),0,0,0,0,49300,49300,49300
2021-04-12,39.04,49300,0(0.00 %),0,0,0,0,49300,49300,49300
2021-04-13,39.04,49300,0(0.00 %),100,5000000,0,0,49300,49300,49300
2021-04-14,41.73,52700,3.4(6.90 %),3900,206000000,0,0,52700,52700,52700
2021-04-15,41.73,52700,0(0.00 %),0,0,0,0,52700,52700,52700
2021-04-16,41.73,52700,0(0.00 %),0,0,0,0,52700,52700,52700
2021-04-19,38.84,49050,-3.65(-6.93 %),500,25000000,0,0,49050,49050,49050
2021-04-20,38.84,49050,0(0.00 %),100,5000000,0,0,49050,49050,49050
2021-04-22,39.59,50000,0.95(1.94 %),100,5000000,0,0,50000,50000,50000
2021-04-23,39.59,50000,0(0.00 %),0,0,0,0,50000,50000,50000
2021-04-26,39.59,50000,0(0.00 %),0,0,0,0,50000,50000,50000
2021-04-27,39.59,50000,0(0.00 %),0,0,0,0,50000,50000,50000
2021-04-28,41.17,52000,2(4.00 %),1000,52000000,0,0,52000,52000,52000
2021-04-29,41.17,52000,0(0.00 %),0,0,0,0,52000,52000,52000
2021-05-04,41.17,52000,0(0.00 %),400,21000000,0,0,52000,52000,52000
2021-05-05,41.17,52000,0(0.00 %),0,0,0,0,52000,52000,52000
2021-05-06,41.17,52000,0(0.00 %),0,0,0,0,52000,52000,52000
2021-05-07,39.59,50000,-2(-3.85 %),100,5000000,0,0,50000,50000,50000
2021-05-10,39.59,50000,0(0.00 %),0,0,0,0,50000,50000,50000
2021-05-11,39.59,50000,0(0.00 %),100,5000000,0,0,50000,50000,50000
2021-05-12,39.59,50000,0(0.00 %),0,0,0,0,50000,50000,50000
2021-05-13,39.59,50000,0(0.00 %),0,0,0,0,50000,50000,50000
2021-05-14,39.59,50000,0(0.00 %),0,0,0,0,50000,50000,50000
2021-05-17,39.59,50000,0(0.00 %),0,0,0,0,50000,50000,50000
2021-05-18,40.38,51000,1(2.00 %),100,5000000,0,0,51000,51000,51000
2021-05-19,40.38,51000,0(0.00 %),0,0,0,0,51000,51000,51000
2021-05-20,40.38,51000,0(0.00 %),0,0,0,0,51000,51000,51000
2021-05-21,40.38,51000,0(0.00 %),0,0,0,0,51000,51000,51000
2021-05-24,40.38,51000,0(0.00 %),0,0,530000,27030000000,51000,51000,51000
2021-05-25,40.38,51000,0(0.00 %),0,0,0,0,51000,51000,51000
2021-05-26,40.38,51000,0(0.00 %),0,0,0,0,51000,51000,51000
2021-05-27,40.38,51000,0(0.00 %),0,0,0,0,51000,51000,51000
2021-05-28,40.38,51000,0(0.00 %),0,0,0,0,51000,51000,51000
2021-05-31,40.38,51000,0(0.00 %),0,0,0,0,51000,51000,51000
2021-06-01,40.38,51000,0(0.00 %),0,0,0,0,51000,51000,51000
2021-06-02,41.57,52500,1.5(2.94 %),200,11000000,0,0,52500,52500,52500
2021-06-03,41.57,52500,0(0.00 %),200,11000000,0,0,52500,52500,52500
2021-06-04,41.57,52500,0(0.00 %),0,0,0,0,52500,52500,52500
2021-06-07,41.57,52500,0(0.00 %),200,11000000,0,0,52500,52500,52500
2021-06-08,39.59,50000,-2.5(-4.76 %),700,35000000,0,0,50000,50000,50000
2021-06-09,41.57,52500,2.5(5.00 %),2000,105000000,0,0,52500,52500,52500
2021-06-10,41.57,52500,0(0.00 %),500,26000000,0,0,52500,52500,52500
2021-06-11,41.17,52000,-0.5(-0.95 %),100,5000000,0,0,52000,52000,52000
2021-06-14,41.17,52000,0(0.00 %),0,0,0,0,52000,52000,52000
2021-06-15,41.17,52000,0(0.00 %),0,0,0,0,52000,52000,52000
2021-06-16,41.17,52000,0(0.00 %),0,0,0,0,52000,52000,52000
2021-06-17,41.17,52000,0(0.00 %),0,0,0,0,52000,52000,52000
2021-06-18,41.17,52000,0(0.00 %),1300,68000000,0,0,52000,52000,52000
2021-06-21,41.17,52000,0(0.00 %),0,0,0,0,52000,52000,52000
2021-06-22,41.17,52000,0(0.00 %),0,0,0,0,52000,52000,52000
2021-06-23,41.97,53000,1(1.92 %),2500,130000000,0,0,49000,53000,49000
2021-06-24,42.76,54000,1(1.89 %),4600,244000000,0,0,52000,54000,52000
2021-06-25,42.76,54000,0(0.00 %),3000,162000000,0,0,54000,54000,54000
2021-06-28,42.76,54000,0(0.00 %),0,0,0,0,54000,54000,54000
2021-06-29,39.91,50400,-3.6(-6.67 %),100,5000000,0,0,50400,50400,50400
2021-06-30,39.91,50400,0(0.00 %),100,5000000,0,0,50400,50400,50400
2021-07-01,41.57,52500,2.1(4.17 %),2000,100000000,0,0,50000,52500,50000
2021-07-02,41.57,52500,0(0.00 %),0,0,0,0,52500,52500,52500
2021-07-05,41.97,53000,0.5(0.95 %),8500,450000000,0,0,52500,53000,52500
2021-07-06,41.97,53000,0(0.00 %),4000,212000000,0,0,53000,53000,53000
2021-07-07,41.97,53000,0(0.00 %),0,0,0,0,53000,53000,53000
2021-07-08,41.97,53000,0(0.00 %),0,0,0,0,53000,53000,53000
2021-07-09,41.97,53000,0(0.00 %),0,0,0,0,53000,53000,53000
2021-07-12,41.97,53000,0(0.00 %),0,0,0,0,53000,53000,53000
2021-07-13,41.97,53000,0(0.00 %),0,0,0,0,53000,53000,53000
2021-07-14,41.97,53000,0(0.00 %),0,0,0,0,53000,53000,53000
2021-07-15,41.97,53000,0(0.00 %),0,0,0,0,53000,53000,53000
2021-07-16,41.97,53000,0(0.00 %),0,0,0,0,53000,53000,53000
2021-07-19,41.97,53000,0(0.00 %),0,0,0,0,53000,53000,53000
2021-07-20,41.97,53000,0(0.00 %),0,0,0,0,53000,53000,53000
2021-07-21,41.97,53000,0(0.00 %),800,42000000,0,0,53000,53000,53000
2021-07-22,41.97,53000,0(0.00 %),0,0,0,0,53000,53000,53000
2021-07-23,41.97,53000,0(0.00 %),0,0,0,0,53000,53000,53000
2021-07-26,41.97,53000,0(0.00 %),0,0,0,0,53000,53000,53000
2021-07-27,41.97,53000,0(0.00 %),0,0,0,0,53000,53000,53000
2021-07-28,41.97,53000,0(0.00 %),0,0,0,0,53000,53000,53000
2021-07-29,41.97,53000,0(0.00 %),0,0,0,0,53000,53000,53000
2021-07-30,41.97,53000,0(0.00 %),0,0,0,0,53000,53000,53000
2021-08-02,41.97,53000,0(0.00 %),0,0,0,0,53000,53000,53000
2021-08-03,41.97,53000,0(0.00 %),0,0,0,0,53000,53000,53000
2021-08-04,41.97,53000,0(0.00 %),0,0,0,0,53000,53000,53000
2021-08-05,41.97,53000,0(0.00 %),7300,385000000,0,0,50500,53000,50500
2021-08-06,41.97,53000,0(0.00 %),0,0,0,0,53000,53000,53000
2021-08-09,41.97,53000,0(0.00 %),0,0,0,0,53000,53000,53000
2021-08-10,41.97,53000,0(0.00 %),0,0,0,0,53000,53000,53000
2021-08-11,41.97,53000,0(0.00 %),0,0,0,0,53000,53000,53000
2021-08-12,41.97,53000,0(0.00 %),0,0,0,0,53000,53000,53000
2021-08-13,41.97,53000,0(0.00 %),0,0,0,0,53000,53000,53000
2021-08-16,41.97,53000,0(0.00 %),0,0,0,0,53000,53000,53000
2021-08-17,41.97,53000,0(0.00 %),0,0,0,0,53000,53000,53000
2021-08-18,41.97,53000,0(0.00 %),0,0,0,0,53000,53000,53000
2021-08-19,41.97,53000,0(0.00 %),0,0,0,0,53000,53000,53000
2021-08-20,41.97,53000,0(0.00 %),0,0,0,0,53000,53000,53000
2021-08-23,41.97,53000,0(0.00 %),0,0,0,0,53000,53000,53000
2021-08-24,41.97,53000,0(0.00 %),0,0,0,0,53000,53000,53000
2021-08-25,41.97,53000,0(0.00 %),0,0,0,0,53000,53000,53000
2021-08-26,41.97,53000,0(0.00 %),0,0,0,0,53000,53000,53000
2021-08-27,39.59,50000,-3(-5.66 %),100,5000000,0,0,50000,50000,50000
2021-08-30,39.59,50000,0(0.00 %),0,0,0,0,50000,50000,50000
2021-08-31,39.59,50000,0(0.00 %),0,0,0,0,50000,50000,50000
2021-09-01,39.59,50000,0(0.00 %),0,0,0,0,50000,50000,50000
2021-09-06,39.59,50000,0(0.00 %),0,0,0,0,50000,50000,50000
2021-09-07,39.59,50000,0(0.00 %),0,0,0,0,50000,50000,50000
2021-09-08,39.59,50000,0(0.00 %),100,5000000,0,0,50000,50000,50000
2021-09-09,39.59,50000,0(0.00 %),0,0,0,0,50000,50000,50000
2021-09-10,39.59,50000,0(0.00 %),0,0,0,0,50000,50000,50000
2021-09-13,39.59,50000,0(0.00 %),0,0,0,0,50000,50000,50000
2021-09-14,39.59,50000,0(0.00 %),0,0,0,0,50000,50000,50000
2021-09-15,39.59,50000,0(0.00 %),0,0,0,0,50000,50000,50000
2021-09-16,39.59,50000,0(0.00 %),0,0,0,0,50000,50000,50000
2021-09-17,39.59,50000,0(0.00 %),900,45000000,0,0,50000,50000,50000
2021-09-20,39.59,50000,0(0.00 %),0,0,0,0,50000,50000,50000
2021-09-21,39.59,50000,0(0.00 %),0,0,0,0,50000,50000,50000
2021-09-22,39.59,50000,0(0.00 %),0,0,0,0,50000,50000,50000
2021-09-23,39.59,50000,0(0.00 %),0,0,0,0,50000,50000,50000
2021-09-24,39.59,50000,0(0.00 %),0,0,0,0,50000,50000,50000
2021-09-27,39.59,50000,0(0.00 %),0,0,0,0,50000,50000,50000
2021-09-28,39.59,50000,0(0.00 %),0,0,0,0,50000,50000,50000
2021-09-29,39.59,50000,0(0.00 %),0,0,0,0,50000,50000,50000
2021-09-30,39.59,50000,0(0.00 %),0,0,0,0,50000,50000,50000
2021-10-01,39.59,50000,0(0.00 %),0,0,0,0,50000,50000,50000
2021-10-04,39.59,50000,0(0.00 %),0,0,0,0,50000,50000,50000
2021-10-05,39.59,50000,0(0.00 %),0,0,0,0,50000,50000,50000
2021-10-06,39.59,50000,0(0.00 %),0,0,0,0,50000,50000,50000
2021-10-07,39.59,50000,0(0.00 %),0,0,0,0,50000,50000,50000
2021-10-08,39.59,50000,0(0.00 %),0,0,0,0,50000,50000,50000
2021-10-11,39.59,50000,0(0.00 %),0,0,0,0,50000,50000,50000
2021-10-12,39.59,50000,0(0.00 %),0,0,0,0,50000,50000,50000
2021-10-13,39.59,50000,0(0.00 %),100,5000000,0,0,50000,50000,50000
2021-10-14,39.59,50000,0(0.00 %),0,0,0,0,50000,50000,50000
2021-10-15,39.59,50000,0(0.00 %),0,0,0,0,50000,50000,50000
2021-10-18,38.8,49000,-1(-2.00 %),100,4000000,0,0,49000,49000,49000
2021-10-19,38.8,49000,0(0.00 %),100,4000000,0,0,49000,49000,49000
2021-10-20,38.8,49000,0(0.00 %),0,0,0,0,49000,49000,49000
2021-10-21,38.8,49000,0(0.00 %),0,0,0,0,49000,49000,49000
2021-10-22,38.8,49000,0(0.00 %),0,0,0,0,49000,49000,49000
2021-10-25,38.88,49100,0.1(0.20 %),100,4000000,0,0,49100,49100,49100
2021-10-26,38.88,49100,0(0.00 %),0,0,0,0,49100,49100,49100
2021-10-27,38.88,49100,0(0.00 %),0,0,0,0,49100,49100,49100
2021-10-28,39.44,49100,0.7(1.45 %),0,0,0,0,49100,49100,49100
2021-10-29,36.95,46000,-3.1(-6.31 %),100,4000000,0,0,46000,46000,46000
2021-11-01,36.95,46000,0(0.00 %),0,0,0,0,46000,46000,46000
2021-11-02,36.95,46000,0(0.00 %),0,0,0,0,46000,46000,46000
2021-11-03,39.36,49000,3(6.52 %),1200,58000000,0,0,49200,49200,49000
2021-11-04,39.36,49000,0(0.00 %),0,0,0,0,49000,49000,49000
2021-11-05,39.36,49000,0(0.00 %),0,0,0,0,49000,49000,49000
2021-11-08,39.36,49000,0(0.00 %),0,0,0,0,49000,49000,49000
2021-11-09,39.36,49000,0(0.00 %),0,0,0,0,49000,49000,49000
2021-11-10,39.36,49000,0(0.00 %),0,0,0,0,49000,49000,49000
2021-11-11,36.95,46000,-3(-6.12 %),300,13000000,0,0,46000,46000,46000
2021-11-12,36.95,46000,0(0.00 %),0,0,0,0,46000,46000,46000
2021-11-15,39.36,49000,3(6.52 %),400,19000000,0,0,49000,49000,49000
2021-11-16,39.36,49000,0(0.00 %),0,0,0,0,49000,49000,49000
2021-11-17,39.36,49000,0(0.00 %),0,0,0,0,49000,49000,49000
2021-11-18,39.36,49000,0(0.00 %),0,0,0,0,49000,49000,49000
2021-11-19,39.36,49000,0(0.00 %),0,0,0,0,49000,49000,49000
2021-11-22,37.75,47000,-2(-4.08 %),500,23000000,0,0,47000,47000,47000
2021-11-23,37.75,47000,0(0.00 %),0,0,0,0,47000,47000,47000
2021-11-24,40.16,50000,3(6.38 %),2500,125000000,0,0,50000,50000,50000
2021-11-25,37.75,47000,-3(-6.00 %),100,4000000,0,0,47000,47000,47000
2021-11-26,37.75,47000,0(0.00 %),2000,94000000,0,0,47000,47000,47000
2021-11-29,36.19,45050,-1.95(-4.15 %),100,4000000,0,0,45050,45050,45050
2021-11-30,36.19,45050,0(0.00 %),0,0,0,0,45050,45050,45050
2021-12-01,36.19,45050,0(0.00 %),0,0,0,0,45050,45050,45050
2021-12-02,36.19,45050,0(0.00 %),0,0,0,0,45050,45050,45050
2021-12-03,36.19,45050,0(0.00 %),0,0,0,0,45050,45050,45050
2021-12-06,34.14,42500,-2.55(-5.66 %),100,4000000,0,0,42500,42500,42500
2021-12-07,34.14,42500,0(0.00 %),0,0,0,0,42500,42500,42500
2021-12-08,34.14,42500,0(0.00 %),0,0,0,0,42500,42500,42500
2021-12-09,31.81,39600,-2.9(-6.82 %),100,3000000,0,0,39600,39600,39600
2021-12-10,31.81,39600,0(0.00 %),0,0,0,0,39600,39600,39600
2021-12-13,31.81,39600,0(0.00 %),0,0,0,0,39600,39600,39600
2021-12-14,30.93,38500,-1.1(-2.78 %),200,7000000,0,0,38050,38500,38050
2021-12-15,33.06,41150,2.65(6.88 %),400,16000000,0,0,38600,41150,38600
2021-12-16,33.74,42000,0.85(2.07 %),100,4000000,0,0,42000,42000,42000
2021-12-17,33.74,42000,0(0.00 %),0,0,0,0,42000,42000,42000
2021-12-20,33.06,41150,-0.85(-2.02 %),100,4000000,0,0,41150,41150,41150
2021-12-21,32.33,40250,-0.9(-2.19 %),100,4000000,0,0,40250,40250,40250
2021-12-22,34.58,43050,2.75(6.82 %),700,30000000,0,0,43050,43050,43050
2021-12-23,36.91,45950,2.85(6.61 %),1600,72000000,0,0,44900,45950,44900
2021-12-24,37.71,46950,0.95(2.07 %),100,4000000,0,0,46950,46950,46950
2021-12-27,38.44,47850,0.85(1.81 %),600,28000000,0,0,44050,47950,44050
2021-12-28,39.28,48900,1(2.09 %),200,9000000,0,0,48950,48950,48900
2021-12-29,39.28,48900,0(0.00 %),0,0,0,0,48900,48900,48900
2021-12-30,38.56,48000,-0.9(-1.84 %),2900,133000000,0,0,52200,52200,45500
2021-12-31,35.87,44650,-3.35(-6.98 %),600,27000000,0,0,45500,48000,44650
2022-01-04,38.36,47750,3.05(6.82 %),1500,71000000,0,0,47750,47750,47750
2022-01-05,37.75,47000,-0.8(-1.67 %),1300,63000000,0,0,44450,49000,44450
2022-01-06,37.75,47000,0(0.00 %),400,18000000,0,0,47000,47000,47000
2022-01-07,39.36,49000,2(4.26 %),300,13000000,0,0,44050,49000,44050
2022-01-10,39.36,49000,0(0.00 %),0,0,0,0,49000,49000,49000
2022-01-11,36.99,46050,-2.95(-6.02 %),100,4000000,0,0,46050,46050,46050
2022-01-12,39.32,48950,2.85(6.18 %),1200,53000000,0,0,43050,48950,43050
2022-01-13,36.95,46000,-3(-6.12 %),6000,276000000,0,0,46000,46000,46000
2022-01-14,36.15,45000,-1(-2.17 %),800,35000000,0,0,42800,45950,42800
2022-01-17,38.56,48000,3(6.67 %),13800,643000000,0,0,41850,48100,41850
2022-01-18,38.56,48000,0(0.00 %),1800,80000000,0,0,45000,48000,44650
2022-01-19,38.56,48000,0(0.00 %),0,0,0,0,48000,48000,48000
2022-01-20,40.12,49950,1.95(4.06 %),100,4000000,0,0,49950,49950,49950
2022-01-21,37.35,46500,-3.5(-7.00 %),4900,231000000,0,0,46500,48850,46500
2022-01-24,38.48,47900,1.4(3.01 %),300,14000000,0,0,48000,48000,47900
2022-01-25,37.75,47000,-0.9(-1.88 %),100,4000000,0,0,47000,47000,47000
2022-01-26,37.75,47000,0(0.00 %),0,0,0,0,47000,47000,47000
2022-01-27,37.75,47000,0(0.00 %),0,0,0,0,47000,47000,47000
2022-01-28,37.75,47000,0(0.00 %),0,0,0,0,47000,47000,47000
2022-02-07,37.75,47000,0(0.00 %),0,0,0,0,47000,47000,47000
2022-02-08,37.75,47000,0(0.00 %),0,0,0,0,47000,47000,47000
2022-02-09,37.35,46500,-0.5(-1.06 %),200,9000000,0,0,46500,46500,46500
2022-02-10,38.08,47400,0.9(1.94 %),600,27000000,0,0,44000,47500,44000
2022-02-11,40.08,49900,2.5(5.27 %),1000,49000000,0,0,47400,49900,47400
2022-02-14,37.31,46450,-3.45(-6.91 %),900,42000000,0,0,46450,48000,46450
2022-02-15,37.31,46450,-0.05(-0.11 %),0,0,0,0,46450,46450,46450
2022-02-16,39.28,48900,2.4(5.16 %),300,14000000,0,0,45000,48900,45000
2022-02-17,39.28,48900,0(0.00 %),0,0,0,0,48900,48900,48900
2022-02-18,38.96,48500,-0.4(-0.82 %),1100,52000000,0,0,46000,48500,46000
2022-02-21,36.95,46000,-2.5(-5.15 %),300,14000000,0,0,46000,48500,46000
2022-02-22,39.28,48900,2.9(6.30 %),1400,67000000,0,0,48500,49000,46000
2022-02-23,39.36,49000,0.1(0.20 %),1200,56000000,0,0,46200,49900,46000
2022-02-24,39.36,49000,0(0.00 %),200,9000000,0,0,46200,49000,46200
2022-02-25,40.16,50000,1(2.04 %),1800,87000000,0,0,46100,52400,46100
2022-02-28,40.97,51000,1(2.00 %),4300,209000000,0,0,53400,53400,46500
2022-03-01,40.97,51000,0(0.00 %),0,0,0,0,51000,51000,51000
2022-03-02,40.89,50900,-0.1(-0.20 %),3200,158000000,0,0,47500,50900,47500
2022-03-03,40.32,50200,-0.7(-1.38 %),1900,94000000,0,0,48000,52000,47500
2022-03-04,40.97,51000,0.8(1.59 %),1700,84000000,0,0,46700,51000,46700
2022-03-07,38.12,47450,-3.55(-6.96 %),2200,104000000,0,0,47500,50300,47450
2022-03-08,39.68,49400,1.9(4.00 %),800,39000000,0,0,50400,50400,47450
2022-03-09,38.16,47500,-1.9(-3.85 %),400,19000000,0,0,47500,47500,47500
2022-03-10,38.96,48500,1(2.11 %),900,42000000,0,0,46500,48500,46500
2022-03-11,38.96,48500,0(0.00 %),700,33000000,0,0,46500,49000,46500
2022-03-14,37.75,47000,-1.5(-3.09 %),900,43000000,0,0,46500,48400,46500
2022-03-15,38.4,47800,0.8(1.70 %),1400,66000000,0,0,47000,48500,46800
2022-03-16,38.88,48400,0.6(1.26 %),500,23000000,0,0,47000,48400,47000
2022-03-17,38.24,47600,-0.8(-1.65 %),7100,352000000,0,0,46000,51000,46000
2022-03-18,38.24,47600,0(0.00 %),200,9000000,0,0,47600,47600,47600
2022-03-21,38.24,47600,0(0.00 %),200,9000000,0,0,47600,47600,47600
2022-03-22,39.76,49500,1.9(3.99 %),1400,67000000,0,0,47600,50300,47600
2022-03-23,38.64,48100,-1.4(-2.83 %),300,14000000,0,0,48100,49400,48100
2022-03-24,38.64,48100,0(0.00 %),0,0,0,0,48100,48100,48100
2022-03-25,40.89,50900,2.8(5.82 %),7100,355000000,0,0,51000,51000,48200
2022-03-28,39.28,48900,-2(-3.93 %),600,29000000,0,0,48500,50300,48500
2022-03-29,39.36,49000,0.1(0.20 %),200,10000000,0,0,52000,52000,49000
2022-03-30,39.36,49000,0(0.00 %),0,0,0,0,49000,49000,49000
2022-03-31,39.36,49000,0(0.00 %),800,40000000,0,0,50000,51800,48000
2022-04-01,39.36,49000,0(0.00 %),0,0,0,0,49000,49000,49000
2022-04-04,41.37,51500,2.5(5.10 %),900,45000000,0,0,52000,52000,46500
2022-04-05,41.37,51500,0(0.00 %),600,29000000,0,0,49100,51500,49100
2022-04-06,39.6,49300,-2.2(-4.27 %),100,4000000,0,0,49300,49300,49300
2022-04-07,39.6,49300,0(0.00 %),0,0,0,0,49300,49300,49300
2022-04-08,39.6,49300,0(0.00 %),0,0,0,0,49300,49300,49300
2022-04-12,39.04,48600,-0.7(-1.42 %),700,34000000,0,0,49300,51900,48600
2022-04-13,39.76,49500,0.9(1.85 %),1200,59000000,0,0,51500,51500,49000
2022-04-14,39.44,49100,-0.4(-0.81 %),100,4000000,0,0,49100,49100,49100
2022-04-15,39.44,49100,0(0.00 %),0,0,0,0,49100,49100,49100
2022-04-18,39.36,49000,-0.1(-0.20 %),200,9000000,0,0,49000,49000,49000
2022-04-19,39.36,49000,0(0.00 %),0,0,0,0,49000,49000,49000
2022-04-20,38.64,48100,-0.9(-1.84 %),200,9000000,0,0,48100,48100,48100
2022-04-21,38.64,48100,0(0.00 %),0,0,0,0,48100,48100,48100
2022-04-22,38.64,48100,0(0.00 %),0,0,0,0,48100,48100,48100
2022-04-25,40.89,50900,2.8(5.82 %),500,24000000,0,0,50900,50900,45200
2022-04-26,39.36,49000,-1.9(-3.73 %),3500,175000000,0,0,50600,50900,49000
2022-04-27,39.36,49000,0(0.00 %),0,0,0,0,49000,49000,49000
2022-04-28,38.64,48100,-0.9(-1.84 %),300,14000000,0,0,48000,50600,48000
2022-04-29,38.64,48100,0(0.00 %),0,0,0,0,48100,48100,48100
2022-05-04,38.56,48000,-0.1(-0.21 %),200,9000000,0,0,51000,51000,48000
2022-05-05,38.56,48000,0(0.00 %),200,9000000,0,0,48000,48000,48000
2022-05-06,38.56,48000,0(0.00 %),200,9000000,0,0,50000,50000,48000
2022-05-09,37.75,47000,-1(-2.08 %),1000,47000000,0,0,47000,47000,47000
2022-05-10,38.56,48000,1(2.13 %),100,4000000,0,0,48000,48000,48000
2022-05-11,38.56,48000,0(0.00 %),0,0,0,0,48000,48000,48000
2022-05-12,38.56,48000,0(0.00 %),300,14000000,0,0,46250,48000,46250
2022-05-13,38.56,48000,0(0.00 %),0,0,0,0,48000,48000,48000
2022-05-16,38.56,48000,0(0.00 %),100,4000000,0,0,48000,48000,48000
2022-05-17,36.95,46000,-2(-4.17 %),400,18000000,0,0,46000,48000,46000
2022-05-18,39.52,49200,3.2(6.96 %),800,37000000,0,0,48000,49200,42800
2022-05-19,39.52,49200,0(0.00 %),0,0,0,0,49200,49200,49200
2022-05-20,39.36,49000,-0.2(-0.41 %),100,4000000,0,0,49000,49000,49000
2022-05-23,39.32,48950,-0.05(-0.10 %),200,9000000,0,0,46600,48950,46600
2022-05-24,39.36,49000,0(0.00 %),700,33000000,0,0,45550,49000,45550
2022-05-25,40.16,50000,1(2.04 %),1000,48000000,0,0,47000,50000,45600
2022-05-26,40.08,49900,-0.1(-0.20 %),1100,53000000,0,0,47000,49900,47000
2022-05-27,39.52,49200,-0.7(-1.40 %),3200,156000000,0,0,47500,49450,47000
2022-05-30,40.16,50000,0.8(1.63 %),900,43000000,0,0,47000,50000,46100
2022-05-31,40.57,50500,0.5(1.00 %),2600,128000000,0,0,47500,51000,46650
2022-06-01,40.32,50200,-0.3(-0.59 %),300,14000000,0,0,48100,50200,48000
2022-06-02,40.32,50200,0(0.00 %),1000,49000000,0,0,48100,50200,48100
2022-06-03,39.64,49350,-0.85(-1.69 %),5500,269000000,0,0,48000,50000,46700
2022-06-06,40.08,49900,0.5(1.01 %),800,39000000,0,0,48000,50000,48000
2022-06-07,40.08,49900,0(0.00 %),800,39000000,0,0,48000,50000,48000
2022-06-08,40.0,49800,-0.1(-0.20 %),1600,78000000,0,0,48000,49800,48000
2022-06-09,40.08,49900,0.1(0.20 %),1200,58000000,0,0,48000,49900,48000
2022-06-10,40.97,51000,1.1(2.20 %),800,39000000,0,0,47550,51000,47500
2022-06-13,40.0,49800,-1.2(-2.35 %),2200,107000000,0,0,47650,49800,47600
2022-06-14,39.92,49700,-0.1(-0.20 %),1300,63000000,0,0,47000,49700,47000
2022-06-15,39.84,49600,-0.1(-0.20 %),1300,63000000,0,0,47500,50000,47500
2022-06-16,39.36,49000,-0.6(-1.21 %),3800,185000000,0,0,48000,49800,48000
2022-06-17,40.0,49800,0.8(1.63 %),2100,102000000,0,0,47650,49900,47650
2022-06-20,38.96,48500,-1.3(-2.61 %),2200,106000000,0,0,48000,50000,48000
2022-06-21,40.0,49800,1.3(2.68 %),1700,82000000,0,0,49800,49800,45350
2022-06-22,39.28,48900,-0.9(-1.81 %),1100,52000000,0,0,47000,48900,47000
2022-06-23,39.36,49000,0.1(0.20 %),1600,76000000,0,0,47600,49000,47200
2022-06-24,39.36,49000,0(0.00 %),0,0,0,0,49000,49000,49000
2022-06-27,38.2,47550,-1.45(-2.96 %),300,14000000,0,0,47800,47800,47500
2022-06-28,38.2,47550,-0.05(-0.11 %),0,0,0,0,47550,47550,47550
2022-06-29,37.75,47000,-0.6(-1.26 %),300,14000000,0,0,47100,47100,47000
2022-06-30,37.75,47000,0(0.00 %),500,23000000,0,0,47000,47000,47000
2022-07-01,36.55,45500,-1.5(-3.19 %),1900,87000000,0,0,46500,48700,43800
2022-07-04,36.55,45500,0(0.00 %),0,0,0,0,45500,45500,45500
2022-07-05,36.55,45500,0(0.00 %),0,0,0,0,45500,45500,45500
2022-07-06,36.47,45400,-0.1(-0.22 %),200,9000000,0,0,45400,45400,45400
2022-07-07,36.47,45400,0(0.00 %),0,0,0,0,45400,45400,45400
2022-07-08,36.27,45150,-0.25(-0.55 %),1000,45000000,0,0,45200,45200,45150
2022-07-11,36.15,45000,-0.2(-0.44 %),1000,45000000,0,0,45200,45200,45000
2022-07-12,36.27,45150,0.15(0.33 %),2000,90000000,0,0,45150,45150,45150
2022-07-13,38.52,47950,2.75(6.08 %),300,14000000,0,0,46000,47950,46000
2022-07-14,38.64,48100,0.1(0.21 %),100,4000000,0,0,48100,48100,48100
2022-07-15,40.4,50300,2.2(4.57 %),500,24000000,0,0,48100,50300,48000
2022-07-18,39.24,48850,-1.45(-2.88 %),1200,57000000,0,0,51800,51800,46800
2022-07-19,41.61,51800,2.9(5.93 %),100,5000000,0,0,51800,51800,51800
2022-07-20,38.72,48200,-3.6(-6.95 %),2000,96000000,0,0,48200,48200,48200
2022-07-21,38.68,48150,-0.05(-0.10 %),300,14000000,0,0,48200,48200,48150
2022-07-22,37.19,46300,-1.9(-3.94 %),100,4000000,0,0,46300,46300,46300
2022-07-25,37.19,46300,0(0.00 %),0,0,0,0,46300,46300,46300
2022-07-26,37.19,46300,0(0.00 %),0,0,0,0,46300,46300,46300
2022-07-27,37.19,46300,0(0.00 %),0,0,0,0,46300,46300,46300
2022-07-28,38.52,47950,1.65(3.56 %),100,4000000,0,0,47950,47950,47950
2022-07-29,38.52,47950,-0.05(-0.10 %),0,0,0,0,47950,47950,47950
2022-08-01,38.52,47950,-0.05(-0.10 %),0,0,0,0,47950,47950,47950
2022-08-02,38.52,47950,-0.05(-0.10 %),0,0,0,0,47950,47950,47950
2022-08-03,36.81,45150,-2.05(-4.34 %),1900,86000000,0,0,44600,47000,44600
2022-08-04,36.81,45150,-0.05(-0.11 %),0,0,0,0,45150,45150,45150
2022-08-05,36.81,45150,-0.05(-0.11 %),100,4000000,0,0,45150,45150,45150
2022-08-08,36.85,45200,0(0.00 %),200,9000000,0,0,45200,45200,45200
2022-08-09,36.85,45200,0(0.00 %),100,4000000,0,0,45200,45200,45200
2022-08-10,36.85,45200,0(0.00 %),100,4000000,0,0,45200,45200,45200
2022-08-11,36.68,45000,-0.2(-0.44 %),100,4000000,0,0,45000,45000,45000
2022-08-12,38.48,47200,2.2(4.89 %),1200,51000000,0,0,41950,47200,41950
2022-08-15,38.68,47450,0.25(0.53 %),100,4000000,0,0,47450,47450,47450
2022-08-16,38.68,47450,-0.05(-0.11 %),0,0,0,0,47450,47450,47450
2022-08-17,37.87,46450,-1.05(-2.21 %),1400,63000000,0,0,45000,46500,45000
2022-08-18,36.03,44200,-2.3(-4.95 %),500,23000000,0,0,46450,49700,44200
2022-08-19,36.68,45000,0.8(1.81 %),4100,184000000,0,0,45000,45000,45000
2022-08-22,36.76,45100,0.1(0.22 %),100,4000000,0,0,45100,45100,45100
2022-08-23,38.31,47000,1.9(4.21 %),400,18000000,0,0,47000,47000,47000
2022-08-24,36.68,45000,-2(-4.26 %),100,4000000,0,0,45000,45000,45000
2022-08-25,36.68,45000,0(0.00 %),500,22000000,0,0,45000,45000,45000
2022-08-26,36.68,45000,0(0.00 %),0,0,0,0,45000,45000,45000
2022-08-29,36.68,45000,0(0.00 %),500,22000000,0,0,45000,45000,45000
2022-08-30,36.68,45000,0(0.00 %),0,0,0,0,45000,45000,45000
2022-08-31,38.88,47700,2.7(6.00 %),200,9000000,0,0,44100,47700,44100
2022-09-05,38.15,46800,-0.9(-1.89 %),2700,125000000,0,0,45250,46800,45200
2022-09-06,36.93,45300,-1.5(-3.21 %),400,18000000,0,0,45150,45300,45150
2022-09-07,38.19,46850,1.55(3.42 %),300,13000000,0,0,45000,46850,45000
2022-09-08,36.68,45000,-1.9(-4.05 %),2800,126000000,0,0,45050,48850,45000
2022-09-09,37.82,46400,1.4(3.11 %),200,9000000,0,0,44150,46400,44150
2022-09-12,36.03,44200,-2.2(-4.74 %),500,22000000,0,0,44200,44200,44200
2022-09-13,35.91,44050,-0.15(-0.34 %),400,18000000,0,0,44100,45950,44050
2022-09-14,37.54,46050,1.95(4.42 %),200,8000000,0,0,43550,46050,43550
2022-09-15,36.28,44500,-1.6(-3.47 %),3700,176000000,0,0,45950,49200,44500
2022-09-16,35.95,44100,-0.4(-0.90 %),3000,132000000,0,0,44000,44100,44000
2022-09-19,35.95,44100,0(0.00 %),0,0,0,0,44100,44100,44100
2022-09-20,38.4,47100,3(6.80 %),8600,393000000,0,0,44100,47100,44100
2022-09-21,38.4,47100,0(0.00 %),0,0,0,0,47100,47100,47100
2022-09-22,35.95,44100,-3(-6.37 %),100,4000000,0,0,44100,44100,44100
2022-09-23,35.95,44100,0(0.00 %),100,4000000,0,0,44100,44100,44100
2022-09-26,38.11,46750,2.65(6.01 %),100,4000000,0,0,46750,46750,46750
2022-09-27,38.11,46750,-0.05(-0.11 %),0,0,0,0,46750,46750,46750
2022-09-28,38.11,46750,-0.05(-0.11 %),0,0,0,0,46750,46750,46750
2022-09-29,38.11,46750,-0.05(-0.11 %),0,0,0,0,46750,46750,46750
2022-09-30,35.58,43650,-3.15(-6.73 %),100,4000000,0,0,43650,43650,43650
2022-10-03,35.58,43650,-0.05(-0.11 %),0,0,0,0,43650,43650,43650
2022-10-04,35.54,43600,-0.1(-0.23 %),100,4000000,0,0,43600,43600,43600
2022-10-05,35.54,43600,0(0.00 %),0,0,0,0,43600,43600,43600
2022-10-06,35.54,43600,0(0.00 %),0,0,0,0,43600,43600,43600
2022-10-07,35.54,43600,0(0.00 %),0,0,0,0,43600,43600,43600
2022-10-10,35.54,43600,0(0.00 %),0,0,0,0,43600,43600,43600
2022-10-11,35.54,43600,0(0.00 %),0,0,0,0,43600,43600,43600
2022-10-12,35.54,43600,0(0.00 %),0,0,0,0,43600,43600,43600
2022-10-13,35.54,43600,0(0.00 %),0,0,0,0,43600,43600,43600
2022-10-14,35.54,43600,0(0.00 %),0,0,0,0,43600,43600,43600
2022-10-17,35.54,43600,0(0.00 %),0,0,0,0,43600,43600,43600
2022-10-18,35.54,43600,0(0.00 %),0,0,0,0,43600,43600,43600
2022-10-19,35.54,43600,0(0.00 %),0,0,0,0,43600,43600,43600
2022-10-20,35.54,43600,0(0.00 %),0,0,0,0,43600,43600,43600
2022-10-21,35.54,43600,0(0.00 %),0,0,0,0,43600,43600,43600
2022-10-24,33.06,40550,-3.05(-7.00 %),2000,81000000,0,0,40550,40550,40550
2022-10-25,35.34,43350,2.75(6.77 %),2800,121000000,0,0,42900,43350,42900
2022-10-26,36.56,44850,1.45(3.34 %),100,4000000,0,0,44850,44850,44850
2022-10-27,34.03,41750,-3.15(-7.02 %),1400,59000000,0,0,47900,47900,41750
2022-10-28,35.83,43950,2.15(5.14 %),100,4000000,0,0,43950,43950,43950
2022-10-31,36.68,45000,1(2.27 %),3600,156000000,0,0,40900,45000,40900
2022-11-01,36.48,44750,-0.25(-0.56 %),200,8000000,0,0,41850,44750,41850
2022-11-02,33.95,41650,-3.15(-7.03 %),100,4000000,0,0,41650,41650,41650
2022-11-03,32.65,40050,-1.65(-3.96 %),1400,61000000,0,0,44450,44450,40050
2022-11-04,32.08,39350,-0.75(-1.87 %),200,7000000,0,0,39050,39350,39050
2022-11-07,32.08,39350,-0.05(-0.13 %),0,0,0,0,39350,39350,39350
2022-11-08,30.45,37350,-2.05(-5.20 %),400,14000000,0,0,37050,37350,37050
2022-11-09,29.14,35750,-1.65(-4.41 %),200,7000000,0,0,35250,35750,35250
2022-11-10,31.18,38250,2.45(6.84 %),400,14000000,0,0,35750,38250,35700
2022-11-11,29.39,36050,-2.25(-5.87 %),100,3000000,0,0,36050,36050,36050
2022-11-14,27.76,34050,-2.05(-5.68 %),100,3000000,0,0,34050,34050,34050
2022-11-15,29.31,35950,1.85(5.43 %),1100,38000000,0,0,34550,35950,34500
2022-11-16,30.94,37950,1.95(5.42 %),700,25000000,0,0,36950,37950,36800
2022-11-17,32.57,39950,1.95(5.13 %),400,15000000,0,0,40450,40450,35500
2022-11-18,30.32,37200,-2.8(-7.00 %),1400,52000000,0,0,42450,42450,37200
2022-11-21,28.57,35050,-2.15(-5.78 %),100,3000000,0,0,35050,35050,35050
2022-11-22,28.65,35150,0.05(0.14 %),300,10000000,0,0,35100,35150,35100
2022-11-23,28.65,35150,-0.05(-0.14 %),0,0,0,0,35150,35150,35150
2022-11-24,28.69,35200,0.05(0.14 %),700,24000000,0,0,35200,37550,33050
2022-11-25,28.74,35250,0.05(0.14 %),200,7000000,0,0,37450,37450,35250
2022-11-28,27.02,33150,-2.15(-6.09 %),400,14000000,0,0,35250,36800,33150
2022-11-29,25.84,31700,-1.5(-4.52 %),200,6000000,59267,1967664400,30900,31700,30900
2022-11-30,27.63,33900,2.2(6.94 %),200,6000000,0,0,31650,33900,31650
2022-12-01,26.94,33050,-0.85(-2.51 %),300,10000000,0,0,35950,35950,33050
2022-12-02,28.49,34950,1.85(5.59 %),200,6000000,0,0,31750,34950,31750
2022-12-05,26.94,33050,-1.95(-5.57 %),300,10000000,0,0,34900,34900,33050
2022-12-06,25.47,31250,-1.85(-5.59 %),500,16000000,0,0,33050,35150,31050
2022-12-07,24.9,30550,-0.75(-2.40 %),300,8000000,0,0,29100,30550,29100
2022-12-08,26.57,32600,2(6.54 %),200,6000000,0,0,32650,32650,32600
2022-12-09,28.33,34750,2.15(6.60 %),800,27000000,0,0,30650,34850,30650
2022-12-12,30.0,36800,2(5.75 %),200,6000000,0,0,32400,36800,32400
2022-12-13,27.92,34250,-2.55(-6.93 %),300,10000000,0,0,34250,34250,34250
2022-12-14,29.67,36400,2.1(6.12 %),600,20000000,0,0,32000,36450,31900
2022-12-15,31.38,38500,2.1(5.77 %),1700,64000000,0,0,33950,38750,33950
2022-12-16,31.38,38500,0(0.00 %),0,0,0,0,38500,38500,38500
2022-12-19,32.53,39900,1.4(3.64 %),100,3000000,0,0,39900,39900,39900
2022-12-20,32.53,39900,0(0.00 %),0,0,0,0,39900,39900,39900
2022-12-21,32.53,39900,0(0.00 %),0,0,0,0,39900,39900,39900
2022-12-22,32.53,39900,0(0.00 %),0,0,0,0,39900,39900,39900
2022-12-23,30.28,37150,-2.75(-6.89 %),300,11000000,0,0,37150,37150,37150
2022-12-26,32.32,39650,2.45(6.59 %),400,15000000,0,0,34550,39750,34550
2022-12-27,32.32,39650,-0.05(-0.13 %),0,0,0,0,39650,39650,39650
2022-12-28,32.32,39650,-0.05(-0.13 %),0,0,0,0,39650,39650,39650
2022-12-29,32.32,39650,-0.05(-0.13 %),0,0,0,0,39650,39650,39650
2022-12-30,32.32,39650,-0.05(-0.13 %),0,0,0,0,39650,39650,39650
2023-01-03,32.32,39650,-0.05(-0.13 %),0,0,0,0,39650,39650,39650
2023-01-04,30.08,36900,-2.8(-7.05 %),100,3000000,0,0,36900,36900,36900
2023-01-05,28.0,34350,-2.55(-6.91 %),500,17000000,0,0,34350,34350,34350
2023-01-06,26.17,32100,-2.3(-6.69 %),300,10000000,0,0,35800,35800,32100
2023-01-09,24.58,30150,-1.95(-6.07 %),100,3000000,0,0,30150,30150,30150
2023-01-10,24.9,30550,0.35(1.16 %),300,8000000,0,0,28150,30550,28150
2023-01-11,24.54,30100,-0.5(-1.63 %),400,12000000,0,0,30100,30100,30100
2023-01-12,26.21,32150,2.05(6.81 %),300,9000000,0,0,29050,32150,29050
2023-01-13,27.63,33900,1.7(5.28 %),100,3000000,0,0,33900,33900,33900
2023-01-16,27.63,33900,0(0.00 %),0,0,0,0,33900,33900,33900
2023-01-17,28.04,34400,0.5(1.47 %),300,9000000,0,0,31650,34400,31650
2023-01-18,27.68,33950,-0.45(-1.31 %),400,13000000,0,0,33500,33950,33500
2023-01-19,25.88,31750,-2.25(-6.62 %),200,6000000,0,0,35950,35950,31750
2023-01-27,27.59,33850,2.05(6.45 %),200,6000000,0,0,33850,33850,33850
2023-01-30,25.84,31700,-2.2(-6.49 %),100,3000000,0,0,31700,31700,31700
2023-01-31,27.63,33900,2.2(6.94 %),2500,79000000,0,0,31700,33900,31700
2023-02-01,29.14,35750,1.85(5.46 %),400,13000000,0,0,31900,35750,31700
2023-02-02,29.06,35650,-0.15(-0.42 %),900,30000000,0,0,33250,35650,33250
2023-02-03,29.06,35650,-0.05(-0.14 %),0,0,0,0,35650,35650,35650
2023-02-06,27.06,33200,-2.5(-7.00 %),1900,63000000,0,0,36950,36950,33200
2023-02-07,25.52,31300,-1.9(-5.72 %),200,6000000,0,0,33200,33200,31300
2023-02-08,24.5,30050,-1.25(-3.99 %),100,3000000,0,0,30050,30050,30050
2023-02-09,24.5,30050,-0.05(-0.17 %),0,0,0,0,30050,30050,30050
2023-02-10,24.66,30250,0.15(0.50 %),1300,39000000,0,0,28300,32150,28300
2023-02-13,26.21,32150,1.85(6.11 %),100,3000000,0,0,32150,32150,32150
2023-02-14,28.04,34400,2.2(6.83 %),200,6000000,0,0,32500,34400,32500
2023-02-15,29.88,36650,2.25(6.54 %),300,10000000,0,0,32000,36650,32000
2023-02-16,30.65,37600,0.9(2.45 %),1800,63000000,0,0,34100,37850,34100
2023-02-17,28.53,35000,-2.6(-6.91 %),100,3000000,0,0,35000,35000,35000
2023-02-20,28.53,35000,0(0.00 %),0,0,0,0,35000,35000,35000
2023-02-21,28.53,35000,0(0.00 %),200,7000000,0,0,35000,35000,35000
2023-02-22,28.53,35000,0(0.00 %),0,0,0,0,35000,35000,35000
2023-02-23,28.53,35000,0(0.00 %),0,0,0,0,35000,35000,35000
2023-02-24,28.53,35000,0(0.00 %),0,0,0,0,35000,35000,35000
2023-02-27,28.53,35000,0(0.00 %),0,0,0,0,35000,35000,35000
2023-02-28,28.53,35000,0(0.00 %),0,0,0,0,35000,35000,35000
2023-03-01,28.53,35000,0(0.00 %),0,0,0,0,35000,35000,35000
2023-03-02,28.53,35000,0(0.00 %),0,0,0,0,35000,35000,35000
2023-03-03,28.53,35000,0(0.00 %),0,0,0,0,35000,35000,35000
2023-03-06,26.53,32550,-2.45(-7.00 %),100,3000000,0,0,32550,32550,32550
2023-03-07,26.53,32550,-0.05(-0.15 %),0,0,0,0,32550,32550,32550
2023-03-08,26.49,32500,-0.1(-0.31 %),100,3000000,0,0,32500,32500,32500
2023-03-09,26.49,32500,0(0.00 %),0,0,0,0,32500,32500,32500
2023-03-10,26.49,32500,0(0.00 %),0,0,0,0,32500,32500,32500
2023-03-13,26.49,32500,0(0.00 %),0,0,0,0,32500,32500,32500
2023-03-14,24.78,30400,-2.1(-6.46 %),100,3000000,0,0,30400,30400,30400
2023-03-15,24.74,30350,-0.05(-0.16 %),100,3000000,0,0,30350,30350,30350
2023-03-16,24.74,30350,-0.05(-0.16 %),0,0,0,0,30350,30350,30350
2023-03-17,24.7,30300,-0.1(-0.33 %),100,3000000,0,0,30300,30300,30300
2023-03-20,24.7,30300,0(0.00 %),0,0,0,0,30300,30300,30300
2023-03-21,24.7,30300,0(0.00 %),0,0,0,0,30300,30300,30300
2023-03-22,23.19,28450,-1.85(-6.11 %),100,2000000,0,0,28450,28450,28450
2023-03-23,24.78,30400,1.9(6.67 %),200,6000000,0,0,30400,30400,30400
2023-03-24,24.78,30400,0(0.00 %),0,0,0,0,30400,30400,30400
2023-03-27,23.68,29050,-1.35(-4.44 %),100,2000000,0,0,29050,29050,29050
2023-03-28,23.68,29050,-0.05(-0.17 %),0,0,0,0,29050,29050,29050
2023-03-29,22.87,28050,-1.05(-3.61 %),100,2000000,0,0,28050,28050,28050
2023-03-30,22.87,28050,-0.05(-0.18 %),0,0,0,0,28050,28050,28050
2023-03-31,22.87,28050,-0.05(-0.18 %),0,0,0,0,28050,28050,28050
2023-04-03,22.87,28050,-0.05(-0.18 %),0,0,0,0,28050,28050,28050
2023-04-04,22.87,28050,-0.05(-0.18 %),0,0,0,0,28050,28050,28050
2023-04-05,24.46,30000,1.9(6.76 %),800,23000000,0,0,30000,30000,28100
2023-04-06,24.46,30000,0(0.00 %),0,0,0,0,30000,30000,30000
2023-04-07,22.87,28050,-1.95(-6.50 %),100,2000000,0,0,28050,28050,28050
2023-04-10,22.87,28050,-0.05(-0.18 %),0,0,0,0,28050,28050,28050
2023-04-11,24.46,30000,1.9(6.76 %),1400,42000000,0,0,30000,30000,30000
2023-04-12,25.96,31850,1.85(6.17 %),100,3000000,0,0,31850,31850,31850
2023-04-13,27.68,33950,2.05(6.43 %),100,3000000,0,0,33950,33950,33950
2023-04-14,28.49,34950,0.95(2.79 %),800,28000000,0,0,35950,35950,34000
2023-04-17,26.53,32550,-2.45(-7.00 %),300,10000000,0,0,35850,35850,32550
2023-04-18,24.94,30600,-2(-6.13 %),1300,39000000,0,0,30400,32950,30400
2023-04-19,26.53,32550,1.95(6.37 %),100,3000000,0,0,32550,32550,32550
2023-04-20,27.68,33950,1.35(4.14 %),300,9000000,0,0,34750,34750,30350
2023-04-21,26.45,32450,-1.55(-4.56 %),1500,48000000,0,0,35850,35850,31700
2023-04-24,26.49,32500,0(0.00 %),200,6000000,0,0,32950,32950,32500
2023-04-25,26.49,32500,0(0.00 %),0,0,0,0,32500,32500,32500
2023-04-26,25.96,31850,-0.65(-2.00 %),300,9000000,0,0,30300,31850,30300
2023-04-27,26.86,32950,1.1(3.45 %),100,3000000,0,0,32950,32950,32950
2023-04-28,26.86,32950,0(0.00 %),0,0,0,0,32950,32950,32950
2023-05-04,25.03,30700,-2.3(-6.97 %),100,3000000,0,0,30700,30700,30700
2023-05-05,26.37,32350,1.65(5.37 %),200,6000000,0,0,28700,32350,28700
2023-05-08,26.37,32350,-0.05(-0.15 %),0,0,0,0,32350,32350,32350
2023-05-09,28.16,34550,2.15(6.64 %),100,3000000,0,0,34550,34550,34550
2023-05-10,28.16,34550,-0.05(-0.14 %),0,0,0,0,34550,34550,34550
2023-05-11,28.16,34550,-0.05(-0.14 %),0,0,0,0,34550,34550,34550
2023-05-12,28.16,34550,-0.05(-0.14 %),0,0,0,0,34550,34550,34550
2023-05-15,28.16,34550,0(0.00 %),0,0,0,0,34550,34550,34550
2023-05-16,28.16,34550,0(0.00 %),0,0,0,0,34550,34550,34550
2023-05-17,28.16,34550,0(0.00 %),0,0,0,0,34550,34550,34550
2023-05-18,28.16,34550,0(0.00 %),0,0,0,0,34550,34550,34550
2023-05-19,28.16,34550,0(0.00 %),0,0,0,0,34550,34550,34550
2023-05-22,28.16,34550,0(0.00 %),0,0,0,0,34550,34550,34550
2023-05-23,26.21,32150,-2.4(-6.95 %),300,9000000,0,0,32150,32150,32150
2023-05-24,24.54,30100,-2.05(-6.38 %),2400,72000000,0,0,34150,34150,29900
2023-05-25,24.54,30100,0(0.00 %),0,0,0,0,30100,30100,30100
2023-05-26,24.54,30100,0(0.00 %),100,3000000,0,0,30100,30100,30100
2023-05-29,23.76,29150,-0.95(-3.16 %),100,2000000,0,0,29150,29150,29150
2023-05-30,23.68,29050,-0.1(-0.34 %),600,17000000,0,0,31100,31100,29050
2023-05-31,24.94,30600,1.55(5.34 %),200,6000000,0,0,30600,30600,30600
2023-06-01,23.84,29250,-1.35(-4.41 %),400,11000000,0,0,30200,30200,29250
2023-06-02,23.76,29150,-0.1(-0.34 %),100,2000000,0,0,29150,29150,29150
2023-06-05,24.62,30200,1.05(3.60 %),500,15000000,0,0,30000,30200,30000
2023-06-06,24.62,30200,0(0.00 %),200,6000000,0,0,30150,30200,30150
2023-06-07,24.46,30000,-0.2(-0.66 %),1000,30000000,0,0,30000,30000,30000
2023-06-08,24.46,30000,0(0.00 %),100,3000000,0,0,30000,30000,30000
2023-06-09,24.46,30000,0(0.00 %),1600,49000000,0,0,32000,32000,30000
2023-06-12,24.46,30000,0(0.00 %),0,0,0,0,30000,30000,30000
2023-06-13,24.46,30000,0(0.00 %),2100,63000000,0,0,30000,30000,30000
2023-06-14,24.46,30000,0(0.00 %),400,12000000,0,0,30000,30000,30000
2023-06-15,24.46,30000,0(0.00 %),0,0,0,0,30000,30000,30000
2023-06-16,25.68,31500,1.5(5.00 %),200,6000000,0,0,31500,31500,31500
2023-06-19,24.86,30500,-1(-3.17 %),200,6000000,0,0,30000,30500,30000
2023-06-20,26.45,32450,1.95(6.39 %),1400,45000000,0,0,32600,32600,32450
2023-06-21,25.27,31000,-1.5(-4.62 %),1500,46000000,0,0,31000,31000,31000
2023-06-22,26.9,33000,2(6.45 %),400,13000000,0,0,33000,33000,33000
2023-06-23,25.03,30700,-2.3(-6.97 %),300,9000000,0,0,31200,31200,30700
2023-06-26,25.03,30700,0(0.00 %),100,3000000,0,0,30700,30700,30700
2023-06-27,25.03,30700,0(0.00 %),0,0,0,0,30700,30700,30700
2023-06-28,25.03,30700,0(0.00 %),2700,83000000,0,0,30800,30800,30700
2023-06-29,24.86,30500,-0.2(-0.65 %),900,27000000,0,0,30500,30500,30500
2023-06-30,25.03,30700,0.2(0.66 %),700,21000000,0,0,30700,30700,30700
2023-07-03,25.03,30700,0(0.00 %),0,0,0,0,30700,30700,30700
2023-07-04,26.49,32500,1.8(5.86 %),100,3000000,0,0,32500,32500,32500
2023-07-05,26.49,32500,0(0.00 %),0,0,0,0,32500,32500,32500
2023-07-06,25.11,30800,-1.7(-5.23 %),1800,57000000,0,0,32500,32500,30700
2023-07-07,26.82,32900,2.1(6.82 %),1000,31000000,0,0,30800,32900,30800
2023-07-10,28.45,34900,2(6.08 %),2300,77000000,0,0,32900,34900,32700
2023-07-11,28.29,34700,-0.2(-0.57 %),2300,78000000,0,0,34750,34750,32500
2023-07-12,26.9,33000,-1.7(-4.90 %),100,3000000,0,0,33000,33000,33000
2023-07-13,26.9,33000,0(0.00 %),100,3000000,0,0,33000,33000,33000
2023-07-14,26.9,33000,0(0.00 %),200,6000000,0,0,33000,33000,33000
2023-07-17,28.45,34900,1.9(5.76 %),900,30000000,0,0,33000,34900,33000
2023-07-18,27.72,34000,-0.9(-2.58 %),1100,37000000,0,0,34900,34900,34000
2023-07-19,28.33,34750,0.75(2.21 %),200,6000000,0,0,34000,34750,34000
2023-07-20,28.33,32748,0.05(0.15 %),0,0,0,0,32748,32748,32748
2023-07-21,30.06,34750,-0.05(-0.14 %),0,0,0,0,34750,34750,34750
2023-07-24,29.32,33900,-0.9(-2.59 %),1100,36000000,0,0,32750,33900,32600
2023-07-25,27.77,32100,-1.8(-5.31 %),500,16000000,0,0,32100,32100,32100
2023-07-26,27.77,32100,0(0.00 %),0,0,0,0,32100,32100,32100
2023-07-27,27.77,32100,0(0.00 %),0,0,0,0,32100,32100,32100
2023-07-28,27.77,32100,0(0.00 %),0,0,0,0,32100,32100,32100
2023-07-31,27.77,32100,0(0.00 %),0,0,0,0,32100,32100,32100
2023-08-01,27.77,32100,0(0.00 %),0,0,0,0,32100,32100,32100
2023-08-02,27.77,32100,0(0.00 %),0,0,0,0,32100,32100,32100
2023-08-03,26.08,30150,-1.95(-6.07 %),200,6000000,0,0,30150,30150,30150
2023-08-04,26.08,30150,0(0.00 %),0,0,0,0,30150,30150,30150
2023-08-07,26.82,31000,0.85(2.82 %),100,3000000,0,0,31000,31000,31000
2023-08-08,27.85,32200,1.2(3.87 %),5000,158000000,0,0,31000,32200,31000
2023-08-09,26.9,31100,-1.1(-3.42 %),1500,47000000,0,0,32100,32200,31100
2023-08-10,27.68,32000,0.9(2.89 %),3700,118000000,0,0,32000,32000,32000
2023-08-11,27.68,32000,0(0.00 %),100,3000000,0,0,32000,32000,32000
2023-08-14,27.68,32000,0(0.00 %),1000,32000000,0,0,32000,32000,32000
2023-08-15,27.68,32000,0(0.00 %),0,0,0,0,32000,32000,32000
2023-08-16,27.68,32000,0(0.00 %),0,0,0,0,32000,32000,32000
2023-08-17,27.68,32000,0(0.00 %),100,3000000,0,0,32000,32000,32000
2023-08-18,27.68,32000,0(0.00 %),0,0,0,0,32000,32000,32000
2023-08-21,27.68,32000,0(0.00 %),0,0,0,0,32000,32000,32000
2023-08-22,27.68,32000,0(0.00 %),0,0,0,0,32000,32000,32000
2023-08-23,27.68,32000,0(0.00 %),0,0,0,0,32000,32000,32000
2023-08-24,26.99,31200,-0.8(-2.50 %),1900,59000000,0,0,31200,31200,31200
2023-08-25,26.99,31200,0(0.00 %),0,0,0,0,31200,31200,31200
2023-08-28,26.99,31200,0(0.00 %),1100,34000000,0,0,31200,31200,31200
2023-08-29,26.99,31200,0(0.00 %),0,0,0,0,31200,31200,31200
2023-08-30,26.99,31200,0(0.00 %),100,3000000,0,0,31200,31200,31200
2023-08-31,26.99,31200,0(0.00 %),0,0,0,0,31200,31200,31200
2023-09-05,26.99,31200,0(0.00 %),0,0,0,0,31200,31200,31200
2023-09-06,27.68,32000,0.8(2.56 %),100,3000000,0,0,32000,32000,32000
2023-09-07,27.68,32000,0(0.00 %),600,19000000,0,0,32000,32000,32000
2023-09-08,27.68,32000,0(0.00 %),0,0,0,0,32000,32000,32000
2023-09-11,26.51,30650,-1.35(-4.22 %),1000,30000000,0,0,30650,30650,30650
2023-09-12,25.52,29500,-1.15(-3.75 %),100,2000000,0,0,29500,29500,29500
2023-09-13,27.29,31550,2.05(6.95 %),2200,69000000,0,0,31550,31550,31550
2023-09-14,27.29,31550,0(0.00 %),0,0,0,0,31550,31550,31550
2023-09-15,27.29,31550,0(0.00 %),0,0,0,0,31550,31550,31550
2023-09-18,27.29,31550,0(0.00 %),0,0,0,0,31550,31550,31550
2023-09-19,27.29,31550,0(0.00 %),0,0,0,0,31550,31550,31550
2023-09-20,27.29,31550,0(0.00 %),0,0,0,0,31550,31550,31550
2023-09-21,27.29,31550,0(0.00 %),0,0,0,0,31550,31550,31550
2023-09-22,27.29,31550,0(0.00 %),0,0,0,0,31550,31550,31550
2023-09-25,27.29,31550,0(0.00 %),0,0,0,0,31550,31550,31550
2023-09-26,27.29,31550,0(0.00 %),0,0,0,0,31550,31550,31550
2023-09-27,27.29,31550,0(0.00 %),0,0,0,0,31550,31550,31550
2023-09-28,27.29,31550,0(0.00 %),0,0,0,0,31550,31550,31550
2023-09-29,27.29,31550,0(0.00 %),0,0,0,0,31550,31550,31550
2023-10-02,27.29,31550,0(0.00 %),0,0,0,0,31550,31550,31550
2023-10-03,27.29,31550,0(0.00 %),0,0,0,0,31550,31550,31550
2023-10-04,27.29,31550,0(0.00 %),0,0,0,0,31550,31550,31550
2023-10-05,27.29,31550,0(0.00 %),0,0,0,0,31550,31550,31550
2023-10-06,27.29,31550,0(0.00 %),0,0,0,0,31550,31550,31550
2023-10-09,27.29,31550,0(0.00 %),0,0,0,0,31550,31550,31550
2023-10-10,27.29,31550,0(0.00 %),0,0,0,0,31550,31550,31550
2023-10-11,27.29,31550,0(0.00 %),0,0,0,0,31550,31550,31550
2023-10-12,27.29,31550,0(0.00 %),0,0,0,0,31550,31550,31550
2023-10-13,27.29,31550,0(0.00 %),0,0,0,0,31550,31550,31550
2023-10-16,27.29,31550,0(0.00 %),0,0,0,0,31550,31550,31550
2023-10-17,27.29,31550,0(0.00 %),0,0,0,0,31550,31550,31550
2023-10-18,27.29,31550,0(0.00 %),0,0,0,0,31550,31550,31550
2023-10-19,27.29,31550,0(0.00 %),0,0,0,0,31550,31550,31550
2023-10-20,27.29,31550,0(0.00 %),0,0,0,0,31550,31550,31550
2023-10-23,27.29,31550,0(0.00 %),0,0,0,0,31550,31550,31550
2023-10-24,27.29,31550,0(0.00 %),0,0,0,0,31550,31550,31550
2023-10-25,27.29,31550,0(0.00 %),0,0,0,0,31550,31550,31550
2023-10-26,27.25,31500,-0.05(-0.16 %),100,3000000,0,0,31500,31500,31500
2023-10-27,27.25,31500,0(0.00 %),0,0,0,0,31500,31500,31500
2023-10-30,27.25,31500,0(0.00 %),0,0,0,0,31500,31500,31500
2023-10-31,27.25,31500,0(0.00 %),100,3000000,0,0,31500,31500,31500
2023-11-01,27.25,31500,0(0.00 %),0,0,0,0,31500,31500,31500
2023-11-02,25.52,29500,-2(-6.35 %),200,5000000,0,0,29500,29500,29500
2023-11-03,25.52,29500,0(0.00 %),0,0,0,0,29500,29500,29500
2023-11-06,25.99,30050,0.55(1.86 %),100,3000000,0,0,30050,30050,30050
2023-11-07,25.99,30050,0(0.00 %),100,3000000,0,0,30050,30050,30050
2023-11-08,25.99,30050,0(0.00 %),0,0,0,0,30050,30050,30050
2023-11-09,25.99,30050,0(0.00 %),0,0,0,0,30050,30050,30050
2023-11-10,25.99,30050,0(0.00 %),0,0,0,0,30050,30050,30050
2023-11-13,25.99,30050,0(0.00 %),0,0,0,0,30050,30050,30050
2023-11-14,25.99,30050,0(0.00 %),0,0,0,0,30050,30050,30050
2023-11-15,25.99,30050,0(0.00 %),0,0,0,0,30050,30050,30050
2023-11-16,26.9,31100,1.05(3.49 %),100,3000000,0,0,31100,31100,31100
2023-11-17,26.9,31100,0(0.00 %),0,0,0,0,31100,31100,31100
2023-11-20,26.9,31100,0(0.00 %),0,0,0,0,31100,31100,31100
2023-11-21,26.9,31100,0(0.00 %),0,0,60200,1806000000,31100,31100,31100
2023-11-22,25.09,29000,-2.1(-6.75 %),100,2000000,0,0,29000,29000,29000
2023-11-23,25.09,29000,0(0.00 %),0,0,0,0,29000,29000,29000
2023-11-24,25.95,30000,1(3.45 %),100,3000000,0,0,30000,30000,30000
2023-11-27,25.95,30000,0(0.00 %),0,0,0,0,30000,30000,30000
2023-11-28,25.95,30000,0(0.00 %),0,0,0,0,30000,30000,30000
2023-11-29,25.95,30000,0(0.00 %),0,0,0,0,30000,30000,30000
2023-11-30,25.95,30000,0(0.00 %),0,0,0,0,30000,30000,30000
2023-12-01,25.95,30000,0(0.00 %),0,0,0,0,30000,30000,30000
2023-12-04,25.95,30000,0(0.00 %),0,0,0,0,30000,30000,30000
2023-12-05,25.95,30000,0(0.00 %),0,0,0,0,30000,30000,30000
2023-12-06,25.95,30000,0(0.00 %),0,0,0,0,30000,30000,30000
2023-12-07,25.95,30000,0(0.00 %),100,3000000,0,0,30000,30000,30000
2023-12-08,25.95,30000,0(0.00 %),0,0,0,0,30000,30000,30000
2023-12-11,25.95,30000,0(0.00 %),0,0,0,0,30000,30000,30000
2023-12-12,25.95,30000,0(0.00 %),0,0,0,0,30000,30000,30000
2023-12-13,25.95,30000,0(0.00 %),0,0,0,0,30000,30000,30000
2023-12-14,25.95,30000,0(0.00 %),0,0,0,0,30000,30000,30000
2023-12-15,25.09,29000,-1(-3.33 %),100,2000000,0,0,29000,29000,29000
2023-12-18,25.09,29000,0(0.00 %),0,0,0,0,29000,29000,29000
2023-12-19,25.09,29000,0(0.00 %),0,0,0,0,29000,29000,29000
2023-12-20,25.09,29000,0(0.00 %),0,0,0,0,29000,29000,29000
2023-12-21,26.82,31000,2(6.90 %),700,21000000,0,0,31000,31000,31000
2023-12-22,26.82,31000,0(0.00 %),0,0,0,0,31000,31000,31000
2023-12-25,26.82,31000,0(0.00 %),0,0,0,0,31000,31000,31000
2023-12-26,26.82,31000,0(0.00 %),0,0,0,0,31000,31000,31000
2023-12-27,26.82,31000,0(0.00 %),0,0,0,0,31000,31000,31000
2023-12-28,26.82,31000,0(0.00 %),0,0,0,0,31000,31000,31000
2023-12-29,26.82,31000,0(0.00 %),0,0,0,0,31000,31000,31000
2024-01-02,25.09,29000,-2(-6.45 %),700,20000000,0,0,31000,31000,29000
2024-01-03,26.82,31000,2(6.90 %),9400,291000000,0,0,30900,31000,30900
2024-01-04,26.82,31000,0(0.00 %),100,3000000,0,0,31000,31000,31000
2024-01-05,26.82,31000,0(0.00 %),200,6000000,0,0,31000,31000,31000
2024-01-08,25.95,30000,-1(-3.23 %),100,3000000,0,0,30000,30000,30000
2024-01-09,25.95,30000,0(0.00 %),0,0,0,0,30000,30000,30000
2024-01-10,25.95,30000,0(0.00 %),0,0,0,0,30000,30000,30000
2024-01-11,25.95,30000,0(0.00 %),0,0,0,0,30000,30000,30000
2024-01-12,25.95,30000,0(0.00 %),0,0,0,0,30000,30000,30000
2024-01-15,25.95,30000,0(0.00 %),200,6000000,0,0,30100,30100,30000
2024-01-16,25.95,30000,0(0.00 %),0,0,0,0,30000,30000,30000
2024-01-17,25.95,30000,0(0.00 %),0,0,0,0,30000,30000,30000
2024-01-18,25.95,30000,0(0.00 %),0,0,0,0,30000,30000,30000
2024-01-19,25.95,30000,0(0.00 %),0,0,0,0,30000,30000,30000
2024-01-22,25.95,30000,0(0.00 %),0,0,0,0,30000,30000,30000
2024-01-23,25.95,30000,0(0.00 %),0,0,0,0,30000,30000,30000
2024-01-24,25.95,30000,0(0.00 %),0,0,0,0,30000,30000,30000
2024-01-25,25.95,30000,0(0.00 %),0,0,0,0,30000,30000,30000
2024-01-26,25.95,30000,0(0.00 %),0,0,0,0,30000,30000,30000
2024-01-29,25.95,30000,0(0.00 %),0,0,0,0,30000,30000,30000
2024-01-30,25.95,30000,0(0.00 %),0,0,0,0,30000,30000,30000
2024-01-31,25.95,30000,0(0.00 %),0,0,0,0,30000,30000,30000
2024-02-01,25.95,30000,0(0.00 %),0,0,0,0,30000,30000,30000
2024-02-02,27.25,31500,1.5(5.00 %),100,3000000,0,0,31500,31500,31500
2024-02-05,27.25,31500,0(0.00 %),0,0,0,0,31500,31500,31500
2024-02-06,27.25,31500,0(0.00 %),0,0,0,0,31500,31500,31500
2024-02-07,27.25,31500,0(0.00 %),0,0,0,0,31500,31500,31500
2024-02-15,27.25,31500,0(0.00 %),0,0,0,0,31500,31500,31500
2024-02-16,27.25,31500,0(0.00 %),0,0,0,0,31500,31500,31500
2024-02-19,27.25,31500,0(0.00 %),0,0,0,0,31500,31500,31500
2024-02-20,27.25,31500,0(0.00 %),200,6000000,0,0,31700,31700,31500
2024-02-21,27.25,31500,0(0.00 %),600,18000000,0,0,31500,31500,31500
2024-02-22,27.25,31500,0(0.00 %),1000,31000000,0,0,31500,31500,31500
2024-02-23,27.25,31500,0(0.00 %),0,0,0,0,31500,31500,31500
2024-02-26,27.25,31500,0(0.00 %),0,0,0,0,31500,31500,31500
2024-02-27,27.25,31500,0(0.00 %),0,0,0,0,31500,31500,31500
2024-02-28,27.25,31500,0(0.00 %),0,0,0,0,31500,31500,31500
2024-02-29,27.25,31500,0(0.00 %),0,0,0,0,31500,31500,31500
2024-03-01,27.25,31500,0(0.00 %),0,0,0,0,31500,31500,31500
2024-03-04,27.25,31500,0(0.00 %),0,0,0,0,31500,31500,31500
2024-03-05,27.25,31500,0(0.00 %),0,0,0,0,31500,31500,31500
2024-03-06,27.25,31500,0(0.00 %),0,0,0,0,31500,31500,31500
2024-03-07,27.25,31500,0(0.00 %),0,0,0,0,31500,31500,31500
2024-03-08,27.25,31500,0(0.00 %),0,0,0,0,31500,31500,31500
2024-03-11,27.25,31500,0(0.00 %),0,0,0,0,31500,31500,31500
2024-03-12,27.25,31500,0(0.00 %),0,0,0,0,31500,31500,31500
2024-03-13,27.68,32000,0.5(1.59 %),400,12000000,0,0,32700,32700,32000
2024-03-14,27.68,32000,0(0.00 %),0,0,0,0,32000,32000,32000
2024-03-15,27.68,32000,0(0.00 %),0,0,0,0,32000,32000,32000
2024-03-18,27.68,32000,0(0.00 %),0,0,0,0,32000,32000,32000
2024-03-19,27.68,32000,0(0.00 %),0,0,0,0,32000,32000,32000
2024-03-20,28.29,32700,0.7(2.19 %),700,22000000,0,0,30100,32700,30100
2024-03-21,28.29,32700,0(0.00 %),0,0,0,0,32700,32700,32700
2024-03-22,28.29,32700,0(0.00 %),0,0,0,0,32700,32700,32700
2024-03-25,28.29,32700,0(0.00 %),0,0,0,0,32700,32700,32700
2024-03-26,28.29,32700,0(0.00 %),0,0,0,0,32700,32700,32700
2024-03-27,28.11,32500,-0.2(-0.61 %),300,9000000,0,0,32700,32700,32500
2024-03-28,27.68,32000,-0.5(-1.54 %),100,3000000,0,0,32000,32000,32000
2024-03-29,27.68,32000,0(0.00 %),0,0,0,0,32000,32000,32000
2024-04-01,27.68,32000,0(0.00 %),0,0,0,0,32000,32000,32000
2024-04-02,27.68,32000,0(0.00 %),0,0,0,0,32000,32000,32000
2024-04-03,27.68,32000,0(0.00 %),0,0,0,0,32000,32000,32000
2024-04-04,27.68,32000,0(0.00 %),0,0,0,0,32000,32000,32000
2024-04-05,27.68,32000,0(0.00 %),0,0,0,0,32000,32000,32000
2024-04-08,27.68,32000,0(0.00 %),0,0,0,0,32000,32000,32000
2024-04-09,27.68,32000,0(0.00 %),0,0,0,0,32000,32000,32000
2024-04-10,27.68,32000,0(0.00 %),0,0,0,0,32000,32000,32000
2024-04-11,27.68,32000,0(0.00 %),0,0,0,0,32000,32000,32000
2024-04-12,27.68,32000,0(0.00 %),0,0,0,0,32000,32000,32000
2024-04-15,27.68,32000,0(0.00 %),0,0,0,0,32000,32000,32000
2024-04-16,27.68,32000,0(0.00 %),0,0,0,0,32000,32000,32000
2024-04-17,26.9,31100,-0.9(-2.81 %),2600,80000000,0,0,31100,31100,31100
2024-04-19,26.9,31100,0(0.00 %),0,0,0,0,31100,31100,31100
2024-04-22,26.9,31100,0(0.00 %),0,0,0,0,31100,31100,31100
2024-04-23,26.9,31100,0(0.00 %),0,0,0,0,31100,31100,31100
2024-04-24,26.9,31100,0(0.00 %),0,0,0,0,31100,31100,31100
2024-04-25,26.9,31100,0(0.00 %),0,0,0,0,31100,31100,31100
2024-04-26,26.9,31100,0(0.00 %),0,0,0,0,31100,31100,31100
2024-05-02,26.9,31100,0(0.00 %),0,0,0,0,31100,31100,31100
2024-05-03,26.9,31100,0(0.00 %),0,0,0,0,31100,31100,31100
2024-05-06,28.29,32700,1.6(5.14 %),100,3000000,0,0,32700,32700,32700
2024-05-07,28.29,32700,0(0.00 %),100,3000000,0,0,32700,32700,32700
2024-05-08,28.29,32700,0(0.00 %),0,0,0,0,32700,32700,32700
2024-05-09,28.29,32700,0(0.00 %),0,0,0,0,32700,32700,32700
2024-05-10,28.29,32700,0(0.00 %),0,0,0,0,32700,32700,32700
2024-05-13,28.29,32700,0(0.00 %),0,0,0,0,32700,32700,32700
2024-05-14,28.29,32700,0(0.00 %),100,3000000,0,0,32700,32700,32700
2024-05-15,28.29,32700,0(0.00 %),0,0,0,0,32700,32700,32700
2024-05-16,28.29,32700,0(0.00 %),0,0,0,0,32700,32700,32700
2024-05-17,28.29,32700,0(0.00 %),0,0,0,0,32700,32700,32700
2024-05-20,28.29,32700,0(0.00 %),0,0,0,0,32700,32700,32700
2024-05-21,28.29,32700,0(0.00 %),0,0,0,0,32700,32700,32700
2024-05-22,28.55,33000,0.3(0.92 %),300,9000000,0,0,33000,33000,33000
2024-05-23,28.55,33000,0(0.00 %),400,13000000,0,0,33000,33000,33000
2024-05-24,28.55,33000,0(0.00 %),2000,65000000,0,0,33000,33000,32000
2024-05-27,28.55,33000,0(0.00 %),0,0,0,0,33000,33000,33000
2024-05-28,28.55,33000,0(0.00 %),0,0,0,0,33000,33000,33000
2024-05-29,28.55,33000,0(0.00 %),0,0,0,0,33000,33000,33000
2024-05-30,28.55,33000,0(0.00 %),0,0,0,0,33000,33000,33000
2024-05-31,28.55,33000,0(0.00 %),0,0,0,0,33000,33000,33000
2024-06-03,29.15,33700,0.7(2.12 %),600,20000000,0,0,31500,33700,31500
2024-06-04,28.72,33200,-0.5(-1.48 %),1600,53000000,0,0,33200,33200,33200
2024-06-05,29.41,34000,0.8(2.41 %),600,20000000,0,0,34000,34000,34000
2024-06-06,29.41,34000,0(0.00 %),0,0,0,0,34000,34000,34000
2024-06-07,29.41,34000,0(0.00 %),1800,61000000,0,0,34000,34000,34000
2024-06-10,31.44,36350,2.35(6.91 %),200,7000000,0,0,36350,36350,36350
2024-06-11,31.44,36350,0(0.00 %),0,0,0,0,36350,36350,36350
2024-06-12,31.14,36000,-0.35(-0.96 %),600,21000000,0,0,35900,36000,35900
2024-06-13,31.14,36000,0(0.00 %),400,14000000,0,0,36000,36000,36000
2024-06-14,31.14,36000,0(0.00 %),0,0,0,0,36000,36000,36000
2024-06-17,31.14,36000,0(0.00 %),0,0,0,0,36000,36000,36000
2024-06-18,31.14,36000,0(0.00 %),0,0,0,0,36000,36000,36000
2024-06-19,31.14,36000,0(0.00 %),0,0,0,0,36000,36000,36000
2024-06-20,31.14,36000,0(0.00 %),0,0,0,0,36000,36000,36000
2024-06-21,31.14,36000,0(0.00 %),0,0,0,0,36000,36000,36000
2024-06-24,31.14,36000,0(0.00 %),0,0,0,0,36000,36000,36000
2024-06-25,31.14,36000,0(0.00 %),0,0,0,0,36000,36000,36000
2024-06-26,31.14,36000,0(0.00 %),0,0,0,0,36000,36000,36000
2024-06-27,28.98,33500,-2.5(-6.94 %),500,16000000,0,0,33500,33500,33500
2024-06-28,30.71,35500,2(5.97 %),2000,71000000,0,0,35500,35800,35500
2024-07-01,30.71,35500,0(0.00 %),0,0,0,0,35500,35500,35500
2024-07-02,30.71,35500,0(0.00 %),0,0,0,0,35500,35500,35500
2024-07-03,30.71,35500,0(0.00 %),600,21000000,0,0,35500,35500,35500
2024-07-04,31.14,36000,0.5(1.41 %),100,3000000,0,0,36000,36000,36000
2024-07-05,31.57,36500,0.5(1.39 %),100,3000000,0,0,36500,36500,36500
2024-07-08,31.57,36500,0(0.00 %),0,0,0,0,36500,36500,36500
2024-07-09,29.41,34000,-2.5(-6.85 %),1000,34000000,0,0,34000,34000,34000
2024-07-10,31.05,35900,1.9(5.59 %),900,31000000,0,0,34500,35900,34500
2024-07-11,31.05,35900,0(0.00 %),100,3000000,0,0,35900,35900,35900
2024-07-12,31.05,35900,0(0.00 %),0,0,0,0,35900,35900,35900
2024-07-15,31.05,35900,0(0.00 %),0,0,0,0,35900,35900,35900
2024-07-16,31.05,35900,0(0.00 %),0,0,0,0,35900,35900,35900
2024-07-17,31.05,35900,0(0.00 %),0,0,0,0,35900,35900,35900
2024-07-18,31.05,35900,0(0.00 %),0,0,0,0,35900,35900,35900
2024-07-19,31.05,35900,0(0.00 %),0,0,0,0,35900,35900,35900
2024-07-22,29.41,34000,-1.9(-5.29 %),100,3000000,0,0,34000,34000,34000
2024-07-23,29.41,34000,0(0.00 %),0,0,0,0,34000,34000,34000
2024-07-24,29.41,34000,0(0.00 %),0,0,0,0,34000,34000,34000
2024-07-25,29.41,34000,0(0.00 %),0,0,0,0,34000,34000,34000
2024-07-26,29.41,34000,0(0.00 %),0,0,0,0,34000,34000,34000
2024-07-29,29.41,34000,0(0.00 %),0,0,0,0,34000,34000,34000
2024-07-30,29.41,34000,0(0.00 %),0,0,0,0,34000,34000,34000
2024-07-31,29.41,34000,0(0.00 %),0,0,0,0,34000,34000,34000
2024-08-01,29.41,34000,0(0.00 %),0,0,0,0,34000,34000,34000
2024-08-02,29.41,34000,0(0.00 %),100,3000000,0,0,34000,34000,34000
2024-08-05,29.41,34000,0(0.00 %),0,0,0,0,34000,34000,34000
2024-08-06,29.41,34000,0(0.00 %),0,0,0,0,34000,34000,34000
2024-08-07,29.41,34000,0(0.00 %),0,0,0,0,34000,34000,34000
2024-08-08,29.41,34000,0(0.00 %),0,0,0,0,34000,34000,34000
2024-08-09,29.41,34000,0(0.00 %),0,0,0,0,34000,34000,34000
2024-08-12,29.41,34000,0(0.00 %),0,0,0,0,34000,34000,34000
2024-08-13,29.41,34000,0(0.00 %),0,0,0,0,34000,34000,34000
2024-08-14,29.41,34000,0(0.00 %),0,0,0,0,34000,34000,34000
2024-08-15,29.41,34000,0(0.00 %),0,0,0,0,34000,34000,34000
2024-08-16,29.41,34000,0(0.00 %),0,0,0,0,34000,34000,34000
2024-08-19,31.44,36350,2.35(6.91 %),2500,90000000,0,0,35800,36350,35800
2024-08-20,33.61,38850,2.5(6.88 %),1800,69000000,0,0,38800,38850,38800
2024-08-21,35.47,41000,2.15(5.53 %),3400,138000000,0,0,41000,41550,40000
2024-08-22,35.47,41000,0(0.00 %),1400,57000000,0,0,41500,41500,41000
2024-08-23,36.33,42000,1(2.44 %),3000,125000000,0,0,41950,42000,41950
2024-08-26,35.9,41500,-0.5(-1.19 %),500,20000000,0,0,41050,41500,41050
2024-08-27,33.91,39200,-2.3(-5.54 %),1300,52000000,0,0,41700,41700,39200
2024-08-28,36.24,41900,2.7(6.89 %),4800,200000000,0,0,41600,41900,41600
2024-08-29,36.76,42500,0.6(1.43 %),1400,58000000,0,0,41900,42500,41900
2024-08-30,36.76,42500,0(0.00 %),1300,55000000,0,0,42550,42700,42500
2024-09-04,39.25,41800,2.65(6.77 %),400,16000000,0,0,41800,41800,41800
2024-09-05,39.25,41800,0(0.00 %),0,0,0,0,41800,41800,41800
2024-09-06,39.25,41800,0(0.00 %),0,0,0,0,41800,41800,41800
2024-09-09,39.25,41800,0(0.00 %),0,0,0,0,41800,41800,41800
2024-09-10,36.53,38900,-2.9(-6.94 %),600,23000000,0,0,38900,38900,38900
2024-09-11,36.43,38800,-0.1(-0.26 %),200,7000000,0,0,38800,38800,38800
2024-09-12,36.43,38800,0(0.00 %),0,0,0,0,38800,38800,38800
2024-09-13,36.43,38800,0(0.00 %),0,0,0,0,38800,38800,38800
2024-09-16,36.43,38800,0(0.00 %),0,0,0,0,38800,38800,38800
2024-09-17,36.43,38800,0(0.00 %),0,0,0,0,38800,38800,38800
2024-09-18,36.43,38800,0(0.00 %),0,0,632000,24521600000,38800,38800,38800
2024-09-19,36.43,38800,0(0.00 %),0,0,0,0,38800,38800,38800
2024-09-20,36.43,38800,0(0.00 %),300,11000000,0,0,38800,38800,38800
2024-09-23,36.43,38800,0(0.00 %),0,0,0,0,38800,38800,38800
2024-09-24,36.43,38800,0(0.00 %),0,0,0,0,38800,38800,38800
2024-09-25,36.43,38800,0(0.00 %),0,0,0,0,38800,38800,38800
2024-09-26,36.25,38600,-0.2(-0.52 %),1200,46000000,0,0,38800,38800,38600
2024-09-27,36.25,38600,0(0.00 %),0,0,0,0,38600,38600,38600
2024-09-30,33.71,35900,-2.7(-6.99 %),1000,35000000,0,0,35900,35900,35900
2024-10-01,33.71,35900,0(0.00 %),0,0,0,0,35900,35900,35900
2024-10-02,33.71,35900,0(0.00 %),0,0,0,0,35900,35900,35900
2024-10-03,33.71,35900,0(0.00 %),0,0,0,0,35900,35900,35900
2024-10-04,33.71,35900,0(0.00 %),0,0,0,0,35900,35900,35900
2024-10-07,33.71,35900,0(0.00 %),0,0,0,0,35900,35900,35900
2024-10-08,33.71,35900,0(0.00 %),500,17000000,0,0,35900,35900,35900
2024-10-09,33.99,36200,0.3(0.84 %),1200,43000000,0,0,35900,36200,35900
2024-10-10,33.99,36200,0(0.00 %),0,0,0,0,36200,36200,36200
2024-10-11,33.99,36200,0(0.00 %),0,0,0,0,36200,36200,36200
2024-10-14,33.99,36200,0(0.00 %),500,18000000,0,0,36200,36200,36200
2024-10-15,33.99,36200,0(0.00 %),1700,61000000,0,0,36200,36200,36200
2024-10-16,33.99,36200,0(0.00 %),0,0,0,0,36200,36200,36200
2024-10-17,33.99,36200,0(0.00 %),0,0,0,0,36200,36200,36200
2024-10-18,33.99,36200,0(0.00 %),0,0,0,0,36200,36200,36200
2024-10-21,33.99,36200,0(0.00 %),0,0,0,0,36200,36200,36200
2024-10-22,33.99,36200,0(0.00 %),0,0,0,0,36200,36200,36200
2024-10-23,33.99,36200,0(0.00 %),0,0,0,0,36200,36200,36200
2024-10-24,33.99,36200,0(0.00 %),0,0,0,0,36200,36200,36200
2024-10-25,33.99,36200,0(0.00 %),0,0,0,0,36200,36200,36200
2024-10-28,33.99,36200,0(0.00 %),0,0,0,0,36200,36200,36200
2024-10-29,33.99,36200,0(0.00 %),0,0,0,0,36200,36200,36200
2024-10-30,33.8,36000,-0.2(-0.55 %),600,21000000,0,0,36000,36000,36000
2024-10-31,33.8,36000,0(0.00 %),0,0,0,0,36000,36000,36000
2024-11-01,33.8,36000,0(0.00 %),0,0,0,0,36000,36000,36000
2024-11-04,33.33,35500,-0.5(-1.39 %),300,10000000,0,0,35000,35500,35000
2024-11-05,33.33,35500,0(0.00 %),0,0,0,0,35500,35500,35500
2024-11-06,32.86,35000,-0.5(-1.41 %),800,28000000,0,0,35000,35000,35000
2024-11-07,32.86,35000,0(0.00 %),0,0,0,0,35000,35000,35000
2024-11-08,32.86,35000,0(0.00 %),0,0,0,0,35000,35000,35000
2024-11-11,32.86,35000,0(0.00 %),0,0,0,0,35000,35000,35000
2024-11-12,32.86,35000,0(0.00 %),0,0,0,0,35000,35000,35000
2024-11-13,32.86,35000,0(0.00 %),0,0,0,0,35000,35000,35000
2024-11-14,32.86,35000,0(0.00 %),0,0,0,0,35000,35000,35000
2024-11-15,32.86,35000,0(0.00 %),0,0,0,0,35000,35000,35000
2024-11-18,32.86,35000,0(0.00 %),0,0,0,0,35000,35000,35000
2024-11-19,32.86,35000,0(0.00 %),0,0,0,0,35000,35000,35000
2024-11-20,32.86,35000,0(0.00 %),0,0,0,0,35000,35000,35000
2024-11-21,32.86,35000,0(0.00 %),0,0,0,0,35000,35000,35000
2024-11-22,32.86,35000,0(0.00 %),100,3000000,0,0,35000,35000,35000
2024-11-25,32.86,35000,0(0.00 %),0,0,0,0,35000,35000,35000
2024-11-26,32.86,35000,0(0.00 %),0,0,0,0,35000,35000,35000
2024-11-27,32.86,35000,0(0.00 %),100,3000000,0,0,35000,35000,35000
2024-11-28,31.27,33300,-1.7(-4.86 %),100,3000000,0,0,33300,33300,33300
2024-11-29,31.27,33300,0(0.00 %),0,0,0,0,33300,33300,33300
2024-12-02,31.27,33300,0(0.00 %),0,0,0,0,33300,33300,33300
2024-12-03,30.99,33000,-0.3(-0.90 %),100,3000000,0,0,33000,33000,33000
2024-12-04,32.86,35000,2(6.06 %),100,3000000,0,0,35000,35000,35000
2024-12-05,32.86,35000,0(0.00 %),200,7000000,0,0,35000,35000,35000
2024-12-06,32.86,35000,0(0.00 %),200,7000000,0,0,35000,35000,35000
2024-12-09,32.86,35000,0(0.00 %),5100,178000000,0,0,35000,35000,35000
2024-12-10,32.86,35000,0(0.00 %),0,0,0,0,35000,35000,35000
2024-12-11,32.86,35000,0(0.00 %),100,3000000,478967,15590375850,35000,35000,35000
2024-12-12,32.86,35000,0(0.00 %),0,0,0,0,35000,35000,35000
2024-12-13,32.86,35000,0(0.00 %),0,0,0,0,35000,35000,35000
2024-12-16,32.86,35000,0(0.00 %),0,0,0,0,35000,35000,35000
2024-12-17,32.86,35000,0(0.00 %),0,0,0,0,35000,35000,35000
2024-12-18,32.86,35000,0(0.00 %),0,0,0,0,35000,35000,35000
2024-12-19,32.86,35000,0(0.00 %),0,0,0,0,35000,35000,35000
2024-12-20,32.86,35000,0(0.00 %),0,0,0,0,35000,35000,35000
2024-12-23,32.86,35000,0(0.00 %),0,0,0,0,35000,35000,35000
2024-12-24,35.17,37450,2.45(7.00 %),100,3000000,0,0,37450,37450,37450
2024-12-25,35.17,37450,0(0.00 %),0,0,0,0,37450,37450,37450
2024-12-26,35.17,37450,0(0.00 %),0,0,0,0,37450,37450,37450
2024-12-27,35.17,37450,0(0.00 %),0,0,0,0,37450,37450,37450
2024-12-30,37.56,40000,2.55(6.81 %),700,26000000,0,0,38000,40000,38000
2024-12-31,38.03,40500,0.5(1.25 %),200,8000000,0,0,40000,40500,40000
2025-01-02,38.03,40500,0(0.00 %),0,0,0,0,40500,40500,40500
2025-01-03,38.03,40500,0(0.00 %),0,0,0,0,40500,40500,40500
2025-01-06,38.03,40500,0(0.00 %),0,0,0,0,40500,40500,40500
2025-01-07,35.4,37700,-2.8(-6.91 %),700,26000000,0,0,38000,38000,37700
2025-01-08,35.54,37850,0.15(0.40 %),100,3000000,0,0,37850,37850,37850
2025-01-09,35.54,37850,0(0.00 %),0,0,0,0,37850,37850,37850
2025-01-10,35.54,37850,0(0.00 %),0,0,0,0,37850,37850,37850
2025-01-13,35.54,37850,0(0.00 %),0,0,0,0,37850,37850,37850
2025-01-14,35.54,37850,0(0.00 %),0,0,0,0,37850,37850,37850
2025-01-15,35.54,37850,0(0.00 %),0,0,0,0,37850,37850,37850
2025-01-16,35.54,37850,0(0.00 %),0,0,0,0,37850,37850,37850
2025-01-17,35.54,37850,0(0.00 %),0,0,0,0,37850,37850,37850
2025-01-20,35.54,37850,0(0.00 %),0,0,0,0,37850,37850,37850
2025-01-21,35.54,37850,0(0.00 %),0,0,0,0,37850,37850,37850
2025-01-22,35.54,37850,0(0.00 %),0,0,0,0,37850,37850,37850
2025-01-23,35.54,37850,0(0.00 %),0,0,0,0,37850,37850,37850
2025-01-24,35.54,37850,0(0.00 %),0,0,0,0,37850,37850,37850
2025-02-04,35.54,37850,0(0.00 %),0,0,0,0,37850,37850,37850
2025-02-05,35.54,37850,0(0.00 %),0,0,0,0,37850,37850,37850
2025-02-06,35.54,37850,0(0.00 %),0,0,0,0,37850,37850,37850
2025-02-07,35.54,37850,0(0.00 %),0,0,0,0,37850,37850,37850
2025-02-10,35.54,37850,0(0.00 %),0,0,0,0,37850,37850,37850
2025-02-11,35.54,37850,0(0.00 %),0,0,0,0,37850,37850,37850
2025-02-12,35.54,37850,0(0.00 %),0,0,0,0,37850,37850,37850
2025-02-13,35.54,37850,0(0.00 %),0,0,0,0,37850,37850,37850
2025-02-14,35.54,37850,0(0.00 %),0,0,0,0,37850,37850,37850
2025-02-17,35.54,37850,0(0.00 %),0,0,0,0,37850,37850,37850
2025-02-18,35.54,37850,0(0.00 %),0,0,0,0,37850,37850,37850
2025-02-19,35.54,37850,0(0.00 %),0,0,0,0,37850,37850,37850
2025-02-20,35.54,37850,0(0.00 %),0,0,0,0,37850,37850,37850
2025-02-21,35.54,37850,0(0.00 %),0,0,0,0,37850,37850,37850
2025-02-24,33.9,36100,-1.75(-4.62 %),100,3000000,0,0,36100,36100,36100
2025-02-25,33.9,36100,0(0.00 %),0,0,0,0,36100,36100,36100
2025-02-26,33.9,36100,0(0.00 %),0,0,0,0,36100,36100,36100
2025-02-27,33.9,36100,0(0.00 %),0,0,0,0,36100,36100,36100
2025-02-28,33.9,36100,0(0.00 %),0,0,0,0,36100,36100,36100
2025-03-03,33.9,36100,0(0.00 %),0,0,0,0,36100,36100,36100
2025-03-04,33.9,36100,0(0.00 %),0,0,0,0,36100,36100,36100
2025-03-05,33.9,36100,0(0.00 %),0,0,0,0,36100,36100,36100
2025-03-06,36.25,38600,2.5(6.93 %),100,3000000,0,0,38600,38600,38600
2025-03-07,36.25,38600,0(0.00 %),0,0,0,0,38600,38600,38600
2025-03-10,36.25,38600,0(0.00 %),100,3000000,0,0,38600,38600,38600
2025-03-11,36.25,38600,0(0.00 %),0,0,0,0,38600,38600,38600
2025-03-12,36.25,38600,0(0.00 %),0,0,0,0,38600,38600,38600
2025-03-13,36.25,38600,0(0.00 %),0,0,0,0,38600,38600,38600
2025-03-14,36.25,38600,0(0.00 %),0,0,0,0,38600,38600,38600
2025-03-17,36.25,38600,0(0.00 %),0,0,0,0,38600,38600,38600
2025-03-18,36.25,38600,0(0.00 %),0,0,0,0,38600,38600,38600
2025-03-19,36.25,38600,0(0.00 %),0,0,0,0,38600,38600,38600
2025-03-20,36.25,38600,0(0.00 %),100,3000000,0,0,38600,38600,38600
2025-03-21,36.25,38600,0(0.00 %),0,0,0,0,38600,38600,38600
2025-03-24,36.25,38600,0(0.00 %),0,0,0,0,38600,38600,38600
2025-03-25,36.25,38600,0(0.00 %),0,0,0,0,38600,38600,38600
2025-03-26,36.25,38600,0(0.00 %),0,0,0,0,38600,38600,38600
2025-03-27,36.25,38600,0(0.00 %),0,0,0,0,38600,38600,38600
2025-03-28,36.62,39000,0.4(1.04 %),500,19000000,0,0,39000,39000,39000
2025-03-31,35.21,37500,-1.5(-3.85 %),3900,146000000,0,0,38900,38900,37500
2025-04-01,35.21,37500,0(0.00 %),0,0,0,0,37500,37500,37500
2025-04-02,35.21,37500,0(0.00 %),0,0,0,0,37500,37500,37500
2025-04-03,36.62,39000,1.5(4.00 %),100,3000000,0,0,39000,39000,39000
2025-04-04,36.62,39000,0(0.00 %),0,0,0,0,39000,39000,39000
2025-04-08,34.09,36300,-2.7(-6.92 %),1000,37000000,0,0,41700,41700,36300
2025-04-09,36.43,38800,2.5(6.89 %),300,11000000,0,0,38800,38800,38800
2025-04-10,36.43,38800,0(0.00 %),200,8000000,0,0,41250,41250,38800
2025-04-11,36.43,38800,0(0.00 %),0,0,0,0,38800,38800,38800
2025-04-14,36.43,38800,0(0.00 %),300,11000000,0,0,38800,38800,38800
2025-04-15,36.43,38800,0(0.00 %),200,7000000,0,0,38700,38800,38700
2025-04-16,36.43,38800,0(0.00 %),300,11000000,0,0,38800,38800,38800
2025-04-17,36.43,38800,0(0.00 %),0,0,0,0,38800,38800,38800
2025-04-18,36.43,38800,0(0.00 %),0,0,0,0,38800,38800,38800
2025-04-21,36.43,38800,0(0.00 %),0,0,0,0,38800,38800,38800
2025-04-22,36.43,38800,0(0.00 %),0,0,0,0,38800,38800,38800
2025-04-23,36.62,39000,0.2(0.52 %),1900,74000000,0,0,39000,39000,39000
2025-04-24,36.62,39000,0(0.00 %),0,0,0,0,39000,39000,39000
2025-04-25,36.62,39000,0(0.00 %),0,0,0,0,39000,39000,39000
2025-04-28,36.62,39000,0(0.00 %),0,0,0,0,39000,39000,39000
2025-04-29,36.62,39000,0(0.00 %),0,0,0,0,39000,39000,39000
2025-05-05,36.62,39000,0(0.00 %),0,0,0,0,39000,39000,39000
2025-05-06,36.62,39000,0(0.00 %),0,0,0,0,39000,39000,39000
2025-05-07,36.62,39000,0(0.00 %),0,0,0,0,39000,39000,39000
2025-05-08,36.62,39000,0(0.00 %),0,0,0,0,39000,39000,39000
2025-05-09,36.62,39000,0(0.00 %),0,0,0,0,39000,39000,39000
2025-05-12,36.62,39000,0(0.00 %),0,0,0,0,39000,39000,39000
2025-05-13,38.5,41000,2(5.13 %),1600,60500000,0,0,36300,41000,36300
2025-05-14,38.5,41000,0(0.00 %),0,0,0,0,41000,41000,41000
2025-05-15,35.82,38150,-2.85(-6.95 %),200,7630000,0,0,38150,38150,38150
2025-05-16,35.82,38150,0(0.00 %),0,0,0,0,38150,38150,38150
2025-05-19,35.82,38150,0(0.00 %),600,22890000,0,0,38150,38150,38150
2025-05-20,35.82,38150,0(0.00 %),0,0,0,0,38150,38150,38150
2025-05-21,35.82,38150,0(0.00 %),0,0,0,0,38150,38150,38150
2025-05-22,35.82,38150,0(0.00 %),0,0,0,0,38150,38150,38150
2025-05-23,35.82,38150,0(0.00 %),0,0,0,0,38150,38150,38150
2025-05-26,35.82,38150,0(0.00 %),0,0,0,0,38150,38150,38150
2025-05-27,35.82,38150,0(0.00 %),0,0,0,0,38150,38150,38150
2025-05-28,35.82,38150,0(0.00 %),0,0,0,0,38150,38150,38150
2025-05-29,35.82,38150,0(0.00 %),0,0,0,0,38150,38150,38150
2025-05-30,35.82,38150,0(0.00 %),0,0,0,0,38150,38150,38150
2025-06-02,35.82,38150,0(0.00 %),0,0,0,0,38150,38150,38150
2025-06-03,35.82,38150,0(0.00 %),0,0,0,0,38150,38150,38150
2025-06-04,35.82,38150,0(0.00 %),0,0,0,0,38150,38150,38150
2025-06-05,35.82,38150,0(0.00 %),0,0,0,0,38150,38150,38150
2025-06-06,35.82,38150,0(0.00 %),0,0,0,0,38150,38150,38150
2025-06-09,35.82,38150,0(0.00 %),0,0,0,0,38150,38150,38150
2025-06-10,35.82,38150,0(0.00 %),0,0,0,0,38150,38150,38150
2025-06-11,35.82,38150,0(0.00 %),0,0,0,0,38150,38150,38150
2025-06-12,35.82,38150,0(0.00 %),0,0,0,0,38150,38150,38150
2025-06-13,35.82,38150,0(0.00 %),0,0,0,0,38150,38150,38150
2025-06-16,35.82,38150,0(0.00 %),0,0,0,0,38150,38150,38150
2025-06-17,35.82,38150,0(0.00 %),0,0,0,0,38150,38150,38150
2025-06-18,35.82,38150,0(0.00 %),0,0,0,0,38150,38150,38150
2025-06-19,36.15,38500,0.35(0.92 %),1000,38250000,0,0,38000,38500,38000
2025-06-20,36.15,38500,0(0.00 %),0,0,0,0,38500,38500,38500
2025-06-23,36.15,38500,0(0.00 %),12700,488950000,0,0,38500,38500,38500
2025-06-24,36.15,38500,0(0.00 %),0,0,0,0,38500,38500,38500
2025-06-25,36.15,38500,0(0.00 %),0,0,0,0,38500,38500,38500
2025-06-26,36.15,38500,0(0.00 %),500,19250000,0,0,38500,38500,38500
2025-06-27,36.15,38500,0(0.00 %),100,3850000,0,0,38500,38500,38500
2025-06-30,36.15,38500,0(0.00 %),0,0,0,0,38500,38500,38500
2025-07-01,36.25,38600,0.1(0.26 %),1500,57900000,0,0,38600,38600,38600
2025-07-02,36.25,38600,0(0.00 %),16000,617600000,0,0,38600,38600,38600
2025-07-03,36.25,38600,0(0.00 %),4500,173740000,0,0,39000,39000,38600
2025-07-04,36.25,38600,0(0.00 %),0,0,0,0,38600,38600,38600
2025-07-07,36.25,38600,0(0.00 %),0,0,0,0,38600,38600,38600
2025-07-08,36.25,38600,0(0.00 %),0,0,0,0,38600,38600,38600
2025-07-09,36.25,38600,0(0.00 %),1000,38600000,0,0,38600,38600,38600
2025-07-10,36.25,38600,0(0.00 %),0,0,0,0,38600,38600,38600
2025-07-11,36.25,38600,0(0.00 %),0,0,0,0,38600,38600,38600
2025-07-14,36.62,39000,0.4(1.04 %),1000,39000000,0,0,39000,39000,39000
2025-07-15,36.62,39000,0(0.00 %),0,0,633605,25977805000,39000,39000,39000
2025-07-16,36.62,39000,0(0.00 %),1000,39000000,63000,2286900000,39000,39000,39000
2025-07-17,37.56,40000,1(2.56 %),500,20000000,0,0,40000,40000,40000
2025-07-18,37.56,40000,0(0.00 %),0,0,0,0,40000,40000,40000
2025-07-21,37.56,40000,0(0.00 %),0,0,0,0,40000,40000,40000
2025-07-22,37.56,40000,0(0.00 %),0,0,0,0,40000,40000,40000
2025-07-23,37.56,40000,0(0.00 %),0,0,0,0,40000,40000,40000
2025-07-24,37.56,40000,0(0.00 %),0,0,0,0,40000,40000,40000
2025-07-25,37.56,40000,0(0.00 %),0,0,0,0,40000,40000,40000
2025-07-28,37.56,40000,0(0.00 %),0,0,0,0,40000,40000,40000
2025-07-29,37.56,40000,0(0.00 %),0,0,0,0,40000,40000,40000
2025-07-30,37.56,40000,0(0.00 %),0,0,0,0,40000,40000,40000
2025-07-31,37.56,40000,0(0.00 %),0,0,0,0,40000,40000,40000
2025-08-01,37.56,40000,0(0.00 %),0,0,0,0,40000,40000,40000
2025-08-04,37.56,40000,0(0.00 %),0,0,0,0,40000,40000,40000
2025-08-05,37.79,40250,0.25(0.62 %),3000,120815000,0,0,40250,40350,40250
2025-08-06,38.97,41500,1.25(3.11 %),100,4150000,0,0,41500,41500,41500
2025-08-07,38.97,41500,0(0.00 %),600,24900000,0,0,41500,41500,41500
2025-08-08,39.44,42000,0.5(1.20 %),700,29285000,0,0,41450,42000,41450
2025-08-11,40.42,43050,1.05(2.50 %),500,21525000,0,0,43050,43050,43050
2025-08-12,40.56,43200,0.15(0.35 %),400,17250000,0,0,43050,43200,43050
2025-08-13,40.61,43250,0.05(0.12 %),500,21630000,0,0,43300,43300,43250
2025-08-14,40.85,43500,0.25(0.58 %),3100,134785000,0,0,43250,43500,43250
2025-08-15,40.85,43500,0(0.00 %),100,4350000,0,0,43500,43500,43500
2025-08-18,43.19,46000,2.5(5.75 %),4000,181380000,0,0,45900,46000,44000
2025-08-19,46.2,49200,3.2(6.96 %),2300,109000000,0,0,46000,49200,46000
2025-08-20,46.2,49200,0(0.00 %),2600,131320000,0,0,49200,52000,49200
2025-08-21,49.0,49000,2.8(6.06 %),1600,75270000,0,0,46150,49000,46150
2025-08-22,46.0,46000,-3(-6.12 %),4400,202300000,0,0,46000,46000,45800
2025-08-25,45.6,45600,-0.4(-0.87 %),1200,55160000,0,0,46000,46000,45600
2025-08-26,45.6,45600,0(0.00 %),0,0,0,0,45600,45600,45600
2025-08-27,45.6,45600,0(0.00 %),0,0,0,0,45600,45600,45600
2025-08-28,42.45,42450,-3.15(-6.91 %),3700,157840000,632000,28440000000,43100,43100,42450
2025-08-29,42.45,42450,0(0.00 %),0,0,0,0,42450,42450,42450
2025-09-03,42.45,42450,0(0.00 %),0,0,0,0,42450,42450,42450
2025-09-04,42.45,42450,0(0.00 %),0,0,0,0,42450,42450,42450
2025-09-05,42.4,42400,-0.05(-0.12 %),200,8480000,0,0,42400,42400,42400
2025-09-08,42.4,42400,0(0.00 %),0,0,0,0,42400,42400,42400
2025-09-09,42.4,42400,0(0.00 %),400,16960000,0,0,42400,42400,42400
2025-09-10,42.4,42400,0(0.00 %),0,0,0,0,42400,42400,42400
2025-09-11,42.4,42400,0(0.00 %),0,0,0,0,42400,42400,42400
2025-09-12,40.0,40000,-2.4(-5.66 %),300,12000000,0,0,40000,40000,40000
2025-09-15,40.0,40000,0(0.00 %),100,4000000,0,0,40000,40000,40000
2025-09-16,40.0,40000,0(0.00 %),0,0,0,0,40000,40000,40000
2025-09-17,40.0,40000,0(0.00 %),0,0,0,0,40000,40000,40000
2025-09-18,40.0,40000,0(0.00 %),0,0,0,0,40000,40000,40000
2025-09-19,40.0,40000,0(0.00 %),0,0,0,0,40000,40000,40000
2025-09-22,39.5,39500,-0.5(-1.25 %),400,15950000,0,0,40000,40000,39500
2025-09-23,38.0,38000,-1.5(-3.80 %),2300,87400000,0,0,38000,38000,38000
2025-09-24,38.0,38000,0(0.00 %),0,0,0,0,38000,38000,38000
2025-09-25,38.0,38000,0(0.00 %),0,0,0,0,38000,38000,38000
2025-09-26,38.0,38000,0(0.00 %),0,0,0,0,38000,38000,38000
2025-09-29,38.0,38000,0(0.00 %),0,0,0,0,38000,38000,38000
2025-09-30,38.0,38000,0(0.00 %),0,0,0,0,38000,38000,38000
2025-10-01,38.0,38000,0(0.00 %),0,0,0,0,38000,38000,38000
2025-10-02,38.0,38000,0(0.00 %),0,0,1137298,40374079000,38000,38000,38000
2025-10-03,37.95,37950,-0.05(-0.13 %),1700,64520000,0,0,38000,38000,37950
2025-10-06,37.95,37950,0(0.00 %),0,0,0,0,37950,37950,37950
2025-10-07,37.95,37950,0(0.00 %),0,0,0,0,37950,37950,37950
2025-10-08,37.95,37950,0(0.00 %),0,0,0,0,37950,37950,37950
2025-10-09,37.95,37950,0(0.00 %),0,0,0,0,37950,37950,37950
2025-10-10,37.95,35300,-37.95(-100.00 %),0,37950,0,0,35300,35300,35300
