Date,GiaDieuChinh,Close,ThayDoi,Volume,GiaTriKhopLenh,KLThoaThuan,GtThoaThuan,Open,High,Low
2017-06-16,6.76,19300,-3.2(-14.22 %),53650,1047930000,0,0,22000,22000,19200
2017-06-19,6.93,19800,0.3(1.54 %),17497,342535900,0,0,19400,19800,19400
2017-06-20,6.97,19900,0.3(1.53 %),7811,154925600,0,0,19700,19900,19700
2017-06-21,7.0,20000,0.2(1.01 %),10550,219070000,0,0,19900,20900,19900
2017-06-22,7.35,21000,0.2(0.96 %),11710,233000000,0,0,20200,21000,19600
2017-06-23,7.07,20200,0.3(1.51 %),48400,976850000,0,0,20000,20500,20000
2017-06-26,7.18,20500,0.3(1.49 %),37100,758960000,0,0,20500,20500,20200
2017-06-27,7.39,21100,0.6(2.93 %),20203,423015500,0,0,20600,21100,20600
2017-06-28,7.35,21000,0.1(0.48 %),29058,596992600,0,0,21200,21200,19800
2017-06-29,7.42,21200,0.7(3.41 %),25900,549770000,2873,50277500,21100,21300,21100
2017-06-30,7.42,21200,0(0.00 %),26500,550510000,1768,32000800,20200,21300,20200
2017-07-03,7.32,20900,0.1(0.48 %),13360,279130000,0,0,20200,21000,20200
2017-07-04,7.25,20700,-0.2(-0.96 %),3300,68000000,0,0,20600,20700,20600
2017-07-05,7.18,20500,-0.1(-0.49 %),3400,69750000,4000,81600000,20500,21000,20500
2017-07-06,7.28,20800,0.3(1.46 %),13800,285420000,1455,29121400,20800,20800,20600
2017-07-07,7.18,20500,-0.2(-0.97 %),2082,42561500,0,0,20500,20500,20500
2017-07-10,7.0,20000,-0.5(-2.44 %),4600,93150000,0,0,20500,20500,20000
2017-07-11,6.9,19700,-0.6(-2.96 %),9700,191950000,91,1574300,19500,19900,19500
2017-07-12,6.93,19800,0(0.00 %),1000,19800000,0,0,19800,19800,19800
2017-07-13,6.93,19800,0(0.00 %),6300,125470000,38,642200,19700,20000,19700
2017-07-14,6.83,19500,-0.4(-2.01 %),8566,168350800,0,0,19700,19800,19300
2017-07-17,6.93,19800,0.1(0.51 %),7000,138000000,0,0,19500,19800,19500
2017-07-18,7.14,20400,0.7(3.55 %),967,18806000,200,3880000,19400,20400,19400
2017-07-19,6.93,19800,0.2(1.02 %),5349,104931000,207,3911600,19500,19800,19000
2017-07-20,6.86,19600,0(0.00 %),0,0,0,0,19600,19600,19600
2017-07-21,6.9,19700,0.1(0.51 %),2227,43776400,0,0,19500,19700,19500
2017-07-24,6.69,19100,-0.6(-3.05 %),4043,77644100,49552,832473600,19700,19700,19000
2017-07-25,6.58,18800,-0.4(-2.08 %),4200,79750000,0,0,19100,19100,18800
2017-07-26,6.58,18800,-0.2(-1.05 %),11600,216390000,0,0,18600,18900,18600
2017-07-27,6.44,18400,-0.3(-1.60 %),9109,169416500,0,0,18700,18700,18400
2017-07-28,6.41,18300,-0.3(-1.61 %),6300,115650000,0,0,18300,18500,18300
2017-07-31,6.44,18400,0(0.00 %),3815,70019900,0,0,18200,18400,18200
2017-08-01,6.48,18500,0.1(0.54 %),1961,36014100,0,0,18400,18500,18300
2017-08-02,6.3,18000,-0.4(-2.17 %),200,3600000,0,0,18000,18000,18000
2017-08-03,6.3,18000,0(0.00 %),1227,22080600,0,0,18000,18000,18000
2017-08-04,6.44,18400,0.4(2.22 %),13301,235667600,0,0,18500,18500,17000
2017-08-07,6.27,17900,0.2(1.13 %),7500,130880000,0,0,17500,17900,17400
2017-08-08,6.16,17600,0.1(0.57 %),12696,218942000,0,0,17400,17600,17100
2017-08-09,6.09,17400,0.2(1.16 %),13651,233457000,0,0,17100,17400,17100
2017-08-10,6.02,17200,0.1(0.58 %),17199,286473200,0,0,17000,17200,16500
2017-08-11,5.88,16800,0.1(0.60 %),27482,443814400,0,0,16300,16800,16000
2017-08-14,5.88,16800,0.6(3.70 %),16500,273150000,0,0,16500,16800,16500
2017-08-15,5.81,16600,0(0.00 %),0,0,0,0,16600,16600,16600
2017-08-16,5.64,16100,-0.5(-3.01 %),2000,32200000,0,0,16100,16100,16100
2017-08-17,5.64,16100,0(0.00 %),0,0,0,0,16100,16100,16100
2017-08-18,5.71,16300,0.2(1.24 %),7100,115530000,0,0,16200,16300,16200
2017-08-21,5.71,16300,0(0.00 %),40,640000,0,0,16300,16300,16300
2017-08-22,5.71,16300,0(0.00 %),400,6510000,0,0,16200,16300,16200
2017-08-23,5.71,16300,0(0.00 %),0,0,0,0,16300,16300,16300
2017-08-24,5.71,16300,0(0.00 %),4000,65180000,0,0,16300,16300,16200
2017-08-25,5.78,16500,0.2(1.23 %),6000,98800000,0,0,16400,16500,16400
2017-08-28,5.81,16600,0.1(0.61 %),5200,86320000,0,0,16600,16600,16600
2017-08-29,5.85,16700,0.1(0.60 %),200,3350000,0,0,16800,16800,16700
2017-08-30,5.95,17000,0.2(1.19 %),6732,112516000,0,0,16700,17000,16600
2017-08-31,5.92,16900,0.2(1.20 %),1100,18570000,0,0,16700,16900,16700
2017-09-01,5.92,16900,0(0.00 %),5200,87380000,0,0,16800,16900,16800
2017-09-05,5.88,16800,0(0.00 %),14400,242070000,0,0,16800,16900,16800
2017-09-06,5.88,16800,0(0.00 %),2627,44122700,0,0,16800,16800,16800
2017-09-07,5.92,16900,0.1(0.60 %),2100,35550000,0,0,17500,17500,16900
2017-09-08,5.95,17000,0.1(0.59 %),110,1875000,0,0,17000,17000,17000
2017-09-12,6.02,17200,0.2(1.18 %),248,4256000,0,0,17200,17200,17200
2017-09-13,6.02,17200,0(0.00 %),0,0,0,0,17200,17200,17200
2017-09-14,6.02,17200,0(0.00 %),0,0,0,0,17200,17200,17200
2017-09-15,5.95,17000,-0.2(-1.16 %),5600,94900000,0,0,17000,17000,16900
2017-09-18,5.92,16900,0(0.00 %),4000,66600000,0,0,16400,16900,16400
2017-09-19,5.85,16700,0(0.00 %),5000,83500000,0,0,16700,16700,16700
2017-09-20,5.85,16700,0(0.00 %),74,1235800,0,0,16700,16700,16700
2017-09-21,5.88,16800,0.1(0.60 %),4900,82320000,0,0,16800,16800,16800
2017-09-22,5.95,17000,0.2(1.19 %),4700,80130000,0,0,17000,17300,16900
2017-09-25,5.99,17100,0.1(0.59 %),6500,111150000,0,0,17100,17100,17100
2017-09-26,6.06,17300,0.2(1.17 %),2300,39910000,0,0,17300,17400,17300
2017-09-27,6.13,17500,0.1(0.57 %),100,1750000,0,0,17500,17500,17500
2017-09-28,6.13,17500,0(0.00 %),1000,17500000,201,2994900,17500,17500,17500
2017-09-29,5.81,16600,-0.9(-5.14 %),6933,115634000,0,0,17000,17000,16400
2017-10-02,5.92,16900,0.2(1.20 %),8200,138560000,0,0,16700,16900,16700
2017-10-03,5.92,16900,0(0.00 %),0,0,0,0,16900,16900,16900
2017-10-04,5.95,17000,0.1(0.59 %),1000,17000000,0,0,17000,17000,17000
2017-10-05,5.88,16800,-0.2(-1.18 %),23100,391780000,5486,79547000,17100,17100,16800
2017-10-06,5.95,17000,0(0.00 %),0,0,0,0,17000,17000,17000
2017-10-09,5.95,17000,0(0.00 %),0,0,0,0,17000,17000,17000
2017-10-10,5.88,16800,-0.2(-1.18 %),17300,294080000,0,0,17000,17000,16800
2017-10-11,6.13,17500,0.5(2.94 %),3200,55350000,0,0,17000,17500,17000
2017-10-12,6.13,17500,0.2(1.16 %),10500,182880000,0,0,17300,17500,17100
2017-10-13,6.13,17500,0.1(0.57 %),8100,141700000,0,0,17400,17900,17400
2017-10-16,6.3,18000,0.5(2.86 %),2500,44680000,36,536400,17500,18000,17500
2017-10-17,6.27,17900,0(0.00 %),300,5370000,0,0,17900,17900,17900
2017-10-18,6.3,18000,0.1(0.56 %),5900,106240000,0,0,18000,18200,18000
2017-10-19,6.3,18000,0(0.00 %),1000,18000000,0,0,18000,18000,18000
2017-10-20,6.62,18900,0.9(5.00 %),200,3700000,0,0,18100,18900,18100
2017-10-23,6.3,18000,-0.5(-2.70 %),1400,25200000,0,0,18000,18000,18000
2017-10-24,6.23,17800,-0.2(-1.11 %),500,8900000,0,0,17800,17800,17800
2017-10-25,6.3,18000,0.2(1.12 %),10700,192600000,0,0,18000,18000,18000
2017-10-26,6.3,18000,0(0.00 %),7000,126000000,0,0,18000,18000,18000
2017-10-27,6.3,18000,0(0.00 %),11951,215003000,0,0,18000,18000,18000
2017-10-30,6.3,18000,0(0.00 %),10700,192600000,0,0,18000,18000,18000
2017-10-31,6.3,18000,0(0.00 %),0,0,0,0,18000,18000,18000
2017-11-01,6.3,18000,0(0.00 %),5300,95400000,0,0,18000,18000,18000
2017-11-02,6.3,18000,0(0.00 %),5094,91621400,0,0,18000,18000,18000
2017-11-03,6.41,18300,0.3(1.67 %),10300,190430000,0,0,18300,18500,18300
2017-11-06,6.3,18000,-0.5(-2.70 %),2536,45630000,0,0,18000,18000,18000
2017-11-07,6.3,18000,0(0.00 %),0,0,0,0,18000,18000,18000
2017-11-08,6.3,18000,0(0.00 %),0,0,0,0,18000,18000,18000
2017-11-09,6.48,18500,0.5(2.78 %),9600,177550000,0,0,18000,18500,18000
2017-11-10,6.48,18500,0(0.00 %),10200,188600000,0,0,18000,18500,18000
2017-11-13,6.48,18500,0(0.00 %),0,0,0,0,18500,18500,18500
2017-11-14,6.48,18500,0(0.00 %),1307,24183000,67,1058600,18500,18500,18500
2017-11-15,6.3,18000,-0.5(-2.70 %),17000,306000000,33,521400,18000,18000,18000
2017-11-16,6.3,18000,0(0.00 %),21400,385200000,0,0,18000,18000,18000
2017-11-17,6.3,18000,0(0.00 %),1100,19800000,0,0,18000,18000,18000
2017-11-20,6.37,18200,0.2(1.11 %),2400,43680000,0,0,18200,18200,18200
2017-11-21,6.37,18200,0(0.00 %),100,1820000,0,0,18200,18200,18200
2017-11-22,6.34,18100,-0.1(-0.55 %),1000,18100000,0,0,18100,18100,18100
2017-11-23,6.34,18100,0(0.00 %),300,5420000,0,0,18000,18100,18000
2017-11-24,6.37,18200,0.1(0.55 %),1540,27960000,0,0,18200,18200,18200
2017-11-27,6.37,18200,0(0.00 %),0,0,0,0,18200,18200,18200
2017-11-28,6.3,18000,-0.2(-1.10 %),2500,45040000,65,1007500,18400,18400,18000
2017-11-29,6.34,18100,0.1(0.56 %),389,7035600,0,0,18100,18100,18100
2017-11-30,6.37,18200,0.1(0.55 %),3393,61420100,0,0,18100,18200,18100
2017-12-01,6.34,18100,0(0.00 %),0,0,0,0,18100,18100,18100
2017-12-04,6.34,18100,0(0.00 %),26900,487210000,0,0,18200,18200,18100
2017-12-05,6.34,18100,0(0.00 %),16061,290654900,0,0,18100,18100,18100
2017-12-06,6.3,18000,-0.1(-0.55 %),20000,361000000,0,0,18100,18100,18000
2017-12-07,6.34,18100,0(0.00 %),10005,181098000,0,0,18100,18100,18100
2017-12-08,6.34,18100,0(0.00 %),138,2501500,0,0,18100,18100,18100
2017-12-11,6.34,18100,0(0.00 %),0,0,0,0,18100,18100,18100
2017-12-12,6.3,18000,-0.1(-0.55 %),2065,37137500,0,0,18000,18000,18000
2017-12-13,6.3,18000,0(0.00 %),0,0,0,0,18000,18000,18000
2017-12-14,6.3,18000,0(0.00 %),17700,318600000,0,0,18000,18000,18000
2017-12-15,6.3,18000,0(0.00 %),5000,90000000,0,0,18000,18000,18000
2017-12-18,6.44,18400,0.4(2.22 %),44800,810060000,0,0,18100,18400,18000
2017-12-19,6.48,18500,0.4(2.21 %),5900,109150000,0,0,18500,18500,18500
2017-12-20,6.48,18500,0(0.00 %),0,0,0,0,18500,18500,18500
2017-12-21,6.48,18500,0(0.00 %),0,0,0,0,18500,18500,18500
2017-12-22,6.48,18500,0(0.00 %),0,0,0,0,18500,18500,18500
2017-12-25,6.48,18500,0(0.00 %),0,0,0,0,18500,18500,18500
2017-12-26,6.41,18300,-0.2(-1.08 %),523,9561700,75,1185000,18300,18300,18300
2017-12-27,6.41,18300,0(0.00 %),19042,349076000,0,0,18100,18400,18000
2017-12-28,6.41,18300,0(0.00 %),0,0,0,0,18300,18300,18300
2017-12-29,6.3,18000,-0.3(-1.64 %),100,1800000,36,561600,18000,18000,18000
2018-01-02,6.65,19000,1(5.56 %),200,3800000,0,0,19000,19000,19000
2018-01-03,6.65,19000,0(0.00 %),0,0,0,0,19000,19000,19000
2018-01-04,6.83,19500,0.5(2.63 %),400,7550000,0,0,18000,19500,18000
2018-01-05,6.83,19500,0.6(3.17 %),13200,240300000,0,0,18500,19500,18150
2018-01-08,6.9,19700,1.5(8.24 %),23184,417378400,0,0,18150,19700,18150
2018-01-09,6.48,18500,0.5(2.78 %),100,1850000,0,0,18500,18500,18500
2018-01-10,6.48,18500,0(0.00 %),0,0,0,0,18500,18500,18500
2018-01-11,6.48,18500,0(0.00 %),5715,105702500,7620,120396000,18500,18500,18100
2018-01-12,6.48,18500,0(0.00 %),6840,125200000,0,0,18300,18500,18300
2018-01-15,6.44,18400,0.1(0.55 %),15900,291360000,0,0,18300,18400,18300
2018-01-16,6.41,18300,0(0.00 %),0,0,0,0,18300,18300,18300
2018-01-17,6.55,18700,0.4(2.19 %),2000,37400000,0,0,18700,18700,18700
2018-01-18,6.44,18400,-0.3(-1.60 %),12200,223660000,0,0,18700,18700,18300
2018-01-19,6.41,18300,0(0.00 %),3700,67730000,0,0,18500,18500,18300
2018-01-22,6.44,18400,0.1(0.55 %),4807,88199200,0,0,18300,18400,18300
2018-01-23,6.44,18400,0(0.00 %),0,0,0,0,18400,18400,18400
2018-01-24,6.65,19000,0.6(3.26 %),5000,96100000,0,0,19500,19500,19000
2018-01-25,6.9,19700,0.5(2.60 %),32944,646072400,0,0,19600,20000,19600
2018-01-26,6.9,19700,0.1(0.51 %),5600,110070000,0,0,19600,19700,19600
2018-01-29,6.9,19700,0(0.00 %),0,0,0,0,19700,19700,19700
2018-01-30,6.9,19700,0(0.00 %),0,0,0,0,19700,19700,19700
2018-01-31,6.37,18300,-1.5(-7.61 %),544,9905200,0,0,18300,18300,18300
2018-02-01,7.28,19450,2.6(14.29 %),500,10410000,0,0,19450,19450,19450
2018-02-02,6.97,19900,-0.9(-4.33 %),16500,317660000,0,0,20800,20800,19350
2018-02-05,6.83,19500,0.2(1.04 %),15210,297500000,0,0,20000,20000,19500
2018-02-06,6.65,19000,-0.6(-3.06 %),87700,1654690000,0,0,18900,19000,18700
2018-02-07,7.04,20100,1.2(6.35 %),18700,374210000,0,0,19800,20100,19800
2018-02-08,7.32,20900,0.9(4.50 %),200,4180000,0,0,20900,20900,20900
2018-02-09,6.72,19450,-1.7(-8.13 %),816,15248000,0,0,19450,19450,19450
2018-02-12,7.35,20550,2.3(12.30 %),200,4200000,0,0,20550,20550,20550
2018-02-13,7.35,21000,0(0.00 %),0,0,0,0,21000,21000,21000
2018-02-21,7.35,21000,0(0.00 %),0,0,0,0,21000,21000,21000
2018-02-22,7.35,21000,0(0.00 %),0,0,0,0,21000,21000,21000
2018-02-23,7.53,21500,0.5(2.38 %),6400,130940000,0,0,19600,21500,19600
2018-02-26,6.93,20000,-0.7(-3.41 %),2100,41590000,0,0,20000,20000,20000
2018-02-27,7.0,20000,0.2(1.01 %),320,6400000,0,0,19800,20000,19800
2018-02-28,7.0,20000,0.1(0.50 %),200,4000000,0,0,20000,20000,20000
2018-03-01,7.0,20000,0(0.00 %),0,0,0,0,20000,20000,20000
2018-03-02,7.21,20600,0.6(3.00 %),2800,57500000,0,0,20500,20600,20500
2018-03-05,7.35,21000,0.5(2.44 %),500,10500000,0,0,21000,21000,21000
2018-03-06,7.46,21300,0.3(1.43 %),1900,40420000,0,0,21100,21400,21100
2018-03-07,7.49,21400,0.1(0.47 %),1030,22042000,0,0,21400,21400,21400
2018-03-08,7.49,21400,0(0.00 %),0,0,0,0,21400,21400,21400
2018-03-09,7.49,21400,0(0.00 %),4636,98173400,0,0,21000,21400,21000
2018-03-12,7.35,21000,-0.2(-0.94 %),14300,300830000,0,0,21400,21400,21000
2018-03-13,7.56,21600,0.6(2.86 %),2500,54300000,0,0,21900,21900,21600
2018-03-14,7.6,21700,0(0.00 %),1300,28040000,0,0,21200,21700,21200
2018-03-15,7.6,21700,0.1(0.46 %),26800,568290000,0,0,21500,21700,21000
2018-03-16,7.84,22400,1.2(5.66 %),6500,143250000,0,0,21700,22400,21700
2018-03-19,7.18,20850,0.5(2.50 %),6000,123250000,0,0,20850,21000,20850
2018-03-20,7.28,20800,0.3(1.46 %),1000,20800000,0,0,20800,20800,20800
2018-03-21,7.28,20800,0(0.00 %),70,1302000,0,0,20800,20800,20800
2018-03-22,7.04,20100,-0.7(-3.37 %),4700,94740000,0,0,20200,20200,20100
2018-03-23,6.86,19600,-0.6(-2.97 %),433,8417500,0,0,19600,19600,19600
2018-03-26,6.86,19600,0(0.00 %),0,0,0,0,19600,19600,19600
2018-03-27,6.86,19600,0(0.00 %),0,0,0,0,19600,19600,19600
2018-03-28,6.69,19100,-0.5(-2.55 %),3000,58100000,0,0,19600,19600,19100
2018-03-29,6.9,19700,0.3(1.55 %),6200,122650000,9800,184950000,20000,20000,19700
2018-03-30,7.0,20000,0.2(1.01 %),700,14000000,0,0,20000,20000,20000
2018-04-02,7.0,20000,0(0.00 %),200,4000000,0,0,20000,20000,20000
2018-04-03,7.0,20000,0(0.00 %),40723,818727000,0,0,20200,20500,19900
2018-04-04,7.18,20500,0.4(1.99 %),955,19605000,0,0,20500,20500,20500
2018-04-05,7.18,20500,0(0.00 %),9500,194860000,0,0,20600,20600,20500
2018-04-06,7.25,20700,0.2(0.98 %),4000,82550000,0,0,20500,20700,20500
2018-04-09,7.21,20600,0(0.00 %),10,206000,0,0,20600,20600,20600
2018-04-10,7.21,20600,0(0.00 %),13300,273630000,0,0,20600,20600,20500
2018-04-11,7.32,20900,0.3(1.46 %),18300,380420000,0,0,20600,20900,20600
2018-04-12,7.46,21300,0.5(2.40 %),31400,662470000,0,0,20800,21300,20500
2018-04-13,7.35,21000,-0.1(-0.47 %),5848,123708000,0,0,21000,21200,21000
2018-04-16,6.83,19550,-1.7(-8.02 %),100,1950000,0,0,19550,19550,19550
2018-04-17,7.0,20000,0.5(2.56 %),100,2000000,0,0,20000,20000,20000
2018-04-18,7.46,21300,1.3(6.50 %),9620,204368000,0,0,21000,21300,21000
2018-04-19,7.32,20900,-0.3(-1.42 %),9000,188100000,0,0,20900,20900,20900
2018-04-20,7.46,21300,0.4(1.91 %),16200,344110000,816,14688000,20900,21300,20900
2018-04-23,7.46,21300,0.1(0.47 %),8600,182270000,10000,181000000,21200,21300,21000
2018-04-24,7.21,20600,-0.6(-2.83 %),100,2060000,36,651600,20600,20600,20600
2018-04-26,7.32,20900,0.3(1.46 %),8500,178150000,0,0,21000,21300,20900
2018-04-27,7.35,21000,0(0.00 %),2900,59450000,0,0,20000,21000,20000
2018-05-02,7.39,21100,0.6(2.93 %),9000,189900000,0,0,21100,21100,21100
2018-05-03,7.18,20500,-0.6(-2.84 %),12410,257396000,0,0,21000,21000,20500
2018-05-04,7.11,20300,-0.4(-1.93 %),2648,53740000,0,0,20300,20300,20300
2018-05-07,7.07,20200,-0.1(-0.49 %),3100,64720000,5700,98610000,20900,20900,20200
2018-05-08,7.18,20500,-0.4(-1.91 %),5006,102644000,0,0,20500,20500,20500
2018-05-09,7.18,20500,0(0.00 %),9500,196750000,0,0,20900,20900,20300
2018-05-10,7.04,20100,-0.6(-2.90 %),3419,68580000,127,2235200,20000,20100,20000
2018-05-11,7.11,20300,0.2(1.00 %),6551,132820000,0,0,20300,20300,20000
2018-05-14,7.07,20200,-0.1(-0.49 %),3584,74480000,0,0,20900,20900,20200
2018-05-15,7.04,20100,-0.7(-3.37 %),9369,190511700,919,17946300,19900,20900,19900
2018-05-16,7.07,20200,-0.1(-0.49 %),5600,111900000,130,2249000,19800,20200,19800
2018-05-17,7.21,20600,0.6(3.00 %),4500,91390000,235,4195000,19600,20600,19600
2018-05-18,6.86,19600,-0.7(-3.45 %),3800,74820000,30159,521970700,19900,19900,19600
2018-05-21,6.79,19400,-0.3(-1.52 %),1100,21370000,0,0,19500,19500,19400
2018-05-22,7.18,20500,1.1(5.67 %),5061,103695600,0,0,20500,20500,20500
2018-05-23,7.0,20000,-0.5(-2.44 %),24506,498389400,117,2047500,20400,20400,19900
2018-05-24,7.11,20300,0(0.00 %),6106,123620000,7200,124560000,20000,20300,20000
2018-05-25,7.0,20000,-0.2(-0.99 %),3300,68700000,0,0,20900,20900,20000
2018-05-28,6.9,19700,-1.1(-5.29 %),600,11790000,60,1062000,19700,19700,19600
2018-05-29,6.83,19500,-0.2(-1.02 %),3500,71850000,11419,192104800,20700,20700,19500
2018-05-30,6.83,19500,-1(-4.88 %),2317,45377900,158,2965000,19600,19700,19500
2018-05-31,6.86,19600,0(0.00 %),0,0,579,11069300,19600,19600,19600
2018-06-01,7.25,20700,1.1(5.61 %),533,10901100,0,0,20700,20700,20700
2018-06-04,7.11,20300,-0.4(-1.93 %),553,10787100,136,2533600,19500,20300,19250
2018-06-05,7.11,20300,0.8(4.10 %),100,2030000,0,0,20300,20300,20300
2018-06-06,7.0,20000,-0.3(-1.48 %),4700,92800000,0,0,19600,20000,19600
2018-06-07,6.83,19500,-0.2(-1.02 %),5300,103400000,39000,655200000,20000,20000,19500
2018-06-08,6.83,19500,0(0.00 %),8889,173167400,0,0,19200,20100,19200
2018-06-11,6.72,19200,-0.3(-1.54 %),100,1920000,0,0,19200,19200,19200
2018-06-12,6.69,19100,-0.1(-0.52 %),1400,27010000,108,1771200,19200,19500,19100
2018-06-13,6.65,19000,-0.3(-1.55 %),1000,19020000,60,990000,19000,19100,19000
2018-06-14,6.72,19200,0.2(1.05 %),4036,78694000,0,0,19900,19900,19200
2018-06-15,6.83,19500,0(0.00 %),300,5850000,11738,213557600,19500,19500,19500
2018-06-18,7.0,20000,0.5(2.56 %),300,5900000,0,0,19500,20000,19500
2018-06-19,6.83,19500,-0.2(-1.02 %),4600,89700000,12,201600,19500,19500,19500
2018-06-20,6.83,19500,0(0.00 %),1850,35905000,50,830000,18800,19500,18800
2018-06-21,6.83,19500,0.1(0.52 %),200,3900000,0,0,19500,19500,19500
2018-06-22,6.83,19500,0(0.00 %),100,1950000,0,0,19500,19500,19500
2018-06-25,6.86,19600,0.1(0.51 %),900,17600000,0,0,19500,19600,19500
2018-06-26,6.93,19800,0.2(1.02 %),1600,31670000,0,0,19800,19800,19700
2018-06-27,6.9,19700,-0.1(-0.51 %),1500,29690000,0,0,19800,19900,19700
2018-06-28,6.9,19700,-0.1(-0.51 %),1300,25710000,178,3118200,19800,19800,19700
2018-06-29,6.93,19800,0(0.00 %),0,0,0,0,19800,19800,19800
2018-07-02,6.86,19600,-0.2(-1.01 %),350,6860000,0,0,19700,19700,19600
2018-07-03,6.65,19000,-0.6(-3.06 %),200,3800000,0,0,19000,19000,19000
2018-07-04,6.65,19000,0(0.00 %),2000,38000000,0,0,19000,19000,19000
2018-07-05,6.48,18500,-0.5(-2.63 %),300,5560000,60,972000,18700,18700,18400
2018-07-06,6.48,18500,0(0.00 %),0,0,0,0,18500,18500,18500
2018-07-09,6.65,19000,0.5(2.70 %),1000,19000000,0,0,19000,19000,19000
2018-07-10,6.58,18800,-0.2(-1.05 %),2000,38030000,0,0,19000,19100,18800
2018-07-11,6.65,19000,0(0.00 %),0,0,0,0,19000,19000,19000
2018-07-12,6.34,18100,-0.9(-4.74 %),100,1810000,0,0,18100,18100,18100
2018-07-13,7.11,19350,2.2(12.15 %),100,2030000,0,0,19350,19350,19350
2018-07-16,6.65,19000,-1.3(-6.40 %),400,7600000,669,11573700,19000,19000,19000
2018-07-17,6.65,19000,0(0.00 %),260,4940000,36,583200,19000,19000,19000
2018-07-18,6.65,19000,0(0.00 %),8,152000,0,0,19000,19000,19000
2018-07-19,6.65,19000,0(0.00 %),0,0,0,0,19000,19000,19000
2018-07-20,6.65,19000,0(0.00 %),0,0,0,0,19000,19000,19000
2018-07-23,6.97,19900,0.9(4.74 %),700,13000000,0,0,18200,19900,18000
2018-07-24,6.58,18800,0.2(1.08 %),700,13160000,0,0,18800,18800,18800
2018-07-25,6.65,19000,0.2(1.06 %),1000,19000000,0,0,19000,19000,19000
2018-07-26,6.65,19000,0(0.00 %),1500,28500000,12,194400,19000,19000,19000
2018-07-27,6.65,19000,0(0.00 %),100,1900000,0,0,19000,19000,19000
2018-07-30,6.65,19000,0(0.00 %),3300,62700000,0,0,19100,19100,18900
2018-07-31,5.67,17650,-2.8(-14.74 %),400,7600000,8811,142738200,19000,19000,17650
2018-08-01,6.72,17350,0.2(1.05 %),900,17280000,0,0,17350,17350,17350
2018-08-02,6.72,19200,0(0.00 %),0,0,0,0,19200,19200,19200
2018-08-03,6.72,19200,0(0.00 %),800,15360000,0,0,19200,19200,19200
2018-08-06,6.72,19200,0(0.00 %),200,3840000,0,0,19200,19200,19200
2018-08-07,6.69,19100,-0.1(-0.52 %),5600,107260000,130,2132000,19100,19300,18800
2018-08-08,6.72,19200,0(0.00 %),0,0,0,0,19200,19200,19200
2018-08-09,6.65,19000,-0.2(-1.04 %),600,11400000,1180,19352000,19000,19000,19000
2018-08-10,6.65,19000,0(0.00 %),0,0,0,0,19000,19000,19000
2018-08-13,6.65,19000,0(0.00 %),2500,47740000,0,0,19100,19100,19000
2018-08-14,6.69,19100,0(0.00 %),0,0,0,0,19100,19100,19100
2018-08-15,6.65,19000,-0.1(-0.52 %),100,1900000,0,0,19000,19000,19000
2018-08-16,6.65,19000,0(0.00 %),22418,441842000,24774,494214600,19200,20350,19000
2018-08-17,6.79,19400,-0.3(-1.52 %),1371,26132800,0,0,19000,19400,19000
2018-08-20,6.65,19000,-0.2(-1.04 %),9178,174366800,0,0,19000,19000,19000
2018-08-21,6.65,19000,0(0.00 %),500,9500000,372,7440000,19000,19000,19000
2018-08-22,6.65,19000,0(0.00 %),8097,153658200,136,2393200,19000,19000,19000
2018-08-23,6.65,19000,0(0.00 %),2612,49634000,0,0,19000,19000,19000
2018-08-24,6.51,18600,-0.4(-2.11 %),9622,182239200,0,0,19000,19000,18500
2018-08-27,6.65,19000,0.1(0.53 %),500,9500000,0,0,19000,19000,19000
2018-08-28,6.72,19200,0.2(1.05 %),5000,96000000,136,2720000,19200,19200,19200
2018-08-29,6.72,19200,0(0.00 %),0,0,0,0,19200,19200,19200
2018-08-30,6.65,19000,-0.2(-1.04 %),7666,145640800,0,0,19000,19000,19000
2018-08-31,6.65,19000,0(0.00 %),1100,20900000,0,0,19000,19000,19000
2018-09-04,6.65,19000,0(0.00 %),0,0,100,1800000,19000,19000,19000
2018-09-05,6.65,19000,0(0.00 %),5700,109420000,97,1571400,19200,19200,19000
2018-09-06,6.65,19000,-0.2(-1.04 %),6000,114500000,0,0,19200,19200,19000
2018-09-07,6.72,19200,0.1(0.52 %),2500,47900000,0,0,19100,19200,19100
2018-09-10,6.72,19200,0(0.00 %),0,0,0,0,19200,19200,19200
2018-09-11,6.83,19500,0.3(1.56 %),3650,71070000,0,0,19200,19500,19200
2018-09-12,6.69,19100,-0.4(-2.05 %),7400,141230000,1348,25756800,19300,19300,19000
2018-09-13,6.76,19300,0.2(1.05 %),3100,59920000,0,0,19600,19600,19300
2018-09-14,6.83,19500,0.2(1.04 %),5832,113325200,0,0,19400,19500,19400
2018-09-17,6.79,19400,0(0.00 %),0,0,0,0,19400,19400,19400
2018-09-18,7.18,20500,1.1(5.67 %),15200,306720000,0,0,19600,20750,19600
2018-09-19,7.53,21500,1.3(6.44 %),35762,775728900,0,0,21500,21900,21500
2018-09-20,7.35,21000,-0.7(-3.23 %),2400,50450000,0,0,21000,21500,21000
2018-09-21,7.07,20200,-0.8(-3.81 %),3401,68749400,0,0,20200,20300,20200
2018-09-24,7.07,20200,0(0.00 %),18940,372154000,0,0,20300,20500,19500
2018-09-25,7.0,20000,0.4(2.04 %),5603,112030900,0,0,19700,20000,19700
2018-09-26,7.21,20600,0.6(3.00 %),2010,41489500,0,0,20500,21000,20500
2018-09-27,7.35,21000,0.4(1.94 %),7358,153518000,0,0,20500,21000,20500
2018-09-28,7.28,20800,-0.1(-0.48 %),2036,42327200,0,0,20800,20800,20800
2018-10-01,7.18,20500,-0.3(-1.44 %),23200,475460000,0,0,20500,20700,20300
2018-10-02,7.32,20900,0.4(1.95 %),11100,231420000,136,2380000,20200,20900,20200
2018-10-03,7.28,20800,0(0.00 %),589,12221500,460,8372000,20800,20800,20800
2018-10-04,7.11,20300,-0.5(-2.40 %),3000,61000000,97,1716900,20800,20800,20200
2018-10-05,7.07,20200,-0.1(-0.49 %),2000,40400000,0,0,20200,20200,20200
2018-10-08,7.07,20200,0(0.00 %),1300,26180000,0,0,20100,20200,20100
2018-10-09,7.04,20100,0(0.00 %),200,4020000,0,0,20100,20100,20100
2018-10-10,7.0,20000,-0.1(-0.50 %),5600,112450000,0,0,20300,20300,20000
2018-10-11,6.83,19500,-0.6(-2.99 %),1400,27450000,0,0,20000,20000,19500
2018-10-12,6.83,19500,-0.1(-0.51 %),11086,226172000,0,0,19600,20500,19500
2018-10-15,6.83,19500,-0.9(-4.41 %),1000,19500000,0,0,19500,19500,19500
2018-10-16,6.86,19600,0.1(0.51 %),500,9800000,0,0,19600,19600,19600
2018-10-17,6.86,19600,0(0.00 %),936,18324000,0,0,19600,19600,19600
2018-10-18,7.32,20900,1.3(6.63 %),100,2090000,0,0,20900,20900,20900
2018-10-19,6.93,19800,-1.1(-5.26 %),300,5940000,0,0,19800,19800,19800
2018-10-22,6.9,19700,-0.1(-0.51 %),536,10552000,0,0,19700,19700,19700
2018-10-23,6.83,19500,-0.2(-1.02 %),800,15660000,0,0,19600,19600,19500
2018-10-24,6.86,19600,0(0.00 %),600,11760000,0,0,19600,19600,19600
2018-10-25,7.32,20900,1.3(6.63 %),10600,221200000,0,0,19500,20900,19500
2018-10-26,7.0,20000,-0.9(-4.31 %),629,12508400,0,0,19800,20000,19800
2018-10-29,6.93,19800,-0.1(-0.50 %),34355,692413500,77,1309000,20500,20900,19800
2018-10-30,6.93,19800,-0.4(-1.98 %),5500,108900000,36,619200,19800,19800,19800
2018-10-31,6.93,19800,0(0.00 %),1178,23246400,0,0,19800,19800,19800
2018-11-01,6.97,19900,0.1(0.51 %),800,15920000,0,0,19900,19900,19900
2018-11-02,6.93,19800,-0.1(-0.50 %),200,3960000,36,612000,19800,19800,19800
2018-11-05,6.97,19900,0.1(0.51 %),200,3980000,0,0,19900,19900,19900
2018-11-06,7.0,20000,0.1(0.50 %),627,12491100,0,0,20000,20000,19900
2018-11-07,7.0,20000,0(0.00 %),33,656700,0,0,20000,20000,20000
2018-11-08,7.0,20000,0(0.00 %),7000,140120000,0,0,20200,20200,20000
2018-11-09,7.0,20000,0(0.00 %),3127,62534600,0,0,20000,20000,20000
2018-11-12,7.0,20000,0(0.00 %),2600,52150000,0,0,20100,20100,20000
2018-11-13,7.04,20100,0(0.00 %),0,0,0,0,20100,20100,20100
2018-11-14,7.18,20500,0.4(1.99 %),31800,643110000,0,0,20200,20900,20200
2018-11-15,7.6,21700,1.5(7.43 %),72400,1537650000,0,0,20400,21950,20400
2018-11-16,8.05,23000,1.8(8.49 %),6500,147250000,0,0,22500,23000,22500
2018-11-19,8.05,23000,0.3(1.32 %),25400,620330000,0,0,23400,24600,22900
2018-11-20,7.95,22700,-1.7(-6.97 %),14500,334760000,0,0,23900,24000,22700
2018-11-21,7.7,22000,-1.1(-4.76 %),23300,511870000,36,709200,21500,22700,21500
2018-11-22,7.7,22000,0(0.00 %),25700,571280000,0,0,22000,22800,22000
2018-11-23,7.7,22000,-0.2(-0.90 %),7500,164770000,50,945000,21900,22000,21900
2018-11-26,7.7,22000,0(0.00 %),6936,152895200,0,0,22100,22100,22000
2018-11-27,7.53,21500,-0.6(-2.71 %),13500,290850000,0,0,22000,22000,21500
2018-11-28,7.35,21000,-0.5(-2.33 %),10836,229516800,0,0,21600,21600,21000
2018-11-29,7.39,21100,-0.1(-0.47 %),900,18950000,0,0,21000,21100,21000
2018-11-30,7.49,21400,0.3(1.42 %),2000,42550000,0,0,20200,21500,20200
2018-12-03,7.81,22300,1(4.69 %),6200,137270000,0,0,21700,22500,21700
2018-12-04,7.63,21800,-0.3(-1.36 %),3000,65620000,0,0,22000,22000,21800
2018-12-05,7.63,21800,-0.1(-0.46 %),236,5137600,0,0,21800,21800,21800
2018-12-06,7.7,22000,0.2(0.92 %),11052,245322800,0,0,22000,22500,21900
2018-12-07,7.56,21600,-0.6(-2.70 %),1800,38880000,11381,250382000,21600,21600,21600
2018-12-10,7.56,21600,0(0.00 %),0,0,1106,24223200,21600,21600,21600
2018-12-11,7.63,21800,0.2(0.93 %),340,7436000,0,0,21700,21800,21700
2018-12-12,7.7,22000,0.3(1.38 %),3400,74880000,0,0,21700,22200,21700
2018-12-13,7.7,22000,0(0.00 %),0,0,0,0,22000,22000,22000
2018-12-14,7.84,22400,0.4(1.82 %),10000,224490000,0,0,22100,22600,22100
2018-12-17,7.88,22500,0.1(0.45 %),15600,351800000,407,8954000,22500,22800,22500
2018-12-18,7.91,22600,0(0.00 %),10,221000,0,0,22600,22600,22600
2018-12-19,7.88,22500,-0.1(-0.44 %),3900,87720000,0,0,22200,22500,22200
2018-12-20,7.88,22500,0(0.00 %),0,0,0,0,22500,22500,22500
2018-12-21,7.88,22500,0(0.00 %),0,0,0,0,22500,22500,22500
2018-12-24,7.88,22500,0(0.00 %),600,13480000,444,9768000,22300,22500,22300
2018-12-25,7.88,22500,0(0.00 %),1000,22500000,0,0,22500,22500,22500
2018-12-26,7.88,22500,0(0.00 %),200,4500000,0,0,22500,22500,22500
2018-12-27,7.88,22500,0(0.00 %),5000,112500000,0,0,22500,22500,22500
2018-12-28,7.88,22500,0(0.00 %),0,0,0,0,22500,22500,22500
2019-01-02,7.98,22800,0.3(1.33 %),400,9080000,0,0,22600,22800,22600
2019-01-03,7.7,22000,-0.7(-3.08 %),9938,220119800,0,0,22700,22700,22000
2019-01-04,7.88,22500,0.4(1.81 %),7100,159700000,0,0,22000,22500,22000
2019-01-07,7.88,22500,0(0.00 %),0,0,0,0,22500,22500,22500
2019-01-08,7.88,22500,0(0.00 %),0,0,0,0,22500,22500,22500
2019-01-09,7.63,21800,-0.7(-3.11 %),400,9000000,33,1000000,21800,21800,21800
2019-01-10,7.7,22000,0.2(0.92 %),1100,24000000,0,0,22000,22000,22000
2019-01-11,7.46,21300,-0.7(-3.18 %),200,4260000,0,0,21300,21300,21300
2019-01-14,7.46,21300,0(0.00 %),0,0,0,0,21300,21300,21300
2019-01-15,7.88,22500,1.2(5.63 %),7580,169396000,0,0,22000,22500,22000
2019-01-16,7.53,21500,-0.9(-4.02 %),700,15050000,0,0,21500,21500,21500
2019-01-17,7.53,21500,0(0.00 %),0,0,0,0,21500,21500,21500
2019-01-18,8.02,22900,1.4(6.51 %),6200,140640000,0,0,22500,22900,22500
2019-01-21,7.98,22800,0.1(0.44 %),6800,155340000,0,0,22800,22900,22800
2019-01-22,8.12,23200,0.4(1.75 %),5300,122520000,0,0,22600,23200,22600
2019-01-23,7.74,22100,-1(-4.33 %),8218,183901400,0,0,23000,23100,22100
2019-01-24,7.88,22500,0.1(0.45 %),800,18000000,0,0,22500,22500,22500
2019-01-25,7.88,22500,0(0.00 %),4500,101250000,0,0,22500,22500,22500
2019-01-28,7.91,22600,0.1(0.44 %),1900,42940000,0,0,22600,22600,22600
2019-01-29,7.74,22100,-0.5(-2.21 %),2210,49051000,0,0,22200,22200,22100
2019-01-30,7.88,22500,0.3(1.35 %),800,17850000,236,5040400,22500,22500,21800
2019-01-31,7.7,22000,-0.3(-1.35 %),500,11000000,0,0,22000,22000,22000
2019-02-01,7.88,22500,0.5(2.27 %),2100,46900000,0,0,22000,22500,22000
2019-02-11,7.81,22300,0(0.00 %),0,0,0,0,22300,22300,22300
2019-02-12,7.84,22400,0.1(0.45 %),2000,44800000,0,0,22400,22400,22400
2019-02-13,7.74,22100,-0.3(-1.34 %),2600,58300000,0,0,22500,22500,22100
2019-02-14,7.81,22300,-0.1(-0.45 %),3000,66900000,0,0,22300,22300,22300
2019-02-15,7.77,22200,-0.1(-0.45 %),4200,93240000,0,0,22200,22200,22200
2019-02-18,7.88,22500,0.3(1.35 %),10100,224450000,0,0,22000,22500,22000
2019-02-19,7.77,22200,0(0.00 %),1128,25080000,0,0,22300,22300,22200
2019-02-20,7.88,22500,0.3(1.35 %),5900,132730000,0,0,22400,22500,22400
2019-02-21,7.88,22500,0(0.00 %),0,0,0,0,22500,22500,22500
2019-02-22,7.91,22600,0.1(0.44 %),5800,130600000,0,0,22500,22600,22500
2019-02-25,7.88,22500,0(0.00 %),13800,307490000,0,0,22500,22500,22200
2019-02-26,7.81,22300,0(0.00 %),0,0,0,0,22300,22300,22300
2019-02-27,7.88,22500,0.2(0.90 %),2000,45000000,0,0,22500,22500,22500
2019-02-28,7.81,22300,-0.2(-0.89 %),2900,64670000,0,0,22300,22300,22300
2019-03-01,7.95,22700,0.4(1.79 %),19000,427900000,0,0,22300,22700,22300
2019-03-04,8.05,23000,0.5(2.22 %),100,2300000,0,0,23000,23000,23000
2019-03-05,8.05,23000,0(0.00 %),0,0,0,0,23000,23000,23000
2019-03-06,8.05,23000,0(0.00 %),1700,39100000,0,0,23000,23000,23000
2019-03-07,8.05,23000,0(0.00 %),1300,29900000,0,0,23000,23000,23000
2019-03-08,8.05,23000,0(0.00 %),0,0,0,0,23000,23000,23000
2019-03-11,8.05,23000,0(0.00 %),1000,23000000,0,0,23000,23000,23000
2019-03-12,7.95,22700,-0.3(-1.30 %),6700,151290000,0,0,22500,22700,22500
2019-03-13,8.05,23000,0.4(1.77 %),3400,78200000,0,0,23000,23000,23000
2019-03-14,8.05,23000,0(0.00 %),0,0,0,0,23000,23000,23000
2019-03-15,8.05,23000,0(0.00 %),0,0,0,0,23000,23000,23000
2019-03-18,8.16,23300,0.3(1.30 %),300,7010000,0,0,23400,23400,23300
2019-03-19,8.12,23200,-0.2(-0.85 %),700,16240000,0,0,23200,23200,23200
2019-03-20,8.12,23200,0(0.00 %),0,0,0,0,23200,23200,23200
2019-03-21,7.88,22500,-0.7(-3.02 %),4900,110250000,0,0,22500,22500,22500
2019-03-22,7.88,22500,0(0.00 %),26300,579250000,0,0,22100,22500,21000
2019-03-25,7.7,22000,0(0.00 %),3900,85800000,0,0,22000,22000,22000
2019-03-26,7.7,22000,0(0.00 %),6200,138460000,0,0,22400,22500,21800
2019-03-27,7.81,22300,0(0.00 %),1700,37910000,6000,114000000,22300,22300,20450
2019-03-28,7.6,21700,-0.6(-2.69 %),2000,43550000,0,0,22000,22000,21700
2019-03-29,7.7,22000,0.2(0.92 %),2100,45800000,0,0,21800,22000,21800
2019-04-01,7.88,22500,0.7(3.21 %),1800,40500000,0,0,22500,22500,22500
2019-04-02,7.91,22600,0.1(0.44 %),13100,295070000,0,0,22500,22600,22500
2019-04-03,8.09,23100,0.6(2.67 %),8000,184850000,0,0,22700,23500,22700
2019-04-04,8.23,23500,0.4(1.73 %),5000,117500000,0,0,23500,23500,23500
2019-04-05,8.23,23500,0(0.00 %),0,0,0,0,23500,23500,23500
2019-04-08,8.23,23500,0(0.00 %),0,0,0,0,23500,23500,23500
2019-04-09,8.23,23500,0(0.00 %),0,0,0,0,23500,23500,23500
2019-04-10,7.7,22000,-1.5(-6.38 %),1500,33500000,0,0,22500,22500,22000
2019-04-11,8.05,23000,0.7(3.14 %),4100,94000000,0,0,22700,23000,22700
2019-04-12,8.05,23000,0.1(0.44 %),8600,197800000,0,0,23000,23000,23000
2019-04-16,8.12,23200,0.2(0.87 %),1000,23230000,0,0,23500,23500,23200
2019-04-17,8.05,23000,-0.2(-0.86 %),5800,135270000,0,0,23300,23500,23000
2019-04-18,8.09,23100,-0.2(-0.86 %),4100,95330000,0,0,23300,23300,23100
2019-04-19,8.19,23400,0.1(0.43 %),5300,123550000,0,0,23200,23400,23200
2019-04-22,7.88,22500,-0.8(-3.43 %),4600,107340000,0,0,23400,23400,22500
2019-04-23,8.09,23100,-0.2(-0.86 %),1600,37260000,0,0,23300,23300,23100
2019-04-24,8.16,23300,0(0.00 %),242,5648600,0,0,23400,23400,23300
2019-04-25,8.05,23000,-0.4(-1.71 %),2800,64400000,0,0,23000,23000,23000
2019-04-26,7.98,22800,-0.2(-0.87 %),400,9180000,0,0,23000,23000,22800
2019-05-02,7.49,21400,-1.6(-6.96 %),100,2140000,0,0,21400,21400,21400
2019-05-03,8.19,22900,2(9.35 %),2900,68150000,0,0,22900,22900,22900
2019-05-06,7.99,21750,-0.6(-2.86 %),7600,156180000,0,0,21750,21750,21750
2019-05-07,8.11,20700,0.1(0.49 %),1200,24840000,0,0,20700,20700,20700
2019-05-08,7.64,19500,-1.2(-5.80 %),1400,27720000,0,0,20200,20200,19250
2019-05-09,7.8,19900,0.1(0.51 %),12100,240160000,0,0,20400,20400,19500
2019-05-10,7.64,19500,-0.3(-1.52 %),700,13730000,0,0,19700,19700,19500
2019-05-13,7.91,20200,0.6(3.06 %),1500,29300000,33,551100,19200,20200,19200
2019-05-14,7.72,19700,0.2(1.03 %),7500,146500000,0,0,19400,20200,19200
2019-05-15,7.83,20000,0.5(2.56 %),3100,61100000,0,0,19700,20000,19700
2019-05-16,7.68,19600,-0.1(-0.51 %),12800,251630000,0,0,19500,19700,19500
2019-05-17,7.68,19600,-0.1(-0.51 %),8400,165010000,0,0,20000,20000,19600
2019-05-20,7.68,19600,0(0.00 %),6500,127400000,0,0,19600,19600,19600
2019-05-21,7.72,19700,0.1(0.51 %),100,1970000,0,0,19700,19700,19700
2019-05-22,7.76,19800,0.1(0.51 %),500,9900000,0,0,19800,19800,19800
2019-05-23,7.8,19900,0.1(0.51 %),4800,95740000,0,0,19800,20000,19800
2019-05-24,7.68,19600,-0.3(-1.51 %),1000,19700000,0,0,19700,19900,19600
2019-05-27,7.72,19700,0(0.00 %),3500,68950000,1156,19420800,19700,19700,18250
2019-05-28,7.68,19600,-0.1(-0.51 %),400,7860000,33,554400,19700,19700,19600
2019-05-29,7.8,19900,0.2(1.02 %),300,5930000,351,6766800,19700,19900,19700
2019-05-30,7.83,20000,0.2(1.01 %),336,6731200,0,0,20400,20400,20000
2019-05-31,8.19,20900,0.8(3.98 %),236,4821200,0,0,20400,20900,20400
2019-06-03,7.91,20200,-0.5(-2.42 %),14700,296090000,0,0,20000,20500,20000
2019-06-04,7.91,20200,0.1(0.50 %),100,2020000,1012,17305200,20200,20200,18800
2019-06-05,8.03,20500,0.3(1.49 %),6600,135000000,27,464400,20200,20500,20200
2019-06-06,7.91,20200,-0.3(-1.46 %),6310,127965000,0,0,20600,20600,20200
2019-06-07,7.87,20100,-0.2(-0.99 %),2400,48280000,0,0,20500,20500,20100
2019-06-10,7.83,20000,-0.1(-0.50 %),7110,142520000,0,0,20000,20100,20000
2019-06-11,7.83,20000,0(0.00 %),300,6000000,36,612000,20000,20000,20000
2019-06-12,7.83,20000,0(0.00 %),678,13552200,0,0,20000,20000,20000
2019-06-13,7.95,20300,0.3(1.50 %),10600,213110000,99,1683000,20000,20300,20000
2019-06-14,7.95,20300,0.2(1.00 %),10800,219180000,3258,55711800,20100,20300,18900
2019-06-17,7.95,20300,0(0.00 %),2200,44320000,0,0,20000,20300,20000
2019-06-18,8.03,20500,0.4(1.99 %),9530,194695000,12,205200,20100,20500,20100
2019-06-19,7.99,20400,0(0.00 %),0,0,0,0,20400,20400,20400
2019-06-20,7.95,20300,-0.1(-0.49 %),600,12150000,127,2209800,20000,20300,20000
2019-06-21,7.99,20400,0.1(0.49 %),2100,42730000,0,0,20300,20400,20300
2019-06-24,7.83,20000,-0.3(-1.48 %),1600,32000000,38,657400,20000,20000,20000
2019-06-25,7.83,20000,0(0.00 %),2200,43934000,7,119000,20000,20100,20000
2019-06-26,8.03,20500,0.5(2.50 %),3000,61300000,0,0,20400,20500,20400
2019-06-27,8.03,20500,0.1(0.49 %),2000,41190000,72,1252800,20600,20800,20300
2019-06-28,8.07,20600,0(0.00 %),100,2060000,0,0,20600,20600,20600
2019-07-01,8.62,22000,1.4(6.80 %),200,4400000,0,0,22000,22000,22000
2019-07-02,7.87,20450,-1.9(-8.64 %),3394,68050200,0,0,20450,20450,20450
2019-07-03,7.91,20200,0.2(1.00 %),200,4040000,0,0,20200,20200,20200
2019-07-04,7.91,20200,0(0.00 %),1348,27140800,0,0,20200,20200,20000
2019-07-05,8.03,20500,0.3(1.49 %),8210,167650500,0,0,20400,20500,20300
2019-07-08,7.99,20400,0(0.00 %),0,0,0,0,20400,20400,20400
2019-07-09,7.99,20400,0(0.00 %),0,0,0,0,20400,20400,20400
2019-07-10,7.87,20100,-0.3(-1.47 %),600,12080000,0,0,20300,20300,20100
2019-07-11,8.03,20500,0.4(1.99 %),12611,258917800,89,1521900,20200,21000,20000
2019-07-12,8.23,21000,0.5(2.44 %),3010,62900000,0,0,20500,21000,20500
2019-07-15,8.03,20500,-0.4(-1.91 %),3100,63300000,145,2581000,20400,20500,20200
2019-07-16,7.99,20400,0(0.00 %),100,2040000,4097,83988500,20400,20500,20400
2019-07-17,7.99,20400,0(0.00 %),0,0,0,0,20400,20400,20400
2019-07-18,7.95,20300,-0.1(-0.49 %),2300,46680000,0,0,20200,20300,20200
2019-07-19,8.03,20500,0.2(0.99 %),1236,25062000,8282,169781000,20200,20500,20200
2019-07-22,7.83,20000,-0.3(-1.48 %),9400,188840000,44,761200,20400,20400,20000
2019-07-23,8.03,20500,0.4(1.99 %),7800,160080000,272,5576000,20300,20600,20300
2019-07-24,7.95,20300,-0.2(-0.98 %),469,9479300,0,0,20300,20300,20300
2019-07-25,7.95,20300,0(0.00 %),7700,156310000,672,13776000,20300,20500,20300
2019-07-26,7.95,20300,0(0.00 %),0,0,544,11152000,20300,20300,20300
2019-07-29,7.99,20400,0.1(0.49 %),200,4070000,0,0,20300,20400,20300
2019-07-30,7.95,20300,-0.1(-0.49 %),9900,200670000,0,0,20400,20400,20000
2019-07-31,7.91,20200,-0.1(-0.49 %),21400,428320000,0,0,20300,20300,20000
2019-08-01,7.83,20000,0(0.00 %),0,0,0,0,20000,20000,20000
2019-08-02,7.99,20400,0.4(2.00 %),1660,33384000,0,0,19700,20400,19700
2019-08-05,7.95,20300,0.2(1.00 %),2000,40600000,0,0,20300,20300,20300
2019-08-06,7.95,20300,0(0.00 %),0,0,0,0,20300,20300,20300
2019-08-07,7.83,20000,-0.3(-1.48 %),560,11110000,0,0,20000,20000,20000
2019-08-08,7.83,20000,0(0.00 %),0,0,0,0,20000,20000,20000
2019-08-09,8.42,21400,1.5(7.50 %),18910,391669000,555,11377500,20200,21400,20200
2019-08-12,8.03,20500,-0.2(-0.97 %),3000,61200000,0,0,20200,20500,20200
2019-08-13,7.83,20000,-0.4(-1.96 %),6300,127580000,0,0,20400,20400,20000
2019-08-14,8.11,20700,0.4(1.97 %),1394,28855800,0,0,20700,20700,20700
2019-08-15,8.03,20500,-0.2(-0.97 %),200,4100000,0,0,20500,20500,20500
2019-08-16,7.87,20100,-0.4(-1.95 %),163,3238500,0,0,20100,20100,20100
2019-08-19,7.91,20200,0.1(0.50 %),100,2020000,0,0,20200,20200,20200
2019-08-20,7.87,20100,-0.1(-0.50 %),5600,112800000,0,0,20200,20200,20100
2019-08-21,7.83,20000,-0.1(-0.50 %),1781,35695700,0,0,20100,20100,20000
2019-08-22,7.91,20200,0.1(0.50 %),200,4030000,0,0,20100,20200,20100
2019-08-23,7.91,20200,0(0.00 %),0,0,0,0,20200,20200,20200
2019-08-26,7.83,20000,-0.2(-0.99 %),144,2880000,0,0,20000,20000,20000
2019-08-27,8.03,20500,0.5(2.50 %),100,2050000,0,0,20500,20500,20500
2019-08-28,7.83,20000,-0.5(-2.44 %),1500,30000000,0,0,20000,20000,20000
2019-08-29,7.83,20000,0(0.00 %),2100,42000000,0,0,20000,20000,20000
2019-08-30,7.83,20000,0(0.00 %),5000,100000000,0,0,20000,20000,20000
2019-09-03,7.87,20100,0.1(0.50 %),34200,696290000,0,0,20300,20500,20000
2019-09-04,7.99,20400,0(0.00 %),0,0,0,0,20400,20400,20400
2019-09-05,7.99,20400,0(0.00 %),0,0,0,0,20400,20400,20400
2019-09-06,7.99,20400,0(0.00 %),0,0,0,0,20400,20400,20400
2019-09-09,7.76,19800,-0.6(-2.94 %),1800,35980000,0,0,20000,20000,19800
2019-09-10,7.72,19700,-0.3(-1.50 %),800,15760000,0,0,19700,19700,19700
2019-09-11,7.76,19800,0.1(0.51 %),4500,88940000,0,0,19600,19800,19600
2019-09-12,7.76,19800,0(0.00 %),0,0,0,0,19800,19800,19800
2019-09-13,7.76,19800,0(0.00 %),0,0,0,0,19800,19800,19800
2019-09-16,7.76,19800,0(0.00 %),0,0,0,0,19800,19800,19800
2019-09-17,7.76,19800,0(0.00 %),0,0,0,0,19800,19800,19800
2019-09-18,7.76,19800,0(0.00 %),100,1980000,8810,176200000,19800,20000,19800
2019-09-19,7.76,19800,0(0.00 %),10300,204240000,0,0,19800,20000,19800
2019-09-20,7.72,19700,-0.1(-0.51 %),207,4076500,0,0,19700,19700,19700
2019-09-23,7.83,20000,0.3(1.52 %),26394,519702400,0,0,19700,20000,19600
2019-09-24,7.83,20000,0.3(1.52 %),200,4000000,0,0,20000,20000,20000
2019-09-25,7.76,19800,-0.2(-1.00 %),107,2119300,0,0,19800,19800,19800
2019-09-26,7.76,19800,0(0.00 %),116,2300000,0,0,19800,19800,19800
2019-09-27,7.76,19800,0(0.00 %),0,0,0,0,19800,19800,19800
2019-09-30,7.76,19800,0(0.00 %),0,0,0,0,19800,19800,19800
2019-10-01,7.56,19300,-0.5(-2.53 %),1200,23330000,0,0,20000,20000,19300
2019-10-02,7.83,20000,0.6(3.09 %),520,10400000,0,0,20000,20000,20000
2019-10-03,7.68,19600,-0.4(-2.00 %),1200,23540000,0,0,19700,19700,19600
2019-10-04,7.68,19600,0(0.00 %),527,10288400,34,567800,19500,19600,19500
2019-10-07,7.83,20000,0.5(2.56 %),1000,20000000,0,0,20000,20000,20000
2019-10-08,7.72,19700,-0.3(-1.50 %),672,13209600,0,0,19700,19700,19700
2019-10-09,7.72,19700,0(0.00 %),1200,23650000,0,0,19600,19800,19600
2019-10-10,7.64,19500,-0.2(-1.02 %),5000,97500000,0,0,19500,19500,19500
2019-10-11,7.76,19800,0.3(1.54 %),3300,65930000,0,0,19700,20000,19700
2019-10-14,7.83,20000,0(0.00 %),5023,100460600,0,0,20000,20000,20000
2019-10-16,7.83,20000,0.3(1.52 %),100,2000000,0,0,20000,20000,20000
2019-10-17,7.8,19900,-0.1(-0.50 %),2500,49990000,0,0,20000,20000,19900
2019-10-18,7.83,20000,0(0.00 %),1100,21980000,0,0,19800,20000,19800
2019-10-21,7.83,20000,0(0.00 %),0,0,0,0,20000,20000,20000
2019-10-22,7.83,20000,0(0.00 %),4035,80612000,0,0,20000,20000,19700
2019-10-23,7.83,20000,0(0.00 %),1136,22668400,0,0,19700,20000,19700
2019-10-24,7.83,20000,0(0.00 %),0,0,0,0,20000,20000,20000
2019-10-25,7.83,20000,0(0.00 %),3400,68010000,0,0,20100,20100,20000
2019-10-28,7.95,20300,0.3(1.50 %),4800,97590000,0,0,20100,20400,20000
2019-10-29,8.03,20500,0.2(0.99 %),1200,24370000,0,0,20300,20500,20200
2019-10-30,7.95,20300,0(0.00 %),900,18270000,0,0,20300,20300,20300
2019-10-31,7.95,20300,0(0.00 %),5136,104209200,0,0,20000,20300,20000
2019-11-01,7.95,20300,0(0.00 %),1000,20300000,0,0,20300,20300,20300
2019-11-04,7.95,20300,0(0.00 %),0,0,0,0,20300,20300,20300
2019-11-05,7.83,20000,-0.3(-1.48 %),3000,60200000,0,0,20200,20200,20000
2019-11-06,7.87,20100,0(0.00 %),0,0,0,0,20100,20100,20100
2019-11-07,8.03,20500,0.4(1.99 %),1000,20500000,0,0,20500,20500,20500
2019-11-08,8.03,20500,0(0.00 %),300,6100000,0,0,20000,20500,20000
2019-11-11,7.95,20300,0(0.00 %),0,0,0,0,20300,20300,20300
2019-11-12,7.95,20300,0(0.00 %),3000,60900000,0,0,20300,20300,20300
2019-11-13,7.95,20300,0(0.00 %),0,0,0,0,20300,20300,20300
2019-11-14,7.95,20300,0(0.00 %),0,0,0,0,20300,20300,20300
2019-11-15,7.95,20300,0(0.00 %),0,0,0,0,20300,20300,20300
2019-11-18,7.95,20300,0(0.00 %),10,203000,0,0,20300,20300,20300
2019-11-19,7.83,20000,-0.3(-1.48 %),2000,40000000,0,0,20000,20000,20000
2019-11-20,7.83,20000,0(0.00 %),11,218900,0,0,18600,20000,18600
2019-11-21,7.83,20000,0(0.00 %),2000,40000000,0,0,20000,20000,20000
2019-11-22,7.83,20000,0(0.00 %),100,2000000,0,0,20000,20000,20000
2019-11-25,7.91,20200,0.2(1.00 %),2000,40570000,0,0,20100,20800,20100
2019-11-26,7.95,20300,0(0.00 %),0,0,0,0,20300,20300,20300
2019-11-27,7.87,20100,-0.2(-0.99 %),1000,20100000,0,0,20100,20100,20100
2019-11-28,7.87,20100,0(0.00 %),0,0,0,0,20100,20100,20100
2019-11-29,7.87,20100,0(0.00 %),0,0,0,0,20100,20100,20100
2019-12-02,7.87,20100,0(0.00 %),3600,71780000,0,0,19800,20100,19800
2019-12-03,7.76,19800,-0.1(-0.50 %),7500,148500000,0,0,19800,19800,19800
2019-12-04,7.91,20200,0.4(2.02 %),1000,20200000,0,0,20200,20200,20200
2019-12-05,7.91,20200,0(0.00 %),0,0,0,0,20200,20200,20200
2019-12-06,7.91,20200,0(0.00 %),0,0,0,0,20200,20200,20200
2019-12-09,7.91,20200,0(0.00 %),0,0,0,0,20200,20200,20200
2019-12-10,7.83,20000,-0.2(-0.99 %),3000,60000000,0,0,20000,20000,20000
2019-12-11,7.72,19700,-0.3(-1.50 %),16500,326400000,0,0,20000,20000,19700
2019-12-12,7.76,19800,0(0.00 %),0,0,0,0,19800,19800,19800
2019-12-13,7.83,20000,0.2(1.01 %),2000,40100000,0,0,20100,20100,20000
2019-12-16,8.03,20500,0.4(1.99 %),1000,20350000,0,0,20200,20500,20200
2019-12-17,7.99,20400,0(0.00 %),0,0,0,0,20400,20400,20400
2019-12-18,8.03,20500,0.1(0.49 %),500,10250000,0,0,20500,20500,20500
2019-12-19,7.76,19800,-0.7(-3.41 %),100,1980000,0,0,19800,19800,19800
2019-12-20,7.76,19800,0(0.00 %),3877,77026100,46000,784000000,20000,20000,18400
2019-12-23,7.8,19900,0(0.00 %),0,0,26079,443343000,19900,19900,19900
2019-12-24,7.87,20100,0.2(1.01 %),3700,74200000,35000,595000000,20000,20100,18500
2019-12-25,7.87,20100,0(0.00 %),1000,20100000,0,0,20100,20100,20100
2019-12-26,7.83,20000,-0.1(-0.50 %),100,2000000,37747,645473700,20000,20000,18700
2019-12-27,7.83,20000,0(0.00 %),0,0,0,0,20000,20000,20000
2019-12-30,7.83,20000,0(0.00 %),1000,20000000,35000,595000000,20000,20000,18600
2019-12-31,7.83,20000,0(0.00 %),0,0,0,0,20000,20000,20000
2020-01-02,7.91,20200,0.2(1.00 %),1700,34340000,0,0,20200,20200,20200
2020-01-03,7.95,20300,0.1(0.50 %),1100,22330000,0,0,20300,20300,20300
2020-01-06,8.03,20500,0.2(0.99 %),1100,22430000,0,0,20300,20500,20300
2020-01-07,8.07,20600,0.2(0.98 %),900,18700000,0,0,20800,20800,20600
2020-01-08,8.15,20800,0(0.00 %),0,0,0,0,20800,20800,20800
2020-01-09,8.07,20600,-0.2(-0.96 %),9600,197480000,0,0,20500,20800,20500
2020-01-10,8.5,21700,1.1(5.34 %),8900,188270000,0,0,20800,21700,20800
2020-01-13,8.38,21400,0.2(0.94 %),10507,223748400,0,0,21200,21400,21200
2020-01-14,8.34,21300,0(0.00 %),0,0,0,0,21300,21300,21300
2020-01-15,8.34,21300,0(0.00 %),0,0,0,0,21300,21300,21300
2020-01-16,8.27,21100,-0.2(-0.94 %),1600,33940000,0,0,21400,21400,21100
2020-01-17,8.34,21300,0.1(0.47 %),4400,93720000,0,0,21300,21300,21300
2020-01-20,8.38,21400,0.1(0.47 %),2917,61421500,0,0,20200,21400,19800
2020-01-21,8.34,21300,0.2(0.95 %),1536,32646000,0,0,21000,21300,21000
2020-01-22,8.34,21300,0(0.00 %),0,0,0,0,21300,21300,21300
2020-01-30,8.34,21300,0(0.00 %),0,0,0,0,21300,21300,21300
2020-01-31,8.23,21000,-0.3(-1.41 %),7900,165860000,0,0,21000,21000,20600
2020-02-03,7.99,20400,-0.6(-2.86 %),2100,42240000,0,0,20100,20400,20100
2020-02-04,8.15,20800,0.7(3.48 %),6800,140740000,0,0,20400,20800,20400
2020-02-05,8.11,20700,0(0.00 %),1,20700,0,0,20700,20700,20700
2020-02-06,8.23,21000,0.3(1.45 %),10400,217860000,0,0,20900,21000,20900
2020-02-07,8.23,21000,0.1(0.48 %),4800,100780000,0,0,20900,21000,20900
2020-02-10,8.15,20800,-0.2(-0.95 %),5600,116880000,0,0,21000,21000,20800
2020-02-11,8.19,20900,0(0.00 %),0,0,0,0,20900,20900,20900
2020-02-12,8.23,21000,0.1(0.48 %),4700,98660000,0,0,20900,21000,20900
2020-02-13,8.03,20500,-0.5(-2.38 %),9000,185800000,0,0,20800,20800,20500
2020-02-14,8.19,20900,0.3(1.46 %),100,2090000,0,0,20900,20900,20900
2020-02-17,8.11,20700,-0.2(-0.96 %),5500,114220000,0,0,20800,20800,20700
2020-02-18,8.03,20500,-0.3(-1.44 %),4600,94370000,0,0,20600,20600,20500
2020-02-19,8.3,21200,0.7(3.41 %),1000,21200000,0,0,21200,21200,21200
2020-02-20,8.03,20500,-0.7(-3.30 %),300,6150000,0,0,20500,20500,20500
2020-02-21,8.03,20500,0(0.00 %),0,0,0,0,20500,20500,20500
2020-02-24,8.03,20500,0(0.00 %),4000,82910000,0,0,20800,20800,20500
2020-02-25,7.83,20000,-0.7(-3.38 %),600,12000000,0,0,20000,20000,20000
2020-02-26,7.87,20100,0.1(0.50 %),429,8634500,0,0,20100,20100,20100
2020-02-27,7.87,20100,0(0.00 %),0,0,0,0,20100,20100,20100
2020-02-28,7.87,20100,0(0.00 %),0,0,0,0,20100,20100,20100
2020-03-02,7.91,20200,0.1(0.50 %),11410,230211000,0,0,20200,20200,20100
2020-03-03,7.99,20400,0.2(0.99 %),700,14280000,0,0,20400,20400,20400
2020-03-04,7.99,20400,0(0.00 %),0,0,0,0,20400,20400,20400
2020-03-05,8.03,20500,0.1(0.49 %),1200,24600000,0,0,20500,20500,20500
2020-03-06,8.03,20500,0(0.00 %),0,0,0,0,20500,20500,20500
2020-03-09,7.72,19700,-0.8(-3.90 %),400,7890000,0,0,19800,19800,19700
2020-03-10,7.8,19900,0.2(1.02 %),5100,101490000,0,0,19900,19900,19900
2020-03-11,7.83,20000,0.1(0.50 %),2000,40000000,0,0,20000,20000,20000
2020-03-12,7.05,18600,-2(-10.00 %),500,9570000,0,0,19900,19900,18600
2020-03-13,7.36,18800,-0.3(-1.57 %),2810,53207000,0,0,19000,19000,18800
2020-03-16,6.7,17500,-1.8(-9.52 %),1100,18810000,0,0,17500,17500,17500
2020-03-17,7.44,18300,1.9(11.11 %),300,5700000,0,0,18300,18300,18300
2020-03-18,7.29,18600,-0.4(-2.11 %),2700,51200000,0,0,19500,19500,18600
2020-03-19,6.82,17400,-1.6(-8.42 %),3901,69368100,0,0,18100,18100,17400
2020-03-20,7.05,18000,0.2(1.12 %),1000,18000000,0,0,18000,18000,18000
2020-03-23,6.31,16750,-1.9(-10.56 %),8500,140420000,0,0,17000,17000,16750
2020-03-24,6.46,16500,0(0.00 %),0,0,0,0,16500,16500,16500
2020-03-25,6.74,17200,0.7(4.24 %),2700,46380000,0,0,16700,17500,16700
2020-03-26,6.86,17500,0.3(1.74 %),1509,26314800,0,0,17200,17500,17200
2020-03-27,6.82,17400,0(0.00 %),0,0,0,0,17400,17400,17400
2020-03-30,5.8,16200,-2.6(-14.94 %),3100,48730000,0,0,16500,16500,16200
2020-03-31,5.88,15000,-0.7(-4.46 %),7800,119700000,0,0,15850,15850,15000
2020-04-01,6.66,16050,1.7(11.11 %),800,13600000,0,0,16050,16050,16050
2020-04-03,7.05,18000,1(5.88 %),300,5400000,0,0,18000,18000,18000
2020-04-06,7.05,18000,0(0.00 %),5600,100800000,0,0,18000,18000,18000
2020-04-07,7.01,17900,-0.1(-0.56 %),2000,35960000,0,0,18000,18200,17000
2020-04-08,7.05,18000,0(0.00 %),5500,99000000,0,0,18000,18000,18000
2020-04-09,7.25,18500,0.5(2.78 %),4500,83100000,0,0,18200,18600,18200
2020-04-10,7.17,18300,-0.2(-1.08 %),4500,82450000,0,0,18500,18500,18300
2020-04-13,7.17,18300,0(0.00 %),2500,45750000,0,0,18300,18300,18300
2020-04-14,7.6,19400,1.1(6.01 %),5000,95850000,0,0,18800,19400,18800
2020-04-15,7.64,19500,0.3(1.56 %),11310,220535000,0,0,19400,19500,19400
2020-04-16,7.83,20000,0.5(2.56 %),3800,75440000,0,0,19800,20000,19800
2020-04-17,8.03,20500,0.6(3.02 %),1000,20500000,0,0,20500,20500,20500
2020-04-20,8.03,20500,0(0.00 %),10600,213700000,0,0,20200,20500,20000
2020-04-21,7.76,19800,-0.4(-1.98 %),4500,89300000,0,0,20000,20000,19800
2020-04-22,7.76,19800,0(0.00 %),0,0,0,0,19800,19800,19800
2020-04-23,7.76,19800,0(0.00 %),0,0,0,0,19800,19800,19800
2020-04-24,7.87,20100,0.3(1.52 %),13100,262380000,0,0,20000,20100,19800
2020-04-27,7.87,20100,0.1(0.50 %),6000,120700000,0,0,20100,20200,20100
2020-04-28,7.91,20200,0.1(0.50 %),1100,22220000,0,0,20200,20200,20200
2020-04-29,7.91,20200,0(0.00 %),1800,36360000,0,0,20200,20200,20200
2020-05-04,7.91,20200,0(0.00 %),0,0,0,0,20200,20200,20200
2020-05-05,7.64,19500,-0.7(-3.47 %),303,5945000,0,0,19500,19500,19500
2020-05-06,7.64,19500,0(0.00 %),0,0,0,0,19500,19500,19500
2020-05-07,7.64,19500,0(0.00 %),0,0,0,0,19500,19500,19500
2020-05-08,7.83,20000,0.5(2.56 %),2900,58050000,0,0,20500,20500,20000
2020-05-11,8.58,21400,1.9(9.50 %),3007,65840000,0,0,21400,21400,21400
2020-05-12,7.87,20350,-1.8(-8.22 %),3500,70200000,0,0,20350,20350,20350
2020-05-13,8.15,20800,0.7(3.48 %),2900,60410000,0,0,20900,20900,20800
2020-05-14,8.15,20800,0(0.00 %),0,0,0,0,20800,20800,20800
2020-05-15,8.42,21500,0.7(3.37 %),100,2150000,0,0,21500,21500,21500
2020-05-18,8.03,20500,-1(-4.65 %),300,6150000,0,0,20500,20500,20500
2020-05-19,8.03,20500,0(0.00 %),601,12321000,0,0,20500,20500,20500
2020-05-20,7.83,20000,-0.5(-2.44 %),106,2126000,0,0,20000,20000,20000
2020-05-21,8.03,20500,0.5(2.50 %),1000,20500000,0,0,20500,20500,20500
2020-05-22,7.95,20300,-0.2(-0.98 %),4400,89960000,0,0,20500,20500,20300
2020-05-25,8.03,20500,0.1(0.49 %),600,12200000,0,0,19500,20500,19500
2020-05-26,8.03,20500,0.2(0.99 %),4000,82000000,0,0,20500,20500,20500
2020-05-27,8.03,20500,0(0.00 %),0,0,0,0,20500,20500,20500
2020-05-28,8.03,20500,0(0.00 %),0,0,0,0,20500,20500,20500
2020-05-29,7.91,20200,-0.3(-1.46 %),3400,68040000,0,0,20000,20200,20000
2020-06-01,7.83,20000,0(0.00 %),10400,208000000,0,0,20000,20000,20000
2020-06-02,8.23,21000,1(5.00 %),5000,104000000,0,0,20500,21000,20500
2020-06-03,7.68,19600,-1.2(-5.77 %),1000,19600000,0,0,19600,19600,19600
2020-06-04,7.83,20000,0.4(2.04 %),1000,20000000,0,0,20000,20000,20000
2020-06-05,7.76,19800,-0.2(-1.00 %),5000,99000000,0,0,19800,19800,19800
2020-06-08,7.83,20000,0.2(1.01 %),2000,40000000,0,0,20000,20000,20000
2020-06-09,7.91,20200,0.2(1.00 %),2600,53240000,0,0,20500,20500,20200
2020-06-10,7.91,20200,-0.3(-1.46 %),100,2020000,0,0,20200,20200,20200
2020-06-11,7.91,20200,0(0.00 %),0,0,0,0,20200,20200,20200
2020-06-12,8.07,20600,0.4(1.98 %),1800,36680000,0,0,20200,20600,20200
2020-06-15,7.99,20400,0(0.00 %),0,0,0,0,20400,20400,20400
2020-06-16,7.99,20400,0(0.00 %),5000,101700000,0,0,20300,20400,20300
2020-06-17,7.95,20300,0(0.00 %),0,0,0,0,20300,20300,20300
2020-06-18,7.99,20400,0.1(0.49 %),5300,107120000,0,0,20200,20400,20200
2020-06-19,7.91,20200,0(0.00 %),0,0,0,0,20200,20200,20200
2020-06-22,7.91,20200,0(0.00 %),1900,38380000,0,0,20200,20200,20200
2020-06-23,7.91,20200,0(0.00 %),0,0,0,0,20200,20200,20200
2020-06-24,7.91,20200,0(0.00 %),0,0,0,0,20200,20200,20200
2020-06-25,7.95,20300,0.1(0.50 %),1000,20300000,0,0,20300,20300,20300
2020-06-26,7.99,20400,0.1(0.49 %),2000,40800000,0,0,20400,20400,20400
2020-06-29,7.99,20400,0(0.00 %),2200,45080000,0,0,20500,20500,20400
2020-06-30,8.58,21850,1.4(6.83 %),1000,21900000,0,0,21850,21850,21850
2020-07-01,8.58,21900,0(0.00 %),0,0,0,0,21900,21900,21900
2020-07-02,8.03,20500,-1.4(-6.39 %),1700,34850000,0,0,20500,20500,20500
2020-07-03,8.23,21000,0.5(2.44 %),6800,142440000,0,0,20900,21200,20800
2020-07-06,8.19,20900,0(0.00 %),6600,138300000,0,0,20900,21000,20900
2020-07-07,8.15,20800,-0.2(-0.95 %),600,12500000,148659,2660996100,21000,21000,19450
2020-07-08,8.03,20500,-0.3(-1.44 %),4000,82640000,0,0,20800,20800,20500
2020-07-09,8.11,20700,0(0.00 %),12700,261670000,0,0,20000,20900,20000
2020-07-10,8.03,20500,-0.1(-0.49 %),8300,170490000,0,0,20600,20600,20500
2020-07-13,8.15,20800,0.3(1.46 %),31099,644609400,0,0,20500,20900,20500
2020-07-14,8.38,21400,0.7(3.38 %),14600,307110000,0,0,20700,21500,20700
2020-07-15,8.5,21700,0.7(3.33 %),15500,334920000,0,0,21500,21800,21400
2020-07-16,8.46,21600,0(0.00 %),20859,443592500,0,0,20900,21600,20900
2020-07-17,8.35,20100,0(0.00 %),3100,57110000,0,0,20100,20100,20100
2020-07-20,8.08,18200,-0.2(-1.09 %),2500,45580000,0,0,18400,18400,18200
2020-07-21,7.9,17800,-0.4(-2.20 %),1600,28680000,0,0,18000,18000,17800
2020-07-22,7.77,17500,-0.4(-2.23 %),1300,23020000,0,0,18000,18000,17500
2020-07-23,7.64,17200,-0.5(-2.82 %),3500,61126900,0,0,17700,17700,17000
2020-07-24,7.55,17000,-0.5(-2.86 %),5300,90570000,0,0,17100,17500,17000
2020-07-27,7.01,15800,-1.3(-7.60 %),3660,58290000,0,0,16500,16500,15800
2020-07-28,7.55,16900,1.1(6.92 %),2600,43600000,0,0,16500,16900,16500
2020-07-29,7.32,16500,-0.3(-1.79 %),1501,25366500,0,0,16500,17200,16500
2020-07-30,7.64,17200,0.3(1.78 %),1105,18827500,0,0,17000,17200,17000
2020-07-31,7.81,17600,0.6(3.53 %),110,1938000,0,0,17600,17600,17600
2020-08-03,7.95,17900,0.3(1.70 %),189,3287000,0,0,17900,17900,17900
2020-08-04,7.37,16650,-1.3(-7.26 %),2601,43657800,0,0,17000,17000,16650
2020-08-05,7.5,16900,0.1(0.60 %),600,10130000,0,0,16900,16900,16800
2020-08-06,7.5,16900,0(0.00 %),0,0,0,0,16900,16900,16900
2020-08-07,7.77,17500,0.6(3.55 %),200,3450000,0,0,17000,17500,17000
2020-08-10,7.77,17500,0.2(1.16 %),2000,34830000,0,0,17300,17500,17300
2020-08-11,7.64,17200,-0.2(-1.15 %),1200,20770000,0,0,17400,17500,17000
2020-08-12,7.55,17000,-0.3(-1.73 %),3000,51000000,0,0,17000,17000,17000
2020-08-13,7.55,17000,0(0.00 %),4500,77190000,0,0,17400,17400,17000
2020-08-14,7.64,17200,0(0.00 %),0,0,0,0,17200,17200,17200
2020-08-17,7.55,17000,-0.2(-1.16 %),799,13553300,0,0,17000,17000,17000
2020-08-18,7.55,17000,0(0.00 %),300,5100000,0,0,17000,17000,17000
2020-08-19,7.55,17000,0(0.00 %),2147,36499000,0,0,17000,17000,17000
2020-08-20,7.55,17000,0(0.00 %),0,0,0,0,17000,17000,17000
2020-08-21,7.55,17000,0(0.00 %),1100,18700000,0,0,17000,17000,17000
2020-08-24,7.55,17000,0(0.00 %),0,0,0,0,17000,17000,17000
2020-08-25,7.55,17000,0(0.00 %),0,0,0,0,17000,17000,17000
2020-08-26,7.5,16900,-0.1(-0.59 %),1201,20399500,0,0,17000,17000,16900
2020-08-27,7.55,17000,0(0.00 %),2500,42550000,0,0,17100,17100,17000
2020-08-28,7.55,17000,0(0.00 %),837,14229000,0,0,17000,17000,17000
2020-08-31,7.55,17000,0(0.00 %),0,0,0,0,17000,17000,17000
2020-09-01,7.72,17400,0.4(2.35 %),100,1740000,0,0,17400,17400,17400
2020-09-03,7.72,17400,0(0.00 %),1900,32520000,0,0,17400,17400,17000
2020-09-04,7.55,17000,-0.1(-0.58 %),2800,47640000,884,12906400,17400,17400,16200
2020-09-07,7.55,17000,0(0.00 %),900,15300000,0,0,17000,17000,17000
2020-09-08,7.46,16800,-0.2(-1.18 %),600,10130000,0,0,16900,16900,16800
2020-09-09,7.41,16700,-0.2(-1.18 %),2290,38696000,0,0,16900,16900,16600
2020-09-10,7.46,16800,-0.1(-0.59 %),500,8420000,0,0,16900,16900,16800
2020-09-11,7.55,17000,0.2(1.19 %),1000,17000000,0,0,17000,17000,17000
2020-09-14,7.37,16600,-0.4(-2.35 %),1800,29700000,0,0,16300,16900,16300
2020-09-15,7.55,17000,0.5(3.03 %),5500,93090000,0,0,16600,17000,16600
2020-09-16,7.5,16900,0(0.00 %),0,0,0,0,16900,16900,16900
2020-09-17,7.41,16700,-0.2(-1.18 %),400,6680000,0,0,16700,16700,16700
2020-09-18,7.55,17000,0.3(1.80 %),2000,34000000,0,0,17000,17000,17000
2020-09-21,7.55,17000,0(0.00 %),1500,25500000,0,0,17000,17000,17000
2020-09-22,7.55,17000,0(0.00 %),1300,22200000,0,0,17100,17100,17000
2020-09-23,7.59,17100,0(0.00 %),3100,52400000,0,0,16700,17100,16700
2020-09-24,7.64,17200,0.3(1.78 %),5100,87730000,0,0,17200,17300,17200
2020-09-25,7.64,17200,0(0.00 %),3000,51500000,0,0,17100,17200,17100
2020-09-28,7.64,17200,0(0.00 %),400,6880000,30000,441000000,17200,17200,16000
2020-09-29,7.68,17300,0.1(0.58 %),5300,92710000,0,0,17200,17600,17200
2020-09-30,7.77,17500,0(0.00 %),2000,35000000,0,0,17500,17500,17500
2020-10-01,7.77,17500,0(0.00 %),500,8750000,0,0,17500,17500,17500
2020-10-02,7.64,17200,-0.3(-1.71 %),160,2741000,0,0,17200,17200,17200
2020-10-05,7.64,17200,0(0.00 %),0,0,30000,441000000,17200,17200,17200
2020-10-06,7.59,17100,-0.1(-0.58 %),11000,189100000,0,0,17200,17200,17100
2020-10-07,7.64,17200,0(0.00 %),25,425000,0,0,17200,17200,17200
2020-10-08,7.64,17200,0(0.00 %),0,0,0,0,17200,17200,17200
2020-10-09,7.55,17000,-0.2(-1.16 %),100,1700000,37600,552720000,17000,17000,16000
2020-10-12,7.64,17200,0.2(1.18 %),3300,56740000,0,0,17200,17200,17000
2020-10-13,7.64,17200,0(0.00 %),0,0,0,0,17200,17200,17200
2020-10-14,7.72,17400,0.2(1.16 %),7600,131630000,0,0,17300,17400,17300
2020-10-15,7.68,17300,0(0.00 %),0,0,0,0,17300,17300,17300
2020-10-16,7.68,17300,0(0.00 %),0,0,0,0,17300,17300,17300
2020-10-19,7.55,17000,-0.3(-1.73 %),3900,67100000,0,0,17400,17400,17000
2020-10-20,7.68,17300,0.1(0.58 %),1300,22490000,0,0,17300,17300,17300
2020-10-21,7.77,17500,0.2(1.16 %),1071,18698600,0,0,17500,17500,17500
2020-10-22,7.9,17800,0.3(1.71 %),4200,73460000,0,0,17400,17800,17400
2020-10-23,7.77,17500,0(0.00 %),0,0,0,0,17500,17500,17500
2020-10-26,7.77,17500,0(0.00 %),0,0,0,0,17500,17500,17500
2020-10-27,7.64,17200,-0.3(-1.71 %),300,5180000,0,0,17300,17300,17200
2020-10-28,7.5,16900,-0.4(-2.31 %),22100,373890000,0,0,17300,17300,16900
2020-10-29,7.55,17000,0.1(0.59 %),3700,62900000,0,0,17000,17000,17000
2020-10-30,7.64,17200,0.2(1.18 %),2300,39360000,0,0,17000,17200,17000
2020-11-02,7.59,17100,0(0.00 %),0,0,0,0,17100,17100,17100
2020-11-03,7.5,16900,-0.2(-1.17 %),900,15210000,0,0,16900,16900,16900
2020-11-04,7.55,17000,0.1(0.59 %),1700,28950000,0,0,17500,17500,17000
2020-11-05,7.55,17000,0(0.00 %),0,0,0,0,17000,17000,17000
2020-11-06,7.55,17000,0(0.00 %),200,3400000,0,0,17000,17000,17000
2020-11-09,7.55,17000,0(0.00 %),0,0,0,0,17000,17000,17000
2020-11-10,7.59,17100,0.1(0.59 %),5200,88720000,0,0,17000,17100,17000
2020-11-11,7.59,17100,0(0.00 %),1050,17955000,0,0,17100,17100,17100
2020-11-12,7.59,17100,0(0.00 %),1200,20520000,0,0,17100,17100,17100
2020-11-13,7.59,17100,0(0.00 %),0,0,0,0,17100,17100,17100
2020-11-16,7.68,17300,0.2(1.17 %),4000,69200000,0,0,17300,17300,17300
2020-11-17,7.68,17300,0(0.00 %),0,0,11768,174166400,17300,17300,17300
2020-11-18,7.77,17500,0.2(1.16 %),2000,35000000,0,0,17500,17500,17500
2020-11-19,7.86,17700,0.2(1.14 %),100,1770000,0,0,17700,17700,17700
2020-11-20,7.81,17600,-0.1(-0.56 %),1000,17540000,0,0,17500,17600,17500
2020-11-24,7.59,17100,0.1(0.59 %),359,6103500,0,0,17100,17100,17100
2020-11-25,7.64,17200,0.1(0.58 %),541,9280000,0,0,17200,17200,17200
2020-11-26,7.72,17400,0.2(1.16 %),1700,29290000,0,0,17200,17400,17100
2020-11-27,7.64,17200,0(0.00 %),207,3557600,0,0,17200,17200,17200
2020-11-30,7.81,17600,0.4(2.33 %),2800,48630000,0,0,17200,17600,17200
2020-12-01,7.72,17400,0(0.00 %),700,12180000,0,0,17400,17400,17400
2020-12-02,7.72,17400,0(0.00 %),2000,34800000,0,0,17400,17400,17400
2020-12-03,7.81,17600,0.2(1.15 %),6400,112040000,0,0,17500,17600,17500
2020-12-04,7.81,17600,0.1(0.57 %),16000,281600000,0,0,17600,17600,17600
2020-12-07,7.86,17700,0.1(0.57 %),1600,28080000,0,0,17300,17700,17300
2020-12-08,7.86,17700,0.1(0.57 %),4010,70976000,60,900000,17700,17700,17700
2020-12-09,7.95,17900,0.2(1.13 %),6000,107400000,0,0,17900,17900,17900
2020-12-10,7.95,17900,0(0.00 %),2243,40148400,0,0,17900,17900,17900
2020-12-11,7.95,17900,0(0.00 %),0,0,0,0,17900,17900,17900
2020-12-14,8.21,18500,0.6(3.35 %),3110,57535000,0,0,18500,18500,18500
2020-12-15,8.39,18900,0.4(2.16 %),8800,165470000,0,0,18700,18900,18700
2020-12-16,8.26,18600,-0.2(-1.06 %),3300,61380000,0,0,18600,18600,18600
2020-12-17,8.3,18700,0.1(0.54 %),3200,59540000,0,0,18600,18700,18600
2020-12-18,8.26,18600,0(0.00 %),40,704000,0,0,18600,18600,18600
2020-12-21,8.26,18600,0(0.00 %),0,0,0,0,18600,18600,18600
2020-12-22,8.26,18600,0(0.00 %),0,0,0,0,18600,18600,18600
2020-12-23,8.26,18600,0(0.00 %),0,0,0,0,18600,18600,18600
2020-12-24,8.3,18700,0.1(0.54 %),2000,37400000,0,0,18700,18700,18700
2020-12-25,8.3,18700,0(0.00 %),482,8947800,0,0,18700,18700,18700
2020-12-28,8.12,18300,-0.4(-2.14 %),2500,45600000,0,0,18000,18300,18000
2020-12-29,8.08,18200,0(0.00 %),0,0,0,0,18200,18200,18200
2020-12-30,8.12,18300,0.1(0.55 %),620,11330000,0,0,18200,18300,18200
2020-12-31,8.12,18300,0(0.00 %),4,74000,0,0,18300,18300,18300
2021-01-04,8.12,18300,0(0.00 %),0,0,0,0,18300,18300,18300
2021-01-05,8.12,18300,0(0.00 %),81,1417500,0,0,18300,18300,18300
2021-01-06,8.52,19200,0.9(4.92 %),130,2448000,0,0,19200,19200,19200
2021-01-07,8.12,18300,-0.9(-4.69 %),1500,27550000,0,0,18500,18500,18300
2021-01-08,8.3,18700,0.3(1.63 %),500,9350000,0,0,18700,18700,18700
2021-01-11,8.43,19000,0.3(1.60 %),900,17100000,0,0,19000,19000,19000
2021-01-12,8.7,19600,0.6(3.16 %),18840,361704000,0,0,19000,19600,19000
2021-01-13,8.57,19300,0.1(0.52 %),1800,35650000,0,0,19800,19900,19300
2021-01-14,9.06,20400,0.6(3.03 %),100,2040000,0,0,20400,20400,20400
2021-01-15,8.88,20000,-0.4(-1.96 %),9500,191000000,0,0,20500,20500,20000
2021-01-18,9.32,21000,0.9(4.48 %),6300,131800000,0,0,20000,21000,20000
2021-01-19,8.97,20200,-0.7(-3.35 %),9400,190280000,0,0,20900,20900,20000
2021-01-20,8.97,20200,0(0.00 %),0,0,0,0,20200,20200,20200
2021-01-21,9.32,21000,0.8(3.96 %),4500,92410000,0,0,20100,21000,20100
2021-01-22,9.32,21000,0.5(2.44 %),4700,97940000,0,0,20500,21000,20500
2021-01-25,9.77,22000,1.2(5.77 %),9773,215406500,0,0,21900,22450,21900
2021-01-26,9.72,21900,-0.2(-0.90 %),15500,341770000,0,0,22500,22500,21900
2021-01-27,9.72,21900,-0.2(-0.90 %),8700,192520000,111,2086800,22100,22200,21900
2021-01-28,8.39,20350,-3.2(-14.48 %),4000,76000000,0,0,20350,20350,20350
2021-01-29,9.28,20200,1.9(10.00 %),15107,291926000,0,0,18600,20200,18600
2021-02-01,8.43,19450,-0.3(-1.55 %),3100,60390000,1598,31161000,19450,19500,19450
2021-02-02,8.43,19000,-0.5(-2.56 %),5200,98800000,0,0,19000,19000,19000
2021-02-03,9.1,20350,1.5(7.89 %),5500,113250000,0,0,20350,20350,20350
2021-02-04,9.19,20700,0.1(0.49 %),600,12320000,0,0,20500,20700,20500
2021-02-05,9.1,20500,0(0.00 %),0,0,0,0,20500,20500,20500
2021-02-17,9.1,20500,0.5(2.50 %),1500,30700000,0,0,20000,20500,20000
2021-02-18,9.14,20600,0.1(0.49 %),1450,29820000,0,0,20500,20700,20500
2021-02-19,9.14,20600,0(0.00 %),0,0,0,0,20600,20600,20600
2021-02-22,9.32,21000,0.4(1.94 %),4800,100800000,0,0,21000,21000,21000
2021-02-23,9.32,21000,0(0.00 %),200,4200000,0,0,21000,21000,21000
2021-02-24,9.41,21200,0.2(0.95 %),4400,94980000,0,0,21600,21800,21200
2021-02-25,9.63,21700,0.1(0.46 %),1500,32550000,0,0,21700,21700,21700
2021-02-26,9.63,21700,0(0.00 %),200,4340000,0,0,21700,21700,21700
2021-03-01,9.77,22000,0.3(1.38 %),5597,121844700,0,0,21700,22000,21000
2021-03-02,9.59,21600,-0.2(-0.92 %),4000,87740000,0,0,22400,22400,21600
2021-03-03,10.03,22600,0.7(3.20 %),15500,342710000,55,1028500,21000,22600,21000
2021-03-04,9.86,22200,0.1(0.45 %),10200,227080000,0,0,22300,22300,22200
2021-03-05,9.99,22500,0.2(0.90 %),6000,134480000,0,0,22300,22500,22200
2021-03-09,10.21,23000,0.4(1.77 %),27137,620752500,0,0,22700,23000,22700
2021-03-10,10.21,23000,0.1(0.44 %),5100,117300000,0,0,23000,23000,23000
2021-03-11,10.34,23300,0.3(1.30 %),18100,419810000,0,0,23200,23300,23000
2021-03-12,10.3,23200,0(0.00 %),1772,40959200,0,0,23000,23300,23000
2021-03-15,10.43,23500,0.4(1.73 %),28800,671850000,0,0,23200,23500,23000
2021-03-16,10.48,22100,0.3(1.38 %),7600,172150000,0,0,23400,23400,22100
2021-03-17,10.63,22400,-0.3(-1.32 %),4701,103432000,0,0,22000,22400,21900
2021-03-18,9.96,21000,-1(-4.55 %),7110,147838000,0,0,20850,21600,20850
2021-03-19,9.96,21000,0.2(0.96 %),8125,170885500,0,0,21000,21500,21000
2021-03-22,9.73,20500,-0.5(-2.38 %),9400,193560000,0,0,20600,20600,20500
2021-03-23,9.73,20500,-0.1(-0.49 %),5400,110600000,0,0,20500,20500,20400
2021-03-24,9.54,20100,-0.4(-1.95 %),1315,26520000,0,0,20000,20200,20000
2021-03-25,9.49,20000,-0.2(-0.99 %),30900,624290000,0,0,20000,21000,20000
2021-03-26,9.58,20200,0(0.00 %),0,0,0,0,20200,20200,20200
2021-03-29,9.87,20800,0.7(3.48 %),1400,28690000,0,0,20100,20800,20100
2021-03-30,10.39,21900,1.4(6.83 %),200,4270000,0,0,20800,21900,20800
2021-03-31,9.87,20800,-0.6(-2.80 %),5000,106820000,0,0,21900,21900,20500
2021-04-01,9.96,21000,-0.4(-1.87 %),5000,104830000,0,0,20800,21000,20800
2021-04-02,10.39,21900,0.9(4.29 %),800,16750000,0,0,20800,21900,20800
2021-04-05,10.34,21800,0.9(4.31 %),600,12630000,0,0,20900,21800,20900
2021-04-06,10.01,21100,0(0.00 %),1480,31712500,0,0,21700,21800,21100
2021-04-07,9.96,21000,-0.5(-2.33 %),2720,57116000,0,0,21000,21000,21000
2021-04-08,9.96,21000,0(0.00 %),2300,48300000,0,0,21000,21000,21000
2021-04-09,10.06,21200,0.2(0.95 %),5400,113600000,0,0,21000,21200,21000
2021-04-12,9.96,21000,0(0.00 %),0,0,0,0,21000,21000,21000
2021-04-13,9.96,21000,0(0.00 %),4500,94990000,0,0,21200,21200,21000
2021-04-14,9.96,21000,-0.1(-0.47 %),17700,371700000,0,0,21000,21000,21000
2021-04-15,9.73,20500,-0.5(-2.38 %),3640,74873600,0,0,20800,20800,20500
2021-04-16,9.68,20400,-0.2(-0.97 %),3000,61300000,0,0,20500,20500,20400
2021-04-19,9.49,20000,-0.4(-1.96 %),10295,206749500,0,0,20400,20400,20000
2021-04-20,9.44,19900,-0.2(-1.00 %),13400,268720000,0,0,20100,20100,19900
2021-04-22,9.54,20100,0(0.00 %),5129,103266200,0,0,20700,20700,20000
2021-04-23,9.3,19600,-0.5(-2.49 %),1700,33800000,0,0,20000,20000,19600
2021-04-26,8.82,18600,-1.3(-6.53 %),14100,269810000,0,0,19400,19400,18600
2021-04-27,9.06,19100,0(0.00 %),500,9550000,0,0,19100,19100,19100
2021-04-28,9.06,19100,0(0.00 %),1100,20860000,0,0,18800,19100,18800
2021-04-29,9.01,19000,0(0.00 %),1300,24800000,0,0,19100,19100,19000
2021-05-04,9.06,19100,0(0.00 %),1600,30500000,0,0,19000,19100,19000
2021-05-05,9.44,19900,0.8(4.19 %),400,7750000,0,0,19200,19900,19200
2021-05-06,9.25,19500,0.1(0.52 %),10600,206580000,0,0,19300,19500,19300
2021-05-07,9.06,19100,-0.4(-2.05 %),100,1910000,0,0,19100,19100,19100
2021-05-10,9.06,19100,0(0.00 %),0,0,0,0,19100,19100,19100
2021-05-11,9.35,19700,0.6(3.14 %),200,3940000,0,0,19700,19700,19700
2021-05-12,9.06,19100,-0.6(-3.05 %),800,15290000,0,0,19200,19200,19100
2021-05-13,9.06,19100,0(0.00 %),0,0,0,0,19100,19100,19100
2021-05-14,9.06,19100,0(0.00 %),0,0,0,0,19100,19100,19100
2021-05-17,9.06,19100,0(0.00 %),0,0,0,0,19100,19100,19100
2021-05-18,9.25,19500,0.4(2.09 %),9800,189980000,0,0,19100,19500,19100
2021-05-19,9.3,19600,0.2(1.03 %),700,13720000,0,0,19600,19600,19600
2021-05-20,9.25,19500,-0.1(-0.51 %),800,15600000,0,0,19500,19500,19500
2021-05-21,9.25,19500,0(0.00 %),1000,19500000,0,0,19500,19500,19500
2021-05-24,9.35,19700,0.2(1.03 %),100,1970000,0,0,19700,19700,19700
2021-05-25,9.25,19500,-0.2(-1.02 %),836,16434800,0,0,19700,19700,19500
2021-05-26,9.25,19500,-0.2(-1.02 %),2200,42820000,0,0,19500,19500,19300
2021-05-27,9.16,19300,-0.2(-1.03 %),10200,198930000,0,0,19600,19600,19300
2021-05-28,9.25,19500,0(0.00 %),0,0,0,0,19500,19500,19500
2021-05-31,9.2,19400,-0.1(-0.51 %),6800,132420000,0,0,19500,19500,19400
2021-06-01,9.25,19500,0(0.00 %),2500,48750000,0,0,19500,19500,19500
2021-06-02,9.25,19500,0(0.00 %),0,0,0,0,19500,19500,19500
2021-06-03,9.3,19600,0.1(0.51 %),530,10370000,0,0,19600,19600,19600
2021-06-04,9.25,19500,-0.1(-0.51 %),1100,21450000,0,0,19500,19500,19500
2021-06-07,9.25,19500,0(0.00 %),4646,90597000,0,0,19500,19500,19500
2021-06-08,9.25,19500,0(0.00 %),10100,197250000,0,0,19600,19600,19500
2021-06-09,9.25,19500,0(0.00 %),6927,135056500,0,0,19500,19500,19400
2021-06-10,9.25,19500,0(0.00 %),5000,97500000,0,0,19500,19500,19500
2021-06-11,9.3,19600,0.1(0.51 %),1300,25470000,0,0,19500,19700,19500
2021-06-14,9.3,19600,0(0.00 %),0,0,0,0,19600,19600,19600
2021-06-15,9.25,19500,-0.1(-0.51 %),5700,111240000,0,0,19600,19900,19500
2021-06-16,9.25,19500,0(0.00 %),300,5860000,0,0,19600,19600,19500
2021-06-17,9.49,20000,0.5(2.56 %),1617,32223000,0,0,19500,20000,19500
2021-06-18,9.44,19900,0(0.00 %),3100,61800000,0,0,20000,20000,19900
2021-06-22,9.35,19700,0(0.00 %),0,0,0,0,19700,19700,19700
2021-06-23,9.3,19600,-0.1(-0.51 %),100,1960000,0,0,19600,19600,19600
2021-06-24,9.3,19600,0(0.00 %),900,17640000,0,0,19600,19600,19600
2021-06-25,9.3,19600,0(0.00 %),1200,23600000,0,0,20000,20000,19600
2021-06-28,9.35,19700,0(0.00 %),9000,176700000,0,0,19600,19700,19600
2021-06-29,9.3,19600,0(0.00 %),2900,56750000,0,0,19500,19600,19500
2021-06-30,9.3,19600,0(0.00 %),0,0,0,0,19600,19600,19600
2021-07-01,9.3,19600,0(0.00 %),2000,39200000,0,0,19600,19600,19600
2021-07-02,9.3,19600,0(0.00 %),1600,31360000,0,0,19600,19600,19600
2021-07-05,9.25,19500,-0.1(-0.51 %),1300,25350000,0,0,19500,19500,19500
2021-07-06,9.25,19500,0(0.00 %),4300,84050000,22000,365200000,19600,19600,18150
2021-07-07,8.54,18150,-1.5(-7.69 %),1620,30407000,0,0,19500,19500,18150
2021-07-08,8.87,18700,-0.1(-0.53 %),5000,94700000,22000,363000000,19000,19000,18700
2021-07-09,8.97,18900,0(0.00 %),3000,56800000,0,0,19000,19000,18900
2021-07-12,8.54,18000,-0.9(-4.76 %),8200,147800000,22000,356400000,18800,18800,17600
2021-07-13,8.63,18200,0.2(1.11 %),7100,130060000,0,0,18000,18500,18000
2021-07-14,8.54,18000,-0.3(-1.64 %),3800,68870000,0,0,18500,18500,18000
2021-07-15,8.73,18400,0.3(1.66 %),6100,109890000,0,0,18100,18400,18000
2021-07-16,8.54,18000,0(0.00 %),700,12610000,13800,211140000,18100,18100,17100
2021-07-19,8.44,17800,-0.2(-1.11 %),5900,106100000,0,0,18000,18000,17800
2021-07-20,8.3,17500,-0.5(-2.78 %),4300,77250000,0,0,18000,18000,17500
2021-07-21,8.54,18000,0(0.00 %),0,0,0,0,18000,18000,18000
2021-07-22,8.63,18200,0.2(1.11 %),200,3640000,0,0,18200,18200,18200
2021-07-23,8.78,18500,0.3(1.65 %),11500,213400000,0,0,18600,18600,18500
2021-07-26,8.82,18600,0(0.00 %),0,0,0,0,18600,18600,18600
2021-07-27,8.97,18900,0.3(1.61 %),3900,73430000,0,0,18900,18900,18800
2021-07-28,8.92,18800,0(0.00 %),0,0,0,0,18800,18800,18800
2021-07-29,9.44,19900,1.1(5.85 %),12100,241600000,0,0,20000,20000,19900
2021-07-30,9.49,20000,0(0.00 %),200,4000000,0,0,20000,20000,20000
2021-08-02,9.44,19900,-0.1(-0.50 %),2700,53780000,0,0,20000,20000,19900
2021-08-03,9.39,19800,-0.1(-0.50 %),3100,61380000,0,0,19800,19800,19800
2021-08-04,9.39,19800,0(0.00 %),1300,25740000,0,0,19800,19800,19800
2021-08-05,9.25,19500,-0.3(-1.52 %),4100,80010000,0,0,19800,19800,19500
2021-08-06,9.25,19500,0(0.00 %),4700,91860000,0,0,19600,19600,19500
2021-08-09,9.25,19500,0(0.00 %),2600,50620000,0,0,19500,19500,19400
2021-08-10,9.25,19500,0(0.00 %),8000,155890000,0,0,19400,19500,19300
2021-08-11,9.35,19700,0.2(1.03 %),3100,60820000,0,0,19500,19700,19500
2021-08-12,9.44,19900,0.3(1.53 %),1000,19840000,0,0,19700,19900,19700
2021-08-13,9.49,20000,0.2(1.01 %),16000,319920000,0,0,20000,20100,19800
2021-08-16,10.34,21400,1.8(9.00 %),33262,723726200,0,0,21000,21400,21000
2021-08-17,10.11,21300,-0.5(-2.29 %),7400,158620000,0,0,21800,21800,21200
2021-08-18,9.96,21000,-0.4(-1.87 %),18500,387060000,0,0,21200,21200,20700
2021-08-19,10.2,21500,0.6(2.87 %),56600,1203320000,0,0,21000,21500,21000
2021-08-20,10.15,21400,0.1(0.47 %),103700,2200050000,0,0,21300,21500,21000
2021-08-23,9.77,20600,-0.6(-2.83 %),68829,1409032400,0,0,21000,21000,20000
2021-08-24,9.49,20000,-0.5(-2.44 %),17319,348989500,0,0,20500,20500,20000
2021-08-25,9.87,20800,0.6(2.97 %),33100,679410000,0,0,20200,20800,20100
2021-08-26,9.68,20400,-0.1(-0.49 %),6912,141067600,0,0,20100,20700,20100
2021-08-27,9.87,20800,0.4(1.96 %),24700,507490000,0,0,20400,20800,20300
2021-08-30,9.92,20900,0.4(1.95 %),13000,270660000,0,0,20900,20900,20600
2021-08-31,10.01,21100,0.3(1.44 %),39406,825865400,10000,177000000,20900,21100,19450
2021-09-01,10.2,21500,0.5(2.38 %),58300,1226250000,10000,179000000,21000,21500,19600
2021-09-06,10.82,22800,1.8(8.57 %),51700,1145130000,0,0,21600,22800,21600
2021-09-07,10.67,22500,0.3(1.35 %),52900,1204740000,0,0,22700,23000,22500
2021-09-08,10.58,22300,-0.5(-2.19 %),36206,816304400,0,0,22500,22900,22300
2021-09-09,10.67,22500,0(0.00 %),17100,385240000,0,0,22500,22700,22500
2021-09-10,10.72,22600,0.1(0.44 %),20600,464200000,0,0,22600,22700,22500
2021-09-13,11.39,24000,1.5(6.67 %),52720,1250492400,0,0,22900,24200,22900
2021-09-14,11.62,24500,0.8(3.38 %),46510,1173050000,0,0,24000,25600,24000
2021-09-15,11.67,24600,-0.6(-2.38 %),24627,606601500,0,0,24600,25100,24500
2021-09-16,12.0,25300,0.7(2.85 %),23400,586380000,0,0,24600,25300,24600
2021-09-17,12.57,26500,1.4(5.58 %),35900,944560000,0,0,25300,26500,25300
2021-09-20,12.43,26200,-0.1(-0.38 %),23126,605509000,0,0,27700,27700,25800
2021-09-21,11.91,25100,-1.1(-4.20 %),21004,530861600,0,0,25600,25600,25000
2021-09-22,11.91,25100,-0.2(-0.79 %),11700,294510000,0,0,25300,25300,25000
2021-09-23,11.96,25200,0(0.00 %),16000,404040000,0,0,25200,25400,25200
2021-09-24,11.81,24900,-0.4(-1.58 %),8569,210090500,0,0,24500,24900,24400
2021-09-27,11.24,23700,-0.8(-3.27 %),17200,412380000,0,0,24200,24300,23600
2021-09-28,11.15,23500,-0.5(-2.08 %),5300,121700000,0,0,23000,23500,22500
2021-09-29,11.05,23300,0.3(1.30 %),4800,110660000,0,0,23000,23300,22900
2021-09-30,11.62,24500,1.4(6.06 %),6800,166040000,0,0,23100,24800,23100
2021-10-01,11.48,24200,-0.2(-0.82 %),12500,304840000,0,0,25000,25000,24000
2021-10-04,11.58,24400,0(0.00 %),2700,65860000,0,0,24500,24500,24300
2021-10-05,11.53,24300,-0.1(-0.41 %),3200,77640000,0,0,24500,24500,24200
2021-10-06,11.62,24500,0.2(0.82 %),15400,372300000,0,0,24100,24500,24000
2021-10-07,11.91,25100,0.9(3.72 %),8300,207410000,0,0,24800,25300,24800
2021-10-08,11.81,24900,-0.1(-0.40 %),7200,180000000,0,0,25200,25300,24400
2021-10-11,12.15,25600,0.6(2.40 %),45600,1160650000,0,0,25000,25800,25000
2021-10-12,11.81,24900,-0.6(-2.35 %),13100,329550000,0,0,25200,25500,24900
2021-10-13,12.0,25300,0.1(0.40 %),269,6604600,0,0,25200,25300,25200
2021-10-14,11.77,24800,-0.5(-1.98 %),9907,243613800,0,0,24600,25300,24500
2021-10-15,11.53,24300,-0.3(-1.22 %),7027,172569100,0,0,24600,24600,24300
2021-10-18,11.29,23800,-0.8(-3.25 %),27000,648610000,0,0,24300,24300,23800
2021-10-19,11.62,24500,0.5(2.08 %),11971,288184400,0,0,23900,24500,23900
2021-10-20,11.86,25000,0.9(3.73 %),26200,653140000,0,0,24700,25300,24500
2021-10-21,13.57,26750,3.7(14.86 %),120785,3433324000,0,0,25500,26750,25500
2021-10-22,14.66,30600,2.5(8.80 %),52900,1624270000,0,0,30000,30600,30000
2021-10-25,14.71,31000,0.3(0.98 %),47824,1499933000,0,0,30500,32000,30500
2021-10-26,15.66,33000,1.6(5.10 %),85573,2736476800,0,0,31300,33150,30500
2021-10-27,16.08,33900,1.9(5.94 %),70651,2358253700,52,1414400,33000,34200,32600
2021-10-28,15.61,32900,-0.5(-1.50 %),35500,1174630000,35,994000,34000,34000,32400
2021-10-29,15.89,33500,0.4(1.21 %),23250,773667400,0,0,33000,33600,33000
2021-11-01,16.13,34000,0.7(2.10 %),70231,2403278800,36,1022400,33400,35000,33400
2021-11-02,16.42,34600,0.4(1.17 %),32199,1107458400,0,0,34400,34600,34000
2021-11-03,16.04,33800,-0.6(-1.74 %),54590,1854078500,0,0,34500,34500,33600
2021-11-04,15.85,33400,-0.6(-1.76 %),29524,992364600,0,0,33000,34000,33000
2021-11-05,17.22,35750,2.7(8.04 %),194067,6854902100,0,0,33600,35750,33600
2021-11-08,17.93,37800,2.5(7.08 %),122988,4594524100,0,0,36300,38000,36300
2021-11-09,18.17,38300,0.9(2.41 %),70652,2698044100,0,0,37600,38700,37600
2021-11-10,17.84,37600,-0.6(-1.57 %),96279,3618208600,0,0,37600,38300,37200
2021-11-11,17.36,36600,-1(-2.66 %),107737,3979642400,0,0,37500,37600,36300
2021-11-12,16.94,35700,-1.2(-3.25 %),83919,2989699500,897,28165800,36000,36300,34050
2021-11-15,16.84,35500,-0.1(-0.28 %),94927,3357062600,0,0,35600,36000,34900
2021-11-16,17.03,35900,0.5(1.41 %),84701,3033035000,0,0,35300,36300,34900
2021-11-17,16.94,35700,-0.1(-0.28 %),23598,839701400,0,0,35000,36000,35000
2021-11-18,17.89,37700,2.1(5.90 %),179567,6637625500,20000,606000000,35600,37800,33200
2021-11-19,17.51,36900,-0.1(-0.27 %),92473,3442391100,0,0,37500,37600,36400
2021-11-22,16.94,35700,-1.5(-4.03 %),84083,3027134000,0,0,37000,37000,35000
2021-11-23,16.8,35400,-0.6(-1.67 %),99562,3465660000,0,0,35700,35700,34100
2021-11-24,16.42,34600,-0.2(-0.57 %),67210,2312834300,27000,799200000,35300,35300,32900
2021-11-25,16.37,34500,0.1(0.29 %),43000,1473190000,0,0,34100,34500,34100
2021-11-26,16.42,34600,0.3(0.87 %),37212,1276600400,10000,292000000,34300,34600,34000
2021-11-29,16.23,34200,-0.1(-0.29 %),35668,1205494600,0,0,34100,34400,33100
2021-11-30,16.13,34000,0.2(0.59 %),14106,477598900,0,0,33900,34300,33500
2021-12-01,16.37,34500,0.6(1.77 %),20054,690609900,0,0,33600,35000,33500
2021-12-02,16.13,34000,-0.4(-1.16 %),14164,480461100,0,0,34100,34100,33700
2021-12-03,15.99,33700,-0.2(-0.59 %),23958,803172000,0,0,34000,34100,33000
2021-12-06,15.32,32300,-1.2(-3.58 %),37377,1219818900,0,0,33100,33100,31600
2021-12-07,15.51,32700,0.1(0.31 %),21100,687500000,0,0,32600,33000,32000
2021-12-08,15.61,32900,0.3(0.92 %),12786,420955500,0,0,33000,33500,32600
2021-12-09,15.75,33200,0.3(0.91 %),6300,207250000,0,0,33000,33200,32700
2021-12-10,15.61,32900,0(0.00 %),22005,719224500,0,0,33000,33000,32500
2021-12-13,15.61,32900,0.2(0.61 %),21934,723698600,0,0,32900,33700,32700
2021-12-14,15.32,32300,-0.7(-2.12 %),29493,954346600,0,0,32700,32700,32000
2021-12-15,15.42,32500,0.1(0.31 %),25707,823914000,0,0,32200,32900,32000
2021-12-16,15.47,32600,0.5(1.56 %),18062,587928400,0,0,32200,32900,32100
2021-12-17,16.04,33800,1.2(3.68 %),32634,1099578000,0,0,32800,34000,32800
2021-12-20,15.75,33200,-0.5(-1.48 %),19900,664810000,0,0,33700,33700,32800
2021-12-21,15.66,33000,-0.4(-1.20 %),10633,350751000,0,0,32600,33500,32600
2021-12-22,15.66,33000,0(0.00 %),21389,705235600,0,0,33000,34000,32600
2021-12-23,15.56,32800,-0.2(-0.61 %),20800,681900000,0,0,33000,33000,32600
2021-12-24,15.66,33000,0.2(0.61 %),35776,1183370000,0,0,33100,33700,32600
2021-12-27,15.75,33200,0.1(0.30 %),19426,638440200,0,0,33100,33200,32700
2021-12-28,15.61,32900,0(0.00 %),42383,1387687400,0,0,33000,33000,32600
2021-12-29,15.51,32700,0(0.00 %),46600,1519750000,0,0,32600,32900,32600
2021-12-30,15.56,32800,0.2(0.61 %),6436,210142800,0,0,32700,32800,32600
2021-12-31,15.7,33100,0.4(1.22 %),5448,180336600,0,0,32700,33400,32700
2022-01-04,15.66,33000,-0.1(-0.30 %),12372,408260400,0,0,33000,33300,32900
2022-01-05,15.8,33300,0.3(0.91 %),39300,1301400000,0,0,33000,33500,33000
2022-01-06,15.94,33600,0.5(1.51 %),33200,1112120000,0,0,33100,34000,33100
2022-01-07,16.13,34000,0.5(1.49 %),13010,440946000,0,0,34000,34100,33700
2022-01-10,16.08,33900,0(0.00 %),18604,631696000,0,0,34000,34600,33600
2022-01-11,15.8,33300,-0.7(-2.06 %),15024,503143600,0,0,33800,33900,33300
2022-01-12,15.7,33100,-0.4(-1.19 %),26004,857946000,0,0,33100,33400,32700
2022-01-13,15.7,33100,0.1(0.30 %),17100,567160000,0,0,33900,33900,33000
2022-01-14,15.66,33000,-0.2(-0.60 %),14236,468886400,0,0,33100,33100,32700
2022-01-18,15.28,32200,-0.5(-1.53 %),9900,321050000,0,0,32700,32700,32200
2022-01-19,15.42,32500,0.1(0.31 %),17104,551509600,0,0,32800,32800,32000
2022-01-20,15.56,32800,0.6(1.86 %),6894,224310600,0,0,32300,33800,32200
2022-01-21,16.13,34000,1.5(4.62 %),14066,473482000,0,0,33200,34000,33200
2022-01-24,15.85,33400,-0.3(-0.89 %),28800,964110000,0,0,32900,33800,32900
2022-01-25,16.13,34000,0.5(1.49 %),17224,581275100,0,0,33300,34000,33300
2022-01-26,16.61,35000,1.2(3.55 %),26000,904160000,2426,69868800,33400,35000,33400
2022-01-27,18.98,37450,5.2(14.94 %),310525,12418776800,0,0,37450,37450,37450
2022-01-28,19.21,40500,0.5(1.25 %),96172,3900423600,0,0,42800,42800,39500
2022-02-07,19.26,40600,0(0.00 %),63110,2577721200,0,0,41000,41700,40000
2022-02-08,19.93,42000,1.2(2.94 %),164553,6768188500,0,0,39300,42500,39000
2022-02-09,20.73,43700,2.6(6.33 %),72201,3121203000,0,0,41700,44000,41700
2022-02-10,20.45,43100,-0.1(-0.23 %),56535,2414754800,0,0,43200,43600,40650
2022-02-11,20.31,42800,0.1(0.23 %),31500,1346170000,1355,58265000,42000,43000,42000
2022-02-14,20.73,43700,1(2.34 %),160307,6897144000,0,0,42000,44100,42000
2022-02-15,22.3,46750,4(9.30 %),94052,4322322500,1205,53020000,44500,46750,44500
2022-02-16,21.82,46000,0(0.00 %),12179,562191900,0,0,46700,46700,46000
2022-02-17,22.3,47000,0.8(1.73 %),33600,1560650000,0,0,46200,47200,45400
2022-02-18,21.82,46000,-0.4(-0.86 %),90000,4139900000,0,0,47000,47000,45200
2022-02-21,21.78,45900,-0.1(-0.22 %),33713,1532089300,0,0,45600,45900,45000
2022-02-22,21.25,44800,-0.6(-1.32 %),52105,2321010300,0,0,45100,45300,43800
2022-02-23,21.35,45000,0.5(1.12 %),37981,1693514600,0,0,44000,45500,44000
2022-02-24,20.88,44000,-0.6(-1.35 %),66793,2922080200,0,0,44700,44700,43000
2022-02-25,21.06,44400,0.7(1.60 %),20004,879884000,0,0,44500,44500,43700
2022-02-28,20.88,44000,0(0.00 %),18424,798662100,0,0,43600,44900,43000
2022-03-01,20.88,44000,0.6(1.38 %),26147,1152545000,0,0,44000,44500,44000
2022-03-02,20.88,44000,-0.1(-0.23 %),13509,598782300,0,0,44400,44700,44000
2022-03-03,21.82,46000,1.7(3.84 %),29190,1339334600,0,0,44300,46800,44300
2022-03-04,21.35,45000,-0.9(-1.96 %),24344,1088543900,0,0,46000,46100,44300
2022-03-07,21.4,45100,0.4(0.89 %),27500,1243170000,100,4000000,44500,45500,44500
2022-03-08,20.88,44000,-1.2(-2.65 %),31800,1422200000,136,5440000,45100,45300,43600
2022-03-09,21.49,45300,0.6(1.34 %),73785,3287521700,0,0,44100,45500,43600
2022-03-10,22.01,46400,1.8(4.04 %),34000,1583480000,0,0,44700,48000,44700
2022-03-11,21.92,46200,-0.4(-0.86 %),21563,982457100,0,0,45100,46600,45000
2022-03-14,21.63,45600,0(0.00 %),27989,1285021400,0,0,45600,47200,45600
2022-03-15,21.44,45200,-0.7(-1.53 %),41880,1892118400,0,0,45600,45900,44700
2022-03-16,22.06,46500,1.3(2.88 %),68200,3107200000,0,0,45300,46500,45000
2022-03-17,23.06,48600,3(6.58 %),127432,6145709500,0,0,46600,49400,45800
2022-03-18,22.87,48200,0(0.00 %),46311,2253200000,0,0,48600,49300,48000
2022-03-21,23.91,50400,1.7(3.49 %),83949,4201823400,514,22150000,48500,51300,48500
2022-03-22,23.48,49500,-0.6(-1.20 %),54546,2697561500,136,5793600,50100,50100,49100
2022-03-23,23.77,50100,0.6(1.21 %),18993,948174300,3958,181096200,49400,50600,49400
2022-03-24,23.53,49600,-0.3(-0.60 %),61008,3017822500,0,0,49100,49900,49000
2022-03-25,23.91,50400,0.9(1.82 %),62642,3141814100,100,4250000,49400,50600,49400
2022-03-28,25.33,53400,3.2(6.37 %),98673,5168875200,0,0,50100,53700,50100
2022-03-29,26.19,55200,2.8(5.34 %),75779,4157908700,0,0,53500,55500,53500
2022-03-30,25.86,54500,-0.4(-0.73 %),44849,2446124800,15920,750130000,54800,55500,53500
2022-03-31,26.09,55000,0.5(0.92 %),69007,3769523500,0,0,54500,55700,54000
2022-04-01,28.28,58800,5(9.16 %),95249,5538363800,0,0,54100,58800,54100
2022-04-04,28.42,59900,1.8(3.10 %),126937,7647973100,0,0,58000,62000,58000
2022-04-05,28.42,59900,-0.4(-0.66 %),20515,1231349100,56182,2891427600,60300,60500,59500
2022-04-06,28.47,60000,0(0.00 %),41270,2459813100,0,0,59500,60500,58500
2022-04-07,27.52,58000,-1.6(-2.68 %),36272,2136781400,0,0,59600,60400,58000
2022-04-08,26.33,55500,-3.4(-5.77 %),71804,4030038000,14000,701400000,58500,58500,55000
2022-04-12,26.57,56000,-0.1(-0.18 %),27450,1521745000,0,0,55500,56400,54000
2022-04-13,26.81,56500,1.1(1.99 %),58313,3249371900,16000,753600000,56000,56900,55000
2022-04-14,27.66,58300,2.6(4.67 %),49438,2865719300,0,0,56000,59000,56000
2022-04-18,31.36,62400,4.1(6.61 %),119007,7778923800,0,0,62400,62400,62000
2022-04-19,30.55,64400,-1(-1.53 %),62263,4076244700,0,0,65000,67000,64000
2022-04-20,30.36,64000,-1.5(-2.29 %),96161,6104139600,0,0,64500,65500,62000
2022-04-21,30.74,64800,1.3(2.05 %),111891,7359139100,0,0,64000,67200,64000
2022-04-22,29.7,62600,-3.2(-4.86 %),107910,6934038200,0,0,65800,67200,60300
2022-04-25,25.95,58200,-9.6(-14.93 %),168614,9912206300,0,0,64000,64000,58200
2022-04-26,27.04,57000,-1.8(-3.06 %),87721,4718443500,0,0,50900,57900,50900
2022-04-27,27.61,58200,4.4(8.18 %),31807,1836898200,0,0,55000,58900,55000
2022-04-28,27.52,58000,0.2(0.35 %),60772,3510889200,50000,2460000000,58200,58700,56500
2022-04-29,28.47,60000,2.2(3.81 %),41210,2447311500,0,0,57300,61500,57300
2022-05-04,27.28,57500,-1.9(-3.20 %),66452,3892396400,0,0,60900,61000,57500
2022-05-05,26.62,56100,-2.5(-4.27 %),69736,3971824500,0,0,58500,58500,55200
2022-05-06,25.57,53900,-3.1(-5.44 %),66300,3636240000,0,0,55000,56100,53000
2022-05-09,22.39,50100,-7.6(-13.87 %),75310,3723510000,0,0,53800,53800,50100
2022-05-10,23.34,49200,-0.2(-0.40 %),38770,1874961000,0,0,45100,49200,45100
2022-05-11,23.96,50500,2.1(4.34 %),30614,1514141800,0,0,52650,52650,48800
2022-05-12,21.82,47000,-3.5(-7.07 %),54000,2557110000,0,0,49000,49000,47000
2022-05-13,21.11,44500,-2.9(-6.12 %),66121,2974058600,0,0,46000,47300,43500
2022-05-16,21.35,45000,0(0.00 %),30700,1445170000,0,0,44400,47600,44400
2022-05-17,23.25,48150,1.9(4.03 %),21120,1003039300,0,0,45000,48150,45000
2022-05-18,22.77,48000,0.5(1.05 %),21600,1044160000,0,0,49500,49700,47600
2022-05-19,22.54,47500,-0.8(-1.66 %),20430,970503000,3181,130739100,47800,48000,46700
2022-05-20,22.77,48000,0.5(1.05 %),13963,670850100,0,0,48000,48500,47500
2022-05-23,21.82,46000,-2(-4.17 %),24635,1159733000,0,0,50000,50000,45500
2022-05-24,22.77,48000,0.9(1.91 %),12800,602440000,0,0,47100,48300,46400
2022-05-25,23.25,49000,1.9(4.03 %),56400,2748370000,0,0,47900,50500,47100
2022-05-26,23.87,45550,1.2(3.19 %),26960,1055120000,0,0,45550,45550,45550
2022-05-27,23.68,38500,-0.6(-1.53 %),22500,879310000,0,0,39200,40000,38500
2022-05-30,23.56,38300,-0.8(-2.05 %),44233,1702776000,0,0,39000,40000,38000
2022-05-31,24.05,39100,0.6(1.56 %),22200,855900000,0,0,38200,39500,38000
2022-06-01,24.55,39900,1.3(3.37 %),73150,2880000000,0,0,39000,40000,38500
2022-06-02,26.45,42700,3.6(9.14 %),135002,5647960000,0,0,40500,42700,39700
2022-06-03,25.65,41700,-0.1(-0.24 %),37200,1561940000,0,0,42800,43000,41500
2022-06-06,25.84,42000,0(0.00 %),57844,2428953200,0,0,41300,42300,41300
2022-06-07,27.38,44500,2.5(5.95 %),110550,4746605000,0,0,42000,44950,41300
2022-06-08,27.25,44300,1.4(3.26 %),66839,2991919400,0,0,44500,45100,44300
2022-06-09,27.56,44800,0(0.00 %),20684,926627000,0,0,44800,45000,44500
2022-06-10,25.53,41650,-3.3(-7.37 %),54238,2318348600,0,0,44000,44600,41650
2022-06-13,23.68,38600,-4.2(-9.84 %),98300,3827770000,0,0,39300,40000,38600
2022-06-14,23.93,38900,0(0.00 %),22554,874050000,0,0,38400,39200,38400
2022-06-15,23.38,38000,-0.8(-2.06 %),61610,2326010000,0,0,38800,38800,37200
2022-06-16,24.36,39600,1.8(4.76 %),40700,1595590000,0,0,38800,40500,38800
2022-06-17,23.68,38500,-0.7(-1.79 %),40300,1541080000,25000,835000000,39000,39000,37800
2022-06-20,24.12,39200,1(2.62 %),75900,3024450000,0,0,38400,41000,38400
2022-06-21,24.24,39400,-0.4(-1.01 %),37700,1470530000,25000,847500000,41400,41400,38700
2022-06-22,23.07,37500,-1.5(-3.85 %),71300,2708910000,0,0,38800,38800,37000
2022-06-23,23.5,38200,0.2(0.53 %),50800,1933650000,0,0,38000,38600,38000
2022-06-24,23.5,38200,0.1(0.26 %),42800,1637850000,0,0,38200,38700,37800
2022-06-27,23.62,38400,0.1(0.26 %),8609,329229200,0,0,38400,38400,38100
2022-06-28,23.81,38700,0.5(1.31 %),35100,1357740000,0,0,38000,39400,38000
2022-06-29,23.56,38300,-0.4(-1.03 %),23000,879970000,0,0,38700,38700,38100
2022-06-30,23.38,38000,-0.3(-0.78 %),25000,948950000,0,0,38100,38300,37800
2022-07-01,23.68,38500,0.5(1.32 %),47200,1758780000,0,0,37600,38500,36800
2022-07-04,22.89,37200,-0.1(-0.27 %),31700,1188460000,0,0,37400,39000,37200
2022-07-05,22.52,36600,-0.9(-2.40 %),21100,777340000,0,0,37200,37200,36500
2022-07-06,22.02,35800,-1(-2.72 %),48400,1747070000,0,0,36700,36800,35500
2022-07-07,20.98,34100,-2(-5.54 %),39300,1367580000,0,0,36000,36000,34000
2022-07-08,21.84,35500,0.7(2.01 %),18200,648020000,0,0,34500,36000,34500
2022-07-11,21.65,35200,-0.4(-1.12 %),17700,623660000,0,0,35200,35600,34900
2022-07-12,22.09,35900,0.7(1.99 %),6700,240220000,0,0,35000,36000,35000
2022-07-13,21.9,35600,-0.3(-0.84 %),5600,200930000,0,0,35800,36400,35600
2022-07-14,22.21,36100,0.2(0.56 %),6000,215390000,0,0,35900,36200,35500
2022-07-15,22.45,36500,0.6(1.67 %),6200,223820000,0,0,36000,36500,35900
2022-07-18,22.15,36000,-0.1(-0.28 %),54124,1956283100,0,0,35600,37000,35400
2022-07-19,21.9,35600,-0.6(-1.66 %),16525,587841100,0,0,35800,36000,35500
2022-07-20,22.45,36500,0.9(2.53 %),13202,478369100,18200,551460000,36400,36500,36000
2022-07-21,22.09,35900,-0.3(-0.83 %),49209,1769597700,0,0,36200,36500,35700
2022-07-22,22.09,35900,-0.1(-0.28 %),35506,1248733300,0,0,36000,36000,35000
2022-07-25,21.96,35700,0.5(1.42 %),24527,865465000,0,0,35000,35700,34600
2022-07-26,21.53,35000,-0.3(-0.85 %),23838,841070900,0,0,35700,35700,35000
2022-07-27,21.84,35500,0.2(0.57 %),5909,208815000,0,0,35100,35500,35100
2022-07-28,21.96,35700,0.4(1.13 %),12851,457239100,0,0,35700,35800,35400
2022-07-29,22.15,36000,0.4(1.12 %),30767,1115091900,0,0,35600,36900,35600
2022-08-01,23.56,38300,2.1(5.80 %),93947,3605866400,0,0,36800,38500,36800
2022-08-02,23.25,37800,-0.6(-1.56 %),31055,1178777100,0,0,38500,38500,37600
2022-08-03,22.95,37300,-0.7(-1.84 %),27154,1014981700,0,0,37300,38000,37000
2022-08-04,22.89,37200,-0.2(-0.53 %),30017,1115210000,0,0,37400,37900,36700
2022-08-05,23.25,37800,0.6(1.61 %),51791,1945296200,0,0,37100,38000,37100
2022-08-08,23.38,38000,0.4(1.06 %),52522,1992920000,0,0,37500,38300,37500
2022-08-09,23.07,37500,-0.4(-1.06 %),31376,1182167400,0,0,37900,38000,37500
2022-08-10,23.07,37500,-0.2(-0.53 %),32008,1202337800,0,0,37900,37900,37300
2022-08-11,23.01,37400,-0.2(-0.53 %),43640,1622487100,0,0,37600,37800,36800
2022-08-12,22.64,36800,-0.4(-1.08 %),14444,529283700,0,0,37000,37000,36400
2022-08-15,22.52,36600,0(0.00 %),16387,601213200,0,0,36600,37600,36600
2022-08-16,22.45,36500,-0.2(-0.54 %),13679,500789300,0,0,36700,36800,36500
2022-08-17,22.52,36600,0(0.00 %),37930,1379694600,0,0,36300,36700,36200
2022-08-18,22.39,36400,0(0.00 %),41420,1513608000,0,0,36400,36800,36400
2022-08-19,22.27,36200,-0.3(-0.82 %),39327,1420556600,0,0,36100,36800,36000
2022-08-22,21.9,35600,-0.5(-1.39 %),16300,582590000,0,0,36100,36200,35600
2022-08-23,21.9,35600,-0.1(-0.28 %),17903,631594400,0,0,35700,35700,35100
2022-08-24,21.78,35400,0.1(0.28 %),10769,380797600,0,0,35100,35700,35100
2022-08-25,21.72,35300,-0.1(-0.28 %),34491,1212912400,0,0,35400,35400,35000
2022-08-26,21.65,35200,0(0.00 %),23000,809020000,0,0,35200,35600,35000
2022-08-29,21.41,34800,-0.4(-1.14 %),23272,811133500,0,0,35000,35100,34500
2022-08-30,21.53,35000,0.1(0.29 %),15739,546055500,0,0,34900,35000,34500
2022-08-31,21.29,34600,-0.1(-0.29 %),28330,979118000,0,0,34600,35000,34400
2022-09-05,21.41,34800,0.2(0.58 %),8023,278472600,0,0,35000,35000,34500
2022-09-06,21.47,34900,0.2(0.58 %),35036,1207746800,0,0,34800,34900,34000
2022-09-07,21.1,34300,-0.2(-0.58 %),28721,980387500,0,0,34500,34500,33800
2022-09-08,20.92,34000,-0.1(-0.29 %),17300,588180000,0,0,34100,34100,33900
2022-09-09,20.73,33700,-0.3(-0.88 %),5320,179810700,0,0,34100,34100,33400
2022-09-12,21.35,34700,0.9(2.66 %),16585,566390400,0,0,33800,34800,33800
2022-09-13,21.22,34500,0.3(0.88 %),26514,905380600,0,0,34200,34700,34000
2022-09-14,20.86,33900,-0.3(-0.88 %),20867,702161500,0,0,33800,34000,33500
2022-09-15,21.04,34200,0.5(1.48 %),7540,254316000,0,0,34700,34700,33600
2022-09-16,20.36,33100,-0.6(-1.78 %),20367,676101100,0,0,33700,33700,33000
2022-09-19,19.81,32200,-1(-3.01 %),13515,437821400,0,0,33200,33400,32000
2022-09-20,20.18,32800,0.4(1.23 %),7478,240121200,0,0,32400,32800,31700
2022-09-21,20.12,32700,0.6(1.87 %),4606,148384200,0,0,31900,32800,31900
2022-09-22,19.99,32500,0.3(0.93 %),2802,90154000,0,0,32000,32500,32000
2022-09-23,19.81,32200,0(0.00 %),7362,237834000,0,0,32200,32600,32000
2022-09-26,18.76,30500,-1.8(-5.57 %),76320,2323746000,0,0,32100,32100,29950
2022-09-27,18.15,29500,-0.9(-2.96 %),5285,158991900,0,0,31300,31300,29500
2022-09-28,18.46,30000,-0.1(-0.33 %),17503,512337300,0,0,29200,30700,27450
2022-09-29,17.53,28500,-0.8(-2.73 %),23964,690161500,0,0,29800,29800,28400
2022-09-30,17.35,28200,-0.6(-2.08 %),26810,753283000,0,0,28500,28500,27500
2022-10-03,16.55,26900,-1.2(-4.27 %),17068,463561700,0,0,28000,28000,26250
2022-10-04,16.61,27000,-0.2(-0.74 %),11533,309225000,0,0,26500,27300,26300
2022-10-05,18.09,28900,2.6(9.70 %),51315,1479672900,0,0,27100,28900,27100
2022-10-06,16.92,27500,-1.3(-4.51 %),25077,715800500,0,0,29700,30000,27350
2022-10-07,16.0,26000,-2.5(-8.77 %),34503,927091000,0,0,28600,28600,26000
2022-10-10,15.87,25800,-1.1(-4.09 %),55884,1457069700,0,0,26100,26700,25800
2022-10-11,16.43,26700,0.6(2.30 %),57530,1505730000,0,0,26500,27600,25900
2022-10-12,16.24,26400,0.2(0.76 %),12300,329460000,0,0,26500,27400,26300
2022-10-13,16.79,27300,0.5(1.87 %),2719,73529200,0,0,27000,27500,26800
2022-10-14,17.23,28000,1(3.70 %),20264,567534300,0,0,27500,28700,27500
2022-10-17,17.47,28400,0.4(1.43 %),14923,430024000,0,0,28900,29300,28000
2022-10-18,17.84,29000,0.2(0.69 %),14766,425904800,0,0,29000,29100,28700
2022-10-19,17.84,29000,0.2(0.69 %),8743,252164400,0,0,29000,29000,28300
2022-10-20,17.78,28900,0.1(0.35 %),6000,172310000,0,0,29000,29000,28300
2022-10-21,18.09,29400,0.7(2.44 %),106140,3173986000,0,0,29500,30900,29000
2022-10-24,17.53,28500,-1.4(-4.68 %),15772,452120900,0,0,30000,30000,28000
2022-10-25,16.86,27400,-1.3(-4.53 %),60144,1665351400,0,0,28100,28400,27000
2022-10-26,16.98,27600,-0.1(-0.36 %),23234,634571600,0,0,27900,28000,27000
2022-10-27,17.35,28200,0.9(3.30 %),16714,468284600,0,0,27600,28300,27200
2022-10-28,17.53,28500,0.5(1.79 %),31627,922162500,0,0,28200,29500,28200
2022-10-31,19.19,30500,2(6.85 %),152502,4665606400,0,0,29500,30500,29500
2022-11-01,19.44,31600,1(3.27 %),39034,1241972600,0,0,31200,32300,31200
2022-11-02,18.82,30600,-1.2(-3.77 %),32940,1017662000,0,0,31200,31200,30500
2022-11-03,18.58,30200,-0.7(-2.27 %),15808,481624000,0,0,31000,31000,30200
2022-11-04,18.15,29500,-1(-3.28 %),91000,2714650000,0,0,30500,30500,29300
2022-11-07,16.61,27450,-2.8(-9.40 %),51059,1398390900,0,0,29800,29800,27450
2022-11-08,16.73,27200,-0.2(-0.73 %),23319,631803600,0,0,27000,27900,26700
2022-11-09,16.98,27600,0.5(1.85 %),9100,252450000,0,0,27500,28300,27500
2022-11-10,16.12,26200,-1.5(-5.42 %),30983,828297900,0,0,27400,28000,26100
2022-11-11,16.3,26500,-0.2(-0.75 %),19995,528080000,0,0,27000,27000,26000
2022-11-14,15.07,24650,-1.9(-7.20 %),48549,1223259600,0,0,26200,26200,24650
2022-11-15,14.4,23400,-1.8(-7.14 %),44400,1053920000,0,0,23500,25000,23400
2022-11-16,15.5,25050,1.5(6.33 %),44900,1081360000,0,0,22700,25050,22600
2022-11-17,15.63,25400,1.3(5.39 %),19400,489750000,0,0,25500,25500,24600
2022-11-18,15.5,25200,0(0.00 %),17200,422790000,0,0,25500,25500,24000
2022-11-21,15.69,25500,0.9(3.66 %),28201,721705600,0,0,25500,26500,25100
2022-11-22,16.12,26200,0.6(2.34 %),31432,823319400,0,0,25600,26800,25600
2022-11-23,15.38,25000,-1.2(-4.58 %),8001,202775200,0,0,26200,26200,25000
2022-11-24,15.5,25200,-0.1(-0.40 %),45301,1164545000,0,0,25200,26600,25100
2022-11-25,16.12,26200,0.5(1.95 %),16741,434134800,0,0,26200,26400,25700
2022-11-28,16.49,26800,0.9(3.47 %),30180,798290600,0,0,26200,26800,26000
2022-11-29,15.87,25800,-0.7(-2.64 %),42628,1083404600,0,0,26500,27000,25000
2022-11-30,16.43,26700,1.3(5.12 %),42890,1134704900,0,0,25600,26800,25600
2022-12-01,16.61,27000,0.5(1.89 %),38491,1039457400,0,0,27000,27700,26500
2022-12-02,16.61,27000,0(0.00 %),20443,546114300,0,0,26500,27000,26200
2022-12-05,16.43,26700,0(0.00 %),6210,167410000,0,0,27500,27500,26600
2022-12-06,16.06,26100,-0.9(-3.33 %),23209,608340000,0,0,26200,26400,25900
2022-12-07,15.93,25900,-0.3(-1.15 %),6600,171020000,0,0,25800,26000,25800
2022-12-08,16.79,27300,1.4(5.41 %),26724,710471600,0,0,26000,27300,26000
2022-12-09,16.92,27500,0.9(3.38 %),46972,1282622000,0,0,27300,27800,27100
2022-12-12,17.29,28100,0.8(2.93 %),25400,711450000,0,0,28100,28300,27300
2022-12-13,17.1,27800,-0.2(-0.71 %),24321,661644000,0,0,28300,28300,26900
2022-12-14,16.92,27500,0.3(1.10 %),20700,567130000,0,0,28000,28000,27000
2022-12-15,16.73,27200,-0.2(-0.73 %),30127,813992900,0,0,27200,27200,26500
2022-12-16,16.73,27200,0.2(0.74 %),5401,146247000,0,0,27000,27300,27000
2022-12-19,16.92,27500,0.4(1.48 %),22757,618470400,0,0,27700,27700,26500
2022-12-20,16.3,26500,-0.7(-2.57 %),26500,703090000,0,0,26900,26900,26300
2022-12-21,16.61,27000,0.5(1.89 %),22219,592703500,0,0,26600,27500,26500
2022-12-22,16.36,26600,-0.1(-0.37 %),5457,145593400,0,0,26800,26800,26600
2022-12-23,16.61,27000,0.3(1.12 %),15790,423447500,0,0,27000,27100,26600
2022-12-26,16.12,26200,-0.6(-2.24 %),48800,1291430000,0,0,27000,27000,26000
2022-12-27,16.3,26500,0(0.00 %),31908,834765600,0,0,26500,26500,25700
2022-12-28,16.55,26900,0.7(2.67 %),7900,209280000,0,0,26300,27000,26300
2022-12-29,16.92,27500,1(3.77 %),19534,531841300,0,0,27200,27500,27000
2022-12-30,16.86,27400,0.2(0.74 %),20402,558739200,0,0,27300,27500,27200
2023-01-03,18.09,29300,2(7.30 %),74050,2148694900,0,0,27500,29300,27400
2023-01-04,18.39,29900,0.9(3.10 %),78674,2400111000,0,0,29300,31000,29300
2023-01-05,18.39,29900,-0.6(-1.97 %),24325,734185000,0,0,30600,30600,29800
2023-01-06,18.7,30400,0.2(0.66 %),35801,1081329000,0,0,30600,30600,29900
2023-01-09,19.01,30900,0.7(2.32 %),43800,1353536500,0,0,30500,31200,30500
2023-01-10,19.01,30900,0(0.00 %),20882,646121800,0,0,31000,31000,30800
2023-01-11,19.5,31700,0.8(2.59 %),14750,462711200,0,0,30900,31700,30900
2023-01-12,21.41,33900,3.4(10.83 %),76062,2562958000,0,0,31800,33900,31800
2023-01-13,21.16,34400,0.7(2.08 %),25935,898565000,0,0,34700,35000,34400
2023-01-16,20.3,33000,-1.6(-4.62 %),38681,1305646800,0,0,34600,34800,33000
2023-01-17,20.3,33000,-0.8(-2.37 %),59431,1937293000,0,0,33200,33200,32000
2023-01-18,21.1,34300,1.7(5.21 %),17300,595780000,0,0,33900,34900,33900
2023-01-19,21.78,35400,1(2.91 %),44000,1548370000,0,0,34800,35800,34800
2023-01-27,21.72,35300,0.1(0.28 %),8670,307770000,0,0,35000,36000,35000
2023-01-30,22.76,37000,1.5(4.23 %),40948,1483714400,0,0,36000,37100,35200
2023-01-31,23.38,38000,1.8(4.97 %),27128,1051304400,0,0,38500,39600,37500
2023-02-01,22.52,36600,-2.2(-5.67 %),41968,1559062500,0,0,38300,38300,36100
2023-02-02,21.9,35600,-1.5(-4.04 %),36498,1304499200,0,0,36600,36700,35400
2023-02-03,22.15,36000,0.3(0.84 %),40708,1466976800,0,0,36800,36800,35700
2023-02-06,21.72,35300,-0.7(-1.94 %),31321,1113281300,0,0,35500,36000,35200
2023-02-07,21.1,34300,-1.2(-3.38 %),17625,612017500,0,0,35500,35500,34200
2023-02-08,20.92,34000,-0.7(-2.02 %),24203,817725000,0,0,34700,34700,33500
2023-02-09,20.98,34100,0.3(0.89 %),9726,333548800,0,0,34000,34700,34000
2023-02-10,20.67,33600,-0.7(-2.04 %),25100,847920000,0,0,34300,34700,33500
2023-02-13,20.18,32800,-1(-2.96 %),13302,440546400,0,0,33200,33300,32800
2023-02-14,19.99,32500,-0.6(-1.81 %),14800,480390000,0,0,33700,33700,32000
2023-02-15,20.79,33800,1.3(4.00 %),25100,845660000,0,0,33000,33900,33000
2023-02-16,20.55,33400,-0.3(-0.89 %),19100,640710000,0,0,33700,34200,33300
2023-02-17,20.61,33500,0(0.00 %),2895,97766000,0,0,33600,34200,33500
2023-02-20,21.22,34500,0.7(2.07 %),7287,249230600,0,0,33900,34700,33900
2023-02-21,21.41,34800,0.6(1.75 %),24957,870024700,0,0,34700,35400,34500
2023-02-22,20.98,34100,-0.8(-2.29 %),15610,540996000,0,0,34800,35100,34100
2023-02-23,21.04,34200,-0.5(-1.44 %),4428,150326700,0,0,34000,34200,33800
2023-02-24,20.67,33600,-0.4(-1.18 %),10737,362198000,0,0,34300,34300,33500
2023-02-27,20.3,33000,-0.7(-2.08 %),8820,291780000,0,0,33500,33900,33000
2023-02-28,20.42,33200,0.1(0.30 %),9816,325492200,0,0,33500,33500,32900
2023-03-01,21.1,34300,1.1(3.31 %),12870,436458000,0,0,33200,34300,33200
2023-03-02,20.86,33900,0(0.00 %),8635,294171000,0,0,34100,34200,33900
2023-03-03,20.98,34100,0(0.00 %),7100,243410000,0,0,34100,34700,34100
2023-03-06,21.04,34200,-0.1(-0.29 %),1800,61680000,0,0,34500,34500,34200
2023-03-07,21.22,34500,0.2(0.58 %),7127,243939500,0,0,34100,34500,34000
2023-03-08,20.92,34000,-0.2(-0.58 %),1410,47889000,0,0,33900,34000,33900
2023-03-09,21.04,34200,0.2(0.59 %),5713,195264100,0,0,34200,34200,34100
2023-03-10,20.92,34000,-0.2(-0.58 %),10519,358339500,0,0,34100,34100,33900
2023-03-13,20.92,34000,-0.1(-0.29 %),12072,410258000,0,0,34000,34200,33500
2023-03-14,20.92,34000,0(0.00 %),17600,594340000,0,0,33700,34100,33700
2023-03-15,21.35,34700,0.9(2.66 %),7016,241797200,0,0,34000,34800,34000
2023-03-16,20.92,34000,-0.5(-1.45 %),12213,417323300,0,0,34200,34500,34000
2023-03-17,21.22,34500,0.3(0.88 %),10400,358240000,0,0,34300,34500,34300
2023-03-20,21.04,34200,-0.2(-0.58 %),15620,534042500,0,0,34300,34500,33800
2023-03-21,21.04,34200,0(0.00 %),16137,552035800,0,0,34200,34500,34100
2023-03-22,21.29,34600,0.4(1.17 %),3621,124245000,0,0,34100,34700,34100
2023-03-23,21.1,34300,0(0.00 %),4811,164902500,0,0,34300,34500,34200
2023-03-24,21.84,35500,1.2(3.50 %),22342,783526500,0,0,34300,35500,34200
2023-03-27,23.32,37900,2.8(7.98 %),54310,2027603000,0,0,35400,37900,35400
2023-03-28,22.76,37000,-0.3(-0.80 %),24974,928809500,0,0,38500,38700,36700
2023-03-29,22.52,36600,-0.6(-1.61 %),16720,611254800,0,0,36800,36800,36000
2023-03-30,22.64,36800,0.2(0.55 %),26261,964965200,0,0,36600,37600,36000
2023-03-31,22.82,37100,0.4(1.09 %),21515,795020000,0,0,36300,37100,36300
2023-04-03,23.07,37500,0.5(1.35 %),19400,728480000,0,0,37000,38000,37000
2023-04-04,22.95,37300,-0.3(-0.80 %),21304,792808000,0,0,37500,37500,37000
2023-04-05,22.95,37300,0.1(0.27 %),25376,947894000,0,0,37100,37400,37100
2023-04-06,23.25,37800,0.4(1.07 %),38800,1458570000,0,0,37400,38000,37300
2023-04-07,23.19,37700,0.1(0.27 %),21747,820187800,0,0,37600,38000,37400
2023-04-10,23.32,37900,0.2(0.53 %),30827,1165263700,40,1284000,38000,38100,37400
2023-04-11,23.07,37500,-0.3(-0.79 %),10362,388465000,0,0,38000,38000,37100
2023-04-12,22.89,37200,-0.3(-0.80 %),30270,1129084600,0,0,37500,37800,37000
2023-04-13,22.95,37300,0(0.00 %),51934,1929691300,0,0,37500,37800,36700
2023-04-14,22.82,37100,-0.1(-0.27 %),4153,154677500,0,0,37500,37500,37100
2023-04-17,22.7,36900,-0.3(-0.81 %),212425,7754547600,0,0,36900,37200,36300
2023-04-18,22.64,36800,0.3(0.82 %),27621,1010927800,0,0,34300,37000,34300
2023-04-19,22.58,36700,0.1(0.27 %),14606,537862000,0,0,36800,36900,36700
2023-04-20,22.64,36800,0(0.00 %),17447,643373300,0,0,36900,37000,36400
2023-04-21,22.64,36800,-0.1(-0.27 %),12501,458468000,0,0,36900,36900,36300
2023-04-24,22.58,36700,0(0.00 %),15112,556068200,0,0,36900,36900,36500
2023-04-25,22.95,37300,0.5(1.36 %),52502,1946440100,0,0,36700,37600,36500
2023-04-26,22.95,37300,0.2(0.54 %),11539,428318200,0,0,37400,37400,36500
2023-04-27,23.01,37400,0.3(0.81 %),17801,662767200,0,0,37300,37400,37000
2023-04-28,22.89,37200,0(0.00 %),29798,1107326000,549,18117000,37400,37400,34800
2023-05-04,22.76,37000,-0.2(-0.54 %),4481,166844300,0,0,36700,37400,36700
2023-05-05,22.58,36700,-0.5(-1.34 %),59265,2158019300,0,0,37200,37200,36000
2023-05-08,22.89,37200,0.8(2.20 %),70628,2583031100,0,0,36600,37200,36000
2023-05-09,23.25,37800,1.2(3.28 %),55394,2064699600,0,0,37300,38000,36700
2023-05-10,22.82,37100,-0.2(-0.54 %),7720,286870000,0,0,37500,37500,37000
2023-05-11,22.89,37200,0(0.00 %),9111,337827200,0,0,37100,37200,37000
2023-05-12,23.07,37500,0.4(1.08 %),49135,1840985700,0,0,37000,37800,37000
2023-05-15,22.89,37200,-0.3(-0.80 %),26828,1003288800,0,0,37800,37800,37200
2023-05-16,22.89,37200,-0.2(-0.53 %),17333,645210700,0,0,37400,37400,37200
2023-05-17,22.95,37300,0.1(0.27 %),21113,786215300,0,0,37200,37300,37100
2023-05-18,22.89,37200,0(0.00 %),32531,1213550000,0,0,37400,37500,37100
2023-05-19,23.01,37400,0.1(0.27 %),38401,1431807400,0,0,37500,37500,37100
2023-05-22,24.42,39700,2.4(6.43 %),359913,14065507500,0,0,37500,40000,37400
2023-05-23,23.93,38900,-0.2(-0.51 %),79148,3108489800,0,0,39700,40500,38700
2023-05-24,23.75,38600,-0.7(-1.78 %),89970,3486114000,0,0,39900,40000,38500
2023-05-25,22.89,35900,-1.1(-3.81 %),50630,1429426100,0,0,35900,35900,35900
2023-05-26,22.47,27300,-0.9(-3.19 %),72710,1987747200,0,0,27700,28100,27100
2023-05-29,22.56,27400,0.1(0.37 %),36509,996475600,0,0,27100,27500,27100
2023-05-30,22.72,27600,0.3(1.10 %),85255,2348427200,0,0,27500,27800,27400
2023-05-31,23.13,28100,0.6(2.18 %),75200,2105540000,0,0,27500,28300,27500
2023-06-01,22.97,27900,-0.1(-0.36 %),21146,588728000,0,0,28100,28100,27700
2023-06-02,22.8,27700,-0.1(-0.36 %),35620,992564000,0,0,28200,28200,27700
2023-06-05,22.64,27500,-0.4(-1.43 %),42809,1182918600,0,0,27900,28000,27500
2023-06-06,22.56,27400,-0.2(-0.72 %),46920,1287512000,0,0,27200,27700,27200
2023-06-07,22.31,27100,-0.3(-1.09 %),49542,1349145600,0,0,27400,27400,27000
2023-06-08,22.23,27000,-0.2(-0.74 %),50934,1377781700,0,0,27200,27200,27000
2023-06-09,22.31,27100,0(0.00 %),27100,731785900,0,0,27000,27100,27000
2023-06-12,22.47,27300,0.3(1.11 %),16112,439361600,0,0,27500,27500,27000
2023-06-14,22.8,27700,0.3(1.09 %),21087,580223300,0,0,28000,28000,27400
2023-06-15,22.47,27300,-0.2(-0.73 %),30620,839160000,0,0,27400,27700,27300
2023-06-16,22.8,27700,0.3(1.09 %),29086,807118500,11000,275000000,27400,28000,27400
2023-06-19,22.64,27500,-0.3(-1.08 %),55307,1521289800,0,0,27800,27800,27400
2023-06-20,22.64,27500,0(0.00 %),4326,118955000,0,0,27500,27500,27400
2023-06-21,22.64,27500,0(0.00 %),13546,372145900,0,0,27500,27600,27300
2023-06-22,22.64,27500,0(0.00 %),12710,349535000,100000,2340000000,27500,27600,27400
2023-06-23,22.64,27500,0(0.00 %),13535,371922500,0,0,27500,27500,27300
2023-06-26,22.39,27200,-0.3(-1.09 %),22054,599547600,0,0,27000,27500,27000
2023-06-27,22.56,27400,0.2(0.74 %),18545,506943000,0,0,27200,27500,27100
2023-06-28,22.39,27200,-0.1(-0.37 %),51135,1388812000,0,0,27400,27400,27100
2023-06-29,22.31,27100,-0.1(-0.37 %),39105,1057646000,0,0,27200,27200,27000
2023-06-30,22.23,27000,0(0.00 %),20220,546660000,0,0,27000,27200,27000
2023-07-03,22.31,27100,0.1(0.37 %),25855,699333900,0,0,27300,27300,26900
2023-07-04,22.47,27300,0.3(1.11 %),9212,250915200,0,0,27200,27300,27200
2023-07-05,22.47,27300,0.1(0.37 %),7433,202883800,0,0,27200,27400,27200
2023-07-06,22.47,27300,0(0.00 %),28460,775604000,0,0,27300,27400,27100
2023-07-07,22.89,27800,0.5(1.83 %),111519,3099975000,0,0,27300,28600,27300
2023-07-10,23.05,28000,0.2(0.72 %),27719,772988200,0,0,27800,28000,27600
2023-07-11,22.8,27700,-0.2(-0.72 %),42554,1192062800,0,0,28200,28200,27700
2023-07-12,22.72,27600,-0.4(-1.43 %),16032,446677000,0,0,28000,28000,27600
2023-07-13,22.8,27700,-0.2(-0.72 %),21339,593392500,0,0,27900,27900,27700
2023-07-14,22.97,27900,0.1(0.36 %),12600,349920000,0,0,27600,27900,27600
2023-07-17,23.05,28000,0.2(0.72 %),49020,1372348400,0,0,27800,28100,27800
2023-07-18,22.97,27900,-0.1(-0.36 %),15986,446093200,0,0,28300,29000,27500
2023-07-19,22.89,27800,-0.1(-0.36 %),62066,1728851500,0,0,27700,28000,27700
2023-07-20,22.64,27500,-0.4(-1.43 %),34123,941380800,0,0,27700,27800,27300
2023-07-21,22.56,27400,-0.2(-0.72 %),38123,1045496500,0,0,27700,27800,27300
2023-07-24,22.64,27500,0.1(0.36 %),47767,1310979100,0,0,27300,27600,27300
2023-07-25,22.64,27500,0.1(0.36 %),21035,577047600,0,0,27300,27600,27300
2023-07-26,22.8,27700,0.3(1.09 %),127582,3516138400,0,0,27600,28000,27500
2023-07-27,22.64,27500,-0.1(-0.36 %),36316,998001300,0,0,27700,27700,27300
2023-07-28,22.39,27200,-0.3(-1.09 %),28541,779569100,0,0,27400,27500,27100
2023-07-31,22.47,27300,0(0.00 %),37423,1017064200,0,0,27100,27400,27000
2023-08-03,22.47,27300,0.1(0.37 %),18919,517374200,0,0,27500,27500,27200
2023-08-04,22.64,27500,0.2(0.73 %),19937,548193000,0,0,27300,27500,27300
2023-08-07,22.56,27400,-0.1(-0.36 %),70150,1921519800,28812,674200800,27300,27600,25600
2023-08-08,22.56,27400,0(0.00 %),19424,532326900,0,0,27300,27500,27200
2023-08-09,22.64,27500,0.1(0.36 %),34490,946549200,0,0,27400,27600,27400
2023-08-10,22.72,27600,0.2(0.73 %),43220,1197516000,0,0,27600,28000,27500
2023-08-11,22.64,27500,-0.2(-0.72 %),49347,1356647800,0,0,27500,27700,27400
2023-08-14,22.8,27700,0.2(0.73 %),33698,927457300,0,0,27500,27700,27200
2023-08-15,22.97,27900,0.4(1.45 %),26754,746955800,0,0,27600,28000,27600
2023-08-16,23.13,28100,0.2(0.72 %),23047,647799300,0,0,28000,28300,27900
2023-08-17,22.8,27700,-0.4(-1.42 %),224663,6197948900,0,0,28200,28300,27100
2023-08-18,22.47,27300,-0.3(-1.09 %),94860,2598571200,0,0,27500,27800,27100
2023-08-21,22.23,27000,-0.4(-1.46 %),64120,1739086000,0,0,27300,27400,27000
2023-08-22,22.23,27000,-0.1(-0.37 %),66621,1790415300,0,0,27100,27100,26700
2023-08-23,21.98,26700,-0.2(-0.74 %),63428,1699309600,0,0,26900,26900,26700
2023-08-24,22.23,27000,0.2(0.75 %),27014,725295200,0,0,26800,27000,26800
2023-08-25,22.23,27000,0.2(0.75 %),10472,283794800,0,0,27300,27500,26800
2023-08-28,22.39,27200,0.1(0.37 %),11184,303329800,0,0,27100,27200,27000
2023-08-29,22.31,27100,0(0.00 %),18411,498225100,0,0,27000,27100,27000
2023-08-30,22.56,27400,0.3(1.11 %),12212,332208200,0,0,27100,27400,27100
2023-08-31,22.97,27900,0.7(2.57 %),64608,1803794800,0,0,27600,28000,27500
2023-09-05,23.87,29000,1.1(3.94 %),108985,3161188100,0,0,28000,29300,28000
2023-09-06,23.96,29100,0.1(0.34 %),52246,1504164600,0,0,29400,29400,28400
2023-09-07,23.63,28700,-0.1(-0.35 %),62026,1780833700,0,0,29100,29100,28500
2023-09-08,23.63,28700,0(0.00 %),42792,1238846900,0,0,28500,29100,28500
2023-09-11,23.79,28900,-0.1(-0.34 %),83807,2433563000,0,0,29200,29400,28600
2023-09-12,23.79,28900,-0.1(-0.34 %),10378,297770600,0,0,28600,29000,28500
2023-09-13,23.87,29000,0.3(1.05 %),46156,1345192000,0,0,29000,29400,28900
2023-09-14,25.6,31050,2(6.87 %),182936,5600506600,0,0,29300,31050,29300
2023-09-15,27.0,32800,2.2(7.19 %),154630,5070424200,0,0,32000,33200,32000
2023-09-18,26.34,32000,-0.8(-2.44 %),71092,2284832100,0,0,32800,32800,31900
2023-09-19,25.68,31200,-0.9(-2.80 %),67153,2081328200,0,0,32000,32000,30300
2023-09-20,26.34,32000,1(3.23 %),64505,2058489900,0,0,31700,32900,30600
2023-09-21,26.26,31900,0(0.00 %),30761,982823700,0,0,32200,32200,31800
2023-09-22,26.18,31800,-0.2(-0.62 %),67187,2127886100,0,0,31600,32200,30900
2023-09-25,26.18,31800,0.1(0.32 %),66186,2168233300,0,0,31800,33500,31700
2023-09-26,25.85,31400,-1.4(-4.27 %),14625,465194000,0,0,32800,32800,31400
2023-09-27,26.34,32000,0.2(0.63 %),51054,1594461000,0,0,31300,32000,31000
2023-09-28,25.52,31000,-0.2(-0.64 %),38500,1178573700,1458,38782800,31400,31400,30100
2023-09-29,25.93,31500,0.9(2.94 %),12739,395681500,0,0,30900,31500,30900
2023-10-02,26.26,31900,0.8(2.57 %),6200,197960000,0,0,31900,32000,31900
2023-10-03,25.52,31000,-0.9(-2.82 %),26916,837187600,0,0,31500,31500,30900
2023-10-04,25.93,31500,0.4(1.29 %),19254,596391900,0,0,31200,31500,30800
2023-10-05,25.85,31400,0.4(1.29 %),16434,516736700,0,0,31300,31600,31300
2023-10-06,26.18,31800,0.4(1.27 %),10770,341647900,0,0,31500,31900,31500
2023-10-09,26.26,31900,0.2(0.63 %),6914,220938000,0,0,32100,32100,31800
2023-10-10,26.43,32100,0.1(0.31 %),21722,699955000,0,0,32000,32500,32000
2023-10-11,27.17,33000,0.8(2.48 %),64695,2129748600,0,0,32300,33300,32300
2023-10-12,27.25,33100,0.2(0.61 %),36553,1210997300,0,0,32900,33500,32900
2023-10-13,27.25,33100,0(0.00 %),14994,494468600,0,0,32800,33300,32100
2023-10-16,27.17,33000,0(0.00 %),11526,380043200,0,0,33000,33200,32200
2023-10-17,26.34,32000,-1(-3.03 %),18900,617310000,0,0,33000,33000,32000
2023-10-18,26.34,32000,-0.7(-2.14 %),19500,622300000,0,0,32700,32700,31600
2023-10-19,26.01,31600,-0.3(-0.94 %),28800,907220000,0,0,31600,31600,31200
2023-10-20,25.93,31500,0(0.00 %),70700,2209430000,0,0,31400,31500,31000
2023-10-23,26.18,31800,0.5(1.60 %),82240,2617987000,0,0,31500,32200,31500
2023-10-24,27.08,32900,1.1(3.46 %),42324,1377718900,0,0,32000,33000,32000
2023-10-25,27.08,32900,0.3(0.92 %),37800,1241340000,0,0,32600,33000,32600
2023-10-26,26.1,31700,-1.1(-3.35 %),70300,2228930000,0,0,32600,32600,31300
2023-10-27,25.93,31500,-0.2(-0.63 %),157569,4956723200,0,0,31800,31800,31000
2023-10-30,25.52,31000,-0.5(-1.59 %),31839,992528000,0,0,31500,31500,31000
2023-11-10,26.34,32000,-0.4(-1.23 %),51500,1640000000,0,0,32100,32300,31550
2023-11-13,25.93,31500,-0.5(-1.56 %),24700,782000000,0,0,32200,32200,31300
2023-11-14,25.77,31300,-0.2(-0.63 %),67000,2107000000,0,0,31500,31700,31300
2023-11-15,25.85,31400,0.1(0.32 %),27600,866000000,0,0,31500,31550,31300
2023-11-16,25.85,31400,0(0.00 %),12000,374000000,0,0,31100,31400,31100
2023-11-17,25.52,31000,-0.4(-1.27 %),41100,1280000000,0,0,31500,31700,30600
2023-11-20,25.11,30500,-0.5(-1.61 %),49300,1507000000,0,0,30500,31100,30500
2023-11-21,25.11,30500,0(0.00 %),13800,418000000,0,0,31000,31000,29600
2023-11-22,25.03,30400,-0.1(-0.33 %),27400,834000000,0,0,30500,30700,30300
2023-11-23,25.11,30500,0.1(0.33 %),29500,896000000,0,0,30300,30550,30300
2023-11-24,24.7,30000,-0.5(-1.64 %),37300,1120000000,0,0,30100,30200,29800
2023-11-27,24.78,30100,0.1(0.33 %),2000,60000000,0,0,30000,30100,30000
2023-11-28,25.52,31000,0.9(2.99 %),32300,982000000,0,0,30000,31500,30000
2023-11-29,25.6,31100,0.1(0.32 %),16100,500000000,0,0,31000,31350,30700
2023-11-30,25.77,31300,0.2(0.64 %),14300,447000000,0,0,31150,31700,31150
2023-12-01,25.77,31300,0(0.00 %),37100,1161000000,0,0,31300,31400,31200
2023-12-04,26.67,32400,1.1(3.51 %),61300,1973000000,0,0,31400,32500,31400
2023-12-05,27.29,33150,0.75(2.31 %),69600,2295000000,0,0,32450,33150,32450
2023-12-06,28.61,34750,1.6(4.83 %),111600,3838000000,0,0,33900,35000,33350
2023-12-07,27.99,34000,-0.75(-2.16 %),35800,1225000000,0,0,34750,34750,33700
2023-12-08,28.07,34100,0.1(0.29 %),37400,1300000000,0,0,34000,35000,34000
2023-12-11,28.36,34450,0.35(1.03 %),43900,1523000000,0,0,34100,35000,34100
2023-12-12,28.4,34500,0.05(0.15 %),101900,3553000000,0,0,34450,35000,34450
2023-12-13,28.65,34800,0.3(0.87 %),52500,1827000000,0,0,34800,35000,34400
2023-12-14,28.65,34800,0(0.00 %),40200,1398000000,0,0,34800,34900,34500
2023-12-15,28.57,34700,-0.1(-0.29 %),45500,1579000000,0,0,34700,34800,34450
2023-12-18,28.61,34750,0.05(0.14 %),42700,1479000000,0,0,34500,34850,34300
2023-12-19,28.24,34300,-0.45(-1.29 %),53900,1860000000,0,0,34700,34700,34300
2023-12-20,28.52,34650,0.35(1.02 %),36200,1247000000,0,0,34300,34800,34050
2023-12-21,28.32,34400,-0.25(-0.72 %),31300,1076000000,0,0,34400,34700,34200
2023-12-22,28.2,34250,-0.15(-0.44 %),31600,1080000000,0,0,34500,34500,34000
2023-12-25,28.28,34350,0.1(0.29 %),51800,1783000000,0,0,34050,34700,34050
2023-12-26,27.97,31950,-0.35(-1.10 %),17800,561000000,0,0,31950,31950,31950
2023-12-27,27.97,31500,0(0.00 %),17100,532000000,0,0,31450,31500,31000
2023-12-28,27.83,31350,-0.15(-0.48 %),22100,692000000,0,0,31400,31500,31100
2023-12-29,27.57,31050,-0.3(-0.96 %),26300,818000000,0,0,31050,31500,31000
2024-01-02,27.61,31100,0.05(0.16 %),8800,276000000,0,0,31200,31900,31100
2024-01-03,28.1,31650,0.55(1.77 %),24300,764000000,0,0,31000,31650,31000
2024-01-04,28.14,31700,0.05(0.16 %),15900,503000000,0,0,31700,31800,31650
2024-01-05,28.32,31900,0.2(0.63 %),14300,455000000,0,0,31800,32300,31750
2024-01-08,28.46,32050,0.15(0.47 %),39400,1262000000,0,0,31800,32100,31800
2024-01-09,28.41,32000,-0.05(-0.16 %),10600,339000000,0,0,32050,32100,31900
2024-01-10,28.32,31900,-0.1(-0.31 %),14800,474000000,0,0,32100,32200,31900
2024-01-11,28.32,31900,0(0.00 %),12700,407000000,0,0,31900,32750,31900
2024-01-12,28.28,31850,-0.05(-0.16 %),21100,673000000,0,0,31900,32000,31850
2024-01-15,28.32,31900,0.05(0.16 %),5900,188000000,0,0,32500,32500,31900
2024-01-16,28.41,32000,0.1(0.31 %),6200,198000000,0,0,31850,32000,31850
2024-01-17,28.41,32000,0(0.00 %),9300,297000000,0,0,32000,32000,31950
2024-01-18,28.41,32000,0(0.00 %),14100,451000000,0,0,32000,32200,32000
2024-01-19,28.41,32000,0(0.00 %),23000,736000000,0,0,32000,32100,32000
2024-01-22,28.5,32100,0.1(0.31 %),10800,345000000,0,0,32000,32100,31800
2024-01-23,28.46,32050,-0.05(-0.16 %),9600,307000000,0,0,32000,32150,31900
2024-01-24,28.46,32050,0(0.00 %),8800,282000000,0,0,32150,32150,32050
2024-01-25,28.46,32050,0(0.00 %),5300,169000000,0,0,32050,32050,32050
2024-01-26,28.46,32050,0(0.00 %),15100,482000000,0,0,32050,32200,31900
2024-01-29,29.39,33100,1.05(3.28 %),16400,534000000,0,0,32000,34100,32000
2024-01-30,29.39,33100,0(0.00 %),3000,99000000,0,0,33200,33200,33100
2024-01-31,28.68,32300,-0.8(-2.42 %),25500,825000000,0,0,33100,33100,32200
2024-02-01,28.63,32250,-0.05(-0.15 %),31800,1025000000,0,0,32400,32500,32200
2024-02-02,28.59,32200,-0.05(-0.16 %),45700,1471000000,0,0,32200,32200,32200
2024-02-05,28.5,32100,-0.1(-0.31 %),27300,873000000,0,0,32000,32100,31900
2024-02-06,28.41,32000,-0.1(-0.31 %),24000,767000000,0,0,32400,32400,31800
2024-02-07,28.59,32200,0.2(0.62 %),11700,377000000,0,0,32000,33500,32000
2024-02-15,28.94,32600,0.4(1.24 %),7800,253000000,0,0,32400,32650,32400
2024-02-16,28.86,32500,-0.1(-0.31 %),13400,436000000,0,0,32400,32800,32400
2024-02-19,28.46,32050,-0.45(-1.38 %),16300,526000000,0,0,32500,32500,32050
2024-02-20,28.94,32600,0.55(1.72 %),15600,504000000,0,0,32300,32600,32100
2024-02-21,28.94,32600,0(0.00 %),3100,100000000,0,0,32200,32600,32200
2024-02-22,28.9,32550,-0.05(-0.15 %),7700,250000000,0,0,32600,32600,32350
2024-02-23,28.86,32500,-0.05(-0.15 %),33400,1080000000,0,0,32500,32500,32200
2024-02-26,28.94,32600,0.1(0.31 %),9200,299000000,0,0,32500,32600,32450
2024-02-27,29.12,32800,0.2(0.61 %),34800,1136000000,0,0,32800,32800,32600
2024-02-28,29.08,32750,-0.05(-0.15 %),27400,896000000,0,0,32800,32800,32550
2024-02-29,29.21,32900,0.15(0.46 %),14600,477000000,0,0,32750,32900,32500
2024-03-01,29.3,33000,0.1(0.30 %),34800,1149000000,0,0,32750,33200,32750
2024-03-04,29.25,32950,-0.05(-0.15 %),19900,652000000,0,0,33100,33100,32300
2024-03-05,28.86,32500,-0.45(-1.37 %),55700,1801000000,0,0,33100,33100,32200
2024-03-06,28.77,32400,-0.1(-0.31 %),13700,442000000,0,0,32500,32500,32250
2024-03-07,28.94,32600,0.2(0.62 %),28900,934000000,0,0,32400,32750,32200
2024-03-08,28.86,32500,-0.1(-0.31 %),20500,665000000,0,0,32650,32700,32300
2024-03-11,28.86,32500,0(0.00 %),23700,770000000,0,0,32500,32650,32400
2024-03-12,28.86,32500,0(0.00 %),39600,1285000000,0,0,32550,32850,32000
2024-03-13,29.57,33300,0.8(2.46 %),73000,2441000000,0,0,32650,34000,32650
2024-03-14,29.92,33700,0.4(1.20 %),18500,612000000,0,0,33300,33700,32900
2024-03-15,29.3,33000,-0.7(-2.08 %),38000,1253000000,0,0,33600,33600,32850
2024-03-18,28.9,32550,-0.45(-1.36 %),61900,2021000000,0,0,33050,33050,32450
2024-03-19,28.86,32500,-0.05(-0.15 %),9700,318000000,0,0,33950,34000,32500
2024-03-20,29.3,33000,0.5(1.54 %),4600,150000000,0,0,32600,33000,32600
2024-03-21,29.25,32950,-0.05(-0.15 %),10400,342000000,0,0,33050,33100,32800
2024-03-22,29.12,32800,-0.15(-0.46 %),70800,2327000000,0,0,32950,33050,32800
2024-03-25,28.99,32650,-0.15(-0.46 %),20900,684000000,0,0,33000,33050,32600
2024-03-26,28.94,32600,-0.05(-0.15 %),44900,1461000000,0,0,32800,32800,32450
2024-03-27,28.99,32650,0.05(0.15 %),8400,273000000,0,0,32550,32650,32500
2024-03-28,28.86,32500,-0.15(-0.46 %),18500,601000000,0,0,32850,32850,32500
2024-03-29,28.86,32500,0(0.00 %),42000,1364000000,0,0,32600,32600,32450
2024-04-01,29.03,32700,0.2(0.62 %),21200,694000000,0,0,32500,33000,32500
2024-04-02,29.08,32750,0.05(0.15 %),10400,340000000,0,0,32700,32750,32700
2024-04-03,29.08,32750,0(0.00 %),2200,72000000,0,0,32750,32750,32600
2024-04-04,29.08,32750,0(0.00 %),6300,205000000,0,0,32550,32750,32500
2024-04-05,28.9,32550,-0.2(-0.61 %),21100,687000000,0,0,32550,32700,32500
2024-04-08,29.03,32700,0.15(0.46 %),15900,520000000,0,0,32550,32950,32550
2024-04-09,28.99,32650,-0.05(-0.15 %),14000,456000000,0,0,32700,32700,32500
2024-04-10,29.17,32850,0.2(0.61 %),15300,498000000,0,0,32650,32850,32550
2024-04-11,28.86,32500,-0.35(-1.07 %),29400,958000000,0,0,32850,32950,32500
2024-04-12,28.94,32600,0.1(0.31 %),21900,712000000,0,0,32600,32700,32350
2024-04-15,28.77,32400,-0.2(-0.61 %),24700,804000000,0,0,32600,32700,32400
2024-04-16,28.68,32300,-0.1(-0.31 %),65300,2084000000,0,0,32350,32350,31700
2024-04-17,28.59,32200,-0.1(-0.31 %),14000,452000000,0,0,32400,32400,32200
2024-04-19,28.41,32000,-0.2(-0.62 %),24000,766000000,0,0,32000,32000,31800
2024-04-22,28.99,32650,0.65(2.03 %),15600,507000000,0,0,32000,32650,32000
2024-04-23,29.12,32800,0.15(0.46 %),24000,784000000,0,0,32650,32950,32650
2024-04-24,29.3,33000,0.2(0.61 %),23900,787000000,0,0,32950,33000,32800
2024-04-25,29.83,33600,0.6(1.82 %),41900,1394000000,0,0,33400,33600,32600
2024-04-26,30.01,33800,0.2(0.60 %),29900,1011000000,0,0,33800,33900,33600
2024-05-02,29.65,33400,-0.4(-1.18 %),32000,1076000000,0,0,33500,33800,33300
2024-05-03,29.48,33200,-0.2(-0.60 %),14100,470000000,0,0,33600,33600,33200
2024-05-06,29.57,33300,0.1(0.30 %),14300,476000000,0,0,33200,33350,33200
2024-05-07,29.65,33400,0.1(0.30 %),16200,540000000,0,0,33300,33500,33300
2024-05-08,30.11,32900,0.5(1.54 %),60400,1977000000,0,0,32350,33100,32350
2024-05-09,30.93,33800,0.9(2.74 %),81800,2760000000,0,0,33150,34500,33150
2024-05-10,30.66,33500,-0.3(-0.89 %),24200,815000000,0,0,33650,34000,33500
2024-05-13,30.48,33300,-0.2(-0.60 %),21200,709000000,0,0,33500,33900,33000
2024-05-14,30.48,33300,0(0.00 %),26900,889000000,0,0,32900,33300,32900
2024-05-15,31.07,33950,0.65(1.95 %),78600,2681000000,0,0,33300,34700,33300
2024-05-16,30.75,33600,-0.35(-1.03 %),21400,724000000,0,0,34600,34600,33500
2024-05-17,30.75,33600,0(0.00 %),23900,797000000,0,0,33700,33700,33100
2024-05-20,30.61,33450,-0.15(-0.45 %),43500,1453000000,0,0,33600,33650,33150
2024-05-21,31.16,34050,0.6(1.79 %),39500,1340000000,0,0,33900,34200,33500
2024-05-22,30.84,33700,-0.35(-1.03 %),38900,1321000000,0,0,34450,34450,33700
2024-05-23,30.89,33750,0.05(0.15 %),23100,779000000,0,0,33900,34050,33700
2024-05-24,30.89,33750,0(0.00 %),40800,1383000000,0,0,34050,34100,33600
2024-05-27,30.93,33800,0.05(0.15 %),16100,545000000,0,0,33600,34000,33600
2024-05-28,31.99,34950,1.15(3.40 %),127000,4384000000,0,0,34000,35900,34000
2024-05-29,31.94,34900,-0.05(-0.14 %),10300,359000000,0,0,35100,35100,34800
2024-05-30,31.85,34800,-0.1(-0.29 %),45600,1545000000,0,0,33650,35000,33650
2024-05-31,31.85,34800,0(0.00 %),38800,1341000000,0,0,34700,34900,34000
2024-06-03,32.22,35200,0.4(1.15 %),13500,472000000,0,0,35650,35650,34800
2024-06-04,31.76,34700,-0.5(-1.42 %),24800,864000000,0,0,34850,34950,34700
2024-06-05,31.8,34750,0.05(0.14 %),24800,859000000,0,0,35050,35050,34550
2024-06-06,31.76,34700,-0.05(-0.14 %),14600,509000000,0,0,34800,35000,34700
2024-06-07,31.76,34700,0(0.00 %),6800,235000000,0,0,34650,34700,34650
2024-06-10,31.71,34650,-0.05(-0.14 %),19200,666000000,0,0,34600,34900,34500
2024-06-11,32.22,35200,0.55(1.59 %),114600,4037000000,0,0,34700,35500,34700
2024-06-12,32.72,35750,0.55(1.56 %),46200,1641000000,0,0,34800,35800,34800
2024-06-13,32.76,35800,0.05(0.14 %),38300,1378000000,0,0,35750,36100,35750
2024-06-14,32.67,35700,-0.1(-0.28 %),41300,1480000000,0,0,36200,36200,35700
2024-06-17,32.76,35800,0.1(0.28 %),19800,708000000,0,0,35850,35950,35700
2024-06-18,32.86,35900,0.1(0.28 %),33700,1211000000,0,0,36000,36050,35650
2024-06-19,32.81,35850,-0.05(-0.14 %),8500,305000000,0,0,36000,36000,35600
2024-06-20,32.86,35900,0.05(0.14 %),22300,797000000,20000,718000000,36000,36000,35600
2024-06-21,32.9,35950,0.05(0.14 %),30300,1092000000,0,0,35900,36200,35700
2024-06-24,32.99,36050,0.1(0.28 %),25700,925000000,20000,718000000,35950,36200,35700
2024-06-25,32.95,36000,-0.05(-0.14 %),74100,2644000000,0,0,36200,36200,35200
2024-06-26,33.22,36300,0.3(0.83 %),23100,835000000,0,0,36300,36300,35500
2024-06-27,33.22,35300,0(0.00 %),12600,444000000,0,0,35100,35300,35100
2024-06-28,32.94,35000,-0.3(-0.85 %),31200,1093000000,0,0,35450,35450,34900
2024-07-01,32.94,35000,0(0.00 %),95400,3301000000,0,0,35000,35200,34500
2024-07-02,33.08,35150,0.15(0.43 %),33400,1174000000,0,0,35650,35650,35000
2024-07-03,33.83,35950,0.8(2.28 %),44600,1581000000,0,0,35050,36000,35050
2024-07-04,34.35,36500,0.55(1.53 %),40000,1459000000,0,0,35500,37500,35500
2024-07-05,34.26,36400,-0.1(-0.27 %),34400,1254000000,0,0,37650,37650,36100
2024-07-08,35.29,37500,1.1(3.02 %),78900,2917000000,0,0,36500,37900,36400
2024-07-09,35.48,37700,0.2(0.53 %),34400,1296000000,0,0,36900,38300,36900
2024-07-10,35.76,38000,0.3(0.80 %),3400,128000000,0,0,38100,38100,37800
2024-07-11,35.62,37850,-0.15(-0.39 %),57000,2159000000,0,0,37900,38400,37200
2024-07-12,35.57,37800,-0.05(-0.13 %),12600,476000000,0,0,37900,38000,37800
2024-07-15,35.95,38200,0.4(1.06 %),21700,825000000,0,0,37800,38400,37800
2024-07-16,38.44,40850,2.65(6.94 %),335400,13621000000,0,0,38200,40850,38200
2024-07-17,39.48,41950,1.1(2.69 %),106400,4478000000,0,0,42850,43000,41000
2024-07-18,37.93,40300,-1.65(-3.93 %),181400,7323000000,0,0,41900,41900,39200
2024-07-19,38.4,40800,0.5(1.24 %),64300,2589000000,0,0,40200,40800,39900
2024-07-22,37.64,40000,-0.8(-1.96 %),62100,2493000000,0,0,40000,40900,39950
2024-07-23,38.54,40950,0.95(2.38 %),69100,2835000000,0,0,40000,41600,40000
2024-07-24,38.3,40700,-0.25(-0.61 %),42100,1677000000,0,0,40400,40750,39200
2024-07-25,40.47,43000,2.3(5.65 %),84800,3548000000,0,0,40600,43500,40100
2024-07-26,41.5,44100,1.1(2.56 %),65800,2890000000,0,0,43000,45000,43000
2024-07-29,41.31,43900,-0.2(-0.45 %),21300,926000000,0,0,44100,44100,43000
2024-07-30,40.84,43400,-0.5(-1.14 %),42500,1826000000,0,0,43100,43400,42900
2024-07-31,42.82,45500,2.1(4.84 %),99700,4434000000,0,0,43400,45800,43200
2024-08-01,41.31,43900,-1.6(-3.52 %),87700,3856000000,0,0,45550,45800,42500
2024-08-02,40.0,42500,-1.4(-3.19 %),141800,6023000000,0,0,43000,43000,42000
2024-08-05,37.36,39700,-2.8(-6.59 %),95500,3891000000,0,0,41900,42000,39550
2024-08-06,38.96,41400,1.7(4.28 %),10400,418000000,0,0,39750,41400,39750
2024-08-07,38.59,41000,-0.4(-0.97 %),26400,1069000000,0,0,41400,41400,40050
2024-08-08,39.81,42300,1.3(3.17 %),24000,1005000000,0,0,41000,43000,40500
2024-08-09,39.9,42400,0.1(0.24 %),8500,359000000,0,0,43000,43000,42000
2024-08-12,40.66,43200,0.8(1.89 %),14300,623000000,0,0,42500,44450,42500
2024-08-13,41.13,43700,0.5(1.16 %),11900,517000000,0,0,43350,43800,43200
2024-08-14,40.37,42900,-0.8(-1.83 %),14500,624000000,0,0,43600,43600,42700
2024-08-15,40.14,42650,-0.25(-0.58 %),20100,843000000,0,0,42050,42650,41500
2024-08-16,40.47,43000,0.35(0.82 %),16900,729000000,0,0,42500,43800,42200
2024-08-19,40.47,43000,0(0.00 %),46700,1992000000,0,0,43000,43000,42300
2024-08-20,40.47,43000,0(0.00 %),11500,491000000,0,0,43000,43100,42200
2024-08-21,40.61,43150,0.15(0.35 %),13000,559000000,0,0,43000,43200,43000
2024-08-22,40.61,43150,0(0.00 %),15800,684000000,0,0,44000,44000,43150
2024-08-23,40.61,43150,0(0.00 %),6600,281000000,0,0,42950,43150,42500
2024-08-26,40.37,42900,-0.25(-0.58 %),8900,385000000,0,0,43000,43500,42700
2024-08-27,40.84,43400,0.5(1.17 %),27300,1174000000,0,0,42900,43500,42750
2024-08-28,40.47,43000,-0.4(-0.92 %),4500,192000000,0,0,43300,43300,42700
2024-08-29,40.47,43000,0(0.00 %),500,21000000,0,0,42650,43000,42650
2024-08-30,40.47,43000,0(0.00 %),10400,443000000,0,0,42500,43000,42500
2024-09-04,40.47,43000,0(0.00 %),18000,773000000,0,0,43350,43350,42700
2024-09-05,40.42,42950,-0.05(-0.12 %),21500,922000000,0,0,42900,43000,42800
2024-09-06,40.33,42850,-0.1(-0.23 %),12700,545000000,0,0,42950,42950,42850
2024-09-09,40.28,42800,-0.05(-0.12 %),6200,265000000,0,0,42800,42900,42800
2024-09-10,40.0,42500,-0.3(-0.70 %),16200,690000000,0,0,42800,42900,42500
2024-09-11,39.81,42300,-0.2(-0.47 %),5800,246000000,0,0,42500,42700,42000
2024-09-12,40.0,42500,0.2(0.47 %),7300,309000000,0,0,42350,42500,42350
2024-09-13,40.09,42600,0.1(0.24 %),9900,420000000,0,0,42400,42600,42300
2024-09-16,40.18,42700,0.1(0.23 %),4800,205000000,0,0,42600,43000,42600
2024-09-17,40.94,43500,0.8(1.87 %),3900,167000000,0,0,43750,43750,42700
2024-09-18,40.94,43500,0(0.00 %),5500,238000000,0,0,43400,43500,43200
2024-09-19,41.03,43600,0.1(0.23 %),7000,305000000,0,0,43600,43600,43500
2024-09-20,40.56,43100,-0.5(-1.15 %),8100,351000000,0,0,43600,43650,43000
2024-09-23,40.56,43100,0(0.00 %),1800,78000000,0,0,44750,44750,43050
2024-09-24,40.56,43100,0(0.00 %),13500,583000000,0,0,43000,44200,43000
2024-09-25,40.84,43400,0.3(0.70 %),6200,268000000,0,0,43200,43800,43200
2024-09-26,40.98,43550,0.15(0.35 %),4500,196000000,0,0,43500,43800,43500
2024-09-27,41.03,43600,0.05(0.11 %),10200,443000000,0,0,43550,43600,43450
2024-09-30,41.27,43850,0.25(0.57 %),19700,862000000,0,0,44500,44500,43600
2024-10-01,41.88,44500,0.65(1.48 %),9100,401000000,0,0,43900,44500,43900
2024-10-02,41.31,43900,-0.6(-1.35 %),20300,888000000,0,0,43600,43900,43550
2024-10-03,41.22,43800,-0.1(-0.23 %),5300,232000000,0,0,44400,44400,43800
2024-10-04,41.27,43850,0.05(0.11 %),11900,518000000,0,0,43200,43850,43200
2024-10-07,41.27,43850,0(0.00 %),11900,521000000,0,0,43850,43850,43600
2024-10-08,41.41,44000,0.15(0.34 %),13500,594000000,0,0,43850,44100,43850
2024-10-09,42.16,44800,0.8(1.82 %),36800,1649000000,0,0,44200,45200,44200
2024-10-10,42.35,45000,0.2(0.45 %),17100,769000000,0,0,44800,45200,44500
2024-10-11,42.26,44900,-0.1(-0.22 %),10200,457000000,0,0,44800,45200,44700
2024-10-14,42.35,45000,0.1(0.22 %),3800,169000000,0,0,44850,45000,43900
2024-10-15,42.35,45000,0(0.00 %),4900,218000000,0,0,44650,45000,44500
2024-10-16,42.54,45200,0.2(0.44 %),4100,185000000,0,0,45100,45200,45100
2024-10-17,42.54,45200,0(0.00 %),2700,121000000,0,0,44450,45200,44450
2024-10-18,42.54,45200,0(0.00 %),5500,248000000,0,0,45200,45200,45000
2024-10-21,42.54,45200,0(0.00 %),4000,179000000,0,0,44800,45200,44750
2024-10-22,42.35,45000,-0.2(-0.44 %),4100,184000000,0,0,45200,45200,45000
2024-10-23,43.9,46650,1.65(3.67 %),31100,1445000000,0,0,46400,46700,45800
2024-10-24,44.42,47200,0.55(1.18 %),14000,668000000,0,0,47200,48400,46750
2024-10-25,43.76,46500,-0.7(-1.48 %),1000,46000000,0,0,47200,47200,46500
2024-10-28,43.76,46500,0(0.00 %),5400,251000000,0,0,45550,46800,45550
2024-10-29,43.67,46400,-0.1(-0.22 %),3300,149000000,0,0,45800,46400,45150
2024-10-30,42.82,45500,-0.9(-1.94 %),7100,322000000,0,0,46250,46400,45300
2024-10-31,44.04,46800,1.3(2.86 %),700,32000000,0,0,46950,46950,46750
2024-11-01,43.71,46450,-0.35(-0.75 %),1000,46000000,0,0,46500,46500,46450
2024-11-04,42.54,45200,-1.25(-2.69 %),19000,872000000,0,0,46500,46500,45200
2024-11-05,43.62,46350,1.15(2.54 %),10600,480000000,0,0,45300,46350,45200
2024-11-06,43.57,46300,-0.05(-0.11 %),700,32000000,0,0,46350,46350,46300
2024-11-07,43.29,46000,-0.3(-0.65 %),3600,165000000,0,0,46000,46200,46000
2024-11-08,42.96,45650,-0.35(-0.76 %),8200,376000000,0,0,46000,46750,45600
2024-11-11,43.06,45750,0.1(0.22 %),18600,849000000,0,0,45650,46100,45500
2024-11-12,43.2,45900,0.15(0.33 %),46200,2117000000,0,0,45750,45900,45700
2024-11-13,43.1,45800,-0.1(-0.22 %),20400,935000000,0,0,45900,45900,45600
2024-11-14,43.1,45800,0(0.00 %),34300,1573000000,0,0,45800,46000,45800
2024-11-15,43.15,45850,0.05(0.11 %),28200,1286000000,0,0,45650,45850,45500
2024-11-18,43.67,46400,0.55(1.20 %),43900,1999000000,0,0,45500,47000,45250
2024-11-19,42.91,45600,-0.8(-1.72 %),26400,1205000000,0,0,46250,46250,45600
2024-11-20,42.82,45500,-0.1(-0.22 %),43900,1994000000,0,0,45400,45500,45300
2024-11-21,42.68,45350,-0.15(-0.33 %),12800,581000000,0,0,45500,45500,45350
2024-11-22,43.29,46000,0.65(1.43 %),38900,1794000000,0,0,46000,46500,46000
2024-11-25,43.29,46000,0(0.00 %),62200,2886000000,0,0,46500,46850,46000
2024-11-26,43.67,46400,0.4(0.87 %),31100,1439000000,0,0,47500,47500,46000
2024-11-27,43.62,46350,-0.05(-0.11 %),12000,556000000,0,0,46850,46850,46200
2024-11-28,43.62,46350,0(0.00 %),23400,1082000000,0,0,46300,46350,46050
2024-11-29,43.67,46400,0.05(0.11 %),23100,1069000000,0,0,46250,46400,46250
2024-12-02,43.29,46000,-0.4(-0.86 %),39000,1797000000,0,0,46400,46500,45950
2024-12-03,43.29,46000,0(0.00 %),15200,699000000,0,0,46000,46150,45950
2024-12-04,43.29,46000,0(0.00 %),44700,2056000000,0,0,46000,46500,45800
2024-12-05,43.29,46000,0(0.00 %),33100,1522000000,0,0,46000,46200,45950
2024-12-06,43.29,46000,0(0.00 %),24900,1144000000,0,0,45800,46100,45800
2024-12-09,43.48,46200,0.2(0.43 %),22100,1017000000,0,0,46000,46250,45800
2024-12-10,43.48,46200,0(0.00 %),16400,757000000,0,0,46200,46350,46000
2024-12-11,43.48,46200,0(0.00 %),22200,1022000000,0,0,46200,46250,45900
2024-12-12,43.57,46300,0.1(0.22 %),23800,1100000000,0,0,46000,46500,46000
2024-12-13,45.13,47950,1.65(3.56 %),49600,2345000000,0,0,46350,48000,46350
2024-12-16,45.36,48200,0.25(0.52 %),12400,597000000,0,0,48600,48600,47900
2024-12-17,44.42,47200,-1(-2.07 %),11900,565000000,0,0,48000,48150,47000
2024-12-18,45.08,47900,0.7(1.48 %),10400,491000000,0,0,47250,47900,47200
2024-12-19,44.56,47350,-0.55(-1.15 %),27600,1308000000,0,0,47900,47900,47250
2024-12-20,44.84,47650,0.3(0.63 %),28900,1376000000,0,0,47350,47900,47350
2024-12-23,47.9,50900,3.25(6.82 %),383400,19272000000,0,0,49000,50900,49000
2024-12-24,49.7,49700,1.8(3.76 %),111200,5495000000,0,0,48050,50600,48050
2024-12-25,48.2,48200,-1.5(-3.02 %),104400,5106000000,0,0,49700,49900,48200
2024-12-26,48.1,48100,-0.1(-0.21 %),98400,4740000000,0,0,48200,48900,47700
2024-12-27,48.05,48050,-0.05(-0.10 %),73000,3495000000,0,0,48200,48500,47400
2024-12-30,48.05,48050,0(0.00 %),44800,2157000000,0,0,48100,48300,47900
2024-12-31,48.0,48000,-0.05(-0.10 %),22400,1075000000,0,0,48050,48300,47900
2025-01-02,47.5,47500,-0.5(-1.04 %),39500,1883000000,0,0,48000,48000,47400
2025-01-03,48.0,48000,0.5(1.05 %),46600,2240000000,0,0,47500,48500,47500
2025-01-06,46.6,46600,-1.4(-2.92 %),72900,3432000000,0,0,47900,47900,46600
2025-01-07,46.5,46500,-0.1(-0.21 %),30000,1398000000,0,0,46600,47000,46200
2025-01-08,47.0,47000,0.5(1.08 %),21700,1015000000,0,0,46700,47000,46400
2025-01-09,48.0,48000,1(2.13 %),81900,3944000000,20000,875000000,47000,49000,47000
2025-01-10,47.5,47500,-0.5(-1.04 %),5400,258000000,0,0,48150,48200,47500
2025-01-13,47.2,47200,-0.3(-0.63 %),10700,506000000,0,0,47500,47850,47000
2025-01-14,47.75,47750,0.55(1.17 %),32300,1558000000,0,0,47650,48500,47650
2025-01-15,48.15,48150,0.4(0.84 %),6200,295000000,0,0,47500,48250,47400
2025-01-16,48.05,48050,-0.1(-0.21 %),3800,182000000,0,0,48100,48100,47650
2025-01-17,48.5,48500,0.45(0.94 %),21600,1037000000,0,0,47950,48500,47600
2025-01-20,48.6,48600,0.1(0.21 %),49200,2391000000,0,0,48650,50000,48000
2025-01-21,48.3,48300,-0.3(-0.62 %),9900,479000000,0,0,48900,48900,48200
2025-01-22,47.55,47550,-0.75(-1.55 %),23300,1110000000,0,0,48400,48400,47200
2025-01-23,48.3,48300,0.75(1.58 %),67600,3208000000,0,0,47550,48300,47000
2025-01-24,49.0,49000,0.7(1.45 %),33500,1629000000,0,0,48100,49500,47800
2025-02-04,50.0,50000,-0.6(-1.19 %),25600,1291000000,0,0,50600,51000,49900
2025-02-05,50.4,50400,0.4(0.80 %),47800,2403000000,0,0,50000,50900,49700
2025-02-06,50.1,50100,-0.3(-0.60 %),65600,3296000000,0,0,51800,51800,50000
2025-02-07,50.2,50200,0.1(0.20 %),30600,1540000000,0,0,51000,51000,50000
2025-02-10,49.8,49800,-0.4(-0.80 %),22800,1137000000,0,0,50500,50500,49450
2025-02-11,49.5,49500,-0.3(-0.60 %),43500,2146000000,0,0,49800,49950,49050
2025-02-12,49.4,49400,-0.1(-0.20 %),26000,1273000000,0,0,49000,49500,48650
2025-02-13,49.25,49250,-0.15(-0.30 %),37200,1816000000,0,0,49000,49350,48650
2025-02-14,50.7,50700,1.45(2.94 %),115800,5919000000,0,0,49250,52300,49250
2025-02-17,52.0,52000,1.3(2.56 %),99700,5173000000,0,0,51700,52500,51000
2025-02-18,50.8,50800,-1.2(-2.31 %),68600,3501000000,0,0,51400,52000,50700
2025-02-19,51.2,51200,0.4(0.79 %),26100,1326000000,0,0,51000,51500,50600
2025-02-20,51.4,51400,0.2(0.39 %),21700,1110000000,0,0,51200,51700,50900
2025-02-21,50.5,50500,-0.9(-1.75 %),47700,2413000000,0,0,51000,51300,50000
2025-02-24,50.1,50100,-0.4(-0.79 %),91400,4577000000,0,0,50500,50800,49900
2025-02-25,49.95,49950,-0.15(-0.30 %),40200,2003000000,0,0,50200,50200,49550
2025-02-26,49.85,49850,-0.1(-0.20 %),56600,2809000000,0,0,49950,49950,49400
2025-02-27,49.75,49750,-0.1(-0.20 %),29500,1460000000,0,0,49900,49900,49250
2025-02-28,49.75,49750,0(0.00 %),11700,581000000,0,0,49750,49750,49500
2025-03-03,50.2,50200,0.45(0.90 %),40100,2001000000,0,0,49750,52000,49500
2025-03-04,50.0,50000,-0.2(-0.40 %),13600,676000000,0,0,50100,50100,49600
2025-03-05,49.8,49800,-0.2(-0.40 %),27700,1385000000,0,0,50000,50300,49800
2025-03-06,49.8,49800,0(0.00 %),23300,1158000000,0,0,49800,49900,49500
2025-03-07,49.9,49900,0.1(0.20 %),28800,1437000000,0,0,49800,50200,49800
2025-03-10,49.5,49500,-0.4(-0.80 %),39700,1973000000,0,0,50200,50300,49500
2025-03-11,49.0,49000,-0.5(-1.01 %),82100,4031000000,0,0,49400,49500,49000
2025-03-12,49.6,49600,0.6(1.22 %),20600,1023000000,0,0,49000,50000,49000
2025-03-13,49.75,49750,0.15(0.30 %),20200,1008000000,0,0,49600,50200,49600
2025-03-14,49.55,49550,-0.2(-0.40 %),11600,571000000,0,0,49300,49550,49000
2025-03-17,49.1,49100,-0.45(-0.91 %),25200,1238000000,0,0,49050,49450,49050
2025-03-18,48.9,48900,-0.2(-0.41 %),33200,1627000000,0,0,49100,49200,48900
2025-03-19,48.8,48800,-0.1(-0.20 %),24500,1196000000,0,0,48800,48900,48700
2025-03-20,48.9,48900,0.1(0.20 %),4900,239000000,0,0,48750,49200,48750
2025-03-21,49.15,49150,0.25(0.51 %),29400,1439000000,0,0,49000,49200,48800
2025-03-24,48.8,48800,-0.35(-0.71 %),19600,961000000,0,0,49150,49150,48800
2025-03-25,48.7,48700,-0.1(-0.20 %),7100,347000000,0,0,48800,49100,48700
2025-03-26,48.7,48700,0(0.00 %),15100,735000000,0,0,48700,49000,48600
2025-03-27,48.45,48450,-0.25(-0.51 %),6500,315000000,0,0,48700,48900,48200
2025-03-28,48.7,48700,0.25(0.52 %),12800,620000000,0,0,48350,48700,48250
2025-03-31,47.5,47500,-1.2(-2.46 %),36700,1756000000,0,0,48600,48600,47300
2025-04-01,47.15,47150,-0.35(-0.74 %),19500,921000000,0,0,47300,47450,47150
2025-04-02,47.6,47600,0.45(0.95 %),8700,411000000,0,0,47300,47600,47200
2025-04-03,44.3,44300,-3.3(-6.93 %),169700,7518000000,0,0,44300,44500,44300
2025-04-04,41.2,41200,-3.1(-7.00 %),152900,6299000000,0,0,41200,41200,41200
2025-04-08,38.35,38350,-2.85(-6.92 %),50900,1952000000,0,0,38350,38350,38350
2025-04-09,35.7,35700,-2.65(-6.91 %),253100,9038000000,0,0,35700,36000,35700
2025-04-10,38.15,38150,2.45(6.86 %),2000,76000000,0,0,38150,38150,38150
2025-04-11,37.0,37000,-1.15(-3.01 %),167200,6531000000,20000,710000000,40750,40750,36700
2025-04-14,39.0,39000,2(5.41 %),29900,1174000000,0,0,39550,39550,38850
2025-04-15,37.4,37400,-1.6(-4.10 %),35400,1337000000,0,0,39000,39000,37000
2025-04-16,37.6,37600,0.2(0.53 %),37500,1405000000,0,0,37400,37600,37300
2025-04-17,37.3,37300,-0.3(-0.80 %),10800,403000000,0,0,37600,37600,37300
2025-04-18,38.45,38450,1.15(3.08 %),5700,214000000,0,0,38000,38450,37500
2025-04-21,38.0,38000,-0.45(-1.17 %),8800,332000000,0,0,38400,38400,37600
2025-04-22,36.25,36250,-1.75(-4.61 %),89000,3212000000,0,0,37950,37950,35350
2025-04-23,37.0,37000,0.75(2.07 %),14300,530000000,0,0,37850,37850,36550
2025-04-24,37.75,37750,0.75(2.03 %),6000,226000000,0,0,37950,38000,37300
2025-04-25,37.75,37750,0(0.00 %),15700,595000000,0,0,38250,38250,37550
2025-04-28,37.95,37950,0.2(0.53 %),21800,827000000,0,0,38000,38000,37800
2025-04-29,38.5,38500,0.55(1.45 %),20700,795000000,0,0,37950,38500,37950
2025-05-05,39.0,39000,0.5(1.30 %),32600,1275590000,0,0,38700,39500,38700
2025-05-06,39.0,39000,0(0.00 %),34800,1358165000,0,0,39500,39500,39000
2025-05-07,39.05,39050,0.05(0.13 %),12800,503095000,0,0,39200,39600,39050
2025-05-08,39.8,39800,0.75(1.92 %),16700,662425000,0,0,39400,39950,39300
2025-05-09,39.6,39600,-0.2(-0.50 %),8700,345205000,0,0,40400,40400,39500
2025-05-12,39.55,39550,-0.05(-0.13 %),26400,1029300000,0,0,39600,39700,38700
2025-05-13,40.0,40000,0.45(1.14 %),32900,1313845000,0,0,40000,40900,39600
2025-05-14,39.9,39900,-0.1(-0.25 %),17500,698410000,0,0,39550,40400,39550
2025-05-15,39.55,39550,-0.35(-0.88 %),9800,387015000,0,0,39900,39900,39250
2025-05-16,39.3,39300,-0.25(-0.63 %),14500,571565000,0,0,39850,39850,39100
2025-05-19,38.55,38550,-0.75(-1.91 %),37500,1451515000,0,0,39000,39000,38500
2025-05-20,38.9,38900,0.35(0.91 %),23800,926125000,0,0,38550,39500,38300
2025-05-21,38.65,38650,-0.25(-0.64 %),36400,1412405000,0,0,39000,39000,38650
2025-05-22,38.55,38550,-0.1(-0.26 %),29000,1113410000,0,0,38400,38650,38200
2025-05-23,38.6,38600,0.05(0.13 %),12000,465410000,0,0,38500,39000,38500
2025-05-26,41.3,41300,2.7(6.99 %),132600,5395860000,0,0,41100,41300,39000
2025-05-27,44.15,44150,2.85(6.90 %),84400,3710330000,0,0,43500,44150,42600
2025-05-28,44.0,44000,-0.15(-0.34 %),89000,4008860000,0,0,46950,46950,43900
2025-05-29,45.0,45000,1(2.27 %),40500,1789780000,0,0,44850,45000,43900
2025-05-30,43.7,43700,-1.3(-2.89 %),47200,2078260000,0,0,44000,45500,43700
2025-06-02,43.3,43300,-0.4(-0.92 %),24900,1081980000,0,0,43700,44000,43100
2025-06-03,43.5,43500,0.2(0.46 %),50700,2185160000,0,0,43300,43550,42600
2025-06-04,43.3,43300,-0.2(-0.46 %),25600,1099565000,0,0,43500,43500,42800
2025-06-05,43.65,43650,0.35(0.81 %),40700,1752260000,0,0,42700,43650,42500
2025-06-06,43.25,43250,-0.4(-0.92 %),42800,1867085000,0,0,43800,43900,43000
2025-06-09,42.95,42950,-0.3(-0.69 %),18300,786050000,0,0,43250,43250,42650
2025-06-10,42.9,42900,-0.05(-0.12 %),11000,472905000,0,0,42950,43200,42200
2025-06-11,42.75,42750,-0.15(-0.35 %),6100,259420000,0,0,42900,42900,42300
2025-06-12,43.3,43300,0.55(1.29 %),27100,1179945000,0,0,42850,43950,42850
2025-06-13,42.95,42950,-0.35(-0.81 %),12700,546170000,0,0,43800,43800,42150
2025-06-16,42.1,42100,-0.85(-1.98 %),14400,604225000,0,0,41650,42800,41100
2025-06-17,42.05,42050,-0.05(-0.12 %),45100,1910360000,0,0,42000,44000,42000
2025-06-18,41.8,41800,-0.25(-0.59 %),31700,1329285000,0,0,42200,42450,41800
2025-06-19,41.7,41700,-0.1(-0.24 %),3700,154340000,0,0,41800,41800,41700
2025-06-20,42.2,42200,0.5(1.20 %),24000,1003825000,0,0,41550,42750,41450
2025-06-23,42.45,42450,0.25(0.59 %),16900,722350000,0,0,42700,43700,42300
2025-06-24,42.95,42950,0.5(1.18 %),23400,1009645000,0,0,43000,43600,42650
2025-06-25,43.0,43000,0.05(0.12 %),7400,318175000,0,0,43400,43450,42400
2025-06-26,43.0,43000,0(0.00 %),8600,368815000,0,0,43000,43000,42800
2025-06-27,43.4,43400,0.4(0.93 %),43300,1874335000,0,0,43000,43600,42800
2025-06-30,43.35,43350,-0.05(-0.12 %),16500,717780000,0,0,43500,43600,43350
2025-07-01,43.25,43250,-0.1(-0.23 %),18500,802695000,0,0,43350,43500,43000
2025-07-02,43.8,43800,0.55(1.27 %),48600,2129935000,0,0,43300,44500,43300
2025-07-03,42.8,42800,-1(-2.28 %),38600,1665540000,0,0,43400,44000,42800
2025-07-04,42.55,42550,-0.25(-0.58 %),26300,1119770000,0,0,42500,42800,42500
2025-07-07,42.8,42800,0.25(0.59 %),11600,496035000,0,0,42500,43000,42500
2025-07-08,43.5,43500,0.7(1.64 %),23700,1036665000,0,0,43900,44000,43200
2025-07-09,42.95,42950,-0.55(-1.26 %),9600,412740000,0,0,43550,43550,42900
2025-07-10,42.85,42850,-0.1(-0.23 %),22200,950675000,0,0,42950,43000,42650
2025-07-11,42.4,42400,-0.45(-1.05 %),36100,1526835000,0,0,42800,42800,42000
2025-07-14,42.5,42500,0.1(0.24 %),9200,388910000,0,0,42850,42850,41900
2025-07-15,42.5,42500,0(0.00 %),5300,225450000,0,0,42500,42600,42500
2025-07-16,45.45,45450,2.95(6.94 %),213200,9590015000,0,0,42500,45450,42150
2025-07-17,47.0,47000,1.55(3.41 %),168100,7917680000,0,0,47200,47700,46200
2025-07-18,46.0,46000,-1(-2.13 %),64200,2968290000,0,0,47700,47700,45700
2025-07-21,46.5,46500,0.5(1.09 %),57000,2658820000,0,0,46200,47450,46100
2025-07-22,46.85,46850,0.35(0.75 %),12200,568740000,0,0,46100,46850,46100
2025-07-23,47.2,47200,0.35(0.75 %),66700,3166895000,0,0,47800,49000,47000
2025-07-24,48.75,48750,1.55(3.28 %),142600,6967580000,0,0,49000,49600,48100
2025-07-25,48.4,48400,-0.35(-0.72 %),19400,941750000,0,0,49000,49050,48000
2025-07-28,48.45,48450,0.05(0.10 %),77100,3778165000,0,0,48500,49950,48000
2025-07-29,47.25,47250,-1.2(-2.48 %),45200,2165545000,0,0,48450,48900,47250
2025-07-30,47.6,47600,0.35(0.74 %),26800,1263620000,0,0,47250,47800,47000
2025-07-31,47.95,47950,0.35(0.74 %),32000,1536115000,0,0,48000,48600,47300
2025-08-01,47.3,47300,-0.65(-1.36 %),24200,1150165000,0,0,48000,48000,47300
2025-08-04,47.4,47400,0.1(0.21 %),20500,974500000,0,0,47300,48100,47250
2025-08-05,47.3,47300,-0.1(-0.21 %),36000,1711820000,0,0,47950,47950,47300
2025-08-06,47.3,47300,0(0.00 %),31700,1501140000,0,0,47900,47900,47150
2025-08-07,48.4,48400,1.1(2.33 %),74000,3566220000,0,0,47550,48600,47300
2025-08-08,48.4,48400,0(0.00 %),13400,642140000,0,0,47600,48400,47600
2025-08-11,49.35,49350,0.95(1.96 %),53600,2626725000,0,0,47750,49450,47550
2025-08-12,48.6,48600,-0.75(-1.52 %),18700,908885000,0,0,49350,49350,48300
2025-08-13,48.4,48400,-0.2(-0.41 %),8400,405470000,0,0,48600,48650,48150
2025-08-14,47.0,47000,-1.4(-2.89 %),105200,4979035000,0,0,48400,48400,46900
2025-08-15,47.25,47250,0.25(0.53 %),15900,747590000,0,0,46900,47400,46750
2025-08-18,48.4,48400,1.15(2.43 %),77300,3722140000,0,0,47050,48900,47000
2025-08-19,47.45,47450,-0.95(-1.96 %),30100,1449135000,0,0,47900,48800,47200
2025-08-20,47.4,47400,-0.05(-0.11 %),47000,2215200000,0,0,47350,47500,46700
2025-08-21,47.4,47400,0(0.00 %),58200,2747920000,0,0,47500,47500,46950
2025-08-22,47.5,47500,0.1(0.21 %),59500,2807845000,0,0,47400,47800,47000
2025-08-25,47.05,47050,-0.45(-0.95 %),10100,475765000,0,0,47500,47500,47000
2025-08-26,47.25,47250,0.2(0.43 %),6100,287065000,0,0,47000,47250,47000
2025-08-27,47.3,47300,0.05(0.11 %),9900,469480000,0,0,47500,47500,47300
2025-08-28,47.4,47400,0.1(0.21 %),11700,554155000,0,0,47500,47600,47300
2025-08-29,47.35,47350,-0.05(-0.11 %),9000,426615000,117900,5199390000,47450,47450,47350
2025-09-03,47.4,47400,0.05(0.11 %),20800,980450000,0,0,47000,47400,47000
2025-09-04,47.4,47400,0(0.00 %),5100,241460000,0,0,47100,47500,47100
2025-09-05,47.25,47250,-0.15(-0.32 %),25300,1199245000,0,0,47400,47500,47250
2025-09-08,47.05,47050,-0.2(-0.42 %),66900,3151865000,0,0,47250,47500,47000
2025-09-09,46.0,46000,-1.05(-2.23 %),152800,7069915000,0,0,47000,47300,45300
2025-09-10,45.5,45500,-0.5(-1.09 %),22500,1027385000,0,0,46000,46000,45500
2025-09-11,45.15,45150,-0.35(-0.77 %),28800,1302625000,0,0,45450,45450,45000
2025-09-12,45.6,45600,0.45(1.00 %),13600,617735000,0,0,45300,45800,45250
2025-09-15,46.45,46450,0.85(1.86 %),28600,1322505000,0,0,45600,46450,45600
2025-09-16,46.45,46450,0(0.00 %),19700,916365000,0,0,46900,46900,46450
2025-09-17,46.45,46450,0(0.00 %),3200,148985000,0,0,46500,46800,46450
2025-09-18,46.45,46450,0(0.00 %),5700,262370000,0,0,46050,46450,46000
2025-09-19,46.7,46700,0.25(0.54 %),12900,597570000,0,0,46950,46950,46100
2025-09-22,46.45,46450,-0.25(-0.54 %),16900,780975000,0,0,45800,46750,45800
2025-09-23,46.0,46000,-0.45(-0.97 %),20900,961710000,0,0,46100,46300,46000
2025-09-24,46.0,46000,0(0.00 %),15900,731480000,0,0,46400,46400,46000
2025-09-25,46.0,46000,0(0.00 %),3900,179415000,0,0,46050,46050,46000
2025-09-26,46.0,46000,0(0.00 %),1900,87310000,0,0,46000,46200,45800
2025-09-29,45.55,45550,-0.45(-0.98 %),19600,895470000,0,0,45900,46000,45400
2025-09-30,45.6,45600,0.05(0.11 %),8800,400700000,0,0,45500,45700,45350
2025-10-01,45.6,45600,0(0.00 %),12700,578690000,0,0,45600,45850,45400
2025-10-02,45.6,45600,0(0.00 %),4300,196405000,0,0,45600,45850,45600
2025-10-03,45.8,45800,0.2(0.44 %),16100,737090000,0,0,45950,45950,45600
2025-10-06,46.1,46100,0.3(0.66 %),5400,247740000,0,0,45800,46100,45800
2025-10-07,45.9,45900,-0.2(-0.43 %),11300,519835000,0,0,45800,46300,45800
2025-10-08,45.9,45900,0(0.00 %),40900,1868595000,0,0,45900,45950,45500
2025-10-09,46.05,46050,0.15(0.33 %),33600,1544420000,0,0,45900,46050,45900
2025-10-10,46.0,42850,-46.05(-100.00 %),17800,46000,0,0,46100,46200,42850
