Date,GiaDieuChinh,Close,ThayDoi,Volume,GiaTriKhopLenh,KLThoaThuan,GtThoaThuan,Open,High,Low
2018-11-13,6.93,29900,1.95(6.98 %),256400,7666000000,0,0,29900,29900,29900
2018-11-14,7.0,30200,0.3(1.00 %),332170,9891000000,0,0,30000,31500,28700
2018-11-15,7.05,30400,0.2(0.66 %),214090,6418000000,0,0,28600,30600,28600
2018-11-16,7.05,30400,0(0.00 %),274160,8372000000,0,0,29500,31000,29500
2018-11-19,7.07,30500,0.1(0.33 %),241150,7303000000,0,0,30200,30500,29300
2018-11-20,6.84,29500,-1(-3.28 %),130070,3866000000,0,0,30500,30500,29500
2018-11-21,6.72,29000,-0.5(-1.69 %),119290,3497000000,0,0,29500,29600,29000
2018-11-22,6.84,29500,0.5(1.72 %),192500,5616000000,0,0,29700,29700,28100
2018-11-23,6.75,29100,-0.4(-1.36 %),152850,4501000000,0,0,29500,29800,29000
2018-11-26,6.95,30000,0.9(3.09 %),209270,6274000000,0,0,29850,30200,29500
2018-11-27,7.0,30200,0.2(0.67 %),265630,7988000000,0,0,30000,30200,29700
2018-11-28,7.0,30200,0(0.00 %),457020,13816000000,0,0,30000,30350,29700
2018-11-29,7.0,30200,0(0.00 %),322000,9710000000,0,0,30000,30300,29750
2018-11-30,7.04,28100,0.14(0.56 %),116870,2974000000,0,0,28100,28100,28100
2018-12-03,7.1,25300,0.2(0.80 %),193120,4893000000,0,0,25100,25650,25100
2018-12-04,6.82,24300,-1(-3.95 %),177060,4320000000,0,0,24500,24750,24000
2018-12-05,6.68,23800,-0.5(-2.06 %),230920,5521000000,0,0,24000,24200,23500
2018-12-06,6.87,24500,0.7(2.94 %),238730,5783000000,0,0,23500,24500,23500
2018-12-07,6.79,24200,-0.3(-1.22 %),137610,3314000000,0,0,23800,24600,23500
2018-12-10,6.65,23700,-0.5(-2.07 %),96290,2294000000,0,0,23750,24250,23400
2018-12-11,6.65,23700,0(0.00 %),87890,2081000000,0,0,23700,23900,23300
2018-12-12,6.66,23750,0.05(0.21 %),100300,2372000000,0,0,23650,23850,23400
2018-12-13,6.59,23500,-0.25(-1.05 %),82280,1937000000,0,0,23600,23800,23300
2018-12-14,6.45,23000,-0.5(-2.13 %),34080,796000000,0,0,23450,23450,23000
2018-12-17,6.42,22900,-0.1(-0.43 %),12810,295000000,0,0,23000,23100,22650
2018-12-18,6.0,21400,-1.5(-6.55 %),17080,372000000,0,0,21400,22850,21400
2018-12-19,6.0,21400,0(0.00 %),13640,293000000,0,0,22000,22000,21000
2018-12-20,6.03,21500,0.1(0.47 %),9800,211000000,0,0,21900,21900,20200
2018-12-21,6.45,23000,1.5(6.98 %),199450,4539000000,0,0,21700,23000,20700
2018-12-24,6.7,23900,0.9(3.91 %),34740,840000000,0,0,24500,24500,23000
2018-12-25,6.63,23650,-0.25(-1.05 %),23060,534000000,0,0,23900,23900,23000
2018-12-26,6.54,23300,-0.35(-1.48 %),16140,373000000,0,0,23000,24000,23000
2018-12-27,6.55,23350,0.05(0.21 %),128010,2989000000,0,0,23700,23700,23350
2018-12-28,6.45,23000,-0.35(-1.50 %),22110,512000000,0,0,23500,24000,23000
2019-01-02,6.48,23100,0.1(0.43 %),19450,451000000,0,0,23100,23500,22800
2019-01-03,6.45,23000,-0.1(-0.43 %),196230,4506000000,0,0,23200,23250,21600
2019-01-04,6.42,22900,-0.1(-0.43 %),350,8000000,0,0,23000,23000,22900
2019-01-07,6.42,22900,0(0.00 %),12580,281000000,0,0,23150,23150,22100
2019-01-08,6.21,22150,-0.75(-3.28 %),2180,48000000,0,0,22900,22900,22150
2019-01-09,6.26,22300,0.15(0.68 %),18260,408000000,0,0,22150,22900,22150
2019-01-10,6.17,22000,-0.3(-1.35 %),14950,329000000,0,0,22500,22500,22000
2019-01-11,6.28,22400,0.4(1.82 %),26220,582000000,0,0,22400,22450,22000
2019-01-14,6.23,22200,-0.2(-0.89 %),9800,217000000,0,0,22000,23000,22000
2019-01-15,6.13,21850,-0.35(-1.58 %),73360,1612000000,0,0,22300,22900,21850
2019-01-16,6.31,22500,0.65(2.97 %),10840,238000000,0,0,22500,22600,21850
2019-01-17,6.33,22550,0.05(0.22 %),7410,167000000,0,0,22400,22800,21900
2019-01-18,6.37,22700,0.15(0.67 %),19880,447000000,0,0,22550,22700,21750
2019-01-21,6.37,22700,0(0.00 %),23410,529000000,0,0,22500,22800,22000
2019-01-22,6.34,22600,-0.1(-0.44 %),2490,56000000,0,0,22600,22750,22300
2019-01-23,6.37,22700,0.1(0.44 %),15780,357000000,0,0,22650,22750,22500
2019-01-24,6.31,22500,-0.2(-0.88 %),10060,227000000,0,0,22800,22800,22500
2019-01-25,6.37,22700,0.2(0.89 %),55230,1261000000,0,0,22500,24000,22500
2019-01-28,6.49,23150,0.45(1.98 %),68180,1590000000,0,0,24000,24000,22900
2019-01-29,6.21,22150,-1(-4.32 %),30440,679000000,0,0,23500,23500,22150
2019-01-30,6.34,22600,0.45(2.03 %),12610,281000000,0,0,22800,22800,22200
2019-01-31,6.34,22600,0(0.00 %),18090,406000000,0,0,22600,23000,22150
2019-02-01,6.45,23000,0.4(1.77 %),21900,498000000,0,0,22600,23000,22600
2019-02-11,6.49,23150,0.15(0.65 %),49560,1138000000,0,0,23000,23150,22500
2019-02-12,6.37,22700,-0.45(-1.94 %),42290,972000000,0,0,23100,23200,22500
2019-02-13,6.35,22650,-0.05(-0.22 %),13320,300000000,0,0,22700,22700,22400
2019-02-14,6.38,22750,0.1(0.44 %),50050,1127000000,0,0,22600,22750,22000
2019-02-15,6.31,22500,-0.25(-1.10 %),15270,344000000,0,0,22650,22700,22300
2019-02-18,6.31,22500,0(0.00 %),82190,1828000000,0,0,22500,22550,21900
2019-02-19,6.31,22500,0(0.00 %),29950,673000000,0,0,22000,22500,22000
2019-02-20,6.2,22100,-0.4(-1.78 %),44280,985000000,0,0,22050,22400,22050
2019-02-21,6.17,22000,-0.1(-0.45 %),20220,441000000,0,0,22100,22100,21500
2019-02-22,5.99,21350,-0.65(-2.95 %),20760,445000000,0,0,21900,22000,21000
2019-02-25,6.12,21800,0.45(2.11 %),64190,1375000000,0,0,21000,21900,21000
2019-02-26,6.07,21650,-0.15(-0.69 %),32770,708000000,0,0,21600,21800,21450
2019-02-27,6.03,21500,-0.15(-0.69 %),22680,482000000,0,0,21550,21650,21000
2019-02-28,5.89,21000,-0.5(-2.33 %),11250,238000000,0,0,21500,21500,21000
2019-03-01,5.92,21100,0.1(0.48 %),136070,2875000000,0,0,21000,21550,20900
2019-03-04,5.97,21300,0.2(0.95 %),17120,366000000,0,0,21500,21500,21300
2019-03-05,5.97,21300,0(0.00 %),15230,324000000,0,0,21300,21400,21050
2019-03-06,5.93,21150,-0.15(-0.70 %),80250,1692000000,0,0,21100,21350,21000
2019-03-07,5.89,21000,-0.15(-0.71 %),34630,729000000,22250,445000000,21150,21250,21000
2019-03-08,5.9,21050,0.05(0.24 %),50180,1054000000,0,0,21000,21050,21000
2019-03-11,5.89,21000,-0.05(-0.24 %),28070,591000000,0,0,21450,21450,20950
2019-03-12,5.92,21100,0.1(0.48 %),25440,535000000,0,0,21200,21200,20850
2019-03-13,5.99,21350,0.25(1.18 %),77010,1622000000,0,0,21150,21350,20500
2019-03-14,6.12,21800,0.45(2.11 %),101380,2177000000,0,0,21350,21800,21100
2019-03-15,6.19,22050,0.25(1.15 %),70630,1548000000,0,0,21850,22100,21600
2019-03-18,6.34,22600,0.55(2.49 %),39980,903000000,0,0,22050,22900,22050
2019-03-19,6.28,22400,-0.2(-0.88 %),25620,571000000,0,0,22500,22600,21800
2019-03-20,6.17,22000,-0.4(-1.79 %),14320,316000000,0,0,22400,22400,21800
2019-03-21,6.09,21700,-0.3(-1.36 %),18780,404000000,0,0,21600,21950,21300
2019-03-22,6.1,21750,0.05(0.23 %),65990,1408000000,0,0,21700,21800,21000
2019-03-25,5.96,21250,-0.5(-2.30 %),14610,308000000,0,0,21750,21750,20800
2019-03-26,5.89,21000,-0.25(-1.18 %),40530,861000000,0,0,21650,21700,20900
2019-03-27,5.95,21200,0.2(0.95 %),21960,464000000,0,0,21000,21500,21000
2019-03-28,6.0,21400,0.2(0.94 %),26040,554000000,0,0,21600,21600,21200
2019-03-29,6.04,21550,0.15(0.70 %),25450,547000000,0,0,21400,21600,21400
2019-04-01,5.93,21150,-0.4(-1.86 %),57810,1236000000,0,0,21400,21600,21150
2019-04-02,5.96,21250,0.1(0.47 %),35890,762000000,0,0,21200,21350,21050
2019-04-03,5.97,21300,0.05(0.24 %),28620,607000000,0,0,21350,21350,21000
2019-04-04,5.97,21300,0(0.00 %),29130,617000000,0,0,21300,21350,21000
2019-04-05,5.99,21350,0.05(0.23 %),37470,796000000,0,0,21300,21400,21150
2019-04-08,6.0,21400,0.05(0.23 %),30030,642000000,0,0,21900,21900,21300
2019-04-09,6.0,21400,0(0.00 %),36200,767000000,0,0,21300,21400,21050
2019-04-10,6.0,21400,0(0.00 %),46250,983000000,0,0,21150,21450,21100
2019-04-11,6.02,21450,0.05(0.23 %),53180,1134000000,0,0,21150,21450,21150
2019-04-12,6.2,22100,0.65(3.03 %),70600,1551000000,0,0,21450,22300,21450
2019-04-16,6.23,22200,0.1(0.45 %),104180,2306000000,0,0,22350,22350,21900
2019-04-17,6.4,22800,0.6(2.70 %),114010,2601000000,0,0,22450,23500,22400
2019-04-18,6.4,22800,0(0.00 %),62290,1414000000,0,0,22900,22900,22500
2019-04-19,6.37,22700,-0.1(-0.44 %),33830,766000000,0,0,22500,22800,22400
2019-04-22,6.35,22650,-0.05(-0.22 %),106270,2392000000,1232338,28200006400,22500,22700,22200
2019-04-23,6.38,22750,0.1(0.44 %),85420,1926000000,0,0,21900,22750,21900
2019-04-24,6.62,23600,0.85(3.74 %),256240,5995000000,0,0,22800,23800,22800
2019-04-25,6.62,23600,0(0.00 %),115950,2742000000,0,0,23700,23900,23250
2019-04-26,6.62,23600,0(0.00 %),30340,716000000,0,0,23500,23700,23500
2019-05-02,6.38,22750,-0.85(-3.60 %),129870,2969000000,0,0,23600,23600,22600
2019-05-03,6.3,22450,-0.3(-1.32 %),74970,1693000000,0,0,22600,22800,22300
2019-05-06,6.16,21950,-0.5(-2.23 %),62570,1375000000,0,0,22200,22200,21700
2019-05-07,6.17,22000,0.05(0.23 %),77590,1704000000,0,0,21900,22000,21800
2019-05-08,6.09,21700,-0.3(-1.36 %),56830,1234000000,0,0,21900,21900,21600
2019-05-09,6.02,21450,-0.25(-1.15 %),86070,1847000000,0,0,21650,21750,21050
2019-05-10,6.12,21800,0.35(1.63 %),84870,1822000000,0,0,21400,21800,21250
2019-05-13,6.13,21850,0.05(0.23 %),87180,1901000000,0,0,21750,21900,21700
2019-05-14,6.14,21900,0.05(0.23 %),85420,1853000000,0,0,21800,21950,21400
2019-05-15,6.19,22050,0.15(0.68 %),108610,2383000000,0,0,21900,22100,21800
2019-05-16,6.17,22000,-0.05(-0.23 %),64850,1432000000,0,0,22050,22150,22000
2019-05-17,6.14,21900,-0.1(-0.45 %),57760,1269000000,0,0,21900,22100,21850
2019-05-20,6.19,22050,0.15(0.68 %),75450,1656000000,0,0,21850,22050,21850
2019-05-21,6.33,22550,0.5(2.27 %),128170,2885000000,0,0,21950,23000,21950
2019-05-22,6.35,22650,0.1(0.44 %),91490,2075000000,0,0,22650,22950,22500
2019-05-23,6.3,22450,-0.2(-0.88 %),45390,1016000000,0,0,22800,22800,22150
2019-05-24,6.47,23050,0.6(2.67 %),133720,3062000000,0,0,22600,23100,22500
2019-05-27,6.54,23300,0.25(1.08 %),110190,2570000000,0,0,23100,23700,23050
2019-05-28,6.56,23400,0.1(0.43 %),117570,2755000000,0,0,23300,23600,23150
2019-05-29,6.54,23300,-0.1(-0.43 %),95040,2208000000,0,0,23200,23400,23000
2019-05-30,6.44,22950,-0.35(-1.50 %),83770,1939000000,0,0,23400,23450,22900
2019-05-31,6.37,22700,-0.25(-1.09 %),79110,1808000000,0,0,22950,23000,22700
2019-06-03,6.37,22700,0(0.00 %),71300,1612000000,0,0,22600,22800,22500
2019-06-04,6.4,22800,0.1(0.44 %),60220,1368000000,0,0,22700,22900,22600
2019-06-05,6.48,23100,0.3(1.32 %),169290,3894000000,0,0,22850,23150,22800
2019-06-06,6.54,23300,0.2(0.87 %),241700,5567000000,0,0,23100,23400,22300
2019-06-07,6.63,22100,-1.2(-5.15 %),67490,1483000000,0,0,21750,22400,21700
2019-06-10,6.54,21800,-0.3(-1.36 %),74810,1635000000,0,0,22000,22050,21700
2019-06-11,6.48,21600,-0.2(-0.92 %),129820,2813000000,0,0,21700,21900,21500
2019-06-12,6.39,21300,-0.3(-1.39 %),83190,1768000000,0,0,21500,21550,21000
2019-06-13,6.3,21000,-0.3(-1.41 %),70650,1485000000,0,0,21250,21250,20900
2019-06-14,6.3,21000,0(0.00 %),62070,1304000000,0,0,21000,21100,20950
2019-06-17,6.28,20950,-0.05(-0.24 %),39450,828000000,0,0,21000,21150,20900
2019-06-18,6.27,20900,-0.05(-0.24 %),41630,870000000,0,0,21000,21050,20650
2019-06-19,6.31,21050,0.15(0.72 %),113510,2378000000,0,0,21050,21100,20850
2019-06-20,6.3,21000,-0.05(-0.24 %),35000,733000000,0,0,21050,21050,20850
2019-06-21,6.28,20950,-0.05(-0.24 %),45100,942000000,0,0,20950,21000,20750
2019-06-24,6.27,20900,-0.05(-0.24 %),39600,828000000,0,0,20900,21000,20850
2019-06-25,6.3,21000,0.1(0.48 %),41350,864000000,0,0,20900,21000,20850
2019-06-26,6.25,20850,-0.15(-0.71 %),39750,831000000,0,0,20850,21000,20850
2019-06-27,6.24,20800,-0.05(-0.24 %),23790,495000000,0,0,20800,20850,20750
2019-06-28,6.25,20850,0.05(0.24 %),97100,2021000000,25000,525000000,20850,20900,20700
2019-07-01,6.27,20900,0.05(0.24 %),93880,1959000000,0,0,20900,21000,20700
2019-07-02,6.25,20850,-0.05(-0.24 %),93280,1926000000,0,0,20850,20850,20400
2019-07-03,6.25,20850,0(0.00 %),70610,1470000000,0,0,20800,20900,20750
2019-07-04,6.42,21400,0.55(2.64 %),243150,5111000000,0,0,20800,21400,20800
2019-07-05,6.42,21400,0(0.00 %),77590,1661000000,0,0,21400,21450,21350
2019-07-08,6.36,21200,-0.2(-0.93 %),70010,1486000000,0,0,21200,21300,21150
2019-07-09,6.37,21250,0.05(0.24 %),114060,2412000000,0,0,21150,21250,21000
2019-07-10,6.39,21300,0.05(0.24 %),118920,2540000000,0,0,21250,21650,21100
2019-07-11,6.39,21300,0(0.00 %),117170,2484000000,0,0,21200,21350,21000
2019-07-12,6.37,21250,-0.05(-0.23 %),57840,1229000000,0,0,21300,21350,21150
2019-07-15,6.15,20500,-0.75(-3.53 %),102820,2135000000,30000,627000000,21300,21300,20400
2019-07-16,6.06,20200,-0.3(-1.46 %),94040,1917000000,0,0,20450,20550,20200
2019-07-17,6.09,20300,0.1(0.50 %),74690,1515000000,0,0,20150,20400,20150
2019-07-18,6.09,20300,0(0.00 %),80250,1613000000,0,0,20200,20300,20000
2019-07-19,6.12,20400,0.1(0.49 %),87320,1779000000,0,0,20300,20550,20250
2019-07-22,6.09,20300,-0.1(-0.49 %),76120,1543000000,0,0,20350,20500,20050
2019-07-23,6.12,20400,0.1(0.49 %),71910,1459000000,0,0,20300,20400,20200
2019-07-24,6.09,20300,-0.1(-0.49 %),80810,1636000000,0,0,20300,20400,20150
2019-07-25,6.07,20250,-0.05(-0.25 %),75730,1527000000,0,0,20250,20300,20000
2019-07-26,6.06,20200,-0.05(-0.25 %),64610,1298000000,0,0,20150,20250,20000
2019-07-29,6.06,20200,0(0.00 %),80220,1608000000,0,0,20150,20250,19700
2019-07-30,5.98,19950,-0.25(-1.24 %),61020,1223000000,0,0,20200,20250,19800
2019-07-31,6.0,20000,0.05(0.25 %),78270,1559000000,0,0,19500,20100,19500
2019-08-01,6.0,20000,0(0.00 %),59440,1187000000,0,0,20000,20050,19900
2019-08-02,5.95,19850,-0.15(-0.75 %),53140,1054000000,0,0,19950,20000,19750
2019-08-05,5.86,19550,-0.3(-1.51 %),56310,1102000000,0,0,19700,19700,19500
2019-08-06,5.77,19250,-0.3(-1.53 %),49750,958000000,0,0,19500,19500,19100
2019-08-07,5.79,19300,0.05(0.26 %),59310,1140000000,0,0,19500,19500,19000
2019-08-08,5.82,19400,0.1(0.52 %),66240,1277000000,0,0,19300,19400,19200
2019-08-09,5.83,19450,0.05(0.26 %),53260,1035000000,0,0,19350,19500,19350
2019-08-12,5.73,19100,-0.35(-1.80 %),65240,1262000000,0,0,19450,19550,19100
2019-08-13,5.82,19400,0.3(1.57 %),72350,1384000000,0,0,19150,19400,19050
2019-08-14,5.88,19600,0.2(1.03 %),62740,1222000000,0,0,19300,19600,19300
2019-08-15,5.83,19450,-0.15(-0.77 %),35890,694000000,0,0,19500,19500,19150
2019-08-16,5.82,19400,-0.05(-0.26 %),42630,822000000,0,0,19400,19500,19000
2019-08-19,5.86,19550,0.15(0.77 %),91150,1774000000,0,0,19400,19600,19350
2019-08-20,5.94,19800,0.25(1.28 %),87760,1723000000,0,0,19550,19800,19500
2019-08-21,5.91,19700,-0.1(-0.51 %),58300,1149000000,0,0,19700,19850,19550
2019-08-22,5.86,19550,-0.15(-0.76 %),35930,703000000,0,0,19600,19750,19400
2019-08-23,5.86,19550,0(0.00 %),68090,1322000000,0,0,19550,19550,19250
2019-08-26,5.83,19450,-0.1(-0.51 %),50890,978000000,0,0,19550,19550,19000
2019-08-27,5.86,19550,0.1(0.51 %),60250,1174000000,0,0,19450,19650,19300
2019-08-28,5.86,19550,0(0.00 %),70400,1370000000,0,0,19550,19550,19400
2019-08-29,5.88,19600,0.05(0.26 %),81630,1591000000,0,0,19550,19600,19400
2019-08-30,5.88,19600,0(0.00 %),94170,1842000000,0,0,19550,19700,19450
2019-09-03,5.85,19500,-0.1(-0.51 %),58070,1132000000,0,0,19550,19600,19400
2019-09-04,5.85,19500,0(0.00 %),51470,1000000000,0,0,19550,19550,19350
2019-09-05,5.85,19500,0(0.00 %),72960,1417000000,0,0,19500,19550,19400
2019-09-06,5.85,19500,0(0.00 %),36720,714000000,0,0,19450,19550,19350
2019-09-09,5.85,19500,0(0.00 %),41290,803000000,0,0,19450,19500,19350
2019-09-10,5.85,19500,0(0.00 %),73680,1432000000,0,0,19500,19500,19300
2019-09-11,5.83,19450,-0.05(-0.26 %),47450,922000000,0,0,19400,19550,19300
2019-09-12,5.82,19400,-0.05(-0.26 %),50100,972000000,0,0,19400,19500,19350
2019-09-13,5.79,19300,-0.1(-0.52 %),54120,1050000000,0,0,19450,19450,19250
2019-09-16,5.82,19400,0.1(0.52 %),56000,1082000000,0,0,19450,19450,19200
2019-09-17,5.83,19450,0.05(0.26 %),73040,1412000000,0,0,19350,19450,19250
2019-09-18,5.82,19400,-0.05(-0.26 %),72030,1395000000,0,0,19450,19500,19300
2019-09-19,5.82,19400,0(0.00 %),62590,1209000000,0,0,19400,19400,19250
2019-09-20,5.82,19400,0(0.00 %),56620,1095000000,0,0,19350,19450,19300
2019-09-23,5.83,19450,0.05(0.26 %),54960,1065000000,0,0,19400,19450,19300
2019-09-24,5.85,19500,0.05(0.26 %),66250,1289000000,0,0,19450,19500,19400
2019-09-25,5.86,19550,0.05(0.26 %),55980,1091000000,0,0,19450,19550,19450
2019-09-26,5.94,19800,0.25(1.28 %),71980,1416000000,0,0,19500,19800,19500
2019-09-27,5.95,19850,0.05(0.25 %),43410,861000000,0,0,19800,19900,19800
2019-09-30,5.98,19950,0.1(0.50 %),47870,956000000,0,0,19850,20050,19850
2019-10-01,5.98,19950,0(0.00 %),54110,1080000000,0,0,19950,20050,19950
2019-10-02,5.97,19900,-0.05(-0.25 %),43020,858000000,0,0,19950,20000,19800
2019-10-03,5.95,19850,-0.05(-0.25 %),49190,976000000,0,0,19850,19900,19750
2019-10-04,5.95,19850,0(0.00 %),60620,1202000000,0,0,19850,19900,19750
2019-10-07,5.92,19750,-0.1(-0.50 %),68030,1346000000,0,0,19850,19850,19700
2019-10-08,5.91,19700,-0.05(-0.25 %),62230,1228000000,0,0,19750,19800,19700
2019-10-09,6.78,18300,-2.6(-13.20 %),58150,992000000,0,0,18300,18300,18300
2019-10-10,6.8,17150,0.05(0.29 %),62090,1061000000,0,0,17050,17150,17000
2019-10-11,6.82,17200,0.05(0.29 %),64490,1107000000,0,0,17150,17200,17100
2019-10-14,6.84,17250,0.05(0.29 %),61960,1068000000,0,0,17150,17300,17150
2019-10-15,6.84,17250,0(0.00 %),55870,964000000,0,0,17250,17350,17200
2019-10-16,6.86,17300,0.05(0.29 %),69320,1196000000,0,0,17250,17300,17200
2019-10-17,6.86,17300,0(0.00 %),64880,1120000000,0,0,17300,17300,17250
2019-10-18,6.86,17300,0(0.00 %),77770,1349000000,0,0,17300,17450,17300
2019-10-21,6.94,17500,0.2(1.16 %),84640,1470000000,0,0,17300,17500,17300
2019-10-22,6.94,17500,0(0.00 %),59250,1039000000,0,0,17500,17600,17500
2019-10-23,6.96,17550,0.05(0.29 %),54870,963000000,0,0,17550,17600,17550
2019-10-24,7.02,17700,0.15(0.85 %),90150,1585000000,0,0,17550,17700,17500
2019-10-25,6.98,17600,-0.1(-0.56 %),51310,901000000,0,0,17650,17700,17550
2019-10-28,6.98,17600,0(0.00 %),54660,962000000,0,0,17550,17700,17550
2019-10-29,6.98,17600,0(0.00 %),74240,1304000000,0,0,17550,17650,17500
2019-10-30,6.98,17600,0(0.00 %),47730,838000000,0,0,17550,17600,17550
2019-10-31,6.98,17600,0(0.00 %),84860,1489000000,0,0,17550,17600,17450
2019-11-01,6.96,17550,-0.05(-0.28 %),89490,1568000000,0,0,17550,17600,17500
2019-11-04,6.9,17400,-0.15(-0.85 %),66630,1161000000,0,0,17500,17500,17150
2019-11-05,6.9,17400,0(0.00 %),59290,1027000000,0,0,17400,17450,17200
2019-11-06,6.94,17500,0.1(0.57 %),71920,1249000000,0,0,17300,17500,17300
2019-11-07,6.9,17400,-0.1(-0.57 %),56830,989000000,0,0,17450,17450,17350
2019-11-08,6.9,17400,0(0.00 %),57620,1001000000,0,0,17400,17400,17350
2019-11-11,6.88,17350,-0.05(-0.29 %),38000,660000000,0,0,17350,17400,17350
2019-11-12,6.94,17500,0.15(0.86 %),89460,1555000000,0,0,17350,17500,17350
2019-11-13,6.92,17450,-0.05(-0.29 %),59070,1032000000,0,0,17450,17550,17350
2019-11-14,6.92,17450,0(0.00 %),53180,927000000,0,0,17450,17500,17400
2019-11-15,6.9,17400,-0.05(-0.29 %),46290,807000000,0,0,17450,17500,17400
2019-11-18,6.9,17400,0(0.00 %),42200,735000000,0,0,17450,17450,17400
2019-11-19,6.92,17450,0.05(0.29 %),57210,995000000,0,0,17400,17450,17350
2019-11-20,6.9,17400,-0.05(-0.29 %),40270,701000000,0,0,17400,17450,17400
2019-11-21,6.94,17500,0.1(0.57 %),61490,1073000000,0,0,17450,17500,17400
2019-11-22,6.94,17500,0(0.00 %),36180,634000000,0,0,17500,17600,17500
2019-11-25,6.9,17400,-0.1(-0.57 %),55930,976000000,0,0,17500,17550,17400
2019-11-26,6.96,17550,0.15(0.86 %),63160,1104000000,0,0,17400,17550,17400
2019-11-27,7.02,17700,0.15(0.85 %),74960,1323000000,0,0,17550,17750,17500
2019-11-28,7.0,17650,-0.05(-0.28 %),45420,801000000,0,0,17700,17700,17600
2019-11-29,7.06,17800,0.15(0.85 %),73420,1302000000,0,0,17650,17800,17650
2019-12-02,7.04,17750,-0.05(-0.28 %),65250,1157000000,0,0,17800,17800,17650
2019-12-03,7.0,17650,-0.1(-0.56 %),39800,703000000,0,0,17700,17700,17550
2019-12-04,7.02,17700,0.05(0.28 %),73040,1289000000,0,0,17600,17750,17550
2019-12-05,7.02,17700,0(0.00 %),56150,991000000,0,0,17700,17700,17650
2019-12-06,6.98,17600,-0.1(-0.56 %),51030,900000000,0,0,17650,17650,17600
2019-12-09,6.98,17600,0(0.00 %),53230,935000000,0,0,17600,17650,17450
2019-12-10,6.96,17550,-0.05(-0.28 %),46570,816000000,0,0,17600,17600,17450
2019-12-11,6.98,17600,0.05(0.28 %),62730,1100000000,0,0,17550,17600,17500
2019-12-12,7.0,17650,0.05(0.28 %),68950,1211000000,0,0,17600,17650,17500
2019-12-13,6.98,17600,-0.05(-0.28 %),40920,720000000,0,0,17600,17650,17550
2019-12-16,6.98,17600,0(0.00 %),55820,982000000,0,0,17600,17600,17550
2019-12-17,6.98,17600,0(0.00 %),48410,851000000,0,0,17600,17600,17500
2019-12-18,6.96,17550,-0.05(-0.28 %),49780,873000000,0,0,17550,17600,17500
2019-12-19,6.96,17550,0(0.00 %),71970,1259000000,0,0,17500,17550,17400
2019-12-20,6.96,17550,0(0.00 %),64540,1129000000,0,0,17550,17550,17450
2019-12-23,6.96,17550,0(0.00 %),58350,1021000000,0,0,17600,17600,17450
2019-12-24,6.96,17550,0(0.00 %),51630,903000000,0,0,17500,17550,17450
2019-12-25,6.98,17600,0.05(0.28 %),98000,1721000000,0,0,17550,17600,17500
2019-12-26,6.96,17550,-0.05(-0.28 %),57080,1002000000,0,0,17550,17600,17500
2019-12-27,7.02,17700,0.15(0.85 %),76870,1352000000,0,0,17550,17700,17500
2019-12-30,7.02,17700,0(0.00 %),71400,1258000000,0,0,17650,17700,17550
2019-12-31,7.0,17650,-0.05(-0.28 %),37320,658000000,0,0,17650,17650,17600
2020-01-02,7.04,17750,0.1(0.57 %),62580,1106000000,25000,452250000,17650,17750,17600
2020-01-03,7.02,17700,-0.05(-0.28 %),55580,983000000,0,0,17700,17750,17650
2020-01-06,7.02,17700,0(0.00 %),41930,741000000,0,0,17700,17700,17650
2020-01-07,7.02,17700,0(0.00 %),36090,637000000,47000,847980000,17700,17700,17600
2020-01-08,7.02,17700,0(0.00 %),47700,842000000,0,0,17650,17700,17600
2020-01-09,7.04,17750,0.05(0.28 %),49790,882000000,0,0,17700,17750,17650
2020-01-10,7.08,17850,0.1(0.56 %),74870,1331000000,22000,396000000,17750,17900,17700
2020-01-13,7.06,17800,-0.05(-0.28 %),41290,735000000,0,0,17800,17850,17750
2020-01-14,7.08,17850,0.05(0.28 %),50480,899000000,0,0,17800,17850,17800
2020-01-15,7.1,17900,0.05(0.28 %),48140,858000000,0,0,17800,17900,17800
2020-01-16,7.22,18200,0.3(1.68 %),66370,1195000000,0,0,17900,18200,17850
2020-01-17,7.24,18250,0.05(0.27 %),62400,1133000000,0,0,18200,18250,18000
2020-01-20,7.26,18300,0.05(0.27 %),50060,912000000,0,0,18250,18300,18150
2020-01-21,7.26,18300,0(0.00 %),42550,777000000,0,0,18200,18300,18200
2020-01-22,7.3,18400,0.1(0.55 %),55300,1013000000,0,0,18300,18400,18250
2020-01-30,7.28,18350,-0.05(-0.27 %),31640,580000000,0,0,18400,18400,18300
2020-01-31,7.28,18350,0(0.00 %),65460,1200000000,0,0,18350,18400,18300
2020-02-03,7.28,18350,0(0.00 %),56050,1026000000,0,0,18350,18350,18200
2020-02-04,7.28,18350,0(0.00 %),51090,938000000,0,0,18300,18400,18300
2020-02-05,7.32,18450,0.1(0.54 %),53880,991000000,0,0,18350,18450,18350
2020-02-06,7.33,18500,0.05(0.27 %),65950,1217000000,0,0,18450,18500,18400
2020-02-07,7.45,18800,0.3(1.62 %),62280,1158000000,0,0,18500,18800,18450
2020-02-10,7.65,19300,0.5(2.66 %),59240,1128000000,0,0,18700,19300,18700
2020-02-11,7.61,19200,-0.1(-0.52 %),52620,1013000000,0,0,19300,19350,19150
2020-02-12,7.57,19100,-0.1(-0.52 %),64870,1237000000,0,0,19150,19200,18950
2020-02-13,7.49,18900,-0.2(-1.05 %),51890,984000000,0,0,19050,19050,18850
2020-02-14,7.43,18750,-0.15(-0.79 %),55610,1044000000,0,0,18850,18950,18600
2020-02-17,7.39,18650,-0.1(-0.53 %),52290,973000000,115000,2156250000,18700,18750,18500
2020-02-18,7.32,18450,-0.2(-1.07 %),41620,773000000,0,0,18600,18650,18450
2020-02-19,7.32,18450,0(0.00 %),62520,1147000000,0,0,18400,18450,18200
2020-02-20,7.32,18450,0(0.00 %),51210,944000000,0,0,18400,18500,18350
2020-02-21,7.35,18550,0.1(0.54 %),53330,985000000,0,0,18400,18550,18400
2020-02-24,7.28,18350,-0.2(-1.08 %),44220,812000000,51485,926730000,18450,18450,18300
2020-02-25,7.16,18050,-0.3(-1.63 %),47970,864000000,0,0,18250,18250,17800
2020-02-26,6.98,17600,-0.45(-2.49 %),46820,831000000,0,0,18050,18050,17600
2020-02-27,7.02,17700,0.1(0.57 %),57240,1003000000,0,0,17500,17700,17400
2020-02-28,7.0,17650,-0.05(-0.28 %),43970,767000000,0,0,17400,17650,17300
2020-03-02,6.98,17600,-0.05(-0.28 %),39030,686000000,1451688,25694877600,17650,17650,17500
2020-03-03,7.02,17700,0.1(0.57 %),49400,869000000,0,0,17600,17700,17500
2020-03-04,7.04,17750,0.05(0.28 %),52780,930000000,0,0,17600,17750,17500
2020-03-05,7.0,17650,-0.1(-0.56 %),48760,862000000,0,0,17700,17800,17550
2020-03-06,7.04,17750,0.1(0.57 %),50930,896000000,0,0,17600,17750,17500
2020-03-09,6.62,16700,-1.05(-5.92 %),39380,655000000,0,0,16550,16850,16550
2020-03-10,6.66,16800,0.1(0.60 %),48220,802000000,0,0,16500,16800,16450
2020-03-11,6.6,16650,-0.15(-0.89 %),42270,705000000,0,0,16800,16850,16500
2020-03-12,6.32,15950,-0.7(-4.20 %),19870,318000000,0,0,16500,16500,15500
2020-03-13,5.89,14850,-1.1(-6.90 %),44130,660000000,0,0,15100,15200,14850
2020-03-16,5.95,15000,0.15(1.01 %),38320,571000000,0,0,14750,15000,14750
2020-03-17,6.15,15500,0.5(3.33 %),46430,695000000,0,0,15500,15500,14700
2020-03-18,6.3,15900,0.4(2.58 %),43750,684000000,0,0,15450,15900,15450
2020-03-19,6.42,16200,0.3(1.89 %),56780,890000000,0,0,15900,16200,15500
2020-03-20,6.22,15700,-0.5(-3.09 %),38260,608000000,0,0,16000,16200,15650
2020-03-23,5.87,14800,-0.9(-5.73 %),27720,407000000,0,0,14650,15000,14650
2020-03-24,5.75,14500,-0.3(-2.03 %),27880,409000000,0,0,14600,15000,14200
2020-03-25,6.03,15200,0.7(4.83 %),61510,916000000,0,0,14500,15200,14500
2020-03-26,5.95,15000,-0.2(-1.32 %),45940,696000000,0,0,15200,15300,15000
2020-03-27,5.91,14900,-0.1(-0.67 %),36430,543000000,0,0,15000,15000,14850
2020-03-30,5.87,14800,-0.1(-0.67 %),36680,534000000,0,0,14800,14800,14400
2020-03-31,5.95,15000,0.2(1.35 %),39110,579000000,0,0,14800,15000,14400
2020-04-01,5.87,14800,-0.2(-1.33 %),49240,733000000,0,0,14700,15000,14700
2020-04-03,5.95,15000,0.2(1.35 %),32820,490000000,0,0,14800,15800,14800
2020-04-06,6.01,15150,0.15(1.00 %),32760,493000000,0,0,15000,15500,14850
2020-04-07,5.95,15000,-0.15(-0.99 %),47920,712000000,0,0,15100,15100,14500
2020-04-08,5.95,15000,0(0.00 %),42540,633000000,0,0,14900,15000,14600
2020-04-09,6.03,15200,0.2(1.33 %),58890,879000000,0,0,15000,15200,14600
2020-04-10,5.95,15000,-0.2(-1.32 %),46570,686000000,0,0,14150,15000,14150
2020-04-13,5.91,14900,-0.1(-0.67 %),51080,758000000,0,0,14500,14950,14500
2020-04-14,5.91,14900,0(0.00 %),92770,1334000000,0,0,14800,14900,13900
2020-04-15,5.91,14900,0(0.00 %),46250,685000000,0,0,14700,14900,14500
2020-04-16,5.91,14900,0(0.00 %),46410,685000000,0,0,14850,14900,14500
2020-04-17,5.93,14950,0.05(0.34 %),50770,756000000,0,0,14900,15000,14700
2020-04-20,5.93,14950,0(0.00 %),51760,772000000,0,0,14950,15000,14500
2020-04-21,5.75,14500,-0.45(-3.01 %),42590,630000000,0,0,14950,14950,14500
2020-04-22,5.87,14800,0.3(2.07 %),44530,652000000,0,0,14600,14800,14500
2020-04-23,5.91,14900,0.1(0.68 %),54750,811000000,0,0,14800,14900,14700
2020-04-24,5.91,14900,0(0.00 %),46920,695000000,0,0,14600,14900,14600
2020-04-27,5.91,14900,0(0.00 %),42030,625000000,0,0,14900,14950,14800
2020-04-28,5.91,14900,0(0.00 %),45590,675000000,0,0,14850,14900,14700
2020-04-29,5.89,14850,-0.05(-0.34 %),42370,628000000,0,0,14850,14900,14600
2020-05-04,6.28,15850,1(6.73 %),64190,1017000000,0,0,15850,15850,15850
2020-05-05,6.72,16950,1.1(6.94 %),71650,1214000000,0,0,16950,16950,16950
2020-05-06,6.98,17600,0.65(3.83 %),350550,6291000000,0,0,18000,18100,17400
2020-05-07,7.45,18800,1.2(6.82 %),153470,2816000000,0,0,17900,18800,17700
2020-05-08,7.37,18600,-0.2(-1.06 %),76640,1443000000,0,0,18800,19300,18000
2020-05-11,7.1,17900,-0.7(-3.76 %),75610,1372000000,0,0,17900,18500,17900
2020-05-12,6.94,17500,-0.4(-2.23 %),129340,2266000000,0,0,17700,17700,17300
2020-05-13,7.16,18050,0.55(3.14 %),75160,1345000000,972405,17017087500,17700,18600,17400
2020-05-14,7.14,18000,-0.05(-0.28 %),95660,1722000000,0,0,18050,18300,17600
2020-05-15,7.02,17700,-0.3(-1.67 %),67140,1184000000,0,0,18000,18000,17500
2020-05-18,7.04,17750,0.05(0.28 %),72310,1265000000,0,0,17650,17750,17300
2020-05-19,7.06,17800,0.05(0.28 %),88050,1560000000,0,0,17750,17900,17500
2020-05-20,6.92,17450,-0.35(-1.97 %),83700,1463000000,0,0,17600,17600,17350
2020-05-21,6.92,17450,0(0.00 %),67310,1173000000,0,0,17400,17500,17350
2020-05-22,6.94,17500,0.05(0.29 %),93380,1630000000,0,0,17300,17700,17300
2020-05-25,7.06,17800,0.3(1.71 %),150210,2665000000,0,0,17400,18100,17400
2020-05-26,7.53,19000,1.2(6.74 %),175810,3264000000,0,0,18000,19000,17800
2020-05-27,8.01,20200,1.2(6.32 %),319050,6460000000,0,0,20300,20300,19700
2020-05-28,7.65,19300,-0.9(-4.46 %),133810,2562000000,0,0,20200,20400,18900
2020-05-29,7.57,19100,-0.2(-1.04 %),75140,1431000000,0,0,19000,19500,18750
2020-06-01,7.43,18750,-0.35(-1.83 %),107840,2024000000,0,0,19000,19000,18500
2020-06-02,7.41,18700,-0.05(-0.27 %),92450,1733000000,0,0,18750,18900,18600
2020-06-03,7.65,19300,0.6(3.21 %),88540,1661000000,0,0,18550,19300,18550
2020-06-04,7.45,18800,-0.5(-2.59 %),78080,1474000000,0,0,19300,19300,18750
2020-06-05,7.61,19200,0.4(2.13 %),40910,776000000,0,0,18900,19500,18600
2020-06-08,7.55,19050,-0.15(-0.78 %),50950,973000000,0,0,19200,19250,18900
2020-06-09,7.55,19050,0(0.00 %),30140,571000000,0,0,19000,19500,18800
2020-06-10,7.53,19000,-0.05(-0.26 %),57060,1082000000,0,0,19050,19050,18800
2020-06-11,7.33,18500,-0.5(-2.63 %),89810,1685000000,0,0,19000,19050,18500
2020-06-12,7.18,18100,-0.4(-2.16 %),48830,874000000,0,0,18250,18300,17550
2020-06-15,6.98,17600,-0.5(-2.76 %),30710,543000000,0,0,17500,18000,17500
2020-06-16,7.33,18500,0.9(5.11 %),68970,1225000000,0,0,17600,18800,17450
2020-06-17,7.26,18300,-0.2(-1.08 %),30090,548000000,0,0,18500,18500,18000
2020-06-18,7.3,18400,0.1(0.55 %),67000,1226000000,0,0,18000,18550,18000
2020-06-19,7.32,18450,0.05(0.27 %),38630,707000000,0,0,18200,18450,18050
2020-06-22,7.79,19650,1.2(6.50 %),175830,3405000000,0,0,18550,19700,18550
2020-06-23,7.69,19400,-0.25(-1.27 %),34350,662000000,0,0,19600,19600,19050
2020-06-24,7.41,18700,-0.7(-3.61 %),59970,1135000000,0,0,19200,19200,18700
2020-06-25,7.37,18600,-0.1(-0.53 %),52850,969000000,0,0,18200,18700,18200
2020-06-26,7.26,18300,-0.3(-1.61 %),52230,958000000,0,0,18300,18500,18250
2020-06-29,7.08,17850,-0.45(-2.46 %),49690,898000000,0,0,18300,18300,17800
2020-06-30,7.2,18150,0.3(1.68 %),126160,2273000000,0,0,17900,18250,17900
2020-07-01,7.22,18200,0.05(0.28 %),44620,806000000,0,0,18150,18200,17700
2020-07-02,7.2,18150,-0.05(-0.27 %),44150,800000000,0,0,18000,18200,18000
2020-07-03,7.2,18150,0(0.00 %),49060,886000000,0,0,18100,18150,18000
2020-07-06,7.69,19400,1.25(6.89 %),245720,4668000000,0,0,18100,19400,18100
2020-07-07,7.81,19700,0.3(1.55 %),158210,3148000000,0,0,20200,20200,19700
2020-07-08,7.77,19600,-0.1(-0.51 %),28470,554000000,0,0,19700,19700,19200
2020-07-09,7.73,19500,-0.1(-0.51 %),113340,2183000000,0,0,19200,19500,19100
2020-07-10,7.67,19350,-0.15(-0.77 %),68000,1317000000,0,0,19450,19500,19200
2020-07-13,7.67,19350,0(0.00 %),47200,912000000,0,0,19200,19450,19200
2020-07-14,7.67,19350,0(0.00 %),56690,1091000000,0,0,19200,19400,19150
2020-07-15,7.81,19700,0.35(1.81 %),150100,2947000000,0,0,19350,19850,19350
2020-07-16,7.77,19600,-0.1(-0.51 %),69570,1363000000,0,0,19700,19700,19550
2020-07-17,7.77,19600,0(0.00 %),56400,1103000000,0,0,19600,19600,19500
2020-07-20,7.73,19500,-0.1(-0.51 %),46750,912000000,0,0,19500,19600,19450
2020-07-21,7.73,19500,0(0.00 %),94990,1851000000,0,0,19500,19550,19350
2020-07-22,7.73,19500,0(0.00 %),41670,813000000,0,0,19500,19550,19500
2020-07-23,8.15,20550,1.05(5.38 %),261020,5318000000,0,0,19500,20800,19500
2020-07-24,7.85,19800,-0.75(-3.65 %),293670,6024000000,0,0,20550,21150,19150
2020-07-27,7.33,18500,-1.3(-6.57 %),116800,2239000000,0,0,19450,19600,18500
2020-07-28,7.83,19750,1.25(6.76 %),107760,2056000000,0,0,18500,19750,18500
2020-07-29,7.53,19000,-0.75(-3.80 %),177780,3313000000,0,0,19750,19750,18400
2020-07-30,7.41,18700,-0.3(-1.58 %),41040,776000000,0,0,19000,19100,18700
2020-07-31,7.1,17900,-0.8(-4.28 %),127310,2310000000,0,0,18400,18700,17900
2020-08-03,7.3,18400,0.5(2.79 %),99820,1787000000,20894,376092000,17500,18600,17500
2020-08-04,7.3,18400,0(0.00 %),31750,583000000,0,0,18600,18700,18200
2020-08-05,7.3,18400,0(0.00 %),42900,785000000,0,0,18400,18550,18150
2020-08-06,7.33,18500,0.1(0.54 %),25020,462000000,0,0,18300,18700,18300
2020-08-07,7.35,18550,0.05(0.27 %),50880,944000000,0,0,18650,18750,18500
2020-08-10,7.49,18900,0.35(1.89 %),62020,1179000000,0,0,18600,19300,18600
2020-08-11,7.51,18950,0.05(0.26 %),36170,684000000,0,0,19000,19200,18800
2020-08-12,7.57,19100,0.15(0.79 %),43140,821000000,0,0,18950,19200,18850
2020-08-13,7.57,19100,0(0.00 %),38660,737000000,0,0,18950,19100,18950
2020-08-14,7.41,18700,-0.4(-2.09 %),51630,977000000,30003,555055500,19100,19100,18700
2020-08-17,7.45,18800,0.1(0.53 %),46020,860000000,0,0,18800,18800,18500
2020-08-18,7.45,18800,0(0.00 %),42660,801000000,0,0,18750,18800,18650
2020-08-19,7.75,19550,0.75(3.99 %),141980,2764000000,20005,360090000,18800,19650,18800
2020-08-20,7.71,19450,-0.1(-0.51 %),88580,1736000000,0,0,19550,19750,19400
2020-08-21,7.73,19500,0.05(0.26 %),110750,2160000000,0,0,19500,19550,19400
2020-08-24,7.75,19550,0.05(0.26 %),106470,2081000000,0,0,19500,19600,19500
2020-08-25,7.73,19500,-0.05(-0.26 %),92280,1804000000,40010,740185000,19600,19650,19450
2020-08-26,7.65,19300,-0.2(-1.03 %),56730,1098000000,0,0,19450,19450,19250
2020-08-27,7.69,19400,0.1(0.52 %),55490,1074000000,0,0,19400,19450,19250
2020-08-28,7.81,19700,0.3(1.55 %),172730,3378000000,0,0,19400,19750,19400
2020-08-31,7.99,20150,0.45(2.28 %),90800,1812000000,0,0,19650,20200,19650
2020-09-01,8.01,20200,0.05(0.25 %),126860,2558000000,0,0,20000,20500,20000
2020-09-03,7.89,19900,-0.3(-1.49 %),46750,941000000,0,0,20150,20400,19900
2020-09-04,8.17,20600,0.7(3.52 %),154310,3142000000,0,0,19800,20850,19550
2020-09-07,8.19,20650,0.05(0.24 %),76840,1591000000,0,0,21000,21000,20400
2020-09-08,8.21,20700,0.05(0.24 %),63500,1307000000,0,0,20700,20800,20500
2020-09-09,8.27,20850,0.15(0.72 %),144190,2991000000,0,0,20600,20900,20600
2020-09-10,8.56,21600,0.75(3.60 %),359690,7677000000,0,0,20850,21750,20850
2020-09-11,9.16,23100,1.5(6.94 %),310760,6993000000,0,0,21600,23100,21600
2020-09-14,9.5,23950,0.85(3.68 %),177750,4188000000,0,0,23150,23950,23100
2020-09-15,9.65,24350,0.4(1.67 %),400460,9783000000,0,0,24300,25200,23750
2020-09-16,9.59,24200,-0.15(-0.62 %),139250,3327000000,0,0,24000,24300,23700
2020-09-17,9.91,25000,0.8(3.31 %),119750,2968000000,0,0,24400,25000,24300
2020-09-18,10.31,26000,1(4.00 %),96700,2467000000,0,0,25150,26000,25000
2020-09-21,10.55,26600,0.6(2.31 %),302730,8115000000,0,0,26300,27600,26000
2020-09-22,10.67,26900,0.3(1.13 %),147430,3936000000,0,0,26500,27100,26200
2020-09-23,10.63,26800,-0.1(-0.37 %),236100,6201000000,0,0,26900,26900,25800
2020-09-24,10.27,25900,-0.9(-3.36 %),93200,2447000000,0,0,26800,26800,25900
2020-09-25,9.91,25000,-0.9(-3.47 %),174100,4375000000,0,0,25450,25800,24750
2020-09-28,10.23,25800,0.8(3.20 %),163970,4181000000,0,0,25000,25800,24900
2020-09-29,9.91,25000,-0.8(-3.10 %),109620,2797000000,0,0,25800,25850,25000
2020-09-30,9.99,25200,0.2(0.80 %),91580,2277000000,0,0,24850,25250,24700
2020-10-01,10.17,25650,0.45(1.79 %),157710,3986000000,0,0,24800,25650,24750
2020-10-02,10.11,25500,-0.15(-0.58 %),121460,3098000000,0,0,25750,25900,24500
2020-10-05,10.11,25500,0(0.00 %),135930,3446000000,0,0,25500,25550,25150
2020-10-06,9.95,25100,-0.4(-1.57 %),110920,2797000000,0,0,25500,25500,25100
2020-10-07,10.65,26850,1.75(6.97 %),444310,11651000000,0,0,25000,26850,25000
2020-10-08,10.9,27500,0.65(2.42 %),320480,8699000000,0,0,26850,28500,26750
2020-10-09,10.94,27600,0.1(0.36 %),130010,3575000000,0,0,27500,27650,27250
2020-10-12,10.59,26700,-0.9(-3.26 %),212280,5702000000,0,0,26700,27500,26500
2020-10-13,10.59,26700,0(0.00 %),120880,3213000000,0,0,26450,26900,26100
2020-10-14,10.65,26850,0.15(0.56 %),141120,3748000000,0,0,26750,26850,26100
2020-10-15,11.06,27900,1.05(3.91 %),243510,6734000000,0,0,26850,28000,26850
2020-10-16,10.53,26550,-1.35(-4.84 %),217890,5872000000,0,0,28000,28000,26000
2020-10-19,10.63,26800,0.25(0.94 %),139590,3731000000,0,0,26550,27800,26300
2020-10-20,10.51,26500,-0.3(-1.12 %),144040,3820000000,0,0,26800,27000,26000
2020-10-21,10.51,26500,0(0.00 %),102510,2718000000,0,0,26300,27000,26050
2020-10-22,10.67,26900,0.4(1.51 %),64410,1711000000,0,0,26500,26900,26300
2020-10-23,10.94,27600,0.7(2.60 %),196890,5511000000,0,0,28700,28700,26950
2020-10-26,10.59,26700,-0.9(-3.26 %),47230,1279000000,0,0,27600,27600,26700
2020-10-27,10.67,26900,0.2(0.75 %),71480,1918000000,0,0,26700,27450,26500
2020-10-28,10.51,26500,-0.4(-1.49 %),84750,2256000000,0,0,26700,27300,26400
2020-10-29,10.59,26700,0.2(0.75 %),68520,1819000000,0,0,26400,26950,26200
2020-10-30,10.8,27250,0.55(2.06 %),47580,1289000000,0,0,27500,27500,26550
2020-11-02,11.56,29150,1.9(6.97 %),417550,12169000000,0,0,29150,29150,29000
2020-11-03,12.35,31150,2(6.86 %),129380,4030000000,0,0,31150,31150,31150
2020-11-04,13.2,33300,2.15(6.90 %),598960,19848000000,0,0,33300,33300,32100
2020-11-05,13.56,34200,0.9(2.70 %),272740,9377000000,0,0,32600,35300,32600
2020-11-06,13.32,33600,-0.6(-1.75 %),132720,4527000000,0,0,34500,35000,33600
2020-11-09,13.12,33100,-0.5(-1.49 %),182150,6067000000,0,0,34000,34000,32300
2020-11-10,13.6,34300,1.2(3.63 %),140360,4715000000,0,0,33600,34300,33000
2020-11-11,14.55,36700,2.4(7.00 %),152600,5527000000,0,0,35000,36700,35000
2020-11-12,15.56,39250,2.55(6.95 %),275110,10792000000,0,0,39250,39250,38600
2020-11-13,15.75,37900,-1.35(-3.44 %),256390,9826000000,0,0,39700,39700,37500
2020-11-16,15.5,37300,-0.6(-1.58 %),181230,6780000000,0,0,37300,38000,36900
2020-11-17,15.58,37500,0.2(0.54 %),144450,5413000000,0,0,37500,38000,36700
2020-11-18,15.54,37400,-0.1(-0.27 %),138750,5142000000,0,0,37150,38000,36750
2020-11-19,15.96,38400,1(2.67 %),248580,9551000000,0,0,36800,40000,36800
2020-11-20,16.37,39400,1(2.60 %),126480,4984000000,0,0,40500,40500,39000
2020-11-23,15.79,38000,-1.4(-3.55 %),172950,6646000000,0,0,39500,39600,37850
2020-11-24,15.87,38200,0.2(0.53 %),85510,3220000000,0,0,38000,38500,37000
2020-11-25,15.87,38200,0(0.00 %),81160,3078000000,0,0,38000,38300,37400
2020-11-26,15.96,38400,0.2(0.52 %),110780,4232000000,0,0,38500,38600,37700
2020-11-27,16.06,38650,0.25(0.65 %),158900,6105000000,0,0,38400,38700,37900
2020-11-30,17.18,41350,2.7(6.99 %),306850,12637000000,0,0,41000,41350,40500
2020-12-01,18.28,44000,2.65(6.41 %),480610,21180000000,0,0,44000,44200,43150
2020-12-02,18.7,45000,1(2.27 %),131560,5704000000,0,0,42000,45700,42000
2020-12-03,18.7,45000,0(0.00 %),181400,8009000000,0,0,44600,45950,43000
2020-12-04,18.33,44100,-0.9(-2.00 %),234160,10212000000,0,0,45000,45000,42600
2020-12-07,18.28,44000,-0.1(-0.23 %),104780,4557000000,100000,4410000000,44000,44500,42900
2020-12-08,18.7,45000,1(2.27 %),98790,4391000000,98005,4312220000,44400,45000,43150
2020-12-09,18.6,44750,-0.25(-0.56 %),108590,4820000000,0,0,45000,45000,43800
2020-12-10,17.87,43000,-1.75(-3.91 %),235720,10281000000,0,0,43650,44800,42800
2020-12-11,17.97,43250,0.25(0.58 %),94570,4066000000,20000,880000000,43000,43900,42500
2020-12-14,18.06,43450,0.2(0.46 %),123930,5360000000,0,0,43300,43700,42950
2020-12-15,18.12,43600,0.15(0.35 %),141120,6112000000,0,0,43450,43700,43000
2020-12-16,18.35,44150,0.55(1.26 %),111090,4900000000,0,0,44400,45000,43200
2020-12-17,17.54,42200,-1.95(-4.42 %),111250,4802000000,0,0,43550,44300,41100
2020-12-18,17.83,42900,0.7(1.66 %),155010,6592000000,0,0,42000,43800,41450
2020-12-21,17.47,42050,-0.85(-1.98 %),94430,3994000000,0,0,43400,43400,42000
2020-12-22,16.39,39450,-2.6(-6.18 %),351200,14039000000,0,0,42000,42000,39150
2020-12-23,17.04,41000,1.55(3.93 %),122060,4815000000,0,0,39100,41000,38800
2020-12-24,15.92,38300,-2.7(-6.59 %),196410,7580000000,0,0,40800,40800,38150
2020-12-25,16.54,39800,1.5(3.92 %),173790,6751000000,0,0,38400,40000,38300
2020-12-28,16.21,39000,-0.8(-2.01 %),181110,7174000000,0,0,40000,40400,39000
2020-12-29,15.96,38400,-0.6(-1.54 %),124550,4735000000,0,0,39500,39500,37650
2020-12-30,17.06,41050,2.65(6.90 %),80790,3316000000,0,0,38400,41050,38400
2020-12-31,17.95,43200,2.15(5.24 %),334110,14520000000,130000,4992000000,43900,43900,42200
2021-01-04,17.37,41800,-1.4(-3.24 %),258300,10797000000,0,0,43200,43200,41000
2021-01-05,16.87,40600,-1.2(-2.87 %),194700,7999000000,0,0,41200,41800,40300
2021-01-06,17.2,41400,0.8(1.97 %),232800,9455000000,50420,1996632000,40700,42000,39300
2021-01-07,17.04,41000,-0.4(-0.97 %),100200,4090000000,0,0,41000,41700,40350
2021-01-08,17.04,41000,0(0.00 %),112500,4594000000,0,0,41000,41950,40300
2021-01-11,17.39,41850,0.85(2.07 %),195000,8020000000,0,0,41000,41850,40650
2021-01-12,18.12,43600,1.75(4.18 %),261500,11258000000,0,0,42050,43600,41950
2021-01-13,19.39,46650,3.05(7.00 %),304600,13972000000,0,0,43950,46650,43950
2021-01-14,19.32,46500,-0.15(-0.32 %),147900,6969000000,0,0,47000,49000,46450
2021-01-15,18.91,45500,-1(-2.15 %),258800,11656000000,0,0,46000,46500,44000
2021-01-18,18.82,45300,-0.2(-0.44 %),118200,5396000000,0,0,46000,46450,45000
2021-01-19,17.56,42250,-3.05(-6.73 %),196200,9055000000,0,0,48450,48450,42150
2021-01-20,18.58,44700,2.45(5.80 %),108000,4756000000,0,0,44950,44950,42300
2021-01-21,19.51,46950,2.25(5.03 %),109200,5006000000,0,0,45000,47000,45000
2021-01-22,19.61,47200,0.25(0.53 %),110900,5256000000,0,0,46950,48000,46300
2021-01-25,20.36,49000,1.8(3.81 %),229200,11101000000,0,0,47300,49100,47250
2021-01-26,19.95,48000,-1(-2.04 %),73900,3575000000,0,0,49000,49100,47200
2021-01-27,19.47,46850,-1.15(-2.40 %),145300,6921000000,0,0,47500,48500,45200
2021-01-28,18.12,43600,-3.25(-6.94 %),149700,6535000000,0,0,43700,44000,43600
2021-01-29,18.78,40550,-7.6(-17.43 %),130600,4520000000,0,0,40550,40550,40550
2021-02-01,17.48,33500,-2.5(-6.94 %),205200,6977000000,0,0,35100,35200,33500
2021-02-02,18.0,34500,1(2.99 %),343100,10807000000,0,0,31200,34550,31200
2021-02-03,17.37,33300,-1.2(-3.48 %),251600,8340000000,0,0,35200,35200,32100
2021-02-04,17.55,33650,0.35(1.05 %),185300,6174000000,0,0,32000,34400,32000
2021-02-05,17.68,33900,0.25(0.74 %),134000,4537000000,0,0,33750,34500,33600
2021-02-08,17.11,32800,-1.1(-3.24 %),107800,3582000000,0,0,32800,34400,32500
2021-02-09,17.74,34000,1.2(3.66 %),194800,6429000000,0,0,32800,34000,32000
2021-02-17,18.96,36350,2.35(6.91 %),168800,6018000000,0,0,34100,36350,34100
2021-02-18,20.27,38850,2.5(6.88 %),176100,6706000000,0,0,37300,38850,36950
2021-02-19,21.65,41500,2.65(6.82 %),373800,15352000000,0,0,40000,41550,40000
2021-02-22,21.96,42100,0.6(1.45 %),298200,12644000000,0,0,42000,43500,41200
2021-02-23,21.7,41600,-0.5(-1.19 %),135300,5625000000,0,0,41200,42000,41200
2021-02-24,21.34,40900,-0.7(-1.68 %),270400,10991000000,0,0,41200,41950,39700
2021-02-25,21.34,40900,0(0.00 %),138600,5632000000,0,0,40700,41000,40100
2021-02-26,22.22,42600,1.7(4.16 %),281000,11759000000,0,0,40000,43000,39500
2021-03-01,23.63,45300,2.7(6.34 %),366200,16279000000,0,0,42750,45550,42750
2021-03-02,23.68,45400,0.1(0.22 %),163200,7374000000,0,0,46400,46400,44300
2021-03-03,23.32,44700,-0.7(-1.54 %),230000,10332000000,0,0,45000,45400,44500
2021-03-04,22.64,43400,-1.3(-2.91 %),224000,9751000000,0,0,44700,44700,42500
2021-03-05,22.43,43000,-0.4(-0.92 %),134500,5724000000,0,0,43000,43000,41500
2021-03-08,22.85,43800,0.8(1.86 %),177800,7738000000,0,0,43000,44150,43000
2021-03-09,23.27,44600,0.8(1.83 %),162100,7220000000,0,0,43950,45400,43400
2021-03-10,23.24,44550,-0.05(-0.11 %),84300,3760000000,0,0,44600,44900,43700
2021-03-11,23.08,44250,-0.3(-0.67 %),73100,3250000000,0,0,45000,45000,44000
2021-03-12,22.82,43750,-0.5(-1.13 %),112000,4920000000,0,0,44500,44700,43500
2021-03-15,22.93,43950,0.2(0.46 %),110100,4813000000,0,0,43750,44100,43400
2021-03-16,24.26,46500,2.55(5.80 %),406400,18477000000,0,0,43950,46500,43950
2021-03-17,24.78,47500,1(2.15 %),208600,9997000000,0,0,46500,49000,46000
2021-03-18,24.52,47000,-0.5(-1.05 %),78400,3682000000,0,0,48100,48250,46500
2021-03-19,24.52,47000,0(0.00 %),127700,5984000000,0,0,46400,47700,46000
2021-03-22,24.47,46900,-0.1(-0.21 %),138200,6471000000,0,0,47500,47500,46450
2021-03-23,23.74,45500,-1.4(-2.99 %),143900,6603000000,0,0,46900,46900,44800
2021-03-24,22.95,44000,-1.5(-3.30 %),226200,10058000000,0,0,44600,45000,44000
2021-03-25,23.06,44200,0.2(0.45 %),198500,8709000000,0,0,44000,44300,43000
2021-03-26,22.9,43900,-0.3(-0.68 %),146700,6355000000,0,0,43000,45000,42800
2021-03-29,23.37,44800,0.9(2.05 %),80900,3587000000,0,0,43900,44900,43900
2021-03-30,23.37,44800,0(0.00 %),37800,1682000000,0,0,44800,44850,44200
2021-03-31,23.16,44400,-0.4(-0.89 %),88200,3927000000,0,0,44800,45000,44200
2021-04-01,23.37,44800,0.4(0.90 %),65700,2932000000,0,0,44900,44900,44200
2021-04-02,23.32,44700,-0.1(-0.22 %),53000,2378000000,0,0,45000,45200,44500
2021-04-05,23.47,45000,0.3(0.67 %),127800,5728000000,0,0,44700,45000,44700
2021-04-06,23.19,44450,-0.55(-1.22 %),70600,3139000000,0,0,44900,44900,44300
2021-04-07,23.47,45000,0.55(1.24 %),85700,3804000000,0,0,44200,45000,44000
2021-04-08,23.47,45000,0(0.00 %),117800,5297000000,0,0,45000,45100,44800
2021-04-09,23.45,44950,-0.05(-0.11 %),28100,1259000000,0,0,45000,45000,44600
2021-04-12,24.47,46900,1.95(4.34 %),356100,16409000000,0,0,45000,47200,44700
2021-04-13,23.79,45600,-1.3(-2.77 %),69500,3216000000,0,0,47000,47100,45100
2021-04-14,23.79,45600,0(0.00 %),53800,2449000000,0,0,44900,45900,44900
2021-04-15,23.47,45000,-0.6(-1.32 %),143400,6427000000,0,0,45300,45550,44500
2021-04-16,22.87,43850,-1.15(-2.56 %),91200,4043000000,0,0,44500,45000,43700
2021-04-19,22.87,43850,0(0.00 %),135200,5915000000,0,0,43500,45200,43000
2021-04-20,23.27,44600,0.75(1.71 %),96200,4251000000,0,0,43500,44950,43500
2021-04-22,22.69,43500,-1.1(-2.47 %),66100,2891000000,0,0,44950,44950,43000
2021-04-23,22.9,43900,0.4(0.92 %),139400,5964000000,0,0,43000,43900,42300
2021-04-26,22.43,43000,-0.9(-2.05 %),105800,4590000000,0,0,44000,44000,42850
2021-04-27,22.17,42500,-0.5(-1.16 %),117900,5084000000,0,0,43000,43750,42300
2021-04-28,22.04,42250,-0.25(-0.59 %),83900,3553000000,0,0,42500,42700,42200
2021-04-29,21.13,40500,-1.75(-4.14 %),480000,19487000000,0,0,42000,42000,40150
2021-05-04,20.87,40000,-0.5(-1.23 %),179900,7111000000,0,0,38900,40000,38500
2021-05-05,21.34,40900,0.9(2.25 %),63300,2570000000,0,0,41550,41550,40000
2021-05-06,20.81,39900,-1(-2.44 %),172700,6908000000,0,0,40100,40700,39800
2021-05-07,21.23,40700,0.8(2.01 %),213700,8421000000,0,0,39900,40700,38500
2021-05-10,20.45,39200,-1.5(-3.69 %),140000,5535000000,0,0,40700,40700,39000
2021-05-11,20.71,39700,0.5(1.28 %),120200,4733000000,0,0,38550,39800,38550
2021-05-12,20.66,39600,-0.1(-0.25 %),61800,2443000000,0,0,39700,39900,39300
2021-05-13,20.4,39100,-0.5(-1.26 %),100000,3930000000,0,0,39300,39800,39100
2021-05-14,20.5,39300,0.2(0.51 %),105000,4103000000,0,0,39000,39300,38900
2021-05-17,20.24,38800,-0.5(-1.27 %),69900,2726000000,0,0,39500,39500,38700
2021-05-18,19.72,37800,-1(-2.58 %),141800,5408000000,0,0,38600,38800,37800
2021-05-19,19.2,36800,-1(-2.65 %),125700,4629000000,0,0,37800,37800,36400
2021-05-20,18.02,34550,-2.25(-6.11 %),262200,9311000000,0,0,36800,36800,34300
2021-05-21,19.09,36600,2.05(5.93 %),212700,7594000000,0,0,34300,36950,34250
2021-05-24,19.56,37500,0.9(2.46 %),167600,6473000000,0,0,37500,39150,37500
2021-05-25,19.56,37500,0(0.00 %),104900,3954000000,0,0,38900,38900,37300
2021-05-26,19.17,36750,-0.75(-2.00 %),116900,4314000000,0,0,37600,37600,36600
2021-05-27,18.75,35950,-0.8(-2.18 %),159900,5773000000,0,0,36750,36750,35850
2021-05-28,18.65,35750,-0.2(-0.56 %),156700,5576000000,0,0,35500,35950,35400
2021-05-31,18.73,35900,0.15(0.42 %),62700,2245000000,0,0,35750,36000,35500
2021-06-01,18.86,36150,0.25(0.70 %),53700,1946000000,0,0,35900,36800,35900
2021-06-02,18.83,36100,-0.05(-0.14 %),102400,3702000000,0,0,36800,36800,35500
2021-06-03,18.88,36200,0.1(0.28 %),144900,5221000000,0,0,36000,36200,35900
2021-06-04,19.3,37000,0.8(2.21 %),195200,7184000000,0,0,36700,37250,36250
2021-06-07,19.8,37950,0.95(2.57 %),102200,3909000000,0,0,38000,38700,37600
2021-06-08,19.56,37500,-0.45(-1.19 %),171700,6475000000,0,0,38100,40000,35300
2021-06-09,19.41,37200,-0.3(-0.80 %),40900,1516000000,0,0,38000,38000,36100
2021-06-10,19.2,36800,-0.4(-1.08 %),39300,1452000000,0,0,37700,37700,36700
2021-06-11,18.99,36400,-0.4(-1.09 %),69400,2543000000,0,0,37100,37100,36400
2021-06-14,18.57,35600,-0.8(-2.20 %),227700,8215000000,0,0,36400,36600,35600
2021-06-15,18.83,36100,0.5(1.40 %),88400,3182000000,0,0,36000,36500,35800
2021-06-16,19.3,37000,0.9(2.49 %),130800,4750000000,0,0,36000,37500,35500
2021-06-17,19.14,36700,-0.3(-0.81 %),81400,2966000000,0,0,36500,37000,35850
2021-06-18,19.25,36900,0.2(0.54 %),143300,5284000000,0,0,36800,36950,36500
2021-06-21,20.58,39450,2.55(6.91 %),585200,22913000000,0,0,38000,39450,37800
2021-06-22,21.86,41900,2.45(6.21 %),411500,17227000000,0,0,42200,42200,41000
2021-06-23,20.34,39000,-2.9(-6.92 %),254900,10153000000,0,0,40600,41400,39000
2021-06-24,19.59,37550,-1.45(-3.72 %),238800,9033000000,0,0,37600,38500,37500
2021-06-25,19.82,38000,0.45(1.20 %),121900,4601000000,0,0,37200,38100,37200
2021-06-28,19.59,37550,-0.45(-1.18 %),203700,7725000000,0,0,39000,39000,37500
2021-06-29,19.8,37950,0.4(1.07 %),149800,5637000000,0,0,37900,38900,37300
2021-06-30,19.82,38000,0.05(0.13 %),80100,3047000000,0,0,38400,38400,37700
2021-07-01,19.67,37700,-0.3(-0.79 %),120500,4549000000,0,0,38000,38150,37600
2021-07-02,19.59,37550,-0.15(-0.40 %),135900,5111000000,0,0,37600,37900,37500
2021-07-05,19.12,36650,-0.9(-2.40 %),135700,5005000000,0,0,37600,37600,36600
2021-07-06,18.78,36000,-0.65(-1.77 %),107200,3905000000,0,0,37000,37400,36000
2021-07-07,18.49,35450,-0.55(-1.53 %),229700,8046000000,0,0,35800,35900,34300
2021-07-08,18.52,35500,0.05(0.14 %),74100,2641000000,0,0,35450,36700,35300
2021-07-09,18.31,35100,-0.4(-1.13 %),81100,2849000000,0,0,36100,36100,34700
2021-07-12,17.48,33500,-1.6(-4.56 %),174400,5819000000,0,0,35050,35050,32650
2021-07-13,17.45,33450,-0.05(-0.15 %),79000,2635000000,0,0,34000,34000,33000
2021-07-14,17.32,33200,-0.25(-0.75 %),97200,3199000000,0,0,33150,33500,32400
2021-07-15,17.48,33500,0.3(0.90 %),81700,2711000000,0,0,33200,33500,32900
2021-07-16,17.61,33750,0.25(0.75 %),33700,1135000000,0,0,33200,34300,33200
2021-07-19,17.01,32600,-1.15(-3.41 %),94600,3096000000,0,0,32550,33400,32000
2021-07-20,17.21,33000,0.4(1.23 %),39500,1284000000,0,0,32600,33000,32200
2021-07-21,17.21,33000,0(0.00 %),88000,2883000000,0,0,33000,33850,32000
2021-07-22,17.53,33600,0.6(1.82 %),70700,2358000000,0,0,32200,33750,32200
2021-07-23,17.42,33400,-0.2(-0.60 %),26500,887000000,0,0,33600,34000,33150
2021-07-26,17.48,33500,0.1(0.30 %),63500,2112000000,0,0,33400,33600,33000
2021-07-27,17.34,33250,-0.25(-0.75 %),61300,2046000000,0,0,33900,33900,33100
2021-07-28,17.37,33300,0.05(0.15 %),27900,929000000,0,0,33800,33800,33150
2021-07-29,17.48,33500,0.2(0.60 %),72800,2432000000,0,0,33300,33750,33300
2021-07-30,18.05,34600,1.1(3.28 %),93300,3217000000,0,0,33500,35200,33500
2021-08-02,19.14,36700,2.1(6.07 %),295600,10810000000,0,0,36000,36900,36000
2021-08-03,18.94,36300,-0.4(-1.09 %),100600,3667000000,0,0,36600,36850,36150
2021-08-04,18.57,35600,-0.7(-1.93 %),122200,4376000000,0,0,36000,36300,35000
2021-08-05,18.86,36150,0.55(1.54 %),110100,3965000000,603500,21726000000,35100,36750,35100
2021-08-06,18.68,35800,-0.35(-0.97 %),100000,3590000000,0,0,36150,36150,35750
2021-08-09,19.04,36500,0.7(1.96 %),130700,4739000000,0,0,35300,36600,35300
2021-08-10,19.04,36500,0(0.00 %),124900,4556000000,0,0,36650,36700,36200
2021-08-11,19.64,37650,1.15(3.15 %),255600,9582000000,0,0,36600,37800,36550
2021-08-12,21.0,40250,2.6(6.91 %),714500,28271000000,439400,16257800000,37050,40250,37050
2021-08-13,20.76,39800,-0.45(-1.12 %),436600,17589000000,0,0,41000,42000,38800
2021-08-16,21.13,40500,0.7(1.76 %),194600,7810000000,0,0,39800,41400,39000
2021-08-17,20.81,39900,-0.6(-1.48 %),210400,8365000000,0,0,40500,40500,39300
2021-08-18,20.89,40050,0.15(0.38 %),240500,9652000000,0,0,40000,40700,39600
2021-08-19,21.6,41400,1.35(3.37 %),367200,15135000000,0,0,40900,41650,40900
2021-08-20,21.65,41500,0.1(0.24 %),511400,20890000000,0,0,41350,42100,39700
2021-08-23,23.16,44400,2.9(6.99 %),820400,35738000000,0,0,41500,44400,41350
2021-08-24,22.43,43000,-1.4(-3.15 %),343100,14987000000,0,0,45750,45750,42200
2021-08-25,21.91,42000,0.85(2.07 %),282300,11778000000,0,0,42500,42600,41000
2021-08-26,21.44,41100,-0.9(-2.14 %),354400,14814000000,0,0,42000,43400,40500
2021-08-27,22.74,43600,2.5(6.08 %),566100,23453000000,0,0,40200,43950,39500
2021-08-30,22.74,43600,0(0.00 %),294800,12919000000,25950,1131420000,44100,44550,43450
2021-08-31,22.59,43300,-0.3(-0.69 %),357800,15599000000,0,0,44000,44000,43000
2021-09-01,22.77,43650,0.35(0.81 %),319800,13712000000,0,0,42500,43900,42100
2021-09-06,23.06,44200,0.55(1.26 %),370800,16453000000,0,0,43650,45400,43100
2021-09-07,22.43,43000,-1.2(-2.71 %),319500,13989000000,0,0,44300,44600,42800
2021-09-08,21.86,41900,-1.1(-2.56 %),206600,8770000000,0,0,43200,43200,41600
2021-09-09,22.38,42900,1(2.39 %),162800,6929000000,0,0,41900,43150,41900
2021-09-10,23.14,44350,1.45(3.38 %),531200,23397000000,0,0,42950,44500,42950
2021-09-13,23.42,44900,0.55(1.24 %),334800,15128000000,0,0,45900,46000,44600
2021-09-14,23.74,45500,0.6(1.34 %),440000,20019000000,0,0,46000,46000,44200
2021-09-15,23.79,45600,0.1(0.22 %),326500,14688000000,0,0,45000,45600,44500
2021-09-16,24.47,46900,1.3(2.85 %),521800,24683000000,0,0,48000,48000,46200
2021-09-17,24.52,47000,0.1(0.21 %),439100,20523000000,0,0,47800,47800,45000
2021-09-20,24.62,47200,0.2(0.43 %),483300,22939000000,0,0,47900,47900,47000
2021-09-21,24.26,46500,-0.7(-1.48 %),345000,15965000000,0,0,47000,47000,45800
2021-09-22,24.31,46600,0.1(0.22 %),231800,10816000000,0,0,47000,47000,46000
2021-09-23,23.53,45100,-1.5(-3.22 %),236000,10865000000,0,0,46700,46700,45100
2021-09-24,22.85,43800,-1.3(-2.88 %),505300,22152000000,0,0,45200,45200,42700
2021-09-27,21.65,41500,-2.3(-5.25 %),271400,11509000000,0,0,43100,43800,41500
2021-09-28,22.22,42600,1.1(2.65 %),162800,6749000000,0,0,40500,42800,40300
2021-09-29,22.12,42400,-0.2(-0.47 %),120900,5117000000,0,0,41300,42800,41300
2021-09-30,22.22,42600,0.2(0.47 %),130000,5531000000,0,0,42400,42900,42400
2021-10-01,22.17,42500,-0.1(-0.23 %),222700,9595000000,0,0,43150,43600,42500
2021-10-04,22.07,42300,-0.2(-0.47 %),147300,6197000000,0,0,42400,42600,41600
2021-10-05,22.22,42600,0.3(0.71 %),100900,4320000000,0,0,42000,43150,42000
2021-10-06,22.74,43600,1(2.35 %),195800,8427000000,0,0,42700,43600,42600
2021-10-07,22.85,43800,0.2(0.46 %),136200,5965000000,0,0,44000,44100,43200
2021-10-08,24.05,46100,2.3(5.25 %),429000,19583000000,0,0,43900,46850,43900
2021-10-11,24.23,46450,0.35(0.76 %),264700,12295000000,0,0,46900,46900,46000
2021-10-12,24.15,46300,-0.15(-0.32 %),205500,9417000000,0,0,46450,46450,45000
2021-10-13,23.74,45500,-0.8(-1.73 %),192700,8771000000,0,0,46250,46250,45000
2021-10-14,25.25,48400,2.9(6.37 %),724200,34351000000,0,0,45300,48400,45300
2021-10-15,26.97,51700,3.3(6.82 %),978300,49987000000,0,0,49000,51700,48600
2021-10-18,28.43,54500,2.8(5.42 %),417000,22678000000,0,0,54500,55000,52600
2021-10-19,29.42,56400,1.9(3.49 %),485900,26684000000,0,0,53800,56400,53000
2021-10-20,30.52,58500,2.1(3.72 %),602000,34737000000,0,0,56400,59300,56000
2021-10-21,30.78,59000,0.5(0.85 %),259900,15466000000,0,0,58900,60100,58600
2021-10-22,30.73,58900,-0.1(-0.17 %),379400,22087000000,0,0,58600,59800,57200
2021-10-25,32.86,63000,4.1(6.96 %),480900,29905000000,0,0,60000,63000,59200
2021-10-26,32.86,63000,0(0.00 %),315000,19507000000,0,0,63000,63300,59000
2021-10-27,32.45,62200,-0.8(-1.27 %),238100,14861000000,0,0,63000,63000,62000
2021-10-28,34.43,66000,3.8(6.11 %),558300,35152000000,0,0,63000,66000,60000
2021-10-29,36.83,70600,4.6(6.97 %),577900,40562000000,0,0,70500,70600,69000
2021-11-01,38.6,74000,3.4(4.82 %),380400,27378000000,0,0,71100,74000,71000
2021-11-02,37.61,72100,-1.9(-2.57 %),438000,31698000000,0,0,75000,75000,71200
2021-11-03,35.0,67100,-5(-6.93 %),960200,67087000000,0,0,70500,74900,67100
2021-11-04,35.73,68500,1.4(2.09 %),395500,26482000000,0,0,66900,69900,63500
2021-11-05,34.85,66800,-1.7(-2.48 %),387400,26045000000,0,0,68000,70000,65800
2021-11-08,33.12,63500,-3.3(-4.94 %),554300,35581000000,0,0,66000,66000,62800
2021-11-09,32.13,61600,-1.9(-2.99 %),783100,48536000000,0,0,63100,63700,60800
2021-11-10,33.65,64500,2.9(4.71 %),330300,20962000000,0,0,61300,65600,61300
2021-11-11,32.86,63000,-1.5(-2.33 %),408100,25872000000,0,0,65100,65100,62500
2021-11-12,32.29,61900,-1.1(-1.75 %),405500,24922000000,0,0,63000,63000,61000
2021-11-15,30.78,59000,-2.9(-4.68 %),710700,42474000000,0,0,62000,62000,58000
2021-11-16,32.92,63100,4.1(6.95 %),601300,37526000000,0,0,59700,63100,59600
2021-11-17,33.18,63600,0.5(0.79 %),236300,15119000000,0,0,65000,65000,62900
2021-11-18,32.45,62200,-1.4(-2.20 %),319900,19886000000,0,0,62000,63000,61800
2021-11-19,30.62,58700,-3.5(-5.63 %),473300,28502000000,0,0,62200,62200,58000
2021-11-22,29.94,57400,-1.3(-2.21 %),258500,14985000000,0,0,59900,60000,56000
2021-11-23,31.3,60000,2.6(4.53 %),202600,11975000000,0,0,57500,60000,57000
2021-11-24,33.49,64200,4.2(7.00 %),247500,15889000000,788050,47283000000,64200,64200,64200
2021-11-25,34.85,66800,2.6(4.05 %),708900,47682000000,0,0,68600,68600,65000
2021-11-26,33.54,64300,-2.5(-3.74 %),325100,21204000000,0,0,66700,66700,64300
2021-11-29,33.33,63900,-0.4(-0.62 %),223100,14071000000,0,0,63800,63900,60000
2021-11-30,34.17,65500,1.6(2.50 %),443800,29033000000,0,0,64000,66100,64000
2021-12-01,36.52,70000,4.5(6.87 %),812100,55263000000,0,0,66000,70000,65500
2021-12-02,37.56,72000,2(2.86 %),459000,33325000000,49000,3430000000,73000,73000,72000
2021-12-03,36.78,70500,-1.5(-2.08 %),652400,46631000000,0,0,72700,73000,70300
2021-12-06,38.03,65600,1.33(3.40 %),728200,30149000000,0,0,65600,65600,65600
2021-12-07,36.99,39400,-1.1(-2.72 %),371100,14833000000,0,0,40550,41500,39050
2021-12-08,35.87,38200,-1.2(-3.05 %),327100,12593000000,0,0,39500,39500,37900
2021-12-09,37.74,40200,2(5.24 %),423500,16339000000,0,0,37500,40300,37200
2021-12-10,39.29,41850,1.65(4.10 %),479200,20053000000,0,0,40550,42500,40500
2021-12-13,42.02,44750,2.9(6.93 %),474900,20813000000,0,0,41850,44750,41850
2021-12-14,42.81,45600,0.85(1.90 %),387900,17714000000,0,0,46350,46400,45000
2021-12-15,41.5,44200,-1.4(-3.07 %),437800,19349000000,0,0,45900,45900,42500
2021-12-16,43.28,46100,1.9(4.30 %),480100,21541000000,0,0,44200,46400,43000
2021-12-17,44.88,47800,1.7(3.69 %),393300,18653000000,0,0,47000,48500,45900
2021-12-20,43.85,46700,-1.1(-2.30 %),365600,17104000000,0,0,47950,47950,44700
2021-12-21,43.19,46000,-0.7(-1.50 %),287700,13148000000,0,0,45500,46500,45000
2021-12-22,45.02,47950,1.95(4.24 %),375500,17689000000,0,0,46000,49000,45200
2021-12-23,44.64,47550,-0.45(-0.94 %),345400,16099000000,4402500,211099875000,47700,48400,44600
2021-12-24,44.32,47200,-0.4(-0.84 %),321600,14986000000,0,0,47550,48000,45800
2021-12-27,43.0,45800,-1.4(-2.97 %),176900,8142000000,0,0,47000,47000,45700
2021-12-28,43.33,46150,0.35(0.76 %),245900,11424000000,0,0,46000,47400,46000
2021-12-29,41.87,44600,-1.6(-3.46 %),349500,15790000000,2500000,115375000000,46000,46000,44600
2021-12-30,42.53,45300,0.7(1.57 %),154300,7000000000,2500000,111500000000,44600,45950,44600
2021-12-31,42.25,45000,-0.3(-0.66 %),135800,6149000000,1200000,50580000000,45800,45900,45000
2022-01-04,42.91,45700,0.7(1.56 %),415200,18957000000,0,0,45600,46500,45200
2022-01-05,43.56,46400,0.7(1.53 %),279500,12859000000,0,0,45900,46500,45000
2022-01-06,46.57,49600,3.2(6.90 %),628100,30807000000,0,0,47000,49600,46500
2022-01-07,48.73,51900,2.3(4.64 %),668800,34411000000,0,0,50500,53000,49600
2022-01-10,46.48,49500,-2.4(-4.62 %),931900,46735000000,0,0,50100,51200,49500
2022-01-11,44.6,47500,-2(-4.04 %),797400,38130000000,0,0,49000,49000,47000
2022-01-12,42.16,44900,-2.6(-5.47 %),811500,36815000000,0,0,46000,47250,44200
2022-01-13,41.03,43700,-1.2(-2.67 %),546400,24516000000,0,0,45900,46300,43650
2022-01-14,42.25,45000,1.3(2.97 %),470400,20377000000,0,0,43000,45750,40700
2022-01-17,39.9,42500,-2.5(-5.56 %),444000,19770000000,0,0,45000,47000,42500
2022-01-18,39.15,41700,-0.8(-1.88 %),381800,16254000000,2500000,113625000000,42500,43800,41700
2022-01-19,39.53,42100,0.4(0.96 %),149800,6301000000,440000,19624000000,41700,42500,41600
2022-01-20,41.36,44050,1.65(3.89 %),150500,6546000000,0,0,42450,44500,42400
2022-01-21,41.5,44200,-0.8(-1.78 %),201600,9011000000,0,0,45500,45500,44000
2022-01-24,40.37,43000,-1.2(-2.71 %),308700,13656000000,0,0,44200,45300,43000
2022-01-25,41.5,44200,1.2(2.79 %),221700,9654000000,0,0,43000,44300,42900
2022-01-26,41.03,43700,-0.5(-1.13 %),171800,7526000000,0,0,44950,45000,43000
2022-01-27,40.84,43500,-0.2(-0.46 %),177100,7605000000,0,0,43000,43650,42500
2022-01-28,41.69,44400,0.9(2.07 %),248100,10963000000,0,0,44350,44600,43500
2022-02-07,42.25,45000,0.6(1.35 %),198600,8945000000,0,0,45600,45600,44500
2022-02-08,41.78,44500,-0.5(-1.11 %),239400,10633000000,0,0,44500,45000,43950
2022-02-09,44.6,47500,3(6.74 %),734700,33577000000,0,0,44800,47500,43900
2022-02-10,44.93,47850,0.35(0.74 %),403400,19404000000,0,0,48500,49000,47750
2022-02-11,44.55,47450,-0.45(-0.94 %),242300,11559000000,0,0,47800,48050,47300
2022-02-14,43.75,46600,-0.9(-1.89 %),445800,20867000000,4000000,189800000000,46500,47500,46000
2022-02-15,44.22,47100,0.5(1.07 %),359400,16912000000,5522000,257325200000,46600,48000,46500
2022-02-16,45.58,48550,1.45(3.08 %),554400,26758000000,0,0,48000,49000,47400
2022-02-17,45.82,48800,0.2(0.41 %),590900,29056000000,0,0,48800,49650,48550
2022-02-18,46.05,49050,0.25(0.51 %),298700,14626000000,0,0,49000,49200,48100
2022-02-21,46.48,49500,0.4(0.81 %),452700,22604000000,0,0,49300,50300,49300
2022-02-22,45.54,48500,-1(-2.02 %),606800,29256000000,0,0,48800,49500,47500
2022-02-23,45.68,48650,0.15(0.31 %),218300,10620000000,0,0,48500,49300,48500
2022-02-24,43.66,46500,-2.2(-4.52 %),662200,31180000000,0,0,48650,48800,45250
2022-02-25,43.85,46700,0.2(0.43 %),334200,15693000000,0,0,46800,47550,46350
2022-02-28,43.28,46100,-0.6(-1.28 %),308600,14252000000,0,0,46700,46800,46000
2022-03-01,44.5,47400,1.3(2.82 %),357500,16607000000,0,0,46100,47900,45500
2022-03-02,44.13,47000,-0.4(-0.84 %),183300,8594000000,0,0,47400,47500,46100
2022-03-03,43.66,46500,-0.5(-1.06 %),225200,10457000000,0,0,46750,47000,46200
2022-03-04,44.18,47050,0.55(1.18 %),268400,12633000000,0,0,46500,47750,46300
2022-03-07,43.42,46250,-0.85(-1.80 %),392300,18270000000,0,0,47000,47000,46150
2022-03-08,42.53,45300,-1(-2.16 %),372400,17111000000,0,0,46250,46750,45300
2022-03-09,42.11,44850,-0.45(-0.99 %),336000,15063000000,0,0,45300,45700,44000
2022-03-10,42.25,45000,0.1(0.22 %),245000,11071000000,0,0,45200,46100,44850
2022-03-11,41.22,43900,-1.1(-2.44 %),345200,15327000000,0,0,45000,45000,43900
2022-03-14,42.3,45050,1.15(2.62 %),305800,13552000000,450000,19755000000,43900,45050,43700
2022-03-15,45.07,48000,2.9(6.43 %),778300,36818000000,0,0,45650,48000,45600
2022-03-16,44.55,47450,-0.55(-1.15 %),267500,12859000000,0,0,49000,49000,47400
2022-03-17,45.82,48800,1.3(2.74 %),559200,27181000000,0,0,47900,49000,47600
2022-03-18,49.01,52200,3.4(6.97 %),1391400,71527000000,0,0,48800,52200,48800
2022-03-21,50.98,54300,2.1(4.02 %),854200,46931000000,0,0,55700,55700,53600
2022-03-22,52.95,56400,2.1(3.87 %),901200,49704000000,0,0,54200,57000,53000
2022-03-23,51.83,55200,-1.2(-2.13 %),514000,28647000000,0,0,56400,56900,55200
2022-03-24,53.05,56500,1.3(2.36 %),464000,26311000000,0,0,55200,58500,55000
2022-03-25,52.58,56000,-0.5(-0.88 %),443200,24821000000,0,0,56500,57300,55200
2022-03-28,54.64,58200,2.2(3.93 %),1220100,69689000000,0,0,55000,58600,54200
2022-03-29,54.64,58200,0(0.00 %),263300,15456000000,0,0,59300,59300,58200
2022-03-30,51.92,55300,-2.9(-4.98 %),799400,44842000000,0,0,57500,58200,55000
2022-03-31,52.48,55900,0.6(1.08 %),536200,30100000000,0,0,56200,57800,55200
2022-04-01,54.17,57700,1.8(3.22 %),407900,23029000000,0,0,55300,57700,55300
2022-04-04,53.99,57500,-0.2(-0.35 %),370800,21542000000,0,0,58000,58800,57200
2022-04-05,52.67,56100,-1.4(-2.43 %),542900,30632000000,0,0,57500,57700,56000
2022-04-06,52.58,56000,-0.1(-0.18 %),770200,42664000000,0,0,55200,56500,54800
2022-04-07,52.86,56300,0.3(0.54 %),366600,20676000000,0,0,55200,56900,55200
2022-04-08,49.2,52400,-3.9(-6.93 %),767500,41395000000,0,0,56300,56700,52400
2022-04-12,46.1,49100,-3.3(-6.30 %),592300,30143000000,0,0,53000,54700,49000
2022-04-13,49.2,52400,3.3(6.72 %),681200,33255000000,0,0,49900,52500,46550
2022-04-14,47.51,50600,-1.8(-3.44 %),392200,20027000000,0,0,52500,52600,50100
2022-04-15,47.23,50300,-0.3(-0.59 %),325800,16366000000,0,0,50000,51000,49800
2022-04-18,46.94,50000,-0.3(-0.60 %),704400,33986000000,0,0,50000,50200,46800
2022-04-19,44.13,47000,-3(-6.00 %),253100,12323000000,0,0,49600,49950,47000
2022-04-20,44.27,47150,0.15(0.32 %),305600,14512000000,0,0,47200,48600,47000
2022-04-21,41.17,43850,-3.35(-7.10 %),488100,21804000000,0,0,46900,46900,43850
2022-04-22,38.68,41200,-2.65(-6.04 %),609500,25857000000,0,0,43850,45200,40800
2022-04-25,36.05,38400,-2.8(-6.80 %),486700,19249000000,0,0,42700,42700,38350
2022-04-26,37.46,39900,1.5(3.91 %),376300,14328000000,0,0,38200,40250,36000
2022-04-27,39.25,41800,1.9(4.76 %),239300,9750000000,1200000,44580000000,41400,42000,39500
2022-04-28,40.14,42750,0.95(2.27 %),248600,10597000000,619000,24760000000,41800,42950,41800
2022-04-29,41.31,44000,1.2(2.80 %),199600,8608000000,0,0,42750,44000,42000
2022-05-04,40.84,43500,-0.5(-1.14 %),229300,10097000000,465000,20460000000,44500,44500,43500
2022-05-05,39.43,42000,-1.5(-3.45 %),193100,8210000000,230000,10005000000,44200,44200,41400
2022-05-06,38.31,40800,-1.2(-2.86 %),111000,4568000000,0,0,39500,41900,39500
2022-05-09,35.63,37950,-2.85(-6.99 %),341200,13042000000,20000,800000000,38450,39500,37950
2022-05-10,35.68,38000,0(0.00 %),234000,8643000000,0,0,35400,38500,35400
2022-05-11,36.34,38700,0.7(1.84 %),142800,5527000000,140000,5320000000,39800,39800,38000
2022-05-12,33.8,36000,-2.7(-6.98 %),180400,6685000000,20000,792000000,38700,38700,36000
2022-05-13,31.45,33500,-2.5(-6.94 %),467900,16004000000,20000,760000000,36000,36000,33500
2022-05-16,30.51,32500,-1(-2.99 %),172700,5894000000,0,0,33500,35800,32500
2022-05-17,32.63,34750,2.25(6.92 %),202900,6906000000,0,0,32500,34750,32500
2022-05-18,33.75,35950,1.15(3.30 %),167400,6026000000,0,0,36000,36500,35100
2022-05-19,34.27,36500,0.5(1.39 %),126700,4524000000,0,0,34200,37000,34200
2022-05-20,34.65,36900,0.4(1.10 %),142100,5218000000,0,0,36500,37500,36500
2022-05-23,34.55,36800,-0.1(-0.27 %),130900,4796000000,0,0,37300,37300,35500
2022-05-24,34.22,36450,-0.35(-0.95 %),72400,2598000000,0,0,36700,36700,35050
2022-05-25,35.68,38000,1.5(4.11 %),276500,10296000000,0,0,37000,38200,36100
2022-05-26,36.34,38700,0.7(1.84 %),122600,4724000000,0,0,39000,39050,38000
2022-05-27,35.49,37800,-0.9(-2.33 %),218200,8257000000,0,0,37000,38750,37000
2022-05-30,35.49,37800,0(0.00 %),128400,4850000000,0,0,37800,38150,37500
2022-05-31,34.83,37100,-0.7(-1.85 %),226500,8484000000,0,0,37600,37800,36800
2022-06-01,34.88,37150,0.05(0.13 %),204200,7482000000,0,0,37500,37500,36050
2022-06-02,35.58,37900,0.7(1.88 %),207100,7716000000,0,0,37950,38000,36550
2022-06-03,35.63,37950,0.05(0.13 %),200400,7533000000,0,0,37900,37950,36950
2022-06-06,34.88,37150,-0.85(-2.24 %),144800,5460000000,0,0,38300,38300,37100
2022-06-07,33.42,35600,-1.6(-4.30 %),282700,10060000000,0,0,37150,37150,35000
2022-06-08,34.65,36900,1.3(3.65 %),167600,6084000000,29000,1073000000,35050,37200,35050
2022-06-09,34.18,36400,-0.5(-1.36 %),91500,3352000000,0,0,36600,37200,36400
2022-06-10,33.14,35300,-1.1(-3.02 %),156700,5588000000,0,0,36200,36200,35300
2022-06-13,31.12,33150,-2.15(-6.09 %),469500,15519000000,0,0,34300,34300,32850
2022-06-14,28.97,30850,-2.35(-7.08 %),280300,8842000000,0,0,31000,33000,30850
2022-06-15,28.17,30000,-0.9(-2.91 %),419100,12147000000,0,0,30000,30900,28700
2022-06-16,28.17,30000,0(0.00 %),158000,4819000000,0,0,30500,31800,29800
2022-06-17,26.2,27900,-2.1(-7.00 %),302900,8477000000,0,0,29100,29100,27900
2022-06-20,24.36,25950,-1.95(-6.99 %),168700,4425000000,0,0,27900,28000,25950
2022-06-21,22.67,24150,-1.85(-7.12 %),324900,7925000000,0,0,24150,25950,24150
2022-06-22,23.0,24500,0.3(1.24 %),201600,5003000000,0,0,25700,25700,24150
2022-06-23,24.6,26200,1.7(6.94 %),131000,3425000000,0,0,26200,26200,25900
2022-06-24,26.29,28000,1.8(6.87 %),81100,2270000000,0,0,28000,28000,28000
2022-06-27,28.12,29950,1.95(6.96 %),115200,3450000000,0,0,29950,29950,29950
2022-06-28,28.12,29950,-0.05(-0.17 %),426000,13027000000,0,0,32000,32000,28600
2022-06-29,28.17,30000,0(0.00 %),189100,5731000000,0,0,29950,31000,29950
2022-06-30,28.26,30100,0.1(0.33 %),122400,3778000000,0,0,31800,31800,30100
2022-07-01,29.67,31600,1.5(4.98 %),264700,8049000000,0,0,30800,31650,29250
2022-07-04,29.39,31300,-0.3(-0.95 %),211700,6750000000,0,0,32000,33400,30950
2022-07-05,28.73,30600,-0.7(-2.24 %),139500,4332000000,0,0,31300,31500,30600
2022-07-06,28.64,30500,-0.1(-0.33 %),231000,7059000000,0,0,30600,31500,29900
2022-07-07,28.17,30000,-0.5(-1.64 %),248100,7248000000,0,0,28950,30000,28550
2022-07-08,28.26,30100,0.1(0.33 %),214100,6441000000,0,0,29900,31000,29000
2022-07-11,27.7,29500,-0.6(-1.99 %),135900,4026000000,0,0,28600,30200,28600
2022-07-12,28.82,30700,1.2(4.07 %),270400,8197000000,0,0,29500,30900,29500
2022-07-13,28.97,30850,0.15(0.49 %),168700,5188000000,0,0,30500,31400,30150
2022-07-14,29.2,31100,0.2(0.65 %),167300,5191000000,0,0,30800,31600,30600
2022-07-15,28.82,30700,-0.4(-1.29 %),221300,6817000000,0,0,31400,31400,30500
2022-07-18,29.39,31300,0.6(1.95 %),223700,6994000000,0,0,30700,31500,30700
2022-07-19,29.11,31000,-0.3(-0.96 %),104500,3241000000,0,0,31300,31450,30700
2022-07-20,30.0,31950,0.95(3.06 %),272200,8703000000,0,0,31450,32500,31200
2022-07-21,29.29,31200,-0.8(-2.50 %),193400,6086000000,0,0,32000,32050,31200
2022-07-22,31.31,33350,2.15(6.89 %),573700,19021000000,0,0,31200,33350,31200
2022-07-25,31.36,33400,0(0.00 %),375600,12746000000,0,0,34000,34650,33400
2022-07-26,32.39,34500,1.1(3.29 %),228300,7852000000,0,0,33400,35300,33400
2022-07-27,32.06,34150,-0.35(-1.01 %),285400,9682000000,3000000,103500000000,34000,34300,33650
2022-07-28,32.81,34950,0.75(2.19 %),315400,10983000000,0,0,34850,35200,34500
2022-07-29,32.58,34700,-0.3(-0.86 %),302900,10527000000,0,0,35000,35150,34300
2022-08-01,32.58,34700,0(0.00 %),316800,11182000000,0,0,34700,36000,34700
2022-08-02,33.0,35150,0.45(1.30 %),249600,8830000000,0,0,35400,35800,35000
2022-08-03,33.8,36000,0.8(2.27 %),311700,11196000000,0,0,35150,36500,34700
2022-08-04,32.96,35100,-0.9(-2.50 %),248500,8829000000,0,0,36200,36450,35100
2022-08-05,33.05,35200,0.1(0.28 %),183500,6491000000,0,0,35100,36000,35000
2022-08-08,32.86,35000,-0.2(-0.57 %),344200,11966000000,0,0,35200,35500,34250
2022-08-09,33.24,35400,0.4(1.14 %),248500,8720000000,0,0,34700,35800,34500
2022-08-10,33.28,35450,0.05(0.14 %),224900,8030000000,0,0,35400,35950,34900
2022-08-11,33.1,35250,-0.25(-0.70 %),221900,7866000000,0,0,35800,35900,35000
2022-08-12,33.14,35300,0(0.00 %),128500,4500000000,0,0,34550,35450,34550
2022-08-15,35.44,37750,2.45(6.94 %),839100,31268000000,0,0,35300,37750,35300
2022-08-16,35.11,37400,-0.4(-1.06 %),230500,8699000000,0,0,38700,38700,37050
2022-08-17,35.21,37500,0.1(0.27 %),270800,10172000000,0,0,37950,38300,36800
2022-08-18,34.36,36600,-0.9(-2.40 %),375800,13873000000,0,0,36950,37350,36500
2022-08-19,34.55,36800,0.2(0.55 %),414600,15324000000,0,0,36800,38000,35850
2022-08-22,33.99,36200,-0.6(-1.63 %),221300,8051000000,0,0,36800,37000,36050
2022-08-23,35.11,37400,1.2(3.31 %),250500,9210000000,0,0,35800,37450,35800
2022-08-24,35.54,37850,0.45(1.20 %),386400,14693000000,0,0,37500,38500,37500
2022-08-25,35.07,37350,-0.55(-1.45 %),266500,9985000000,1340000,50719000000,37700,38000,37300
2022-08-26,35.11,37400,0(0.00 %),302900,11347000000,0,0,37300,38100,36600
2022-08-29,34.32,36550,-0.85(-2.27 %),451700,16276000000,0,0,36000,37200,35500
2022-08-30,33.85,36050,-0.55(-1.50 %),144300,5284000000,0,0,37300,37300,36050
2022-08-31,34.13,36350,0.25(0.69 %),145100,5209000000,0,0,36000,36400,35500
2022-09-05,33.8,36000,-0.4(-1.10 %),159800,5758000000,0,0,36300,36300,35850
2022-09-06,34.08,36300,0.3(0.83 %),172000,6221000000,0,0,36500,36500,36000
2022-09-07,31.73,33800,-2.5(-6.89 %),352900,12324000000,0,0,36150,36200,33800
2022-09-08,29.58,31500,-2.3(-6.80 %),478300,15595000000,0,0,34300,34300,31500
2022-09-09,30.04,32000,0.5(1.59 %),241100,7658000000,0,0,31500,32350,31300
2022-09-12,30.28,32250,0.25(0.78 %),135100,4356000000,0,0,32100,32800,32000
2022-09-13,29.81,31750,-0.55(-1.70 %),151900,4845000000,0,0,32200,32250,31500
2022-09-14,29.81,31750,-0.05(-0.16 %),252400,7817000000,0,0,30000,31800,30000
2022-09-15,29.58,31500,-0.3(-0.94 %),95000,3012000000,0,0,31750,32400,31500
2022-09-16,29.06,30950,-0.55(-1.75 %),115400,3588000000,0,0,31000,31500,30500
2022-09-19,27.09,28850,-2.15(-6.94 %),472800,13869000000,0,0,30950,30950,28800
2022-09-20,27.7,29500,0.6(2.08 %),166100,4816000000,0,0,28900,29500,28300
2022-09-21,27.51,29300,-0.2(-0.68 %),70400,2065000000,0,0,28700,29650,28700
2022-09-22,27.98,29800,0.5(1.71 %),152200,4452000000,0,0,29250,29800,28700
2022-09-23,28.35,30200,0.4(1.34 %),140000,4246000000,0,0,30400,30800,29900
2022-09-26,26.66,28400,-1.8(-5.96 %),191500,5516000000,0,0,29600,29850,28300
2022-09-27,26.71,28450,0.05(0.18 %),85500,2445000000,0,0,28300,29000,28250
2022-09-28,26.71,28450,-0.05(-0.18 %),179200,5025000000,0,0,28600,28600,26600
2022-09-29,25.35,27000,-1.5(-5.26 %),106200,2954000000,0,0,28600,28800,26800
2022-09-30,25.44,27100,0.1(0.37 %),232600,6076000000,0,0,25800,27200,25300
2022-10-03,24.41,26000,-1.1(-4.06 %),169900,4374000000,0,0,27100,27100,25250
2022-10-04,24.32,25900,-0.1(-0.38 %),128100,3272000000,0,0,26000,26400,24800
2022-10-05,25.26,26900,1(3.86 %),128700,3419000000,0,0,26200,27100,26100
2022-10-06,24.41,26000,-0.9(-3.35 %),71100,1857000000,0,0,26900,27100,25300
2022-10-07,22.72,24200,-1.8(-6.92 %),269700,6565000000,0,0,25900,25900,24200
2022-10-10,22.72,24200,0(0.00 %),147900,3444000000,0,0,22600,24200,22550
2022-10-11,21.17,22550,-1.65(-6.82 %),124100,2821000000,0,0,23600,23700,22550
2022-10-12,21.17,22550,-0.05(-0.22 %),221800,4897000000,0,0,21350,23000,21000
2022-10-13,21.22,22600,0(0.00 %),113800,2573000000,0,0,22050,23000,22050
2022-10-14,21.59,23000,0.4(1.77 %),150600,3459000000,0,0,22650,23300,22650
2022-10-17,21.31,22700,-0.3(-1.30 %),66700,1511000000,0,0,23000,23000,22400
2022-10-18,22.25,23700,1(4.41 %),167100,3942000000,0,0,23300,23900,23050
2022-10-19,22.06,23500,-0.2(-0.84 %),69400,1629000000,0,0,23600,24000,23000
2022-10-20,21.27,22650,-0.85(-3.62 %),74900,1710000000,0,0,23350,23350,22600
2022-10-21,19.81,21100,-1.6(-7.05 %),294800,6279000000,0,0,22700,22700,21100
2022-10-24,18.45,19650,-1.45(-6.87 %),165200,3285000000,0,0,21100,21600,19650
2022-10-25,18.45,19650,-0.05(-0.25 %),451200,8371000000,0,0,18300,19650,18300
2022-10-26,18.45,19650,-0.05(-0.25 %),137100,2633000000,0,0,18400,19650,18400
2022-10-27,18.6,18600,0.2(1.09 %),163000,2975000000,0,0,18250,19200,18250
2022-10-28,18.6,18600,0(0.00 %),67900,1268000000,0,0,19350,19350,18400
2022-10-31,18.5,18500,-0.1(-0.54 %),221400,3917000000,0,0,17900,18600,17300
2022-11-01,18.6,18600,0.1(0.54 %),192000,3530000000,0,0,19000,19000,17900
2022-11-02,18.6,18600,0(0.00 %),74500,1374000000,0,0,18550,18900,18250
2022-11-03,18.55,18550,-0.05(-0.27 %),56400,1034000000,0,0,18500,18550,18050
2022-11-04,18.5,18500,-0.1(-0.54 %),347800,6182000000,0,0,18200,18500,17300
2022-11-07,18.0,18000,-0.5(-2.70 %),256400,4510000000,0,0,18350,18350,17250
2022-11-08,17.8,17800,-0.2(-1.11 %),300500,5215000000,0,0,17900,17900,16750
2022-11-09,16.6,16600,-1.2(-6.74 %),311500,5204000000,1394283,24818237400,16650,17500,16600
2022-11-10,15.45,15450,-1.15(-6.93 %),729100,11291000000,0,0,15450,16300,15450
2022-11-11,16.05,16050,0.55(3.55 %),617700,9641000000,0,0,14550,16050,14400
2022-11-14,16.5,16500,0.4(2.48 %),408300,6542000000,0,0,15050,16500,14950
2022-11-15,16.0,16000,-0.5(-3.03 %),264600,4179000000,0,0,16000,16500,15400
2022-11-16,16.8,16800,0.8(5.00 %),165300,2665000000,0,0,15050,16800,15000
2022-11-17,17.0,17000,0.2(1.19 %),105700,1797000000,0,0,17300,17400,16550
2022-11-18,17.0,17000,0(0.00 %),153300,2537000000,0,0,16800,17000,15950
2022-11-21,16.8,16800,-0.2(-1.18 %),94900,1582000000,0,0,16550,16900,16400
2022-11-22,16.65,16650,-0.15(-0.89 %),347700,5833000000,0,0,16750,17500,16200
2022-11-23,16.5,16500,-0.2(-1.20 %),172500,2811000000,0,0,16650,16650,15850
2022-11-24,16.4,16400,-0.1(-0.61 %),168200,2703000000,0,0,16350,16400,15550
2022-11-25,16.5,16500,0.1(0.61 %),105100,1703000000,0,0,15850,16500,15800
2022-11-28,17.2,17200,0.7(4.24 %),260300,4436000000,0,0,16500,17400,16500
2022-11-29,18.1,18100,0.9(5.23 %),380200,6747000000,0,0,17400,18100,17100
2022-11-30,17.85,17850,-0.25(-1.38 %),200100,3603000000,0,0,18100,18400,17750
2022-12-01,18.95,18950,1.05(5.87 %),974400,18296000000,0,0,18500,19050,17900
2022-12-02,19.0,19000,0(0.00 %),603500,11083000000,0,0,19100,19200,17650
2022-12-05,18.0,18000,-1(-5.26 %),528400,9806000000,0,0,19200,19200,18000
2022-12-06,16.75,16750,-1.25(-6.94 %),549500,9296000000,0,0,17500,17550,16750
2022-12-07,15.6,15600,-1.2(-7.14 %),462800,7234000000,0,0,15600,16600,15600
2022-12-08,15.1,15100,-0.5(-3.21 %),1108700,16356000000,0,0,14700,15450,14550
2022-12-09,15.0,15000,-0.1(-0.66 %),855100,12921000000,0,0,15400,15900,14050
2022-12-12,14.6,14600,-0.4(-2.67 %),910500,13558000000,0,0,15100,15500,14550
2022-12-13,14.35,14350,-0.25(-1.71 %),655500,9140000000,0,0,14400,14900,13600
2022-12-14,14.55,14550,0.15(1.04 %),684700,9696000000,0,0,14400,14800,13800
2022-12-15,14.35,14350,-0.25(-1.71 %),341200,4874000000,0,0,14150,14600,14100
2022-12-16,15.25,15250,0.85(5.90 %),993700,14801000000,0,0,14100,15300,14100
2022-12-19,15.3,15300,0(0.00 %),746700,11694000000,0,0,15350,15900,15200
2022-12-20,14.25,14250,-1.05(-6.86 %),639700,9248000000,0,0,15200,15250,14250
2022-12-21,14.6,14600,0.3(2.10 %),709000,9704000000,0,0,14100,14600,13300
2022-12-22,14.5,14500,-0.1(-0.68 %),331300,4708000000,0,0,14500,14500,13800
2022-12-23,13.7,13700,-0.8(-5.52 %),159700,2232000000,0,0,14300,14300,13700
2022-12-26,12.9,12900,-0.8(-5.84 %),553000,7177000000,0,0,13300,13900,12750
2022-12-27,13.2,13200,0.3(2.33 %),229500,2936000000,0,0,12900,13200,12300
2022-12-28,12.8,12800,-0.4(-3.03 %),197000,2545000000,0,0,12900,13150,12700
2022-12-29,12.6,12600,-0.2(-1.56 %),218000,2760000000,0,0,12200,12950,12200
2022-12-30,12.25,12250,-0.35(-2.78 %),161600,2012000000,0,0,12600,12700,12250
2023-01-03,13.1,13100,0.8(6.50 %),212400,2739000000,0,0,12250,13100,12250
2023-01-04,12.9,12900,-0.2(-1.53 %),267000,3518000000,0,0,13400,13500,12900
2023-01-05,12.95,12950,0.05(0.39 %),193700,2492000000,0,0,12950,13050,12700
2023-01-06,12.9,12900,-0.1(-0.77 %),240600,3108000000,0,0,12950,13100,12750
2023-01-09,12.7,12700,-0.2(-1.55 %),249000,3176000000,0,0,12900,13200,12600
2023-01-10,12.65,12650,-0.05(-0.39 %),281800,3554000000,0,0,12550,12850,12350
2023-01-11,12.7,12700,0(0.00 %),237500,3069000000,250000,3162500000,12650,13200,12650
2023-01-12,12.7,12700,0(0.00 %),110100,1393000000,0,0,12600,12850,12600
2023-01-13,12.6,12600,-0.1(-0.79 %),248100,3141000000,0,0,12700,12800,12500
2023-01-16,12.6,12600,0(0.00 %),104800,1318000000,0,0,12750,12750,12450
2023-01-17,12.9,12900,0.3(2.38 %),277100,3561000000,0,0,12700,13050,12600
2023-01-18,13.0,13000,0.1(0.78 %),324800,4209000000,0,0,13050,13150,12800
2023-01-19,13.9,13900,0.9(6.92 %),660600,9130000000,0,0,13200,13900,13200
2023-01-27,14.85,14850,0.95(6.83 %),618400,9011000000,0,0,14400,14850,14100
2023-01-30,14.75,14750,-0.15(-1.01 %),866400,12997000000,0,0,14850,15500,14400
2023-01-31,15.5,15500,0.7(4.73 %),674500,10117000000,0,0,14800,15500,14500
2023-02-01,14.45,14450,-1.05(-6.77 %),908400,13392000000,0,0,15500,15900,14450
2023-02-02,13.55,13550,-0.95(-6.55 %),515600,7094000000,0,0,14300,14400,13500
2023-02-03,13.8,13800,0.2(1.47 %),151300,2078000000,0,0,13600,14100,13450
2023-02-06,14.1,14100,0.3(2.17 %),166800,2330000000,0,0,13800,14250,13600
2023-02-07,13.15,13150,-0.95(-6.74 %),439300,5928000000,0,0,14100,14100,13150
2023-02-08,13.2,13200,0(0.00 %),167000,2226000000,0,0,13300,13700,13050
2023-02-09,13.1,13100,-0.1(-0.76 %),160500,2117000000,0,0,13400,13400,13100
2023-02-10,12.7,12700,-0.4(-3.05 %),193100,2480000000,0,0,13000,13150,12600
2023-02-13,12.25,12250,-0.45(-3.54 %),584200,6986000000,0,0,12700,12700,11850
2023-02-14,12.25,12250,-0.05(-0.41 %),193700,2316000000,0,0,12250,12300,11600
2023-02-15,12.2,12200,-0.1(-0.81 %),323900,3939000000,0,0,12200,12450,11750
2023-02-16,12.3,12300,0.1(0.82 %),213100,2589000000,0,0,12200,12300,12000
2023-02-17,12.55,12550,0.25(2.03 %),284900,3570000000,0,0,12550,12900,12300
2023-02-20,13.4,13400,0.8(6.35 %),474300,6208000000,0,0,12500,13400,12500
2023-02-21,13.35,13350,-0.05(-0.37 %),399700,5401000000,0,0,14000,14000,13200
2023-02-22,12.5,12500,-0.9(-6.72 %),383700,4905000000,0,0,12650,13150,12500
2023-02-23,12.1,12100,-0.4(-3.20 %),399300,4800000000,0,0,12400,12500,11750
2023-02-24,12.3,12300,0.2(1.65 %),290000,3463000000,0,0,12150,12300,11750
2023-02-27,12.0,12000,-0.3(-2.44 %),389600,4546000000,0,0,12000,12000,11500
2023-02-28,11.95,11950,-0.05(-0.42 %),166800,1955000000,0,0,11900,12000,11500
2023-03-01,12.0,12000,0(0.00 %),442900,5130000000,0,0,11500,12000,11400
2023-03-02,11.7,11700,-0.3(-2.50 %),270000,3140000000,0,0,11700,11900,11500
2023-03-03,11.6,11600,-0.1(-0.85 %),324100,3709000000,0,0,11500,11600,11250
2023-03-06,11.6,11600,0(0.00 %),529200,6293000000,0,0,11950,12200,11600
2023-03-07,11.4,11400,-0.2(-1.72 %),259400,2978000000,0,0,11450,11700,11400
2023-03-08,11.4,11400,0(0.00 %),538100,5970000000,0,0,11250,11400,10800
2023-03-09,11.4,11400,0(0.00 %),332300,3742000000,0,0,11400,11400,11100
2023-03-10,11.25,11250,-0.15(-1.32 %),384600,4274000000,0,0,11150,11350,11000
2023-03-13,10.7,10700,-0.6(-5.31 %),474000,5152000000,0,0,10950,11050,10700
2023-03-14,10.05,10050,-0.65(-6.07 %),461900,4706000000,1000000,11000000000,10500,10500,10050
2023-03-15,10.6,10600,0.5(4.95 %),383900,4013000000,0,0,10500,10700,10200
2023-03-16,10.25,10250,-0.35(-3.30 %),303000,3129000000,1250000,13250000000,10500,10500,10200
2023-03-17,10.3,10300,0(0.00 %),115000,1193000000,0,0,10350,10550,10250
2023-03-20,10.3,10300,0(0.00 %),190300,1955000000,0,0,10450,10450,10100
2023-03-21,10.25,10250,-0.05(-0.49 %),111000,1138000000,0,0,10300,10350,10100
2023-03-22,10.3,10300,0(0.00 %),143800,1498000000,0,0,10600,10600,10250
2023-03-23,10.2,10200,-0.1(-0.97 %),96600,986000000,0,0,10200,10300,10100
2023-03-24,10.3,10300,0.1(0.98 %),199400,2060000000,0,0,10200,10450,10200
2023-03-27,11.0,11000,0.7(6.80 %),438800,4704000000,0,0,10300,11000,10300
2023-03-28,11.2,11200,0.2(1.82 %),720100,8238000000,0,0,11450,11700,11200
2023-03-29,11.15,11150,-0.05(-0.45 %),317500,3523000000,0,0,11600,11600,10900
2023-03-30,10.65,10650,-0.55(-4.91 %),434200,4768000000,0,0,11200,11350,10650
2023-03-31,10.9,10900,0.2(1.87 %),288200,3100000000,0,0,10700,11000,10500
2023-04-03,11.2,11200,0.3(2.75 %),568200,6368000000,0,0,11350,11400,11050
2023-04-04,11.5,11500,0.3(2.68 %),908400,10398000000,0,0,11400,11700,11250
2023-04-05,12.05,12050,0.55(4.78 %),1222800,14644000000,0,0,11500,12300,11500
2023-04-06,11.9,11900,-0.2(-1.65 %),965800,11863000000,0,0,12200,12600,11900
2023-04-07,11.9,11900,0(0.00 %),548800,6482000000,0,0,11800,12050,11600
2023-04-10,11.8,11800,-0.1(-0.84 %),510500,6089000000,0,0,12100,12250,11600
2023-04-11,12.0,12000,0.2(1.69 %),353000,4141000000,0,0,11800,12100,11500
2023-04-12,12.05,12050,0.05(0.42 %),698900,8450000000,0,0,12300,12300,11950
2023-04-13,11.65,11650,-0.45(-3.72 %),284600,3365000000,0,0,12050,12050,11650
2023-04-14,11.0,11000,-0.7(-5.98 %),825600,9356000000,0,0,11700,11700,11000
2023-04-17,10.7,10700,-0.3(-2.73 %),581100,6310000000,0,0,11100,11100,10700
2023-04-18,11.2,11200,0.5(4.67 %),431000,4731000000,0,0,10800,11350,10500
2023-04-19,10.95,10950,-0.25(-2.23 %),287100,3199000000,0,0,11250,11350,10950
2023-04-20,11.0,11000,0(0.00 %),304500,3326000000,0,0,10800,11100,10750
2023-04-21,10.7,10700,-0.3(-2.73 %),477700,5155000000,0,0,11100,11100,10600
2023-04-24,11.4,11400,0.7(6.54 %),812800,9153000000,0,0,10850,11400,10500
2023-04-25,12.15,12150,0.75(6.58 %),369300,4486000000,0,0,12150,12150,12150
2023-04-26,12.5,12500,0.3(2.46 %),1937900,24456000000,0,0,13000,13000,12150
2023-04-27,12.5,12500,0(0.00 %),851400,10565000000,0,0,12600,12600,12150
2023-04-28,13.1,13100,0.6(4.80 %),1413100,18070000000,0,0,12650,13200,12450
2023-05-04,12.85,12850,-0.25(-1.91 %),1166700,15177000000,0,0,12700,13300,12700
2023-05-05,12.5,12500,-0.35(-2.72 %),928500,11630000000,0,0,12850,12850,12300
2023-05-08,12.85,12850,0.35(2.80 %),932900,11834000000,0,0,12650,12850,12450
2023-05-09,13.0,13000,0.1(0.78 %),796400,10450000000,0,0,13000,13500,12850
2023-05-10,13.25,13250,0.25(1.92 %),1274900,16868000000,0,0,13000,13400,12900
2023-05-11,13.35,13350,0.05(0.38 %),991500,13277000000,0,0,13500,13550,13250
2023-05-12,13.65,13650,0.25(1.87 %),885800,12016000000,0,0,13300,13700,13150
2023-05-15,13.0,13000,-0.65(-4.76 %),1249400,16653000000,0,0,13850,13850,13000
2023-05-16,13.0,13000,0(0.00 %),990900,12858000000,0,0,13000,13250,12700
2023-05-17,12.8,12800,-0.2(-1.54 %),603700,7854000000,0,0,12900,13300,12800
2023-05-18,12.5,12500,-0.3(-2.34 %),1009300,12755000000,0,0,12850,12850,12500
2023-05-19,12.7,12700,0.2(1.60 %),606500,7567000000,0,0,12700,12700,12300
2023-05-22,13.0,13000,0.3(2.36 %),822600,10652000000,0,0,12700,13100,12700
2023-05-23,12.85,12850,-0.15(-1.15 %),712500,9280000000,0,0,13100,13300,12800
2023-05-24,13.0,13000,0.15(1.17 %),798400,10444000000,0,0,13000,13300,12800
2023-05-25,13.0,13000,0(0.00 %),626300,8191000000,0,0,13050,13250,12900
2023-05-26,13.9,13900,0.9(6.92 %),1992200,27294000000,0,0,13250,13900,13150
2023-05-29,14.15,14150,0.25(1.80 %),1075500,15318000000,0,0,14300,14400,14100
2023-05-30,14.25,14250,0.1(0.71 %),1720300,24041000000,0,0,14250,14300,13800
2023-05-31,14.9,14900,0.65(4.56 %),1468000,21347000000,0,0,14250,15000,14000
2023-06-01,14.45,14450,-0.45(-3.02 %),1029600,15107000000,0,0,14900,15000,14450
2023-06-02,14.55,14550,0.1(0.69 %),747400,10893000000,0,0,14800,14800,14400
2023-06-05,14.35,14350,-0.2(-1.37 %),668300,9679000000,0,0,14600,14650,14350
2023-06-06,14.75,14750,0.4(2.79 %),816900,11876000000,0,0,14350,14750,14050
2023-06-07,15.0,15000,0.25(1.69 %),1080800,16137000000,0,0,14950,15250,14650
2023-06-08,14.9,14900,-0.1(-0.67 %),2296100,34886000000,0,0,15150,15500,14900
2023-06-09,15.2,15200,0.3(2.01 %),948100,13878000000,0,0,14900,15200,14400
2023-06-12,14.75,14750,-0.45(-2.96 %),1063800,15729000000,0,0,15200,15300,14600
2023-06-13,14.8,14800,0.05(0.34 %),1453500,21344000000,0,0,14800,15100,14500
2023-06-14,14.5,14500,-0.3(-2.03 %),733100,10718000000,0,0,15000,15000,14500
2023-06-15,14.15,14150,-0.35(-2.41 %),895900,12743000000,0,0,14400,14450,14100
2023-06-16,14.05,14050,-0.15(-1.06 %),850100,12110000000,0,0,14250,14500,14050
2023-06-19,13.75,13750,-0.35(-2.48 %),696000,9716000000,0,0,13950,14400,13750
2023-06-20,14.2,14200,0.4(2.90 %),597400,8287000000,0,0,13750,14200,13750
2023-06-21,14.35,14350,0.15(1.06 %),539200,7707000000,0,0,14200,14450,14150
2023-06-22,14.6,14600,0.25(1.74 %),1021900,14880000000,0,0,14500,14700,14450
2023-06-23,14.5,14500,-0.1(-0.68 %),825000,11947000000,0,0,14650,14700,14200
2023-06-26,14.25,14250,-0.25(-1.72 %),613700,8715000000,0,0,14500,14600,13900
2023-06-27,14.4,14400,0.1(0.70 %),359600,5160000000,0,0,14250,14500,14250
2023-06-28,14.8,14800,0.4(2.78 %),1283300,18789000000,0,0,14400,14800,14400
2023-06-29,14.55,14550,-0.25(-1.69 %),985600,14521000000,0,0,14950,15000,14400
2023-06-30,14.1,14100,-0.5(-3.42 %),612400,8707000000,0,0,14300,14450,14050
2023-07-03,13.9,13900,-0.2(-1.42 %),584300,8140000000,2000000,28200000000,14150,14300,13800
2023-07-04,14.2,14200,0.3(2.16 %),373400,5231000000,0,0,13900,14200,13900
2023-07-05,14.2,14200,0(0.00 %),700800,10061000000,0,0,14400,14500,14200
2023-07-06,13.9,13900,-0.3(-2.11 %),688600,9612000000,0,0,14100,14200,13850
2023-07-07,13.85,13850,-0.05(-0.36 %),624100,8537000000,0,0,13900,13900,13450
2023-07-10,14.1,14100,0.2(1.44 %),653100,9210000000,1076230,14905785500,13850,14300,13850
2023-07-11,14.05,14050,-0.05(-0.35 %),821500,11550000000,0,0,14100,14150,13950
2023-07-12,13.95,13950,-0.15(-1.06 %),900800,12578000000,0,0,14100,14100,13850
2023-07-13,14.9,14900,0.9(6.43 %),2572400,37539000000,0,0,14000,14900,14000
2023-07-14,15.15,15150,0.25(1.68 %),2066600,31391000000,0,0,15300,15400,14900
2023-07-17,16.2,16200,1(6.58 %),1905100,30550000000,0,0,15250,16200,15250
2023-07-18,16.55,16550,0.35(2.16 %),2060600,33537000000,0,0,16200,16650,15950
2023-07-19,15.9,15900,-0.7(-4.22 %),1745700,28165000000,0,0,16500,16550,15850
2023-07-20,17.0,17000,1.1(6.92 %),2470300,40784000000,0,0,15900,17000,15800
2023-07-21,17.5,17500,0.5(2.94 %),1187900,20709000000,0,0,17800,17800,17200
2023-07-24,17.65,17650,0.15(0.86 %),1797600,31612000000,0,0,17600,17950,17000
2023-07-25,17.15,17150,-0.55(-3.11 %),1280900,22300000000,0,0,17650,17850,17100
2023-07-26,17.85,17850,0.7(4.08 %),1265600,22327000000,0,0,17150,18200,17150
2023-07-27,18.2,18200,0.3(1.68 %),1653300,29746000000,0,0,17700,18450,17450
2023-07-28,18.05,18050,-0.15(-0.82 %),1319700,24039000000,0,0,17950,18550,17950
2023-07-31,17.9,17900,-0.2(-1.10 %),1277900,22607000000,0,0,18000,18000,17400
2023-08-01,17.4,17400,-0.5(-2.79 %),1662400,29720000000,0,0,18000,18500,17400
2023-08-02,17.75,17750,0.35(2.01 %),1003500,17672000000,0,0,17400,17950,17150
2023-08-03,18.05,18050,0.25(1.40 %),1190500,21463000000,0,0,17900,18500,17750
2023-08-04,19.3,19300,1.25(6.93 %),2496700,47451000000,0,0,18600,19300,18400
2023-08-07,19.75,19750,0.45(2.33 %),1426700,27818000000,0,0,20000,20000,19300
2023-08-08,19.2,19200,-0.55(-2.78 %),1445600,28092000000,0,0,19700,19750,19200
2023-08-09,20.05,20050,0.85(4.43 %),1901900,38000000000,0,0,19200,20500,19050
2023-08-10,19.95,19950,-0.1(-0.50 %),991800,19988000000,0,0,20050,20500,19800
2023-08-11,20.1,20100,0.15(0.75 %),1210400,23768000000,0,0,19950,20100,19200
2023-08-14,20.6,20600,0.5(2.49 %),1499200,31074000000,0,0,20100,21300,20100
2023-08-15,20.2,20200,-0.4(-1.94 %),893000,18228000000,0,0,20600,20850,20200
2023-08-16,20.2,20200,0(0.00 %),1047200,20885000000,0,0,19900,20350,19700
2023-08-17,20.3,20300,0.1(0.50 %),1239700,25239000000,0,0,20200,20900,20000
2023-08-18,18.9,18900,-1.4(-6.90 %),1525400,29635000000,0,0,20100,20150,18900
2023-08-21,17.8,17800,-1.1(-5.82 %),1856300,33577000000,0,0,18300,18800,17700
2023-08-22,18.2,18200,0.4(2.25 %),1179900,20798000000,0,0,17800,18300,17000
2023-08-23,17.85,17850,-0.35(-1.92 %),843100,15382000000,0,0,18350,18500,17800
2023-08-24,19.05,19050,1.2(6.72 %),1567200,28895000000,0,0,18100,19050,17800
2023-08-25,19.1,19100,0.05(0.26 %),1216100,23173000000,0,0,18950,19450,18650
2023-08-28,19.5,19500,0.4(2.09 %),1186700,22920000000,0,0,19000,19700,18900
2023-08-29,19.55,19550,0.05(0.26 %),1184200,23320000000,0,0,19800,20150,19400
2023-08-30,19.95,19950,0.4(2.05 %),1162000,23110000000,0,0,19750,20350,19500
2023-08-31,19.8,19800,-0.15(-0.75 %),948700,18964000000,0,0,20050,20300,19800
2023-09-05,19.5,19500,-0.3(-1.52 %),1550200,30656000000,0,0,20000,20150,19450
2023-09-06,20.6,20600,1.1(5.64 %),1656600,32777000000,0,0,19500,20600,19300
2023-09-07,21.6,21600,1(4.85 %),2911300,62532000000,0,0,20700,22000,20600
2023-09-08,21.65,21650,0.05(0.23 %),1032900,22254000000,0,0,21600,21750,21400
2023-09-11,20.15,20150,-1.5(-6.93 %),2558900,53088000000,0,0,22000,22000,20150
2023-09-12,21.0,21000,0.85(4.22 %),1276700,25947000000,0,0,20100,21000,19600
2023-09-13,20.5,20500,-0.5(-2.38 %),1549700,32517000000,0,0,21000,21700,19850
2023-09-14,19.15,19150,-1.35(-6.59 %),1749100,34505000000,0,0,20300,20550,19150
2023-09-15,19.6,19600,0.45(2.35 %),837700,16230000000,0,0,19200,19850,18950
2023-09-18,19.25,19250,-0.35(-1.79 %),743500,14235000000,0,0,19750,19750,18750
2023-09-19,18.8,18800,-0.45(-2.34 %),1450300,26925000000,0,0,19250,19450,17950
2023-09-20,19.7,19700,0.9(4.79 %),867700,16503000000,0,0,18650,19750,18150
2023-09-21,19.0,19000,-0.7(-3.55 %),881600,17082000000,0,0,19700,19850,19000
2023-09-22,18.1,18100,-0.9(-4.74 %),1151800,20913000000,0,0,18500,18550,17750
2023-09-25,16.85,16850,-1.25(-6.91 %),1094300,19094000000,0,0,17800,18300,16850
2023-09-26,16.0,16000,-0.85(-5.04 %),1074400,18143000000,0,0,16700,17600,16000
2023-09-27,16.8,16800,0.8(5.00 %),779900,12464000000,0,0,15900,16800,15500
2023-09-28,16.15,16150,-0.65(-3.87 %),1221400,19827000000,0,0,16800,16900,15650
2023-09-29,16.5,16500,0.35(2.17 %),463800,7625000000,0,0,16400,16650,16250
2023-10-02,16.4,16400,-0.1(-0.61 %),533700,8839000000,0,0,16500,16950,16400
2023-10-03,15.3,15300,-1.1(-6.71 %),985800,15349000000,0,0,16100,16150,15300
2023-10-04,15.2,15200,-0.1(-0.65 %),677600,10202000000,0,0,14700,15600,14550
2023-10-05,14.55,14550,-0.65(-4.28 %),443400,6710000000,0,0,15600,15600,14550
2023-10-06,15.55,15550,1(6.87 %),391600,6006000000,0,0,14550,15550,14550
2023-10-09,16.6,16600,1.05(6.75 %),901000,14810000000,0,0,16050,16600,15950
2023-10-10,16.3,16300,-0.3(-1.81 %),529300,8704000000,0,0,16850,16850,16300
2023-10-11,16.7,16700,0.4(2.45 %),436600,7130000000,0,0,16300,16700,16050
2023-10-12,16.8,16800,0.1(0.60 %),607600,10316000000,0,0,17000,17600,16600
2023-10-13,16.8,16800,0(0.00 %),670500,11054000000,0,0,16500,17150,16050
2023-10-16,16.25,16250,-0.55(-3.27 %),388200,6401000000,0,0,16800,17050,16100
2023-10-17,15.5,15500,-0.75(-4.62 %),541300,8671000000,0,0,16300,16350,15500
2023-10-18,14.45,14450,-1.05(-6.77 %),875700,13008000000,0,0,15250,15600,14450
2023-10-19,14.75,14750,0.3(2.08 %),435000,6380000000,0,0,14200,15250,14200
2023-10-20,15.5,15500,0.75(5.08 %),534400,8074000000,0,0,14750,15500,14550
2023-10-23,15.4,15400,-0.1(-0.65 %),299300,4613000000,0,0,15450,15800,15100
2023-10-24,15.6,15600,0.2(1.30 %),304400,4716000000,1930000,29915000000,15550,15750,15100
2023-10-25,15.6,15600,0(0.00 %),453100,7152000000,1930000,29915000000,15650,16000,15600
2023-10-26,14.55,14550,-1.05(-6.73 %),963900,14097000000,1988270,30818185000,15100,15300,14550
2023-10-27,15.15,15150,0.6(4.12 %),873700,12569000000,0,0,14550,15200,13600
2023-10-30,15.15,15150,0(0.00 %),663600,10147000000,0,0,14900,15700,14700
2023-10-31,14.3,14300,-0.85(-5.61 %),841200,12619000000,0,0,15250,15500,14300
2023-11-01,14.45,14450,0.15(1.05 %),421300,5936000000,0,0,14200,14650,13650
2023-11-02,15.45,15450,1(6.92 %),821200,12378000000,0,0,14500,15450,14450
2023-11-03,15.8,15800,0.35(2.27 %),790500,12283000000,0,0,15600,15800,15150
2023-11-06,15.6,15600,-0.2(-1.27 %),590600,9220000000,400000,6320000000,15800,16000,15400
2023-11-07,15.15,15150,-0.45(-2.88 %),852200,13071000000,0,0,15600,15800,15100
2023-11-08,16.2,16200,1.05(6.93 %),1318300,20872000000,0,0,15050,16200,15000
2023-11-09,16.7,16700,0.5(3.09 %),1769600,29608000000,0,0,16650,17200,16300
2023-11-10,16.4,16400,-0.3(-1.80 %),1465800,24548000000,0,0,16300,17250,16200
2023-11-13,16.5,16500,0.1(0.61 %),1106900,18219000000,0,0,16450,16950,16000
2023-11-14,16.35,16350,-0.15(-0.91 %),1541200,25497000000,0,0,16700,16950,16150
2023-11-15,16.25,16250,-0.1(-0.61 %),1046100,17291000000,0,0,16900,16900,16100
2023-11-16,17.35,17350,1.1(6.77 %),1672500,27954000000,0,0,16300,17350,16100
2023-11-17,16.85,16850,-0.5(-2.88 %),2211700,38124000000,0,0,17550,17800,16600
2023-11-20,17.0,17000,0.15(0.89 %),1453300,24515000000,0,0,16500,17300,16500
2023-11-21,17.1,17100,0.1(0.59 %),956800,16399000000,200000,3400000000,17400,17400,16950
2023-11-22,17.9,17900,0.8(4.68 %),1854400,32504000000,0,0,17050,18100,17000
2023-11-23,16.65,16650,-1.25(-6.98 %),1861800,32723000000,0,0,18200,18200,16650
2023-11-24,16.6,16600,-0.05(-0.30 %),1790500,29176000000,0,0,16700,16750,15850
2023-11-27,16.2,16200,-0.4(-2.41 %),580400,9582000000,0,0,16700,16900,16200
2023-11-28,16.25,16250,0.05(0.31 %),1147800,18315000000,0,0,16100,16350,15700
2023-11-29,16.4,16400,0.15(0.92 %),892700,14579000000,0,0,16250,16500,16100
2023-11-30,16.25,16250,-0.15(-0.91 %),732400,12011000000,0,0,16250,16600,16200
2023-12-01,16.25,16250,0(0.00 %),973000,15672000000,0,0,16300,16400,15900
2023-12-04,16.8,16800,0.55(3.38 %),1229100,20503000000,0,0,16350,17000,16350
2023-12-05,16.6,16600,-0.2(-1.19 %),947700,15877000000,0,0,16800,16900,16600
2023-12-06,17.15,17150,0.55(3.31 %),1551500,26231000000,0,0,16600,17150,16600
2023-12-07,17.25,17250,0.1(0.58 %),2442300,42214000000,0,0,17300,17900,16750
2023-12-08,17.0,17000,-0.25(-1.45 %),1075700,18354000000,0,0,17050,17400,16700
2023-12-11,16.6,16600,-0.4(-2.35 %),978700,16284000000,0,0,17000,17000,16500
2023-12-12,16.45,16450,-0.15(-0.90 %),786900,13001000000,0,0,16600,16700,16400
2023-12-13,16.1,16100,-0.35(-2.13 %),888100,14472000000,0,0,16500,16700,15950
2023-12-14,15.75,15750,-0.35(-2.17 %),864900,13865000000,0,0,16200,16300,15650
2023-12-15,15.9,15900,0.15(0.95 %),557100,8888000000,0,0,15750,16100,15750
2023-12-18,15.6,15600,-0.3(-1.89 %),316800,5011000000,0,0,16000,16000,15600
2023-12-19,15.7,15700,0.1(0.64 %),704200,10978000000,0,0,15850,15900,15350
2023-12-20,16.0,16000,0.3(1.91 %),352200,5617000000,0,0,15950,16100,15750
2023-12-21,15.85,15850,-0.15(-0.94 %),481300,7618000000,0,0,15900,16000,15750
2023-12-22,15.95,15950,0.1(0.63 %),584300,9338000000,0,0,15900,16100,15800
2023-12-25,16.15,16150,0.2(1.25 %),531600,8508000000,0,0,15900,16200,15800
2023-12-26,16.15,16150,0(0.00 %),387100,6273000000,0,0,16200,16450,16100
2023-12-27,15.9,15900,-0.25(-1.55 %),669700,10730000000,0,0,16150,16300,15900
2023-12-28,15.8,15800,-0.1(-0.63 %),588100,9347000000,400000,6400000000,15900,16000,15750
2023-12-29,16.0,16000,0.2(1.27 %),531200,8453000000,0,0,15800,16050,15800
2024-01-02,15.75,15750,-0.25(-1.56 %),539400,8556000000,0,0,16100,16150,15700
2024-01-03,15.9,15900,0.15(0.95 %),540800,8552000000,0,0,15700,15900,15700
2024-01-04,16.05,16050,0.15(0.94 %),2075200,33395000000,0,0,15900,16300,15800
2024-01-05,16.1,16100,0.05(0.31 %),701700,11269000000,0,0,16250,16250,15900
2024-01-08,16.2,16200,0.1(0.62 %),1433100,23284000000,0,0,16250,16500,16100
2024-01-09,16.1,16100,-0.1(-0.62 %),886400,14307000000,1801757,27566882100,16200,16350,16000
2024-01-10,15.75,15750,-0.35(-2.17 %),931200,14796000000,1635000,25015500000,16000,16150,15750
2024-01-11,15.7,15700,-0.05(-0.32 %),745900,11767000000,0,0,15700,15950,15650
2024-01-12,15.05,15050,-0.65(-4.14 %),1275000,19545000000,0,0,15550,15700,15050
2024-01-15,14.6,14600,-0.45(-2.99 %),749100,11219000000,0,0,15300,15350,14600
2024-01-16,15.15,15150,0.55(3.77 %),577400,8591000000,0,0,14600,15300,14500
2024-01-17,15.05,15050,-0.1(-0.66 %),421400,6372000000,0,0,15050,15350,14950
2024-01-18,15.15,15150,0.1(0.66 %),334200,5085000000,0,0,15050,15400,15050
2024-01-19,15.1,15100,-0.05(-0.33 %),258600,3909000000,0,0,15350,15350,15000
2024-01-22,15.2,15200,0.1(0.66 %),914400,13734000000,0,0,15050,15200,14900
2024-01-23,15.0,15000,-0.2(-1.32 %),280000,4220000000,0,0,15100,15250,15000
2024-01-24,14.95,14950,-0.05(-0.33 %),413300,6192000000,0,0,15000,15100,14900
2024-01-25,14.75,14750,-0.2(-1.34 %),309500,4607000000,0,0,14950,15000,14750
2024-01-26,14.85,14850,0.1(0.68 %),256500,3819000000,0,0,14900,15050,14800
2024-01-29,14.85,14850,0(0.00 %),239700,3570000000,0,0,14850,15000,14850
2024-01-30,14.75,14750,-0.1(-0.67 %),842400,12326000000,0,0,14700,14900,14500
2024-01-31,14.65,14650,-0.1(-0.68 %),620200,9223000000,0,0,14850,15100,14650
2024-02-01,14.8,14800,0.15(1.02 %),656000,9722000000,0,0,14600,14950,14600
2024-02-02,15.15,15150,0.35(2.36 %),1294100,19616000000,0,0,14950,15350,14900
2024-02-05,14.8,14800,-0.35(-2.31 %),515300,7737000000,0,0,15300,15300,14800
2024-02-06,15.15,15150,0.35(2.36 %),725900,10883000000,0,0,14900,15150,14850
2024-02-07,14.9,14900,-0.25(-1.65 %),551300,8292000000,0,0,15150,15250,14900
2024-02-15,15.1,15100,0.2(1.34 %),627600,9450000000,0,0,15000,15150,14950
2024-02-16,15.25,15250,0.15(0.99 %),934800,14350000000,0,0,15150,15500,15100
2024-02-19,15.3,15300,0.05(0.33 %),653600,9950000000,0,0,15250,15350,15150
2024-02-20,15.35,15350,0.05(0.33 %),885200,13679000000,0,0,15450,15600,15300
2024-02-21,15.5,15500,0.15(0.98 %),908900,14052000000,0,0,15350,15700,15200
2024-02-22,15.3,15300,-0.2(-1.29 %),459900,7069000000,0,0,15500,15500,15300
2024-02-23,14.8,14800,-0.5(-3.27 %),1280400,19255000000,0,0,15300,15350,14700
2024-02-26,14.75,14750,-0.05(-0.34 %),527300,7767000000,0,0,14800,14900,14600
2024-02-27,15.05,15050,0.3(2.03 %),567300,8429000000,0,0,14900,15100,14700
2024-02-28,14.9,14900,-0.15(-1.00 %),483600,7239000000,0,0,15050,15050,14900
2024-02-29,14.85,14850,-0.05(-0.34 %),454700,6788000000,0,0,14900,15000,14850
2024-03-01,15.0,15000,0.15(1.01 %),677800,10158000000,0,0,14850,15150,14850
2024-03-04,15.25,15250,0.25(1.67 %),1328900,20251000000,0,0,15200,15400,15100
2024-03-05,16.3,16300,1.05(6.89 %),4114300,65902000000,0,0,15250,16300,15150
2024-03-06,15.95,15950,-0.35(-2.15 %),1384100,22576000000,0,0,16450,16600,15950
2024-03-07,16.4,16400,0.4(2.50 %),2101200,33816000000,0,0,16000,16450,15750
2024-03-08,15.85,15850,-0.55(-3.35 %),1695600,27206000000,0,0,16400,16500,15850
2024-03-11,15.65,15650,-0.2(-1.26 %),1196000,18936000000,0,0,15850,16200,15550
2024-03-12,15.0,15000,-0.65(-4.15 %),1887800,28896000000,0,0,15800,15800,15000
2024-03-13,15.7,15700,0.7(4.67 %),1630500,24852000000,0,0,15100,15750,14950
2024-03-14,15.5,15500,-0.2(-1.27 %),1283300,20090000000,600000,8880000000,15800,15950,15400
2024-03-15,15.7,15700,0.2(1.29 %),2232900,35636000000,0,0,15500,16300,15500
2024-03-18,15.95,15950,0.25(1.59 %),2344600,37138000000,0,0,16000,16400,15200
2024-03-19,15.75,15750,-0.2(-1.25 %),1027800,16388000000,0,0,16300,16300,15700
2024-03-20,15.75,15750,0(0.00 %),819900,12806000000,0,0,15800,15800,15500
2024-03-21,16.2,16200,0.45(2.86 %),2490700,40226000000,0,0,16100,16450,15750
2024-03-22,16.1,16100,-0.1(-0.62 %),1601700,25941000000,0,0,16350,16500,16000
2024-03-25,16.4,16400,0.3(1.86 %),2296600,37720000000,0,0,16050,16750,16050
2024-03-26,16.9,16900,0.5(3.05 %),1663400,27611000000,0,0,16250,16900,16050
2024-03-27,16.9,16900,0(0.00 %),1698200,28837000000,0,0,17000,17150,16850
2024-03-28,16.6,16600,-0.3(-1.78 %),1230800,20534000000,0,0,17050,17050,16500
2024-03-29,16.3,16300,-0.3(-1.81 %),1250200,20542000000,0,0,16600,16650,16300
2024-04-01,16.9,16900,0.6(3.68 %),1337900,22258000000,0,0,16300,16900,16300
2024-04-02,16.9,16900,0(0.00 %),1045100,17492000000,0,0,16900,16900,16600
2024-04-03,16.4,16400,-0.5(-2.96 %),1487600,24786000000,0,0,16900,16950,16400
2024-04-04,16.0,16000,-0.4(-2.44 %),1506600,24310000000,0,0,16300,16450,15900
2024-04-05,15.9,15900,-0.1(-0.62 %),1395200,22082000000,0,0,15750,16150,15600
2024-04-08,15.75,15750,-0.15(-0.94 %),748800,11815000000,0,0,16000,16000,15650
2024-04-09,15.6,15600,-0.15(-0.95 %),1446500,22444000000,0,0,15750,15800,15350
2024-04-10,15.2,15200,-0.4(-2.56 %),788700,12187000000,0,0,15750,15750,15200
2024-04-11,15.2,15200,0(0.00 %),1108000,16726000000,0,0,15100,15250,15000
2024-04-12,15.2,15200,0(0.00 %),791700,12046000000,0,0,15300,15400,15150
2024-04-15,14.15,14150,-1.05(-6.91 %),1962900,28669000000,0,0,15200,15200,14150
2024-04-16,13.5,13500,-0.65(-4.59 %),1482100,20046000000,0,0,14100,14150,13250
2024-04-17,13.2,13200,-0.3(-2.22 %),563400,7574000000,0,0,13700,13750,13200
2024-04-19,12.5,12500,-0.7(-5.30 %),1090900,13818000000,0,0,13100,13100,12350
2024-04-22,12.9,12900,0.4(3.20 %),356700,4578000000,0,0,12550,13000,12550
2024-04-23,12.5,12500,-0.4(-3.10 %),318200,4040000000,0,0,12950,12950,12500
2024-04-24,13.1,13100,0.6(4.80 %),618700,8013000000,0,0,12850,13150,12650
2024-04-25,12.95,12950,-0.15(-1.15 %),352800,4583000000,0,0,13050,13100,12850
2024-04-26,12.85,12850,-0.1(-0.77 %),440600,5675000000,0,0,12850,13000,12750
2024-05-02,13.05,13050,0.2(1.56 %),199200,2567000000,0,0,12900,13050,12800
2024-05-03,12.8,12800,-0.25(-1.92 %),345900,4486000000,0,0,13100,13100,12800
2024-05-06,13.3,13300,0.5(3.91 %),609600,7985000000,0,0,12850,13400,12850
2024-05-07,13.25,13250,-0.05(-0.38 %),227900,3021000000,0,0,13400,13400,13150
2024-05-08,13.1,13100,-0.15(-1.13 %),423700,5561000000,0,0,13100,13300,12800
2024-05-09,13.1,13100,0(0.00 %),272200,3584000000,783900,9563580000,13300,13300,13100
2024-05-10,13.25,13250,0.15(1.15 %),314900,4126000000,0,0,13200,13300,12950
2024-05-13,13.5,13500,0.25(1.89 %),559200,7549000000,0,0,13400,13700,13250
2024-05-14,13.45,13450,-0.05(-0.37 %),301500,4059000000,0,0,13500,13700,13300
2024-05-15,13.4,13400,-0.05(-0.37 %),841500,11211000000,0,0,13400,13550,13150
2024-05-16,13.6,13600,0.2(1.49 %),745900,10142000000,0,0,13450,13700,13450
2024-05-17,13.55,13550,-0.05(-0.37 %),818400,11026000000,0,0,13600,13600,13400
2024-05-20,13.8,13800,0.25(1.85 %),624200,8598000000,0,0,13800,13900,13650
2024-05-21,13.65,13650,-0.15(-1.09 %),398600,5412000000,0,0,13500,13750,13500
2024-05-22,13.9,13900,0.25(1.83 %),1047400,14549000000,0,0,13650,14250,13650
2024-05-23,13.8,13800,-0.1(-0.72 %),524900,7222000000,0,0,13900,14000,13600
2024-05-24,13.2,13200,-0.6(-4.35 %),1136800,15266000000,33000,485100000,13600,13750,13000
2024-05-27,13.05,13050,-0.15(-1.14 %),833900,10852000000,0,0,13200,13200,12850
2024-05-28,13.15,13150,0.1(0.77 %),580600,7593000000,33000,400950000,13100,13300,12950
2024-05-29,13.3,13300,0.15(1.14 %),1133900,15000000000,0,0,13150,13500,13050
2024-05-30,13.25,13250,-0.05(-0.38 %),896300,11767000000,0,0,13100,13350,13000
2024-05-31,13.55,13550,0.3(2.26 %),1369000,18719000000,0,0,13250,14000,13250
2024-06-03,13.65,13650,0.1(0.74 %),877900,12044000000,0,0,13900,13900,13550
2024-06-04,13.5,13500,-0.15(-1.10 %),944500,12783000000,30500,442250000,13700,13750,13400
2024-06-05,13.45,13450,-0.05(-0.37 %),1086200,14583000000,0,0,13550,13600,13300
2024-06-06,13.35,13350,-0.1(-0.74 %),951200,12761000000,0,0,13450,13550,13300
2024-06-07,13.5,13500,0.15(1.12 %),1064000,14080000000,0,0,13350,13500,13100
2024-06-10,13.3,13300,-0.2(-1.48 %),681900,9118000000,0,0,13500,13550,13250
2024-06-11,13.0,13000,-0.3(-2.26 %),918200,12044000000,0,0,13300,13500,13000
2024-06-12,13.1,13100,0.1(0.77 %),727700,9504000000,0,0,13000,13300,12950
2024-06-13,13.3,13300,0.2(1.53 %),412000,5469000000,0,0,13150,13400,13150
2024-06-14,14.2,14200,0.9(6.77 %),4401400,61957000000,30500,381250000,13300,14200,13300
2024-06-17,14.2,14200,0(0.00 %),2288400,33008000000,0,0,14500,14850,14150
2024-06-18,13.6,13600,-0.6(-4.23 %),2111600,29230000000,0,0,14100,14250,13600
2024-06-19,13.55,13550,-0.05(-0.37 %),1241200,16931000000,0,0,13600,13850,13500
2024-06-20,13.15,13150,-0.4(-2.95 %),1635000,21643000000,0,0,13550,13650,13000
2024-06-21,13.0,13000,-0.15(-1.14 %),1068000,14024000000,0,0,13150,13400,13000
2024-06-24,12.1,12100,-0.9(-6.92 %),1996100,25027000000,0,0,13000,13100,12100
2024-06-25,12.15,12150,0.05(0.41 %),792300,9633000000,0,0,12150,12300,12050
2024-06-26,12.05,12050,-0.1(-0.82 %),669500,8106000000,0,0,12150,12300,12000
2024-06-27,12.3,12300,0.25(2.07 %),763500,9368000000,0,0,12050,12600,12000
2024-06-28,11.85,11850,-0.45(-3.66 %),695800,8404000000,0,0,12400,12450,11850
2024-07-01,11.95,11950,0.1(0.84 %),314300,3734000000,0,0,12000,12000,11800
2024-07-02,12.15,12150,0.2(1.67 %),671500,8205000000,0,0,12150,12450,12000
2024-07-03,12.3,12300,0.15(1.23 %),251900,3077000000,0,0,12300,12350,12100
2024-07-04,12.15,12150,-0.15(-1.22 %),359400,4402000000,0,0,12300,12400,12150
2024-07-05,11.95,11950,-0.2(-1.65 %),681000,8177000000,0,0,12150,12150,11900
2024-07-08,11.75,11750,-0.2(-1.67 %),754900,8993000000,0,0,11950,12050,11750
2024-07-09,12.0,12000,0.25(2.13 %),557700,6641000000,0,0,11800,12150,11700
2024-07-10,11.8,11800,-0.2(-1.67 %),459500,5485000000,0,0,12000,12100,11800
2024-07-11,12.1,12100,0.3(2.54 %),780100,9467000000,0,0,11850,12350,11850
2024-07-12,11.95,11950,-0.15(-1.24 %),445500,5348000000,0,0,12300,12300,11900
2024-07-15,11.9,11900,-0.05(-0.42 %),352600,4190000000,0,0,12000,12050,11800
2024-07-16,11.85,11850,-0.05(-0.42 %),406400,4820000000,0,0,12000,12000,11800
2024-07-17,11.35,11350,-0.5(-4.22 %),782800,9065000000,0,0,11900,11900,11050
2024-07-18,11.35,11350,0(0.00 %),489000,5465000000,0,0,11500,11500,11050
2024-07-19,11.0,11000,-0.35(-3.08 %),653300,7248000000,0,0,11400,11400,10950
2024-07-22,10.3,10300,-0.7(-6.36 %),1166900,12163000000,0,0,10850,10850,10250
2024-07-23,10.05,10050,-0.25(-2.43 %),355500,3644000000,0,0,10250,10400,10050
2024-07-24,10.15,10150,0.1(1.00 %),760500,7657000000,0,0,10000,10500,9940
2024-07-25,10.4,10400,0.25(2.46 %),338800,3486000000,0,0,10150,10550,10100
2024-07-26,10.35,10350,-0.05(-0.48 %),263000,2716000000,0,0,10450,10500,10200
2024-07-29,10.3,10300,-0.05(-0.48 %),191300,1978000000,825000,8291250000,10350,10450,10250
2024-07-30,10.3,10300,0(0.00 %),303900,3115000000,0,0,10300,10400,10150
2024-07-31,10.4,10400,0.1(0.97 %),457800,4763000000,0,0,10300,10500,10300
2024-08-01,9.92,9920,-0.48(-4.62 %),480900,4856000000,0,0,10350,10500,9900
2024-08-02,9.82,9820,-0.1(-1.01 %),455600,4474000000,0,0,9920,9950,9600
2024-08-05,9.14,9140,-0.68(-6.92 %),851700,7833000000,0,0,9140,9680,9140
2024-08-06,9.0,9000,-0.14(-1.53 %),498100,4483000000,0,0,8880,9180,8880
2024-08-07,9.23,9230,0.23(2.56 %),250600,2309000000,0,0,9010,9350,9010
2024-08-08,9.28,9280,0.05(0.54 %),367300,3408000000,0,0,9260,9400,9100
2024-08-09,9.3,9300,0.02(0.22 %),288200,2687000000,0,0,9400,9400,9280
2024-08-12,9.21,9210,-0.09(-0.97 %),252200,2313000000,0,0,9150,9280,9120
2024-08-13,9.18,9180,-0.03(-0.33 %),234200,2156000000,0,0,9110,9300,9110
2024-08-14,9.05,9050,-0.13(-1.42 %),232900,2126000000,0,0,9190,9220,9050
2024-08-15,9.07,9070,0.02(0.22 %),184700,1672000000,0,0,9150,9150,9000
2024-08-16,9.65,9650,0.58(6.39 %),846900,8076000000,0,0,9090,9700,9050
2024-08-19,9.74,9740,0.09(0.93 %),363000,3546000000,0,0,9790,9870,9700
2024-08-20,10.25,10250,0.51(5.24 %),1016700,10271000000,0,0,9850,10300,9750
2024-08-21,10.15,10150,-0.1(-0.98 %),514900,5235000000,0,0,10250,10400,10000
2024-08-22,10.2,10200,0.05(0.49 %),458100,4685000000,0,0,10200,10400,10150
2024-08-23,10.15,10150,-0.05(-0.49 %),451000,4590000000,0,0,10200,10300,10050
2024-08-26,10.25,10250,0.1(0.99 %),384600,3959000000,0,0,10350,10400,10150
2024-08-27,10.3,10300,0.05(0.49 %),466800,4788000000,0,0,10250,10350,10150
2024-08-28,10.0,10000,-0.3(-2.91 %),641600,6491000000,0,0,10300,10350,9970
2024-08-29,9.79,9790,-0.21(-2.10 %),355900,3527000000,0,0,10100,10100,9780
2024-08-30,9.88,9880,0.09(0.92 %),210000,2065000000,0,0,9850,9950,9790
2024-09-04,9.97,9970,0.09(0.91 %),207200,2055000000,0,0,9860,10050,9750
2024-09-05,9.98,9980,0.01(0.10 %),310600,3124000000,0,0,10200,10200,9950
2024-09-06,9.96,9960,-0.02(-0.20 %),143000,1425000000,0,0,9980,10050,9900
2024-09-09,9.9,9900,-0.06(-0.60 %),181100,1796000000,0,0,10000,10050,9880
2024-09-10,9.57,9570,-0.33(-3.33 %),273000,2668000000,0,0,9930,10000,9560
2024-09-11,9.36,9360,-0.21(-2.19 %),361600,3377000000,0,0,9580,9770,9220
2024-09-12,9.36,9360,0(0.00 %),129000,1209000000,0,0,9330,9550,9240
2024-09-13,9.35,9350,-0.01(-0.11 %),217700,2019000000,50000,435500000,9370,9450,9220
2024-09-16,9.25,9250,-0.1(-1.07 %),189400,1771000000,0,0,9370,9400,9250
2024-09-17,9.2,9200,-0.05(-0.54 %),654400,5887000000,0,0,8700,9200,8700
2024-09-18,9.0,9000,-0.2(-2.17 %),329800,3006000000,0,0,9200,9270,9000
2024-09-19,9.16,9160,0.16(1.78 %),231900,2122000000,0,0,9030,9280,9030
2024-09-20,9.09,9090,-0.07(-0.76 %),193100,1766000000,0,0,9250,9250,9090
2024-09-23,9.08,9080,-0.01(-0.11 %),124500,1126000000,0,0,9090,9130,9000
2024-09-24,9.04,9040,-0.04(-0.44 %),174700,1578000000,0,0,9030,9100,9000
2024-09-25,9.12,9120,0.08(0.88 %),305100,2789000000,0,0,9070,9230,9070
2024-09-26,9.17,9170,0.05(0.55 %),409600,3753000000,0,0,9160,9230,9120
2024-09-27,9.14,9140,-0.03(-0.33 %),258000,2369000000,0,0,9350,9350,9140
2024-09-30,9.11,9110,-0.03(-0.33 %),246600,2243000000,0,0,9140,9140,9080
2024-10-01,9.17,9170,0.06(0.66 %),406700,3709000000,0,0,9120,9170,9060
2024-10-02,9.09,9090,-0.08(-0.87 %),306700,2796000000,0,0,9160,9170,9090
2024-10-03,9.0,9000,-0.09(-0.99 %),390200,3517000000,0,0,9090,9150,8950
2024-10-04,8.92,8920,-0.08(-0.89 %),311900,2788000000,0,0,8990,9000,8920
2024-10-07,8.78,8780,-0.14(-1.57 %),385600,3395000000,0,0,8920,8930,8730
2024-10-08,8.41,8410,-0.37(-4.21 %),539800,4628000000,0,0,8800,8800,8410
2024-10-09,8.23,8230,-0.18(-2.14 %),446400,3686000000,0,0,8380,8380,8200
2024-10-10,8.18,8180,-0.05(-0.61 %),612300,5021000000,0,0,8340,8340,8170
2024-10-11,8.2,8200,0.02(0.24 %),282400,2316000000,0,0,8180,8280,8150
2024-10-14,7.84,7840,-0.36(-4.39 %),649100,5194000000,0,0,8200,8200,7840
2024-10-15,7.41,7410,-0.43(-5.48 %),688200,5239000000,0,0,8090,8090,7410
2024-10-16,7.79,7790,0.38(5.13 %),714000,5406000000,0,0,7310,7820,7300
2024-10-17,7.88,7880,0.09(1.16 %),269500,2126000000,0,0,7880,7990,7700
2024-10-18,7.83,7830,-0.05(-0.63 %),362100,2861000000,0,0,7970,7970,7830
2024-10-21,7.7,7700,-0.13(-1.66 %),260100,2018000000,0,0,7750,7900,7700
2024-10-22,7.69,7690,-0.01(-0.13 %),336500,2596000000,0,0,7800,7800,7670
2024-10-23,7.74,7740,0.05(0.65 %),150200,1156000000,0,0,7630,7740,7630
2024-10-24,7.63,7630,-0.11(-1.42 %),143300,1098000000,0,0,7680,7740,7630
2024-10-25,7.56,7560,-0.07(-0.92 %),254300,1929000000,0,0,7700,7700,7530
2024-10-28,7.65,7650,0.09(1.19 %),101300,772000000,0,0,7690,7690,7560
2024-10-29,7.75,7750,0.1(1.31 %),255300,1974000000,0,0,7750,7850,7660
2024-10-30,7.77,7770,0.02(0.26 %),258700,2003000000,0,0,7700,7820,7690
2024-10-31,7.7,7700,-0.07(-0.90 %),105900,816000000,0,0,7750,7770,7690
2024-11-01,7.6,7600,-0.1(-1.30 %),215800,1644000000,0,0,7740,7740,7500
2024-11-04,7.5,7500,-0.1(-1.32 %),147400,1107000000,0,0,7600,7600,7470
2024-11-05,7.46,7460,-0.04(-0.53 %),128600,963000000,0,0,7570,7570,7420
2024-11-06,7.47,7470,0.01(0.13 %),254300,1896000000,0,0,7500,7530,7410
2024-11-07,7.66,7660,0.19(2.54 %),523300,4011000000,0,0,7470,7830,7470
2024-11-08,7.66,7660,0(0.00 %),193600,1485000000,0,0,7680,7770,7600
2024-11-11,7.59,7590,-0.07(-0.91 %),255300,1931000000,0,0,7510,7660,7510
2024-11-12,7.6,7600,0.01(0.13 %),379900,2880000000,0,0,7600,7630,7500
2024-11-13,7.58,7580,-0.02(-0.26 %),148200,1124000000,0,0,7680,7680,7530
2024-11-14,7.56,7560,-0.02(-0.26 %),231700,1759000000,0,0,7580,7650,7550
2024-11-15,7.25,7250,-0.31(-4.10 %),336300,2508000000,0,0,7560,7580,7250
2024-11-18,7.29,7290,0.04(0.55 %),150800,1096000000,0,0,7060,7350,7060
2024-11-19,7.3,7300,0.01(0.14 %),56300,411000000,0,0,7290,7470,7280
2024-11-20,7.32,7320,0.02(0.27 %),260500,1912000000,0,0,7180,7430,7180
2024-11-21,7.3,7300,-0.02(-0.27 %),95000,695000000,0,0,7370,7380,7280
2024-11-22,7.28,7280,-0.02(-0.27 %),401300,2917000000,0,0,7300,7350,7200
2024-11-25,7.25,7250,-0.03(-0.41 %),161200,1171000000,0,0,7280,7300,7250
2024-11-26,7.27,7270,0.02(0.28 %),256000,1862000000,0,0,7250,7330,7250
2024-11-27,7.25,7250,-0.02(-0.28 %),84600,614000000,0,0,7320,7320,7250
2024-11-28,7.29,7290,0.04(0.55 %),141400,1030000000,0,0,7250,7350,7250
2024-11-29,7.26,7260,-0.03(-0.41 %),94500,687000000,0,0,7320,7320,7250
2024-12-02,7.27,7270,0.01(0.14 %),256000,1862000000,0,0,7260,7390,7250
2024-12-03,7.25,7250,-0.02(-0.28 %),187200,1361000000,0,0,7260,7330,7230
2024-12-04,7.75,7750,0.5(6.90 %),797100,6057000000,0,0,7250,7750,7250
2024-12-05,8.05,8050,0.3(3.87 %),1254600,10117000000,0,0,8080,8250,7900
2024-12-06,8.06,8060,0.01(0.12 %),437800,3536000000,0,0,8180,8180,8000
2024-12-09,8.62,8620,0.56(6.95 %),1722100,14501000000,0,0,8060,8620,8060
2024-12-10,9.2,9200,0.58(6.73 %),1999600,18156000000,0,0,8710,9220,8710
2024-12-11,9.58,9580,0.38(4.13 %),1452300,13950000000,0,0,9200,9820,9110
2024-12-12,9.79,9790,0.21(2.19 %),949000,9321000000,0,0,9580,9980,9580
2024-12-13,9.66,9660,-0.13(-1.33 %),648600,6218000000,0,0,9980,9980,9300
2024-12-16,9.33,9330,-0.33(-3.42 %),392500,3659000000,0,0,9500,9590,9230
2024-12-17,9.7,9700,0.37(3.97 %),537900,5161000000,0,0,9280,9700,9260
2024-12-18,9.52,9520,-0.18(-1.86 %),218300,2089000000,0,0,9800,9800,9500
2024-12-19,9.59,9590,0.07(0.74 %),539300,5081000000,0,0,9350,9590,9300
2024-12-20,9.75,9750,0.16(1.67 %),549400,5318000000,0,0,9610,9790,9560
2024-12-23,10.4,10400,0.65(6.67 %),1279700,13112000000,0,0,9790,10400,9790
2024-12-24,10.65,10650,0.25(2.40 %),1356700,14505000000,0,0,10950,10950,10450
2024-12-25,10.15,10150,-0.5(-4.69 %),769400,7956000000,0,0,10750,10800,10150
2024-12-26,10.1,10100,-0.05(-0.49 %),1333600,13293000000,0,0,10300,10300,9710
2024-12-27,9.92,9920,-0.18(-1.78 %),699500,6910000000,0,0,10200,10200,9700
2024-12-30,10.55,10550,0.63(6.35 %),1266600,13282000000,0,0,9750,10600,9750
2024-12-31,10.2,10200,-0.35(-3.32 %),299000,3066000000,0,0,10550,10550,10100
2025-01-02,10.15,10150,-0.05(-0.49 %),302800,3037000000,0,0,10200,10300,9900
2025-01-03,9.92,9920,-0.23(-2.27 %),400500,3986000000,0,0,9990,10150,9900
2025-01-06,9.62,9620,-0.3(-3.02 %),652000,6360000000,0,0,9800,9990,9610
2025-01-07,9.49,9490,-0.13(-1.35 %),431800,4094000000,0,0,9300,9780,9300
2025-01-08,9.99,9990,0.5(5.27 %),583400,5770000000,0,0,9480,10150,9350
2025-01-09,9.99,9990,0(0.00 %),130100,1289000000,0,0,9990,10000,9800
2025-01-10,9.9,9900,-0.09(-0.90 %),230900,2272000000,0,0,9700,10050,9700
2025-01-13,9.9,9900,0(0.00 %),300200,2961000000,0,0,9980,9980,9700
2025-01-14,9.9,9900,0(0.00 %),382000,3835000000,0,0,10000,10300,9850
2025-01-15,10.2,10200,0.3(3.03 %),487100,4876000000,0,0,9950,10200,9790
2025-01-16,10.05,10050,-0.15(-1.47 %),272000,2770000000,0,0,10050,10400,10050
2025-01-17,10.5,10500,0.45(4.48 %),1251400,13084000000,0,0,10000,10700,10000
2025-01-20,10.1,10100,-0.4(-3.81 %),403000,4141000000,0,0,10600,10600,10100
2025-01-21,9.82,9820,-0.28(-2.77 %),617900,6125000000,0,0,10200,10300,9820
2025-01-22,9.55,9550,-0.27(-2.75 %),467000,4501000000,0,0,9810,9820,9510
2025-01-23,9.82,9820,0.27(2.83 %),176400,1711000000,0,0,10000,10000,9550
2025-01-24,9.68,9680,-0.14(-1.43 %),220400,2142000000,0,0,9760,9820,9670
2025-02-04,10.25,10250,0.45(4.59 %),746400,7552000000,0,0,9780,10350,9780
2025-02-05,10.6,10600,0.35(3.41 %),955500,10055000000,0,0,10400,10700,10250
2025-02-06,10.45,10450,-0.15(-1.42 %),422100,4405000000,0,0,10600,10600,10350
2025-02-07,11.15,11150,0.7(6.70 %),3061800,33994000000,0,0,10500,11150,10450
2025-02-10,11.1,11100,-0.05(-0.45 %),683100,7639000000,0,0,11300,11450,11000
2025-02-11,10.35,10350,-0.75(-6.76 %),1593500,16970000000,0,0,11100,11250,10350
2025-02-12,10.0,10000,-0.35(-3.38 %),1566100,15467000000,0,0,10000,10050,9740
2025-02-13,10.1,10100,0.1(1.00 %),458700,4585000000,0,0,10000,10200,9830
2025-02-14,9.91,9910,-0.19(-1.88 %),953500,9532000000,0,0,10250,10250,9890
2025-02-17,9.98,9980,0.07(0.71 %),693300,6939000000,0,0,9800,10150,9800
2025-02-18,10.1,10100,0.12(1.20 %),538000,5422000000,0,0,10000,10300,9940
2025-02-19,10.5,10500,0.4(3.96 %),777000,8040000000,0,0,10150,10500,10100
2025-02-20,10.55,10550,0.05(0.48 %),976900,10433000000,0,0,10600,10900,10500
2025-02-21,10.45,10450,-0.1(-0.95 %),569100,5891000000,0,0,10500,10500,10250
2025-02-24,10.25,10250,-0.2(-1.91 %),510400,5239000000,0,0,10450,10450,10100
2025-02-25,10.2,10200,-0.05(-0.49 %),613600,6264000000,0,0,10350,10400,10100
2025-02-26,10.1,10100,-0.1(-0.98 %),469700,4777000000,0,0,10300,10300,10050
2025-02-27,10.4,10400,0.3(2.97 %),915800,9465000000,0,0,10250,10450,10150
2025-02-28,10.45,10450,0.05(0.48 %),859600,9015000000,0,0,10500,10700,10350
2025-03-03,10.55,10550,0.1(0.96 %),726300,7610000000,0,0,10450,10600,10350
2025-03-04,10.4,10400,-0.15(-1.42 %),677700,7030000000,0,0,10550,10600,10150
2025-03-05,10.15,10150,-0.25(-2.40 %),662000,6782000000,0,0,10300,10450,10150
2025-03-06,10.3,10300,0.15(1.48 %),451000,4623000000,0,0,10400,10400,10150
2025-03-07,10.55,10550,0.25(2.43 %),1247500,13223000000,0,0,10200,10750,10200
2025-03-10,10.45,10450,-0.1(-0.95 %),415500,4363000000,0,0,10550,10600,10400
2025-03-11,11.15,11150,0.7(6.70 %),1961900,21255000000,0,0,10300,11150,10250
2025-03-12,11.55,11550,0.4(3.59 %),1713300,19322000000,0,0,11200,11800,10900
2025-03-13,11.4,11400,-0.15(-1.30 %),1298400,14968000000,0,0,11550,11700,11400
2025-03-14,11.15,11150,-0.25(-2.19 %),1329300,15172000000,0,0,11450,11750,11150
2025-03-17,11.4,11400,0.25(2.24 %),652100,7290000000,0,0,11300,11450,11000
2025-03-18,11.05,11050,-0.35(-3.07 %),544900,6184000000,0,0,11450,11600,11050
2025-03-19,11.0,11000,-0.05(-0.45 %),627400,6918000000,0,0,11050,11250,10800
2025-03-20,11.35,11350,0.35(3.18 %),808200,9090000000,0,0,11150,11450,11000
2025-03-21,11.3,11300,-0.05(-0.44 %),462500,5237000000,0,0,11350,11500,11150
2025-03-24,10.8,10800,-0.5(-4.42 %),832400,9087000000,0,0,11300,11300,10750
2025-03-25,10.85,10850,0.05(0.46 %),441700,4833000000,0,0,10800,11100,10800
2025-03-26,10.85,10850,0(0.00 %),535800,5854000000,0,0,10850,11050,10800
2025-03-27,10.6,10600,-0.25(-2.30 %),488000,5232000000,0,0,10850,10850,10600
2025-03-28,10.7,10700,0.1(0.94 %),353600,3757000000,0,0,10600,10750,10550
2025-03-31,10.3,10300,-0.4(-3.74 %),692500,7116000000,0,0,10500,10550,10000
2025-04-01,10.2,10200,-0.1(-0.97 %),301800,3089000000,0,0,10150,10350,10150
2025-04-02,10.3,10300,0.1(0.98 %),305300,3151000000,0,0,10200,10400,10200
2025-04-03,9.58,9600,-0.72(-6.99 %),752500,7304000000,0,0,10050,10050,9600
2025-04-04,8.91,8910,-0.67(-6.99 %),1005100,8970000000,0,0,8910,9140,8910
2025-04-08,8.29,8290,-0.62(-6.96 %),242100,2008000000,0,0,8290,8410,8290
2025-04-09,7.71,7710,-0.58(-7.00 %),805300,6237000000,0,0,7710,8010,7710
2025-04-10,8.24,8240,0.53(6.87 %),52000,428000000,0,0,8240,8240,8240
2025-04-11,8.57,8570,0.33(4.00 %),700000,5897000000,0,0,8750,8750,8240
2025-04-14,8.61,8610,0.04(0.47 %),263300,2249000000,0,0,8570,8610,8420
2025-04-15,8.69,8690,0.08(0.93 %),411800,3613000000,0,0,8500,9030,8480
2025-04-16,8.68,8680,-0.01(-0.12 %),273900,2402000000,0,0,8680,8930,8660
2025-04-17,8.7,8700,0.02(0.23 %),329200,2847000000,0,0,8680,8760,8550
2025-04-18,8.51,8510,-0.19(-2.18 %),362300,3161000000,0,0,9000,9000,8510
2025-04-21,8.67,8670,0.16(1.88 %),281400,2445000000,0,0,8540,8820,8540
2025-04-22,8.8,8800,0.13(1.50 %),688800,6070000000,0,0,9270,9270,8080
2025-04-23,8.9,8900,0.1(1.14 %),275200,2464000000,0,0,8900,9100,8810
2025-04-24,8.8,8800,-0.1(-1.12 %),267000,2370000000,0,0,8910,9100,8800
2025-04-25,8.81,8810,0.01(0.11 %),478300,4262000000,0,0,8890,9020,8750
2025-04-28,8.86,8860,0.05(0.57 %),135300,1206000000,0,0,8830,9090,8830
2025-04-29,8.8,8800,-0.06(-0.68 %),121500,1074000000,0,0,8860,8980,8800
2025-05-05,8.9,8900,0.1(1.14 %),142900,1280044000,0,0,9030,9030,8860
2025-05-06,9.03,9030,0.13(1.46 %),255800,2329142000,0,0,9000,9240,9000
2025-05-07,9.1,9100,0.07(0.78 %),264000,2397590000,0,0,9030,9200,9000
2025-05-08,9.1,9100,0(0.00 %),261600,2387476000,0,0,9150,9260,9100
2025-05-09,9.13,9130,0.03(0.33 %),354900,3254178000,0,0,9100,9300,9050
2025-05-12,9.08,9080,-0.05(-0.55 %),292300,2665732000,0,0,9160,9210,9070
2025-05-13,9.05,9050,-0.03(-0.33 %),446200,4065467000,0,0,9200,9200,9050
2025-05-14,9.01,9010,-0.04(-0.44 %),418800,3784038000,0,0,9050,9110,9000
2025-05-15,9.12,9120,0.11(1.22 %),414600,3792739000,0,0,9070,9300,9060
2025-05-16,9.22,9220,0.1(1.10 %),323600,3013555000,0,0,9130,9480,9120
2025-05-19,9.1,9100,-0.12(-1.30 %),340200,3118418000,0,0,9200,9290,9100
2025-05-20,9.06,9060,-0.04(-0.44 %),306400,2780311000,0,0,9080,9130,9040
2025-05-21,8.95,8950,-0.11(-1.21 %),466300,4185516000,0,0,9070,9090,8860
2025-05-22,8.85,8850,-0.1(-1.12 %),275600,2461313000,0,0,8960,9000,8850
2025-05-23,8.8,8800,-0.05(-0.56 %),291200,2577918000,0,0,8880,8910,8800
2025-05-26,9.01,9010,0.21(2.39 %),202800,1806127000,0,0,8800,9040,8760
2025-05-27,9.37,9370,0.36(4.00 %),562200,5206104000,30000,270000000,9100,9480,9030
2025-05-28,9.3,9300,-0.07(-0.75 %),401800,3769490000,0,0,9400,9500,9100
2025-05-29,9.5,9500,0.2(2.15 %),605900,5750632000,270000,2442150000,9310,9800,9310
2025-05-30,9.39,9390,-0.11(-1.16 %),509200,4840286000,70000,633150000,9510,9700,9370
2025-06-02,9.73,9730,0.34(3.62 %),627200,6098062000,0,0,9390,9900,9370
2025-06-03,9.77,9770,0.04(0.41 %),394000,3852994000,0,0,9830,9850,9730
2025-06-04,9.65,9650,-0.12(-1.23 %),403200,3922679000,0,0,9860,9860,9600
2025-06-05,10.3,10300,0.65(6.74 %),706300,7246250000,0,0,9800,10300,9800
2025-06-06,10.85,10850,0.55(5.34 %),2250500,24354800000,0,0,10950,11000,10500
2025-06-09,10.4,10400,-0.45(-4.15 %),643700,6781670000,0,0,10850,10850,10300
2025-06-10,9.7,9700,-0.7(-6.73 %),1127600,11284549000,0,0,10500,10500,9700
2025-06-11,9.82,9820,0.12(1.24 %),484900,4716712000,0,0,9740,9940,9600
2025-06-12,9.9,9900,0.08(0.81 %),372400,3680128000,0,0,9840,9960,9830
2025-06-13,9.6,9600,-0.3(-3.03 %),834800,8019792000,0,0,9880,9880,9450
2025-06-16,9.76,9760,0.16(1.67 %),359400,3477937000,0,0,9350,9790,9350
2025-06-17,9.9,9900,0.14(1.43 %),507000,5007346000,0,0,9780,9960,9780
2025-06-18,9.81,9810,-0.09(-0.91 %),322100,3175919000,0,0,9900,9950,9800
2025-06-19,9.67,9670,-0.14(-1.43 %),306600,2973259000,0,0,9850,9850,9620
2025-06-20,9.62,9620,-0.05(-0.52 %),402500,3925796000,0,0,9710,9860,9550
2025-06-23,9.81,9810,0.19(1.98 %),394500,3827810000,0,0,9620,9900,9540
2025-06-24,9.87,9870,0.06(0.61 %),402900,3989256000,0,0,10000,10000,9850
2025-06-25,10.0,10000,0.13(1.32 %),498700,5017533000,0,0,9880,10250,9880
2025-06-26,9.85,9850,-0.15(-1.50 %),318500,3155590000,0,0,10100,10100,9820
2025-06-27,9.83,9830,-0.02(-0.20 %),243100,2396536000,0,0,9890,9990,9830
2025-06-30,9.84,9840,0.01(0.10 %),286600,2830361000,0,0,9860,9990,9830
2025-07-01,9.92,9920,0.08(0.81 %),384000,3807742000,0,0,9960,9990,9870
2025-07-02,9.95,9950,0.03(0.30 %),343500,3432461000,0,0,9970,10100,9950
2025-07-03,10.4,10400,0.45(4.52 %),1495600,15625460000,0,0,10600,10600,10200
2025-07-04,10.35,10350,-0.05(-0.48 %),540900,5650000000,0,0,10350,10600,10350
2025-07-07,10.15,10150,-0.2(-1.93 %),1199400,12176250000,0,0,10300,10350,10050
2025-07-08,10.3,10300,0.15(1.48 %),415900,4296860000,0,0,10150,10450,10150
2025-07-09,10.4,10400,0.1(0.97 %),882600,9190285000,0,0,10400,10550,10350
2025-07-10,10.15,10150,-0.25(-2.40 %),672300,6941880000,0,0,10550,10550,10150
2025-07-11,10.25,10250,0.1(0.99 %),689800,7142515000,0,0,10350,10450,10200
2025-07-14,10.5,10500,0.25(2.44 %),981200,10166125000,0,0,10250,10550,10200
2025-07-15,10.4,10400,-0.1(-0.95 %),932000,9886895000,0,0,10700,10750,10400
2025-07-16,10.75,10750,0.35(3.37 %),1414600,15034335000,0,0,10450,10800,10350
2025-07-17,11.0,11000,0.25(2.33 %),1840300,20342935000,0,0,10850,11350,10850
2025-07-18,11.0,11000,0(0.00 %),1389500,15512085000,0,0,11450,11450,10950
2025-07-21,10.6,10600,-0.4(-3.64 %),935700,10132800000,0,0,11200,11200,10600
2025-07-22,10.7,10700,0.1(0.94 %),763400,8051865000,0,0,10400,10700,10400
2025-07-23,10.7,10700,0(0.00 %),813800,8790285000,0,0,10850,11000,10600
2025-07-24,10.8,10800,0.1(0.93 %),825600,8900960000,0,0,10750,11000,10700
2025-07-25,10.85,10850,0.05(0.46 %),719400,7777950000,0,0,10800,10950,10650
2025-07-28,11.35,11350,0.5(4.61 %),2114900,23645265000,0,0,10900,11600,10850
2025-07-29,10.6,10600,-0.75(-6.61 %),1923500,21194135000,0,0,11500,11500,10600
2025-07-30,10.3,10300,-0.3(-2.83 %),1028200,10713880000,0,0,10650,10800,10150
2025-07-31,10.35,10350,0.05(0.49 %),827600,8497750000,0,0,10350,10500,10050
2025-08-01,10.45,10450,0.1(0.97 %),963200,10129105000,0,0,10400,10850,10300
2025-08-04,10.85,10850,0.4(3.83 %),1034200,11059945000,0,0,10800,10850,10500
2025-08-05,10.55,10550,-0.3(-2.76 %),1719000,18709360000,0,0,11000,11100,10450
2025-08-06,10.75,10750,0.2(1.90 %),534200,5695660000,0,0,10600,10800,10550
2025-08-07,10.9,10900,0.15(1.40 %),871800,9406430000,0,0,10900,10950,10600
2025-08-08,11.65,11650,0.75(6.88 %),3453100,40029130000,0,0,10900,11650,10900
2025-08-11,12.45,12450,0.8(6.87 %),1241200,15452940000,0,0,12450,12450,12450
2025-08-12,12.75,12750,0.3(2.41 %),4209300,52467190000,0,0,13000,13000,11850
2025-08-13,13.0,13000,0.25(1.96 %),2237500,28448630000,0,0,12750,13100,12250
2025-08-14,13.9,13900,0.9(6.92 %),3574300,48747910000,0,0,13250,13900,13150
2025-08-15,13.55,13550,-0.35(-2.52 %),2342300,32175060000,0,0,14300,14300,13300
2025-08-18,13.55,13550,0(0.00 %),2072700,27973880000,0,0,13500,13850,13150
2025-08-19,13.55,13550,0(0.00 %),2123400,29357565000,0,0,13500,14250,13500
2025-08-20,13.15,13150,-0.4(-2.95 %),2720600,35789655000,0,0,13600,13650,12800
2025-08-21,12.5,12500,-0.65(-4.94 %),1845200,23522720000,0,0,13100,13300,12500
2025-08-22,11.8,11800,-0.7(-5.60 %),2513500,30482950000,0,0,12300,12500,11800
2025-08-25,11.55,11550,-0.25(-2.12 %),1321900,15506090000,0,0,11900,12100,11450
2025-08-26,12.2,12200,0.65(5.63 %),1403200,16276480000,0,0,11450,12200,11300
2025-08-27,11.8,11800,-0.4(-3.28 %),1527800,18479400000,0,0,12150,12450,11800
2025-08-28,11.75,11750,-0.05(-0.42 %),1146400,13468375000,0,0,11800,12050,11500
2025-08-29,11.9,11900,0.15(1.28 %),1776500,21258215000,0,0,11800,12150,11750
2025-09-03,12.45,12450,0.55(4.62 %),1150000,14082865000,0,0,12000,12450,11900
2025-09-04,12.4,12400,-0.05(-0.40 %),1229700,15302180000,0,0,12950,12950,12200
2025-09-05,12.0,12000,-0.4(-3.23 %),1615800,19900345000,0,0,12550,12650,12000
2025-09-08,11.2,11200,-0.8(-6.67 %),2147200,24709830000,0,0,11900,12000,11200
2025-09-09,11.4,11400,0.2(1.79 %),1040600,11582110000,0,0,11400,11400,10900
2025-09-10,11.3,11300,-0.1(-0.88 %),584300,6551620000,0,0,11500,11500,11100
2025-09-11,11.1,11100,-0.2(-1.77 %),1254000,13694870000,0,0,11200,11200,10750
2025-09-12,11.25,11250,0.15(1.35 %),893900,10076985000,0,0,11300,11450,11200
2025-09-15,11.45,11450,0.2(1.78 %),852200,9674710000,0,0,11300,11500,11250
2025-09-16,11.25,11250,-0.2(-1.75 %),1168100,13252815000,0,0,11500,11600,11150
2025-09-17,11.1,11100,-0.15(-1.33 %),539400,6025100000,0,0,11250,11350,11050
2025-09-18,10.8,10800,-0.3(-2.70 %),804600,8803730000,0,0,11150,11150,10800
2025-09-19,11.1,11100,0.3(2.78 %),1020600,11168120000,0,0,10850,11200,10650
2025-09-22,10.9,10900,-0.2(-1.80 %),576800,6341860000,0,0,11100,11250,10800
2025-09-23,10.8,10800,-0.1(-0.92 %),321700,3515120000,0,0,11100,11100,10800
2025-09-24,11.0,11000,0.2(1.85 %),813100,8802620000,0,0,10900,11000,10550
2025-09-25,11.2,11200,0.2(1.82 %),809900,9061135000,0,0,11100,11250,11100
2025-09-26,10.9,10900,-0.3(-2.68 %),795500,8805755000,0,0,11250,11250,10900
2025-09-29,10.85,10850,-0.05(-0.46 %),796600,8690810000,0,0,10850,11200,10750
2025-09-30,10.4,10400,-0.45(-4.15 %),904800,9513360000,0,0,10700,10900,10300
2025-10-01,10.6,10600,0.2(1.92 %),201900,2117980000,0,0,10500,10600,10350
2025-10-02,10.3,10300,-0.3(-2.83 %),467400,4853100000,0,0,10700,10700,10250
2025-10-03,9.9,9900,-0.4(-3.88 %),783400,7840450000,0,0,10250,10250,9850
2025-10-06,10.35,10350,0.45(4.55 %),372900,3787796000,0,0,9980,10350,9980
2025-10-07,10.1,10100,-0.25(-2.42 %),283700,2872885000,0,0,10350,10350,10000
2025-10-08,10.0,10000,-0.1(-0.99 %),578200,5814296000,0,0,10250,10250,9960
2025-10-09,10.0,10000,0(0.00 %),340500,3412499000,0,0,10050,10150,9980
2025-10-10,10.15,9300,-10(-100.00 %),414100,10150,0,0,10150,10200,9300
