Date,GiaDieuChinh,Close,ThayDoi,Volume,GiaTriKhopLenh,KLThoaThuan,GtThoaThuan,Open,High,Low
2009-10-20,17.41,69000,3(4.55 %),10,690000,574193,37933659000,69000,69000,69000
2009-10-21,18.16,72000,3(4.35 %),10,720000,20000,1320000000,72000,72000,72000
2009-10-22,19.05,75500,3.5(4.86 %),10,755000,0,0,75500,75500,75500
2009-10-23,19.93,79000,3.5(4.64 %),10,790000,20000,1580000000,79000,79000,79000
2009-10-26,20.81,82500,3.5(4.43 %),5000,412500000,0,0,82500,82500,82500
2009-10-27,21.82,86500,4(4.85 %),22210,1921165000,52362,4270417000,86500,86500,86500
2009-10-28,22.83,90500,4(4.62 %),11260,1019030000,0,0,90500,90500,90500
2009-10-29,23.96,95000,4.5(4.97 %),1005860,95553300000,0,0,95000,95000,94500
2009-10-30,24.22,96000,1(1.05 %),562020,55618840000,0,0,99500,99500,96000
2009-11-02,23.08,91500,-4.5(-4.69 %),164630,15064050000,0,0,91500,92000,91500
2009-11-03,21.95,87000,-4.5(-4.92 %),147000,12874350000,45000,3915000000,88000,89000,87000
2009-11-04,20.94,83000,-4(-4.60 %),497630,41551370000,0,0,83000,88000,83000
2009-11-05,21.06,83500,0.5(0.60 %),441350,36419750000,0,0,83000,84500,80000
2009-11-06,20.68,82000,-1.5(-1.80 %),261240,22160145000,0,0,87000,87000,82000
2009-11-09,19.68,78000,-4(-4.88 %),190180,15018255000,0,0,81000,81500,78000
2009-11-10,18.79,74500,-3.5(-4.49 %),494270,37332025000,21910,1632295000,78000,79000,74500
2009-11-11,19.68,78000,3.5(4.70 %),403310,30755475000,0,0,75000,78000,74000
2009-11-12,20.56,81500,3.5(4.49 %),256580,20716480000,0,0,80500,81500,79000
2009-11-13,21.57,85500,4(4.91 %),818180,69414235000,235750,18270625000,82500,85500,82000
2009-11-16,22.58,89500,4(4.68 %),547420,48994090000,100000,8150000000,89500,89500,89500
2009-11-17,22.96,91000,1.5(1.68 %),923900,83288840000,0,0,90000,92000,88000
2009-11-18,22.96,91000,0(0.00 %),479910,42952005000,0,0,90000,91000,88000
2009-11-19,22.2,88000,-3(-3.30 %),430360,38865045000,126000,11001000000,89500,92500,88000
2009-11-20,22.07,87500,-0.5(-0.57 %),397800,35078395000,0,0,88000,89500,87000
2009-11-23,21.06,83500,-4(-4.57 %),368660,31169600000,75000,6375000000,87500,87500,83500
2009-11-24,20.31,80500,-3(-3.59 %),349010,28441995000,0,0,83000,84500,80000
2009-11-25,19.3,76500,-4(-4.97 %),609420,46782560000,82000,6437000000,79500,80000,76500
2009-11-26,18.4,72000,-3.5(-4.64 %),236250,17014470000,0,0,72000,73000,72000
2009-11-27,19.3,75500,3.5(4.86 %),506230,36139600000,0,0,68500,75500,68500
2009-11-30,19.94,78000,2.5(3.31 %),334120,25500670000,0,0,75500,78500,74500
2009-12-01,19.81,77500,-0.5(-0.64 %),348700,27208305000,0,0,78500,79000,76500
2009-12-02,18.91,74000,-3.5(-4.52 %),329960,24851525000,0,0,75000,77500,74000
2009-12-03,18.4,72000,-2(-2.70 %),240390,17348960000,0,0,73500,74500,70500
2009-12-04,18.91,74000,2(2.78 %),307180,22811680000,0,0,74000,75500,72000
2009-12-07,19.3,75500,1.5(2.03 %),199210,14889065000,0,0,74500,75500,73000
2009-12-08,18.53,72500,-3(-3.97 %),295040,21585800000,0,0,74000,75000,72500
2009-12-09,17.64,69000,-3.5(-4.83 %),332840,23055815000,0,0,70000,70500,69000
2009-12-10,16.87,66000,-3(-4.35 %),394320,26339950000,0,0,69000,71000,66000
2009-12-11,16.1,63000,-3(-4.55 %),324530,20562255000,0,0,64500,64500,63000
2009-12-14,16.87,66000,3(4.76 %),410800,26944565000,0,0,65500,66000,63000
2009-12-15,16.49,64500,-1.5(-2.27 %),179010,11660215000,0,0,65500,67500,64000
2009-12-16,15.72,61500,-3(-4.65 %),124070,7666790000,61000,3782000000,62500,62500,61500
2009-12-17,15.59,61000,-0.5(-0.81 %),285380,16817415000,20000,1170000000,59500,61000,58500
2009-12-18,16.36,64000,3(4.92 %),209940,13319175000,50000,3200000000,63000,64000,61000
2009-12-21,17.13,67000,3(4.69 %),201810,13309865000,0,0,65000,67000,64000
2009-12-22,16.74,65500,-1.5(-2.24 %),213240,14189810000,0,0,67000,68500,64500
2009-12-23,16.74,65500,0(0.00 %),229850,15085660000,32490,2225565000,65000,67000,64500
2009-12-24,17.25,67500,2(3.05 %),304490,20070765000,139500,9555750000,65000,67500,64000
2009-12-25,18.02,70500,3(4.44 %),230190,16155330000,0,0,69500,70500,69500
2009-12-28,18.91,74000,3.5(4.96 %),728030,53505800000,20000,1480000000,73500,74000,72000
2009-12-29,19.81,77500,3.5(4.73 %),117510,9107025000,32490,2517975000,77500,77500,77500
2009-12-30,20.19,79000,1.5(1.94 %),1307240,105251165000,50000,4050000000,80500,81000,78000
2009-12-31,20.32,79500,0.5(0.63 %),788240,63737870000,0,0,81000,82000,79000
2010-01-04,21.22,83000,3.5(4.40 %),508670,42219610000,0,0,83000,83000,83000
2010-01-05,22.24,87000,4(4.82 %),698760,60763095000,20000,1740000000,87000,87000,85000
2010-01-06,23.26,91000,4(4.60 %),1133870,101570530000,0,0,88000,91000,87000
2010-01-07,24.41,95500,4.5(4.95 %),221090,21114095000,102490,9787795000,95500,95500,95500
2010-01-08,23.77,93000,-2.5(-2.62 %),3550560,353405830000,0,0,100000,100000,93000
2010-01-11,23.9,93500,0.5(0.54 %),857780,80355315000,0,0,96000,96000,91000
2010-01-12,22.75,89000,-4.5(-4.81 %),847080,77418375000,0,0,93000,94000,89000
2010-01-13,23.77,93000,4(4.49 %),939440,83812995000,0,0,89000,93000,85000
2010-01-14,23.52,92000,-1(-1.08 %),634400,58883150000,66060,6440850000,93500,94000,91000
2010-01-15,22.75,89000,-3(-3.26 %),592000,53232120000,0,0,91000,92000,88500
2010-01-18,21.73,85000,-4(-4.49 %),795520,68180115000,50000,4650000000,87500,88000,85000
2010-01-19,21.85,85500,0.5(0.59 %),598530,51236935000,0,0,85000,87000,84500
2010-01-20,20.96,82000,-3.5(-4.09 %),411340,34473540000,46060,4053280000,85500,86000,82000
2010-01-21,19.94,78000,-4(-4.88 %),993010,79095460000,0,0,80000,82500,78000
2010-01-22,19.94,78000,0(0.00 %),597540,46449315000,0,0,78500,79000,76000
2010-01-25,19.94,78000,0(0.00 %),321960,24999080000,50000,3725000000,77500,78000,76500
2010-01-26,20.83,81500,3.5(4.49 %),116160,9467040000,0,0,81500,81500,81500
2010-01-27,20.58,80500,-1(-1.23 %),827770,67196425000,0,0,81000,83500,79500
2010-01-28,20.06,78500,-2(-2.48 %),336510,26604125000,0,0,80000,80000,77500
2010-01-29,20.32,79500,1(1.27 %),408370,32027875000,0,0,78000,80000,77000
2010-02-01,21.22,83000,3.5(4.40 %),946460,78116180000,30000,2490000000,80500,83000,80000
2010-02-02,21.09,82500,-0.5(-0.60 %),378970,31523620000,0,0,84000,84000,82000
2010-02-03,21.47,84000,1.5(1.82 %),261860,21753400000,0,0,82500,84000,82500
2010-02-04,22.24,87000,3(3.57 %),571520,49183755000,0,0,84500,88000,84000
2010-02-05,21.73,85000,-2(-2.30 %),716310,61323310000,0,0,85000,87500,84000
2010-02-08,21.34,83500,-1.5(-1.76 %),546900,45369260000,0,0,83500,84500,82000
2010-02-09,20.83,81500,-2(-2.40 %),329260,26948145000,120000,9540000000,82000,83000,81500
2010-02-10,21.09,82500,1(1.23 %),310510,25521805000,0,0,81500,83000,81500
2010-02-11,21.85,85500,3(3.64 %),307590,25848935000,33000,2821500000,82500,86500,82000
2010-02-12,22.11,86500,1(1.17 %),378770,32601290000,0,0,86000,87000,85000
2010-02-22,21.98,86000,-0.5(-0.58 %),219020,18946530000,0,0,87000,87000,86000
2010-02-23,21.47,84000,-2(-2.33 %),544020,45886165000,0,0,85000,85500,83500
2010-02-24,22.49,88000,4(4.76 %),1074390,92055965000,0,0,84000,88000,83500
2010-02-25,22.11,86500,-1.5(-1.70 %),517620,45532920000,20000,1730000000,89000,89000,86500
2010-02-26,22.24,87000,0.5(0.58 %),364760,31691670000,22000,1914000000,87000,87500,86000
2010-03-01,22.49,88000,1(1.15 %),285170,25021615000,22000,1914000000,87500,88500,87500
2010-03-02,22.37,87500,-0.5(-0.57 %),568050,49921515000,0,0,88000,89000,87500
2010-03-03,22.62,88500,1(1.14 %),312700,27528525000,0,0,88000,89000,87500
2010-03-04,22.62,88500,0(0.00 %),573710,51639280000,0,0,89500,92000,88500
2010-03-05,23.26,91000,2.5(2.82 %),462670,41621445000,0,0,89000,91000,89000
2010-03-08,23.77,93000,2(2.20 %),629380,58203075000,0,0,92000,93500,91500
2010-03-09,23.9,93500,0.5(0.54 %),485490,45236085000,0,0,93000,94000,92000
2010-03-10,23.64,92500,-1(-1.07 %),419750,39048585000,0,0,93000,94000,92500
2010-03-11,23.77,93000,0.5(0.54 %),316560,29416945000,20000,1900000000,92500,93500,92500
2010-03-12,24.54,96000,3(3.23 %),758430,72170330000,0,0,93000,96500,93000
2010-03-15,24.79,97000,1(1.04 %),627420,60894035000,0,0,98000,98000,96000
2010-03-16,23.77,93000,-4(-4.12 %),1003340,94834030000,0,0,95500,97000,93000
2010-03-17,23.52,92000,-1(-1.08 %),647270,60578515000,20000,1840000000,95000,95500,92000
2010-03-18,24.15,94500,2.5(2.72 %),766600,71384525000,0,0,93000,94500,91500
2010-03-19,24.54,96000,1.5(1.59 %),864410,82272135000,0,0,94500,96000,94000
2010-03-22,24.03,94000,-2(-2.08 %),345560,32599950000,0,0,94500,95500,94000
2010-03-23,23.52,92000,-2(-2.13 %),530180,48970855000,40000,3680000000,93000,94000,92000
2010-03-24,23.9,93500,1.5(1.63 %),338910,31489500000,0,0,93000,93500,92000
2010-03-25,23.13,90500,-3(-3.21 %),540970,49286500000,0,0,92500,92500,90000
2010-03-26,23.0,90000,-0.5(-0.55 %),435930,39284955000,0,0,91500,91500,89000
2010-03-29,22.88,89500,-0.5(-0.56 %),225080,20225790000,30000,2700000000,90000,91000,89500
2010-03-30,22.37,87500,-2(-2.23 %),269140,23727685000,44000,3916000000,89000,89500,87500
2010-03-31,21.73,85000,-2.5(-2.86 %),403400,34738870000,100000,9000000000,87500,88000,85000
2010-04-01,21.98,86000,1(1.18 %),488350,41548750000,0,0,85000,88500,83500
2010-04-02,22.11,86500,0.5(0.58 %),275250,23818285000,0,0,86000,88000,86000
2010-04-05,22.37,87500,1(1.16 %),293670,25747970000,0,0,87500,88500,87000
2010-04-06,22.49,88000,0.5(0.57 %),264920,23407680000,0,0,88500,89000,87500
2010-04-07,22.49,88000,0(0.00 %),207230,18232335000,0,0,88500,88500,87000
2010-04-08,22.62,88500,0.5(0.57 %),468440,41548780000,0,0,88500,89500,88000
2010-04-09,23.39,91500,3(3.39 %),712820,64265805000,35000,3237500000,89000,91500,88500
2010-04-12,23.13,90500,-1(-1.09 %),330340,30044575000,0,0,92000,92000,90000
2010-04-13,22.88,89500,-1(-1.10 %),254020,22885830000,0,0,90000,91500,89500
2010-04-14,22.75,89000,-0.5(-0.56 %),203200,18147860000,80000,7360000000,90000,90000,89000
2010-04-15,23.0,90000,1(1.12 %),490210,44241790000,0,0,89500,91000,89000
2010-04-16,23.26,91000,1(1.11 %),586820,54348995000,0,0,93500,93500,91000
2010-04-19,23.39,91500,0.5(0.55 %),623630,57234660000,0,0,92000,92500,91000
2010-04-20,22.75,89000,-2.5(-2.73 %),378020,34041535000,0,0,91000,91500,89000
2010-04-21,22.49,88000,-1(-1.12 %),489070,43278125000,0,0,89000,89500,88000
2010-04-22,22.62,88500,0.5(0.57 %),913680,81450000000,0,0,89000,90500,88500
2010-04-26,22.49,88000,-0.5(-0.56 %),966170,85206405000,37000,3422500000,88000,88500,88000
2010-04-27,23.6,81800,1.8(4.90 %),7460,287210000,0,0,81800,81800,81800
2010-04-28,24.76,40400,1.9(4.94 %),231880,9367952000,0,0,40400,40400,40400
2010-04-29,25.68,41900,1.5(3.71 %),2518670,106289219000,0,0,42400,42400,41500
2010-05-04,25.32,41300,-0.6(-1.43 %),839380,34864588000,0,0,42100,42300,41200
2010-05-05,25.01,40800,-0.5(-1.21 %),743620,30478122000,0,0,40600,41500,40500
2010-05-06,24.82,40500,-0.3(-0.74 %),411660,16677196000,0,0,41000,41000,40200
2010-05-07,24.52,40000,-0.5(-1.23 %),716500,28699350000,0,0,40500,40800,39500
2010-05-10,23.91,39000,-1(-2.50 %),442200,17340619000,0,0,39500,39900,38800
2010-05-11,23.91,39000,0(0.00 %),422620,16592006000,0,0,39800,39800,38900
2010-05-12,22.99,37500,-1.5(-3.85 %),547230,20859822000,0,0,38400,38500,37500
2010-05-13,22.8,37200,-0.3(-0.80 %),316270,11906358000,0,0,38000,38500,37000
2010-05-14,22.8,37200,0(0.00 %),310960,11611653000,0,0,37500,37700,37200
2010-05-17,22.43,36600,-0.6(-1.61 %),395380,14565763000,0,0,37200,37400,36600
2010-05-18,22.74,37100,0.5(1.37 %),252300,9314548000,199000,7465200000,36600,37300,36600
2010-05-19,21.82,35600,-1.5(-4.04 %),275850,9943533000,0,0,36800,36800,35600
2010-05-20,22.19,36200,0.6(1.69 %),216430,7608597000,0,0,34200,36200,34200
2010-05-21,21.09,34400,-1.8(-4.97 %),511520,17651146000,0,0,34500,34900,34400
2010-05-24,20.84,34000,-0.4(-1.16 %),145320,4970923000,0,0,34400,34900,33800
2010-05-25,20.53,33500,-0.5(-1.47 %),210870,7144025000,0,0,34000,34300,33500
2010-05-26,20.96,34200,0.7(2.09 %),240440,8152876000,0,0,34000,34200,33500
2010-05-27,20.84,34000,-0.2(-0.58 %),190820,6465841000,0,0,34000,34200,33400
2010-05-28,21.88,35700,1.7(5.00 %),662020,23540684000,0,0,35400,35700,34900
2010-05-31,22.07,36000,0.3(0.84 %),370140,13456834000,0,0,36000,36900,35500
2010-06-01,21.76,35500,-0.5(-1.39 %),211010,7438769000,0,0,35000,35800,34600
2010-06-02,21.51,35100,-0.4(-1.13 %),109380,3828434000,0,0,35200,35400,34700
2010-06-03,21.45,35000,-0.1(-0.28 %),161440,5716838000,0,0,35900,35900,35000
2010-06-04,21.21,34600,-0.4(-1.14 %),250180,8707873000,0,0,34800,35500,34600
2010-06-07,20.23,33000,-1.6(-4.62 %),560370,18591236000,0,0,34600,34600,32900
2010-06-08,20.04,32700,-0.3(-0.91 %),208060,6832884000,50000,1570000000,32700,33200,32600
2010-06-09,20.04,32700,0(0.00 %),268880,8887881000,0,0,33200,33700,32700
2010-06-10,20.17,32900,0.2(0.61 %),135330,4437461000,0,0,32700,33000,32500
2010-06-11,20.35,33200,0.3(0.91 %),176330,5859824000,0,0,33000,33400,33000
2010-06-14,20.35,33200,0(0.00 %),145170,4838723000,0,0,33200,33500,33200
2010-06-15,20.23,33000,-0.2(-0.60 %),202840,6674979000,0,0,33200,33200,32600
2010-06-16,20.47,33400,0.4(1.21 %),310510,10306327000,0,0,33200,33500,33000
2010-06-17,20.23,33000,-0.4(-1.20 %),155280,5146459000,25000,840000000,33400,33400,33000
2010-06-18,20.23,33000,0(0.00 %),139450,4603778000,0,0,33000,33300,32900
2010-06-21,20.23,33000,0(0.00 %),200830,6626320000,0,0,33000,33100,32900
2010-06-22,19.92,32500,-0.5(-1.52 %),199070,6488896000,0,0,32700,33000,32500
2010-06-23,19.8,32300,-0.2(-0.62 %),158790,5152196000,0,0,32400,32600,32300
2010-06-24,19.61,32000,-0.3(-0.93 %),119060,3825930000,0,0,32400,32400,32000
2010-06-25,19.31,31500,-0.5(-1.56 %),257040,8153269000,0,0,31900,31900,31500
2010-06-28,20.23,33000,1.5(4.76 %),903490,28923541000,0,0,30500,33000,30500
2010-06-29,21.21,34600,1.6(4.85 %),1043010,35857003000,0,0,34000,34600,33500
2010-06-30,21.45,35000,0.4(1.16 %),842240,29452323000,0,0,34000,36000,34000
2010-07-01,20.53,33500,-1.5(-4.29 %),374450,12691039000,0,0,35000,35000,33400
2010-07-02,20.17,32900,-0.6(-1.79 %),331860,10943733000,0,0,33500,33500,32600
2010-07-05,19.92,32500,-0.4(-1.22 %),377960,12344150000,0,0,33000,33000,32500
2010-07-06,19.43,31700,-0.8(-2.46 %),365330,11626342000,0,0,32600,32600,31500
2010-07-07,19.06,31100,-0.6(-1.89 %),275470,8678707000,0,0,32400,32400,31100
2010-07-08,19.12,31200,0.1(0.32 %),127140,3983091000,0,0,31100,31800,31100
2010-07-09,19.06,31100,-0.1(-0.32 %),161980,5076498000,0,0,31200,31700,31100
2010-07-12,19.55,31900,0.8(2.57 %),221890,6996878000,0,0,31900,32000,31100
2010-07-13,20.47,33400,1.5(4.70 %),417760,13736249000,20000,608000000,32400,33400,32100
2010-07-14,19.92,32500,-0.9(-2.69 %),270930,8894672000,0,0,33200,33400,32200
2010-07-15,19.55,31900,-0.6(-1.85 %),116940,3744589000,0,0,32000,32500,31900
2010-07-16,19.49,31800,-0.1(-0.31 %),213540,6829920000,0,0,31700,32500,31600
2010-07-19,19.49,31800,0(0.00 %),197590,6282885000,0,0,31800,31900,31700
2010-07-20,19.19,31300,-0.5(-1.57 %),258690,8138753000,0,0,31800,31900,31300
2010-07-21,19.0,31000,-0.3(-0.96 %),159830,4976659000,0,0,31300,31300,31000
2010-07-22,18.7,30500,-0.5(-1.61 %),349680,10628819000,0,0,31000,31200,29500
2010-07-23,18.57,30300,-0.2(-0.66 %),179680,5452106000,0,0,30500,30600,30000
2010-07-26,18.02,29400,-0.9(-2.97 %),852550,25227340000,0,0,29500,29900,29400
2010-07-27,17.96,29300,-0.1(-0.34 %),885310,26076308000,0,0,29400,29800,29200
2010-07-28,17.35,28300,-1(-3.41 %),849130,24248515000,0,0,29100,29200,28300
2010-07-29,17.53,28600,0.3(1.06 %),725880,20620976000,0,0,28200,28700,28000
2010-07-30,18.39,30000,1.4(4.90 %),973670,29056343000,0,0,28800,30000,28700
2010-08-02,17.84,29100,-0.9(-3.00 %),375340,11119131000,100000,3075000000,30000,30000,29100
2010-08-03,18.02,29400,0.3(1.03 %),1156410,34254609000,450000,13275000000,29500,30200,29300
2010-08-04,17.84,29100,-0.3(-1.02 %),668090,19421946000,0,0,29300,29500,28800
2010-08-05,17.78,29000,-0.1(-0.34 %),461590,13410303000,20000,554000000,29400,29500,28800
2010-08-06,17.65,28800,-0.2(-0.69 %),413120,11908011000,0,0,29000,29000,28700
2010-08-09,16.98,27700,-1.1(-3.82 %),861590,23928912000,0,0,28400,28500,27500
2010-08-10,16.55,27000,-0.7(-2.53 %),894190,23926454000,50000,1450000000,27500,27500,26400
2010-08-11,16.67,27200,0.2(0.74 %),471920,12771390000,0,0,27400,27400,26400
2010-08-12,15.88,25900,-1.3(-4.78 %),937050,24404119000,20000,540000000,26900,26900,25900
2010-08-13,15.69,25600,-0.3(-1.16 %),1092160,27361098000,0,0,25300,26100,24700
2010-08-16,16.43,26800,1.2(4.69 %),909150,24140673000,35000,896000000,26200,26800,25700
2010-08-17,16.0,26100,-0.7(-2.61 %),455900,11876264000,20000,510000000,26100,26800,25800
2010-08-18,15.39,25100,-1(-3.83 %),700760,17685128000,20000,496000000,25800,25900,25000
2010-08-19,15.2,24800,-0.3(-1.20 %),320210,7968853000,55000,1369500000,25100,25200,24500
2010-08-20,15.45,25200,0.4(1.61 %),686170,16791708000,20000,500000000,24600,25200,23900
2010-08-23,14.83,24200,-1(-3.97 %),361420,8823885000,103000,2548500000,24900,24900,24200
2010-08-24,14.1,23000,-1.2(-4.96 %),886140,20454407000,31120,753104000,23400,23500,23000
2010-08-25,13.42,21900,-1.1(-4.78 %),784990,17253293000,114000,2703400000,22100,22400,21900
2010-08-26,13.3,21700,-0.2(-0.91 %),799030,17463969000,60000,1365200000,22100,22100,21100
2010-08-27,13.18,21500,-0.2(-0.92 %),641560,13806951000,100000,2250000000,21500,22100,20800
2010-08-30,13.79,22500,1(4.65 %),749240,16774467000,57000,1282500000,22200,22500,22100
2010-08-31,14.47,23300,1.1(4.95 %),1124510,25866337000,89990,2096767000,22800,23300,22500
2010-09-01,15.16,24400,1.1(4.72 %),2017820,48776898000,26000,624000000,24000,24400,23300
2010-09-06,15.9,25600,1.2(4.92 %),1215360,31111077000,0,0,25600,25600,25400
2010-09-07,16.03,25800,0.2(0.78 %),1916510,50499664000,0,0,25400,26800,25000
2010-09-08,15.97,25700,-0.1(-0.39 %),1455630,37167667000,0,0,25200,26000,24800
2010-09-09,16.28,26200,0.5(1.95 %),1208840,31855766000,23000,611800000,26200,26800,25800
2010-09-10,15.47,24900,-1.3(-4.96 %),1748800,44516064000,90000,2414000000,25800,26300,24900
2010-09-13,14.85,23900,-1(-4.02 %),1481310,35594787000,24000,624000000,24100,25000,23700
2010-09-14,15.28,24600,0.7(2.93 %),867580,21223597000,130000,3250000000,24600,24800,24000
2010-09-15,14.97,24100,-0.5(-2.03 %),682310,16561022000,60000,1530000000,24600,24700,23900
2010-09-16,14.91,24000,-0.1(-0.41 %),676610,16236865000,25000,602500000,23900,24200,23800
2010-09-17,15.65,25200,1.2(5.00 %),1340130,33620611000,0,0,24600,25200,24600
2010-09-20,15.84,25500,0.3(1.19 %),596110,15247263000,0,0,26000,26000,25200
2010-09-21,15.41,24800,-0.7(-2.75 %),697940,17492971000,80000,2040000000,25000,25500,24800
2010-09-22,15.22,24500,-0.3(-1.21 %),673950,16580332000,25000,620000000,24900,25100,24400
2010-09-23,14.97,24100,-0.4(-1.63 %),1755280,42216300000,190000,4840000000,24100,24300,23700
2010-09-24,15.03,24200,0.1(0.41 %),350060,8468997000,24000,552000000,24300,24400,24000
2010-09-27,14.85,23900,-0.3(-1.24 %),262130,6308539000,60000,1470000000,24200,24500,23900
2010-09-28,14.91,24000,0.1(0.42 %),370070,8939617000,431710,10162750000,24500,24600,24000
2010-09-29,14.6,23500,-0.5(-2.08 %),538540,12789651000,135000,3282000000,24000,24100,23500
2010-09-30,14.47,23300,-0.2(-0.85 %),556000,12911147000,0,0,23500,23500,23000
2010-10-01,14.35,23100,-0.2(-0.86 %),257400,5978060000,30000,732000000,23200,23600,23100
2010-10-04,13.67,22000,-1.1(-4.76 %),1420390,31393416000,61920,1495443000,23000,23000,22000
2010-10-05,13.85,22300,0.3(1.36 %),545070,11952108000,0,0,21500,22300,21500
2010-10-06,14.23,22900,0.6(2.69 %),873200,20115926000,20000,446000000,22600,23400,22500
2010-10-07,13.98,22500,-0.4(-1.75 %),657810,15090617000,0,0,22900,23300,22500
2010-10-08,13.92,22400,-0.1(-0.44 %),494930,11141576000,31710,748356000,22500,22800,22300
2010-10-11,13.85,22300,-0.1(-0.45 %),234030,5222889000,75000,1762500000,22100,22500,22000
2010-10-12,13.48,21700,-0.6(-2.69 %),929510,20314072000,100000,2230000000,22100,22300,21700
2010-10-13,13.6,21900,0.2(0.92 %),305360,6646356000,80000,1808000000,21700,21900,21500
2010-10-14,13.54,21800,-0.1(-0.46 %),238090,5207879000,101000,2281900000,22000,22100,21800
2010-10-15,13.54,21800,0(0.00 %),149350,3249878000,100000,2224000000,21800,21800,21600
2010-10-18,13.42,21600,-0.2(-0.92 %),196120,4244489000,80000,1808000000,21500,21900,21500
2010-10-19,12.92,20800,-0.8(-3.70 %),615200,12913232000,50000,1030000000,21800,21800,20700
2010-10-20,12.3,19800,-1(-4.81 %),1271220,25274146000,63000,1373400000,20200,20300,19800
2010-10-21,12.05,19400,-0.4(-2.02 %),576510,11314689000,82000,1655400000,19800,20400,19400
2010-10-22,12.18,19600,0.2(1.03 %),323920,6306475000,140000,2814000000,19300,19600,19300
2010-10-25,12.61,20300,0.7(3.57 %),574800,11432166000,0,0,19300,20400,19300
2010-10-26,13.11,21100,0.8(3.94 %),1124750,23757073000,41500,883950000,20700,21300,20700
2010-10-27,12.67,20400,-0.7(-3.32 %),386340,7955547000,20000,420000000,21100,21100,20400
2010-10-28,12.49,20100,-0.3(-1.47 %),199180,4018104000,0,0,20400,20500,20000
2010-10-29,12.55,20200,0.1(0.50 %),199980,4031695000,0,0,20000,20300,20000
2010-11-01,12.55,20200,0(0.00 %),266490,5372873000,41500,850750000,20600,20600,20000
2010-11-02,12.18,19600,-0.6(-2.97 %),421230,8302157000,47000,928500000,20000,20100,19500
2010-11-03,12.05,19400,-0.2(-1.02 %),370190,7181750000,100000,1960000000,19800,19800,19300
2010-11-04,12.18,19600,0.2(1.03 %),547200,10663794000,20000,370000000,19400,19800,19300
2010-11-05,12.49,20100,0.5(2.55 %),475230,9553470000,24500,492450000,20100,20400,19800
2010-11-08,12.3,19800,-0.3(-1.49 %),399260,7937440000,0,0,19900,20100,19700
2010-11-09,11.87,19100,-0.7(-3.54 %),460140,8877687000,22000,422400000,19500,19700,19100
2010-11-10,11.74,18900,-0.2(-1.05 %),384640,7295425000,0,0,19100,19200,18800
2010-11-11,11.24,18100,-0.8(-4.23 %),490100,9011974000,75000,1425000000,18700,19000,18100
2010-11-12,10.75,17300,-0.8(-4.42 %),1028960,17802994000,0,0,18000,18000,17200
2010-11-15,10.5,16900,-0.4(-2.31 %),495800,8410230000,122000,2065000000,17500,17500,16800
2010-11-16,10.5,16900,0(0.00 %),498640,8226686000,0,0,16500,16900,16300
2010-11-17,10.5,16900,0(0.00 %),225380,3842597000,315000,5515500000,16700,17400,16700
2010-11-18,10.75,17300,0.4(2.37 %),372420,6464341000,40000,692000000,16900,17600,16900
2010-11-19,10.62,17100,-0.2(-1.16 %),381610,6588520000,115000,2070000000,17300,17400,17100
2010-11-22,10.25,16500,-0.6(-3.51 %),571140,9410592000,40000,664000000,16500,16600,16300
2010-11-23,10.44,16800,0.3(1.82 %),419260,7080334000,0,0,16500,17100,16500
2010-11-24,10.37,16700,-0.1(-0.60 %),521730,8727593000,80000,1352000000,16900,17000,16500
2010-11-25,10.87,17500,0.8(4.79 %),1091820,19025136000,100000,1750000000,16700,17500,16700
2010-11-26,11.18,18000,0.5(2.86 %),810440,14559429000,0,0,18000,18200,17600
2010-11-29,11.74,18900,0.9(5.00 %),583300,10684000000,0,0,17600,18900,17500
2010-11-30,12.3,19800,0.9(4.76 %),2324780,45998093000,0,0,19800,19800,19600
2010-12-01,12.87,20200,0.9(4.66 %),1791990,35975518000,0,0,19700,20200,19000
2010-12-02,13.51,21200,1(4.95 %),1262530,26084199000,0,0,20500,21200,19700
2010-12-03,14.15,22200,1(4.72 %),170060,3775332000,0,0,22200,22200,22200
2010-12-06,14.85,23300,1.1(4.95 %),1822580,42457474000,0,0,23300,23300,23000
2010-12-07,14.85,23300,0(0.00 %),4944670,118912197000,0,0,23300,24400,23300
2010-12-08,14.15,22200,-1.1(-4.72 %),3014000,68646058000,0,0,23100,24000,22200
2010-12-09,14.85,23300,1.1(4.95 %),1907900,43329177000,0,0,22200,23300,21200
2010-12-10,15.55,24400,1.1(4.72 %),1841790,44768116000,0,0,24000,24400,23800
2010-12-13,16.32,25600,1.2(4.92 %),202620,5187072000,50450,1170440000,25600,25600,25600
2010-12-14,15.93,25000,-0.6(-2.34 %),4292310,112487552000,0,0,26500,26800,24700
2010-12-15,16.06,25200,0.2(0.80 %),2727670,70414147000,0,0,25500,26200,25200
2010-12-16,15.3,24000,-1.2(-4.76 %),2537000,61730693000,0,0,24300,25200,24000
2010-12-17,16.06,25200,1.2(5.00 %),1992410,49623583000,0,0,24000,25200,24000
2010-12-20,15.93,25000,-0.2(-0.79 %),1365820,34819256000,40000,1056000000,25500,26100,25000
2010-12-21,15.81,24800,-0.2(-0.80 %),1097200,26984804000,90000,2250090000,25000,25500,23900
2010-12-22,15.17,23800,-1(-4.03 %),1059830,25764592000,196260,5102760000,24900,25000,23800
2010-12-23,14.66,23000,-0.8(-3.36 %),1318280,30755171000,0,0,23800,23800,22900
2010-12-24,15.36,24100,1.1(4.78 %),2554400,60721706000,120000,2892000000,23400,24100,23000
2010-12-27,15.61,24500,0.4(1.66 %),816450,19858474000,30000,759000000,24600,24600,24000
2010-12-28,16.32,25600,1.1(4.49 %),1364500,34618361000,150000,3840000000,24900,25700,24600
2010-12-29,15.81,24800,-0.8(-3.12 %),1466110,37021649000,99000,2455200000,25300,25900,24800
2010-12-30,15.74,24700,-0.1(-0.40 %),1085090,26744306000,298000,7748000000,24700,25000,24400
2010-12-31,15.81,24800,0.1(0.40 %),866920,21425101000,274400,7106960000,24500,25000,24500
2011-01-04,15.87,24900,0.1(0.40 %),825220,20529759000,189000,4914000000,24800,25200,24500
2011-01-05,15.3,24000,-0.9(-3.61 %),733110,17730095000,408000,10648800000,24600,24800,24000
2011-01-06,15.17,23800,-0.2(-0.83 %),800520,18935676000,0,0,23700,24000,23400
2011-01-07,14.98,23500,-0.3(-1.26 %),629020,14932844000,296600,7385340000,23800,24200,23500
2011-01-10,14.4,22600,-0.9(-3.83 %),1129590,25715634000,45000,1107000000,23500,23500,22500
2011-01-11,13.7,21500,-1.1(-4.87 %),1014560,22063541000,399580,9387997000,22100,22500,21500
2011-01-12,14.15,22200,0.7(3.26 %),603840,13387975000,90000,2025000000,22000,22500,21700
2011-01-13,14.28,22400,0.2(0.90 %),502500,11321789000,373000,8621600000,22000,23000,22000
2011-01-14,14.79,23200,0.8(3.57 %),816140,18763651000,159000,3736500000,22600,23400,22200
2011-01-17,14.79,23200,0(0.00 %),473190,11139724000,317000,7703100000,23100,23900,23100
2011-01-18,14.53,22800,-0.4(-1.72 %),558070,12820287000,120000,2904000000,23200,23400,22800
2011-01-19,14.47,22700,-0.1(-0.44 %),679770,15419195000,297000,7098300000,22800,23200,22400
2011-01-20,14.21,22300,-0.4(-1.76 %),289300,6499775000,159000,3784200000,22700,23000,22300
2011-01-21,14.4,22600,0.3(1.35 %),897250,20402474000,344600,7984440000,22300,23200,22300
2011-01-24,14.53,22800,0.2(0.88 %),823820,18850907000,139000,3294300000,23300,23300,22600
2011-01-25,14.47,22700,-0.1(-0.44 %),647210,14738072000,324020,7744078000,22700,22900,22700
2011-01-26,14.6,22900,0.2(0.88 %),327480,7496246000,129000,3046200000,22700,23000,22700
2011-01-27,14.98,23500,0.6(2.62 %),864150,20161439000,0,0,23000,23600,23000
2011-01-28,15.04,23600,0.1(0.43 %),686340,16232508000,105000,2508000000,23900,23900,23500
2011-02-08,14.98,23500,-0.1(-0.42 %),253100,5962362000,0,0,23200,23700,23200
2011-02-09,14.98,23500,0(0.00 %),583450,13788392000,0,0,24000,24000,23500
2011-02-10,14.85,23300,-0.2(-0.85 %),369090,8638174000,55000,1332000000,23500,23700,23200
2011-02-11,15.55,24400,1.1(4.72 %),2301240,55306501000,160000,3724000000,23400,24400,23200
2011-02-14,15.68,24600,0.2(0.82 %),2182770,54410474000,0,0,24500,25400,24400
2011-02-15,16.0,25100,0.5(2.03 %),1447790,35851285000,100000,2465000000,24600,25100,24300
2011-02-16,15.55,24400,-0.7(-2.79 %),1219980,30398607000,0,0,24800,25200,24400
2011-02-17,15.3,24000,-0.4(-1.64 %),1641130,39506789000,0,0,24200,24500,23800
2011-02-18,14.53,22800,-1.2(-5.00 %),1459340,33765839000,20000,500000000,24200,24200,22800
2011-02-21,13.83,21700,-1.1(-4.82 %),1360430,29569283000,30000,651000000,22000,22100,21700
2011-02-22,13.19,20700,-1(-4.61 %),1760140,36707113000,40000,846000000,20700,21700,20700
2011-02-23,13.7,21500,0.8(3.86 %),1428150,30426146000,0,0,21000,21700,21000
2011-02-24,13.58,21300,-0.2(-0.93 %),1412780,29594933000,30000,675000000,21100,21600,20500
2011-02-25,13.89,21800,0.5(2.35 %),1122070,24311705000,100000,2070000000,21300,22100,21300
2011-02-28,13.58,21300,-0.5(-2.29 %),1061330,23077337000,25000,550000000,21600,22100,21300
2011-03-01,13.38,21000,-0.3(-1.41 %),708000,14902789000,156000,3322800000,21000,21400,20700
2011-03-02,12.81,20100,-0.9(-4.29 %),1615120,32506825000,20000,440000000,20500,20600,20000
2011-03-03,12.43,19500,-0.6(-2.99 %),624270,12314132000,0,0,19500,20300,19400
2011-03-04,12.56,19700,0.2(1.03 %),497330,9786669000,0,0,19900,20000,19500
2011-03-07,12.87,20200,0.5(2.54 %),743570,14893805000,20000,404000000,19700,20300,19700
2011-03-08,12.68,19900,-0.3(-1.49 %),609160,12261108000,0,0,20200,20600,19900
2011-03-09,12.11,19000,-0.9(-4.52 %),1447950,27647977000,30000,624000000,19800,19900,19000
2011-03-10,12.68,19900,0.9(4.74 %),469540,9295044000,0,0,19000,19900,19000
2011-03-11,13.26,20800,0.9(4.52 %),468570,9746256000,0,0,20800,20800,20800
2011-03-14,12.62,19800,-1(-4.81 %),1207310,24704183000,0,0,21000,21000,19800
2011-03-15,12.81,20100,0.3(1.52 %),1137290,22938725000,30000,621000000,19700,20700,19500
2011-03-16,13.07,20500,0.4(1.99 %),600800,12215120000,200000,4020000000,20200,20600,19900
2011-03-17,13.13,20600,0.1(0.49 %),987750,20324375000,0,0,20500,21200,20300
2011-03-18,13.77,21600,1(4.85 %),1259200,26691174000,0,0,20700,21600,20400
2011-03-21,13.7,21500,-0.1(-0.46 %),996500,21628194000,210310,4542696000,22000,22100,21400
2011-03-22,13.26,20800,-0.7(-3.26 %),714870,14957095000,80000,1710000000,21200,21400,20700
2011-03-23,13.38,21000,0.2(0.96 %),320960,6678945000,0,0,21000,21000,20500
2011-03-24,13.19,20700,-0.3(-1.43 %),332980,6985296000,60000,1260000000,21000,21200,20700
2011-03-25,13.0,20400,-0.3(-1.45 %),509000,10396422000,0,0,20200,20700,20200
2011-03-28,13.0,20400,0(0.00 %),247760,5063271000,82000,1736800000,20600,20700,20400
2011-03-29,12.68,19900,-0.5(-2.45 %),400420,8039362000,0,0,20400,20600,19800
2011-03-30,12.49,19600,-0.3(-1.51 %),552640,10803989000,0,0,19500,19900,19400
2011-03-31,12.43,19500,-0.1(-0.51 %),488840,9575327000,0,0,19800,20000,19500
2011-04-01,12.11,19000,-0.5(-2.56 %),721040,13821878000,70000,1345000000,19500,19500,19000
2011-04-04,11.98,18800,-0.2(-1.05 %),502770,9457783000,20000,390000000,18700,19000,18600
2011-04-05,11.92,18700,-0.1(-0.53 %),284550,5318644000,55000,1083500000,19100,19100,18500
2011-04-06,12.49,19600,0.9(4.81 %),638470,12419365000,131000,2567600000,19000,19600,18700
2011-04-07,12.24,19200,-0.4(-2.04 %),340670,6611693000,70000,1425000000,19600,19900,19200
2011-04-08,12.11,19000,-0.2(-1.04 %),304300,5797810000,125000,2500000000,19000,19200,18900
2011-04-13,11.92,18700,-0.3(-1.58 %),216120,4066107000,30000,597000000,19000,19000,18600
2011-04-14,11.85,18600,-0.1(-0.53 %),371250,6909444000,149000,2840400000,18800,18800,18500
2011-04-15,11.73,18400,-0.2(-1.08 %),455850,8419252000,32300,600780000,18500,18700,18400
2011-04-18,11.28,17700,-0.7(-3.80 %),603160,10698667000,255000,4788000000,18200,18400,17500
2011-04-19,11.28,17700,0(0.00 %),290340,5140814000,46000,851000000,17400,17900,17400
2011-04-20,11.22,17600,-0.1(-0.56 %),291360,5159793000,176000,3256000000,17900,17900,17600
2011-04-21,11.09,17400,-0.2(-1.14 %),279970,4878931000,40000,736000000,17800,17800,17300
2011-04-22,10.9,17100,-0.3(-1.72 %),515690,8703657000,180000,3276000000,17100,17300,16600
2011-04-25,11.41,17900,0.8(4.68 %),698610,12465660000,45000,805500000,17400,17900,17400
2011-04-26,10.96,17200,-0.7(-3.91 %),311360,5403214000,200000,3700000000,17700,18000,17200
2011-04-27,10.83,17000,-0.2(-1.16 %),186200,3173534000,195000,3270000000,17000,17500,16900
2011-04-28,10.71,16800,-0.2(-1.18 %),278780,4698754000,230000,4088000000,16900,17100,16800
2011-04-29,10.71,16800,0(0.00 %),273880,4625786000,398000,6892000000,16900,17200,16700
2011-05-04,10.58,16600,-0.2(-1.19 %),194670,3257023000,228000,3990000000,16900,17000,16600
2011-05-05,10.45,16400,-0.2(-1.20 %),346200,5639647000,0,0,16700,16700,16100
2011-05-06,10.45,16400,0(0.00 %),395400,6436735000,248000,4216000000,16300,16400,16200
2011-05-09,10.58,16600,0.2(1.22 %),219600,3627691000,0,0,16400,16700,16400
2011-05-10,10.52,16500,-0.1(-0.60 %),283470,4724836000,248000,4305200000,16600,16900,16500
2011-05-11,10.39,16300,-0.2(-1.21 %),221830,3624346000,0,0,16500,16500,16300
2011-05-12,10.32,16200,-0.1(-0.61 %),144830,2345436000,248000,4216000000,16200,16300,16100
2011-05-13,10.2,16000,-0.2(-1.23 %),219800,3530647000,65000,1076500000,16100,16200,16000
2011-05-16,9.69,15200,-0.8(-5.00 %),1084530,16678164000,268000,4490400000,15900,16000,15200
2011-05-17,9.31,14600,-0.6(-3.95 %),353700,5198710000,0,0,15000,15200,14500
2011-05-18,9.31,14600,0(0.00 %),408350,5832055000,198000,3029400000,14300,14800,14000
2011-05-19,8.86,13900,-0.7(-4.79 %),427640,6025833000,0,0,14600,14600,13900
2011-05-20,8.86,13900,0(0.00 %),384050,5330282000,0,0,14000,14100,13700
2011-05-23,8.48,13300,-0.6(-4.32 %),566320,7576795000,20000,266000000,13600,13900,13300
2011-05-24,8.09,12700,-0.6(-4.51 %),813720,10351746000,0,0,12900,13000,12700
2011-05-25,7.71,12100,-0.6(-4.72 %),586730,7104562000,22000,266200000,12200,12300,12100
2011-05-26,8.09,12700,0.6(4.96 %),1025580,12238440000,20000,254000000,11500,12700,11500
2011-05-27,8.41,13200,0.5(3.94 %),576170,7437202000,0,0,13100,13300,12300
2011-05-30,8.03,12600,-0.6(-4.55 %),549680,6951838000,99000,1247400000,12900,12900,12600
2011-05-31,7.97,12500,-0.1(-0.79 %),581610,7029954000,0,0,12100,12500,12000
2011-06-01,8.35,13100,0.6(4.80 %),1069600,13928459000,80000,1048000000,12100,13100,12100
2011-06-02,8.73,13700,0.6(4.58 %),746970,10216242000,0,0,13500,13700,13400
2011-06-03,8.35,13100,-0.6(-4.38 %),1474980,19990941000,20000,286000000,14200,14200,13100
2011-06-06,8.73,13700,0.6(4.58 %),178810,2449697000,0,0,13700,13700,13700
2011-06-07,9.11,14300,0.6(4.38 %),41230,589589000,0,0,14300,14300,14300
2011-06-08,9.18,14400,0.1(0.70 %),2199430,32550022000,0,0,15000,15000,14000
2011-06-09,9.37,14700,0.3(2.08 %),630760,9148445000,0,0,14000,14900,14000
2011-06-10,9.69,15200,0.5(3.40 %),1277470,19550034000,399470,6058944000,15200,15400,15000
2011-06-13,9.88,15500,0.3(1.97 %),584880,8917447000,458410,6930685000,15100,15500,14900
2011-06-14,9.62,15100,-0.4(-2.58 %),1885280,29941213000,0,0,15200,16200,15100
2011-06-15,9.18,14400,-0.7(-4.64 %),1356400,19910806000,38000,600400000,15000,15200,14400
2011-06-16,9.5,14900,0.5(3.47 %),856300,12626598000,0,0,14500,15100,14100
2011-06-17,9.05,14200,-0.7(-4.70 %),1085580,15487501000,285000,4446000000,15000,15000,14200
2011-06-20,8.6,13500,-0.7(-4.93 %),730560,10001254000,0,0,13800,14200,13500
2011-06-21,8.99,14100,0.6(4.44 %),544390,7546303000,80000,1120000000,13600,14100,13500
2011-06-22,8.92,14000,-0.1(-0.71 %),354450,5035178000,0,0,14400,14500,13900
2011-06-23,8.73,13700,-0.3(-2.14 %),273880,3750037000,80000,1160000000,14000,14000,13500
2011-06-24,8.73,13700,0(0.00 %),336910,4625382000,20000,274000000,13900,14000,13600
2011-06-27,8.67,13600,-0.1(-0.73 %),255620,3498237000,30000,420000000,13600,13800,13600
2011-06-28,8.6,13500,-0.1(-0.74 %),637890,8626603000,0,0,13600,13600,13400
2011-06-29,8.67,13600,0.1(0.74 %),707190,9577070000,0,0,13500,13800,13400
2011-06-30,8.54,13400,-0.2(-1.47 %),422710,5697542000,34650,471240000,13600,13700,13400
2011-07-01,8.41,13200,-0.2(-1.49 %),562750,7410627000,0,0,13300,13300,13000
2011-07-04,8.54,13400,0.2(1.52 %),324780,4334191000,0,0,13000,13700,13000
2011-07-05,8.92,14000,0.6(4.48 %),779740,10870873000,0,0,13800,14000,13600
2011-07-06,8.67,13600,-0.4(-2.86 %),270890,3739641000,0,0,13800,14100,13600
2011-07-07,8.73,13700,0.1(0.74 %),238150,3270962000,20000,264000000,13600,13900,13600
2011-07-08,8.67,13600,-0.1(-0.73 %),201760,2769076000,0,0,13600,13800,13600
2011-07-11,8.54,13400,-0.2(-1.47 %),310120,4191066000,0,0,13600,13600,13400
2011-07-12,8.54,13400,0(0.00 %),344940,4584716000,0,0,13100,13400,13100
2011-07-13,8.54,13400,0(0.00 %),232530,3137955000,0,0,13800,13800,13400
2011-07-14,8.6,13500,0.1(0.75 %),264560,3561744000,0,0,13400,13600,13400
2011-07-15,8.6,13500,0(0.00 %),198460,2678701000,0,0,13500,13600,13400
2011-07-18,8.54,13400,-0.1(-0.74 %),323870,4343430000,0,0,13500,13500,13300
2011-07-19,8.54,13400,0(0.00 %),250760,3361684000,0,0,13400,13500,13400
2011-07-20,8.73,13700,0.3(2.24 %),272870,3695728000,0,0,13400,13700,13400
2011-07-21,8.6,13500,-0.2(-1.46 %),111400,1507004000,0,0,13900,13900,13400
2011-07-22,8.48,13300,-0.2(-1.48 %),231450,3090839000,0,0,13500,13500,13300
2011-07-25,8.35,13100,-0.2(-1.50 %),231330,3034253000,20000,266000000,13200,13300,13100
2011-07-26,8.29,13000,-0.1(-0.76 %),128100,1670533000,34650,453915000,13100,13200,13000
2011-07-27,8.16,12800,-0.2(-1.54 %),591430,7484437000,24000,297600000,12600,13000,12500
2011-07-28,8.22,12900,0.1(0.78 %),101790,1319917000,71000,915000000,13000,13100,12800
2011-07-29,8.09,12700,-0.2(-1.55 %),116080,1471481000,40000,532000000,12700,12700,12600
2011-08-01,7.84,12300,-0.4(-3.15 %),231600,2870036000,24770,329441000,12500,12600,12300
2011-08-02,7.58,11900,-0.4(-3.25 %),195960,2355478000,0,0,12100,12200,11900
2011-08-03,7.52,11800,-0.1(-0.84 %),205050,2408309000,45000,525000000,11600,11900,11600
2011-08-04,7.84,12300,0.5(4.24 %),145280,1766378000,0,0,12200,12300,11900
2011-08-05,8.16,12800,0.5(4.07 %),233180,2942184000,20000,246000000,12200,12800,12100
2011-08-08,7.78,12200,-0.6(-4.69 %),173700,2147000000,0,0,12200,12800,12200
2011-08-09,7.39,11600,-0.6(-4.92 %),374550,4358966000,27970,355219000,11700,11800,11600
2011-08-10,7.46,11700,0.1(0.86 %),249180,2925335000,430600,4994960000,12000,12000,11600
2011-08-11,7.52,11800,0.1(0.85 %),125100,1474240000,36230,434760000,11400,11900,11400
2011-08-12,7.58,11900,0.1(0.85 %),78690,937063000,0,0,11900,12000,11900
2011-08-15,7.71,12100,0.2(1.68 %),189600,2276608000,0,0,12000,12100,11800
2011-08-16,7.84,12300,0.2(1.65 %),166090,2034333000,0,0,12100,12400,12100
2011-08-17,8.22,12900,0.6(4.88 %),338510,4285904000,0,0,12400,12900,12200
2011-08-18,8.29,13000,0.1(0.78 %),484940,6349125000,0,0,13200,13300,12800
2011-08-19,8.03,12600,-0.4(-3.08 %),237440,3020334000,0,0,12700,13000,12500
2011-08-22,8.41,13200,0.6(4.76 %),472980,6206618000,0,0,12900,13200,12900
2011-08-23,8.29,13000,-0.2(-1.52 %),343560,4519584000,0,0,13100,13500,13000
2011-08-24,8.22,12900,-0.1(-0.77 %),455160,5890363000,0,0,13300,13400,12800
2011-08-25,8.6,13500,0.6(4.65 %),371270,4912636000,0,0,13000,13500,13000
2011-08-26,8.41,13200,-0.3(-2.22 %),346430,4646533000,0,0,13600,13700,13200
2011-08-29,8.8,13800,0.6(4.55 %),589350,8045442000,0,0,13500,13800,13300
2011-08-30,8.92,14000,0.2(1.45 %),424720,5988562000,0,0,14300,14300,13900
2011-08-31,8.92,14000,0(0.00 %),531930,7486416000,320000,4588000000,13800,14400,13700
2011-09-01,9.37,14700,0.7(5.00 %),2140420,31035902000,751330,10911551000,14000,14700,13900
2011-09-05,9.11,14300,-0.4(-2.72 %),505840,7376451000,0,0,14500,15200,14100
2011-09-06,8.73,13700,-0.6(-4.20 %),314800,4339668000,298450,4476750000,13900,14300,13600
2011-09-07,9.11,14300,0.6(4.38 %),546600,7771010000,364650,5204100000,14200,14300,13900
2011-09-08,9.05,14200,-0.1(-0.70 %),618810,9030003000,0,0,14800,15000,14200
2011-09-09,8.92,14000,-0.2(-1.41 %),657380,9237530000,0,0,14000,14300,13900
2011-09-12,8.92,14000,0(0.00 %),421290,5891344000,0,0,14000,14300,13800
2011-09-13,9.37,14700,0.7(5.00 %),1165950,16966144000,0,0,14200,14700,14000
2011-09-14,8.99,14100,-0.6(-4.08 %),1107630,16358588000,0,0,14800,15200,14100
2011-09-15,8.92,14000,-0.1(-0.71 %),692070,9608942000,0,0,14000,14200,13600
2011-09-16,8.54,13400,-0.6(-4.29 %),749500,10139815000,22000,323400000,14000,14000,13400
2011-09-19,8.73,13700,0.3(2.24 %),333730,4524124000,0,0,13600,13900,13100
2011-09-20,8.48,13300,-0.4(-2.92 %),532810,7116134000,0,0,13700,13700,13300
2011-09-21,8.41,13200,-0.1(-0.75 %),585930,7785180000,0,0,13300,13500,13200
2011-09-22,8.6,13500,0.3(2.27 %),338440,4567684000,140650,1940970000,13400,13700,13200
2011-09-23,8.48,13300,-0.2(-1.48 %),240580,3212736000,0,0,13300,13500,13300
2011-09-26,8.35,13100,-0.2(-1.50 %),293910,3859540000,0,0,13400,13400,13100
2011-09-27,8.35,13100,0(0.00 %),350450,4604970000,0,0,13100,13300,13000
2011-09-28,8.35,13100,0(0.00 %),285520,3758982000,0,0,13100,13300,13100
2011-09-29,8.16,12800,-0.3(-2.29 %),629340,8089466000,0,0,13100,13100,12600
2011-09-30,7.97,12500,-0.3(-2.34 %),342890,4303616000,0,0,12800,12800,12500
2011-10-03,7.84,12300,-0.2(-1.60 %),377490,4646766000,155000,1906500000,12500,12500,12200
2011-10-04,7.84,12300,0(0.00 %),169760,2088242000,0,0,12100,12400,12100
2011-10-05,7.84,12300,0(0.00 %),137490,1703874000,74470,960663000,12500,12500,12300
2011-10-06,8.03,12600,0.3(2.44 %),223420,2815586000,0,0,12400,12800,12400
2011-10-07,7.9,12400,-0.2(-1.59 %),115330,1443742000,0,0,12700,12700,12400
2011-10-10,7.71,12100,-0.3(-2.42 %),112010,1361306000,0,0,12400,12400,12000
2011-10-11,7.65,12000,-0.1(-0.83 %),107680,1308039000,0,0,12300,12400,12000
2011-10-12,7.27,11400,-0.6(-5.00 %),575350,6615346000,0,0,11800,11800,11400
2011-10-13,7.39,11600,0.2(1.75 %),162640,1875326000,628450,7164330000,11500,11900,11300
2011-10-14,7.39,11600,0(0.00 %),136460,1592430000,35000,423500000,11900,11900,11600
2011-10-17,7.27,11400,-0.2(-1.72 %),155740,1784834000,0,0,11800,11800,11300
2011-10-18,7.07,11100,-0.3(-2.63 %),421290,4709899000,0,0,11300,11400,11100
2011-10-19,7.07,11100,0(0.00 %),231110,2565289000,0,0,11400,11400,11000
2011-10-20,7.07,11100,0(0.00 %),155170,1741228000,0,0,11200,11300,11100
2011-10-21,7.33,11500,0.4(3.60 %),200880,2311872000,0,0,11300,11600,11300
2011-10-24,7.2,11300,-0.2(-1.74 %),148350,1708761000,80000,960000000,11800,11800,11300
2011-10-25,7.14,11200,-0.1(-0.88 %),77540,873955000,0,0,11300,11400,11200
2011-10-26,7.2,11300,0.1(0.89 %),46510,522880000,0,0,11200,11400,11100
2011-10-27,6.95,10900,-0.4(-3.54 %),285680,3143603000,20000,236000000,11200,11200,10900
2011-10-28,7.27,11400,0.5(4.59 %),305520,3456435000,0,0,10900,11400,10900
2011-10-31,7.27,11400,0(0.00 %),370110,4339281000,0,0,11900,11900,11400
2011-11-01,7.07,11100,-0.3(-2.63 %),112720,1249836000,0,0,11200,11300,11000
2011-11-02,6.88,10800,-0.3(-2.70 %),148990,1623226000,0,0,11000,11000,10700
2011-11-03,6.88,10800,0(0.00 %),98510,1059502000,0,0,10800,11000,10700
2011-11-04,6.76,10600,-0.2(-1.85 %),96360,1031116000,0,0,10800,11000,10600
2011-11-07,6.56,10300,-0.3(-2.83 %),199810,2085428000,0,0,10600,10600,10300
2011-11-08,6.44,10100,-0.2(-1.94 %),188130,1895998000,58300,600490000,10000,10300,10000
2011-11-09,6.37,10000,-0.1(-0.99 %),56360,567940000,0,0,10000,10300,10000
2011-11-10,6.05,9500,-0.5(-5.00 %),347850,3321857000,0,0,9900,9900,9500
2011-11-11,5.8,9100,-0.4(-4.21 %),283270,2608190000,0,0,9500,9500,9100
2011-11-14,5.54,8700,-0.4(-4.40 %),423930,3697017000,0,0,8800,8800,8700
2011-11-15,5.42,8500,-0.2(-2.30 %),178280,1508622000,0,0,8700,8700,8300
2011-11-16,5.67,8900,0.4(4.71 %),153390,1351516000,0,0,8500,8900,8500
2011-11-17,5.48,8600,-0.3(-3.37 %),84140,738924000,0,0,8700,9000,8600
2011-11-18,5.35,8400,-0.2(-2.33 %),104570,876321000,0,0,8400,8500,8300
2011-11-21,5.23,8200,-0.2(-2.38 %),124690,1020615000,0,0,8200,8400,8100
2011-11-22,5.35,8400,0.2(2.44 %),272400,2247920000,55410,476526000,8200,8600,8000
2011-11-23,5.54,8700,0.3(3.57 %),101130,873852000,0,0,8700,8700,8600
2011-11-24,5.35,8400,-0.3(-3.45 %),71020,602293000,0,0,8700,8700,8400
2011-11-25,5.29,8300,-0.1(-1.19 %),47230,391420000,0,0,8500,8500,8200
2011-11-28,5.42,8500,0.2(2.41 %),194530,1675764000,320000,2656000000,8500,8700,8400
2011-11-29,5.35,8400,-0.1(-1.18 %),42630,359993000,0,0,8500,8500,8400
2011-11-30,5.29,8300,-0.1(-1.19 %),117060,980518000,0,0,8500,8500,8300
2011-12-01,5.35,8400,0.1(1.20 %),50040,420096000,0,0,8500,8500,8300
2011-12-02,5.48,8600,0.2(2.38 %),90930,776198000,0,0,8500,8600,8500
2011-12-05,5.74,9000,0.4(4.65 %),221040,1981239000,0,0,8600,9000,8600
2011-12-06,5.74,9000,0(0.00 %),371290,3413612000,0,0,9000,9400,8900
2011-12-07,5.61,8800,-0.2(-2.22 %),67740,602893000,20000,172000000,8800,9100,8800
2011-12-08,5.61,8800,0(0.00 %),209630,1858974000,0,0,8800,9100,8800
2011-12-09,5.35,8400,-0.4(-4.55 %),197450,1679754000,0,0,8800,8800,8400
2011-12-12,5.1,8000,-0.4(-4.76 %),414060,3349713000,0,0,8200,8300,8000
2011-12-13,4.97,7800,-0.2(-2.50 %),180370,1433005000,50000,400000000,8000,8100,7800
2011-12-14,4.78,7500,-0.3(-3.85 %),360540,2725854000,0,0,7800,7800,7500
2011-12-15,4.59,7200,-0.3(-4.00 %),692980,5008766000,0,0,7400,7400,7200
2011-12-16,4.78,7500,0.3(4.17 %),1549470,11591788000,300000,2244300000,7200,7500,7200
2011-12-19,4.78,7500,0(0.00 %),241680,1823736000,115000,828000000,7600,7700,7500
2011-12-20,4.65,7300,-0.2(-2.67 %),267360,1936147000,0,0,7300,7500,7200
2011-12-21,4.72,7400,0.1(1.37 %),127600,946967000,0,0,7200,7500,7200
2011-12-22,4.59,7200,-0.2(-2.70 %),372430,2683161000,30000,225000000,7400,7400,7100
2011-12-23,4.65,7300,0.1(1.39 %),104350,752981000,150000,1065000000,7200,7400,7100
2011-12-26,4.53,7100,-0.2(-2.74 %),278170,1969577000,0,0,7200,7200,7000
2011-12-27,4.33,6800,-0.3(-4.23 %),230910,1594107000,0,0,7200,7200,6800
2011-12-28,4.53,7100,0.3(4.41 %),179460,1268966000,0,0,6800,7100,6800
2011-12-29,4.59,7200,0.1(1.41 %),156450,1106840000,0,0,7100,7200,6900
2011-12-30,4.65,7300,0.1(1.39 %),54000,394989000,0,0,7200,7400,7200
2012-01-03,4.65,7300,0(0.00 %),82140,601524000,0,0,7400,7500,7200
2012-01-04,4.59,7200,-0.1(-1.37 %),53060,380557000,0,0,7200,7300,7100
2012-01-05,4.4,6900,-0.3(-4.17 %),97720,684418000,0,0,7100,7200,6900
2012-01-06,4.4,6900,0(0.00 %),30220,208519000,0,0,6900,7000,6900
2012-01-09,4.4,6900,0(0.00 %),95710,644842000,0,0,6800,6900,6600
2012-01-10,4.33,6800,-0.1(-1.45 %),157520,1077907000,0,0,6700,7000,6600
2012-01-11,4.21,6600,-0.2(-2.94 %),149270,992758000,0,0,6900,6900,6600
2012-01-12,4.08,6400,-0.2(-3.03 %),67210,436241000,0,0,6600,6600,6400
2012-01-13,3.95,6200,-0.2(-3.12 %),127370,792136000,0,0,6200,6300,6200
2012-01-16,4.14,6500,0.3(4.84 %),89650,579507000,0,0,6400,6500,6300
2012-01-17,4.14,6500,0(0.00 %),42120,276406000,0,0,6500,6600,6400
2012-01-18,4.14,6500,0(0.00 %),32500,211551000,0,0,6500,6600,6400
2012-01-19,4.33,6800,0.3(4.62 %),105160,702221000,54000,351000000,6500,6800,6500
2012-01-20,4.33,6800,0(0.00 %),101050,687322000,0,0,6700,6900,6600
2012-01-30,4.33,6800,0(0.00 %),47980,324616000,0,0,6700,6800,6600
2012-01-31,4.33,6800,0(0.00 %),246580,1694080000,0,0,6900,7000,6800
2012-02-01,4.33,6800,0(0.00 %),142780,960327000,0,0,6900,6900,6600
2012-02-02,4.53,7100,0.3(4.41 %),381820,2694334000,0,0,6800,7100,6800
2012-02-03,4.4,6900,-0.2(-2.82 %),527520,3843823000,0,0,7400,7400,6900
2012-02-06,4.4,6900,0(0.00 %),152740,1040047000,0,0,6900,6900,6700
2012-02-07,4.4,6900,0(0.00 %),313520,2132656000,0,0,7200,7200,6600
2012-02-08,4.59,7200,0.3(4.35 %),560500,4028488000,0,0,7000,7200,6900
2012-02-09,4.78,7500,0.3(4.17 %),223450,1675875000,185000,1299000000,7500,7500,7500
2012-02-10,4.59,7200,-0.3(-4.00 %),995550,7491401000,0,0,7500,7700,7200
2012-02-13,4.53,7100,-0.1(-1.39 %),224540,1587935000,165000,1221000000,7200,7200,7000
2012-02-14,4.72,7400,0.3(4.23 %),423420,3083644000,0,0,7100,7400,7100
2012-02-15,4.59,7200,-0.2(-2.70 %),314060,2257698000,0,0,7400,7400,7100
2012-02-16,4.46,7000,-0.2(-2.78 %),285290,2017300000,310000,2178000000,7000,7300,7000
2012-02-17,4.65,7300,0.3(4.29 %),208760,1507871000,198450,1389150000,7000,7300,7000
2012-02-20,4.84,7600,0.3(4.11 %),863130,6540727000,260000,1826000000,7400,7600,7300
2012-02-21,4.97,7800,0.2(2.63 %),1257370,9901195000,0,0,7900,7900,7700
2012-02-22,5.16,8100,0.3(3.85 %),458670,3671684000,0,0,7700,8100,7700
2012-02-23,5.42,8500,0.4(4.94 %),452560,3846760000,0,0,8500,8500,8500
2012-02-24,5.61,8800,0.3(3.53 %),1458240,12930682000,0,0,8900,8900,8700
2012-02-27,5.86,9200,0.4(4.55 %),1054260,9445243000,265570,2272844000,8800,9200,8600
2012-02-28,5.61,8800,-0.4(-4.35 %),1304140,11674054000,0,0,9400,9400,8800
2012-02-29,5.74,9000,0.2(2.27 %),622870,5525708000,0,0,8600,9000,8600
2012-03-01,5.74,9000,0(0.00 %),441060,3940857000,123000,1148200000,9000,9100,8800
2012-03-02,5.93,9300,0.3(3.33 %),765910,7016590000,0,0,9000,9400,8800
2012-03-05,6.18,9700,0.4(4.30 %),479380,4643710000,123000,1108700000,9600,9700,9600
2012-03-06,5.99,9400,-0.3(-3.09 %),1707680,16545759000,100000,1002000000,10100,10100,9300
2012-03-07,6.18,9700,0.3(3.19 %),871980,8065005000,0,0,9200,9700,9000
2012-03-08,6.25,9800,0.1(1.03 %),1746740,17476980000,0,0,9400,10100,9400
2012-03-09,6.5,10200,0.4(4.08 %),901330,9054907000,0,0,9800,10200,9800
2012-03-12,6.18,9700,-0.5(-4.90 %),582100,5703136000,157000,1652900000,10200,10200,9700
2012-03-13,6.18,9700,0(0.00 %),434320,4180914000,0,0,9700,9800,9400
2012-03-14,5.93,9300,-0.4(-4.12 %),672020,6296598000,0,0,9600,9700,9300
2012-03-15,6.2,9200,0.4(4.55 %),603250,5361293000,0,0,8650,9200,8650
2012-03-16,6.4,9500,0.3(3.26 %),1684950,16145877000,0,0,9600,9600,9500
2012-03-19,6.26,9300,-0.2(-2.11 %),536020,5031957000,0,0,9300,9700,9200
2012-03-20,6.4,9500,0.2(2.15 %),712860,6740432000,0,0,9300,9600,9300
2012-03-21,6.67,9900,0.4(4.21 %),941610,9255828000,123000,1135300000,9700,9900,9600
2012-03-22,6.94,10300,0.4(4.04 %),1787680,18330808000,0,0,10100,10300,10000
2012-03-23,7.27,10800,0.5(4.85 %),1301640,14010020000,0,0,10700,10800,10600
2012-03-26,7.61,11300,0.5(4.63 %),1609650,17970729000,0,0,10800,11300,10700
2012-03-27,7.27,10800,-0.5(-4.42 %),1336220,14804434000,103000,1215400000,11100,11700,10800
2012-03-28,7.07,10500,-0.3(-2.78 %),887740,9261433000,0,0,10500,10800,10300
2012-03-29,6.74,10000,-0.5(-4.76 %),1226580,12610210000,0,0,10500,10800,10000
2012-03-30,6.47,9600,-0.4(-4.00 %),1116170,10732494000,0,0,9700,10000,9500
2012-04-03,6.74,10000,0.4(4.17 %),522900,5137933000,0,0,9400,10000,9400
2012-04-04,6.47,9600,-0.4(-4.00 %),473060,4659364000,0,0,9900,10200,9600
2012-04-05,6.74,10000,0.4(4.17 %),798360,7883175000,120000,1112000000,9500,10000,9500
2012-04-06,7.07,10500,0.5(5.00 %),865080,9077860000,0,0,10500,10500,10300
2012-04-09,7.41,11000,0.5(4.76 %),1016690,11167174000,0,0,11000,11000,10800
2012-04-10,7.41,11000,0(0.00 %),1296760,14519091000,0,0,11300,11500,10700
2012-04-11,7.75,11500,0.5(4.55 %),521450,5996675000,0,0,11500,11500,11500
2012-04-12,8.08,12000,0.5(4.35 %),64630,775560000,20000,230000000,12000,12000,12000
2012-04-13,8.08,12000,0(0.00 %),4195060,52388261000,0,0,12600,12600,12000
2012-04-16,8.49,12600,0.6(5.00 %),662700,8289796000,0,0,12200,12600,12200
2012-04-17,8.89,13200,0.6(4.76 %),1556840,20524599000,0,0,13200,13200,13000
2012-04-18,8.76,13000,-0.2(-1.52 %),1843830,24563934000,0,0,13500,13600,12800
2012-04-19,8.35,12400,-0.6(-4.62 %),1338640,16773895000,134000,1802000000,12800,13000,12400
2012-04-20,8.15,12100,-0.3(-2.42 %),1127240,13600687000,0,0,12100,12500,11800
2012-04-23,8.42,12500,0.4(3.31 %),1044670,13137214000,0,0,12500,12700,12300
2012-04-24,8.82,13100,0.6(4.80 %),1076540,13704518000,0,0,12500,13100,12100
2012-04-25,9.23,13700,0.6(4.58 %),2294370,31346229000,134000,1695400000,13700,13700,13400
2012-04-26,8.82,13100,-0.6(-4.38 %),2085260,27662288000,0,0,13300,13700,13100
2012-04-27,9.16,13600,0.5(3.82 %),1244950,16632470000,0,0,12800,13700,12800
2012-05-02,8.76,13000,-0.6(-4.41 %),961830,12707250000,0,0,13600,13900,13000
2012-05-03,8.76,13000,0(0.00 %),1240010,15876070000,134000,1802000000,12900,13300,12500
2012-05-04,8.89,13200,0.2(1.54 %),953680,12572614000,0,0,13000,13400,13000
2012-05-07,8.82,13100,-0.1(-0.76 %),1058720,13835300000,0,0,13200,13300,12900
2012-05-08,8.82,13100,0(0.00 %),1485410,19602519000,0,0,13100,13600,12800
2012-05-09,9.09,13500,0.4(3.05 %),970550,12794718000,120000,1512000000,13200,13500,12800
2012-05-10,9.5,14100,0.6(4.44 %),2653030,37392552000,0,0,14100,14100,13900
2012-05-11,9.16,13600,-0.5(-3.55 %),1213840,16896363000,0,0,14500,14500,13600
2012-05-14,8.76,13000,-0.6(-4.41 %),1377310,18051188000,0,0,13300,13400,13000
2012-05-15,8.35,12400,-0.6(-4.62 %),1041050,12985289000,0,0,12600,12900,12400
2012-05-16,8.35,12400,0(0.00 %),1022490,12288584000,0,0,12400,12500,11800
2012-05-17,7.95,11800,-0.6(-4.84 %),644420,7754906000,0,0,12500,12700,11800
2012-05-18,7.61,11300,-0.5(-4.24 %),962890,10906884000,0,0,11400,11600,11300
2012-05-21,7.95,11800,0.5(4.42 %),738220,8573584000,0,0,11300,11800,11200
2012-05-22,7.75,11500,-0.3(-2.54 %),795620,9240086000,0,0,11900,11900,11400
2012-05-23,7.41,11000,-0.5(-4.35 %),729660,8053497000,0,0,11100,11300,11000
2012-05-24,7.07,10500,-0.5(-4.55 %),465910,4899120000,0,0,10700,10800,10500
2012-05-25,7.41,11000,0.5(4.76 %),446630,4883021000,0,0,10700,11000,10700
2012-05-28,7.61,11300,0.3(2.73 %),941500,10760020000,0,0,11500,11500,11000
2012-05-29,7.48,11100,-0.2(-1.77 %),420620,4656262000,0,0,11000,11300,10900
2012-05-30,7.75,11500,0.4(3.60 %),628490,7204396000,0,0,11200,11600,11200
2012-05-31,7.48,11100,-0.4(-3.48 %),317680,3546064000,0,0,11200,11500,11000
2012-06-01,7.54,11200,0.1(0.90 %),456570,5090530000,0,0,11300,11500,11000
2012-06-04,7.21,10700,-0.5(-4.46 %),788620,8527814000,0,0,11000,11000,10700
2012-06-05,7.48,11100,0.4(3.74 %),260970,2815791000,0,0,10700,11100,10500
2012-06-06,7.81,11600,0.5(4.50 %),528780,5980207000,0,0,11100,11600,10800
2012-06-07,7.95,11800,0.2(1.72 %),838520,9953936000,100000,1110000000,11600,12100,11600
2012-06-08,8.02,11900,0.1(0.85 %),1370160,16493438000,0,0,12100,12300,11800
2012-06-11,8.08,12000,0.1(0.84 %),738240,8979888000,0,0,11800,12300,11800
2012-06-12,7.88,11700,-0.3(-2.50 %),373430,4423921000,20000,240000000,11900,12000,11600
2012-06-13,7.61,11300,-0.4(-3.42 %),498450,5718445000,0,0,11700,11700,11300
2012-06-14,7.61,11300,0(0.00 %),335740,3793300000,250000,2825000000,11300,11500,11200
2012-06-15,7.88,11700,0.4(3.54 %),683510,8008511000,0,0,11400,11800,11400
2012-06-18,7.95,11800,0.1(0.85 %),354980,4237526000,0,0,12000,12200,11700
2012-06-19,7.68,11400,-0.4(-3.39 %),257700,2965629000,0,0,11500,11600,11400
2012-06-20,7.75,11500,0.1(0.88 %),458310,5260205000,0,0,11500,11800,11300
2012-06-21,7.81,11600,0.1(0.87 %),312090,3597904000,0,0,11400,11600,11400
2012-06-22,7.75,11500,-0.1(-0.86 %),367380,4163684000,0,0,11600,11600,11200
2012-06-25,7.41,11000,-0.5(-4.35 %),551370,6094015000,0,0,11400,11400,11000
2012-06-26,7.14,10600,-0.4(-3.64 %),522900,5564923000,0,0,10800,10800,10500
2012-06-27,7.01,10400,-0.2(-1.89 %),430610,4565450000,0,0,10900,10900,10400
2012-06-28,6.94,10300,-0.1(-0.96 %),437100,4479750000,0,0,10200,10400,10000
2012-06-29,7.07,10500,0.2(1.94 %),450840,4687631000,0,0,10300,10500,10300
2012-07-02,6.74,10000,-0.5(-4.76 %),263360,2663446000,0,0,10600,10600,10000
2012-07-03,6.4,9500,-0.5(-5.00 %),208690,1998950000,0,0,9700,9900,9500
2012-07-04,6.13,9100,-0.4(-4.21 %),329450,3024591000,0,0,9500,9600,9100
2012-07-05,6.2,9200,0.1(1.10 %),283860,2568174000,0,0,9100,9200,8800
2012-07-06,6.47,9600,0.4(4.35 %),238590,2262005000,0,0,9300,9600,9200
2012-07-09,6.2,9200,-0.4(-4.17 %),77110,711094000,0,0,9300,9400,9200
2012-07-10,6.06,9000,-0.2(-2.17 %),243650,2206000000,0,0,9200,9300,8900
2012-07-11,6.2,9200,0.2(2.22 %),142570,1293362000,0,0,9000,9200,9000
2012-07-12,6.26,9300,0.1(1.09 %),120470,1118360000,0,0,9100,9400,9100
2012-07-13,6.4,9500,0.2(2.15 %),624710,5988012000,0,0,9200,9700,9200
2012-07-16,6.26,9300,-0.2(-2.11 %),207580,1972086000,0,0,9500,9800,9300
2012-07-17,6.53,9700,0.4(4.30 %),421390,4021941000,0,0,9100,9700,9100
2012-07-18,6.6,9800,0.1(1.03 %),209880,2045281000,0,0,9700,9900,9500
2012-07-19,6.87,10200,0.4(4.08 %),581190,5787924000,50000,510000000,9700,10200,9600
2012-07-20,7.07,10500,0.3(2.94 %),1365350,14590260000,34000,363800000,10700,10700,10500
2012-07-23,6.87,10200,-0.3(-2.86 %),659560,6724989000,80000,840000000,10300,10600,10000
2012-07-24,6.53,9700,-0.5(-4.90 %),422920,4142418000,0,0,9900,10000,9700
2012-07-25,6.4,9500,-0.2(-2.06 %),246150,2367450000,0,0,9700,9800,9400
2012-07-26,6.47,9600,0.1(1.05 %),309330,2945545000,0,0,9700,9700,9300
2012-07-27,6.26,9300,-0.3(-3.12 %),283230,2668825000,0,0,9600,9700,9300
2012-07-30,6.26,9300,0(0.00 %),121870,1132028000,0,0,9100,9400,9100
2012-07-31,6.26,9300,0(0.00 %),91950,859005000,0,0,9200,9500,9200
2012-08-01,6.2,9200,-0.1(-1.08 %),185710,1689256000,0,0,9300,9300,8900
2012-08-02,6.2,9200,0(0.00 %),64680,599374000,0,0,9300,9400,9200
2012-08-03,6.26,9300,0.1(1.09 %),94590,876680000,0,0,9200,9400,9200
2012-08-06,6.53,9700,0.4(4.30 %),286090,2754689000,0,0,9400,9700,9400
2012-08-07,6.4,9500,-0.2(-2.06 %),257410,2487822000,0,0,9700,9800,9500
2012-08-08,6.47,9600,0.1(1.05 %),126220,1206629000,0,0,9600,9700,9500
2012-08-09,6.6,9800,0.2(2.08 %),585800,5836975000,0,0,9800,10000,9800
2012-08-10,6.67,9900,0.1(1.02 %),150450,1477112000,0,0,9700,10000,9700
2012-08-13,6.53,9700,-0.2(-2.02 %),146840,1428198000,0,0,9700,9800,9600
2012-08-14,6.67,9900,0.2(2.06 %),214440,2128772000,0,0,9800,10000,9800
2012-08-15,6.53,9700,-0.2(-2.02 %),96670,944117000,0,0,10000,10000,9700
2012-08-16,6.53,9700,0(0.00 %),127300,1232381000,0,0,9800,9800,9600
2012-08-17,6.67,9900,0.2(2.06 %),256450,2528642000,0,0,9700,9900,9700
2012-08-20,6.8,10100,0.2(2.02 %),254780,2573348000,0,0,10000,10200,9900
2012-08-21,6.47,9600,-0.5(-4.95 %),642020,6170882000,60000,576000000,9800,9900,9600
2012-08-22,6.2,9200,-0.4(-4.17 %),824740,7624370000,0,0,9300,9500,9200
2012-08-23,5.93,8800,-0.4(-4.35 %),69450,611160000,0,0,8800,8800,8800
2012-08-24,5.79,8600,-0.2(-2.27 %),1283840,10950420000,30000,252000000,8400,9000,8400
2012-08-27,5.52,8200,-0.4(-4.65 %),414280,3398096000,158120,1300584000,8200,8400,8200
2012-08-28,5.25,7800,-0.4(-4.88 %),662060,5181274000,0,0,7900,8000,7800
2012-08-29,5.46,8100,0.3(3.85 %),428720,3434455000,0,0,8000,8100,7900
2012-08-30,5.25,7800,-0.3(-3.70 %),294730,2357277000,0,0,8100,8300,7800
2012-08-31,5.32,7900,0.1(1.28 %),136650,1071671000,0,0,8000,8000,7800
2012-09-04,5.25,7800,-0.1(-1.27 %),207530,1635519000,0,0,8000,8000,7800
2012-09-05,5.05,7500,-0.3(-3.85 %),387850,2923696000,0,0,7900,7900,7500
2012-09-06,4.85,7200,-0.3(-4.00 %),208660,1517017000,0,0,7400,7500,7200
2012-09-07,4.98,7400,0.2(2.78 %),457500,3262100000,0,0,7200,7400,7000
2012-09-10,4.78,7100,-0.3(-4.05 %),310870,2211042000,0,0,7200,7200,7100
2012-09-11,4.58,6800,-0.3(-4.23 %),276740,1886722000,0,0,6800,7000,6800
2012-09-12,4.58,6800,0(0.00 %),190820,1316806000,0,0,6900,7100,6800
2012-09-13,4.78,7100,0.3(4.41 %),359200,2478836000,0,0,6900,7100,6700
2012-09-14,4.98,7400,0.3(4.23 %),392250,2891147000,0,0,7200,7400,7200
2012-09-17,4.92,7300,-0.1(-1.35 %),354660,2596476000,0,0,7400,7500,7200
2012-09-18,4.72,7000,-0.3(-4.11 %),411910,2907882000,0,0,7300,7300,7000
2012-09-19,4.72,7000,0(0.00 %),362520,2457582000,0,0,6800,7000,6700
2012-09-20,4.51,6700,-0.3(-4.29 %),290690,1954328000,0,0,6800,6800,6700
2012-09-21,4.65,6900,0.2(2.99 %),121220,831593000,0,0,6700,6900,6700
2012-09-24,4.45,6600,-0.3(-4.35 %),45750,306255000,0,0,6700,6800,6600
2012-09-25,4.51,6700,0.1(1.52 %),143010,954508000,0,0,6700,6800,6600
2012-09-26,4.58,6800,0.1(1.49 %),71410,488838000,0,0,6800,6900,6800
2012-09-27,4.58,6800,0(0.00 %),213440,1454492000,0,0,6800,6900,6700
2012-09-28,4.65,6900,0.1(1.47 %),254190,1766943000,0,0,6800,7100,6800
2012-10-01,4.58,6800,-0.1(-1.45 %),210020,1432956000,0,0,6900,6900,6700
2012-10-02,4.51,6700,-0.1(-1.47 %),84510,566417000,0,0,6800,6800,6700
2012-10-03,4.58,6800,0.1(1.49 %),158980,1075957000,0,0,6800,6900,6700
2012-10-04,4.65,6900,0.1(1.47 %),151950,1043659000,0,0,6800,6900,6800
2012-10-05,4.78,7100,0.2(2.90 %),182370,1273399000,0,0,6800,7100,6800
2012-10-08,4.98,7400,0.3(4.23 %),196770,1425228000,0,0,7100,7400,7100
2012-10-09,4.98,7400,0(0.00 %),243280,1790051000,0,0,7500,7500,7200
2012-10-10,4.98,7400,0(0.00 %),202020,1492197000,0,0,7200,7700,7200
2012-10-11,5.05,7500,0.1(1.35 %),348070,2649760000,0,0,7600,7700,7400
2012-10-12,5.05,7500,0(0.00 %),38490,287853000,0,0,7400,7700,7400
2012-10-15,4.98,7400,-0.1(-1.33 %),392600,2870780000,0,0,7400,7500,7200
2012-10-16,5.19,7700,0.3(4.05 %),253680,1926464000,0,0,7400,7700,7400
2012-10-17,5.19,7700,0(0.00 %),252790,1925459000,0,0,7900,7900,7500
2012-10-18,5.12,7600,-0.1(-1.30 %),125800,960486000,0,0,7700,7800,7500
2012-10-19,4.92,7300,-0.3(-3.95 %),237890,1764077000,0,0,7600,7600,7300
2012-10-22,4.72,7000,-0.3(-4.11 %),185680,1301175000,0,0,7000,7100,7000
2012-10-23,4.72,7000,0(0.00 %),35230,248130000,0,0,7000,7100,7000
2012-10-24,4.85,7200,0.2(2.86 %),74850,521610000,0,0,7000,7200,6800
2012-10-25,4.65,6900,-0.3(-4.17 %),53320,371422000,0,0,7100,7100,6900
2012-10-26,4.65,6900,0(0.00 %),117900,829917000,0,0,7100,7200,6900
2012-10-29,4.85,7200,0.3(4.35 %),97350,694268000,0,0,6900,7200,6900
2012-10-30,4.98,7400,0.2(2.78 %),113420,818537000,0,0,7100,7400,7000
2012-10-31,5.05,7500,0.1(1.35 %),116540,863593000,0,0,7200,7500,7100
2012-11-01,5.05,7500,0(0.00 %),176700,1303346000,0,0,7300,7500,7200
2012-11-02,4.85,7200,-0.3(-4.00 %),2681250,20053847000,0,0,7200,7600,7200
2012-11-05,4.72,7000,-0.2(-2.78 %),162580,1163553000,0,0,7100,7200,7000
2012-11-06,4.51,6700,-0.3(-4.29 %),73340,499974000,0,0,7000,7000,6700
2012-11-07,4.58,6800,0.1(1.49 %),91030,622302000,0,0,6800,7000,6700
2012-11-08,4.58,6800,0(0.00 %),33000,222160000,0,0,6800,6800,6700
2012-11-09,4.65,6900,0.1(1.47 %),15500,105410000,0,0,6800,6900,6800
2012-11-12,4.85,7200,0.3(4.35 %),78710,555008000,0,0,7000,7200,6900
2012-11-13,4.72,7000,-0.2(-2.78 %),53550,381852000,0,0,7000,7300,7000
2012-11-14,4.72,7000,0(0.00 %),45850,323280000,0,0,7000,7200,7000
2012-11-15,4.58,6800,-0.2(-2.86 %),63930,437395000,0,0,7000,7000,6800
2012-11-16,4.72,7000,0.2(2.94 %),8920,61318000,0,0,7000,7000,6800
2012-11-19,4.72,7000,0(0.00 %),25800,176258000,0,0,6800,7000,6800
2012-11-20,4.72,7000,0(0.00 %),37520,262220000,0,0,6900,7000,6900
2012-11-21,4.65,6900,-0.1(-1.43 %),12970,89998000,0,0,7000,7000,6900
2012-11-22,4.65,6900,0(0.00 %),9260,63494000,0,0,6800,6900,6800
2012-11-23,4.65,6900,0(0.00 %),8390,57792000,0,0,6900,6900,6800
2012-11-26,4.65,6900,0(0.00 %),75110,510224000,20000,136000000,6800,6900,6700
2012-11-27,4.51,6700,-0.2(-2.90 %),11300,76615000,0,0,6800,6800,6700
2012-11-28,4.45,6600,-0.1(-1.49 %),20820,139174000,0,0,6600,6800,6600
2012-11-29,4.45,6600,0(0.00 %),15340,102018000,0,0,6700,6700,6600
2012-11-30,4.31,6400,-0.2(-3.03 %),212900,1386303000,0,0,6700,6700,6400
2012-12-03,4.31,6400,0(0.00 %),62760,401017000,0,0,6600,6600,6300
2012-12-04,4.45,6600,0.2(3.12 %),67800,443919000,0,0,6600,6600,6500
2012-12-05,4.65,6900,0.3(4.55 %),65360,443122000,0,0,6600,6900,6600
2012-12-06,4.58,6800,-0.1(-1.45 %),125380,849402000,0,0,6900,6900,6700
2012-12-07,4.51,6700,-0.1(-1.47 %),33780,229015000,0,0,6700,6900,6700
2012-12-10,4.72,7000,0.3(4.48 %),329040,2289096000,0,0,6800,7000,6700
2012-12-11,4.65,6900,-0.1(-1.43 %),124880,880290000,0,0,7100,7200,6900
2012-12-12,4.85,7200,0.3(4.35 %),217650,1552485000,0,0,7100,7200,6900
2012-12-13,4.72,7000,-0.2(-2.78 %),217130,1555059000,0,0,7200,7400,7000
2012-12-14,4.72,7000,0(0.00 %),33350,233673000,0,0,7000,7100,7000
2012-12-17,4.72,7000,0(0.00 %),236650,1669200000,0,0,7000,7100,7000
2012-12-18,4.65,6900,-0.1(-1.43 %),214700,1491262000,0,0,7000,7100,6800
2012-12-19,4.85,7200,0.3(4.35 %),1797060,12938832000,0,0,7200,7200,7200
2012-12-20,5.05,7500,0.3(4.17 %),1267590,9506569000,0,0,7500,7500,7400
2012-12-21,5.12,7600,0.1(1.33 %),422070,3153459000,0,0,7500,7600,7300
2012-12-24,5.05,7500,-0.1(-1.32 %),515620,3865365000,0,0,7500,7600,7400
2012-12-25,4.98,7400,-0.1(-1.33 %),762720,5654384000,0,0,7500,7500,7300
2012-12-26,5.19,7700,0.3(4.05 %),687510,5242216000,0,0,7300,7700,7300
2012-12-27,5.32,7900,0.2(2.60 %),829180,6582589000,0,0,7900,8000,7800
2012-12-28,5.46,8100,0.2(2.53 %),170460,1357273000,0,0,7900,8100,7800
2013-01-02,5.73,8500,0.4(4.94 %),1091670,9174282000,0,0,8200,8500,8100
2013-01-03,5.46,8100,-0.4(-4.71 %),876010,7143330000,0,0,8400,8400,8100
2013-01-04,5.46,8100,0(0.00 %),866740,6954240000,0,0,7900,8300,7800
2013-01-07,5.32,7900,-0.2(-2.47 %),743350,5992689000,0,0,8100,8200,7900
2013-01-08,5.32,7900,0(0.00 %),460560,3659144000,0,0,7800,8100,7800
2013-01-09,5.25,7800,-0.1(-1.27 %),1142550,9200229000,0,0,8000,8200,7700
2013-01-10,5.39,8000,0.2(2.56 %),442220,3465324000,0,0,7800,8000,7700
2013-01-11,5.39,8000,0(0.00 %),704160,5637782000,0,0,8200,8200,7900
2013-01-14,5.39,8000,0(0.00 %),533080,4193669000,0,0,8000,8000,7700
2013-01-15,5.59,8300,0.3(3.75 %),723490,5914610000,0,0,7900,8400,7900
2013-01-16,5.93,8800,0.5(6.02 %),1941190,17033468000,0,0,8400,8800,8400
2013-01-17,5.66,8400,-0.4(-4.55 %),998960,8771845000,0,0,9000,9100,8400
2013-01-18,5.59,8300,-0.1(-1.19 %),556970,4601032000,0,0,8400,8500,8100
2013-01-21,5.39,8000,-0.3(-3.61 %),598570,4890265000,50000,435000000,8400,8400,8000
2013-01-22,5.19,7700,-0.3(-3.75 %),427320,3337746000,53549,401618000,7900,8100,7600
2013-01-23,5.05,7500,-0.2(-2.60 %),329350,2501451000,0,0,7700,7900,7500
2013-01-24,5.19,7700,0.2(2.67 %),284200,2168148000,50000,400000000,7500,7800,7500
2013-01-25,5.46,8100,0.4(5.19 %),773770,6228434000,0,0,7900,8200,7900
2013-01-28,5.46,8100,0(0.00 %),684680,5650844000,0,0,8200,8500,8000
2013-01-29,5.52,8200,0.1(1.23 %),626820,5107092000,0,0,8300,8400,8000
2013-01-30,5.73,8500,0.3(3.66 %),844570,7112115000,0,0,8200,8600,8100
2013-01-31,5.52,8200,-0.3(-3.53 %),384180,3188361000,0,0,8400,8500,8200
2013-02-01,5.52,8200,0(0.00 %),308550,2508796000,0,0,8200,8200,8000
2013-02-04,5.46,8100,-0.1(-1.22 %),364130,2988605000,0,0,8200,8300,8100
2013-02-05,5.39,8000,-0.1(-1.23 %),258670,2083239000,0,0,8000,8200,8000
2013-02-06,5.73,8500,0.5(6.25 %),356110,3007117000,0,0,8300,8500,8300
2013-02-07,6.06,9000,0.5(5.88 %),1313690,11823210000,0,0,9000,9000,9000
2013-02-08,6.47,9600,0.6(6.67 %),1462510,14000148000,0,0,9500,9600,9400
2013-02-18,6.87,10200,0.6(6.25 %),2189250,22280425000,0,0,10000,10200,9900
2013-02-19,7.14,10600,0.4(3.92 %),2343530,24950322000,0,0,10200,10900,10200
2013-02-20,7.01,10400,-0.2(-1.89 %),1307600,13594708000,0,0,10500,10700,10100
2013-02-21,6.53,9700,-0.7(-6.73 %),2645340,27467798000,0,0,10400,11000,9700
2013-02-22,6.4,9500,-0.2(-2.06 %),1844450,17939069000,0,0,10000,10200,9100
2013-02-25,6.8,10100,0.6(6.32 %),1223530,12139573000,0,0,9500,10100,9500
2013-02-26,6.33,9400,-0.7(-6.93 %),1442770,13916071000,0,0,9900,10100,9400
2013-02-27,6.26,9300,-0.1(-1.06 %),1346200,12351455000,0,0,9400,9500,8900
2013-02-28,6.26,9300,0(0.00 %),871300,8181860000,0,0,9400,9600,9300
2013-03-01,6.26,9300,0(0.00 %),513320,4770164000,0,0,9300,9400,9100
2013-03-04,5.86,8700,-0.6(-6.45 %),1811930,15981513000,0,0,9100,9100,8700
2013-03-05,5.52,8200,-0.5(-5.75 %),766300,6349774000,0,0,8700,8700,8100
2013-03-06,5.66,8400,0.2(2.44 %),345180,2886116000,0,0,8400,8500,8200
2013-03-07,5.46,8100,-0.3(-3.57 %),349020,2876524000,0,0,8400,8500,8000
2013-03-08,5.59,8300,0.2(2.47 %),302960,2528301000,0,0,8200,8500,8200
2013-03-11,5.93,8800,0.5(6.02 %),807630,6970018000,0,0,8400,8800,8300
2013-03-12,6.06,9000,0.2(2.27 %),1039790,9372684000,0,0,9000,9300,8700
2013-03-13,5.99,8900,-0.1(-1.11 %),480820,4345301000,0,0,9100,9300,8800
2013-03-14,6.13,9100,0.2(2.25 %),707330,6459126000,0,0,8900,9400,8800
2013-03-15,6.2,9200,0.1(1.10 %),565570,5215628000,0,0,9200,9400,9100
2013-03-18,6.13,9100,-0.1(-1.09 %),319200,2903821000,0,0,9200,9300,9000
2013-03-19,5.99,8900,-0.2(-2.20 %),287740,2554439000,0,0,8900,9000,8800
2013-03-20,6.06,9000,0.1(1.12 %),278230,2509244000,0,0,8900,9200,8900
2013-03-21,5.99,8900,-0.1(-1.11 %),485780,4379242000,0,0,9100,9200,8900
2013-03-22,5.79,8600,-0.3(-3.37 %),257330,2249441000,0,0,8800,9000,8500
2013-03-25,5.79,8600,0(0.00 %),356070,3038312000,0,0,8500,8700,8300
2013-03-26,5.73,8500,-0.1(-1.16 %),211810,1812023000,0,0,8600,8700,8500
2013-03-27,5.66,8400,-0.1(-1.18 %),254970,2142834000,0,0,8500,8500,8300
2013-03-28,5.52,8200,-0.2(-2.38 %),140220,1166981000,0,0,8400,8500,8200
2013-03-29,5.66,8400,0.2(2.44 %),413660,3380228000,0,0,8100,8500,7900
2013-04-01,5.73,8500,0.1(1.19 %),393610,3287307000,0,0,8200,8700,8200
2013-04-02,5.79,8600,0.1(1.18 %),665810,5765652000,0,0,8700,8800,8400
2013-04-03,5.73,8500,-0.1(-1.16 %),461580,3954729000,0,0,8600,8700,8500
2013-04-04,5.66,8400,-0.1(-1.18 %),373300,3157649000,0,0,8400,8600,8400
2013-04-05,5.73,8500,0.1(1.19 %),199030,1672581000,0,0,8500,8500,8300
2013-04-08,5.59,8300,-0.2(-2.35 %),154850,1299358000,35000,315000000,8500,8500,8300
2013-04-09,5.66,8400,0.1(1.20 %),306020,2585168000,0,0,8400,8700,8400
2013-04-10,5.66,8400,0(0.00 %),878690,7588332000,0,0,8500,8900,8400
2013-04-11,5.66,8400,0(0.00 %),269960,2272514000,0,0,8600,8600,8400
2013-04-12,5.59,8300,-0.1(-1.19 %),506860,4180151000,0,0,8500,8500,8000
2013-04-15,5.32,7900,-0.4(-4.82 %),509470,4054727000,0,0,8200,8200,7900
2013-04-16,5.32,7900,0(0.00 %),281650,2186986000,0,0,7700,7900,7600
2013-04-17,5.32,7900,0(0.00 %),152700,1221143000,0,0,8000,8100,7800
2013-04-18,5.12,7600,-0.3(-3.80 %),487250,3725100000,0,0,7900,7900,7500
2013-04-22,4.85,7200,-0.4(-5.26 %),362390,2626733000,0,0,7500,7500,7200
2013-04-23,4.92,7300,0.1(1.39 %),302840,2204930000,0,0,7300,7400,7100
2013-04-24,4.85,7200,-0.1(-1.37 %),197260,1413093000,0,0,7300,7300,7100
2013-04-25,4.92,7300,0.1(1.39 %),422830,3106917000,0,0,7300,7500,7300
2013-04-26,4.85,7200,-0.1(-1.37 %),239880,1736959000,0,0,7400,7400,7200
2013-05-02,4.78,7100,-0.1(-1.39 %),64070,462823000,0,0,7200,7300,7100
2013-05-03,4.98,7400,0.3(4.23 %),358460,2626816000,0,0,7100,7400,7100
2013-05-06,5.32,7900,0.5(6.76 %),630950,4939197000,0,0,7600,7900,7600
2013-05-07,5.25,7800,-0.1(-1.27 %),502660,3948303000,0,0,7900,8100,7700
2013-05-08,5.05,7500,-0.3(-3.85 %),259690,1997866000,0,0,7800,7900,7500
2013-05-09,5.39,8000,0.5(6.67 %),750590,5926940000,0,0,7600,8000,7600
2013-05-10,5.32,7900,-0.1(-1.25 %),248490,1978414000,0,0,8000,8100,7800
2013-05-13,5.46,8100,0.2(2.53 %),616880,5007671000,230000,1840000000,8000,8200,8000
2013-05-14,5.19,7700,-0.4(-4.94 %),476540,3697348000,0,0,8000,8000,7600
2013-05-15,5.32,7900,0.2(2.60 %),370660,2931120000,0,0,7800,8100,7700
2013-05-16,5.25,7800,-0.1(-1.27 %),270610,2148686000,0,0,7900,8100,7800
2013-05-17,5.19,7700,-0.1(-1.28 %),260770,2034097000,0,0,7900,7900,7700
2013-05-20,5.32,7900,0.2(2.60 %),147630,1164026000,0,0,7700,8000,7700
2013-05-21,5.46,8100,0.2(2.53 %),1201440,9778460000,169000,1352000000,8000,8300,8000
2013-05-22,5.52,8200,0.1(1.23 %),978950,8133724000,0,0,8200,8500,8200
2013-05-23,5.52,8200,0(0.00 %),668300,5579002000,0,0,8200,8500,8100
2013-05-24,5.59,8300,0.1(1.22 %),628040,5191178000,0,0,8300,8400,8200
2013-05-27,5.73,8500,0.2(2.41 %),934320,7991887000,0,0,8500,8700,8500
2013-05-28,5.86,8700,0.2(2.35 %),918050,7914167000,0,0,8600,8800,8400
2013-05-29,5.79,8600,-0.1(-1.15 %),759730,6600235000,0,0,8800,9000,8500
2013-05-30,5.86,8700,0.1(1.16 %),573960,4898723000,0,0,8600,8700,8400
2013-05-31,5.93,8800,0.1(1.15 %),1224200,11064116000,30000,270000000,8900,9200,8800
2013-06-03,5.99,8900,0.1(1.14 %),397770,3546771000,0,0,8900,9100,8700
2013-06-04,5.73,8500,-0.4(-4.49 %),549710,4788867000,0,0,8900,8900,8500
2013-06-05,5.79,8600,0.1(1.18 %),493080,4173784000,90000,765000000,8600,8600,8400
2013-06-06,5.79,8600,0(0.00 %),551550,4711499000,0,0,8500,8600,8400
2013-06-07,5.79,8600,0(0.00 %),460200,3966914000,0,0,8700,8800,8500
2013-06-10,5.66,8400,-0.2(-2.33 %),545140,4686942000,0,0,8600,8800,8400
2013-06-11,5.66,8400,0(0.00 %),294050,2465988000,0,0,8500,8500,8300
2013-06-12,5.79,8600,0.2(2.38 %),790090,6801675000,0,0,8400,8800,8400
2013-06-13,5.79,8600,0(0.00 %),263590,2254359000,0,0,8700,8700,8500
2013-06-14,5.79,8600,0(0.00 %),632190,5481000000,0,0,8700,8800,8600
2013-06-17,5.66,8400,-0.2(-2.33 %),666860,5641703000,0,0,8600,8600,8200
2013-06-18,5.46,8100,-0.3(-3.57 %),639860,5181951000,0,0,8200,8300,8000
2013-06-19,5.59,8300,0.2(2.47 %),325850,2666644000,0,0,8300,8300,8000
2013-06-20,5.39,8000,-0.3(-3.61 %),297960,2397802000,0,0,8300,8300,8000
2013-06-21,5.32,7900,-0.1(-1.25 %),403530,3210621000,0,0,7900,8100,7900
2013-06-24,5.32,7900,0(0.00 %),168900,1343114000,0,0,7900,8100,7900
2013-06-25,5.12,7600,-0.3(-3.80 %),666820,5019378000,0,0,7700,7800,7400
2013-06-26,5.19,7700,0.1(1.32 %),233700,1771721000,0,0,7500,7800,7400
2013-06-27,5.19,7700,0(0.00 %),209030,1608639000,0,0,7600,7800,7600
2013-06-28,5.12,7600,-0.1(-1.30 %),260020,2021804000,0,0,7800,7800,7600
2013-07-01,5.19,7700,0.1(1.32 %),116370,881763000,0,0,7600,7700,7500
2013-07-02,5.25,7800,0.1(1.30 %),86620,670407000,0,0,7700,7800,7600
2013-07-03,5.25,7800,0(0.00 %),68970,529956000,0,0,7800,7800,7600
2013-07-04,5.19,7700,-0.1(-1.28 %),109600,841521000,0,0,7700,7700,7600
2013-07-05,5.19,7700,0(0.00 %),95640,732790000,0,0,7700,7800,7600
2013-07-08,5.05,7500,-0.2(-2.60 %),107210,810394000,135924,978653000,7600,7700,7500
2013-07-09,5.05,7500,0(0.00 %),89410,670125000,0,0,7600,7600,7400
2013-07-10,5.05,7500,0(0.00 %),36030,270228000,0,0,7500,7600,7500
2013-07-11,5.12,7600,0.1(1.33 %),54910,413135000,0,0,7500,7600,7500
2013-07-12,5.25,7800,0.2(2.63 %),262370,2036659000,0,0,7600,7800,7600
2013-07-15,5.12,7600,-0.2(-2.56 %),100050,771703000,0,0,7800,7900,7600
2013-07-16,5.12,7600,0(0.00 %),178290,1362240000,0,0,7600,7700,7600
2013-07-17,5.32,7900,0.3(3.95 %),530240,4143489000,0,0,7700,8000,7600
2013-07-18,5.25,7800,-0.1(-1.27 %),153330,1193645000,0,0,7900,8000,7700
2013-07-19,5.32,7900,0.1(1.28 %),136560,1067187000,0,0,7800,7900,7700
2013-07-22,5.05,7500,-0.4(-5.06 %),123090,936438000,0,0,7700,7900,7500
2013-07-23,5.12,7600,0.1(1.33 %),191010,1448878000,0,0,7600,7700,7500
2013-07-24,4.98,7400,-0.2(-2.63 %),490520,3624061000,0,0,7500,7500,7300
2013-07-25,4.78,7100,-0.3(-4.05 %),255730,1847963000,0,0,7500,7500,7100
2013-07-26,4.92,7300,0.2(2.82 %),352410,2515283000,0,0,7200,7300,7000
2013-07-29,4.65,6900,-0.4(-5.48 %),195550,1374104000,0,0,7200,7200,6900
2013-07-30,4.78,7100,0.2(2.90 %),56030,389815000,0,0,7000,7100,6800
2013-07-31,4.78,7100,0(0.00 %),238540,1658532000,0,0,7000,7100,6900
2013-08-01,4.65,6900,-0.2(-2.82 %),131800,921170000,0,0,7000,7200,6900
2013-08-02,4.78,7100,0.2(2.90 %),658980,4655847000,0,0,7100,7200,7000
2013-08-05,4.78,7100,0(0.00 %),189850,1329362000,0,0,6900,7100,6900
2013-08-06,4.72,7000,-0.1(-1.41 %),58040,406360000,0,0,7000,7100,7000
2013-08-07,4.72,7000,0(0.00 %),214170,1492604000,0,0,7000,7100,6900
2013-08-08,4.72,7000,0(0.00 %),159530,1106030000,0,0,7000,7000,6900
2013-08-09,4.72,7000,0(0.00 %),156940,1088541000,0,0,6900,7100,6900
2013-08-12,4.58,6800,-0.2(-2.86 %),22960,157000000,0,0,6900,6900,6800
2013-08-13,4.45,6600,-0.2(-2.94 %),181340,1214578000,0,0,6800,6800,6600
2013-08-14,4.65,6900,0.3(4.55 %),106700,717064000,0,0,6600,6900,6600
2013-08-15,4.58,6800,-0.1(-1.45 %),501250,3366633000,0,0,6700,6900,6500
2013-08-16,4.65,6900,0.1(1.47 %),331880,2290419000,0,0,6800,7000,6800
2013-08-19,4.85,7200,0.3(4.35 %),344690,2413644000,0,0,6900,7200,6900
2013-08-20,4.72,7000,-0.2(-2.78 %),163190,1142332000,0,0,7000,7100,7000
2013-08-21,4.72,7000,0(0.00 %),183840,1271687000,0,0,6900,7000,6900
2013-08-22,4.72,7000,0(0.00 %),106830,732711000,0,0,6900,7000,6700
2013-08-23,4.65,6900,-0.1(-1.43 %),176760,1198545000,0,0,6900,6900,6700
2013-08-26,4.65,6900,0(0.00 %),188980,1285762000,0,0,6700,6900,6700
2013-08-27,4.65,6900,0(0.00 %),137340,934489000,0,0,6800,6900,6700
2013-08-28,4.45,6600,-0.3(-4.35 %),176800,1171395000,0,0,6700,6700,6600
2013-08-29,4.38,6500,-0.1(-1.52 %),86710,573661000,0,0,6600,6700,6500
2013-08-30,4.38,6500,0(0.00 %),59410,386199000,0,0,6500,6600,6500
2013-09-03,4.18,6200,-0.3(-4.62 %),81940,518587000,0,0,6600,6600,6200
2013-09-04,4.04,6000,-0.2(-3.23 %),317470,1926933000,0,0,6200,6200,6000
2013-09-05,4.24,6300,0.3(5.00 %),107340,657533000,0,0,6000,6400,6000
2013-09-06,4.11,6100,-0.2(-3.17 %),111200,683366000,0,0,6300,6300,6000
2013-09-09,4.04,6000,-0.1(-1.64 %),270420,1596277000,0,0,6100,6100,5800
2013-09-10,4.04,6000,0(0.00 %),121420,729523000,0,0,6000,6100,6000
2013-09-11,4.04,6000,0(0.00 %),82580,498763000,0,0,6000,6100,6000
2013-09-12,4.04,6000,0(0.00 %),81320,487572000,0,0,6000,6100,5900
2013-09-13,4.11,6100,0.1(1.67 %),108800,652902000,0,0,6000,6100,6000
2013-09-16,4.04,6000,-0.1(-1.64 %),216000,1296002000,0,0,6000,6100,6000
2013-09-17,3.97,5900,-0.1(-1.67 %),73050,437538000,0,0,6000,6100,5900
2013-09-18,3.97,5900,0(0.00 %),264040,1560652000,0,0,6000,6000,5900
2013-09-19,3.97,5900,0(0.00 %),33310,198244000,0,0,5900,6100,5900
2013-09-20,4.04,6000,0.1(1.69 %),320790,1918506000,0,0,5900,6100,5900
2013-09-23,4.04,6000,0(0.00 %),163950,987676000,290000,1740000000,6000,6200,5900
2013-09-24,4.11,6100,0.1(1.67 %),129090,793080000,0,0,6100,6300,6100
2013-09-25,4.31,6400,0.3(4.92 %),221670,1407681000,0,0,6200,6500,6200
2013-09-26,4.24,6300,-0.1(-1.56 %),204410,1310546000,0,0,6400,6500,6300
2013-09-27,4.24,6300,0(0.00 %),73040,458252000,0,0,6300,6400,6200
2013-09-30,4.31,6400,0.1(1.59 %),239790,1523702000,0,0,6200,6400,6200
2013-10-01,4.31,6400,0(0.00 %),469100,3096837000,0,0,6400,6800,6400
2013-10-02,4.58,6800,0.4(6.25 %),1552710,10431763000,0,0,6600,6800,6500
2013-10-03,4.78,7100,0.3(4.41 %),1259230,8986098000,0,0,7200,7200,6900
2013-10-04,4.65,6900,-0.2(-2.82 %),396670,2773871000,0,0,7000,7100,6900
2013-10-07,4.58,6800,-0.1(-1.45 %),467220,3234332000,0,0,6900,7000,6800
2013-10-08,4.78,7100,0.3(4.41 %),989630,6937011000,30000,216000000,6800,7200,6800
2013-10-09,4.65,6900,-0.2(-2.82 %),350380,2465132000,0,0,7000,7200,6900
2013-10-10,4.51,6700,-0.2(-2.90 %),666870,4595084000,0,0,7000,7100,6700
2013-10-11,4.51,6700,0(0.00 %),536460,3617316000,30000,213000000,6800,6800,6700
2013-10-14,4.51,6700,0(0.00 %),371970,2463378000,0,0,6700,6700,6500
2013-10-15,4.38,6500,-0.2(-2.99 %),358610,2377282000,0,0,6500,6800,6500
2013-10-16,4.58,6800,0.3(4.62 %),481780,3256482000,0,0,6700,6900,6700
2013-10-17,4.51,6700,-0.1(-1.47 %),168980,1152285000,0,0,6900,7000,6700
2013-10-18,4.65,6900,0.2(2.99 %),605580,4138705000,0,0,6700,7000,6700
2013-10-21,4.85,7200,0.3(4.35 %),2214120,15992158000,0,0,7200,7300,7100
2013-10-22,4.78,7100,-0.1(-1.39 %),465540,3303395000,130000,975000000,7200,7300,7000
2013-10-23,4.98,7400,0.3(4.23 %),1004710,7447469000,0,0,7100,7500,7100
2013-10-24,4.72,7000,-0.4(-5.41 %),861680,6177994000,59990,437927000,7400,7500,7000
2013-10-25,4.78,7100,0.1(1.43 %),456380,3227974000,0,0,7100,7200,7000
2013-10-28,4.65,6900,-0.2(-2.82 %),637440,4460979000,0,0,7100,7200,6900
2013-10-29,4.72,7000,0.1(1.45 %),382240,2620744000,49000,357700000,6900,7000,6800
2013-10-30,4.65,6900,-0.1(-1.43 %),218970,1528649000,0,0,7000,7100,6900
2013-10-31,4.78,7100,0.2(2.90 %),519920,3671768000,0,0,6900,7200,6900
2013-11-01,4.72,7000,-0.1(-1.41 %),269070,1894519000,0,0,7100,7200,7000
2013-11-04,4.85,7200,0.2(2.86 %),468910,3362894000,0,0,7000,7300,7000
2013-11-05,5.05,7500,0.3(4.17 %),1520610,11459991000,0,0,7200,7700,7200
2013-11-06,5.12,7600,0.1(1.33 %),463000,3491608000,0,0,7500,7600,7400
2013-11-07,5.12,7600,0(0.00 %),942590,7274162000,0,0,7600,7900,7500
2013-11-08,5.19,7700,0.1(1.32 %),728990,5583144000,0,0,7600,7800,7500
2013-11-11,5.46,8100,0.4(5.19 %),1021560,8136983000,0,0,7700,8100,7600
2013-11-12,5.19,7700,-0.4(-4.94 %),762050,5992739000,0,0,8100,8100,7700
2013-11-13,5.19,7700,0(0.00 %),238840,1831129000,0,0,7700,7800,7600
2013-11-14,5.12,7600,-0.1(-1.30 %),505500,3853106000,0,0,7500,7800,7500
2013-11-15,5.19,7700,0.1(1.32 %),522040,3950928000,0,0,7500,7700,7400
2013-11-18,5.25,7800,0.1(1.30 %),767980,5982107000,0,0,7700,7900,7700
2013-11-19,5.25,7800,0(0.00 %),270470,2099961000,0,0,7800,7900,7700
2013-11-20,5.39,8000,0.2(2.56 %),937440,7358370000,0,0,7700,8000,7700
2013-11-21,5.25,7800,-0.2(-2.50 %),1199760,9628222000,0,0,8000,8200,7800
2013-11-22,5.19,7700,-0.1(-1.28 %),374550,2898986000,0,0,7700,7800,7700
2013-11-25,5.05,7500,-0.2(-2.60 %),340350,2605353000,0,0,7700,7800,7500
2013-11-26,5.12,7600,0.1(1.33 %),364310,2775529000,135800,1086400000,7600,7700,7500
2013-11-27,5.19,7700,0.1(1.32 %),339720,2625045000,0,0,7700,7900,7600
2013-11-28,5.19,7700,0(0.00 %),153730,1184422000,0,0,7700,7800,7600
2013-11-29,5.12,7600,-0.1(-1.30 %),338930,2579132000,20000,150000000,7700,7700,7500
2013-12-02,5.12,7600,0(0.00 %),247110,1863265000,0,0,7600,7700,7500
2013-12-03,5.32,7900,0.3(3.95 %),727470,5642296000,0,0,7600,7900,7500
2013-12-04,5.32,7900,0(0.00 %),520080,4109516000,0,0,7900,8000,7800
2013-12-05,5.59,8300,0.4(5.06 %),2247990,18501794000,0,0,7900,8400,7900
2013-12-06,5.46,8100,-0.2(-2.41 %),406340,3315825000,0,0,8200,8300,8100
2013-12-09,5.39,8000,-0.1(-1.23 %),380330,3095340000,0,0,8100,8300,8000
2013-12-10,5.25,7800,-0.2(-2.50 %),480390,3802048000,20000,166000000,8000,8000,7800
2013-12-11,5.12,7600,-0.2(-2.56 %),687090,5258837000,53800,441160000,7900,7900,7500
2013-12-12,5.05,7500,-0.1(-1.32 %),211620,1595412000,0,0,7500,7700,7500
2013-12-13,5.12,7600,0.1(1.33 %),251050,1926294000,0,0,7600,7800,7600
2013-12-16,5.19,7700,0.1(1.32 %),202320,1548222000,53800,435780000,7600,7800,7600
2013-12-17,5.25,7800,0.1(1.30 %),201540,1566884000,0,0,7800,7800,7700
2013-12-18,5.19,7700,-0.1(-1.28 %),213940,1651493000,0,0,7800,7800,7600
2013-12-19,5.25,7800,0.1(1.30 %),718800,5705265000,0,0,7800,8100,7700
2013-12-20,5.32,7900,0.1(1.28 %),601270,4851617000,0,0,8000,8200,7900
2013-12-23,5.46,8100,0.2(2.53 %),432680,3501449000,0,0,8000,8200,8000
2013-12-24,5.39,8000,-0.1(-1.23 %),547290,4361354000,20000,162000000,8100,8100,7900
2013-12-25,5.32,7900,-0.1(-1.25 %),209660,1656647000,50000,410000000,8000,8000,7800
2013-12-26,5.25,7800,-0.1(-1.27 %),238530,1875608000,0,0,7900,8000,7800
2013-12-27,5.12,7600,-0.2(-2.56 %),390610,3008734000,60000,484000000,7800,7900,7600
2013-12-30,4.92,7300,-0.3(-3.95 %),392670,2935764000,90000,675000000,7700,7700,7300
2013-12-31,5.19,7700,0.4(5.48 %),226360,1684884000,0,0,7400,7700,7300
2014-01-02,4.98,7400,-0.3(-3.90 %),237130,1779913000,60000,486000000,7600,7700,7400
2014-01-03,5.05,7500,0.1(1.35 %),366040,2735983000,30000,237000000,7400,7600,7400
2014-01-06,5.19,7700,0.2(2.67 %),246240,1879411000,0,0,7500,7700,7500
2014-01-07,5.05,7500,-0.2(-2.60 %),281660,2140613000,60000,486000000,7700,7700,7500
2014-01-08,5.12,7600,0.1(1.33 %),648850,4834024000,30000,237000000,7500,7600,7400
2014-01-09,5.05,7500,-0.1(-1.32 %),1231850,9178352000,0,0,7600,7600,7400
2014-01-10,4.98,7400,-0.1(-1.33 %),1099180,8250319000,0,0,7400,7600,7400
2014-01-13,4.85,7200,-0.2(-2.70 %),454190,3307071000,70000,537000000,7300,7400,7200
2014-01-14,4.92,7300,0.1(1.39 %),319060,2324943000,0,0,7200,7400,7200
2014-01-15,4.98,7400,0.1(1.37 %),636990,4669129000,0,0,7300,7500,7200
2014-01-16,4.85,7200,-0.2(-2.70 %),328190,2373053000,140900,1058570000,7300,7300,7100
2014-01-17,4.72,7000,-0.2(-2.78 %),469650,3318413000,0,0,7200,7200,7000
2014-01-20,4.51,6700,-0.3(-4.29 %),455300,3131931000,0,0,7000,7100,6700
2014-01-21,4.65,6900,0.2(2.99 %),230650,1590374000,0,0,6700,7000,6700
2014-01-22,4.58,6800,-0.1(-1.45 %),432210,2970851000,0,0,7000,7000,6800
2014-01-23,4.72,7000,0.2(2.94 %),247270,1707710000,0,0,6900,7000,6800
2014-01-24,4.72,7000,0(0.00 %),225940,1604504000,0,0,7000,7200,7000
2014-01-27,4.85,7200,0.2(2.86 %),43430,308377000,0,0,7200,7200,7000
2014-02-06,4.85,7200,0(0.00 %),168060,1211281000,0,0,7300,7300,7100
2014-02-07,4.92,7300,0.1(1.39 %),408180,2977374000,0,0,7200,7400,7200
2014-02-10,4.98,7400,0.1(1.37 %),195930,1442956000,0,0,7200,7400,7200
2014-02-11,4.92,7300,-0.1(-1.35 %),1151480,8622871000,0,0,7500,7700,7300
2014-02-12,4.98,7400,0.1(1.37 %),267140,1976371000,0,0,7400,7500,7300
2014-02-13,5.12,7600,0.2(2.70 %),1254780,9467523000,0,0,7500,7700,7400
2014-02-14,5.39,8000,0.4(5.26 %),1721560,13553470000,0,0,7700,8000,7700
2014-02-17,5.59,8300,0.3(3.75 %),1440680,11645095000,0,0,7900,8400,7700
2014-02-18,5.73,8500,0.2(2.41 %),1490300,12449087000,0,0,8300,8500,8200
2014-02-19,5.66,8400,-0.1(-1.18 %),1381460,11529403000,0,0,8400,8500,8200
2014-02-20,5.52,8200,-0.2(-2.38 %),3387240,28643671000,0,0,8400,8800,7900
2014-02-21,5.52,8200,0(0.00 %),425830,3481100000,0,0,8300,8300,8000
2014-02-24,5.86,8700,0.5(6.10 %),1623160,13834708000,0,0,8200,8700,8200
2014-02-25,5.86,8700,0(0.00 %),1323070,11491324000,0,0,8700,8800,8500
2014-02-26,5.79,8600,-0.1(-1.15 %),1008970,8581875000,0,0,8700,8800,8300
2014-02-27,5.79,8600,0(0.00 %),3176770,27875897000,0,0,8500,9000,8500
2014-02-28,5.86,8700,0.1(1.16 %),928420,7944930000,0,0,8500,8700,8400
2014-03-03,5.46,8100,-0.6(-6.90 %),1500960,12392549000,0,0,8500,8600,8100
2014-03-04,5.46,8100,0(0.00 %),1150410,9183576000,0,0,8000,8200,7800
2014-03-05,5.79,8600,0.5(6.17 %),829800,6956531000,0,0,8200,8600,8200
2014-03-06,5.73,8500,-0.1(-1.16 %),750850,6439762000,0,0,8600,8700,8400
2014-03-07,5.93,8800,0.3(3.53 %),1730160,15119412000,0,0,8500,8900,8500
2014-03-10,5.99,8900,0.1(1.14 %),792530,7022678000,0,0,8800,9000,8700
2014-03-11,5.93,8800,-0.1(-1.12 %),1006220,8918308000,0,0,9100,9100,8600
2014-03-12,5.86,8700,-0.1(-1.14 %),899310,7841598000,0,0,8800,8900,8500
2014-03-13,5.99,8900,0.2(2.30 %),812200,7105613000,0,0,8600,8900,8600
2014-03-14,5.99,8900,0(0.00 %),1126200,10023006000,58000,516200000,8700,9000,8700
2014-03-17,6.26,9300,0.4(4.49 %),1280250,11702403000,0,0,9000,9400,8900
2014-03-18,6.4,9500,0.2(2.15 %),1493430,14163667000,0,0,9200,9600,9200
2014-03-19,6.67,9900,0.4(4.21 %),1108780,10624177000,0,0,9500,9900,9300
2014-03-20,6.6,9800,-0.1(-1.01 %),781210,7678831000,0,0,9900,10100,9600
2014-03-21,6.6,9800,0(0.00 %),387280,3778923000,0,0,9800,9900,9700
2014-03-24,6.74,10000,0.2(2.04 %),1607220,15972288000,0,0,9900,10100,9700
2014-03-25,6.94,10300,0.3(3.00 %),2699170,28431656000,0,0,10000,10700,10000
2014-03-26,7.01,10400,0.1(0.97 %),2257740,24257253000,0,0,10600,11000,10200
2014-03-27,6.94,10300,-0.1(-0.96 %),1010630,10405942000,0,0,10400,10400,10100
2014-03-28,7.07,10500,0.2(1.94 %),1248780,13189184000,0,0,10500,10800,10300
2014-03-31,6.87,10200,-0.3(-2.86 %),1165210,12057117000,0,0,10500,10600,10200
2014-04-01,6.4,9500,-0.7(-6.86 %),2636540,25499883000,0,0,10000,10000,9500
2014-04-02,6.4,9500,0(0.00 %),800720,7574393000,0,0,9400,9800,8900
2014-04-03,6.6,9800,0.3(3.16 %),874890,8600980000,0,0,9500,10000,9500
2014-04-04,6.87,10200,0.4(4.08 %),1817530,18169226000,0,0,9900,10300,9800
2014-04-07,6.87,10200,0(0.00 %),648550,6624074000,0,0,10200,10400,10100
2014-04-08,7.21,10700,0.5(4.90 %),1087530,11529850000,0,0,10200,10800,10200
2014-04-10,7.34,10900,0.2(1.87 %),1533840,16647781000,0,0,10700,11200,10500
2014-04-11,7.27,10800,-0.1(-0.92 %),610040,6557638000,0,0,10900,10900,10600
2014-04-14,6.94,10300,-0.5(-4.63 %),466190,4959113000,0,0,10900,10900,10300
2014-04-15,6.47,9600,-0.7(-6.80 %),705770,6978249000,0,0,10300,10300,9600
2014-04-16,6.6,9800,0.2(2.08 %),981810,9490563000,0,0,9600,9900,9500
2014-04-17,6.67,9900,0.1(1.02 %),616270,6150731000,0,0,9900,10100,9800
2014-04-18,6.26,9300,-0.6(-6.06 %),567660,5310587000,0,0,9800,9800,9300
2014-04-21,5.99,8900,-0.4(-4.30 %),366970,3324179000,0,0,9100,9400,8800
2014-04-22,6.26,9300,0.4(4.49 %),331980,2984640000,0,0,9000,9300,8700
2014-04-23,5.93,8800,-0.5(-5.38 %),218960,1998121000,0,0,9300,9400,8800
2014-04-24,5.93,8800,0(0.00 %),152130,1339091000,0,0,8800,9000,8700
2014-04-25,5.86,8700,-0.1(-1.14 %),132650,1175248000,0,0,9000,9200,8700
2014-04-28,5.73,8500,-0.2(-2.30 %),149870,1307583000,0,0,8800,8800,8500
2014-04-29,5.79,8600,0.1(1.18 %),111900,963435000,0,0,8600,8700,8500
2014-05-05,5.39,8000,-0.6(-6.98 %),239960,1966436000,0,0,8800,9000,8000
2014-05-06,5.25,7800,-0.2(-2.50 %),618200,4678685000,0,0,7700,7800,7500
2014-05-07,5.25,7800,0(0.00 %),63540,499919000,0,0,8000,8000,7700
2014-05-08,4.92,7300,-0.5(-6.41 %),901360,6592442000,0,0,7600,7800,7300
2014-05-09,4.98,7400,0.1(1.37 %),142380,1046759000,0,0,7300,7600,7000
2014-05-12,4.65,6900,-0.5(-6.76 %),637500,4405728000,0,0,7000,7400,6900
2014-05-13,4.58,6800,-0.1(-1.45 %),203880,1374473000,0,0,6600,7100,6600
2014-05-14,4.85,7200,0.4(5.88 %),279980,1978250000,0,0,6800,7200,6800
2014-05-15,4.85,7200,0(0.00 %),174560,1258311000,0,0,7200,7500,6700
2014-05-16,5.19,7700,0.5(6.94 %),286240,2150825000,0,0,7300,7700,7200
2014-05-19,5.19,7700,0(0.00 %),109810,842337000,0,0,7900,7900,7300
2014-05-20,5.25,7800,0.1(1.30 %),292420,2253797000,0,0,7700,7800,7500
2014-05-21,5.46,8100,0.3(3.85 %),411820,3308802000,0,0,7900,8200,7800
2014-05-22,5.25,7800,-0.3(-3.70 %),216090,1712267000,0,0,8000,8200,7800
2014-05-23,5.39,8000,0.2(2.56 %),133950,1055543000,0,0,7700,8100,7700
2014-05-26,5.32,7900,-0.1(-1.25 %),86630,679072000,0,0,7800,8000,7700
2014-05-27,5.46,8100,0.2(2.53 %),366190,2951895000,0,0,8000,8200,7900
2014-05-28,5.59,8300,0.2(2.47 %),698790,5758099000,0,0,8100,8400,8100
2014-05-29,5.52,8200,-0.1(-1.20 %),289450,2396278000,0,0,8300,8400,8100
2014-05-30,5.39,8000,-0.2(-2.44 %),219550,1750100000,0,0,7900,8000,7900
2014-06-02,5.25,7800,-0.2(-2.50 %),136570,1059046000,0,0,7800,7900,7600
2014-06-03,5.25,7800,0(0.00 %),61610,481221000,0,0,7600,8000,7600
2014-06-04,4.92,7300,-0.5(-6.41 %),226700,1678369000,0,0,7600,7600,7300
2014-06-05,4.92,7300,0(0.00 %),133620,961998000,0,0,7300,7400,7100
2014-06-06,5.12,7600,0.3(4.11 %),84480,631295000,0,0,7300,7600,7300
2014-06-09,5.05,7500,-0.1(-1.32 %),142530,1092123000,0,0,7500,7800,7300
2014-06-10,4.92,7300,-0.2(-2.67 %),198180,1456645000,0,0,7500,7600,7200
2014-06-11,5.12,7600,0.3(4.11 %),147220,1105058000,0,0,7300,7600,7300
2014-06-12,5.19,7700,0.1(1.32 %),403720,3181968000,0,0,7700,8000,7600
2014-06-13,5.25,7800,0.1(1.30 %),264050,2012712000,0,0,7700,7800,7500
2014-06-16,5.19,7700,-0.1(-1.28 %),60560,461238000,0,0,7800,7800,7500
2014-06-17,5.25,7800,0.1(1.30 %),250730,1946335000,0,0,7600,7800,7600
2014-06-18,5.32,7900,0.1(1.28 %),196760,1552723000,0,0,7900,8000,7800
2014-06-19,5.12,7600,-0.3(-3.80 %),231540,1774129000,0,0,7800,7800,7500
2014-06-20,5.12,7600,0(0.00 %),294800,2217443000,0,0,7700,7800,7400
2014-06-23,5.12,7600,0(0.00 %),63300,471939000,0,0,7700,7700,7400
2014-06-24,5.12,7600,0(0.00 %),212230,1594850000,0,0,7500,7600,7400
2014-06-25,5.12,7600,0(0.00 %),140930,1068082000,0,0,7600,7700,7500
2014-06-26,5.19,7700,0.1(1.32 %),196340,1508903000,0,0,7600,7800,7600
2014-06-27,5.19,7700,0(0.00 %),387910,2950929000,0,0,7600,7700,7500
2014-06-30,5.19,7700,0(0.00 %),706280,5328524000,0,0,7600,7700,7500
2014-07-01,5.12,7600,-0.1(-1.30 %),172300,1310423000,0,0,7600,7700,7600
2014-07-02,5.25,7800,0.2(2.63 %),437650,3379034000,0,0,7600,7800,7600
2014-07-03,5.59,8300,0.5(6.41 %),2306170,18994397000,0,0,7900,8300,7900
2014-07-04,5.66,8400,0.1(1.20 %),665530,5578287000,0,0,8400,8500,8300
2014-07-07,5.66,8400,0(0.00 %),446620,3745313000,0,0,8300,8500,8300
2014-07-08,5.73,8500,0.1(1.19 %),315150,2621062000,0,0,8300,8500,8200
2014-07-09,5.73,8500,0(0.00 %),334180,2832877000,0,0,8400,8500,8400
2014-07-10,5.46,8100,-0.4(-4.71 %),565370,4652478000,0,0,8500,8500,8100
2014-07-11,5.66,8400,0.3(3.70 %),1021990,8522056000,0,0,8100,8500,8100
2014-07-14,5.66,8400,0(0.00 %),81270,673219000,0,0,8500,8500,8200
2014-07-15,5.52,8200,-0.2(-2.38 %),264360,2182532000,0,0,8500,8500,8200
2014-07-16,5.52,8200,0(0.00 %),314790,2617559000,0,0,8400,8400,8200
2014-07-17,5.59,8300,0.1(1.22 %),494470,4009845000,0,0,8300,8300,8000
2014-07-18,5.52,8200,-0.1(-1.20 %),196590,1622000000,0,0,8300,8300,8200
2014-07-21,5.46,8100,-0.1(-1.22 %),183390,1494000000,0,0,8200,8300,8000
2014-07-22,5.46,8100,0(0.00 %),286360,2291000000,0,0,8000,8100,7900
2014-07-23,5.46,8100,0(0.00 %),191460,1536000000,0,0,8100,8100,8000
2014-07-24,5.39,8000,-0.1(-1.23 %),80880,648132000,0,0,8000,8100,8000
2014-07-25,5.25,7800,-0.2(-2.50 %),226250,1791000000,0,0,8000,8100,7800
2014-07-28,5.05,7500,-0.3(-3.85 %),183280,1389000000,0,0,7800,7800,7500
2014-07-29,5.19,7700,0.2(2.67 %),53570,405000000,0,0,7500,7700,7500
2014-07-30,5.19,7700,0(0.00 %),168160,1287000000,0,0,7600,7800,7600
2014-07-31,5.25,7800,0.1(1.30 %),134490,1042000000,0,0,7800,7900,7600
2014-08-01,5.12,7600,-0.2(-2.56 %),64640,496000000,0,0,7700,7800,7600
2014-08-04,5.19,7700,0.1(1.32 %),67190,511000000,0,0,7500,7700,7500
2014-08-05,5.32,7900,0.2(2.60 %),171010,1327000000,0,0,7700,7900,7700
2014-08-06,5.25,7800,-0.1(-1.27 %),214790,1687000000,0,0,7900,8000,7800
2014-08-07,5.39,8000,0.2(2.56 %),139710,1088000000,0,0,7800,8000,7600
2014-08-08,5.39,8000,0(0.00 %),83560,666000000,0,0,7900,8100,7800
2014-08-11,5.32,7900,-0.1(-1.25 %),214590,1686000000,0,0,8000,8000,7700
2014-08-12,5.25,7800,-0.1(-1.27 %),211860,1651000000,0,0,7900,7900,7700
2014-08-13,5.32,7900,0.1(1.28 %),177090,1376000000,0,0,7900,7900,7600
2014-08-14,5.52,8200,0.3(3.80 %),1518540,12530060000,0,0,7900,8400,7900
2014-08-15,5.39,8000,-0.2(-2.44 %),252180,2036000000,0,0,8200,8200,8000
2014-08-18,5.39,8000,0(0.00 %),333560,2669000000,0,0,8000,8100,8000
2014-08-19,5.32,7900,-0.1(-1.25 %),580410,4592000000,0,0,8000,8000,7800
2014-08-20,5.39,8000,0.1(1.27 %),181660,1428000000,0,0,7900,8000,7800
2014-08-21,5.39,8000,0(0.00 %),323970,2592000000,0,0,7900,8100,7900
2014-08-22,5.46,8100,0.1(1.25 %),707910,5737820000,0,0,7900,8300,7900
2014-08-25,5.52,8200,0.1(1.23 %),467760,3876000000,0,0,8200,8400,8200
2014-08-26,5.52,8200,0(0.00 %),819950,6734000000,0,0,8200,8300,8100
2014-08-27,5.46,8100,-0.1(-1.22 %),466220,3802380000,0,0,8200,8300,8000
2014-08-28,5.46,8100,0(0.00 %),261350,2126710000,0,0,8100,8300,8000
2014-08-29,5.66,8400,0.3(3.70 %),718670,5989000000,0,0,8200,8600,8200
2014-09-03,5.73,8500,0.1(1.19 %),741020,6367000000,0,0,8400,8800,8400
2014-09-04,5.73,8500,0(0.00 %),405550,3431000000,0,0,8500,8600,8400
2014-09-05,5.79,8600,0.1(1.18 %),598710,5084000000,0,0,8600,8600,8400
2014-09-08,5.86,8700,0.1(1.16 %),1551020,13573450000,0,0,8600,8900,8600
2014-09-09,5.52,8200,-0.5(-5.75 %),556030,4675830000,0,0,8700,8700,8100
2014-09-10,5.52,8200,0(0.00 %),376680,3074975000,0,0,8200,8300,8000
2014-09-11,5.52,8200,0(0.00 %),421190,3470739000,0,0,8200,8300,8100
2014-09-12,5.59,8300,0.1(1.22 %),438820,3619428000,0,0,8200,8400,8200
2014-09-15,5.52,8200,-0.1(-1.20 %),465180,3870645000,0,0,8300,8500,8200
2014-09-16,5.52,8200,0(0.00 %),320390,2601174000,0,0,8200,8300,8000
2014-09-17,5.52,8200,0(0.00 %),461850,3802916000,0,0,8300,8400,8100
2014-09-18,5.46,8100,-0.1(-1.22 %),280050,2299183000,0,0,8200,8400,8100
2014-09-19,5.39,8000,-0.1(-1.23 %),314630,2522511000,0,0,8100,8200,7900
2014-09-22,5.32,7900,-0.1(-1.25 %),299900,2391100000,0,0,8000,8100,7900
2014-09-23,5.39,8000,0.1(1.27 %),354640,2835510000,0,0,7800,8100,7800
2014-09-24,5.39,8000,0(0.00 %),58720,470254000,0,0,8100,8100,8000
2014-09-25,5.46,8100,0.1(1.25 %),166070,1322173000,0,0,8000,8100,7900
2014-09-26,5.46,8100,0(0.00 %),226670,1839854000,0,0,8100,8200,8100
2014-09-29,5.46,8100,0(0.00 %),141410,1134190000,0,0,8100,8100,8000
2014-09-30,5.39,8000,-0.1(-1.23 %),446480,3547530000,0,0,8100,8100,7900
2014-10-01,5.59,8300,0.3(3.75 %),629110,5200050000,0,0,8100,8400,8100
2014-10-02,5.79,8600,0.3(3.61 %),1369200,11639550000,0,0,8400,8800,8200
2014-10-03,5.79,8600,0(0.00 %),743690,6463660000,0,0,8600,8900,8500
2014-10-06,5.86,8700,0.1(1.16 %),549490,4795770000,0,0,8700,8900,8600
2014-10-07,5.99,8900,0.2(2.30 %),1550610,13943280000,0,0,8700,9300,8700
2014-10-08,5.99,8900,0(0.00 %),626270,5578430000,0,0,8900,9100,8700
2014-10-09,5.86,8700,-0.2(-2.25 %),487410,4317500000,0,0,9000,9000,8700
2014-10-10,5.66,8400,-0.3(-3.45 %),460670,3938760000,0,0,8600,8600,8400
2014-10-13,5.73,8500,0.1(1.19 %),498790,4155613000,0,0,8400,8500,8200
2014-10-14,5.52,8200,-0.3(-3.53 %),385720,3208235000,0,0,8400,8600,8200
2014-10-15,5.52,8200,0(0.00 %),410010,3340770000,0,0,8300,8300,8000
2014-10-16,5.25,7800,-0.4(-4.88 %),425850,3396410000,0,0,8100,8200,7800
2014-10-17,5.46,8100,0.3(3.85 %),366980,2901725000,0,0,7900,8100,7800
2014-10-20,5.32,7900,-0.2(-2.47 %),237910,1905369000,0,0,8100,8100,7900
2014-10-21,5.39,8000,0.1(1.27 %),242930,1927985000,0,0,7900,8000,7900
2014-10-22,5.52,8200,0.2(2.50 %),269950,2189498000,0,0,8000,8200,8000
2014-10-23,5.39,8000,-0.2(-2.44 %),442330,3535646000,0,0,8100,8100,7900
2014-10-24,5.39,8000,0(0.00 %),185860,1485851000,0,0,8000,8100,7900
2014-10-27,5.12,7600,-0.4(-5.00 %),447120,3442742000,0,0,7900,7900,7600
2014-10-28,5.25,7800,0.2(2.63 %),94790,728504000,0,0,7600,7900,7600
2014-10-29,5.32,7900,0.1(1.28 %),174960,1385186000,0,0,7900,8000,7900
2014-10-30,5.32,7900,0(0.00 %),154380,1219402000,0,0,7900,8000,7800
2014-10-31,5.39,8000,0.1(1.27 %),303740,2416458000,0,0,7900,8100,7800
2014-11-03,5.46,8100,0.1(1.25 %),231230,1852546000,0,0,8200,8200,7900
2014-11-04,5.39,8000,-0.1(-1.23 %),226960,1808643000,0,0,8000,8100,7900
2014-11-05,5.32,7900,-0.1(-1.25 %),521370,4083251000,0,0,8000,8000,7700
2014-11-06,5.32,7900,0(0.00 %),146490,1158645000,0,0,8000,8000,7900
2014-11-07,5.39,8000,0.1(1.27 %),136670,1077408000,0,0,8000,8000,7800
2014-11-10,5.46,8100,0.1(1.25 %),505430,4063549000,0,0,8000,8100,8000
2014-11-11,5.59,8300,0.2(2.47 %),677350,5523034000,0,0,8100,8300,8000
2014-11-12,5.59,8300,0(0.00 %),365670,3014954000,0,0,8300,8400,8100
2014-11-13,5.59,8300,0(0.00 %),507640,4202295000,0,0,8300,8400,8200
2014-11-14,5.52,8200,-0.1(-1.20 %),337890,2739562000,0,0,8100,8300,8000
2014-11-17,5.46,8100,-0.1(-1.22 %),219180,1775364000,0,0,8100,8200,8100
2014-11-18,5.39,8000,-0.1(-1.23 %),224050,1793515000,0,0,8100,8200,8000
2014-11-19,5.25,7800,-0.2(-2.50 %),233230,1840532000,0,0,7900,8000,7800
2014-11-20,5.46,8100,0.3(3.85 %),305960,2443700000,0,0,7900,8100,7900
2014-11-21,5.39,8000,-0.1(-1.23 %),228640,1833420000,0,0,8000,8100,8000
2014-11-24,5.32,7900,-0.1(-1.25 %),115830,909160000,0,0,7900,7900,7800
2014-11-25,5.32,7900,0(0.00 %),163800,1296980000,0,0,7900,8000,7800
2014-11-26,5.25,7800,-0.1(-1.27 %),181740,1435370000,0,0,8000,8000,7800
2014-11-27,5.32,7900,0.1(1.28 %),131290,1027570000,0,0,7900,7900,7800
2014-11-28,5.52,8200,0.3(3.80 %),401720,3273600000,0,0,8000,8200,8000
2014-12-01,5.39,8000,-0.2(-2.44 %),145220,1176650000,0,0,8200,8200,8000
2014-12-02,5.46,8100,0.1(1.25 %),115870,930240000,0,0,8000,8100,8000
2014-12-03,5.39,8000,-0.1(-1.23 %),299810,2416610000,0,0,8000,8200,8000
2014-12-04,5.46,8100,0.1(1.25 %),264570,2147930000,0,0,8100,8200,8100
2014-12-05,5.39,8000,-0.1(-1.23 %),234420,1892840000,0,0,8100,8100,8000
2014-12-08,5.39,8000,0(0.00 %),254360,2038280000,0,0,8100,8100,8000
2014-12-09,5.32,7900,-0.1(-1.25 %),342020,2708880000,0,0,8000,8000,7800
2014-12-10,5.32,7900,0(0.00 %),225720,1759850000,0,0,7900,7900,7700
2014-12-11,5.25,7800,-0.1(-1.27 %),74980,584860000,0,0,7800,7900,7800
2014-12-12,5.25,7800,0(0.00 %),148080,1159608000,0,0,7800,8000,7800
2014-12-15,5.25,7800,0(0.00 %),47800,374120000,0,0,7900,8000,7800
2014-12-16,5.19,7700,-0.1(-1.28 %),184020,1417180000,0,0,7800,7800,7700
2014-12-17,5.19,7700,0(0.00 %),382510,2851970000,0,0,7700,7800,7200
2014-12-18,5.12,7600,-0.1(-1.30 %),153180,1159320000,0,0,7700,7700,7500
2014-12-19,4.85,7200,-0.4(-5.26 %),224880,1651530000,0,0,7600,7600,7200
2014-12-22,4.98,7400,0.2(2.78 %),57910,427140000,0,0,7300,7500,7200
2014-12-23,4.92,7300,-0.1(-1.35 %),54030,397030000,0,0,7400,7500,7300
2014-12-24,4.98,7400,0.1(1.37 %),90130,663210000,100000,740000000,7400,7400,7300
2014-12-25,4.98,7400,0(0.00 %),170300,1266440000,0,0,7500,7500,7400
2014-12-26,4.85,7200,-0.2(-2.70 %),175850,1276277000,0,0,7500,7500,7200
2014-12-29,4.78,7100,-0.1(-1.39 %),109710,778195000,0,0,7300,7300,6900
2014-12-30,4.98,7400,0.3(4.23 %),42450,301431000,0,0,6900,7400,6900
2014-12-31,5.05,7500,0.1(1.35 %),488200,3623670000,0,0,7400,7600,7300
2015-01-05,5.05,7500,0(0.00 %),182570,1367594000,0,0,7500,7500,7400
2015-01-06,5.12,7600,0.1(1.33 %),143130,1075178000,0,0,7400,7600,7300
2015-01-07,4.98,7400,-0.2(-2.63 %),164870,1234316000,0,0,7500,7600,7400
2015-01-08,5.05,7500,0.1(1.35 %),171010,1255214000,0,0,7500,7500,7300
2015-01-09,5.12,7600,0.1(1.33 %),144450,1084301000,0,0,7500,7600,7400
2015-01-12,4.92,7300,-0.3(-3.95 %),180730,1332339000,0,0,7600,7600,7300
2015-01-13,4.92,7300,0(0.00 %),70820,518814000,0,0,7400,7400,7300
2015-01-14,4.92,7300,0(0.00 %),175790,1282752000,0,0,7400,7400,7200
2015-01-15,4.92,7300,0(0.00 %),64950,473814000,0,0,7400,7400,7200
2015-01-16,4.85,7200,-0.1(-1.37 %),70850,514616000,0,0,7300,7400,7200
2015-01-19,4.85,7200,0(0.00 %),190910,1357819000,0,0,7300,7400,7000
2015-01-20,4.85,7200,0(0.00 %),60210,428932000,0,0,7200,7200,7100
2015-01-21,4.78,7100,-0.1(-1.39 %),67510,479430000,0,0,7200,7200,7000
2015-01-22,4.85,7200,0.1(1.41 %),39640,279478000,0,0,7100,7200,7000
2015-01-23,4.85,7200,0(0.00 %),74580,537290000,0,0,7200,7300,7200
2015-01-26,4.78,7100,-0.1(-1.39 %),155850,1128853000,0,0,7300,7300,7100
2015-01-27,4.85,7200,0.1(1.41 %),365930,2622616000,0,0,7100,7300,7000
2015-01-28,4.78,7100,-0.1(-1.39 %),101690,722440000,0,0,7200,7200,7000
2015-01-29,4.78,7100,0(0.00 %),59980,424919000,0,0,7200,7200,7000
2015-01-30,4.65,6900,-0.2(-2.82 %),78950,551499000,0,0,7100,7100,6900
2015-02-02,4.58,6800,-0.1(-1.45 %),108250,742000000,0,0,7100,7100,6800
2015-02-03,4.51,6700,-0.1(-1.47 %),114450,769000000,0,0,6800,6900,6700
2015-02-04,4.51,6700,0(0.00 %),108860,726000000,0,0,6800,6800,6600
2015-02-05,4.58,6800,0.1(1.49 %),31860,214000000,0,0,6800,6800,6700
2015-02-06,4.58,6800,0(0.00 %),61670,419000000,0,0,6800,6900,6800
2015-02-09,4.45,6600,-0.2(-2.94 %),80600,545000000,0,0,7000,7000,6600
2015-02-10,4.51,6700,0.1(1.52 %),37080,247000000,0,0,6800,6800,6600
2015-02-11,4.72,7000,0.3(4.48 %),68430,476000000,0,0,7000,7000,6800
2015-02-12,4.78,7100,0.1(1.43 %),37930,266000000,0,0,7000,7100,7000
2015-02-13,4.85,7200,0.1(1.41 %),86230,610000000,50000,375000000,7100,7200,7000
2015-02-24,4.98,7400,0.2(2.78 %),194820,1444000000,0,0,7300,7600,7300
2015-02-25,4.98,7400,0(0.00 %),176170,1300000000,0,0,7400,7400,7300
2015-02-26,5.05,7500,0.1(1.35 %),154270,1149000000,0,0,7500,7500,7400
2015-02-27,5.12,7600,0.1(1.33 %),140660,1065000000,0,0,7400,7700,7400
2015-03-02,5.19,7700,0.1(1.32 %),331090,2507000000,0,0,7600,7700,7500
2015-03-03,5.19,7700,0(0.00 %),38210,293000000,0,0,7600,7700,7600
2015-03-04,5.19,7700,0(0.00 %),4410,34000000,0,0,7700,7700,7600
2015-03-05,5.12,7600,-0.1(-1.30 %),173880,1319000000,0,0,7600,7700,7500
2015-03-06,5.12,7600,0(0.00 %),11450,87000000,0,0,7700,7700,7500
2015-03-09,5.12,7600,0(0.00 %),206050,1566000000,0,0,7700,7700,7600
2015-03-10,5.12,7600,0(0.00 %),146020,1111000000,0,0,7600,7700,7600
2015-03-11,5.19,7700,0.1(1.32 %),187110,1429000000,0,0,7600,7800,7600
2015-03-12,5.25,7800,0.1(1.30 %),44740,344000000,0,0,7700,7800,7600
2015-03-13,5.12,7600,-0.2(-2.56 %),29260,225000000,0,0,7700,7800,7600
2015-03-16,5.12,7600,0(0.00 %),210770,1603000000,0,0,7600,7700,7600
2015-03-17,5.19,7700,0.1(1.32 %),157650,1218000000,284000,2300400000,7600,7800,7600
2015-03-18,5.12,7600,-0.1(-1.30 %),150020,1155000000,0,0,7800,7800,7600
2015-03-19,5.19,7700,0.1(1.32 %),190190,1462000000,0,0,7800,7800,7600
2015-03-20,5.12,7600,-0.1(-1.30 %),161790,1246000000,0,0,7800,7800,7600
2015-03-23,5.32,7900,0.3(3.95 %),400620,3156000000,0,0,7600,8100,7600
2015-03-24,5.19,7700,-0.2(-2.53 %),173240,1351000000,0,0,7900,7900,7700
2015-03-25,5.32,7900,0.2(2.60 %),99030,774000000,0,0,7800,7900,7800
2015-03-26,5.25,7800,-0.1(-1.27 %),80440,627000000,0,0,7900,7900,7800
2015-03-27,5.32,7900,0.1(1.28 %),191540,1495000000,0,0,7800,7900,7800
2015-03-30,5.25,7800,-0.1(-1.27 %),113610,883000000,0,0,7800,7900,7700
2015-03-31,5.25,7800,0(0.00 %),153180,1196000000,0,0,7800,7900,7700
2015-04-01,5.05,7500,-0.3(-3.85 %),106030,811000000,0,0,7800,7800,7500
2015-04-02,5.19,7700,0.2(2.67 %),18020,136000000,0,0,7500,7700,7500
2015-04-03,5.19,7700,0(0.00 %),36090,276000000,0,0,7600,7700,7500
2015-04-06,5.19,7700,0(0.00 %),114550,882000000,0,0,7500,7800,7500
2015-04-07,5.19,7700,0(0.00 %),57510,442000000,0,0,7700,7800,7600
2015-04-08,5.25,7800,0.1(1.30 %),152450,1164000000,0,0,7800,7800,7600
2015-04-09,5.52,8200,0.4(5.13 %),947260,7605000000,0,0,7700,8300,7700
2015-04-10,5.66,8400,0.2(2.44 %),788470,6657000000,0,0,8200,8600,8200
2015-04-13,5.52,8200,-0.2(-2.38 %),87010,726000000,0,0,8700,8700,8200
2015-04-14,5.52,8200,0(0.00 %),152210,1250000000,0,0,8300,8300,8100
2015-04-15,5.52,8200,0(0.00 %),141190,1147000000,0,0,8300,8300,8000
2015-04-16,5.52,8200,0(0.00 %),140530,1165000000,0,0,8300,8400,8200
2015-04-17,5.46,8100,-0.1(-1.22 %),142960,1166000000,0,0,8200,8300,8100
2015-04-20,5.46,8100,0(0.00 %),184630,1490000000,0,0,8100,8200,8000
2015-04-21,5.39,8000,-0.1(-1.23 %),175930,1389000000,0,0,8100,8100,7800
2015-04-22,5.46,8100,0.1(1.25 %),407130,3292000000,0,0,8000,8200,8000
2015-04-23,5.46,8100,0(0.00 %),262650,2122000000,0,0,8200,8200,8000
2015-04-24,5.52,8200,0.1(1.23 %),849060,6874000000,0,0,8100,8200,8000
2015-04-27,5.59,8300,0.1(1.22 %),179830,1457000000,0,0,8100,8300,8000
2015-05-04,5.39,8000,-0.3(-3.61 %),203780,1637000000,0,0,8300,8300,7900
2015-05-05,5.39,8000,0(0.00 %),208890,1654000000,0,0,7900,8100,7700
2015-05-06,5.25,7800,-0.2(-2.50 %),116020,912000000,0,0,8000,8100,7800
2015-05-07,5.39,8000,0.2(2.56 %),115980,920000000,0,0,7800,8000,7800
2015-05-08,5.32,7900,-0.1(-1.25 %),56520,448000000,0,0,7900,8000,7900
2015-05-11,5.46,8100,0.2(2.53 %),397360,3245000000,0,0,7900,8300,7900
2015-05-12,5.46,8100,0(0.00 %),322090,2577000000,0,0,8200,8200,7800
2015-05-13,5.25,7800,-0.3(-3.70 %),141320,1114000000,0,0,7900,7900,7800
2015-05-14,5.25,7800,0(0.00 %),87310,685000000,0,0,7800,7900,7800
2015-05-15,5.12,7600,-0.2(-2.56 %),272980,2128000000,0,0,7900,8000,7600
2015-05-18,5.05,7500,-0.1(-1.32 %),147600,1099000000,0,0,7600,7600,7200
2015-05-19,5.19,7700,0.2(2.67 %),59790,449000000,0,0,7400,7700,7400
2015-05-20,5.32,7900,0.2(2.60 %),121320,954000000,0,0,7700,8000,7700
2015-05-21,5.32,7900,0(0.00 %),79640,621000000,0,0,7900,7900,7700
2015-05-22,5.25,7800,-0.1(-1.27 %),108250,847000000,0,0,7700,7900,7700
2015-05-25,5.32,7900,0.1(1.28 %),99400,777000000,0,0,7900,7900,7800
2015-05-26,5.25,7800,-0.1(-1.27 %),80600,634000000,0,0,7800,8000,7700
2015-05-27,5.25,7800,0(0.00 %),6690,52000000,0,0,7600,7800,7600
2015-05-28,5.32,7900,0.1(1.28 %),77300,603000000,0,0,7800,7900,7600
2015-05-29,5.25,7800,-0.1(-1.27 %),96280,749000000,0,0,7900,7900,7700
2015-06-01,5.25,7800,0(0.00 %),51790,403000000,0,0,7700,7800,7500
2015-06-02,5.19,7700,-0.1(-1.28 %),61980,474000000,0,0,7700,7700,7600
2015-06-03,5.46,8100,0.4(5.19 %),596510,4748000000,0,0,7700,8200,7500
2015-06-04,5.66,8400,0.3(3.70 %),715050,6012000000,0,0,8100,8500,8100
2015-06-05,5.66,8400,0(0.00 %),103560,861000000,0,0,8400,8400,8300
2015-06-08,5.66,8400,0(0.00 %),267920,2222000000,0,0,8400,8400,8200
2015-06-09,5.52,8200,-0.2(-2.38 %),161000,1320000000,0,0,8300,8400,8100
2015-06-10,5.46,8100,-0.1(-1.22 %),173740,1399000000,0,0,8100,8200,8000
2015-06-11,5.59,8300,0.2(2.47 %),284820,2352000000,0,0,8200,8500,8100
2015-06-12,5.59,8300,0(0.00 %),90990,747000000,0,0,8400,8400,8100
2015-06-15,5.52,8200,-0.1(-1.20 %),50720,416000000,0,0,8100,8300,8100
2015-06-16,5.39,8000,-0.2(-2.44 %),72860,589000000,0,0,8200,8200,8000
2015-06-17,5.32,7900,-0.1(-1.25 %),79020,628000000,0,0,8000,8000,7900
2015-06-18,5.32,7900,0(0.00 %),65100,514000000,0,0,7900,8000,7900
2015-06-19,5.46,8100,0.2(2.53 %),209650,1675000000,0,0,7900,8100,7900
2015-06-22,5.52,8200,0.1(1.23 %),80470,652000000,0,0,8000,8200,8000
2015-06-23,5.39,8000,-0.2(-2.44 %),154260,1246000000,0,0,8200,8200,8000
2015-06-24,5.32,7900,-0.1(-1.25 %),72270,571000000,0,0,8000,8000,7900
2015-06-25,5.46,8100,0.2(2.53 %),163350,1296000000,0,0,7900,8100,7900
2015-06-26,5.32,7900,-0.2(-2.47 %),104690,828000000,0,0,8000,8100,7900
2015-06-29,5.39,8000,0.1(1.27 %),156740,1215000000,0,0,7900,8000,7600
2015-06-30,5.39,8000,0(0.00 %),65330,520000000,0,0,7900,8000,7800
2015-07-01,5.32,7900,-0.1(-1.25 %),48890,384000000,0,0,7900,7900,7800
2015-07-02,5.32,7900,0(0.00 %),56400,443000000,0,0,7900,8000,7800
2015-07-03,5.32,7900,0(0.00 %),27380,214000000,0,0,7900,7900,7800
2015-07-06,5.46,8100,0.2(2.53 %),197970,1577000000,0,0,7900,8100,7900
2015-07-07,5.46,8100,0(0.00 %),142790,1158000000,0,0,7900,8200,7900
2015-07-08,5.79,8600,0.5(6.17 %),1143690,9787000000,0,0,8100,8600,8100
2015-07-09,6.13,9100,0.5(5.81 %),1952820,17913000000,0,0,8900,9200,8900
2015-07-10,6.13,9100,0(0.00 %),477670,4335000000,0,0,9300,9400,8900
2015-07-13,6.13,9100,0(0.00 %),1210810,11050000000,0,0,9200,9300,9000
2015-07-14,6.4,9500,0.4(4.40 %),2844050,26353000000,0,0,9100,9700,9100
2015-07-15,6.26,9300,-0.2(-2.11 %),310670,2923000000,0,0,9700,9700,9300
2015-07-16,6.13,9100,-0.2(-2.15 %),383440,3492000000,0,0,9100,9200,9000
2015-07-17,6.2,9200,0.1(1.10 %),795620,7360000000,0,0,9100,9500,9100
2015-07-20,6.06,9000,-0.2(-2.17 %),350600,3164000000,0,0,9100,9100,9000
2015-07-21,6.13,9100,0.1(1.11 %),170680,1540000000,100000,900000000,9000,9200,8900
2015-07-22,6.2,9200,0.1(1.10 %),495280,4510000000,0,0,9000,9300,9000
2015-07-23,6.06,9000,-0.2(-2.17 %),558520,5086000000,0,0,9200,9300,9000
2015-07-24,6.13,9100,0.1(1.11 %),241540,2182000000,0,0,9100,9200,9000
2015-07-27,6.06,9000,-0.1(-1.10 %),352880,3183000000,0,0,9200,9200,9000
2015-07-28,5.79,8600,-0.4(-4.44 %),640250,5632000000,0,0,9000,9000,8600
2015-07-29,5.79,8600,0(0.00 %),223490,1944000000,0,0,8600,8900,8600
2015-07-30,5.86,8700,0.1(1.16 %),408890,3532000000,0,0,8600,8800,8600
2015-07-31,5.86,8700,0(0.00 %),317380,2785000000,0,0,8700,8900,8700
2015-08-03,5.79,8600,-0.1(-1.15 %),463120,3989000000,0,0,8700,8700,8500
2015-08-04,5.73,8500,-0.1(-1.16 %),271230,2305000000,0,0,8500,8600,8500
2015-08-05,5.86,8700,0.2(2.35 %),228050,1965000000,0,0,8700,8700,8500
2015-08-06,5.79,8600,-0.1(-1.15 %),169630,1455000000,0,0,8700,8700,8500
2015-08-07,5.79,8600,0(0.00 %),78630,670000000,0,0,8600,8600,8500
2015-08-10,6.06,9000,0.4(4.65 %),439360,3885000000,0,0,8700,9000,8600
2015-08-11,5.93,8800,-0.2(-2.22 %),195810,1737000000,0,0,8900,9000,8800
2015-08-12,5.86,8700,-0.1(-1.14 %),268030,2327000000,0,0,8800,8800,8600
2015-08-13,5.93,8800,0.1(1.15 %),589060,5094000000,0,0,8700,8800,8500
2015-08-14,6.13,9100,0.3(3.41 %),633360,5601000000,0,0,8600,9100,8600
2015-08-17,5.99,8900,-0.2(-2.20 %),624200,5594000000,0,0,9000,9100,8900
2015-08-18,5.99,8900,0(0.00 %),373700,3342000000,0,0,8800,9000,8800
2015-08-19,5.99,8900,0(0.00 %),130590,1161000000,385000,3409000000,8900,9000,8800
2015-08-20,6.13,9100,0.2(2.25 %),622300,5682000000,290100,2596900000,9000,9300,8900
2015-08-21,6.13,9100,0(0.00 %),1006910,8964000000,258680,2328652000,8900,9200,8800
2015-08-24,5.86,8700,-0.4(-4.40 %),1000430,8664000000,0,0,9100,9100,8500
2015-08-25,5.86,8700,0(0.00 %),544160,4669000000,0,0,8400,8700,8400
2015-08-26,5.86,8700,0(0.00 %),146620,1270000000,0,0,8600,8900,8600
2015-08-27,5.79,8600,-0.1(-1.15 %),313260,2713000000,0,0,8700,8700,8600
2015-08-28,5.79,8600,0(0.00 %),105710,915000000,0,0,8600,8700,8600
2015-08-31,5.79,8600,0(0.00 %),183430,1582000000,0,0,8700,8700,8600
2015-09-01,5.93,8800,0.2(2.33 %),351160,3116000000,0,0,8700,9000,8600
2015-09-03,5.93,8800,0(0.00 %),392110,3461000000,0,0,8700,8900,8700
2015-09-04,5.93,8800,0(0.00 %),167050,1465000000,0,0,8800,8800,8700
2015-09-07,5.86,8700,-0.1(-1.14 %),65600,573000000,0,0,8800,8900,8700
2015-09-08,5.93,8800,0.1(1.15 %),105460,917000000,187593,1519503300,8700,8800,8600
2015-09-09,5.86,8700,-0.1(-1.14 %),132750,1158000000,0,0,8800,8800,8700
2015-09-10,5.86,8700,0(0.00 %),167130,1454000000,0,0,8700,8800,8700
2015-09-11,5.79,8600,-0.1(-1.15 %),182700,1590000000,0,0,8700,8800,8600
2015-09-14,5.86,8700,0.1(1.16 %),147070,1270000000,0,0,8700,8700,8600
2015-09-15,5.79,8600,-0.1(-1.15 %),372740,3205000000,0,0,8700,8700,8500
2015-09-16,5.73,8500,-0.1(-1.16 %),22000,187000000,0,0,8600,8600,8500
2015-09-17,5.79,8600,0.1(1.18 %),200510,1710000000,0,0,8400,8600,8400
2015-09-18,5.86,8700,0.1(1.16 %),666200,5825000000,0,0,8600,8800,8600
2015-09-21,6.06,9000,0.3(3.45 %),604640,5370000000,0,0,9000,9000,8700
2015-09-22,6.06,9000,0(0.00 %),631260,5730000000,0,0,9100,9200,8900
2015-09-23,6.13,9100,0.1(1.11 %),826270,7534000000,0,0,9000,9300,9000
2015-09-24,6.13,9100,0(0.00 %),226800,2082000000,0,0,9300,9300,9100
2015-09-25,6.2,9200,0.1(1.10 %),280330,2554000000,0,0,9100,9200,9100
2015-09-28,6.13,9100,-0.1(-1.09 %),425010,3908000000,0,0,9200,9300,9100
2015-09-29,6.06,9000,-0.1(-1.10 %),222620,2002000000,0,0,9000,9100,8900
2015-09-30,5.99,8900,-0.1(-1.11 %),73360,654000000,0,0,8900,9100,8900
2015-10-01,5.99,8900,0(0.00 %),77560,689000000,0,0,8900,8900,8800
2015-10-02,6.13,9100,0.2(2.25 %),77010,690000000,0,0,8800,9100,8800
2015-10-05,6.13,9100,0(0.00 %),74720,679000000,0,0,9100,9100,9000
2015-10-06,6.13,9100,0(0.00 %),284330,2587000000,0,0,9100,9200,9000
2015-10-07,6.06,9000,-0.1(-1.10 %),115400,1041000000,0,0,9100,9100,9000
2015-10-08,6.13,9100,0.1(1.11 %),181740,1651000000,0,0,9000,9200,9000
2015-10-09,6.06,9000,-0.1(-1.10 %),91680,826000000,0,0,9100,9100,9000
2015-10-12,6.13,9100,0.1(1.11 %),206880,1863000000,0,0,9000,9100,9000
2015-10-13,5.99,8900,-0.2(-2.20 %),143010,1282000000,0,0,9100,9100,8900
2015-10-14,6.13,9100,0.2(2.25 %),151630,1371000000,0,0,9100,9100,8900
2015-10-15,5.99,8900,-0.2(-2.20 %),231380,2067000000,0,0,9000,9100,8900
2015-10-16,6.06,9000,0.1(1.12 %),613970,5445000000,0,0,9000,9000,8800
2015-10-19,5.93,8800,-0.2(-2.22 %),189830,1699000000,0,0,9000,9000,8800
2015-10-20,6.06,9000,0.2(2.27 %),786680,7153000000,0,0,8900,9300,8900
2015-10-21,6.06,9000,0(0.00 %),327220,2920000000,0,0,9100,9100,8900
2015-10-22,5.99,8900,-0.1(-1.11 %),536600,4758000000,0,0,8900,9000,8800
2015-10-23,5.93,8800,-0.1(-1.12 %),1224860,10825000000,0,0,9000,9000,8800
2015-10-26,5.93,8800,0(0.00 %),218120,1910000000,0,0,8800,8900,8600
2015-10-27,5.99,8900,0.1(1.14 %),57320,504000000,0,0,8700,8900,8700
2015-10-28,5.86,8700,-0.2(-2.25 %),111590,975000000,0,0,8800,8900,8700
2015-10-29,5.86,8700,0(0.00 %),117680,1031000000,0,0,8700,8900,8700
2015-10-30,5.93,8800,0.1(1.15 %),191210,1675000000,0,0,8800,8900,8700
2015-11-02,5.93,8800,0(0.00 %),276720,2437000000,0,0,8800,8900,8800
2015-11-03,5.93,8800,0(0.00 %),128480,1130000000,0,0,8900,8900,8700
2015-11-04,5.99,8900,0.1(1.14 %),374960,3315000000,0,0,8800,9000,8800
2015-11-05,5.93,8800,-0.1(-1.12 %),159660,1405000000,0,0,8800,8900,8800
2015-11-06,5.86,8700,-0.1(-1.14 %),278020,2427000000,0,0,8800,8800,8700
2015-11-09,5.86,8700,0(0.00 %),537970,4674000000,0,0,8700,8800,8600
2015-11-10,5.86,8700,0(0.00 %),515440,4486000000,0,0,8800,8900,8600
2015-11-11,5.86,8700,0(0.00 %),312240,2702000000,0,0,8700,8700,8600
2015-11-12,5.79,8600,-0.1(-1.15 %),360470,3096000000,0,0,8600,8700,8500
2015-11-13,5.86,8700,0.1(1.16 %),387930,3368000000,0,0,8600,8800,8600
2015-11-16,5.73,8500,-0.2(-2.30 %),321680,2725000000,0,0,8500,8600,8400
2015-11-17,5.66,8400,-0.1(-1.18 %),221410,1854000000,0,0,8500,8500,8300
2015-11-18,5.79,8600,0.2(2.38 %),178870,1529000000,0,0,8400,8600,8400
2015-11-19,5.66,8400,-0.2(-2.33 %),65520,558000000,0,0,8700,8700,8400
2015-11-20,5.79,8600,0.2(2.38 %),177460,1512000000,0,0,8600,8600,8500
2015-11-23,5.79,8600,0(0.00 %),235230,2018000000,0,0,8700,8700,8500
2015-11-24,5.73,8500,-0.1(-1.16 %),239630,2028000000,0,0,8600,8600,8400
2015-11-25,5.73,8500,0(0.00 %),143050,1204000000,0,0,8500,8500,8400
2015-11-26,5.66,8400,-0.1(-1.18 %),88400,747000000,0,0,8400,8500,8400
2015-11-27,5.59,8300,-0.1(-1.19 %),138960,1161000000,0,0,8500,8500,8300
2015-11-30,5.39,8000,-0.3(-3.61 %),262700,2124000000,0,0,8200,8300,8000
2015-12-01,5.46,8100,0.1(1.25 %),170220,1368000000,156770,1254160000,8100,8100,8000
2015-12-02,5.52,8200,0.1(1.23 %),37570,308000000,0,0,8200,8300,8100
2015-12-03,5.52,8200,0(0.00 %),51180,413000000,0,0,8100,8200,8000
2015-12-04,5.46,8100,-0.1(-1.22 %),36630,297000000,0,0,8200,8200,8000
2015-12-07,5.52,8200,0.1(1.23 %),81980,662000000,0,0,8100,8200,8000
2015-12-08,5.59,8300,0.1(1.22 %),35370,289000000,0,0,8000,8300,8000
2015-12-09,5.52,8200,-0.1(-1.20 %),85810,691000000,0,0,8300,8300,8000
2015-12-10,5.46,8100,-0.1(-1.22 %),59750,480000000,0,0,8100,8100,8000
2015-12-11,5.46,8100,0(0.00 %),68240,545000000,0,0,8000,8100,7900
2015-12-14,5.39,8000,-0.1(-1.23 %),40090,317000000,0,0,8000,8000,7600
2015-12-15,5.39,8000,0(0.00 %),41650,331000000,0,0,8000,8000,7800
2015-12-16,5.32,7900,-0.1(-1.25 %),160500,1251000000,0,0,7700,8000,7700
2015-12-17,5.32,7900,0(0.00 %),50120,396000000,0,0,8000,8000,7800
2015-12-18,5.32,7900,0(0.00 %),53040,418000000,0,0,7900,7900,7800
2015-12-21,5.25,7800,-0.1(-1.27 %),52980,413000000,0,0,7900,7900,7800
2015-12-22,5.32,7900,0.1(1.28 %),86850,677000000,0,0,7800,7900,7800
2015-12-23,5.25,7800,-0.1(-1.27 %),14150,111000000,0,0,7900,7900,7700
2015-12-24,5.25,7800,0(0.00 %),10120,79000000,0,0,7900,7900,7800
2015-12-25,5.32,7900,0.1(1.28 %),36740,287000000,0,0,7800,7900,7600
2015-12-28,5.25,7800,-0.1(-1.27 %),44300,346000000,0,0,7900,7900,7600
2015-12-29,5.32,7900,0.1(1.28 %),35200,274000000,0,0,7800,7900,7700
2015-12-30,5.39,8000,0.1(1.27 %),101840,794000000,0,0,8000,8100,7400
2015-12-31,5.66,8400,0.4(5.00 %),155300,1302000000,0,0,8400,8400,7900
2016-01-04,5.52,8200,-0.2(-2.38 %),29010,237000000,0,0,8200,8300,8100
2016-01-05,5.32,7900,-0.3(-3.66 %),75170,591000000,0,0,7900,8000,7800
2016-01-06,5.39,8000,0.1(1.27 %),14460,114000000,0,0,7800,8000,7800
2016-01-07,5.39,8000,0(0.00 %),33000,258000000,0,0,8000,8000,7700
2016-01-08,5.32,7900,-0.1(-1.25 %),59330,461000000,0,0,7800,8000,7700
2016-01-11,5.39,8000,0.1(1.27 %),23500,186000000,0,0,7900,8000,7900
2016-01-12,5.39,8000,0(0.00 %),13230,105000000,0,0,8000,8000,7900
2016-01-13,5.39,8000,0(0.00 %),18510,149000000,0,0,8100,8100,8000
2016-01-14,5.32,7900,-0.1(-1.25 %),53610,419000000,214340,1714720000,8000,8100,7700
2016-01-15,5.25,7800,-0.1(-1.27 %),38430,300000000,0,0,8000,8000,7700
2016-01-18,5.25,7800,0(0.00 %),140090,1064000000,0,0,8000,8000,7300
2016-01-19,5.25,7800,0(0.00 %),45040,349000000,0,0,7800,7800,7700
2016-01-20,5.19,7700,-0.1(-1.28 %),74370,573000000,0,0,7800,7800,7400
2016-01-21,5.19,7700,0(0.00 %),52310,402000000,0,0,7700,7700,7500
2016-01-22,5.19,7700,0(0.00 %),91000,700000000,0,0,7700,7700,7600
2016-01-25,5.39,8000,0.3(3.90 %),133390,1031000000,0,0,7700,8000,7600
2016-01-26,5.32,7900,-0.1(-1.25 %),10650,84000000,0,0,8000,8000,7600
2016-01-27,5.32,7900,0(0.00 %),1130,9000000,0,0,8000,8000,7700
2016-01-28,5.39,8000,0.1(1.27 %),30700,242000000,0,0,8000,8000,7800
2016-01-29,5.32,7900,-0.1(-1.25 %),48720,383000000,0,0,7900,7900,7700
2016-02-01,5.32,7900,0(0.00 %),451580,3568000000,0,0,7900,8000,7800
2016-02-02,5.32,7900,0(0.00 %),92500,731000000,0,0,7900,7900,7900
2016-02-03,5.39,8000,0.1(1.27 %),82400,653000000,0,0,7900,8000,7900
2016-02-04,5.39,8000,0(0.00 %),83720,670000000,0,0,8100,8100,8000
2016-02-05,5.39,8000,0(0.00 %),110500,884000000,0,0,8100,8100,7900
2016-02-15,5.46,8100,0.1(1.25 %),49320,398000000,0,0,7900,8200,7900
2016-02-16,5.46,8100,0(0.00 %),18100,146000000,0,0,8200,8200,8000
2016-02-17,5.46,8100,0(0.00 %),44740,362000000,0,0,8200,8200,8000
2016-02-18,5.39,8000,-0.1(-1.23 %),70340,568000000,0,0,8100,8200,8000
2016-02-19,5.39,8000,0(0.00 %),224820,1818000000,0,0,8000,8200,8000
2016-02-22,5.39,8000,0(0.00 %),98620,794000000,0,0,8100,8100,8000
2016-02-23,5.39,8000,0(0.00 %),388060,3143000000,0,0,8300,8300,8000
2016-02-24,5.39,8000,0(0.00 %),104720,847000000,0,0,8100,8100,8000
2016-02-25,5.39,8000,0(0.00 %),49130,397000000,0,0,8200,8200,8000
2016-02-26,5.46,8100,0.1(1.25 %),176600,1430000000,0,0,8000,8200,8000
2016-02-29,5.46,8100,0(0.00 %),57680,467000000,0,0,8000,8200,8000
2016-03-01,5.46,8100,0(0.00 %),144120,1174000000,0,0,8100,8200,8100
2016-03-02,5.59,8300,0.2(2.47 %),280070,2277000000,0,0,8100,8300,8100
2016-03-03,5.46,8100,-0.2(-2.41 %),11010,89000000,0,0,8100,8300,8100
2016-03-04,5.46,8100,0(0.00 %),124420,1008000000,0,0,8200,8200,8100
2016-03-07,5.46,8100,0(0.00 %),173240,1408000000,0,0,8100,8300,8100
2016-03-08,5.46,8100,0(0.00 %),103350,840000000,0,0,8100,8200,8100
2016-03-09,5.66,8400,0.3(3.70 %),312720,2575000000,300000,2460000000,8100,8600,8100
2016-03-10,5.46,8100,-0.3(-3.57 %),280040,2318000000,200000,1660000000,8400,8500,8100
2016-03-11,5.46,8100,0(0.00 %),145110,1180000000,0,0,8400,8400,8100
2016-03-14,5.52,8200,0.1(1.23 %),335770,2753000000,0,0,8100,8300,8100
2016-03-15,5.59,8300,0.1(1.22 %),115000,951000000,0,0,8300,8300,8200
2016-03-16,5.66,8400,0.1(1.20 %),357050,2963000000,0,0,8300,8400,8200
2016-03-17,5.59,8300,-0.1(-1.19 %),31160,259000000,0,0,8400,8400,8300
2016-03-18,5.52,8200,-0.1(-1.20 %),163690,1335000000,0,0,8300,8300,8100
2016-03-21,5.52,8200,0(0.00 %),28790,234000000,0,0,8200,8200,8100
2016-03-22,5.52,8200,0(0.00 %),26430,214000000,0,0,8100,8200,8100
2016-03-23,5.46,8100,-0.1(-1.22 %),169400,1372000000,0,0,8100,8200,8100
2016-03-24,5.46,8100,0(0.00 %),68070,551000000,0,0,8100,8100,8000
2016-03-25,5.46,8100,0(0.00 %),63070,504000000,0,0,8000,8100,7900
2016-03-28,5.46,8100,0(0.00 %),28690,230000000,0,0,8100,8100,8000
2016-03-29,5.39,8000,-0.1(-1.23 %),302410,2417000000,0,0,8000,8100,7900
2016-03-30,5.25,7800,-0.2(-2.50 %),71630,563000000,0,0,8000,8000,7800
2016-03-31,5.39,8000,0.2(2.56 %),28290,222000000,0,0,8000,8000,7800
2016-04-01,5.32,7900,-0.1(-1.25 %),4310,33000000,0,0,7700,7900,7700
2016-04-04,5.25,7800,-0.1(-1.27 %),22780,177000000,0,0,7900,7900,7700
2016-04-05,5.25,7800,0(0.00 %),50630,390000000,0,0,7500,7800,7400
2016-04-06,5.25,7800,0(0.00 %),21810,168000000,0,0,7600,7800,7600
2016-04-07,5.25,7800,0(0.00 %),240210,1850000000,0,0,7700,7800,7600
2016-04-08,5.25,7800,0(0.00 %),86690,666000000,0,0,7800,7800,7600
2016-04-11,5.25,7800,0(0.00 %),53920,420000000,0,0,7700,7800,7700
2016-04-12,5.25,7800,0(0.00 %),65810,512000000,0,0,7800,7800,7700
2016-04-13,5.12,7600,-0.2(-2.56 %),103290,788000000,0,0,7600,7800,7500
2016-04-14,5.19,7700,0.1(1.32 %),61490,469000000,0,0,7600,7700,7500
2016-04-15,5.19,7700,0(0.00 %),44290,336000000,0,0,7700,7700,7500
2016-04-19,5.19,7700,0(0.00 %),0,0,0,0,7700,7700,7700
2016-04-20,5.19,7700,0(0.00 %),59220,452000000,0,0,7200,7800,7200
2016-04-21,5.12,7600,-0.1(-1.30 %),207570,1561000000,0,0,7600,7600,7400
2016-04-22,5.12,7600,0(0.00 %),54820,417000000,175000,1242500000,7600,7600,7600
2016-04-25,5.25,7800,0.2(2.63 %),268650,2077000000,260000,1846000000,7600,7900,7600
2016-04-26,5.32,7900,0.1(1.28 %),148050,1178000000,0,0,7800,8000,7800
2016-04-27,5.59,8300,0.4(5.06 %),1081080,9013000000,0,0,8000,8400,8000
2016-04-28,5.66,8400,0.1(1.20 %),177230,1468000000,127680,995904000,8400,8500,8000
2016-04-29,5.99,8900,0.5(5.95 %),1295860,11460000000,0,0,8600,8900,8600
2016-05-04,6.06,9000,0.1(1.12 %),456680,4096000000,60260,500158000,9000,9200,8900
2016-05-05,5.86,8700,-0.3(-3.33 %),163100,1443000000,56450,474180000,8900,9000,8700
2016-05-06,5.52,8200,-0.5(-5.75 %),561670,4651000000,61000,494100000,8600,8600,8100
2016-05-09,5.59,8300,0.1(1.22 %),108590,896000000,193510,1490027000,8200,8400,8200
2016-05-10,5.59,8300,0(0.00 %),220470,1820000000,62710,489138000,8300,8400,8200
2016-05-11,5.66,8400,0.1(1.20 %),185820,1534000000,100840,786552000,8300,8400,8200
2016-05-12,5.59,8300,-0.1(-1.19 %),8420,70000000,60000,474000000,8300,8400,8200
2016-05-13,5.59,8300,0(0.00 %),44240,367000000,59000,460200000,8300,8400,8300
2016-05-16,5.73,8500,0.2(2.41 %),58800,494000000,25000,195000000,8300,8500,8300
2016-05-17,5.66,8400,-0.1(-1.18 %),81280,688000000,0,0,8500,8500,8400
2016-05-18,5.73,8500,0.1(1.19 %),250760,2107000000,59000,466100000,8400,8500,8300
2016-05-19,5.73,8500,0(0.00 %),268840,2242000000,0,0,8500,8500,8300
2016-05-20,5.73,8500,0(0.00 %),53320,451000000,0,0,8500,8700,8300
2016-05-23,5.79,8600,0.1(1.18 %),69960,596000000,126000,1096200000,8700,8700,8400
2016-05-24,5.86,8700,0.1(1.16 %),72120,619000000,155000,1348500000,8500,8700,8500
2016-05-25,5.79,8600,-0.1(-1.15 %),155530,1342000000,0,0,8700,8700,8500
2016-05-26,5.73,8500,-0.1(-1.16 %),10940,94000000,0,0,8400,8700,8400
2016-05-27,5.66,8400,-0.1(-1.18 %),80460,683000000,0,0,8400,8600,8400
2016-05-30,5.73,8500,0.1(1.19 %),119250,1003000000,0,0,8500,8500,8400
2016-05-31,5.79,8600,0.1(1.18 %),64720,550000000,0,0,8400,8600,8400
2016-06-01,5.73,8500,-0.1(-1.16 %),29410,248000000,0,0,8400,8600,8400
2016-06-02,5.79,8600,0.1(1.18 %),106950,909000000,0,0,8500,8600,8400
2016-06-03,5.86,8700,0.1(1.16 %),48560,417000000,0,0,8600,8700,8500
2016-06-06,5.59,8300,-0.4(-4.60 %),30990,267000000,0,0,8700,8700,8300
2016-06-07,5.79,8600,0.3(3.61 %),40230,344000000,100000,820000000,8300,8700,8300
2016-06-08,5.79,8600,0(0.00 %),49710,424000000,0,0,8600,8600,8500
2016-06-09,5.79,8600,0(0.00 %),268510,2310000000,0,0,8500,8700,8500
2016-06-10,6.13,9100,0.5(5.81 %),635930,5735000000,0,0,8600,9200,8600
2016-06-13,6.26,9300,0.2(2.20 %),362720,3357000000,0,0,9000,9500,9000
2016-06-14,6.26,9300,0(0.00 %),95850,882000000,0,0,9200,9300,9100
2016-06-15,6.26,9300,0(0.00 %),240060,2234000000,0,0,9300,9400,9200
2016-06-16,6.26,9300,0(0.00 %),291500,2697000000,0,0,9200,9400,9200
2016-06-17,6.26,9300,0(0.00 %),137360,1270000000,0,0,9200,9400,9200
2016-06-20,6.33,9400,0.1(1.08 %),118120,1101000000,0,0,9100,9400,9100
2016-06-21,6.4,9500,0.1(1.06 %),98510,926000000,0,0,9300,9500,9300
2016-06-22,6.4,9500,0(0.00 %),78610,740000000,0,0,9400,9500,9300
2016-06-23,6.33,9400,-0.1(-1.05 %),103710,967000000,0,0,9300,9400,9300
2016-06-24,6.26,9300,-0.1(-1.06 %),82900,745000000,0,0,9400,9400,8900
2016-06-27,6.13,9100,-0.2(-2.15 %),161220,1461000000,0,0,9000,9100,9000
2016-06-28,6.13,9100,0(0.00 %),39510,359000000,0,0,9000,9200,9000
2016-06-29,6.33,9400,0.3(3.30 %),64710,592000000,0,0,9100,9400,9000
2016-06-30,6.2,9200,-0.2(-2.13 %),37230,347000000,0,0,9400,9400,9200
2016-07-01,6.2,9200,0(0.00 %),51630,473000000,0,0,9200,9300,9100
2016-07-04,6.26,9300,0.1(1.09 %),102230,936000000,0,0,9200,9300,9100
2016-07-05,6.26,9300,0(0.00 %),43470,404000000,0,0,9200,9300,9200
2016-07-06,6.26,9300,0(0.00 %),115220,1068000000,0,0,9300,9400,9200
2016-07-07,6.67,9900,0.6(6.45 %),372380,3677000000,0,0,9700,9900,9700
2016-07-08,7.07,10500,0.6(6.06 %),879080,9230000000,0,0,10500,10500,10500
2016-07-11,7.54,11200,0.7(6.67 %),627810,6986000000,0,0,11000,11200,10800
2016-07-12,7.61,11300,0.1(0.89 %),411210,4590000000,0,0,11200,11300,11000
2016-07-13,8.08,12000,0.7(6.19 %),747370,8938000000,0,0,11300,12000,11300
2016-07-14,7.75,11500,-0.5(-4.17 %),365150,4325000000,0,0,12300,12400,11500
2016-07-15,7.75,11500,0(0.00 %),166490,1909000000,300000,3450000000,11600,11600,11200
2016-07-18,7.88,11700,0.2(1.74 %),120290,1402000000,20000,228000000,11800,11800,11200
2016-07-19,7.68,11400,-0.3(-2.56 %),141670,1604000000,0,0,11700,11700,11100
2016-07-20,7.21,10700,-0.7(-6.14 %),274550,3020000000,0,0,11300,11400,10700
2016-07-21,7.07,10500,-0.2(-1.87 %),190170,2011000000,0,0,10700,10900,10300
2016-07-22,7.14,10600,0.1(0.95 %),289570,3046000000,0,0,10400,10600,10300
2016-07-25,7.21,10700,0.1(0.94 %),65350,690000000,0,0,10500,10900,10200
2016-07-26,7.27,10800,0.1(0.93 %),82950,881000000,1400000,14980000000,10600,10800,10500
2016-07-27,7.41,11000,0.2(1.85 %),102200,1106000000,0,0,11000,11000,10600
2016-07-28,7.34,10900,-0.1(-0.91 %),27430,301000000,0,0,11100,11100,10800
2016-07-29,7.27,10800,-0.1(-0.92 %),127310,1376000000,0,0,10900,10900,10800
2016-08-01,7.27,10800,0(0.00 %),106760,1153000000,0,0,10800,10800,10700
2016-08-02,7.01,10400,-0.4(-3.70 %),339660,3480000000,0,0,10600,10600,10100
2016-08-03,7.41,11000,0.6(5.77 %),553660,5957000000,0,0,10300,11000,10300
2016-08-04,7.27,10800,-0.2(-1.82 %),367780,4042000000,0,0,11000,11000,10800
2016-08-05,7.27,10800,0(0.00 %),56520,607000000,0,0,10500,10800,10500
2016-08-08,7.27,10800,0(0.00 %),171910,1857000000,0,0,10900,10900,10700
2016-08-09,7.75,11500,0.7(6.48 %),319280,3630000000,0,0,10800,11500,10800
2016-08-10,7.81,11600,0.1(0.87 %),209740,2472000000,0,0,12100,12100,11600
2016-08-11,7.81,11600,0(0.00 %),10380,120000000,0,0,11700,11700,11600
2016-08-12,7.95,11800,0.2(1.72 %),189820,2193000000,0,0,11300,11900,11300
2016-08-15,7.75,11500,-0.3(-2.54 %),256080,2961000000,0,0,12000,12000,11500
2016-08-16,8.02,11900,0.4(3.48 %),307260,3607000000,0,0,11500,12100,11300
2016-08-17,8.02,11900,0(0.00 %),178550,2085000000,0,0,12000,12000,11500
2016-08-18,8.02,11900,0(0.00 %),143630,1675000000,0,0,11900,11900,11500
2016-08-19,7.95,11800,-0.1(-0.84 %),287040,3400000000,0,0,11600,12000,11600
2016-08-22,7.95,11800,0(0.00 %),148180,1735000000,0,0,11600,11800,11600
2016-08-23,8.02,11900,0.1(0.85 %),366720,4299000000,0,0,11600,11900,11600
2016-08-24,8.35,12400,0.5(4.20 %),510200,6269000000,0,0,11700,12600,11600
2016-08-25,8.55,12700,0.3(2.42 %),569230,7212000000,0,0,12300,13000,12300
2016-08-26,8.49,12600,-0.1(-0.79 %),183780,2337000000,0,0,13000,13000,12600
2016-08-29,8.49,12600,0(0.00 %),135580,1706000000,0,0,12600,12800,12300
2016-08-30,8.08,12000,-0.6(-4.76 %),1023060,12881000000,0,0,12600,13000,12000
2016-08-31,8.22,12200,0.2(1.67 %),290880,3541000000,0,0,11900,12500,11900
2016-09-01,8.35,12400,0.2(1.64 %),265440,3259000000,0,0,12200,12600,12100
2016-09-05,8.22,12200,-0.2(-1.61 %),119840,1469000000,0,0,12600,12600,12200
2016-09-06,8.08,12000,-0.2(-1.64 %),679720,8144000000,0,0,12100,12400,11800
2016-09-07,8.02,11900,-0.1(-0.83 %),74190,880000000,0,0,12000,12000,11800
2016-09-08,7.68,11400,-0.5(-4.20 %),256970,2978000000,0,0,11700,11700,11400
2016-09-09,7.68,11400,0(0.00 %),151010,1731000000,0,0,11300,11600,11300
2016-09-12,7.51,11150,-0.25(-2.19 %),86680,960000000,0,0,11000,11200,10900
2016-09-13,7.41,11000,-0.15(-1.35 %),158910,1757000000,0,0,11300,11300,10900
2016-09-14,7.27,10800,-0.2(-1.82 %),49980,547000000,0,0,11000,11000,10800
2016-09-15,7.27,10800,0(0.00 %),55890,603000000,0,0,10700,10800,10700
2016-09-16,7.21,10700,-0.1(-0.93 %),105860,1137000000,0,0,10600,10900,10550
2016-09-19,7.41,11000,0.3(2.80 %),67030,720000000,0,0,10500,11000,10500
2016-09-20,7.41,11000,0(0.00 %),54040,593000000,0,0,10800,11000,10700
2016-09-21,7.41,11000,0(0.00 %),289510,3127000000,0,0,11000,11000,10700
2016-09-22,7.54,11200,0.2(1.82 %),79750,879000000,0,0,10900,11200,10900
2016-09-23,7.41,11000,-0.2(-1.79 %),17120,186000000,0,0,10700,11100,10700
2016-09-26,7.24,10750,-0.25(-2.27 %),67470,728000000,0,0,10800,11000,10750
2016-09-27,7.21,10700,-0.05(-0.47 %),280040,2997000000,0,0,10800,11000,10500
2016-09-28,7.14,10600,-0.1(-0.93 %),56910,604000000,0,0,10700,10800,10550
2016-09-29,7.21,10700,0.1(0.94 %),108610,1150000000,0,0,10350,10800,10350
2016-09-30,7.21,10700,0(0.00 %),51120,546000000,0,0,10800,10800,10550
2016-10-03,7.27,10800,0.1(0.93 %),159240,1706000000,0,0,10700,10800,10650
2016-10-04,7.41,11000,0.2(1.85 %),107190,1186000000,0,0,10900,11300,10900
2016-10-05,7.54,11200,0.2(1.82 %),48090,534000000,0,0,10700,11200,10700
2016-10-06,7.75,11500,0.3(2.68 %),181390,2058000000,0,0,11200,11600,11200
2016-10-07,7.81,11600,0.1(0.87 %),193370,2227000000,0,0,11500,11600,11200
2016-10-10,7.81,11600,0(0.00 %),303710,3548000000,0,0,11800,11800,11600
2016-10-11,7.81,11600,0(0.00 %),113000,1309000000,0,0,11200,11600,11200
2016-10-12,7.88,11700,0.1(0.86 %),102000,1228000000,0,0,11800,12300,11700
2016-10-13,7.88,11700,0(0.00 %),2090,24000000,0,0,11700,11700,11700
2016-10-14,8.02,11900,0.2(1.71 %),62800,744000000,0,0,11700,11900,11700
2016-10-17,7.81,11600,-0.3(-2.52 %),100520,1180000000,0,0,11850,11850,11600
2016-10-18,7.88,11700,0.1(0.86 %),216780,2467000000,0,0,11600,11700,11000
2016-10-19,7.81,11600,-0.1(-0.85 %),58220,677000000,0,0,11400,11900,11300
2016-10-20,7.81,11600,0(0.00 %),21560,250000000,0,0,11500,11600,11400
2016-10-21,7.75,11500,-0.1(-0.86 %),105500,1223000000,0,0,11700,11700,11500
2016-10-24,7.68,11400,-0.1(-0.87 %),56910,654000000,0,0,11700,11700,11400
2016-10-25,7.68,11400,0(0.00 %),44420,506000000,0,0,11400,11400,11300
2016-10-26,7.61,11300,-0.1(-0.88 %),140320,1603000000,0,0,11500,11600,11300
2016-10-27,7.68,11400,0.1(0.88 %),29430,336000000,0,0,11400,11500,11300
2016-10-28,7.71,11450,0.05(0.44 %),5800,66000000,0,0,11450,11450,11450
2016-10-31,7.48,11100,-0.35(-3.06 %),96180,1086000000,0,0,11100,11500,11100
2016-11-01,7.44,11050,-0.05(-0.45 %),82170,909000000,0,0,11100,11100,11050
2016-11-02,7.44,11050,0(0.00 %),255250,2818000000,0,0,11000,11100,11000
2016-11-03,7.38,10950,-0.1(-0.90 %),5800,64000000,0,0,10950,10950,10950
2016-11-04,7.41,11000,0.05(0.46 %),30050,326000000,0,0,10800,11000,10800
2016-11-07,7.41,11000,0(0.00 %),40,0,0,0,11000,11000,11000
2016-11-08,7.21,10700,-0.3(-2.73 %),14700,161000000,0,0,11000,11000,10650
2016-11-09,7.14,10600,-0.1(-0.93 %),66210,693000000,0,0,10700,10700,9960
2016-11-10,7.34,10900,0.3(2.83 %),15520,165000000,0,0,10600,10900,10600
2016-11-11,7.34,10900,0(0.00 %),8820,94000000,0,0,10600,10950,10600
2016-11-14,7.01,10400,-0.5(-4.59 %),17980,190000000,0,0,10700,10700,10400
2016-11-15,7.14,10600,0.2(1.92 %),7200,76000000,0,0,10200,10800,10200
2016-11-16,7.14,10600,0(0.00 %),55030,585000000,79000,845300000,10800,10800,10500
2016-11-17,7.14,10600,0(0.00 %),51450,543000000,0,0,10200,10700,10200
2016-11-18,7.14,10600,0(0.00 %),43410,460000000,0,0,10600,10600,10200
2016-11-21,7.14,10600,0(0.00 %),1000,11000000,0,0,10600,10600,10600
2016-11-22,7.21,10700,0.1(0.94 %),40710,430000000,0,0,10000,10700,10000
2016-11-23,7.41,11000,0.3(2.80 %),97790,1044000000,0,0,10600,11000,10600
2016-11-24,7.27,10800,-0.2(-1.82 %),120,1000000,0,0,10900,10900,10800
2016-11-25,7.21,10700,-0.1(-0.93 %),3410,36000000,0,0,10700,10700,10600
2016-11-28,7.14,10600,-0.1(-0.93 %),4260,46000000,0,0,11000,11000,10600
2016-11-29,7.14,10600,0(0.00 %),140,1000000,0,0,10600,10600,10600
2016-11-30,7.07,10500,-0.1(-0.94 %),25530,267000000,0,0,10300,10600,10300
2016-12-01,7.07,10500,0(0.00 %),33110,347000000,0,0,10200,10500,10200
2016-12-02,7.14,10600,0.1(0.95 %),45310,477000000,0,0,10500,10600,10200
2016-12-05,7.14,10600,0(0.00 %),34920,371000000,0,0,10800,10800,10500
2016-12-06,7.07,10500,-0.1(-0.94 %),20000,210000000,0,0,10500,10500,10500
2016-12-07,6.9,10250,-0.25(-2.38 %),45590,468000000,0,0,9800,10400,9800
2016-12-08,6.87,10200,-0.05(-0.49 %),121110,1235000000,0,0,10200,10200,10000
2016-12-09,6.87,10200,0(0.00 %),52700,538000000,350000,3570000000,10200,10200,10200
2016-12-12,7.04,10450,0.25(2.45 %),4560,45000000,0,0,9800,10450,9800
2016-12-13,7.07,10500,0.05(0.48 %),10,0,0,0,10500,10500,10500
2016-12-14,7.07,10500,0(0.00 %),10660,109000000,0,0,10200,10500,10200
2016-12-15,7.07,10500,0(0.00 %),0,0,0,0,10500,10500,10500
2016-12-16,7.01,10400,-0.1(-0.95 %),4650,47000000,0,0,10100,10400,9800
2016-12-19,6.74,10000,-0.4(-3.85 %),25150,256000000,290100,2596900000,10300,10400,9900
2016-12-20,6.74,10000,0(0.00 %),510,5000000,0,0,10000,10400,10000
2016-12-21,6.74,10000,0(0.00 %),33120,334000000,0,0,10300,10300,10000
2016-12-22,6.9,10250,0.25(2.50 %),36210,368000000,0,0,10250,10250,10000
2016-12-23,6.97,10350,0.1(0.98 %),34790,357000000,0,0,10300,10350,10000
2016-12-26,6.87,10200,-0.15(-1.45 %),89000,912000000,0,0,10350,10350,10150
2016-12-27,6.87,10200,0(0.00 %),78460,792000000,0,0,10000,10200,10000
2016-12-28,6.87,10200,0(0.00 %),54900,560000000,0,0,10300,10300,10200
2016-12-29,6.97,10350,0.15(1.47 %),202700,2093000000,80000,800000000,10600,10600,10250
2016-12-30,7.04,10450,0.1(0.97 %),145850,1525000000,0,0,10950,11050,10400
2017-01-03,7.04,10450,0(0.00 %),13520,140000000,0,0,10450,10700,10100
2017-01-04,6.87,10200,-0.25(-2.39 %),10620,110000000,25000,260000000,10550,10550,10200
2017-01-05,6.87,10200,0(0.00 %),49030,497000000,80000,816000000,10200,10200,10000
2017-01-06,6.87,10200,0(0.00 %),51310,523000000,120000,1224000000,10200,10200,10150
2017-01-09,6.87,10200,0(0.00 %),96950,987000000,50000,510000000,10200,10500,9900
2017-01-10,6.8,10100,-0.1(-0.98 %),27370,271000000,0,0,9900,10100,9900
2017-01-11,6.8,10100,0(0.00 %),86010,866000000,0,0,10100,10100,9900
2017-01-12,6.67,9900,-0.2(-1.98 %),100610,1008000000,0,0,10100,10100,9800
2017-01-13,6.67,9900,0(0.00 %),54490,541000000,0,0,9900,10200,9900
2017-01-16,6.8,10100,0.2(2.02 %),8410,84000000,0,0,10450,10450,9900
2017-01-17,6.74,10000,-0.1(-0.99 %),14140,141000000,120000,1200000000,10100,10100,10000
2017-01-18,6.74,10000,0(0.00 %),57050,574000000,40000,400000000,10200,10200,10000
2017-01-19,6.87,10200,0.2(2.00 %),220,2000000,0,0,10500,10500,10200
2017-01-20,6.87,10200,0(0.00 %),3050,31000000,185000,1998000000,10200,10200,10200
2017-01-23,6.87,10200,0(0.00 %),22100,231000000,0,0,10500,10600,10200
2017-01-24,7.07,10500,0.3(2.94 %),100,1000000,0,0,10500,10500,10500
2017-01-25,7.07,10500,0(0.00 %),1020,11000000,0,0,10300,10500,10300
2017-02-02,7.07,10500,0(0.00 %),0,0,0,0,10500,10500,10500
2017-02-03,7.07,10500,0(0.00 %),7180,75000000,100000,1050000000,10400,10500,10100
2017-02-06,6.8,10100,-0.4(-3.81 %),46700,481000000,0,0,10500,10500,10000
2017-02-07,7.01,10400,0.3(2.97 %),133360,1389000000,0,0,10100,10600,10100
2017-02-08,6.97,10350,-0.05(-0.48 %),52360,540000000,0,0,10400,10400,10100
2017-02-09,7.01,10400,0.05(0.48 %),253090,2640000000,0,0,10350,10600,10350
2017-02-10,7.48,11100,0.7(6.73 %),141290,1552000000,0,0,10200,11100,10200
2017-02-13,7.81,11600,0.5(4.50 %),62020,707000000,0,0,11300,11700,11200
2017-02-14,7.68,11400,-0.2(-1.72 %),108030,1231000000,0,0,11950,11950,11300
2017-02-15,7.68,11400,0(0.00 %),92020,1049000000,0,0,11400,11500,11200
2017-02-16,7.41,11000,-0.4(-3.51 %),95240,1084000000,0,0,11400,11500,10800
2017-02-17,7.54,11200,0.2(1.82 %),28280,315000000,0,0,11500,11500,11000
2017-02-20,7.95,11800,0.6(5.36 %),63130,721000000,0,0,11500,11800,11100
2017-02-21,7.88,11700,-0.1(-0.85 %),188290,2208000000,0,0,11700,11800,11500
2017-02-22,7.88,11700,0(0.00 %),141150,1654000000,0,0,11700,11800,11400
2017-02-23,8.02,11900,0.2(1.71 %),228510,2693000000,0,0,11600,11900,11600
2017-02-24,8.15,12100,0.2(1.68 %),275760,3361000000,0,0,11900,12500,11800
2017-02-27,8.29,12300,0.2(1.65 %),227990,2852000000,110000,1331000000,12300,12900,11400
2017-02-28,8.15,12100,-0.2(-1.63 %),23290,289000000,0,0,12800,12800,12100
2017-03-01,8.15,12100,0(0.00 %),73610,882000000,0,0,12850,12850,11900
2017-03-02,8.22,12200,0.1(0.83 %),39220,475000000,0,0,12800,12800,12100
2017-03-03,8.08,12000,-0.2(-1.64 %),198600,2400000000,0,0,12100,12200,12000
2017-03-06,8.15,12100,0.1(0.83 %),86920,1048000000,0,0,11250,12200,11250
2017-03-07,8.15,12100,0(0.00 %),92880,1130000000,0,0,12100,12200,12100
2017-03-08,8.22,12200,0.1(0.83 %),38200,466000000,0,0,12100,12200,12000
2017-03-09,8.22,12200,0(0.00 %),46760,565000000,0,0,11900,12200,11900
2017-03-10,8.02,11900,-0.3(-2.46 %),53860,647000000,0,0,11900,12200,11900
2017-03-13,8.15,12100,0.2(1.68 %),130650,1581000000,0,0,12000,12200,11700
2017-03-14,8.49,12600,0.5(4.13 %),186690,2333000000,42000,474600000,12100,12700,12100
2017-03-15,9.03,13400,0.8(6.35 %),635590,8460000000,0,0,12750,13450,12600
2017-03-16,9.3,13800,0.4(2.99 %),200190,2779000000,500000,6725000000,13600,14200,13600
2017-03-17,9.36,13900,0.1(0.72 %),52930,735000000,0,0,14500,14500,13800
2017-03-20,9.16,13600,-0.3(-2.16 %),139620,1898000000,0,0,14300,14300,13400
2017-03-21,9.16,13600,0(0.00 %),97320,1324000000,0,0,13500,13700,13500
2017-03-22,8.89,13200,-0.4(-2.94 %),120510,1611000000,0,0,13200,13600,13200
2017-03-23,8.89,13200,0(0.00 %),100390,1324000000,0,0,13200,13500,13100
2017-03-24,8.96,13300,0.1(0.76 %),157860,2088000000,0,0,13200,13300,13000
2017-03-27,8.89,13200,-0.1(-0.75 %),72440,958000000,0,0,13800,13800,13200
2017-03-28,9.09,13500,0.3(2.27 %),117440,1563000000,0,0,13300,13500,13200
2017-03-29,9.09,13500,0(0.00 %),29000,392000000,0,0,13400,13600,13400
2017-03-30,9.09,13500,0(0.00 %),22880,310000000,91000,1228500000,13500,13600,13500
2017-03-31,9.56,14200,0.7(5.19 %),74710,1037000000,0,0,13450,14200,13450
2017-04-03,9.36,13900,-0.3(-2.11 %),15540,216000000,0,0,13800,13900,13800
2017-04-04,9.23,13700,-0.2(-1.44 %),42790,590000000,46000,595700000,13900,13900,13700
2017-04-05,9.16,13600,-0.1(-0.73 %),81200,1103000000,0,0,13700,13700,13400
2017-04-07,9.09,13500,-0.1(-0.74 %),51700,702000000,401000,5417500000,13600,13700,13500
2017-04-10,9.23,13700,0.2(1.48 %),11510,158000000,0,0,13900,13900,13400
2017-04-11,9.23,13700,0(0.00 %),104710,1421000000,371000,5015250000,13500,13700,13500
2017-04-12,9.23,13700,0(0.00 %),57100,782000000,0,0,13500,13700,13500
2017-04-13,9.03,13400,-0.3(-2.19 %),76560,1037000000,39000,497250000,13200,13700,13200
2017-04-14,8.93,13250,-0.15(-1.12 %),55010,738000000,352000,4683500000,13400,13500,13250
2017-04-17,8.93,13250,0(0.00 %),40010,530000000,40000,494000000,13250,13250,13250
2017-04-18,8.93,13250,0(0.00 %),30500,402000000,37000,456950000,13350,13350,13000
2017-04-19,9.06,13450,0.2(1.51 %),610,8000000,39000,481650000,13800,13800,13050
2017-04-20,8.76,13000,-0.45(-3.35 %),80810,1056000000,36000,451800000,13450,13450,13000
2017-04-21,8.99,13350,0.35(2.69 %),27280,365000000,39000,471900000,13400,13400,13100
2017-04-24,9.03,13400,0.05(0.37 %),130200,1745000000,82000,1061400000,13350,13500,13350
2017-04-25,9.03,13400,0(0.00 %),23700,314000000,166680,2164500000,13200,13400,13200
2017-04-26,8.82,13100,-0.3(-2.24 %),158710,2079000000,39000,487500000,13400,13500,13000
2017-04-27,9.09,13500,0.4(3.05 %),14700,202000000,27000,329400000,13900,13900,13500
2017-04-28,9.09,13500,0(0.00 %),44600,601000000,75000,945000000,13100,13500,13050
2017-05-03,9.43,14000,0.5(3.70 %),162840,2282000000,118000,1486800000,14000,14100,13300
2017-05-04,9.43,14000,0(0.00 %),158630,2201000000,90000,1174500000,13900,14000,13800
2017-05-05,9.36,13900,-0.1(-0.71 %),128500,1787000000,34000,443700000,13800,14100,13800
2017-05-08,9.77,14500,0.6(4.32 %),212520,3063000000,114000,1476300000,14400,14800,13900
2017-05-09,9.7,14400,-0.1(-0.69 %),42970,621000000,36000,486000000,14600,14800,14100
2017-05-10,9.56,14200,-0.2(-1.39 %),50580,726000000,37000,495800000,14500,14500,14200
2017-05-11,9.5,14100,-0.1(-0.70 %),48230,680000000,38000,503500000,14200,14200,14000
2017-05-12,9.43,14000,-0.1(-0.71 %),138300,1930000000,37000,486550000,13900,14100,13800
2017-05-15,9.56,14200,0.2(1.43 %),64500,908000000,105000,1370250000,13900,14200,13900
2017-05-16,9.5,14100,-0.1(-0.70 %),149230,2114000000,40000,530000000,14200,14300,14000
2017-05-17,9.33,13850,-0.25(-1.77 %),80430,1121000000,40000,526000000,14000,14000,13800
2017-05-18,9.56,14200,0.35(2.53 %),26300,370000000,40000,516000000,14250,14250,13900
2017-05-19,9.56,14200,0(0.00 %),63730,881000000,40000,530000000,13800,14200,13700
2017-05-22,9.36,13900,-0.3(-2.11 %),108170,1511000000,100000,1325000000,14000,14100,13700
2017-05-23,9.5,14100,0.2(1.44 %),143920,2026000000,0,0,13700,14300,13700
2017-05-24,9.7,14400,0.3(2.13 %),189790,2708000000,0,0,14100,14400,14100
2017-05-25,9.9,14700,0.3(2.08 %),25280,377000000,0,0,15300,15300,14500
2017-05-26,9.77,14500,-0.2(-1.36 %),99240,1410000000,0,0,13900,14500,13800
2017-05-29,9.83,14600,0.1(0.69 %),82050,1196000000,0,0,14200,15000,14200
2017-05-30,9.56,14200,-0.4(-2.74 %),53690,768000000,0,0,14500,14500,14100
2017-05-31,9.53,14150,-0.05(-0.35 %),111010,1542000000,0,0,14100,14150,13800
2017-06-01,9.53,14150,0(0.00 %),30180,424000000,0,0,14000,14150,13850
2017-06-02,9.43,14000,-0.15(-1.06 %),103930,1459000000,0,0,14100,14150,13900
2017-06-05,9.36,13900,-0.1(-0.71 %),111900,1566000000,0,0,14000,14100,13900
2017-06-06,9.43,14000,0.1(0.72 %),92320,1289000000,0,0,13900,14000,13800
2017-06-07,9.43,14000,0(0.00 %),50010,700000000,0,0,14000,14000,13850
2017-06-08,9.5,14100,0.1(0.71 %),48380,678000000,0,0,14000,14100,13900
2017-06-09,9.43,14000,-0.1(-0.71 %),900,13000000,0,0,14000,14000,14000
2017-06-12,9.43,14000,0(0.00 %),200,3000000,0,0,14000,14000,14000
2017-06-13,9.43,14000,0(0.00 %),111700,1557000000,0,0,14000,14000,13900
2017-06-14,9.5,14100,0.1(0.71 %),208370,2918000000,0,0,13900,14100,13900
2017-06-15,9.43,14000,-0.1(-0.71 %),132000,1848000000,0,0,14000,14000,14000
2017-06-16,9.5,14100,0.1(0.71 %),152300,2132000000,0,0,14000,14100,14000
2017-06-19,9.43,14000,-0.1(-0.71 %),133200,1864000000,0,0,13700,14000,13150
2017-06-20,9.43,14000,0(0.00 %),294630,4102000000,0,0,14000,14000,13900
2017-06-21,9.26,13750,-0.25(-1.79 %),61200,854000000,0,0,13700,14050,13700
2017-06-22,9.36,13900,0.15(1.09 %),69240,965000000,0,0,13800,14000,13800
2017-06-23,9.43,14000,0.1(0.72 %),116400,1626000000,0,0,13900,14100,13850
2017-06-26,9.36,13900,-0.1(-0.71 %),88200,1230000000,0,0,14000,14000,13800
2017-06-27,9.43,14000,0.1(0.72 %),102010,1425000000,0,0,13900,14100,13900
2017-06-28,9.43,14000,0(0.00 %),157150,2199000000,0,0,14000,14100,13900
2017-06-29,9.43,14000,0(0.00 %),258990,3626000000,0,0,14000,14000,13800
2017-06-30,9.43,14000,0(0.00 %),253050,3541000000,0,0,14000,14000,13700
2017-07-03,9.43,14000,0(0.00 %),315440,4416000000,0,0,14000,14000,13800
2017-07-04,9.43,14000,0(0.00 %),76820,1075000000,0,0,13950,14000,13900
2017-07-05,9.43,14000,0(0.00 %),61930,865000000,0,0,13950,14000,13800
2017-07-06,9.43,14000,0(0.00 %),230530,3211000000,0,0,13900,14000,13900
2017-07-07,9.36,13900,-0.1(-0.71 %),220000,3059000000,0,0,13900,14000,13850
2017-07-10,9.36,13900,0(0.00 %),70650,981000000,0,0,13900,13900,13800
2017-07-11,9.43,14000,0.1(0.72 %),61000,845000000,0,0,13900,14000,13800
2017-07-12,9.36,13900,-0.1(-0.71 %),42000,583000000,0,0,13900,13900,13850
2017-07-13,9.43,14000,0.1(0.72 %),20030,278000000,0,0,13900,14000,13900
2017-07-14,9.36,13900,-0.1(-0.71 %),63690,884000000,0,0,13900,13900,13850
2017-07-17,9.36,13900,0(0.00 %),50120,695000000,0,0,13900,13900,13800
2017-07-18,9.46,14050,0.15(1.08 %),205760,2857000000,0,0,13800,14100,13800
2017-07-19,9.43,14000,-0.05(-0.36 %),46260,650000000,0,0,14100,14100,14000
2017-07-20,9.43,14000,0(0.00 %),84400,1181000000,0,0,14000,14100,13900
2017-07-21,9.36,13900,-0.1(-0.71 %),52240,734000000,0,0,14100,14900,13900
2017-07-24,9.36,13900,0(0.00 %),28000,389000000,0,0,14000,14000,13900
2017-07-25,9.3,13800,-0.1(-0.72 %),77030,1070000000,0,0,14000,14000,13800
2017-07-26,9.36,13900,0.1(0.72 %),68360,948000000,0,0,13900,14000,13800
2017-07-27,9.3,13800,-0.1(-0.72 %),66040,911000000,0,0,13900,13900,13800
2017-07-28,9.3,13800,0(0.00 %),45600,629000000,0,0,13800,13800,13800
2017-07-31,9.3,13800,0(0.00 %),11000,152000000,0,0,13800,13800,13800
2017-08-01,9.3,13800,0(0.00 %),23100,327000000,0,0,14600,14600,13700
2017-08-02,9.36,13900,0.1(0.72 %),22050,305000000,0,0,13850,13900,12850
2017-08-03,9.36,13900,0(0.00 %),10660,148000000,0,0,13900,14000,13900
2017-08-04,9.36,13900,0(0.00 %),63420,879000000,0,0,13900,13900,13800
2017-08-07,10.0,14850,0.95(6.83 %),366120,5427000000,0,0,14850,14850,14500
2017-08-08,10.68,15850,1(6.73 %),192470,3044000000,0,0,15800,15850,15500
2017-08-09,10.71,15900,0.05(0.32 %),13690,222000000,0,0,16800,16800,15850
2017-08-10,9.97,14800,-1.1(-6.92 %),46130,684000000,0,0,14800,14900,14800
2017-08-11,9.3,13800,-1(-6.76 %),147440,2057000000,0,0,14100,14100,13800
2017-08-14,9.77,14500,0.7(5.07 %),586840,8534000000,0,0,13700,14750,13700
2017-08-15,9.63,14300,-0.2(-1.38 %),79670,1133000000,0,0,14900,14900,14000
2017-08-16,9.43,14000,-0.3(-2.10 %),49610,696000000,0,0,14100,14100,13900
2017-08-17,9.3,13800,-0.2(-1.43 %),47830,662000000,0,0,13750,14000,13750
2017-08-18,9.4,13950,0.15(1.09 %),43740,607000000,0,0,13800,14000,13800
2017-08-21,9.36,13900,-0.05(-0.36 %),26790,374000000,0,0,13800,14100,13800
2017-08-22,9.43,14000,0.1(0.72 %),156250,2186000000,0,0,13950,14100,13900
2017-08-23,9.46,14050,0.05(0.36 %),89890,1262000000,0,0,13800,14100,13800
2017-08-24,9.43,14000,-0.05(-0.36 %),39470,551000000,0,0,13900,14000,13900
2017-08-25,9.43,14000,0(0.00 %),33540,467000000,0,0,13800,14000,13800
2017-08-28,9.3,13800,-0.2(-1.43 %),26850,370000000,0,0,13800,13800,13750
2017-08-29,9.43,14000,0.2(1.45 %),78690,1100000000,0,0,13850,14100,13850
2017-08-30,9.43,14000,0(0.00 %),74300,1042000000,0,0,13900,14200,13900
2017-08-31,9.36,13900,-0.1(-0.71 %),18790,262000000,0,0,14000,14000,13900
2017-09-01,9.36,13900,0(0.00 %),59020,820000000,0,0,13900,13900,13900
2017-09-05,9.3,13800,-0.1(-0.72 %),31930,443000000,0,0,13900,14000,13800
2017-09-06,9.26,13750,-0.05(-0.36 %),28300,390000000,0,0,13800,13800,13700
2017-09-07,9.23,13700,-0.05(-0.36 %),21130,291000000,0,0,13800,13800,13700
2017-09-08,9.3,13800,0.1(0.73 %),58040,805000000,0,0,13900,13900,13800
2017-09-11,9.3,13800,0(0.00 %),30920,427000000,0,0,13800,13800,13750
2017-09-12,9.3,13800,0(0.00 %),70180,966000000,0,0,13800,13800,13500
2017-09-13,9.26,13750,-0.05(-0.36 %),9640,133000000,0,0,13750,13800,13750
2017-09-14,9.36,13900,0.15(1.09 %),12100,168000000,0,0,13900,13900,13750
2017-09-15,9.36,13900,0(0.00 %),10910,152000000,0,0,13750,13900,13750
2017-09-18,9.43,14000,0.1(0.72 %),126650,1762000000,0,0,13900,14000,13900
2017-09-19,9.56,14200,0.2(1.43 %),63270,898000000,0,0,14100,14300,14100
2017-09-20,9.43,14000,-0.2(-1.41 %),18100,254000000,0,0,14000,14100,14000
2017-09-21,9.43,14000,0(0.00 %),6050,85000000,0,0,14000,14100,14000
2017-09-22,9.5,14100,0.1(0.71 %),73140,1023000000,0,0,14000,14800,13900
2017-09-25,9.43,14000,-0.1(-0.71 %),38810,543000000,0,0,14100,14100,13900
2017-09-26,9.43,14000,0(0.00 %),69000,966000000,0,0,13900,14000,13900
2017-09-27,9.36,13900,-0.1(-0.71 %),110150,1540000000,0,0,13900,14000,13900
2017-09-28,9.43,14000,0.1(0.72 %),10860,151000000,0,0,13900,14000,13800
2017-09-29,9.36,13900,-0.1(-0.71 %),64100,890000000,0,0,13900,13900,13800
2017-10-02,9.36,13900,0(0.00 %),6610,92000000,0,0,13900,13900,13900
2017-10-03,9.36,13900,0(0.00 %),43500,602000000,0,0,13900,13900,13800
2017-10-04,9.5,14100,0.2(1.44 %),66710,931000000,212000,2968000000,13800,14100,13800
2017-10-05,9.5,14100,0(0.00 %),90410,1271000000,135000,1903500000,14100,14100,14000
2017-10-06,9.56,14200,0.1(0.71 %),224290,3164000000,0,0,14100,14200,14100
2017-10-09,9.43,14000,-0.2(-1.41 %),22410,316000000,72000,1022400000,14200,14200,13900
2017-10-10,9.36,13900,-0.1(-0.71 %),160340,2233000000,0,0,14100,14100,13900
2017-10-11,9.36,13900,0(0.00 %),148500,2070000000,23000,322000000,13800,14000,13800
2017-10-12,9.33,13850,-0.05(-0.36 %),143360,1996000000,58000,812000000,13900,14000,13850
2017-10-13,9.33,13850,0(0.00 %),107210,1495000000,0,0,14000,14000,13850
2017-10-16,9.36,13900,0.05(0.36 %),36200,502000000,0,0,13900,13900,13850
2017-10-17,9.36,13900,0(0.00 %),146760,2049000000,0,0,13900,14100,13900
2017-10-18,9.36,13900,0(0.00 %),149900,2084000000,0,0,13900,14000,13900
2017-10-19,9.36,13900,0(0.00 %),85100,1184000000,0,0,14000,14000,13900
2017-10-20,9.19,13650,-0.25(-1.80 %),98020,1354000000,42000,583800000,14000,14000,13650
2017-10-23,9.3,13800,0.15(1.10 %),48130,664000000,0,0,13800,13900,13700
2017-10-24,9.3,13800,0(0.00 %),31970,441000000,0,0,13800,13800,13800
2017-10-25,9.3,13800,0(0.00 %),129930,1788000000,0,0,13700,13800,13700
2017-10-26,9.36,13900,0.1(0.72 %),14130,194000000,0,0,13750,13900,13700
2017-10-27,9.23,13700,-0.2(-1.44 %),1200,16000000,0,0,13700,13700,13700
2017-10-30,9.36,13900,0.2(1.46 %),161200,2243000000,0,0,13900,14000,13900
2017-10-31,9.5,14100,0.2(1.44 %),192390,2700000000,0,0,13900,14300,13800
2017-11-01,9.36,13900,-0.2(-1.42 %),101700,1414000000,0,0,14100,14100,13900
2017-11-02,9.36,13900,0(0.00 %),110610,1540000000,0,0,13900,14000,13900
2017-11-03,9.43,14000,0.1(0.72 %),155300,2165000000,0,0,14000,14000,13900
2017-11-06,9.43,14000,0(0.00 %),160870,2237000000,0,0,13900,14000,13800
2017-11-07,9.43,14000,0(0.00 %),119530,1671000000,0,0,13900,14000,13900
2017-11-08,9.63,14300,0.3(2.14 %),142770,2020000000,0,0,14000,14300,14000
2017-11-09,9.5,14100,-0.2(-1.40 %),32150,456000000,0,0,14300,14400,14100
2017-11-10,9.43,14000,-0.1(-0.71 %),5540,78000000,0,0,14000,14100,14000
2017-11-13,9.43,14000,0(0.00 %),79060,1103000000,0,0,13900,14000,13800
2017-11-14,9.36,13900,-0.1(-0.71 %),99300,1385000000,0,0,13900,14000,13900
2017-11-15,9.36,13900,0(0.00 %),34000,473000000,0,0,13900,13900,13900
2017-11-16,9.33,13850,-0.05(-0.36 %),21230,294000000,0,0,13850,13900,13850
2017-11-17,9.3,13800,-0.05(-0.36 %),29900,413000000,0,0,13800,13900,13800
2017-11-20,9.36,13900,0.1(0.72 %),1850,26000000,0,0,13800,13900,13800
2017-11-21,9.3,13800,-0.1(-0.72 %),60490,841000000,0,0,13900,14000,13800
2017-11-22,9.36,13900,0.1(0.72 %),1680,23000000,0,0,14000,14000,13900
2017-11-23,9.3,13800,-0.1(-0.72 %),13830,192000000,0,0,13900,13900,13800
2017-11-24,9.7,14400,0.6(4.35 %),173030,2429000000,0,0,13900,14400,13900
2017-11-27,9.7,14400,0(0.00 %),47150,684000000,0,0,14400,14600,14400
2017-11-28,9.77,14500,0.1(0.69 %),176010,2557000000,0,0,14400,14700,14400
2017-11-29,10.44,15500,1(6.90 %),659620,10032000000,0,0,14500,15500,14200
2017-11-30,10.84,16100,0.6(3.87 %),247790,3989000000,0,0,16400,16400,15800
2017-12-01,10.78,16000,-0.1(-0.62 %),203080,3278000000,0,0,16300,16300,16000
2017-12-04,10.17,15100,-0.9(-5.62 %),40780,626000000,0,0,15800,15950,15100
2017-12-05,10.44,15500,0.4(2.65 %),41660,648000000,0,0,15100,15800,15100
2017-12-06,10.24,15200,-0.3(-1.94 %),26470,406000000,0,0,15200,15500,15200
2017-12-07,10.78,16000,0.8(5.26 %),19880,317000000,0,0,15300,16000,15300
2017-12-08,10.51,15600,-0.4(-2.50 %),116010,1810000000,0,0,15600,15600,15500
2017-12-11,10.78,16000,0.4(2.56 %),66540,1062000000,0,0,15600,16000,15600
2017-12-12,10.1,15000,-1(-6.25 %),55620,876000000,0,0,16100,16100,14900
2017-12-13,9.97,14800,-0.2(-1.33 %),184750,2806000000,0,0,15300,15500,14800
2017-12-14,9.56,14200,-0.6(-4.05 %),74830,1096000000,0,0,14800,14800,14000
2017-12-15,9.83,14600,0.4(2.82 %),66060,963620000,0,0,14700,14700,14000
2017-12-18,10.0,14850,0.25(1.71 %),49560,730000000,0,0,14700,14850,14600
2017-12-19,10.04,14900,0.05(0.34 %),41190,613000000,0,0,14850,14900,14850
2017-12-20,9.63,14300,-0.6(-4.03 %),52530,767000000,0,0,15800,15800,14200
2017-12-21,9.56,14200,-0.1(-0.70 %),5130,73000000,0,0,14400,14400,14200
2017-12-22,9.9,14700,0.5(3.52 %),10020,145000000,0,0,14200,14700,14200
2017-12-25,10.37,15400,0.7(4.76 %),1020,14000000,0,0,14200,15400,14000
2017-12-26,9.77,14500,-0.9(-5.84 %),33310,485000000,0,0,15700,15700,14400
2017-12-27,9.7,14400,-0.1(-0.69 %),61010,862000000,0,0,14200,14500,13600
2017-12-28,9.43,14000,-0.4(-2.78 %),54430,766000000,0,0,13900,14200,13900
2017-12-29,9.56,14200,0.2(1.43 %),71960,994000000,0,0,13900,14200,13600
2018-01-02,9.56,14200,0(0.00 %),13080,185740000,387360,5268096000,14200,14200,14200
2018-01-03,9.56,14200,0(0.00 %),62460,875000000,0,0,14200,14200,13900
2018-01-04,9.36,13900,-0.3(-2.11 %),11000,156000000,0,0,14100,14200,13900
2018-01-05,9.94,14750,0.85(6.12 %),1020,14000000,0,0,14000,14850,14000
2018-01-08,9.77,14500,-0.25(-1.69 %),3510,49000000,0,0,14100,14500,14000
2018-01-09,9.46,14050,-0.45(-3.10 %),2670,37000000,0,0,14000,14500,14000
2018-01-10,9.63,14300,0.25(1.78 %),37100,530000000,0,0,14000,14600,14000
2018-01-11,9.77,14500,0.2(1.40 %),116850,1663000000,0,0,14300,14500,14200
2018-01-12,9.77,14500,0(0.00 %),50980,740400000,0,0,14900,14900,14400
2018-01-15,9.77,14500,0(0.00 %),41470,601310000,0,0,14500,14500,14400
2018-01-16,9.77,14500,0(0.00 %),51460,746000000,0,0,14600,14600,14200
2018-01-17,9.63,14300,-0.2(-1.38 %),40270,584000000,0,0,14300,14500,14300
2018-01-18,9.77,14500,0.2(1.40 %),29020,421000000,0,0,14500,14500,14300
2018-01-19,9.77,14500,0(0.00 %),85100,1234000000,0,0,14500,14500,14500
2018-01-22,9.77,14500,0(0.00 %),5210,73000000,0,0,14500,14500,14000
2018-01-25,9.77,14500,0(0.00 %),0,0,0,0,14500,14500,14500
2018-01-26,9.56,14200,-0.3(-2.07 %),4020,57000000,0,0,14200,14200,14100
2018-01-29,9.83,14600,0.4(2.82 %),3050,43000000,0,0,14200,14600,14200
2018-01-30,9.7,14400,-0.2(-1.37 %),2760,39000000,0,0,14500,14500,14100
2018-01-31,9.7,14400,0(0.00 %),720,10000000,0,0,14100,14400,14100
2018-02-01,9.56,14200,-0.2(-1.39 %),281140,3994000000,0,0,14500,14500,14150
2018-02-02,9.56,14200,0(0.00 %),498170,7105000000,0,0,14300,14300,14200
2018-02-05,9.5,14100,-0.1(-0.70 %),225610,3190050000,0,0,14200,14200,14000
2018-02-06,9.09,13500,-0.6(-4.26 %),388920,5280000000,0,0,13500,14100,13400
2018-02-07,9.67,14350,0.85(6.30 %),202770,2893740000,0,0,14000,14400,13500
2018-02-08,9.56,14200,-0.15(-1.05 %),100000,1420000000,0,0,14200,14200,14200
2018-02-09,9.7,14400,0.2(1.41 %),267980,3820000000,0,0,14200,14400,14200
2018-02-12,9.7,14400,0(0.00 %),0,0,0,0,14400,14400,14400
2018-02-13,9.56,14200,-0.2(-1.39 %),360,5000000,0,0,14200,14200,14200
2018-02-21,9.56,14200,0(0.00 %),30,0,0,0,14200,14200,14200
2018-02-22,9.56,14200,0(0.00 %),8470,120000000,0,0,14200,14200,14200
2018-02-23,9.77,14500,0.3(2.11 %),67000,973000000,0,0,14000,14700,14000
2018-02-26,9.97,14800,0.3(2.07 %),127350,1828000000,0,0,14500,14800,14200
2018-02-27,9.77,14500,-0.3(-2.03 %),242110,3514000000,0,0,14500,14700,14450
2018-02-28,9.77,14500,0(0.00 %),327960,4758000000,0,0,14500,14600,14500
2018-03-01,9.77,14500,0(0.00 %),56270,818000000,0,0,14500,14600,14500
2018-03-02,9.77,14500,0(0.00 %),30500,450000000,0,0,14800,14900,14500
2018-03-05,9.77,14500,0(0.00 %),0,0,0,0,14500,14500,14500
2018-03-06,9.63,14300,-0.2(-1.38 %),10,0,0,0,14300,14300,14300
2018-03-07,9.77,14500,0.2(1.40 %),660,9000000,0,0,14200,14500,14200
2018-03-08,9.63,14300,-0.2(-1.38 %),700,10000000,0,0,14300,14300,14300
2018-03-09,9.63,14300,0(0.00 %),16820,239000000,0,0,14000,14300,14000
2018-03-12,9.63,14300,0(0.00 %),14560,211000000,0,0,14300,14500,14300
2018-03-13,9.83,14600,0.3(2.10 %),26020,380000000,0,0,14500,15000,14300
2018-03-14,9.77,14500,-0.1(-0.68 %),57460,837000000,0,0,14600,14600,14000
2018-03-15,9.77,14500,0(0.00 %),50000,728000000,0,0,14200,14700,14200
2018-03-16,9.77,14500,0(0.00 %),6180,90000000,0,0,14500,14500,14500
2018-03-19,9.97,14800,0.3(2.07 %),10,0,0,0,14800,14800,14800
2018-03-20,9.77,14500,-0.3(-2.03 %),18930,277000000,0,0,14800,14800,14500
2018-03-21,10.04,14900,0.4(2.76 %),135240,2011000000,0,0,14200,14900,14200
2018-03-22,10.04,14900,0(0.00 %),180,3000000,0,0,15000,15000,14900
2018-03-23,10.1,15000,0.1(0.67 %),1990,29000000,0,0,14300,15000,14300
2018-03-26,10.1,15000,0(0.00 %),60,1000000,0,0,15000,15000,15000
2018-03-27,10.1,15000,0(0.00 %),55100,826000000,0,0,15000,15000,14950
2018-03-28,10.1,15000,0(0.00 %),230780,3461000000,0,0,15000,15000,14900
2018-03-29,10.1,15000,0(0.00 %),33940,506000000,0,0,15000,15000,14600
2018-03-30,10.34,15000,0.35(2.39 %),31650,476000000,0,0,14650,15100,14650
2018-04-02,10.34,15000,0(0.00 %),99090,1486000000,0,0,14700,15000,14700
2018-04-03,10.69,15500,0.5(3.33 %),32960,504000000,0,0,14800,16000,14800
2018-04-04,11.41,16550,1.05(6.77 %),261140,4286000000,0,0,15100,16550,15100
2018-04-05,11.72,17000,0.45(2.72 %),28350,478000000,0,0,16500,17000,16500
2018-04-06,11.03,16000,-1(-5.88 %),26390,434000000,0,0,16600,16600,16000
2018-04-09,11.31,16400,0.4(2.50 %),37220,602000000,0,0,16400,16400,16000
2018-04-10,12.07,17500,1.1(6.71 %),190930,3281000000,0,0,16450,17500,16000
2018-04-11,11.52,16700,-0.8(-4.57 %),89070,1555000000,0,0,17500,17800,16700
2018-04-12,12.07,17500,0.8(4.79 %),50010,851000000,0,0,17800,17800,16250
2018-04-13,11.38,16500,-1(-5.71 %),54300,924000000,0,0,17500,17500,16500
2018-04-16,11.38,16500,0(0.00 %),124770,2055000000,0,0,16500,16600,16300
2018-04-17,11.1,16100,-0.4(-2.42 %),80920,1325000000,0,0,16500,16500,16100
2018-04-18,11.17,16200,0.1(0.62 %),129170,2128000000,0,0,15900,16600,15900
2018-04-19,11.1,16100,-0.1(-0.62 %),46340,749000000,0,0,15200,16500,15200
2018-04-20,11.86,17200,1.1(6.83 %),62260,1040000000,0,0,16500,17200,16500
2018-04-23,12.21,17700,0.5(2.91 %),180890,3174000000,0,0,17200,18100,17200
2018-04-24,12.41,18000,0.3(1.69 %),12410,220000000,0,0,17200,18000,17200
2018-04-26,11.55,16750,-1.25(-6.94 %),87690,1489000000,0,0,18000,18000,16750
2018-04-27,11.72,17000,0.25(1.49 %),1050,17000000,0,0,16100,17000,16000
2018-05-02,11.72,17000,0(0.00 %),2110,35000000,0,0,17000,17000,16600
2018-05-03,11.59,16800,-0.2(-1.18 %),18580,305000000,0,0,16500,16800,16100
2018-05-04,11.03,16000,-0.8(-4.76 %),367280,5877000000,0,0,16200,16200,16000
2018-05-07,11.03,16000,0(0.00 %),71300,1141000000,0,0,16000,16000,16000
2018-05-08,11.03,16000,0(0.00 %),63690,1002000000,0,0,16000,16000,15600
2018-05-09,11.03,16000,0(0.00 %),12180,190000000,0,0,15550,16000,15550
2018-05-10,10.76,15600,-0.4(-2.50 %),46100,729000000,0,0,15600,16000,15600
2018-05-11,11.03,16000,0.4(2.56 %),510,8000000,0,0,15000,16000,15000
2018-05-14,11.03,16000,0(0.00 %),270,4000000,0,0,15950,16000,15950
2018-05-15,11.17,16200,0.2(1.25 %),13470,218000000,0,0,16000,16200,16000
2018-05-16,11.17,16200,0(0.00 %),29100,472000000,0,0,16200,16300,16200
2018-05-17,11.17,16200,0(0.00 %),100,2000000,0,0,16200,16200,16200
2018-05-18,11.1,16100,-0.1(-0.62 %),30500,488000000,0,0,16000,16100,15400
2018-05-21,11.38,16500,0.4(2.48 %),14130,225000000,0,0,16100,16500,15500
2018-05-22,11.03,16000,-0.5(-3.03 %),29070,465000000,0,0,16000,16000,16000
2018-05-23,10.9,15800,-0.2(-1.25 %),30440,487000000,0,0,16000,16000,15800
2018-05-24,10.9,15800,0(0.00 %),400,6000000,0,0,16000,16000,15800
2018-05-25,11.03,16000,0.2(1.27 %),20,0,0,0,14700,16000,14700
2018-05-28,11.03,16000,0(0.00 %),310,5000000,0,0,15000,16000,15000
2018-05-29,10.97,15900,-0.1(-0.62 %),10810,168000000,0,0,15800,16000,15500
2018-05-30,11.03,16000,0.1(0.63 %),28960,471000000,0,0,16900,16900,15200
2018-05-31,10.41,15100,-0.9(-5.62 %),440,7000000,0,0,15100,16000,15000
2018-06-01,10.9,15800,0.7(4.64 %),1210,19000000,0,0,15100,15800,15100
2018-06-04,10.9,15800,0(0.00 %),540,8000000,0,0,15000,15800,15000
2018-06-05,10.9,15800,0(0.00 %),0,0,0,0,15800,15800,15800
2018-06-06,10.34,15000,-0.8(-5.06 %),89920,1349000000,0,0,15000,15000,15000
2018-06-07,10.28,14900,-0.1(-0.67 %),21580,324000000,0,0,15000,15000,14900
2018-06-08,10.28,14900,0(0.00 %),0,0,0,0,14900,14900,14900
2018-06-11,10.34,15000,0.1(0.67 %),20060,300000000,0,0,14700,15000,14700
2018-06-12,10.34,15000,0(0.00 %),0,0,0,0,15000,15000,15000
2018-06-13,10.34,15000,0(0.00 %),10300,154000000,0,0,14500,15000,14500
2018-06-14,10.34,15000,0(0.00 %),0,0,0,0,15000,15000,15000
2018-06-15,10.34,15000,0(0.00 %),0,0,0,0,15000,15000,15000
2018-06-18,10.34,15000,0(0.00 %),0,0,0,0,15000,15000,15000
2018-06-19,9.66,14000,-1(-6.67 %),8010,112000000,0,0,14100,14100,14000
2018-06-20,9.66,14000,0(0.00 %),0,0,0,0,14000,14000,14000
2018-06-21,10.14,14700,0.7(5.00 %),20,0,0,0,13200,14700,13200
2018-06-22,10.14,14700,0(0.00 %),0,0,0,0,14700,14700,14700
2018-06-25,9.52,13800,-0.9(-6.12 %),2170,30000000,0,0,13800,13800,13800
2018-06-26,9.79,14200,0.4(2.90 %),4110,58000000,0,0,14300,14300,14200
2018-06-27,9.79,14200,0(0.00 %),0,0,0,0,14200,14200,14200
2018-06-28,9.79,14200,0(0.00 %),0,0,0,0,14200,14200,14200
2018-06-29,9.79,14200,0(0.00 %),38030,541000000,0,0,14500,14500,14200
2018-07-02,9.79,14200,0(0.00 %),69010,980000000,0,0,13250,14200,13250
2018-07-03,9.59,13900,-0.3(-2.11 %),42000,586000000,0,0,14000,14000,13900
2018-07-04,9.59,13900,0(0.00 %),1470,21000000,0,0,13000,14000,13000
2018-07-05,9.52,13800,-0.1(-0.72 %),32700,451000000,0,0,13800,13800,13800
2018-07-06,8.97,13000,-0.8(-5.80 %),132920,1787000000,0,0,13700,13700,13000
2018-07-09,9.38,13600,0.6(4.62 %),88680,1191000000,0,0,13500,13600,13000
2018-07-10,9.45,13700,0.1(0.74 %),79860,1094000000,0,0,13700,13700,13600
2018-07-11,9.31,13500,-0.2(-1.46 %),194320,2649000000,0,0,13600,13700,13500
2018-07-12,9.31,13500,0(0.00 %),55690,752000000,0,0,13500,13500,13500
2018-07-13,9.31,13500,0(0.00 %),40220,543000000,0,0,13500,13500,13500
2018-07-16,9.31,13500,0(0.00 %),69100,933000000,0,0,13500,13500,13500
2018-07-17,9.17,13300,-0.2(-1.48 %),118000,1573000000,0,0,13500,13500,13200
2018-07-18,9.03,13100,-0.2(-1.50 %),106050,1407000000,0,0,13300,13300,13100
2018-07-19,9.1,13200,0.1(0.76 %),57000,757000000,0,0,13500,13500,13200
2018-07-20,9.1,13200,0(0.00 %),101500,1340000000,0,0,13200,13300,13200
2018-07-23,9.1,13200,0(0.00 %),0,0,0,0,13200,13200,13200
2018-07-24,9.17,13300,0.1(0.76 %),21100,281000000,0,0,13400,13400,13000
2018-07-25,9.17,13300,0(0.00 %),0,0,0,0,13300,13300,13300
2018-07-26,9.17,13300,0(0.00 %),110050,1464000000,0,0,13300,13300,13300
2018-07-27,9.17,13300,0(0.00 %),10000,133000000,0,0,13300,13300,13300
2018-07-30,9.17,13300,0(0.00 %),28200,375000000,0,0,13300,13300,13300
2018-07-31,9.17,13300,0(0.00 %),30000,401000000,0,0,13500,13500,13300
2018-08-01,9.17,13300,0(0.00 %),3800,51000000,116000,1508000000,13300,13300,13300
2018-08-02,9.17,13300,0(0.00 %),10000,133000000,0,0,13250,13300,13250
2018-08-03,9.24,13400,0.1(0.75 %),2000,27000000,0,0,13400,13400,13400
2018-08-06,9.17,13300,-0.1(-0.75 %),28390,376000000,172000,2236000000,14300,14300,13000
2018-08-07,9.1,13200,-0.1(-0.75 %),1320,17000000,1269350,18024770000,13300,13300,13200
2018-08-08,9.17,13300,0.1(0.76 %),6190,83000000,152000,2006400000,14100,14100,13000
2018-08-09,9.1,13200,-0.1(-0.75 %),13300,177000000,50000,665000000,13300,13300,13200
2018-08-10,9.17,13300,0.1(0.76 %),6350,84000000,0,0,12300,13300,12300
2018-08-13,9.17,13300,0(0.00 %),18800,249000000,0,0,13000,13300,13000
2018-08-14,9.17,13300,0(0.00 %),0,0,0,0,13300,13300,13300
2018-08-15,9.14,13250,-0.05(-0.38 %),410,5000000,0,0,12900,13250,12900
2018-08-16,9.17,13300,0.05(0.38 %),6180,80000000,0,0,13250,13300,12900
2018-08-17,8.97,13000,-0.3(-2.26 %),12940,171000000,0,0,13300,13300,13000
2018-08-20,9.17,13300,0.3(2.31 %),22000,288000000,0,0,12900,13300,12900
2018-08-21,9.17,13300,0(0.00 %),55240,728000000,0,0,13200,13300,12900
2018-08-22,8.76,12700,-0.6(-4.51 %),10000,128000000,0,0,12900,12900,12700
2018-08-23,9.03,13100,0.4(3.15 %),210,3000000,0,0,12700,13100,12700
2018-08-24,9.17,13300,0.2(1.53 %),8400,112000000,0,0,13300,13300,13300
2018-08-27,9.24,13400,0.1(0.75 %),35110,463000000,0,0,13200,13500,13200
2018-08-28,9.17,13300,-0.1(-0.75 %),2300,30000000,0,0,12900,13300,12900
2018-08-29,9.17,13300,0(0.00 %),67360,891000000,0,0,13300,13300,12500
2018-08-30,9.17,13300,0(0.00 %),50000,665000000,0,0,13300,13300,13300
2018-08-31,9.1,13200,-0.1(-0.75 %),46720,621000000,0,0,13300,13300,13200
2018-09-04,9.17,13300,0.1(0.76 %),175500,2334000000,0,0,13300,13300,13200
2018-09-05,9.17,13300,0(0.00 %),201010,2673000000,0,0,13300,13300,13300
2018-09-06,9.17,13300,0(0.00 %),370390,4926000000,0,0,13300,13300,13300
2018-09-07,9.17,13300,0(0.00 %),98190,1305000000,0,0,13300,13300,13200
2018-09-10,9.17,13300,0(0.00 %),292660,3892000000,0,0,13300,13300,13300
2018-09-11,9.17,13300,0(0.00 %),124510,1655000000,0,0,13300,13300,13000
2018-09-12,9.17,13300,0(0.00 %),130000,1729000000,0,0,13300,13300,13300
2018-09-13,9.1,13200,-0.1(-0.75 %),67400,896000000,0,0,13300,13300,13000
2018-09-14,9.1,13200,0(0.00 %),34630,458000000,0,0,13300,13300,13200
2018-09-17,9.17,13300,0.1(0.76 %),22090,293000000,0,0,13500,13500,13100
2018-09-18,9.17,13300,0(0.00 %),64170,850000000,0,0,13500,13950,12900
2018-09-19,9.24,13400,0.1(0.75 %),60250,800000000,0,0,13200,13400,13200
2018-09-20,9.17,13300,-0.1(-0.75 %),188560,2506000000,0,0,13400,13400,13200
2018-09-21,9.17,13300,0(0.00 %),150900,2007000000,0,0,13300,13300,13300
2018-09-24,9.1,13200,-0.1(-0.75 %),30600,404000000,0,0,13200,13200,13100
2018-09-25,9.1,13200,0(0.00 %),85000,1122000000,0,0,13200,13200,13200
2018-09-26,9.17,13300,0.1(0.76 %),1300,17000000,0,0,13300,13300,13300
2018-09-27,9.17,13300,0(0.00 %),13000,173000000,0,0,13300,13300,13300
2018-09-28,9.17,13300,0(0.00 %),5000,67000000,0,0,13300,13300,13300
2018-10-01,9.03,13100,-0.2(-1.50 %),15640,205000000,0,0,13300,13300,13100
2018-10-02,9.17,13300,0.2(1.53 %),20,0,0,0,13300,13300,13300
2018-10-03,8.97,13000,-0.3(-2.26 %),7780,99000000,0,0,13300,13300,12500
2018-10-04,8.62,12500,-0.5(-3.85 %),16750,210000000,0,0,13000,13000,12500
2018-10-05,8.62,12500,0(0.00 %),8590,107000000,0,0,12500,12500,12500
2018-10-08,8.66,12550,0.05(0.40 %),47320,593000000,0,0,12500,12550,12500
2018-10-09,8.62,12500,-0.05(-0.40 %),1000,13000000,0,0,12500,12500,12500
2018-10-10,8.62,12500,0(0.00 %),10300,129000000,0,0,12500,12500,12500
2018-10-11,8.59,12450,-0.05(-0.40 %),2980,37000000,0,0,12450,12500,12000
2018-10-12,8.28,12000,-0.45(-3.61 %),540,6000000,0,0,12000,12000,11900
2018-10-15,8.28,12000,0(0.00 %),7360,88000000,0,0,12000,12000,12000
2018-10-16,8.41,12200,0.2(1.67 %),26300,316000000,0,0,12000,12200,12000
2018-10-17,8.41,12200,0(0.00 %),10850,129000000,0,0,12200,12300,11900
2018-10-18,8.28,12000,-0.2(-1.64 %),14680,176000000,0,0,12000,12150,11800
2018-10-19,8.21,11900,-0.1(-0.83 %),109440,1307000000,0,0,12000,12000,11900
2018-10-22,8.28,12000,0.1(0.84 %),10,0,0,0,12000,12000,12000
2018-10-23,8.0,11600,-0.4(-3.33 %),3600,42000000,0,0,11700,11900,11600
2018-10-24,8.0,11600,0(0.00 %),11800,137000000,0,0,12100,12100,11600
2018-10-25,8.0,11600,0(0.00 %),0,0,0,0,11600,11600,11600
2018-10-26,8.0,11600,0(0.00 %),6110,71000000,0,0,11900,11900,11600
2018-10-29,8.0,11600,0(0.00 %),0,0,0,0,11600,11600,11600
2018-10-30,8.0,11600,0(0.00 %),1000,12000000,0,0,11600,11600,11600
2018-10-31,8.28,12000,0.4(3.45 %),5310,64000000,0,0,12400,12400,12000
2018-11-01,8.28,12000,0(0.00 %),1510,18000000,0,0,11600,12000,11600
2018-11-02,8.28,12000,0(0.00 %),1500,18000000,0,0,12000,12000,12000
2018-11-05,8.14,11800,-0.2(-1.67 %),1130,13000000,0,0,11800,11800,11800
2018-11-06,8.03,11650,-0.15(-1.27 %),4300,50000000,0,0,11800,11800,11650
2018-11-07,8.0,11600,-0.05(-0.43 %),1500,17000000,0,0,11600,11600,11600
2018-11-08,8.0,11600,0(0.00 %),34050,394000000,0,0,11600,11600,11500
2018-11-09,8.0,11600,0(0.00 %),25150,287000000,0,0,11400,11600,11400
2018-11-12,7.93,11500,-0.1(-0.86 %),500,6000000,0,0,11500,11500,11500
2018-11-13,8.0,11600,0.1(0.87 %),200,2000000,0,0,11500,11600,11500
2018-11-14,8.14,11800,0.2(1.72 %),100,1000000,0,0,11900,11900,11800
2018-11-15,8.14,11800,0(0.00 %),100,1000000,0,0,11800,11800,11800
2018-11-16,8.0,11600,-0.2(-1.69 %),13270,151000000,0,0,11200,11600,11200
2018-11-19,8.0,11600,0(0.00 %),100,1000000,0,0,11600,11600,11600
2018-11-20,8.0,11600,0(0.00 %),259110,2985000000,0,0,11500,11600,11500
2018-11-21,8.03,11650,0.05(0.43 %),100,1000000,0,0,11650,11650,11650
2018-11-22,8.14,11800,0.15(1.29 %),100050,1161000000,0,0,11600,11800,11600
2018-11-23,8.14,11800,0(0.00 %),5950,69000000,0,0,11700,11800,11500
2018-11-26,8.21,11900,0.1(0.85 %),100320,1164000000,0,0,11600,12000,11600
2018-11-27,8.28,12000,0.1(0.84 %),50010,580000000,0,0,11600,12000,11600
2018-11-28,8.21,11900,-0.1(-0.83 %),151310,1755000000,0,0,11600,11900,11500
2018-11-29,8.0,11600,-0.3(-2.52 %),59090,685000000,0,0,11600,11600,11600
2018-11-30,8.0,11600,0(0.00 %),3500,41000000,0,0,11600,11600,11600
2018-12-03,8.55,12400,0.8(6.90 %),20,0,0,0,12400,12400,12400
2018-12-04,8.28,12000,-0.4(-3.23 %),4300,53000000,0,0,12600,12600,11800
2018-12-05,8.62,12500,0.5(4.17 %),260,3000000,0,0,11800,12500,11800
2018-12-06,8.48,12300,-0.2(-1.60 %),4250,50000000,0,0,11800,12300,11750
2018-12-07,8.69,12600,0.3(2.44 %),100010,1180000000,0,0,11800,12600,11800
2018-12-10,8.69,12600,0(0.00 %),0,0,0,0,12600,12600,12600
2018-12-11,8.69,12600,0(0.00 %),0,0,0,0,12600,12600,12600
2018-12-12,8.14,11800,-0.8(-6.35 %),89270,1053000000,0,0,11800,11800,11800
2018-12-13,8.07,11700,-0.1(-0.85 %),360,4000000,0,0,11400,11800,11400
2018-12-14,8.55,12400,0.7(5.98 %),110,1000000,0,0,12400,12400,12400
2018-12-17,8.14,11800,-0.6(-4.84 %),360,4000000,0,0,11800,11800,11800
2018-12-18,8.14,11800,0(0.00 %),120,1000000,0,0,11700,11800,11700
2018-12-19,8.14,11800,0(0.00 %),20,0,0,0,11900,11900,11800
2018-12-20,8.14,11800,0(0.00 %),1440,17000000,0,0,11900,12000,11300
2018-12-21,8.14,11800,0(0.00 %),10010,118000000,0,0,12300,12300,11800
2018-12-24,8.07,11700,-0.1(-0.85 %),1520,17000000,0,0,11250,11800,11100
2018-12-25,7.66,11100,-0.6(-5.13 %),23320,259000000,0,0,11100,11100,11100
2018-12-26,8.07,11700,0.6(5.41 %),18070,213000000,0,0,11800,11850,11700
2018-12-27,8.21,11900,0.2(1.71 %),72110,865000000,0,0,12000,12100,11900
2018-12-28,8.28,12000,0.1(0.84 %),53560,651000000,0,0,12400,12400,12000
2019-01-02,8.28,12000,0(0.00 %),0,0,0,0,12000,12000,12000
2019-01-03,8.28,12000,0(0.00 %),0,0,0,0,12000,12000,12000
2019-01-04,8.28,12000,0(0.00 %),0,0,0,0,12000,12000,12000
2019-01-07,8.28,12000,0(0.00 %),0,0,0,0,12000,12000,12000
2019-01-08,8.55,12400,0.4(3.33 %),3710,43000000,0,0,11700,12400,11600
2019-01-09,8.55,12400,0(0.00 %),0,0,0,0,12400,12400,12400
2019-01-10,8.55,12400,0(0.00 %),0,0,0,0,12400,12400,12400
2019-01-11,8.41,12200,-0.2(-1.61 %),2140,25000000,0,0,11800,12300,11600
2019-01-14,8.14,11800,-0.4(-3.28 %),44200,522000000,0,0,11800,11800,11800
2019-01-15,8.14,11800,0(0.00 %),54880,648000000,0,0,11800,11800,11800
2019-01-16,8.14,11800,0(0.00 %),8400,99000000,0,0,11800,11800,11800
2019-01-17,8.14,11800,0(0.00 %),10000,118000000,0,0,11800,11800,11800
2019-01-18,8.14,11800,0(0.00 %),0,0,0,0,11800,11800,11800
2019-01-21,8.14,11800,0(0.00 %),10700,126000000,0,0,11800,11800,11800
2019-01-22,7.59,11000,-0.8(-6.78 %),1000,11000000,0,0,11000,11000,11000
2019-01-23,8.1,11750,0.75(6.82 %),750,9000000,0,0,11500,11750,11500
2019-01-24,8.31,12050,0.3(2.55 %),62550,737000000,0,0,11750,12050,11750
2019-01-25,8.07,11700,-0.35(-2.90 %),103000,1209000000,0,0,11900,11900,11700
2019-01-28,8.07,11700,0(0.00 %),14310,167000000,0,0,11800,11800,11600
2019-01-29,8.07,11700,0(0.00 %),50000,581000000,0,0,11600,11700,11600
2019-01-30,8.0,11600,-0.1(-0.85 %),51010,596000000,0,0,12400,12400,11600
2019-01-31,7.93,11500,-0.1(-0.86 %),94010,1083000000,0,0,11050,11700,11050
2019-02-01,7.93,11500,0(0.00 %),50000,577000000,0,0,11500,11700,11500
2019-02-11,8.14,11800,0.3(2.61 %),1300,15000000,0,0,11700,11800,11700
2019-02-12,8.28,12000,0.2(1.69 %),97650,1153000000,0,0,11500,12000,11500
2019-02-13,8.62,12500,0.5(4.17 %),2100,26000000,0,0,12200,12500,12200
2019-02-14,8.48,12300,-0.2(-1.60 %),4000,47000000,0,0,11700,12300,11700
2019-02-15,8.55,12400,0.1(0.81 %),700,9000000,0,0,12400,12400,12400
2019-02-18,8.55,12400,0(0.00 %),0,0,0,0,12400,12400,12400
2019-02-19,8.48,12300,-0.1(-0.81 %),142000,1747000000,0,0,12400,12400,12200
2019-02-20,8.17,11850,-0.45(-3.66 %),300,4000000,0,0,11850,11850,11850
2019-02-21,8.21,11900,0.05(0.42 %),7210,86000000,0,0,11850,11900,11850
2019-02-22,8.21,11900,0(0.00 %),0,0,0,0,11900,11900,11900
2019-02-25,8.14,11800,-0.1(-0.84 %),7700,91000000,0,0,11800,11900,11800
2019-02-26,8.41,12200,0.4(3.39 %),194050,2347000000,0,0,11900,12200,11900
2019-02-27,8.48,12300,0.1(0.82 %),58000,712000000,0,0,12200,12300,12200
2019-02-28,8.28,12000,-0.3(-2.44 %),100120,1216000000,0,0,12300,12300,12000
2019-03-01,8.41,12200,0.2(1.67 %),115590,1398000000,0,0,12200,12300,12000
2019-03-04,8.83,12800,0.6(4.92 %),126690,1643000000,0,0,12600,13050,12600
2019-03-05,8.97,13000,0.2(1.56 %),86390,1149000000,0,0,13500,13500,12800
2019-03-06,9.1,13200,0.2(1.54 %),128000,1668000000,0,0,13000,13200,13000
2019-03-07,9.28,13450,0.25(1.89 %),54000,714000000,0,0,13100,13450,13100
2019-03-08,9.28,13450,0(0.00 %),20,0,0,0,13450,13450,13450
2019-03-11,9.28,13450,0(0.00 %),0,0,0,0,13450,13450,13450
2019-03-12,9.38,13600,0.15(1.12 %),65720,878000000,0,0,13000,13600,13000
2019-03-13,9.45,13700,0.1(0.74 %),90,1000000,0,0,13600,13700,13600
2019-03-14,9.31,13500,-0.2(-1.46 %),11270,152000000,0,0,13700,13700,13300
2019-03-15,9.31,13500,0(0.00 %),970,13000000,0,0,13700,13700,13500
2019-03-18,9.31,13500,0(0.00 %),15850,213000000,0,0,13500,13500,13300
2019-03-19,9.38,13600,0.1(0.74 %),6530,89000000,0,0,13700,13700,13500
2019-03-20,9.83,14250,0.65(4.78 %),11460,163000000,0,0,14450,14450,13700
2019-03-21,9.45,13700,-0.55(-3.86 %),2710,37000000,0,0,14200,14200,13700
2019-03-22,9.31,13500,-0.2(-1.46 %),3350,45000000,0,0,13700,13700,13300
2019-03-25,9.45,13700,0.2(1.48 %),200,3000000,0,0,13700,13700,13700
2019-03-26,9.45,13700,0(0.00 %),101570,1401000000,0,0,13500,13800,13500
2019-03-27,8.79,12750,-0.95(-6.93 %),5760,74000000,0,0,13900,13900,12750
2019-03-28,8.97,13000,0.25(1.96 %),256690,3359000000,0,0,13500,13500,12950
2019-03-29,8.83,12800,-0.2(-1.54 %),3560,46000000,0,0,12800,12800,12800
2019-04-01,8.34,12100,-0.7(-5.47 %),2210,27000000,0,0,12600,12600,12000
2019-04-02,8.48,12300,0.2(1.65 %),7960,98000000,0,0,11900,12600,11900
2019-04-03,8.55,12400,0.1(0.81 %),1300,16000000,0,0,12500,12500,12400
2019-04-04,8.62,12500,0.1(0.81 %),5500,68000000,0,0,12300,12500,12300
2019-04-05,8.9,12900,0.4(3.20 %),126570,1630000000,0,0,12900,13000,12400
2019-04-08,8.69,12600,-0.3(-2.33 %),180,2000000,0,0,12600,12600,12600
2019-04-09,8.76,12700,0.1(0.79 %),4690,59000000,0,0,12300,12700,12300
2019-04-10,8.69,12600,-0.1(-0.79 %),3550,45000000,0,0,12600,12700,12300
2019-04-11,8.28,12000,-0.6(-4.76 %),10550,127000000,0,0,12600,12600,12000
2019-04-12,8.28,12000,0(0.00 %),20040,241000000,0,0,12800,12800,11900
2019-04-16,8.69,12600,0.6(5.00 %),1560,19000000,0,0,12000,12600,12000
2019-04-17,8.69,12600,0(0.00 %),20230,255000000,0,0,12600,12700,12600
2019-04-18,8.62,12500,-0.1(-0.79 %),82820,1029000000,0,0,12650,12650,12000
2019-04-19,8.69,12600,0.1(0.80 %),29440,371000000,0,0,12600,12600,12600
2019-04-22,8.62,12500,-0.1(-0.79 %),62990,801000000,0,0,12700,12800,12500
2019-04-23,8.69,12600,0.1(0.80 %),28190,355000000,0,0,12300,12700,12300
2019-04-24,8.83,12800,0.2(1.59 %),96080,1223000000,0,0,12600,12800,12300
2019-04-25,8.69,12600,-0.2(-1.56 %),1940,24000000,0,0,12600,12600,12600
2019-04-26,8.76,12700,0.1(0.79 %),5070,63000000,0,0,12500,12700,12500
2019-05-02,8.76,12700,0(0.00 %),23510,298000000,0,0,12700,12700,12500
2019-05-03,8.76,12700,0(0.00 %),20000,254000000,0,0,12700,12700,12700
2019-05-06,8.62,12500,-0.2(-1.57 %),30030,375000000,0,0,12700,12700,12400
2019-05-07,8.76,12700,0.2(1.60 %),2010,26000000,200000,2560000000,12500,12800,12500
2019-05-08,8.76,12700,0(0.00 %),0,0,2000000,25200000000,12700,12700,12700
2019-05-09,8.55,12400,-0.3(-2.36 %),38720,481000000,0,0,12800,12800,12400
2019-05-10,8.69,12600,0.2(1.61 %),10,0,0,0,12600,12600,12600
2019-05-13,8.62,12500,-0.1(-0.79 %),34000,430000000,0,0,12700,12700,12500
2019-05-14,8.41,12200,-0.3(-2.40 %),30690,379000000,0,0,12500,12500,12200
2019-05-15,8.55,12400,0.2(1.64 %),900,11000000,0,0,12350,12400,12350
2019-05-16,8.55,12400,0(0.00 %),2510,31000000,0,0,12300,12400,12300
2019-05-17,8.69,12600,0.2(1.61 %),147030,1865000000,0,0,12700,12700,12600
2019-05-20,8.62,12500,-0.1(-0.79 %),102350,1283000000,0,0,12650,12700,12500
2019-05-21,8.55,12400,-0.1(-0.80 %),191500,2383000000,0,0,12500,12500,12400
2019-05-22,8.69,12600,0.2(1.61 %),31070,388000000,0,0,12600,12600,12100
2019-05-23,8.69,12600,0(0.00 %),430,5000000,0,0,12600,12600,12600
2019-05-24,8.69,12600,0(0.00 %),500,6000000,0,0,12600,12600,12600
2019-05-27,8.62,12500,-0.1(-0.79 %),670,8000000,0,0,12500,12500,12500
2019-05-28,8.62,12500,0(0.00 %),345600,4263000000,0,0,12300,12500,12300
2019-05-29,8.52,12350,-0.15(-1.20 %),36540,455000000,0,0,12050,12600,12050
2019-05-30,8.62,12500,0.15(1.21 %),10100,124000000,0,0,12300,12500,12300
2019-05-31,8.52,12350,-0.15(-1.20 %),76400,945000000,0,0,12450,12450,12300
2019-06-03,8.48,12300,-0.05(-0.40 %),12200,150000000,0,0,12300,12300,12300
2019-06-04,8.62,12500,0.2(1.63 %),123350,1539000000,0,0,12300,12500,12300
2019-06-05,8.62,12500,0(0.00 %),30170,376000000,0,0,12500,12500,12350
2019-06-06,8.48,12300,-0.2(-1.60 %),43020,530000000,0,0,12500,12500,12300
2019-06-07,8.62,12500,0.2(1.63 %),39490,486000000,0,0,12050,12500,12050
2019-06-10,8.48,12300,-0.2(-1.60 %),4490,55000000,0,0,12300,12300,12250
2019-06-11,8.48,12300,0(0.00 %),32500,399000000,0,0,12300,12300,12000
2019-06-12,8.41,12200,-0.1(-0.81 %),91390,1124000000,0,0,12300,12300,12200
2019-06-13,8.41,12200,0(0.00 %),20910,256000000,0,0,12200,12300,12200
2019-06-14,8.34,12100,-0.1(-0.82 %),51730,631000000,0,0,12200,12300,12100
2019-06-17,8.34,12100,0(0.00 %),29540,360000000,0,0,12100,12200,12100
2019-06-18,8.34,12100,0(0.00 %),39630,485000000,0,0,12100,12300,12100
2019-06-19,8.34,12100,0(0.00 %),132540,1614000000,0,0,12100,12300,11500
2019-06-20,8.34,12100,0(0.00 %),402890,4879000000,0,0,12100,12300,12100
2019-06-21,8.48,12300,0.2(1.65 %),60860,757000000,0,0,12250,12500,12200
2019-06-24,8.55,12400,0.1(0.81 %),72790,913000000,0,0,12300,12600,12300
2019-06-25,8.55,12400,0(0.00 %),44090,551000000,0,0,12500,12550,12350
2019-06-26,8.69,12600,0.2(1.61 %),104960,1338000000,0,0,12600,13000,12500
2019-06-27,8.48,12300,-0.3(-2.38 %),2090,26000000,0,0,12300,13100,12300
2019-06-28,8.48,12300,0(0.00 %),10100,124000000,0,0,12300,12500,12300
2019-07-01,8.48,12300,0(0.00 %),1570,19000000,0,0,12300,12300,12300
2019-07-02,8.48,12300,0(0.00 %),13670,168000000,0,0,12300,12350,12300
2019-07-03,8.48,12300,0(0.00 %),17510,221000000,0,0,12500,12800,12300
2019-07-04,8.76,12700,0.4(3.25 %),58910,755000000,0,0,12500,13150,12350
2019-07-05,9.34,13550,0.85(6.69 %),186710,2520000000,0,0,13500,13550,12550
2019-07-08,9.9,14350,0.8(5.90 %),94110,1327000000,0,0,13850,14400,13700
2019-07-09,10.48,15200,0.85(5.92 %),267170,4069000000,0,0,14450,15350,14400
2019-07-10,10.41,15100,-0.1(-0.66 %),36880,559000000,0,0,16100,16100,14600
2019-07-11,10.14,14700,-0.4(-2.65 %),4650,69000000,0,0,14300,15100,14300
2019-07-12,10.21,14800,0.1(0.68 %),25820,391000000,0,0,14500,15700,14500
2019-07-15,10.34,15000,0.2(1.35 %),39060,566000000,0,0,14500,15000,13900
2019-07-16,10.21,14800,-0.2(-1.33 %),10440,156000000,0,0,14500,15000,14500
2019-07-17,9.79,14200,-0.6(-4.05 %),6080,89000000,0,0,14200,14800,14200
2019-07-18,10.0,14500,0.3(2.11 %),1000,15000000,0,0,14500,14500,14500
2019-07-19,9.79,14200,-0.3(-2.07 %),26740,388000000,0,0,14500,14500,14200
2019-07-22,9.66,14000,-0.2(-1.41 %),38310,533000000,0,0,14500,14500,13500
2019-07-23,9.34,13550,-0.45(-3.21 %),21930,300000000,0,0,14200,14200,13500
2019-07-24,9.66,14000,0.45(3.32 %),6580,92000000,0,0,14200,14200,14000
2019-07-25,9.93,14400,0.4(2.86 %),80280,1137000000,0,0,14000,14850,13900
2019-07-26,10.34,15000,0.6(4.17 %),336980,5102000000,0,0,14400,15400,14400
2019-07-29,10.69,15500,0.5(3.33 %),178090,2728000000,0,0,16000,16000,15050
2019-07-30,10.48,15200,-0.3(-1.94 %),228480,3489000000,0,0,15800,15800,15050
2019-07-31,10.14,14700,-0.5(-3.29 %),34110,509000000,0,0,15000,15000,14700
2019-08-01,10.14,14700,0(0.00 %),10340,151000000,0,0,14700,15400,14200
2019-08-02,10.07,14600,-0.1(-0.68 %),6850,99000000,0,0,14500,14600,14200
2019-08-05,10.07,14600,0(0.00 %),30240,444000000,0,0,14600,14900,14600
2019-08-06,9.9,14350,-0.25(-1.71 %),5680,81000000,0,0,14350,14350,14300
2019-08-07,9.97,14450,0.1(0.70 %),360,5000000,0,0,14350,14500,14350
2019-08-08,10.0,14500,0.05(0.35 %),61560,892000000,0,0,14500,15350,14300
2019-08-09,10.0,14500,0(0.00 %),56680,822000000,0,0,14500,14500,14300
2019-08-12,10.21,14800,0.3(2.07 %),106940,1554000000,0,0,14500,15100,14500
2019-08-13,10.55,15300,0.5(3.38 %),223700,3355000000,0,0,14800,15500,14800
2019-08-14,10.97,15900,0.6(3.92 %),152090,2389000000,0,0,15300,16000,15300
2019-08-15,10.97,15900,0(0.00 %),78340,1245000000,0,0,15900,16000,15500
2019-08-16,10.55,15300,-0.6(-3.77 %),284900,4677000000,50010,740148000,15900,17000,15300
2019-08-19,11.03,16000,0.7(4.58 %),176020,2831000000,0,0,16200,16350,15600
2019-08-20,11.59,16800,0.8(5.00 %),127540,2143000000,0,0,16000,17100,16000
2019-08-21,11.72,17000,0.2(1.19 %),90660,1555000000,0,0,16800,17450,16600
2019-08-22,11.52,16700,-0.3(-1.76 %),97530,1654000000,0,0,17000,17100,16700
2019-08-23,11.24,16300,-0.4(-2.40 %),79710,1309000000,0,0,16700,16800,16300
2019-08-26,11.34,16450,0.15(0.92 %),62840,1044000000,0,0,16300,17000,16200
2019-08-27,11.79,17100,0.65(3.95 %),93740,1620000000,0,0,17000,17600,16500
2019-08-28,11.86,17200,0.1(0.58 %),65470,1149000000,0,0,17150,17800,17100
2019-08-29,11.66,16900,-0.3(-1.74 %),39910,685000000,0,0,17700,17700,16800
2019-08-30,11.38,16500,-0.4(-2.37 %),36240,604000000,0,0,16800,16900,16400
2019-09-03,11.24,16300,-0.2(-1.21 %),70930,1156000000,0,0,16500,16500,16000
2019-09-04,12.0,17400,1.1(6.75 %),218870,3758000000,0,0,16500,17400,16100
2019-09-05,11.38,16500,-0.9(-5.17 %),540250,9337000000,0,0,18000,18200,16500
2019-09-06,12.17,17650,1.15(6.97 %),241650,4228000000,1506780,23129073000,17300,17650,16600
2019-09-09,12.0,17400,-0.25(-1.42 %),28250,497000000,0,0,17300,17900,17300
2019-09-10,11.93,17300,-0.1(-0.57 %),65090,1102000000,0,0,17300,17300,16800
2019-09-11,11.66,16900,-0.4(-2.31 %),23460,396000000,0,0,17000,17050,16800
2019-09-12,11.93,17300,0.4(2.37 %),57480,986000000,0,0,16900,17500,16900
2019-09-13,11.86,17200,-0.1(-0.58 %),74780,1282000000,0,0,17300,17300,17000
2019-09-16,11.86,17200,0(0.00 %),78570,1352000000,0,0,17300,17300,17100
2019-09-17,12.07,17500,0.3(1.74 %),55200,964000000,0,0,17300,17900,17300
2019-09-18,12.07,17500,0(0.00 %),73290,1286000000,0,0,17700,17700,17400
2019-09-19,12.03,17450,-0.05(-0.29 %),13100,225000000,0,0,17400,17450,17000
2019-09-20,11.93,17300,-0.15(-0.86 %),41370,719000000,0,0,17450,17500,17250
2019-09-23,12.0,17400,0.1(0.58 %),37480,644000000,0,0,17000,17500,17000
2019-09-24,11.62,16850,-0.55(-3.16 %),37180,632000000,0,0,17000,17200,16850
2019-09-25,11.69,16950,0.1(0.59 %),8740,148000000,0,0,16850,17000,16850
2019-09-26,11.69,16950,0(0.00 %),30990,526000000,0,0,16950,17100,16950
2019-09-27,11.48,16650,-0.3(-1.77 %),24840,417000000,0,0,16900,16950,16650
2019-09-30,11.1,16100,-0.55(-3.30 %),40950,664000000,0,0,16650,16650,16100
2019-10-01,10.79,15650,-0.45(-2.80 %),48640,770000000,0,0,16100,16700,15650
2019-10-02,10.76,15600,-0.05(-0.32 %),29610,466000000,0,0,16000,16000,15500
2019-10-03,11.38,16500,0.9(5.77 %),26360,432000000,0,0,15850,16650,15700
2019-10-04,11.38,16500,0(0.00 %),5740,94000000,0,0,16500,16600,16100
2019-10-07,11.17,16200,-0.3(-1.82 %),14720,240000000,0,0,16400,16600,16200
2019-10-08,11.17,16200,0(0.00 %),7020,113000000,0,0,16800,16800,15900
2019-10-09,11.1,16100,-0.1(-0.62 %),15080,239000000,0,0,16300,16300,15700
2019-10-10,11.31,16400,0.3(1.86 %),16300,264000000,0,0,16000,16400,15950
2019-10-11,10.97,15900,-0.5(-3.05 %),12530,200000000,0,0,16600,16600,15900
2019-10-14,10.97,15900,0(0.00 %),9010,144000000,0,0,16000,16000,15900
2019-10-15,10.9,15800,-0.1(-0.63 %),5640,90000000,0,0,16300,16300,15800
2019-10-16,10.93,15850,0.05(0.32 %),10010,158000000,0,0,15850,15850,15800
2019-10-17,11.03,16000,0.15(0.95 %),3670,58000000,0,0,15900,16000,15750
2019-10-18,10.93,15850,-0.15(-0.94 %),12350,197000000,0,0,16000,16300,15850
2019-10-21,10.93,15850,0(0.00 %),6590,104000000,0,0,15850,15900,15800
2019-10-22,10.9,15800,-0.05(-0.32 %),1860,29000000,0,0,15800,15800,15800
2019-10-23,10.9,15800,0(0.00 %),7000,111000000,0,0,15850,15850,15800
2019-10-24,10.97,15900,0.1(0.63 %),4530,72000000,0,0,15850,16000,15850
2019-10-25,11.03,16000,0.1(0.63 %),10840,174000000,0,0,16000,16250,15900
2019-10-28,11.1,16100,0.1(0.62 %),3860,62000000,0,0,16000,16500,16000
2019-10-29,11.1,16100,0(0.00 %),5390,87000000,0,0,16050,16300,16000
2019-10-30,10.97,15900,-0.2(-1.24 %),5220,83000000,0,0,16350,16350,15900
2019-10-31,11.03,16000,0.1(0.63 %),11090,172000000,0,0,15700,16000,15500
2019-11-01,11.03,16000,0(0.00 %),6870,109000000,0,0,16000,16000,15600
2019-11-04,10.9,15800,-0.2(-1.25 %),18250,287000000,0,0,15800,15900,15600
2019-11-05,11.03,16000,0.2(1.27 %),4230,66000000,0,0,15650,16000,15650
2019-11-06,10.83,15700,-0.3(-1.88 %),9970,157000000,0,0,16000,16200,15700
2019-11-07,11.38,16500,0.8(5.10 %),14440,234000000,0,0,16150,16500,15650
2019-11-08,11.38,16500,0(0.00 %),1510,25000000,0,0,16750,16750,16200
2019-11-11,11.38,16500,0(0.00 %),10450,170000000,0,0,16150,16500,16100
2019-11-12,11.38,16500,0(0.00 %),5190,86000000,0,0,15800,16500,15800
2019-11-13,11.34,16450,-0.05(-0.30 %),3520,58000000,0,0,16700,16700,16200
2019-11-14,11.17,16200,-0.25(-1.52 %),5390,87000000,0,0,16700,16700,16200
2019-11-15,11.45,16600,0.4(2.47 %),26500,433000000,0,0,16500,16600,16200
2019-11-18,11.17,16200,-0.4(-2.41 %),2320,38000000,0,0,16600,16600,16200
2019-11-19,11.38,16500,0.3(1.85 %),32400,548000000,0,0,17000,17000,16500
2019-11-20,11.38,16500,0(0.00 %),3290,54000000,0,0,16500,16500,16500
2019-11-21,11.38,16500,0(0.00 %),43470,717000000,0,0,16500,16500,16400
2019-11-22,11.17,16200,-0.3(-1.82 %),32830,535000000,0,0,16400,16400,16100
2019-11-25,11.03,16000,-0.2(-1.23 %),5080,81000000,0,0,16200,16200,16000
2019-11-26,11.03,16000,0(0.00 %),10370,166000000,0,0,16000,16450,16000
2019-11-27,11.03,16000,0(0.00 %),1000,16000000,0,0,16000,16000,16000
2019-11-28,11.03,16000,0(0.00 %),2500,40000000,0,0,16000,16000,16000
2019-11-29,11.52,16700,0.7(4.38 %),3010,48000000,0,0,16000,16700,15800
2019-12-02,10.9,15800,-0.9(-5.39 %),4770,75000000,0,0,15800,15800,15800
2019-12-03,10.97,15900,0.1(0.63 %),2100,33000000,0,0,15800,15900,15800
2019-12-04,10.97,15900,0(0.00 %),0,0,0,0,15900,15900,15900
2019-12-05,11.0,15950,0.05(0.31 %),3340,53000000,0,0,16000,16000,15800
2019-12-06,11.0,15950,0(0.00 %),0,0,0,0,15950,15950,15950
2019-12-09,10.97,15900,-0.05(-0.31 %),6130,98000000,0,0,16000,16000,15900
2019-12-10,11.1,16100,0.2(1.26 %),19000,302000000,0,0,15900,16100,15800
2019-12-11,11.1,16100,0(0.00 %),4640,74000000,0,0,16000,16100,15900
2019-12-12,11.17,16200,0.1(0.62 %),43120,694000000,0,0,16000,16200,16000
2019-12-13,11.1,16100,-0.1(-0.62 %),680,11000000,0,0,16200,16200,16100
2019-12-16,10.9,15800,-0.3(-1.86 %),1900,30000000,0,0,16950,16950,15800
2019-12-17,10.9,15800,0(0.00 %),200,3000000,0,0,15800,15800,15800
2019-12-18,10.9,15800,0(0.00 %),20300,322000000,0,0,16000,16000,15800
2019-12-19,10.9,15800,0(0.00 %),32540,517000000,0,0,15800,16000,15800
2019-12-20,11.38,16500,0.7(4.43 %),13210,209000000,0,0,15800,16500,15800
2019-12-23,11.38,16500,0(0.00 %),0,0,0,0,16500,16500,16500
2019-12-24,11.17,16200,-0.3(-1.82 %),3000,48000000,0,0,15900,16200,15800
2019-12-25,11.38,16500,0.3(1.85 %),1650,26000000,0,0,15800,16500,15800
2019-12-26,11.38,16500,0(0.00 %),150130,2477000000,0,0,16500,17000,16500
2019-12-27,10.97,15900,-0.6(-3.64 %),4500,72000000,0,0,15900,15900,15900
2019-12-30,10.97,15900,0(0.00 %),610,10000000,0,0,15900,15900,15900
2019-12-31,11.72,17000,1.1(6.92 %),238390,3987000000,0,0,16400,17000,16200
2020-01-02,11.79,17100,0.1(0.59 %),35160,598000000,0,0,16700,17100,16700
2020-01-03,11.79,17100,0(0.00 %),3690,63000000,0,0,17100,17100,16600
2020-01-06,11.38,16500,-0.6(-3.51 %),8240,135000000,0,0,17100,17100,16000
2020-01-07,11.38,16500,0(0.00 %),13550,229000000,0,0,16500,17000,16500
2020-01-08,11.38,16500,0(0.00 %),16600,274000000,0,0,16500,16500,16500
2020-01-09,11.38,16500,0(0.00 %),4980,82000000,0,0,16500,16500,16400
2020-01-10,11.38,16500,0(0.00 %),0,0,0,0,16500,16500,16500
2020-01-13,11.34,16450,-0.05(-0.30 %),15730,259000000,0,0,16050,16500,16050
2020-01-14,11.59,16800,0.35(2.13 %),1230,20000000,0,0,16400,16800,16400
2020-01-15,11.59,16800,0(0.00 %),0,0,0,0,16800,16800,16800
2020-01-16,11.72,17000,0.2(1.19 %),130,2000000,0,0,16400,17000,16400
2020-01-17,11.45,16600,-0.4(-2.35 %),11390,190000000,0,0,16700,16900,16500
2020-01-20,11.52,16700,0.1(0.60 %),10840,179000000,0,0,16700,16700,16500
2020-01-21,11.38,16500,-0.2(-1.20 %),5000,83000000,0,0,16500,16500,16500
2020-01-22,11.17,16200,-0.3(-1.82 %),9460,154000000,0,0,17300,17300,16200
2020-01-30,11.17,16200,0(0.00 %),10,0,0,0,16200,16200,16200
2020-01-31,10.9,15800,-0.4(-2.47 %),17280,277000000,0,0,16200,16200,15800
2020-02-03,11.1,16100,0.3(1.90 %),16610,264000000,0,0,16100,16200,14750
2020-02-04,11.03,16000,-0.1(-0.62 %),2070,34000000,0,0,16500,17150,16000
2020-02-05,11.52,16700,0.7(4.38 %),190,3000000,0,0,16000,16700,16000
2020-02-06,11.03,16000,-0.7(-4.19 %),1000,16000000,0,0,16000,16000,16000
2020-02-07,11.03,16000,0(0.00 %),7500,119000000,0,0,16000,16200,15800
2020-02-10,11.03,16000,0(0.00 %),24980,400000000,0,0,16000,16000,16000
2020-02-11,11.03,16000,0(0.00 %),10060,160000000,0,0,16000,16000,15800
2020-02-12,11.03,16000,0(0.00 %),5140,82000000,0,0,15900,16000,15800
2020-02-13,11.03,16000,0(0.00 %),14340,229000000,0,0,16000,16000,16000
2020-02-14,11.38,16500,0.5(3.12 %),120,2000000,0,0,16600,16600,15800
2020-02-17,11.03,16000,-0.5(-3.03 %),8000,128000000,0,0,16500,16500,16000
2020-02-18,11.03,16000,0(0.00 %),11600,186000000,0,0,16200,16200,16000
2020-02-19,11.38,16500,0.5(3.12 %),8020,128000000,0,0,15850,16500,15850
2020-02-20,11.03,16000,-0.5(-3.03 %),28190,449000000,0,0,16000,16000,15800
2020-02-21,11.03,16000,0(0.00 %),26760,428000000,0,0,16000,16000,16000
2020-02-24,11.03,16000,0(0.00 %),11930,190000000,0,0,16000,16000,15800
2020-02-25,11.03,16000,0(0.00 %),6510,104000000,0,0,16000,16000,15800
2020-02-26,10.69,15500,-0.5(-3.12 %),10770,167000000,0,0,15550,15700,15500
2020-02-27,10.69,15500,0(0.00 %),1080,17000000,0,0,16000,16000,15100
2020-02-28,10.69,15500,0(0.00 %),0,0,0,0,15500,15500,15500
2020-03-02,11.03,16000,0.5(3.23 %),10,0,0,0,16000,16000,16000
2020-03-03,10.69,15500,-0.5(-3.12 %),7140,111000000,0,0,15500,15500,15500
2020-03-04,10.69,15500,0(0.00 %),0,0,0,0,15500,15500,15500
2020-03-05,10.34,15000,-0.5(-3.23 %),11750,178000000,0,0,15200,15200,15000
2020-03-06,10.97,15900,0.9(6.00 %),6350,94000000,0,0,15000,15900,14800
2020-03-09,10.21,14800,-1.1(-6.92 %),52320,779000000,0,0,15000,15000,14800
2020-03-10,10.86,15750,0.95(6.42 %),5750,88000000,0,0,14800,15750,14800
2020-03-11,10.34,15000,-0.75(-4.76 %),2810,42000000,0,0,16000,16000,15000
2020-03-12,9.66,14000,-1(-6.67 %),45840,665000000,0,0,15000,15000,13950
2020-03-13,9.24,13400,-0.6(-4.29 %),40320,539000000,0,0,13100,13500,13050
2020-03-16,9.24,13400,0(0.00 %),9130,123000000,0,0,13400,13500,13400
2020-03-17,9.24,13400,0(0.00 %),320,4000000,0,0,13400,13500,13400
2020-03-18,9.31,13500,0.1(0.75 %),3250,44000000,0,0,13400,13500,13200
2020-03-19,9.31,13500,0(0.00 %),2240,29000000,0,0,12600,13500,12600
2020-03-20,9.93,14400,0.9(6.67 %),70,1000000,0,0,12700,14400,12700
2020-03-23,9.24,13400,-1(-6.94 %),130,2000000,0,0,14200,14200,13400
2020-03-24,9.24,13400,0(0.00 %),150,2000000,0,0,12500,13400,12500
2020-03-25,8.69,12600,-0.8(-5.97 %),5000,63000000,0,0,12600,12600,12600
2020-03-26,9.28,13450,0.85(6.75 %),1610,20000000,0,0,12600,13450,12600
2020-03-27,9.28,13450,0(0.00 %),60,1000000,0,0,13900,13900,13450
2020-03-30,8.66,12550,-0.9(-6.69 %),490,6000000,0,0,12550,12550,12550
2020-03-31,9.17,13300,0.75(5.98 %),1010,13000000,0,0,12550,13300,12550
2020-04-01,9.52,13800,0.5(3.76 %),210,3000000,0,0,13200,13800,13200
2020-04-03,9.24,12850,-1.5(-10.87 %),3160,39000000,0,0,12850,12850,12850
2020-04-06,9.17,12200,-0.1(-0.81 %),4500,55000000,0,0,12100,12200,12100
2020-04-07,9.54,12700,0.5(4.10 %),57320,734000000,0,0,12800,12800,12700
2020-04-08,9.77,13000,0.3(2.36 %),140,2000000,0,0,13500,13500,12000
2020-04-09,9.77,13000,0(0.00 %),10,0,0,0,13000,13000,13000
2020-04-10,9.77,13000,0(0.00 %),0,0,0,0,13000,13000,13000
2020-04-13,9.77,13000,0(0.00 %),550,7000000,0,0,12500,13000,12500
2020-04-14,9.77,13000,0(0.00 %),140,2000000,0,0,13000,13000,13000
2020-04-15,9.92,13200,0.2(1.54 %),8580,107000000,0,0,13000,13200,12400
2020-04-16,9.92,13200,0(0.00 %),450,6000000,0,0,13100,13500,13100
2020-04-17,10.29,13700,0.5(3.79 %),21090,284000000,0,0,13400,13700,13400
2020-04-20,10.29,13700,0(0.00 %),520,7000000,0,0,12800,13700,12800
2020-04-21,10.14,13500,-0.2(-1.46 %),2070,28000000,0,0,13500,13500,13400
2020-04-22,10.11,13450,-0.05(-0.37 %),1910,25000000,0,0,13000,13450,12700
2020-04-23,10.11,13450,0(0.00 %),1180,15000000,0,0,13450,13450,12550
2020-04-24,10.03,13350,-0.1(-0.74 %),17000,226000000,0,0,13250,13350,12800
2020-04-27,9.8,13050,-0.3(-2.25 %),650,9000000,0,0,13200,13450,13050
2020-04-28,9.84,13100,0.05(0.38 %),17430,228000000,0,0,13050,13200,12800
2020-04-29,10.44,13900,0.8(6.11 %),700,10000000,0,0,13900,13900,13900
2020-05-04,10.44,13900,0(0.00 %),0,0,0,0,13900,13900,13900
2020-05-05,10.14,13500,-0.4(-2.88 %),10,0,0,0,13500,13500,13500
2020-05-06,10.14,13500,0(0.00 %),0,0,0,0,13500,13500,13500
2020-05-07,10.14,13500,0(0.00 %),1000,14000000,0,0,13500,13500,13500
2020-05-08,9.69,12900,-0.6(-4.44 %),6900,91000000,0,0,13500,13500,12800
2020-05-11,9.99,13300,0.4(3.10 %),10,0,0,0,13300,13300,13300
2020-05-12,9.99,13300,0(0.00 %),8000,106000000,0,0,13300,13300,13300
2020-05-13,10.07,13400,0.1(0.75 %),3260,42000000,0,0,13000,13400,12800
2020-05-14,9.92,13200,-0.2(-1.49 %),20,0,0,0,13200,13200,13200
2020-05-15,9.92,13200,0(0.00 %),0,0,0,0,13200,13200,13200
2020-05-18,9.92,13200,0(0.00 %),920,11000000,0,0,12300,13200,12300
2020-05-19,9.88,13150,-0.05(-0.38 %),620,8000000,0,0,12300,13200,12300
2020-05-20,9.39,12500,-0.65(-4.94 %),750,9000000,0,0,12500,12500,12500
2020-05-21,9.43,12550,0.05(0.40 %),230,3000000,0,0,12500,12550,12500
2020-05-22,9.32,12400,-0.15(-1.20 %),570,7000000,0,0,12400,12950,12400
2020-05-25,9.88,13150,0.75(6.05 %),40,1000000,0,0,13150,13150,13150
2020-05-26,9.88,13150,0(0.00 %),0,0,0,0,13150,13150,13150
2020-05-27,9.88,13150,0(0.00 %),0,0,0,0,13150,13150,13150
2020-05-28,9.73,12950,-0.2(-1.52 %),340,4000000,0,0,12500,12950,12500
2020-05-29,9.73,12950,0(0.00 %),2050,27000000,0,0,12050,12950,12050
2020-06-01,9.73,12950,0(0.00 %),550,7000000,0,0,12950,12950,12950
2020-06-02,9.73,12950,0(0.00 %),0,0,0,0,12950,12950,12950
2020-06-03,9.69,12900,-0.05(-0.39 %),50,1000000,0,0,12200,12900,12200
2020-06-04,9.39,12500,-0.4(-3.10 %),1550,19000000,0,0,12000,12800,12000
2020-06-05,9.39,12500,0(0.00 %),0,0,0,0,12500,12500,12500
2020-06-08,9.69,12900,0.4(3.20 %),7010,85000000,0,0,12200,12900,11700
2020-06-09,9.65,12850,-0.05(-0.39 %),7020,90000000,0,0,12200,12850,12200
2020-06-10,9.47,12600,-0.25(-1.95 %),9600,120000000,0,0,12500,12800,12000
2020-06-11,9.54,12700,0.1(0.79 %),290,4000000,0,0,12600,12700,12100
2020-06-12,9.54,12700,0(0.00 %),0,0,0,0,12700,12700,12700
2020-06-15,9.5,12650,-0.05(-0.39 %),10,0,0,0,12650,12650,12650
2020-06-16,9.5,12650,0(0.00 %),0,0,0,0,12650,12650,12650
2020-06-17,9.5,12650,0(0.00 %),0,0,0,0,12650,12650,12650
2020-06-18,9.5,12650,0(0.00 %),0,0,0,0,12650,12650,12650
2020-06-19,9.47,12600,-0.05(-0.40 %),110,1000000,0,0,13400,13400,12600
2020-06-22,9.24,12300,-0.3(-2.38 %),590,7000000,0,0,13300,13300,11750
2020-06-23,9.32,12400,0.1(0.81 %),1510,19000000,0,0,12300,12400,12300
2020-06-24,9.54,12700,0.3(2.42 %),10,0,0,0,12700,12700,12700
2020-06-25,9.54,12700,0(0.00 %),50,1000000,0,0,12700,12700,12700
2020-06-26,9.39,12500,-0.2(-1.57 %),190,2000000,0,0,13500,13500,12500
2020-06-29,9.39,12500,0(0.00 %),10,0,0,0,12500,12500,12500
2020-06-30,9.62,12800,0.3(2.40 %),70,1000000,0,0,11650,12800,11650
2020-07-01,9.39,12500,-0.3(-2.34 %),3020,36000000,0,0,12000,12500,11950
2020-07-02,9.39,12500,0(0.00 %),0,0,0,0,12500,12500,12500
2020-07-03,9.39,12500,0(0.00 %),110,1000000,0,0,13100,13100,12500
2020-07-06,9.39,12500,0(0.00 %),12700,152000000,0,0,12000,12500,12000
2020-07-07,9.69,12900,0.4(3.20 %),6420,82000000,0,0,12500,13300,12500
2020-07-08,9.77,13000,0.1(0.78 %),6120,79000000,0,0,12950,13000,12600
2020-07-09,9.99,13300,0.3(2.31 %),2160,28000000,0,0,13000,13300,13000
2020-07-10,10.44,13900,0.6(4.51 %),9050,128000000,0,0,14100,14200,13000
2020-07-13,10.52,14000,0.1(0.72 %),2240,31000000,0,0,13650,14000,13650
2020-07-14,10.44,13900,-0.1(-0.71 %),3270,45000000,0,0,13700,13900,13700
2020-07-15,10.44,13900,0(0.00 %),14370,200000000,0,0,13900,14000,13800
2020-07-16,10.52,14000,0.1(0.72 %),4590,64000000,0,0,13900,14100,13900
2020-07-17,10.52,14000,0(0.00 %),2810,39000000,0,0,13500,14200,13500
2020-07-20,10.52,14000,0(0.00 %),5740,80000000,0,0,14000,14000,14000
2020-07-21,10.52,14000,0(0.00 %),7710,108000000,0,0,14000,14000,14000
2020-07-22,10.52,14000,0(0.00 %),27370,384000000,0,0,14000,14700,14000
2020-07-23,10.48,13950,-0.05(-0.36 %),8220,115000000,0,0,13900,13950,13900
2020-07-24,10.22,13600,-0.35(-2.51 %),19330,263000000,0,0,13800,13800,13500
2020-07-27,10.07,13400,-0.2(-1.47 %),12320,158000000,0,0,12900,13400,12800
2020-07-28,10.52,14000,0.6(4.48 %),1990,26000000,0,0,12700,14000,12700
2020-07-29,10.37,13800,-0.2(-1.43 %),60,1000000,0,0,13200,13800,13200
2020-07-30,10.52,14000,0.2(1.45 %),20840,291000000,0,0,14000,14000,13900
2020-07-31,10.52,14000,0(0.00 %),15680,219000000,0,0,13100,14000,13050
2020-08-03,10.59,14100,0.1(0.71 %),12300,173000000,0,0,14100,14100,14100
2020-08-04,10.67,14200,0.1(0.71 %),6370,90000000,0,0,14100,14200,14100
2020-08-05,10.67,14200,0(0.00 %),6850,97000000,0,0,14200,14200,14200
2020-08-06,11.04,14700,0.5(3.52 %),12370,179000000,0,0,14300,14700,14300
2020-08-07,11.27,15000,0.3(2.04 %),10,0,0,0,15000,15000,15000
2020-08-10,11.65,15500,0.5(3.33 %),19400,291000000,0,0,15000,15500,15000
2020-08-11,11.65,15500,0(0.00 %),0,0,0,0,15500,15500,15500
2020-08-12,11.87,15800,0.3(1.94 %),1000,16000000,0,0,15950,15950,15800
2020-08-13,11.35,15100,-0.7(-4.43 %),26780,404000000,0,0,15000,15100,15000
2020-08-14,11.27,15000,-0.1(-0.66 %),1030,15000000,0,0,15100,15100,14500
2020-08-17,11.19,14900,-0.1(-0.67 %),3620,55000000,0,0,14900,15500,14900
2020-08-18,11.8,15700,0.8(5.37 %),22040,331000000,0,0,15000,15700,15000
2020-08-19,11.87,15800,0.1(0.64 %),1460,24000000,0,0,16600,16600,14650
2020-08-20,12.02,16000,0.2(1.27 %),800,13000000,0,0,16200,16200,16000
2020-08-21,11.31,15050,-0.95(-5.94 %),3420,51000000,0,0,14900,15050,14900
2020-08-24,11.65,15500,0.45(2.99 %),330,5000000,0,0,14250,15500,14250
2020-08-25,11.42,15200,-0.3(-1.94 %),15870,244000000,0,0,15800,15800,15000
2020-08-26,11.42,15200,0(0.00 %),0,0,0,0,15200,15200,15200
2020-08-27,11.53,15350,0.15(0.99 %),2380,36000000,0,0,15000,15350,15000
2020-08-28,11.53,15350,0(0.00 %),30,0,0,0,15350,15350,15350
2020-08-31,11.53,15350,0(0.00 %),210,3000000,0,0,15000,15350,15000
2020-09-01,11.53,15350,0(0.00 %),200,3000000,0,0,15350,15350,15350
2020-09-03,11.53,15350,0(0.00 %),0,0,0,0,15350,15350,15350
2020-09-04,11.53,15350,0(0.00 %),0,0,0,0,15350,15350,15350
2020-09-07,11.53,15350,0(0.00 %),0,0,0,0,15350,15350,15350
2020-09-08,11.53,15350,0(0.00 %),0,0,0,0,15350,15350,15350
2020-09-09,10.74,14300,-1.05(-6.84 %),710,10000000,0,0,14300,15350,14300
2020-09-10,10.89,14500,0.2(1.40 %),30050,435000000,0,0,13300,14500,13300
2020-09-11,11.53,15350,0.85(5.86 %),110,2000000,0,0,14500,15350,14500
2020-09-14,11.27,15000,-0.35(-2.28 %),4800,73000000,0,0,15300,15300,15000
2020-09-15,11.42,15200,0.2(1.33 %),6950,104000000,0,0,15300,15300,14900
2020-09-16,11.42,15200,0(0.00 %),0,0,0,0,15200,15200,15200
2020-09-17,11.27,15000,-0.2(-1.32 %),730,11000000,0,0,14500,15000,14500
2020-09-18,11.27,15000,0(0.00 %),0,0,0,0,15000,15000,15000
2020-09-21,11.27,15000,0(0.00 %),0,0,0,0,15000,15000,15000
2020-09-22,11.16,14850,-0.15(-1.00 %),50,1000000,0,0,14400,14850,14000
2020-09-23,11.16,14850,0(0.00 %),6150,92000000,0,0,15000,15000,14850
2020-09-24,11.23,14950,0.1(0.67 %),2670,40000000,0,0,15050,15050,14500
2020-09-25,11.42,15200,0.25(1.67 %),640,9000000,0,0,14500,15200,14500
2020-09-28,10.97,14600,-0.6(-3.95 %),1010,15000000,0,0,15200,15200,14600
2020-09-29,10.74,14300,-0.3(-2.05 %),4510,65000000,0,0,14600,14600,14300
2020-09-30,11.27,15000,0.7(4.90 %),10,0,0,0,15000,15000,15000
2020-10-01,11.27,15000,0(0.00 %),740,11000000,0,0,14200,15000,14100
2020-10-02,11.27,15000,0(0.00 %),570,9000000,0,0,15000,15000,15000
2020-10-05,11.35,15100,0.1(0.67 %),1020,15000000,0,0,14400,15100,14300
2020-10-06,11.35,15100,0(0.00 %),10,0,0,0,15100,15100,15100
2020-10-07,11.23,14950,-0.15(-0.99 %),2270,33000000,0,0,14400,14950,14400
2020-10-08,11.23,14950,0(0.00 %),0,0,0,0,14950,14950,14950
2020-10-09,11.23,14950,0(0.00 %),1000,15000000,0,0,14950,14950,14950
2020-10-12,11.27,15000,0.05(0.33 %),5060,77000000,0,0,15100,15500,15000
2020-10-13,11.27,15000,0(0.00 %),0,0,0,0,15000,15000,15000
2020-10-14,11.27,15000,0(0.00 %),0,0,0,0,15000,15000,15000
2020-10-15,11.12,14800,-0.2(-1.33 %),1290,19000000,0,0,14500,14800,14500
2020-10-16,11.12,14800,0(0.00 %),0,0,0,0,14800,14800,14800
2020-10-19,11.27,15000,0.2(1.35 %),1100,17000000,0,0,15000,15000,15000
2020-10-20,11.27,15000,0(0.00 %),2700,41000000,0,0,15000,15200,15000
2020-10-21,11.19,14900,-0.1(-0.67 %),6970,104000000,0,0,15000,15000,14900
2020-10-22,11.19,14900,0(0.00 %),0,0,0,0,14900,14900,14900
2020-10-23,11.27,15000,0.1(0.67 %),1410,21000000,0,0,14900,15000,14900
2020-10-26,11.27,15000,0(0.00 %),0,0,0,0,15000,15000,15000
2020-10-27,11.23,14950,-0.05(-0.33 %),520,8000000,0,0,14800,14950,14200
2020-10-28,11.27,15000,0.05(0.33 %),220,3000000,0,0,15200,15200,15000
2020-10-29,11.12,14800,-0.2(-1.33 %),510,8000000,0,0,15000,15000,14800
2020-10-30,11.53,13950,-0.85(-5.74 %),890,12000000,0,0,14000,14000,13750
2020-11-02,11.41,13800,-0.15(-1.08 %),690,9000000,0,0,13950,13950,13100
2020-11-03,11.57,14000,0.2(1.45 %),10,0,0,0,14000,14000,14000
2020-11-04,11.32,13700,-0.3(-2.14 %),1260,17000000,0,0,13800,13800,13650
2020-11-05,11.94,14450,0.75(5.47 %),5460,75000000,0,0,13700,14450,13700
2020-11-06,11.9,14400,-0.05(-0.35 %),3110,44000000,0,0,14450,14450,14000
2020-11-09,12.07,14600,0.2(1.39 %),14300,207000000,0,0,14450,14600,14400
2020-11-10,11.94,14450,-0.15(-1.03 %),14650,211000000,0,0,14200,14450,14200
2020-11-11,11.94,14450,0(0.00 %),20720,299000000,0,0,14450,14450,14450
2020-11-12,11.9,14400,-0.05(-0.35 %),17470,252000000,0,0,14400,14450,14400
2020-11-13,11.9,14400,0(0.00 %),0,0,0,0,14400,14400,14400
2020-11-16,11.9,14400,0(0.00 %),140,2000000,0,0,14400,14400,14400
2020-11-17,11.9,14400,0(0.00 %),5300,77000000,0,0,14400,14500,14400
2020-11-18,11.9,14400,0(0.00 %),50,1000000,0,0,14400,14400,14400
2020-11-19,11.82,14300,-0.1(-0.69 %),31320,451000000,0,0,14400,14400,14300
2020-11-20,12.02,14550,0.25(1.75 %),15080,216000000,0,0,14300,14550,14300
2020-11-23,12.23,14800,0.25(1.72 %),10,0,0,0,14800,14800,14800
2020-11-24,12.23,14800,0(0.00 %),7350,108000000,0,0,14700,14800,14700
2020-11-25,12.23,14800,0(0.00 %),30500,449000000,0,0,14800,14800,14700
2020-11-26,12.23,14800,0(0.00 %),1760,26000000,0,0,14800,14800,14700
2020-11-27,12.31,14900,0.1(0.68 %),7750,115000000,0,0,14800,14900,14800
2020-11-30,12.56,15200,0.3(2.01 %),31680,476000000,0,0,14900,15200,14900
2020-12-01,12.73,15400,0.2(1.32 %),14890,228000000,0,0,15200,15400,15200
2020-12-02,12.81,15500,0.1(0.65 %),90,1000000,0,0,15100,15500,15100
2020-12-03,12.98,15700,0.2(1.29 %),52160,823000000,0,0,15500,15800,15500
2020-12-04,12.98,15700,0(0.00 %),10740,170000000,0,0,15700,15900,15700
2020-12-07,12.98,15700,0(0.00 %),16810,264000000,0,0,15700,16500,15500
2020-12-08,13.18,15950,0.25(1.59 %),1020,16000000,0,0,15700,15950,15700
2020-12-09,12.89,15600,-0.35(-2.19 %),17510,280000000,0,0,15900,16600,15600
2020-12-10,12.56,15200,-0.4(-2.56 %),14550,221000000,0,0,15600,15600,15000
2020-12-11,12.73,15400,0.2(1.32 %),3890,59000000,0,0,15200,15400,15000
2020-12-14,12.56,15200,-0.2(-1.30 %),7320,111000000,0,0,15400,15400,15200
2020-12-15,12.89,15600,0.4(2.63 %),7750,116000000,0,0,15000,15600,15000
2020-12-16,12.81,15500,-0.1(-0.64 %),2790,42000000,0,0,14700,15600,14700
2020-12-17,12.81,15500,0(0.00 %),0,0,0,0,15500,15500,15500
2020-12-18,12.4,15000,-0.5(-3.23 %),5000,75000000,0,0,15450,15500,15000
2020-12-21,12.81,15500,0.5(3.33 %),2620,40000000,0,0,14900,15500,14900
2020-12-22,12.81,15500,0(0.00 %),1480,22000000,0,0,15000,15500,15000
2020-12-23,12.81,15500,0(0.00 %),10310,155000000,0,0,15050,15500,15050
2020-12-24,13.18,15950,0.45(2.90 %),1530,23000000,0,0,15100,16000,15100
2020-12-25,13.1,15850,-0.1(-0.63 %),16060,245000000,0,0,15950,15950,15000
2020-12-28,12.56,15200,-0.65(-4.10 %),4300,65000000,0,0,15100,15250,15100
2020-12-29,12.81,15500,0.3(1.97 %),4700,71000000,0,0,15700,15700,15150
2020-12-31,12.69,15350,0(0.00 %),27460,417000000,0,0,15100,15350,14900
2021-01-04,12.69,15350,0(0.00 %),1800,28000000,0,0,15350,15350,15250
2021-01-05,12.89,15600,0.25(1.63 %),46800,756000000,0,0,15200,16400,15200
2021-01-06,13.76,16650,1.05(6.73 %),267800,4439000000,0,0,15650,16650,15600
2021-01-07,14.71,17800,1.15(6.91 %),164800,2933000000,0,0,17800,17800,17800
2021-01-08,15.7,19000,1.2(6.74 %),111100,2111000000,0,0,19000,19000,19000
2021-01-11,15.7,19000,0(0.00 %),64700,1234000000,0,0,19500,19500,18900
2021-01-12,15.21,18400,-0.6(-3.16 %),75200,1380000000,0,0,17800,18900,17700
2021-01-13,15.37,18600,0.2(1.09 %),147000,2656000000,0,0,18000,18800,17600
2021-01-14,15.7,19000,0.4(2.15 %),77700,1448000000,0,0,18200,19000,17900
2021-01-15,15.29,18500,-0.5(-2.63 %),45800,845000000,0,0,18500,19200,18100
2021-01-18,15.12,18300,-0.2(-1.08 %),54700,1020000000,0,0,18800,19400,18000
2021-01-19,14.79,17900,-0.4(-2.19 %),60300,1090000000,0,0,18300,18500,17050
2021-01-20,14.3,17300,-0.6(-3.35 %),29100,501000000,0,0,17900,17900,16800
2021-01-21,14.55,17600,0.3(1.73 %),43000,749000000,0,0,17500,17600,17300
2021-01-22,15.54,18800,1.2(6.82 %),133600,2471000000,0,0,17600,18800,17600
2021-01-25,16.61,20100,1.3(6.91 %),315600,6334000000,0,0,20100,20100,19500
2021-01-26,16.03,19400,-0.7(-3.48 %),97300,1970000000,0,0,21000,21100,19100
2021-01-27,15.37,18600,-0.8(-4.12 %),55800,1066000000,0,0,20000,20000,18250
2021-01-28,14.3,17300,-1.3(-6.99 %),102800,1815000000,0,0,17500,18000,17300
2021-01-29,14.05,17000,-0.3(-1.73 %),192800,3218000000,0,0,16200,17100,16200
2021-02-01,13.8,16700,-0.3(-1.76 %),14600,246000000,0,0,16700,17500,16300
2021-02-02,12.85,15550,-1.15(-6.89 %),90400,1412000000,0,0,16200,16900,15550
2021-02-03,12.81,15500,-0.05(-0.32 %),249600,3686000000,0,0,15100,16000,14500
2021-02-04,12.31,14900,-0.6(-3.87 %),48900,740000000,0,0,15500,16000,14900
2021-02-05,13.14,15900,1(6.71 %),79100,1238000000,0,0,15500,15900,15000
2021-02-08,13.6,16450,0.55(3.46 %),153500,2558000000,0,0,15900,17000,15900
2021-02-09,13.39,16200,-0.25(-1.52 %),55200,903000000,0,0,16450,16650,16200
2021-02-17,14.05,17000,0.8(4.94 %),63600,1021000000,0,0,15900,17300,15300
2021-02-18,13.55,16400,-0.6(-3.53 %),42900,711000000,0,0,17000,17000,16400
2021-02-19,13.72,16600,0.2(1.22 %),30200,498000000,0,0,16300,16600,16300
2021-02-22,14.05,17000,0.4(2.41 %),83000,1409000000,0,0,16600,17400,16600
2021-02-23,13.88,16800,-0.2(-1.18 %),102900,1759000000,0,0,17450,17450,16800
2021-02-24,13.22,16000,-0.8(-4.76 %),44700,741000000,0,0,16800,17100,16000
2021-02-25,13.55,16400,0.4(2.50 %),94300,1523000000,0,0,16100,16500,16000
2021-02-26,13.26,16050,-0.35(-2.13 %),42300,684000000,0,0,16400,16400,16000
2021-03-01,13.39,16200,0.15(0.93 %),100600,1599000000,0,0,16050,16400,14950
2021-03-02,13.47,16300,0.1(0.62 %),45700,744000000,0,0,16200,16400,16200
2021-03-03,13.22,16000,-0.3(-1.84 %),157800,2542000000,0,0,16300,16350,15900
2021-03-04,13.1,15850,-0.15(-0.94 %),110000,1743000000,0,0,16000,16100,15600
2021-03-05,13.8,16700,0.85(5.36 %),77700,1252000000,0,0,15800,16700,15800
2021-03-08,14.3,17300,0.6(3.59 %),124000,2134000000,0,0,16800,17400,16800
2021-03-09,14.71,17800,0.5(2.89 %),99300,1720000000,0,0,17300,17900,17000
2021-03-10,14.42,17450,-0.35(-1.97 %),42300,747000000,0,0,18000,18000,17000
2021-03-11,13.88,16800,-0.65(-3.72 %),34700,583000000,0,0,17450,17450,16400
2021-03-12,14.05,17000,0.2(1.19 %),62900,1067000000,0,0,16800,17200,16800
2021-03-15,14.38,17400,0.4(2.35 %),86600,1509000000,0,0,17000,17600,17000
2021-03-16,14.46,17500,0.1(0.57 %),72200,1257000000,0,0,17400,17550,17200
2021-03-17,14.88,18000,0.35(1.98 %),168100,3020000000,0,0,17650,18300,17600
2021-03-18,15.04,18200,0.2(1.11 %),78900,1423000000,0,0,18000,18300,17900
2021-03-19,15.12,18300,0.1(0.55 %),82100,1500000000,0,0,18200,18400,18200
2021-03-22,15.17,18350,0.05(0.27 %),128900,2383000000,0,0,18500,18700,18350
2021-03-23,14.59,17650,-0.7(-3.81 %),91600,1649000000,0,0,18350,18450,17600
2021-03-24,14.05,17000,-0.65(-3.68 %),100700,1726000000,0,0,17050,17500,16900
2021-03-25,14.22,17200,0.2(1.18 %),43200,738000000,0,0,17000,17400,16900
2021-03-26,13.72,16600,-0.6(-3.49 %),29600,498000000,0,0,17000,17000,16500
2021-03-29,14.3,17300,0.7(4.22 %),120600,2052000000,0,0,16600,17300,16600
2021-03-30,14.38,17400,0.1(0.58 %),40800,709000000,0,0,17050,17450,17050
2021-03-31,14.38,17400,0(0.00 %),81700,1421000000,0,0,17400,17500,17000
2021-04-01,14.71,17800,0.4(2.30 %),97800,1741000000,0,0,17450,17950,17450
2021-04-02,14.55,17600,-0.2(-1.12 %),10000,176000000,0,0,17800,17800,17500
2021-04-05,14.38,17400,-0.2(-1.14 %),42500,748000000,0,0,17600,17650,17400
2021-04-06,14.05,17000,-0.4(-2.30 %),34100,587000000,0,0,17400,17450,16650
2021-04-07,14.09,17050,0.05(0.29 %),30000,516000000,0,0,17000,17450,17000
2021-04-08,14.22,17200,0.15(0.88 %),36800,635000000,0,0,17050,17400,17050
2021-04-09,14.71,17800,0.6(3.49 %),83600,1466000000,0,0,17400,17850,17300
2021-04-12,14.63,17700,-0.1(-0.56 %),112400,1989000000,0,0,17800,18000,17400
2021-04-13,14.13,17100,-0.6(-3.39 %),52900,906000000,0,0,17700,17850,17000
2021-04-14,14.13,17100,0(0.00 %),66600,1133000000,0,0,17100,17600,16800
2021-04-15,13.84,16750,-0.35(-2.05 %),69200,1174000000,0,0,17050,17950,16750
2021-04-16,13.39,16200,-0.55(-3.28 %),85800,1402000000,0,0,16750,17200,15800
2021-04-19,13.39,16200,0(0.00 %),27700,448000000,0,0,16200,16300,16050
2021-04-20,13.26,16050,-0.15(-0.93 %),39700,645000000,0,0,16400,16550,16050
2021-04-22,12.81,15500,-0.55(-3.43 %),47000,750000000,0,0,16050,16250,15500
2021-04-23,13.14,15900,0.4(2.58 %),52300,813000000,0,0,15500,15900,15100
2021-04-26,13.22,16000,0.1(0.63 %),68000,1086000000,0,0,16000,16200,15100
2021-04-27,12.89,15600,-0.4(-2.50 %),22600,354000000,0,0,16000,16000,15600
2021-04-28,12.93,15650,0.05(0.32 %),11800,186000000,0,0,15650,16000,15600
2021-04-29,12.89,15600,-0.05(-0.32 %),7100,111000000,0,0,15650,15700,15600
2021-05-04,12.81,15500,-0.1(-0.64 %),11400,173000000,0,0,15100,15600,15100
2021-05-05,12.89,15600,0.1(0.65 %),94800,1464000000,0,0,15400,15600,15300
2021-05-06,12.93,15650,0.05(0.32 %),50800,797000000,0,0,15650,15800,15600
2021-05-07,12.98,15700,0.05(0.32 %),31100,499000000,0,0,15900,16400,15650
2021-05-10,12.81,15500,-0.2(-1.27 %),20500,316000000,0,0,15700,15700,15250
2021-05-11,12.85,15550,0.05(0.32 %),16200,253000000,0,0,15500,16100,15500
2021-05-12,12.77,15450,-0.1(-0.64 %),15000,233000000,0,0,15850,15850,15400
2021-05-13,12.6,15250,-0.2(-1.29 %),28100,430000000,0,0,15250,15350,15250
2021-05-14,12.56,15200,-0.05(-0.33 %),44200,663000000,0,0,15250,15300,14800
2021-05-17,12.56,15200,0(0.00 %),13100,196000000,0,0,15200,15200,14850
2021-05-18,12.15,14700,-0.5(-3.29 %),21900,322000000,0,0,14900,15150,14600
2021-05-19,11.82,14300,-0.4(-2.72 %),23300,335000000,0,0,14200,14700,14200
2021-05-20,11.57,14000,-0.3(-2.10 %),28000,391000000,0,0,14300,14300,13500
2021-05-21,11.57,14000,0(0.00 %),47900,663000000,0,0,14000,14400,13200
2021-05-24,11.82,14300,0.3(2.14 %),23000,331000000,0,0,14000,14600,14000
2021-05-25,11.9,14400,0.1(0.70 %),34500,497000000,0,0,14800,14800,14300
2021-05-26,11.78,14250,-0.15(-1.04 %),16400,234000000,0,0,14400,14900,14100
2021-05-27,11.49,13900,-0.35(-2.46 %),19500,273000000,0,0,14050,14200,13900
2021-05-28,11.57,14000,0.1(0.72 %),33600,470000000,0,0,13900,14100,13800
2021-05-31,11.74,14200,0.2(1.43 %),29800,415000000,0,0,14000,14200,13700
2021-06-01,12.4,15000,0.8(5.63 %),123600,1810000000,0,0,14300,15100,14300
2021-06-02,12.4,15000,0(0.00 %),94700,1436000000,0,0,15500,15500,15000
2021-06-03,12.07,14600,-0.4(-2.67 %),71400,1044000000,0,0,15000,15000,14500
2021-06-04,12.07,14600,0(0.00 %),53600,774000000,0,0,14200,15000,14200
2021-06-07,11.82,14300,-0.3(-2.05 %),27400,394000000,0,0,14600,14600,14150
2021-06-08,11.57,14000,-0.3(-2.10 %),13900,198000000,0,0,14500,14500,14000
2021-06-09,11.65,14100,0.1(0.71 %),44500,615000000,0,0,13800,14100,13700
2021-06-10,11.49,13900,-0.2(-1.42 %),24300,336000000,0,0,14100,14100,13700
2021-06-11,11.82,14300,0.4(2.88 %),16700,233000000,0,0,13700,14300,13700
2021-06-14,11.65,14100,-0.2(-1.40 %),58600,823000000,0,0,14150,14200,14000
2021-06-15,11.74,14200,0.1(0.71 %),45400,641000000,0,0,14200,14200,14000
2021-06-16,11.61,14050,-0.15(-1.06 %),93800,1332000000,0,0,14100,14450,14000
2021-06-17,12.4,15000,0.95(6.76 %),217000,3205000000,0,0,14200,15000,14150
2021-06-18,12.36,14950,-0.05(-0.33 %),109400,1657000000,0,0,15000,15400,14900
2021-06-21,12.31,14900,-0.05(-0.33 %),33800,501000000,0,0,15000,15000,14700
2021-06-22,12.36,14950,0.05(0.34 %),67700,1010000000,0,0,14900,15100,14800
2021-06-23,12.19,14750,-0.2(-1.34 %),80200,1183000000,0,0,15100,15100,14600
2021-06-24,12.02,14550,-0.2(-1.36 %),29700,433000000,0,0,14500,14700,14450
2021-06-25,12.19,14750,0.2(1.37 %),26500,384000000,0,0,14500,14750,14400
2021-06-28,12.07,14600,-0.15(-1.02 %),14600,213000000,0,0,14850,14850,14450
2021-06-29,12.15,14700,0.1(0.68 %),38200,562000000,0,0,14850,14900,14650
2021-06-30,12.19,14750,0.05(0.34 %),15600,227000000,0,0,14600,14750,14500
2021-07-01,12.48,15100,0.35(2.37 %),74000,1101000000,0,0,14750,15100,14600
2021-07-02,12.4,15000,-0.1(-0.66 %),81400,1229000000,0,0,15100,15200,15000
2021-07-05,12.15,14700,-0.3(-2.00 %),39700,585000000,0,0,15000,15000,14600
2021-07-06,11.61,14050,-0.65(-4.42 %),37600,541000000,0,0,14700,14750,14000
2021-07-07,11.32,13700,-0.35(-2.49 %),79900,1096000000,0,0,14050,14050,13500
2021-07-08,11.32,13700,0(0.00 %),20200,278000000,0,0,13700,13850,13700
2021-07-09,11.32,13700,0(0.00 %),6200,84000000,0,0,13700,13750,13700
2021-07-12,10.91,13200,-0.5(-3.65 %),32400,430000000,0,0,13500,13550,13200
2021-07-13,11.32,13700,0.5(3.79 %),8100,108000000,0,0,13200,13700,13200
2021-07-14,10.99,13300,-0.4(-2.92 %),3400,45000000,0,0,13250,13300,13250
2021-07-15,11.03,13350,0.05(0.38 %),9800,130000000,0,0,13400,13400,13300
2021-07-16,11.24,13600,0.25(1.87 %),5600,74000000,0,0,13350,13600,13200
2021-07-19,10.45,12650,-0.95(-6.99 %),25000,321000000,0,0,13000,13000,12650
2021-07-20,10.58,12800,0.15(1.19 %),28200,354000000,0,0,12650,12800,12000
2021-07-21,10.41,12600,-0.2(-1.56 %),2400,30000000,0,0,12450,12700,12400
2021-07-22,10.74,13000,0.4(3.17 %),11100,140000000,0,0,12600,13000,12600
2021-07-23,10.5,12700,-0.3(-2.31 %),6700,85000000,0,0,13000,13000,12700
2021-07-26,10.54,12750,0.05(0.39 %),2200,27000000,0,0,12900,12900,12200
2021-07-27,10.58,12800,0.05(0.39 %),7000,90000000,0,0,13000,13050,12800
2021-07-28,10.66,12900,0.1(0.78 %),700,9000000,0,0,12800,13000,12800
2021-07-29,10.41,12600,-0.3(-2.33 %),2200,27000000,0,0,12900,12900,12500
2021-07-30,10.58,12800,0.2(1.59 %),17600,224000000,0,0,12600,13300,12600
2021-08-02,10.83,13100,0.3(2.34 %),21600,279000000,0,0,13000,13100,12850
2021-08-03,10.62,12850,-0.25(-1.91 %),16400,210000000,0,0,13100,13100,12600
2021-08-04,10.74,13000,0.15(1.17 %),9800,126000000,0,0,12850,13000,12800
2021-08-05,11.03,13350,0.35(2.69 %),27200,355000000,0,0,13250,13400,12950
2021-08-06,11.36,13750,0.4(3.00 %),71700,973000000,0,0,13350,13800,13350
2021-08-09,11.53,13950,0.2(1.45 %),77900,1085000000,0,0,13750,14100,13600
2021-08-10,11.53,13950,0(0.00 %),98700,1353000000,0,0,13950,14200,13000
2021-08-11,11.41,13800,-0.15(-1.08 %),34900,481000000,0,0,13950,13950,13350
2021-08-12,11.32,13700,-0.1(-0.72 %),33800,465000000,0,0,13600,13900,13500
2021-08-13,11.41,13800,0.1(0.73 %),44500,605000000,0,0,13500,13800,13450
2021-08-16,11.57,14000,0.2(1.45 %),107500,1493000000,0,0,13650,14000,13650
2021-08-17,11.61,14050,0.05(0.36 %),91500,1305000000,0,0,14200,14700,14000
2021-08-18,11.69,14150,0.1(0.71 %),68200,958000000,0,0,14300,14300,14000
2021-08-19,11.69,14150,0(0.00 %),80400,1124000000,0,0,14250,14250,13800
2021-08-20,11.41,13800,-0.35(-2.47 %),101700,1422000000,0,0,14150,14150,13600
2021-08-23,11.41,13800,0(0.00 %),30500,410000000,0,0,13900,13900,13400
2021-08-24,11.16,13500,-0.3(-2.17 %),28000,377000000,0,0,13800,13800,13400
2021-08-25,11.16,13500,0(0.00 %),20000,266000000,0,0,13400,13500,13250
2021-08-26,11.32,13700,0.2(1.48 %),7500,101000000,0,0,13750,13800,13500
2021-08-27,11.24,13600,-0.1(-0.73 %),5600,76000000,0,0,13400,13800,13400
2021-08-30,11.53,13950,0.35(2.57 %),38000,528000000,0,0,13700,14000,13700
2021-08-31,11.57,14000,0.05(0.36 %),76400,1070000000,0,0,13950,14200,13850
2021-09-01,11.57,14000,0(0.00 %),88900,1245000000,0,0,14400,14400,13900
2021-09-06,12.31,14900,0.9(6.43 %),513100,7491000000,0,0,14450,14950,14300
2021-09-07,12.23,14800,-0.1(-0.67 %),143200,2135000000,0,0,15400,15400,14700
2021-09-08,12.15,14700,-0.1(-0.68 %),40600,594000000,0,0,14650,14800,14600
2021-09-09,11.98,14500,-0.2(-1.36 %),192200,2736000000,0,0,14000,14500,14000
2021-09-10,11.94,14450,-0.05(-0.34 %),71000,1018000000,0,0,14200,14500,14100
2021-09-13,12.15,14700,0.25(1.73 %),128000,1865000000,0,0,14850,14900,14450
2021-09-14,11.94,14450,-0.25(-1.70 %),119200,1731000000,0,0,14500,14800,14450
2021-09-15,11.98,14500,0.05(0.35 %),128000,1850000000,0,0,14600,14700,14300
2021-09-16,12.15,14700,0.2(1.38 %),151600,2205000000,0,0,14500,14700,14400
2021-09-17,12.64,15300,0.6(4.08 %),535200,8027000000,0,0,14550,15500,14550
2021-09-20,13.22,16000,0.7(4.58 %),773000,12390000000,0,0,15700,16350,15650
2021-09-21,12.98,15700,-0.3(-1.88 %),311700,4874000000,0,0,15800,15850,15200
2021-09-22,13.22,16000,0.3(1.91 %),2203200,34719000000,0,0,15700,16000,15500
2021-09-23,13.97,16900,0.9(5.62 %),1611500,27315000000,0,0,17000,17100,16500
2021-09-24,13.47,16300,-0.6(-3.55 %),412600,6792000000,0,0,17000,17000,16250
2021-09-27,12.81,15500,-0.8(-4.91 %),1073500,17047000000,0,0,16050,16200,15500
2021-09-28,12.64,15300,-0.2(-1.29 %),618700,9299000000,0,0,15150,15350,14800
2021-09-29,12.4,15000,-0.3(-1.96 %),238500,3565000000,0,0,15200,15200,14800
2021-09-30,12.69,15350,0.35(2.33 %),685400,10448000000,0,0,15000,15600,15000
2021-10-01,12.64,15300,-0.05(-0.33 %),288200,4456000000,83019,1187171700,15350,15650,15300
2021-10-04,12.56,15200,-0.1(-0.65 %),299300,4549000000,0,0,15100,15400,15000
2021-10-05,12.81,15500,0.3(1.97 %),727000,11215000000,0,0,15400,15600,15200
2021-10-06,13.1,15850,0.35(2.26 %),596900,9500000000,0,0,15850,16250,15700
2021-10-07,13.43,16250,0.4(2.52 %),1258000,20182000000,0,0,15900,16500,15750
2021-10-08,13.31,16100,-0.15(-0.92 %),683300,11130000000,0,0,16500,16600,16000
2021-10-11,13.6,16450,0.35(2.17 %),5239300,86011000000,0,0,16150,16700,16150
2021-10-12,13.72,16600,0.15(0.91 %),3642200,60594000000,0,0,16600,16900,16500
2021-10-13,14.38,17400,0.8(4.82 %),1802900,31296000000,0,0,16650,17750,16650
2021-10-14,15.33,18550,1.15(6.61 %),4443500,82223000000,0,0,17600,18600,17500
2021-10-15,14.84,17950,-0.6(-3.23 %),2527500,45684000000,0,0,18500,18700,17600
2021-10-18,14.63,17700,-0.25(-1.39 %),1764200,31535000000,0,0,17500,18400,17500
2021-10-19,14.96,18100,0.4(2.26 %),2847500,50991000000,0,0,17500,18300,17300
2021-10-20,15.99,19350,1.25(6.91 %),6391300,119340000000,0,0,18200,19350,17900
2021-10-21,17.11,20700,1.35(6.98 %),2300300,47350000000,0,0,20700,20700,20000
2021-10-22,17.52,21200,0.5(2.42 %),3959300,83771000000,0,0,21300,21750,20700
2021-10-25,18.72,22650,1.45(6.84 %),2071600,45378000000,70000,1484000000,21100,22650,20700
2021-10-26,18.76,22700,0.05(0.22 %),3967300,90646000000,0,0,23000,23600,22000
2021-10-27,18.8,22750,0.05(0.22 %),2775800,63383000000,0,0,22700,23500,22200
2021-10-28,19.22,23250,0.5(2.20 %),2378300,55243000000,0,0,23100,23800,22600
2021-10-29,20.33,24600,1.35(5.81 %),2595700,61674000000,0,0,23350,24600,23100
2021-11-01,20.41,24700,0.1(0.41 %),2077500,51347000000,0,0,24400,25400,24000
2021-11-02,20.66,25000,0.3(1.21 %),3132400,76981000000,0,0,24800,25500,24050
2021-11-03,19.22,23250,-1.75(-7.00 %),4707800,111323000000,0,0,25050,25150,23250
2021-11-04,18.26,22100,-1.15(-4.95 %),3497400,76458000000,0,0,21700,23000,21650
2021-11-05,18.14,21950,-0.05(-0.23 %),1953200,42306000000,0,0,21900,22500,21050
2021-11-08,18.6,22500,0.55(2.51 %),1612300,36271000000,0,0,22100,22950,22000
2021-11-09,19.01,23000,0.5(2.22 %),1934200,43983000000,0,0,22400,23400,22050
2021-11-10,19.96,24150,1.15(5.00 %),2387900,56400000000,0,0,23050,24150,23050
2021-11-11,20.25,24500,0.35(1.45 %),2971000,72850000000,0,0,24200,25050,23800
2021-11-12,19.71,23850,-0.65(-2.65 %),2391700,56977000000,0,0,24100,24500,23400
2021-11-15,19.67,23800,-0.05(-0.21 %),2944100,71315000000,0,0,24900,24900,23400
2021-11-16,19.5,23600,-0.2(-0.84 %),2170600,51118000000,0,0,23700,24050,22950
2021-11-17,19.67,23800,0.2(0.85 %),2157500,51221000000,0,0,23500,24400,23300
2021-11-18,21.03,25450,1.65(6.93 %),4347900,108094000000,0,0,23850,25450,23500
2021-11-19,20.66,25000,-0.45(-1.77 %),3127500,79396000000,0,0,26000,26300,23700
2021-11-22,19.27,23250,-1.53(-6.73 %),2261800,50233000000,0,0,23250,23300,23250
2021-11-23,20.55,22600,1.4(6.60 %),2151500,46276000000,0,0,20000,22650,20000
2021-11-24,20.27,22300,-0.3(-1.33 %),1419600,32015000000,0,0,22600,23250,21950
2021-11-25,21.09,23200,0.9(4.04 %),1741300,40114000000,0,0,22200,23700,22100
2021-11-26,20.36,22400,-0.8(-3.45 %),1444900,32762000000,0,0,23200,23300,22400
2021-11-29,20.55,22600,0.2(0.89 %),1187900,26507000000,0,0,21250,22900,21250
2021-11-30,21.95,24150,1.55(6.86 %),2686600,62620000000,0,0,23200,24150,22750
2021-12-01,22.64,24900,0.75(3.11 %),1610000,40358000000,0,0,25500,25500,24700
2021-12-02,22.45,24700,-0.2(-0.80 %),1474300,37023000000,0,0,24800,25900,24550
2021-12-03,21.18,23300,-1.4(-5.67 %),2222700,53450000000,0,0,24600,24900,23050
2021-12-06,19.73,21700,-1.6(-6.87 %),1561000,34665000000,0,0,23500,23500,21700
2021-12-07,20.18,22200,0.5(2.30 %),902700,19872000000,0,0,22100,22600,21500
2021-12-08,20.0,22000,-0.2(-0.90 %),832800,18404000000,0,0,22300,22500,21500
2021-12-09,20.77,22850,0.85(3.86 %),680400,15278000000,0,0,22000,22850,21850
2021-12-10,20.86,22950,0.1(0.44 %),765400,17521000000,0,0,22900,23400,22500
2021-12-13,21.55,23700,0.75(3.27 %),1749000,41514000000,0,0,23250,24500,22600
2021-12-14,20.82,22900,-0.8(-3.38 %),1171300,27138000000,0,0,23700,23800,22700
2021-12-15,20.73,22800,-0.1(-0.44 %),983200,22449000000,0,0,22900,23450,22400
2021-12-16,21.45,23600,0.8(3.51 %),2011900,46069000000,0,0,22800,23600,22250
2021-12-17,21.45,23600,0(0.00 %),3475900,83644000000,0,0,24000,24900,23550
2021-12-20,21.18,23300,-0.3(-1.27 %),963700,22630000000,0,0,23700,23750,23100
2021-12-21,21.64,23800,0.5(2.15 %),1741700,41097000000,0,0,23100,24000,23000
2021-12-22,23.14,25450,1.65(6.93 %),4414300,108966000000,0,0,24100,25450,23800
2021-12-23,23.32,25650,0.15(0.59 %),3161900,81786000000,0,0,26200,26500,24000
2021-12-24,24.27,26700,1(3.89 %),2324500,62468000000,0,0,26000,27400,26000
2021-12-27,24.36,26800,0.1(0.37 %),2174800,56369000000,0,0,26400,27000,25000
2021-12-28,23.91,26300,-0.5(-1.87 %),2130700,57089000000,0,0,27000,27400,26300
2021-12-29,22.91,25200,-1.1(-4.18 %),1609800,41341000000,0,0,26000,26500,25200
2021-12-30,22.0,24200,-1(-3.97 %),2283500,55998000000,0,0,24700,25200,24100
2021-12-31,21.27,23400,-0.8(-3.31 %),1935000,46056000000,0,0,24000,24550,23300
2022-01-04,22.73,25000,1.6(6.84 %),1593300,38917000000,0,0,23600,25000,23600
2022-01-05,23.05,25350,0.35(1.40 %),1702300,43109000000,0,0,25000,25800,24900
2022-01-06,22.59,24850,-0.55(-2.17 %),1746900,43609000000,0,0,25350,25350,24600
2022-01-07,22.73,25000,0.1(0.40 %),1915300,48195000000,0,0,24700,25750,24700
2022-01-10,22.82,25100,0.1(0.40 %),2777700,70760000000,0,0,24950,26500,23500
2022-01-11,22.45,24700,-0.4(-1.59 %),1321600,32896000000,0,0,25000,25300,24500
2022-01-12,20.91,23000,-1.7(-6.88 %),1699300,39674000000,0,0,23900,24500,23000
2022-01-13,19.45,21400,-1.6(-6.96 %),4077200,87734000000,0,0,22100,22800,21400
2022-01-14,19.09,21000,-0.4(-1.87 %),1307800,27001000000,0,0,19950,21800,19950
2022-01-17,17.77,19550,-1.45(-6.90 %),1169200,23557000000,0,0,21300,21500,19550
2022-01-18,16.55,18200,-1.35(-6.91 %),893300,16320000000,0,0,19000,19000,18200
2022-01-19,15.55,17100,-1.1(-6.04 %),1803000,30851000000,0,0,16950,18000,16950
2022-01-20,16.55,18200,1.1(6.43 %),310000,5535000000,0,0,17150,18200,17150
2022-01-21,17.0,18700,0.5(2.75 %),707500,13256000000,0,0,19000,19000,18200
2022-01-24,15.82,17400,-1.3(-6.95 %),734900,12941000000,0,0,18100,18200,17400
2022-01-25,15.82,17400,0(0.00 %),432100,7414000000,0,0,16700,17800,16600
2022-01-26,15.0,16500,-0.9(-5.17 %),647100,10909000000,0,0,17100,17500,16450
2022-01-27,14.0,15400,-1.1(-6.67 %),576600,9138000000,0,0,16750,16750,15350
2022-01-28,14.45,15900,0.5(3.25 %),363700,5651000000,0,0,15200,16000,15200
2022-02-07,15.45,17000,1.1(6.92 %),468800,7941000000,0,0,16150,17000,16150
2022-02-08,15.36,16900,-0.1(-0.59 %),388500,6550000000,0,0,17300,17300,16600
2022-02-09,16.0,17600,0.7(4.14 %),636200,10875000000,0,0,16650,17700,16450
2022-02-10,16.23,17850,0.25(1.42 %),392800,7010000000,0,0,17950,18100,17500
2022-02-11,16.05,17650,-0.25(-1.40 %),299900,5280000000,0,0,17800,17800,17500
2022-02-14,15.59,17150,-0.55(-3.11 %),391400,6730000000,0,0,17500,17500,17000
2022-02-15,15.64,17200,0(0.00 %),221100,3796000000,0,0,17000,17400,17000
2022-02-16,16.55,18200,1(5.81 %),799500,14333000000,0,0,17600,18400,17400
2022-02-17,16.41,18050,-0.15(-0.82 %),512800,9299000000,0,0,18450,18500,17900
2022-02-18,16.86,18550,0.45(2.49 %),501700,9136000000,0,0,17900,18700,17900
2022-02-21,16.95,18650,0.05(0.27 %),830900,15548000000,0,0,18700,19100,18100
2022-02-22,16.64,18300,-0.4(-2.14 %),1013600,18433000000,0,0,18250,18500,17800
2022-02-23,16.77,18450,0.15(0.82 %),506700,9421000000,0,0,18750,18800,18300
2022-02-24,16.18,17800,-0.7(-3.78 %),705300,12681000000,0,0,18300,18600,17300
2022-02-25,16.27,17900,0.1(0.56 %),516600,9278000000,0,0,17950,18350,17800
2022-02-28,16.0,17600,-0.3(-1.68 %),511800,8976000000,0,0,18000,18000,17200
2022-03-01,16.45,18100,0.5(2.84 %),533800,9596000000,0,0,17500,18350,17500
2022-03-02,16.23,17850,-0.25(-1.38 %),395700,7068000000,0,0,18100,18100,17700
2022-03-03,16.23,17850,-0.05(-0.28 %),386700,6856000000,0,0,17300,18000,17300
2022-03-04,16.59,18250,0.35(1.96 %),997500,18142000000,0,0,17850,18550,17850
2022-03-07,17.36,19100,0.8(4.37 %),1654000,30850000000,0,0,18500,19350,18100
2022-03-08,16.82,18500,-0.6(-3.14 %),663000,12425000000,0,0,19000,19100,18350
2022-03-09,16.55,18200,-0.3(-1.62 %),586900,10663000000,0,0,18600,18600,17850
2022-03-10,16.82,18500,0.3(1.65 %),439200,8154000000,0,0,18500,18800,18350
2022-03-11,16.45,18100,-0.4(-2.16 %),591600,10771000000,0,0,18200,18500,17950
2022-03-14,15.82,17400,-0.7(-3.87 %),597300,10523000000,0,0,18100,18100,17300
2022-03-15,16.36,18000,0.6(3.45 %),520300,9199000000,0,0,17350,18000,17350
2022-03-16,16.36,18000,0(0.00 %),281800,5111000000,0,0,18200,18400,18000
2022-03-17,16.55,18200,0.2(1.11 %),622500,11320000000,0,0,18050,18500,18000
2022-03-18,17.18,18900,0.7(3.85 %),1676200,31425000000,0,0,18400,18950,18200
2022-03-21,18.0,19800,0.9(4.76 %),2163700,42275000000,0,0,19250,20000,19100
2022-03-22,18.0,19800,0(0.00 %),1470500,29364000000,0,0,20000,20500,19600
2022-03-23,17.59,19350,-0.45(-2.27 %),1208400,23476000000,0,0,19650,19700,19200
2022-03-24,17.82,19600,0.2(1.03 %),1220500,23721000000,0,0,19300,19950,19050
2022-03-25,17.95,19750,0.15(0.77 %),950800,18876000000,0,0,19500,20150,19400
2022-03-28,17.27,19000,-0.8(-4.04 %),1364900,26100000000,0,0,19550,19550,18650
2022-03-29,17.82,19600,0.6(3.16 %),701800,13658000000,0,0,19050,19750,19000
2022-03-30,17.09,18800,-0.8(-4.08 %),1009900,19310000000,0,0,19600,19650,18500
2022-03-31,16.55,18200,-0.6(-3.19 %),992300,18277000000,0,0,18600,19100,18000
2022-04-01,16.86,18550,0.35(1.92 %),533300,9782000000,0,0,18000,18700,17900
2022-04-04,17.23,18950,0.35(1.88 %),732800,13783000000,0,0,18700,19150,18500
2022-04-05,16.82,18500,-0.5(-2.63 %),665200,12464000000,0,0,18650,19000,18500
2022-04-06,16.86,18550,0.05(0.27 %),745900,13812000000,0,0,18250,18800,18250
2022-04-07,16.5,18150,-0.45(-2.42 %),664100,12144000000,100000,1855000000,18550,18550,18050
2022-04-08,16.36,18000,-0.2(-1.10 %),590700,10722000000,0,0,18100,18450,18000
2022-04-12,15.55,17100,-0.9(-5.00 %),594100,10480000000,55000,990000000,18050,18450,17100
2022-04-13,16.0,17600,0.5(2.92 %),620000,10618000000,0,0,17250,17700,16600
2022-04-14,16.0,17600,0(0.00 %),286000,5041000000,0,0,17600,17750,17450
2022-04-15,15.91,17500,-0.1(-0.57 %),338300,5932000000,0,0,17500,17900,17300
2022-04-18,14.82,16300,-1.2(-6.86 %),839000,13968000000,0,0,17100,17400,16300
2022-04-19,14.73,16200,-0.1(-0.61 %),450900,7427000000,0,0,16700,16750,16100
2022-04-20,14.68,16150,-0.05(-0.31 %),792400,12837000000,0,0,16000,16350,16000
2022-04-21,13.91,15300,-0.9(-5.56 %),750200,11472000000,0,0,16000,16050,15050
2022-04-22,13.91,15300,0(0.00 %),515300,7865000000,0,0,15150,15800,14300
2022-04-25,12.95,14250,-1.05(-6.86 %),324400,4711000000,0,0,15300,15300,14250
2022-04-26,13.14,14450,0.15(1.05 %),524000,7212000000,0,0,13600,14450,13300
2022-04-27,13.27,14600,0.1(0.69 %),163900,2365000000,0,0,14300,14850,14050
2022-04-28,13.18,14500,-0.1(-0.68 %),137000,2002000000,0,0,14600,14850,14200
2022-04-29,13.14,14450,-0.05(-0.34 %),431400,6191000000,0,0,14500,14600,14200
2022-05-04,12.55,13800,-0.7(-4.83 %),379600,5319000000,0,0,14400,14500,13500
2022-05-05,12.55,13800,0(0.00 %),373300,5236000000,0,0,14200,14300,13550
2022-05-06,11.95,13150,-0.65(-4.71 %),225400,3034000000,0,0,13750,13750,13150
2022-05-09,11.14,12250,-0.95(-7.20 %),603500,7415000000,0,0,12850,12850,12250
2022-05-10,11.27,12400,0.1(0.81 %),543900,6636000000,0,0,12000,12500,11600
2022-05-11,11.5,12650,0.25(2.02 %),150100,1879000000,0,0,12400,12900,12300
2022-05-12,10.73,11800,-0.85(-6.72 %),319800,3826000000,0,0,12650,12650,11800
2022-05-13,10.0,11000,-0.8(-6.78 %),387500,4308000000,0,0,11800,11800,11000
2022-05-16,10.27,11300,0.3(2.73 %),710300,8259000000,0,0,11200,11750,11200
2022-05-17,10.91,12000,0.7(6.19 %),160800,1881000000,70000,738500000,11350,12050,11300
2022-05-18,11.05,12150,0.15(1.25 %),245500,2963000000,0,0,12000,12450,11950
2022-05-19,10.64,11700,-0.5(-4.10 %),283100,3358000000,0,0,11600,12100,11600
2022-05-20,10.64,11700,0(0.00 %),257400,3038000000,0,0,11700,12000,11600
2022-05-23,10.82,11900,0.2(1.71 %),588600,7001000000,0,0,11850,12150,11550
2022-05-24,10.91,12000,0.1(0.84 %),292400,3525000000,0,0,12150,12250,11900
2022-05-25,11.27,12400,0.4(3.33 %),273500,3349000000,0,0,12100,12500,11900
2022-05-26,11.18,12300,-0.1(-0.81 %),222500,2747000000,0,0,12400,12450,12200
2022-05-27,11.23,12350,0.05(0.41 %),166800,2052000000,0,0,12300,12400,12250
2022-05-30,11.36,12500,0.1(0.81 %),235500,2937000000,0,0,12450,12600,12350
2022-05-31,11.36,12500,0(0.00 %),258400,3245000000,0,0,12500,12700,12350
2022-06-01,11.27,12400,-0.1(-0.80 %),133000,1644000000,0,0,12500,12700,12300
2022-06-02,11.14,12250,-0.15(-1.21 %),187300,2286000000,0,0,12350,12400,11850
2022-06-03,10.82,11900,-0.4(-3.25 %),166000,1980000000,0,0,12100,12250,11650
2022-06-06,10.64,11700,-0.2(-1.68 %),202200,2407000000,0,0,11650,12250,11650
2022-06-07,10.36,11400,-0.3(-2.56 %),248100,2850000000,0,0,11750,11750,11200
2022-06-08,10.73,11800,0.4(3.51 %),233100,2728000000,0,0,11500,11850,11500
2022-06-09,11.14,12250,0.45(3.81 %),398900,4776000000,0,0,12000,12250,11800
2022-06-10,10.82,11900,-0.4(-3.25 %),232900,2816000000,0,0,12050,12350,11900
2022-06-13,10.27,11300,-0.6(-5.04 %),386700,4347000000,0,0,11400,11550,11100
2022-06-14,10.18,11200,-0.1(-0.88 %),445800,4988000000,0,0,11000,11300,10950
2022-06-15,9.5,10450,-0.75(-6.70 %),531100,5650000000,0,0,10950,11450,10450
2022-06-16,8.95,9850,-0.65(-6.19 %),202300,2072000000,0,0,10650,10800,9850
2022-06-17,8.34,9170,-0.73(-7.37 %),306700,2846000000,0,0,9840,9840,9170
2022-06-20,8.18,9000,-0.2(-2.17 %),362200,3262000000,0,0,9170,9400,8530
2022-06-21,8.18,9000,0(0.00 %),320100,2859000000,0,0,8600,9140,8500
2022-06-22,8.38,9220,0.22(2.44 %),168500,1546000000,0,0,9000,9400,9000
2022-06-23,8.5,9350,0.15(1.63 %),43300,398000000,0,0,9230,9350,9000
2022-06-24,8.82,9700,0.3(3.19 %),288800,2809000000,0,0,9370,9850,9350
2022-06-27,9.05,9950,0.25(2.58 %),66300,648000000,0,0,9710,9950,9700
2022-06-28,8.95,9850,-0.15(-1.50 %),120400,1187000000,0,0,9950,9960,9740
2022-06-29,8.82,9700,-0.2(-2.02 %),59300,575000000,0,0,9700,9840,9600
2022-06-30,8.86,9750,0.05(0.52 %),201800,1957000000,0,0,9700,9810,9500
2022-07-01,8.73,9600,-0.2(-2.04 %),91700,873000000,0,0,9740,9740,9210
2022-07-04,8.55,9400,-0.2(-2.08 %),55100,525000000,0,0,9900,9900,9320
2022-07-05,8.55,9400,0(0.00 %),331900,3112000000,0,0,9600,9600,9000
2022-07-06,8.55,9400,0(0.00 %),130700,1228000000,0,0,9490,9490,9250
2022-07-07,8.5,9350,-0.05(-0.53 %),201100,1866000000,0,0,9210,9420,9210
2022-07-08,8.72,9590,0.19(2.02 %),301700,2864000000,0,0,9400,9600,9300
2022-07-11,8.64,9500,-0.1(-1.04 %),118200,1123000000,0,0,9500,9800,9350
2022-07-12,8.82,9700,0.2(2.11 %),340200,3269000000,0,0,9500,9720,9400
2022-07-13,9.36,10300,0.6(6.19 %),699600,7142000000,0,0,9720,10350,9710
2022-07-14,9.32,10250,-0.05(-0.49 %),135300,1386000000,0,0,10300,10500,10000
2022-07-15,9.36,10300,0(0.00 %),231500,2416000000,0,0,10400,10700,10250
2022-07-18,9.55,10500,0.2(1.94 %),427600,4545000000,0,0,10350,10800,10300
2022-07-19,9.55,10500,0(0.00 %),217900,2279000000,0,0,10550,10600,10300
2022-07-20,9.73,10700,0.2(1.90 %),312300,3378000000,0,0,10700,11000,10650
2022-07-21,9.59,10550,-0.15(-1.40 %),143100,1521000000,0,0,10700,10950,10500
2022-07-22,9.59,10550,-0.05(-0.47 %),69700,738000000,0,0,10550,10800,10550
2022-07-25,9.36,10300,-0.3(-2.83 %),154800,1603000000,0,0,10550,10550,10250
2022-07-26,9.09,10000,-0.3(-2.91 %),353200,3566000000,0,0,10250,10400,9960
2022-07-27,9.23,10150,0.15(1.50 %),76800,766000000,0,0,10000,10150,9820
2022-07-28,9.45,10400,0.2(1.96 %),335800,3491000000,0,0,10300,10600,10200
2022-07-29,10.09,11100,0.7(6.73 %),201800,2239000000,0,0,11100,11100,11100
2022-08-01,10.77,11850,0.75(6.76 %),260600,3088000000,0,0,11850,11850,11850
2022-08-02,11.5,12650,0.75(6.30 %),973100,12309000000,0,0,12650,12650,12650
2022-08-03,11.73,12900,0.2(1.57 %),1054900,13598000000,0,0,12800,13200,12300
2022-08-04,11.91,13100,0.2(1.55 %),623100,8124000000,0,0,13000,13450,12800
2022-08-05,12.73,14000,0.9(6.87 %),567100,7752000000,0,0,13100,14000,13000
2022-08-08,13.55,14900,0.9(6.43 %),1589500,23571000000,0,0,14700,14950,14500
2022-08-09,13.14,14450,-0.45(-3.02 %),826900,12106000000,0,0,14850,15200,14300
2022-08-10,13.73,15100,0.6(4.14 %),1124800,16859000000,0,0,14300,15400,14200
2022-08-11,13.36,14700,-0.4(-2.65 %),793800,11919000000,0,0,15200,15500,14650
2022-08-12,13.55,14900,0.2(1.36 %),403400,5968000000,0,0,14700,15000,14500
2022-08-15,13.55,14900,0(0.00 %),486800,7252000000,0,0,15050,15150,14700
2022-08-16,13.55,14900,0(0.00 %),505400,7580000000,0,0,15000,15200,14750
2022-08-17,14.23,15650,0.75(5.03 %),1827000,28698000000,0,0,14850,15900,14850
2022-08-18,14.68,16150,0.45(2.87 %),980800,15625000000,0,0,15700,16350,15500
2022-08-19,14.41,15850,-0.35(-2.16 %),641300,10200000000,0,0,16200,16300,15600
2022-08-22,13.41,14750,-1.15(-7.23 %),1470500,22142000000,0,0,15550,15550,14750
2022-08-23,13.64,15000,0.2(1.35 %),1038400,15077000000,0,0,14450,15000,14050
2022-08-24,13.73,15100,0.1(0.67 %),656400,9895000000,0,0,15200,15500,14700
2022-08-25,13.77,15150,0.05(0.33 %),507200,7666000000,0,0,15100,15400,14900
2022-08-26,13.64,15000,-0.2(-1.32 %),1048500,16022000000,0,0,15150,15650,14950
2022-08-29,13.36,14700,-0.3(-2.00 %),973500,13888000000,0,0,14500,14700,13950
2022-08-30,13.0,14300,-0.4(-2.72 %),523000,7637000000,0,0,14700,14900,14300
2022-08-31,12.86,14150,-0.15(-1.05 %),401200,5699000000,0,0,14050,14400,14000
2022-09-05,13.0,14300,0.1(0.70 %),434500,6188000000,0,0,14150,14400,14100
2022-09-06,13.23,14550,0.25(1.75 %),494200,7216000000,0,0,14300,14900,14300
2022-09-07,12.5,13750,-0.85(-5.82 %),701900,9970000000,0,0,14750,14750,13750
2022-09-08,12.14,13350,-0.45(-3.26 %),718500,9740000000,0,0,13950,14000,13300
2022-09-09,12.41,13650,0.25(1.87 %),1049200,13585000000,0,0,13200,13650,12500
2022-09-12,12.18,13400,-0.3(-2.19 %),354100,4753000000,0,0,13600,13650,13200
2022-09-13,12.18,13400,0(0.00 %),445100,5992000000,0,0,13400,13700,13300
2022-09-14,12.27,13500,0.1(0.75 %),728300,9620000000,0,0,13000,13500,13000
2022-09-15,13.09,14400,0.9(6.67 %),1768200,25266000000,0,0,13500,14400,13500
2022-09-16,13.5,14850,0.45(3.12 %),2109800,31308000000,0,0,14700,15200,14500
2022-09-19,13.36,14700,-0.2(-1.34 %),1804900,27084000000,0,0,14600,15500,14500
2022-09-20,13.32,14650,-0.05(-0.34 %),781200,11446000000,0,0,15000,15200,14300
2022-09-21,14.23,15650,0.95(6.46 %),1745300,26468000000,0,0,14700,15650,14500
2022-09-22,14.82,16300,0.6(3.82 %),1772800,28151000000,0,0,15700,16300,15500
2022-09-23,14.27,15700,-0.6(-3.68 %),1774300,28641000000,0,0,16700,16700,15600
2022-09-26,13.32,14650,-1.05(-6.69 %),1015400,15101000000,0,0,15200,15450,14650
2022-09-27,12.41,13650,-1.05(-7.14 %),2429800,33921000000,0,0,14250,14650,13650
2022-09-28,11.64,12800,-0.9(-6.57 %),1501500,19980000000,0,0,13500,13900,12800
2022-09-29,12.0,13200,0.4(3.12 %),1135900,15178000000,0,0,13300,13650,12800
2022-09-30,11.85,12300,-0.15(-1.25 %),969700,11263000000,0,0,12300,12300,12300
2022-10-03,11.05,11050,-0.85(-7.14 %),694500,7893000000,0,0,11800,11800,11050
2022-10-04,10.5,10500,-0.6(-5.41 %),581000,6288000000,0,0,11200,11400,10400
2022-10-05,11.2,11200,0.7(6.67 %),554000,6179000000,0,0,11000,11200,10900
2022-10-06,11.5,11500,0.3(2.68 %),1082300,12741000000,0,0,11500,11950,11450
2022-10-07,11.45,11450,-0.05(-0.43 %),1518000,17546000000,0,0,11100,12000,11050
2022-10-10,12.25,12250,0.75(6.52 %),900800,10810000000,0,0,11200,12250,11200
2022-10-11,11.4,11400,-0.9(-7.32 %),1058800,12370000000,0,0,12250,12400,11400
2022-10-12,11.5,11500,0.1(0.88 %),540900,6308000000,0,0,11300,11950,11300
2022-10-13,11.3,11300,-0.2(-1.74 %),392900,4481000000,0,0,11850,11850,11100
2022-10-14,11.45,11450,0.15(1.33 %),455600,5260000000,0,0,11500,11750,11300
2022-10-17,11.3,11300,-0.2(-1.74 %),395000,4416000000,0,0,11100,11600,10800
2022-10-18,11.5,11500,0.2(1.77 %),944900,11040000000,0,0,11550,12000,11300
2022-10-19,11.7,11700,0.2(1.74 %),299700,3486000000,0,0,11750,11750,11500
2022-10-20,11.55,11550,-0.15(-1.28 %),278300,3237000000,0,0,11800,11850,11450
2022-10-21,10.75,10750,-0.85(-7.33 %),979700,10668000000,10,110000,11700,11700,10750
2022-10-24,10.0,10000,-0.8(-7.41 %),495300,5027000000,0,0,10700,10850,10000
2022-10-25,9.3,9300,-0.7(-7.00 %),897500,8463000000,0,0,9510,10200,9300
2022-10-26,8.8,8800,-0.5(-5.38 %),587900,5219000000,0,0,9400,9590,8650
2022-10-27,9.35,9350,0.55(6.25 %),456900,4155000000,0,0,8900,9400,8600
2022-10-28,9.4,9400,0(0.00 %),389100,3716000000,0,0,9580,9900,9160
2022-10-31,8.9,8900,-0.5(-5.32 %),747100,6637000000,0,0,9650,9650,8750
2022-11-01,8.9,8900,0(0.00 %),329000,2962000000,0,0,8900,9300,8900
2022-11-02,8.97,8970,0.07(0.79 %),272500,2434000000,0,0,9000,9090,8900
2022-11-03,8.77,8770,-0.23(-2.56 %),207200,1814000000,0,0,8500,8920,8500
2022-11-04,8.16,8160,-0.64(-7.27 %),518100,4249000000,0,0,8650,8650,8160
2022-11-07,7.59,7590,-0.61(-7.44 %),328000,2517000000,0,0,7850,7950,7590
2022-11-08,7.06,7060,-0.54(-7.11 %),696800,4923000000,0,0,7060,7290,7060
2022-11-09,7.38,7380,0.28(3.94 %),568400,4164000000,0,0,7250,7460,7200
2022-11-10,6.87,6870,-0.53(-7.16 %),543200,3779000000,0,0,7100,7360,6870
2022-11-11,6.39,6390,-0.51(-7.39 %),553100,3750000000,0,0,7010,7090,6390
2022-11-14,5.95,5950,-0.45(-7.03 %),631000,3762000000,0,0,6030,6060,5950
2022-11-15,5.54,5540,-0.46(-7.67 %),1403000,7776000000,0,0,5550,5570,5540
2022-11-16,5.92,5920,0.42(7.64 %),513600,2924000000,0,0,5170,5920,5170
2022-11-17,6.33,6330,0.43(7.29 %),284000,1796000000,0,0,6320,6330,6300
2022-11-18,6.77,6770,0.47(7.46 %),171500,1161000000,0,0,6770,6770,6770
2022-11-21,7.24,7240,0.44(6.47 %),41500,300000000,0,0,7240,7240,7240
2022-11-22,7.4,7400,0.2(2.78 %),1345000,10319000000,0,0,7740,7740,7020
2022-11-23,7.0,7000,-0.4(-5.41 %),369800,2669000000,0,0,7210,7450,7000
2022-11-24,7.47,7470,0.47(6.71 %),999500,7211000000,0,0,6850,7470,6850
2022-11-25,7.99,7990,0.49(6.53 %),603900,4753000000,0,0,7500,7990,7500
2022-11-28,8.3,8300,0.3(3.75 %),1068100,8929000000,0,0,8390,8500,8170
2022-11-29,8.39,8390,0.09(1.08 %),1569400,13100000000,0,0,8400,8600,7990
2022-11-30,8.5,8500,0.1(1.19 %),1058800,8983000000,0,0,8410,8900,8010
2022-12-01,8.6,8600,0.1(1.18 %),1396300,12248000000,0,0,8790,9050,8310
2022-12-02,8.9,8900,0.3(3.49 %),1298600,10918000000,0,0,8400,9000,8140
2022-12-05,8.7,8700,-0.2(-2.25 %),870400,7785000000,0,0,9300,9300,8500
2022-12-06,8.4,8400,-0.3(-3.45 %),1634300,14475000000,0,0,8700,9200,8400
2022-12-07,8.04,8040,-0.36(-4.29 %),587100,4772000000,0,0,8500,8550,8000
2022-12-08,8.18,8180,0.18(2.25 %),485000,4026000000,0,0,8300,8550,8050
2022-12-09,8.2,8200,0(0.00 %),449900,3669000000,0,0,8200,8290,8000
2022-12-12,8.0,8000,-0.2(-2.44 %),552000,4558000000,0,0,8250,8490,8000
2022-12-13,8.06,8060,0.06(0.75 %),413100,3281000000,0,0,8010,8100,7800
2022-12-14,8.29,8290,0.19(2.35 %),564100,4659000000,0,0,8230,8390,8060
2022-12-15,8.29,8290,-0.01(-0.12 %),300500,2487000000,0,0,8350,8400,8190
2022-12-16,8.3,8300,0(0.00 %),380100,3172000000,0,0,8110,8460,8110
2022-12-19,8.23,8230,-0.07(-0.84 %),677600,5723000000,0,0,8400,8600,8230
2022-12-20,7.66,7660,-0.54(-6.59 %),779800,6072000000,0,0,8260,8260,7660
2022-12-21,7.2,7200,-0.5(-6.49 %),601200,4374000000,0,0,7720,7890,7130
2022-12-22,7.14,7140,-0.06(-0.83 %),543200,3831000000,0,0,7300,7430,6900
2022-12-23,7.05,7050,-0.05(-0.70 %),210400,1499000000,0,0,7140,7200,6970
2022-12-26,6.56,6560,-0.54(-7.61 %),440200,2973000000,0,0,7170,7170,6560
2022-12-27,7.0,7000,0.4(6.06 %),223900,1495000000,0,0,6430,7000,6430
2022-12-28,7.19,7190,0.19(2.71 %),177300,1259000000,0,0,7010,7200,7000
2022-12-29,7.01,7010,-0.19(-2.64 %),127200,909000000,0,0,7010,7250,7010
2022-12-30,6.92,6920,-0.08(-1.14 %),102100,714000000,0,0,7190,7190,6920
2023-01-03,7.4,7400,0.5(7.25 %),404800,2910000000,0,0,6920,7400,6920
2023-01-04,7.42,7420,0.02(0.27 %),209400,1555000000,0,0,7400,7600,7300
2023-01-05,7.4,7400,0(0.00 %),165600,1221000000,0,0,7270,7480,7270
2023-01-06,7.3,7300,-0.1(-1.35 %),415400,3089000000,0,0,7430,7550,7300
2023-01-09,7.33,7330,0.03(0.41 %),150700,1109000000,0,0,7350,7420,7330
2023-01-10,7.38,7380,0.08(1.10 %),285100,2083000000,0,0,7330,7400,7250
2023-01-11,7.5,7500,0.1(1.35 %),275100,2067000000,0,0,7400,7660,7400
2023-01-12,7.41,7410,-0.09(-1.20 %),60500,451000000,0,0,7360,7570,7360
2023-01-13,7.36,7360,-0.04(-0.54 %),177400,1309000000,0,0,7500,7500,7290
2023-01-16,7.45,7450,0.05(0.68 %),151500,1117000000,0,0,7350,7450,7280
2023-01-17,7.8,7800,0.3(4.00 %),432700,3284000000,0,0,7450,7800,7330
2023-01-18,8.1,8100,0.3(3.85 %),402100,3166000000,0,0,7830,8100,7550
2023-01-19,8.18,8180,0.08(0.99 %),270400,2188000000,0,0,8140,8180,8000
2023-01-27,8.0,8000,-0.2(-2.44 %),283500,2298000000,0,0,8290,8290,8000
2023-01-30,8.3,8300,0.3(3.75 %),499200,4094000000,0,0,8000,8400,7990
2023-01-31,8.3,8300,0(0.00 %),304000,2490000000,0,0,8140,8300,8050
2023-02-01,7.9,7900,-0.4(-4.82 %),385000,3157000000,0,0,8470,8470,7900
2023-02-02,7.72,7720,-0.18(-2.28 %),320800,2509000000,0,0,8000,8000,7520
2023-02-03,7.75,7750,0.05(0.65 %),196500,1523000000,0,0,7770,7900,7620
2023-02-06,7.8,7800,0(0.00 %),184700,1445000000,0,0,7750,7910,7730
2023-02-07,7.59,7590,-0.21(-2.69 %),179200,1385000000,0,0,7820,7850,7590
2023-02-08,7.65,7650,0.05(0.66 %),127000,969000000,0,0,7630,7730,7500
2023-02-09,7.66,7660,-0.04(-0.52 %),93500,714000000,0,0,7530,7750,7530
2023-02-10,7.56,7560,-0.14(-1.82 %),236400,1795000000,0,0,7650,7700,7540
2023-02-13,7.56,7560,-0.04(-0.53 %),187200,1388000000,0,0,7500,7600,7300
2023-02-14,7.54,7540,-0.06(-0.79 %),98100,735000000,0,0,7620,7620,7400
2023-02-15,7.75,7750,0.25(3.33 %),248900,1907000000,0,0,7420,7770,7400
2023-02-16,7.8,7800,0(0.00 %),81800,636000000,0,0,7790,7880,7700
2023-02-17,7.79,7790,-0.01(-0.13 %),202200,1583000000,0,0,7760,7970,7760
2023-02-20,8.33,8330,0.53(6.79 %),598800,4967000000,0,0,8140,8330,8100
2023-02-21,8.45,8450,0.15(1.81 %),756200,6498000000,0,0,8800,8800,8450
2023-02-22,8.1,8100,-0.4(-4.71 %),501200,4156000000,0,0,8200,8550,8100
2023-02-23,7.96,7960,-0.14(-1.73 %),384700,3018000000,0,0,8150,8150,7610
2023-02-24,7.79,7790,-0.21(-2.62 %),118500,933000000,0,0,8000,8000,7770
2023-02-27,7.52,7520,-0.28(-3.59 %),254600,1933000000,0,0,7650,7740,7420
2023-02-28,7.69,7690,0.19(2.53 %),206600,1554000000,0,0,7480,7700,7300
2023-03-01,7.71,7710,0.01(0.13 %),157300,1194000000,0,0,7630,7750,7410
2023-03-02,7.6,7600,-0.1(-1.30 %),162100,1240000000,0,0,7650,7710,7600
2023-03-03,7.51,7510,-0.09(-1.18 %),118500,896000000,0,0,7600,7650,7510
2023-03-06,7.68,7680,0.18(2.40 %),187900,1459000000,0,0,7650,7900,7650
2023-03-07,7.7,7700,0(0.00 %),89500,683000000,0,0,7740,7740,7570
2023-03-08,7.7,7700,0(0.00 %),100500,768000000,240000,1896000000,7600,7740,7550
2023-03-09,7.75,7750,0.05(0.65 %),104800,808000000,0,0,7710,7770,7680
2023-03-10,7.67,7670,-0.13(-1.67 %),143900,1098000000,240000,1785600000,7710,7710,7600
2023-03-13,7.64,7640,-0.06(-0.78 %),74800,572000000,0,0,7790,7790,7550
2023-03-14,7.49,7490,-0.11(-1.45 %),181000,1363000000,0,0,7630,7630,7450
2023-03-15,7.81,7810,0.31(4.13 %),280800,2163000000,0,0,7600,7810,7540
2023-03-16,7.68,7680,-0.12(-1.54 %),117000,893000000,0,0,7780,7780,7500
2023-03-17,7.68,7680,-0.02(-0.26 %),125000,958000000,0,0,7700,7790,7620
2023-03-20,7.53,7530,-0.17(-2.21 %),255800,1924000000,0,0,7690,7700,7430
2023-03-21,7.59,7590,0.09(1.20 %),143900,1084000000,0,0,7550,7650,7470
2023-03-22,7.54,7540,-0.06(-0.79 %),108100,820000000,0,0,7720,7720,7520
2023-03-23,7.54,7540,0.04(0.53 %),208100,1556000000,0,0,7470,7560,7430
2023-03-24,7.68,7680,0.18(2.40 %),396600,3007000000,0,0,7540,7690,7490
2023-03-27,7.75,7750,0.05(0.65 %),330200,2536000000,0,0,7750,7750,7610
2023-03-28,7.79,7790,-0.01(-0.13 %),316900,2463000000,0,0,7750,7860,7720
2023-03-29,7.73,7730,-0.07(-0.90 %),72100,553000000,0,0,7790,7790,7630
2023-03-30,8.27,8270,0.57(7.40 %),1311400,10715000000,0,0,7760,8270,7730
2023-03-31,8.38,8380,0.08(0.96 %),415900,3506000000,0,0,8280,8700,8280
2023-04-03,8.64,8640,0.24(2.86 %),799800,7017000000,0,0,8960,8960,8520
2023-04-04,8.77,8770,0.17(1.98 %),781300,6753000000,0,0,8730,8850,8530
2023-04-05,8.81,8810,0.01(0.11 %),571300,4995000000,0,0,8610,8900,8610
2023-04-06,8.86,8860,0.06(0.68 %),1424300,12968000000,0,0,8900,9290,8860
2023-04-07,8.78,8780,-0.12(-1.35 %),643300,5625000000,0,0,8840,8860,8630
2023-04-10,8.58,8580,-0.22(-2.50 %),594800,5287000000,0,0,8880,9160,8580
2023-04-11,8.63,8630,0.03(0.35 %),554200,4719000000,0,0,8610,8700,8300
2023-04-12,8.81,8810,0.21(2.44 %),538000,4713000000,0,0,8710,9000,8630
2023-04-13,8.59,8590,-0.21(-2.39 %),436200,3806000000,0,0,8880,8900,8580
2023-04-14,8.25,8250,-0.35(-4.07 %),804200,6700000000,0,0,8680,8700,8120
2023-04-17,8.01,8010,-0.29(-3.49 %),458000,3708000000,0,0,8250,8250,7990
2023-04-18,8.24,8240,0.24(3.00 %),264200,2143000000,0,0,8210,8240,8000
2023-04-19,8.1,8100,-0.1(-1.22 %),214400,1749000000,0,0,8300,8300,8010
2023-04-20,8.09,8090,-0.01(-0.12 %),307900,2478000000,0,0,8090,8100,8000
2023-04-21,8.02,8020,-0.08(-0.99 %),237800,1917000000,0,0,8090,8170,7990
2023-04-24,8.06,8060,0.06(0.75 %),164000,1326000000,0,0,8050,8190,8030
2023-04-25,8.18,8180,0.08(0.99 %),335200,2759000000,0,0,8100,8390,8100
2023-04-26,8.2,8200,0(0.00 %),108600,883000000,0,0,8170,8200,8060
2023-04-27,8.77,8770,0.57(6.95 %),1370800,11911000000,0,0,8200,8770,8200
2023-04-28,9.12,9120,0.35(3.99 %),1396000,12836000000,0,0,9360,9360,9020
2023-05-04,9.11,9110,-0.01(-0.11 %),962100,8802000000,0,0,8950,9400,8950
2023-05-05,9.74,9740,0.63(6.92 %),2038800,19094000000,0,0,9130,9740,8990
2023-05-08,10.2,10200,0.46(4.72 %),1805900,18264000000,0,0,10000,10250,9930
2023-05-09,10.2,10200,0(0.00 %),1018700,10194000000,0,0,10250,10250,9800
2023-05-10,10.9,10900,0.7(6.86 %),1159500,12257000000,0,0,10350,10900,10150
2023-05-11,11.0,11000,0.1(0.92 %),1519700,16808000000,0,0,11400,11400,10850
2023-05-12,10.85,10850,-0.15(-1.36 %),1139300,12249000000,0,0,10900,11000,10600
2023-05-15,10.7,10700,-0.15(-1.38 %),810800,8783000000,0,0,11250,11250,10650
2023-05-16,10.95,10950,0.25(2.34 %),994700,10814000000,0,0,10800,11200,10500
2023-05-17,10.6,10600,-0.35(-3.20 %),972800,10430000000,0,0,10550,11000,10550
2023-05-18,10.55,10550,-0.05(-0.47 %),838900,8975000000,0,0,10600,10850,10550
2023-05-19,10.5,10500,-0.05(-0.47 %),902900,9377000000,0,0,10600,10750,10050
2023-05-22,11.2,11200,0.7(6.67 %),1351100,14758000000,0,0,10700,11200,10500
2023-05-23,11.85,11850,0.65(5.80 %),2568600,30293000000,0,0,11500,11950,11400
2023-05-24,12.3,12300,0.45(3.80 %),1430300,17269000000,0,0,11900,12350,11800
2023-05-25,12.45,12450,0.15(1.22 %),1547700,19615000000,0,0,12300,13150,12100
2023-05-26,12.3,12300,-0.15(-1.20 %),833500,10358000000,0,0,12400,12700,12300
2023-05-29,13.15,13150,0.85(6.91 %),1411300,18021000000,0,0,12400,13150,12400
2023-05-30,13.2,13200,0.05(0.38 %),794900,10432000000,0,0,13250,13400,12900
2023-05-31,13.25,13250,0.05(0.38 %),839200,11117000000,0,0,13050,13500,13050
2023-06-01,12.85,12850,-0.4(-3.02 %),1516400,19596000000,0,0,13400,13400,12700
2023-06-02,12.9,12900,0.05(0.39 %),1119500,14472000000,0,0,12950,13300,12700
2023-06-05,12.8,12800,-0.1(-0.78 %),749900,9659000000,0,0,13000,13200,12700
2023-06-06,12.95,12950,0.15(1.17 %),696600,9007000000,0,0,12700,13100,12700
2023-06-07,13.3,13300,0.35(2.70 %),999300,13299000000,0,0,13000,13600,12950
2023-06-08,12.85,12850,-0.45(-3.38 %),749800,9830000000,0,0,13350,13450,12850
2023-06-09,13.0,13000,0.15(1.17 %),841500,10848000000,0,0,12850,13200,12700
2023-06-12,13.9,13900,0.9(6.92 %),2227200,30220000000,0,0,13000,13900,12750
2023-06-13,13.9,13900,0(0.00 %),688400,9585000000,150000,2190000000,13900,14300,13750
2023-06-14,13.1,13100,-0.8(-5.76 %),1207300,16126000000,0,0,13950,13950,13000
2023-06-15,12.5,12500,-0.6(-4.58 %),1872500,23466000000,150000,1980000000,13150,13200,12200
2023-06-16,12.3,12300,-0.2(-1.60 %),747500,9399000000,0,0,12800,12850,12300
2023-06-19,12.1,12100,-0.2(-1.63 %),462900,5640000000,0,0,12100,12450,12100
2023-06-20,12.9,12900,0.8(6.61 %),959400,12174000000,150000,1725000000,12300,12900,12150
2023-06-21,12.9,12900,0(0.00 %),683200,8813000000,0,0,12900,13150,12600
2023-06-22,12.95,12950,0.05(0.39 %),713500,9247000000,0,0,13200,13200,12800
2023-06-23,13.0,13000,0(0.00 %),781400,10240000000,0,0,13100,13450,12900
2023-06-26,12.6,12600,-0.4(-3.08 %),770400,9681000000,0,0,13000,13000,12200
2023-06-27,12.5,12500,-0.1(-0.79 %),507200,6396000000,0,0,12650,12900,12500
2023-06-28,12.55,12550,0.05(0.40 %),811000,10161000000,0,0,12500,12900,12350
2023-06-29,12.2,12200,-0.4(-3.17 %),578200,7119000000,0,0,12500,12550,12200
2023-06-30,12.0,12000,-0.2(-1.64 %),515300,6235000000,0,0,12300,12300,12000
2023-07-03,12.2,12200,0.2(1.67 %),300900,3656000000,0,0,12000,12300,12000
2023-07-04,12.8,12800,0.6(4.92 %),880700,11023000000,0,0,12200,12800,12150
2023-07-05,12.55,12550,-0.25(-1.95 %),435000,5515000000,0,0,12900,12900,12500
2023-07-06,12.6,12600,0(0.00 %),1148000,14509000000,0,0,12550,12900,12400
2023-07-07,12.75,12750,0.15(1.19 %),541800,6847000000,0,0,12750,12750,12350
2023-07-10,13.2,13200,0.4(3.12 %),1767900,23426000000,0,0,12800,13450,12800
2023-07-11,13.1,13100,-0.1(-0.76 %),758800,9957000000,0,0,13200,13400,12950
2023-07-12,12.9,12900,-0.2(-1.53 %),621600,8054000000,0,0,13000,13150,12700
2023-07-13,13.25,13250,0.35(2.71 %),1273100,16996000000,0,0,13300,13500,13100
2023-07-14,13.3,13300,0(0.00 %),1071200,14157000000,0,0,13300,13550,12900
2023-07-17,13.5,13500,0.2(1.50 %),1185500,16126000000,0,0,13550,13800,13300
2023-07-18,13.35,13350,-0.15(-1.11 %),541800,7222000000,0,0,13500,13600,13200
2023-07-19,12.9,12900,-0.5(-3.73 %),976200,12793000000,0,0,13400,13450,12900
2023-07-20,12.95,12950,0.05(0.39 %),549100,7063000000,0,0,12900,13000,12750
2023-07-21,13.25,13250,0.25(1.92 %),857200,11185000000,0,0,13000,13400,12800
2023-07-24,13.5,13500,0.2(1.50 %),965400,12891000000,0,0,13300,13600,13250
2023-07-25,13.8,13800,0.3(2.22 %),2152400,29746000000,0,0,13600,14150,13350
2023-07-26,13.5,13500,-0.3(-2.17 %),1071400,14510000000,0,0,13850,13850,13450
2023-07-27,14.4,14400,0.9(6.67 %),3148000,44009000000,0,0,13500,14400,13500
2023-07-28,14.45,14450,0.05(0.35 %),1521600,22306000000,0,0,14500,15000,14300
2023-07-31,14.55,14550,0.05(0.34 %),1345300,19170000000,0,0,14700,14700,14050
2023-08-01,13.9,13900,-0.7(-4.79 %),1693300,23822000000,0,0,14550,14550,13900
2023-08-02,14.1,14100,0.2(1.44 %),597000,8306000000,0,0,14000,14250,13750
2023-08-03,13.8,13800,-0.3(-2.13 %),1159200,16185000000,0,0,14250,14300,13800
2023-08-04,14.05,14050,0.25(1.81 %),1738300,24206000000,0,0,13950,14250,13650
2023-08-07,13.95,13950,-0.1(-0.71 %),1827000,25740000000,0,0,14100,14500,13900
2023-08-08,13.65,13650,-0.3(-2.15 %),1733700,23825000000,0,0,14000,14000,13500
2023-08-09,13.75,13750,0.1(0.73 %),798400,10946000000,0,0,13750,13900,13550
2023-08-10,13.5,13500,-0.25(-1.82 %),715200,9796000000,0,0,13900,13950,13500
2023-08-11,13.4,13400,-0.1(-0.74 %),828400,11013000000,0,0,13550,13700,13100
2023-08-14,13.4,13400,0(0.00 %),1426600,19349000000,0,0,13600,13750,13400
2023-08-15,13.6,13600,0.2(1.49 %),986800,13524000000,0,0,13600,13800,13550
2023-08-16,13.7,13700,0.1(0.74 %),616900,8416000000,0,0,13650,13800,13500
2023-08-17,13.2,13200,-0.5(-3.65 %),1162000,15632000000,0,0,13750,13750,13200
2023-08-18,12.3,12300,-0.9(-6.82 %),1928100,24283000000,0,0,13150,13200,12300
2023-08-21,11.45,11450,-0.85(-6.91 %),1031800,12078000000,0,0,12200,12250,11450
2023-08-22,11.5,11500,0(0.00 %),925500,10418000000,0,0,11650,11700,10700
2023-08-23,11.15,11150,-0.35(-3.04 %),416800,4763000000,0,0,11800,11800,10800
2023-08-24,11.9,11900,0.75(6.73 %),800400,9311000000,0,0,11150,11900,11150
2023-08-25,12.15,12150,0.25(2.10 %),500800,6023000000,0,0,12000,12300,11850
2023-08-28,12.15,12150,0(0.00 %),507800,6158000000,0,0,12050,12300,11950
2023-08-29,12.2,12200,0.05(0.41 %),636400,7844000000,0,0,12200,12550,12100
2023-08-30,12.2,12200,0(0.00 %),448400,5448000000,0,0,12350,12350,11950
2023-08-31,12.35,12350,0.15(1.23 %),572900,7048000000,0,0,12350,12450,12150
2023-09-05,12.5,12500,0.15(1.21 %),691400,8618000000,0,0,12550,12650,12300
2023-09-06,12.75,12750,0.25(2.00 %),688100,8613000000,0,0,12500,12800,12350
2023-09-07,12.95,12950,0.2(1.57 %),1403100,18184000000,0,0,12750,13150,12750
2023-09-08,12.9,12900,-0.05(-0.39 %),1148600,15022000000,90000,1242000000,12950,13400,12800
2023-09-11,12.2,12200,-0.7(-5.43 %),859100,10791000000,0,0,12900,13000,12200
2023-09-12,12.6,12600,0.4(3.28 %),470400,5785000000,0,0,12200,12600,12200
2023-09-13,12.4,12400,-0.2(-1.59 %),521500,6515000000,90000,1062000000,12700,12700,12350
2023-09-14,11.9,11900,-0.5(-4.03 %),798600,9600000000,0,0,12400,12400,11850
2023-09-15,11.5,11500,-0.4(-3.36 %),1124900,13117000000,0,0,11900,12000,11500
2023-09-18,11.85,11850,0.35(3.04 %),402100,4702000000,0,0,11550,11850,11500
2023-09-19,11.85,11850,0(0.00 %),209200,2448000000,0,0,11900,11900,11600
2023-09-20,12.15,12150,0.3(2.53 %),295800,3544000000,80000,1000000000,11850,12200,11700
2023-09-21,12.0,12000,-0.15(-1.23 %),552800,6685000000,0,0,12150,12250,12000
2023-09-22,11.55,11550,-0.45(-3.75 %),654400,7479000000,0,0,11800,11800,11200
2023-09-25,10.75,10750,-0.8(-6.93 %),741000,8120000000,0,0,11200,11600,10750
2023-09-26,10.65,10650,-0.1(-0.93 %),299200,3157000000,0,0,10750,10800,10350
2023-09-27,10.95,10950,0.3(2.82 %),399900,4148000000,80000,796000000,10400,11000,10000
2023-09-28,10.6,10600,-0.35(-3.20 %),218700,2312000000,0,0,10900,10900,10400
2023-09-29,10.75,10750,0.15(1.42 %),234900,2500000000,0,0,10800,10800,10550
2023-10-02,10.8,10800,0.05(0.47 %),130700,1407000000,0,0,10900,10900,10550
2023-10-03,10.05,10050,-0.75(-6.94 %),520500,5325000000,0,0,10550,10550,10050
2023-10-04,10.15,10150,0.1(1.00 %),293900,2952000000,0,0,9750,10350,9690
2023-10-05,10.15,10150,0(0.00 %),162800,1644000000,0,0,10200,10300,9980
2023-10-06,10.3,10300,0.15(1.48 %),154700,1569000000,0,0,10100,10300,10000
2023-10-09,10.35,10350,0.05(0.49 %),207800,2129000000,0,0,10300,10350,10150
2023-10-10,10.7,10700,0.35(3.38 %),736100,7873000000,0,0,10350,10950,10350
2023-10-11,10.65,10650,-0.05(-0.47 %),200900,2131000000,0,0,10700,10750,10500
2023-10-12,10.65,10650,0(0.00 %),422600,4524000000,0,0,10700,10900,10500
2023-10-13,10.65,10650,0(0.00 %),195800,2057000000,0,0,10400,10650,10400
2023-10-16,10.45,10450,-0.2(-1.88 %),242200,2550000000,0,0,10650,10800,10350
2023-10-17,10.15,10150,-0.3(-2.87 %),134300,1391000000,0,0,10450,10550,10150
2023-10-18,9.45,9450,-0.7(-6.90 %),329400,3229000000,0,0,10400,10400,9450
2023-10-19,9.43,9430,-0.02(-0.21 %),181900,1728000000,0,0,9620,9630,9400
2023-10-20,9.65,9650,0.22(2.33 %),234900,2190000000,0,0,9430,9650,8770
2023-10-23,9.64,9640,-0.01(-0.10 %),105700,1023000000,0,0,9700,9790,9530
2023-10-24,9.75,9750,0.11(1.14 %),180600,1757000000,0,0,9640,9800,9610
2023-10-25,9.75,9750,0(0.00 %),152500,1510000000,0,0,9900,10050,9720
2023-10-26,9.07,9070,-0.68(-6.97 %),549900,5016000000,0,0,9700,9700,9070
2023-10-27,9.15,9150,0.08(0.88 %),133700,1209000000,0,0,9010,9200,8600
2023-10-30,8.85,8850,-0.3(-3.28 %),137900,1244000000,0,0,9080,9120,8850
2023-10-31,8.31,8310,-0.54(-6.10 %),288900,2502000000,0,0,9140,9140,8310
2023-11-01,8.39,8390,0.08(0.96 %),296100,2446000000,0,0,8310,8500,8000
2023-11-02,8.97,8970,0.58(6.91 %),324300,2858000000,0,0,8530,8970,8450
2023-11-03,9.1,9100,0.13(1.45 %),242400,2214000000,0,0,9190,9230,9000
2023-11-06,9.25,9250,0.15(1.65 %),206400,1889000000,0,0,9100,9250,9100
2023-11-07,9.2,9200,-0.05(-0.54 %),131200,1212000000,0,0,9240,9350,9150
2023-11-08,9.8,9800,0.6(6.52 %),384200,3657000000,0,0,9160,9800,9140
2023-11-09,10.1,10100,0.3(3.06 %),548000,5491000000,0,0,9800,10350,9750
2023-11-10,9.98,9980,-0.12(-1.19 %),397700,3999000000,0,0,9900,10250,9900
2023-11-13,10.0,10000,0.02(0.20 %),188500,1874000000,0,0,9980,10150,9710
2023-11-14,9.99,9990,-0.01(-0.10 %),252200,2513000000,0,0,10000,10150,9700
2023-11-15,10.1,10100,0.11(1.10 %),269100,2727000000,0,0,10200,10300,10000
2023-11-16,10.15,10150,0.05(0.50 %),159200,1595000000,0,0,10000,10150,9950
2023-11-17,10.75,10750,0.6(5.91 %),1585600,16950000000,0,0,10200,10850,10150
2023-11-20,10.8,10800,0.05(0.47 %),321700,3405000000,0,0,10500,10800,10300
2023-11-21,11.0,11000,0.2(1.85 %),644800,7114000000,0,0,10900,11200,10800
2023-11-22,11.15,11150,0.15(1.36 %),575600,6302000000,0,0,10650,11300,10650
2023-11-23,10.5,10500,-0.65(-5.83 %),731800,7919000000,0,0,11200,11200,10500
2023-11-24,10.2,10200,-0.3(-2.86 %),748900,7554000000,0,0,10450,10450,9910
2023-11-27,9.98,9980,-0.22(-2.16 %),315000,3164000000,0,0,10200,10350,9980
2023-11-28,9.91,9910,-0.07(-0.70 %),258400,2548000000,0,0,9960,10100,9700
2023-11-29,10.1,10100,0.19(1.92 %),215900,2167000000,0,0,10000,10200,9920
2023-11-30,9.95,9950,-0.15(-1.49 %),186300,1883000000,0,0,10100,10250,9950
2023-12-01,9.98,9980,0.03(0.30 %),194000,1928000000,0,0,10000,10000,9870
2023-12-04,10.55,10550,0.57(5.71 %),737300,7629000000,0,0,10000,10650,10000
2023-12-05,10.6,10600,0.05(0.47 %),311500,3319000000,0,0,10700,10850,10500
2023-12-06,10.8,10800,0.2(1.89 %),435000,4638000000,0,0,10700,10800,10500
2023-12-07,10.65,10650,-0.15(-1.39 %),404600,4278000000,0,0,10900,10950,10300
2023-12-08,10.5,10500,-0.15(-1.41 %),339900,3617000000,0,0,10500,10750,10500
2023-12-11,10.55,10550,0.05(0.48 %),208900,2182000000,0,0,10650,10650,10350
2023-12-12,10.4,10400,-0.15(-1.42 %),215800,2254000000,0,0,10550,10550,10350
2023-12-13,10.1,10100,-0.3(-2.88 %),272100,2784000000,0,0,10550,10550,10050
2023-12-14,10.0,10000,-0.1(-0.99 %),400200,4046000000,0,0,10150,10200,10000
2023-12-15,10.05,10050,0.05(0.50 %),131000,1316000000,0,0,10050,10150,10000
2023-12-18,10.05,10050,0(0.00 %),106000,1069000000,0,0,10000,10200,10000
2023-12-19,10.1,10100,0.05(0.50 %),172100,1733000000,0,0,10050,10150,10000
2023-12-20,10.25,10250,0.15(1.49 %),109600,1120000000,0,0,10100,10350,10100
2023-12-21,10.2,10200,-0.05(-0.49 %),89700,911000000,0,0,10250,10250,10100
2023-12-22,10.2,10200,0(0.00 %),120500,1231000000,0,0,10250,10300,10150
2023-12-25,10.2,10200,0(0.00 %),371900,3783000000,0,0,10200,10250,10100
2023-12-26,10.15,10150,-0.05(-0.49 %),228100,2322000000,0,0,10250,10300,10100
2023-12-27,10.35,10350,0.2(1.97 %),400700,4114000000,0,0,10200,10400,10150
2023-12-28,11.05,11050,0.7(6.76 %),1636600,17813000000,0,0,10450,11050,10400
2023-12-29,10.8,10800,-0.25(-2.26 %),645700,7064000000,0,0,11250,11250,10800
2024-01-02,10.9,10900,0.1(0.93 %),1096800,12098000000,0,0,10800,11350,10750
2024-01-03,11.35,11350,0.45(4.13 %),857100,9654000000,0,0,11000,11350,10900
2024-01-04,11.1,11100,-0.25(-2.20 %),530400,5939000000,0,0,11350,11350,11100
2024-01-05,10.9,10900,-0.2(-1.80 %),632000,6965000000,0,0,11000,11200,10900
2024-01-08,11.1,11100,0.2(1.83 %),439100,4855000000,0,0,11050,11250,10900
2024-01-09,11.5,11500,0.4(3.60 %),989400,11249000000,0,0,11150,11600,11100
2024-01-10,11.15,11150,-0.35(-3.04 %),556500,6212000000,0,0,11500,11500,11050
2024-01-11,11.25,11250,0.1(0.90 %),313400,3487000000,0,0,11100,11350,11000
2024-01-12,10.7,10700,-0.55(-4.89 %),1076600,11632000000,0,0,10900,11000,10650
2024-01-15,10.65,10650,-0.05(-0.47 %),221400,2387000000,0,0,10700,11000,10650
2024-01-16,10.8,10800,0.15(1.41 %),298800,3163000000,0,0,10550,10800,10450
2024-01-17,10.7,10700,-0.1(-0.93 %),233100,2509000000,0,0,10800,10850,10650
2024-01-18,10.85,10850,0.15(1.40 %),308700,3339000000,0,0,10800,10950,10700
2024-01-19,10.7,10700,-0.15(-1.38 %),207000,2236000000,0,0,10950,10950,10700
2024-01-22,10.75,10750,0.05(0.47 %),254600,2705000000,0,0,10800,10800,10550
2024-01-23,10.6,10600,-0.15(-1.40 %),253300,2693000000,0,0,10750,10850,10550
2024-01-24,10.45,10450,-0.15(-1.42 %),472000,4954000000,0,0,10600,10700,10400
2024-01-25,10.4,10400,-0.05(-0.48 %),178900,1867000000,0,0,10550,10550,10400
2024-01-26,10.6,10600,0.2(1.92 %),116700,1228000000,0,0,10500,10600,10450
2024-01-29,11.0,11000,0.4(3.77 %),1292700,14201000000,0,0,10650,11200,10500
2024-01-30,11.0,11000,0(0.00 %),451100,4954000000,0,0,11000,11150,10800
2024-01-31,10.65,10650,-0.35(-3.18 %),638900,6962000000,0,0,11100,11250,10650
2024-02-01,10.85,10850,0.2(1.88 %),407100,4356000000,0,0,10600,10900,10500
2024-02-02,11.3,11300,0.45(4.15 %),1822100,20580000000,0,0,11000,11400,11000
2024-02-05,11.35,11350,0.05(0.44 %),619300,7006000000,0,0,11300,11450,11150
2024-02-06,11.25,11250,-0.1(-0.88 %),961100,10833000000,0,0,11350,11450,11100
2024-02-07,11.25,11250,0(0.00 %),557800,6277000000,0,0,11400,11400,11150
2024-02-15,11.45,11450,0.2(1.78 %),917000,10476000000,0,0,11300,11600,11200
2024-02-16,11.45,11450,0(0.00 %),662900,7681000000,0,0,11450,11800,11400
2024-02-19,11.35,11350,-0.1(-0.87 %),520700,5900000000,0,0,11500,11500,11200
2024-02-20,11.3,11300,-0.05(-0.44 %),628500,7166000000,0,0,11400,11600,11250
2024-02-21,11.3,11300,0(0.00 %),340300,3835000000,0,0,11300,11400,11200
2024-02-22,11.35,11350,0.05(0.44 %),612600,6942000000,0,0,11300,11450,11200
2024-02-23,10.85,10850,-0.5(-4.41 %),965600,10732000000,0,0,11350,11350,10850
2024-02-26,10.9,10900,0.05(0.46 %),237200,2580000000,0,0,10900,11000,10800
2024-02-27,11.15,11150,0.25(2.29 %),349900,3864000000,0,0,11000,11200,10900
2024-02-28,10.9,10900,-0.25(-2.24 %),339400,3737000000,0,0,11250,11250,10900
2024-02-29,11.0,11000,0.1(0.92 %),366900,4041000000,0,0,11050,11100,10950
2024-03-01,11.3,11300,0.3(2.73 %),432400,4786000000,0,0,11100,11300,10950
2024-03-04,11.65,11650,0.35(3.10 %),2147600,25111000000,0,0,11500,12000,11450
2024-03-05,11.5,11500,-0.15(-1.29 %),530100,6115000000,0,0,11650,11650,11400
2024-03-06,11.2,11200,-0.3(-2.61 %),340400,3882000000,0,0,11600,11600,11200
2024-03-07,11.35,11350,0.1(0.89 %),586200,6601000000,0,0,11250,11400,11100
2024-03-08,11.0,11000,-0.35(-3.08 %),790300,8796000000,0,0,11450,11450,11000
2024-03-11,10.85,10850,-0.15(-1.36 %),837000,9154000000,0,0,11000,11150,10850
2024-03-12,10.85,10850,0(0.00 %),524900,5714000000,0,0,10950,11000,10800
2024-03-13,11.15,11150,0.3(2.76 %),633000,6993000000,0,0,10800,11200,10800
2024-03-14,11.1,11100,-0.05(-0.45 %),800400,8955000000,0,0,11150,11300,11050
2024-03-15,11.25,11250,0.15(1.35 %),796400,9032000000,0,0,11100,11450,11000
2024-03-18,11.8,11800,0.55(4.89 %),3247900,38004000000,0,0,11400,12000,11200
2024-03-19,11.6,11600,-0.2(-1.69 %),472800,5555000000,0,0,12000,12000,11600
2024-03-20,11.5,11500,-0.1(-0.86 %),690500,7963000000,0,0,11600,11700,11400
2024-03-21,11.8,11800,0.3(2.61 %),1034600,12152000000,0,0,11700,11950,11550
2024-03-22,11.6,11600,-0.2(-1.69 %),1003600,11776000000,0,0,11950,11950,11600
2024-03-25,11.6,11600,0(0.00 %),1132500,13309000000,0,0,11650,12000,11550
2024-03-26,12.4,12400,0.8(6.90 %),2036700,24798000000,0,0,11550,12400,11500
2024-03-27,12.55,12550,0.15(1.21 %),1177400,14816000000,0,0,12650,12700,12400
2024-03-28,12.5,12500,-0.05(-0.40 %),954800,11973000000,0,0,12700,12800,12350
2024-03-29,12.35,12350,-0.15(-1.20 %),780200,9711000000,0,0,12400,12700,12300
2024-04-01,12.6,12600,0.25(2.02 %),1419900,17770000000,0,0,12400,12800,12250
2024-04-02,12.5,12500,-0.1(-0.79 %),910900,11347000000,0,0,12650,12650,12300
2024-04-03,12.2,12200,-0.3(-2.40 %),1148300,14208000000,0,0,12600,12600,12200
2024-04-04,11.85,11850,-0.35(-2.87 %),1375300,16391000000,0,0,12150,12200,11650
2024-04-05,11.65,11650,-0.2(-1.69 %),1044300,12228000000,0,0,11650,11900,11550
2024-04-08,11.4,11400,-0.25(-2.15 %),851200,9827000000,0,0,11650,11700,11400
2024-04-09,11.4,11400,0(0.00 %),703100,7963000000,0,0,11400,11500,11200
2024-04-10,11.3,11300,-0.1(-0.88 %),566500,6485000000,0,0,11500,11600,11300
2024-04-11,11.3,11300,0(0.00 %),480900,5420000000,0,0,11200,11400,11150
2024-04-12,11.5,11500,0.2(1.77 %),507200,5809000000,0,0,11450,11550,11350
2024-04-15,10.7,10700,-0.8(-6.96 %),1306600,14448000000,0,0,11500,11500,10700
2024-04-16,10.15,10150,-0.55(-5.14 %),1084700,11143000000,0,0,10700,10700,10050
2024-04-17,10.05,10050,-0.1(-0.99 %),499600,5069000000,0,0,10300,10300,10050
2024-04-19,9.55,9550,-0.5(-4.98 %),560100,5509000000,0,0,10000,10050,9550
2024-04-22,9.91,9910,0.36(3.77 %),248200,2447000000,0,0,9750,10000,9600
2024-04-23,9.72,9720,-0.19(-1.92 %),269600,2640000000,0,0,9910,9920,9680
2024-04-24,10.1,10100,0.38(3.91 %),462000,4599000000,0,0,9870,10300,9640
2024-04-25,9.95,9950,-0.15(-1.49 %),182500,1810000000,0,0,10000,10000,9850
2024-04-26,9.85,9850,-0.1(-1.01 %),331300,3278000000,0,0,9700,9980,9700
2024-05-02,9.93,9930,0.08(0.81 %),182100,1807000000,0,0,10000,10000,9850
2024-05-03,10.0,10000,0.07(0.70 %),295400,2952000000,0,0,9940,10100,9940
2024-05-06,10.3,10300,0.3(3.00 %),317800,3242000000,0,0,10100,10350,10000
2024-05-07,10.3,10300,0(0.00 %),267200,2740000000,0,0,10350,10450,10150
2024-05-08,10.4,10400,0.1(0.97 %),333700,3437000000,0,0,10200,10450,10150
2024-05-09,10.2,10200,-0.2(-1.92 %),269700,2767000000,0,0,10450,10450,10200
2024-05-10,10.05,10050,-0.15(-1.47 %),240600,2434000000,0,0,10200,10300,10050
2024-05-13,10.2,10200,0.15(1.49 %),206000,2097000000,0,0,10150,10300,10050
2024-05-14,10.2,10200,0(0.00 %),143200,1465000000,0,0,10250,10350,10100
2024-05-15,10.45,10450,0.25(2.45 %),369200,3839000000,0,0,10200,10550,10200
2024-05-16,10.45,10450,0(0.00 %),264500,2780000000,0,0,10450,10600,10450
2024-05-17,10.45,10450,0(0.00 %),247800,2585000000,0,0,10600,10600,10300
2024-05-20,10.7,10700,0.25(2.39 %),658900,7005000000,0,0,10550,10800,10500
2024-05-21,10.7,10700,0(0.00 %),223400,2370000000,0,0,10600,10700,10500
2024-05-22,10.8,10800,0.1(0.93 %),511900,5534000000,0,0,10850,10950,10700
2024-05-23,10.85,10850,0.05(0.46 %),321100,3443000000,0,0,10700,10850,10600
2024-05-24,10.4,10400,-0.45(-4.15 %),702800,7410000000,0,0,10600,10800,10250
2024-05-27,10.35,10350,-0.05(-0.48 %),276700,2869000000,0,0,10550,10550,10300
2024-05-28,10.55,10550,0.2(1.93 %),401500,4217000000,0,0,10450,10600,10400
2024-05-29,10.5,10500,-0.05(-0.47 %),362000,3828000000,0,0,10600,10700,10400
2024-05-30,10.35,10350,-0.15(-1.43 %),505200,5197000000,0,0,10400,10500,10100
2024-05-31,10.35,10350,0(0.00 %),195000,2017000000,0,0,10350,10450,10250
2024-06-03,10.6,10600,0.25(2.42 %),535200,5670000000,0,0,10450,10700,10400
2024-06-04,11.3,11300,0.7(6.60 %),1365100,15102000000,0,0,10600,11300,10600
2024-06-05,11.35,11350,0.05(0.44 %),889200,10230000000,0,0,11600,11700,11300
2024-06-06,11.4,11400,0.05(0.44 %),824300,9335000000,0,0,11350,11600,11050
2024-06-07,11.25,11250,-0.15(-1.32 %),763700,8610000000,0,0,11400,11450,11150
2024-06-10,11.2,11200,-0.05(-0.44 %),755100,8441000000,0,0,11300,11400,11100
2024-06-11,11.15,11150,-0.05(-0.45 %),607300,6813000000,0,0,11350,11450,11050
2024-06-12,11.3,11300,0.15(1.35 %),512700,5783000000,0,0,11250,11450,11150
2024-06-13,11.55,11550,0.25(2.21 %),1025800,11850000000,0,0,11400,11750,11350
2024-06-14,11.1,11100,-0.45(-3.90 %),781300,8824000000,0,0,11600,11600,11100
2024-06-17,10.75,10750,-0.35(-3.15 %),530400,5771000000,0,0,11100,11200,10750
2024-06-18,10.85,10850,0.1(0.93 %),309200,3381000000,0,0,10800,11100,10800
2024-06-19,10.9,10900,0.05(0.46 %),380600,4121000000,0,0,10950,10950,10750
2024-06-20,11.35,11350,0.45(4.13 %),850200,9527000000,0,0,10950,11400,10850
2024-06-21,11.4,11400,0.05(0.44 %),1160600,13457000000,0,0,11400,11750,11400
2024-06-24,12.15,12150,0.75(6.58 %),4644300,56225000000,0,0,11450,12150,11450
2024-06-25,11.85,11850,-0.3(-2.47 %),621400,7550000000,0,0,12150,12600,11600
2024-06-26,12.0,12000,0.15(1.27 %),1011900,12078000000,0,0,11950,12300,11750
2024-06-27,11.65,11650,-0.35(-2.92 %),1128400,13209000000,0,0,11950,12000,11500
2024-06-28,11.45,11450,-0.2(-1.72 %),854300,9934000000,0,0,11700,12000,11300
2024-07-01,12.0,12000,0.55(4.80 %),706500,8255000000,0,0,11500,12000,11450
2024-07-02,12.25,12250,0.25(2.08 %),956700,11567000000,0,0,12000,12250,11800
2024-07-03,12.05,12050,-0.2(-1.63 %),475600,5793000000,0,0,12350,12350,12050
2024-07-04,11.9,11900,-0.15(-1.24 %),777500,9278000000,0,0,12100,12200,11800
2024-07-05,12.1,12100,0.2(1.68 %),525000,6298000000,0,0,11900,12150,11850
2024-07-08,11.85,11850,-0.25(-2.07 %),1190000,14121000000,0,0,12050,12150,11700
2024-07-09,11.95,11950,0.1(0.84 %),732100,8711000000,0,0,11850,12050,11750
2024-07-10,12.5,12500,0.55(4.60 %),1185500,14429000000,0,0,12000,12500,11850
2024-07-11,12.15,12150,-0.35(-2.80 %),694600,8610000000,0,0,12600,12800,12100
2024-07-12,12.1,12100,-0.05(-0.41 %),683700,8259000000,0,0,12200,12300,11950
2024-07-15,12.0,12000,-0.1(-0.83 %),487500,5815000000,0,0,12100,12100,11850
2024-07-16,11.95,11950,-0.05(-0.42 %),697300,8453000000,0,0,12000,12350,11900
2024-07-17,11.4,11400,-0.55(-4.60 %),1392400,16157000000,0,0,12000,12100,11150
2024-07-18,11.4,11400,0(0.00 %),703900,7869000000,0,0,11250,11400,11000
2024-07-19,11.05,11050,-0.35(-3.07 %),494800,5518000000,0,0,11400,11400,11050
2024-07-22,11.1,11100,0.05(0.45 %),1196800,13507000000,0,0,11000,11550,10950
2024-07-23,11.15,11150,0.05(0.45 %),523600,5862000000,0,0,11150,11400,11100
2024-07-24,11.85,11850,0.7(6.28 %),815900,9287000000,0,0,11150,11900,11050
2024-07-25,11.8,11800,-0.05(-0.42 %),527700,6198000000,0,0,11800,11900,11600
2024-07-26,12.2,12200,0.4(3.39 %),1144500,13832000000,0,0,11800,12250,11750
2024-07-29,12.2,12200,0(0.00 %),560100,6837000000,0,0,12500,12500,12050
2024-07-30,11.65,11650,-0.55(-4.51 %),1141000,13517000000,0,0,12200,12250,11550
2024-07-31,11.6,11600,-0.05(-0.43 %),554000,6459000000,0,0,11700,11900,11550
2024-08-01,11.05,11050,-0.55(-4.74 %),971200,10827000000,0,0,11700,11700,10900
2024-08-02,11.1,11100,0.05(0.45 %),516100,5644000000,0,0,11050,11150,10800
2024-08-05,10.35,10350,-0.75(-6.76 %),1252900,13094000000,0,0,11000,11050,10350
2024-08-06,10.6,10600,0.25(2.42 %),386900,4035000000,0,0,10450,10600,10150
2024-08-07,10.6,10600,0(0.00 %),401800,4238000000,0,0,10600,10700,10400
2024-08-08,10.5,10500,-0.1(-0.94 %),293800,3109000000,0,0,10600,10750,10400
2024-08-09,10.7,10700,0.2(1.90 %),203600,2157000000,0,0,10650,10750,10500
2024-08-12,10.6,10600,-0.1(-0.93 %),245400,2600000000,0,0,10650,10700,10550
2024-08-13,10.75,10750,0.15(1.42 %),275800,2958000000,0,0,10600,10950,10550
2024-08-14,10.8,10800,0.05(0.47 %),207000,2246000000,0,0,10800,11050,10750
2024-08-15,10.55,10550,-0.25(-2.31 %),208600,2198000000,0,0,10800,10800,10300
2024-08-16,11.25,11250,0.7(6.64 %),625900,6878000000,0,0,10650,11250,10650
2024-08-19,11.15,11150,-0.1(-0.89 %),255500,2874000000,0,0,11400,11400,11150
2024-08-20,11.35,11350,0.2(1.79 %),614200,6971000000,0,0,11100,11600,11050
2024-08-21,11.25,11250,-0.1(-0.88 %),231000,2606000000,0,0,11350,11400,11100
2024-08-22,11.25,11250,0(0.00 %),515200,5779000000,0,0,11250,11350,11050
2024-08-23,11.5,11500,0.25(2.22 %),852000,9753000000,0,0,11250,11550,11200
2024-08-26,11.45,11450,-0.05(-0.43 %),1012300,11844000000,0,0,11700,11850,11450
2024-08-27,11.65,11650,0.2(1.75 %),653900,7612000000,0,0,11500,11850,11450
2024-08-28,11.5,11500,-0.15(-1.29 %),315600,3639000000,0,0,11750,11750,11400
2024-08-29,11.45,11450,-0.05(-0.43 %),234900,2685000000,0,0,11600,11600,11300
2024-08-30,11.45,11450,0(0.00 %),164400,1872000000,0,0,11400,11450,11200
2024-09-04,11.5,11500,0.05(0.44 %),225500,2568000000,0,0,11400,11650,11200
2024-09-05,11.45,11450,-0.05(-0.43 %),398400,4614000000,0,0,11500,11700,11400
2024-09-06,11.5,11500,0.05(0.44 %),258200,2960000000,0,0,11500,11550,11350
2024-09-09,11.45,11450,-0.05(-0.43 %),182100,2088000000,0,0,11500,11700,11350
2024-09-10,11.4,11400,-0.05(-0.44 %),332600,3781000000,0,0,11600,11600,11300
2024-09-11,11.5,11500,0.1(0.88 %),459700,5240000000,0,0,11450,11500,11200
2024-09-12,11.4,11400,-0.1(-0.87 %),221500,2513000000,0,0,11500,11500,11200
2024-09-13,11.4,11400,0(0.00 %),192700,2182000000,0,0,11400,11400,11250
2024-09-16,11.2,11200,-0.2(-1.75 %),196900,2217000000,0,0,11300,11400,11150
2024-09-17,11.4,11400,0.2(1.79 %),203800,2293000000,0,0,11400,11400,11100
2024-09-18,11.4,11400,0(0.00 %),342400,3900000000,0,0,11400,11500,11300
2024-09-19,11.4,11400,0(0.00 %),250500,2853000000,0,0,11500,11500,11350
2024-09-20,11.5,11500,0.1(0.88 %),426300,4895000000,0,0,11450,11600,11400
2024-09-23,11.3,11300,-0.2(-1.74 %),338800,3867000000,0,0,11550,11550,11300
2024-09-24,11.3,11300,0(0.00 %),327700,3700000000,0,0,11250,11400,11250
2024-09-25,11.5,11500,0.2(1.77 %),371000,4248000000,0,0,11300,11550,11300
2024-09-26,11.5,11500,0(0.00 %),638000,7366000000,0,0,11600,11650,11400
2024-09-27,11.35,11350,-0.15(-1.30 %),531900,6085000000,0,0,11600,11650,11250
2024-09-30,11.2,11200,-0.15(-1.32 %),337700,3797000000,0,0,11350,11400,11200
2024-10-01,11.25,11250,0.05(0.45 %),336000,3796000000,0,0,11250,11400,11200
2024-10-02,11.15,11150,-0.1(-0.89 %),409600,4563000000,0,0,11200,11250,11100
2024-10-03,10.95,10950,-0.2(-1.79 %),398600,4408000000,0,0,11300,11300,10900
2024-10-04,10.8,10800,-0.15(-1.37 %),283200,3085000000,0,0,11000,11000,10800
2024-10-07,10.85,10850,0.05(0.46 %),88100,956000000,0,0,10850,10900,10850
2024-10-08,10.8,10800,-0.05(-0.46 %),182000,1973000000,0,0,10900,10950,10800
2024-10-09,11.05,11050,0.25(2.31 %),155600,1698000000,0,0,10850,11100,10800
2024-10-10,10.95,10950,-0.1(-0.90 %),116000,1277000000,0,0,11100,11150,10850
2024-10-11,10.9,10900,-0.05(-0.46 %),114000,1242000000,0,0,10950,11000,10850
2024-10-14,10.95,10950,0.05(0.46 %),141300,1546000000,0,0,10950,11100,10850
2024-10-15,10.85,10850,-0.1(-0.91 %),201400,2189000000,0,0,10950,11050,10750
2024-10-16,10.85,10850,0(0.00 %),105700,1145000000,0,0,10850,10950,10750
2024-10-17,11.0,11000,0.15(1.38 %),210800,2293000000,0,0,10950,11050,10750
2024-10-18,10.9,10900,-0.1(-0.91 %),89200,978000000,0,0,11100,11100,10900
2024-10-21,10.8,10800,-0.1(-0.92 %),132200,1438000000,0,0,10900,10950,10800
2024-10-22,10.9,10900,0.1(0.93 %),166700,1811000000,0,0,10800,11000,10800
2024-10-23,11.1,11100,0.2(1.83 %),231500,2549000000,0,0,10950,11150,10800
2024-10-24,11.1,11100,0(0.00 %),79400,874000000,0,0,11150,11150,10900
2024-10-25,10.85,10850,-0.25(-2.25 %),217400,2386000000,0,0,11000,11200,10850
2024-10-28,10.9,10900,0.05(0.46 %),108200,1168000000,0,0,10850,11000,10550
2024-10-29,10.8,10800,-0.1(-0.92 %),114100,1235000000,0,0,10900,11000,10800
2024-10-30,10.85,10850,0.05(0.46 %),140400,1520000000,0,0,10850,10950,10700
2024-10-31,11.0,11000,0.15(1.38 %),150900,1648000000,0,0,10900,11000,10800
2024-11-01,10.9,10900,-0.1(-0.91 %),101400,1109000000,0,0,10950,11050,10850
2024-11-04,10.85,10850,-0.05(-0.46 %),148400,1609000000,0,0,10750,10950,10750
2024-11-05,10.85,10850,0(0.00 %),81900,886000000,0,0,10900,10950,10750
2024-11-06,10.9,10900,0.05(0.46 %),87900,957000000,0,0,10900,10950,10750
2024-11-07,10.9,10900,0(0.00 %),214000,2346000000,0,0,10950,11100,10900
2024-11-08,10.9,10900,0(0.00 %),50200,545000000,0,0,11000,11000,10800
2024-11-11,10.7,10700,-0.2(-1.83 %),223100,2396000000,0,0,10800,10850,10650
2024-11-12,11.0,11000,0.3(2.80 %),598500,6509000000,0,0,10800,11150,10750
2024-11-13,10.85,10850,-0.15(-1.36 %),184000,1987000000,0,0,11000,11000,10750
2024-11-14,10.7,10700,-0.15(-1.38 %),165400,1781000000,0,0,10800,10950,10650
2024-11-15,10.55,10550,-0.15(-1.40 %),137800,1460000000,0,0,10700,10700,10550
2024-11-18,10.45,10450,-0.1(-0.95 %),511900,5368000000,0,0,10600,10600,10300
2024-11-19,10.55,10550,0.1(0.96 %),218900,2302000000,0,0,10500,10650,10300
2024-11-20,10.9,10900,0.35(3.32 %),759300,8087000000,0,0,10550,10950,10450
2024-11-21,10.85,10850,-0.05(-0.46 %),39600,427000000,0,0,10750,10900,10700
2024-11-22,10.65,10650,-0.2(-1.84 %),172100,1836000000,0,0,10850,10850,10650
2024-11-25,10.7,10700,0.05(0.47 %),73000,779000000,0,0,10650,10750,10650
2024-11-26,10.8,10800,0.1(0.93 %),167200,1807000000,0,0,10700,10900,10700
2024-11-27,10.75,10750,-0.05(-0.46 %),99700,1071000000,0,0,10800,10800,10700
2024-11-28,10.7,10700,-0.05(-0.47 %),97500,1047000000,0,0,10750,10850,10700
2024-11-29,10.6,10600,-0.1(-0.93 %),230500,2445000000,0,0,10750,10750,10500
2024-12-02,10.6,10600,0(0.00 %),155900,1650000000,0,0,10650,10650,10500
2024-12-03,10.6,10600,0(0.00 %),125000,1320000000,0,0,10600,10650,10500
2024-12-04,10.5,10500,-0.1(-0.94 %),157600,1653000000,0,0,10600,10600,10450
2024-12-05,10.85,10850,0.35(3.33 %),277500,2951000000,0,0,10550,10850,10500
2024-12-06,10.75,10750,-0.1(-0.92 %),91300,979000000,0,0,10850,10850,10650
2024-12-09,10.95,10950,0.2(1.86 %),795600,8759000000,0,0,10750,11150,10700
2024-12-10,11.15,11150,0.2(1.83 %),592300,6609000000,0,0,10950,11300,10950
2024-12-11,11.0,11000,-0.15(-1.35 %),285800,3155000000,0,0,11200,11250,11000
2024-12-12,10.9,10900,-0.1(-0.91 %),191300,2107000000,0,0,11000,11150,10900
2024-12-13,10.75,10750,-0.15(-1.38 %),254900,2751000000,0,0,10800,10900,10700
2024-12-16,10.7,10700,-0.05(-0.47 %),123900,1326000000,0,0,10850,10850,10650
2024-12-17,10.7,10700,0(0.00 %),194800,2088000000,0,0,10750,10850,10650
2024-12-18,10.7,10700,0(0.00 %),169900,1816000000,0,0,10650,10800,10650
2024-12-19,10.6,10600,-0.1(-0.93 %),377700,4002000000,0,0,10600,10650,10550
2024-12-20,10.7,10700,0.1(0.94 %),272600,2909000000,0,0,10600,10700,10600
2024-12-23,10.8,10800,0.1(0.93 %),260000,2798000000,0,0,10700,10850,10700
2024-12-24,10.7,10700,-0.1(-0.93 %),241300,2581000000,0,0,10800,10800,10650
2024-12-25,10.85,10850,0.15(1.40 %),393900,4269000000,0,0,10650,10900,10650
2024-12-26,11.45,11450,0.6(5.53 %),1373400,15693000000,0,0,10900,11600,10800
2024-12-27,11.15,11150,-0.3(-2.62 %),352100,3936000000,0,0,11450,11450,11000
2024-12-30,11.0,11000,-0.15(-1.35 %),253100,2786000000,0,0,11200,11200,10950
2024-12-31,10.9,10900,-0.1(-0.91 %),155200,1701000000,0,0,11100,11100,10900
2025-01-02,11.0,11000,0.1(0.92 %),107000,1171000000,0,0,10900,11050,10850
2025-01-03,10.8,10800,-0.2(-1.82 %),217100,2360000000,0,0,11100,11100,10800
2025-01-06,10.6,10600,-0.2(-1.85 %),308300,3294000000,0,0,10800,10950,10400
2025-01-07,10.5,10500,-0.1(-0.94 %),380100,4001000000,0,0,10600,10700,10400
2025-01-08,10.5,10500,0(0.00 %),157000,1647000000,0,0,10500,10600,10450
2025-01-09,10.45,10450,-0.05(-0.48 %),145800,1532000000,0,0,10550,10600,10450
2025-01-10,10.3,10300,-0.15(-1.44 %),287700,2996000000,0,0,10550,10550,10300
2025-01-13,10.3,10300,0(0.00 %),220200,2266000000,0,0,10450,10450,10200
2025-01-14,10.2,10200,-0.1(-0.97 %),248700,2543000000,0,0,10300,10300,10100
2025-01-15,10.4,10400,0.2(1.96 %),147400,1509000000,0,0,10250,10400,10150
2025-01-16,10.3,10300,-0.1(-0.96 %),116000,1203000000,0,0,10450,10500,10300
2025-01-17,10.45,10450,0.15(1.46 %),144800,1514000000,0,0,10400,10600,10350
2025-01-20,10.4,10400,-0.05(-0.48 %),139600,1460000000,0,0,10400,10500,10400
2025-01-21,10.2,10200,-0.2(-1.92 %),274200,2819000000,0,0,10450,10450,10200
2025-01-22,10.3,10300,0.1(0.98 %),702100,7162000000,0,0,10250,10350,10150
2025-01-23,10.3,10300,0(0.00 %),266500,2721000000,0,0,10250,10350,10150
2025-01-24,10.25,10250,-0.05(-0.49 %),246900,2521000000,0,0,10300,10300,10150
2025-02-04,10.3,10300,0.1(0.98 %),299400,3056000000,0,0,10150,10300,10150
2025-02-05,10.4,10400,0.1(0.97 %),463000,4828000000,0,0,10350,10700,10250
2025-02-06,10.25,10250,-0.15(-1.44 %),488400,5030000000,0,0,10450,10450,10250
2025-02-07,10.3,10300,0.05(0.49 %),392000,4024000000,0,0,10300,10350,10250
2025-02-10,10.1,10100,-0.2(-1.94 %),421600,4286000000,0,0,10250,10300,10050
2025-02-11,10.1,10100,0(0.00 %),446800,4499000000,0,0,10150,10200,9970
2025-02-12,10.0,10000,-0.1(-0.99 %),206900,2075000000,0,0,10100,10100,10000
2025-02-13,9.92,9920,-0.08(-0.80 %),551300,5495000000,0,0,10000,10050,9910
2025-02-14,9.99,9990,0.07(0.71 %),163900,1634000000,0,0,9970,10000,9940
2025-02-17,10.15,10150,0.16(1.60 %),221700,2222000000,0,0,9990,10150,9980
2025-02-18,10.2,10200,0.05(0.49 %),165100,1686000000,0,0,10150,10300,10100
2025-02-19,10.3,10300,0.1(0.98 %),325000,3326000000,0,0,10250,10350,10150
2025-02-20,10.3,10300,0(0.00 %),164300,1695000000,0,0,10350,10400,10250
2025-02-21,10.3,10300,0(0.00 %),174600,1788000000,0,0,10300,10350,10150
2025-02-24,10.2,10200,-0.1(-0.97 %),157500,1610000000,0,0,10300,10300,10150
2025-02-25,10.3,10300,0.1(0.98 %),336300,3468000000,0,0,10300,10350,10250
2025-02-26,10.25,10250,-0.05(-0.49 %),166700,1707000000,0,0,10300,10300,10200
2025-02-27,10.25,10250,0(0.00 %),272900,2786000000,0,0,10250,10300,10150
2025-02-28,10.45,10450,0.2(1.95 %),789700,8220000000,0,0,10300,10550,10250
2025-03-03,10.45,10450,0(0.00 %),206400,2166000000,0,0,10500,10600,10400
2025-03-04,10.4,10400,-0.05(-0.48 %),182500,1895000000,0,0,10450,10500,10300
2025-03-05,10.2,10200,-0.2(-1.92 %),301400,3097000000,0,0,10400,10400,10200
2025-03-06,10.3,10300,0.1(0.98 %),180600,1850000000,0,0,10200,10300,10200
2025-03-07,10.3,10300,0(0.00 %),224700,2336000000,0,0,10300,10500,10300
2025-03-10,11.0,11000,0.7(6.80 %),2322600,25329000000,0,0,10500,11000,10450
2025-03-11,11.05,11050,0.05(0.45 %),747300,8192000000,0,0,10900,11100,10800
2025-03-12,11.1,11100,0.05(0.45 %),1268200,14282000000,0,0,11100,11500,11100
2025-03-13,10.85,10850,-0.25(-2.25 %),1025400,11354000000,0,0,11100,11350,10750
2025-03-14,10.85,10850,0(0.00 %),625500,6779000000,0,0,10950,11000,10650
2025-03-17,11.3,11300,0.45(4.15 %),952400,10514000000,0,0,10900,11300,10800
2025-03-18,11.25,11250,-0.05(-0.44 %),715000,8037000000,0,0,11250,11450,11050
2025-03-19,11.65,11650,0.4(3.56 %),1602900,18523000000,0,0,11250,11950,11050
2025-03-20,11.4,11400,-0.25(-2.15 %),634900,7274000000,0,0,11800,11800,11300
2025-03-21,11.65,11650,0.25(2.19 %),445900,5169000000,0,0,11450,11700,11450
2025-03-24,11.75,11750,0.1(0.86 %),600600,7002000000,0,0,11750,11850,11450
2025-03-25,11.7,11700,-0.05(-0.43 %),480000,5592000000,0,0,11800,11800,11550
2025-03-26,11.8,11800,0.1(0.85 %),772100,9206000000,0,0,11700,12300,11700
2025-03-27,12.05,12050,0.25(2.12 %),1107800,13286000000,0,0,11700,12150,11700
2025-03-28,11.75,11750,-0.3(-2.49 %),466900,5550000000,0,0,12100,12150,11750
2025-03-31,11.6,11600,-0.15(-1.28 %),623600,7270000000,0,0,11700,11800,11500
2025-04-01,11.6,11600,0(0.00 %),468500,5395000000,0,0,11750,11750,11450
2025-04-02,11.6,11600,0(0.00 %),296000,3435000000,0,0,11600,11700,11500
2025-04-03,10.8,10800,-0.8(-6.90 %),1073500,11698000000,0,0,11100,11200,10800
2025-04-04,10.3,10300,-0.5(-4.63 %),1342000,13519000000,0,0,10050,10350,10050
2025-04-08,9.58,9600,-0.72(-6.99 %),987800,9501000000,0,0,9910,9920,9600
2025-04-09,8.91,8910,-0.67(-6.99 %),627400,5616000000,0,0,8940,9590,8910
2025-04-10,9.53,9530,0.62(6.96 %),52900,504000000,0,0,9530,9530,9530
2025-04-11,10.1,10100,0.57(5.98 %),634800,6245000000,0,0,10000,10100,9510
2025-04-14,10.25,10250,0.15(1.49 %),204500,2079000000,0,0,10100,10300,10000
2025-04-15,10.1,10100,-0.15(-1.46 %),302900,3095000000,0,0,10200,10350,10000
2025-04-16,10.0,10000,-0.1(-0.99 %),123800,1244000000,0,0,10200,10200,9940
2025-04-17,10.1,10100,0.1(1.00 %),115700,1162000000,0,0,9830,10100,9830
2025-04-18,10.15,10150,0.05(0.50 %),327400,3346000000,0,0,10150,10300,10100
2025-04-21,10.15,10150,0(0.00 %),362300,3704000000,0,0,10050,10350,10050
2025-04-22,10.1,10100,-0.05(-0.49 %),535000,5187000000,0,0,10150,10200,9450
2025-04-23,10.1,10100,0(0.00 %),590100,5934000000,0,0,10100,10300,9800
2025-04-24,10.1,10100,0(0.00 %),138000,1395000000,0,0,10050,10200,10050
2025-04-25,10.05,10050,-0.05(-0.50 %),228700,2306000000,0,0,10100,10150,10000
2025-04-28,10.0,10000,-0.05(-0.50 %),205400,2051000000,0,0,10100,10100,9950
2025-04-29,9.95,9950,-0.05(-0.50 %),238800,2383000000,0,0,10050,10050,9950
2025-05-05,9.96,9960,0.01(0.10 %),150900,1508786000,0,0,10000,10100,9960
2025-05-06,10.05,10050,0.09(0.90 %),240600,2425100000,0,0,10000,10150,10000
2025-05-07,10.3,10300,0.25(2.49 %),476400,4900815000,0,0,10100,10350,10100
2025-05-08,11.0,11000,0.7(6.80 %),917800,9890985000,0,0,10450,11000,10450
2025-05-09,11.75,11750,0.75(6.82 %),1812300,21171060000,0,0,11650,11750,11350
2025-05-12,11.85,11850,0.1(0.85 %),768500,9174465000,0,0,12200,12300,11700
2025-05-13,12.15,12150,0.3(2.53 %),864100,10402990000,0,0,11850,12400,11700
2025-05-14,12.1,12100,-0.05(-0.41 %),725100,8699570000,0,0,12250,12250,11850
2025-05-15,12.0,12000,-0.1(-0.83 %),320300,3808625000,0,0,12150,12150,11800
2025-05-16,12.1,12100,0.1(0.83 %),765100,9303820000,0,0,12000,12450,11800
2025-05-19,12.25,12250,0.15(1.24 %),1040000,12698600000,0,0,11800,12450,11800
2025-05-20,12.3,12300,0.05(0.41 %),467200,5711150000,0,0,12300,12400,12100
2025-05-21,12.2,12200,-0.1(-0.81 %),567900,6879005000,0,0,12350,12350,11950
2025-05-22,13.0,13000,0.8(6.56 %),2469400,31782660000,0,0,12100,13050,12000
2025-05-23,13.0,13000,0(0.00 %),644300,8500095000,0,0,13000,13500,12950
2025-05-26,13.9,13900,0.9(6.92 %),1529000,20587610000,0,0,13000,13900,12650
2025-05-27,14.0,14000,0.1(0.72 %),1032500,14492035000,0,0,14200,14200,13700
2025-05-28,13.85,13850,-0.15(-1.07 %),1002400,14112050000,0,0,14100,14400,13600
2025-05-29,14.05,14050,0.2(1.44 %),810600,11369035000,0,0,14000,14200,13650
2025-05-30,14.7,14700,0.65(4.63 %),1965900,29004340000,0,0,14100,15000,14100
2025-06-02,15.45,15450,0.75(5.10 %),948600,14467315000,0,0,14750,15500,14750
2025-06-03,15.45,15450,0(0.00 %),858100,13192395000,0,0,15700,15750,15200
2025-06-04,15.8,15800,0.35(2.27 %),878100,13814555000,0,0,15500,15900,15500
2025-06-05,14.7,14700,-1.1(-6.96 %),2674800,39689555000,0,0,16150,16150,14700
2025-06-06,14.75,14750,0.05(0.34 %),1314100,19234455000,0,0,14450,15050,14300
2025-06-09,14.65,14650,-0.1(-0.68 %),642100,9405875000,0,0,14950,14950,14500
2025-06-10,13.65,13650,-1(-6.83 %),2815800,39311290000,0,0,14650,14650,13650
2025-06-11,14.1,14100,0.45(3.30 %),1358700,18517590000,0,0,13600,14200,13250
2025-06-12,14.1,14100,0(0.00 %),1003200,14158345000,0,0,14100,14350,13700
2025-06-13,13.85,13850,-0.25(-1.77 %),1126000,15349665000,0,0,13900,14100,13350
2025-06-16,13.85,13850,0(0.00 %),519700,7156505000,0,0,13700,13900,13600
2025-06-17,14.15,14150,0.3(2.17 %),542300,7655480000,0,0,13900,14550,13850
2025-06-18,13.8,13800,-0.35(-2.47 %),588700,8179320000,0,0,14100,14200,13750
2025-06-19,13.75,13750,-0.05(-0.36 %),459600,6268600000,0,0,13800,13850,13550
2025-06-20,14.15,14150,0.4(2.91 %),1081900,15371185000,0,0,14100,14500,13900
2025-06-23,14.05,14050,-0.1(-0.71 %),344500,4807740000,0,0,14000,14050,13700
2025-06-24,15.0,15000,0.95(6.76 %),1406000,20761485000,0,0,14300,15000,14050
2025-06-25,14.85,14850,-0.15(-1.00 %),494000,7390290000,0,0,15300,15350,14800
2025-06-26,14.7,14700,-0.15(-1.01 %),690400,10103920000,0,0,14850,15000,14100
2025-06-27,14.75,14750,0.05(0.34 %),450000,6602585000,0,0,14600,14950,14550
2025-06-30,15.1,15100,0.35(2.37 %),634300,9517140000,0,0,14850,15400,14700
2025-07-01,14.7,14700,-0.4(-2.65 %),348400,5158700000,110000,1545500000,15150,15200,14650
2025-07-02,14.9,14900,0.2(1.36 %),454400,6653960000,0,0,14700,14900,14400
2025-07-03,14.7,14700,-0.2(-1.34 %),946200,14162280000,0,0,14900,15400,14600
2025-07-04,14.85,14850,0.15(1.02 %),540700,8089970000,0,0,14700,15150,14700
2025-07-07,14.95,14950,0.1(0.67 %),698000,10437050000,0,0,15150,15300,14850
2025-07-08,14.75,14750,-0.2(-1.34 %),514200,7658305000,0,0,14950,15100,14700
2025-07-09,14.8,14800,0.05(0.34 %),1053200,15569000000,0,0,14800,15050,14550
2025-07-10,14.8,14800,0(0.00 %),795300,11885440000,0,0,14950,15250,14750
2025-07-11,14.1,14100,-0.7(-4.73 %),1203800,17348400000,0,0,14800,14850,14050
2025-07-14,14.25,14250,0.15(1.06 %),1288600,17995050000,0,0,14200,14450,13750
2025-07-15,13.85,13850,-0.4(-2.81 %),1567800,22077785000,0,0,14450,14600,13750
2025-07-16,13.9,13900,0.05(0.36 %),918100,12776855000,0,0,13800,14150,13800
2025-07-17,14.1,14100,0.2(1.44 %),1487000,20992290000,0,0,14100,14400,13850
2025-07-18,14.45,14450,0.35(2.48 %),1549600,22302860000,0,0,14300,14600,14150
2025-07-21,15.45,15450,1(6.92 %),3353300,51237745000,0,0,14600,15450,14500
2025-07-22,15.8,15800,0.35(2.27 %),1976900,31563405000,0,0,15450,16350,15450
2025-07-23,15.3,15300,-0.5(-3.16 %),2127500,33019725000,0,0,16250,16250,15150
2025-07-24,15.3,15300,0(0.00 %),1166600,17766905000,0,0,15400,15500,15050
2025-07-25,15.9,15900,0.6(3.92 %),1592100,25423350000,0,0,15350,16350,15350
2025-07-28,17.0,17000,1.1(6.92 %),2510200,42425905000,0,0,16400,17000,16400
2025-07-29,16.2,16200,-0.8(-4.71 %),2529700,43373690000,0,0,18100,18100,16100
2025-07-30,16.6,16600,0.4(2.47 %),949600,15704725000,0,0,16500,16950,16150
2025-07-31,16.85,16850,0.25(1.51 %),1436400,23944200000,0,0,16800,17350,16200
2025-08-01,16.45,16450,-0.4(-2.37 %),1133800,18820845000,0,0,16850,17000,16400
2025-08-04,16.7,16700,0.25(1.52 %),1207500,20067965000,0,0,16550,16950,15900
2025-08-05,17.0,17000,0.3(1.80 %),2114000,35439480000,0,0,16950,17300,15550
2025-08-06,16.7,16700,-0.3(-1.76 %),797800,13330800000,0,0,16700,16950,16450
2025-08-07,16.75,16750,0.05(0.30 %),740900,12339660000,0,0,16850,17100,16400
2025-08-08,17.3,17300,0.55(3.28 %),1492500,25196925000,0,0,16750,17500,16200
2025-08-11,17.8,17800,0.5(2.89 %),1308300,23144145000,0,0,17450,17900,17450
2025-08-12,17.8,17800,0(0.00 %),1340200,23597755000,0,0,18050,18100,17000
2025-08-13,18.0,18000,0.2(1.12 %),1394900,24448240000,0,0,17800,18000,17100
2025-08-14,17.8,17800,-0.2(-1.11 %),593000,10479935000,0,0,17800,17900,17550
2025-08-15,17.3,17300,-0.5(-2.81 %),1004900,17387160000,0,0,17800,18000,17050
2025-08-18,17.45,17450,0.15(0.87 %),644100,11044550000,0,0,17150,17450,16950
2025-08-19,17.7,17700,0.25(1.43 %),1314300,23263575000,0,0,17500,18100,17200
2025-08-20,17.35,17350,-0.35(-1.98 %),1064700,18232045000,0,0,17750,17750,16550
2025-08-21,16.8,16800,-0.55(-3.17 %),680800,11483725000,0,0,17350,17350,16600
2025-08-22,15.7,15700,-1.1(-6.55 %),1403000,22320660000,0,0,16100,16500,15650
2025-08-25,15.35,15350,-0.35(-2.23 %),566400,8747915000,0,0,15900,15950,15000
2025-08-26,15.95,15950,0.6(3.91 %),347300,5374740000,0,0,15100,15950,15100
2025-08-27,15.95,15950,0(0.00 %),343900,5481630000,0,0,15950,16300,15750
2025-08-28,15.95,15950,0(0.00 %),276600,4378225000,0,0,15950,16000,15500
2025-08-29,15.8,15800,-0.15(-0.94 %),404700,6401665000,0,0,15950,15950,15700
2025-09-03,16.2,16200,0.4(2.53 %),274600,4405515000,0,0,15850,16200,15800
2025-09-04,16.5,16500,0.3(1.85 %),312800,5145820000,0,0,16400,16550,16300
2025-09-05,15.9,15900,-0.6(-3.64 %),451000,7361515000,0,0,16750,16750,15900
2025-09-08,15.4,15400,-0.5(-3.14 %),328500,5084765000,0,0,15800,15900,15250
2025-09-09,15.6,15600,0.2(1.30 %),194700,3007845000,0,0,15550,15600,15300
2025-09-10,15.7,15700,0.1(0.64 %),109400,1710105000,0,0,15650,15800,15550
2025-09-11,15.8,15800,0.1(0.64 %),186400,2896490000,0,0,15700,15800,15300
2025-09-12,15.85,15850,0.05(0.32 %),220200,3479740000,0,0,15900,15950,15650
2025-09-15,16.1,16100,0.25(1.58 %),232300,3732885000,0,0,16250,16250,15850
2025-09-16,16.1,16100,0(0.00 %),260400,4233250000,0,0,16300,16450,15950
2025-09-17,16.1,16100,0(0.00 %),177400,2854775000,0,0,16000,16250,15900
2025-09-18,16.1,16100,0(0.00 %),216300,3481675000,0,0,15950,16200,15950
2025-09-19,16.25,16250,0.15(0.93 %),169900,2732585000,0,0,16100,16250,15850
2025-09-22,16.4,16400,0.15(0.92 %),398000,6532690000,0,0,16700,16700,16050
2025-09-23,16.0,16000,-0.4(-2.44 %),153000,2447790000,0,0,16400,16400,15600
2025-09-24,16.3,16300,0.3(1.88 %),176500,2832520000,0,0,16000,16350,15700
2025-09-25,16.15,16150,-0.15(-0.92 %),245100,3985135000,0,0,16250,16500,16050
2025-09-26,16.0,16000,-0.15(-0.93 %),217300,3468240000,0,0,16100,16200,15800
2025-09-29,15.7,15700,-0.3(-1.88 %),153200,2425215000,0,0,16050,16050,15700
2025-09-30,14.95,14950,-0.75(-4.78 %),276800,4181135000,0,0,15700,15750,14650
2025-10-01,14.85,14850,-0.1(-0.67 %),92400,1383880000,0,0,14800,15200,14800
2025-10-02,14.7,14700,-0.15(-1.01 %),135200,2002800000,0,0,15050,15050,14700
2025-10-03,14.0,14000,-0.7(-4.76 %),918400,12803545000,0,0,14700,14700,13700
2025-10-06,14.5,14500,0.5(3.57 %),205000,2934865000,0,0,14000,14500,14000
2025-10-07,14.2,14200,-0.3(-2.07 %),193300,2768310000,0,0,14600,14750,14100
2025-10-08,14.15,14150,-0.05(-0.35 %),310700,4386175000,0,0,14450,14450,13800
2025-10-09,13.85,13850,-0.3(-2.12 %),166700,2333440000,0,0,14000,14300,13800
2025-10-10,14.0,12900,-13.85(-100.00 %),205500,14000,0,0,14100,14250,12900
