Date,GiaDieuChinh,Close,ThayDoi,Volume,GiaTriKhopLenh,KLThoaThuan,GtThoaThuan,Open,High,Low
2007-12-19,36.9,177400,16.1(9.98 %),22000,3902800000,50000,8000000000,177400,177400,177400
2007-12-20,40.59,189800,17.7(9.98 %),37800,7374780000,50000,8000000000,189800,189800,189800
2007-12-21,44.64,208800,19.5(9.99 %),14400,3044240000,0,0,208800,208800,208800
2007-12-24,43.98,211400,0(0.00 %),2800,627790000,0,0,229600,229600,211400
2007-12-25,41.98,201800,-22.4(-9.99 %),6000,1210800000,0,0,201800,201800,201800
2007-12-26,38.4,187700,-17.2(-8.52 %),7800,1418710000,50000,9085000000,187700,187700,187700
2007-12-27,35.36,171700,-11.9(-6.54 %),3500,620300000,0,0,181000,197500,171700
2007-12-28,40.54,181900,17.7(9.99 %),4600,886620000,0,0,170000,181900,170000
2008-01-02,41.6,200000,7.3(3.79 %),7400,1552830000,0,0,208500,208500,200000
2008-01-03,40.77,196000,-13.8(-6.58 %),6800,1318100000,0,0,189000,196000,189000
2008-01-04,40.77,196000,2.2(1.14 %),5100,999600000,0,0,196000,196000,196000
2008-01-07,39.52,190000,-6(-3.06 %),7400,1456500000,0,0,197000,197000,190000
2008-01-08,39.32,189000,-7.8(-3.96 %),8900,1728930000,0,0,196000,197000,180000
2008-01-09,39.52,190000,-4.3(-2.21 %),300,57000000,0,0,190000,190000,190000
2008-01-10,39.52,190000,0(0.00 %),7100,1356770000,0,0,187000,191900,187000
2008-01-11,39.94,192000,0.9(0.47 %),1100,210390000,0,0,190000,192000,190000
2008-01-14,37.55,180500,-10.8(-5.65 %),5300,1015050000,0,0,192000,192000,180500
2008-01-15,39.5,189900,-1.6(-0.84 %),7000,1329300000,0,0,189900,189900,189900
2008-01-16,39.52,190000,0.1(0.05 %),19900,3791700000,0,0,184000,190900,184000
2008-01-17,39.52,190000,-0.5(-0.26 %),32500,6186100000,0,0,193000,193000,186000
2008-01-18,39.73,191000,0.7(0.37 %),37900,7224500000,0,0,188000,192000,188000
2008-01-21,39.94,192000,1.4(0.73 %),30300,5816900000,0,0,193000,193000,190000
2008-01-22,39.94,192000,0(0.00 %),30000,5760000000,0,0,192000,192000,192000
2008-01-23,38.48,185000,-7(-3.65 %),32900,6281000000,0,0,191000,191000,185000
2008-01-24,39.84,191500,0.6(0.31 %),33000,6319500000,0,0,191500,191500,191500
2008-01-25,39.73,191000,-0.5(-0.26 %),30500,5825500000,0,0,191000,191000,191000
2008-01-28,39.46,189700,-1.3(-0.68 %),31400,5955770000,0,0,189700,189700,185000
2008-01-29,39.52,190000,0.3(0.16 %),33200,6407000000,0,0,193000,193000,190000
2008-01-30,39.84,191500,-1.5(-0.78 %),38200,7471480000,0,0,196000,196000,191500
2008-01-31,40.67,195500,-0.1(-0.05 %),36000,7037750000,0,0,195000,195500,195000
2008-02-01,40.04,192500,-3(-1.53 %),36400,7053870000,0,0,192000,196000,185000
2008-02-12,38.48,185000,-8.8(-4.54 %),38700,7290000000,0,0,200000,200000,185000
2008-02-13,37.86,182000,-6.4(-3.40 %),36500,6839400000,0,0,187000,188000,182000
2008-02-14,37.44,180000,-7.4(-3.95 %),35700,6583000000,0,0,184000,185000,180000
2008-02-15,38.07,183000,-1.4(-0.76 %),41400,7586480000,0,0,184800,184800,183000
2008-02-18,37.65,181000,-2.2(-1.20 %),27100,4976100000,0,0,183200,185000,181000
2008-02-19,38.17,183500,-0.1(-0.05 %),25100,4610850000,0,0,183500,184000,183500
2008-02-20,38.26,183900,0.2(0.11 %),27000,4962300000,0,0,183700,183900,183700
2008-02-21,37.24,179000,-4.8(-2.61 %),30000,5475650000,0,0,179700,196800,179000
2008-02-22,37.76,181500,-1(-0.55 %),32000,5798000000,0,0,181000,181500,181000
2008-02-25,37.92,182300,1.1(0.61 %),40400,7413410000,0,0,186000,186000,182300
2008-02-26,34.53,169500,-17.5(-9.54 %),31200,5606000000,0,0,179700,179800,169500
2008-02-27,37.36,177600,-0.1(-0.06 %),30500,5480560000,0,0,177600,177600,162000
2008-02-28,37.32,179400,-0.3(-0.17 %),45600,8176600000,0,0,183000,183000,178000
2008-02-29,36.18,173900,-5.4(-3.01 %),20800,3611100000,0,0,166800,173900,166800
2008-03-03,35.55,170900,-2.7(-1.56 %),21700,3705570000,0,0,170900,170900,161700
2008-03-04,34.32,165000,-5.8(-3.40 %),21800,3711050000,0,0,165000,171000,165000
2008-03-05,35.41,170200,0(0.00 %),30200,5134520000,0,0,170000,170200,170000
2008-03-06,37.44,180000,10(5.88 %),51800,9135940000,0,0,169000,182100,169000
2008-03-07,40.04,192500,16.1(9.13 %),36200,6971420000,0,0,192600,192600,191900
2008-03-10,38.48,185000,-7.6(-3.95 %),18700,3539110000,0,0,182000,192600,182000
2008-03-11,38.59,185500,-3.8(-2.01 %),63100,11685450000,0,0,185000,186000,181900
2008-03-12,37.13,178500,-6.7(-3.62 %),32000,5701150000,0,0,180000,180000,177600
2008-03-13,37.34,179500,1.3(0.73 %),31200,5609350000,0,0,178000,180000,178000
2008-03-14,36.61,176000,-3.8(-2.11 %),44000,7824990000,0,0,166900,179000,166900
2008-03-17,36.47,175300,-2.5(-1.41 %),24200,4259770000,0,0,177900,178000,174700
2008-03-18,36.34,174700,-1.3(-0.74 %),22100,3873930000,0,0,175000,176000,174700
2008-03-19,36.18,173900,-1.4(-0.80 %),16700,2926360000,0,0,175300,175400,173900
2008-03-20,36.09,173500,-1.7(-0.97 %),12400,2167510000,0,0,161700,175300,161700
2008-03-21,36.3,174500,-0.3(-0.17 %),20900,3662630000,0,0,175000,175400,174500
2008-03-24,36.01,173100,-2.1(-1.20 %),24200,4215180000,0,0,175000,175200,173100
2008-03-25,36.3,174500,0.3(0.17 %),12100,2111650000,0,0,174200,174700,174200
2008-03-26,36.13,173700,-0.8(-0.46 %),13600,2374910000,0,0,174500,175000,173700
2008-03-27,36.36,174800,0.2(0.11 %),17200,3003700000,0,0,174000,175000,173800
2008-03-28,36.51,175500,0.9(0.52 %),14200,2482200000,0,0,174600,175500,174600
2008-03-31,36.61,176000,1.2(0.69 %),11700,2047500000,0,0,174800,178000,174800
2008-04-01,36.82,177000,2(1.14 %),15600,2744210000,0,0,178000,178500,175000
2008-04-02,37.32,179400,3.5(1.99 %),24500,4350800000,0,0,175900,179400,175900
2008-04-03,37.03,178000,0.4(0.23 %),33300,5936430000,0,0,178000,181100,177600
2008-04-04,37.13,178500,0.2(0.11 %),30300,5419900000,0,0,178300,181800,178300
2008-04-07,37.65,181000,2.1(1.17 %),20800,3734610000,0,0,178900,181000,178900
2008-04-08,36.51,175500,-4(-2.23 %),6800,1204190000,0,0,179500,179500,174200
2008-04-09,36.3,174500,-2.6(-1.47 %),18000,3136310000,0,0,173000,175500,171800
2008-04-10,35.72,171700,-2.5(-1.44 %),41100,6997190000,0,0,169000,171700,169000
2008-04-11,35.78,172000,1.8(1.06 %),14100,2406830000,0,0,165100,172000,165100
2008-04-16,35.51,170700,0(0.00 %),22200,3788760000,0,0,165600,170700,165600
2008-04-17,35.99,173000,2.3(1.35 %),31600,5450210000,0,0,170700,175000,170700
2008-04-18,35.99,173000,0.5(0.29 %),12600,2177250000,0,0,172500,173000,172500
2008-04-21,35.99,173000,0.2(0.12 %),17800,3075220000,0,0,172800,173000,172500
2008-04-22,35.97,172900,0.1(0.06 %),22500,3889090000,0,0,172800,173000,172800
2008-04-23,35.97,172900,0.1(0.06 %),22400,3870830000,0,0,172800,172900,172500
2008-04-24,35.99,173000,0.2(0.12 %),19700,3405990000,0,0,172800,173000,172800
2008-04-25,35.99,173000,0.1(0.06 %),16000,2767200000,0,0,172900,173000,172900
2008-04-28,36.4,175000,2(1.16 %),17300,3009050000,0,0,178000,178000,173500
2008-04-29,36.18,173900,0(0.00 %),17500,3048020000,0,0,174000,175000,173900
2008-05-05,36.4,175000,0.8(0.46 %),15700,2736700000,0,0,174200,175000,174200
2008-05-06,36.2,174000,-0.3(-0.17 %),10900,1899360000,0,0,174300,174300,174000
2008-05-07,36.26,174300,0(0.00 %),15900,2771940000,0,0,174300,174400,174300
2008-05-08,36.3,174500,0.2(0.11 %),13300,2321650000,0,0,174500,175000,174500
2008-05-09,36.34,174700,0.1(0.06 %),11500,2008450000,0,0,174600,174700,174600
2008-05-12,36.3,174500,-0.1(-0.06 %),22800,3977920000,0,0,174300,174500,174000
2008-05-13,36.26,174300,-0.2(-0.11 %),17300,3019510000,0,0,174500,174600,174300
2008-05-14,36.2,174000,-0.5(-0.29 %),16500,2879280000,0,0,174400,174600,174000
2008-05-15,36.32,174600,0.1(0.06 %),12500,2181260000,0,0,174000,174600,174000
2008-05-16,36.36,174800,0.3(0.17 %),31000,5414690000,0,0,174500,174800,174500
2008-05-19,36.36,174800,0.1(0.06 %),10500,1834390000,0,0,174600,174800,174600
2008-05-20,36.34,174700,0(0.00 %),0,0,0,0,174700,174700,174700
2008-05-21,36.2,174000,-0.7(-0.40 %),25400,4437170000,0,0,174600,174800,174000
2008-05-22,36.32,174600,-0.1(-0.06 %),11000,1920570000,0,0,174600,174600,174500
2008-05-23,36.32,174600,0(0.00 %),12000,2095520000,0,0,174600,174800,174400
2008-05-26,36.3,174500,-0.1(-0.06 %),11000,1919490000,0,0,174600,174600,174400
2008-05-27,36.3,174500,0(0.00 %),15500,2704830000,0,0,174000,174600,174000
2008-05-28,36.28,174400,-0.1(-0.06 %),10200,1778860000,0,0,174300,174500,174300
2008-05-29,36.32,174600,0.2(0.11 %),20500,3579320000,0,0,174800,174800,174400
2008-05-30,36.34,174700,0.1(0.06 %),10500,1833310000,0,0,174600,174700,174500
2008-06-02,36.36,174800,0.2(0.11 %),19100,3336750000,0,0,174600,174800,174600
2008-06-03,36.36,174800,0.1(0.06 %),10900,1904280000,0,0,174800,174800,174600
2008-06-04,36.38,174900,0.2(0.11 %),13600,2377300000,0,0,174800,174900,174700
2008-06-05,36.38,174900,0.1(0.06 %),10600,1853210000,0,0,169600,175000,169600
2008-06-06,36.42,175100,0.3(0.17 %),11700,2047520000,0,0,175100,175100,174900
2008-06-09,36.61,176000,1(0.57 %),12400,2184900000,0,0,174000,177000,174000
2008-06-10,36.82,177000,0.8(0.45 %),10600,1868000000,0,0,176100,177000,176100
2008-06-11,36.7,176400,0.2(0.11 %),13600,2400430000,0,0,176600,176600,176400
2008-06-12,36.78,176800,0.3(0.17 %),11200,1979090000,0,0,176800,176800,176600
2008-06-13,36.88,177300,0.6(0.34 %),11200,1985100000,0,0,181000,182000,177000
2008-06-16,37.65,181000,3.8(2.14 %),10800,1943410000,0,0,181000,182500,177800
2008-06-17,37.86,182000,2.1(1.17 %),13100,2367470000,0,0,185000,185000,179900
2008-06-18,38.72,169300,3.6(2.99 %),12300,1519730000,0,0,169300,169300,169300
2008-06-19,37.44,120000,-3.6(-2.91 %),9000,1082200000,0,0,121000,121000,120000
2008-06-20,37.5,120200,0(0.00 %),0,0,0,0,120200,120200,120200
2008-06-23,36.01,115400,-4.8(-3.99 %),5300,611620000,0,0,115400,115400,115400
2008-06-24,34.57,110800,-4.6(-3.99 %),11100,1229880000,0,0,110800,110800,110800
2008-06-25,34.57,110800,0(0.00 %),12400,1373920000,0,0,110800,110800,110800
2008-06-26,33.2,106400,-4.4(-3.97 %),8500,905920000,0,0,114000,114000,106400
2008-06-27,33.26,106600,0(0.00 %),13200,1379600000,0,0,110000,110000,102400
2008-06-30,32.14,103000,-1.5(-1.44 %),3300,344250000,0,0,104500,104500,103000
2008-07-01,32.54,104300,0(0.00 %),5100,531470000,0,0,104300,104300,103500
2008-07-02,33.76,108200,4(3.84 %),3500,373090000,0,0,106500,108200,106500
2008-07-03,34.51,110600,4(3.75 %),400,43780000,0,0,108300,110600,108300
2008-07-04,34.63,111000,1.5(1.37 %),5000,555560000,0,0,113800,113800,111000
2008-07-07,34.32,110000,-1.1(-0.99 %),1900,209000000,0,0,110000,110000,110000
2008-07-08,32.95,105600,-4.4(-4.00 %),6100,644170000,0,0,105700,105700,105600
2008-07-09,33.07,106000,0.4(0.38 %),5100,539390000,0,0,105600,106000,105500
2008-07-10,34.01,109000,3.2(3.02 %),12500,1366310000,0,0,110000,110000,109000
2008-07-11,35.1,112500,3.2(2.93 %),3700,416460000,0,0,113500,113600,112500
2008-07-14,35.88,115000,2.4(2.13 %),1700,197810000,0,0,117100,117100,115000
2008-07-15,37.75,121000,4.6(3.95 %),1200,145200000,0,0,121000,121000,121000
2008-07-16,39.25,125800,4.8(3.97 %),15700,1933780000,0,0,123000,125800,123000
2008-07-17,39.97,128100,4.9(3.98 %),6100,758680000,0,0,123500,128100,123500
2008-07-18,40.34,129300,4.9(3.94 %),107900,13462230000,0,0,129300,129300,124400
2008-07-21,40.47,129700,4.9(3.93 %),115100,14609130000,0,0,129700,129700,121000
2008-07-22,40.25,129000,2.1(1.65 %),65400,8451710000,0,0,121900,130000,121900
2008-07-23,41.81,134000,4.8(3.72 %),109400,14509190000,0,0,126000,134300,126000
2008-07-24,43.03,137900,5.3(4.00 %),106100,14631190000,0,0,137900,137900,137900
2008-07-25,44.74,143400,5.5(3.99 %),100400,14396810000,0,0,143400,143400,143300
2008-07-28,46.52,149100,5.7(3.97 %),102900,15340380000,0,0,149100,149100,148900
2008-07-29,44.68,143200,-5.9(-3.96 %),77200,11802280000,0,0,155000,155000,143200
2008-07-30,45.8,146800,-6.1(-3.99 %),20000,2936000000,0,0,146800,146800,146800
2008-07-31,43.99,141000,-5.8(-3.95 %),100,14100000,0,0,141000,141000,141000
2008-08-01,42.25,135400,-5.6(-3.97 %),100,13540000,0,0,135400,135400,135400
2008-08-04,40.56,130000,-5.4(-3.99 %),100,13000000,0,0,130000,130000,130000
2008-08-05,40.56,130000,0(0.00 %),0,0,0,0,130000,130000,130000
2008-08-06,38.94,124800,-5.2(-4.00 %),2500,312000000,0,0,124800,124800,124800
2008-08-07,37.41,119900,-4.9(-3.93 %),28200,3384480000,0,0,119900,128500,119900
2008-08-08,35.94,115200,-4.8(-4.00 %),700,80640000,0,0,115200,115200,115200
2008-08-11,34.51,110600,-4.6(-3.99 %),74900,8285270000,0,0,110600,111000,110600
2008-08-12,33.14,106200,-4.4(-3.98 %),101600,10961830000,0,0,110600,110700,106200
2008-08-13,33.85,108500,0.6(0.56 %),56700,5971030000,0,0,106200,108500,103600
2008-08-14,34.17,109500,4.2(3.99 %),65900,7190750000,0,0,109000,109500,106000
2008-08-15,35.38,113400,4.3(3.94 %),200100,22495990000,0,0,110500,113400,110500
2008-08-18,34.32,110000,-2.4(-2.14 %),95100,10789270000,0,0,114000,115000,109000
2008-08-19,32.95,105600,-7.9(-6.96 %),25900,2740790000,0,0,108000,108000,105600
2008-08-20,33.7,108000,2.2(2.08 %),94200,9668500000,0,0,98400,108000,98400
2008-08-21,29.8,100400,-7.1(-6.92 %),303800,29651490000,0,0,102600,105000,100400
2008-08-22,28.33,90800,-6.8(-6.97 %),160900,14889010000,0,0,99900,100000,90800
2008-08-25,28.61,91700,-0.8(-0.86 %),124100,11379190000,0,0,92500,92500,90000
2008-08-26,30.61,98100,6.4(6.98 %),376000,36766990000,0,0,92500,98100,92000
2008-08-27,32.64,104600,6.8(6.95 %),406600,42519980000,0,0,104600,104600,103000
2008-08-28,30.89,99000,-5.6(-5.35 %),82500,8736770000,0,0,111900,111900,98500
2008-08-29,35.35,105900,7.4(6.99 %),340000,35166330000,0,0,98500,105900,98500
2008-09-03,33.7,108000,4.6(4.45 %),291800,31807310000,0,0,107800,110500,105400
2008-09-04,31.64,101400,-7.6(-6.97 %),247000,25155280000,0,0,109200,109200,101400
2008-09-05,29.55,94700,-7.1(-6.97 %),78900,7483120000,0,0,97000,97500,94700
2008-09-08,29.02,93000,-1.8(-1.90 %),192100,17476040000,0,0,88200,93000,88200
2008-09-09,27.77,89000,-2(-2.20 %),71200,6386950000,0,0,86500,91100,86500
2008-09-10,28.39,91000,1.3(1.45 %),109800,10027200000,0,0,89600,92500,89600
2008-09-11,28.08,90000,-1.3(-1.42 %),113700,10420900000,0,0,92000,93200,88000
2008-09-12,27.93,89500,-2.2(-2.40 %),187400,16984700000,0,0,91000,93000,87900
2008-09-15,27.8,89100,-1.5(-1.66 %),76400,6907240000,0,0,90600,91000,87000
2008-09-16,28.08,90000,-0.4(-0.44 %),177500,15591030000,0,0,87500,91000,84100
2008-09-17,26.74,85700,-2.1(-2.39 %),95700,8171240000,0,0,83700,87000,83700
2008-09-18,24.81,79700,-5.9(-6.91 %),53300,4288730000,0,0,81500,83000,79700
2008-09-19,26.86,85100,5.6(6.96 %),194000,15970070000,0,0,74900,85100,74900
2008-09-22,27.46,88000,5.7(6.93 %),169200,14889600000,0,0,88000,88000,88000
2008-09-23,28.08,90000,2(2.27 %),86200,7736070000,0,0,94100,94100,82000
2008-09-24,28.02,89800,0.1(0.11 %),90400,8278210000,0,0,89000,93000,87000
2008-09-25,27.93,89500,-2.1(-2.29 %),39100,3538790000,0,0,91600,91600,88000
2008-09-26,27.43,87900,-2.6(-2.87 %),57000,5008360000,0,0,90400,93000,85000
2008-09-29,26.71,85600,-2.3(-2.62 %),32000,2697790000,0,0,88800,88800,82500
2008-09-30,24.46,79600,-5.9(-7.00 %),12700,996550000,0,0,79600,80000,79600
2008-10-01,24.65,79000,0.5(0.64 %),61300,4915060000,0,0,74500,83000,73200
2008-10-02,25.02,80200,0(0.00 %),26800,2225450000,0,0,83400,83500,79000
2008-10-03,25.06,80300,-2.7(-3.25 %),36100,2984710000,0,0,83000,84000,79000
2008-10-06,24.03,77000,-5.7(-6.89 %),46600,3721040000,0,0,80000,82900,77000
2008-10-07,23.21,74400,-5.5(-6.88 %),56100,4173840000,0,0,74400,74400,74400
2008-10-08,21.59,69200,-5.2(-6.99 %),82900,5895640000,0,0,69200,74400,69200
2008-10-09,21.84,70000,-1.1(-1.55 %),65000,4602730000,0,0,67000,72000,66200
2008-10-10,20.56,65900,-4.9(-6.92 %),45800,3146960000,0,0,66000,69800,65900
2008-10-13,19.94,63900,-4.8(-6.99 %),32400,2182640000,0,0,64000,69000,63900
2008-10-14,22.5,68400,4.7(6.97 %),116300,8305250000,0,0,67500,68400,67500
2008-10-15,21.84,70000,-1.4(-1.96 %),17600,1239650000,0,0,76200,76200,68000
2008-10-16,20.44,65500,-4.9(-6.96 %),21600,1477380000,0,0,70000,70400,65500
2008-10-17,19.97,64000,-4.4(-6.43 %),15300,1077700000,0,0,67500,70100,63700
2008-10-20,20.44,65500,-4.9(-6.96 %),26400,1797480000,300000,19650000000,65600,68500,65500
2008-10-21,20.28,65000,-3.1(-4.55 %),28900,1977680000,0,0,70100,70100,64000
2008-10-22,19.88,63700,-4.7(-6.87 %),50200,3197890000,0,0,64500,64500,63700
2008-10-23,18.5,59300,-4.4(-6.91 %),68900,4243630000,0,0,61000,63700,59300
2008-10-24,17.88,57300,-4.3(-6.98 %),21700,1270770000,0,0,57300,62000,57300
2008-10-27,17.32,55500,-3.1(-5.29 %),41700,2274670000,0,0,54500,55500,54500
2008-10-28,15.85,51600,-3.7(-6.79 %),55100,2885580000,0,0,51600,56000,51600
2008-10-29,16.85,54000,1.6(3.05 %),46900,2588450000,0,0,54400,54400,52000
2008-10-30,16.54,53000,-2.2(-3.99 %),22400,1223910000,0,0,54000,55200,52200
2008-10-31,16.22,52000,-2.6(-4.76 %),10900,564940000,0,0,54600,55900,51000
2008-11-03,15.2,48700,-3.1(-5.98 %),28900,1489980000,0,0,48400,53000,48400
2008-11-04,16.26,52100,0.5(0.97 %),68300,3587220000,0,0,51900,52100,51500
2008-11-05,17.5,55700,3.6(6.86 %),57700,3223440000,0,0,52900,55700,52900
2008-11-06,16.47,52800,-3.1(-5.55 %),36300,1975300000,0,0,56800,56800,52500
2008-11-07,15.85,50800,-3.6(-6.62 %),32200,1675690000,0,0,52000,54000,50600
2008-11-10,15.76,50500,-1.5(-2.88 %),17500,882540000,0,0,52000,52000,50000
2008-11-11,14.63,47000,-3.5(-6.94 %),26000,1222080000,0,0,48000,48000,47000
2008-11-12,14.98,48000,1(2.13 %),48800,2203060000,0,0,43800,48000,43800
2008-11-13,13.88,44650,-0.6(-1.33 %),17100,747850000,0,0,44650,45000,44650
2008-11-14,13.95,44700,-0.4(-0.89 %),9200,406720000,0,0,44000,46000,44000
2008-11-17,13.17,42200,-2(-4.52 %),7200,304770000,0,0,42000,44000,41550
2008-11-18,12.64,40500,-1.8(-4.26 %),8700,351910000,0,0,40100,41000,40100
2008-11-19,12.48,40000,-0.4(-0.99 %),23500,930760000,0,0,41000,41000,38600
2008-11-20,11.89,38100,-1.5(-3.79 %),49700,1954450000,0,0,39600,39900,38000
2008-11-21,11.48,36800,-2.5(-6.36 %),64900,2390100000,0,0,37500,37500,36600
2008-11-24,11.42,36600,-0.2(-0.54 %),2500,92550000,0,0,39000,39000,36600
2008-11-25,11.7,37500,0.5(1.35 %),80200,2954550000,0,0,37500,38400,36000
2008-11-26,10.86,34900,-2(-5.43 %),104900,3770770000,0,0,36800,36800,34900
2008-11-27,11.39,36500,0.6(1.67 %),27100,974820000,0,0,35900,36500,35500
2008-11-28,12.01,38500,2.5(6.94 %),42700,1599180000,0,0,38000,38500,36000
2008-12-01,12.51,40100,2.6(6.93 %),250500,9987310000,0,0,40000,40100,39000
2008-12-02,13.29,42600,2.7(6.77 %),146500,6056720000,0,0,40100,42600,39900
2008-12-03,13.76,44100,2.8(6.78 %),44100,1944810000,0,0,44100,44100,44100
2008-12-04,14.7,47100,3(6.80 %),8700,409770000,0,0,47100,47100,47100
2008-12-05,15.69,50300,3.2(6.79 %),91300,4584190000,0,0,50300,50300,48200
2008-12-08,16.76,53700,3.5(6.97 %),26600,1428420000,0,0,53700,53700,53700
2008-12-09,17.41,55800,2.1(3.91 %),202700,11502530000,0,0,57400,57400,54000
2008-12-10,17.69,56700,0(0.00 %),69600,3769090000,300000,16500000000,55000,56700,52800
2008-12-11,17.78,57000,2.8(5.17 %),75700,4285740000,0,0,57900,57900,53900
2008-12-12,18.88,60500,3.9(6.89 %),7600,459230000,170000,9860000000,59800,60500,59800
2008-12-15,20.16,64600,4.2(6.95 %),35200,2273920000,250000,16150000000,64600,64600,64600
2008-12-16,21.56,69100,4.5(6.97 %),30500,2107370000,260000,17966000000,69100,69100,68500
2008-12-17,20.06,64300,-4.8(-6.95 %),47400,3216780000,120000,8748000000,73000,73000,64300
2008-12-18,20.44,65500,-2.4(-3.53 %),63100,4127750000,120000,8280000000,63200,68800,63200
2008-12-19,20.31,65100,-0.3(-0.46 %),14900,1000140000,250000,16775000000,67400,67500,65000
2008-12-22,19.5,62500,-4.6(-6.86 %),11100,700860000,220000,14960000000,67000,67000,62500
2008-12-23,18.32,58700,-4.4(-6.97 %),3600,214340000,0,0,63000,63100,58700
2008-12-24,17.29,55400,-4.1(-6.89 %),700,38780000,0,0,55400,55400,55400
2008-12-25,18.47,59200,3.8(6.86 %),62600,3602090000,1630000,89650000000,51600,59200,51600
2008-12-26,19.19,61500,4(6.96 %),55800,3429480000,0,0,61500,61500,60000
2008-12-29,19.66,63000,1.5(2.44 %),21100,1336580000,500000,31500000000,62800,64400,60000
2008-12-30,19.13,61300,-2(-3.16 %),14500,927890000,400000,26000000000,64500,64700,61100
2008-12-31,18.69,59900,-4.1(-6.41 %),38200,2481430000,600000,39600000000,59600,65500,59600
2009-01-02,19.1,61200,-3.8(-5.85 %),40500,2605490000,150000,9750000000,63000,64100,60500
2009-01-05,18.72,60000,-4.3(-6.69 %),41300,2608090000,0,0,64000,64500,60000
2009-01-06,18.53,59400,-3.8(-6.01 %),8000,475200000,0,0,61000,61000,58800
2009-01-07,18.72,60000,0.6(1.01 %),20600,1231740000,150750,8955000000,61500,61900,59000
2009-01-08,18.69,59900,0.1(0.17 %),9500,568320000,1200000,72000000000,59900,59900,58600
2009-01-09,18.66,59800,0(0.00 %),10500,629220000,1200000,72000000000,59900,60000,59800
2009-01-12,18.07,57900,-2(-3.34 %),39000,2269870000,1031600,61896000000,58500,58500,57900
2009-01-13,17.72,56800,-1.4(-2.41 %),10800,614750000,5060,311000000,55300,57200,55300
2009-01-14,17.78,57000,0.1(0.18 %),6800,400440000,34214,1950000000,59000,59900,56000
2009-01-15,18.1,58000,-0.9(-1.53 %),12600,737750000,0,0,58900,58900,57000
2009-01-16,17.66,56600,-2(-3.41 %),12600,722610000,0,0,56000,57900,56000
2009-01-19,17.16,55000,-2.4(-4.18 %),8900,502370000,0,0,57000,57000,55000
2009-01-20,16.38,52500,-3.9(-6.91 %),26200,1446170000,0,0,56000,57900,52500
2009-01-21,16.04,51400,-3.8(-6.88 %),22900,1200390000,0,0,54300,54400,51400
2009-01-22,15.23,48800,-3.6(-6.87 %),83100,4121410000,75000,3930000000,50000,53900,48800
2009-01-23,14.42,46200,-3.4(-6.85 %),100100,4642580000,0,0,51000,51000,46200
2009-02-02,15.29,49000,2.6(5.60 %),49200,2240920000,0,0,47500,49000,43200
2009-02-03,13.23,45550,-3.1(-6.81 %),17800,757300000,0,0,45550,45550,45550
2009-02-04,12.45,39900,-2.6(-6.12 %),20100,804020000,0,0,39600,41000,39600
2009-02-05,11.61,37200,-2.8(-7.00 %),57100,2128980000,0,0,40000,40000,37200
2009-02-06,11.61,37200,-0.1(-0.27 %),55300,2036600000,0,0,35000,37300,35000
2009-02-09,11.95,38300,1.5(4.08 %),281800,10476340000,0,0,38000,38300,36600
2009-02-10,11.61,37200,0(0.00 %),212400,7864520000,0,0,38500,39000,36500
2009-02-11,11.2,35900,-1.1(-2.97 %),126300,4559370000,270000,9315000000,36500,36900,35800
2009-02-12,11.2,35900,-0.2(-0.55 %),40100,1443260000,0,0,35000,36500,34900
2009-02-13,10.92,35000,-1(-2.78 %),173600,6158980000,0,0,36100,36200,35000
2009-02-16,10.55,33800,-1.7(-4.79 %),93100,3177830000,0,0,35400,35500,33800
2009-02-17,9.98,32000,-2.1(-6.16 %),66800,2131570000,0,0,33000,33000,31800
2009-02-18,9.27,29750,-2.2(-6.90 %),65600,1950470000,0,0,30100,30100,29750
2009-02-19,9.3,29800,0.1(0.34 %),66700,1978840000,0,0,29000,30500,29000
2009-02-20,8.83,28300,-1.4(-4.71 %),48800,1384170000,0,0,29500,29500,27700
2009-02-23,8.27,26500,-1.9(-6.69 %),53200,1414560000,0,0,27300,27300,26500
2009-02-24,7.74,24800,-1.8(-6.77 %),107600,2673300000,0,0,26600,26600,24800
2009-02-25,7.74,24800,0(0.00 %),260400,6451250000,0,0,24800,26300,23100
2009-02-26,7.21,23100,-1.7(-6.85 %),134600,3123130000,0,0,24800,24800,23100
2009-02-27,7.64,24500,1.3(5.60 %),202800,4535420000,0,0,23200,24700,21600
2009-03-02,7.46,23900,1.5(6.70 %),5200,124040000,0,0,22800,23900,22800
2009-03-03,7.96,25500,1.6(6.69 %),780300,19882020000,0,0,23900,25500,23900
2009-03-04,7.8,25000,-0.5(-1.96 %),82500,2057190000,0,0,25500,26300,24200
2009-03-05,7.99,25600,0.7(2.81 %),92400,2362970000,0,0,24900,26000,24900
2009-03-06,7.89,25300,-0.3(-1.17 %),77500,1941120000,0,0,25600,25600,24700
2009-03-09,7.8,25000,0(0.00 %),137900,3433970000,0,0,25000,25200,24600
2009-03-10,8.05,25800,0.9(3.61 %),150700,3811970000,0,0,24900,26000,24700
2009-03-11,8.42,27000,1.7(6.72 %),239900,6461760000,0,0,25300,27000,25300
2009-03-12,8.27,26500,-0.4(-1.49 %),139900,3699950000,0,0,26900,26900,25700
2009-03-13,8.46,27100,0.7(2.65 %),178000,4834480000,0,0,26400,27600,26300
2009-03-16,9.08,29000,1.9(6.99 %),154000,4421550000,0,0,27200,29000,27200
2009-03-17,9.58,30700,2(6.97 %),19100,586370000,0,0,28700,30700,28700
2009-03-18,10.23,32800,2.1(6.84 %),7700,252560000,0,0,30700,32800,30700
2009-03-19,10.83,34700,1.9(5.79 %),417600,14578920000,0,0,32800,35000,32800
2009-03-20,10.48,33600,-1.3(-3.72 %),161000,5542930000,0,0,34900,36500,33500
2009-03-23,10.11,32400,-2(-5.81 %),118700,3865240000,0,0,34400,34400,32000
2009-03-24,10.86,34650,2.2(6.75 %),109400,3799040000,0,0,32600,34650,32600
2009-03-25,10.92,35000,0.3(0.86 %),60200,2078400000,0,0,34700,35500,33000
2009-03-26,11.51,36900,2.4(6.96 %),144400,5233820000,0,0,34500,36900,34500
2009-03-27,12.08,38700,2.5(6.91 %),221600,8571720000,0,0,38700,38700,38000
2009-03-30,12.82,41100,2.4(6.20 %),236500,9560000000,0,0,40600,41400,38000
2009-03-31,12.7,40700,0.3(0.74 %),215800,8637790000,0,0,39000,41000,38200
2009-04-01,12.73,40800,0.8(2.00 %),92800,3801100000,0,0,40200,42000,40200
2009-04-02,12.86,41200,0.2(0.49 %),114600,4735260000,0,0,43000,43500,40200
2009-04-03,13.42,43000,1.7(4.12 %),286600,12350160000,0,0,43000,44100,42000
2009-04-07,13.7,43900,0.8(1.86 %),192600,8399270000,0,0,43200,45000,41000
2009-04-08,12.67,40850,-3(-6.88 %),150400,6233000000,0,0,40850,43300,40850
2009-04-09,13.1,42000,0.6(1.45 %),179000,7708520000,0,0,41000,43450,41000
2009-04-10,13.98,44800,1.7(3.94 %),201100,9025570000,0,0,44950,44950,44200
2009-04-13,14.98,47950,3.1(6.90 %),584100,27964240000,0,0,46000,47950,46000
2009-04-14,13.92,44650,-3.3(-6.89 %),206400,9771800000,0,0,48000,50800,44650
2009-04-15,15.16,47700,1.3(2.75 %),647000,31780760000,0,0,47700,47700,47700
2009-04-16,16.1,51600,2.5(5.09 %),360100,18610390000,0,0,52000,52000,50500
2009-04-17,15.01,48100,-3.6(-6.96 %),239200,11740550000,0,0,53900,55000,48100
2009-04-20,14.26,45700,-3.4(-6.92 %),18900,864910000,0,0,45700,46000,45700
2009-04-21,13.29,42600,-3.2(-6.99 %),90400,3851040000,0,0,42600,42600,42600
2009-04-22,13.42,43000,0.4(0.94 %),191000,8272900000,0,0,39700,45300,39700
2009-04-23,13.2,42300,-1(-2.31 %),114800,4850680000,0,0,43300,44000,41000
2009-04-24,12.42,39800,-2.5(-5.91 %),155000,6212880000,0,0,42300,42300,39400
2009-04-27,12.51,40100,0(0.00 %),89400,3578070000,353300,15121240000,40100,40500,39700
2009-04-28,13.35,42800,2.8(7.00 %),421100,18023080000,0,0,42800,42800,42800
2009-04-29,14.26,45700,2.9(6.78 %),658900,30099530000,0,0,45700,45700,45000
2009-05-04,15.23,48800,3.1(6.78 %),265900,12975920000,0,0,48800,48800,48800
2009-05-05,15.29,49000,0.2(0.41 %),936400,47885240000,400000,20880000000,52200,52200,48800
2009-05-06,14.85,47600,-3.5(-6.85 %),482000,22983310000,0,0,47600,48000,47600
2009-05-07,15.2,48700,1(2.10 %),1640900,79333120000,0,0,50950,50950,47000
2009-05-08,16.1,45300,2.2(6.83 %),1688900,58094600000,100000,3440000000,45300,45300,45300
2009-05-11,17.22,36800,2.4(6.98 %),1576800,58018590000,0,0,36800,36800,36500
2009-05-12,17.36,37100,0.3(0.82 %),1117100,40936000000,0,0,37000,37800,35000
2009-05-13,16.94,36200,-0.4(-1.09 %),955200,34960220000,0,0,38000,38500,35800
2009-05-14,16.01,34200,-2.4(-6.56 %),2186700,75039510000,0,0,34100,35400,34100
2009-05-15,16.71,35700,1.4(4.08 %),1352000,47347510000,0,0,35000,36000,34200
2009-05-18,16.29,34800,-0.2(-0.57 %),632600,22082060000,0,0,35700,36000,34500
2009-05-19,16.52,35300,0.4(1.15 %),1253800,44321170000,0,0,35000,36900,34700
2009-05-20,16.24,34700,-0.6(-1.70 %),1242700,43180480000,20000,698000000,35300,35300,34300
2009-05-21,16.43,35100,0.4(1.15 %),1212100,42105960000,0,0,34000,35600,33600
2009-05-22,16.19,34600,-0.1(-0.29 %),687800,23928320000,0,0,34700,35400,34000
2009-05-25,17.41,37000,2.4(6.90 %),1468800,54129840000,0,0,35000,37000,35000
2009-05-26,17.55,37500,0.6(1.63 %),1004600,38140230000,0,0,39400,39400,37300
2009-05-27,17.27,36900,-1.1(-2.89 %),834700,31116540000,0,0,38500,39500,36100
2009-05-28,16.29,34800,-2.5(-6.70 %),840200,29524030000,0,0,36000,36000,34700
2009-05-29,16.57,35400,0.3(0.85 %),654000,22835670000,0,0,35100,36000,34000
2009-06-01,16.71,35700,0.8(2.29 %),1035200,36881160000,0,0,35400,36000,35300
2009-06-02,16.99,36300,0.7(1.97 %),1085800,40160430000,0,0,37600,38000,36000
2009-06-03,16.8,35900,-1.1(-2.97 %),676000,24206690000,0,0,36900,37000,35400
2009-06-04,16.94,36200,0.4(1.12 %),1058200,38207140000,0,0,35500,36800,35500
2009-06-05,18.06,38600,2.5(6.93 %),2562400,98876280000,15000,570000000,37600,38600,37600
2009-06-08,19.33,41300,2.7(6.99 %),730700,30177910000,240000,9912000000,41300,41300,41300
2009-06-09,20.64,44100,2.8(6.78 %),2741100,0,0,0,44100,44100,42000
2009-06-10,19.61,41900,-2.1(-4.77 %),1792300,74296830000,0,0,46000,46000,41000
2009-06-11,20.45,43700,2.2(5.30 %),1748100,75410880000,0,0,41500,44000,39500
2009-06-12,19.33,41300,-1.8(-4.18 %),1633800,69393060000,0,0,43800,45300,40650
2009-06-15,18.53,39600,-2.9(-6.82 %),927700,36853530000,0,0,41500,41500,39600
2009-06-16,17.32,37000,-2.7(-6.80 %),295800,10946130000,55000,2035000000,37000,38000,37000
2009-06-17,16.89,36100,-0.9(-2.43 %),2079200,73826400000,30000,1050000000,34500,37200,34500
2009-06-18,17.27,36900,1.4(3.94 %),917700,33941300000,100000,3310000000,36000,37700,36000
2009-06-19,17.04,36400,-0.6(-1.62 %),534700,19671490000,22037,846220800,38500,38500,35700
2009-06-22,16.05,34300,-2.5(-6.79 %),777800,26788290000,0,0,36800,36800,34300
2009-06-23,14.98,32000,-2.4(-6.98 %),932400,29872530000,10000,320000000,32000,33000,32000
2009-06-24,16.01,34200,2.2(6.88 %),594400,20130050000,7000,239400000,30000,34200,30000
2009-06-25,15.44,33000,-0.9(-2.65 %),552200,18826810000,0,0,36000,36000,32000
2009-06-26,15.58,33300,-0.8(-2.35 %),466900,15528900000,0,0,34200,34900,32700
2009-06-29,15.35,32800,-0.5(-1.50 %),303100,9949140000,25000,859000000,33500,33500,32400
2009-06-30,14.46,30900,-1.9(-5.79 %),608100,18986600000,0,0,33000,33500,30600
2009-07-01,13.67,29200,-2(-6.41 %),833500,24312560000,40000,1164000000,30600,30600,29100
2009-07-02,13.95,29800,0.6(2.05 %),715900,21188070000,0,0,30400,30500,28700
2009-07-03,14.18,30300,0.7(2.36 %),741000,22073260000,10000,310000000,28000,31000,28000
2009-07-06,14.88,31800,2(6.71 %),622000,19630180000,0,0,30900,31800,30500
2009-07-07,14.7,31400,-0.2(-0.63 %),446700,14093220000,0,0,33500,33500,31100
2009-07-08,14.41,30800,-0.8(-2.53 %),325700,10010700000,0,0,31000,31200,30000
2009-07-09,14.27,30500,-0.2(-0.65 %),419500,12805460000,10000,320000000,31000,31000,30000
2009-07-10,13.99,29900,-0.6(-1.97 %),664600,19825100000,5000,150000000,30500,30700,29300
2009-07-13,13.62,29100,-0.7(-2.35 %),632100,18551630000,0,0,29500,29900,28900
2009-07-14,13.67,29200,-0.1(-0.34 %),872300,25588090000,5000,136500000,29200,30500,28400
2009-07-15,13.9,29700,0.4(1.37 %),887300,26404100000,26000,756000000,29300,30000,28500
2009-07-16,14.46,30900,1.1(3.69 %),801100,24752110000,5000,159000000,31600,31600,30500
2009-07-17,14.7,31400,0.5(1.62 %),1029900,32145460000,0,0,31500,31900,30600
2009-07-20,14.18,30300,-0.9(-2.88 %),612200,18395410000,0,0,31000,31800,29500
2009-07-21,14.46,30900,0.9(3.00 %),477800,14710550000,10000,320000000,30700,31200,30400
2009-07-22,14.37,30700,-0.1(-0.32 %),397600,12315440000,0,0,30600,31500,30600
2009-07-23,15.44,32850,2(6.45 %),1228600,39493530000,0,0,31700,32850,30500
2009-07-24,16.05,34300,2.2(6.85 %),2639500,90534580000,0,0,34300,34300,34200
2009-07-27,17.18,36700,2.4(7.00 %),1874100,68452870000,0,0,36700,36700,35000
2009-07-28,16.1,34400,-2.1(-5.75 %),783100,27764650000,0,0,37000,38000,34200
2009-07-29,15.49,33100,-2.4(-6.76 %),864600,29291650000,0,0,33500,35400,33100
2009-07-30,14.98,32000,-1.9(-5.60 %),948000,30403190000,0,0,33900,34500,31600
2009-07-31,15.82,33800,1.7(5.30 %),764000,25689910000,0,0,33700,34000,32800
2009-08-03,15.35,32800,-0.8(-2.38 %),552400,18237670000,0,0,33700,34000,32500
2009-08-04,15.44,33000,0(0.00 %),527300,17498850000,0,0,33000,34300,32800
2009-08-05,15.44,33000,-0.2(-0.60 %),704300,23173670000,11340,369684000,33000,33200,32400
2009-08-06,15.44,33000,0.1(0.30 %),813700,27140110000,45000,1480500000,32900,34100,32800
2009-08-07,15.4,32900,-0.5(-1.50 %),648000,21337320000,0,0,33300,33300,32700
2009-08-10,15.91,34000,1.1(3.34 %),972300,32945520000,30000,990000000,33000,34500,33000
2009-08-11,16.8,35900,2(5.90 %),1908500,66774110000,20000,632000000,34200,36200,33700
2009-08-12,16.8,35900,0.9(2.57 %),1338300,48439150000,6750,243000000,35100,37000,35100
2009-08-13,16.75,35800,-0.4(-1.10 %),991400,36256030000,0,0,37000,38200,35500
2009-08-14,16.8,35900,-0.7(-1.91 %),1502900,53753040000,0,0,36400,36400,35500
2009-08-17,17.27,36900,1.1(3.07 %),1938000,71020780000,0,0,35400,37300,35400
2009-08-18,18.3,39100,2.5(6.83 %),3343800,128116320000,5740,224434000,36900,39100,36500
2009-08-19,19.14,40900,2.6(6.79 %),436300,17844670000,5000,204500000,40900,40900,40900
2009-08-20,20.4,43600,2.7(6.60 %),3570900,154679630000,0,0,43700,43700,42300
2009-08-21,19.7,42100,-1.2(-2.77 %),2097700,90307440000,0,0,44000,46000,41000
2009-08-24,19.84,42400,-0.7(-1.62 %),1610500,68500090000,300000,12670000000,43200,45000,41600
2009-08-25,20.31,43400,0.9(2.12 %),2133000,91541150000,150000,6495000000,42500,43500,42000
2009-08-26,20.87,44600,1.7(3.96 %),1446000,64056850000,130000,5824000000,43000,45000,43000
2009-08-27,20.64,44100,-0.2(-0.45 %),1088600,48112030000,168000,7467200000,45000,45000,43800
2009-08-28,20.64,44100,-0.1(-0.23 %),1804200,79147630000,160000,7012991000,44000,44600,43400
2009-08-31,20.78,44400,0.5(1.14 %),1712400,76107460000,0,7974000000,44300,45300,43900
2009-09-01,20.59,44000,-0.4(-0.90 %),1553800,68846890000,130000,5772000000,44900,44900,44000
2009-09-03,20.26,43300,-1(-2.26 %),1213300,53071880000,185000,8090000000,44000,44200,43000
2009-09-04,19.89,42500,-1.2(-2.75 %),1548500,66032930000,7000,299600000,43500,43500,41500
2009-09-07,18.91,40400,-2.2(-5.16 %),1075800,43811590000,0,0,42600,42600,39700
2009-09-08,19.66,42000,1.3(3.19 %),894300,37115750000,15000,615000000,40800,42500,40100
2009-09-09,19.33,41300,-0.2(-0.48 %),614400,25406920000,115000,4921000000,40400,43000,39900
2009-09-10,19.09,40800,-0.6(-1.45 %),569000,23180100000,5000,207000000,42000,42000,40200
2009-09-11,19.52,41700,1(2.46 %),779400,32156560000,49600,1879840000,41000,41900,41000
2009-09-14,20.5,43800,2.5(6.05 %),1459400,63771020000,0,0,41600,44100,41600
2009-09-15,20.17,43100,-0.6(-1.37 %),752700,32616090000,0,0,45800,45800,42500
2009-09-16,19.75,42200,-1.1(-2.54 %),657700,27916080000,6600,291060000,43300,43400,42000
2009-09-17,19.52,41700,-0.7(-1.65 %),550700,23117880000,27000,1204000000,42200,42900,41300
2009-09-18,20.22,43200,1.2(2.86 %),983200,41936550000,18000,808200000,41500,43500,41500
2009-09-21,20.55,43900,1.2(2.81 %),1083100,47429400000,0,0,43400,44500,43300
2009-09-22,20.55,43900,0.1(0.23 %),991300,43375630000,0,0,44000,44400,43000
2009-09-23,20.83,44500,0.7(1.60 %),2615700,119847910000,194087,8733915000,44000,46800,43900
2009-09-24,20.55,43900,-1.9(-4.15 %),767400,33872900000,0,0,44900,45000,43500
2009-09-25,20.78,44400,0.3(0.68 %),992200,43728180000,60000,2466000000,43500,44500,43500
2009-09-28,21.2,45300,1.2(2.72 %),1476300,67214560000,0,0,44400,46000,44400
2009-09-29,22.14,47300,1.8(3.96 %),1812500,85507770000,8000,388800000,46500,48000,45800
2009-09-30,23.63,50500,3.3(6.99 %),2710100,134973470000,0,0,48000,50500,47600
2009-10-01,24.38,52100,2.3(4.62 %),1922700,102107580000,65000,3356000000,53200,53200,52000
2009-10-02,24.15,51600,-1.5(-2.82 %),2254200,112838090000,30000,1704000000,52000,52500,49400
2009-10-05,24.01,51300,1.2(2.40 %),1850800,94814430000,30000,1530000000,50500,52200,49500
2009-10-06,23.73,50700,-0.5(-0.98 %),929400,47799630000,45000,2385000000,52100,53000,50400
2009-10-07,23.87,51000,-0.4(-0.78 %),1337900,68698460000,0,0,52000,53000,50600
2009-10-08,25.6,54600,3.4(6.63 %),3068500,161401510000,0,0,51300,54600,49500
2009-10-09,26.3,56200,3.6(6.84 %),588200,33056840000,79000,4439800000,56200,56200,56200
2009-10-12,28.13,60100,3.9(6.94 %),963600,57912360000,226400,13447640000,60100,60100,60100
2009-10-13,30.09,64300,4.2(6.99 %),3778700,242773450000,36500,2262950000,64300,64300,63000
2009-10-14,32.1,68600,4.4(6.85 %),3338000,228725170000,61500,3952300000,68600,68600,64300
2009-10-15,34.26,73200,4.7(6.86 %),3461300,252924820000,0,0,73200,73200,71000
2009-10-16,32.57,69600,-3.5(-4.79 %),2465600,174325400000,0,0,75000,75000,68500
2009-10-19,34.87,74500,3.8(5.37 %),3505000,251607170000,140000,10080000000,70100,74500,68000
2009-10-20,35.76,76400,4.6(6.41 %),2658500,201282680000,40000,3040000000,73000,76800,73000
2009-10-21,35.52,75900,0.2(0.26 %),1685500,127795550000,0,0,75000,77000,74100
2009-10-22,35.57,76000,0.2(0.26 %),3015700,228440510000,25000,2027500000,74600,79000,71000
2009-10-23,34.35,73400,-2.4(-3.17 %),2185000,158510080000,0,0,76500,77000,70700
2009-10-26,34.63,74000,1.5(2.07 %),2108900,155540720000,0,0,72500,75800,72000
2009-10-27,33.93,72500,-1.3(-1.76 %),1453800,104562850000,130000,9816000000,74000,74000,69000
2009-10-28,33.7,72000,0.1(0.14 %),1078000,77974600000,99000,7262100000,72500,73900,71000
2009-10-29,32.43,69300,-3(-4.15 %),2043500,139520330000,95000,6423500000,69000,70000,67300
2009-10-30,34.16,73000,4.7(6.88 %),2128500,154436880000,0,0,72100,73000,70500
2009-11-02,32.81,70100,-2.5(-3.44 %),1866300,130714570000,10000,710000000,75000,75000,68300
2009-11-03,32.71,69900,-0.1(-0.14 %),1597300,111271500000,5000,368000000,71000,72000,68500
2009-11-04,33.46,71500,1.8(2.58 %),1777500,127187600000,0,0,70000,72500,69500
2009-11-05,33.84,72300,0.7(0.98 %),1521200,110662690000,0,0,72500,73400,71700
2009-11-06,34.91,74600,1.9(2.61 %),2347600,178031180000,0,0,77400,77400,73700
2009-11-09,32.99,70500,-5.3(-6.99 %),1205900,85801730000,0,0,75000,75000,70500
2009-11-10,32.29,69000,-2.2(-3.09 %),1179000,81729890000,0,0,72000,72500,67400
2009-11-11,32.99,70500,1.2(1.73 %),1726400,121193690000,100000,6930000000,70100,72000,68100
2009-11-12,33.65,71900,1.7(2.42 %),1143700,82392970000,119000,8568000000,70600,73500,70500
2009-11-13,33.32,71200,-0.8(-1.11 %),966900,68872090000,0,0,70700,71900,70000
2009-11-16,32.99,70500,-0.7(-0.98 %),1019600,72242590000,0,0,71200,72600,70100
2009-11-17,32.76,70000,-0.9(-1.27 %),838400,59025990000,60000,4426000000,71100,71500,69700
2009-11-18,33.56,71700,1.3(1.85 %),1493300,105930790000,0,0,70100,72000,69500
2009-11-19,33.42,71400,0.5(0.71 %),1120200,80238770000,0,0,72500,72500,70900
2009-11-20,32.95,70400,-1.2(-1.68 %),884900,62555330000,20000,1440000000,71800,71800,70000
2009-11-23,33.37,71300,0.6(0.85 %),2659800,191272280000,0,0,71000,74000,70700
2009-11-24,32.76,70000,-1.9(-2.64 %),1007300,70965990000,0,0,72000,72100,69800
2009-11-25,30.7,65600,-4.9(-6.95 %),1579900,104964060000,20000,1430000000,69900,70100,65600
2009-11-26,28.92,61800,-4.6(-6.93 %),1419400,87892770000,56500,3981600000,61900,66000,61800
2009-11-27,28.78,61500,-0.4(-0.65 %),2248100,135448170000,11000,633600000,60000,65800,57600
2009-11-30,29.2,62400,2.1(3.48 %),1122600,69397550000,0,0,62100,62700,60300
2009-12-01,30.42,65000,3.2(5.18 %),1209300,78137120000,0,0,65000,65800,62300
2009-12-02,28.5,60900,-3.7(-5.73 %),1004100,62834510000,0,0,65500,65500,60400
2009-12-03,28.22,60300,-2.3(-3.67 %),922000,55629830000,0,0,59800,62000,58800
2009-12-04,28.36,60600,0.3(0.50 %),816400,49443670000,0,0,61500,62500,59900
2009-12-07,28.88,61700,1.1(1.82 %),1206300,73956500000,2274500,136568000000,59000,62000,59000
2009-12-08,28.08,60000,-1.3(-2.12 %),1213200,73748980000,0,0,62000,62500,58200
2009-12-18,26.21,56000,-9(-13.85 %),2409150,139863105000,0,0,60000,60000,55800
2009-12-21,27.14,58000,2(3.57 %),1338680,75961610000,20000,1170000000,56500,58000,54500
2009-12-22,26.21,56000,-2(-3.45 %),698530,40077945000,439850,26610925000,58000,59000,56000
2009-12-23,27.14,58000,2(3.57 %),1203180,68268520000,0,0,55500,58000,55500
2009-12-24,27.85,59500,1.5(2.59 %),1140440,66458915000,92875,5479625000,57000,59500,57000
2009-12-25,29.02,62000,2.5(4.20 %),1899920,116353855000,110000,6820000000,60500,62000,60000
2009-12-28,28.55,61000,-1(-1.61 %),1056000,65150760000,163216,10136176000,62000,63000,60500
2009-12-29,27.38,58500,-2.5(-4.10 %),1197460,71158970000,20000,1170000000,60000,61000,58500
2009-12-30,27.85,59500,1(1.71 %),1030740,61378130000,25000,1500000000,59000,61000,58000
2009-12-31,27.14,58000,-1.5(-2.52 %),1289130,76811555000,1250000,74375000000,60500,61000,58000
2010-01-04,28.31,60500,2.5(4.31 %),1664690,100165730000,120000,7260000000,59500,60500,59000
2010-01-05,29.72,63500,3(4.96 %),1213840,77078840000,50000,3175000000,63500,63500,63500
2010-01-06,31.12,66500,3(4.72 %),2114970,140462400000,120000,7920000000,66500,66500,65000
2010-01-07,32.53,69500,3(4.51 %),2359090,163892490000,150000,10425000000,69500,69500,69000
2010-01-08,31.12,66500,-3(-4.32 %),3513400,242150645000,0,0,71500,71500,66500
2010-01-11,30.42,65000,-1.5(-2.26 %),2133620,140622375000,50000,3475000000,67500,67500,64000
2010-01-12,29.02,62000,-3(-4.62 %),1989720,126463495000,174000,11832000000,64500,66000,62000
2010-01-13,30.42,65000,3(4.84 %),2001550,123874820000,109000,7085000000,62500,65000,59000
2010-01-14,29.95,64000,-1(-1.54 %),1312880,85811145000,150000,10140000000,66000,66500,64000
2010-01-15,29.02,62000,-2(-3.12 %),1319190,82506900000,100900,6760300000,63000,64000,61500
2010-01-18,27.61,59000,-3(-4.84 %),1253320,74775880000,80000,5200000000,60500,61000,59000
2010-01-19,28.31,60500,1.5(2.54 %),1256450,75898230000,0,0,59500,61500,59500
2010-01-20,27.61,59000,-1.5(-2.48 %),843710,50406310000,130000,8255000000,61000,61000,59000
2010-01-21,26.44,56500,-2.5(-4.24 %),1484540,85060925000,1100000,67605000000,58000,59500,56500
2010-01-22,26.44,56500,0(0.00 %),1089270,61272555000,0,0,56000,57500,55500
2010-01-25,26.68,57000,0.5(0.88 %),686340,38940220000,133000,7428000000,57000,57500,56000
2010-01-26,27.85,59500,2.5(4.39 %),800150,47477485000,100500,5929500000,59000,59500,58500
2010-01-27,26.91,57500,-2(-3.36 %),919590,54273035000,90000,5220000000,59500,60500,57500
2010-01-28,26.68,57000,-0.5(-0.87 %),689180,39215075000,65000,3900000000,57000,58000,56000
2010-01-29,27.14,58000,1(1.75 %),1295210,74693075000,83000,4938500000,57000,59000,56000
2010-02-01,27.14,58000,0(0.00 %),665080,38647120000,100870,6102635000,58000,59000,57500
2010-02-02,26.68,57000,-1(-1.72 %),516530,29752415000,0,0,58500,58500,57000
2010-02-03,26.91,57500,0.5(0.88 %),397820,22850215000,60000,3540000000,57000,58000,57000
2010-02-04,27.61,59000,1.5(2.61 %),1359500,79518045000,0,0,57500,59500,57500
2010-02-05,26.68,57000,-2(-3.39 %),1014060,58537495000,80000,4600000000,58000,59000,57000
2010-02-08,26.68,57000,0(0.00 %),432980,24683045000,40000,2380000000,57000,57500,56500
2010-02-09,26.21,56000,-1(-1.75 %),391160,22055870000,134000,7973000000,57000,57000,56000
2010-02-10,26.68,57000,1(1.79 %),555670,31590750000,0,0,57000,57500,56500
2010-02-11,27.14,58000,1(1.75 %),391390,22443995000,26000,1547000000,57000,58000,56500
2010-02-12,27.38,58500,0.5(0.86 %),553430,32290705000,0,0,58500,58500,58000
2010-02-22,27.14,58000,-0.5(-0.85 %),405760,23647005000,191000,11260000000,58500,59000,58000
2010-02-23,26.21,56000,-2(-3.45 %),617860,34851850000,95000,5510000000,57500,57500,56000
2010-02-24,26.44,56500,0.5(0.89 %),622990,34931020000,86500,5017000000,55500,56500,55500
2010-02-25,26.44,56500,0(0.00 %),374590,21170870000,0,0,57000,57500,56000
2010-02-26,26.91,57500,1(1.77 %),789670,45035225000,0,0,56500,57500,56000
2010-03-01,26.91,57500,0(0.00 %),650530,37593555000,0,0,58000,58500,57500
2010-03-02,26.91,57500,0(0.00 %),682040,39345695000,112000,6720000000,58000,58000,57000
2010-03-03,28.08,60000,2.5(4.35 %),1218340,71672245000,71000,4224500000,58000,60000,57000
2010-03-04,28.08,60000,0(0.00 %),1405980,85207065000,112000,6384000000,61000,61500,60000
2010-03-05,28.31,60500,0.5(0.83 %),1043290,62795710000,0,0,60000,61000,59500
2010-03-08,29.25,62500,2(3.31 %),1310820,81798690000,126000,7675000000,61500,63500,61000
2010-03-09,29.02,62000,-0.5(-0.80 %),1057950,65777955000,0,0,62000,63000,61500
2010-03-10,28.78,61500,-0.5(-0.81 %),880210,54327740000,0,0,62000,62500,61000
2010-03-11,28.78,61500,0(0.00 %),903210,55780925000,0,0,61500,62500,61000
2010-03-12,29.48,63000,1.5(2.44 %),1330460,83198880000,0,0,62000,63000,61500
2010-03-15,29.25,62500,-0.5(-0.79 %),972630,61430035000,0,0,63500,64000,62500
2010-03-16,28.08,60000,-2.5(-4.00 %),1304080,79010600000,0,0,61500,62000,60000
2010-03-17,27.38,58500,-1.5(-2.50 %),755660,44968380000,0,0,60500,61000,58500
2010-03-18,28.55,61000,2.5(4.27 %),1941430,116703145000,0,0,59500,61000,59000
2010-03-19,29.95,64000,3(4.92 %),3790540,239246640000,0,0,61000,64000,61000
2010-03-22,28.78,61500,-2.5(-3.91 %),823580,51358675000,0,0,63000,63500,61500
2010-03-23,28.31,60500,-1(-1.63 %),845290,51444875000,0,0,61500,62000,60500
2010-03-24,28.31,60500,0(0.00 %),644460,39170430000,0,0,61000,61500,60000
2010-03-25,27.38,58500,-2(-3.31 %),1561500,91748695000,0,0,59500,60000,58000
2010-03-26,27.61,59000,0.5(0.85 %),589760,34619225000,0,0,59000,59000,58000
2010-03-29,27.38,58500,-0.5(-0.85 %),498290,29272840000,0,0,59000,59500,58500
2010-03-30,27.14,58000,-0.5(-0.85 %),699810,40805470000,0,0,58000,59000,58000
2010-03-31,27.14,58000,0(0.00 %),761290,44364905000,100000,6050000000,58500,59000,58000
2010-04-01,27.61,59000,1(1.72 %),632510,37017950000,0,0,58000,59500,58000
2010-04-02,27.85,59500,0.5(0.85 %),804180,47780530000,0,0,59000,60000,58500
2010-04-05,27.85,59500,0(0.00 %),400650,23978285000,0,0,59500,60500,59500
2010-04-06,27.61,59000,-0.5(-0.84 %),825820,49312165000,0,0,60000,60500,59000
2010-04-07,27.38,58500,-0.5(-0.85 %),523240,30852930000,0,0,59000,59500,58500
2010-04-08,27.61,59000,0.5(0.85 %),528430,31340445000,0,0,59500,60000,59000
2010-04-09,28.08,60000,1(1.69 %),1238360,74291330000,0,0,59500,61000,59000
2010-04-12,27.85,59500,-0.5(-0.83 %),418620,25074645000,0,0,60500,60500,59500
2010-04-13,27.61,59000,-0.5(-0.84 %),482460,28531595000,0,0,59500,60000,58500
2010-04-14,27.38,58500,-0.5(-0.85 %),437570,25691175000,0,0,59500,59500,58500
2010-04-15,27.85,59500,1(1.71 %),636500,37700930000,0,0,59000,59500,58500
2010-04-16,27.61,59000,-0.5(-0.84 %),561140,33407460000,100000,6200000000,60000,60500,59000
2010-04-19,27.61,59000,0(0.00 %),441890,26077945000,20000,1200000000,59500,59500,58500
2010-04-20,27.14,58000,-1(-1.69 %),493490,28828455000,100000,5650000000,59000,59000,58000
2010-04-21,27.38,58500,0.5(0.86 %),455010,26619470000,138900,7708950000,58500,59000,58000
2010-04-22,28.31,60500,2(3.42 %),1604660,97132000000,0,0,59500,61000,59000
2010-04-26,27.85,59500,-1(-1.65 %),507420,30476760000,0,0,60000,61000,59500
2010-04-27,27.85,59500,0(0.00 %),646220,38519855000,0,0,60000,60000,59000
2010-04-28,28.08,60000,0.5(0.84 %),588800,35139085000,0,0,60000,60000,59500
2010-04-29,27.85,59500,-0.5(-0.83 %),769080,45866220000,199000,12537000000,60000,60000,59500
2010-05-04,27.85,59500,0(0.00 %),682770,40747305000,0,0,60000,60000,59000
2010-05-05,27.61,59000,-0.5(-0.84 %),587100,34766135000,0,0,59500,59500,59000
2010-05-06,27.38,58500,-0.5(-0.85 %),573850,33682120000,0,0,59000,59500,58500
2010-05-07,26.91,57500,-1(-1.71 %),887480,50991095000,0,0,58000,58000,56500
2010-05-10,26.44,56500,-1(-1.74 %),563510,31968630000,51000,2881500000,57000,57500,56500
2010-05-11,26.68,57000,0.5(0.88 %),496510,28355215000,199000,10746000000,57500,58000,56500
2010-05-12,25.97,55500,-1.5(-2.63 %),1083250,60405285000,0,0,56500,57000,55000
2010-05-13,25.74,55000,-0.5(-0.90 %),590460,32810045000,20000,1130000000,56000,56000,55000
2010-05-14,25.97,55500,0.5(0.91 %),334100,18499615000,40000,2300000000,56000,56000,55000
2010-05-17,25.04,53500,-2(-3.60 %),557200,30120730000,40000,2120000000,55000,55500,53500
2010-05-18,24.57,52500,-1(-1.87 %),577030,30321665000,165000,9240000000,53000,53500,52000
2010-05-19,23.63,50500,-2(-3.81 %),815060,41483265000,0,0,51500,52000,50500
2010-05-20,24.34,52000,1.5(2.97 %),686100,34760188000,185000,9080000000,49000,52000,49000
2010-05-21,23.4,50000,-2(-3.85 %),1116900,56312594000,40000,2180000000,51000,51500,49400
2010-05-24,24.1,51500,1.5(3.00 %),788930,40420100000,50000,2525000000,51000,52000,50500
2010-05-25,24.34,52000,0.5(0.97 %),596090,31043775000,20000,1080000000,51500,52500,51500
2010-05-26,24.8,53000,1(1.92 %),530100,27859640000,40000,2180000000,52500,53000,52000
2010-05-27,24.8,53000,0(0.00 %),608070,32222875000,40000,2220000000,53000,53500,52500
2010-05-28,25.74,55000,2(3.77 %),950200,52249270000,0,0,54500,55500,54000
2010-05-31,25.04,53500,-1.5(-2.73 %),308430,16643780000,0,0,55000,55000,53000
2010-06-01,25.74,55000,1.5(2.80 %),349650,19020000000,40000,2240000000,53500,55500,53500
2010-06-02,25.74,55000,0(0.00 %),223560,12232005000,40000,2260000000,54500,55000,54000
2010-06-03,25.51,54500,-0.5(-0.91 %),294760,16106885000,0,0,55000,55000,54500
2010-06-04,25.27,54000,-0.5(-0.92 %),273550,14882670000,0,0,54500,55000,54000
2010-06-07,25.04,53500,-0.5(-0.93 %),826130,44001085000,40000,2240000000,53000,54000,52000
2010-06-08,25.27,54000,0.5(0.93 %),388950,20836660000,40000,2240000000,54000,54000,53000
2010-06-09,25.51,54500,0.5(0.93 %),428970,23211560000,0,0,54500,54500,54000
2010-06-10,25.74,55000,0.5(0.92 %),386390,21125975000,0,0,54500,55000,54000
2010-06-11,25.97,55500,0.5(0.91 %),340660,18844480000,290000,15405000000,55500,55500,54500
2010-06-14,26.21,56000,0.5(0.90 %),333230,18528195000,40000,2240000000,55500,56000,55000
2010-06-15,26.44,56500,0.5(0.89 %),439720,24692955000,20000,1130000000,56000,56500,55500
2010-06-16,26.68,57000,0.5(0.88 %),423100,24055015000,0,0,56500,57000,56000
2010-06-17,27.14,58000,1(1.75 %),721910,41635465000,290000,15945000000,57000,58000,57000
2010-06-18,27.61,59000,1(1.72 %),981000,57632365000,0,0,58500,59000,58500
2010-06-21,27.14,58000,-1(-1.69 %),717290,42014905000,0,0,59000,59000,58000
2010-06-22,26.68,57000,-1(-1.72 %),457680,26051800000,30000,1710000000,57000,58000,56500
2010-06-23,26.68,57000,0(0.00 %),369510,20928385000,0,0,56500,57000,56000
2010-06-24,26.21,56000,-1(-1.75 %),356250,20077630000,550000,32000000000,57000,57000,56000
2010-06-25,25.27,54000,-2(-3.57 %),716640,38972330000,400000,21800000000,54500,55000,54000
2010-06-28,26.25,50200,1.4(3.89 %),364090,13442601000,910870,34430886000,50200,50200,50200
2010-06-29,25.62,36500,-0.9(-2.41 %),290790,10852346000,0,0,37900,37900,36500
2010-06-30,25.55,36400,-0.1(-0.27 %),300240,10710484000,40000,1436000000,35200,36400,35200
2010-07-01,25.2,35900,-0.5(-1.37 %),192250,6908745000,40000,1440000000,36100,36200,35800
2010-07-02,24.99,35600,-0.3(-0.84 %),236490,8431604000,0,0,35700,35800,35500
2010-07-05,25.97,37000,1.4(3.93 %),306070,11200251000,0,0,36000,37000,35600
2010-07-06,25.34,36100,-0.9(-2.43 %),85080,3076384000,100000,3540000000,36500,37000,36100
2010-07-07,25.06,35700,-0.4(-1.11 %),97720,3506214000,0,0,36400,36400,35700
2010-07-08,24.99,35600,-0.1(-0.28 %),62560,2240999000,0,0,36000,36000,35600
2010-07-09,25.27,36000,0.4(1.12 %),164670,5918439000,0,0,36000,36100,35800
2010-07-12,25.27,36000,0(0.00 %),77280,2782860000,0,0,36000,36100,35900
2010-07-13,26.18,37300,1.3(3.61 %),282140,10454054000,0,0,36500,37800,36500
2010-07-14,25.97,37000,-0.3(-0.80 %),132370,4930628000,0,0,37800,37800,37000
2010-07-15,25.55,36400,-0.6(-1.62 %),56840,2078346000,0,0,37000,37000,36400
2010-07-16,25.62,36500,0.1(0.27 %),100930,3689454000,0,0,36600,36700,36400
2010-07-19,25.34,36100,-0.4(-1.10 %),94320,3425653000,0,0,36500,36500,36000
2010-07-20,25.41,36200,0.1(0.28 %),136890,4960367000,0,0,36100,36300,36100
2010-07-21,25.27,36000,-0.2(-0.55 %),124050,4475085000,0,0,36200,36200,36000
2010-07-22,25.27,36000,0(0.00 %),271870,9784672000,0,0,36000,36100,35900
2010-07-23,25.27,36000,0(0.00 %),51540,1857637000,0,0,36000,36200,36000
2010-07-26,25.2,35900,-0.1(-0.28 %),51300,1841105000,0,0,36000,36000,35700
2010-07-27,24.99,35600,-0.3(-0.84 %),120250,4310200000,0,0,35700,36000,35600
2010-07-28,24.92,35500,-0.1(-0.28 %),301680,10746460000,0,0,35600,35900,35500
2010-07-29,24.92,35500,0(0.00 %),89130,3152053000,0,0,35500,35800,35000
2010-07-30,24.92,35500,0(0.00 %),81930,2909417000,0,0,35500,35600,35000
2010-08-02,24.85,35400,-0.1(-0.28 %),130320,4613360000,0,0,35500,35500,35000
2010-08-03,24.64,35100,-0.3(-0.85 %),107760,3811060000,0,0,35000,35600,35000
2010-08-04,24.64,35100,0(0.00 %),134780,4727603000,151000,5305000000,35400,35400,34800
2010-08-05,24.85,35400,0.3(0.85 %),154030,5450981000,0,0,35400,35500,35300
2010-08-06,24.57,35000,-0.4(-1.13 %),84340,2932212000,0,0,34100,35300,34100
2010-08-09,23.38,33300,-1.7(-4.86 %),125520,4230655000,0,0,34900,34900,33300
2010-08-10,22.25,31700,-1.6(-4.80 %),451100,14313742000,0,0,32400,32400,31700
2010-08-11,22.25,31700,0(0.00 %),83590,2634293000,21990,697083000,32500,32500,31000
2010-08-12,21.2,30200,-1.5(-4.73 %),205880,6268091000,0,0,31000,31500,30200
2010-08-13,21.06,30000,-0.2(-0.66 %),84160,2476272000,0,0,28800,30000,28800
2010-08-16,22.04,31400,1.4(4.67 %),140950,4381315000,0,0,30400,31500,30100
2010-08-17,22.04,31400,0(0.00 %),122030,3767848000,0,0,30000,31400,30000
2010-08-18,21.27,30300,-1.1(-3.50 %),62630,1929229000,0,0,31400,31400,30200
2010-08-19,20.85,29700,-0.6(-1.98 %),204590,6087090000,0,0,30000,30300,29500
2010-08-20,21.83,31100,1.4(4.71 %),427860,12884967000,0,0,29000,31100,28600
2010-08-23,20.92,29800,-1.3(-4.18 %),362450,11150626000,55000,1628000000,31000,31000,29800
2010-08-24,19.94,28400,-1.4(-4.70 %),453370,12937964000,265000,7552500000,29000,29000,28400
2010-08-25,19.94,28400,0(0.00 %),818420,23065484000,25500,759900000,28400,28400,27600
2010-08-26,20.85,29700,1.3(4.58 %),359130,10457591000,0,0,28900,29700,28500
2010-08-27,21.55,30700,1(3.37 %),361710,10951982000,0,0,29700,31000,29100
2010-08-30,22.6,32200,1.5(4.89 %),425000,13649805000,0,0,31200,32200,31200
2010-08-31,23.66,33700,1.5(4.66 %),492680,16353127000,0,0,32700,33800,32100
2010-09-01,23.87,34000,0.3(0.89 %),435200,14688774000,0,0,33800,34000,33100
2010-09-06,25.06,35700,1.7(5.00 %),499690,17678179000,0,0,34000,35700,34000
2010-09-07,24.71,35200,-0.5(-1.40 %),371820,13181245000,0,0,35100,36000,34700
2010-09-08,25.27,36000,0.8(2.27 %),537410,18911169000,0,0,34500,36000,33700
2010-09-09,25.9,36900,0.9(2.50 %),343720,12657143000,0,0,36200,37300,36000
2010-09-10,24.64,35100,-1.8(-4.88 %),224710,8048457000,0,0,36900,36900,35100
2010-09-13,23.8,33900,-1.2(-3.42 %),354700,12006290000,0,0,35300,35300,33400
2010-09-14,24.22,34500,0.6(1.77 %),147090,5010629000,0,0,34500,34600,33800
2010-09-15,24.36,34700,0.2(0.58 %),115610,3967625000,1950000,69225000000,34500,34700,33500
2010-09-16,24.22,34500,-0.2(-0.58 %),112430,3839037000,550000,19250000000,33500,34600,33500
2010-09-17,24.78,35300,0.8(2.32 %),210970,7394682000,0,0,35000,35300,34500
2010-09-20,23.87,34000,-1.3(-3.68 %),483220,16579441000,0,0,35000,35000,34000
2010-09-21,22.74,32400,-1.6(-4.71 %),436140,14383713000,0,0,33600,34000,32400
2010-09-22,23.45,33400,1(3.09 %),182200,6094797000,0,0,33000,33800,33000
2010-09-23,23.16,33000,-0.4(-1.20 %),179240,5905552000,0,0,33400,33400,32300
2010-09-24,22.95,32700,-0.3(-0.91 %),153790,5043198000,0,0,33000,33100,32600
2010-09-27,22.18,31600,-1.1(-3.36 %),247550,7955342000,20000,640000000,32700,32700,31600
2010-09-28,22.25,31700,0.1(0.32 %),238010,7586798000,20000,640000000,32000,32500,31600
2010-09-29,22.25,31700,0(0.00 %),76820,2438703000,0,0,32600,32600,31600
2010-09-30,22.46,32000,0.3(0.95 %),266220,8481647000,131950,4222400000,32000,32000,31600
2010-10-01,22.25,31700,-0.3(-0.94 %),81930,2607132000,1987500,66581250000,31500,32000,31500
2010-10-04,22.18,31600,-0.1(-0.32 %),376450,11840733000,0,0,31000,31800,30600
2010-10-05,22.74,32400,0.8(2.53 %),283330,9001619000,20000,648000000,31500,32400,30900
2010-10-06,23.73,33800,1.4(4.32 %),358890,11945244000,0,0,32700,33800,32400
2010-10-07,22.81,32500,-1.3(-3.85 %),265810,8807752000,0,0,33900,33900,32500
2010-10-08,22.67,32300,-0.2(-0.62 %),160050,5181490000,0,0,31500,32500,31500
2010-10-11,22.95,32700,0.4(1.24 %),116240,3789534000,0,0,32000,32900,32000
2010-10-12,22.46,32000,-0.7(-2.14 %),194500,6232297000,0,0,32500,32600,31900
2010-10-13,22.74,32400,0.4(1.25 %),168510,5434545000,0,0,32200,32400,31900
2010-10-14,22.67,32300,-0.1(-0.31 %),167860,5447145000,0,0,32600,32600,32300
2010-10-15,22.81,32500,0.2(0.62 %),173190,5605158000,0,0,32400,32500,32000
2010-10-18,22.6,32200,-0.3(-0.92 %),58530,1882760000,0,0,32500,32500,32000
2010-10-19,22.46,32000,-0.2(-0.62 %),188650,6028448000,0,0,32000,32100,31600
2010-10-20,21.41,30500,-1.5(-4.69 %),152570,4731555000,0,0,31500,31500,30500
2010-10-21,21.69,30900,0.4(1.31 %),216540,6626723000,0,0,30400,31000,30100
2010-10-22,21.97,31300,0.4(1.29 %),139000,4329787000,0,0,30900,31300,30700
2010-10-25,21.9,31200,-0.1(-0.32 %),56640,1761606000,0,0,30600,31300,30600
2010-10-26,22.46,32000,0.8(2.56 %),104860,3357675000,0,0,31500,32400,31500
2010-10-27,22.39,31900,-0.1(-0.31 %),105660,3371999000,0,0,32000,32000,31700
2010-10-28,22.25,31700,-0.2(-0.63 %),47480,1506211000,0,0,31100,32200,31100
2010-10-29,22.32,31800,0.1(0.32 %),106240,3386814000,0,0,32000,32000,31800
2010-11-01,22.46,32000,0.2(0.63 %),103660,3297319000,0,0,31100,32000,31000
2010-11-02,21.97,31300,-0.7(-2.19 %),55590,1747280000,0,0,31500,31700,31300
2010-11-03,21.69,30900,-0.4(-1.28 %),120300,3720296000,0,0,31600,31600,30800
2010-11-04,22.04,31400,0.5(1.62 %),119540,3717026000,0,0,30600,31400,30600
2010-11-05,22.46,32000,0.6(1.91 %),166970,5331363000,0,0,32000,32000,31500
2010-11-08,22.32,31800,-0.2(-0.62 %),121350,3866741000,0,0,32000,32000,31700
2010-11-09,21.48,30600,-1.2(-3.77 %),167460,5140751000,0,0,30800,30900,30600
2010-11-10,21.41,30500,-0.1(-0.33 %),148220,4500614000,0,0,29500,30600,29500
2010-11-11,21.06,30000,-0.5(-1.64 %),128760,3882108000,0,0,30500,30500,30000
2010-11-12,20.36,29000,-1(-3.33 %),210570,6117142000,0,0,30000,30000,28600
2010-11-15,19.66,28000,-1(-3.45 %),147140,4203223000,0,0,29500,29500,28000
2010-11-16,19.44,27700,-0.3(-1.07 %),163730,4561207000,0,0,28600,28600,27700
2010-11-17,18.88,26900,-0.8(-2.89 %),285290,7779898000,0,0,27500,28000,26900
2010-11-18,19.23,27400,0.5(1.86 %),130780,3605581000,0,0,27700,27800,27200
2010-11-19,19.16,27300,-0.1(-0.36 %),122820,3346359000,0,0,27900,27900,27000
2010-11-22,19.16,27300,0(0.00 %),149850,4063663000,0,0,27200,27300,26600
2010-11-23,20.08,28600,1.3(4.76 %),295770,8310810000,0,0,27500,28600,27500
2010-11-24,20.08,28600,0(0.00 %),227310,6436712000,0,0,28200,28600,27800
2010-11-25,20.01,28500,-0.1(-0.35 %),110570,3173016000,0,0,28200,29000,28200
2010-11-26,19.73,28100,-0.4(-1.40 %),60170,1695044000,0,0,28900,28900,28000
2010-11-29,20.71,29500,1.4(4.98 %),242280,6998744000,0,0,28100,29500,28000
2010-11-30,21.06,30000,0.5(1.69 %),285920,8783807000,0,0,30200,30900,30000
2010-12-01,20.92,29800,-0.2(-0.67 %),135000,4033446000,0,0,30000,30000,28700
2010-12-02,21.76,31000,1.2(4.03 %),227580,6921408000,0,0,29800,31000,29400
2010-12-03,22.81,32500,1.5(4.84 %),492340,15973952000,0,0,32200,32500,31500
2010-12-06,23.16,33000,0.5(1.54 %),280750,9360351000,0,0,33400,33800,31500
2010-12-07,22.04,31400,-1.6(-4.85 %),331260,10576263000,0,0,31800,32800,31400
2010-12-08,20.99,29900,-1.5(-4.78 %),376140,11407502000,0,0,31000,31400,29900
2010-12-09,21.41,30500,0.6(2.01 %),291550,8774702000,0,0,30000,31000,29100
2010-12-10,22.46,32000,1.5(4.92 %),423270,13370844000,0,0,31500,32000,30900
2010-12-13,23.59,33600,1.6(5.00 %),271690,9128784000,0,0,33600,33600,33600
2010-12-14,23.52,33500,-0.1(-0.30 %),437930,14478608000,0,0,33000,33800,32000
2010-12-15,23.52,33500,0(0.00 %),381900,12946745000,0,0,33500,34600,33400
2010-12-16,22.81,32500,-1(-2.99 %),321270,10487104000,0,0,33500,33500,31900
2010-12-17,23.94,34100,1.6(4.92 %),491270,16607259000,0,0,32500,34100,32300
2010-12-20,23.16,33000,-1.1(-3.23 %),261800,9002518000,0,0,34900,35200,33000
2010-12-21,24.15,34400,1.4(4.24 %),395000,13352503000,0,0,33000,34400,32700
2010-12-22,24.15,34400,0(0.00 %),374040,12846994000,0,0,34400,34500,34100
2010-12-23,24.43,34800,0.4(1.16 %),796620,27641062000,0,0,34400,35000,34300
2010-12-24,23.87,34000,-0.8(-2.30 %),162000,5536166000,0,0,34200,34800,34000
2010-12-27,23.87,34000,0(0.00 %),96100,3267041000,882840,29365732000,34300,34300,33600
2010-12-28,23.87,34000,0(0.00 %),162350,5538748000,4000000,136000000000,34100,34500,33900
2010-12-29,23.16,33000,-1(-2.94 %),87410,2936486000,360000,11628000000,34400,34400,33000
2010-12-30,23.52,33500,0.5(1.52 %),175490,5819482000,0,0,32700,33500,32700
2010-12-31,23.87,34000,0.5(1.49 %),167330,5657417000,0,0,33600,34000,33200
2011-01-04,22.95,32700,-1.3(-3.82 %),186580,6243987000,0,0,34800,34800,32700
2011-01-05,23.45,33400,0.7(2.14 %),161320,5381708000,0,0,33300,33600,33100
2011-01-06,23.45,33400,0(0.00 %),49390,1653794000,0,0,33000,33800,33000
2011-01-07,23.16,33000,-0.4(-1.20 %),63070,2098520000,0,0,33500,33500,33000
2011-01-10,22.81,32500,-0.5(-1.52 %),152130,4990254000,0,0,33000,33400,32300
2011-01-11,22.6,32200,-0.3(-0.92 %),129790,4182949000,0,0,32500,32900,32000
2011-01-12,22.6,32200,0(0.00 %),94370,3036407000,0,0,32500,32500,32000
2011-01-13,23.38,33300,1.1(3.42 %),111750,3694636000,0,0,32000,33500,32000
2011-01-14,24.5,34900,1.6(4.80 %),637210,21896282000,0,0,34000,34900,33500
2011-01-17,25.62,36500,1.6(4.58 %),1111580,40528465000,0,0,35400,36600,35100
2011-01-18,25.76,36700,0.2(0.55 %),573020,21223409000,0,0,36600,37900,36500
2011-01-19,26.67,38000,1.3(3.54 %),698460,26399178000,0,0,37200,38000,36800
2011-01-20,25.83,36800,-1.2(-3.16 %),224500,8356463000,0,0,38000,38200,36800
2011-01-21,25.34,36100,-0.7(-1.90 %),284540,10417285000,0,0,37000,37000,36100
2011-01-24,24.57,35000,-1.1(-3.05 %),168610,5966989000,0,0,36100,36200,35000
2011-01-25,23.87,34000,-1(-2.86 %),218140,7526292000,20000,700000000,35000,35000,34000
2011-01-26,24.08,34300,0.3(0.88 %),139240,4799262000,0,0,34000,34900,33900
2011-01-27,25.27,36000,1.7(4.96 %),210090,7520577000,0,0,35200,36000,34600
2011-01-28,25.97,37000,1(2.78 %),411090,15165249000,0,0,37000,37000,36500
2011-02-08,26.96,38400,1.4(3.78 %),286760,10947610000,0,0,37000,38500,37000
2011-02-09,25.9,36900,-1.5(-3.91 %),128910,4825392000,0,0,38800,38800,36800
2011-02-10,25.48,36300,-0.6(-1.63 %),224790,8242125000,0,0,36500,37000,36300
2011-02-11,25.06,35700,-0.6(-1.65 %),239880,8604803000,0,0,36900,36900,35500
2011-02-14,24.99,35600,-0.1(-0.28 %),115410,4138976000,0,0,37000,37000,35600
2011-02-15,25.13,35800,0.2(0.56 %),161010,5683596000,0,0,35600,35800,34500
2011-02-16,24.78,35300,-0.5(-1.40 %),135450,4806179000,0,0,35800,36000,35300
2011-02-17,24.43,34800,-0.5(-1.42 %),160630,5611194000,0,0,35500,35500,34700
2011-02-18,23.66,33700,-1.1(-3.16 %),184680,6314459000,0,0,35200,35200,33700
2011-02-21,22.53,32100,-1.6(-4.75 %),110550,3559912000,0,0,32500,32500,32100
2011-02-22,21.41,30500,-1.6(-4.98 %),285150,8719260000,0,0,30500,31400,30500
2011-02-23,22.04,31400,0.9(2.95 %),167240,5161063000,0,0,30500,31500,30500
2011-02-24,22.11,31500,0.1(0.32 %),308770,9410217000,0,0,31000,31500,29900
2011-02-25,22.32,31800,0.3(0.95 %),79360,2496846000,0,0,31400,31800,30700
2011-02-28,21.27,30300,-1.5(-4.72 %),188010,5804265000,0,0,31900,31900,30300
2011-03-01,21.48,30600,0.3(0.99 %),65040,1967064000,0,0,29500,30600,29500
2011-03-02,20.43,29100,-1.5(-4.90 %),181450,5298960000,0,0,29700,30000,29100
2011-03-03,19.73,28100,-1(-3.44 %),66060,1874370000,0,0,28000,29100,28000
2011-03-04,20.15,28700,0.6(2.14 %),58430,1659786000,0,0,28500,28700,28100
2011-03-07,20.15,28700,0(0.00 %),59880,1715502000,0,0,28800,29000,28300
2011-03-08,20.57,29300,0.6(2.09 %),97270,2847961000,0,0,28500,29600,28500
2011-03-09,19.87,28300,-1(-3.41 %),124290,3556478000,0,0,29300,29300,28000
2011-03-10,20.85,29700,1.4(4.95 %),207840,6110951000,0,0,29000,29700,28900
2011-03-11,21.83,31100,1.4(4.71 %),199300,6192125000,0,0,31000,31100,31000
2011-03-14,20.78,29600,-1.5(-4.82 %),121810,3627462000,0,0,29700,31000,29600
2011-03-15,20.08,28600,-1(-3.38 %),104600,2990326000,53000,1515164000,28300,29600,28300
2011-03-16,20.08,28600,0(0.00 %),233100,6682659000,0,0,28800,28900,28600
2011-03-17,20.08,28600,0(0.00 %),170260,4887478000,0,0,28800,29400,28300
2011-03-18,20.08,28600,0(0.00 %),339880,9682417000,0,0,28500,28700,28100
2011-03-21,20.29,28900,0.3(1.05 %),123010,3562858000,0,0,29000,29500,28700
2011-03-22,19.3,27500,-1.4(-4.84 %),260580,7226760000,20000,606000000,28900,29000,27500
2011-03-23,20.01,28500,1(3.64 %),331310,9401683000,0,0,28200,28600,28000
2011-03-24,20.08,28600,0.1(0.35 %),165820,4727004000,0,0,28500,28600,28300
2011-03-25,20.57,29300,0.7(2.45 %),291020,8541998000,0,0,28700,29900,28700
2011-03-28,20.08,28600,-0.7(-2.39 %),78030,2237078000,0,0,29000,29200,28400
2011-03-29,19.66,28000,-0.6(-2.10 %),151850,4269879000,145000,3944000000,28100,28600,27900
2011-03-30,19.66,28000,0(0.00 %),82350,2307387000,20000,560380000,27600,28200,27600
2011-03-31,19.51,27800,-0.2(-0.71 %),91280,2547594000,0,0,28100,28100,27700
2011-04-01,19.3,27500,-0.3(-1.08 %),91830,2536017000,0,0,27800,27800,27500
2011-04-04,19.09,27200,-0.3(-1.09 %),56430,1538413000,0,0,27300,27500,27100
2011-04-05,19.09,27200,0(0.00 %),56170,1526152000,0,0,27300,27300,27000
2011-04-06,19.51,27800,0.6(2.21 %),177010,4865244000,0,0,27400,27800,27300
2011-04-07,19.3,27500,-0.3(-1.08 %),84790,2354989000,0,0,27400,27900,27400
2011-04-08,19.44,27700,0.2(0.73 %),99580,2743156000,0,0,27300,27700,27300
2011-04-13,19.16,27300,-0.4(-1.44 %),59000,1626762000,0,0,27800,27800,27300
2011-04-14,18.95,27000,-0.3(-1.10 %),100360,2715323000,0,0,27100,27300,26900
2011-04-15,18.95,27000,0(0.00 %),86130,2333409000,0,0,27300,27300,26900
2011-04-18,18.25,26000,-1(-3.70 %),82630,2164405000,0,0,26200,26700,26000
2011-04-19,18.11,25800,-0.2(-0.77 %),105750,2743429000,0,0,26000,26100,25800
2011-04-20,18.81,26800,1(3.88 %),122720,3224354000,0,0,25900,26800,25800
2011-04-21,18.11,25800,-1(-3.73 %),49630,1299578000,0,0,26100,26800,25800
2011-04-22,17.55,25000,-0.8(-3.10 %),27530,687669000,0,0,26000,26000,24700
2011-04-25,17.97,25600,0.6(2.40 %),51470,1324980000,0,0,25800,25900,25600
2011-04-26,17.13,24400,-1.2(-4.69 %),138060,3413711000,0,0,25600,25600,24400
2011-04-27,16.85,24000,-0.4(-1.64 %),192940,4605556000,0,0,24000,24200,23300
2011-04-28,16.57,23600,-0.4(-1.67 %),49370,1175642000,0,0,24300,24300,23600
2011-04-29,16.57,23600,0(0.00 %),90370,2144616000,0,0,24000,24000,23600
2011-05-04,16.5,23500,-0.1(-0.42 %),61160,1436013000,0,0,23600,23600,23400
2011-05-05,16.5,23500,0(0.00 %),72000,1685240000,0,0,23500,23500,23300
2011-05-06,16.71,23800,0.3(1.28 %),49110,1163013000,0,0,23700,23800,23500
2011-05-09,16.85,24000,0.2(0.84 %),50790,1218815000,0,0,24000,24000,23900
2011-05-10,16.85,24000,0(0.00 %),45310,1088647000,0,0,24000,24300,24000
2011-05-11,16.85,24000,0(0.00 %),40330,965944000,0,0,24000,24000,23600
2011-05-12,16.92,24100,0.1(0.42 %),105710,2542306000,0,0,24000,24200,24000
2011-05-13,16.85,24000,-0.1(-0.41 %),83380,2000886000,0,0,23900,24100,23500
2011-05-16,16.57,23600,-0.4(-1.67 %),76760,1837154000,0,0,24000,24100,23600
2011-05-17,15.93,22700,-0.9(-3.81 %),75760,1756982000,0,0,23600,23600,22700
2011-05-18,15.79,22500,-0.2(-0.88 %),101230,2213088000,0,0,22000,22900,21600
2011-05-19,15.02,21400,-1.1(-4.89 %),79960,1746285000,0,0,22700,22700,21400
2011-05-20,14.32,20400,-1(-4.67 %),85890,1768597000,0,0,20700,20900,20400
2011-05-23,13.62,19400,-1(-4.90 %),50990,993385000,0,0,19800,19800,19400
2011-05-24,12.99,18500,-0.9(-4.64 %),38500,712250000,0,0,18500,18500,18500
2011-05-25,12.35,17600,-0.9(-4.86 %),31000,545600000,0,0,17600,17600,17600
2011-05-26,12.35,17600,0(0.00 %),487250,8264849000,0,0,16800,17700,16800
2011-05-27,12.42,17700,0.1(0.57 %),97090,1715801000,0,0,18200,18200,17000
2011-05-30,11.86,16900,-0.8(-4.52 %),49260,840872000,0,0,17900,17900,16900
2011-05-31,11.3,16100,-0.8(-4.73 %),121360,1955102000,0,0,16100,16300,16100
2011-06-01,11.86,16900,0.8(4.97 %),173180,2844149000,0,0,15400,16900,15400
2011-06-02,12.42,17700,0.8(4.73 %),202760,3587639000,0,0,17700,17700,17400
2011-06-03,12.57,17900,0.2(1.13 %),264520,4828521000,0,0,18500,18500,17700
2011-06-06,12.14,17300,-0.6(-3.35 %),175840,3050763000,0,0,17500,17600,17100
2011-06-07,12.64,18000,0.7(4.05 %),376570,6777516000,0,0,17800,18100,17800
2011-06-08,12.35,17600,-0.4(-2.22 %),279370,4950024000,0,0,18100,18100,17500
2011-06-09,12.21,17400,-0.2(-1.14 %),102790,1806365000,0,0,17100,17900,17100
2011-06-10,12.57,17900,0.5(2.87 %),270120,4866423000,0,0,17400,18200,17400
2011-06-13,13.13,18700,0.8(4.47 %),304870,5579425000,0,0,17900,18700,17600
2011-06-14,13.76,19600,0.9(4.81 %),1019390,19918994000,0,0,19000,19600,18900
2011-06-15,13.27,18900,-0.7(-3.57 %),301740,5752188000,0,0,19500,19700,18700
2011-06-16,12.78,18200,-0.7(-3.70 %),841080,15495354000,0,0,18900,19100,18000
2011-06-17,12.14,17300,-0.9(-4.95 %),614970,10727160000,0,0,18100,18200,17300
2011-06-20,11.65,16600,-0.7(-4.05 %),424990,7124068000,0,0,16900,17500,16500
2011-06-21,12.21,17400,0.8(4.82 %),360560,6258486000,0,0,17100,17400,16700
2011-06-22,12.28,17500,0.1(0.57 %),357770,6288883000,0,0,17700,18000,17200
2011-06-23,12.21,17400,-0.1(-0.57 %),206180,3583987000,0,0,17000,17500,17000
2011-06-24,11.86,16900,-0.5(-2.87 %),188660,3221997000,0,0,17400,17400,16900
2011-06-27,11.86,16900,0(0.00 %),180090,3032750000,0,0,17000,17100,16700
2011-06-28,11.79,16800,-0.1(-0.59 %),175530,2931003000,0,0,17000,17000,16500
2011-06-29,11.72,16700,-0.1(-0.60 %),177790,2965162000,0,0,16800,16800,16500
2011-06-30,11.72,16700,0(0.00 %),142640,2379383000,0,0,16700,16800,16600
2011-07-01,11.23,16000,-0.7(-4.19 %),313090,5031838000,0,0,16700,16700,15900
2011-07-04,11.23,16000,0(0.00 %),159410,2516218000,0,0,16000,16000,15500
2011-07-05,11.79,16800,0.8(5.00 %),120130,2015583000,0,0,16700,16800,16500
2011-07-06,11.23,16000,-0.8(-4.76 %),179260,2888870000,0,0,16800,17000,16000
2011-07-07,10.67,15200,-0.8(-5.00 %),294140,4533659000,0,0,16000,16200,15200
2011-07-08,11.02,15700,0.5(3.29 %),126250,1947095000,0,0,15200,15800,15100
2011-07-11,10.74,15300,-0.4(-2.55 %),128150,1968737000,0,0,15600,15600,15300
2011-07-12,10.32,14700,-0.6(-3.92 %),214590,3170314000,0,0,15200,15200,14700
2011-07-13,10.25,14600,-0.1(-0.68 %),124540,1832181000,0,0,15200,15300,14600
2011-07-14,10.18,14500,-0.1(-0.68 %),116050,1658585000,0,0,14700,14700,14200
2011-07-15,9.69,13800,-0.7(-4.83 %),588810,8157637000,0,0,14200,14300,13800
2011-07-18,9.62,13700,-0.1(-0.72 %),297830,4045690000,0,0,13800,14000,13400
2011-07-19,9.76,13900,0.2(1.46 %),61700,852760000,0,0,13400,13900,13400
2011-07-20,10.11,14400,0.5(3.60 %),118110,1674117000,0,0,13900,14400,13800
2011-07-21,9.83,14000,-0.4(-2.78 %),166220,2326042000,0,0,14300,14300,13800
2011-07-22,9.76,13900,-0.1(-0.71 %),128270,1779465000,0,0,13600,14000,13600
2011-07-25,9.76,13900,0(0.00 %),100490,1379150000,0,0,13700,13900,13500
2011-07-26,9.76,13900,0(0.00 %),127790,1772089000,0,0,13700,13900,13700
2011-07-27,9.48,13500,-0.4(-2.88 %),213250,2853264000,0,0,13500,13500,13300
2011-07-28,9.55,13600,0.1(0.74 %),94780,1274235000,0,0,13200,13600,13100
2011-07-29,9.2,13100,-0.5(-3.68 %),214330,2812967000,0,0,13400,13400,13100
2011-08-01,8.77,12500,-0.6(-4.58 %),221500,2781151000,0,0,13000,13000,12500
2011-08-02,8.35,11900,-0.6(-4.80 %),313660,3736343000,0,0,12500,12500,11900
2011-08-03,8.28,11800,-0.1(-0.84 %),137410,1599928000,0,0,11900,11900,11400
2011-08-04,8.63,12300,0.5(4.24 %),136980,1675541000,0,0,12200,12300,11800
2011-08-05,8.7,12400,0.1(0.81 %),86150,1064366000,0,0,12300,12500,12200
2011-08-08,8.28,11800,-0.6(-4.84 %),120700,1427000000,0,0,11800,12000,11800
2011-08-09,7.93,11300,-0.5(-4.24 %),100540,1136723000,0,0,11400,11400,11300
2011-08-10,7.58,10800,-0.5(-4.42 %),267150,2956492000,0,0,11500,11600,10800
2011-08-11,7.51,10700,-0.1(-0.93 %),282200,2942188000,0,0,10300,10700,10300
2011-08-12,7.72,11000,0.3(2.80 %),120370,1300710000,0,0,10400,11200,10400
2011-08-15,7.79,11100,0.1(0.91 %),103800,1144417000,0,0,11000,11200,10800
2011-08-16,7.58,10800,-0.3(-2.70 %),188320,2059412000,0,0,10900,11200,10800
2011-08-17,7.58,10800,0(0.00 %),335340,3609140000,0,0,10700,11000,10600
2011-08-18,7.72,11000,0.2(1.85 %),427400,4754633000,0,0,11200,11300,11000
2011-08-19,7.51,10700,-0.3(-2.73 %),353330,3805510000,0,0,10900,10900,10700
2011-08-22,7.86,11200,0.5(4.67 %),559400,6262823000,0,0,11000,11200,11000
2011-08-23,8.21,11700,0.5(4.46 %),428450,5012865000,0,0,11700,11700,11700
2011-08-24,8.35,11900,0.2(1.71 %),748920,9092259000,0,0,12200,12200,11900
2011-08-25,8.7,12400,0.5(4.20 %),315150,3871564000,0,0,11900,12400,11900
2011-08-26,9.06,12900,0.5(4.03 %),582060,7475469000,0,0,12400,13000,12300
2011-08-29,9.48,13500,0.6(4.65 %),336400,4392118000,0,0,13200,13500,12600
2011-08-30,9.9,14100,0.6(4.44 %),487260,6867814000,0,0,14100,14100,13900
2011-08-31,10.39,14800,0.7(4.96 %),941390,13827318000,0,0,14000,14800,14000
2011-09-01,10.67,15200,0.4(2.70 %),491510,7460157000,0,0,15200,15500,14900
2011-09-05,10.18,14500,-0.7(-4.61 %),700770,10245811000,0,0,14800,15000,14500
2011-09-06,10.04,14300,-0.2(-1.38 %),604140,8479751000,0,0,14000,14500,13800
2011-09-07,10.53,15000,0.7(4.90 %),388260,5694729000,0,0,14400,15000,14400
2011-09-08,10.6,15100,0.1(0.67 %),383830,5980890000,0,0,15400,15700,15100
2011-09-09,10.67,15200,0.1(0.66 %),187090,2835536000,0,0,14700,15400,14700
2011-09-12,11.09,15800,0.6(3.95 %),352310,5401226000,0,0,15200,15800,15100
2011-09-13,11.58,16500,0.7(4.43 %),363500,5921086000,70000,1140230000,16400,16500,15900
2011-09-14,11.02,15700,-0.8(-4.85 %),521880,8404475000,124000,1996896000,16500,16700,15700
2011-09-15,10.6,15100,-0.6(-3.82 %),433900,6566252000,148880,2253001000,15200,15600,15000
2011-09-16,10.25,14600,-0.5(-3.31 %),738630,10795149000,184360,2691656000,15200,15200,14500
2011-09-19,10.74,15300,0.7(4.79 %),301750,4575711000,150000,2100000000,14400,15300,14400
2011-09-20,11.16,15900,0.6(3.92 %),461350,7321569000,0,0,15300,16000,15300
2011-09-21,11.23,16000,0.1(0.63 %),476470,7752727000,0,0,15800,16600,15700
2011-09-22,11.79,16800,0.8(5.00 %),303070,4968998000,0,0,15900,16800,15900
2011-09-23,11.72,16700,-0.1(-0.60 %),256810,4250947000,0,0,16800,16800,16200
2011-09-26,11.86,16900,0.2(1.20 %),277120,4584619000,0,0,16500,16900,16300
2011-09-27,12.07,17200,0.3(1.78 %),194760,3338191000,0,0,16900,17300,16900
2011-09-28,11.58,16500,-0.7(-4.07 %),227100,3830963000,0,0,17400,17400,16500
2011-09-29,11.23,16000,-0.5(-3.03 %),259200,4109601000,0,0,16400,16400,15700
2011-09-30,11.09,15800,-0.2(-1.25 %),105800,1672608000,0,0,16000,16200,15500
2011-10-03,10.67,15200,-0.6(-3.80 %),247610,3782642000,0,0,15400,15800,15200
2011-10-04,10.46,14900,-0.3(-1.97 %),219130,3239853000,0,0,14700,15200,14600
2011-10-05,10.6,15100,0.2(1.34 %),168100,2532858000,0,0,15000,15400,14900
2011-10-06,10.88,15500,0.4(2.65 %),152230,2343359000,0,0,15500,15600,15200
2011-10-07,10.67,15200,-0.3(-1.94 %),139280,2126044000,0,0,15500,15600,15100
2011-10-10,10.67,15200,0(0.00 %),65920,995078000,0,0,15600,15600,15000
2011-10-11,10.6,15100,-0.1(-0.66 %),70600,1059195000,0,0,15700,15700,14800
2011-10-12,10.11,14400,-0.7(-4.64 %),146890,2127882000,0,0,14500,14800,14400
2011-10-13,10.32,14700,0.3(2.08 %),19750,286542000,0,0,14000,14700,14000
2011-10-14,10.32,14700,0(0.00 %),32680,481137000,0,0,14900,14900,14600
2011-10-17,10.39,14800,0.1(0.68 %),59570,879436000,0,0,14900,14900,14600
2011-10-18,10.25,14600,-0.2(-1.35 %),50830,746016000,0,0,14700,14800,14500
2011-10-19,9.9,14100,-0.5(-3.42 %),133740,1882695000,0,0,14900,14900,13900
2011-10-20,10.04,14300,0.2(1.42 %),42450,596626000,0,0,14300,14300,13600
2011-10-21,10.32,14700,0.4(2.80 %),35370,517077000,135080,1974735000,14500,14700,14500
2011-10-24,10.39,14800,0.1(0.68 %),60250,896359000,0,0,14700,15200,14700
2011-10-25,10.32,14700,-0.1(-0.68 %),117360,1729475000,0,0,15000,15000,14600
2011-10-26,10.46,14900,0.2(1.36 %),134300,1979457000,0,0,14700,14900,14500
2011-10-27,10.46,14900,0(0.00 %),56460,829356000,0,0,15000,15000,14500
2011-10-28,10.81,15400,0.5(3.36 %),68820,1048637000,0,0,15000,15400,14900
2011-10-31,10.6,15100,-0.3(-1.95 %),43640,661785000,0,0,15400,15800,15000
2011-11-01,10.18,14500,-0.6(-3.97 %),86830,1269743000,0,0,15100,15100,14400
2011-11-02,10.32,14700,0.2(1.38 %),52680,766496000,0,0,14500,14700,14100
2011-11-03,10.53,15000,0.3(2.04 %),18100,268743000,0,0,14600,15000,14500
2011-11-04,10.39,14800,-0.2(-1.33 %),30100,440153000,0,0,15000,15000,14400
2011-11-07,10.32,14700,-0.1(-0.68 %),65230,939030000,0,0,14200,14700,14100
2011-11-08,10.32,14700,0(0.00 %),33650,489611000,0,0,14200,14700,14200
2011-11-09,10.25,14600,-0.1(-0.68 %),27560,401872000,0,0,14500,14700,14400
2011-11-10,9.97,14200,-0.4(-2.74 %),62700,896260000,0,0,14600,14600,14000
2011-11-11,9.48,13500,-0.7(-4.93 %),67990,926120000,0,0,14200,14200,13500
2011-11-14,9.06,12900,-0.6(-4.44 %),106810,1378356000,0,0,13600,13600,12900
2011-11-15,8.77,12500,-0.4(-3.10 %),73460,919270000,30000,375420000,13200,13200,12300
2011-11-16,8.35,11900,-0.6(-4.80 %),90260,1082736000,30000,359880000,12000,12800,11900
2011-11-17,8.0,11400,-0.5(-4.20 %),107190,1227435000,0,0,12300,12300,11400
2011-11-18,7.65,10900,-0.5(-4.39 %),117580,1282372000,0,0,11400,11400,10900
2011-11-21,7.3,10400,-0.5(-4.59 %),119530,1252003000,0,0,10800,10900,10400
2011-11-22,7.3,10400,0(0.00 %),126410,1261715000,0,0,10400,10400,9900
2011-11-23,7.65,10900,0.5(4.81 %),70130,762035000,0,0,10500,10900,10500
2011-11-24,7.37,10500,-0.4(-3.67 %),378860,4184376000,0,0,11000,11400,10500
2011-11-25,7.44,10600,0.1(0.95 %),51140,544766000,0,0,10500,10800,10200
2011-11-28,7.65,10900,0.3(2.83 %),128210,1372421000,0,0,10800,11100,10400
2011-11-29,7.65,10900,0(0.00 %),44440,480784000,0,0,10800,10900,10600
2011-11-30,7.3,10400,-0.5(-4.59 %),180330,1880280000,0,0,10700,10700,10400
2011-12-01,7.37,10500,0.1(0.96 %),70920,738767000,0,0,10400,10600,10200
2011-12-02,7.51,10700,0.2(1.90 %),43940,465780000,0,0,10500,10700,10300
2011-12-05,7.86,11200,0.5(4.67 %),132080,1470336000,0,0,10900,11200,10900
2011-12-06,8.07,11500,0.3(2.68 %),220040,2551063000,0,0,11200,11700,11200
2011-12-07,8.0,11400,-0.1(-0.87 %),87270,998255000,0,0,11300,11600,11300
2011-12-08,7.65,10900,-0.5(-4.39 %),132040,1468329000,0,0,11300,11500,10900
2011-12-09,7.58,10800,-0.1(-0.92 %),62540,668018000,0,0,10900,10900,10500
2011-12-12,7.93,11300,0.5(4.63 %),208410,2340210000,0,0,10800,11300,10800
2011-12-13,8.14,11600,0.3(2.65 %),416420,4882770000,0,0,11000,11800,11000
2011-12-14,8.49,12100,0.5(4.31 %),313680,3783923000,0,0,11700,12100,11700
2011-12-15,8.91,12700,0.6(4.96 %),299980,3658625000,0,0,12100,12700,11600
2011-12-16,9.34,13300,0.6(4.72 %),302960,4023859000,0,0,12900,13300,12800
2011-12-19,9.76,13900,0.6(4.51 %),94870,1312423000,0,0,13500,13900,13300
2011-12-20,9.34,13300,-0.6(-4.32 %),135530,1809698000,400000,5560000000,13600,14400,13300
2011-12-21,8.91,12700,-0.6(-4.51 %),55880,715903000,120000,1537320000,12800,13000,12700
2011-12-22,8.49,12100,-0.6(-4.72 %),82880,1004416000,0,0,12400,12400,12100
2011-12-23,8.07,11500,-0.6(-4.96 %),150530,1731987000,0,0,11600,11600,11500
2011-12-26,7.72,11000,-0.5(-4.35 %),60400,665120000,0,0,11300,11300,11000
2011-12-27,7.37,10500,-0.5(-4.55 %),99280,1043710000,0,0,10600,10600,10500
2011-12-28,7.58,10800,0.3(2.86 %),102460,1104789000,35000,377405000,10500,11000,10200
2011-12-29,7.23,10300,-0.5(-4.63 %),136360,1408610000,35040,361928000,10500,10800,10300
2011-12-30,7.09,10100,-0.2(-1.94 %),154220,1589813000,35000,360815000,10700,10700,10000
2012-01-03,7.44,10600,0.5(4.95 %),315520,3343084000,0,0,10500,10600,10500
2012-01-04,7.51,10700,0.1(0.94 %),70540,748909000,0,0,10600,10800,10600
2012-01-05,7.37,10500,-0.2(-1.87 %),43340,450478000,0,0,10300,10600,10300
2012-01-06,7.37,10500,0(0.00 %),29410,306523000,0,0,10500,10500,10200
2012-01-09,7.23,10300,-0.2(-1.90 %),59880,612034000,0,0,10200,10400,10100
2012-01-10,7.44,10600,0.3(2.91 %),178530,1858613000,0,0,10200,10700,10200
2012-01-11,7.23,10300,-0.3(-2.83 %),37720,390251000,0,0,10700,10700,10200
2012-01-12,7.3,10400,0.1(0.97 %),54650,563411000,0,0,10300,10400,10200
2012-01-13,7.44,10600,0.2(1.92 %),68520,720735000,0,0,10500,10600,10500
2012-01-16,7.72,11000,0.4(3.77 %),89170,959106000,0,0,10700,11000,10600
2012-01-17,7.44,10600,-0.4(-3.64 %),86830,936703000,0,0,10900,11000,10600
2012-01-18,7.65,10900,0.3(2.83 %),59770,645314000,0,0,10700,10900,10600
2012-01-19,8.0,11400,0.5(4.59 %),117530,1321291000,0,0,10800,11400,10800
2012-01-20,8.35,11900,0.5(4.39 %),158590,1885168000,0,0,11800,11900,11800
2012-01-30,8.49,12100,0.2(1.68 %),103610,1251743000,0,0,11900,12300,11600
2012-01-31,8.14,11600,-0.5(-4.13 %),94290,1150809000,0,0,12500,12600,11600
2012-02-01,8.49,12100,0.5(4.31 %),182330,2149140000,0,0,11600,12100,11300
2012-02-02,8.91,12700,0.6(4.96 %),95580,1209927000,0,0,12500,12700,12500
2012-02-03,8.49,12100,-0.6(-4.72 %),149260,1926734000,0,0,12700,13300,12100
2012-02-06,8.91,12700,0.6(4.96 %),69710,862837000,0,0,11600,12700,11600
2012-02-07,9.34,13300,0.6(4.72 %),154530,2027890000,0,0,13000,13300,12600
2012-02-08,9.62,13700,0.4(3.01 %),118800,1627463000,0,0,13500,13900,13400
2012-02-09,9.34,13300,-0.4(-2.92 %),95880,1321262000,0,0,14000,14000,13300
2012-02-10,8.91,12700,-0.6(-4.51 %),207980,2648843000,0,0,12700,12900,12700
2012-02-13,8.49,12100,-0.6(-4.72 %),72570,885271000,0,0,12200,12400,12100
2012-02-14,8.91,12700,0.6(4.96 %),111810,1391310000,0,0,12100,12700,11900
2012-02-15,9.2,13100,0.4(3.15 %),163360,2134824000,9295560,123630948000,12700,13200,12700
2012-02-16,9.48,13500,0.4(3.05 %),310500,4179654000,0,0,13100,13700,13100
2012-02-17,9.76,13900,0.4(2.96 %),117040,1609894000,0,0,13500,14100,13500
2012-02-20,10.04,14300,0.4(2.88 %),67400,964663000,0,0,14100,14500,14100
2012-02-21,9.9,14100,-0.2(-1.40 %),151010,2156997000,0,0,14600,14600,14100
2012-02-22,10.39,14800,0.7(4.96 %),175090,2547242000,0,0,14000,14800,14000
2012-02-23,10.67,15200,0.4(2.70 %),175120,2649098000,0,0,15200,15500,14300
2012-02-24,10.18,14500,-0.7(-4.61 %),145050,2163065000,0,0,15300,15400,14500
2012-02-27,10.18,14500,0(0.00 %),69880,1028700000,0,0,14300,15000,14300
2012-02-28,9.9,14100,-0.4(-2.76 %),65210,942966000,0,0,14500,14700,14100
2012-02-29,10.18,14500,0.4(2.84 %),87950,1263572000,0,0,13600,14500,13600
2012-03-01,10.39,14800,0.3(2.07 %),163330,2409765000,0,0,14500,15000,14200
2012-03-02,10.53,15000,0.2(1.35 %),95200,1433360000,0,0,14800,15300,14800
2012-03-05,11.02,15700,0.7(4.67 %),468030,7270657000,0,0,15400,15700,14900
2012-03-06,11.44,16300,0.6(3.82 %),570710,9278120000,0,0,16400,16400,15800
2012-03-07,12.0,17100,0.8(4.91 %),257590,4295022000,0,0,16800,17100,15700
2012-03-08,11.44,16300,-0.8(-4.68 %),129550,2215664000,0,0,17800,17800,16300
2012-03-09,11.23,16000,-0.3(-1.84 %),129240,2043807000,0,0,15800,16400,15500
2012-03-12,10.67,15200,-0.8(-5.00 %),93530,1427107000,0,0,15400,15500,15200
2012-03-13,10.18,14500,-0.7(-4.61 %),383000,5603906000,0,0,14600,15600,14500
2012-03-14,9.83,14000,-0.5(-3.45 %),471920,6548226000,0,0,14100,14600,13800
2012-03-15,10.32,14700,0.7(5.00 %),652840,8969963000,0,0,14200,14700,13300
2012-03-16,9.83,14000,-0.7(-4.76 %),1250110,17711312000,0,0,15100,15100,14000
2012-03-19,10.04,14300,0.3(2.14 %),279960,3969088000,0,0,14200,14500,14000
2012-03-20,10.04,14300,0(0.00 %),215560,3084343000,0,0,14500,14500,14100
2012-03-21,10.39,14800,0.5(3.50 %),521530,7712322000,0,0,14300,15000,14300
2012-03-22,10.18,14500,-0.3(-2.03 %),276460,4042615000,0,0,14500,15000,14400
2012-03-23,10.67,15200,0.7(4.83 %),577540,8727047000,0,0,14600,15200,14600
2012-03-26,11.02,15700,0.5(3.29 %),785320,12275569000,0,0,15700,15900,15200
2012-03-27,10.53,15000,-0.7(-4.46 %),459450,6989749000,0,0,15600,15700,15000
2012-03-28,10.18,14500,-0.5(-3.33 %),354090,5089658000,0,0,14500,14700,14300
2012-03-29,9.76,13900,-0.6(-4.14 %),410340,5849596000,0,0,15000,15000,13800
2012-03-30,9.48,13500,-0.4(-2.88 %),353030,4794396000,0,0,13700,13900,13400
2012-04-03,9.9,14100,0.6(4.44 %),209890,2927590000,0,0,13900,14100,13700
2012-04-04,9.62,13700,-0.4(-2.84 %),140390,1948202000,0,0,14300,14300,13600
2012-04-05,9.97,14200,0.5(3.65 %),184440,2597924000,0,0,13500,14200,13500
2012-04-06,9.97,14200,0(0.00 %),167480,2396139000,0,0,14200,14500,14100
2012-04-09,10.46,14900,0.7(4.93 %),354240,5158669000,0,0,14200,14900,14100
2012-04-10,10.18,14500,-0.4(-2.68 %),347810,5179378000,0,0,15100,15100,14500
2012-04-11,10.67,15200,0.7(4.83 %),628110,9466783000,0,0,15000,15200,14600
2012-04-12,11.09,15800,0.6(3.95 %),648160,10244790000,0,0,15700,15900,15500
2012-04-13,10.81,15400,-0.4(-2.53 %),344180,5323956000,0,0,15800,15900,15200
2012-04-16,11.3,16100,0.7(4.55 %),762120,12134384000,0,0,15400,16100,15400
2012-04-17,11.86,16900,0.8(4.97 %),720010,12076172000,0,0,16500,16900,16000
2012-04-18,12.35,17600,0.7(4.14 %),1476050,26106592000,0,0,17700,17700,17100
2012-04-19,11.79,16800,-0.8(-4.55 %),608070,10547490000,90000,1620000000,18000,18000,16800
2012-04-20,11.23,16000,-0.8(-4.76 %),366280,5914836000,0,0,16300,16600,16000
2012-04-23,10.95,15600,-0.4(-2.50 %),392820,6136026000,0,0,15400,16200,15400
2012-04-24,11.16,15900,0.3(1.92 %),518200,7975066000,0,0,15200,16100,15000
2012-04-25,11.65,16600,0.7(4.40 %),656560,10657112000,0,0,15600,16600,15600
2012-04-26,11.23,16000,-0.6(-3.61 %),226920,3731511000,0,0,16200,16700,16000
2012-04-27,11.37,16200,0.2(1.25 %),387510,6292320000,0,0,16500,16500,15900
2012-05-02,10.81,15400,-0.8(-4.94 %),528020,8227522000,0,0,16200,16300,15400
2012-05-03,10.53,15000,-0.4(-2.60 %),428250,6475529000,0,0,15200,15500,14700
2012-05-04,10.88,15500,0.5(3.33 %),1001570,15304764000,0,0,15100,15700,15000
2012-05-07,11.02,15700,0.2(1.29 %),930670,14485309000,0,0,15500,15700,15400
2012-05-08,10.95,15600,-0.1(-0.64 %),483600,7610359000,0,0,15700,16000,15500
2012-05-09,10.74,15300,-0.3(-1.92 %),418440,6463377000,0,0,15600,15600,15300
2012-05-10,10.74,15300,0(0.00 %),837170,12999425000,0,0,15500,15800,15200
2012-05-11,10.39,14800,-0.5(-3.27 %),494440,7441127000,0,0,15400,15400,14800
2012-05-14,9.9,14100,-0.7(-4.73 %),608640,8675086000,0,0,14500,14600,14100
2012-05-15,9.41,13400,-0.7(-4.96 %),505390,6841403000,0,0,13700,14100,13400
2012-05-16,9.13,13000,-0.4(-2.99 %),519710,6825505000,0,0,13400,13500,12900
2012-05-17,8.7,12400,-0.6(-4.62 %),547850,6982451000,0,0,13000,13300,12400
2012-05-18,8.28,11800,-0.6(-4.84 %),672700,7981047000,0,0,12100,12200,11800
2012-05-21,8.63,12300,0.5(4.24 %),380950,4618784000,0,0,11600,12300,11600
2012-05-22,8.63,12300,0(0.00 %),229450,2834331000,0,0,12300,12800,11900
2012-05-23,8.21,11700,-0.6(-4.88 %),362040,4271721000,0,0,12000,12200,11700
2012-05-24,7.86,11200,-0.5(-4.27 %),445820,5028534000,0,0,11800,11800,11200
2012-05-25,8.21,11700,0.5(4.46 %),304460,3562182000,0,0,11700,11700,11700
2012-05-28,8.56,12200,0.5(4.27 %),461360,5625787000,0,0,12200,12200,12000
2012-05-29,8.7,12400,0.2(1.64 %),485060,5908776000,0,0,12100,12500,11900
2012-05-30,8.84,12600,0.2(1.61 %),342660,4357154000,0,0,12500,12900,12500
2012-05-31,8.49,12100,-0.5(-3.97 %),303700,3693588000,0,0,12500,12600,12000
2012-06-01,8.35,11900,-0.2(-1.65 %),178390,2167419000,0,0,12300,12400,11900
2012-06-04,8.0,11400,-0.5(-4.20 %),596080,6825521000,0,0,11600,11600,11400
2012-06-05,8.28,11800,0.4(3.51 %),305180,3544404000,0,0,11400,11800,11300
2012-06-06,8.63,12300,0.5(4.24 %),302060,3647996000,0,0,11800,12300,11800
2012-06-07,9.06,12900,0.6(4.88 %),578310,7391428000,0,0,12500,12900,12300
2012-06-08,8.91,12700,-0.2(-1.55 %),434950,5666464000,0,0,13300,13400,12600
2012-06-11,8.84,12600,-0.1(-0.79 %),441120,5643335000,0,0,12600,13000,12500
2012-06-12,8.56,12200,-0.4(-3.17 %),390610,4844443000,0,0,12600,12600,12100
2012-06-13,8.56,12200,0(0.00 %),221170,2674538000,0,0,12000,12300,12000
2012-06-14,8.28,11800,-0.4(-3.28 %),550530,6558095000,0,0,12200,12200,11700
2012-06-15,8.35,11900,0.1(0.85 %),1596640,19118173000,0,0,11800,12200,11800
2012-06-18,8.7,12400,0.5(4.20 %),2860710,35335311000,0,0,12100,12400,12100
2012-06-19,8.77,12500,0.1(0.81 %),1109670,14072021000,0,0,12700,13000,12400
2012-06-20,8.7,12400,-0.1(-0.80 %),424860,5313352000,0,0,12500,12800,12400
2012-06-21,8.42,12000,-0.4(-3.23 %),1097640,13263394000,0,0,12300,12400,12000
2012-06-22,8.14,11600,-0.4(-3.33 %),857840,10057110000,0,0,11800,11900,11600
2012-06-25,8.0,11400,-0.2(-1.72 %),989910,11225827000,20000,240000000,11700,11700,11100
2012-06-26,7.65,10900,-0.5(-4.39 %),775080,8518144000,0,0,11200,11300,10900
2012-06-27,7.65,10900,0(0.00 %),822350,8999883000,0,0,11000,11200,10800
2012-06-28,7.79,11100,0.2(1.83 %),485330,5242358000,0,0,10800,11100,10500
2012-06-29,7.72,11000,-0.1(-0.90 %),284620,3143488000,0,0,11100,11200,10900
2012-07-02,7.37,10500,-0.5(-4.55 %),670110,7115474000,0,0,11000,11000,10500
2012-07-03,7.02,10000,-0.5(-4.76 %),838660,8459721000,0,0,10500,10500,10000
2012-07-04,7.02,10000,0(0.00 %),520400,5248892000,50000,500000000,10000,10400,9900
2012-07-05,7.3,10400,0.4(4.00 %),281550,2859623000,0,0,10000,10400,9900
2012-07-06,7.58,10800,0.4(3.85 %),694990,7418763000,0,0,10600,10900,10400
2012-07-09,7.23,10300,-0.5(-4.63 %),537890,5578302000,0,0,10500,10700,10300
2012-07-10,7.02,10000,-0.3(-2.91 %),1025320,10301000000,0,0,10000,10200,10000
2012-07-11,7.09,10100,0.1(1.00 %),613270,6248187000,0,0,10100,10400,10100
2012-07-12,7.44,10600,0.5(4.95 %),765450,7980267000,0,0,10300,10600,10200
2012-07-13,7.72,11000,0.4(3.77 %),855030,9370972000,0,0,10700,11100,10600
2012-07-16,7.44,10600,-0.4(-3.64 %),534610,5792803000,0,0,11000,11300,10600
2012-07-17,7.79,11100,0.5(4.72 %),928450,10088973000,0,0,10600,11100,10600
2012-07-18,7.86,11200,0.1(0.90 %),671510,7450117000,0,0,11100,11400,10700
2012-07-19,8.21,11700,0.5(4.46 %),951290,10897469000,0,0,11300,11700,10900
2012-07-20,8.14,11600,-0.1(-0.85 %),1153750,13723386000,0,0,11900,12200,11600
2012-07-23,7.93,11300,-0.3(-2.59 %),1234660,13926710000,45360,548856000,11500,11600,11100
2012-07-24,7.58,10800,-0.5(-4.42 %),648180,7039223000,0,0,11000,11100,10800
2012-07-25,7.3,10400,-0.4(-3.70 %),1015510,10656189000,0,0,10400,10700,10400
2012-07-26,7.51,10700,0.3(2.88 %),607590,6396167000,0,0,10500,10700,10400
2012-07-27,7.16,10200,-0.5(-4.67 %),1407490,14538865000,0,0,10700,10700,10200
2012-07-30,7.16,10200,0(0.00 %),626310,6350038000,70000,700000000,10100,10300,10000
2012-07-31,7.09,10100,-0.1(-0.98 %),485910,4961018000,0,0,10200,10300,10100
2012-08-01,7.09,10100,0(0.00 %),543060,5484736000,0,0,10100,10200,10000
2012-08-02,7.23,10300,0.2(1.98 %),490040,5048308000,0,0,10200,10400,10200
2012-08-03,7.09,10100,-0.2(-1.94 %),591760,6053405000,0,0,10200,10400,10100
2012-08-06,7.37,10500,0.4(3.96 %),779050,8136604000,0,0,10300,10600,10200
2012-08-07,7.3,10400,-0.1(-0.95 %),532090,5548429000,21000,218400000,10400,10600,10300
2012-08-08,7.3,10400,0(0.00 %),287680,2972108000,0,0,10500,10500,10200
2012-08-09,7.3,10400,0(0.00 %),784750,8244882000,0,0,10400,10700,10400
2012-08-10,7.23,10300,-0.1(-0.96 %),496110,5128042000,0,0,10500,10500,10200
2012-08-13,7.16,10200,-0.1(-0.97 %),361220,3682072000,0,0,10200,10300,10100
2012-08-14,7.23,10300,0.1(0.98 %),390410,4027998000,0,0,10300,10400,10200
2012-08-15,6.88,9800,-0.5(-4.85 %),2496220,24641068000,0,0,10100,10200,9800
2012-08-16,6.95,9900,0.1(1.02 %),434020,4279620000,0,0,9700,9900,9700
2012-08-17,6.81,9700,-0.2(-2.02 %),395240,3829607000,20000,206000000,9800,9900,9600
2012-08-20,6.81,9700,0(0.00 %),402840,3910647000,20000,202000000,9700,9900,9600
2012-08-21,6.53,9300,-0.4(-4.12 %),521230,4859662000,45000,446500000,9500,9500,9300
2012-08-22,6.25,8900,-0.4(-4.30 %),574880,5120712000,0,0,8900,9000,8900
2012-08-23,5.97,8500,-0.4(-4.49 %),100370,853145000,40000,372000000,8500,8500,8500
2012-08-24,5.69,8100,-0.4(-4.71 %),2056330,16765303000,0,0,8100,8500,8100
2012-08-27,5.41,7700,-0.4(-4.94 %),273330,2105693000,0,0,7700,7800,7700
2012-08-28,5.19,7400,-0.3(-3.90 %),946430,7009044000,0,0,7400,7600,7400
2012-08-29,5.41,7700,0.3(4.05 %),434180,3295020000,0,0,7500,7700,7400
2012-08-30,5.48,7800,0.1(1.30 %),835020,6544398000,0,0,7800,8000,7700
2012-08-31,5.62,8000,0.2(2.56 %),855190,6895381000,0,0,8100,8100,7900
2012-09-04,5.69,8100,0.1(1.25 %),257000,2078273000,0,0,8100,8200,8000
2012-09-05,5.41,7700,-0.4(-4.94 %),605360,4681535000,0,0,7900,7900,7700
2012-09-06,5.19,7400,-0.3(-3.90 %),775610,5754002000,0,0,7400,7500,7400
2012-09-07,5.05,7200,-0.2(-2.70 %),857430,6135649000,0,0,7200,7400,7100
2012-09-10,4.84,6900,-0.3(-4.17 %),193600,1335840000,0,0,6900,6900,6900
2012-09-11,4.63,6600,-0.3(-4.35 %),66100,436260000,0,0,6600,6600,6600
2012-09-12,4.42,6300,-0.3(-4.55 %),838500,5291536000,36190,227997000,6300,6600,6300
2012-09-13,4.56,6500,0.2(3.17 %),527310,3224128000,0,0,6100,6500,6000
2012-09-14,4.77,6800,0.3(4.62 %),353700,2398084000,0,0,6700,6800,6600
2012-09-17,4.77,6800,0(0.00 %),520440,3547279000,0,0,6800,7000,6600
2012-09-18,4.56,6500,-0.3(-4.41 %),353220,2318821000,0,0,6700,6700,6500
2012-09-19,4.42,6300,-0.2(-3.08 %),578170,3621672000,0,0,6200,6400,6200
2012-09-20,4.21,6000,-0.3(-4.76 %),562960,3384854000,0,0,6200,6200,6000
2012-09-21,4.35,6200,0.2(3.33 %),874660,5346820000,0,0,5900,6200,5900
2012-09-24,4.14,5900,-0.3(-4.84 %),171220,1016670000,0,0,6000,6000,5900
2012-09-25,4.07,5800,-0.1(-1.69 %),336230,1989587000,0,0,6000,6000,5800
2012-09-26,4.21,6000,0.2(3.45 %),305960,1821522000,0,0,5800,6000,5800
2012-09-27,4.14,5900,-0.1(-1.67 %),273850,1633017000,0,0,6000,6100,5900
2012-09-28,4.07,5800,-0.1(-1.69 %),169600,992183000,0,0,5900,5900,5800
2012-10-01,3.93,5600,-0.2(-3.45 %),239620,1343299000,51830,310980000,5700,5700,5600
2012-10-02,3.79,5400,-0.2(-3.57 %),67420,364068000,0,0,5400,5400,5400
2012-10-03,3.65,5200,-0.2(-3.70 %),505170,2645994000,0,0,5300,5400,5200
2012-10-04,3.51,5000,-0.2(-3.85 %),406260,2054125000,0,0,5100,5300,5000
2012-10-05,3.58,5100,0.1(2.00 %),325380,1629553000,0,0,5000,5100,4900
2012-10-08,3.65,5200,0.1(1.96 %),811530,4163208000,0,0,5000,5300,5000
2012-10-09,3.58,5100,-0.1(-1.92 %),777760,3967908000,0,0,5100,5200,5000
2012-10-10,3.72,5300,0.2(3.92 %),2136710,11194112000,0,0,4900,5300,4900
2012-10-11,3.86,5500,0.2(3.77 %),126680,696740000,0,0,5500,5500,5500
2012-10-12,4.0,5700,0.2(3.64 %),1837760,10466187000,0,0,5700,5700,5600
2012-10-15,4.0,5700,0(0.00 %),2307820,13076092000,0,0,5700,5800,5600
2012-10-16,4.14,5900,0.2(3.51 %),691330,4065123000,0,0,5700,5900,5700
2012-10-17,4.28,6100,0.2(3.39 %),337970,2061617000,0,0,6100,6100,6100
2012-10-18,4.49,6400,0.3(4.92 %),808050,5112732000,0,0,6200,6400,6200
2012-10-19,4.63,6600,0.2(3.12 %),3254630,21261909000,0,0,6700,6700,6200
2012-10-22,4.42,6300,-0.3(-4.55 %),2193020,13854700000,0,0,6600,6600,6300
2012-10-23,4.42,6300,0(0.00 %),709020,4394980000,0,0,6200,6300,6100
2012-10-24,4.35,6200,-0.1(-1.59 %),875790,5386926000,0,0,6200,6300,6000
2012-10-25,4.14,5900,-0.3(-4.84 %),192550,1138059000,0,0,6000,6000,5900
2012-10-26,4.0,5700,-0.2(-3.39 %),1220530,6977053000,0,0,5700,5900,5700
2012-10-29,4.14,5900,0.2(3.51 %),890900,4994294000,0,0,5500,5900,5500
2012-10-30,4.14,5900,0(0.00 %),882190,5327568000,0,0,6100,6100,5900
2012-10-31,4.0,5700,-0.2(-3.39 %),616580,3523080000,0,0,5800,5800,5700
2012-11-01,3.93,5600,-0.1(-1.75 %),362510,2039709000,0,0,5600,5800,5500
2012-11-02,3.79,5400,-0.2(-3.57 %),252880,1365552000,0,0,5400,5400,5400
2012-11-05,3.65,5200,-0.2(-3.70 %),588560,3070241000,0,0,5200,5300,5200
2012-11-06,3.51,5000,-0.2(-3.85 %),578820,2911227000,0,0,5100,5200,5000
2012-11-07,3.65,5200,0.2(4.00 %),461660,2377157000,0,0,5000,5200,5000
2012-11-08,3.79,5400,0.2(3.85 %),985420,5307526000,0,0,5300,5400,5200
2012-11-09,3.86,5500,0.1(1.85 %),480330,2634725000,0,0,5400,5600,5400
2012-11-12,3.93,5600,0.1(1.82 %),491420,2723833000,0,0,5600,5700,5500
2012-11-13,3.79,5400,-0.2(-3.57 %),471580,2594725000,0,0,5600,5600,5400
2012-11-14,3.79,5400,0(0.00 %),522320,2843957000,0,0,5300,5600,5300
2012-11-15,3.65,5200,-0.2(-3.70 %),611040,3188619000,0,0,5300,5300,5200
2012-11-16,3.65,5200,0(0.00 %),328290,1672880000,0,0,5100,5300,5000
2012-11-19,3.51,5000,-0.2(-3.85 %),391430,1971325000,0,0,5100,5200,5000
2012-11-20,3.65,5200,0.2(4.00 %),359680,1852430000,0,0,5100,5200,5100
2012-11-21,3.72,5300,0.1(1.92 %),230710,1208654000,0,0,5200,5400,5200
2012-11-22,3.65,5200,-0.1(-1.89 %),162390,844576000,0,0,5200,5300,5100
2012-11-23,3.58,5100,-0.1(-1.92 %),298970,1525740000,0,0,5100,5200,5000
2012-11-26,3.51,5000,-0.1(-1.96 %),294800,1476299000,0,0,5100,5100,4900
2012-11-27,3.44,4900,-0.1(-2.00 %),156700,771677000,0,0,5000,5000,4900
2012-11-28,3.44,4900,0(0.00 %),64730,319933000,137430,645921000,4900,5000,4900
2012-11-29,3.51,5000,0.1(2.04 %),111060,554501000,0,0,5000,5100,4900
2012-11-30,3.51,5000,0(0.00 %),71520,355632000,0,0,5000,5100,4900
2012-12-03,3.58,5100,0.1(2.00 %),152640,764365000,30000,156000000,5000,5100,4900
2012-12-04,3.65,5200,0.1(1.96 %),136200,693874000,0,0,5100,5200,5000
2012-12-05,3.65,5200,0(0.00 %),580720,3064202000,0,0,5200,5400,5100
2012-12-06,3.65,5200,0(0.00 %),229760,1193365000,0,0,5200,5300,5100
2012-12-07,3.58,5100,-0.1(-1.92 %),273300,1410361000,0,0,5200,5200,5100
2012-12-10,3.72,5300,0.2(3.92 %),517760,2674071000,0,0,5100,5300,5000
2012-12-11,3.72,5300,0(0.00 %),435640,2295070000,0,0,5300,5300,5200
2012-12-12,3.79,5400,0.1(1.89 %),432680,2309015000,0,0,5200,5500,5200
2012-12-13,3.65,5200,-0.2(-3.70 %),581590,3064602000,0,0,5400,5400,5200
2012-12-14,3.65,5200,0(0.00 %),420150,2193512000,0,0,5200,5300,5200
2012-12-17,3.51,5000,-0.2(-3.85 %),2919330,14684669000,0,0,5000,5200,5000
2012-12-18,3.37,4800,-0.2(-4.00 %),2252720,11082695000,0,0,5100,5100,4800
2012-12-19,3.51,5000,0.2(4.17 %),2036230,10079645000,0,0,4900,5000,4800
2012-12-20,3.65,5200,0.2(4.00 %),2314370,12034724000,0,0,5200,5200,5200
2012-12-21,3.65,5200,0(0.00 %),3798090,19753135000,400000,2080000000,5300,5300,5000
2012-12-24,3.65,5200,0(0.00 %),1246530,6482343000,0,0,5300,5300,5100
2012-12-25,3.79,5400,0.2(3.85 %),2828360,15237096000,0,0,5200,5400,5200
2012-12-26,3.93,5600,0.2(3.70 %),2326140,12887964000,0,0,5500,5600,5400
2012-12-27,4.0,5700,0.1(1.79 %),2150550,12398614000,0,0,5700,5800,5700
2012-12-28,4.14,5900,0.2(3.51 %),2061190,11996114000,0,0,5600,5900,5600
2013-01-02,4.28,6100,0.2(3.39 %),700760,4274636000,0,0,6100,6100,6100
2013-01-03,4.49,6400,0.3(4.92 %),6059330,38606675000,0,0,6400,6400,6100
2013-01-04,4.7,6700,0.3(4.69 %),3143970,20495163000,0,0,6300,6700,6200
2013-01-07,4.91,7000,0.3(4.48 %),2359050,16439572000,0,0,6900,7000,6800
2013-01-08,4.84,6900,-0.1(-1.43 %),3092620,21528029000,90000,603000000,7000,7200,6800
2013-01-09,4.63,6600,-0.3(-4.35 %),4656890,32817257000,0,0,7000,7200,6600
2013-01-10,4.84,6900,0.3(4.55 %),2457510,16928401000,0,0,6900,6900,6600
2013-01-11,5.05,7200,0.3(4.35 %),253850,1827720000,90000,621000000,7200,7200,7200
2013-01-14,5.26,7500,0.3(4.17 %),2564500,19213693000,0,0,7500,7500,7400
2013-01-15,5.62,8000,0.5(6.67 %),2029160,16190665000,0,0,7800,8000,7800
2013-01-16,5.97,8500,0.5(6.25 %),958910,8090953000,0,0,8300,8500,8200
2013-01-17,5.97,8500,0(0.00 %),3180700,28339450000,0,0,9000,9000,8500
2013-01-18,5.62,8000,-0.5(-5.88 %),3920670,31735246000,0,0,8500,8600,8000
2013-01-21,5.55,7900,-0.1(-1.25 %),2052750,16046193000,0,0,8000,8100,7600
2013-01-22,5.62,8000,0.1(1.27 %),2491250,20464725000,0,0,8000,8400,7800
2013-01-23,5.34,7600,-0.4(-5.00 %),1634930,12472521000,20000,162000000,8000,8100,7500
2013-01-24,5.55,7900,0.3(3.95 %),2088300,16203048000,0,0,7800,8000,7400
2013-01-25,5.9,8400,0.5(6.33 %),2725200,22830708000,0,0,8100,8400,8100
2013-01-28,6.25,8900,0.5(5.95 %),2588960,22713435000,0,0,8600,8900,8600
2013-01-29,6.67,9500,0.6(6.74 %),1466530,13932035000,20000,190000000,9500,9500,9500
2013-01-30,7.09,10100,0.6(6.32 %),3878700,39072360000,0,0,10100,10100,9800
2013-01-31,6.95,9900,-0.2(-1.98 %),4579720,46922844000,0,0,10100,10800,9700
2013-02-01,7.16,10200,0.3(3.03 %),2040900,19589767000,0,0,9800,10200,9300
2013-02-04,7.51,10700,0.5(4.90 %),2463590,26449219000,0,0,10200,10900,10200
2013-02-05,7.09,10100,-0.6(-5.61 %),1797780,18590831000,0,0,10000,10700,10000
2013-02-06,7.16,10200,0.1(0.99 %),2236900,22962676000,410000,4100000000,10100,10500,10100
2013-02-07,7.16,10200,0(0.00 %),1357760,13961176000,1100000,10940000000,10600,10600,10100
2013-02-08,7.3,10400,0.2(1.96 %),2012010,21140858000,530000,5300000000,10000,10800,10000
2013-02-18,6.95,9900,-0.5(-4.81 %),1975490,19807921000,0,0,10300,10300,9800
2013-02-19,7.37,10500,0.6(6.06 %),2718860,28336992000,929990,9169902000,10200,10500,10000
2013-02-20,7.86,11200,0.7(6.67 %),3022110,33327554000,480000,4800000000,10700,11200,10600
2013-02-21,7.37,10500,-0.7(-6.25 %),2779350,30977241000,0,0,11600,11800,10500
2013-02-22,7.16,10200,-0.3(-2.86 %),2848090,30451016000,0,0,10800,11200,9900
2013-02-25,7.09,10100,-0.1(-0.98 %),1305060,13365578000,0,0,10400,10500,10100
2013-02-26,6.6,9400,-0.7(-6.93 %),3316730,33067750000,0,0,10400,10500,9400
2013-02-27,6.25,8900,-0.5(-5.32 %),3453230,30613322000,0,0,9400,9500,8800
2013-02-28,6.67,9500,0.6(6.74 %),1058180,10051311000,1000000,9500000000,9500,9500,9300
2013-03-01,6.53,9300,-0.2(-2.11 %),1932170,18865561000,0,0,9800,10100,9300
2013-03-04,6.11,8700,-0.6(-6.45 %),1309510,11491044000,20000,174000000,9000,9100,8700
2013-03-05,5.69,8100,-0.6(-6.90 %),2153630,17499664000,0,0,8100,8400,8100
2013-03-06,5.76,8200,0.1(1.23 %),1136750,9250733000,0,0,8300,8500,7800
2013-03-07,5.41,7700,-0.5(-6.10 %),1165840,9267914000,0,0,8000,8300,7700
2013-03-08,5.48,7800,0.1(1.30 %),1223140,9677553000,30000,216000000,7900,8100,7700
2013-03-11,5.83,8300,0.5(6.41 %),674150,5447535000,0,0,8000,8300,7800
2013-03-12,6.18,8800,0.5(6.02 %),2923480,25552223000,0,0,8500,8800,8400
2013-03-13,5.9,8400,-0.4(-4.55 %),1647400,14284935000,0,0,9100,9200,8200
2013-03-14,6.11,8700,0.3(3.57 %),1166630,9999478000,0,0,8400,8800,8300
2013-03-15,6.46,9200,0.5(5.75 %),2533650,22876428000,0,0,8700,9200,8700
2013-03-18,6.25,8900,-0.3(-3.26 %),1693950,15279205000,0,0,9100,9300,8800
2013-03-19,6.46,9200,0.3(3.37 %),1688980,15175709000,0,0,8800,9200,8800
2013-03-20,6.32,9000,-0.2(-2.17 %),749940,6832617000,0,0,9200,9300,9000
2013-03-21,6.18,8800,-0.2(-2.22 %),999820,8968572000,58500,491400000,9100,9300,8800
2013-03-22,5.97,8500,-0.3(-3.41 %),864200,7396879000,0,0,8800,9000,8200
2013-03-25,5.97,8500,0(0.00 %),532920,4501447000,0,0,8500,8700,8300
2013-03-26,5.83,8300,-0.2(-2.35 %),425600,3585926000,0,0,8500,8600,8300
2013-03-27,5.62,8000,-0.3(-3.61 %),917200,7380081000,67000,562800000,8300,8300,7900
2013-03-28,5.62,8000,0(0.00 %),1035570,8091591000,0,0,7900,8000,7700
2013-03-29,5.62,8000,0(0.00 %),567880,4468816000,0,0,7800,8100,7600
2013-04-01,5.62,8000,0(0.00 %),1694010,13012814000,0,0,7600,8000,7500
2013-04-02,5.69,8100,0.1(1.25 %),821590,6734165000,0,0,8000,8400,8000
2013-04-03,5.55,7900,-0.2(-2.47 %),611430,4896455000,0,0,8300,8300,7800
2013-04-04,5.34,7600,-0.3(-3.80 %),573310,4431885000,0,0,7900,7900,7600
2013-04-05,5.19,7400,-0.2(-2.63 %),901100,6672786000,0,0,7600,7700,7100
2013-04-08,5.05,7200,-0.2(-2.70 %),443790,3263955000,0,0,7600,7600,7200
2013-04-09,5.41,7700,0.5(6.94 %),1592100,11657950000,0,0,7100,7700,7100
2013-04-10,5.05,7200,-0.5(-6.49 %),1610060,12395654000,0,0,7700,8000,7200
2013-04-11,4.98,7100,-0.1(-1.39 %),821750,5979397000,0,0,7300,7500,7100
2013-04-12,4.91,7000,-0.1(-1.41 %),755680,5277653000,0,0,7200,7300,6800
2013-04-15,4.7,6700,-0.3(-4.29 %),707460,4762975000,0,0,7000,7000,6600
2013-04-16,4.56,6500,-0.2(-2.99 %),634760,4161914000,30000,198000000,6600,6700,6400
2013-04-17,4.56,6500,0(0.00 %),426120,2733524000,135000,891000000,6700,6700,6300
2013-04-18,4.42,6300,-0.2(-3.08 %),1109870,6926813000,133000,877800000,6300,6400,6100
2013-04-22,4.14,5900,-0.4(-6.35 %),672280,4041857000,434000,2734200000,6000,6200,5900
2013-04-23,4.42,6300,0.4(6.78 %),826090,5204317000,718000,3949000000,6300,6300,6200
2013-04-24,4.7,6700,0.4(6.35 %),829090,5387422000,0,0,6400,6700,6300
2013-04-25,4.84,6900,0.2(2.99 %),822550,5734411000,0,0,7000,7100,6800
2013-04-26,4.63,6600,-0.3(-4.35 %),567230,3851191000,0,0,7000,7000,6600
2013-05-02,4.7,6700,0.1(1.52 %),584150,3955605000,0,0,6500,7000,6500
2013-05-03,4.91,7000,0.3(4.48 %),624730,4292126000,0,0,6700,7000,6700
2013-05-06,5.19,7400,0.4(5.71 %),849150,6242885000,0,0,7300,7400,7200
2013-05-07,5.48,7800,0.4(5.41 %),1998550,15660318000,0,0,7700,7900,7600
2013-05-08,5.26,7500,-0.3(-3.85 %),1201970,9159557000,0,0,7600,8000,7500
2013-05-09,5.62,8000,0.5(6.67 %),1434980,11404444000,786000,5502000000,7600,8000,7600
2013-05-10,5.83,8300,0.3(3.75 %),2071350,17402981000,414000,3105000000,8300,8500,8200
2013-05-13,6.18,8800,0.5(6.02 %),1842970,15913163000,990000,7722000000,8200,8800,8200
2013-05-14,5.9,8400,-0.4(-4.55 %),1653080,13948751000,0,0,8700,8800,8300
2013-05-15,5.69,8100,-0.3(-3.57 %),1689440,13604967000,0,0,8000,8300,7900
2013-05-16,5.69,8100,0(0.00 %),604500,4867892000,1264070,9606932000,8300,8300,7900
2013-05-17,5.48,7800,-0.3(-3.70 %),758130,6026113000,20000,160000000,8000,8200,7800
2013-05-20,5.83,8300,0.5(6.41 %),1203250,9891752000,0,0,7700,8300,7700
2013-05-21,5.97,8500,0.2(2.41 %),1073380,9232921000,0,0,8500,8800,8400
2013-05-22,5.69,8100,-0.4(-4.71 %),1208760,10068617000,295000,2360000000,8500,8600,8100
2013-05-23,5.83,8300,0.2(2.47 %),1016880,8487607000,0,0,8100,8500,8100
2013-05-24,5.9,8400,0.1(1.20 %),711700,6081806000,0,0,8500,8800,8400
2013-05-27,6.11,8700,0.3(3.57 %),2273150,19683804000,0,0,8400,8900,8400
2013-05-28,6.32,9000,0.3(3.45 %),1303800,11636508000,0,0,8900,9100,8700
2013-05-29,6.04,8600,-0.4(-4.44 %),1249850,11046966000,1543000,12961200000,9100,9100,8500
2013-05-30,6.18,8800,0.2(2.33 %),817160,7005279000,0,0,8600,8800,8400
2013-05-31,5.97,8500,-0.3(-3.41 %),1037060,9057044000,0,0,8900,9000,8500
2013-06-03,5.97,8500,0(0.00 %),850840,7326393000,100000,800000000,8400,8900,8400
2013-06-04,5.62,8000,-0.5(-5.88 %),763310,6345619000,0,0,8500,8600,8000
2013-06-05,5.76,8200,0.2(2.50 %),532610,4317822000,0,0,8100,8300,8000
2013-06-06,5.83,8300,0.1(1.22 %),511890,4223806000,0,0,8100,8400,8100
2013-06-07,5.9,8400,0.1(1.20 %),655340,5506703000,0,0,8500,8500,8300
2013-06-10,5.97,8500,0.1(1.19 %),1550330,13517305000,0,0,8600,8900,8500
2013-06-11,5.9,8400,-0.1(-1.18 %),478630,4067368000,0,0,8500,8600,8400
2013-06-12,5.76,8200,-0.2(-2.38 %),1320040,11053886000,0,0,8500,8600,8200
2013-06-13,6.04,8600,0.4(4.88 %),1133470,9605947000,25000,205000000,8400,8600,8300
2013-06-14,5.9,8400,-0.2(-2.33 %),800930,6858000000,0,0,8800,8900,8400
2013-06-17,5.76,8200,-0.2(-2.38 %),1374920,11484458000,0,0,8400,8600,8100
2013-06-18,5.62,8000,-0.2(-2.44 %),1165340,9391245000,60000,462000000,8200,8200,8000
2013-06-19,5.76,8200,0.2(2.50 %),637110,5152002000,0,0,8100,8200,8000
2013-06-20,5.62,8000,-0.2(-2.44 %),797320,6415772000,0,0,8100,8200,8000
2013-06-21,5.55,7900,-0.1(-1.25 %),711970,5623890000,0,0,7900,8000,7800
2013-06-24,5.26,7500,-0.4(-5.06 %),1078250,8266839000,0,0,7800,7900,7500
2013-06-25,4.91,7000,-0.5(-6.67 %),1401390,9920305000,0,0,7400,7500,7000
2013-06-26,4.91,7000,0(0.00 %),1007580,7120969000,0,0,7000,7200,6900
2013-06-27,5.19,7400,0.4(5.71 %),869120,6393172000,0,0,7300,7400,7300
2013-06-28,5.19,7400,0(0.00 %),1277920,9742054000,0,0,7600,7800,7400
2013-07-01,5.48,7800,0.4(5.41 %),938540,7130793000,0,0,7500,7900,7300
2013-07-02,5.48,7800,0(0.00 %),610230,4722418000,0,0,7800,7900,7700
2013-07-03,5.34,7600,-0.2(-2.56 %),571940,4406426000,0,0,7800,7800,7600
2013-07-04,5.26,7500,-0.1(-1.32 %),527190,3984401000,0,0,7600,7700,7500
2013-07-05,5.19,7400,-0.1(-1.33 %),439640,3280797000,0,0,7500,7600,7300
2013-07-08,5.19,7400,0(0.00 %),680320,5077398000,0,0,7500,7600,7400
2013-07-09,5.19,7400,0(0.00 %),354480,2620889000,22700,174790000,7400,7500,7300
2013-07-10,5.19,7400,0(0.00 %),374640,2803170000,0,0,7600,7600,7400
2013-07-11,5.26,7500,0.1(1.35 %),179910,1334389000,0,0,7400,7500,7300
2013-07-12,5.55,7900,0.4(5.33 %),1515720,11832723000,0,0,7500,8000,7500
2013-07-15,5.55,7900,0(0.00 %),504300,3970730000,0,0,8000,8000,7800
2013-07-16,5.41,7700,-0.2(-2.53 %),423220,3311333000,0,0,7800,7900,7700
2013-07-17,5.62,8000,0.3(3.90 %),1209860,9614666000,0,0,7800,8100,7700
2013-07-18,5.41,7700,-0.3(-3.75 %),987930,7775943000,0,0,7900,8100,7700
2013-07-19,5.55,7900,0.2(2.60 %),533420,4181483000,300000,2351700000,7900,7900,7700
2013-07-22,5.55,7900,0(0.00 %),783790,6155827000,185000,1461500000,7900,7900,7800
2013-07-23,5.34,7600,-0.3(-3.80 %),404760,3117620000,460000,3496000000,7900,7900,7600
2013-07-24,5.12,7300,-0.3(-3.95 %),813470,6007179000,0,0,7600,7700,7300
2013-07-25,4.98,7100,-0.2(-2.74 %),677220,4884222000,0,0,7400,7400,7100
2013-07-26,5.12,7300,0.2(2.82 %),636810,4512738000,0,0,7100,7300,7000
2013-07-29,4.84,6900,-0.4(-5.48 %),514280,3594624000,30000,210000000,7300,7300,6800
2013-07-30,4.84,6900,0(0.00 %),576750,4005759000,0,0,6800,7100,6800
2013-07-31,4.91,7000,0.1(1.45 %),340640,2385142000,0,0,7000,7100,6900
2013-08-01,4.98,7100,0.1(1.43 %),366150,2586310000,39000,280800000,7000,7200,7000
2013-08-02,4.98,7100,0(0.00 %),238140,1690565000,180000,1278000000,7100,7200,7000
2013-08-05,4.98,7100,0(0.00 %),359960,2550757000,0,0,7100,7200,7000
2013-08-06,4.91,7000,-0.1(-1.41 %),369720,2587842000,0,0,7000,7100,6900
2013-08-07,4.98,7100,0.1(1.43 %),655470,4617613000,0,0,7000,7200,6900
2013-08-08,4.77,6800,-0.3(-4.23 %),294830,2043572000,0,0,7000,7200,6800
2013-08-09,4.77,6800,0(0.00 %),392480,2686024000,0,0,6900,7000,6800
2013-08-12,4.7,6700,-0.1(-1.47 %),313290,2117000000,0,0,6700,6900,6700
2013-08-13,4.42,6300,-0.4(-5.97 %),1099920,7113585000,0,0,6700,6700,6300
2013-08-14,4.7,6700,0.4(6.35 %),640250,4186094000,0,0,6300,6700,6300
2013-08-15,4.98,7100,0.4(5.97 %),1267440,8962780000,0,0,7000,7100,6900
2013-08-16,5.26,7500,0.4(5.63 %),1650480,12373368000,0,0,7500,7500,7400
2013-08-19,5.48,7800,0.3(4.00 %),2143400,16829592000,0,0,7600,8000,7600
2013-08-20,5.55,7900,0.1(1.28 %),1358990,10547276000,0,0,7600,8100,7600
2013-08-21,5.69,8100,0.2(2.53 %),1556070,12244842000,0,0,7900,8100,7700
2013-08-22,5.34,7600,-0.5(-6.17 %),1016490,7908486000,0,0,7900,8000,7600
2013-08-23,5.19,7400,-0.2(-2.63 %),1106020,8276820000,20000,162000000,7500,7700,7300
2013-08-26,5.48,7800,0.4(5.41 %),775680,5818125000,0,0,7300,7800,7300
2013-08-27,5.55,7900,0.1(1.28 %),1195430,9358627000,0,0,7900,8000,7600
2013-08-28,5.19,7400,-0.5(-6.33 %),900360,6789398000,0,0,7700,7800,7400
2013-08-29,5.12,7300,-0.1(-1.35 %),746050,5563693000,0,0,7600,7600,7300
2013-08-30,5.34,7600,0.3(4.11 %),838100,6165732000,0,0,7300,7600,7200
2013-09-03,5.05,7200,-0.4(-5.26 %),742330,5441184000,0,0,7500,7600,7200
2013-09-04,4.91,7000,-0.2(-2.78 %),494630,3548668000,0,0,7400,7400,7000
2013-09-05,5.19,7400,0.4(5.71 %),607710,4447178000,0,0,7100,7400,7100
2013-09-06,5.41,7700,0.3(4.05 %),1141240,8693277000,0,0,7600,7800,7400
2013-09-09,5.19,7400,-0.3(-3.90 %),862180,6406644000,0,0,7700,7700,7400
2013-09-10,5.26,7500,0.1(1.35 %),311830,2364627000,0,0,7500,7700,7500
2013-09-11,5.34,7600,0.1(1.33 %),691910,5211640000,235000,1762500000,7700,7800,7400
2013-09-12,5.34,7600,0(0.00 %),482670,3686942000,0,0,7600,7800,7600
2013-09-13,5.34,7600,0(0.00 %),416630,3192974000,0,0,7600,7700,7600
2013-09-16,5.34,7600,0(0.00 %),459690,3499943000,0,0,7700,7800,7500
2013-09-17,5.26,7500,-0.1(-1.32 %),495490,3691243000,0,0,7500,7600,7300
2013-09-18,4.98,7100,-0.4(-5.33 %),580500,4202056000,0,0,7400,7500,7100
2013-09-19,5.05,7200,0.1(1.41 %),346810,2521980000,0,0,7100,7400,7100
2013-09-20,5.19,7400,0.2(2.78 %),439980,3232718000,0,0,7300,7400,7200
2013-09-23,5.34,7600,0.2(2.70 %),564160,4230542000,0,0,7400,7700,7300
2013-09-24,5.26,7500,-0.1(-1.32 %),598060,4569380000,0,0,7700,7700,7500
2013-09-25,5.62,8000,0.5(6.67 %),1852350,14694201000,0,0,7500,8000,7500
2013-09-26,5.9,8400,0.4(5.00 %),1399750,11571990000,0,0,8000,8400,8000
2013-09-27,5.76,8200,-0.2(-2.38 %),886100,7325568000,0,0,8400,8400,8200
2013-09-30,5.97,8500,0.3(3.66 %),2136320,17754071000,0,0,8200,8500,8100
2013-10-01,5.83,8300,-0.2(-2.35 %),1487040,12649033000,0,0,8500,8700,8300
2013-10-02,6.18,8800,0.5(6.02 %),2064730,18003989000,0,0,8300,8800,8300
2013-10-03,6.32,9000,0.2(2.27 %),1902180,16842775000,0,0,9000,9000,8700
2013-10-04,6.18,8800,-0.2(-2.22 %),1142810,10122090000,1040000,9152000000,8800,9000,8700
2013-10-07,6.11,8700,-0.1(-1.14 %),1032540,9142957000,0,0,8800,9000,8700
2013-10-08,6.25,8900,0.2(2.30 %),1173320,10360700000,0,0,8700,9000,8500
2013-10-09,6.25,8900,0(0.00 %),632620,5628101000,0,0,8700,9100,8700
2013-10-10,5.9,8400,-0.5(-5.62 %),1124690,9595467000,0,0,8800,8900,8400
2013-10-11,5.83,8300,-0.1(-1.19 %),816540,6897227000,0,0,8600,8600,8300
2013-10-14,5.83,8300,0(0.00 %),698570,5807486000,0,0,8300,8500,8200
2013-10-15,6.18,8800,0.5(6.02 %),1046040,9065511000,0,0,8500,8800,8500
2013-10-16,6.32,9000,0.2(2.27 %),2263770,20327354000,0,0,8900,9200,8800
2013-10-17,6.53,9300,0.3(3.33 %),1515280,14072325000,0,0,9100,9500,9100
2013-10-18,6.88,9800,0.5(5.38 %),1219860,11604110000,0,0,9300,9800,9200
2013-10-21,6.74,9600,-0.2(-2.04 %),1644860,16198333000,0,0,9700,10100,9600
2013-10-22,6.67,9500,-0.1(-1.04 %),713380,6745201000,0,0,9600,9600,9300
2013-10-23,6.81,9700,0.2(2.11 %),1104890,10669368000,0,0,9600,9900,9500
2013-10-24,6.6,9400,-0.3(-3.09 %),1077060,10267898000,0,0,9500,9700,9400
2013-10-25,6.67,9500,0.1(1.06 %),898250,8343826000,0,0,9300,9500,9100
2013-10-28,6.46,9200,-0.3(-3.16 %),653840,6095866000,0,0,9200,9600,9200
2013-10-29,6.67,9500,0.3(3.26 %),521460,4880406000,0,0,9200,9500,9200
2013-10-30,6.53,9300,-0.2(-2.11 %),345190,3266182000,0,0,9400,9600,9300
2013-10-31,6.6,9400,0.1(1.08 %),364110,3424284000,0,0,9500,9500,9300
2013-11-01,6.74,9600,0.2(2.13 %),446980,4258496000,0,0,9400,9600,9400
2013-11-04,6.81,9700,0.1(1.04 %),1156350,11305395000,0,0,9600,10000,9600
2013-11-05,6.88,9800,0.1(1.03 %),596920,5827946000,0,0,9800,9900,9700
2013-11-06,6.81,9700,-0.1(-1.02 %),1005110,9797891000,0,0,9800,9900,9600
2013-11-07,7.02,10000,0.3(3.09 %),1792550,18072180000,0,0,9800,10300,9800
2013-11-08,7.02,10000,0(0.00 %),762010,7688495000,0,0,10000,10300,9900
2013-11-11,7.23,10300,0.3(3.00 %),709300,7193155000,0,0,10000,10300,10000
2013-11-12,6.81,9700,-0.6(-5.83 %),2186550,21659120000,0,0,10300,10300,9700
2013-11-13,6.74,9600,-0.1(-1.03 %),809910,7827772000,0,0,9700,9900,9500
2013-11-14,6.81,9700,0.1(1.04 %),487160,4715203000,0,0,9600,9800,9600
2013-11-15,6.81,9700,0(0.00 %),878240,8412895000,0,0,9600,9800,9400
2013-11-18,6.81,9700,0(0.00 %),844600,8264930000,0,0,9800,9900,9700
2013-11-19,6.95,9900,0.2(2.06 %),900710,8870579000,0,0,9700,10000,9600
2013-11-20,7.02,10000,0.1(1.01 %),854800,8431395000,0,0,9800,10000,9700
2013-11-21,6.67,9500,-0.5(-5.00 %),1618270,16178583000,73000,730000000,10000,10300,9500
2013-11-22,6.74,9600,0.1(1.05 %),660640,6326293000,0,0,9600,9800,9500
2013-11-25,6.67,9500,-0.1(-1.04 %),534030,5107872000,0,0,9600,9700,9500
2013-11-26,6.81,9700,0.2(2.11 %),1074700,10371965000,0,0,9500,9900,9400
2013-11-27,6.81,9700,0(0.00 %),933890,9152550000,0,0,9800,10000,9600
2013-11-28,6.74,9600,-0.1(-1.03 %),506820,4882330000,0,0,9800,9800,9600
2013-11-29,6.67,9500,-0.1(-1.04 %),734790,7039809000,0,0,9700,9700,9500
2013-12-02,6.74,9600,0.1(1.05 %),347710,3337648000,0,0,9600,9700,9500
2013-12-03,6.81,9700,0.1(1.04 %),599670,5847212000,0,0,9600,9900,9600
2013-12-04,6.81,9700,0(0.00 %),742730,7222334000,0,0,9800,9800,9600
2013-12-05,7.16,10200,0.5(5.15 %),2048610,20396040000,0,0,9700,10200,9700
2013-12-06,7.02,10000,-0.2(-1.96 %),907810,9158537000,0,0,10200,10300,9900
2013-12-09,6.88,9800,-0.2(-2.00 %),995990,9833544000,0,0,10000,10100,9700
2013-12-10,6.88,9800,0(0.00 %),747510,7275735000,0,0,9700,9900,9600
2013-12-11,6.67,9500,-0.3(-3.06 %),802840,7737010000,0,0,9800,9800,9500
2013-12-12,6.67,9500,0(0.00 %),572210,5409567000,0,0,9500,9600,9400
2013-12-13,6.74,9600,0.1(1.05 %),346110,3321053000,0,0,9500,9700,9500
2013-12-16,6.74,9600,0(0.00 %),574250,5562575000,0,0,9600,9800,9600
2013-12-17,6.88,9800,0.2(2.08 %),321210,3120881000,0,0,9700,9800,9600
2013-12-18,6.81,9700,-0.1(-1.02 %),360170,3514209000,0,0,9700,9900,9700
2013-12-19,7.09,10100,0.4(4.12 %),1843880,18602651000,0,0,9800,10300,9800
2013-12-20,7.09,10100,0(0.00 %),3668880,38318717000,0,0,10200,10800,10100
2013-12-23,7.44,10600,0.5(4.95 %),1464340,15536624000,0,0,10600,10800,10500
2013-12-24,7.3,10400,-0.2(-1.89 %),828350,8638023000,0,0,10700,10700,10300
2013-12-25,7.23,10300,-0.1(-0.96 %),1034090,10688846000,0,0,10400,10500,10200
2013-12-26,7.23,10300,0(0.00 %),794430,8141003000,0,0,10300,10400,10100
2013-12-27,7.02,10000,-0.3(-2.91 %),1048780,10675581000,0,0,10300,10400,10000
2013-12-30,6.67,9500,-0.5(-5.00 %),1202940,11756642000,426000,4260000000,10100,10100,9500
2013-12-31,6.88,9800,0.3(3.16 %),604530,5862870000,0,0,9600,9900,9500
2014-01-02,6.88,9800,0(0.00 %),663580,6556059000,0,0,9800,10100,9700
2014-01-03,6.95,9900,0.1(1.02 %),275230,2704743000,0,0,9800,9900,9700
2014-01-06,7.16,10200,0.3(3.03 %),876170,8851288000,0,0,9900,10300,9900
2014-01-07,7.09,10100,-0.1(-0.98 %),709830,7254423000,0,0,10300,10300,10100
2014-01-08,7.09,10100,0(0.00 %),470480,4731346000,78590,790301000,9900,10200,9900
2014-01-09,7.16,10200,0.1(0.99 %),536950,5434406000,0,0,10100,10200,10000
2014-01-10,7.16,10200,0(0.00 %),1443210,14951942000,0,0,10200,10600,10200
2014-01-13,7.16,10200,0(0.00 %),555890,5691957000,0,0,10200,10400,10200
2014-01-14,7.09,10100,-0.1(-0.98 %),463890,4739907000,0,0,10200,10300,10100
2014-01-15,7.58,10800,0.7(6.93 %),400910,4329828000,0,0,10800,10800,10800
2014-01-16,7.58,10800,0(0.00 %),4451810,49721472000,0,0,11500,11500,10700
2014-01-17,7.3,10400,-0.4(-3.70 %),1425770,15209818000,800000,8640000000,10800,10900,10400
2014-01-20,7.09,10100,-0.3(-2.88 %),674440,6891940000,686430,7305128000,10400,10400,10100
2014-01-21,7.51,10700,0.6(5.94 %),962680,10056177000,0,0,10200,10700,10200
2014-01-22,7.23,10300,-0.4(-3.74 %),1369560,14472212000,0,0,10700,10900,10300
2014-01-23,7.44,10600,0.3(2.91 %),606530,6418963000,0,0,10400,10800,10400
2014-01-24,7.44,10600,0(0.00 %),518670,5530806000,0,0,10700,10800,10600
2014-01-27,7.51,10700,0.1(0.94 %),773760,8166621000,0,0,10600,10700,10400
2014-02-06,7.58,10800,0.1(0.93 %),857310,9312006000,0,0,10700,11100,10700
2014-02-07,7.58,10800,0(0.00 %),1175570,12798739000,0,0,10900,11200,10600
2014-02-10,7.72,11000,0.2(1.85 %),1300930,14264520000,0,0,10800,11200,10700
2014-02-11,7.72,11000,0(0.00 %),2036210,22801466000,0,0,11100,11500,10800
2014-02-12,7.79,11100,0.1(0.91 %),968060,10720943000,0,0,11000,11200,11000
2014-02-13,8.0,11400,0.3(2.70 %),1428190,15995220000,0,0,11200,11400,11000
2014-02-14,8.14,11600,0.2(1.75 %),1222230,14048609000,0,0,11500,11700,11300
2014-02-17,8.35,11900,0.3(2.59 %),2811400,33856422000,0,0,12000,12300,11900
2014-02-18,8.91,12700,0.8(6.72 %),1923460,23798227000,840000,9996000000,11900,12700,11900
2014-02-19,9.48,13500,0.8(6.30 %),2272520,30625948000,1700000,20400000000,13400,13500,13300
2014-02-20,9.41,13400,-0.1(-0.74 %),4648810,62761852000,2400000,31200000000,13600,14100,12900
2014-02-21,9.27,13200,-0.2(-1.49 %),1582910,20960328000,2920000,37988000000,13400,13600,12900
2014-02-24,9.41,13400,0.2(1.52 %),1426770,18673410000,2880000,36000000000,13200,13400,12900
2014-02-25,9.34,13300,-0.1(-0.75 %),2243930,29491774000,0,0,13300,13400,13000
2014-02-26,9.2,13100,-0.2(-1.50 %),1625270,21210856000,0,0,13300,13300,12900
2014-02-27,8.77,12500,-0.6(-4.58 %),2242470,29998423000,0,0,13000,13900,12500
2014-02-28,9.06,12900,0.4(3.20 %),1487860,19060461000,0,0,12800,13200,12500
2014-03-03,8.56,12200,-0.7(-5.43 %),947620,11726033000,0,0,12700,12900,12000
2014-03-04,8.42,12000,-0.2(-1.64 %),1395040,16485587000,0,0,12000,12200,11500
2014-03-05,8.99,12800,0.8(6.67 %),1315610,16402722000,0,0,12300,12800,12200
2014-03-06,9.13,13000,0.2(1.56 %),1347820,17525978000,5755000,69635500000,12900,13100,12800
2014-03-07,9.2,13100,0.1(0.77 %),1226520,16041782000,5140000,65550000000,13000,13200,13000
2014-03-10,9.06,12900,-0.2(-1.53 %),1220560,15731038000,0,0,13000,13100,12700
2014-03-11,9.06,12900,0(0.00 %),2094110,27174505000,228000,2867400000,13000,13200,12800
2014-03-12,8.84,12600,-0.3(-2.33 %),1876500,24208981000,0,0,13000,13200,12300
2014-03-13,8.84,12600,0(0.00 %),1185580,14918679000,0,0,12700,12900,12400
2014-03-14,8.99,12800,0.2(1.59 %),1361700,17366938000,0,0,12600,13000,12500
2014-03-17,8.99,12800,0(0.00 %),2200030,28425468000,0,0,12800,13100,12800
2014-03-18,9.06,12900,0.1(0.78 %),2641480,34234380000,1400000,18600000000,12900,13300,12800
2014-03-19,9.62,13700,0.8(6.20 %),2639610,35231282000,0,0,12900,13700,12900
2014-03-20,9.69,13800,0.1(0.73 %),2850430,39332648000,0,0,13800,14000,13600
2014-03-21,9.55,13600,-0.2(-1.45 %),1792730,24413710000,0,0,13700,13800,13500
2014-03-24,9.97,14200,0.6(4.41 %),2112050,29502087000,500000,7250000000,13700,14400,13600
2014-03-25,9.55,13600,-0.6(-4.23 %),2144070,30256853000,0,0,14200,14600,13600
2014-03-26,9.41,13400,-0.2(-1.47 %),3162830,42865569000,218000,2991600000,13600,14000,13300
2014-03-27,9.34,13300,-0.1(-0.75 %),1832580,24425127000,25000,350000000,13400,13600,13100
2014-03-28,9.34,13300,0(0.00 %),788570,10550943000,0,0,13300,13700,13300
2014-03-31,9.13,13000,-0.3(-2.26 %),1272850,16982088000,0,0,13500,13600,13000
2014-04-01,8.7,12400,-0.6(-4.62 %),1685300,21431272000,1300000,16900000000,13000,13000,12300
2014-04-02,8.56,12200,-0.2(-1.61 %),918800,11247666000,0,0,12400,12600,11800
2014-04-03,8.99,12800,0.6(4.92 %),1081700,13687294000,0,0,12300,12900,12300
2014-04-04,8.91,12700,-0.1(-0.78 %),1092010,13866309000,0,0,12800,12900,12500
2014-04-07,8.99,12800,0.1(0.79 %),830070,10567760000,0,0,12600,13000,12600
2014-04-08,9.06,12900,0.1(0.78 %),663670,8534099000,0,0,12800,13000,12700
2014-04-10,9.2,13100,0.2(1.55 %),1529910,20035484000,0,0,12900,13200,12900
2014-04-11,9.13,13000,-0.1(-0.76 %),1010130,13082576000,0,0,12900,13100,12900
2014-04-14,8.84,12600,-0.4(-3.08 %),664290,8430757000,0,0,13000,13000,12600
2014-04-15,8.63,12300,-0.3(-2.38 %),1042560,13098266000,0,0,12600,12800,12300
2014-04-16,8.28,11800,-0.5(-4.07 %),2518220,29709910000,0,0,12300,12400,11500
2014-04-17,8.35,11900,0.1(0.85 %),936270,11250468000,0,0,12000,12200,11900
2014-04-18,7.79,11100,-0.8(-6.72 %),1003040,11237812000,0,0,11700,11700,11100
2014-04-21,7.65,10900,-0.2(-1.80 %),1258900,13789956000,0,0,11000,11200,10800
2014-04-22,8.07,11500,0.6(5.50 %),427340,4750008000,0,0,11000,11500,10700
2014-04-23,7.79,11100,-0.4(-3.48 %),438830,4991522000,0,0,11400,11500,11100
2014-04-24,7.93,11300,0.2(1.80 %),291170,3248683000,0,0,11000,11300,10900
2014-04-25,8.0,11400,0.1(0.88 %),485280,5498340000,0,0,11400,11500,11200
2014-04-28,7.79,11100,-0.3(-2.63 %),138510,1552562000,100000,1200000000,11400,11400,11100
2014-04-29,7.86,11200,0.1(0.90 %),142280,1592226000,1800000,19800000000,11300,11300,11100
2014-05-05,7.37,10500,-0.7(-6.25 %),448120,4867835000,0,0,11100,11200,10500
2014-05-06,7.02,10000,-0.5(-4.76 %),1040060,10309569000,0,0,10200,10200,9800
2014-05-07,7.02,10000,0(0.00 %),241340,2399939000,0,0,10000,10200,9700
2014-05-08,6.53,9300,-0.7(-7.00 %),763020,7150032000,0,0,9500,9500,9300
2014-05-09,6.32,9000,-0.3(-3.23 %),2036220,18356751000,0,0,8900,9400,8800
2014-05-12,5.9,8400,-0.6(-6.67 %),1182080,9997119000,0,0,8900,8900,8400
2014-05-13,5.83,8300,-0.1(-1.19 %),1286260,10740595000,800000,6880000000,8000,8500,8000
2014-05-14,6.18,8800,0.5(6.02 %),420040,3639426000,0,0,8100,8800,8100
2014-05-15,6.25,8900,0.1(1.14 %),1997780,18417879000,0,0,9200,9400,8800
2014-05-16,6.67,9500,0.6(6.74 %),902000,8476683000,76170,638076000,9000,9500,9000
2014-05-19,7.02,10000,0.5(5.26 %),522590,5062697000,63890,568621000,9600,10100,9200
2014-05-20,7.09,10100,0.1(1.00 %),312490,3123661000,0,0,10000,10200,9700
2014-05-21,7.23,10300,0.2(1.98 %),700070,7149456000,0,0,10000,10500,9800
2014-05-22,7.09,10100,-0.2(-1.94 %),959510,9660620000,280000,2688000000,10200,10300,9900
2014-05-23,6.81,9700,-0.4(-3.96 %),446900,4394823000,0,0,10100,10100,9700
2014-05-26,7.09,10100,0.4(4.12 %),189010,1865256000,0,0,9600,10100,9600
2014-05-27,7.37,10500,0.4(3.96 %),863670,8956009000,320000,3264000000,10100,10600,10000
2014-05-28,7.58,10800,0.3(2.86 %),673260,7200280000,0,0,10700,10900,10500
2014-05-29,7.16,10200,-0.6(-5.56 %),887730,9301370000,0,0,10800,10800,10200
2014-05-30,7.09,10100,-0.1(-0.98 %),424970,4309645000,0,0,10200,10300,10000
2014-06-02,6.88,9800,-0.3(-2.97 %),376020,3689868000,0,0,10100,10100,9500
2014-06-03,7.02,10000,0.2(2.04 %),331470,3251853000,0,0,9800,10000,9700
2014-06-04,6.88,9800,-0.2(-2.00 %),425070,4148564000,0,0,9800,9900,9700
2014-06-05,7.02,10000,0.2(2.04 %),373080,3709372000,0,0,9800,10100,9600
2014-06-06,7.23,10300,0.3(3.00 %),715560,7268779000,0,0,10000,10300,10000
2014-06-09,7.65,10900,0.6(5.83 %),2275380,24214202000,0,0,10400,11000,10200
2014-06-10,7.44,10600,-0.3(-2.75 %),581650,6250864000,0,0,10800,11000,10600
2014-06-11,7.58,10800,0.2(1.89 %),519640,5567367000,0,0,10600,10900,10500
2014-06-12,7.51,10700,-0.1(-0.93 %),748880,8063212000,0,0,10800,10900,10700
2014-06-13,7.51,10700,0(0.00 %),706920,7598605000,0,0,10800,10800,10600
2014-06-16,7.51,10700,0(0.00 %),653860,6970537000,0,0,10700,10800,10500
2014-06-17,7.65,10900,0.2(1.87 %),1003080,10874248000,0,0,10700,11000,10600
2014-06-18,7.72,11000,0.1(0.92 %),1048090,11526393000,0,0,10900,11100,10900
2014-06-19,7.44,10600,-0.4(-3.64 %),955510,10025920000,0,0,10600,10700,10300
2014-06-20,7.93,11300,0.7(6.60 %),4060580,45227749000,0,0,10700,11300,10600
2014-06-23,7.65,10900,-0.4(-3.54 %),537490,5895402000,0,0,11100,11100,10800
2014-06-24,7.65,10900,0(0.00 %),632650,6884592000,0,0,10800,11000,10800
2014-06-25,7.79,11100,0.2(1.83 %),725540,8088882000,0,0,10900,11300,10900
2014-06-26,7.93,11300,0.2(1.80 %),2034050,22930670000,0,0,11100,11400,11100
2014-06-27,8.0,11400,0.1(0.88 %),1014880,11439647000,2040000,22440000000,11300,11400,11200
2014-06-30,7.86,11200,-0.2(-1.75 %),426250,4783334000,0,0,11200,11300,11200
2014-07-01,7.72,11000,-0.2(-1.79 %),818210,9074379000,310000,3410000000,11200,11200,11000
2014-07-02,8.07,11500,0.5(4.55 %),3047090,34732159000,310000,3410000000,11000,11600,11000
2014-07-03,8.21,11700,0.2(1.74 %),1691070,19661767000,0,0,11500,11800,11500
2014-07-04,8.21,11700,0(0.00 %),1945100,22683880000,0,0,11600,11800,11500
2014-07-07,8.14,11600,-0.1(-0.85 %),1612210,18744509000,0,0,11700,11700,11500
2014-07-08,8.14,11600,0(0.00 %),1004320,11532272000,0,0,11500,11600,11300
2014-07-09,8.28,11800,0.2(1.72 %),2265270,26648579000,0,0,11600,11900,11600
2014-07-10,8.07,11500,-0.3(-2.54 %),1300160,15029603000,0,0,11700,11800,11400
2014-07-11,7.93,11300,-0.2(-1.74 %),986670,11128798000,0,0,11400,11500,11200
2014-07-14,7.93,11300,0(0.00 %),730760,8207775000,0,0,11300,11300,11100
2014-07-15,8.0,11400,0.1(0.88 %),1436180,16382557000,0,0,11300,11500,11300
2014-07-16,8.0,11400,0(0.00 %),1928530,22264339000,0,0,11600,11700,11400
2014-07-17,8.0,11400,0(0.00 %),1077400,12201479000,0,0,11400,11400,11200
2014-07-18,7.93,11300,-0.1(-0.88 %),2257900,25383000000,0,0,11300,11300,11100
2014-07-21,7.79,11100,-0.2(-1.77 %),742480,8327000000,154860,1749918000,11300,11400,11100
2014-07-22,7.86,11200,0.1(0.90 %),660370,7356000000,0,0,11100,11300,11000
2014-07-23,7.72,11000,-0.2(-1.79 %),547160,6064000000,0,0,11300,11300,11000
2014-07-24,7.72,11000,0(0.00 %),451000,4978311000,0,0,11100,11200,10900
2014-07-25,7.37,10500,-0.5(-4.55 %),712380,7740000000,0,0,11100,11100,10500
2014-07-28,7.09,10100,-0.4(-3.81 %),1520590,15538000000,0,0,10500,10600,9900
2014-07-29,7.09,10100,0(0.00 %),755670,7687000000,0,0,10200,10300,10100
2014-07-30,7.16,10200,0.1(0.99 %),1261290,13019000000,0,0,10300,10500,10200
2014-07-31,7.37,10500,0.3(2.94 %),789390,8142000000,0,0,10200,10500,10200
2014-08-01,7.23,10300,-0.2(-1.90 %),419680,4340000000,0,0,10400,10500,10300
2014-08-04,7.23,10300,0(0.00 %),452820,4641000000,0,0,10200,10400,10100
2014-08-05,7.58,10800,0.5(4.85 %),1818930,19271000000,0,0,10300,10900,10300
2014-08-06,7.58,10800,0(0.00 %),1428740,15565000000,0,0,10900,11100,10800
2014-08-07,7.72,11000,0.2(1.85 %),883100,9544000000,0,0,10700,11000,10700
2014-08-08,7.86,11200,0.2(1.82 %),2189250,24399000000,0,0,11000,11300,11000
2014-08-11,7.72,11000,-0.2(-1.79 %),812030,8911000000,0,0,11100,11200,10800
2014-08-12,7.65,10900,-0.1(-0.91 %),647530,7058000000,0,0,10800,11100,10800
2014-08-13,7.86,11200,0.3(2.75 %),1176100,13000000000,0,0,10900,11200,10900
2014-08-14,7.79,11100,-0.1(-0.89 %),1072120,12001860000,0,0,11200,11300,11000
2014-08-15,7.79,11100,0(0.00 %),1735380,19460000000,0,0,11200,11400,11100
2014-08-18,7.72,11000,-0.1(-0.90 %),1464600,16220000000,0,0,11200,11200,10900
2014-08-19,7.51,10700,-0.3(-2.73 %),1440650,15651000000,0,0,11000,11000,10700
2014-08-20,7.72,11000,0.3(2.80 %),1036460,11304000000,4900000,53900000000,10800,11100,10800
2014-08-21,7.65,10900,-0.1(-0.91 %),1082460,11970000000,0,0,11000,11200,10900
2014-08-22,8.14,11600,0.7(6.42 %),2815600,31926630000,9450000,106698000000,11000,11600,11000
2014-08-25,8.7,12400,0.8(6.90 %),2559640,31418000000,5790000,71796000000,12100,12400,12000
2014-08-26,9.27,13200,0.8(6.45 %),5777000,75419000000,4360000,55204000000,12800,13200,12700
2014-08-27,9.55,13600,0.4(3.03 %),3800800,50990680000,0,0,13400,13700,12900
2014-08-28,9.41,13400,-0.2(-1.47 %),2462690,33480360000,0,0,13300,13900,13300
2014-08-29,10.04,14300,0.9(6.72 %),3445960,48333000000,2000000,26800000000,13400,14300,13400
2014-09-03,10.18,14500,0.2(1.40 %),2774360,41109000000,9200000,137560000000,14500,15300,14400
2014-09-04,10.6,15100,0.6(4.14 %),2874650,42590000000,5830000,90365000000,14300,15100,14200
2014-09-05,10.81,15400,0.3(1.99 %),3747850,56989000000,5605000,86940500000,15100,15400,15000
2014-09-08,10.67,15200,-0.2(-1.30 %),2168150,33337210000,8055000,120825000000,15200,15700,15200
2014-09-09,9.97,14200,-1(-6.58 %),4920130,71346140000,3000000,45000000000,15000,15100,14200
2014-09-10,9.62,13700,-0.5(-3.52 %),4917490,67313466000,0,0,13800,14000,13300
2014-09-11,10.25,14600,0.9(6.57 %),4631270,65942566000,540890,7446994000,14000,14600,13800
2014-09-12,10.53,15000,0.4(2.74 %),3726830,55983939000,0,0,14700,15300,14700
2014-09-15,10.11,14400,-0.6(-4.00 %),3269540,47713138000,0,0,14900,15000,14300
2014-09-16,10.25,14600,0.2(1.39 %),4680870,66530186000,0,0,14100,14700,13700
2014-09-17,10.04,14300,-0.3(-2.05 %),4016340,58005893000,0,0,14700,14700,14200
2014-09-18,9.55,13600,-0.7(-4.90 %),2744530,38226134000,35000,500500000,14300,14400,13600
2014-09-19,9.48,13500,-0.1(-0.74 %),3826640,52235964000,0,0,13600,14000,13500
2014-09-22,9.48,13500,0(0.00 %),2975620,40910375000,0,0,13600,13900,13500
2014-09-23,10.11,14400,0.9(6.67 %),6575370,92544905000,0,0,13500,14400,13500
2014-09-24,10.11,14400,0(0.00 %),3380270,48923727000,0,0,14500,14700,14200
2014-09-25,10.18,14500,0.1(0.69 %),3498970,49852392000,0,0,14400,14500,13900
2014-09-26,10.32,14700,0.2(1.38 %),9865530,149665567000,1920000,25920000000,14900,15500,14700
2014-09-29,10.6,15100,0.4(2.72 %),7114980,107172890000,20000,274000000,14800,15300,14700
2014-09-30,10.53,15000,-0.1(-0.66 %),3908540,58768560000,0,0,15000,15200,14800
2014-10-01,11.23,16000,1(6.67 %),10717590,169468010000,11000000,158000000000,15100,16000,15100
2014-10-02,11.65,16600,0.6(3.75 %),7588200,127135600000,8549700,129734330000,16300,17100,16100
2014-10-03,11.58,16500,-0.1(-0.60 %),5991060,99916230000,2000000,31400000000,16500,17000,16400
2014-10-06,11.65,16600,0.1(0.61 %),5610830,93512280000,2000000,31000000000,16500,16900,16400
2014-10-07,12.28,17500,0.9(5.42 %),7285240,125920540000,1621000,25985500000,16700,17700,16600
2014-10-08,11.86,16900,-0.6(-3.43 %),6867530,117163200000,3500000,57050000000,17500,17500,16700
2014-10-09,11.44,16300,-0.6(-3.55 %),5405070,90096480000,0,0,17000,17100,16300
2014-10-10,11.51,16400,0.1(0.61 %),6834850,112770070000,0,0,16300,17000,16000
2014-10-13,11.79,16800,0.4(2.44 %),3925190,64986694000,3920900,60381860000,16400,16900,16200
2014-10-14,11.37,16200,-0.6(-3.57 %),3860740,63977955000,0,0,16800,16900,16200
2014-10-15,11.23,16000,-0.2(-1.23 %),6832370,108000000000,2200000,35464000000,16100,16300,15400
2014-10-16,10.53,15000,-1(-6.25 %),6795970,105000000000,0,0,16000,16000,15000
2014-10-17,11.02,15700,0.7(4.67 %),5441500,82900000000,20000,310000000,15100,15800,14800
2014-10-20,10.81,15400,-0.3(-1.91 %),2444770,38500000000,1180000,19010000000,15900,15900,15400
2014-10-21,11.16,15900,0.5(3.25 %),4018930,63400000000,455000,7192000000,15300,16100,15200
2014-10-22,11.58,16500,0.6(3.77 %),4419120,71900000000,0,0,16100,16500,16000
2014-10-23,11.09,15800,-0.7(-4.24 %),4839740,77800000000,170000,2733260000,16200,16500,15800
2014-10-24,11.02,15700,-0.1(-0.63 %),4928710,76817110000,0,0,15600,15900,15300
2014-10-27,10.67,15200,-0.5(-3.18 %),4709130,72520610000,75000,1157500000,15400,15700,15200
2014-10-28,11.02,15700,0.5(3.29 %),3440160,53161106000,0,0,15100,15700,15100
2014-10-29,11.44,16300,0.6(3.82 %),4964440,79711007000,0,0,15900,16400,15700
2014-10-30,11.3,16100,-0.2(-1.23 %),4197280,68295269000,250000,4350000000,16100,16500,16000
2014-10-31,11.86,16900,0.8(4.97 %),7956060,131342664000,690000,11388000000,16100,16900,16000
2014-11-03,11.86,16900,0(0.00 %),4611790,78885166000,0,0,17100,17400,16900
2014-11-04,11.79,16800,-0.1(-0.59 %),6754670,115386156000,235000,4016385000,16900,17300,16800
2014-11-05,11.79,16800,0(0.00 %),7480660,124701619000,0,0,16900,17000,16300
2014-11-06,11.72,16700,-0.1(-0.60 %),3800670,63493362000,0,0,17000,17100,16500
2014-11-07,12.5,17800,1.1(6.59 %),8018980,137577519000,0,0,16600,17800,16500
2014-11-10,12.35,17600,-0.2(-1.12 %),5378660,95965717000,0,0,18200,18200,17600
2014-11-11,12.42,17700,0.1(0.57 %),7704900,137596792000,0,0,17600,18200,17600
2014-11-12,12.64,18000,0.3(1.69 %),4543300,81308800000,2000000,35400000000,17800,18200,17700
2014-11-13,12.35,17600,-0.4(-2.22 %),4689500,83293918000,900000,15930000000,18100,18200,17600
2014-11-14,12.07,17200,-0.4(-2.27 %),6796930,117584935000,0,0,17400,17600,17100
2014-11-17,12.0,17100,-0.1(-0.58 %),3135860,54175661000,0,0,17400,17500,17100
2014-11-18,11.72,16700,-0.4(-2.34 %),5329180,90120236000,0,0,17000,17200,16700
2014-11-19,11.93,17000,0.3(1.80 %),4360180,73368585000,0,0,16700,17000,16600
2014-11-20,12.14,17300,0.3(1.76 %),5238030,89829420000,50000,900000000,17100,17300,16900
2014-11-21,11.72,16700,-0.6(-3.47 %),4886140,82765650000,0,0,17300,17300,16700
2014-11-24,11.51,16400,-0.3(-1.80 %),3829290,63148870000,0,0,16500,16700,16300
2014-11-25,11.72,16700,0.3(1.83 %),2367660,39367360000,0,0,16500,16900,16400
2014-11-26,11.44,16300,-0.4(-2.40 %),3510460,57830430000,0,0,16600,16800,16200
2014-11-27,11.72,16700,0.4(2.45 %),2740640,44905090000,0,0,16300,16700,16100
2014-11-28,11.72,16700,0(0.00 %),2824270,47442270000,0,0,16700,17000,16500
2014-12-01,11.58,16500,-0.2(-1.20 %),1677740,28028240000,0,0,16800,17000,16500
2014-12-02,11.65,16600,0.1(0.61 %),1568940,26105080000,0,0,16600,16800,16500
2014-12-03,11.51,16400,-0.2(-1.20 %),2296280,37980400000,390000,6474000000,16700,16800,16200
2014-12-04,11.72,16700,0.3(1.83 %),4576780,76748910000,0,0,16400,17000,16400
2014-12-05,11.72,16700,0(0.00 %),1868370,31281780000,0,0,16800,16900,16600
2014-12-08,11.58,16500,-0.2(-1.20 %),1259060,20930340000,0,0,16800,16800,16500
2014-12-09,10.88,15500,-1(-6.06 %),4703580,75029520000,204960,3156384000,16300,16500,15400
2014-12-10,11.3,16100,0.6(3.87 %),3070330,48626900000,0,0,15500,16200,15400
2014-12-11,11.23,16000,-0.1(-0.62 %),2031190,32816590000,0,0,16000,16500,15700
2014-12-12,11.44,16300,0.3(1.88 %),2231890,36159053000,0,0,16100,16300,16000
2014-12-15,11.37,16200,-0.1(-0.61 %),2100450,34403470000,0,0,16200,16600,16200
2014-12-16,11.09,15800,-0.4(-2.47 %),3087020,49040880000,0,0,16100,16200,15700
2014-12-17,10.74,15300,-0.5(-3.16 %),3914860,59762690000,0,0,15800,16000,14700
2014-12-18,10.95,15600,0.3(1.96 %),1337730,20864390000,0,0,15500,15700,15300
2014-12-19,10.81,15400,-0.2(-1.28 %),2410360,37464160000,0,0,15600,15900,15200
2014-12-22,10.88,15500,0.1(0.65 %),1958380,30336030000,0,0,15500,15700,15300
2014-12-23,10.6,15100,-0.4(-2.58 %),2261830,34721310000,0,0,15500,15700,15100
2014-12-24,10.39,14800,-0.3(-1.99 %),2946410,44149810000,0,0,15300,15300,14800
2014-12-25,10.25,14600,-0.2(-1.35 %),1863730,27356070000,0,0,14700,14900,14500
2014-12-26,10.25,14600,0(0.00 %),2971130,42622155000,0,0,14400,14600,14000
2014-12-29,10.53,15000,0.4(2.74 %),2947360,43412155000,0,0,14500,15000,14200
2014-12-30,11.09,15800,0.8(5.33 %),1640940,25043537000,0,0,14800,15800,14500
2014-12-31,11.16,15900,0.1(0.63 %),2714430,43523721000,0,0,15800,16200,15700
2015-01-05,10.95,15600,-0.3(-1.89 %),1958880,30983865000,0,0,15900,16000,15600
2015-01-06,11.37,16200,0.6(3.85 %),3422000,54397455000,0,0,15500,16200,15400
2015-01-07,11.16,15900,-0.3(-1.85 %),1795310,28930590000,0,0,16100,16400,15900
2015-01-08,11.02,15700,-0.2(-1.26 %),1121060,17752623000,0,0,15900,16000,15700
2015-01-09,11.09,15800,0.1(0.64 %),2174790,34655968000,0,0,15800,16100,15700
2015-01-12,10.95,15600,-0.2(-1.27 %),1417930,22387418000,400000,6320000000,15800,16000,15600
2015-01-13,11.16,15900,0.3(1.92 %),1968200,31045270000,13932647,217349293000,15500,16100,15500
2015-01-14,11.23,16000,0.1(0.63 %),1854400,29586543000,0,0,15900,16200,15700
2015-01-15,11.44,16300,0.3(1.88 %),2981790,48472055000,0,0,16100,16500,15900
2015-01-16,11.44,16300,0(0.00 %),4834950,79804991000,500000,8000000000,16200,16700,16200
2015-01-19,11.37,16200,-0.1(-0.61 %),2249700,36605101000,0,0,16300,16500,16000
2015-01-20,11.3,16100,-0.1(-0.62 %),1585050,25644880000,500000,8000000000,16100,16300,16000
2015-01-21,11.09,15800,-0.3(-1.86 %),1233810,19739886000,0,0,16100,16200,15800
2015-01-22,11.23,16000,0.2(1.27 %),1024180,16298262000,0,0,16000,16100,15800
2015-01-23,11.44,16300,0.3(1.88 %),2491120,40581621000,0,0,16200,16400,16100
2015-01-26,11.44,16300,0(0.00 %),1282750,20935332000,0,0,16400,16500,16200
2015-01-27,11.23,16000,-0.3(-1.84 %),4379710,70537851000,0,0,16300,16500,15700
2015-01-28,11.16,15900,-0.1(-0.62 %),1965830,31391397000,0,0,16000,16100,15900
2015-01-29,11.23,16000,0.1(0.63 %),1486430,23636732000,200000,3160000000,15900,16100,15800
2015-01-30,11.02,15700,-0.3(-1.88 %),2079910,32859948000,0,0,16000,16000,15500
2015-02-02,10.67,15200,-0.5(-3.18 %),1540670,23800000000,0,0,15700,15700,15200
2015-02-03,10.74,15300,0.1(0.66 %),1678360,25737000000,320000,4812000000,15300,15600,15200
2015-02-04,10.74,15300,0(0.00 %),1120420,17137000000,0,0,15200,15500,15100
2015-02-05,10.88,15500,0.2(1.31 %),1213580,18866000000,0,0,15400,15700,15400
2015-02-06,11.09,15800,0.3(1.94 %),1844770,29093000000,0,0,15700,16000,15600
2015-02-09,11.16,15900,0.1(0.63 %),3818490,61217000000,0,0,15900,16200,15900
2015-02-10,11.02,15700,-0.2(-1.26 %),975040,15429000000,0,0,16000,16000,15700
2015-02-11,11.16,15900,0.2(1.27 %),794700,12615000000,0,0,15700,16000,15700
2015-02-12,11.23,16000,0.1(0.63 %),2357710,38014000000,0,0,15900,16400,15900
2015-02-13,11.3,16100,0.1(0.62 %),1220940,19580000000,0,0,16000,16200,16000
2015-02-24,11.37,16200,0.1(0.62 %),1038740,16876000000,65070,1041120000,16300,16400,16100
2015-02-25,11.16,15900,-0.3(-1.85 %),1529670,24609000000,0,0,16200,16300,15800
2015-02-26,11.23,16000,0.1(0.63 %),525420,8360000000,0,0,16100,16100,15800
2015-02-27,11.44,16300,0.3(1.88 %),4697880,76767000000,0,0,16000,16600,16000
2015-03-02,11.37,16200,-0.1(-0.61 %),1325810,21499000000,0,0,16400,16400,16000
2015-03-03,11.65,16600,0.4(2.47 %),7143320,117611000000,325000,5232500000,16400,16700,16100
2015-03-04,12.0,17100,0.5(3.01 %),7505880,127403000000,0,0,16700,17300,16700
2015-03-05,11.86,16900,-0.2(-1.17 %),2807510,47715000000,4390000,75947000000,17100,17100,16900
2015-03-06,11.93,17000,0.1(0.59 %),4578560,77763000000,1000000,17300000000,16900,17100,16800
2015-03-09,11.86,16900,-0.1(-0.59 %),5573760,95195000000,0,0,16900,17300,16800
2015-03-10,12.0,17100,0.2(1.18 %),2652100,45146000000,4390000,75947000000,17000,17100,16900
2015-03-11,11.72,16700,-0.4(-2.34 %),2891890,48796000000,1000000,17300000000,17100,17100,16700
2015-03-12,11.93,17000,0.3(1.80 %),3733850,62699000000,270000,4765000000,16700,17100,16600
2015-03-13,11.86,16900,-0.1(-0.59 %),2301260,38977000000,350000,6055000000,17000,17100,16800
2015-03-16,12.07,17200,0.3(1.78 %),10375450,179656000000,160000,2781500000,17500,17500,17100
2015-03-17,11.93,17000,-0.2(-1.16 %),4758000,81648000000,500000,8550000000,17200,17300,17000
2015-03-18,11.79,16800,-0.2(-1.18 %),1753510,29677000000,990000,16830000000,17000,17100,16800
2015-03-19,11.72,16700,-0.1(-0.60 %),1892490,31874000000,0,0,17000,17000,16700
2015-03-20,11.93,17000,0.3(1.80 %),15573610,264282000000,0,0,16800,17000,16600
2015-03-23,11.58,16500,-0.5(-2.94 %),2164830,35917000000,30000,525000000,16700,16900,16400
2015-03-24,11.51,16400,-0.1(-0.61 %),2624400,42651000000,0,0,16300,16400,16100
2015-03-25,11.44,16300,-0.1(-0.61 %),1222410,20030000000,0,0,16500,16500,16300
2015-03-26,11.3,16100,-0.2(-1.23 %),1704570,27556000000,0,0,16100,16400,16100
2015-03-27,11.3,16100,0(0.00 %),2687340,43400000000,0,0,16200,16300,15900
2015-03-30,11.09,15800,-0.3(-1.86 %),2634610,42185000000,100000,1520000000,16000,16200,15800
2015-03-31,11.23,16000,0.2(1.27 %),1296610,20797000000,150000,2400000000,15900,16200,15800
2015-04-01,10.95,15600,-0.4(-2.50 %),1451010,22808000000,0,0,15900,16100,15600
2015-04-02,11.23,16000,0.4(2.56 %),1400550,22047000000,0,0,15600,16000,15400
2015-04-03,11.16,15900,-0.1(-0.62 %),600030,9575000000,0,0,16000,16100,15800
2015-04-06,11.16,15900,0(0.00 %),1333900,21335000000,0,0,15900,16100,15900
2015-04-07,11.37,16200,0.3(1.89 %),1259990,20286000000,0,0,15900,16300,15900
2015-04-08,11.3,16100,-0.1(-0.62 %),947680,15294000000,0,0,16300,16300,16000
2015-04-09,11.37,16200,0.1(0.62 %),883260,14307000000,0,0,16100,16300,16000
2015-04-10,11.37,16200,0(0.00 %),1175990,19142000000,0,0,16200,16400,16200
2015-04-13,11.3,16100,-0.1(-0.62 %),760750,12338000000,0,0,16300,16300,16100
2015-04-14,11.23,16000,-0.1(-0.62 %),570440,9156000000,0,0,16200,16200,16000
2015-04-15,11.3,16100,0.1(0.62 %),1100290,17694000000,0,0,15900,16300,15900
2015-04-16,11.72,16700,0.6(3.73 %),3936090,65068000000,0,0,16200,16700,16200
2015-04-17,11.65,16600,-0.1(-0.60 %),1640530,27409000000,0,0,16800,16800,16500
2015-04-20,11.58,16500,-0.1(-0.60 %),924240,15208000000,0,0,16500,16600,16300
2015-04-21,11.44,16300,-0.2(-1.21 %),866490,14236000000,0,0,16400,16500,16300
2015-04-22,11.37,16200,-0.1(-0.61 %),1057770,17201000000,0,0,16300,16400,16100
2015-04-23,11.3,16100,-0.1(-0.62 %),964970,15585000000,0,0,16300,16400,16000
2015-04-24,11.37,16200,0.1(0.62 %),613870,9955000000,0,0,16100,16300,16100
2015-04-27,11.02,15700,-0.5(-3.09 %),1266940,20076000000,0,0,16200,16200,15700
2015-05-04,10.67,15200,-0.5(-3.18 %),3051960,47543000000,0,0,15600,15900,15200
2015-05-05,10.95,15600,0.4(2.63 %),1743700,26573000000,11250000,171000000000,15200,15600,14900
2015-05-06,10.74,15300,-0.3(-1.92 %),835260,12897000000,4134300,64661200000,15700,15700,15300
2015-05-07,10.88,15500,0.2(1.31 %),716900,11069000000,1691270,26682826000,15300,15600,15300
2015-05-08,10.95,15600,0.1(0.65 %),653880,10205000000,0,0,15600,15700,15500
2015-05-11,10.74,15300,-0.3(-1.92 %),625870,9713000000,449300,7188800000,15600,15700,15300
2015-05-12,10.6,15100,-0.2(-1.31 %),1494100,22852000000,682270,10694412000,15500,15500,15100
2015-05-13,10.6,15100,0(0.00 %),1051340,15895000000,900000,14130000000,15200,15300,15000
2015-05-14,10.6,15100,0(0.00 %),441450,6671000000,0,0,15100,15200,15000
2015-05-15,10.6,15100,0(0.00 %),1134620,17419000000,0,0,15300,15700,15100
2015-05-18,10.39,14800,-0.3(-1.99 %),1054330,15750000000,0,0,15200,15300,14800
2015-05-19,10.67,15200,0.4(2.70 %),622880,9360000000,2500000,38500000000,14900,15200,14900
2015-05-20,10.95,15600,0.4(2.63 %),1820900,28261000000,0,0,15200,15800,15100
2015-05-21,10.95,15600,0(0.00 %),778160,12114000000,0,0,15600,15700,15400
2015-05-22,11.02,15700,0.1(0.64 %),728120,11351000000,0,0,15400,15700,15400
2015-05-25,10.95,15600,-0.1(-0.64 %),708840,11096000000,0,0,15700,15900,15400
2015-05-26,10.95,15600,0(0.00 %),1112490,17371000000,0,0,15600,15800,15400
2015-05-27,10.81,15400,-0.2(-1.28 %),968190,14954000000,0,0,15500,15700,15300
2015-05-28,10.95,15600,0.2(1.30 %),1214730,18958000000,0,0,15400,15800,15300
2015-05-29,11.09,15800,0.2(1.28 %),2721980,43275000000,0,0,15600,16200,15600
2015-06-01,11.02,15700,-0.1(-0.63 %),651550,10325000000,0,0,15800,16000,15700
2015-06-02,10.74,15300,-0.4(-2.55 %),1077450,16741000000,0,0,15800,15800,15300
2015-06-03,10.81,15400,0.1(0.65 %),1503710,23149000000,36880,567583000,15300,15600,15300
2015-06-04,10.95,15600,0.2(1.30 %),728970,11376000000,0,0,15400,15700,15400
2015-06-05,10.95,15600,0(0.00 %),1112980,17412000000,0,0,15600,15900,15500
2015-06-08,11.16,15900,0.3(1.92 %),4768180,76341000000,65000,949000000,15800,16200,15800
2015-06-09,11.37,16200,0.3(1.89 %),4984750,80641000000,0,0,15900,16500,15900
2015-06-10,11.3,16100,-0.1(-0.62 %),2284620,36858000000,0,0,16300,16300,16000
2015-06-11,11.51,16400,0.3(1.86 %),4679070,76605000000,0,0,16200,16600,16100
2015-06-12,11.37,16200,-0.2(-1.22 %),2262250,37099000000,0,0,16500,16700,16200
2015-06-15,11.23,16000,-0.2(-1.23 %),1735970,27872000000,0,0,16200,16300,15900
2015-06-16,10.95,15600,-0.4(-2.50 %),1818410,28809000000,0,0,16000,16100,15600
2015-06-17,10.88,15500,-0.1(-0.64 %),1515710,23626000000,0,0,15600,15900,15500
2015-06-18,10.95,15600,0.1(0.65 %),859790,13508000000,1200000,19080000000,15600,15900,15600
2015-06-19,11.16,15900,0.3(1.92 %),4598450,73053000000,0,0,15900,16000,15700
2015-06-22,11.16,15900,0(0.00 %),1314310,20852000000,0,0,16000,16000,15700
2015-06-23,11.23,16000,0.1(0.63 %),1410220,22469000000,0,0,16000,16100,15800
2015-06-24,11.16,15900,-0.1(-0.62 %),959280,15383000000,0,0,16000,16100,15900
2015-06-25,11.02,15700,-0.2(-1.26 %),1056300,16673000000,0,0,15900,16000,15700
2015-06-26,10.88,15500,-0.2(-1.27 %),1541520,24155000000,0,0,15700,15900,15500
2015-06-29,11.02,15700,0.2(1.29 %),1624480,25335000000,0,0,15500,15800,15400
2015-06-30,10.88,15500,-0.2(-1.27 %),1003620,15738000000,383575,5945413000,15700,15900,15500
2015-07-01,10.88,15500,0(0.00 %),1257450,19589000000,0,0,15700,15800,15400
2015-07-02,11.16,15900,0.4(2.58 %),1711090,27019000000,930000,14508000000,15700,15900,15500
2015-07-03,11.09,15800,-0.1(-0.63 %),1209470,19215000000,0,0,16000,16100,15700
2015-07-06,11.79,16800,1(6.33 %),7431880,121905000000,30780,486324000,15800,16900,15800
2015-07-07,11.51,16400,-0.4(-2.38 %),3064400,51083000000,930000,14601000000,16700,17000,16400
2015-07-08,11.58,16500,0.1(0.61 %),3592530,59045000000,0,0,16500,16700,16200
2015-07-09,11.58,16500,0(0.00 %),2469980,40756000000,0,0,16300,16700,16300
2015-07-10,11.3,16100,-0.4(-2.42 %),2768110,45192000000,0,0,16500,16600,16000
2015-07-13,11.16,15900,-0.2(-1.24 %),2973170,47524000000,0,0,16300,16300,15800
2015-07-14,10.95,15600,-0.3(-1.89 %),4261440,66786000000,0,0,15900,16000,15500
2015-07-15,10.95,15600,0(0.00 %),1329500,20901000000,0,0,15600,15900,15600
2015-07-16,11.09,15800,0.2(1.28 %),1716160,27099000000,0,0,15600,16000,15600
2015-07-17,11.09,15800,0(0.00 %),1099040,17385000000,0,0,15900,15900,15700
2015-07-20,11.02,15700,-0.1(-0.63 %),1002810,15677000000,0,0,15600,15800,15500
2015-07-21,11.09,15800,0.1(0.64 %),812670,12712000000,0,0,15600,15800,15600
2015-07-22,11.16,15900,0.1(0.63 %),1021770,16235000000,0,0,15700,16100,15700
2015-07-23,11.09,15800,-0.1(-0.63 %),838370,13302000000,0,0,16000,16000,15800
2015-07-24,11.02,15700,-0.1(-0.63 %),869560,13732000000,0,0,15700,15900,15700
2015-07-27,11.16,15900,0.2(1.27 %),1435850,22836000000,0,0,15900,16000,15700
2015-07-28,11.37,16200,0.3(1.89 %),5036650,81939000000,3090700,49402360000,16000,16600,16000
2015-07-29,11.3,16100,-0.1(-0.62 %),1608790,25890000000,20000,324000000,16100,16300,16000
2015-07-30,11.3,16100,0(0.00 %),669260,10698000000,50050,800050000,15900,16100,15900
2015-07-31,11.16,15900,-0.2(-1.24 %),902500,14464000000,3050000,48800000000,16000,16200,15900
2015-08-03,10.74,15300,-0.6(-3.77 %),2106940,32611000000,0,0,15700,15700,15300
2015-08-04,10.74,15300,0(0.00 %),882850,13543000000,0,0,15300,15500,15200
2015-08-05,10.88,15500,0.2(1.31 %),750590,11665000000,0,0,15500,15700,15500
2015-08-06,10.81,15400,-0.1(-0.65 %),692750,10679000000,0,0,15600,15600,15300
2015-08-07,10.88,15500,0.1(0.65 %),911820,14076000000,9638000,147030400000,15500,15600,15400
2015-08-10,11.09,15800,0.3(1.94 %),849790,13252000000,20000,330000000,15500,15800,15400
2015-08-11,11.02,15700,-0.1(-0.63 %),1135130,17880000000,0,0,15800,15900,15600
2015-08-12,10.81,15400,-0.3(-1.91 %),1198190,18539000000,888000,14030400000,15500,15600,15400
2015-08-13,10.74,15300,-0.1(-0.65 %),1768930,27008000000,891240,13938242400,15500,15500,15200
2015-08-14,10.74,15300,0(0.00 %),956730,14550000000,92430,1404936000,15200,15400,15100
2015-08-17,10.67,15200,-0.1(-0.65 %),970830,14779000000,143030,2176916600,15300,15400,15100
2015-08-18,10.53,15000,-0.2(-1.32 %),2154810,32204000000,798810,12517901400,15200,15300,14800
2015-08-19,10.18,14500,-0.5(-3.33 %),1658640,24104000000,478960,7184400000,15000,15000,14300
2015-08-20,9.48,13500,-1(-6.90 %),1612030,22442000000,0,0,14200,14400,13500
2015-08-21,8.91,12700,-0.8(-5.93 %),17475630,220380000000,138750,1749637500,12800,13000,12600
2015-08-24,8.42,12000,-0.7(-5.51 %),6473610,77253000000,638730,7705048900,12500,12600,11900
2015-08-25,8.42,12000,0(0.00 %),1598550,19030000000,500000,6000000000,11200,12400,11200
2015-08-26,8.42,12000,0(0.00 %),3818740,45085000000,500000,6050000000,11600,12200,11300
2015-08-27,8.77,12500,0.5(4.17 %),1980960,24591000000,800000,10080000000,12100,12500,12100
2015-08-28,8.77,12500,0(0.00 %),1527780,18923000000,1000000,12700000000,12600,12600,12200
2015-08-31,8.56,12200,-0.3(-2.40 %),1423330,17363000000,0,0,12300,12400,12100
2015-09-01,8.7,12400,0.2(1.64 %),1794820,22317000000,0,0,12200,12700,12100
2015-09-03,8.63,12300,-0.1(-0.81 %),1138360,14087000000,0,0,12200,12500,12200
2015-09-04,8.77,12500,0.2(1.63 %),639430,7939000000,0,0,12500,12600,12300
2015-09-07,8.63,12300,-0.2(-1.60 %),629300,7737000000,0,0,12400,12400,12200
2015-09-08,8.7,12400,0.1(0.81 %),630920,7776000000,500000,6200000000,12200,12500,12200
2015-09-09,8.63,12300,-0.1(-0.81 %),936140,11538000000,0,0,12500,12500,12200
2015-09-10,8.63,12300,0(0.00 %),478610,5884000000,0,0,12200,12400,12200
2015-09-11,9.2,13100,0.8(6.50 %),4631120,60146000000,500000,6150000000,12300,13100,12300
2015-09-14,8.91,12700,-0.4(-3.05 %),676130,8674000000,0,0,13000,13000,12700
2015-09-15,8.91,12700,0(0.00 %),347690,4399000000,0,0,12800,12800,12500
2015-09-16,8.91,12700,0(0.00 %),957070,12121000000,0,0,12600,12800,12500
2015-09-17,8.7,12400,-0.3(-2.36 %),553660,6951000000,0,0,12700,12800,12400
2015-09-18,9.06,12900,0.5(4.03 %),2082530,26622000000,400000,4960000000,12700,12900,12500
2015-09-21,8.99,12800,-0.1(-0.78 %),668020,8545000000,178960,2326480000,12800,12900,12600
2015-09-22,9.2,13100,0.3(2.34 %),3470680,45324000000,150000,1957500000,12900,13300,12800
2015-09-23,9.27,13200,0.1(0.76 %),1631590,21586000000,0,0,13100,13500,13000
2015-09-24,9.13,13000,-0.2(-1.52 %),667430,8780000000,0,0,13200,13300,13000
2015-09-25,9.06,12900,-0.1(-0.77 %),622410,8010000000,260000,3432000000,13000,13000,12800
2015-09-28,8.7,12400,-0.5(-3.88 %),1134390,14273000000,0,0,12900,12900,12400
2015-09-29,8.84,12600,0.2(1.61 %),973280,11990000000,0,0,12100,12600,12100
2015-09-30,8.84,12600,0(0.00 %),932940,11652000000,260000,3432000000,12600,12700,12400
2015-10-01,8.7,12400,-0.2(-1.59 %),162520,2023000000,0,0,12700,12700,12400
2015-10-02,8.63,12300,-0.1(-0.81 %),641250,7937000000,0,0,12400,12500,12300
2015-10-05,8.99,12800,0.5(4.07 %),1231540,15549000000,0,0,12500,12800,12400
2015-10-06,9.55,13600,0.8(6.25 %),6441540,86623000000,0,0,13300,13600,13300
2015-10-07,9.62,13700,0.1(0.74 %),3340070,46516000000,0,0,14000,14200,13700
2015-10-08,10.18,14500,0.8(5.84 %),4034270,57771000000,0,0,13900,14600,13800
2015-10-09,9.97,14200,-0.3(-2.07 %),2689520,38627000000,0,0,14500,14600,14200
2015-10-12,10.18,14500,0.3(2.11 %),2116580,30646000000,0,0,14200,14700,14200
2015-10-13,9.97,14200,-0.3(-2.07 %),1847780,26580000000,0,0,14400,14600,14200
2015-10-14,10.04,14300,0.1(0.70 %),1463830,20962000000,0,0,14300,14500,14200
2015-10-15,10.11,14400,0.1(0.70 %),1232010,17737000000,0,0,14400,14600,14200
2015-10-16,10.32,14700,0.3(2.08 %),3088700,45533000000,0,0,14700,14900,14500
2015-10-19,10.25,14600,-0.1(-0.68 %),2527530,36978000000,0,0,14700,14800,14500
2015-10-20,10.04,14300,-0.3(-2.05 %),3359150,48471000000,0,0,14600,14700,14200
2015-10-21,9.97,14200,-0.1(-0.70 %),937720,13384000000,0,0,14300,14400,14100
2015-10-22,10.04,14300,0.1(0.70 %),1090000,15535000000,0,0,14200,14500,14000
2015-10-23,10.18,14500,0.2(1.40 %),1253120,18131000000,0,0,14500,14600,14300
2015-10-26,10.04,14300,-0.2(-1.38 %),1083010,15668000000,140100,2031450000,14600,14700,14300
2015-10-27,9.97,14200,-0.1(-0.70 %),1035640,14712000000,420480,6012864000,14300,14300,14100
2015-10-28,10.04,14300,0.1(0.70 %),963810,13834000000,20000,266000000,14300,14500,14300
2015-10-29,9.97,14200,-0.1(-0.70 %),685810,9798000000,0,0,14300,14400,14200
2015-10-30,10.11,14400,0.2(1.41 %),860970,12360000000,0,0,14300,14500,14200
2015-11-02,9.97,14200,-0.2(-1.39 %),1080650,15386000000,0,0,14400,14500,14100
2015-11-03,10.18,14500,0.3(2.11 %),1232930,17611000000,0,0,14200,14500,14100
2015-11-04,10.04,14300,-0.2(-1.38 %),879800,12716000000,1100007,16500105000,14600,14600,14300
2015-11-05,10.04,14300,0(0.00 %),594130,8513000000,0,0,14400,14400,14200
2015-11-06,9.83,14000,-0.3(-2.10 %),875020,12383000000,0,0,14300,14400,14000
2015-11-09,9.83,14000,0(0.00 %),635730,8949000000,1025000,14350000000,14000,14200,14000
2015-11-10,9.69,13800,-0.2(-1.43 %),687710,9539000000,0,0,14000,14000,13700
2015-11-11,9.62,13700,-0.1(-0.72 %),416100,5748000000,0,0,13800,13900,13700
2015-11-12,9.55,13600,-0.1(-0.73 %),1481490,19957000000,0,0,13500,13600,13300
2015-11-13,9.9,14100,0.5(3.68 %),1636500,22703000000,0,0,13600,14200,13600
2015-11-16,9.69,13800,-0.3(-2.13 %),714840,9896000000,1200000,16800000000,14000,14000,13700
2015-11-17,9.55,13600,-0.2(-1.45 %),708800,9750000000,200000,2800000000,13800,13900,13600
2015-11-18,9.34,13300,-0.3(-2.21 %),1023260,13742000000,0,0,13600,13700,13300
2015-11-19,9.2,13100,-0.2(-1.50 %),1120520,14829000000,0,0,13300,13500,13000
2015-11-20,9.55,13600,0.5(3.82 %),681880,9226000000,0,0,13200,13800,13100
2015-11-23,9.48,13500,-0.1(-0.74 %),482890,6524000000,0,0,13500,13600,13400
2015-11-24,9.41,13400,-0.1(-0.74 %),628670,8406000000,0,0,13400,13500,13200
2015-11-25,9.48,13500,0.1(0.75 %),432830,5769000000,0,0,13400,13500,13200
2015-11-26,9.41,13400,-0.1(-0.74 %),553320,7476000000,0,0,13400,13800,13300
2015-11-27,9.2,13100,-0.3(-2.24 %),648330,8584000000,0,0,13400,13400,13100
2015-11-30,9.13,13000,-0.1(-0.76 %),434820,5668000000,0,0,13100,13200,13000
2015-12-01,9.06,12900,-0.1(-0.77 %),490530,6409000000,0,0,12900,13300,12900
2015-12-02,9.2,13100,0.2(1.55 %),516200,6769000000,0,0,13100,13300,13000
2015-12-03,9.34,13300,0.2(1.53 %),595840,7831000000,0,0,13000,13300,13000
2015-12-04,9.2,13100,-0.2(-1.50 %),284560,3744000000,0,0,13200,13300,13000
2015-12-07,9.13,13000,-0.1(-0.76 %),586880,7624000000,0,0,13100,13100,12900
2015-12-08,9.27,13200,0.2(1.54 %),337020,4388000000,0,0,13000,13300,12900
2015-12-09,9.06,12900,-0.3(-2.27 %),809980,10542000000,0,0,13100,13200,12900
2015-12-10,8.84,12600,-0.3(-2.33 %),262780,3345000000,0,0,12900,12900,12600
2015-12-11,8.91,12700,0.1(0.79 %),569920,7226000000,0,0,12600,12800,12500
2015-12-14,8.91,12700,0(0.00 %),833750,10568000000,0,0,12700,12800,12600
2015-12-15,8.91,12700,0(0.00 %),259710,3285000000,0,0,12800,12800,12600
2015-12-16,8.91,12700,0(0.00 %),366250,4700000000,0,0,12700,12900,12700
2015-12-17,8.99,12800,0.1(0.79 %),736100,9432000000,0,0,12900,13000,12800
2015-12-18,8.63,12300,-0.5(-3.91 %),7155250,89210000000,0,0,12800,13100,12300
2015-12-21,9.06,12900,0.6(4.88 %),525000,6659000000,0,0,12700,12900,12600
2015-12-22,8.99,12800,-0.1(-0.78 %),484070,6222000000,0,0,13000,13000,12700
2015-12-23,8.91,12700,-0.1(-0.78 %),1247370,15761000000,0,0,12700,12800,12500
2015-12-24,8.91,12700,0(0.00 %),198640,2517000000,0,0,12700,12700,12600
2015-12-25,8.91,12700,0(0.00 %),308390,3898000000,10368500,131679950000,12700,12700,12600
2015-12-28,8.77,12500,-0.2(-1.57 %),1548220,19438000000,400000,5080000000,12700,12800,12400
2015-12-29,9.06,12900,0.4(3.20 %),1593250,20339000000,1800000,22570000000,12500,12900,12400
2015-12-30,9.27,13200,0.3(2.33 %),1678650,21997000000,0,0,13200,13200,13000
2015-12-31,9.2,13100,-0.1(-0.76 %),1709280,22613000000,0,0,13100,13400,13100
2016-01-04,8.99,12800,-0.3(-2.29 %),560940,7231000000,0,0,12800,13200,12600
2016-01-05,8.84,12600,-0.2(-1.56 %),1054080,13286000000,0,0,12700,12700,12500
2016-01-06,8.91,12700,0.1(0.79 %),569160,7226000000,6708770,84540291300,12600,12800,12600
2016-01-07,8.63,12300,-0.4(-3.15 %),1261320,15537000000,73470,904415700,12600,12600,12100
2016-01-08,8.42,12000,-0.3(-2.44 %),1159290,13994000000,5000000,61500000000,12200,12300,11800
2016-01-11,8.42,12000,0(0.00 %),799630,9610000000,0,0,12000,12100,11900
2016-01-12,8.77,12500,0.5(4.17 %),992640,12108000000,0,0,11900,12500,11900
2016-01-13,8.56,12200,-0.3(-2.40 %),910540,11267000000,0,0,12400,12600,12100
2016-01-14,8.21,11700,-0.5(-4.10 %),2091970,24498000000,0,0,12100,12100,11400
2016-01-15,7.65,10900,-0.8(-6.84 %),2269530,25263000000,0,0,11600,11700,10900
2016-01-18,7.58,10800,-0.1(-0.92 %),1749190,18384000000,315000,3213000000,10300,10800,10300
2016-01-19,7.86,11200,0.4(3.70 %),903330,10000000000,500000,5460000000,10700,11300,10700
2016-01-20,7.86,11200,0(0.00 %),1617020,18183000000,0,0,11200,11500,11000
2016-01-21,7.86,11200,0(0.00 %),1980660,22377000000,122500,1383025000,11100,11500,11100
2016-01-22,7.86,11200,0(0.00 %),1370220,15073000000,0,0,11200,11300,10700
2016-01-25,8.28,11800,0.6(5.36 %),887390,10303000000,10025000,112297500000,11400,11900,11300
2016-01-26,7.93,11300,-0.5(-4.24 %),976940,11188000000,1437190,16338025500,11500,11600,11300
2016-01-27,8.14,11600,0.3(2.65 %),1009060,11688000000,150000,1740000000,11300,11800,11300
2016-01-28,8.07,11500,-0.1(-0.86 %),624110,7232000000,0,0,11600,11700,11400
2016-01-29,8.28,11800,0.3(2.61 %),1086970,12676000000,856000,9758400000,11600,11800,11500
2016-02-01,8.21,11700,-0.1(-0.85 %),669150,7910000000,0,0,11800,11900,11700
2016-02-02,8.21,11700,0(0.00 %),383130,4475000000,0,0,11600,11800,11600
2016-02-03,8.21,11700,0(0.00 %),280730,3281000000,24490,286043200,11600,11800,11600
2016-02-04,8.28,11800,0.1(0.85 %),222710,2644000000,0,0,11800,12100,11700
2016-02-05,8.35,11900,0.1(0.85 %),162170,1928000000,0,0,11900,12000,11800
2016-02-15,8.28,11800,-0.1(-0.84 %),611640,7239000000,0,0,11800,11900,11800
2016-02-16,8.49,12100,0.3(2.54 %),685240,8210000000,0,0,11900,12100,11900
2016-02-17,8.35,11900,-0.2(-1.65 %),1120870,13429000000,0,0,12100,12200,11900
2016-02-18,8.63,12300,0.4(3.36 %),1825910,22422000000,0,0,12000,12600,11900
2016-02-19,8.77,12500,0.2(1.63 %),1520340,19009000000,60000,690000000,12100,12700,12100
2016-02-22,8.84,12600,0.1(0.80 %),851170,10641000000,0,0,12500,12700,12400
2016-02-23,8.84,12600,0(0.00 %),1754130,22085000000,1500000,18750000000,12700,12800,12500
2016-02-24,9.13,13000,0.4(3.17 %),3047210,38917000000,2400000,30240000000,12500,13100,12500
2016-02-25,8.99,12800,-0.2(-1.54 %),1669010,21621000000,2700000,34020000000,13000,13100,12800
2016-02-26,9.06,12900,0.1(0.78 %),649960,8338000000,400000,5040000000,12900,13000,12700
2016-02-29,9.2,13100,0.2(1.55 %),1655300,21707000000,400000,5200000000,12900,13400,12900
2016-03-01,9.27,13200,0.1(0.76 %),1655080,21859000000,0,0,13100,13300,13100
2016-03-02,9.27,13200,0(0.00 %),1327730,17611000000,0,0,13300,13400,13200
2016-03-03,9.13,13000,-0.2(-1.52 %),982700,12851000000,0,0,13000,13300,12900
2016-03-04,9.2,13100,0.1(0.77 %),1024990,13376000000,0,0,13100,13200,12900
2016-03-07,9.2,13100,0(0.00 %),976290,12689000000,0,0,13100,13200,12800
2016-03-08,8.99,12800,-0.3(-2.29 %),888600,11414000000,0,0,13100,13100,12700
2016-03-09,8.84,12600,-0.2(-1.56 %),808930,10317000000,500000,6375000000,12900,12900,12600
2016-03-10,8.99,12800,0.2(1.59 %),971190,12322000000,138770,1759603600,12600,12800,12500
2016-03-11,8.99,12800,0(0.00 %),631210,8022000000,0,0,12800,12800,12600
2016-03-14,8.77,12500,-0.3(-2.34 %),1138610,14277000000,0,0,12900,12900,12500
2016-03-15,8.77,12500,0(0.00 %),440990,5478000000,0,0,12400,12600,12300
2016-03-16,8.84,12600,0.1(0.80 %),417720,5218000000,0,0,12400,12600,12400
2016-03-17,8.91,12700,0.1(0.79 %),638650,8103000000,0,0,12700,12800,12600
2016-03-18,8.77,12500,-0.2(-1.57 %),2066950,25895000000,0,0,12800,12800,12500
2016-03-21,8.84,12600,0.1(0.80 %),910100,11526000000,0,0,12700,12800,12600
2016-03-22,8.77,12500,-0.1(-0.79 %),387130,4856000000,0,0,12600,12700,12500
2016-03-23,9.06,12900,0.4(3.20 %),2694420,34873000000,700000,8820000000,12700,13200,12600
2016-03-24,9.06,12900,0(0.00 %),693540,8969000000,1170000,14976000000,13000,13100,12800
2016-03-25,9.06,12900,0(0.00 %),684860,8746000000,3500000,44510000000,12800,12900,12700
2016-03-28,8.84,12600,-0.3(-2.33 %),801760,10183000000,0,0,12800,12900,12600
2016-03-29,8.91,12700,0.1(0.79 %),791030,10003000000,1170000,14976000000,12700,12800,12600
2016-03-30,8.91,12700,0(0.00 %),638060,8063000000,185220,2339328600,12800,12800,12600
2016-03-31,8.91,12700,0(0.00 %),1001590,12637000000,0,0,12700,12800,12500
2016-04-01,8.77,12500,-0.2(-1.57 %),463540,5816000000,0,0,12600,12700,12500
2016-04-04,8.84,12600,0.1(0.80 %),288370,3609000000,250000,3127500000,12500,12600,12500
2016-04-05,8.99,12800,0.2(1.59 %),665250,8448000000,0,0,12600,12800,12500
2016-04-06,8.99,12800,0(0.00 %),327190,4175000000,0,0,13000,13000,12700
2016-04-07,8.91,12700,-0.1(-0.78 %),425210,5396000000,0,0,12900,12900,12600
2016-04-08,8.77,12500,-0.2(-1.57 %),653460,8250000000,0,0,12700,12800,12500
2016-04-11,8.84,12600,0.1(0.80 %),344990,4363000000,0,0,12500,12800,12500
2016-04-12,8.84,12600,0(0.00 %),336940,4245000000,0,0,12800,12800,12500
2016-04-13,8.91,12700,0.1(0.79 %),485370,6124000000,0,0,12700,12700,12500
2016-04-14,9.27,13200,0.5(3.94 %),4287780,57089000000,0,0,12700,13500,12700
2016-04-15,9.06,12900,-0.3(-2.27 %),1177040,15448000000,0,0,13300,13400,12900
2016-04-19,9.06,12900,0(0.00 %),883460,11366000000,0,0,12900,13000,12700
2016-04-20,8.99,12800,-0.1(-0.78 %),1185440,15153000000,0,0,12800,12900,12600
2016-04-21,9.06,12900,0.1(0.78 %),1692750,21872000000,0,0,12800,13100,12800
2016-04-22,9.2,13100,0.2(1.55 %),943870,12272000000,0,0,12900,13100,12900
2016-04-25,9.2,13100,0(0.00 %),1403010,18528000000,0,0,13200,13400,13100
2016-04-26,9.27,13200,0.1(0.76 %),1186320,15523000000,0,0,13100,13200,13000
2016-04-27,9.55,13600,0.4(3.03 %),3058690,41572000000,0,0,13300,13800,13200
2016-04-28,9.62,13700,0.1(0.74 %),1158430,15698000000,0,0,13600,13700,13400
2016-04-29,9.69,13800,0.1(0.73 %),959670,13206000000,0,0,13600,13900,13600
2016-05-04,9.62,13700,-0.1(-0.72 %),1950580,26583000000,1979000,26914400000,13600,13800,13500
2016-05-05,9.69,13800,0.1(0.73 %),1985820,27373000000,0,0,13600,14100,13600
2016-05-06,9.69,13800,0(0.00 %),1165910,16094000000,0,0,13800,14000,13700
2016-05-09,9.69,13800,0(0.00 %),1367360,18865000000,0,0,13800,13900,13700
2016-05-10,9.76,13900,0.1(0.72 %),1144880,15738000000,0,0,13700,13900,13600
2016-05-11,9.69,13800,-0.1(-0.72 %),1063970,14757000000,0,0,13800,14000,13800
2016-05-12,9.48,13500,-0.3(-2.17 %),1299020,17795000000,1000000,13500000000,13800,13800,13500
2016-05-13,9.41,13400,-0.1(-0.74 %),1167440,15686000000,0,0,13500,13600,13300
2016-05-16,9.34,13300,-0.1(-0.75 %),596750,7979000000,1000000,13000000000,13500,13500,13300
2016-05-17,9.48,13500,0.2(1.50 %),844390,11372000000,1000000,13575000000,13300,13500,13300
2016-05-18,9.55,13600,0.1(0.74 %),515160,6988000000,2000000,27000000000,13600,13600,13500
2016-05-19,9.48,13500,-0.1(-0.74 %),414710,5606000000,60000,762000000,13600,13600,13500
2016-05-20,9.48,13500,0(0.00 %),623880,8422000000,2000000,27000000000,13500,13600,13500
2016-05-23,9.62,13700,0.2(1.48 %),274180,3733000000,2540000,34890000000,13500,13700,13500
2016-05-24,9.62,13700,0(0.00 %),756710,10370000000,0,0,13700,13800,13700
2016-05-25,9.83,14000,0.3(2.19 %),2933950,41322000000,4040000,53912000000,13800,14300,13800
2016-05-26,9.83,14000,0(0.00 %),1281470,18011000000,0,0,14000,14200,13900
2016-05-27,10.39,14800,0.8(5.71 %),3591850,52243000000,3200000,43560000000,14100,14800,14000
2016-05-30,10.39,14800,0(0.00 %),2773230,41623000000,4000000,55200000000,14800,15200,14800
2016-05-31,10.32,14700,-0.1(-0.68 %),1333440,19774000000,0,0,14900,15000,14700
2016-06-01,10.39,14800,0.1(0.68 %),1815200,27028000000,0,0,14700,15200,14600
2016-06-02,10.25,14600,-0.2(-1.35 %),2504410,36808000000,0,0,14800,14900,14600
2016-06-03,10.39,14800,0.2(1.37 %),1593890,23626000000,0,0,14700,15100,14600
2016-06-06,10.39,14800,0(0.00 %),1261050,18531000000,280000,4144000000,14800,14900,14500
2016-06-07,10.53,15000,0.2(1.35 %),2836110,42453000000,0,0,14800,15200,14700
2016-06-08,10.53,15000,0(0.00 %),2521690,38020000000,0,0,15000,15200,14900
2016-06-09,10.46,14900,-0.1(-0.67 %),1473150,22030000000,0,0,15000,15000,14800
2016-06-10,10.39,14800,-0.1(-0.67 %),1526450,22658000000,0,0,14800,15000,14700
2016-06-13,10.18,14500,-0.3(-2.03 %),1194530,17418000000,0,0,14600,14700,14400
2016-06-14,10.18,14500,0(0.00 %),873480,12627000000,0,0,14500,14500,14300
2016-06-15,10.32,14700,0.2(1.38 %),901050,13116000000,0,0,14400,14700,14400
2016-06-16,10.25,14600,-0.1(-0.68 %),694230,10198000000,0,0,14800,14800,14600
2016-06-17,10.18,14500,-0.1(-0.68 %),2631760,38165000000,0,0,14500,14600,14400
2016-06-20,10.39,14800,0.3(2.07 %),2790950,41462000000,0,0,14600,15100,14500
2016-06-21,10.53,15000,0.2(1.35 %),2322020,34812000000,4240000,63176000000,14900,15100,14900
2016-06-22,10.39,14800,-0.2(-1.33 %),964610,14355000000,0,0,14900,15000,14800
2016-06-23,10.46,14900,0.1(0.68 %),2477810,37010000000,0,0,14700,15100,14700
2016-06-24,10.88,15500,0.6(4.03 %),9216430,137219000000,0,0,15000,15500,13900
2016-06-27,11.09,15800,0.3(1.94 %),6165300,96062000000,0,0,15300,15900,15100
2016-06-28,11.09,15800,0(0.00 %),6252470,98749000000,0,0,15800,16000,15600
2016-06-29,10.95,15600,-0.2(-1.27 %),6119260,96594000000,0,0,15600,16000,15600
2016-06-30,10.88,15500,-0.1(-0.64 %),2861010,44539000000,0,0,15600,15700,15500
2016-07-01,10.81,15400,-0.1(-0.65 %),4279040,66864000000,9700000,150350000000,15600,15800,15400
2016-07-04,10.88,15500,0.1(0.65 %),3184520,49704000000,0,0,15500,15900,15500
2016-07-05,10.88,15500,0(0.00 %),3457950,53942000000,0,0,15500,15800,15500
2016-07-06,11.58,16500,1(6.45 %),7637700,122603000000,0,0,15500,16500,15400
2016-07-07,11.58,16500,0(0.00 %),1649750,27364000000,0,0,16500,16800,16400
2016-07-08,11.58,16500,0(0.00 %),3839190,63433000000,50000,820000000,16600,16700,16300
2016-07-11,11.3,16100,-0.4(-2.42 %),6233060,101975000000,0,0,16500,16600,16100
2016-07-12,11.72,16700,0.6(3.73 %),7833050,129838000000,0,0,16100,17000,16100
2016-07-13,11.93,17000,0.3(1.80 %),10247770,172944000000,0,0,16700,17000,16500
2016-07-14,11.79,16800,-0.2(-1.18 %),4518810,76317000000,0,0,17000,17100,16700
2016-07-15,11.79,16800,0(0.00 %),3549810,59575000000,0,0,16800,16900,16600
2016-07-18,11.79,16800,0(0.00 %),4353810,72921000000,0,0,16800,16900,16600
2016-07-19,11.86,16900,0.1(0.60 %),3943860,66666000000,0,0,16800,17100,16600
2016-07-20,11.51,16400,-0.5(-2.96 %),1544800,25881000000,0,0,17100,17100,16400
2016-07-21,11.37,16200,-0.2(-1.22 %),2247650,36980000000,0,0,16600,16600,16200
2016-07-22,11.93,17000,0.8(4.94 %),7546580,124429000000,0,0,16300,17000,15900
2016-07-25,11.86,16900,-0.1(-0.59 %),6582830,111203000000,60000,1014000000,16800,17000,16700
2016-07-26,11.93,17000,0.1(0.59 %),5567600,94517000000,0,0,16900,17200,16700
2016-07-27,12.0,17100,0.1(0.59 %),5286290,90417000000,0,0,17100,17200,16900
2016-07-28,12.21,17400,0.3(1.75 %),7066760,121603000000,0,0,16900,17500,16800
2016-07-29,12.42,17700,0.3(1.72 %),7049770,123751000000,0,0,17400,17700,17300
2016-08-01,12.28,17500,-0.2(-1.13 %),3021680,52941000000,0,0,17600,17600,17400
2016-08-02,12.5,17800,0.3(1.71 %),10061810,173971000000,0,0,17300,17800,16900
2016-08-03,12.35,17600,-0.2(-1.12 %),5112730,90002000000,0,0,17700,17700,17500
2016-08-04,12.42,17700,0.1(0.57 %),4671880,82179000000,0,0,17500,17700,17300
2016-08-05,12.14,17300,-0.4(-2.26 %),3984800,69407000000,0,0,17500,17600,17200
2016-08-08,11.86,16900,-0.4(-2.31 %),3568470,60794000000,0,0,17300,17300,16700
2016-08-09,12.28,17500,0.6(3.55 %),5783890,99424000000,50000,850000000,16900,17500,16800
2016-08-10,12.14,17300,-0.2(-1.14 %),4510280,78215000000,400000,7000000000,17400,17500,17200
2016-08-11,12.57,17900,0.6(3.47 %),10365780,183040000000,20000,344000000,17200,18000,17200
2016-08-12,12.35,17600,-0.3(-1.68 %),4436310,78315000000,0,0,17900,17900,17500
2016-08-15,12.92,18400,0.8(4.55 %),11044200,198972000000,0,0,17600,18400,17500
2016-08-16,13.06,18600,0.2(1.09 %),8072250,148051000000,285000,5244000000,18300,18600,18100
2016-08-17,12.85,18300,-0.3(-1.61 %),11837040,217377000000,0,0,18300,18500,18200
2016-08-18,12.5,17800,-0.5(-2.73 %),7429450,133904000000,0,0,18100,18400,17800
2016-08-19,12.42,17700,-0.1(-0.56 %),4451050,79095000000,0,0,17700,18000,17600
2016-08-22,12.57,17900,0.2(1.13 %),4168180,74309000000,206000,3646200000,17600,18000,17600
2016-08-23,12.71,18100,0.2(1.12 %),7868820,140629000000,0,0,17800,18100,17700
2016-08-24,12.85,18300,0.2(1.10 %),5784570,104691000000,0,0,18100,18300,17900
2016-08-25,12.78,18200,-0.1(-0.55 %),6780360,123017000000,0,0,18100,18300,17900
2016-08-26,12.78,18200,0(0.00 %),7635620,138870000000,0,0,18100,18300,17900
2016-08-29,12.14,17300,-0.9(-4.95 %),4602220,81513000000,0,0,18100,18100,17300
2016-08-30,12.28,17500,0.2(1.16 %),6281280,109790000000,95000,1643500000,17100,17600,17100
2016-08-31,12.5,17800,0.3(1.71 %),5862050,103770000000,0,0,17500,17900,17500
2016-09-01,12.5,17800,0(0.00 %),4448320,78831000000,0,0,17700,17900,17500
2016-09-05,12.35,17600,-0.2(-1.12 %),3226800,56975000000,0,0,17700,17900,17400
2016-09-06,12.5,17800,0.2(1.14 %),4958950,87796000000,0,0,17600,17900,17500
2016-09-07,12.78,18200,0.4(2.25 %),4422450,79301000000,30000,498000000,17800,18200,17600
2016-09-08,12.64,18000,-0.2(-1.10 %),7618840,138367000000,0,0,18000,18300,18000
2016-09-09,12.78,18200,0.2(1.11 %),2473830,44682000000,0,0,18000,18200,17900
2016-09-12,12.74,18150,-0.05(-0.27 %),3626180,65470000000,0,0,18100,18250,17800
2016-09-13,12.5,17800,-0.35(-1.93 %),2989000,53498000000,0,0,18000,18150,17750
2016-09-14,12.11,17250,-0.55(-3.09 %),6471770,114528000000,0,0,17700,17950,17250
2016-09-15,12.14,17300,0.05(0.29 %),651010,11274000000,240000,4092000000,17250,17500,17250
2016-09-16,12.11,17250,-0.05(-0.29 %),6762470,116720000000,0,0,17200,17400,17200
2016-09-19,12.92,18400,1.15(6.67 %),9902760,178514000000,0,0,17500,18450,17500
2016-09-20,13.2,18800,0.4(2.17 %),10296890,190245000000,0,0,18300,18900,18100
2016-09-21,13.06,18600,-0.2(-1.06 %),4426980,82156000000,1135000,21338000000,18700,18700,18450
2016-09-22,13.2,18800,0.2(1.08 %),9339320,174543000000,0,0,18500,18900,18450
2016-09-23,13.16,18750,-0.05(-0.27 %),4577880,85723000000,0,0,18700,18850,18550
2016-09-26,13.16,18750,0(0.00 %),4811770,89843000000,0,0,18600,18800,18500
2016-09-27,13.34,19000,0.25(1.33 %),9340170,176350000000,0,0,18700,19100,18600
2016-09-28,13.41,19100,0.1(0.53 %),7184250,135730000000,43370,819259300,18800,19200,18650
2016-09-29,13.51,19250,0.15(0.79 %),5488270,105353000000,0,0,19100,19400,18900
2016-09-30,13.34,19000,-0.25(-1.30 %),4497980,85855000000,0,0,19250,19300,18950
2016-10-03,12.92,18400,-0.6(-3.16 %),5115710,95062000000,0,0,18900,19000,18350
2016-10-04,12.95,18450,0.05(0.27 %),7038360,128803000000,0,0,18400,18500,18100
2016-10-05,13.09,18650,0.2(1.08 %),10643510,196301000000,0,0,18350,18800,18050
2016-10-06,13.09,18650,0(0.00 %),7325180,137276000000,0,0,18650,18850,18650
2016-10-07,12.85,18300,-0.35(-1.88 %),5349070,98312000000,0,0,18650,18650,18150
2016-10-10,12.85,18300,0(0.00 %),4880520,88294000000,765000,13999500000,18300,18400,17600
2016-10-11,12.71,18100,-0.2(-1.09 %),3163240,56896000000,0,0,18200,18350,17650
2016-10-12,12.71,18100,0(0.00 %),2389780,42719000000,0,0,17900,18100,17700
2016-10-13,12.74,18150,0.05(0.28 %),4051410,72685000000,0,0,18000,18200,17700
2016-10-14,12.5,17800,-0.35(-1.93 %),4629830,83687000000,0,0,18000,18300,17800
2016-10-17,12.5,17800,0(0.00 %),2710910,47808000000,0,0,17800,17850,17450
2016-10-18,12.32,17550,-0.25(-1.40 %),2065920,36384000000,0,0,17800,17800,17450
2016-10-19,12.6,17950,0.4(2.28 %),4682080,83050000000,0,0,17550,17950,17450
2016-10-20,12.74,18150,0.2(1.11 %),5503100,98742000000,0,0,17900,18300,17650
2016-10-21,12.67,18050,-0.1(-0.55 %),5013910,89329000000,0,0,18000,18100,17600
2016-10-24,12.57,17900,-0.15(-0.83 %),2908140,51747000000,0,0,17900,17950,17600
2016-10-25,12.28,17500,-0.4(-2.23 %),3900010,68556000000,0,0,17700,17850,17450
2016-10-26,12.28,17500,0(0.00 %),3232420,56642000000,0,0,17300,17700,17300
2016-10-27,12.35,17600,0.1(0.57 %),1535860,26968000000,0,0,17550,17650,17500
2016-10-28,12.39,17650,0.05(0.28 %),3415640,60346000000,0,0,17450,17800,17450
2016-10-31,12.21,17400,-0.25(-1.42 %),2128460,37199000000,0,0,17400,17600,17400
2016-11-01,12.25,17450,0.05(0.29 %),2912560,50484000000,1044000,18510000000,17450,17500,17150
2016-11-02,11.93,17000,-0.45(-2.58 %),2611730,44737000000,0,0,17350,17400,17000
2016-11-03,11.23,16000,-1(-5.88 %),15997150,255046000000,5780000,99157000000,16800,16800,15850
2016-11-04,11.34,16150,0.15(0.94 %),2646490,42405000000,0,0,16000,16200,15850
2016-11-07,11.44,16300,0.15(0.93 %),2845830,46118000000,0,0,16150,16300,16000
2016-11-08,11.48,16350,0.05(0.31 %),1880040,30586000000,1850000,30517000000,16200,16350,16150
2016-11-09,11.23,16000,-0.35(-2.14 %),3854900,61041000000,0,0,16200,16250,15250
2016-11-10,11.09,15800,-0.2(-1.25 %),3494600,55300000000,34000,578000000,16000,16050,15650
2016-11-11,11.02,15700,-0.1(-0.63 %),2401910,37744000000,350000,5915000000,15800,15850,15600
2016-11-14,10.99,15650,-0.05(-0.32 %),2628530,40820000000,0,0,15600,15650,15300
2016-11-15,10.99,15650,0(0.00 %),1737110,26910000000,0,0,15650,15650,15400
2016-11-16,11.09,15800,0.15(0.96 %),1855620,29246000000,0,0,15600,16000,15500
2016-11-17,10.95,15600,-0.2(-1.27 %),1620470,25381000000,0,0,15800,15850,15600
2016-11-18,10.95,15600,0(0.00 %),1799690,27877000000,0,0,15550,15600,15350
2016-11-21,10.7,15250,-0.35(-2.24 %),2445930,37591000000,0,0,15600,15600,15250
2016-11-22,10.67,15200,-0.05(-0.33 %),1734010,26285000000,0,0,15250,15300,15100
2016-11-23,10.53,15000,-0.2(-1.32 %),1556630,23501000000,0,0,15100,15200,15000
2016-11-24,10.67,15200,0.2(1.33 %),2001580,30290000000,0,0,15000,15250,15000
2016-11-25,10.56,15050,-0.15(-0.99 %),791460,11972000000,0,0,15150,15200,15050
2016-11-28,10.28,14650,-0.4(-2.66 %),1977500,29252000000,0,0,15050,15050,14500
2016-11-29,10.28,14650,0(0.00 %),3422780,48585000000,1200000,16800000000,14550,14650,13800
2016-11-30,10.04,14300,-0.35(-2.39 %),2932720,41254000000,0,0,14500,14500,13850
2016-12-01,10.18,14500,0.2(1.40 %),2682280,38101000000,0,0,14150,14500,14000
2016-12-02,10.25,14600,0.1(0.69 %),3135270,45293000000,0,0,14200,14600,14050
2016-12-05,10.42,14850,0.25(1.71 %),3123650,46009000000,0,0,14500,14900,14400
2016-12-06,10.18,14500,-0.35(-2.36 %),2742510,39914000000,0,0,14800,14800,14100
2016-12-07,10.18,14500,0(0.00 %),2804600,40427000000,0,0,14350,14600,14300
2016-12-08,10.25,14600,0.1(0.69 %),3303490,48218000000,0,0,14550,14750,14400
2016-12-09,10.14,14450,-0.15(-1.03 %),1480250,21319000000,560580,7623888000,14500,14600,14250
2016-12-12,9.44,13450,-1(-6.92 %),4123970,56161000000,0,0,13700,14200,13450
2016-12-13,9.44,13450,0(0.00 %),3541890,46992000000,206000,2692560000,13500,13550,12900
2016-12-14,9.51,13550,0.1(0.74 %),1937010,25847000000,86850,1158579000,13400,13550,13000
2016-12-15,9.62,13700,0.15(1.11 %),2927510,39601000000,231840,3138826800,13600,13750,13200
2016-12-16,9.55,13600,-0.1(-0.73 %),8203750,111386000000,0,0,13700,13750,13400
2016-12-19,9.97,14200,0.6(4.41 %),2517290,35059000000,2000000,25400000000,13700,14200,13700
2016-12-20,9.69,13800,-0.4(-2.82 %),2404520,33507000000,0,0,14050,14150,13800
2016-12-21,9.41,13400,-0.4(-2.90 %),2636910,35718000000,4404780,60785964000,13700,13700,13400
2016-12-22,9.37,13350,-0.05(-0.37 %),2916610,38735000000,0,0,13450,13500,13050
2016-12-23,9.51,13550,0.2(1.50 %),1899270,25335000000,0,0,13200,13550,13050
2016-12-26,9.69,13800,0.25(1.85 %),2524840,34379000000,8700000,125715000000,13600,13800,13450
2016-12-27,9.65,13750,-0.05(-0.36 %),1910860,26167000000,2000000,25700000000,13700,13800,13600
2016-12-28,9.62,13700,-0.05(-0.36 %),1716130,23558000000,0,0,13750,13850,13650
2016-12-29,9.69,13800,0.1(0.73 %),2957870,40500000000,0,0,13650,13800,13600
2016-12-30,9.72,13850,0.05(0.36 %),2193850,30273000000,565140,7262049000,13750,13850,13650
2017-01-03,9.79,13950,0.1(0.72 %),1984970,27521000000,0,0,13950,14000,13700
2017-01-04,9.9,14100,0.15(1.08 %),3519550,49182000000,0,0,13900,14150,13800
2017-01-05,10.18,14500,0.4(2.84 %),5179700,74487000000,40000,526000000,14100,14550,14000
2017-01-06,10.11,14400,-0.1(-0.69 %),2567230,37170000000,0,0,14500,14600,14350
2017-01-09,9.93,14150,-0.25(-1.74 %),2153730,30795000000,0,0,14350,14450,14150
2017-01-10,10.0,14250,0.1(0.71 %),2526630,35827000000,0,0,14100,14350,14050
2017-01-11,10.11,14400,0.15(1.05 %),2844430,40785000000,0,0,14250,14450,14200
2017-01-12,10.04,14300,-0.1(-0.69 %),2114170,30236000000,0,0,14400,14400,14200
2017-01-13,10.0,14250,-0.05(-0.35 %),2258490,32132000000,21000,300300000,14300,14350,14150
2017-01-16,9.55,13600,-0.65(-4.56 %),2677060,37555000000,0,0,14050,14350,13600
2017-01-17,9.55,13600,0(0.00 %),4359960,59374000000,0,0,13700,13800,13300
2017-01-18,9.55,13600,0(0.00 %),2146060,29092000000,0,0,13500,13650,13450
2017-01-19,9.48,13500,-0.1(-0.74 %),3064060,41369000000,0,0,13500,13700,13250
2017-01-20,9.72,13850,0.35(2.59 %),3303610,45347000000,0,0,13600,13900,13500
2017-01-23,9.55,13600,-0.25(-1.81 %),1528380,20927000000,390000,5031000000,13850,13850,13500
2017-01-24,9.51,13550,-0.05(-0.37 %),775000,10517000000,0,0,13500,13650,13450
2017-01-25,9.58,13650,0.1(0.74 %),879060,11938000000,0,0,13550,13650,13500
2017-02-02,9.72,13850,0.2(1.47 %),1509200,20758000000,0,0,13650,13900,13600
2017-02-03,9.72,13850,0(0.00 %),2000930,27613000000,0,0,13800,13900,13700
2017-02-06,9.55,13600,-0.25(-1.81 %),1618490,22149000000,0,0,13850,13850,13600
2017-02-07,9.65,13750,0.15(1.10 %),2951080,40165000000,0,0,13500,13800,13400
2017-02-08,9.9,14100,0.35(2.55 %),3382560,47486000000,0,0,13700,14200,13700
2017-02-09,10.14,14450,0.35(2.48 %),4101230,58813000000,0,0,14100,14500,14000
2017-02-10,10.07,14350,-0.1(-0.69 %),2031590,29157000000,0,0,14450,14500,14200
2017-02-13,10.04,14300,-0.05(-0.35 %),2388120,34213000000,0,0,14300,14450,14250
2017-02-14,10.0,14250,-0.05(-0.35 %),1555480,22247000000,0,0,14350,14400,14250
2017-02-15,10.11,14400,0.15(1.05 %),2972980,43090000000,0,0,14350,14600,14300
2017-02-16,10.04,14300,-0.1(-0.69 %),3011050,43587000000,50000,727500000,14450,14600,14300
2017-02-17,10.25,14600,0.3(2.10 %),3027850,43588000000,0,0,14300,14600,14250
2017-02-20,10.67,15200,0.6(4.11 %),8008150,119844000000,0,0,14650,15250,14550
2017-02-21,10.78,15350,0.15(0.99 %),5008980,76240000000,0,0,15150,15400,15050
2017-02-22,10.67,15200,-0.15(-0.98 %),4142070,62599000000,1000000,16400000000,15300,15350,14950
2017-02-23,10.28,14650,-0.55(-3.62 %),4599690,68405000000,0,0,15100,15150,14600
2017-02-24,10.07,14350,-0.3(-2.05 %),3751650,54630000000,0,0,14800,14800,14350
2017-02-27,10.32,14700,0.35(2.44 %),3484400,50758000000,0,0,14700,14750,14300
2017-02-28,10.11,14400,-0.3(-2.04 %),2882430,42013000000,0,0,14650,14750,14400
2017-03-01,10.0,14250,-0.15(-1.04 %),2598990,37314000000,0,0,14400,14550,14150
2017-03-02,10.04,14300,0.05(0.35 %),3288170,47351000000,0,0,14350,14600,14250
2017-03-03,10.14,14450,0.15(1.05 %),1059050,15282000000,0,0,14500,14550,14300
2017-03-06,10.42,14850,0.4(2.77 %),2945270,43295000000,0,0,14500,14850,14500
2017-03-07,10.42,14850,0(0.00 %),5113090,76526000000,1200000,19020000000,14900,15150,14800
2017-03-08,10.46,14900,0.05(0.34 %),1638000,24391000000,75590,1125535100,14800,15000,14750
2017-03-09,10.18,14500,-0.4(-2.68 %),1904290,28071000000,0,0,14900,15000,14500
2017-03-10,10.18,14500,0(0.00 %),2603730,37659000000,1400000,18970000000,14500,14600,14350
2017-03-13,10.04,14300,-0.2(-1.38 %),1945130,27931000000,0,0,14400,14500,14250
2017-03-14,10.11,14400,0.1(0.70 %),1839560,26456000000,0,0,14300,14500,14300
2017-03-15,10.07,14350,-0.05(-0.35 %),1263000,18138000000,0,0,14500,14500,14300
2017-03-16,10.18,14500,0.15(1.05 %),2358320,34042000000,200000,3070000000,14450,14600,14300
2017-03-17,10.18,14500,0(0.00 %),1699960,24713000000,0,0,14550,14700,14500
2017-03-20,10.18,14500,0(0.00 %),1388470,20247000000,3360000,48720000000,14650,14650,14500
2017-03-21,10.25,14600,0.1(0.69 %),1569450,22950000000,200000,2700000000,14550,14700,14500
2017-03-22,10.11,14400,-0.2(-1.37 %),1920650,27921000000,3755000,54447500000,14600,14650,14400
2017-03-23,10.25,14600,0.2(1.39 %),2652520,38435000000,0,0,14350,14650,14350
2017-03-24,10.28,14650,0.05(0.34 %),1817150,26612000000,0,0,14650,14750,14550
2017-03-27,10.7,15250,0.6(4.10 %),9059960,136741000000,0,0,14700,15300,14650
2017-03-28,10.81,15400,0.15(0.98 %),4802590,74155000000,0,0,15300,15650,15250
2017-03-29,10.74,15300,-0.1(-0.65 %),1755200,26924000000,23000,333500000,15500,15500,15250
2017-03-30,10.85,15450,0.15(0.98 %),3520190,54365000000,0,0,15250,15650,15250
2017-03-31,10.53,15000,-0.45(-2.91 %),4378780,66492000000,0,0,15500,15550,14900
2017-04-03,10.49,14950,-0.05(-0.33 %),1730420,25758000000,0,0,14900,15000,14800
2017-04-04,10.56,15050,0.1(0.67 %),2035470,30550000000,0,0,14950,15100,14900
2017-04-05,10.42,14850,-0.2(-1.33 %),5173110,76824000000,0,0,15050,15050,14750
2017-04-07,10.53,15000,0.15(1.01 %),1545960,22964000000,0,0,14850,15000,14700
2017-04-10,10.56,15050,0.05(0.33 %),1205690,18101000000,0,0,14900,15100,14900
2017-04-11,10.78,15350,0.3(1.99 %),4166090,63776000000,0,0,15050,15400,15050
2017-04-12,10.7,15250,-0.1(-0.65 %),2800090,42821000000,0,0,15350,15500,15050
2017-04-13,10.46,14900,-0.35(-2.30 %),1407040,21217000000,0,0,15100,15300,14900
2017-04-14,10.46,14900,0(0.00 %),3285510,48440000000,0,0,14850,14900,14550
2017-04-17,10.39,14800,-0.1(-0.67 %),1840030,27334000000,0,0,14800,15000,14700
2017-04-18,10.42,14850,0.05(0.34 %),2621570,38608000000,500000,7370000000,14800,14850,14650
2017-04-19,10.56,15050,0.2(1.35 %),3226090,48385000000,0,0,14800,15200,14750
2017-04-20,10.6,15100,0.05(0.33 %),1118370,16787000000,0,0,15100,15100,14850
2017-04-21,10.49,14950,-0.15(-0.99 %),1460530,21930000000,0,0,15100,15100,14950
2017-04-24,10.46,14900,-0.05(-0.33 %),2554440,38304000000,0,0,15000,15050,14900
2017-04-25,10.46,14900,0(0.00 %),1414160,21095000000,0,0,14950,15000,14800
2017-04-26,10.49,14950,0.05(0.34 %),857530,12793000000,0,0,14850,15000,14850
2017-04-27,10.49,14950,0(0.00 %),2026180,30387000000,0,0,14950,15100,14900
2017-04-28,10.42,14850,-0.1(-0.67 %),1016290,15151000000,680000,10200000000,14900,15000,14850
2017-05-03,10.7,15250,0.4(2.69 %),3942400,59861000000,0,0,14950,15300,14950
2017-05-04,10.56,15050,-0.2(-1.31 %),4065310,62152000000,900000,13730000000,15300,15450,15050
2017-05-05,10.53,15000,-0.05(-0.33 %),1749640,26347000000,6920000,103108000000,15100,15150,15000
2017-05-08,10.6,15100,0.1(0.67 %),2751640,41445000000,0,0,15050,15200,14950
2017-05-09,10.88,15500,0.4(2.65 %),6017630,93204000000,0,0,15050,15750,15050
2017-05-10,11.2,15950,0.45(2.90 %),5680390,90650000000,0,0,15500,16400,15500
2017-05-11,11.23,16000,0.05(0.31 %),4806000,77442000000,0,0,15950,16300,15900
2017-05-12,11.55,16450,0.45(2.81 %),7019020,114728000000,20000,342000000,16100,16600,16000
2017-05-15,11.51,16400,-0.05(-0.30 %),3840320,63704000000,0,0,16700,16750,16400
2017-05-16,11.27,16050,-0.35(-2.13 %),5015400,81952000000,1000000,16340000000,16450,16650,16000
2017-05-17,11.41,16250,0.2(1.25 %),5001490,80221000000,20000,300000000,16000,16250,15850
2017-05-18,11.41,16250,0(0.00 %),4854240,79130000000,0,0,16200,16600,16000
2017-05-19,11.41,16250,0(0.00 %),3788710,61493000000,0,0,16350,16400,16100
2017-05-22,11.79,16800,0.55(3.38 %),6351850,106080000000,3522080,53535616000,16300,16950,16300
2017-05-23,11.58,16500,-0.3(-1.79 %),3634780,60422000000,0,0,16800,16850,16400
2017-05-24,11.55,16450,-0.05(-0.30 %),2134240,35180000000,20000,352000000,16500,16600,16400
2017-05-25,11.58,16500,0.05(0.30 %),3949590,65417000000,0,0,16500,16700,16450
2017-05-26,11.37,16200,-0.3(-1.82 %),3607550,58802000000,0,0,16550,16550,16200
2017-05-29,11.44,16300,0.1(0.62 %),2111390,34232000000,20000,306000000,16200,16300,16100
2017-05-30,11.13,15850,-0.45(-2.76 %),3741330,59954000000,0,0,16250,16250,15800
2017-05-31,11.09,15800,-0.05(-0.32 %),2334190,37041000000,0,0,15800,16050,15650
2017-06-01,11.37,16200,0.4(2.53 %),3522770,57104000000,20000,310000000,16050,16350,15950
2017-06-02,11.37,16200,0(0.00 %),1958890,31911000000,0,0,16200,16450,16150
2017-06-05,11.3,16100,-0.1(-0.62 %),1209330,19562000000,0,0,16200,16300,16050
2017-06-06,11.3,16100,0(0.00 %),1490980,24019000000,0,0,16100,16200,16000
2017-06-07,11.23,16000,-0.1(-0.62 %),2467080,39737000000,200000,3220000000,16200,16250,16000
2017-06-08,11.41,16250,0.25(1.56 %),3366200,54677000000,0,0,16000,16400,16000
2017-06-09,11.62,16550,0.3(1.85 %),3776230,62267000000,0,0,16300,16650,16250
2017-06-12,11.48,16350,-0.2(-1.21 %),1768720,29094000000,0,0,16550,16600,16350
2017-06-13,11.48,16350,0(0.00 %),2874120,46788000000,0,0,16350,16450,16100
2017-06-14,11.37,16200,-0.15(-0.92 %),1223190,20004000000,10534516,166540086600,16350,16450,16200
2017-06-15,11.37,16200,0(0.00 %),900410,14586000000,0,0,16200,16300,16100
2017-06-16,11.37,16200,0(0.00 %),2438840,39743000000,20000,344000000,16300,16400,16200
2017-06-19,11.62,16550,0.35(2.16 %),2866860,47278000000,30000,492000000,16400,16600,16300
2017-06-20,12.07,17200,0.65(3.93 %),6720450,113506000000,20000,310000000,16600,17200,16600
2017-06-21,11.93,17000,-0.2(-1.16 %),3683410,62504000000,0,0,17100,17150,16800
2017-06-22,12.0,17100,0.1(0.59 %),5969090,103830000000,50000,816500000,17300,17650,17100
2017-06-23,12.0,17100,0(0.00 %),2483180,42606000000,0,0,17100,17300,16950
2017-06-26,12.07,17200,0.1(0.58 %),2996700,51803000000,0,0,17200,17450,17050
2017-06-27,11.86,16900,-0.3(-1.74 %),2157100,36746000000,0,0,17200,17200,16750
2017-06-28,11.79,16800,-0.1(-0.59 %),1351330,22811000000,0,0,16950,17000,16800
2017-06-29,11.86,16900,0.1(0.60 %),2685960,45626000000,0,0,16950,17150,16850
2017-06-30,11.83,16850,-0.05(-0.30 %),1616310,27275000000,0,0,16950,17000,16800
2017-07-03,11.83,16850,0(0.00 %),2219500,37615000000,0,0,16850,17100,16800
2017-07-04,12.0,17100,0.25(1.48 %),3456560,58879000000,0,0,17000,17250,16850
2017-07-05,11.97,17050,-0.05(-0.29 %),1898910,32452000000,0,0,17100,17200,17000
2017-07-06,11.9,16950,-0.1(-0.59 %),2283510,38905000000,0,0,17050,17150,16950
2017-07-07,11.65,16600,-0.35(-2.06 %),5182210,87519000000,0,0,17000,17150,16600
2017-07-10,11.37,16200,-0.4(-2.41 %),3521610,57713000000,0,0,16700,16700,16150
2017-07-11,11.34,16150,-0.05(-0.31 %),2575580,41623000000,489960,7912854000,16200,16350,16000
2017-07-12,11.37,16200,0.05(0.31 %),2642460,42837000000,0,0,16200,16350,16150
2017-07-13,11.41,16250,0.05(0.31 %),1566980,25378000000,0,0,16250,16300,16100
2017-07-14,11.34,16150,-0.1(-0.62 %),2501520,40627000000,0,0,16250,16400,16100
2017-07-17,10.85,15450,-0.7(-4.33 %),6737160,104021000000,487890,7537900500,16150,16200,15050
2017-07-18,10.74,15300,-0.15(-0.97 %),2597640,39587000000,686910,10489723000,15200,15400,15100
2017-07-19,10.67,15200,-0.1(-0.65 %),2152330,32946000000,943620,14433024000,15350,15450,15200
2017-07-20,10.53,15000,-0.2(-1.32 %),3239190,48915000000,0,0,15250,15350,14950
2017-07-21,10.53,15000,0(0.00 %),1719390,25922000000,0,0,15000,15300,15000
2017-07-24,10.6,15100,0.1(0.67 %),1522000,22918000000,319790,4796850000,15000,15250,14950
2017-07-25,10.63,15150,0.05(0.33 %),1469940,22333000000,300000,4551000000,15150,15350,15100
2017-07-26,10.7,15250,0.1(0.66 %),2010390,30718000000,300000,4587000000,15200,15450,15150
2017-07-27,10.63,15150,-0.1(-0.66 %),1504630,22959000000,250000,3802500000,15350,15350,15150
2017-07-28,10.56,15050,-0.1(-0.66 %),2392960,36268000000,0,0,15150,15250,15050
2017-07-31,10.28,14650,-0.4(-2.66 %),3858410,56962000000,60000,906000000,15000,15000,14500
2017-08-01,10.42,14850,0.2(1.37 %),2608150,38841000000,0,0,14650,15050,14650
2017-08-02,10.63,15150,0.3(2.02 %),2468030,37213000000,250000,3776500000,14850,15250,14800
2017-08-03,10.53,15000,-0.15(-0.99 %),1229560,18500000000,60000,900000000,15150,15200,14900
2017-08-04,10.46,14900,-0.1(-0.67 %),1347030,20185000000,0,0,15000,15100,14900
2017-08-07,10.53,15000,0.1(0.67 %),1637570,24485000000,0,0,14950,15050,14850
2017-08-08,10.49,14950,-0.05(-0.33 %),1888900,28404000000,120000,1812000000,15000,15100,14950
2017-08-09,10.21,14550,-0.4(-2.68 %),1625540,23900000000,0,0,15000,15000,14550
2017-08-10,10.21,14550,0(0.00 %),1571540,23068000000,500000,7750000000,14600,14800,14550
2017-08-11,10.25,14600,0.05(0.34 %),733780,10724000000,120000,1800000000,14550,14700,14550
2017-08-14,10.32,14700,0.1(0.68 %),785490,11601000000,1000000,15000000000,14750,14850,14700
2017-08-15,10.21,14550,-0.15(-1.02 %),1400840,20516000000,0,0,14700,14750,14550
2017-08-16,10.0,14250,-0.3(-2.06 %),2725510,39212000000,1120000,16912000000,14550,14550,14250
2017-08-17,9.9,14100,-0.15(-1.05 %),1470650,20928000000,0,0,14250,14500,14000
2017-08-18,10.18,14500,0.4(2.84 %),983420,13964000000,0,0,14200,14500,14000
2017-08-21,10.35,14750,0.25(1.72 %),2095650,30768000000,120000,1800000000,14500,14800,14350
2017-08-22,10.28,14650,-0.1(-0.68 %),1637730,24030000000,0,0,14750,14800,14500
2017-08-23,10.21,14550,-0.1(-0.68 %),1324090,19266000000,0,0,14600,14600,14500
2017-08-24,10.28,14650,0.1(0.69 %),1096460,15996000000,0,0,14600,14650,14500
2017-08-25,10.39,14800,0.15(1.02 %),1729490,25399000000,0,0,14650,14800,14600
2017-08-28,10.78,15350,0.55(3.72 %),4706290,71509000000,0,0,15000,15400,14950
2017-08-29,10.74,15300,-0.05(-0.33 %),2294660,35226000000,0,0,15450,15450,15250
2017-08-30,10.7,15250,-0.05(-0.33 %),654810,9988000000,250000,4000000000,15200,15350,15200
2017-08-31,10.6,15100,-0.15(-0.98 %),1896050,28674000000,0,0,15200,15250,15050
2017-09-01,10.56,15050,-0.05(-0.33 %),891130,13477000000,0,0,15200,15200,15050
2017-09-05,10.67,15200,0.15(1.00 %),2115990,32082000000,0,0,15100,15350,14850
2017-09-06,10.78,15350,0.15(0.99 %),1631480,24883000000,0,0,15200,15350,15000
2017-09-07,10.78,15350,0(0.00 %),1640620,25034000000,0,0,15300,15350,15150
2017-09-08,10.56,15050,-0.3(-1.95 %),1425850,21609000000,0,0,15350,15400,15050
2017-09-11,10.6,15100,0.05(0.33 %),1477720,22304000000,0,0,15050,15200,14950
2017-09-12,10.56,15050,-0.05(-0.33 %),1917940,28839000000,0,0,15100,15150,14950
2017-09-13,10.46,14900,-0.15(-1.00 %),1693880,25420000000,0,0,15050,15100,14900
2017-09-14,10.46,14900,0(0.00 %),2676220,39879000000,7170000,107550000000,15000,15050,14650
2017-09-15,10.25,14600,-0.3(-2.01 %),3956220,57966000000,0,0,14900,14950,14500
2017-09-18,10.18,14500,-0.1(-0.68 %),2550660,37251000000,0,0,14600,14800,14500
2017-09-19,10.53,15000,0.5(3.45 %),2387150,34719000000,0,0,14650,15000,14400
2017-09-20,10.25,14600,-0.4(-2.67 %),1862690,27365000000,0,0,15000,15000,14600
2017-09-21,10.18,14500,-0.1(-0.68 %),1286390,18718000000,0,0,14600,14750,14500
2017-09-22,10.11,14400,-0.1(-0.69 %),1270760,18351000000,1232680,17862460000,14500,14600,14350
2017-09-25,10.14,14450,0.05(0.35 %),1381530,19834000000,0,0,14400,14450,14250
2017-09-26,9.97,14200,-0.25(-1.73 %),1846930,26244000000,0,0,14400,14400,14150
2017-09-27,9.9,14100,-0.1(-0.70 %),1567910,22154000000,900000,13050000000,14200,14250,14100
2017-09-28,10.14,14450,0.35(2.48 %),1994950,28738000000,1252330,18158785000,14200,14500,14200
2017-09-29,10.25,14600,0.15(1.04 %),2071570,30056000000,1047670,15191215000,14350,14700,14300
2017-10-02,10.18,14500,-0.1(-0.68 %),895460,12998000000,0,0,14650,14650,14300
2017-10-03,9.93,14150,-0.35(-2.41 %),1248240,17878000000,0,0,14500,14550,14150
2017-10-04,10.0,14250,0.1(0.71 %),1550230,21966000000,0,0,14150,14250,14100
2017-10-05,9.83,14000,-0.25(-1.75 %),2775120,38983000000,0,0,14350,14350,13950
2017-10-06,9.83,14000,0(0.00 %),1120270,15671000000,0,0,14000,14150,13900
2017-10-09,9.48,13500,-0.5(-3.57 %),2150520,29492000000,0,0,14000,14000,13500
2017-10-10,9.44,13450,-0.05(-0.37 %),2486990,33575000000,164000,2214000000,13500,13650,13450
2017-10-11,9.34,13300,-0.15(-1.12 %),4014720,53169000000,0,0,13450,13500,13050
2017-10-12,9.27,13200,-0.1(-0.75 %),1499760,19882000000,0,0,13300,13300,13200
2017-10-13,9.48,13500,0.3(2.27 %),2272040,30521000000,0,0,13200,13600,13200
2017-10-16,9.37,13350,-0.15(-1.11 %),1501960,20144000000,0,0,13500,13500,13300
2017-10-17,9.27,13200,-0.15(-1.12 %),2055880,27257000000,0,0,13350,13350,13150
2017-10-18,9.3,13250,0.05(0.38 %),2441130,32300000000,1500000,19800000000,13200,13350,13150
2017-10-19,9.27,13200,-0.05(-0.38 %),5129480,68231000000,2300000,29905000000,13250,13500,13200
2017-10-20,9.34,13300,0.1(0.76 %),4696880,63019000000,1500000,21000000000,13250,13650,13250
2017-10-23,9.34,13300,0(0.00 %),3920490,52112000000,0,0,13300,13450,13150
2017-10-24,9.3,13250,-0.05(-0.38 %),3933230,51842000000,3300000,44760000000,13250,13300,13100
2017-10-25,9.23,13150,-0.1(-0.75 %),2012810,26476000000,4496370,60759721000,13250,13300,13100
2017-10-26,8.77,12500,-0.65(-4.94 %),4445060,57160000000,300000,3870000000,13200,13250,12500
2017-10-27,9.13,13000,0.5(4.00 %),2015210,25448000000,198000,2475000000,12600,13000,12350
2017-10-30,9.09,12950,-0.05(-0.38 %),2254030,29412000000,0,0,13100,13300,12600
2017-10-31,9.02,12850,-0.1(-0.77 %),2542970,32181000000,2000000,25400000000,12950,12950,12450
2017-11-01,8.74,12450,-0.4(-3.11 %),2148740,26808000000,2000000,24940000000,12600,12700,12300
2017-11-02,8.35,11900,-0.55(-4.42 %),2927500,35583000000,2000000,24520000000,12300,12500,11900
2017-11-03,8.91,12700,0.8(6.72 %),5084190,62648000000,13772280,165002000100,11900,12700,11900
2017-11-06,9.16,13050,0.35(2.76 %),2758190,35727000000,40000,474000000,12900,13200,12650
2017-11-07,9.13,13000,-0.05(-0.38 %),2051410,26709000000,0,0,13000,13150,12900
2017-11-08,8.91,12700,-0.3(-2.31 %),3363770,43148000000,38000,459800000,12950,13050,12650
2017-11-09,8.95,12750,0.05(0.39 %),1681290,21512000000,878590,11232166100,12700,12900,12650
2017-11-10,8.91,12700,-0.05(-0.39 %),2031960,25804000000,631890,8051684100,12750,12800,12650
2017-11-13,8.81,12550,-0.15(-1.18 %),2425850,30587000000,0,0,12800,12800,12450
2017-11-14,8.95,12750,0.2(1.59 %),1899950,24042000000,99000,1267200000,12600,12800,12450
2017-11-15,9.34,13300,0.55(4.31 %),4513810,58815000000,0,0,13300,13350,12600
2017-11-16,9.3,13250,-0.05(-0.38 %),1966540,26132000000,0,0,13300,13450,13150
2017-11-17,9.27,13200,-0.05(-0.38 %),1919320,25308000000,99000,1257300000,13250,13300,13050
2017-11-20,8.91,12700,-0.5(-3.79 %),2677750,34581000000,0,0,13100,13200,12700
2017-11-21,8.99,12800,0.1(0.79 %),1854820,23584000000,0,0,12700,12800,12600
2017-11-22,9.02,12850,0.05(0.39 %),2455720,31610000000,99000,1267200000,12800,13050,12750
2017-11-23,9.09,12950,0.1(0.78 %),2201970,28386000000,0,0,12850,13000,12750
2017-11-24,9.3,13250,0.3(2.32 %),3201630,41865000000,0,0,12900,13300,12900
2017-11-27,9.55,13600,0.35(2.64 %),4322330,58444000000,599000,8001600000,13350,13800,13350
2017-11-28,9.76,13900,0.3(2.21 %),3778600,52035000000,0,0,13700,14000,13550
2017-11-29,9.62,13700,-0.2(-1.44 %),2168020,29849000000,0,0,13800,13900,13700
2017-11-30,9.69,13800,0.1(0.73 %),4413360,61693000000,0,0,13900,14150,13800
2017-12-01,9.76,13900,0.1(0.72 %),2560320,35572000000,850000,11772500000,13900,14050,13750
2017-12-04,10.25,14600,0.7(5.04 %),6112590,87233000000,600000,8400000000,13950,14700,13950
2017-12-05,9.83,14000,-0.6(-4.11 %),3290220,47234000000,100000,1460000000,14600,14700,14000
2017-12-06,9.9,14100,0.1(0.71 %),3001340,41970000000,0,0,14000,14150,13800
2017-12-07,9.97,14200,0.1(0.71 %),3189140,45276000000,0,0,14200,14300,14050
2017-12-08,10.04,14300,0.1(0.70 %),2102090,29976000000,0,0,14200,14350,14150
2017-12-11,9.62,13700,-0.6(-4.20 %),2289130,31863000000,0,0,14100,14150,13700
2017-12-12,9.37,13350,-0.35(-2.55 %),6159520,81434000000,0,0,13700,13900,12800
2017-12-13,8.99,12800,-0.55(-4.12 %),4004830,51937000000,7525000,100458750000,13350,13350,12800
2017-12-14,9.3,13250,0.45(3.52 %),1083390,14219000000,0,0,12800,13250,12800
2017-12-15,9.34,13300,0.05(0.38 %),1450940,19220180000,0,0,13300,13350,13100
2017-12-18,9.23,13150,-0.15(-1.13 %),2286310,30259000000,0,0,13200,13400,13150
2017-12-19,9.23,13150,0(0.00 %),1736890,22856000000,0,0,13200,13250,13100
2017-12-20,9.65,13750,0.6(4.56 %),2936020,39737000000,0,0,13200,13850,13100
2017-12-21,9.48,13500,-0.25(-1.82 %),2058510,28021000000,0,0,13700,13750,13500
2017-12-22,9.44,13450,-0.05(-0.37 %),1947880,26098000000,0,0,13350,13500,13300
2017-12-25,9.27,13200,-0.25(-1.86 %),1322320,17509000000,0,0,13450,13450,13150
2017-12-26,9.37,13350,0.15(1.14 %),1605060,21264000000,0,0,13250,13500,13150
2017-12-27,9.41,13400,0.05(0.37 %),2444900,33065000000,0,0,13250,13650,13250
2017-12-28,9.41,13400,0(0.00 %),1424230,19086000000,0,0,13350,13450,13300
2017-12-29,9.41,13400,0(0.00 %),1440280,19392000000,0,0,13500,13550,13400
2018-01-02,9.58,13650,0.25(1.87 %),2206410,29985380000,0,0,13450,13650,13400
2018-01-03,9.97,14200,0.55(4.03 %),5370970,75311000000,0,0,13750,14250,13700
2018-01-04,10.14,14450,0.25(1.76 %),4473290,64616000000,0,0,14200,14750,14150
2018-01-05,10.18,14500,0.05(0.35 %),3011970,43821000000,20000,276000000,14450,14900,14300
2018-01-08,10.42,14850,0.35(2.41 %),3473970,51311000000,0,0,14500,14900,14500
2018-01-09,10.6,15100,0.25(1.68 %),5317770,79182000000,30000,420000000,14950,15100,14550
2018-01-10,10.78,15350,0.25(1.66 %),6967320,106596000000,30000,435000000,15200,15550,15100
2018-01-11,10.74,15300,-0.05(-0.33 %),3160500,47907000000,0,0,15400,15400,15000
2018-01-12,10.53,15000,-0.3(-1.96 %),4563560,69037650000,20000,286000000,15300,15350,14900
2018-01-15,10.39,14800,-0.2(-1.33 %),4491970,66807950000,183000,2937150000,14900,15050,14700
2018-01-16,9.97,14200,-0.6(-4.05 %),5327610,76984000000,0,0,14600,14700,14200
2018-01-17,9.83,14000,-0.2(-1.41 %),4227600,60382000000,850000,12138000000,14200,14550,14000
2018-01-18,9.9,14100,0.1(0.71 %),4289180,59756000000,642000,9244800000,13900,14100,13750
2018-01-19,9.69,13800,-0.3(-2.13 %),4890640,68488000000,190000,2698000000,14300,14300,13800
2018-01-22,10.14,14450,0.65(4.71 %),3417610,48653000000,0,0,13900,14500,13900
2018-01-25,10.56,15050,0.6(4.15 %),7990280,118166000000,1213820,17272658600,14600,15150,14500
2018-01-26,10.28,14650,-0.4(-2.66 %),3388050,50821000000,0,0,15150,15300,14650
2018-01-29,10.46,14900,0.25(1.71 %),3639670,54235000000,0,0,14800,15200,14600
2018-01-30,10.6,15100,0.2(1.34 %),4193410,62832000000,0,0,14800,15300,14500
2018-01-31,9.86,14050,-1.05(-6.95 %),7827240,113953000000,0,0,15000,15000,14050
2018-02-01,9.2,13100,-0.95(-6.76 %),6555310,88021000000,0,0,13850,14000,13100
2018-02-02,9.16,13050,-0.05(-0.38 %),2991490,38935000000,0,0,12950,13300,12800
2018-02-05,8.84,12600,-0.45(-3.45 %),5150920,66770960000,0,0,13000,13200,12600
2018-02-06,9.06,12900,0.3(2.38 %),6895620,81991000000,0,0,12900,12900,11750
2018-02-07,9.13,13000,0.1(0.78 %),2456660,31955360000,0,0,13050,13150,12800
2018-02-08,8.91,12700,-0.3(-2.31 %),1425320,18239000000,0,0,12800,13000,12700
2018-02-09,8.77,12500,-0.2(-1.57 %),2564890,31244000000,2050000,26077500000,12000,12500,12000
2018-02-12,8.77,12500,0(0.00 %),1799110,22363000000,0,0,12500,12700,12300
2018-02-13,8.95,12750,0.25(2.00 %),1830710,23312000000,0,0,12650,12900,12550
2018-02-21,9.48,13500,0.75(5.88 %),2475630,32544000000,0,0,12800,13500,12750
2018-02-22,9.13,13000,-0.5(-3.70 %),2626710,34708000000,260000,3523000000,13300,13450,12950
2018-02-23,9.3,13250,0.25(1.92 %),2288100,30042000000,0,0,13200,13300,13000
2018-02-26,9.3,13250,0(0.00 %),2713030,35930000000,0,0,13400,13500,13050
2018-02-27,9.09,12950,-0.3(-2.26 %),2000990,26167000000,0,0,13200,13250,12950
2018-02-28,9.09,12950,0(0.00 %),2865680,37190000000,0,0,12800,13200,12800
2018-03-01,9.06,12900,-0.05(-0.39 %),2714790,35119000000,178930,2326090000,12900,13100,12800
2018-03-02,9.23,13150,0.25(1.94 %),3131640,40545000000,500000,6525000000,12850,13200,12750
2018-03-05,8.91,12700,-0.45(-3.42 %),3211760,41914000000,0,0,13300,13300,12700
2018-03-06,9.13,13000,0.3(2.36 %),3040120,38903000000,330000,4257000000,12700,13000,12600
2018-03-07,9.3,13250,0.25(1.92 %),3706540,49059000000,5373410,70304330000,13000,13450,12950
2018-03-08,9.34,13300,0.05(0.38 %),2886640,39010000000,0,0,13300,13800,13300
2018-03-09,9.3,13250,-0.05(-0.38 %),2023820,27086000000,0,0,13500,13600,13250
2018-03-12,9.3,13250,0(0.00 %),1969420,26034000000,0,0,13250,13350,13100
2018-03-13,9.72,13850,0.6(4.53 %),7988280,108502000000,0,0,13250,13950,13200
2018-03-14,9.83,14000,0.15(1.08 %),4411090,61885000000,1000000,14800000000,13850,14150,13850
2018-03-15,9.62,13700,-0.3(-2.14 %),2405010,33380000000,0,0,14000,14000,13700
2018-03-16,9.48,13500,-0.2(-1.46 %),4514690,61414000000,0,0,13500,13900,13500
2018-03-19,9.48,13500,0(0.00 %),2252910,30498000000,0,0,13500,13650,13450
2018-03-20,9.37,13350,-0.15(-1.11 %),3901990,51989000000,0,0,13400,13550,13150
2018-03-21,9.55,13600,0.25(1.87 %),3138250,42393000000,0,0,13450,13600,13400
2018-03-22,9.44,13450,-0.15(-1.10 %),3278260,44108000000,0,0,13800,13800,13250
2018-03-23,9.2,13100,-0.35(-2.60 %),4597990,59691000000,0,0,13050,13200,12800
2018-03-26,9.06,12900,-0.2(-1.53 %),2261200,29406000000,0,0,13100,13200,12900
2018-03-27,9.06,12900,0(0.00 %),1640380,21260000000,0,0,13100,13100,12850
2018-03-28,9.16,13050,0.15(1.16 %),4199220,54909000000,0,0,12900,13300,12900
2018-03-29,9.16,13050,0(0.00 %),1967160,25658000000,0,0,13150,13150,12950
2018-03-30,9.37,13350,0.3(2.30 %),1876630,24694000000,0,0,13150,13350,13000
2018-04-02,9.65,13750,0.4(3.00 %),5647240,78091000000,0,0,13900,14000,13600
2018-04-03,9.9,14100,0.35(2.55 %),4680660,64790000000,0,0,13600,14200,13550
2018-04-04,10.18,14500,0.4(2.84 %),8174560,118270000000,1480300,21464350000,14250,14700,14100
2018-04-05,10.53,15000,0.5(3.45 %),7536280,112073000000,0,0,14550,15150,14400
2018-04-06,10.35,14750,-0.25(-1.67 %),4235280,62840000000,0,0,15200,15200,14650
2018-04-09,10.32,14700,-0.05(-0.34 %),5003590,73997000000,0,0,14650,14950,14650
2018-04-10,10.28,14650,-0.05(-0.34 %),6134990,89625000000,60000,822000000,14750,14850,14400
2018-04-11,9.93,14150,-0.5(-3.41 %),9141750,129113000000,314000,4600100000,14700,14700,13700
2018-04-12,9.69,13800,-0.35(-2.47 %),4894300,67783000000,150000,2265000000,14000,14000,13700
2018-04-13,9.76,13900,0.1(0.72 %),2824980,39460000000,0,0,13900,14150,13750
2018-04-16,9.76,13900,0(0.00 %),2771130,38492000000,780000,10920000000,13750,14000,13700
2018-04-17,10.18,14500,0.6(4.32 %),4526610,64419000000,362490,4694245500,13900,14500,13900
2018-04-18,9.97,14200,-0.3(-2.07 %),1852870,26649000000,0,0,14600,14650,14200
2018-04-19,9.83,14000,-0.2(-1.41 %),2761170,38617000000,0,0,14150,14250,13800
2018-04-20,9.69,13800,-0.2(-1.43 %),2265790,31287000000,0,0,14000,14000,13600
2018-04-23,9.06,12900,-0.9(-6.52 %),5114530,69655000000,0,0,12900,13950,12900
2018-04-24,9.06,12900,0(0.00 %),3345100,43234000000,0,0,12800,13200,12600
2018-04-26,8.77,12500,-0.4(-3.10 %),2957300,37622000000,43000,554700000,13000,13000,12500
2018-04-27,9.34,13300,0.8(6.40 %),3064810,39496000000,0,0,12500,13300,12450
2018-05-02,9.48,13500,0.2(1.50 %),4088550,54759000000,7332890,93787957100,13500,13550,13150
2018-05-03,9.55,13600,0.1(0.74 %),2677250,36055000000,0,0,13350,13600,13050
2018-05-04,9.58,13650,0.05(0.37 %),2316200,31687000000,0,0,13600,13850,13500
2018-05-07,9.65,13750,0.1(0.73 %),2197850,30046000000,0,0,13800,13800,13550
2018-05-08,9.51,13550,-0.2(-1.45 %),2540820,34864000000,2113400,28995848000,13650,13850,13550
2018-05-09,9.58,13650,0.1(0.74 %),2768700,37656000000,0,0,13500,13700,13450
2018-05-10,9.41,13400,-0.25(-1.83 %),2470120,33425000000,0,0,13700,13700,13200
2018-05-11,9.51,13550,0.15(1.12 %),1440600,19298000000,0,0,13250,13550,13200
2018-05-14,9.51,13550,0(0.00 %),1208560,16347000000,0,0,13550,13600,13400
2018-05-15,9.44,13450,-0.1(-0.74 %),1574460,21317000000,0,0,13500,13600,13450
2018-05-16,9.55,13600,0.15(1.12 %),2473820,33493000000,0,0,13400,13650,13400
2018-05-17,9.83,14000,0.4(2.94 %),3417210,47580000000,0,0,13600,14100,13600
2018-05-18,9.76,13900,-0.1(-0.71 %),3332180,46664000000,0,0,14000,14200,13800
2018-05-21,9.69,13800,-0.1(-0.72 %),2031290,28213000000,0,0,13900,14050,13750
2018-05-22,9.69,13800,0(0.00 %),2994670,40147000000,0,0,13550,13800,12900
2018-05-23,9.34,13300,-0.5(-3.62 %),1277190,17122000000,0,0,13600,13600,13250
2018-05-24,8.84,12600,-0.7(-5.26 %),5679670,73381000000,0,0,13300,13600,12500
2018-05-25,8.81,12550,-0.05(-0.40 %),4233590,52912000000,0,0,12800,13000,12050
2018-05-28,8.25,11750,-0.8(-6.37 %),2824520,33852000000,7280000,92632000000,12200,12450,11700
2018-05-29,8.7,12400,0.65(5.53 %),3791250,45393000000,1600000,18432000000,11200,12450,11200
2018-05-30,8.77,12500,0.1(0.81 %),2540010,31686000000,0,0,12200,12650,12150
2018-05-31,8.84,12600,0.1(0.80 %),1216270,15289000000,0,0,12400,12800,12400
2018-06-01,8.63,12300,-0.3(-2.38 %),3364420,41754000000,0,0,12500,12750,12050
2018-06-04,8.81,12550,0.25(2.03 %),1580160,19740000000,0,0,12200,12600,12200
2018-06-05,8.88,12650,0.1(0.80 %),3908820,49393000000,0,0,12500,12850,12400
2018-06-06,8.91,12700,0.05(0.40 %),2084680,26253000000,0,0,12650,12700,12450
2018-06-07,9.13,13000,0.3(2.36 %),3976060,51336000000,0,0,12650,13150,12650
2018-06-08,9.06,12900,-0.1(-0.77 %),1804690,23146000000,0,0,13000,13000,12700
2018-06-11,8.91,12700,-0.2(-1.55 %),2432690,30961000000,0,0,12650,12950,12550
2018-06-12,8.67,12350,-0.35(-2.76 %),3240480,39999000000,0,0,12500,12550,12200
2018-06-13,8.77,12500,0.15(1.21 %),2888330,35738000000,0,0,12350,12500,12250
2018-06-14,8.88,12650,0.15(1.20 %),3340890,42192000000,0,0,12550,12800,12500
2018-06-15,8.88,12650,0(0.00 %),2154130,27163000000,0,0,12600,12700,12500
2018-06-18,8.7,12400,-0.25(-1.98 %),1968600,24637000000,0,0,12650,12700,12250
2018-06-19,8.53,12150,-0.25(-2.02 %),3037250,36642000000,0,0,12250,12300,11700
2018-06-20,8.6,12250,0.1(0.82 %),1499300,18238000000,80000,976000000,12100,12250,12000
2018-06-21,8.49,12100,-0.15(-1.22 %),954240,11539000000,0,0,12250,12300,11900
2018-06-22,8.56,12200,0.1(0.83 %),865340,10496000000,0,0,12100,12300,12000
2018-06-25,8.63,12300,0.1(0.82 %),1113540,13631000000,0,0,12400,12400,12200
2018-06-26,8.77,12500,0.2(1.63 %),1615970,19879000000,0,0,12200,12500,12000
2018-06-27,8.49,12100,-0.4(-3.20 %),1091660,13414000000,0,0,12400,12500,12100
2018-06-28,8.42,12000,-0.1(-0.83 %),1051170,12631000000,0,0,12100,12200,11950
2018-06-29,8.39,11950,-0.05(-0.42 %),1027020,12315000000,0,0,11950,12150,11900
2018-07-02,8.14,11600,-0.35(-2.93 %),1858320,21623000000,0,0,11950,11950,11400
2018-07-03,8.0,11400,-0.2(-1.72 %),3377180,37981000000,782600,9078160000,11600,11600,10800
2018-07-04,8.21,11700,0.3(2.63 %),2007250,22908000000,0,0,11400,11700,11150
2018-07-05,7.93,11300,-0.4(-3.42 %),2689850,30018000000,0,0,11500,11650,10900
2018-07-06,7.93,11300,0(0.00 %),2207350,24571000000,0,0,11100,11300,10900
2018-07-09,7.86,11200,-0.1(-0.88 %),2004470,22412000000,0,0,11350,11350,11000
2018-07-10,7.76,11050,-0.15(-1.34 %),1057310,11712000000,0,0,11150,11200,10950
2018-07-11,7.72,11000,-0.05(-0.45 %),2565460,28251000000,540000,5994000000,11000,11150,10900
2018-07-12,7.79,11100,0.1(0.91 %),1175290,12956000000,0,0,11100,11100,10900
2018-07-13,8.0,11400,0.3(2.70 %),2154860,24403000000,860000,9890000000,11100,11500,11100
2018-07-16,8.11,11550,0.15(1.32 %),2032140,23235000000,0,0,11400,11550,11300
2018-07-17,8.21,11700,0.15(1.30 %),2298300,26814000000,0,0,11500,11800,11450
2018-07-18,8.28,11800,0.1(0.85 %),1994360,23451000000,0,0,11750,11800,11650
2018-07-19,8.14,11600,-0.2(-1.69 %),2184440,25713000000,0,0,11800,11900,11600
2018-07-20,8.28,11800,0.2(1.72 %),2031000,23674000000,0,0,11800,11800,11550
2018-07-23,8.49,12100,0.3(2.54 %),3061810,36920000000,0,0,12100,12300,11650
2018-07-24,8.42,12000,-0.1(-0.83 %),1546990,18522000000,0,0,12050,12100,11800
2018-07-25,8.42,12000,0(0.00 %),2656520,31737000000,0,0,11900,12100,11850
2018-07-26,8.35,11900,-0.1(-0.83 %),2312420,27505000000,0,0,11900,11950,11750
2018-07-27,8.35,11900,0(0.00 %),1588950,18789000000,20500,256250000,11900,12000,11700
2018-07-30,8.56,12200,0.3(2.52 %),2205560,26717000000,0,0,11950,12300,11950
2018-07-31,8.39,11950,-0.25(-2.05 %),3174530,38099000000,0,0,11950,12200,11700
2018-08-01,8.32,11850,-0.1(-0.84 %),1626570,19324000000,0,0,11800,12000,11750
2018-08-02,8.28,11800,-0.05(-0.42 %),1669340,19501000000,0,0,11800,11800,11550
2018-08-03,8.18,11650,-0.15(-1.27 %),1405360,16560000000,0,0,11800,11950,11650
2018-08-06,8.14,11600,-0.05(-0.43 %),1590030,18367000000,0,0,11600,11750,11450
2018-08-07,8.14,11600,0(0.00 %),960180,11122000000,0,0,11600,11650,11500
2018-08-08,8.32,11850,0.25(2.16 %),1636550,19137000000,0,0,11650,11850,11600
2018-08-09,8.32,11850,0(0.00 %),1818650,21682000000,0,0,11900,12050,11850
2018-08-10,8.42,12000,0.15(1.27 %),1570590,18729000000,0,0,11850,12000,11800
2018-08-13,8.42,12000,0(0.00 %),1635750,19551000000,0,0,12000,12000,11900
2018-08-14,8.42,12000,0(0.00 %),1909990,22966000000,0,0,12000,12100,11950
2018-08-15,8.56,12200,0.2(1.67 %),2779850,33917000000,0,0,12000,12350,12000
2018-08-16,8.56,12200,0(0.00 %),1495850,18010000000,200000,2610000000,12100,12200,11850
2018-08-17,8.53,12150,-0.05(-0.41 %),1569200,19104000000,0,0,12250,12300,12000
2018-08-20,8.42,12000,-0.15(-1.23 %),1738830,20788000000,0,0,12100,12100,11850
2018-08-21,8.49,12100,0.1(0.83 %),1923180,23133000000,0,0,12000,12100,11900
2018-08-22,8.7,12400,0.3(2.48 %),4001080,49598000000,0,0,12150,12550,12100
2018-08-23,8.77,12500,0.1(0.81 %),2252890,28166000000,260000,3250000000,12400,12700,12350
2018-08-24,8.74,12450,-0.05(-0.40 %),1352300,16806000000,0,0,12400,12500,12350
2018-08-27,8.74,12450,0(0.00 %),2867330,35891000000,0,0,12400,12650,12400
2018-08-28,8.7,12400,-0.05(-0.40 %),1873670,23259000000,0,0,12400,12550,12200
2018-08-29,8.46,12050,-0.35(-2.82 %),1581620,19290000000,0,0,12300,12400,12050
2018-08-30,8.6,12250,0.2(1.66 %),1703230,20651000000,0,0,12050,12250,12000
2018-08-31,8.49,12100,-0.15(-1.22 %),1155550,13985000000,0,0,12200,12250,12000
2018-09-04,8.42,12000,-0.1(-0.83 %),1678050,20162000000,0,0,11950,12200,11850
2018-09-05,8.28,11800,-0.2(-1.67 %),1268870,15092000000,0,0,11900,12050,11800
2018-09-06,8.32,11850,0.05(0.42 %),1358610,16057000000,0,0,11800,12000,11650
2018-09-07,8.39,11950,0.1(0.84 %),1824760,21719000000,0,0,11800,12050,11750
2018-09-10,8.28,11800,-0.15(-1.26 %),1444620,17077000000,0,0,11900,11950,11700
2018-09-11,8.25,11750,-0.05(-0.42 %),1576020,18572000000,0,0,11750,11850,11700
2018-09-12,8.32,11850,0.1(0.85 %),1665740,19685000000,0,0,11800,11950,11750
2018-09-13,8.39,11950,0.1(0.84 %),1950760,23435000000,0,0,11850,12100,11800
2018-09-14,8.39,11950,0(0.00 %),1485340,17824000000,0,0,11900,12050,11900
2018-09-17,8.39,11950,0(0.00 %),1224820,14670000000,0,0,11950,12100,11900
2018-09-18,8.53,12150,0.2(1.67 %),2217150,26686000000,0,0,11850,12300,11800
2018-09-19,8.7,12400,0.25(2.06 %),4656440,57731000000,0,0,12200,12500,12200
2018-09-20,8.91,12700,0.3(2.42 %),3709140,47031000000,0,0,12550,12800,12550
2018-09-21,8.74,12450,-0.25(-1.97 %),2853550,35861000000,0,0,12700,12850,12450
2018-09-24,8.91,12700,0.25(2.01 %),2304400,29321000000,0,0,12600,12800,12600
2018-09-25,9.09,12950,0.25(1.97 %),4525660,58256000000,0,0,12950,13050,12600
2018-09-26,9.09,12950,0(0.00 %),2314730,30050000000,0,0,12950,13050,12800
2018-09-27,9.06,12900,-0.05(-0.39 %),2799790,36211000000,0,0,12950,13100,12800
2018-09-28,8.91,12700,-0.2(-1.55 %),2410450,30759000000,0,0,12900,13000,12650
2018-10-01,9.09,12950,0.25(1.97 %),4550350,58847000000,0,0,12750,13200,12700
2018-10-02,9.13,13000,0.05(0.39 %),4305910,56430000000,0,0,12950,13250,12950
2018-10-03,9.13,13000,0(0.00 %),2258840,29424000000,0,0,13000,13100,12950
2018-10-04,9.34,13300,0.3(2.31 %),3913610,51670000000,0,0,13000,13350,13000
2018-10-05,9.44,13450,0.15(1.13 %),4650900,62738000000,0,0,13350,13700,13250
2018-10-08,9.44,13450,0(0.00 %),3077560,41472000000,0,0,13250,13700,13250
2018-10-09,9.34,13300,-0.15(-1.12 %),2366020,31673000000,0,0,13450,13500,13300
2018-10-10,9.2,13100,-0.2(-1.50 %),2856410,37517000000,0,0,13250,13300,12900
2018-10-11,8.56,12200,-0.9(-6.87 %),4521140,55885000000,0,0,12200,12650,12200
2018-10-12,8.84,12600,0.4(3.28 %),2440130,30352000000,0,0,12100,12700,11950
2018-10-15,8.84,12600,0(0.00 %),1709190,21655000000,161400,2041710000,12650,12900,12000
2018-10-16,8.91,12700,0.1(0.79 %),1658600,21032000000,0,0,12450,12800,12450
2018-10-17,8.99,12800,0.1(0.79 %),2182340,27928000000,0,0,12800,12900,12650
2018-10-18,8.84,12600,-0.2(-1.56 %),1468720,18640000000,0,0,12800,12800,12550
2018-10-19,8.81,12550,-0.05(-0.40 %),1666680,20695000000,0,0,12400,12550,12200
2018-10-22,8.74,12450,-0.1(-0.80 %),2304190,28883000000,0,0,12550,12750,12400
2018-10-23,8.56,12200,-0.25(-2.01 %),2135270,25801000000,0,0,12500,12500,11900
2018-10-24,8.35,11900,-0.3(-2.46 %),1488710,17876000000,0,0,12050,12300,11900
2018-10-25,8.35,11900,0(0.00 %),1700500,19730000000,0,0,11300,11900,11300
2018-10-26,8.32,11850,-0.05(-0.42 %),1636180,19412000000,0,0,12100,12100,11750
2018-10-29,8.35,11900,0.05(0.42 %),1610770,19046000000,4960000,57040000000,11950,11950,11650
2018-10-30,8.35,11900,0(0.00 %),1218550,14477000000,0,0,11900,11950,11750
2018-10-31,8.49,12100,0.2(1.68 %),2293740,27733000000,0,0,12050,12250,11900
2018-11-01,8.49,12100,0(0.00 %),1322740,16066000000,60000,774000000,12300,12350,12000
2018-11-02,8.53,12150,0.05(0.41 %),2029020,24594000000,0,0,12100,12250,12000
2018-11-05,8.63,12300,0.15(1.23 %),1552050,18997000000,0,0,12050,12300,12050
2018-11-06,8.67,12350,0.05(0.41 %),1288470,15920000000,0,0,12350,12550,12150
2018-11-07,8.63,12300,-0.05(-0.40 %),1318070,16168000000,0,0,12300,12350,12150
2018-11-08,8.49,12100,-0.2(-1.63 %),1631820,20043000000,0,0,12450,12500,12100
2018-11-09,8.6,12250,0.15(1.24 %),1697940,20888000000,0,0,12250,12500,12050
2018-11-12,8.74,12450,0.2(1.63 %),1959690,24305000000,562600,7004370000,12100,12550,12100
2018-11-13,8.81,12550,0.1(0.80 %),2567680,32370000000,0,0,12250,12800,12150
2018-11-14,8.77,12500,-0.05(-0.40 %),1918840,24146000000,0,0,12600,12700,12350
2018-11-15,8.63,12300,-0.2(-1.60 %),1168770,14472000000,0,0,12400,12500,12300
2018-11-16,8.49,12100,-0.2(-1.63 %),1990290,24400000000,0,0,12450,12450,12100
2018-11-19,8.67,12350,0.25(2.07 %),1997990,24474000000,0,0,12250,12350,12150
2018-11-20,8.81,12550,0.2(1.62 %),1684210,21053000000,0,0,12350,12600,12250
2018-11-21,8.88,12650,0.1(0.80 %),2094730,26244000000,0,0,12450,12650,12400
2018-11-22,8.77,12500,-0.15(-1.19 %),1237850,15527000000,0,0,12650,12700,12450
2018-11-23,8.91,12700,0.2(1.60 %),3413330,43439000000,0,0,12500,12850,12500
2018-11-26,9.13,13000,0.3(2.36 %),1694560,21839000000,0,0,12800,13000,12700
2018-11-27,9.09,12950,-0.05(-0.38 %),1697080,21962000000,0,0,13000,13050,12800
2018-11-28,9.02,12850,-0.1(-0.77 %),1555500,19901000000,0,0,12800,12900,12650
2018-11-29,8.99,12800,-0.05(-0.39 %),1790280,23037000000,0,0,12900,13100,12750
2018-11-30,8.91,12700,-0.1(-0.78 %),1053260,13406000000,0,0,12800,12900,12650
2018-12-03,9.13,13000,0.3(2.36 %),2735840,35392000000,60000,777000000,12850,13100,12800
2018-12-04,9.34,13300,0.3(2.31 %),3088160,40475000000,1716500,21824500000,13000,13300,12900
2018-12-05,9.72,13850,0.55(4.14 %),4630170,62566000000,0,0,13100,13850,13050
2018-12-06,9.65,13750,-0.1(-0.72 %),2075460,28533000000,155140,2133175000,13650,13900,13600
2018-12-07,9.65,13750,0(0.00 %),3264660,45335000000,0,0,13750,14000,13750
2018-12-10,9.62,13700,-0.05(-0.36 %),3139880,43053000000,0,0,13600,13800,13500
2018-12-11,9.97,14200,0.5(3.65 %),3251500,45353000000,0,0,13700,14250,13700
2018-12-12,10.28,14650,0.45(3.17 %),6674310,97351000000,7080000,94161000000,14300,14850,14200
2018-12-13,10.18,14500,-0.15(-1.02 %),2630900,38583000000,0,0,14750,14850,14500
2018-12-14,10.11,14400,-0.1(-0.69 %),3130030,45313000000,0,0,14400,14600,14400
2018-12-17,10.0,14250,-0.15(-1.04 %),3372450,48020000000,0,0,14250,14400,14000
2018-12-18,9.83,14000,-0.25(-1.75 %),3625420,50587000000,0,0,13950,14200,13650
2018-12-19,9.9,14100,0.1(0.71 %),2022060,28335000000,0,0,14100,14150,13800
2018-12-20,10.11,14400,0.3(2.13 %),2908170,41295000000,0,0,14000,14450,14000
2018-12-21,10.35,14750,0.35(2.43 %),3572340,52186000000,0,0,14300,14750,14200
2018-12-24,9.97,14200,-0.55(-3.73 %),3910690,56584000000,0,0,14750,14900,13950
2018-12-25,9.69,13800,-0.4(-2.82 %),4990220,68132000000,0,0,13850,13850,13350
2018-12-26,9.34,13300,-0.5(-3.62 %),2734580,36708000000,0,0,13900,13900,13200
2018-12-27,9.69,13800,0.5(3.76 %),3733960,51276000000,0,0,13700,13850,13550
2018-12-28,9.23,13150,-0.65(-4.71 %),2346670,31532000000,1960000,28472500000,13700,13800,13150
2019-01-02,9.13,13000,-0.15(-1.14 %),2156400,28399000000,0,0,13000,13450,13000
2019-01-03,9.2,13100,0.1(0.77 %),3564940,46894000000,0,0,13000,13350,12950
2019-01-04,9.65,13750,0.65(4.96 %),4392690,58477000000,0,0,12900,13750,12900
2019-01-07,9.72,13850,0.1(0.73 %),2175800,30133000000,0,0,14000,14050,13700
2019-01-08,9.76,13900,0.05(0.36 %),3023140,42067000000,0,0,13800,14050,13750
2019-01-09,9.62,13700,-0.2(-1.44 %),3089530,42749000000,0,0,14000,14000,13700
2019-01-10,9.62,13700,0(0.00 %),2572990,35224000000,0,0,13700,13850,13500
2019-01-11,9.69,13800,0.1(0.73 %),2013520,27740000000,0,0,13700,13850,13700
2019-01-14,9.48,13500,-0.3(-2.17 %),2121870,28852000000,0,0,13750,13750,13500
2019-01-15,9.65,13750,0.25(1.85 %),2097550,28649000000,0,0,13500,13750,13500
2019-01-16,9.9,14100,0.35(2.55 %),4718900,66065000000,210000,3087000000,14100,14200,13800
2019-01-17,9.9,14100,0(0.00 %),2127670,30066000000,0,0,14100,14250,14050
2019-01-18,9.79,13950,-0.15(-1.06 %),1969790,27583000000,0,0,14100,14100,13900
2019-01-21,9.93,14150,0.2(1.43 %),2887150,40866000000,0,0,14000,14400,13900
2019-01-22,9.76,13900,-0.25(-1.77 %),2082570,29310000000,0,0,14200,14300,13900
2019-01-23,9.72,13850,-0.05(-0.36 %),2769030,38317000000,0,0,13850,13950,13650
2019-01-24,9.76,13900,0.05(0.36 %),2003570,27786000000,0,0,13850,14000,13800
2019-01-25,9.86,14050,0.15(1.08 %),2389610,33611000000,0,0,14000,14150,13950
2019-01-28,10.0,14250,0.2(1.42 %),2502040,35770000000,0,0,14050,14450,14050
2019-01-29,9.97,14200,-0.05(-0.35 %),1773970,25218000000,0,0,14300,14300,14100
2019-01-30,9.79,13950,-0.25(-1.76 %),2504630,35342000000,0,0,14200,14250,13950
2019-01-31,9.9,14100,0.15(1.08 %),3285060,46550000000,0,0,14300,14400,14000
2019-02-01,10.04,14300,0.2(1.42 %),1841650,25841000000,0,0,14100,14300,13900
2019-02-11,10.18,14500,0.2(1.40 %),2718920,39281000000,0,0,14250,14650,14250
2019-02-12,10.18,14500,0(0.00 %),3369210,48971000000,0,0,14500,14700,14400
2019-02-13,10.07,14350,-0.15(-1.03 %),2836500,40822000000,0,0,14500,14550,14350
2019-02-14,10.0,14250,-0.1(-0.70 %),2957870,42130000000,0,0,14350,14400,14100
2019-02-15,10.04,14300,0.05(0.35 %),2259670,32295000000,0,0,14250,14400,14150
2019-02-18,10.63,15150,0.85(5.94 %),6996250,102451000000,106800,1563552000,14400,15150,14300
2019-02-19,10.32,14700,-0.45(-2.97 %),4771360,71383000000,0,0,15200,15200,14700
2019-02-20,10.32,14700,0(0.00 %),2527940,37230000000,0,0,14800,14850,14600
2019-02-21,10.32,14700,0(0.00 %),5017610,74652000000,0,0,14700,15100,14600
2019-02-22,10.25,14600,-0.1(-0.68 %),2695970,39535000000,0,0,14750,14850,14500
2019-02-25,10.25,14600,0(0.00 %),2712750,39500000000,0,0,14700,14750,14400
2019-02-26,10.32,14700,0.1(0.68 %),2969650,43545000000,20000,312000000,14600,14750,14550
2019-02-27,10.53,15000,0.3(2.04 %),4031520,60367000000,0,0,14800,15100,14750
2019-02-28,10.21,14550,-0.45(-3.00 %),2887040,42545000000,0,0,15000,15050,14500
2019-03-01,10.39,14800,0.25(1.72 %),2428530,35690000000,0,0,14650,14800,14550
2019-03-04,10.46,14900,0.1(0.68 %),3101900,46281000000,0,0,14950,15000,14850
2019-03-05,10.39,14800,-0.1(-0.67 %),2179830,32371000000,0,0,14900,14950,14750
2019-03-06,10.67,15200,0.4(2.70 %),4802210,73375000000,0,0,14800,15600,14800
2019-03-07,10.53,15000,-0.2(-1.32 %),2126220,32194000000,0,0,15300,15350,15000
2019-03-08,10.56,15050,0.05(0.33 %),3731070,55806000000,0,0,15000,15100,14800
2019-03-11,10.81,15400,0.35(2.33 %),4993740,76565000000,0,0,15100,15450,15100
2019-03-12,10.78,15350,-0.05(-0.32 %),4473650,69358000000,0,0,15500,15650,15350
2019-03-13,10.78,15350,0(0.00 %),2825950,43468000000,0,0,15350,15500,15300
2019-03-14,10.74,15300,-0.05(-0.33 %),3715140,57035000000,30000,459000000,15500,15500,15250
2019-03-15,10.81,15400,0.1(0.65 %),3625000,55476000000,0,0,15300,15400,15150
2019-03-18,10.81,15400,0(0.00 %),1980130,30588000000,0,0,15500,15550,15350
2019-03-19,10.88,15500,0.1(0.65 %),3943440,61137000000,0,0,15450,15750,15300
2019-03-20,10.67,15200,-0.3(-1.94 %),4124860,63079000000,0,0,15500,15500,15100
2019-03-21,10.32,14700,-0.5(-3.29 %),5765900,85735000000,0,0,15250,15250,14500
2019-03-22,10.25,14600,-0.1(-0.68 %),3406660,49739000000,0,0,14700,14750,14400
2019-03-25,9.97,14200,-0.4(-2.74 %),3500240,49975000000,0,0,14300,14500,14050
2019-03-26,10.0,14250,0.05(0.35 %),1634410,23249000000,0,0,14400,14400,14100
2019-03-27,10.14,14450,0.2(1.40 %),1849730,26458000000,0,0,14300,14450,14200
2019-03-28,10.18,14500,0.05(0.35 %),1424890,20585000000,0,0,14300,14550,14300
2019-03-29,10.32,14700,0.2(1.38 %),2500820,36601000000,0,0,14550,14700,14500
2019-04-01,10.32,14700,0(0.00 %),1885910,27733000000,0,0,14750,14800,14650
2019-04-02,10.28,14650,-0.05(-0.34 %),2156870,31758000000,0,0,14800,14850,14600
2019-04-03,10.35,14750,0.1(0.68 %),2159630,31723000000,0,0,14700,14800,14600
2019-04-04,10.46,14900,0.15(1.02 %),2134720,31876000000,0,0,14900,15050,14850
2019-04-05,10.6,15100,0.2(1.34 %),2096590,31556000000,0,0,15000,15100,15000
2019-04-08,10.6,15100,0(0.00 %),2162630,32677000000,0,0,15100,15150,15050
2019-04-09,10.53,15000,-0.1(-0.66 %),2753670,41624000000,0,0,15100,15250,14950
2019-04-10,10.46,14900,-0.1(-0.67 %),1839270,27326000000,0,0,14900,14950,14750
2019-04-11,10.49,14950,0.05(0.34 %),1366210,20333000000,0,0,15000,15000,14750
2019-04-12,10.49,14950,0(0.00 %),1304210,19449000000,120000,1794000000,14900,14950,14850
2019-04-16,10.46,14900,-0.05(-0.33 %),2105080,31169000000,0,0,14950,14950,14650
2019-04-17,10.21,14550,-0.35(-2.35 %),2437600,35892000000,0,0,14850,14950,14550
2019-04-18,10.11,14400,-0.15(-1.03 %),1871590,27038000000,0,0,14450,14550,14300
2019-04-19,10.14,14450,0.05(0.35 %),1326560,19086000000,0,0,14500,14500,14250
2019-04-22,9.97,14200,-0.25(-1.73 %),1238260,17660000000,0,0,14350,14500,14150
2019-04-23,10.18,14500,0.3(2.11 %),1352220,19391000000,0,0,14200,14500,14200
2019-04-24,10.28,14650,0.15(1.03 %),1788950,26098000000,0,0,14600,14650,14500
2019-04-25,10.28,14650,0(0.00 %),1995840,29266000000,0,0,14650,14750,14600
2019-04-26,10.14,14450,-0.2(-1.37 %),1950180,28429000000,0,0,14700,14700,14450
2019-05-02,9.69,13800,-0.65(-4.50 %),3092130,43144000000,0,0,14350,14350,13700
2019-05-03,9.69,13800,0(0.00 %),1348410,18600000000,0,0,13700,13900,13650
2019-05-06,9.48,13500,-0.3(-2.17 %),1340290,18067000000,0,0,13700,13700,13300
2019-05-07,9.65,13750,0.25(1.85 %),1673600,22785000000,20000,273400000,13550,13750,13500
2019-05-08,9.55,13600,-0.15(-1.09 %),1228650,16692000000,0,0,13500,13700,13500
2019-05-09,9.55,13600,0(0.00 %),1243550,16864000000,0,0,13600,13700,13400
2019-05-10,9.55,13600,0(0.00 %),1408210,19100000000,0,0,13600,13650,13500
2019-05-13,9.86,14050,0.45(3.31 %),1866060,26047000000,20000,260000000,13700,14100,13650
2019-05-14,9.9,14100,0.05(0.36 %),3168800,45286000000,237000,3374880000,14100,14550,14050
2019-05-15,10.04,14300,0.2(1.42 %),2192550,31311000000,0,0,14300,14400,14100
2019-05-16,10.04,14300,0(0.00 %),1569160,22484000000,1140000,16308000000,14500,14500,14250
2019-05-17,9.83,14000,-0.3(-2.10 %),1820810,25672000000,20000,290000000,14300,14300,13950
2019-05-20,9.9,14100,0.1(0.71 %),2032830,28666000000,0,0,14000,14200,14000
2019-05-21,9.9,14100,0(0.00 %),2113050,29997000000,0,0,14200,14350,14100
2019-05-22,9.86,14050,-0.05(-0.35 %),1572980,22169000000,0,0,14050,14200,14050
2019-05-23,9.86,14050,0(0.00 %),1485140,20801000000,0,0,14200,14200,13900
2019-05-24,9.9,14100,0.05(0.36 %),1442470,20263000000,0,0,14100,14200,13900
2019-05-27,9.9,14100,0(0.00 %),1562970,22039000000,0,0,14150,14200,14050
2019-05-28,10.14,14450,0.35(2.48 %),3171050,45352000000,0,0,14200,14600,14050
2019-05-29,10.18,14500,0.05(0.35 %),2545010,36832000000,400000,5440000000,14500,14600,14400
2019-05-30,10.14,14450,-0.05(-0.34 %),1571570,22784000000,0,0,14600,14600,14450
2019-05-31,10.11,14400,-0.05(-0.35 %),3142750,45977000000,0,0,14550,14900,14300
2019-06-03,10.04,14300,-0.1(-0.69 %),1455930,20782000000,0,0,14300,14500,14100
2019-06-04,10.11,14400,0.1(0.70 %),1691960,24201000000,0,0,14200,14400,14200
2019-06-05,10.0,14250,-0.15(-1.04 %),1609200,23137000000,0,0,14550,14550,14250
2019-06-06,10.0,14250,0(0.00 %),1762120,25173000000,0,0,14400,14400,14200
2019-06-07,10.21,14550,0.3(2.11 %),2413810,34909000000,0,0,14350,14550,14350
2019-06-10,10.25,14600,0.05(0.34 %),2384220,35012000000,0,0,14750,14800,14550
2019-06-11,10.32,14700,0.1(0.68 %),2111870,31031000000,0,0,14650,14800,14600
2019-06-12,10.25,14600,-0.1(-0.68 %),1801080,26410000000,0,0,14800,14800,14600
2019-06-13,10.14,14450,-0.15(-1.03 %),1987490,28814000000,0,0,14600,14600,14400
2019-06-14,10.14,14450,0(0.00 %),1460470,21134000000,0,0,14400,14550,14400
2019-06-17,10.14,14450,0(0.00 %),1369040,19773000000,0,0,14450,14500,14350
2019-06-18,10.11,14400,-0.05(-0.35 %),1421730,20516000000,0,0,14550,14550,14350
2019-06-19,10.11,14400,0(0.00 %),1166120,16855000000,0,0,14400,14550,14400
2019-06-20,9.97,14200,-0.2(-1.39 %),2277280,32633000000,0,0,14400,14450,14200
2019-06-21,9.97,14200,0(0.00 %),1885120,26747000000,0,0,14200,14250,14100
2019-06-24,9.97,14200,0(0.00 %),1348800,19094000000,0,0,14100,14200,14100
2019-06-25,10.11,14400,0.2(1.41 %),1431720,20377000000,133350,1893570000,14200,14400,14100
2019-06-26,10.0,14250,-0.15(-1.04 %),1384890,19868000000,0,0,14250,14450,14250
2019-06-27,10.04,14300,0.05(0.35 %),1795000,25607000000,0,0,14300,14350,14150
2019-06-28,9.97,14200,-0.1(-0.70 %),1867410,26545000000,0,0,14200,14300,14100
2019-07-01,10.39,14800,0.6(4.23 %),4597950,66610000000,0,0,14800,14800,14250
2019-07-02,10.46,14900,0.1(0.68 %),4089700,61094000000,0,0,14900,15100,14800
2019-07-03,10.46,14900,0(0.00 %),1817500,27050000000,0,0,14800,14950,14800
2019-07-04,10.53,15000,0.1(0.67 %),3157220,47320000000,0,0,14800,15100,14800
2019-07-05,10.78,15350,0.35(2.33 %),3682150,56243000000,0,0,15050,15400,15000
2019-07-08,10.81,15400,0.05(0.33 %),2590020,39675000000,0,0,15350,15500,15200
2019-07-09,10.78,15350,-0.05(-0.32 %),1462820,22418000000,0,0,15400,15400,15250
2019-07-10,10.74,15300,-0.05(-0.33 %),2148130,32876000000,0,0,15400,15400,15250
2019-07-11,10.7,15250,-0.05(-0.33 %),1909450,29074000000,3096000,47368800000,15350,15400,15150
2019-07-12,10.63,14650,-0.6(-3.93 %),1645760,24320000000,0,0,14900,14900,14650
2019-07-15,10.71,14750,0.1(0.68 %),1622930,23968000000,0,0,14900,14900,14600
2019-07-16,10.67,14700,-0.05(-0.34 %),1421330,20951000000,3096000,45696960000,14800,14800,14700
2019-07-17,10.96,15100,0.4(2.72 %),3699600,55328000000,0,0,14600,15100,14600
2019-07-18,10.96,15100,0(0.00 %),1842760,27692000000,0,0,15000,15100,14950
2019-07-19,11.21,15450,0.35(2.32 %),5538340,85478000000,0,0,15150,15600,15150
2019-07-22,11.32,15600,0.15(0.97 %),3600250,55842000000,0,0,15400,15600,15350
2019-07-23,11.14,15350,-0.25(-1.60 %),1908960,29419000000,0,0,15500,15600,15300
2019-07-24,11.21,15450,0.1(0.65 %),1734170,26686000000,5300000,80030000000,15450,15450,15300
2019-07-25,11.18,15400,-0.05(-0.32 %),1703100,26215000000,0,0,15350,15450,15300
2019-07-26,11.18,15400,0(0.00 %),1152040,17707000000,0,0,15300,15400,15300
2019-07-29,11.1,15300,-0.1(-0.65 %),1415500,21678000000,0,0,15500,15500,15200
2019-07-30,10.74,14800,-0.5(-3.27 %),2679590,40051000000,0,0,15300,15300,14800
2019-07-31,10.71,14750,-0.05(-0.34 %),2323220,34333000000,0,0,14750,14900,14700
2019-08-01,10.96,15100,0.35(2.37 %),1939230,28963000000,0,0,14750,15100,14700
2019-08-02,11.07,15250,0.15(0.99 %),2643690,40142000000,0,0,14900,15300,14900
2019-08-05,10.89,15000,-0.25(-1.64 %),1626740,24498000000,0,0,15200,15250,14950
2019-08-06,11.61,16000,1(6.67 %),6426110,100778000000,0,0,14800,16050,14600
2019-08-07,11.43,15750,-0.25(-1.56 %),3500390,56206000000,0,0,14900,16400,14900
2019-08-08,11.32,15600,-0.15(-0.95 %),2961730,46506000000,0,0,15700,15850,15600
2019-08-09,11.29,15550,-0.05(-0.32 %),3749560,58799000000,0,0,15600,15850,15550
2019-08-12,11.72,16150,0.6(3.86 %),3040630,48612000000,0,0,15600,16200,15550
2019-08-13,11.43,15750,-0.4(-2.48 %),2899120,46136000000,0,0,15900,16250,15700
2019-08-14,11.21,15450,-0.3(-1.90 %),2929760,45836000000,0,0,15900,15950,15450
2019-08-15,11.1,15300,-0.15(-0.97 %),2215890,33688000000,0,0,15100,15450,15000
2019-08-16,11.18,15400,0.1(0.65 %),2372250,36990000000,0,0,15450,15850,15350
2019-08-19,11.36,15650,0.25(1.62 %),1871550,29223000000,0,0,15450,15700,15400
2019-08-20,11.39,15700,0.05(0.32 %),2183930,34332000000,0,0,15700,15850,15550
2019-08-21,11.21,15450,-0.25(-1.59 %),2553980,40240000000,133000,2088100000,15700,15950,15450
2019-08-22,11.39,15700,0.25(1.62 %),2233440,34880000000,0,0,15600,15700,15400
2019-08-23,11.25,15500,-0.2(-1.27 %),1175660,18341000000,0,0,15600,15700,15500
2019-08-26,11.36,15650,0.15(0.97 %),2993540,47132000000,0,0,15500,15950,15500
2019-08-27,11.29,15550,-0.1(-0.64 %),1318770,20641000000,0,0,15700,15800,15550
2019-08-28,11.25,15500,-0.05(-0.32 %),1027950,15997000000,0,0,15550,15700,15500
2019-08-29,11.76,16200,0.7(4.52 %),4877960,78226000000,0,0,15650,16250,15550
2019-08-30,11.65,16050,-0.15(-0.93 %),1527040,24652000000,0,0,16250,16400,16000
2019-09-03,11.54,15900,-0.15(-0.93 %),3121890,50503000000,450000,7299000000,16150,16350,15900
2019-09-04,11.39,15700,-0.2(-1.26 %),2879830,45218000000,0,0,16150,16150,15550
2019-09-05,11.25,15500,-0.2(-1.27 %),1418820,22158000000,0,0,15700,15900,15500
2019-09-06,11.25,15500,0(0.00 %),1520000,23625000000,0,0,15650,15700,15500
2019-09-09,11.21,15450,-0.05(-0.32 %),1906710,29491000000,0,0,15650,15650,15400
2019-09-10,11.25,15500,0.05(0.32 %),1987000,30788000000,0,0,15550,15600,15400
2019-09-11,11.25,15500,0(0.00 %),1433550,22171000000,0,0,15550,15550,15350
2019-09-12,11.32,15600,0.1(0.65 %),1431090,22286000000,0,0,15500,15700,15450
2019-09-13,11.32,15600,0(0.00 %),1548670,24224000000,0,0,15750,15750,15500
2019-09-16,11.39,15700,0.1(0.64 %),2071460,32201000000,0,0,15750,15750,15350
2019-09-17,11.32,15600,-0.1(-0.64 %),1686080,26264000000,0,0,15750,15750,15500
2019-09-18,11.25,15500,-0.1(-0.64 %),1743470,27180000000,0,0,15800,15800,15500
2019-09-19,11.1,15300,-0.2(-1.29 %),2226750,34117000000,0,0,15500,15500,15150
2019-09-20,10.89,15000,-0.3(-1.96 %),2655390,40265000000,0,0,15250,15350,15000
2019-09-23,10.74,14800,-0.2(-1.33 %),2008140,29800000000,0,0,14950,15000,14700
2019-09-24,10.89,15000,0.2(1.35 %),1600800,23853000000,0,0,14900,15000,14800
2019-09-25,10.81,14900,-0.1(-0.67 %),1077770,16026000000,0,0,15000,15000,14750
2019-09-26,10.78,14850,-0.05(-0.34 %),1843530,27324000000,0,0,15000,15000,14650
2019-09-27,10.78,14850,0(0.00 %),1296030,19237000000,0,0,14850,14950,14700
2019-09-30,10.89,15000,0.15(1.01 %),1459440,21978000000,0,0,15000,15150,15000
2019-10-01,11.14,15350,0.35(2.33 %),1497760,22873000000,0,0,15150,15350,15050
2019-10-02,11.03,15200,-0.15(-0.98 %),1084490,16523000000,0,0,15350,15400,15150
2019-10-03,11.03,15200,0(0.00 %),926370,13938000000,0,0,14500,15200,14500
2019-10-04,10.89,15000,-0.2(-1.32 %),966590,14509000000,0,0,15050,15200,14900
2019-10-07,10.85,14950,-0.05(-0.33 %),1115600,16610000000,0,0,14950,15050,14800
2019-10-08,10.96,15100,0.15(1.00 %),1181980,17768000000,0,0,14950,15100,14950
2019-10-09,11.1,15300,0.2(1.32 %),1091750,16639000000,0,0,15000,15300,15000
2019-10-10,11.07,15250,-0.05(-0.33 %),1256320,19234000000,0,0,15300,15400,15200
2019-10-11,11.03,15200,-0.05(-0.33 %),934430,14237000000,0,0,15300,15300,15150
2019-10-14,11.03,15200,0(0.00 %),1242180,18837000000,210000,3192000000,15250,15250,15100
2019-10-15,11.07,15250,0.05(0.33 %),742750,11318000000,0,0,15200,15300,15200
2019-10-16,11.03,15200,-0.05(-0.33 %),1095140,16681000000,21000,319410000,15350,15350,15150
2019-10-17,11.1,15300,0.1(0.66 %),1237910,18891000000,0,0,15200,15350,15200
2019-10-18,11.21,15450,0.15(0.98 %),1353830,20798000000,23820,366351600,15250,15450,15200
2019-10-21,11.39,15700,0.25(1.62 %),1425860,22252000000,0,0,15600,15700,15500
2019-10-22,11.43,15750,0.05(0.32 %),1669340,26164000000,4446210,69805497000,15700,15750,15600
2019-10-23,11.25,15500,-0.25(-1.59 %),1536830,24095000000,516360,8003580000,15800,15900,15500
2019-10-24,11.29,15050,-0.45(-2.90 %),918920,13852000000,0,0,15200,15200,15000
2019-10-25,11.29,15050,0(0.00 %),959290,14462000000,4696210,71329543600,15050,15200,15000
2019-10-28,11.44,15250,0.2(1.33 %),982870,14969000000,516360,7724745600,15100,15300,15100
2019-10-29,11.44,15250,0(0.00 %),985020,14984000000,0,0,15300,15300,15150
2019-10-30,11.4,15200,-0.05(-0.33 %),935690,14218000000,250000,3925000000,15250,15300,15100
2019-10-31,10.95,14600,-0.6(-3.95 %),2362590,34749000000,0,0,15000,15100,14500
2019-11-01,10.91,14550,-0.05(-0.34 %),1735120,25248000000,0,0,14600,14600,14500
2019-11-04,10.72,14300,-0.25(-1.72 %),1858650,26699000000,0,0,14600,14600,14250
2019-11-05,10.8,14400,0.1(0.70 %),1046790,15101000000,0,0,14400,14500,14300
2019-11-06,10.72,14300,-0.1(-0.69 %),961070,13759000000,0,0,14400,14400,14250
2019-11-07,10.88,14500,0.2(1.40 %),1396500,20188000000,0,0,14300,14550,14300
2019-11-08,10.88,14500,0(0.00 %),1248460,18120000000,0,0,14600,14600,14450
2019-11-11,10.88,14500,0(0.00 %),852950,12369000000,0,0,14500,14550,14450
2019-11-12,11.06,14750,0.25(1.72 %),1380010,20192000000,0,0,14550,14800,14500
2019-11-13,11.06,14750,0(0.00 %),957810,14133000000,0,0,14800,14800,14700
2019-11-14,11.18,14900,0.15(1.02 %),1351190,20042000000,175000,2595250000,14800,14900,14700
2019-11-15,11.18,14900,0(0.00 %),844970,12593000000,0,0,15000,15000,14850
2019-11-18,11.06,14750,-0.15(-1.01 %),1282430,18989000000,0,0,14900,14900,14700
2019-11-19,11.14,14850,0.1(0.68 %),982430,14546000000,0,0,14850,14900,14750
2019-11-20,11.4,15200,0.35(2.36 %),2740150,41533000000,0,0,14950,15350,14900
2019-11-21,11.4,15200,0(0.00 %),1185380,18037000000,0,0,15200,15300,15050
2019-11-22,11.44,15250,0.05(0.33 %),1785330,27300000000,0,0,15300,15400,15100
2019-11-25,11.55,15400,0.15(0.98 %),1879140,28937000000,1980000,29700000000,15250,15500,15250
2019-11-26,11.55,15400,0(0.00 %),2232220,34721000000,0,0,15550,15800,15400
2019-11-27,11.55,15400,0(0.00 %),1881420,29090000000,2351000,35746020000,15600,15600,15350
2019-11-28,11.4,15200,-0.2(-1.30 %),1019360,15499000000,0,0,15450,15450,15000
2019-11-29,11.51,15350,0.15(0.99 %),1122150,17114000000,990000,14850000000,14850,15350,14850
2019-12-02,11.48,15300,-0.05(-0.33 %),1069880,16473000000,0,0,15500,15500,15300
2019-12-03,10.95,14600,-0.7(-4.58 %),1438560,21590000000,980000,14700000000,15350,15350,14600
2019-12-04,11.06,14750,0.15(1.03 %),1070830,15763000000,0,0,14600,14850,14600
2019-12-05,11.02,14700,-0.05(-0.34 %),927920,13869000000,475000,7125000000,14750,15050,14700
2019-12-06,11.18,14900,0.2(1.36 %),956980,14196000000,0,0,14800,14950,14700
2019-12-09,10.95,14600,-0.3(-2.01 %),1463990,21550000000,0,0,14900,14900,14550
2019-12-10,11.06,14750,0.15(1.03 %),2243750,33056000000,0,0,14800,14850,14600
2019-12-11,10.88,14500,-0.25(-1.69 %),2457290,35868000000,0,0,14600,14750,14400
2019-12-12,10.95,14600,0.1(0.69 %),2071280,29950000000,0,0,14500,14600,14300
2019-12-13,11.02,14700,0.1(0.68 %),1668180,24389000000,0,0,14600,14700,14500
2019-12-16,10.95,14600,-0.1(-0.68 %),1411020,20548000000,0,0,14700,14700,14500
2019-12-17,11.06,14750,0.15(1.03 %),1929340,28310000000,0,0,14550,14850,14550
2019-12-18,11.06,14750,0(0.00 %),1802470,26385000000,0,0,14700,14900,14350
2019-12-19,11.14,14850,0.1(0.68 %),4333060,64226000000,0,0,14700,14900,14700
2019-12-20,11.44,15250,0.4(2.69 %),5773660,87235000000,0,0,14900,15300,14850
2019-12-23,11.62,15500,0.25(1.64 %),5815210,89373000000,95000,1459200000,15250,15500,15150
2019-12-24,11.55,15400,-0.1(-0.65 %),2035460,31292000000,0,0,15500,15550,15150
2019-12-25,11.59,15450,0.05(0.32 %),2756990,42065000000,0,0,15000,15500,15000
2019-12-26,11.55,15400,-0.05(-0.32 %),2828240,43211000000,0,0,15100,15450,15100
2019-12-27,11.55,15400,0(0.00 %),2392430,36578000000,0,0,15150,15450,15150
2019-12-30,11.59,15450,0.05(0.32 %),2039070,31329000000,20000,308000000,15400,15500,15200
2019-12-31,11.59,15450,0(0.00 %),1951680,30045000000,210000,3244500000,15350,15500,15250
2020-01-02,11.4,15200,-0.25(-1.62 %),3144560,48043000000,0,0,15300,15450,15100
2020-01-03,11.48,15300,0.1(0.66 %),1330450,20317000000,0,0,15200,15350,15200
2020-01-06,11.32,15100,-0.2(-1.31 %),2068260,31393000000,0,0,15200,15350,15050
2020-01-07,11.21,14950,-0.15(-0.99 %),1505630,22682000000,0,0,15100,15250,14950
2020-01-08,11.4,15200,0.25(1.67 %),3810860,57309000000,0,0,14900,15300,14700
2020-01-09,11.51,15350,0.15(0.99 %),4258330,65252000000,0,0,15100,15450,15100
2020-01-10,11.55,15400,0.05(0.33 %),2408330,36748000000,0,0,15150,15400,15100
2020-01-13,11.48,15300,-0.1(-0.65 %),3111130,47715000000,0,0,15200,15500,15150
2020-01-14,12.26,16350,1.05(6.86 %),7763200,121300000000,0,0,15000,16350,15000
2020-01-15,12.0,16000,-0.35(-2.14 %),4040930,65092000000,0,0,16000,16350,15850
2020-01-16,11.85,15800,-0.2(-1.25 %),3996540,63374000000,0,0,15850,16200,15450
2020-01-17,11.85,15800,0(0.00 %),1878920,29656000000,0,0,15750,15950,15550
2020-01-20,11.36,15150,-0.65(-4.11 %),3323610,51185000000,0,0,15750,15850,15050
2020-01-21,11.4,15200,0.05(0.33 %),1374840,20936000000,0,0,15250,15350,15100
2020-01-22,11.48,15300,0.1(0.66 %),946400,14443000000,0,0,15200,15350,15150
2020-01-30,11.14,14850,-0.45(-2.94 %),1858120,27942000000,0,0,15150,15300,14850
2020-01-31,10.88,14500,-0.35(-2.36 %),2372480,34760000000,0,0,14800,15100,14450
2020-02-03,10.95,14600,0.1(0.69 %),2834800,40644000000,0,0,14600,14700,13850
2020-02-04,11.18,14900,0.3(2.05 %),3193810,46817000000,0,0,14250,14900,14250
2020-02-05,11.1,14800,-0.1(-0.67 %),1739900,25927000000,0,0,14800,15050,14700
2020-02-06,11.1,14800,0(0.00 %),3808380,56611000000,0,0,14550,15000,14550
2020-02-07,10.99,14650,-0.15(-1.01 %),1639280,24181000000,0,0,14700,14900,14600
2020-02-10,11.18,14900,0.25(1.71 %),2814000,41524000000,0,0,14650,14950,14550
2020-02-11,11.14,14850,-0.05(-0.34 %),1251210,18666000000,0,0,14800,15000,14800
2020-02-12,11.21,14950,0.1(0.67 %),5330010,79137000000,0,0,14900,15000,14650
2020-02-13,11.25,15000,0.05(0.33 %),1601040,23757000000,20000,302000000,14850,15000,14650
2020-02-14,11.18,14900,-0.1(-0.67 %),1461220,21687000000,0,0,15000,15000,14700
2020-02-17,10.95,14600,-0.3(-2.01 %),2152740,31685000000,0,0,14650,14950,14600
2020-02-18,10.95,14600,0(0.00 %),2125390,31185000000,20000,296000000,14800,14850,14600
2020-02-19,11.25,15000,0.4(2.74 %),4464250,66540000000,0,0,14800,15150,14600
2020-02-20,11.21,14950,-0.05(-0.33 %),3772560,56208000000,0,0,14900,15000,14700
2020-02-21,11.25,15000,0.05(0.33 %),2904140,43283000000,0,0,14850,15000,14700
2020-02-24,10.88,14500,-0.5(-3.33 %),3633070,52956000000,0,0,14750,14850,14250
2020-02-25,10.99,14650,0.15(1.03 %),2814620,40452000000,0,0,14000,14650,14000
2020-02-26,10.95,14600,-0.05(-0.34 %),2381680,34493000000,0,0,14200,14650,14200
2020-02-27,10.91,14550,-0.05(-0.34 %),1394590,20130000000,0,0,14600,14600,14250
2020-02-28,10.5,14000,-0.55(-3.78 %),2565690,36117000000,0,0,14200,14400,13950
2020-03-02,10.91,14550,0.55(3.93 %),3306950,47174000000,0,0,14250,14550,14050
2020-03-03,11.18,14900,0.35(2.41 %),2621220,38735000000,0,0,14550,14900,14550
2020-03-04,11.14,14850,-0.05(-0.34 %),3220470,47658000000,0,0,14750,14950,14500
2020-03-05,11.18,14900,0.05(0.34 %),3398570,50486000000,0,0,14850,15000,14600
2020-03-06,11.02,14700,-0.2(-1.34 %),2571710,37784000000,0,0,14800,14900,14550
2020-03-09,10.28,13700,-1(-6.80 %),2501670,34664000000,2320000,36424000000,13900,14100,13700
2020-03-10,10.09,13450,-0.25(-1.82 %),1605260,22055000000,0,0,13100,14400,13100
2020-03-11,10.09,13450,0(0.00 %),1047530,13800000000,290000,3790300000,13500,13900,12600
2020-03-12,9.41,12550,-0.9(-6.69 %),1347860,16959000000,0,0,12850,12850,12550
2020-03-13,9.3,12400,-0.15(-1.20 %),3406700,40372000000,0,0,11700,12600,11700
2020-03-16,9.0,12000,-0.4(-3.23 %),2554160,30542000000,0,0,12200,12450,11550
2020-03-17,9.0,12000,0(0.00 %),3241510,38477000000,0,0,12000,12200,11550
2020-03-18,8.7,11600,-0.4(-3.33 %),1614800,19024000000,0,0,12000,12150,11600
2020-03-19,8.48,11300,-0.3(-2.59 %),5885400,64497000000,0,0,11500,11500,10800
2020-03-20,8.32,11100,-0.2(-1.77 %),2544220,27656000000,0,0,11000,11300,10600
2020-03-23,7.76,10350,-0.75(-6.76 %),1552050,16214000000,0,0,10600,10900,10350
2020-03-24,7.84,10450,0.1(0.97 %),2242420,23105000000,450000,4950000000,10100,10450,10000
2020-03-25,8.36,11150,0.7(6.70 %),1573040,17122000000,5300000,54855000000,10600,11150,10550
2020-03-26,8.32,11100,-0.05(-0.45 %),1122660,12499000000,0,0,11300,11400,11000
2020-03-27,8.32,11100,0(0.00 %),1155090,12742000000,0,0,11000,11200,10850
2020-03-30,8.29,11050,-0.05(-0.45 %),1636390,17767000000,0,0,10850,11100,10350
2020-03-31,8.32,11100,0.05(0.45 %),989390,10876000000,0,0,11050,11150,10550
2020-04-01,8.81,11750,0.65(5.86 %),1133120,12765000000,0,0,10650,11750,10650
2020-04-03,8.85,11800,0.05(0.43 %),881340,10345000000,0,0,11650,11800,11600
2020-04-06,9.3,12400,0.6(5.08 %),1342640,16407000000,0,0,12200,12450,11700
2020-04-07,9.11,12150,-0.25(-2.02 %),1661680,20033000000,0,0,12400,12400,11800
2020-04-08,8.96,11950,-0.2(-1.65 %),1254100,14777000000,2400000,31070000000,11800,11950,11700
2020-04-09,8.93,11900,-0.05(-0.42 %),1314440,15552000000,2050000,25010000000,11850,12050,11650
2020-04-10,8.96,11950,0.05(0.42 %),1839520,21934000000,0,0,11900,12050,11700
2020-04-13,8.89,11850,-0.1(-0.84 %),1868770,22108000000,0,0,11800,12000,11700
2020-04-14,8.62,11500,-0.35(-2.95 %),3122290,35888000000,4352780,52290082000,11850,11850,11200
2020-04-15,8.96,11950,0.45(3.91 %),3249740,38496000000,0,0,11500,12050,11500
2020-04-16,8.93,11900,-0.05(-0.42 %),2635120,30962000000,0,0,11900,11950,11650
2020-04-17,9.07,12100,0.2(1.68 %),5250130,63743000000,0,0,12000,12550,11900
2020-04-20,9.52,12700,0.6(4.96 %),2774680,34671000000,0,0,12200,12800,12100
2020-04-21,8.89,11850,-0.85(-6.69 %),2347440,28383000000,0,0,12300,12500,11850
2020-04-22,8.89,11850,0(0.00 %),2982630,35037000000,0,0,11500,12150,11350
2020-04-23,9.0,12000,0.15(1.27 %),3071280,36764000000,0,0,12000,12150,11900
2020-04-24,9.0,12000,0(0.00 %),2628390,31564000000,500000,5750000000,12150,12150,11800
2020-04-27,9.6,12800,0.8(6.67 %),5721810,71781000000,0,0,12150,12800,12150
2020-04-28,9.79,13050,0.25(1.95 %),4017940,52782000000,0,0,13100,13550,12850
2020-04-29,9.52,12700,-0.35(-2.68 %),4862970,62533000000,0,0,12700,13100,12700
2020-05-04,9.26,12350,-0.35(-2.76 %),3111820,38598000000,0,0,12450,12550,12300
2020-05-05,9.68,12900,0.55(4.45 %),3044010,38556000000,0,0,12350,12900,12350
2020-05-06,9.52,12700,-0.2(-1.55 %),1773810,22722000000,0,0,13000,13000,12700
2020-05-07,9.6,12800,0.1(0.79 %),3304330,42259000000,0,0,12850,12950,12650
2020-05-08,9.64,12850,0.05(0.39 %),4614030,59309000000,151000,1959450000,13000,13100,12700
2020-05-11,9.82,13100,0.25(1.95 %),2110900,27639000000,0,0,13100,13400,12850
2020-05-12,9.98,13300,0.2(1.53 %),3524880,46551000000,0,0,13100,13500,12900
2020-05-13,9.82,13100,-0.2(-1.50 %),3319350,44141000000,0,0,13300,13550,13100
2020-05-14,9.79,13050,-0.05(-0.38 %),2290800,30225000000,0,0,13150,13400,13050
2020-05-15,9.64,12850,-0.2(-1.53 %),2332130,30279000000,105960,1345692000,13100,13250,12750
2020-05-18,9.68,12900,0.05(0.39 %),1469440,18899000000,0,0,12900,12950,12700
2020-05-19,9.86,13150,0.25(1.94 %),3770060,49541000000,350000,4460000000,13200,13300,13000
2020-05-20,9.79,13050,-0.1(-0.76 %),1544960,20239000000,0,0,13050,13200,13050
2020-05-21,9.75,13000,-0.05(-0.38 %),3134370,40997000000,0,0,13150,13200,13000
2020-05-22,9.64,12850,-0.15(-1.15 %),3244960,41901000000,0,0,13050,13050,12800
2020-05-25,10.28,13700,0.85(6.61 %),6545850,87661000000,150000,1875000000,12950,13700,12850
2020-05-26,10.69,14250,0.55(4.01 %),3652010,51992000000,0,0,14150,14450,14100
2020-05-27,10.42,13900,-0.35(-2.46 %),2880810,40479000000,0,0,14300,14300,13850
2020-05-28,10.39,13850,-0.05(-0.36 %),3363820,46586000000,0,0,13700,14000,13700
2020-05-29,10.54,14050,0.2(1.44 %),3920880,54833000000,0,0,13700,14200,13700
2020-06-01,10.95,14600,0.55(3.91 %),3656730,53055000000,0,0,14100,14700,14100
2020-06-02,10.61,14150,-0.45(-3.08 %),4239540,61035000000,179700,2612838000,14650,14700,14100
2020-06-03,10.69,14250,0.1(0.71 %),3495830,49490000000,0,0,14050,14450,13950
2020-06-04,10.65,14200,-0.05(-0.35 %),3224570,46299000000,0,0,14250,14650,14150
2020-06-05,10.8,14400,0.2(1.41 %),1939380,27659000000,0,0,14200,14500,14050
2020-06-08,10.88,14500,0.1(0.69 %),3633850,53270000000,0,0,14600,14950,14450
2020-06-09,11.1,14800,0.3(2.07 %),4940700,73091000000,0,0,14500,15200,14350
2020-06-10,11.85,15800,1(6.76 %),7723460,119849000000,0,0,15000,15800,14800
2020-06-11,11.62,15500,-0.3(-1.90 %),10281670,171591000000,0,0,16700,16900,15500
2020-06-12,11.62,15500,0(0.00 %),4543820,69692000000,0,0,14700,15700,14700
2020-06-15,10.88,14500,-1(-6.45 %),4108250,61767000000,0,0,15550,15750,14500
2020-06-16,11.32,15100,0.6(4.14 %),3161360,47030000000,0,0,14800,15150,14600
2020-06-17,11.18,14900,-0.2(-1.32 %),2259930,33420000000,0,0,14950,15100,14500
2020-06-18,11.02,14700,-0.2(-1.34 %),2294100,33693000000,0,0,14550,14900,14500
2020-06-19,11.25,15000,0.3(2.04 %),2879690,43166000000,0,0,14950,15100,14800
2020-06-22,11.29,15050,0.05(0.33 %),2588880,39287000000,0,0,15100,15350,15050
2020-06-23,11.14,14850,-0.2(-1.33 %),2859720,42838000000,122000,1952000000,15050,15200,14750
2020-06-24,11.06,14750,-0.1(-0.67 %),3003410,44140000000,0,0,14850,14950,14400
2020-06-25,10.91,14550,-0.2(-1.36 %),1771000,25764000000,0,0,14550,14750,14450
2020-06-26,10.84,14450,-0.1(-0.69 %),1989830,28886000000,0,0,14650,14750,14400
2020-06-29,10.42,13900,-0.55(-3.81 %),2586200,35939000000,3600000,54000000000,14300,14300,13500
2020-06-30,10.39,13850,-0.05(-0.36 %),1962580,26905000000,0,0,14150,14150,13200
2020-07-01,10.54,14050,0.2(1.44 %),1899370,26343000000,0,0,13550,14200,13400
2020-07-02,10.46,13950,-0.1(-0.71 %),1292070,17959000000,0,0,13900,14100,13750
2020-07-03,10.24,13650,-0.3(-2.15 %),1388830,19108000000,0,0,13850,14000,13650
2020-07-06,10.24,13650,0(0.00 %),1951060,26882000000,0,0,13750,14000,13650
2020-07-07,10.5,14000,0.35(2.56 %),1749060,24378000000,0,0,13850,14000,13850
2020-07-08,10.54,14050,0.05(0.36 %),1453240,20389000000,0,0,13900,14200,13900
2020-07-09,10.65,14200,0.15(1.07 %),2773650,39349000000,0,0,14050,14300,14050
2020-07-10,10.84,14450,0.25(1.76 %),3656210,52481000000,0,0,14200,14500,14100
2020-07-13,10.88,14500,0.05(0.35 %),2091660,30549000000,0,0,14600,14800,14450
2020-07-14,10.8,14400,-0.1(-0.69 %),1134500,16286000000,0,0,14500,14500,14200
2020-07-15,10.65,14200,-0.2(-1.39 %),1728050,24778000000,0,0,14400,14550,14200
2020-07-16,10.72,14300,0.1(0.70 %),1161720,16588000000,0,0,14200,14400,14200
2020-07-17,10.8,14400,0.1(0.70 %),1852720,26505000000,0,0,14300,14500,14100
2020-07-20,11.06,14750,0.35(2.43 %),3975450,58758000000,0,0,14750,15050,14400
2020-07-21,11.29,15050,0.3(2.03 %),1927280,28608000000,0,0,14750,15050,14600
2020-07-22,11.14,14850,-0.2(-1.33 %),1822370,27014000000,0,0,15100,15100,14550
2020-07-23,10.8,14400,-0.45(-3.03 %),2817370,40606000000,0,0,14600,14800,14200
2020-07-24,10.12,13500,-0.9(-6.25 %),4211520,58944000000,0,0,14300,14550,13400
2020-07-27,9.52,12700,-0.8(-5.93 %),3911580,50022000000,0,0,12800,13150,12600
2020-07-28,9.94,13250,0.55(4.33 %),2580200,33384000000,0,0,12900,13350,12600
2020-07-29,9.71,12950,-0.3(-2.26 %),3155820,40414000000,0,0,12800,13100,12600
2020-07-30,9.64,12850,-0.1(-0.77 %),1317410,17068000000,0,0,12900,13100,12850
2020-07-31,9.3,12400,-0.45(-3.50 %),2449810,30657000000,0,0,12400,12700,12350
2020-08-03,9.68,12900,0.5(4.03 %),2127590,27120000000,0,0,12600,12950,12450
2020-08-04,9.79,13050,0.15(1.16 %),1326010,17333000000,0,0,13000,13200,12950
2020-08-05,9.9,13200,0.15(1.15 %),1687530,22111000000,0,0,13000,13300,12900
2020-08-06,9.9,13200,0(0.00 %),1604510,21169000000,0,0,13050,13400,13000
2020-08-07,9.98,13300,0.1(0.76 %),1244750,16431000000,0,0,13200,13300,13100
2020-08-10,10.24,13650,0.35(2.63 %),2256360,30964000000,0,0,13400,13950,13400
2020-08-11,10.2,13600,-0.05(-0.37 %),1475900,20120000000,0,0,13750,13800,13550
2020-08-12,10.16,13550,-0.05(-0.37 %),1577260,21366000000,0,0,13700,13700,13400
2020-08-13,10.28,13700,0.15(1.11 %),2131890,28946000000,100000,1357000000,13600,13700,13500
2020-08-14,10.05,13400,-0.3(-2.19 %),2195830,29654000000,0,0,13600,13750,13300
2020-08-17,10.12,13500,0.1(0.75 %),1288760,17297000000,0,0,13500,13550,13300
2020-08-18,10.09,13450,-0.05(-0.37 %),1099430,14790000000,0,0,13350,13600,13350
2020-08-19,10.2,13600,0.15(1.12 %),1748140,23795000000,0,0,13450,13800,13450
2020-08-20,10.16,13550,-0.05(-0.37 %),1946110,26476000000,0,0,13500,13750,13500
2020-08-21,10.35,13800,0.25(1.85 %),1939930,26611000000,0,0,13600,13850,13600
2020-08-24,10.42,13900,0.1(0.72 %),1677480,23315000000,0,0,13900,13950,13800
2020-08-25,10.35,13800,-0.1(-0.72 %),1518040,21129000000,0,0,13950,14100,13800
2020-08-26,10.42,13900,0.1(0.72 %),2187810,30461000000,0,0,13800,14200,13700
2020-08-27,10.46,13950,0.05(0.36 %),1190000,16667000000,0,0,13900,14150,13900
2020-08-28,10.46,13950,0(0.00 %),1432490,20097000000,0,0,14100,14150,13950
2020-08-31,10.28,13700,-0.25(-1.79 %),1933260,26859000000,0,0,14100,14150,13700
2020-09-01,10.24,13650,-0.05(-0.36 %),2167350,29651000000,0,0,13700,13800,13550
2020-09-03,10.09,13450,-0.2(-1.47 %),4542010,61642000000,0,0,13700,13800,13400
2020-09-04,10.2,13600,0.15(1.12 %),3654190,49150000000,0,0,13300,13650,13250
2020-09-07,10.09,13450,-0.15(-1.10 %),2010660,27331000000,0,0,13750,13750,13450
2020-09-08,10.24,13650,0.2(1.49 %),1633950,22159000000,0,0,13550,13650,13450
2020-09-09,10.28,13700,0.05(0.37 %),1709970,23336000000,900000,12285000000,13650,13700,13600
2020-09-10,10.31,13750,0.05(0.36 %),2289760,31692000000,0,0,13850,13950,13750
2020-09-11,10.35,13800,0.05(0.36 %),2608100,35641000000,0,0,13700,13800,13500
2020-09-14,10.16,13550,-0.25(-1.81 %),2919290,39706000000,0,0,13800,13800,13500
2020-09-15,10.12,13500,-0.05(-0.37 %),1895160,25694000000,0,0,13650,13700,13500
2020-09-16,10.24,13650,0.15(1.11 %),2417320,32874000000,0,0,13550,13750,13500
2020-09-17,10.24,13650,0(0.00 %),1309590,17832000000,0,0,13700,13750,13500
2020-09-18,10.24,13650,0(0.00 %),1883560,25667000000,0,0,13600,13700,13550
2020-09-21,10.39,13850,0.2(1.47 %),3046950,42202000000,6252000,79713000000,13700,13950,13650
2020-09-22,10.42,13900,0.05(0.36 %),2435550,33635000000,0,0,13850,13900,13700
2020-09-23,10.8,14400,0.5(3.60 %),4622630,66227000000,0,0,14200,14500,14150
2020-09-24,10.72,14300,-0.1(-0.69 %),2498870,35597000000,0,0,14300,14400,14150
2020-09-25,10.65,14200,-0.1(-0.70 %),1616140,22950000000,700000,10150000000,14300,14300,14100
2020-09-28,10.72,14300,0.1(0.70 %),2170650,30862000000,0,0,14200,14300,14100
2020-09-29,10.46,13950,-0.35(-2.45 %),2821550,40161000000,0,0,14350,14400,13900
2020-09-30,10.65,14200,0.25(1.79 %),2314850,32606000000,700000,10108000000,13950,14200,13950
2020-10-01,10.72,14300,0.1(0.70 %),1899380,27072000000,690000,10005000000,14300,14350,14150
2020-10-02,10.58,14100,-0.2(-1.40 %),4060050,57776000000,0,0,14300,14400,13500
2020-10-05,10.76,14350,0.25(1.77 %),1898260,27084000000,0,0,14350,14350,14150
2020-10-06,11.25,15000,0.65(4.53 %),5841330,86284000000,690000,9963600000,14350,15100,14350
2020-10-07,11.1,14800,-0.2(-1.33 %),2948240,44194000000,650000,9945000000,15000,15200,14800
2020-10-08,10.99,14650,-0.15(-1.01 %),3019630,44211000000,0,0,14800,14950,14500
2020-10-09,10.95,14600,-0.05(-0.34 %),1836890,26728000000,0,0,14600,14700,14450
2020-10-12,10.76,14350,-0.25(-1.71 %),1845310,26699000000,650000,9899500000,14600,14650,14350
2020-10-13,10.8,14400,0.05(0.35 %),1971320,28610000000,0,0,14350,14650,14350
2020-10-14,11.02,14700,0.3(2.08 %),2624710,38555000000,0,0,14500,14850,14500
2020-10-15,10.99,14650,-0.05(-0.34 %),3061810,45047000000,0,0,14600,14850,14600
2020-10-16,10.95,14600,-0.05(-0.34 %),2448480,35623000000,0,0,14700,14750,14350
2020-10-19,11.1,14800,0.2(1.37 %),1944300,28779000000,0,0,14700,15000,14700
2020-10-20,11.1,14800,0(0.00 %),1450790,21488000000,0,0,14800,14950,14600
2020-10-21,11.06,14750,-0.05(-0.34 %),2236230,33040000000,0,0,14800,14900,14600
2020-10-22,11.06,14750,0(0.00 %),3368700,49793000000,0,0,14800,14900,14650
2020-10-23,11.02,14700,-0.05(-0.34 %),1035230,15193000000,0,0,14650,14800,14600
2020-10-26,10.8,14400,-0.3(-2.04 %),2015740,29099000000,0,0,14700,14700,14350
2020-10-27,10.39,13850,-0.55(-3.82 %),1915000,26826000000,0,0,14250,14300,13800
2020-10-28,10.46,13950,0.1(0.72 %),1971250,27208000000,0,0,13800,13950,13550
2020-10-29,10.35,13800,-0.15(-1.08 %),1405040,19351000000,0,0,13950,13950,13600
2020-10-30,10.39,13850,0.05(0.36 %),1261200,17251000000,0,0,13800,13850,13500
2020-11-02,10.58,14100,0.25(1.81 %),3175500,42737000000,0,0,13550,14100,13050
2020-11-03,10.28,13700,-0.4(-2.84 %),1097270,15112000000,0,0,13750,13900,13700
2020-11-04,10.42,13900,0.2(1.46 %),1205190,16692000000,0,0,13800,13950,13750
2020-11-05,10.42,13900,0(0.00 %),1715030,23534000000,0,0,13800,13900,13600
2020-11-06,10.61,14150,0.25(1.80 %),1660390,23380000000,0,0,13900,14200,13900
2020-11-09,10.8,14400,0.25(1.77 %),1018040,14600000000,4002000,56628300000,14200,14400,14200
2020-11-10,10.76,14350,-0.05(-0.35 %),2024120,28989000000,1200000,16980000000,14400,14550,14200
2020-11-11,10.5,14000,-0.35(-2.44 %),1321190,18694000000,720000,10188000000,14200,14350,14000
2020-11-12,10.69,14250,0.25(1.79 %),691060,9822000000,0,0,14100,14300,14100
2020-11-13,10.76,14350,0.1(0.70 %),1107420,15784000000,0,0,14150,14350,14100
2020-11-16,10.61,14150,-0.2(-1.39 %),910430,13013000000,1412000,20258800000,14350,14500,14100
2020-11-17,10.8,14400,0.25(1.77 %),899960,12894000000,0,0,14200,14450,14200
2020-11-18,11.06,14750,0.35(2.43 %),2502040,36694000000,0,0,14500,14850,14450
2020-11-19,11.21,14950,0.2(1.36 %),2753090,41353000000,620000,9014800000,14800,15200,14800
2020-11-20,11.62,15500,0.55(3.68 %),2535040,38355000000,365000,5584500000,15000,15500,14950
2020-11-23,11.48,15300,-0.2(-1.29 %),1569620,23952000000,0,0,15450,15450,15150
2020-11-25,11.4,15200,0.3(2.01 %),2123120,32131000000,365000,5562600000,14900,15300,14900
2020-11-26,11.78,15700,0.5(3.29 %),3139450,48606000000,490000,7644000000,15100,15800,15100
2020-11-27,11.74,15650,-0.05(-0.32 %),1677000,26160000000,200000,3104000000,15600,15750,15400
2020-11-30,11.89,15850,0.2(1.28 %),2432140,38292000000,0,0,15650,15850,15650
2020-12-01,11.85,15800,-0.05(-0.32 %),4558860,70591000000,890000,13649800000,15300,15850,15300
2020-12-02,11.74,15650,-0.15(-0.95 %),2882060,45414000000,0,0,15800,15900,15550
2020-12-03,12.19,16250,0.6(3.83 %),5379660,85953000000,620000,9858000000,15650,16500,15500
2020-12-04,12.15,16200,-0.05(-0.31 %),2649350,43122000000,0,0,16300,16500,16100
2020-12-07,12.11,16150,-0.05(-0.31 %),2131490,34311000000,0,0,16150,16250,16000
2020-12-08,12.04,16050,-0.1(-0.62 %),3003960,48215000000,620000,9808400000,16100,16200,15900
2020-12-09,12.15,16200,0.15(0.93 %),2854520,46614000000,1240000,20212000000,16050,16500,16050
2020-12-10,11.81,15750,-0.45(-2.78 %),3356410,53766000000,0,0,16250,16400,15600
2020-12-11,11.89,15850,0.1(0.63 %),3805330,59540000000,0,0,15800,15850,15500
2020-12-14,12.04,16050,0.2(1.26 %),2185130,34888000000,1240000,20100400000,15850,16100,15850
2020-12-15,12.34,16450,0.4(2.49 %),4945370,80982000000,620000,10168000000,16000,16650,15950
2020-12-16,12.38,16500,0.05(0.30 %),2402530,39566000000,0,0,16500,16600,16300
2020-12-17,13.24,17650,1.15(6.97 %),7312560,127916000000,0,0,17200,17650,16800
2020-12-18,13.35,17800,0.15(0.85 %),5110620,90918000000,620000,10199000000,18000,18000,17550
2020-12-21,14.25,19000,1.2(6.74 %),10021310,186737000000,0,0,17900,19000,17700
2020-12-22,15.22,20300,1.3(6.84 %),10194230,198752000000,0,0,19000,20300,18700
2020-12-23,14.48,19300,-1(-4.93 %),8239570,171352000000,5170000,103400000000,21450,21450,19100
2020-12-24,15.49,20650,1.35(6.99 %),13937880,280090000000,1475000,30458750000,20350,20650,19200
2020-12-25,16.54,22050,1.4(6.78 %),8868760,194642000000,0,0,21850,22050,21500
2020-12-28,17.66,23550,1.5(6.80 %),9439470,222128000000,0,0,23500,23550,23300
2020-12-29,17.51,23350,-0.2(-0.85 %),11973090,284526000000,319000,7018000000,23000,25000,22550
2020-12-31,18.3,24400,1.4(6.09 %),8521050,199685000000,0,0,23200,24400,22650
2021-01-04,19.58,26100,1.7(6.97 %),6590800,171316000000,0,0,26000,26100,25300
2021-01-05,20.25,27000,0.9(3.45 %),11967600,329156000000,0,0,26500,27900,26500
2021-01-06,19.65,26200,-0.8(-2.96 %),10553700,282178000000,100000,2830000000,27100,27700,26000
2021-01-07,20.25,27000,0.8(3.05 %),8000200,213580000000,0,0,26500,27200,26200
2021-01-08,20.62,27500,0.5(1.85 %),9368600,258639000000,0,0,27000,28800,26500
2021-01-11,21.15,28200,0.7(2.55 %),7499500,209395000000,24000000,660000000000,28500,28500,27100
2021-01-12,22.39,29850,1.65(5.85 %),7369000,215660000000,60000,1704000000,28400,29950,28350
2021-01-13,23.4,31200,1.35(4.52 %),8616000,261132000000,0,0,30050,31450,29200
2021-01-14,25.01,33350,2.15(6.89 %),9666300,312958000000,12661000,369117222000,31500,33350,31500
2021-01-15,25.8,34400,1.05(3.15 %),10564200,369747000000,0,0,35300,35650,34050
2021-01-18,27.6,36800,2.4(6.98 %),8757000,307790000000,2000000,64000000000,34850,36800,33700
2021-01-19,27.6,36800,0(0.00 %),11627500,426820000000,0,0,38400,39300,34250
2021-01-20,27.9,37200,0.4(1.09 %),11972000,446525000000,0,0,38000,38800,34500
2021-01-21,29.85,39800,2.6(6.99 %),12757300,493659000000,165000,6383850000,38000,39800,37600
2021-01-22,31.91,42550,2.75(6.91 %),7671300,324178000000,0,0,41800,42550,41100
2021-01-25,34.12,45500,2.95(6.93 %),8166500,370074000000,1020000,40392000000,45000,45500,44000
2021-01-26,31.91,42550,-2.95(-6.48 %),17746000,776780000000,0,0,42350,47000,42350
2021-01-27,29.7,39600,-2.95(-6.93 %),13479100,542322000000,2440870,105460385000,41100,42500,39600
2021-01-28,27.64,36850,-2.75(-6.94 %),938200,34573000000,2798760,116708236000,36850,36850,36850
2021-01-29,27.64,36850,0(0.00 %),23684100,825481000000,0,0,34300,38500,34300
2021-02-01,25.72,34300,-2.55(-6.92 %),13514100,469797000000,0,0,34300,36950,34300
2021-02-02,27.52,36700,2.4(7.00 %),14295200,485056000000,0,0,32000,36700,31900
2021-02-03,29.44,39250,2.55(6.95 %),7049500,272657000000,0,0,37500,39250,37200
2021-02-04,30.11,40150,0.9(2.29 %),9628700,385301000000,428540,17977253000,39500,41000,38500
2021-02-05,30.0,40000,-0.15(-0.37 %),6679400,267429000000,0,0,40200,40800,39500
2021-02-08,27.9,37200,-2.8(-7.00 %),10802200,409545000000,280000,11984000000,37200,40100,37200
2021-02-09,28.95,38600,1.4(3.76 %),6590100,246212000000,1500000,52500000000,37200,39450,35000
2021-02-17,30.98,41300,2.7(6.99 %),4650600,188219000000,600000,21540000000,40100,41300,39000
2021-02-18,32.25,43000,1.7(4.12 %),6804800,290554000000,0,0,42000,43350,41700
2021-02-19,31.2,41600,-1.4(-3.26 %),7407900,314723000000,60000,2550000000,41800,43000,41200
2021-02-22,30.68,40900,-0.7(-1.68 %),6066600,247044000000,0,0,41600,42000,39600
2021-02-23,30.0,40000,-0.9(-2.20 %),4975600,200366000000,0,0,40900,40900,39800
2021-02-24,29.25,39000,-1(-2.50 %),4728700,187866000000,500000,19915000000,40400,40700,38800
2021-02-25,29.32,39100,0.1(0.26 %),5575700,216321000000,457000,17727030000,39600,39600,38050
2021-02-26,29.25,39000,-0.1(-0.26 %),2735100,105750000000,0,0,38400,39200,38200
2021-03-01,29.48,39300,0.3(0.77 %),3284300,129457000000,3335000,122593000000,39400,39950,38900
2021-03-02,29.44,39250,-0.05(-0.13 %),4149800,164208000000,0,0,40000,40000,39250
2021-03-03,29.14,38850,-0.4(-1.02 %),3621700,141431000000,650000,26825000000,39250,39600,38700
2021-03-04,28.09,37450,-1.4(-3.60 %),5142500,194832000000,375070,14509450000,38850,39000,37000
2021-03-05,28.05,37400,-0.05(-0.13 %),4065100,149194000000,50000,1850000000,36900,37950,36000
2021-03-08,29.78,39700,2.3(6.15 %),7643700,296208000000,0,0,37500,40000,36900
2021-03-09,29.32,39100,-0.6(-1.51 %),2884700,112981000000,175070,7129786000,39500,39600,38800
2021-03-10,28.8,38400,-0.7(-1.79 %),1996100,76835000000,0,0,38850,39050,38000
2021-03-11,29.25,39000,0.6(1.56 %),3388100,132326000000,0,0,39400,39500,38800
2021-03-12,29.85,39800,0.8(2.05 %),11436000,457132000000,135000,5424300000,39000,40500,39000
2021-03-15,30.22,40300,0.5(1.26 %),4751400,192790000000,0,0,40950,40950,40200
2021-03-16,30.11,40150,-0.15(-0.37 %),2859100,114724000000,0,0,40300,40500,39700
2021-03-17,29.78,39700,-0.3(-0.75 %),4973900,197370000000,1000000,39500000000,40000,40100,39500
2021-03-18,29.92,39900,0.2(0.50 %),4613600,184401000000,180000,7182000000,40250,40400,39700
2021-03-19,31.12,41500,1.6(4.01 %),9384700,385042000000,2769500,114934250000,40000,42000,39850
2021-03-22,31.05,41400,-0.1(-0.24 %),6047700,253457000000,758790,33690276000,42300,42500,41100
2021-03-23,30.38,40500,-0.9(-2.17 %),4909700,201257000000,0,0,41400,41800,40000
2021-03-24,29.1,38800,-1.7(-4.20 %),5343700,211752000000,4300000,179740000000,39700,40400,37900
2021-03-25,28.65,38200,-0.6(-1.55 %),4854200,187326000000,225000,9112500000,39000,39300,38000
2021-03-26,28.65,38200,0(0.00 %),8709600,323719000000,0,0,37900,38700,35850
2021-03-29,28.09,37450,-0.75(-1.96 %),5662300,213889000000,0,0,38400,38850,37300
2021-03-30,28.95,38600,1.15(3.07 %),4767300,179777000000,0,0,38000,39150,37000
2021-03-31,28.61,38150,-0.45(-1.17 %),2563500,98409000000,225000,9067500000,38400,39000,38100
2021-04-01,29.06,38750,0.6(1.57 %),3146400,120737000000,0,0,38150,39000,38100
2021-04-02,29.55,39400,0.65(1.68 %),5053600,198288000000,225000,9180000000,39300,39700,38900
2021-04-05,29.32,39100,-0.3(-0.76 %),3674300,145176000000,0,0,40300,40300,39000
2021-04-06,29.1,38800,-0.3(-0.77 %),3506200,135372000000,336500,13392700000,38800,39100,38400
2021-04-07,28.8,38400,-0.4(-1.03 %),3513000,134589000000,225000,9135000000,38650,38650,38100
2021-04-08,28.84,38450,0.05(0.13 %),3439100,131747000000,420000,16422600000,38800,38850,37900
2021-04-09,29.7,39600,1.15(2.99 %),6546800,258870000000,76500,3029400000,38900,39950,38800
2021-04-12,30.82,41100,1.5(3.79 %),11407400,469966000000,260000,10296000000,40950,41600,40900
2021-04-13,30.0,40000,-1.1(-2.68 %),7621100,307298000000,240000,9504000000,41500,41500,39600
2021-04-14,29.62,39500,-0.5(-1.25 %),4838800,190580000000,869000,35629000000,39100,39950,39000
2021-04-15,28.72,38300,-1.2(-3.04 %),6032000,233982000000,0,0,39300,39500,38300
2021-04-16,28.42,37900,-0.4(-1.04 %),4781600,183301000000,0,0,38200,39500,37500
2021-04-19,28.65,38200,0.3(0.79 %),3525800,134411000000,0,0,38200,38800,37600
2021-04-20,27.98,37300,-0.9(-2.36 %),5479900,206591000000,869000,35450790000,38300,38300,37000
2021-04-22,26.02,34700,-2.6(-6.97 %),6642600,239010000000,0,0,37000,37100,34700
2021-04-23,27.82,37100,2.4(6.92 %),5447700,193295000000,0,0,34700,37100,33800
2021-04-26,28.12,37500,0.4(1.08 %),4241000,160021000000,0,0,37100,38800,36900
2021-04-27,27.6,36800,-0.7(-1.87 %),2306500,85125000000,0,0,37500,37500,36600
2021-04-28,27.52,36700,-0.1(-0.27 %),3463300,127437000000,260000,9880000000,36800,37200,36450
2021-04-29,28.09,37450,0.75(2.04 %),4900200,180935000000,0,0,36700,37450,36650
2021-05-04,28.16,37550,0.1(0.27 %),5636800,212243000000,3000000,117150000000,36900,38750,36800
2021-05-05,28.28,37700,0.15(0.40 %),4501300,169512000000,0,0,37900,38100,37300
2021-05-06,28.2,37600,-0.1(-0.27 %),5484200,208229000000,2000000,76300000000,38050,38450,37400
2021-05-07,27.3,36400,-1.2(-3.19 %),5454900,201416000000,0,0,37200,37700,36300
2021-05-10,26.85,35800,-0.6(-1.65 %),5031900,181560000000,2000000,74200000000,36000,36450,35700
2021-05-11,26.92,35900,0.1(0.28 %),8267800,293710000000,0,0,35800,36400,34900
2021-05-12,27.3,36400,0.5(1.39 %),4454500,161216000000,1000000,36500000000,35600,37300,35450
2021-05-13,26.92,35900,-0.5(-1.37 %),3601500,131186000000,134000,4958000000,36400,36900,35900
2021-05-14,26.55,35400,-0.5(-1.39 %),4400600,156960000000,0,0,35900,36100,35400
2021-05-17,25.35,33800,-1.6(-4.52 %),8820600,303566000000,0,0,35100,35300,33550
2021-05-18,24.22,32300,-1.5(-4.44 %),9841800,321152000000,134000,4844100000,33400,33500,32000
2021-05-19,24.38,32500,0.2(0.62 %),3639800,120416000000,205000,6910000000,32300,33900,32300
2021-05-20,23.02,30700,-1.8(-5.54 %),7611200,238393000000,0,0,32500,33000,30350
2021-05-21,24.6,32800,2.1(6.84 %),7281300,231808000000,2000000,57400000000,30100,32800,30000
2021-05-24,25.8,34400,1.6(4.88 %),5599400,191078000000,205000,6964000000,33500,34450,33450
2021-05-25,25.28,33700,-0.7(-2.03 %),4742300,161504000000,0,0,34400,34500,33550
2021-05-26,24.98,33300,-0.4(-1.19 %),5317100,175387000000,150000,5100000000,33000,33500,32500
2021-05-27,24.82,33100,-0.2(-0.60 %),4791300,158720000000,87000,2879700000,32800,34000,32550
2021-05-28,25.35,33800,0.7(2.11 %),5716600,192937000000,0,0,33700,34150,33100
2021-05-31,24.98,33300,-0.5(-1.48 %),4001000,132522000000,150000,5070000000,33500,33550,32900
2021-06-01,24.6,32800,-0.5(-1.50 %),3878600,127372000000,150000,5100000000,33100,33300,32500
2021-06-02,24.98,33300,0.5(1.52 %),5832900,186997000000,68000,2312000000,32500,33300,31700
2021-06-03,25.2,33600,0.3(0.90 %),5682200,190068000000,0,0,33800,33800,33100
2021-06-04,26.62,35500,1.9(5.65 %),10763800,376029000000,150000,5070000000,34000,35500,33900
2021-06-07,26.89,35850,0.35(0.99 %),8454600,303122000000,288000,10367200000,36150,36150,35100
2021-06-08,25.76,34350,-1.5(-4.18 %),6648700,235967000000,0,0,35800,36300,33800
2021-06-09,26.25,35000,0.65(1.89 %),7738800,264155000000,0,0,34000,35500,33150
2021-06-10,25.35,33800,-1.2(-3.43 %),4046700,138830000000,220000,8052000000,35000,35200,33800
2021-06-11,25.8,34400,0.6(1.78 %),3616100,123482000000,210000,7308000000,33800,34500,33800
2021-06-14,26.55,35400,1(2.91 %),11167200,393046000000,0,0,34400,35950,33800
2021-06-15,28.39,37850,2.45(6.92 %),20874800,773009000000,88000,3330800000,35900,37850,35700
2021-06-16,28.09,37450,-0.4(-1.06 %),8446000,321981000000,310000,12539500000,38000,38850,37100
2021-06-17,29.21,38950,1.5(4.01 %),14589100,559236000000,3125000,118186000000,36800,39300,36500
2021-06-18,28.88,38500,-0.45(-1.16 %),12271200,478501000000,558000,22378600000,39000,39800,38300
2021-06-21,28.31,37750,-0.75(-1.95 %),11366400,434194000000,960000,36324000000,38500,38800,37600
2021-06-22,29.25,39000,1.25(3.31 %),11972000,464824000000,0,0,38050,39450,37900
2021-06-23,28.72,38300,-0.7(-1.79 %),7318800,279581000000,210000,8137500000,38800,38900,37000
2021-06-24,28.95,38600,0.3(0.78 %),11116500,425518000000,166000,6474000000,38500,39300,37450
2021-06-25,29.25,39000,0.4(1.04 %),7413000,286355000000,0,0,38500,39000,37800
2021-06-28,30.11,40150,1.15(2.95 %),14974900,597864000000,240000,10008000000,39700,40400,39350
2021-06-29,29.85,39800,-0.35(-0.87 %),7427200,295154000000,166000,6440800000,40200,40200,39200
2021-06-30,28.8,38400,-1.4(-3.52 %),7614800,297968000000,0,0,39700,39700,38400
2021-07-01,29.62,39500,1.1(2.86 %),15430700,594023000000,0,0,38400,39500,37500
2021-07-02,29.74,39650,0.15(0.38 %),15753700,635355000000,50000,1995000000,39750,41000,39300
2021-07-05,28.76,38350,-1.3(-3.28 %),13504000,519556000000,0,0,39350,39350,37800
2021-07-06,26.78,35700,-2.65(-6.91 %),23030200,854880000000,1000000,41000000000,38150,38500,35700
2021-07-07,26.4,35200,-0.5(-1.40 %),12448900,435698000000,0,0,35500,36400,34000
2021-07-08,25.84,34450,-0.75(-2.13 %),8128200,284740000000,450000,16020000000,35250,36200,34100
2021-07-09,24.15,32200,-2.25(-6.53 %),15213200,505056000000,80000,2756000000,33900,34500,32050
2021-07-12,23.25,31000,-1.2(-3.73 %),13624800,416606000000,0,0,31300,32200,29950
2021-07-13,24.38,32500,1.5(4.84 %),6276800,199628000000,2830000,81645500000,32000,32500,31000
2021-07-14,24.0,32000,-0.5(-1.54 %),7449100,239584000000,0,0,32700,32950,31450
2021-07-15,24.49,32650,0.65(2.03 %),5110500,165168000000,590000,19116000000,31550,32700,31550
2021-07-16,24.52,32700,0.05(0.15 %),6722100,220099000000,0,0,32900,33500,32050
2021-07-19,22.88,30500,-2.2(-6.73 %),8402600,263228000000,0,0,31700,32200,30500
2021-07-20,24.38,32500,2(6.56 %),7080700,222995000000,199600,6407160000,31000,32500,30400
2021-07-21,24.34,32450,-0.05(-0.15 %),3915400,126885000000,0,0,32500,32900,31950
2021-07-22,24.82,33100,0.65(2.00 %),9915000,327912000000,308200,10063806000,32400,33550,32100
2021-07-23,24.08,32100,-1(-3.02 %),8391600,274634000000,199600,6407160000,32950,33400,32100
2021-07-26,24.38,32500,0.4(1.25 %),5868800,189071000000,0,0,32000,32700,31500
2021-07-27,24.45,32600,0.1(0.31 %),5489500,180392000000,350000,11550000000,33000,33300,32500
2021-07-28,25.42,33900,1.3(3.99 %),13116800,443346000000,0,0,32600,34700,32500
2021-07-29,25.58,34100,0.2(0.59 %),6737600,231108000000,0,0,34300,34750,33900
2021-07-30,25.84,34450,0.35(1.03 %),7177300,246631000000,0,0,34050,34700,33800
2021-08-02,25.91,34550,0.1(0.29 %),7919100,274183000000,0,0,34000,35500,34000
2021-08-03,25.95,34600,0.05(0.14 %),6876300,236908000000,0,0,34550,34900,34000
2021-08-04,26.21,34950,0.35(1.01 %),10341400,362599000000,0,0,34900,35500,34500
2021-08-05,26.51,35350,0.4(1.14 %),7524300,266285000000,0,0,34850,35800,34650
2021-08-06,26.62,35500,0.15(0.42 %),12916500,464238000000,0,0,35350,36950,35100
2021-08-09,27.38,36500,1(2.82 %),9683300,350076000000,0,0,35800,36500,35800
2021-08-10,26.85,35800,-0.7(-1.92 %),14485300,524851000000,2358380,92094739000,36900,37000,35500
2021-08-11,25.8,34400,-1.4(-3.91 %),22981500,804261000000,0,0,35500,35750,34300
2021-08-12,26.18,34900,0.5(1.45 %),10831400,379485000000,0,0,34250,35900,34250
2021-08-13,26.85,35800,0.9(2.58 %),8110400,287236000000,0,0,35000,35800,34900
2021-08-16,27.86,37150,1.35(3.77 %),19650000,727880000000,5676040,189012132000,35950,37800,35800
2021-08-17,27.38,36500,-0.65(-1.75 %),8973900,331063000000,0,0,37150,37700,36500
2021-08-18,27.49,36650,0.15(0.41 %),8055500,295786000000,0,0,36200,37100,36200
2021-08-19,27.9,37200,0.55(1.50 %),9975000,369896000000,326000,12208600000,36600,37500,36500
2021-08-20,27.45,36600,-0.6(-1.61 %),22535900,843434000000,0,0,37300,38300,35100
2021-08-23,27.0,36000,-0.6(-1.64 %),9827200,360134000000,0,0,36500,37400,36000
2021-08-24,26.92,35900,-0.1(-0.28 %),8183900,294356000000,280000,10584000000,36000,36600,35550
2021-08-25,27.15,36200,0.3(0.84 %),6158600,221788000000,0,0,35900,36400,35450
2021-08-26,27.9,37200,1(2.76 %),18245200,683256000000,185000,7030000000,36500,38250,36200
2021-08-27,29.55,39400,2.2(5.91 %),24488900,941861000000,0,0,37000,39500,37000
2021-08-30,30.11,40150,0.75(1.90 %),12960400,524543000000,55240,2176456000,40450,41000,40000
2021-08-31,31.95,42600,2.45(6.10 %),25984800,1083588000000,185000,6993000000,40000,42950,39750
2021-09-01,31.88,42500,-0.1(-0.23 %),13869800,592243000000,50000,2015000000,41900,43600,41900
2021-09-06,31.35,41800,-0.7(-1.65 %),13157200,568017000000,0,0,43000,44350,41800
2021-09-07,31.88,42500,0.7(1.67 %),14948900,631511000000,0,0,42100,42900,41600
2021-09-08,32.7,43600,1.1(2.59 %),14725800,640084000000,0,0,42500,44500,42050
2021-09-09,32.78,43700,0.1(0.23 %),6723400,293733000000,0,0,43600,44200,43250
2021-09-10,32.25,43000,-0.7(-1.60 %),9950600,434114000000,20000,860000000,43700,44250,42500
2021-09-13,30.38,40500,-2.5(-5.81 %),28508600,1179566000000,4822980,221725080000,43000,43000,40500
2021-09-14,31.12,41500,1(2.47 %),10182200,415925000000,20000,860000000,40500,41900,40300
2021-09-15,31.42,41900,0.4(0.96 %),5724200,239415000000,0,0,40800,42400,40700
2021-09-16,32.02,42700,0.8(1.91 %),9556000,406390000000,222000,9346200000,41800,43450,41650
2021-09-17,31.69,42250,-0.45(-1.05 %),10781800,459204000000,0,0,42700,43300,42050
2021-09-20,30.75,41000,-1.25(-2.96 %),10871600,458978000000,20000,800000000,42600,43000,41000
2021-09-21,31.88,42500,1.5(3.66 %),15660900,643005000000,965000,41652200000,40000,42700,40000
2021-09-22,32.25,43000,0.5(1.18 %),10194400,436338000000,0,0,42500,43400,41900
2021-09-23,33.41,44550,1.55(3.60 %),27213100,1243429000000,0,0,46000,46000,44500
2021-09-24,33.11,44150,-0.4(-0.90 %),10294300,458578000000,20000,920000000,44650,45300,43750
2021-09-27,31.12,41500,-2.65(-6.00 %),14410400,622800000000,1200000,56640000000,44150,44300,41500
2021-09-28,33.11,44150,2.65(6.39 %),13163700,559148000000,60000,2664000000,41500,44200,41500
2021-09-29,32.81,43750,-0.4(-0.91 %),6814000,298835000000,0,0,43900,44600,43200
2021-09-30,32.62,43500,-0.25(-0.57 %),4766300,208355000000,0,0,43500,44200,43350
2021-10-01,32.02,42700,-0.8(-1.84 %),9843500,423901000000,4041635,163716217500,43100,43950,42500
2021-10-04,32.02,42700,0(0.00 %),9379600,399281000000,0,0,42500,43600,41800
2021-10-05,33.11,44150,1.45(3.40 %),8329500,364323000000,114000,4993200000,43000,44400,42700
2021-10-06,33.22,44300,0.15(0.34 %),10001100,447680000000,29000,1363000000,44400,45400,44200
2021-10-07,34.5,46000,1.7(3.84 %),15893100,725699000000,1100000,45396000000,44300,46900,44200
2021-10-08,34.2,45600,-0.4(-0.87 %),6604900,303365000000,114000,4947600000,46400,46500,45550
2021-10-11,33.98,45300,-0.3(-0.66 %),6658200,303331000000,0,0,45700,46300,45200
2021-10-12,34.05,45400,0.1(0.22 %),7955000,361758000000,0,0,45500,45900,45100
2021-10-13,34.58,46100,0.7(1.54 %),8259900,379892000000,1500000,72825000000,45500,46450,45500
2021-10-14,34.28,45700,-0.4(-0.87 %),9685100,447250000000,0,0,46200,46850,45600
2021-10-15,33.9,45200,-0.5(-1.09 %),21144200,954916000000,0,0,45800,45950,44100
2021-10-18,32.89,43850,-1.35(-2.99 %),17107300,762002000000,150000,6375000000,45200,45700,43850
2021-10-19,32.7,43600,-0.25(-0.57 %),10021900,438622000000,140000,6090000000,43500,44500,43000
2021-10-20,32.33,43100,-0.5(-1.15 %),10295600,445959000000,20000,912000000,44000,44000,42650
2021-10-21,31.99,42650,-0.45(-1.04 %),10620800,456549000000,0,0,43100,43800,42650
2021-10-22,32.74,43650,1(2.34 %),11943900,520365000000,0,0,42650,44150,42650
2021-10-25,32.74,43650,0(0.00 %),9807000,434690000000,195000,8414000000,44050,44950,43650
2021-10-26,33.67,44900,1.25(2.86 %),14305600,623271000000,0,0,43000,45000,42650
2021-10-27,36.0,48000,3.1(6.90 %),31886600,1489566000000,30000,1350000000,45250,48000,44900
2021-10-28,36.22,48300,0.3(0.62 %),12390300,600106000000,405000,19248250000,48500,49150,47500
2021-10-29,36.49,48650,0.35(0.72 %),10034900,490093000000,0,0,48300,49850,48000
2021-11-01,36.75,49000,0.35(0.72 %),10961800,536725000000,0,0,48950,49800,48100
2021-11-02,38.7,51600,2.6(5.31 %),11208400,571737000000,0,0,49100,52000,48800
2021-11-03,36.0,48000,-3.6(-6.98 %),24186500,1200100000000,375000,20545000000,52500,52500,48000
2021-11-04,36.49,48650,0.65(1.35 %),10749300,518993000000,0,0,48000,48950,47100
2021-11-05,36.75,49000,0.35(0.72 %),11038800,534944000000,0,0,48650,49600,47750
2021-11-08,36.83,49100,0.1(0.20 %),8202600,404183000000,50000,2480000000,49100,49900,48600
2021-11-09,37.88,50500,1.4(2.85 %),12628400,635290000000,68500,3534600000,49150,51600,48850
2021-11-10,38.17,50900,0.4(0.79 %),8561000,429702000000,0,0,50500,50900,49700
2021-11-11,39.75,53000,2.1(4.13 %),19834200,1049553000000,108000,5528000000,51500,54400,51300
2021-11-12,40.2,53600,0.6(1.13 %),8713100,463729000000,178500,9137900000,54000,54300,52500
2021-11-15,40.35,53800,0.2(0.37 %),12565100,672380000000,0,0,54200,54400,49850
2021-11-16,39.0,52000,-1.8(-3.35 %),15680200,820636000000,0,0,52500,53800,50800
2021-11-17,39.15,52200,0.2(0.38 %),6275100,327550000000,0,0,52000,52900,51600
2021-11-18,40.12,53500,1.3(2.49 %),9944400,525385000000,190500,10629900000,52800,54200,51800
2021-11-19,37.5,50000,-3.5(-6.54 %),16233200,834526000000,26600,1412460000,53800,53800,49800
2021-11-22,34.88,46500,-3.5(-7.00 %),17157800,820000000000,291100,15527200000,49500,49600,46500
2021-11-23,36.0,48000,1.5(3.23 %),8732700,414206000000,0,0,46600,48450,46400
2021-11-24,36.38,48500,0.5(1.04 %),6863900,335513000000,190500,8505825000,48500,49500,48500
2021-11-25,37.28,49700,1.2(2.47 %),6461200,319491000000,0,0,49000,49900,48500
2021-11-26,36.19,48250,-1.45(-2.92 %),8784600,429473000000,0,0,50000,50000,48200
2021-11-29,36.45,48600,0.35(0.73 %),7068300,341803000000,0,0,47000,49300,47000
2021-11-30,37.5,50000,1.4(2.88 %),12216700,616757000000,60000,3024000000,49300,51500,49100
2021-12-01,37.65,50200,0.2(0.40 %),6459500,327152000000,190500,8858250000,50400,51400,50200
2021-12-02,38.55,51400,1.2(2.39 %),9239000,472110000000,0,0,50600,51700,50400
2021-12-03,38.33,51100,-0.3(-0.58 %),12890800,668045000000,30000,1647000000,51500,52500,51000
2021-12-06,36.75,49000,-2.1(-4.11 %),11249200,560322000000,20000,980000000,51100,51600,47550
2021-12-07,38.17,50900,1.9(3.88 %),6579600,331477000000,0,0,50100,51200,49400
2021-12-08,39.75,53000,2.1(4.13 %),17426000,928128000000,0,0,51300,54400,50600
2021-12-09,40.2,53600,0.6(1.13 %),5831100,313783000000,0,0,53000,54400,53000
2021-12-10,41.1,54800,1.2(2.24 %),11856600,646338000000,0,0,53500,55500,53000
2021-12-13,41.7,55600,0.8(1.46 %),7826100,439190000000,0,0,55200,57000,55000
2021-12-14,42.15,56200,0.6(1.08 %),10198400,564322000000,20000,1188000000,55500,57000,54200
2021-12-15,41.78,55700,-0.5(-0.89 %),7998200,444799000000,0,0,55900,56500,54800
2021-12-16,42.45,56600,0.9(1.62 %),8366100,472497000000,20000,1180000000,55700,57300,55400
2021-12-17,42.75,57000,0.4(0.71 %),10226200,577028000000,82000,4321400000,56500,57200,55600
2021-12-20,42.0,56000,-1(-1.75 %),7086000,395178000000,800000,48720000000,56700,56700,55000
2021-12-21,43.8,58400,2.4(4.29 %),12005800,694116000000,0,0,55300,58900,55300
2021-12-22,45.0,60000,1.6(2.74 %),10404800,624746000000,0,0,59500,61000,58900
2021-12-23,45.0,60000,0(0.00 %),14776500,881244000000,0,0,60200,61300,57700
2021-12-24,45.0,60000,0(0.00 %),7508300,449556000000,0,0,61000,61900,58500
2021-12-27,45.75,61000,1(1.67 %),6965300,415925000000,0,0,59800,61000,58400
2021-12-28,46.58,62100,1.1(1.80 %),7009900,432521000000,220000,13980000000,62500,62500,60600
2021-12-29,45.38,60500,-1.6(-2.58 %),4176300,256222000000,1950000,128700000000,62100,62500,60500
2021-12-30,44.25,59000,-1.5(-2.48 %),5559500,332120000000,0,0,60800,60800,59000
2021-12-31,45.6,60800,1.8(3.05 %),5105700,304141000000,200000,12620000000,59900,60800,58500
2022-01-04,46.05,61400,0.6(0.99 %),6372800,388822000000,0,0,60600,62000,60100
2022-01-05,45.38,60500,-0.9(-1.47 %),11084800,681550000000,1873740,122917344000,62000,62900,60200
2022-01-06,46.35,61800,1.3(2.15 %),10302200,632362000000,1680000,102118000000,60500,62700,60500
2022-01-07,46.5,62000,0.2(0.32 %),8184500,509487000000,0,0,62500,62900,61600
2022-01-10,44.32,59100,-2.9(-4.68 %),12462100,761793000000,0,0,61500,62600,59100
2022-01-11,41.32,55100,-4(-6.77 %),15662300,907768000000,600000,37920000000,59500,60300,55100
2022-01-12,44.18,58900,3.8(6.90 %),13318800,743792000000,180000,10602000000,54700,58900,52000
2022-01-13,42.75,57000,-1.9(-3.23 %),8208800,472709000000,0,0,60400,60400,54800
2022-01-14,43.28,57700,0.7(1.23 %),4631500,264284000000,0,0,55000,58500,55000
2022-01-17,40.28,53700,-4(-6.93 %),12662700,696815000000,0,0,57700,58400,53700
2022-01-18,37.88,50500,-3.2(-5.96 %),8756800,452193000000,0,0,51500,53200,50200
2022-01-19,39.6,52800,2.3(4.55 %),8081500,427744000000,0,0,51000,54000,50700
2022-01-20,41.78,55700,1.8(3.34 %),6114500,337523000000,20000,1040000000,54000,56300,53600
2022-01-21,40.65,54200,-1.5(-2.69 %),11892500,650194000000,0,0,55700,56500,53500
2022-01-24,38.85,51800,-2.4(-4.43 %),9470300,506311000000,0,0,53100,55500,51800
2022-01-25,41.48,55300,3.5(6.76 %),10389800,551492000000,500000,27500000000,51200,55400,51200
2022-01-26,40.95,54600,-0.7(-1.27 %),8339700,460384000000,0,0,56000,56100,54000
2022-01-27,39.38,52500,-2.1(-3.85 %),7756300,417401000000,0,0,54000,55300,52500
2022-01-28,40.28,53700,1.2(2.29 %),7093700,374925000000,0,0,52700,54400,51700
2022-02-07,41.02,54700,1(1.86 %),8698700,478091000000,0,0,54300,55500,54100
2022-02-08,42.38,56500,1.8(3.29 %),9178400,515059000000,417000,21225300000,54800,57000,54500
2022-02-09,42.3,56400,-0.1(-0.18 %),8042700,455558000000,130000,7540000000,56800,57800,55900
2022-02-10,42.6,56800,0.4(0.71 %),6061300,344435000000,0,0,56900,57600,56100
2022-02-11,43.35,57800,1(1.76 %),12094500,698881000000,60000,3420000000,57000,58500,56600
2022-02-14,42.68,56900,-0.9(-1.56 %),6712500,384673000000,130000,7540000000,57000,58000,56700
2022-02-15,43.28,57700,0.8(1.41 %),7151700,409751000000,0,0,56800,57900,56500
2022-02-16,43.28,57700,0(0.00 %),5969700,347011000000,60000,3420000000,58200,58800,57600
2022-02-17,43.88,58500,0.8(1.39 %),9152900,530263000000,0,0,57500,58500,57300
2022-02-18,43.88,58500,0(0.00 %),8009500,469805000000,20000,1250000000,57900,59400,57900
2022-02-21,43.88,58500,0(0.00 %),7020400,411672000000,60000,3420000000,58600,59300,58200
2022-02-22,42.6,56800,-1.7(-2.91 %),12760300,729470000000,0,0,57800,58000,56400
2022-02-23,42.98,57300,0.5(0.88 %),8398100,481744000000,20000,1058000000,57100,58200,56600
2022-02-24,42.82,57100,-0.2(-0.35 %),12152700,681918000000,60000,3210000000,56900,57400,53500
2022-02-25,43.35,57800,0.7(1.23 %),12834700,743052000000,0,0,57100,58800,56600
2022-02-28,43.05,57400,-0.4(-0.69 %),7063000,408942000000,0,0,57800,58800,57300
2022-03-01,43.12,57500,0.1(0.17 %),6920000,399108000000,60000,3210000000,57500,58300,57300
2022-03-02,42.08,56100,-1.4(-2.43 %),10769100,611816000000,0,0,57300,57800,56100
2022-03-03,42.08,56100,0(0.00 %),11888300,662947000000,0,0,56300,56800,55100
2022-03-04,42.22,56300,0.2(0.36 %),5501600,310087000000,160000,8732000000,56100,56900,55500
2022-03-07,40.95,54600,-1.7(-3.02 %),11568800,638700000000,0,0,55600,55800,54500
2022-03-08,39.0,52000,-2.6(-4.76 %),15754700,836122000000,0,0,53800,54500,52000
2022-03-09,39.75,53000,1(1.92 %),8257300,433777000000,200000,10840000000,52400,53500,51400
2022-03-10,39.52,52700,-0.3(-0.57 %),2896300,154026000000,0,0,53800,53800,52700
2022-03-11,38.85,51800,-0.9(-1.71 %),5370700,281184000000,1512400,74183220000,52400,53300,51800
2022-03-14,38.02,50700,-1.1(-2.12 %),8288700,423824000000,90000,4950000000,51000,51900,50400
2022-03-15,39.3,52400,1.7(3.35 %),6157500,318192000000,1900078,93063900000,51000,52900,50500
2022-03-16,39.22,52300,-0.1(-0.19 %),3076400,161683000000,200000,10540000000,53000,53000,52200
2022-03-17,39.67,52900,0.6(1.15 %),4380700,232439000000,0,0,52600,53600,52400
2022-03-18,39.83,53100,0.2(0.38 %),5476300,291263000000,100000,5300000000,53800,53800,52900
2022-03-21,40.35,53800,0.7(1.32 %),3917200,209641000000,100000,5300000000,53200,53800,53100
2022-03-22,40.95,54600,0.8(1.49 %),7817000,427273000000,0,0,54000,55400,54000
2022-03-23,40.88,54500,-0.1(-0.18 %),5534400,303121000000,100000,5300000000,54500,55300,54100
2022-03-24,40.28,53700,-0.8(-1.47 %),5790400,312677000000,0,0,54200,54500,53500
2022-03-25,40.35,53800,0.1(0.19 %),3973200,214049000000,0,0,53700,54300,53600
2022-03-28,39.38,52500,-1.3(-2.42 %),7221800,381766000000,200000,10700000000,53500,53500,52000
2022-03-29,40.2,53600,1.1(2.10 %),3819400,204330000000,0,0,52900,54400,52800
2022-03-30,39.52,52700,-0.9(-1.68 %),4581900,244975000000,0,0,53500,54500,52600
2022-03-31,39.83,53100,0.4(0.76 %),5094400,273346000000,200000,10700000000,53500,54400,52800
2022-04-01,40.28,53700,0.6(1.13 %),2862600,153107000000,0,0,53300,53900,53100
2022-04-04,41.25,55000,1.3(2.42 %),8627600,472787000000,0,0,54000,55900,53600
2022-04-05,40.5,54000,-1(-1.82 %),3973500,217034000000,200000,10700000000,55000,55300,54000
2022-04-06,40.35,53800,-0.2(-0.37 %),4565300,245125000000,0,0,53700,54300,53000
2022-04-07,39.08,52100,-1.7(-3.16 %),5579000,294557000000,0,0,53300,53700,52100
2022-04-08,36.38,48500,-3.6(-6.91 %),10353000,522010000000,200000,10700000000,52200,52600,48500
2022-04-12,36.67,48900,0.4(0.82 %),5227500,258164000000,0,0,49600,50600,48500
2022-04-13,38.55,51400,2.5(5.11 %),4653600,232103000000,0,0,49400,51400,48500
2022-04-14,38.17,50900,-0.5(-0.97 %),2857900,147169000000,1200000,58550000000,51800,51900,50900
2022-04-15,37.95,50600,-0.3(-0.59 %),3085400,156908000000,0,0,50600,51500,50500
2022-04-18,35.62,47500,-3.1(-6.13 %),5580600,272582000000,0,0,50500,50700,47100
2022-04-19,34.2,45600,-1.9(-4.00 %),4473200,214295000000,3170580,141299636000,48000,48950,45600
2022-04-20,33.75,45000,-0.6(-1.32 %),4653600,212487000000,0,0,45650,46450,45000
2022-04-21,31.39,41850,-3.15(-7.00 %),7791200,331135000000,475000,22847500000,44000,45000,41850
2022-04-22,31.88,42500,0.65(1.55 %),5999100,249014000000,200000,8950000000,41900,43700,39100
2022-04-25,30.0,40000,-2.5(-5.88 %),6943400,290389000000,0,0,43000,43250,40000
2022-04-26,31.24,41650,1.65(4.12 %),6464900,262902000000,0,0,39900,41650,39000
2022-04-27,32.17,42900,1.2(2.88 %),4083500,172633000000,0,0,41650,43100,41200
2022-04-28,32.25,43000,0.1(0.23 %),3886900,168252000000,0,0,43000,43900,42700
2022-04-29,32.85,43800,0.8(1.86 %),3791900,164128000000,0,0,43000,43800,42700
2022-05-04,32.25,43000,-0.8(-1.83 %),3254800,139856000000,200000,9000000000,43250,43800,42500
2022-05-05,32.1,42800,-0.2(-0.47 %),4445700,187803000000,0,0,43050,43250,40900
2022-05-06,30.82,41100,-1.7(-3.97 %),3957000,164254000000,0,0,41200,42200,41050
2022-05-09,30.0,40000,-1.1(-2.68 %),6033800,236104000000,3000000,131100000000,39600,40400,38250
2022-05-10,30.11,40150,0.15(0.38 %),3431200,136000000000,0,0,38800,40500,38800
2022-05-11,30.9,41200,1.05(2.62 %),3054100,123882000000,0,0,40300,41450,39800
2022-05-12,29.25,39000,-2.2(-5.34 %),3078000,122427000000,200000,8000000000,41000,41000,38350
2022-05-13,27.22,36300,-2.7(-6.92 %),5204200,192994000000,0,0,38100,39000,36300
2022-05-16,27.19,36250,-0.05(-0.14 %),4731900,174014000000,0,0,37000,37500,35700
2022-05-17,28.88,38500,2.2(6.06 %),3220000,119910000000,200000,7600000000,35200,38500,35200
2022-05-18,30.0,40000,1.5(3.90 %),3096200,122978000000,0,0,39000,40500,38400
2022-05-19,30.75,41000,1(2.50 %),4469400,181787000000,0,0,38400,41500,38400
2022-05-20,30.75,41000,0(0.00 %),2657500,110136000000,200000,8200000000,41000,42300,40800
2022-05-23,30.75,41000,0(0.00 %),2240500,91527000000,0,0,42100,42100,39500
2022-05-24,31.35,41800,0.8(1.95 %),3046300,124123000000,0,0,40500,41800,40050
2022-05-25,32.85,43800,2(4.78 %),2943900,125454000000,0,0,41900,43800,41500
2022-05-26,32.96,43950,0.15(0.34 %),2278300,99688000000,200000,8150000000,43600,44200,43000
2022-05-27,33.22,44300,0.3(0.68 %),2410400,107617000000,50000,2200000000,44750,45100,44300
2022-05-30,33.15,44200,-0.1(-0.23 %),1680300,74312000000,0,0,44900,44900,44000
2022-05-31,33.38,44500,0.3(0.68 %),2320500,103307000000,200000,8240000000,44200,44950,44000
2022-06-01,33.38,44500,0(0.00 %),2322100,102824000000,50000,2172500000,44950,44950,43700
2022-06-02,33.3,44400,-0.1(-0.22 %),3101800,139036000000,0,0,45000,45450,44100
2022-06-03,33.45,44600,0.2(0.45 %),1471500,65124000000,200000,8800000000,44550,44800,43800
2022-06-06,32.81,43750,-0.85(-1.91 %),2181400,96499000000,0,0,44600,45100,43700
2022-06-07,32.25,43000,-0.8(-1.83 %),3355600,143173000000,0,0,43750,44100,41500
2022-06-08,33.6,44800,1.8(4.19 %),3414200,151048000000,0,0,43050,44900,43000
2022-06-09,33.6,44800,0(0.00 %),2578100,116363000000,200000,8340000000,44800,45800,44450
2022-06-10,34.12,45500,0.7(1.56 %),5295300,242870000000,0,0,45000,46500,44800
2022-06-13,31.76,42350,-3.15(-6.92 %),3531200,152713000000,0,0,43500,44800,42350
2022-06-14,32.25,43000,0.6(1.42 %),2742500,115320000000,200000,9030000000,41000,43500,40800
2022-06-15,32.17,42900,-0.1(-0.23 %),4320900,180244000000,0,0,43000,43400,40400
2022-06-16,32.02,42700,-0.2(-0.47 %),2175200,93033000000,0,0,43500,43500,42500
2022-06-17,31.5,42000,-0.7(-1.64 %),3274300,134769000000,3080000,140452000000,41000,42000,40000
2022-06-20,29.32,39100,-2.9(-6.90 %),3261400,129571000000,600000,26880000000,42000,42500,39100
2022-06-21,28.6,36350,-0.7(-2.39 %),3051500,86016000000,0,0,36350,36350,36350
2022-06-22,28.5,28500,-0.1(-0.35 %),2651900,76017000000,0,0,27400,29350,27400
2022-06-23,29.7,29700,1.2(4.21 %),2149100,61963000000,50000,1450000000,28500,29700,28100
2022-06-24,30.1,30100,0.4(1.35 %),2504500,75347000000,0,0,29650,30300,29650
2022-06-27,32.0,32000,1.9(6.31 %),4635300,146585000000,0,0,31350,32200,31000
2022-06-28,32.45,32450,0.45(1.41 %),2824200,90706000000,0,0,31400,32450,31400
2022-06-29,33.2,33200,0.7(2.15 %),3202500,106994000000,50000,1510000000,32200,33900,32050
2022-06-30,32.7,32700,-0.5(-1.51 %),3550600,115747000000,1100000,39050000000,33200,33300,31800
2022-07-01,32.55,32550,-0.15(-0.46 %),2176000,69097000000,0,0,32050,32550,31000
2022-07-04,32.5,32500,-0.1(-0.31 %),1855500,59942000000,50000,1645000000,32950,32950,31850
2022-07-05,31.8,31800,-0.7(-2.15 %),1756400,55999000000,2000000,65000000000,32450,32800,31000
2022-07-06,31.5,31500,-0.3(-0.94 %),2639700,82359000000,0,0,30500,31900,30500
2022-07-07,31.7,31700,0.2(0.63 %),1452600,45710000000,0,0,31500,31900,31050
2022-07-08,32.1,32100,0.4(1.26 %),2255400,72797000000,0,0,32250,32700,31700
2022-07-11,33.2,33200,1.1(3.43 %),4022900,131357000000,0,0,32100,33300,31700
2022-07-12,35.5,35500,2.3(6.93 %),10037400,351623000000,50000,1775000000,33500,35500,33400
2022-07-13,35.95,35950,0.45(1.27 %),3817800,136702000000,0,0,35900,36200,35000
2022-07-14,35.95,35950,-0.05(-0.14 %),3763600,134378000000,0,0,35500,36100,35200
2022-07-15,35.55,35550,-0.45(-1.25 %),5660800,202854000000,0,0,35600,36650,35400
2022-07-18,35.6,35600,0(0.00 %),2854500,102156000000,0,0,35800,36100,35200
2022-07-19,36.55,36550,0.95(2.67 %),6490900,236376000000,0,0,36950,36950,36000
2022-07-20,37.0,37000,0.4(1.09 %),5031800,185873000000,0,0,36900,37200,36500
2022-07-21,36.85,36850,-0.15(-0.41 %),3168100,116693000000,0,0,36800,37100,36600
2022-07-22,36.85,36850,-0.05(-0.14 %),5970400,220667000000,0,0,36800,37500,36500
2022-07-25,36.2,36200,-0.7(-1.90 %),3939900,141715000000,0,0,36700,36850,35200
2022-07-26,36.0,36000,-0.2(-0.55 %),1805600,65168000000,83800,3033560000,36200,36450,35500
2022-07-27,36.3,36300,0.3(0.83 %),3579000,127802000000,0,0,35200,36300,35150
2022-07-28,37.8,37800,1.5(4.13 %),12795400,481620000000,0,0,36850,38650,36550
2022-07-29,37.7,37700,-0.1(-0.26 %),6031300,228366000000,0,0,37700,38300,37450
2022-08-01,39.55,39550,1.85(4.91 %),8785700,344041000000,100000,3510000000,38200,39600,38200
2022-08-02,38.8,38800,-0.8(-2.02 %),9766600,381024000000,40000,1472000000,39200,39700,38600
2022-08-03,38.6,38600,-0.2(-0.52 %),7196100,279079000000,145000,6017500000,38400,39250,38400
2022-08-04,37.8,37800,-0.8(-2.07 %),8525300,324646000000,40000,1652000000,38500,38900,37700
2022-08-05,38.5,38500,0.7(1.85 %),5642700,215744000000,75000,3030000000,37650,38900,37450
2022-08-08,37.9,37900,-0.6(-1.56 %),4912300,187914000000,0,0,38700,38950,37900
2022-08-09,37.9,37900,0(0.00 %),4266700,161555000000,60000,2433000000,38100,38100,37650
2022-08-10,37.8,37800,-0.1(-0.26 %),4918300,187168000000,0,0,37900,38400,37750
2022-08-11,37.5,37500,-0.3(-0.79 %),6982300,263169000000,0,0,38300,38300,37000
2022-08-12,38.4,38400,0.9(2.40 %),9172400,352030000000,200000,6980000000,37500,38700,37400
2022-08-15,38.3,38300,-0.1(-0.26 %),4387000,168799000000,0,0,38700,38800,38300
2022-08-16,38.25,38250,-0.05(-0.13 %),3402500,130073000000,0,0,38200,38500,37900
2022-08-17,37.1,37100,-1.2(-3.13 %),12607300,473932000000,560000,22868000000,38100,38250,37050
2022-08-18,36.3,36300,-0.8(-2.16 %),8589700,312924000000,0,0,36850,37000,36050
2022-08-19,35.95,35950,-0.35(-0.96 %),8250900,299767000000,0,0,36500,37350,35650
2022-08-22,36.5,36500,0.5(1.39 %),5708000,207532000000,0,0,35850,36850,35700
2022-08-23,36.95,36950,0.45(1.23 %),5265800,193344000000,2185000,79752500000,36300,37000,36300
2022-08-24,37.25,37250,0.25(0.68 %),6812500,251164000000,1355000,50067250000,37050,37250,36550
2022-08-25,37.8,37800,0.5(1.34 %),8300400,311500000000,0,0,37600,37950,37200
2022-08-26,37.0,37000,-0.8(-2.12 %),5906700,220716000000,0,0,37900,37950,36900
2022-08-29,35.6,35600,-1.4(-3.78 %),14713900,516961000000,6413100,238482400000,35900,36050,34500
2022-08-30,34.65,34650,-0.95(-2.67 %),12872700,450674000000,0,0,35500,36100,34500
2022-08-31,34.7,34700,0(0.00 %),7378700,252787000000,0,0,34500,34800,33700
2022-09-05,34.35,34350,-0.35(-1.01 %),4867100,167887000000,0,0,34700,35200,34000
2022-09-06,33.9,33900,-0.5(-1.45 %),6344900,217059000000,0,0,34300,34700,33900
2022-09-07,31.55,31550,-2.35(-6.93 %),15529800,499366000000,0,0,33100,33500,31550
2022-09-08,30.0,30000,-1.6(-5.06 %),8638400,264065000000,260000,8203000000,31750,32000,30000
2022-09-09,31.6,31600,1.6(5.33 %),4805400,147572000000,0,0,30300,31600,30150
2022-09-12,31.25,31250,-0.35(-1.11 %),2866000,89890000000,0,0,31850,31850,31000
2022-09-13,30.6,30600,-0.7(-2.24 %),4957900,152225000000,0,0,31150,31500,30300
2022-09-14,30.3,30300,-0.3(-0.98 %),6626600,198796000000,0,0,30000,30350,29650
2022-09-15,30.7,30700,0.4(1.32 %),4867600,149806000000,0,0,30500,31200,30450
2022-09-16,30.0,30000,-0.7(-2.28 %),6308400,189647000000,0,0,30700,30750,29700
2022-09-19,27.9,27900,-2.1(-7.00 %),5896100,168892000000,1500000,48150000000,29550,29950,27900
2022-09-20,29.0,29000,1.1(3.94 %),3525500,99842000000,0,0,28400,29000,27600
2022-09-21,29.1,29100,0.1(0.34 %),4825000,140415000000,112000,3248000000,28900,29500,28600
2022-09-22,29.7,29700,0.6(2.06 %),5966700,174463000000,0,0,28900,29750,28800
2022-09-23,29.6,29600,-0.1(-0.34 %),4141800,123033000000,550000,16335000000,29650,30200,29350
2022-09-26,27.85,27850,-1.75(-5.91 %),5851700,164249000000,0,0,29000,29000,27550
2022-09-27,27.5,27500,-0.4(-1.43 %),4613900,128806000000,0,0,28600,28600,27500
2022-09-28,28.0,28000,0.5(1.82 %),5518300,152934000000,0,0,27100,28200,27100
2022-09-29,27.55,27550,-0.45(-1.61 %),3326200,92860000000,0,0,28500,28700,27350
2022-09-30,29.0,29000,1.4(5.07 %),8119600,222218000000,2000000,58800000000,27300,29000,25650
2022-10-03,27.0,27000,-2(-6.90 %),4753300,131690000000,0,0,28750,28750,27000
2022-10-04,26.0,26000,-1(-3.70 %),6193600,163337000000,0,0,27400,27500,25400
2022-10-05,27.0,27000,1(3.85 %),2871800,77021000000,83800,2178800000,26550,27200,26500
2022-10-06,25.15,25150,-1.85(-6.85 %),3884800,100495000000,0,0,27000,27000,25150
2022-10-07,23.4,23400,-1.8(-7.14 %),8980700,211233000000,0,0,24100,24500,23400
2022-10-10,23.35,23350,-0.05(-0.21 %),5114200,117531000000,2300000,57500000000,22400,23600,22000
2022-10-11,21.75,21750,-1.65(-7.05 %),3048300,67117000000,2588000,56289000000,23200,23200,21750
2022-10-12,23.25,23250,1.45(6.65 %),12274300,267893000000,3875000,81272500000,20300,23250,20250
2022-10-13,22.8,22800,-0.5(-2.15 %),2443200,55844000000,5670000,126242000000,23200,23300,22350
2022-10-14,22.65,22650,-0.15(-0.66 %),5753000,130709000000,2210933,50085671900,23200,23500,21950
2022-10-17,22.6,22600,-0.1(-0.44 %),2306200,51363000000,0,0,22600,22650,21950
2022-10-18,23.3,23300,0.7(3.10 %),6939500,162649000000,1898168,41759696000,23000,23750,22900
2022-10-19,23.05,23050,-0.25(-1.07 %),3612000,83057000000,5750500,132593650000,23500,23500,22700
2022-10-20,23.05,23050,-0.05(-0.22 %),5662900,131860000000,800000,18440000000,22800,23700,22700
2022-10-21,21.45,21450,-1.65(-7.14 %),6351800,138521000000,8200000,183365000000,23300,23300,21450
2022-10-24,19.95,19950,-1.55(-7.21 %),4010200,80975000000,0,0,21350,21500,19950
2022-10-25,18.6,18600,-1.4(-7.00 %),12440500,234265000000,722000,14438900000,18700,19950,18600
2022-10-26,17.3,17300,-1.3(-6.99 %),5072200,89608000000,5419586,99823837800,18300,19000,17300
2022-10-27,17.5,17500,0.2(1.16 %),25744800,424684000000,3840466,67040102600,16100,17500,16100
2022-10-28,17.8,17800,0.3(1.71 %),7620600,134778000000,96,1728000,17900,18300,17000
2022-10-31,17.5,17500,-0.3(-1.69 %),12553200,211414000000,0,0,17500,17550,16600
2022-11-01,17.45,17450,-0.05(-0.29 %),13616600,236692000000,0,0,18100,18100,16900
2022-11-02,17.9,17900,0.4(2.29 %),16108200,291052000000,0,0,17900,18450,17750
2022-11-03,17.7,17700,-0.2(-1.12 %),6942900,123914000000,0,0,17600,18100,17500
2022-11-04,16.5,16500,-1.2(-6.78 %),8105100,134972000000,2835000,47266000000,17600,17600,16500
2022-11-07,15.35,15350,-1.15(-6.97 %),5848100,89857000000,14960000,236480000000,15350,15800,15350
2022-11-08,15.25,15250,-0.15(-0.97 %),23376100,339201000000,0,0,14300,15500,14300
2022-11-09,14.2,14200,-1.1(-7.19 %),11527600,170537000000,30000,471000000,15450,15700,14200
2022-11-10,13.95,13950,-0.25(-1.76 %),23618700,325796000000,2300000,57500000000,13650,14850,13250
2022-11-11,14.6,14600,0.6(4.29 %),12377700,178279000000,0,0,14650,14700,14000
2022-11-14,14.95,14950,0.35(2.40 %),16136700,233716000000,0,0,14550,15000,13800
2022-11-15,15.0,15000,0(0.00 %),18759600,274280000000,9000000,139500000000,14300,15200,13950
2022-11-16,16.0,16000,1(6.67 %),14445800,217739000000,0,0,14200,16000,14000
2022-11-17,16.05,16050,0.05(0.31 %),10176700,163554000000,3500000,57400000000,16000,16400,15500
2022-11-18,16.4,16400,0.3(1.86 %),14433600,228618000000,0,0,16000,16400,15200
2022-11-21,16.8,16800,0.4(2.44 %),7685900,129413000000,0,0,16600,17050,16600
2022-11-22,16.85,16850,0.05(0.30 %),14955400,253982000000,0,0,16800,17600,16500
2022-11-23,16.7,16700,-0.2(-1.18 %),7321800,121139000000,1990000,44394500000,16850,16950,16050
2022-11-24,16.75,16750,0.05(0.30 %),6127900,101449000000,1990000,44394500000,16350,16850,16300
2022-11-25,17.7,17700,0.9(5.36 %),7734600,134169000000,0,0,17200,17700,17050
2022-11-28,18.9,18900,1.2(6.78 %),8388700,156202000000,0,0,18200,18900,17950
2022-11-29,20.2,20200,1.3(6.88 %),17298000,343222000000,0,0,19500,20200,19050
2022-11-30,21.15,21150,0.95(4.70 %),9519500,195529000000,0,0,20600,21150,19850
2022-12-01,20.2,20200,-1(-4.72 %),15508500,324962000000,0,0,21350,21550,19700
2022-12-02,21.6,21600,1.4(6.93 %),8850800,181784000000,950000,20520000000,19800,21600,19400
2022-12-05,22.05,22050,0.45(2.08 %),10639100,232629000000,52800,1154208000,22350,22350,21600
2022-12-06,22.1,22100,0(0.00 %),13899100,306130000000,0,0,21600,22450,21500
2022-12-07,22.1,22100,0(0.00 %),5236100,115215000000,0,0,21750,22400,21600
2022-12-08,23.25,23250,1.15(5.20 %),6949200,160356000000,0,0,23000,23400,22700
2022-12-09,23.75,23750,0.45(1.93 %),4563100,107932000000,128000,2992800000,23250,24200,23050
2022-12-12,22.1,22100,-1.7(-7.14 %),5210700,120779000000,0,0,23750,24100,22100
2022-12-13,22.5,22500,0.4(1.81 %),5443100,118829000000,0,0,22050,22500,21250
2022-12-14,22.8,22800,0.3(1.33 %),4056200,92857000000,0,0,22950,23200,22600
2022-12-15,22.8,22800,0(0.00 %),3084100,70601000000,0,0,22750,23100,22400
2022-12-16,23.0,23000,0.2(0.88 %),5121300,117281000000,0,0,22300,23150,22300
2022-12-19,22.0,22000,-1(-4.35 %),4526400,104145000000,0,0,23000,23450,22000
2022-12-20,21.9,21900,-0.1(-0.45 %),5727400,122992000000,0,0,21800,22500,20600
2022-12-21,21.5,21500,-0.4(-1.83 %),4099000,86924000000,0,0,21900,22250,20400
2022-12-22,21.4,21400,-0.1(-0.47 %),3311300,70157000000,0,0,21900,21900,20800
2022-12-23,21.5,21500,0.1(0.47 %),2111200,45143000000,60000,1200000000,21200,21600,21000
2022-12-26,20.0,20000,-1.5(-6.98 %),4037500,82939000000,20000,460000000,21350,21500,20000
2022-12-27,21.4,21400,1.4(7.00 %),4562600,94698000000,93333,1866660000,19950,21400,19800
2022-12-28,22.85,22850,1.45(6.78 %),7659000,172517000000,0,0,21500,22850,21500
2022-12-29,23.9,23900,1(4.37 %),7053600,167805000000,0,0,23550,24100,23550
2022-12-30,24.2,24200,0.3(1.26 %),6410800,155608000000,0,0,24100,24500,23900
2023-01-03,24.7,24700,0.5(2.07 %),4207000,103487000000,0,0,24350,24750,24300
2023-01-04,26.0,26000,1.3(5.26 %),9973400,250538000000,1500000,34500000000,24800,26400,24100
2023-01-05,26.0,26000,0(0.00 %),4480500,117089000000,0,0,26300,26400,25700
2023-01-06,24.95,24950,-1.05(-4.04 %),6833100,171511000000,0,0,26100,26100,24400
2023-01-09,25.1,25100,0.1(0.40 %),3208700,80551000000,0,0,25000,25350,24900
2023-01-10,24.95,24950,-0.15(-0.60 %),3810700,95310000000,0,0,25100,25450,24500
2023-01-11,25.0,25000,0(0.00 %),3877800,97301000000,0,0,25200,25450,24900
2023-01-12,25.4,25400,0.4(1.60 %),3638200,92483000000,0,0,25000,25700,25000
2023-01-13,25.0,25000,-0.4(-1.57 %),3716800,93699000000,0,0,25450,25700,24750
2023-01-16,24.8,24800,-0.2(-0.80 %),4664400,115194000000,3231400,86278380000,24700,25000,24300
2023-01-17,25.25,25250,0.45(1.81 %),3786100,94857000000,3480000,88392000000,24800,25250,24800
2023-01-18,25.45,25450,0.15(0.59 %),4032500,102876000000,0,0,25250,25700,25250
2023-01-19,25.2,25200,-0.3(-1.18 %),4969100,124871000000,211200,5305344000,25300,25500,24800
2023-01-27,26.95,26950,1.75(6.94 %),11327300,298300000000,0,0,25500,26950,25500
2023-01-30,26.55,26550,-0.45(-1.67 %),5091100,136586000000,0,0,27000,27400,26400
2023-01-31,25.9,25900,-0.7(-2.63 %),9617200,247415000000,0,0,26000,26300,25300
2023-02-01,24.3,24300,-1.6(-6.18 %),9505100,239763000000,0,0,26050,26150,24300
2023-02-02,23.0,23000,-1.3(-5.35 %),9092200,211800000000,0,0,24200,24500,22800
2023-02-03,24.0,24000,1(4.35 %),4331900,102800000000,0,0,23200,24000,23200
2023-02-06,24.3,24300,0.3(1.25 %),3700400,89052000000,0,0,23950,24450,23500
2023-02-07,23.4,23400,-0.9(-3.70 %),3696100,87133000000,0,0,24200,24400,22900
2023-02-08,23.4,23400,0(0.00 %),5342800,122232000000,0,0,23500,23600,22000
2023-02-09,23.5,23500,0.1(0.43 %),3564400,83475000000,0,0,23350,23900,23000
2023-02-10,22.25,22250,-1.25(-5.32 %),4909400,111137000000,0,0,23350,23350,22250
2023-02-13,21.9,21900,-0.4(-1.79 %),4657900,99032000000,0,0,22000,22050,20800
2023-02-14,22.45,22450,0.55(2.51 %),2428400,53769000000,0,0,22200,22500,21850
2023-02-15,23.0,23000,0.5(2.22 %),3910600,89655000000,80000,1920000000,22500,23200,22500
2023-02-16,23.95,23950,0.95(4.13 %),4796700,113929000000,0,0,23500,24100,23350
2023-02-17,24.0,24000,0(0.00 %),3096700,74254000000,0,0,23950,24200,23600
2023-02-20,24.45,24450,0.45(1.88 %),4678500,112879000000,0,0,24000,24450,23750
2023-02-21,24.0,24000,-0.5(-2.04 %),3292400,80609000000,0,0,24500,24850,24000
2023-02-22,23.2,23200,-0.8(-3.33 %),4775100,112431000000,0,0,23450,24000,23200
2023-02-23,22.95,22950,-0.25(-1.08 %),4357300,97641000000,0,0,23200,23400,21900
2023-02-24,22.35,22350,-0.65(-2.83 %),1853600,41568000000,0,0,23000,23050,22200
2023-02-27,21.1,21100,-1.3(-5.80 %),3569400,76838000000,0,0,21300,22050,21100
2023-02-28,21.25,21250,0.15(0.71 %),1613900,34526000000,110600,2365734000,21400,21700,21000
2023-03-01,22.3,22300,1(4.69 %),2687300,58036000000,0,0,21150,22300,20500
2023-03-02,22.35,22350,0.05(0.22 %),1597300,35574000000,0,0,22300,22400,22000
2023-03-03,21.5,21500,-0.9(-4.02 %),3456800,76695000000,0,0,22300,22600,21500
2023-03-06,21.55,21550,0.05(0.23 %),2334500,51049000000,0,0,22000,22100,21550
2023-03-07,21.8,21800,0.2(0.93 %),1807200,39078000000,0,0,21650,21900,21400
2023-03-08,22.85,22850,1.05(4.82 %),4576800,101747000000,363000,8167500000,21450,22850,21300
2023-03-09,22.8,22800,-0.1(-0.44 %),2656000,60749000000,50000,1217500000,23100,23200,22650
2023-03-10,22.5,22500,-0.3(-1.32 %),1881500,42205000000,363000,8134830000,22650,22750,22250
2023-03-13,22.2,22200,-0.3(-1.33 %),1512500,33599000000,0,0,22400,22500,22000
2023-03-14,21.35,21350,-0.85(-3.83 %),4069900,86949000000,0,0,22100,22200,20950
2023-03-15,22.5,22500,1.1(5.14 %),3874800,85442000000,0,0,21950,22500,21550
2023-03-16,22.2,22200,-0.3(-1.33 %),2409500,53297000000,0,0,22250,22400,21900
2023-03-17,22.2,22200,0(0.00 %),3321200,73731000000,0,0,22600,22600,22000
2023-03-20,21.9,21900,-0.3(-1.35 %),2601800,56392000000,0,0,22000,22050,21400
2023-03-21,22.2,22200,0.3(1.37 %),2434700,53368000000,0,0,21900,22200,21550
2023-03-22,22.2,22200,0(0.00 %),2525400,56264000000,0,0,22200,22450,22100
2023-03-23,22.2,22200,0(0.00 %),1627000,36038000000,0,0,22050,22350,21850
2023-03-24,22.6,22600,0.4(1.80 %),7327500,166518000000,0,0,22400,23100,22400
2023-03-27,23.05,23050,0.45(1.99 %),3510200,80101000000,0,0,22600,23100,22600
2023-03-28,22.7,22700,-0.4(-1.73 %),3907600,89792000000,0,0,23400,23400,22700
2023-03-29,22.7,22700,0(0.00 %),2160200,48986000000,0,0,22650,22800,22550
2023-03-30,22.7,22700,0(0.00 %),3209500,73932000000,0,0,23100,23350,22700
2023-03-31,24.25,24250,1.55(6.83 %),11169900,264390000000,0,0,22700,24250,22700
2023-04-03,25.15,25150,0.85(3.50 %),7106700,177326000000,50000,1140000000,25000,25150,24650
2023-04-04,25.3,25300,0.1(0.40 %),6886300,173578000000,0,0,25150,25400,24800
2023-04-05,26.2,26200,0.9(3.56 %),8376000,215619000000,1120000,30240000000,25300,26250,25100
2023-04-06,25.1,25100,-1.1(-4.20 %),8137100,209574000000,0,0,26050,26200,25100
2023-04-07,25.05,25050,-0.05(-0.20 %),6233900,156634000000,0,0,25300,25400,24800
2023-04-10,26.4,26400,1.3(5.18 %),10864300,281256000000,2000000,53600000000,25400,26500,25100
2023-04-11,26.0,26000,-0.4(-1.52 %),7027800,182321000000,1948000,48700000000,26300,26400,25500
2023-04-12,26.2,26200,0.2(0.77 %),7833100,206029000000,0,0,26000,26900,25800
2023-04-13,26.5,26500,0.3(1.15 %),6185500,162513000000,0,0,26200,26700,25950
2023-04-14,24.65,24650,-1.85(-6.98 %),10984300,280276000000,100000,2660000000,26550,26700,24650
2023-04-17,25.15,25150,0.45(1.82 %),3823000,95262000000,0,0,24650,25250,24400
2023-04-18,25.3,25300,0.1(0.40 %),3419000,86252000000,0,0,25200,25600,24900
2023-04-19,24.3,24300,-1(-3.95 %),5841700,144613000000,0,0,25400,25400,24300
2023-04-20,24.3,24300,0(0.00 %),3088200,75569000000,0,0,24400,24700,24250
2023-04-21,24.5,24500,0.2(0.82 %),5630400,138845000000,0,0,24400,25100,24150
2023-04-24,24.3,24300,-0.2(-0.82 %),2268700,55504000000,0,0,24400,24750,24300
2023-04-25,24.6,24600,0.3(1.23 %),5674700,139340000000,0,0,24550,25000,24200
2023-04-26,24.6,24600,0(0.00 %),3068900,74808000000,0,0,24600,24700,24150
2023-04-27,24.9,24900,0.3(1.22 %),8499800,213782000000,0,0,24700,25450,24700
2023-04-28,25.8,25800,0.9(3.61 %),9154200,234183000000,50000,1165000000,25200,25850,25000
2023-05-04,26.2,26200,0.4(1.55 %),12476400,330489000000,0,0,26400,26950,25850
2023-05-05,25.9,25900,-0.3(-1.15 %),6121900,159370000000,0,0,26150,26400,25850
2023-05-08,26.1,26100,0.2(0.77 %),6500400,169765000000,0,0,26100,26500,25850
2023-05-09,27.5,27500,1.4(5.36 %),17802200,483689000000,50000,1310000000,26250,27700,26250
2023-05-10,27.8,27800,0.3(1.09 %),9337300,258497000000,175000,4863250000,27500,28000,27350
2023-05-11,27.6,27600,-0.2(-0.72 %),7165800,198517000000,0,0,27900,28000,27500
2023-05-12,28.0,28000,0.4(1.45 %),9097800,253673000000,100000,2630000000,27600,28300,27450
2023-05-15,27.4,27400,-0.6(-2.14 %),8934200,247129000000,0,0,28200,28350,27400
2023-05-16,27.2,27200,-0.2(-0.73 %),10568400,286881000000,0,0,27300,27400,26800
2023-05-17,26.35,26350,-0.85(-3.12 %),10927200,293690000000,0,0,27200,27450,26350
2023-05-18,26.45,26450,0.1(0.38 %),7570000,200826000000,0,0,26500,26900,26200
2023-05-19,27.0,27000,0.55(2.08 %),7888400,211460000000,0,0,26600,27100,26400
2023-05-22,27.3,27300,0.3(1.11 %),6762100,183782000000,100000,2515000000,27150,27450,26950
2023-05-23,26.85,26850,-0.45(-1.65 %),8728100,235573000000,0,0,27300,27450,26600
2023-05-24,26.55,26550,-0.3(-1.12 %),8736600,234555000000,0,0,27000,27250,26500
2023-05-25,26.7,26700,0.15(0.56 %),7452700,200153000000,0,0,26450,27200,26450
2023-05-26,27.0,27000,0.3(1.12 %),5378500,144737000000,0,0,26800,27150,26750
2023-05-29,28.15,28150,1.15(4.26 %),12168800,338264000000,0,0,27450,28200,27300
2023-05-30,27.85,27850,-0.3(-1.07 %),8890200,246316000000,0,0,28300,28300,27450
2023-05-31,28.05,28050,0.2(0.72 %),11146100,312066000000,0,0,27800,28500,27650
2023-06-01,28.5,28500,0.45(1.60 %),10381900,293335000000,0,0,28150,28600,27800
2023-06-02,28.65,28650,0.15(0.53 %),9832300,282250000000,0,0,28800,29000,28500
2023-06-05,27.9,27900,-0.75(-2.62 %),14675200,414750000000,0,0,28900,28900,27800
2023-06-06,28.0,28000,0.1(0.36 %),10375600,288546000000,0,0,27850,28100,27600
2023-06-07,28.3,28300,0.3(1.07 %),9923800,278772000000,0,0,28150,28350,27900
2023-06-08,27.5,27500,-0.8(-2.83 %),17346400,491504000000,0,0,28400,28700,27500
2023-06-09,27.6,27600,0.1(0.36 %),9186700,251116000000,0,0,27500,27750,26900
2023-06-12,27.9,27900,0.3(1.09 %),9284300,255108000000,0,0,27750,27900,27000
2023-06-13,27.9,27900,0(0.00 %),6178800,171930000000,0,0,28100,28100,27600
2023-06-14,27.7,27700,-0.2(-0.72 %),10764400,301336000000,0,0,28100,28300,27700
2023-06-15,27.6,27600,-0.1(-0.36 %),4248100,117258000000,0,0,27700,27800,27350
2023-06-16,27.5,27500,-0.1(-0.36 %),8993400,250796000000,0,0,27850,28250,27500
2023-06-19,27.75,27750,0.25(0.91 %),6018900,166898000000,0,0,27700,28000,27500
2023-06-20,28.75,28750,0.95(3.42 %),14361100,408949000000,0,0,27800,28800,27800
2023-06-21,29.3,29300,0.5(1.74 %),10272300,298850000000,0,0,28850,29300,28750
2023-06-22,29.1,29100,-0.2(-0.68 %),10789300,315278000000,0,0,29350,29700,28750
2023-06-23,29.0,29000,-0.1(-0.34 %),8796100,257514000000,168000,4788000000,29300,29600,29000
2023-06-26,30.0,30000,1(3.45 %),15768700,465667000000,0,0,29200,30150,28800
2023-06-27,30.3,30300,0.3(1.00 %),11448100,347300000000,0,0,30200,30600,30050
2023-06-28,29.6,29600,-0.7(-2.31 %),10073600,300600000000,0,0,30300,30300,29600
2023-06-29,29.0,29000,-0.6(-2.03 %),10575900,310445000000,0,0,29500,29800,29000
2023-06-30,29.35,29350,0.35(1.21 %),7507900,220307000000,0,0,29150,29650,29050
2023-07-03,29.8,29800,0.4(1.36 %),6584100,195753000000,21000,619500000,29550,30100,29300
2023-07-04,29.8,29800,0(0.00 %),5356700,158835000000,130000,3850600000,29800,29850,29500
2023-07-05,29.5,29500,-0.3(-1.01 %),10370500,310785000000,0,0,30000,30250,29500
2023-07-06,30.05,30050,0.55(1.86 %),10157000,302653000000,300000,8900000000,29600,30450,29300
2023-07-07,30.6,30600,0.5(1.66 %),8086100,246252000000,60000,1800000000,30000,30800,29900
2023-07-10,30.6,30600,0(0.00 %),7343700,224629000000,0,0,30700,30850,30250
2023-07-11,30.8,30800,0.2(0.65 %),8600700,265603000000,0,0,30600,31300,30550
2023-07-12,30.95,30950,0.15(0.49 %),7265900,223503000000,20000,573000000,30850,31100,30500
2023-07-13,31.0,31000,0(0.00 %),6339900,196340000000,0,0,31050,31200,30800
2023-07-14,31.0,31000,0(0.00 %),8146700,251375000000,0,0,31200,31300,30550
2023-07-17,30.85,30850,-0.15(-0.48 %),7429700,229438000000,318100,9883367000,31100,31200,30550
2023-07-18,30.65,30650,-0.25(-0.81 %),6174200,189802000000,150500,4623360000,30900,30900,30600
2023-07-19,30.7,30700,0(0.00 %),7336200,228352000000,0,0,30700,31500,30700
2023-07-20,30.8,30800,0.1(0.33 %),5194100,160338000000,227200,6975040000,30750,31200,30600
2023-07-21,32.55,32550,1.75(5.68 %),14791100,473746000000,0,0,31150,32800,31100
2023-07-24,32.4,32400,-0.2(-0.61 %),6680700,216550000000,0,0,32600,32750,32050
2023-07-25,32.0,32000,-0.4(-1.23 %),8110600,260071000000,0,0,32600,32600,31900
2023-07-26,32.2,32200,0.2(0.62 %),5898300,189088000000,0,0,31900,32400,31750
2023-07-27,32.55,32550,0.35(1.09 %),7508100,241697000000,0,0,31950,32700,31750
2023-07-28,32.8,32800,0.2(0.61 %),8181000,268524000000,130000,4264000000,32550,33200,32200
2023-07-31,33.0,33000,0.2(0.61 %),11147900,369643000000,0,0,33800,33900,32600
2023-08-01,32.05,32050,-0.95(-2.88 %),12274100,398617000000,0,0,33100,33100,32050
2023-08-02,32.1,32100,0(0.00 %),7566400,243312000000,0,0,32150,32500,31900
2023-08-03,32.05,32050,-0.05(-0.16 %),5710900,184247000000,0,0,32400,32750,32000
2023-08-04,32.5,32500,0.45(1.40 %),5711900,184398000000,0,0,32200,32500,32050
2023-08-07,32.6,32600,0.1(0.31 %),7786700,254771000000,273000,8929830000,32800,33000,32450
2023-08-08,32.0,32000,-0.6(-1.84 %),8172000,264203000000,24300,790479000,32600,32850,31950
2023-08-09,31.3,31300,-0.7(-2.19 %),9401600,297469000000,0,0,31900,32150,31150
2023-08-10,30.8,30800,-0.5(-1.60 %),7624800,238019000000,0,0,31450,31550,30800
2023-08-11,32.0,32000,1.2(3.90 %),9298100,292552000000,490000,15415400000,30950,32050,30800
2023-08-14,32.45,32450,0.45(1.41 %),10671200,344554000000,0,0,32100,32700,32000
2023-08-15,32.6,32600,0.1(0.31 %),10020400,328688000000,136000,4459920000,32700,33200,32500
2023-08-16,32.35,32350,-0.25(-0.77 %),4563400,147929000000,0,0,32500,32650,32250
2023-08-17,32.25,32250,-0.15(-0.46 %),8270100,268803000000,0,0,32600,32800,32250
2023-08-18,30.0,30000,-2.3(-7.12 %),15206900,472263000000,0,0,32000,32050,30000
2023-08-21,30.0,30000,0(0.00 %),7348600,220710000000,100000,3150000000,30100,30600,29500
2023-08-22,31.4,31400,1.4(4.67 %),9023200,276817000000,330000,10200000000,30600,31400,29500
2023-08-23,31.1,31100,-0.3(-0.96 %),4037100,126811000000,0,0,31850,31850,31100
2023-08-24,31.65,31650,0.55(1.77 %),3849900,120782000000,500000,15215875000,31500,31700,31000
2023-08-25,31.6,31600,-0.05(-0.16 %),7901300,252345000000,0,0,31650,32350,31550
2023-08-28,32.3,32300,0.7(2.22 %),6262400,200347000000,0,0,31650,32300,31650
2023-08-29,33.2,33200,0.9(2.79 %),16825200,559759000000,380000,12208230000,32700,33700,32700
2023-08-30,33.6,33600,0.4(1.20 %),7576500,253827000000,0,0,33600,33800,33200
2023-08-31,34.45,34450,0.85(2.53 %),12970600,443469000000,0,0,33700,34700,33450
2023-09-05,34.2,34200,-0.25(-0.73 %),10906700,373934000000,0,0,34800,34800,34000
2023-09-06,34.4,34400,0.2(0.58 %),12177700,417079000000,0,0,34500,34600,33950
2023-09-07,34.25,34250,-0.15(-0.44 %),13100100,449745000000,0,0,34650,34750,34000
2023-09-08,35.4,35400,1.15(3.36 %),17852800,625749000000,0,0,34200,35900,34000
2023-09-11,34.1,34100,-1.3(-3.67 %),19333700,677118000000,0,0,36000,36100,34050
2023-09-12,35.0,35000,0.9(2.64 %),11094000,381295000000,0,0,34300,35000,33750
2023-09-13,34.55,34550,-0.45(-1.29 %),12292300,428158000000,0,0,35200,35400,34000
2023-09-14,34.9,34900,0.35(1.01 %),12434200,428086000000,0,0,34500,35100,34000
2023-09-15,35.6,35600,0.7(2.01 %),18283100,650504000000,200000,6980000000,35050,36350,34850
2023-09-18,35.25,35250,-0.35(-0.98 %),8238900,293123000000,20000,684000000,35700,36050,34900
2023-09-19,35.15,35150,-0.1(-0.28 %),9974400,347531000000,0,0,35400,35500,34500
2023-09-20,36.15,36150,1(2.84 %),10699100,382372000000,0,0,35200,36200,34850
2023-09-21,35.7,35700,-0.45(-1.24 %),10256100,369979000000,155000,5215750000,36400,36600,35700
2023-09-22,34.0,34000,-1.7(-4.76 %),15333800,529299000000,350000,12495000000,35000,35350,33500
2023-09-25,31.7,31700,-2.3(-6.76 %),13206200,441043000000,75000,2655000000,34000,35000,31700
2023-09-26,31.65,31650,-0.05(-0.16 %),9473900,303315000000,0,0,31750,32850,31500
2023-09-27,32.6,32600,0.95(3.00 %),10380600,324854000000,0,0,32000,32600,30500
2023-09-28,32.55,32550,-0.05(-0.15 %),6134900,197225000000,0,0,32400,32750,31800
2023-09-29,32.1,32100,-0.45(-1.38 %),4475500,145453000000,0,0,32700,32950,32100
2023-10-02,32.3,32300,0.2(0.62 %),4326400,140481000000,0,0,32400,32800,32050
2023-10-03,30.25,30250,-2.05(-6.35 %),11098700,343890000000,138000,4761000000,32000,32000,30200
2023-10-04,30.6,30600,0.35(1.16 %),7599300,232303000000,0,0,29500,31650,29500
2023-10-05,30.8,30800,0.2(0.65 %),6783900,212299000000,0,0,31050,31850,30800
2023-10-06,31.65,31650,0.85(2.76 %),5417200,168371000000,0,0,30700,31700,30600
2023-10-09,31.65,31650,0(0.00 %),5309100,168365000000,205000,6929000000,31650,32050,31400
2023-10-10,31.6,31600,-0.05(-0.16 %),8419800,269291000000,0,0,32000,32450,31600
2023-10-11,32.0,32000,0.4(1.27 %),6267500,199054000000,0,0,31750,32200,31450
2023-10-12,32.4,32400,0.4(1.25 %),8165900,265078000000,0,0,32300,32750,32100
2023-10-13,33.3,33300,0.9(2.78 %),13163100,432981000000,0,0,32100,33300,32000
2023-10-16,33.0,33000,-0.3(-0.90 %),11174300,375633000000,0,0,33500,34250,33000
2023-10-17,30.7,30700,-2.3(-6.97 %),11245500,363023000000,0,0,33250,33450,30700
2023-10-18,30.35,30350,-0.35(-1.14 %),11395800,348040000000,0,0,31100,31400,29000
2023-10-19,29.35,29350,-1(-3.29 %),8896000,264039000000,0,0,30100,30300,29200
2023-10-20,30.4,30400,1.05(3.58 %),6992700,205945000000,0,0,29150,30400,28700
2023-10-23,30.4,30400,0(0.00 %),6477500,197875000000,1236000,40170000000,30500,30800,30250
2023-10-24,31.25,31250,0.85(2.80 %),5711200,175573000000,0,0,30500,31250,30100
2023-10-25,30.65,30650,-0.6(-1.92 %),7186500,222158000000,0,0,31250,31400,30500
2023-10-26,28.55,28550,-2.1(-6.85 %),12673500,364526000000,0,0,29700,29900,28550
2023-10-27,28.5,28500,-0.05(-0.18 %),6035500,171805000000,80000,2328000000,29000,29100,27500
2023-10-30,26.55,26550,-1.95(-6.84 %),5479900,151103000000,0,0,27800,28400,26550
2023-10-31,25.5,25500,-1.05(-3.95 %),9482700,247816000000,0,0,26550,26950,25200
2023-11-01,26.7,26700,1.2(4.71 %),6780600,175865000000,0,0,25550,26800,25400
2023-11-02,28.5,28500,1.8(6.74 %),7277700,202046000000,0,0,27300,28500,27050
2023-11-03,28.45,28450,-0.05(-0.18 %),8448500,239284000000,100000,2950000000,28650,28650,27900
2023-11-06,28.6,28600,0.15(0.53 %),6721200,189972000000,0,0,28600,28850,27900
2023-11-07,28.5,28500,-0.1(-0.35 %),5791000,166149000000,3220000,86940000000,28200,29300,28100
2023-11-08,30.45,30450,1.95(6.84 %),11636300,341826000000,1000000,28850000000,28450,30450,28400
2023-11-09,30.7,30700,0.25(0.82 %),13142000,404982000000,65000,1956500000,30800,31500,30100
2023-11-10,30.6,30600,-0.1(-0.33 %),9958700,307437000000,0,0,30450,31350,30400
2023-11-13,30.8,30800,0.2(0.65 %),6362000,195500000000,0,0,30800,31300,30150
2023-11-14,30.75,30750,-0.05(-0.16 %),5581000,172469000000,0,0,31200,31200,30550
2023-11-15,30.7,30700,-0.05(-0.16 %),7475400,232456000000,0,0,31500,31500,30500
2023-11-16,31.2,31200,0.5(1.63 %),5621600,173990000000,1000000,30950000000,30550,31200,30550
2023-11-17,31.45,31450,0.25(0.80 %),17949300,569316000000,40000,1252000000,31450,32500,31050
2023-11-20,32.05,32050,0.6(1.91 %),12523600,400731000000,0,0,30600,32450,30600
2023-11-21,32.1,32100,0.05(0.16 %),5780600,185876000000,250000,8000000000,32450,32500,31900
2023-11-22,32.4,32400,0.3(0.93 %),7206100,231448000000,0,0,32100,32400,31650
2023-11-23,30.4,30400,-2(-6.17 %),9273800,294369000000,0,0,32700,32750,30400
2023-11-24,31.35,31350,0.95(3.12 %),9947700,303516000000,0,0,30750,31350,29900
2023-11-27,31.0,31000,-0.35(-1.12 %),3499900,109565000000,220000,7348000000,31400,31750,30850
2023-11-28,31.0,31000,0(0.00 %),7293100,221758000000,0,0,30950,31100,29950
2023-11-29,31.0,31000,0(0.00 %),5768100,178537000000,0,0,31150,31200,30800
2023-11-30,31.1,31100,0.1(0.32 %),8285000,261106000000,100000,3101450000,31050,31900,31050
2023-12-01,31.55,31550,0.45(1.45 %),5518600,172959000000,0,0,31450,31650,31000
2023-12-04,32.85,32850,1.3(4.12 %),13657300,444433000000,0,0,32100,33100,32050
2023-12-05,32.85,32850,0(0.00 %),5979300,195497000000,0,0,32850,32900,32500
2023-12-06,33.05,33050,0.2(0.61 %),8941800,294211000000,0,0,33100,33300,32600
2023-12-07,32.2,32200,-0.85(-2.57 %),12707700,408940000000,0,0,33050,33050,31500
2023-12-08,32.55,32550,0.35(1.09 %),6362200,206227000000,1600000,51904000000,32200,32600,32100
2023-12-11,32.45,32450,-0.1(-0.31 %),4039200,131059000000,0,0,32850,32850,32100
2023-12-12,32.2,32200,-0.25(-0.77 %),4900800,158806000000,500000,16200000000,32650,32850,32150
2023-12-13,31.45,31450,-0.75(-2.33 %),10237100,326142000000,0,0,32350,32450,31250
2023-12-14,31.0,31000,-0.45(-1.43 %),6188800,194014000000,0,0,31800,31850,31000
2023-12-15,30.7,30700,-0.3(-0.97 %),6586200,203857000000,0,0,31050,31300,30700
2023-12-18,30.15,30150,-0.55(-1.79 %),6441300,195744000000,25000,715000000,30800,30800,30100
2023-12-19,30.9,30900,0.75(2.49 %),6084200,184568000000,0,0,30150,30900,30100
2023-12-20,31.5,31500,0.6(1.94 %),4384300,137056000000,250666,7206647500,30900,31500,30900
2023-12-21,31.1,31100,-0.4(-1.27 %),4383100,136259000000,169000,5308800000,31050,31350,30900
2023-12-22,31.1,31100,0(0.00 %),3657800,114185000000,0,0,31100,31450,31000
2023-12-25,31.6,31600,0.5(1.61 %),4013400,125984000000,0,0,31050,31600,31050
2023-12-26,31.7,31700,0.1(0.32 %),5128400,163427000000,0,0,31750,32150,31700
2023-12-27,31.5,31500,-0.2(-0.63 %),4205200,133237000000,0,0,31750,31850,31500
2023-12-28,31.5,31500,0(0.00 %),4087400,128983000000,0,0,31500,31700,31350
2023-12-29,31.75,31750,0.25(0.79 %),4636200,146979000000,0,0,31550,31900,31500
2024-01-02,31.55,31550,-0.2(-0.63 %),5368200,170692000000,0,0,32000,32200,31500
2024-01-03,31.9,31900,0.35(1.11 %),3813500,121053000000,0,0,31500,31900,31450
2024-01-04,31.7,31700,-0.2(-0.63 %),12751800,409715000000,0,0,31950,32350,31700
2024-01-05,31.95,31950,0.25(0.79 %),6351000,203103000000,0,0,31700,32400,31650
2024-01-08,32.3,32300,0.35(1.10 %),7233000,232937000000,0,0,32200,32500,32000
2024-01-09,32.25,32250,-0.05(-0.15 %),9100400,295168000000,100000,3228000000,32400,32750,32150
2024-01-10,31.65,31650,-0.6(-1.86 %),10596100,336471000000,0,0,32150,32200,31450
2024-01-11,31.7,31700,0.05(0.16 %),7229000,228705000000,0,0,31650,31800,31500
2024-01-12,30.9,30900,-0.8(-2.52 %),10419200,323631000000,0,0,31300,31500,30650
2024-01-15,30.45,30450,-0.45(-1.46 %),4325200,133205000000,0,0,31200,31200,30450
2024-01-16,30.95,30950,0.5(1.64 %),4029900,123527000000,0,0,30400,30950,30400
2024-01-17,30.95,30950,0(0.00 %),4610000,143372000000,0,0,30950,31300,30900
2024-01-18,31.4,31400,0.45(1.45 %),3862500,120639000000,0,0,31100,31400,31000
2024-01-19,31.55,31550,0.15(0.48 %),5407300,171935000000,0,0,31550,32200,31500
2024-01-22,30.75,30750,-0.8(-2.54 %),17832200,541678000000,0,0,31500,31700,29350
2024-01-23,30.35,30350,-0.4(-1.30 %),6124700,186032000000,300000,9108000000,30750,30750,30200
2024-01-24,30.5,30500,0.15(0.49 %),5005500,152913000000,0,0,30250,30800,30250
2024-01-25,30.3,30300,-0.2(-0.66 %),4094800,124797000000,0,0,30500,30650,30300
2024-01-26,30.2,30200,-0.1(-0.33 %),6069600,183579000000,1500000,46575000000,30400,30700,30150
2024-01-29,30.4,30400,0.2(0.66 %),2945700,89953000000,1000000,30880000000,30400,30750,30200
2024-01-30,30.95,30950,0.55(1.81 %),5924900,181809000000,0,0,30600,31000,30350
2024-01-31,30.25,30250,-0.7(-2.26 %),5733100,175601000000,0,0,31000,31150,30250
2024-02-01,31.35,31350,1.1(3.64 %),9323700,289272000000,0,0,30300,31600,30300
2024-02-02,30.95,30950,-0.4(-1.28 %),4478300,139693000000,0,0,31500,31550,30950
2024-02-05,31.05,31050,0.1(0.32 %),4653200,144296000000,0,0,31000,31250,30850
2024-02-06,31.15,31150,0.1(0.32 %),3792300,117772000000,0,0,31100,31200,31000
2024-02-07,31.2,31200,0.05(0.16 %),3915800,121894000000,0,0,31200,31300,31000
2024-02-15,31.05,31050,-0.15(-0.48 %),5965400,185988000000,0,0,31500,31500,30900
2024-02-16,31.45,31450,0.4(1.29 %),7946400,250760000000,0,0,31050,31950,31050
2024-02-19,31.95,31950,0.5(1.59 %),10857700,344558000000,0,0,31450,32300,31250
2024-02-20,31.95,31950,0(0.00 %),5409400,172082000000,0,0,32100,32100,31550
2024-02-21,31.75,31750,-0.2(-0.63 %),6849400,218406000000,100000,3240000000,31850,32400,31600
2024-02-22,31.75,31750,0(0.00 %),5785200,184151000000,56600,1797050000,31850,32050,31750
2024-02-23,30.6,30600,-1.15(-3.62 %),11070700,345006000000,0,0,31750,31800,30600
2024-02-26,30.6,30600,0(0.00 %),5611900,171541000000,0,0,30500,30750,30400
2024-02-27,31.05,31050,0.45(1.47 %),4979200,153970000000,300000,8550000000,30650,31250,30650
2024-02-28,31.2,31200,0.15(0.48 %),5521400,172158000000,0,0,31150,31450,31000
2024-02-29,31.0,31000,-0.2(-0.64 %),7926000,245537000000,0,0,31200,31350,30800
2024-03-01,31.2,31200,0.2(0.65 %),5968600,185175000000,0,0,31200,31250,30850
2024-03-04,33.35,33350,2.15(6.89 %),35641400,1165571000000,0,0,31500,33350,31400
2024-03-05,33.3,33300,-0.05(-0.15 %),7776000,259483000000,0,0,33400,33700,33150
2024-03-06,32.7,32700,-0.6(-1.80 %),6574300,217343000000,0,0,33300,33500,32650
2024-03-07,32.95,32950,0.2(0.61 %),15642500,515123000000,0,0,32700,33400,32450
2024-03-08,33.1,33100,0.15(0.46 %),19710500,658986000000,0,0,33400,34350,32800
2024-03-11,32.1,32100,-1(-3.02 %),13355300,436127000000,0,0,33100,33500,31850
2024-03-12,32.0,32000,-0.1(-0.31 %),10765500,346655000000,0,0,32000,32900,31550
2024-03-13,32.9,32900,0.9(2.81 %),12353400,402611000000,0,0,32500,32950,32200
2024-03-14,33.95,33950,1.05(3.19 %),24486000,839100000000,20000,612000000,33200,35000,33200
2024-03-15,33.6,33600,-0.35(-1.03 %),12529900,419953000000,0,0,34200,34200,33050
2024-03-18,32.1,32100,-1.5(-4.46 %),19180200,620277000000,0,0,33950,34050,31400
2024-03-19,32.4,32400,0.3(0.93 %),11609800,374944000000,0,0,32400,32600,31950
2024-03-20,32.9,32900,0.5(1.54 %),7099800,230920000000,30000,904500000,32450,32900,32050
2024-03-21,34.5,34500,1.6(4.86 %),28696100,974777000000,0,0,33500,34800,33050
2024-03-22,35.7,35700,1.2(3.48 %),21473100,753991000000,0,0,34850,35900,34200
2024-03-25,35.0,35000,-0.7(-1.96 %),13776500,485211000000,5159000,184176300000,35700,35850,34500
2024-03-26,36.1,36100,1.1(3.14 %),13766600,490138000000,0,0,34850,36250,34500
2024-03-27,35.55,35550,-0.55(-1.52 %),7881600,280782000000,821000,29355800000,36300,36300,35350
2024-03-28,35.55,35550,0(0.00 %),9189700,325694000000,100000,3480000000,35650,35950,35150
2024-03-29,34.95,34950,-0.6(-1.69 %),9737600,342081000000,421000,14385550000,35550,35750,34750
2024-04-01,34.4,34400,-0.55(-1.57 %),13562300,467276000000,0,0,34850,34850,34100
2024-04-02,35.5,35500,1.1(3.20 %),10006600,348171000000,0,0,34200,35500,33950
2024-04-03,34.35,34350,-1.15(-3.24 %),12411300,431549000000,0,0,35300,35350,34200
2024-04-04,33.7,33700,-0.65(-1.89 %),11676000,394954000000,0,0,34350,34450,33500
2024-04-05,33.0,33000,-0.7(-2.08 %),10025000,332941000000,0,0,33100,33650,33000
2024-04-08,33.0,33000,0(0.00 %),6555700,216679000000,40000,1320000000,33000,33450,32650
2024-04-09,33.7,33700,0.7(2.12 %),5655600,187831000000,4285000,149718000000,33000,33700,32800
2024-04-10,33.0,33000,-0.7(-2.08 %),4327700,144342000000,0,0,33800,33800,33000
2024-04-11,33.2,33200,0.2(0.61 %),6423400,211985000000,0,0,32550,33400,32550
2024-04-12,33.4,33400,0.2(0.60 %),4526700,150578000000,0,0,33300,33450,33100
2024-04-15,31.1,31100,-2.3(-6.89 %),12469400,400579000000,2300000,80500000000,33200,33450,31100
2024-04-16,30.6,30600,-0.5(-1.61 %),10986100,332760000000,0,0,31000,31000,29600
2024-04-17,29.5,29500,-1.1(-3.59 %),5382300,162486000000,0,0,30950,30950,29500
2024-04-19,28.0,28000,-1.5(-5.08 %),8947600,255796000000,0,0,28800,29500,27950
2024-04-22,29.15,29150,1.15(4.11 %),4448500,128416000000,0,0,28500,29350,28200
2024-04-23,28.25,28250,-0.9(-3.09 %),3959100,113672000000,0,0,29200,29300,28100
2024-04-24,29.5,29500,1.25(4.42 %),5032200,147094000000,0,0,28600,29850,28600
2024-04-25,29.5,29500,0(0.00 %),3026800,88371000000,20000,604000000,29450,29500,28950
2024-04-26,29.0,29000,-0.5(-1.69 %),4112400,119608000000,0,0,29050,29450,28900
2024-05-02,29.0,29000,0(0.00 %),4818100,138461000000,0,0,28650,29200,28300
2024-05-03,29.5,29500,0.5(1.72 %),5085300,150418000000,0,0,29250,29900,29050
2024-05-06,30.25,30250,0.75(2.54 %),4159000,125192000000,0,0,29950,30300,29600
2024-05-07,30.2,30200,-0.05(-0.17 %),3887000,117827000000,0,0,30300,30600,30100
2024-05-08,30.05,30050,-0.15(-0.50 %),4423300,132206000000,0,0,30000,30200,29600
2024-05-09,30.0,30000,-0.05(-0.17 %),3926300,118385000000,0,0,30050,30400,29900
2024-05-10,29.9,29900,-0.1(-0.33 %),3766500,112219000000,0,0,30000,30200,29550
2024-05-13,30.0,30000,0.1(0.33 %),4148300,124546000000,0,0,29900,30250,29650
2024-05-14,30.15,30150,0.15(0.50 %),6263400,190498000000,0,0,29950,30800,29950
2024-05-15,30.25,30250,0.1(0.33 %),4395000,133125000000,100000,3220000000,30400,30500,30100
2024-05-16,30.5,30500,0.25(0.83 %),5994200,183195000000,0,0,30600,30750,30350
2024-05-17,30.8,30800,0.3(0.98 %),5514000,168851000000,0,0,30450,30950,30400
2024-05-20,31.0,31000,0.2(0.65 %),5798000,180417000000,0,0,31050,31450,31000
2024-05-21,31.4,31400,0.4(1.29 %),13517200,421876000000,0,0,31200,31850,30800
2024-05-22,31.0,31000,-0.4(-1.27 %),6258500,195414000000,0,0,31700,31700,30900
2024-05-23,31.6,31600,0.6(1.94 %),6413300,199874000000,0,0,30950,31600,30800
2024-05-24,30.85,30850,-0.75(-2.37 %),10981700,345701000000,0,0,31300,32150,30450
2024-05-27,31.2,31200,0.35(1.13 %),3775500,117047000000,0,0,31000,31250,30800
2024-05-28,32.1,32100,0.9(2.88 %),9224000,293230000000,0,0,31450,32150,31250
2024-05-29,31.85,31850,-0.25(-0.78 %),6167400,197343000000,0,0,32200,32200,31500
2024-05-30,31.5,31500,-0.35(-1.10 %),7599000,236989000000,0,0,31350,31650,30700
2024-05-31,31.4,31400,-0.1(-0.32 %),3558400,111596000000,100000,3112000000,31550,31600,31150
2024-06-03,32.3,32300,0.9(2.87 %),7858600,250987000000,0,0,31750,32300,31550
2024-06-04,31.9,31900,-0.4(-1.24 %),4697800,150867000000,0,0,32500,32500,31850
2024-06-05,31.6,31600,-0.3(-0.94 %),7645800,245137000000,0,0,31900,32500,31600
2024-06-06,31.6,31600,0(0.00 %),4463300,141040000000,0,0,31900,31900,31200
2024-06-07,31.6,31600,0(0.00 %),2992600,94349000000,0,0,31700,31800,31350
2024-06-10,31.7,31700,0.1(0.32 %),4843300,154055000000,0,0,31750,32200,31600
2024-06-11,31.4,31400,-0.3(-0.95 %),5831100,183445000000,0,0,31850,31900,31200
2024-06-12,31.6,31600,0.2(0.64 %),6930100,215937000000,390000,12148500000,31450,31600,30950
2024-06-13,31.35,31350,-0.25(-0.79 %),5605200,175949000000,0,0,31750,31750,31250
2024-06-14,30.3,30300,-1.05(-3.35 %),7259100,226286000000,0,0,31400,31700,30300
2024-06-17,30.2,30200,-0.1(-0.33 %),4315400,130903000000,0,0,30500,30500,30200
2024-06-18,30.4,30400,0.2(0.66 %),2736800,83489000000,0,0,30350,30800,30350
2024-06-19,29.9,29900,-0.5(-1.64 %),7062700,212115000000,0,0,30400,30400,29800
2024-06-20,29.8,29800,-0.1(-0.33 %),3516500,104728000000,0,0,30050,30250,29550
2024-06-21,29.35,29350,-0.45(-1.51 %),3520000,104184000000,0,0,29650,30100,29300
2024-06-24,29.75,29750,0.4(1.36 %),8975400,267494000000,0,0,29450,30300,29400
2024-06-25,29.8,29800,0.05(0.17 %),1863700,55413000000,23800,708050000,29750,29950,29600
2024-06-26,29.5,29500,-0.3(-1.01 %),2931000,86554000000,0,0,29850,29950,29300
2024-06-27,29.25,29250,-0.25(-0.85 %),2792100,82279000000,0,0,29500,29900,29150
2024-06-28,29.0,29000,-0.25(-0.85 %),3948600,114312000000,0,0,29350,29550,28300
2024-07-01,28.95,28950,-0.05(-0.17 %),1783200,51502000000,0,0,29000,29250,28650
2024-07-02,29.3,29300,0.35(1.21 %),2438100,71244000000,17,498100,29100,29400,29050
2024-07-03,29.45,29450,0.15(0.51 %),1776200,52039000000,240000,7032000000,29450,29450,29150
2024-07-04,29.3,29300,-0.15(-0.51 %),2475900,72677000000,0,0,29450,29600,29100
2024-07-05,29.0,29000,-0.3(-1.02 %),2492800,72437000000,0,0,29300,29400,28850
2024-07-08,28.55,28550,-0.45(-1.55 %),5375200,154552000000,49500,1449825000,29050,29200,28500
2024-07-09,28.95,28950,0.4(1.40 %),3211800,92876000000,200000,5784000000,28650,29100,28600
2024-07-10,28.8,28800,-0.15(-0.52 %),3572700,103687000000,0,0,29100,29300,28800
2024-07-11,28.9,28900,0.1(0.35 %),2974200,86535000000,0,0,29000,29350,28850
2024-07-12,28.6,28600,-0.3(-1.04 %),2943200,84483000000,0,0,28900,29050,28500
2024-07-15,28.25,28250,-0.35(-1.22 %),3623700,103149000000,100000,2865000000,28900,28900,28250
2024-07-16,28.3,28300,0.05(0.18 %),3479300,99015000000,0,0,28300,28800,28250
2024-07-17,27.0,27000,-1.3(-4.59 %),5992700,166699000000,88000,2577600000,28600,28600,27000
2024-07-18,27.45,27450,0.45(1.67 %),3236800,88343000000,0,0,27300,27500,27100
2024-07-19,27.2,27200,-0.25(-0.91 %),2191500,59839000000,0,0,27800,27800,27050
2024-07-22,26.9,26900,-0.3(-1.10 %),3701900,99923000000,20000,582000000,27250,27500,26700
2024-07-23,26.5,26500,-0.4(-1.49 %),2262000,60538000000,0,0,26850,27150,26500
2024-07-24,27.5,27500,1(3.77 %),4542200,122862000000,0,0,26500,27800,26300
2024-07-25,27.75,27750,0.25(0.91 %),1846900,50636000000,0,0,27450,27750,27050
2024-07-26,28.0,28000,0.25(0.90 %),1524100,42234000000,0,0,27750,28000,27450
2024-07-29,27.9,27900,-0.1(-0.36 %),2287200,63592000000,120000,3540000000,28100,28250,27550
2024-07-30,27.3,27300,-0.6(-2.15 %),2067400,56788000000,0,0,27700,27850,27250
2024-07-31,27.3,27300,0(0.00 %),3743500,101847000000,0,0,27050,27600,26900
2024-08-01,26.0,26000,-1.3(-4.76 %),4615400,122080000000,0,0,27200,27200,25900
2024-08-02,25.95,25950,-0.05(-0.19 %),2871600,74170000000,0,0,26000,26300,25500
2024-08-05,24.35,24350,-1.6(-6.17 %),4849500,121074000000,265500,6411825000,25500,25850,24200
2024-08-06,24.6,24600,0.25(1.03 %),2171800,53391000000,0,0,25000,25000,24350
2024-08-07,24.75,24750,0.15(0.61 %),1195800,29655000000,0,0,24800,25000,24600
2024-08-08,24.35,24350,-0.4(-1.62 %),3165000,77449000000,20000,495000000,24650,24850,24250
2024-08-09,25.2,25200,0.85(3.49 %),3197300,79962000000,0,0,24600,25200,24600
2024-08-12,25.4,25400,0.2(0.79 %),1776600,45008000000,0,0,25100,25500,25000
2024-08-13,25.2,25200,-0.2(-0.79 %),1888100,47549000000,0,0,25450,25450,24950
2024-08-14,25.3,25300,0.1(0.40 %),1819800,45902000000,0,0,25250,25400,25050
2024-08-15,24.9,24900,-0.4(-1.58 %),2214200,55221000000,0,0,25100,25250,24750
2024-08-16,26.6,26600,1.7(6.83 %),5768300,150467000000,0,0,25000,26600,24950
2024-08-19,26.6,26600,0(0.00 %),2282700,60960000000,0,0,26900,26950,26550
2024-08-20,27.15,27150,0.55(2.07 %),3682400,99669000000,50000,1330000000,26700,27500,26350
2024-08-21,27.3,27300,0.15(0.55 %),2857600,77916000000,0,0,27250,27400,27100
2024-08-22,27.15,27150,-0.15(-0.55 %),2175100,59313000000,0,0,27300,27450,27100
2024-08-23,26.95,26950,-0.2(-0.74 %),1993700,53791000000,0,0,27100,27250,26800
2024-08-26,26.7,26700,-0.25(-0.93 %),2672200,72345000000,0,0,27100,27500,26700
2024-08-27,26.75,26750,0.05(0.19 %),2441700,65408000000,1000000,28500000000,26700,26950,26700
2024-08-28,26.8,26800,0.05(0.19 %),2411900,64879000000,0,0,26850,27300,26500
2024-08-29,26.6,26600,-0.2(-0.75 %),1139000,30412000000,0,0,26850,26950,26550
2024-08-30,26.75,26750,0.15(0.56 %),1884100,50173000000,0,0,26650,26750,26500
2024-09-04,26.35,26350,-0.4(-1.50 %),3820800,99978000000,25000,658750000,26350,26350,26000
2024-09-05,26.05,26050,-0.3(-1.14 %),2789200,72964000000,0,0,26350,26550,25900
2024-09-06,26.5,26500,0.45(1.73 %),2668600,69557000000,0,0,26050,26500,25600
2024-09-09,26.3,26300,-0.2(-0.75 %),1937300,50761000000,789000,20262100000,26400,26500,26000
2024-09-10,25.75,25750,-0.55(-2.09 %),2373900,61629000000,801500,21671560000,26400,26400,25750
2024-09-11,25.4,25400,-0.35(-1.36 %),2239300,57049000000,0,0,25400,25750,25300
2024-09-12,25.4,25400,0(0.00 %),1730900,43884000000,620000,15500000000,25700,25700,25150
2024-09-13,25.1,25100,-0.3(-1.18 %),1343500,33920000000,427500,11542500000,25400,25500,25100
2024-09-16,24.7,24700,-0.4(-1.59 %),2113100,52631000000,20000,502000000,25150,25300,24700
2024-09-17,25.25,25250,0.55(2.23 %),2114400,52364000000,0,0,24700,25350,24450
2024-09-18,25.25,25250,0(0.00 %),1487400,37847000000,0,0,25250,25600,25250
2024-09-19,26.75,26750,1.5(5.94 %),5653100,148061000000,0,0,25400,26900,25400
2024-09-20,26.65,26650,-0.1(-0.37 %),4419300,118283000000,0,0,26900,27150,26500
2024-09-23,26.4,26400,-0.25(-0.94 %),2278100,60456000000,0,0,26650,26800,26300
2024-09-24,28.2,28200,1.8(6.82 %),11979800,332111000000,1148360,29462930000,26350,28200,26200
2024-09-25,28.05,28050,-0.15(-0.53 %),4155400,116849000000,0,0,28400,28400,27950
2024-09-26,27.95,27950,-0.1(-0.36 %),5081500,143067000000,0,0,28200,28550,27800
2024-09-27,28.05,28050,0.1(0.36 %),4244100,118949000000,0,0,28200,28450,27800
2024-09-30,28.2,28200,0.15(0.53 %),3257000,91658000000,0,0,28000,28400,28000
2024-10-01,28.2,28200,0(0.00 %),4698400,133643000000,0,0,28300,28900,28150
2024-10-02,27.6,27600,-0.6(-2.13 %),4104500,114269000000,1401000,40261000000,28050,28200,27500
2024-10-03,27.15,27150,-0.45(-1.63 %),4183000,114583000000,26000,720200000,27800,27800,27000
2024-10-04,27.2,27200,0.05(0.18 %),3252800,88822000000,20000,552000000,27150,27600,27100
2024-10-07,27.2,27200,0(0.00 %),2752200,75319000000,0,0,27450,27600,27150
2024-10-08,27.7,27700,0.5(1.84 %),3523100,96670000000,0,0,27300,27800,27100
2024-10-09,28.15,28150,0.45(1.62 %),6006500,170413000000,727500,20439900000,27950,28750,27950
2024-10-10,27.85,27850,-0.3(-1.07 %),3040500,85122000000,0,0,28500,28500,27800
2024-10-11,27.95,27950,0.1(0.36 %),2841700,78810000000,0,0,27900,27950,27550
2024-10-14,27.75,27750,-0.2(-0.72 %),2048300,56905000000,0,0,28000,28200,27600
2024-10-15,27.2,27200,-0.55(-1.98 %),3906200,108124000000,0,0,27950,28050,27200
2024-10-16,27.2,27200,0(0.00 %),1913700,52146000000,0,0,27250,27400,27150
2024-10-17,27.7,27700,0.5(1.84 %),3154200,85802000000,0,0,27250,27700,26750
2024-10-18,27.7,27700,0(0.00 %),4299700,120120000000,20000,518000000,27700,28250,27500
2024-10-21,27.25,27250,-0.45(-1.62 %),2119000,58090000000,0,0,27700,27750,27200
2024-10-22,26.25,26250,-1(-3.67 %),7248600,193841000000,0,0,27200,27250,26050
2024-10-23,26.25,26250,0(0.00 %),2610300,68666000000,332860,8787504000,26400,26450,26200
2024-10-24,25.8,25800,-0.45(-1.71 %),3138100,81585000000,0,0,26300,26400,25800
2024-10-25,25.9,25900,0.1(0.39 %),1469000,38103000000,0,0,26250,26250,25850
2024-10-28,26.1,26100,0.2(0.77 %),2583500,66673000000,0,0,25950,26100,25650
2024-10-29,26.3,26300,0.2(0.77 %),2402500,63140000000,0,0,26100,26500,26100
2024-10-30,26.25,26250,-0.05(-0.19 %),3012400,79188000000,0,0,26300,26550,26100
2024-10-31,26.3,26300,0.05(0.19 %),1831000,48108000000,0,0,26350,26450,26200
2024-11-01,26.35,26350,0.05(0.19 %),3222700,85438000000,0,0,26300,26800,26250
2024-11-04,27.05,27050,0.7(2.66 %),6511300,173791000000,0,0,26300,27300,26100
2024-11-05,27.0,27000,-0.05(-0.18 %),2762500,74738000000,26000,686140000,27000,27200,26950
2024-11-06,28.85,28850,1.85(6.85 %),20298300,577060000000,0,0,27600,28850,27500
2024-11-07,28.8,28800,-0.05(-0.17 %),13866300,405010000000,332860,8987220000,29500,29650,28800
2024-11-08,28.8,28800,0(0.00 %),10559200,303070000000,0,0,28900,29200,28250
2024-11-11,28.85,28850,0.05(0.17 %),8097000,234196000000,31000,892800000,29100,29300,28700
2024-11-12,28.7,28700,-0.15(-0.52 %),9583600,279629000000,0,0,29050,29550,28700
2024-11-13,29.55,29550,0.85(2.96 %),9261200,269465000000,0,0,28700,29550,28650
2024-11-14,28.65,28650,-0.9(-3.05 %),7495500,219046000000,412860,12518660000,29600,29700,28650
2024-11-15,29.35,29350,0.7(2.44 %),12071700,353104000000,0,0,28600,29750,28600
2024-11-18,27.6,27600,-1.75(-5.96 %),13350200,373320000000,0,0,29350,29350,27300
2024-11-19,26.6,26600,-1(-3.62 %),7081500,192089000000,382860,11052940000,27350,27800,26600
2024-11-20,26.9,26900,0.3(1.13 %),5816800,157084000000,0,0,26650,27550,26200
2024-11-21,26.9,26900,0(0.00 %),4934100,132002000000,1770000,50002500000,27000,27100,26450
2024-11-22,27.0,27000,0.1(0.37 %),3676300,99120000000,0,0,26900,27200,26750
2024-11-25,27.35,27350,0.35(1.30 %),3212200,87346000000,1770000,44781000000,27150,27350,27050
2024-11-26,27.85,27850,0.5(1.83 %),5344700,148104000000,0,0,27400,27950,27300
2024-11-27,28.0,28000,0.15(0.54 %),4958500,138203000000,0,0,27850,28200,27500
2024-11-28,27.8,27800,-0.2(-0.71 %),2855700,79638000000,0,0,28150,28200,27600
2024-11-29,27.75,27750,-0.05(-0.18 %),3512400,97826000000,0,0,27600,28250,27600
2024-12-02,27.95,27950,0.2(0.72 %),3872300,108460000000,0,0,27800,28250,27650
2024-12-03,28.0,28000,0.05(0.18 %),4479900,125666000000,0,0,27950,28250,27850
2024-12-04,28.0,28000,0(0.00 %),4065400,113534000000,0,0,28000,28050,27700
2024-12-05,28.7,28700,0.7(2.50 %),6524600,185321000000,0,0,28000,28950,27700
2024-12-06,28.7,28700,0(0.00 %),4448900,128273000000,0,0,28900,29250,28550
2024-12-09,28.7,28700,0(0.00 %),3866000,110522000000,1600000,48720000000,28800,28800,28450
2024-12-10,28.7,28700,0(0.00 %),3683000,105438000000,0,0,28650,28950,28400
2024-12-11,28.2,28200,-0.5(-1.74 %),3327300,94651000000,1100000,30400000000,28600,28850,28200
2024-12-12,28.25,28250,0.05(0.18 %),3382900,95995000000,0,0,28300,28600,28150
2024-12-13,27.85,27850,-0.4(-1.42 %),3255500,91339000000,0,0,28250,28300,27850
2024-12-16,28.35,28350,0.5(1.80 %),2463400,69394000000,0,0,27900,28350,27900
2024-12-17,28.2,28200,-0.15(-0.53 %),1429900,40329000000,0,0,28350,28400,28100
2024-12-18,28.15,28150,-0.05(-0.18 %),2430800,68146000000,1200000,35940000000,28100,28300,27850
2024-12-19,27.6,27600,-0.55(-1.95 %),3731900,103546000000,0,0,27800,27900,27300
2024-12-20,27.6,27600,0(0.00 %),2096100,58051000000,0,0,27600,27850,27600
2024-12-23,27.8,27800,0.2(0.72 %),2444700,68354000000,0,0,27700,28150,27700
2024-12-24,27.6,27600,-0.2(-0.72 %),3091500,85468000000,0,0,27800,28000,27450
2024-12-25,28.15,28150,0.55(1.99 %),3779000,105735000000,0,0,27650,28150,27650
2024-12-26,27.55,27550,-0.6(-2.13 %),4780500,132448000000,0,0,28150,28200,27400
2024-12-27,27.65,27650,0.1(0.36 %),3480700,95648000000,0,0,27500,27750,27300
2024-12-30,27.25,27250,-0.4(-1.45 %),2475800,67681000000,20000,574000000,27650,27650,27250
2024-12-31,27.2,27200,-0.05(-0.18 %),3004100,81515000000,133500,3384225000,27250,27350,27000
2025-01-02,27.4,27400,0.2(0.74 %),2213300,60282000000,3150000,91665000000,27250,27550,27050
2025-01-03,27.15,27150,-0.25(-0.91 %),2127000,57885000000,5950000,174335000000,27350,27400,27000
2025-01-06,27.15,27150,0(0.00 %),3047400,83389000000,12133500,351984225000,27300,27650,27100
2025-01-07,28.05,28050,0.9(3.31 %),8651800,242946000000,8900000,258545000000,27300,28500,27300
2025-01-08,28.15,28150,0.1(0.36 %),1982200,55805000000,23900000,717000000000,28250,28300,28050
2025-01-09,28.3,28300,0.15(0.53 %),2706200,76624000000,0,0,28150,28500,28150
2025-01-10,28.3,28300,0(0.00 %),4972800,141776000000,0,0,28500,28850,28200
2025-01-13,28.25,28250,-0.05(-0.18 %),3433800,96284000000,21820000,653386000000,28300,28400,27650
2025-01-14,28.95,28950,0.7(2.48 %),7099600,205542000000,0,0,28450,29300,28450
2025-01-15,29.9,29900,0.95(3.28 %),10247200,303419000000,1484000,42961800000,28900,29900,28900
2025-01-16,29.9,29900,0(0.00 %),5059800,150300000000,0,0,29900,29950,29500
2025-01-17,29.85,29850,-0.05(-0.17 %),3740000,111631000000,8700000,277530000000,29950,30100,29700
2025-01-20,29.55,29550,-0.3(-1.01 %),4708500,139923000000,1962800,58589580000,29850,30300,29300
2025-01-21,29.35,29350,-0.2(-0.68 %),4359700,127554000000,750000,23700000000,29400,29550,29100
2025-01-22,28.95,28950,-0.4(-1.36 %),7447300,214719000000,0,0,29150,29250,28500
2025-01-23,29.4,29400,0.45(1.55 %),4575600,133099000000,0,0,28900,29400,28700
2025-01-24,29.0,29000,-0.4(-1.36 %),4063300,117589000000,0,0,29350,29350,28700
2025-02-04,29.7,29700,0.3(1.02 %),4297600,127351000000,0,0,29300,29850,29250
2025-02-05,29.4,29400,-0.3(-1.01 %),3323800,98256000000,0,0,29750,29850,29400
2025-02-06,29.35,29350,-0.05(-0.17 %),3784800,110583000000,0,0,29500,29550,29000
2025-02-07,29.1,29100,-0.25(-0.85 %),2303100,67341000000,1027000,30501900000,29250,29500,29050
2025-02-10,28.45,28450,-0.65(-2.23 %),4892500,140683000000,332860,9686226000,29050,29050,28450
2025-02-11,28.9,28900,0.45(1.58 %),3551700,101628000000,0,0,28500,28950,28250
2025-02-12,29.0,29000,0.1(0.35 %),4406300,128731000000,0,0,28950,29450,28900
2025-02-13,28.8,28800,-0.2(-0.69 %),1539900,44491000000,0,0,28950,29150,28750
2025-02-14,29.55,29550,0.75(2.60 %),8111600,237986000000,0,0,28950,29600,28800
2025-02-17,29.45,29450,-0.1(-0.34 %),4068500,120424000000,952800,26202000000,29700,29750,29400
2025-02-18,29.2,29200,-0.25(-0.85 %),3716100,109456000000,0,0,29500,29700,29200
2025-02-19,30.15,30150,0.95(3.25 %),11422700,340387000000,50000,1460000000,29200,30350,29150
2025-02-20,29.8,29800,-0.35(-1.16 %),3873800,115715000000,0,0,30350,30350,29750
2025-02-21,29.45,29450,-0.35(-1.17 %),4294500,127475000000,290000,9222000000,29650,30000,29450
2025-02-24,29.8,29800,0.35(1.19 %),4128100,121671000000,474500,14899300000,29450,29800,29100
2025-02-25,29.6,29600,-0.2(-0.67 %),4189500,124616000000,319986,9423587700,29900,30150,29600
2025-02-26,29.65,29650,0.05(0.17 %),8179400,245930000000,0,0,29600,30400,29600
2025-02-27,29.9,29900,0.25(0.84 %),3391600,100518000000,0,0,29700,29900,29400
2025-02-28,29.7,29700,-0.2(-0.67 %),4584000,137130000000,523000,15606030000,29950,30200,29650
2025-03-03,30.1,30100,0.4(1.35 %),4685200,140772000000,0,0,29750,30350,29650
2025-03-04,30.6,30600,0.5(1.66 %),7359900,224567000000,1000000,32100000000,30100,30800,30000
2025-03-05,30.2,30200,-0.4(-1.31 %),4934500,150375000000,0,0,30600,30650,30100
2025-03-06,30.45,30450,0.25(0.83 %),4451900,134939000000,300000,9090000000,30200,30450,30150
2025-03-07,30.3,30300,-0.15(-0.49 %),5593000,171424000000,0,0,30750,31200,30300
2025-03-10,30.15,30150,-0.15(-0.50 %),4867000,147506000000,0,0,30350,30600,30050
2025-03-11,30.3,30300,0.15(0.50 %),5215400,156718000000,50000,1490000000,29850,30300,29750
2025-03-12,30.3,30300,0(0.00 %),2903800,87633000000,0,0,30400,30450,30050
2025-03-13,29.55,29550,-0.75(-2.48 %),6198200,185499000000,0,0,30200,30300,29550
2025-03-14,29.4,29400,-0.15(-0.51 %),4036700,119084000000,0,0,29600,29700,29350
2025-03-17,29.75,29750,0.35(1.19 %),2604200,76830000000,0,0,29750,29750,29300
2025-03-18,29.45,29450,-0.3(-1.01 %),3192500,94771000000,0,0,29900,29950,29450
2025-03-19,29.8,29800,0.35(1.19 %),6260400,187256000000,0,0,29650,30250,29550
2025-03-20,29.65,29650,-0.15(-0.50 %),2637900,77892000000,1960000,57330000000,30000,30050,29300
2025-03-21,29.2,29200,-0.45(-1.52 %),3994600,117267000000,519986,15405582800,29500,29750,29200
2025-03-24,29.2,29200,0(0.00 %),3031700,88726000000,0,0,29200,29400,29100
2025-03-25,29.85,29850,0.65(2.23 %),4759800,141615000000,159986,4799580000,29700,30000,29500
2025-03-26,29.45,29450,-0.4(-1.34 %),2134400,63233000000,0,0,29950,29950,29400
2025-03-27,29.55,29550,0.1(0.34 %),2175800,64189000000,0,0,29600,29700,29300
2025-03-28,29.9,29900,0.35(1.18 %),8201200,245516000000,190000,5690500000,29650,30200,29500
2025-03-31,30.65,30650,0.75(2.51 %),16190500,498722000000,500000,15465000000,29800,31300,29800
2025-04-01,30.55,30550,-0.1(-0.33 %),4220500,129281000000,95000,2907000000,30650,30950,30350
2025-04-02,29.5,29500,-1.05(-3.44 %),12240300,368499000000,0,0,30800,30800,29500
2025-04-03,27.45,27450,-2.05(-6.95 %),9568500,262687000000,30000,930000000,27450,27800,27450
2025-04-04,25.55,25550,-1.9(-6.92 %),1147700,29323000000,230000,6566500000,25550,25550,25550
2025-04-08,23.8,23800,-1.75(-6.85 %),2164800,51522000000,1321700,31456460000,23800,23800,23800
2025-04-09,22.15,22150,-1.65(-6.93 %),1402400,31063000000,20000,443000000,22150,22150,22150
2025-04-10,23.7,23700,1.55(7.00 %),11405400,270134000000,229986,5450668200,23700,23700,23000
2025-04-11,23.7,23700,0(0.00 %),35620300,799586000000,0,0,22800,23950,22050
2025-04-14,23.75,23750,0.05(0.21 %),10973100,266069000000,0,0,25000,25050,23550
2025-04-15,22.1,22100,-1.65(-6.95 %),21594800,485213000000,209986,4976668200,23550,23600,22100
2025-04-16,20.6,20600,-1.5(-6.79 %),21089800,444009000000,0,0,22150,22500,20600
2025-04-17,21.5,21500,0.9(4.37 %),16998700,356737000000,0,0,20100,21550,20050
2025-04-18,21.8,21800,0.3(1.40 %),8846200,196838000000,0,0,22750,22750,21800
2025-04-21,21.8,21800,0(0.00 %),9236200,199503000000,209986,4577694800,22000,22100,21250
2025-04-22,21.35,21350,-0.45(-2.06 %),21432600,445842000000,0,0,21300,21500,20300
2025-04-23,21.9,21900,0.55(2.58 %),7590900,163833000000,0,0,21700,21950,21250
2025-04-24,22.75,22750,0.85(3.88 %),12179300,274725000000,0,0,22000,23000,21900
2025-04-25,22.8,22800,0.05(0.22 %),6512200,146994000000,25000,530000000,22800,22850,22300
2025-04-28,22.5,22500,-0.3(-1.32 %),5385900,120819000000,0,0,22800,22800,22300
2025-04-29,22.8,22800,0.3(1.33 %),5821100,130655000000,0,0,22500,22800,22200
2025-05-05,23.65,23650,0.85(3.73 %),6412500,149427700000,0,0,23350,23650,23050
2025-05-06,23.5,23500,-0.15(-0.63 %),5694100,134059910000,0,0,23900,23900,23300
2025-05-07,24.3,24300,0.8(3.40 %),10973900,263336885000,0,0,23350,24350,23300
2025-05-08,24.55,24550,0.25(1.03 %),9715500,237146770000,0,0,24400,24700,24000
2025-05-09,24.2,24200,-0.35(-1.43 %),5053900,122847845000,0,0,24550,24600,24150
2025-05-12,25.05,25050,0.85(3.51 %),10467800,258443535000,0,0,24250,25100,24050
2025-05-13,25.85,25850,0.8(3.19 %),7859600,200724770000,0,0,25450,25900,25150
2025-05-14,26.0,26000,0.15(0.58 %),6178300,158914810000,0,0,25850,26000,25400
2025-05-15,25.6,25600,-0.4(-1.54 %),4836700,124397180000,0,0,26000,26050,25600
2025-05-16,25.85,25850,0.25(0.98 %),6942000,178007040000,0,0,25600,25900,25300
2025-05-19,26.75,26750,0.9(3.48 %),14882400,392853050000,0,0,26400,26750,25950
2025-05-20,26.9,26900,0.15(0.56 %),8589400,232971755000,0,0,27100,27400,26900
2025-05-21,26.45,26450,-0.45(-1.67 %),7522600,199711445000,0,0,27150,27150,26350
2025-05-22,26.5,26500,0.05(0.19 %),9721300,259585000000,0,0,26600,27100,26350
2025-05-23,26.5,26500,0(0.00 %),4764700,126273210000,0,0,26400,26700,26350
2025-05-26,27.3,27300,0.8(3.02 %),12145100,324190595000,0,0,26650,27300,25500
2025-05-27,27.25,27250,-0.05(-0.18 %),8040800,219669425000,0,0,27700,27700,27150
2025-05-28,26.9,26900,-0.35(-1.28 %),7132900,193788765000,0,0,27250,27500,26850
2025-05-29,26.95,26950,0.05(0.19 %),9999100,272444790000,0,0,27400,27650,26900
2025-05-30,26.3,26300,-0.65(-2.41 %),6096500,161652250000,0,0,27100,27100,26300
2025-06-02,26.3,26300,0(0.00 %),4743700,124923120000,3648000,102332800000,25850,26600,25850
2025-06-03,26.45,26450,0.15(0.57 %),5097000,134722085000,0,0,26400,26600,26300
2025-06-04,26.15,26150,-0.3(-1.13 %),7867500,206734430000,6760000,191012000000,26450,26650,26050
2025-06-05,26.3,26300,0.15(0.57 %),5016000,131778425000,8867400,247843830000,26200,26500,26050
2025-06-06,25.5,25500,-0.8(-3.04 %),6234000,161020495000,20000,525000000,26300,26350,25500
2025-06-09,24.95,24950,-0.55(-2.16 %),6413400,161357500000,0,0,25550,25650,24850
2025-06-10,25.0,25000,0.05(0.20 %),3171600,79778000000,0,0,25000,25350,24900
2025-06-11,24.7,24700,-0.3(-1.20 %),3575700,88829890000,0,0,25150,25300,24650
2025-06-12,25.3,25300,0.6(2.43 %),4146400,104076350000,2300000,60720000000,24950,25300,24900
2025-06-13,24.4,24400,-0.9(-3.56 %),7075800,174065705000,0,0,25300,25300,24150
2025-06-16,25.25,25250,0.85(3.48 %),3444500,85350475000,0,0,24150,25250,24150
2025-06-17,25.2,25200,-0.05(-0.20 %),3496400,88178865000,10316600,29542500000,25450,25450,25100
2025-06-18,24.9,24900,-0.3(-1.19 %),3661900,91742460000,3518700,27720000000,25050,25250,24900
2025-06-19,25.65,25650,0.75(3.01 %),8173000,208526880000,0,0,24950,25750,24950
2025-06-20,25.75,25750,0.1(0.39 %),6209700,159533580000,0,0,25650,25850,25500
2025-06-23,26.05,26050,0.3(1.17 %),8613400,222095170000,0,0,25250,26300,25150
2025-06-24,25.8,25800,-0.25(-0.96 %),7248300,188611405000,160000,4168000000,26150,26250,25750
2025-06-25,25.75,25750,-0.05(-0.19 %),4444800,114963435000,209000,5392200000,25950,26200,25700
2025-06-26,26.45,26450,0.7(2.72 %),10257000,269780635000,160000,4120000000,25800,26700,25800
2025-06-27,26.45,26450,0(0.00 %),6432900,170929480000,209000,5528050000,26650,26750,26350
2025-06-30,26.75,26750,0.3(1.13 %),6810600,180309975000,0,0,26500,26750,26250
2025-07-01,26.25,26250,-0.5(-1.87 %),5174300,137955260000,0,0,26550,27050,26250
2025-07-02,27.15,27150,0.9(3.43 %),9778700,263578480000,0,0,26450,27200,26300
2025-07-03,26.6,26600,-0.55(-2.03 %),14047700,373785915000,0,0,26800,27000,26100
2025-07-04,26.8,26800,0.2(0.75 %),3321200,88372400000,0,0,26500,26800,26450
2025-07-07,26.95,26950,0.15(0.56 %),5610200,150402630000,0,0,27000,27250,26550
2025-07-08,27.5,27500,0.55(2.04 %),11341600,311385230000,0,0,27300,27800,27250
2025-07-09,27.75,27750,0.25(0.91 %),9304400,257883425000,0,0,27500,27950,27450
2025-07-10,27.4,27400,-0.35(-1.26 %),5259400,144968635000,0,0,27800,27950,27400
2025-07-11,27.5,27500,0.1(0.36 %),7142000,195652410000,0,0,27400,27650,27150
2025-07-14,28.35,28350,0.85(3.09 %),8075700,226595200000,11594300,296879330000,27700,28450,27500
2025-07-15,28.1,28100,-0.25(-0.88 %),4889200,138795615000,0,0,28500,28600,28050
2025-07-16,28.2,28200,0.1(0.36 %),5140300,144272255000,0,0,27900,28250,27900
2025-07-17,28.4,28400,0.2(0.71 %),6292300,179327940000,0,0,28300,28800,28150
2025-07-18,28.45,28450,0.05(0.18 %),5571000,158462085000,0,0,28600,28700,28250
2025-07-21,28.35,28350,-0.1(-0.35 %),3380400,96106365000,0,0,28700,28750,28150
2025-07-22,28.45,28450,0.1(0.35 %),3357400,94928900000,0,0,28150,28600,28100
2025-07-23,28.45,28450,0(0.00 %),4750400,136151635000,0,0,28550,29000,28400
2025-07-24,28.45,28450,0(0.00 %),3391600,96613585000,0,0,28700,28800,28200
2025-07-25,29.2,29200,0.75(2.64 %),8298000,239846855000,850000,23375000000,28500,29250,28400
2025-07-28,29.95,29950,0.75(2.57 %),8496700,252341920000,0,0,29500,30100,29200
2025-07-29,29.0,29000,-0.95(-3.17 %),10635100,317032335000,0,0,30900,30900,29000
2025-07-30,29.65,29650,0.65(2.24 %),6501000,191320950000,0,0,29600,29950,28900
2025-07-31,31.65,31650,2(6.75 %),25721500,809284945000,0,0,30500,31700,29950
2025-08-01,31.5,31500,-0.15(-0.47 %),7246800,229513310000,369000,11678850000,32000,32250,31000
2025-08-04,31.55,31550,0.05(0.16 %),6570300,206036955000,0,0,31500,31850,30900
2025-08-05,32.45,32450,0.9(2.85 %),23305300,772732350000,369000,11623500000,31950,33750,30300
2025-08-06,33.15,33150,0.7(2.16 %),5834500,191937170000,0,0,33000,33450,32400
2025-08-07,33.95,33950,0.8(2.41 %),7684300,260821450000,369000,12232350000,34500,34500,33400
2025-08-08,33.25,33250,-0.7(-2.06 %),7580100,252573940000,0,0,34100,34100,32850
2025-08-11,33.45,33450,0.2(0.60 %),7389000,248155420000,0,0,33250,34200,32950
2025-08-12,33.55,33550,0.1(0.30 %),6429500,213899185000,0,0,33500,33750,32950
2025-08-13,33.8,33800,0.25(0.75 %),8069400,275907240000,0,0,33700,34850,33550
2025-08-14,33.55,33550,-0.25(-0.74 %),5934300,198799025000,0,0,33800,34100,33200
2025-08-15,32.8,32800,-0.75(-2.24 %),8247800,272515510000,0,0,33800,33950,32000
2025-08-18,35.05,35050,2.25(6.86 %),11213600,389958020000,0,0,32800,35050,32650
2025-08-19,37.5,37500,2.45(6.99 %),8296200,311107500000,0,0,37500,37500,37500
2025-08-20,40.1,40100,2.6(6.93 %),32657400,1285131830000,0,0,40050,40100,37500
2025-08-21,39.75,39750,-0.35(-0.87 %),13472100,545070100000,0,0,41850,42000,39700
2025-08-22,40.8,40800,1.05(2.64 %),22198700,888414425000,0,0,39000,41850,38500
2025-08-25,38.65,38650,-2.15(-5.27 %),12220100,483689850000,0,0,42300,42300,38050
2025-08-26,39.95,39950,1.3(3.36 %),10862800,417495450000,0,0,38100,40000,37500
2025-08-27,39.3,39300,-0.65(-1.63 %),10372500,412186405000,0,0,40400,40400,39300
2025-08-28,40.3,40300,1(2.54 %),9054700,360082825000,1870000,69366000000,39400,40550,38800
2025-08-29,39.65,39650,-0.65(-1.61 %),8734300,350527345000,0,0,41000,41000,39600
2025-09-03,39.6,39600,-0.05(-0.13 %),12051700,483314075000,0,0,39600,41850,39550
2025-09-04,40.3,40300,0.7(1.77 %),8054000,324526240000,0,0,40000,41250,39650
2025-09-05,41.15,41150,0.85(2.11 %),23269800,984155685000,0,0,40800,43100,40400
2025-09-08,39.0,39000,-2.15(-5.22 %),15707500,630804925000,0,0,41700,41800,39000
2025-09-09,38.35,38350,-0.65(-1.67 %),13274300,506763680000,0,0,39100,39250,37700
2025-09-10,37.8,37800,-0.55(-1.43 %),7761300,295903050000,0,0,39000,39000,37600
2025-09-11,38.3,38300,0.5(1.32 %),12011200,443975055000,0,0,37500,38850,36000
2025-09-12,38.85,38850,0.55(1.44 %),7583400,297615790000,0,0,38500,39950,38400
2025-09-15,39.2,39200,0.35(0.90 %),6419900,253714505000,0,0,39100,40300,38900
2025-09-16,38.0,38000,-1.2(-3.06 %),8831300,341316155000,0,0,39450,39500,38000
2025-09-17,36.6,36600,-1.4(-3.68 %),8915000,333142170000,0,0,38000,38250,36600
2025-09-18,36.7,36700,0.1(0.27 %),7121100,262288930000,100000,3660000000,36700,37500,36550
2025-09-19,36.1,36100,-0.6(-1.63 %),5904800,216556240000,0,0,37250,37400,36100
2025-09-22,36.9,36900,0.8(2.22 %),6540600,239146530000,330000,11979000000,36500,37200,35900
2025-09-23,36.6,36600,-0.3(-0.81 %),4051600,147553605000,0,0,36900,37000,36150
2025-09-24,37.1,37100,0.5(1.37 %),6279400,230241875000,0,0,36400,37200,35950
2025-09-25,36.9,36900,-0.2(-0.54 %),8426500,315491250000,0,0,37500,38150,36900
2025-09-26,37.6,37600,0.7(1.90 %),9702600,365288825000,0,0,37000,38500,36700
2025-09-29,37.3,37300,-0.3(-0.80 %),4529800,169842210000,0,0,37500,37700,37300
2025-09-30,36.1,36100,-1.2(-3.22 %),8567400,311723290000,0,0,37350,37350,35950
2025-10-01,36.35,36350,0.25(0.69 %),2640400,96144510000,0,0,36150,36800,36100
2025-10-02,35.0,35000,-1.35(-3.71 %),5613400,200625905000,0,0,36750,36750,35000
2025-10-03,34.65,34650,-0.35(-1.00 %),7576100,262143470000,0,0,34750,35500,34200
2025-10-06,36.0,36000,1.35(3.90 %),4000000,143299440000,0,0,34900,36750,34900
2025-10-07,35.0,35000,-1(-2.78 %),4038100,143743985000,0,0,36300,36450,35000
2025-10-08,35.25,35250,0.25(0.71 %),4835300,170696970000,0,0,35650,35900,34800
2025-10-09,34.95,34950,-0.3(-0.85 %),5546800,194669580000,0,0,35400,35700,34850
2025-10-10,35.7,32500,-34.95(-100.00 %),5746700,35700,0,0,35450,36100,32500
