Date,GiaDieuChinh,Close,ThayDoi,Volume,GiaTriKhopLenh,KLThoaThuan,GtThoaThuan,Open,High,Low
2009-10-09,16.28,37800,1.8(5.00 %),27020,1021356000,27660,1045548000,37800,37800,37800
2009-10-12,17.05,39600,1.8(4.76 %),36550,1447380000,50000,1872000000,39600,39600,39600
2009-10-13,17.87,41500,1.9(4.80 %),21130,876895000,0,0,41500,41500,41500
2009-10-14,18.73,43500,2(4.82 %),35100,1526850000,20000,870000000,43500,43500,43500
2009-10-15,19.64,45600,2.1(4.83 %),3090,140904000,30000,1368000000,45600,45600,45600
2009-10-16,20.59,47800,2.2(4.82 %),460,21988000,103000,4923400000,47800,47800,47800
2009-10-19,21.53,50000,2.2(4.60 %),15160,758000000,0,0,50000,50000,50000
2009-10-20,22.61,52500,2.5(5.00 %),29790,1563975000,123000,5932500000,52500,52500,52500
2009-10-21,23.69,55000,2.5(4.76 %),46910,2580050000,197780,10022222000,55000,55000,55000
2009-10-22,24.76,57500,2.5(4.55 %),50780,2919850000,123000,6557500000,57500,57500,57500
2009-10-23,25.41,59000,1.5(2.61 %),510140,30461880000,30000,1800000000,60000,60000,57500
2009-10-26,25.41,59000,0(0.00 %),352540,20616885000,0,0,57500,61000,57500
2009-10-27,24.33,56500,-2.5(-4.24 %),180970,10328920000,30000,1845000000,57000,58500,56500
2009-10-28,23.26,54000,-2.5(-4.42 %),130310,7036740000,42000,2478000000,54000,54000,54000
2009-10-29,22.18,51500,-2.5(-4.63 %),25650,1320975000,40000,2160000000,51500,51500,51500
2009-10-30,23.26,54000,2.5(4.85 %),626330,32420754000,60000,2940000000,51500,54000,49000
2009-11-02,23.26,54000,0(0.00 %),208100,10823140000,20000,1030000000,51500,54500,51500
2009-11-03,22.18,51500,-2.5(-4.63 %),110470,5779730000,42000,2373000000,53000,54000,51500
2009-11-04,21.1,49000,-2.5(-4.85 %),183260,9014240000,0,0,49000,51000,49000
2009-11-05,20.76,48200,-0.8(-1.63 %),244680,11744137000,0,0,47200,49800,46600
2009-11-06,21.75,50500,2.3(4.77 %),346780,17512240000,100000,5050000000,50500,50500,50000
2009-11-09,20.89,48500,-2(-3.96 %),140630,6826745000,0,0,49000,50500,48000
2009-11-10,19.85,46100,-2.4(-4.95 %),100670,4704908000,0,0,49300,49300,46100
2009-11-11,20.24,47000,0.9(1.95 %),85700,3985351000,0,0,46100,47500,46000
2009-11-12,20.24,47000,0(0.00 %),110670,5270639000,0,0,47000,48700,47000
2009-11-13,21.23,49300,2.3(4.89 %),205200,9845745000,0,0,47000,49300,46500
2009-11-16,22.18,51500,2.2(4.46 %),319240,16439260000,0,0,51500,51500,51000
2009-11-17,21.15,49100,-2.4(-4.66 %),159120,7980859000,0,0,52000,52000,49100
2009-11-18,21.1,49000,-0.1(-0.20 %),117600,5679823000,0,0,49100,49100,47500
2009-11-19,21.96,51000,2(4.08 %),428310,21608181000,0,0,49500,51000,49000
2009-11-20,21.1,49000,-2(-3.92 %),164720,8299420000,0,0,50500,52000,49000
2009-11-23,20.24,47000,-2(-4.08 %),76060,3657312000,0,0,49900,49900,46900
2009-11-24,19.29,44800,-2.2(-4.68 %),127190,5754608000,20000,986000000,48500,48500,44800
2009-11-25,18.35,42600,-2.2(-4.91 %),121240,5198802000,0,0,45000,45000,42600
2009-11-26,17.44,40500,-2.1(-4.93 %),8050,326025000,20000,894000000,40500,40500,40500
2009-11-27,16.58,38500,-2(-4.94 %),195300,7649885000,0,0,38500,42000,38500
2009-11-30,15.76,36600,-1.9(-4.94 %),105670,3897442000,0,0,36600,39200,36600
2009-12-01,16.37,38000,1.4(3.83 %),169980,6504206000,0,0,38000,38400,38000
2009-12-02,15.55,36100,-1.9(-5.00 %),91100,3334211000,20000,798000000,36500,38000,36100
2009-12-03,15.12,35100,-1(-2.77 %),31870,1118259000,0,0,35100,37600,34500
2009-12-04,15.16,35200,0.1(0.28 %),31420,1117544000,0,0,36200,36200,34900
2009-12-07,15.42,35200,0.6(1.73 %),45300,1587562000,25000,900000000,35000,35200,35000
2009-12-08,14.68,33500,-1.7(-4.83 %),56280,1892164000,25000,922500000,35200,35200,33500
2009-12-09,13.98,31900,-1.6(-4.78 %),21920,699248000,0,0,31900,31900,31900
2009-12-10,13.32,30400,-1.5(-4.70 %),24370,751129000,0,0,31000,31000,30400
2009-12-11,12.66,28900,-1.5(-4.93 %),6960,201144000,25000,797500000,28900,28900,28900
2009-12-14,12.05,27500,-1.4(-4.84 %),92740,2586734000,0,0,27500,28900,27500
2009-12-15,11.61,26500,-1(-3.64 %),112180,2957558000,0,0,26500,27000,26200
2009-12-16,11.04,25200,-1.3(-4.91 %),92980,2350210000,0,0,25500,25500,25200
2009-12-17,11.04,25200,0(0.00 %),111800,2751972000,0,0,24100,25200,24000
2009-12-18,11.57,26400,1.2(4.76 %),70460,1859281000,20000,504000000,26300,26400,26300
2009-12-21,12.14,27700,1.3(4.92 %),101790,2818921000,0,0,27700,27700,27500
2009-12-22,12.18,27800,0.1(0.36 %),83660,2370864000,0,0,28400,29000,27700
2009-12-23,12.71,29000,1.2(4.32 %),111530,3160469000,0,0,27500,29000,27500
2009-12-24,13.32,30400,1.4(4.83 %),104220,3114117000,30000,900000000,29300,30400,29000
2009-12-25,13.98,31900,1.5(4.93 %),31180,994642000,0,0,31900,31900,31900
2009-12-28,14.63,33400,1.5(4.70 %),130060,4300988000,86310,2623824000,33000,33400,31000
2009-12-29,14.63,33400,0(0.00 %),107440,3591552000,0,0,33300,34700,32900
2009-12-30,15.11,34500,1.1(3.29 %),152680,5191734000,0,0,33500,35000,33300
2009-12-31,15.77,36000,1.5(4.35 %),103640,3733039000,0,0,36000,36200,35500
2010-01-04,16.56,37800,1.8(5.00 %),51620,1948830000,0,0,37600,37800,37400
2010-01-05,17.35,39600,1.8(4.76 %),58230,2305908000,0,0,39600,39600,39600
2010-01-06,18.18,41500,1.9(4.80 %),219800,8996802000,0,0,38600,41500,38600
2010-01-07,19.06,43500,2(4.82 %),208940,8984131000,0,0,42700,43500,41500
2010-01-08,18.14,41400,-2.1(-4.83 %),84400,3533616000,0,0,44000,44000,41400
2010-01-11,17.26,39400,-2(-4.83 %),48730,1925264000,0,0,39500,40000,39400
2010-01-12,16.43,37500,-1.9(-4.82 %),49520,1857000000,0,0,37500,37500,37500
2010-01-13,15.64,35700,-1.8(-4.80 %),149120,5323584000,0,0,35700,35700,35700
2010-01-14,16.39,37400,1.7(4.76 %),148600,5495641000,0,0,37000,37400,35700
2010-01-15,15.64,35700,-1.7(-4.55 %),55220,2002891000,0,0,36200,38000,35700
2010-01-18,14.9,34000,-1.7(-4.76 %),90030,3061447000,0,0,35700,35700,34000
2010-01-19,15.25,34800,0.8(2.35 %),185660,6279279000,0,0,33100,35000,33100
2010-01-20,15.99,36500,1.7(4.89 %),213810,7796476000,0,0,36500,36500,35500
2010-01-21,15.77,36000,-0.5(-1.37 %),97370,3565338000,0,0,36800,37500,35000
2010-01-22,15.68,35800,-0.2(-0.56 %),102480,3633968000,0,0,34700,36500,34700
2010-01-25,15.11,34500,-1.3(-3.63 %),71770,2510750000,0,0,34700,36000,34200
2010-01-26,15.86,36200,1.7(4.93 %),151740,5456108000,0,0,36000,36200,35500
2010-01-27,15.16,34600,-1.6(-4.42 %),89800,3238375000,0,0,37000,37000,34500
2010-01-28,14.46,33000,-1.6(-4.62 %),121290,4093820000,0,0,34900,34900,33000
2010-01-29,14.46,33000,0(0.00 %),138290,4506989000,0,0,33000,34000,32000
2010-02-01,15.15,30700,1.3(4.81 %),27880,788956000,0,0,30700,30700,30700
2010-02-02,15.31,28600,0.3(1.06 %),80490,2289333000,0,0,27000,29000,27000
2010-02-03,15.53,29000,0.4(1.40 %),116540,3355508000,0,0,28000,29100,28000
2010-02-04,15.64,29200,0.2(0.69 %),97920,2863256000,0,0,29500,29500,29000
2010-02-05,15.64,29200,0(0.00 %),129550,3705543000,0,0,28200,29200,28100
2010-02-08,15.8,29500,0.3(1.03 %),67170,1945160000,0,0,28400,29500,28400
2010-02-09,15.64,29200,-0.3(-1.02 %),83780,2441504000,0,0,29500,29500,28600
2010-02-10,16.01,29900,0.7(2.40 %),44030,1306945000,0,0,30000,30000,29000
2010-02-11,16.01,29900,0(0.00 %),31320,934677000,0,0,29900,29900,29500
2010-02-12,16.28,30400,0.5(1.67 %),32600,988015000,0,0,30600,30600,29500
2010-02-22,16.17,30200,-0.2(-0.66 %),5490,166192000,0,0,30700,30700,30200
2010-02-23,15.37,28700,-1.5(-4.97 %),48700,1420861000,0,0,29700,29700,28700
2010-02-24,15.31,28600,-0.1(-0.35 %),59060,1680469000,0,0,28700,28900,28100
2010-02-25,15.53,29000,0.4(1.40 %),28400,827900000,0,0,29400,29400,28700
2010-02-26,15.58,29100,0.1(0.34 %),37510,1085858000,0,0,28700,29100,28700
2010-03-01,15.64,29200,0.1(0.34 %),38310,1112997000,0,0,29000,29600,28900
2010-03-02,15.42,28800,-0.4(-1.37 %),57650,1676727000,0,0,29500,29500,28800
2010-03-03,15.69,29300,0.5(1.74 %),36130,1056394000,0,0,29400,29400,29000
2010-03-04,16.44,30700,1.4(4.78 %),172520,5270548000,0,0,30300,30700,30200
2010-03-05,17.24,32200,1.5(4.89 %),167900,5383037000,0,0,31000,32200,31000
2010-03-08,18.1,33800,1.6(4.97 %),155460,5254228000,0,0,33800,33800,33700
2010-03-09,18.15,33900,0.1(0.30 %),66590,2275534000,0,0,34400,34500,33700
2010-03-10,17.4,32500,-1.4(-4.13 %),103000,3369602000,0,0,32800,33900,32300
2010-03-11,17.4,32500,0(0.00 %),53880,1744155000,0,0,32500,33000,31600
2010-03-12,17.35,32400,-0.1(-0.31 %),75760,2444986000,0,0,32200,32500,32000
2010-03-15,17.78,33200,0.8(2.47 %),60440,1988886000,0,0,32400,33500,32400
2010-03-16,16.92,31600,-1.6(-4.82 %),104920,3359584000,0,0,32500,32900,31600
2010-03-17,16.49,30800,-0.8(-2.53 %),153010,4737411000,0,0,32000,32000,30500
2010-03-18,17.08,31900,1.1(3.57 %),94670,2928553000,0,0,30800,31900,30500
2010-03-19,16.76,31300,-0.6(-1.88 %),43610,1379792000,20000,638000000,31300,32400,31300
2010-03-22,16.55,30900,-0.4(-1.28 %),29520,915234000,0,0,31500,31500,30800
2010-03-23,16.33,30500,-0.4(-1.29 %),31190,951140000,0,0,30500,30900,30300
2010-03-24,16.6,31000,0.5(1.64 %),50960,1554342000,0,0,30500,31000,30000
2010-03-25,16.06,30000,-1(-3.23 %),52340,1563351000,0,0,31000,31000,29500
2010-03-26,15.9,29700,-0.3(-1.00 %),34330,1006816000,0,0,30000,30000,28600
2010-03-29,16.65,31100,1.4(4.71 %),188620,5836696000,0,0,30500,31100,30000
2010-03-30,17.46,32600,1.5(4.82 %),296850,9634885000,0,0,32100,32600,31500
2010-03-31,16.6,31000,-1.6(-4.91 %),33080,1038488000,0,0,32600,32600,31000
2010-04-01,16.6,31000,0(0.00 %),38610,1180100000,0,0,30800,31200,30000
2010-04-02,16.76,31300,0.3(0.97 %),80230,2460170000,0,0,30500,31500,30000
2010-04-05,17.4,32500,1.2(3.83 %),181280,5858902000,0,0,30700,32800,30700
2010-04-06,18.15,33900,1.4(4.31 %),317260,10641623000,0,0,32500,34000,32000
2010-04-07,19.01,35500,1.6(4.72 %),396510,13867742000,0,0,33900,35500,33000
2010-04-08,18.63,34800,-0.7(-1.97 %),184250,6589611000,0,0,37000,37000,34200
2010-04-09,18.63,34800,0(0.00 %),149500,5234036000,0,0,34800,36000,34700
2010-04-12,18.63,34800,0(0.00 %),120320,4190510000,0,0,34800,35000,34700
2010-04-13,18.58,34700,-0.1(-0.29 %),159540,5553844000,0,0,34600,35300,34000
2010-04-14,18.53,34600,-0.1(-0.29 %),98940,3440391000,0,0,35000,35000,34500
2010-04-15,19.44,36300,1.7(4.91 %),118060,4214375000,0,0,35400,36300,34800
2010-04-16,20.4,38100,1.8(4.96 %),262270,9862194000,0,0,36500,38100,36300
2010-04-19,21.26,39700,1.6(4.20 %),167310,6438479000,0,0,38900,39700,37200
2010-04-20,20.62,38500,-1.2(-3.02 %),82990,3214128000,0,0,40000,40000,38400
2010-04-21,20.72,38700,0.2(0.52 %),116460,4489295000,0,0,38200,39200,38200
2010-04-22,20.72,38700,0(0.00 %),173470,6749000000,0,0,39000,40000,38500
2010-04-26,20.78,38800,0.1(0.26 %),74370,2852400000,0,0,37200,38800,37200
2010-04-27,21.79,40700,1.9(4.90 %),152360,6140977000,0,0,39900,40700,38600
2010-04-28,22.76,42500,1.8(4.42 %),156100,6570246000,0,0,41900,42700,41000
2010-04-29,22.22,41500,-1(-2.35 %),57620,2442725000,0,0,44000,44000,41500
2010-05-04,23.29,43500,2(4.82 %),102540,4454240000,30000,1305000000,43500,43500,43000
2010-05-05,23.4,43700,0.2(0.46 %),140480,6350286000,20000,870000000,45500,45500,43700
2010-05-06,23.51,43900,0.2(0.46 %),142310,6180422000,0,0,43000,45000,42900
2010-05-07,23.51,43900,0(0.00 %),229240,10170746000,0,0,44800,45100,43500
2010-05-10,23.51,43900,0(0.00 %),188040,8029797000,0,0,43000,43900,41800
2010-05-11,23.83,44500,0.6(1.37 %),310350,13628612000,0,0,43000,44500,41800
2010-05-12,22.65,42300,-2.2(-4.94 %),93500,4016160000,40000,1692000000,42500,43800,42300
2010-05-13,21.53,40200,-2.1(-4.96 %),116600,4800098000,0,0,43000,43000,40200
2010-05-14,20.51,38300,-1.9(-4.73 %),166220,6421193000,0,0,38400,39500,38300
2010-05-17,19.81,37000,-1.3(-3.39 %),58540,2186267000,0,0,39000,39000,36400
2010-05-18,18.85,35200,-1.8(-4.86 %),53750,1904998000,0,0,37000,37000,35200
2010-05-19,17.94,33500,-1.7(-4.83 %),171880,5759230000,0,0,33500,34000,33500
2010-05-20,18.79,35100,1.6(4.78 %),85450,2900865000,0,0,32200,35100,32100
2010-05-21,17.88,33400,-1.7(-4.84 %),77850,2605282000,0,0,33500,33700,33400
2010-05-24,18.21,34000,0.6(1.80 %),49300,1659250000,0,0,34400,34400,32600
2010-05-25,18.04,33700,-0.3(-0.88 %),18700,632530000,0,0,33500,35000,33500
2010-05-26,18.9,35300,1.6(4.75 %),67310,2334603000,0,0,33700,35300,33700
2010-05-27,19.81,37000,1.7(4.82 %),59450,2168264000,0,0,35300,37000,35300
2010-05-28,20.29,37900,0.9(2.43 %),89500,3402560000,0,0,38600,38700,37000
2010-05-31,19.81,37000,-0.9(-2.37 %),35980,1328502000,130000,4693000000,37000,37200,36500
2010-06-01,18.96,35400,-1.6(-4.32 %),61320,2175358000,250000,8800000000,36000,36500,35200
2010-06-02,18.96,35400,0(0.00 %),29730,1042406000,0,0,34100,35400,34100
2010-06-03,18.79,35100,-0.3(-0.85 %),14810,527141000,200000,6740000000,35400,36500,35100
2010-06-04,18.85,35200,0.1(0.28 %),16090,563901000,0,0,35100,35200,35000
2010-06-07,17.94,33500,-1.7(-4.83 %),51550,1728756000,20000,670000000,33700,33800,33500
2010-06-08,17.67,33000,-0.5(-1.49 %),39790,1300848000,0,0,32500,33400,32200
2010-06-09,17.67,33000,0(0.00 %),33800,1123310000,0,0,34000,34000,32900
2010-06-10,17.67,33000,0(0.00 %),38240,1253128000,0,0,32200,33300,32100
2010-06-11,18.21,34000,1(3.03 %),62010,2097638000,0,0,33500,34500,33100
2010-06-14,18.74,35000,1(2.94 %),122550,4294890000,0,0,34000,35700,34000
2010-06-15,18.63,34800,-0.2(-0.57 %),130200,4483167000,20000,666000000,34100,35000,33800
2010-06-16,19.06,35600,0.8(2.30 %),161020,5646691000,0,0,34600,36500,34000
2010-06-17,18.74,35000,-0.6(-1.69 %),104070,3645468000,20000,678000000,35000,35500,34500
2010-06-18,18.47,34500,-0.5(-1.43 %),82380,2827770000,0,0,34000,34900,34000
2010-06-21,18.37,34300,-0.2(-0.58 %),59500,2040212000,20000,690000000,34500,34600,34000
2010-06-22,18.21,34000,-0.3(-0.87 %),116800,3954086000,0,0,34000,34400,33000
2010-06-23,19.12,35700,1.7(5.00 %),425650,14736980000,20000,690000000,33000,35700,33000
2010-06-24,20.03,37400,1.7(4.76 %),91180,3410132000,0,0,37400,37400,37400
2010-06-25,19.33,36100,-1.3(-3.48 %),486570,18184948000,0,0,37400,38200,36000
2010-06-28,19.33,36100,0(0.00 %),88030,3190233000,0,0,36400,36600,36000
2010-06-29,19.01,35500,-0.6(-1.66 %),74190,2655640000,0,0,36800,36800,35500
2010-06-30,18.42,34400,-1.1(-3.10 %),98630,3410391000,0,0,34600,34800,34400
2010-07-01,18.26,34100,-0.3(-0.87 %),140400,4798876000,0,0,34200,35200,34000
2010-07-02,18.37,34300,0.2(0.59 %),77490,2645631000,0,0,34200,34600,34000
2010-07-05,18.26,34100,-0.2(-0.58 %),37440,1284826000,0,0,34400,35000,34100
2010-07-06,17.88,33400,-0.7(-2.05 %),50680,1719010000,0,0,34400,34400,33400
2010-07-07,17.94,33500,0.1(0.30 %),43710,1478605000,0,0,33900,34100,33500
2010-07-08,18.21,34000,0.5(1.49 %),58000,1969968000,0,0,34400,34400,33500
2010-07-09,18.31,34200,0.2(0.59 %),70010,2392570000,0,0,34000,34500,34000
2010-07-12,19.22,35900,1.7(4.97 %),110770,3913039000,20000,650000000,35000,35900,34400
2010-07-13,19.92,37200,1.3(3.62 %),124120,4550313000,0,0,36900,37200,35200
2010-07-14,19.76,36900,-0.3(-0.81 %),239740,8860801000,0,0,37500,37500,36600
2010-07-15,19.76,36900,0(0.00 %),113310,4172524000,0,0,36100,37000,36100
2010-07-16,19.7,36800,-0.1(-0.27 %),52700,1937506000,0,0,36500,36900,36500
2010-07-19,19.7,36800,0(0.00 %),50970,1854056000,0,0,35500,37000,35100
2010-07-20,19.7,36800,0(0.00 %),46990,1732507000,0,0,36300,37300,36300
2010-07-21,19.7,36800,0(0.00 %),97410,3570848000,0,0,36800,36800,36000
2010-07-22,19.06,35600,-1.2(-3.26 %),239750,8800026000,0,0,36200,36800,35500
2010-07-23,18.53,34600,-1(-2.81 %),32480,1139357000,0,0,35900,35900,34600
2010-07-26,18.53,34600,0(0.00 %),22880,792278000,0,0,34600,35700,34600
2010-07-27,18.21,34000,-0.6(-1.73 %),66300,2276802000,0,0,34600,34700,34000
2010-07-28,17.99,33600,-0.4(-1.18 %),48770,1642054000,0,0,34000,34000,33500
2010-07-29,18.1,33800,0.2(0.60 %),15950,538262000,0,0,33500,33900,33500
2010-07-30,18.69,34900,1.1(3.25 %),20270,703166000,0,0,34500,34900,34200
2010-08-02,18.69,34900,0(0.00 %),132090,4450579000,0,0,34100,35400,33200
2010-08-03,17.88,33400,-1.5(-4.30 %),28130,939740000,200000,6640000000,35300,35300,33400
2010-08-04,17.94,33500,0.1(0.30 %),39640,1304439000,0,0,34100,34100,32100
2010-08-05,17.94,33500,0(0.00 %),17190,576935000,0,0,34500,34500,33000
2010-08-06,17.67,33000,-0.5(-1.49 %),29690,977764000,0,0,33000,33000,32500
2010-08-09,16.81,31400,-1.6(-4.85 %),31970,1005947000,0,0,31600,31600,31400
2010-08-10,16.01,29900,-1.5(-4.78 %),45950,1376359000,0,0,30500,31300,29900
2010-08-11,15.58,29100,-0.8(-2.68 %),68800,2004693000,0,0,29300,30900,29000
2010-08-12,14.83,27700,-1.4(-4.81 %),97460,2713125000,0,0,28600,29300,27700
2010-08-13,14.94,27900,0.2(0.72 %),24740,679877000,0,0,26800,27900,26800
2010-08-16,15.64,29200,1.3(4.66 %),20480,597406000,0,0,28500,29200,28500
2010-08-17,14.89,27800,-1.4(-4.79 %),28140,795838000,0,0,29200,29200,27800
2010-08-18,14.56,27200,-0.6(-2.16 %),9010,248242000,0,0,28000,28000,26800
2010-08-19,14.72,27500,0.3(1.10 %),14930,409728000,0,0,26600,28100,26600
2010-08-20,14.46,27000,-0.5(-1.82 %),43630,1175162000,0,0,27000,27200,26700
2010-08-23,14.35,26800,-0.2(-0.74 %),12920,346485000,0,0,26800,27500,26600
2010-08-24,13.65,25500,-1.3(-4.85 %),56630,1447494000,0,0,25600,25600,25500
2010-08-25,13.01,24300,-1.2(-4.71 %),69260,1690364000,20000,500000000,25500,25500,24300
2010-08-26,13.01,24300,0(0.00 %),61820,1497636000,0,0,24300,24400,23800
2010-08-27,13.39,25000,0.7(2.88 %),19100,466099000,0,0,24000,25400,23500
2010-08-30,14.03,26200,1.2(4.80 %),75560,1977872000,0,0,26000,26200,26000
2010-08-31,14.46,27000,0.8(3.05 %),43710,1190340000,0,0,26800,27500,26000
2010-09-01,14.46,27000,0(0.00 %),18990,509483000,0,0,27200,27200,26100
2010-09-06,14.89,27800,0.8(2.96 %),106060,2978835000,20000,560000000,27500,28300,27100
2010-09-07,14.56,27200,-0.6(-2.16 %),51430,1403335000,0,0,27000,28000,27000
2010-09-08,14.14,26400,-0.8(-2.94 %),41120,1069220000,0,0,26000,27000,25900
2010-09-09,14.14,26400,0(0.00 %),34600,920713000,0,0,26800,26900,26400
2010-09-10,13.44,25100,-1.3(-4.92 %),47520,1241337000,0,0,26400,27000,25100
2010-09-13,13.12,24500,-0.6(-2.39 %),45390,1132948000,0,0,25000,25400,24500
2010-09-14,13.6,25400,0.9(3.67 %),14620,368320000,0,0,25500,25500,24600
2010-09-15,13.12,24500,-0.9(-3.54 %),11530,284429000,0,0,25200,25400,24500
2010-09-16,13.28,24800,0.3(1.22 %),4690,115955000,40000,1000000000,24700,24800,24500
2010-09-17,13.92,26000,1.2(4.84 %),53620,1386148000,0,0,25800,26000,25000
2010-09-20,13.92,26000,0(0.00 %),31840,833669000,50000,1300000000,26000,26500,26000
2010-09-21,13.65,25500,-0.5(-1.92 %),18000,465953000,0,0,27000,27000,25500
2010-09-22,13.71,25600,0.1(0.39 %),14000,359450000,0,0,25800,25900,25500
2010-09-23,13.39,25000,-0.6(-2.34 %),22030,551883000,170000,4352000000,25800,25800,25000
2010-09-24,13.49,25200,0.2(0.80 %),10270,257120000,0,0,25000,25200,24800
2010-09-27,13.12,24500,-0.7(-2.78 %),13000,320515000,0,0,25000,25500,24500
2010-09-28,13.44,25100,0.6(2.45 %),15580,391083000,0,0,25600,25600,24600
2010-09-29,13.12,24500,-0.6(-2.39 %),30930,768508000,0,0,25400,25400,24500
2010-09-30,13.76,25700,1.2(4.90 %),21870,562059000,0,0,25700,25700,25700
2010-10-01,14.19,26500,0.8(3.11 %),198210,5311011000,0,0,26900,26900,26500
2010-10-04,13.55,25300,-1.2(-4.53 %),73310,1858246000,0,0,25600,25800,25200
2010-10-05,13.39,25000,-0.3(-1.19 %),127310,3228370000,0,0,25300,25900,25000
2010-10-06,14.03,26200,1.2(4.80 %),77110,1999184000,0,0,26000,26200,25500
2010-10-07,14.19,26500,0.3(1.15 %),71210,1906253000,0,0,27000,27000,26200
2010-10-08,13.76,25700,-0.8(-3.02 %),75630,1954060000,0,0,25600,26400,25600
2010-10-11,13.76,25700,0(0.00 %),22420,574858000,0,0,25500,26000,25300
2010-10-12,13.33,24900,-0.8(-3.11 %),70810,1793170000,0,0,25500,26000,24900
2010-10-13,13.49,23150,0.2(0.96 %),10970,234780000,0,0,23150,23150,23150
2010-10-14,13.04,20300,-0.7(-3.33 %),12690,260282000,0,0,20200,21000,20200
2010-10-15,12.85,20000,-0.3(-1.48 %),12120,242600000,0,0,20000,20200,20000
2010-10-18,12.53,19500,-0.5(-2.50 %),11450,224340000,0,0,19600,19800,19500
2010-10-19,11.95,18600,-0.9(-4.62 %),22230,417624000,0,0,19100,19500,18600
2010-10-20,11.37,17700,-0.9(-4.84 %),39430,698758000,0,0,17900,18500,17700
2010-10-21,10.86,16900,-0.8(-4.52 %),159060,2716310000,0,0,17700,18000,16900
2010-10-22,11.05,17200,0.3(1.78 %),188370,3232188000,0,0,16600,17500,16600
2010-10-25,11.12,17300,0.1(0.58 %),11570,199407000,0,0,16700,17500,16700
2010-10-26,11.57,18000,0.7(4.05 %),35590,640465000,0,0,17900,18100,17500
2010-10-27,11.18,17400,-0.6(-3.33 %),37330,649080000,0,0,17500,18100,17300
2010-10-28,11.31,17600,0.2(1.15 %),25200,443245000,0,0,17800,17800,17400
2010-10-29,11.37,17700,0.1(0.57 %),11760,208536000,0,0,17900,17900,17600
2010-11-01,11.12,17300,-0.4(-2.26 %),7190,124692000,0,0,17300,17700,17300
2010-11-02,10.86,16900,-0.4(-2.31 %),13070,222494000,0,0,17300,17300,16900
2010-11-03,10.86,16900,0(0.00 %),26120,435513000,0,0,17000,17000,16600
2010-11-04,10.92,17000,0.1(0.59 %),5770,97847000,0,0,17300,17300,16900
2010-11-05,11.44,17800,0.8(4.71 %),63560,1111366000,0,0,17500,17800,17000
2010-11-08,11.18,17400,-0.4(-2.25 %),7240,125764000,0,0,18400,18400,17200
2010-11-09,10.73,16700,-0.7(-4.02 %),24360,411430000,0,0,16900,17000,16700
2010-11-10,10.73,16700,0(0.00 %),6680,111565000,0,0,17000,17000,16700
2010-11-11,10.28,16000,-0.7(-4.19 %),25850,422949000,21460,343360000,17100,17100,16000
2010-11-12,10.22,15900,-0.1(-0.62 %),64450,983419000,0,0,15400,15900,15200
2010-11-15,9.83,15300,-0.6(-3.77 %),49940,765031000,0,0,15900,15900,15200
2010-11-16,9.83,15300,0(0.00 %),89520,1336114000,0,0,14800,15400,14600
2010-11-17,9.9,15400,0.1(0.65 %),71020,1098972000,0,0,15300,15800,15100
2010-11-18,10.35,16100,0.7(4.55 %),88570,1422278000,0,0,15900,16100,15900
2010-11-19,10.28,16000,-0.1(-0.62 %),31330,512416000,0,0,16000,16800,15900
2010-11-22,10.67,16600,0.6(3.75 %),52560,840031000,0,0,15200,16600,15200
2010-11-23,10.8,16800,0.2(1.20 %),20220,336136000,0,0,16500,16800,15900
2010-11-24,10.8,16800,0(0.00 %),39250,658340000,0,0,16700,17000,16500
2010-11-25,11.12,17300,0.5(2.98 %),44600,762265000,0,0,16800,17300,16800
2010-11-26,11.12,17300,0(0.00 %),99130,1701561000,0,0,17500,17500,16900
2010-11-29,11.24,17500,0.2(1.16 %),26820,467296000,0,0,17500,17600,17200
2010-11-30,11.76,18300,0.8(4.57 %),140850,2575705000,0,0,18300,18300,18000
2010-12-01,11.69,18200,-0.1(-0.55 %),94000,1723282000,0,0,18900,18900,18000
2010-12-02,12.27,19100,0.9(4.95 %),136010,2534921000,0,0,18000,19100,17600
2010-12-03,12.85,20000,0.9(4.71 %),399570,7991296000,0,0,20000,20000,19900
2010-12-06,13.49,21000,1(5.00 %),205370,4309695000,69300,1455300000,21000,21000,20400
2010-12-07,12.85,20000,-1(-4.76 %),76900,1577003000,0,0,20500,21600,20000
2010-12-08,12.21,19000,-1(-5.00 %),145400,2768628000,0,0,19200,19900,19000
2010-12-09,12.14,18900,-0.1(-0.53 %),118240,2187150000,0,0,18300,19800,18100
2010-12-10,12.72,19800,0.9(4.76 %),68810,1344729000,0,0,18900,19800,18900
2010-12-13,13.3,20700,0.9(4.55 %),211400,4373710000,0,0,20700,20700,20100
2010-12-14,12.72,19800,-0.9(-4.35 %),225370,4714063000,0,0,21500,21600,19800
2010-12-15,12.53,19500,-0.3(-1.52 %),95170,1861373000,0,0,20400,20400,19100
2010-12-16,11.95,18600,-0.9(-4.62 %),119680,2232086000,0,0,18800,19500,18600
2010-12-17,12.21,19000,0.4(2.15 %),89060,1688829000,0,0,19300,19500,18500
2010-12-20,12.21,19000,0(0.00 %),33910,648628000,35000,665000000,19200,19400,19000
2010-12-21,12.66,19700,0.7(3.68 %),68180,1309214000,0,0,18500,19900,18500
2010-12-22,12.21,19000,-0.7(-3.55 %),75540,1459112000,0,0,20100,20100,19000
2010-12-23,12.21,19000,0(0.00 %),113920,2144888000,0,0,18900,19100,18100
2010-12-24,12.53,19500,0.5(2.63 %),195720,3757908000,0,0,19000,19500,18900
2010-12-27,12.72,19800,0.3(1.54 %),45680,890218000,0,0,18800,19800,18800
2010-12-28,13.11,20400,0.6(3.03 %),44360,894962000,0,0,19000,20400,19000
2010-12-29,13.75,21400,1(4.90 %),287210,6057129000,0,0,20400,21400,20000
2010-12-30,13.11,20400,-1(-4.67 %),115870,2432616000,0,0,21800,21800,20400
2010-12-31,13.11,20400,0(0.00 %),122670,2470940000,0,0,20400,20500,19900
2011-01-04,13.11,20400,0(0.00 %),31550,633820000,0,0,20000,20400,20000
2011-01-05,12.47,19400,-1(-4.90 %),121650,2429640000,0,0,20000,20300,19400
2011-01-06,12.34,19200,-0.2(-1.03 %),37550,720105000,0,0,19000,19800,18900
2011-01-07,12.34,19200,0(0.00 %),118000,2302739000,35000,640500000,19500,19700,19200
2011-01-10,11.95,18600,-0.6(-3.12 %),6280,117087000,0,0,19500,19500,18500
2011-01-11,11.57,18000,-0.6(-3.23 %),43210,785264000,0,0,18600,18600,18000
2011-01-12,11.69,18200,0.2(1.11 %),24860,452630000,30000,513000000,18800,18800,18000
2011-01-13,11.89,18500,0.3(1.65 %),46320,863488000,0,0,18200,18900,18200
2011-01-14,11.89,18500,0(0.00 %),11860,221006000,30000,528000000,19100,19100,18500
2011-01-17,11.95,18600,0.1(0.54 %),49350,922583000,75000,1320000000,18700,19200,18500
2011-01-18,11.95,18600,0(0.00 %),13790,254846000,25000,442500000,18600,19000,18300
2011-01-19,11.63,18100,-0.5(-2.69 %),30790,576514000,0,0,18600,19000,18100
2011-01-20,11.69,18200,0.1(0.55 %),20050,365680000,0,0,18600,18600,18200
2011-01-21,11.69,18200,0(0.00 %),22490,414069000,0,0,18800,18800,18200
2011-01-24,11.5,17900,-0.3(-1.65 %),8490,152562000,0,0,18200,18200,17900
2011-01-25,11.24,17500,-0.4(-2.23 %),4470,78683000,0,0,18500,18500,17300
2011-01-26,11.57,18000,0.5(2.86 %),17810,319616000,0,0,17500,18100,17500
2011-01-27,11.82,18400,0.4(2.22 %),70,1288000,0,0,18400,18400,18400
2011-01-28,11.37,17700,-0.7(-3.80 %),20660,370427000,0,0,18400,18400,17700
2011-02-08,11.69,18200,0.5(2.82 %),10320,183231000,0,0,17800,18200,17600
2011-02-09,11.57,18000,-0.2(-1.10 %),6390,115670000,0,0,18500,18500,18000
2011-02-10,11.57,18000,0(0.00 %),24920,445611000,0,0,18000,18100,17700
2011-02-11,11.31,17600,-0.4(-2.22 %),9750,172144000,0,0,17800,17900,17600
2011-02-14,11.24,17500,-0.1(-0.57 %),57360,1003590000,0,0,18000,18000,17400
2011-02-15,10.86,16900,-0.6(-3.43 %),119980,2039878000,0,0,17500,17500,16800
2011-02-16,10.8,16800,-0.1(-0.59 %),43900,736381000,170000,2737000000,16600,16900,16600
2011-02-17,10.92,17000,0.2(1.19 %),73950,1248106000,0,0,16800,17000,16500
2011-02-18,10.6,16500,-0.5(-2.94 %),83910,1423308000,0,0,16500,17400,16500
2011-02-21,10.09,15700,-0.8(-4.85 %),123770,1945060000,0,0,16700,16700,15700
2011-02-22,10.02,15600,-0.1(-0.64 %),70570,1073781000,0,0,15700,15700,15000
2011-02-23,10.02,15600,0(0.00 %),20350,312090000,0,0,15800,15800,14900
2011-02-24,10.02,15600,0(0.00 %),18160,275601000,0,0,15000,15600,14900
2011-02-25,10.09,15700,0.1(0.64 %),16690,260800000,0,0,15600,15800,15600
2011-02-28,10.15,15800,0.1(0.64 %),21040,324815000,50000,785000000,15200,16000,15200
2011-03-01,9.83,15300,-0.5(-3.16 %),16260,250417000,0,0,15200,15800,15200
2011-03-02,9.38,14600,-0.7(-4.58 %),20580,303026000,33320,486472000,15100,15100,14600
2011-03-03,9.25,14400,-0.2(-1.37 %),27410,391280000,0,0,14600,14600,14000
2011-03-04,9.25,14400,0(0.00 %),23600,337520000,0,0,14400,14400,14000
2011-03-07,9.51,14800,0.4(2.78 %),3310,48285000,0,0,14500,14800,13900
2011-03-08,9.38,14600,-0.2(-1.35 %),25230,360735000,0,0,14100,14600,14100
2011-03-09,8.93,13900,-0.7(-4.79 %),20260,281775000,0,0,13900,14100,13900
2011-03-10,9.19,14300,0.4(2.88 %),24130,343427000,0,0,14000,14500,14000
2011-03-11,9.64,15000,0.7(4.90 %),54780,818226000,0,0,14800,15000,14500
2011-03-14,9.19,14300,-0.7(-4.67 %),11460,164457000,0,0,15200,15200,14300
2011-03-15,9.19,14300,0(0.00 %),8820,122984000,0,0,14400,14500,13600
2011-03-16,9.0,14000,-0.3(-2.10 %),13120,183265000,0,0,14400,14400,13800
2011-03-17,8.8,13700,-0.3(-2.14 %),18300,250705000,0,0,14000,14000,13600
2011-03-18,9.12,14200,0.5(3.65 %),36020,510216000,0,0,14000,14300,13700
2011-03-21,9.12,14200,0(0.00 %),12070,172946000,0,0,14600,14700,14200
2011-03-22,9.0,14000,-0.2(-1.41 %),16420,229754000,0,0,14000,14000,13800
2011-03-23,9.06,14100,0.1(0.71 %),16040,225337000,0,0,14300,14300,14000
2011-03-24,9.06,14100,0(0.00 %),7270,102519000,0,0,14500,14500,13900
2011-03-25,9.06,14100,0(0.00 %),19730,277728000,0,0,14000,14100,14000
2011-03-28,9.32,14500,0.4(2.84 %),5210,75445000,0,0,14500,14500,14000
2011-03-29,9.0,14000,-0.5(-3.45 %),12030,169057000,0,0,14500,14500,13900
2011-03-30,9.06,14100,0.1(0.71 %),30540,424024000,0,0,14400,14400,13500
2011-03-31,9.0,14000,-0.1(-0.71 %),35790,493842000,0,0,14200,14200,13400
2011-04-01,8.93,13900,-0.1(-0.71 %),25580,357622000,0,0,14000,14200,13900
2011-04-04,8.87,13800,-0.1(-0.72 %),1150,15785000,0,0,13900,13900,13600
2011-04-05,8.67,13500,-0.3(-2.17 %),4140,57309000,0,0,14000,14000,13500
2011-04-06,8.93,13900,0.4(2.96 %),8980,122756000,0,0,13600,13900,13500
2011-04-07,8.67,13500,-0.4(-2.88 %),14990,202911000,0,0,13700,13700,13500
2011-04-08,9.06,14100,0.6(4.44 %),3600,50388000,0,0,13700,14100,13700
2011-04-13,9.0,14000,-0.1(-0.71 %),210,2840000,0,0,13500,14000,13500
2011-04-14,8.93,13900,-0.1(-0.71 %),2510,34209000,0,0,13800,13900,13500
2011-04-15,8.55,13300,-0.6(-4.32 %),20000,267191000,0,0,13400,13600,13300
2011-04-18,8.16,12700,-0.6(-4.51 %),10290,132139000,0,0,13000,13500,12700
2011-04-19,8.35,13000,0.3(2.36 %),4210,53464000,0,0,12600,13000,12400
2011-04-20,8.35,13000,0(0.00 %),5660,71270000,0,0,12500,13000,12500
2011-04-21,8.29,12900,-0.1(-0.77 %),9650,121223000,0,0,12500,12900,12500
2011-04-22,7.9,12300,-0.6(-4.65 %),8770,107956000,0,0,12400,12500,12300
2011-04-25,8.03,12500,0.2(1.63 %),22260,276247000,0,0,12000,12500,12000
2011-04-26,7.9,12300,-0.2(-1.60 %),4730,56737000,0,0,12600,12600,11900
2011-04-27,7.52,11700,-0.6(-4.88 %),29330,343842000,30000,351000000,11800,12400,11700
2011-04-28,7.71,12000,0.3(2.56 %),14990,175720000,0,0,11700,12100,11700
2011-04-29,7.84,12200,0.2(1.67 %),25080,301583000,0,0,12000,12200,12000
2011-05-04,7.97,12400,0.2(1.64 %),4210,52182000,0,0,11700,12800,11700
2011-05-05,7.71,12000,-0.4(-3.23 %),18500,220484000,0,0,12400,12400,11800
2011-05-06,7.33,11400,-0.6(-5.00 %),16200,190381000,0,0,12500,12500,11400
2011-05-09,7.58,11800,0.4(3.51 %),59770,701932000,0,0,11800,11900,11600
2011-05-10,7.58,11800,0(0.00 %),5890,69320000,47020,531326000,11600,12100,11600
2011-05-11,7.58,11800,0(0.00 %),5800,68487000,0,0,11900,11900,11800
2011-05-12,7.58,11800,0(0.00 %),9100,106460000,0,0,11800,11900,11600
2011-05-13,7.52,11700,-0.1(-0.85 %),13040,151821000,0,0,11400,11800,11300
2011-05-16,7.65,11900,0.2(1.71 %),25610,301163000,0,0,11200,12000,11200
2011-05-17,7.58,11800,-0.1(-0.84 %),5210,61188000,0,0,11900,11900,11500
2011-05-18,7.26,11300,-0.5(-4.24 %),18300,207360000,0,0,11500,11600,11300
2011-05-19,7.33,11400,0.1(0.88 %),4750,53906000,0,0,11100,11600,11000
2011-05-20,7.33,11400,0(0.00 %),11590,127923000,0,0,11000,11400,10900
2011-05-23,7.0,10900,-0.5(-4.39 %),21000,229240000,0,0,11000,11200,10900
2011-05-24,6.68,10400,-0.5(-4.59 %),18530,192712000,0,0,10400,10400,10400
2011-05-25,6.62,10300,-0.1(-0.96 %),50450,510899000,0,0,10000,10300,9900
2011-05-26,6.94,10800,0.5(4.85 %),18220,193225000,0,0,10500,10800,10300
2011-05-27,7.13,11100,0.3(2.78 %),19120,211120000,0,0,11200,11200,11000
2011-05-30,7.0,10900,-0.2(-1.80 %),15140,160559000,0,0,11200,11200,10600
2011-05-31,7.0,10900,0(0.00 %),26390,281811000,0,0,10400,10900,10400
2011-06-01,7.0,10900,0(0.00 %),31670,341023000,0,0,10700,10900,10500
2011-06-02,7.26,11300,0.4(3.67 %),23910,262335000,0,0,10500,11400,10500
2011-06-03,7.07,11000,-0.3(-2.65 %),23670,265360000,0,0,11700,11700,10800
2011-06-06,7.07,11000,0(0.00 %),7040,77740000,0,0,11100,11100,11000
2011-06-07,6.75,10500,-0.5(-4.55 %),94120,992938000,0,0,10500,11000,10500
2011-06-08,6.75,10500,0(0.00 %),45840,475427000,0,0,10900,10900,10200
2011-06-09,6.81,10600,0.1(0.95 %),66070,689751000,0,0,10400,10700,10100
2011-06-10,6.88,10700,0.1(0.94 %),65040,696376000,0,0,10900,11000,10400
2011-06-13,7.2,11200,0.5(4.67 %),89780,987658000,20000,214000000,10700,11200,10500
2011-06-14,7.39,11500,0.3(2.68 %),215430,2487284000,0,0,11200,11700,11100
2011-06-15,7.07,11000,-0.5(-4.35 %),13460,148303000,0,0,11100,11200,11000
2011-06-16,7.0,10900,-0.1(-0.91 %),23530,257752000,0,0,11000,11100,10800
2011-06-17,6.88,10700,-0.2(-1.83 %),91140,957774000,0,0,11000,11000,10400
2011-06-20,6.55,10200,-0.5(-4.67 %),60250,615931000,0,0,10700,10700,10200
2011-06-21,6.75,10500,0.3(2.94 %),24230,247618000,0,0,10000,10500,10000
2011-06-22,6.68,10400,-0.1(-0.95 %),59440,600087000,0,0,10500,10500,10000
2011-06-23,6.62,10300,-0.1(-0.96 %),16420,164799000,0,0,10000,10400,9900
2011-06-24,6.75,10500,0.2(1.94 %),9230,96209000,0,0,10500,10500,9900
2011-06-27,6.43,10000,-0.5(-4.76 %),87250,872774000,0,0,10000,10400,10000
2011-06-28,6.43,10000,0(0.00 %),10310,102773000,0,0,10100,10100,9700
2011-06-29,6.55,10200,0.2(2.00 %),47030,477113000,0,0,10300,10300,9500
2011-06-30,6.49,10100,-0.1(-0.98 %),27010,272371000,0,0,9800,10200,9800
2011-07-01,6.17,9600,-0.5(-4.95 %),49840,478469000,0,0,10100,10100,9600
2011-07-04,5.91,9200,-0.4(-4.17 %),28350,263610000,0,0,9400,9700,9200
2011-07-05,6.1,9500,0.3(3.26 %),16200,153320000,0,0,9200,9600,9200
2011-07-06,6.1,9500,0(0.00 %),7350,69630000,0,0,9800,9800,9100
2011-07-07,6.1,9500,0(0.00 %),12830,119865000,0,0,9500,9500,9100
2011-07-08,5.98,9300,-0.2(-2.11 %),12870,119034000,0,0,9200,9600,9200
2011-07-11,5.98,9300,0(0.00 %),32770,298598000,0,0,9000,9300,8900
2011-07-12,5.91,9200,-0.1(-1.08 %),8950,81733000,0,0,9300,9300,8900
2011-07-13,6.1,9500,0.3(3.26 %),4930,45544000,0,0,9300,9500,9000
2011-07-14,6.1,9500,0(0.00 %),8030,74885000,0,0,9300,9500,9200
2011-07-15,6.1,9500,0(0.00 %),8350,78722000,0,0,9700,9800,9100
2011-07-18,6.1,9500,0(0.00 %),18770,177784000,0,0,9800,9800,9100
2011-07-19,6.04,9400,-0.1(-1.05 %),320,3009000,0,0,9400,9500,9400
2011-07-20,6.04,9400,0(0.00 %),22350,204648000,0,0,9100,9400,9000
2011-07-21,5.98,9300,-0.1(-1.06 %),20740,190683000,0,0,9400,9400,9000
2011-07-22,5.91,9200,-0.1(-1.08 %),18560,169703000,0,0,9300,9300,8900
2011-07-25,5.91,9200,0(0.00 %),4230,38916000,0,0,9200,9200,9200
2011-07-26,5.85,9100,-0.1(-1.09 %),52810,476434000,0,0,8800,9100,8800
2011-07-27,5.78,9000,-0.1(-1.10 %),8770,78613000,0,0,8800,9000,8800
2011-07-28,5.53,8600,-0.4(-4.44 %),10350,89674000,0,0,8700,9000,8600
2011-07-29,5.59,8700,0.1(1.16 %),14020,121380000,0,0,8800,8800,8300
2011-08-01,5.78,9000,0.3(3.45 %),9050,81242000,0,0,8700,9000,8700
2011-08-02,5.59,8700,-0.3(-3.33 %),13210,114505000,0,0,8700,9000,8600
2011-08-03,5.33,8300,-0.4(-4.60 %),11910,98858000,0,0,8300,8800,8300
2011-08-04,5.59,8700,0.4(4.82 %),15230,129631000,0,0,8700,8700,8000
2011-08-05,5.59,8700,0(0.00 %),6030,52459000,0,0,8500,8700,8500
2011-08-08,5.59,8700,0(0.00 %),1520,13000000,0,0,8700,8900,8300
2011-08-09,5.33,8300,-0.4(-4.60 %),11280,93624000,0,0,8300,8300,8300
2011-08-10,5.33,8300,0(0.00 %),22510,183868000,0,0,8700,8700,7900
2011-08-11,5.27,8200,-0.1(-1.20 %),9400,76023000,200170,1661411000,8300,8300,8000
2011-08-12,5.27,8200,0(0.00 %),11100,90820000,0,0,8000,8200,8000
2011-08-15,5.27,8200,0(0.00 %),19360,156366000,0,0,8100,8200,7900
2011-08-16,5.4,8400,0.2(2.44 %),12810,107305000,0,0,8200,8500,8200
2011-08-17,5.53,8600,0.2(2.38 %),8210,69768000,0,0,8400,8600,8400
2011-08-18,5.33,8300,-0.3(-3.49 %),11030,91635000,0,0,8600,8600,8200
2011-08-19,5.4,8400,0.1(1.20 %),10790,88302000,0,0,8300,8400,7900
2011-08-22,5.4,8400,0(0.00 %),16850,140422000,0,0,8400,8500,8000
2011-08-23,5.4,8400,0(0.00 %),2550,21083000,0,0,8400,8400,8000
2011-08-24,5.14,8000,-0.4(-4.76 %),13370,108080000,0,0,8400,8400,8000
2011-08-25,5.4,8400,0.4(5.00 %),4010,33354000,0,0,8300,8400,8100
2011-08-26,5.4,8400,0(0.00 %),31430,253669000,0,0,8300,8400,8000
2011-08-29,5.27,8200,-0.2(-2.38 %),42640,350380000,0,0,8200,8400,8100
2011-08-30,5.4,8400,0.2(2.44 %),83610,714590000,0,0,8400,8600,8400
2011-08-31,5.46,8500,0.1(1.19 %),89650,766231000,0,0,8500,8800,8200
2011-09-01,5.53,8600,0.1(1.18 %),28680,245863000,0,0,8400,8600,8400
2011-09-05,5.78,9000,0.4(4.65 %),118760,1064916000,0,0,8600,9000,8500
2011-09-06,5.85,9100,0.1(1.11 %),81540,729460000,0,0,9200,9200,8800
2011-09-07,5.91,9200,0.1(1.10 %),19600,179361000,0,0,9000,9300,9000
2011-09-08,5.98,9300,0.1(1.09 %),75330,707509000,0,0,9500,9600,9300
2011-09-09,5.78,9000,-0.3(-3.23 %),26840,245501000,0,0,9000,9400,9000
2011-09-12,5.91,9200,0.2(2.22 %),40970,379310000,0,0,9200,9400,9100
2011-09-13,6.17,9600,0.4(4.35 %),45360,433510000,0,0,9600,9600,9200
2011-09-14,5.91,9200,-0.4(-4.17 %),36930,351036000,0,0,9700,10000,9200
2011-09-15,6.17,9600,0.4(4.35 %),39220,364535000,0,0,9200,9600,9100
2011-09-16,5.91,9200,-0.4(-4.17 %),74880,689253000,0,0,9600,9600,9200
2011-09-19,5.91,9200,0(0.00 %),43600,400453000,0,0,8900,9500,8900
2011-09-20,6.04,9400,0.2(2.17 %),31300,277154000,0,0,9200,9400,8800
2011-09-21,5.78,9000,-0.4(-4.26 %),25540,229989000,0,0,9400,9400,9000
2011-09-22,5.91,9200,0.2(2.22 %),7960,72582000,0,0,9100,9200,8900
2011-09-23,5.78,9000,-0.2(-2.17 %),2970,26652000,0,0,8800,9100,8800
2011-09-26,5.65,8800,-0.2(-2.22 %),8030,70613000,0,0,9200,9200,8700
2011-09-27,5.78,9000,0.2(2.27 %),11980,105054000,0,0,9000,9000,8600
2011-09-28,5.85,9100,0.1(1.11 %),6750,60824000,0,0,9000,9100,9000
2011-09-29,5.59,8700,-0.4(-4.40 %),8970,78843000,0,0,8900,9100,8700
2011-09-30,5.53,8600,-0.1(-1.15 %),10810,93406000,0,0,9000,9000,8400
2011-10-03,5.53,8600,0(0.00 %),30380,257360000,0,0,8500,8600,8300
2011-10-04,5.65,8800,0.2(2.33 %),4340,36692000,0,0,8800,8800,8300
2011-10-05,5.85,9100,0.3(3.41 %),3260,29286000,0,0,8900,9100,8900
2011-10-06,5.85,9100,0(0.00 %),7510,67791000,0,0,9100,9100,9000
2011-10-07,5.59,8700,-0.4(-4.40 %),8200,71340000,0,0,8700,8700,8700
2011-10-10,5.78,9000,0.3(3.45 %),3250,28560000,0,0,8400,9000,8400
2011-10-11,5.72,8900,-0.1(-1.11 %),2920,25118000,0,0,8600,8900,8600
2011-10-12,5.46,8500,-0.4(-4.49 %),12800,108800000,0,0,8500,8500,8500
2011-10-13,5.65,8800,0.3(3.53 %),5390,45776000,0,0,8300,8800,8300
2011-10-14,5.65,8800,0(0.00 %),5200,45680000,0,0,8400,8800,8400
2011-10-17,5.65,8800,0(0.00 %),0,0,0,0,8800,8800,8800
2011-10-18,5.65,8800,0(0.00 %),3700,32570000,0,0,8900,8900,8800
2011-10-19,5.4,8400,-0.4(-4.55 %),5290,44854000,0,0,8900,8900,8400
2011-10-20,5.59,8700,0.3(3.57 %),3510,29937000,0,0,8400,8700,8400
2011-10-21,5.46,8500,-0.2(-2.30 %),2550,22111000,0,0,8700,8700,8400
2011-10-24,5.27,8200,-0.3(-3.53 %),3910,32206000,0,0,8600,8600,8200
2011-10-25,5.33,8300,0.1(1.22 %),44330,361951000,0,0,7900,8500,7900
2011-10-26,5.53,8600,0.3(3.61 %),1010,8598000,0,0,8500,8600,8500
2011-10-27,5.53,8600,0(0.00 %),1100,9460000,0,0,8600,8600,8600
2011-10-28,5.53,8600,0(0.00 %),3410,28606000,0,0,8600,8600,8300
2011-10-31,5.53,8600,0(0.00 %),2610,21696000,0,0,8600,8600,8300
2011-11-01,5.53,8600,0(0.00 %),5250,45150000,0,0,8600,8600,8600
2011-11-02,5.53,8600,0(0.00 %),4010,34086000,0,0,8500,8600,8500
2011-11-03,5.4,8400,-0.2(-2.33 %),20000,166632000,0,0,8400,8400,8200
2011-11-04,5.27,8200,-0.2(-2.38 %),3740,30594000,0,0,8100,8200,8100
2011-11-07,5.2,8100,-0.1(-1.22 %),19610,158669000,0,0,8500,8500,8000
2011-11-08,5.33,8300,0.2(2.47 %),14410,114859000,0,0,8300,8300,7900
2011-11-09,5.46,8500,0.2(2.41 %),620,5220000,0,0,8500,8500,8400
2011-11-10,5.46,8500,0(0.00 %),0,0,0,0,8500,8500,8500
2011-11-11,5.2,8100,-0.4(-4.71 %),7100,57510000,0,0,8100,8100,8100
2011-11-14,5.2,8100,0(0.00 %),18610,146651000,38000,292600000,8400,8400,7700
2011-11-15,5.27,8200,0.1(1.23 %),1130,9029000,0,0,8100,8300,7700
2011-11-16,5.14,8000,-0.2(-2.44 %),14780,117289000,0,0,7900,8100,7800
2011-11-17,5.2,8100,0.1(1.25 %),8620,69122000,0,0,8200,8200,7900
2011-11-18,5.08,7900,-0.2(-2.47 %),520,4006000,0,0,7700,7900,7700
2011-11-21,5.01,7800,-0.1(-1.27 %),1150,8762000,0,0,7800,7800,7600
2011-11-22,5.01,7800,0(0.00 %),0,0,0,0,7800,7800,7800
2011-11-23,5.08,7900,0.1(1.28 %),15280,119684000,50000,375000000,7700,7900,7700
2011-11-24,4.88,7600,-0.3(-3.80 %),10,76000,0,0,7600,7600,7600
2011-11-25,5.01,7800,0.2(2.63 %),10500,79900000,0,0,7600,7800,7600
2011-11-28,5.01,7800,0(0.00 %),12420,98117000,40542,304065000,7900,7900,7800
2011-11-29,5.01,7800,0(0.00 %),10,78000,0,0,7800,7800,7800
2011-11-30,5.01,7800,0(0.00 %),0,0,0,0,7800,7800,7800
2011-12-01,5.01,7800,0(0.00 %),3040,23113000,0,0,7900,7900,7500
2011-12-02,4.82,7500,-0.3(-3.85 %),60,450000,0,0,7500,7500,7500
2011-12-05,4.95,7700,0.2(2.67 %),9160,70529000,0,0,7700,7700,7400
2011-12-06,5.08,7900,0.2(2.60 %),9300,73383000,0,0,7800,8000,7800
2011-12-07,5.01,7800,-0.1(-1.27 %),40,312000,0,0,7800,7800,7800
2011-12-08,4.82,7500,-0.3(-3.85 %),10,75000,0,0,7500,7500,7500
2011-12-09,4.82,7500,0(0.00 %),12200,93100000,0,0,7500,7800,7500
2011-12-12,5.01,7800,0.3(4.00 %),5370,41445000,0,0,7500,7800,7500
2011-12-13,4.88,7600,-0.2(-2.56 %),6010,45678000,0,0,7500,7800,7500
2011-12-14,4.76,7400,-0.2(-2.63 %),10210,76134000,29000,211700000,7600,7600,7300
2011-12-15,4.56,7100,-0.3(-4.05 %),5010,37071000,0,0,7400,7400,7100
2011-12-16,4.63,7200,0.1(1.41 %),5200,37141000,0,0,7100,7200,7100
2011-12-19,4.76,7400,0.2(2.78 %),2530,18727000,0,0,7400,7500,6900
2011-12-20,4.63,7200,-0.2(-2.70 %),7060,51262000,0,0,7500,7500,7200
2011-12-21,4.43,6900,-0.3(-4.17 %),18710,130909000,0,0,6900,7200,6900
2011-12-22,4.43,6900,0(0.00 %),6100,41464000,50000,330000000,6600,6900,6600
2011-12-23,4.56,7100,0.2(2.90 %),1590,10559000,0,0,6600,7200,6600
2011-12-26,4.43,6900,-0.2(-2.82 %),1010,6969000,0,0,6900,6900,6900
2011-12-27,4.43,6900,0(0.00 %),0,0,20000,132000000,6900,6900,6900
2011-12-28,4.24,6600,-0.3(-4.35 %),190,1257000,0,0,6900,6900,6600
2011-12-29,4.18,6500,-0.1(-1.52 %),2130,13819000,0,0,6300,6500,6300
2011-12-30,4.31,6700,0.2(3.08 %),40,268000,40000,264000000,6700,6700,6700
2012-01-03,4.31,6700,0(0.00 %),0,0,0,0,6700,6700,6700
2012-01-04,4.11,6400,-0.3(-4.48 %),10,64000,0,0,6400,6400,6400
2012-01-05,4.31,6700,0.3(4.69 %),10,67000,0,0,6700,6700,6700
2012-01-06,4.11,6400,-0.3(-4.48 %),10740,69043000,0,0,6700,6800,6400
2012-01-09,4.24,6600,0.2(3.12 %),2100,13860000,0,0,6600,6600,6600
2012-01-10,4.05,6300,-0.3(-4.55 %),1750,11185000,0,0,6600,6700,6300
2012-01-11,4.24,6600,0.3(4.76 %),14710,88938000,0,0,6000,6600,6000
2012-01-12,4.05,6300,-0.3(-4.55 %),2260,14258000,0,0,6700,6700,6300
2012-01-13,4.24,6600,0.3(4.76 %),8010,48066000,0,0,6000,6600,6000
2012-01-16,4.05,6300,-0.3(-4.55 %),10700,67410000,0,0,6300,6300,6300
2012-01-17,3.86,6000,-0.3(-4.76 %),3020,19075000,0,0,6300,6500,6000
2012-01-18,3.86,6000,0(0.00 %),10790,61813000,0,0,5700,6100,5700
2012-01-19,4.05,6300,0.3(5.00 %),12250,76212000,0,0,6000,6300,5700
2012-01-20,4.18,6500,0.2(3.17 %),3050,19825000,0,0,6500,6500,6500
2012-01-30,3.98,6200,-0.3(-4.62 %),510,3162000,0,0,6200,6200,6200
2012-01-31,4.11,6400,0.2(3.23 %),3110,19904000,0,0,6400,6400,6400
2012-02-01,4.18,6500,0.1(1.56 %),3010,19565000,0,0,6500,6500,6500
2012-02-02,4.31,6700,0.2(3.08 %),2040,13668000,0,0,6700,6700,6700
2012-02-03,4.11,6400,-0.3(-4.48 %),490,3338000,0,0,6900,7000,6400
2012-02-06,4.18,6500,0.1(1.56 %),5610,35709000,0,0,6500,6500,6100
2012-02-07,3.98,6200,-0.3(-4.62 %),50,315000,0,0,6700,6700,6200
2012-02-08,4.11,6400,0.2(3.23 %),320,2024000,0,0,6400,6400,6200
2012-02-09,4.11,6400,0(0.00 %),320,2068000,0,0,6400,6600,6400
2012-02-10,3.98,6200,-0.2(-3.12 %),230,1431000,0,0,6700,6700,6200
2012-02-13,3.79,5900,-0.3(-4.84 %),2330,13817000,0,0,6100,6300,5900
2012-02-14,3.92,6100,0.2(3.39 %),230,1403000,0,0,6100,6100,6100
2012-02-15,4.11,6400,0.3(4.92 %),1010,6464000,0,0,6400,6400,6400
2012-02-16,4.11,6400,0(0.00 %),3170,20277000,0,0,6200,6500,6200
2012-02-17,4.11,6400,0(0.00 %),1110,7104000,0,0,6400,6400,6400
2012-02-20,4.18,6500,0.1(1.56 %),1020,6630000,0,0,6500,6500,6500
2012-02-21,3.98,6200,-0.3(-4.62 %),1740,10908000,0,0,6500,6800,6200
2012-02-22,3.79,5900,-0.3(-4.84 %),3160,18678000,0,0,5900,6300,5900
2012-02-23,3.92,6100,0.2(3.39 %),9330,56109000,0,0,6100,6100,5900
2012-02-24,4.05,6300,0.2(3.28 %),220,1387000,0,0,6400,6400,6300
2012-02-27,4.11,6400,0.1(1.59 %),16090,102332000,0,0,6500,6500,6200
2012-02-28,4.05,6300,-0.1(-1.56 %),16460,106102000,0,0,6600,6600,6200
2012-02-29,3.92,6100,-0.2(-3.17 %),12300,78413000,0,0,6400,6600,6100
2012-03-01,4.11,6400,0.3(4.92 %),16380,101060000,0,0,6300,6400,6000
2012-03-02,4.18,6500,0.1(1.56 %),17840,114910000,0,0,6400,6500,6400
2012-03-05,4.37,6800,0.3(4.62 %),67610,459326000,0,0,6800,6800,6600
2012-03-06,4.37,6800,0(0.00 %),36850,252897000,0,0,7100,7100,6600
2012-03-07,4.37,6800,0(0.00 %),10250,68540000,0,0,6900,6900,6500
2012-03-08,4.18,6500,-0.3(-4.41 %),7590,50543000,0,0,6800,7000,6500
2012-03-09,3.98,6200,-0.3(-4.62 %),15200,97371000,0,0,6500,6500,6200
2012-03-12,4.05,6300,0.1(1.61 %),6900,43594000,0,0,6500,6500,6200
2012-03-13,4.05,6300,0(0.00 %),15230,94770000,0,0,6500,6500,6100
2012-03-14,3.86,6000,-0.3(-4.76 %),12590,76352000,0,0,6300,6300,6000
2012-03-15,3.92,6100,0.1(1.67 %),11840,70427000,0,0,6000,6200,5700
2012-03-16,3.86,6000,-0.1(-1.64 %),150640,904244000,0,0,6200,6200,5900
2012-03-19,3.86,6000,0(0.00 %),19500,117001000,0,0,6000,6100,6000
2012-03-20,3.86,6000,0(0.00 %),17730,103754000,0,0,6000,6000,5800
2012-03-21,3.66,5700,-0.3(-5.00 %),233690,1347305000,0,0,6000,6000,5700
2012-03-22,3.79,5900,0.2(3.51 %),178460,1047304000,0,0,5800,5900,5800
2012-03-23,3.92,6100,0.2(3.39 %),36470,222467000,0,0,6100,6100,6100
2012-03-26,4.11,6400,0.3(4.92 %),5700,36480000,0,0,6400,6400,6400
2012-03-27,4.31,6700,0.3(4.69 %),91220,611174000,0,0,6700,6700,6700
2012-03-28,4.18,6500,-0.2(-2.99 %),311610,2044078000,0,0,6700,6700,6400
2012-03-29,4.18,6500,0(0.00 %),64900,412956000,0,0,6700,6700,6200
2012-03-30,3.98,6200,-0.3(-4.62 %),24720,153400000,0,0,6200,6500,6200
2012-04-03,4.11,6400,0.2(3.23 %),5460,33719000,0,0,6200,6400,6000
2012-04-04,3.92,6100,-0.3(-4.69 %),44360,271102000,0,0,6200,6300,6100
2012-04-05,3.86,6000,-0.1(-1.64 %),89370,525414000,0,0,5800,6100,5800
2012-04-06,3.79,5900,-0.1(-1.67 %),31230,187654000,0,0,6100,6200,5900
2012-04-09,3.79,5900,0(0.00 %),59040,348621000,0,0,6100,6100,5800
2012-04-10,3.79,5900,0(0.00 %),68160,406733000,0,0,6000,6100,5900
2012-04-11,3.92,6100,0.2(3.39 %),40970,249917000,0,0,6100,6100,6100
2012-04-12,4.11,6400,0.3(4.92 %),5960,38144000,0,0,6400,6400,6400
2012-04-13,4.31,6700,0.3(4.69 %),341750,2286697000,0,0,6700,6700,6500
2012-04-16,4.5,7000,0.3(4.48 %),215760,1501474000,0,0,7000,7000,6700
2012-04-17,4.69,7300,0.3(4.29 %),29010,211773000,0,0,7300,7300,7300
2012-04-18,4.88,7600,0.3(4.11 %),29230,222148000,0,0,7600,7600,7600
2012-04-19,4.69,7300,-0.3(-3.95 %),208530,1550128000,0,0,7600,7600,7300
2012-04-20,4.5,7000,-0.3(-4.11 %),213990,1500096000,0,0,7000,7300,7000
2012-04-23,4.5,7000,0(0.00 %),51430,358764000,0,0,6900,7100,6900
2012-04-24,4.5,7000,0(0.00 %),61410,432190000,0,0,7200,7200,6800
2012-04-25,4.63,7200,0.2(2.86 %),63340,457380000,0,0,7200,7300,7100
2012-04-26,4.43,6900,-0.3(-4.17 %),83630,586400000,0,0,7400,7400,6900
2012-04-27,4.5,7000,0.1(1.45 %),138460,964969000,0,0,6900,7000,6800
2012-05-02,4.5,7000,0(0.00 %),70890,493490000,0,0,7000,7100,6900
2012-05-03,4.43,6900,-0.1(-1.43 %),66770,458186000,0,0,7100,7100,6800
2012-05-04,4.63,7200,0.3(4.35 %),205840,1462725000,0,0,6900,7200,6900
2012-05-07,4.82,7500,0.3(4.17 %),92870,692742000,0,0,7300,7500,7200
2012-05-08,4.95,7700,0.2(2.67 %),231770,1796142000,0,0,7700,7800,7500
2012-05-09,5.01,7800,0.1(1.30 %),84480,649725000,0,0,7700,7900,7500
2012-05-10,5.01,7800,0(0.00 %),137090,1088087000,0,0,8000,8100,7800
2012-05-11,4.82,7500,-0.3(-3.85 %),119640,903234000,0,0,8000,8000,7500
2012-05-14,4.63,7200,-0.3(-4.00 %),85460,615957000,0,0,7200,7500,7200
2012-05-15,4.43,6900,-0.3(-4.17 %),45950,317892000,0,0,7000,7100,6900
2012-05-16,4.31,6700,-0.2(-2.90 %),87320,578394000,0,0,6700,6900,6600
2012-05-17,4.11,6400,-0.3(-4.48 %),94860,610180000,0,0,6800,6800,6400
2012-05-18,3.92,6100,-0.3(-4.69 %),87460,535250000,0,0,6200,6400,6100
2012-05-21,4.11,6400,0.3(4.92 %),36940,234759000,30000,192000000,6400,6400,6300
2012-05-22,4.18,6500,0.1(1.56 %),56530,362992000,0,0,6500,6500,6300
2012-05-23,3.98,6200,-0.3(-4.62 %),17890,111046000,0,0,6200,6400,6200
2012-05-24,3.79,5900,-0.3(-4.84 %),34090,201202000,0,0,6000,6000,5900
2012-05-25,3.92,6100,0.2(3.39 %),29340,176821000,0,0,5900,6100,5900
2012-05-28,4.05,6300,0.2(3.28 %),38960,245273000,0,0,6400,6400,6000
2012-05-29,3.86,6000,-0.3(-4.76 %),24480,148561000,0,0,6400,6400,6000
2012-05-30,3.92,6100,0.1(1.67 %),18930,114526000,0,0,6200,6200,6000
2012-05-31,3.79,5900,-0.2(-3.28 %),29580,174556000,0,0,6000,6000,5800
2012-06-01,3.79,5900,0(0.00 %),11880,69739000,0,0,6000,6000,5800
2012-06-04,3.73,5800,-0.1(-1.69 %),14280,81602000,0,0,5900,5900,5700
2012-06-05,3.86,6000,0.2(3.45 %),3900,23130000,0,0,6000,6000,5800
2012-06-06,3.92,6100,0.1(1.67 %),7590,45568000,0,0,6000,6100,6000
2012-06-07,3.98,6200,0.1(1.64 %),79440,496219000,0,0,6100,6400,6100
2012-06-08,3.98,6200,0(0.00 %),47130,297796000,0,0,6500,6500,6200
2012-06-11,3.98,6200,0(0.00 %),3760,23464000,0,0,6400,6400,6200
2012-06-12,3.92,6100,-0.1(-1.61 %),11780,72060000,0,0,6100,6200,6000
2012-06-13,3.92,6100,0(0.00 %),13180,80102000,0,0,6000,6200,6000
2012-06-14,3.98,6200,0.1(1.64 %),12590,75553000,0,0,6000,6200,6000
2012-06-15,3.98,6200,0(0.00 %),10360,64035000,0,0,6100,6300,6100
2012-06-18,3.98,6200,0(0.00 %),10810,68052000,0,0,6300,6400,6200
2012-06-19,3.92,6100,-0.1(-1.61 %),4780,28918000,0,0,6300,6300,6000
2012-06-20,3.92,6100,0(0.00 %),13620,81980000,0,0,6100,6200,6000
2012-06-21,3.92,6100,0(0.00 %),4750,28524000,0,0,6100,6100,6000
2012-06-22,3.86,6000,-0.1(-1.64 %),8950,52896000,0,0,5900,6000,5800
2012-06-25,3.86,6000,0(0.00 %),7440,43227000,0,0,5800,6000,5700
2012-06-26,3.73,5800,-0.2(-3.33 %),8790,50150000,0,0,5700,5900,5700
2012-06-27,3.73,5800,0(0.00 %),13060,75754000,0,0,5800,6000,5600
2012-06-28,3.73,5800,0(0.00 %),7660,42949000,0,0,5600,5800,5600
2012-06-29,3.73,5800,0(0.00 %),640,3634000,0,0,5900,5900,5600
2012-07-02,3.6,5600,-0.2(-3.45 %),6010,33714000,0,0,5800,5900,5600
2012-07-03,3.47,5400,-0.2(-3.57 %),12020,64917000,0,0,5500,5600,5400
2012-07-04,3.34,5200,-0.2(-3.70 %),16210,84361000,0,0,5500,5500,5200
2012-07-05,3.21,5000,-0.2(-3.85 %),5480,27565000,0,0,5000,5200,5000
2012-07-06,3.34,5200,0.2(4.00 %),13330,68019000,0,0,5200,5200,5000
2012-07-09,3.21,5000,-0.2(-3.85 %),1130,5668000,0,0,5300,5300,5000
2012-07-10,3.28,5100,0.1(2.00 %),380,2000000,0,0,5100,5100,5000
2012-07-11,3.15,4900,-0.2(-3.92 %),3040,14904000,0,0,5200,5200,4900
2012-07-12,3.28,5100,0.2(4.08 %),1880,9505000,0,0,4900,5100,4900
2012-07-13,3.41,5300,0.2(3.92 %),10210,53827000,0,0,5300,5300,5200
2012-07-16,3.41,5300,0(0.00 %),4300,22051000,0,0,5300,5400,5100
2012-07-17,3.47,5400,0.1(1.89 %),2830,14951000,0,0,5300,5400,5200
2012-07-18,3.6,5600,0.2(3.70 %),12180,65258000,0,0,5500,5600,5200
2012-07-19,3.66,5700,0.1(1.79 %),14700,81582000,0,0,5500,5700,5400
2012-07-20,3.53,5500,-0.2(-3.51 %),700,3860000,0,0,5700,5700,5500
2012-07-23,3.41,5300,-0.2(-3.64 %),6700,35610000,0,0,5300,5400,5300
2012-07-24,3.28,5100,-0.2(-3.77 %),9910,50541000,0,0,5100,5100,5100
2012-07-25,3.15,4900,-0.2(-3.92 %),6870,33845000,0,0,5100,5200,4900
2012-07-26,3.28,5100,0.2(4.08 %),8000,39912000,0,0,4900,5100,4900
2012-07-27,3.34,5200,0.1(1.96 %),1540,7904000,0,0,5100,5200,5000
2012-07-30,3.34,5200,0(0.00 %),3080,15410000,0,0,5000,5200,5000
2012-07-31,3.41,5300,0.1(1.92 %),2370,12283000,0,0,5300,5300,5000
2012-08-01,3.34,5200,-0.1(-1.89 %),640,3275000,0,0,5100,5200,5100
2012-08-02,3.41,5300,0.1(1.92 %),3370,16960000,0,0,5000,5300,5000
2012-08-03,3.34,5200,-0.1(-1.89 %),930,4747000,0,0,5100,5200,5100
2012-08-06,3.28,5100,-0.1(-1.92 %),2440,12551000,0,0,5200,5300,5100
2012-08-07,3.28,5100,0(0.00 %),6080,30268000,0,0,5100,5100,4900
2012-08-08,3.28,5100,0(0.00 %),8360,41802000,0,0,5000,5100,5000
2012-08-09,3.21,5000,-0.1(-1.96 %),5370,26885000,0,0,5200,5200,5000
2012-08-10,3.21,5000,0(0.00 %),60,300000,0,0,5100,5100,4900
2012-08-13,3.21,5000,0(0.00 %),760,3725000,0,0,4900,5000,4900
2012-08-14,3.08,4800,-0.2(-4.00 %),8050,38877000,0,0,4800,5000,4800
2012-08-15,3.21,5000,0.2(4.17 %),1640,7920000,0,0,5000,5000,4800
2012-08-16,3.21,5000,0(0.00 %),570,2810000,0,0,5000,5000,4900
2012-08-17,3.21,5000,0(0.00 %),1120,5600000,0,0,5000,5000,5000
2012-08-20,3.15,4900,-0.1(-2.00 %),1720,8531000,0,0,5000,5100,4900
2012-08-21,3.02,4700,-0.2(-4.08 %),3390,16215000,0,0,4900,4900,4700
2012-08-22,2.89,4500,-0.2(-4.26 %),4650,20967000,0,0,4600,4600,4500
2012-08-23,2.76,4300,-0.2(-4.44 %),1370,5891000,0,0,4300,4300,4300
2012-08-24,2.89,4500,0.2(4.65 %),2450,10128000,0,0,4100,4500,4100
2012-08-27,2.76,4300,-0.2(-4.44 %),7300,31390000,0,0,4300,4300,4300
2012-08-28,2.7,4200,-0.1(-2.33 %),210,882000,0,0,4200,4200,4200
2012-08-29,2.57,4000,-0.2(-4.76 %),6410,25882000,0,0,4100,4200,4000
2012-08-30,2.57,4000,0(0.00 %),6580,26522000,0,0,4100,4200,4000
2012-08-31,2.57,4000,0(0.00 %),60,242000,0,0,4200,4200,4000
2012-09-04,2.63,4100,0.1(2.50 %),1380,5567000,0,0,4200,4200,4000
2012-09-05,2.51,3900,-0.2(-4.88 %),930,3627000,0,0,3900,3900,3900
2012-09-06,2.57,4000,0.1(2.56 %),11280,42870000,0,0,4000,4000,3800
2012-09-07,2.57,4000,0(0.00 %),1500,5704000,0,0,3800,4000,3800
2012-09-10,2.44,3800,-0.2(-5.00 %),7960,30258000,0,0,3800,3900,3800
2012-09-11,2.44,3800,0(0.00 %),4360,16235000,0,0,3800,3800,3700
2012-09-12,2.38,3700,-0.1(-2.63 %),5290,19574000,0,0,3700,3800,3700
2012-09-13,2.38,3700,0(0.00 %),6520,23634000,0,0,3600,3700,3600
2012-09-14,2.44,3800,0.1(2.70 %),34950,126299000,0,0,3800,3800,3600
2012-09-17,2.38,3700,-0.1(-2.63 %),11220,41515000,0,0,3700,3800,3700
2012-09-18,2.38,3700,0(0.00 %),5370,19346000,0,0,3600,3700,3600
2012-09-19,2.31,3600,-0.1(-2.70 %),4220,15192000,0,0,3600,3600,3600
2012-09-20,2.25,3500,-0.1(-2.78 %),17910,62691000,0,0,3500,3600,3500
2012-09-21,2.31,3600,0.1(2.86 %),12090,41223000,0,0,3400,3600,3400
2012-09-24,2.31,3600,0(0.00 %),0,0,0,0,3600,3600,3600
2012-09-25,2.25,3500,-0.1(-2.78 %),3060,10710000,0,0,3500,3500,3500
2012-09-26,2.31,3600,0.1(2.86 %),100,360000,0,0,3600,3600,3600
2012-09-27,2.25,3500,-0.1(-2.78 %),110,405000,0,0,3700,3700,3500
2012-09-28,2.18,3400,-0.1(-2.86 %),5990,20396000,0,0,3500,3500,3400
2012-10-01,2.18,3400,0(0.00 %),7640,25315000,0,0,3400,3400,3300
2012-10-02,2.12,3300,-0.1(-2.94 %),60,200000,0,0,3400,3400,3300
2012-10-03,2.18,3400,0.1(3.03 %),2890,9252000,0,0,3200,3400,3200
2012-10-04,2.12,3300,-0.1(-2.94 %),40,132000,0,0,3300,3300,3300
2012-10-05,2.12,3300,0(0.00 %),8390,27185000,0,0,3300,3300,3200
2012-10-08,2.12,3300,0(0.00 %),680,2195000,0,0,3200,3400,3200
2012-10-09,2.18,3400,0.1(3.03 %),4170,13761000,0,0,3300,3400,3200
2012-10-10,2.18,3400,0(0.00 %),510,1703000,0,0,3300,3400,3300
2012-10-11,2.25,3500,0.1(2.94 %),1110,3885000,0,0,3500,3500,3500
2012-10-12,2.25,3500,0(0.00 %),1010,3556000,334170,1156195000,3600,3600,3500
2012-10-15,2.31,3600,0.1(2.86 %),3290,11218000,0,0,3400,3600,3400
2012-10-16,2.31,3600,0(0.00 %),3100,10962000,0,0,3600,3600,3500
2012-10-17,2.31,3600,0(0.00 %),0,0,0,0,3600,3600,3600
2012-10-18,2.25,3500,-0.1(-2.78 %),6270,21946000,0,0,3500,3600,3500
2012-10-19,2.25,3500,0(0.00 %),15280,52937000,0,0,3400,3500,3400
2012-10-22,2.25,3500,0(0.00 %),1650,5764000,0,0,3500,3500,3400
2012-10-23,2.25,3500,0(0.00 %),50,175000,0,0,3500,3500,3500
2012-10-24,2.18,3400,-0.1(-2.86 %),1010,3434000,0,0,3400,3400,3400
2012-10-25,2.12,3300,-0.1(-2.94 %),13540,44684000,0,0,3300,3500,3300
2012-10-26,2.06,3200,-0.1(-3.03 %),9270,29983000,0,0,3200,3300,3200
2012-10-29,2.06,3200,0(0.00 %),5020,15764000,0,0,3100,3200,3100
2012-10-30,2.12,3300,0.1(3.12 %),420,1386000,0,0,3300,3300,3300
2012-10-31,2.18,3400,0.1(3.03 %),130,433000,0,0,3300,3400,3300
2012-11-01,2.25,3500,0.1(2.94 %),10,35000,0,0,3500,3500,3500
2012-11-02,2.18,3400,-0.1(-2.86 %),20,68000,0,0,3400,3400,3400
2012-11-05,2.12,3300,-0.1(-2.94 %),270,891000,0,0,3300,3300,3300
2012-11-06,2.06,3200,-0.1(-3.03 %),100,320000,0,0,3200,3200,3200
2012-11-07,2.12,3300,0.1(3.12 %),3420,11286000,0,0,3300,3300,3300
2012-11-08,2.06,3200,-0.1(-3.03 %),710,2273000,0,0,3200,3300,3200
2012-11-09,2.12,3300,0.1(3.12 %),310,1022000,0,0,3200,3300,3200
2012-11-12,2.12,3300,0(0.00 %),19580,63503000,0,0,3200,3300,3200
2012-11-13,2.12,3300,0(0.00 %),3000,9900000,0,0,3300,3300,3300
2012-11-14,2.12,3300,0(0.00 %),6530,20987000,0,0,3300,3300,3200
2012-11-15,2.12,3300,0(0.00 %),1570,5031000,0,0,3200,3300,3200
2012-11-16,2.06,3200,-0.1(-3.03 %),160,516000,0,0,3200,3300,3200
2012-11-19,1.99,3100,-0.1(-3.12 %),6310,19662000,0,0,3200,3200,3100
2012-11-20,1.93,3000,-0.1(-3.23 %),1700,5169000,0,0,3100,3200,3000
2012-11-21,1.93,3000,0(0.00 %),5570,16698000,0,0,3000,3000,2900
2012-11-22,1.93,3000,0(0.00 %),9210,27938000,0,0,3100,3100,2900
2012-11-23,1.99,3100,0.1(3.33 %),790,2449000,0,0,3100,3100,3100
2012-11-26,2.06,3200,0.1(3.23 %),100120,304868000,0,0,3200,3200,3000
2012-11-27,1.99,3100,-0.1(-3.12 %),3060,9486000,0,0,3100,3100,3100
2012-11-28,2.06,3200,0.1(3.23 %),2280,6883000,0,0,3200,3200,3000
2012-11-29,1.99,3100,-0.1(-3.12 %),10270,31837000,0,0,3100,3100,3100
2012-11-30,1.99,3100,0(0.00 %),20660,62082000,0,0,3000,3100,3000
2012-12-03,1.99,3100,0(0.00 %),2460,7387000,0,0,3000,3100,3000
2012-12-04,1.99,3100,0(0.00 %),70,217000,0,0,3100,3100,3100
2012-12-05,1.93,3000,-0.1(-3.23 %),10900,33592000,0,0,3100,3200,3000
2012-12-06,1.99,3100,0.1(3.33 %),14430,44732000,0,0,3100,3100,3000
2012-12-07,2.06,3200,0.1(3.23 %),1100,3514000,0,0,3200,3200,3100
2012-12-10,2.12,3300,0.1(3.12 %),16650,54340000,0,0,3200,3300,3200
2012-12-11,2.12,3300,0(0.00 %),7180,23701000,0,0,3200,3400,3200
2012-12-12,2.12,3300,0(0.00 %),29310,95624000,0,0,3200,3400,3200
2012-12-13,2.18,3400,0.1(3.03 %),13130,43532000,0,0,3400,3400,3300
2012-12-14,2.18,3400,0(0.00 %),1460,4832000,0,0,3500,3500,3300
2012-12-17,2.25,3500,0.1(2.94 %),5250,17865000,0,0,3400,3500,3400
2012-12-18,2.18,3400,-0.1(-2.86 %),5310,18055000,0,0,3400,3500,3400
2012-12-19,2.25,3500,0.1(2.94 %),122090,423073000,0,0,3500,3500,3400
2012-12-20,2.18,3400,-0.1(-2.86 %),24910,87238000,0,0,3500,3600,3400
2012-12-21,2.18,3400,0(0.00 %),9140,30175000,0,0,3300,3400,3300
2012-12-24,2.18,3400,0(0.00 %),9220,31438000,0,0,3400,3500,3300
2012-12-25,2.18,3400,0(0.00 %),20360,68498000,0,0,3400,3400,3300
2012-12-26,2.18,3400,0(0.00 %),53570,177126000,0,0,3300,3400,3300
2012-12-27,2.25,3500,0.1(2.94 %),257940,867562000,0,0,3400,3500,3300
2012-12-28,2.31,3600,0.1(2.86 %),20140,69895000,0,0,3500,3600,3400
2013-01-02,2.38,3700,0.1(2.78 %),70590,260315000,0,0,3700,3700,3600
2013-01-03,2.44,3800,0.1(2.70 %),153760,583094000,0,0,3800,3800,3700
2013-01-04,2.38,3700,-0.1(-2.63 %),22820,85516000,0,0,3800,3900,3700
2013-01-07,2.31,3600,-0.1(-2.70 %),20460,74603000,0,0,3600,3800,3600
2013-01-08,2.31,3600,0(0.00 %),126850,456178000,0,0,3600,3700,3500
2013-01-09,2.25,3500,-0.1(-2.78 %),286020,1023321000,0,0,3600,3700,3500
2013-01-10,2.25,3500,0(0.00 %),30120,105421000,0,0,3500,3600,3500
2013-01-11,2.31,3600,0.1(2.86 %),25820,92516000,0,0,3500,3600,3500
2013-01-14,2.31,3600,0(0.00 %),22750,81773000,0,0,3600,3600,3500
2013-01-15,2.38,3700,0.1(2.78 %),101810,373518000,0,0,3600,3800,3600
2013-01-16,2.51,3900,0.2(5.41 %),78000,302368000,0,0,3800,3900,3800
2013-01-17,2.63,4100,0.2(5.13 %),1562820,6176623000,0,0,4100,4100,3800
2013-01-18,2.76,4300,0.2(4.88 %),101710,437353000,0,0,4300,4300,4300
2013-01-21,2.83,4400,0.1(2.33 %),479310,2152694000,274220,1096880000,4500,4600,4300
2013-01-22,2.63,4100,-0.3(-6.82 %),129800,539113000,0,0,4200,4200,4100
2013-01-23,2.51,3900,-0.2(-4.88 %),44810,174759000,0,0,3900,3900,3900
2013-01-24,2.57,4000,0.1(2.56 %),659170,2509263000,0,0,3800,4000,3700
2013-01-25,2.51,3900,-0.1(-2.50 %),232980,922647000,0,0,4000,4100,3900
2013-01-28,2.63,4100,0.2(5.13 %),282580,1147571000,0,0,4000,4100,4000
2013-01-29,2.51,3900,-0.2(-4.88 %),261320,1025009000,0,0,4000,4100,3900
2013-01-30,2.51,3900,0(0.00 %),252740,983979000,0,0,3900,4000,3800
2013-01-31,2.57,4000,0.1(2.56 %),151880,605076000,0,0,3900,4100,3900
2013-02-01,2.57,4000,0(0.00 %),63010,245975000,0,0,3900,4000,3900
2013-02-04,2.44,3800,-0.2(-5.00 %),116070,448584000,0,0,3900,4000,3800
2013-02-05,2.44,3800,0(0.00 %),57790,217260000,0,0,3800,3800,3700
2013-02-06,2.51,3900,0.1(2.63 %),58730,222110000,0,0,3800,3900,3700
2013-02-07,2.51,3900,0(0.00 %),77380,299803000,0,0,3900,4000,3800
2013-02-08,2.51,3900,0(0.00 %),94540,367962000,0,0,3900,4000,3800
2013-02-18,2.63,4100,0.2(5.13 %),115520,470006000,0,0,4100,4100,4000
2013-02-19,2.7,4200,0.1(2.44 %),255840,1068250000,35000,136500000,4200,4300,4100
2013-02-20,2.7,4200,0(0.00 %),216130,895895000,0,0,4100,4200,4100
2013-02-21,2.57,4000,-0.2(-4.76 %),391310,1606395000,0,0,4100,4300,4000
2013-02-22,2.57,4000,0(0.00 %),119800,462564000,0,0,4000,4100,3800
2013-02-25,2.51,3900,-0.1(-2.50 %),93440,364420000,0,0,4000,4000,3900
2013-02-26,2.38,3700,-0.2(-5.13 %),109640,409919000,0,0,3800,3900,3700
2013-02-27,2.31,3600,-0.1(-2.70 %),201580,707150000,56090,196315000,3600,3600,3500
2013-02-28,2.31,3600,0(0.00 %),95100,342382000,0,0,3700,3700,3600
2013-03-01,2.31,3600,0(0.00 %),28220,99353000,0,0,3600,3600,3400
2013-03-04,2.18,3400,-0.2(-5.56 %),98800,336538000,0,0,3500,3600,3400
2013-03-05,2.06,3200,-0.2(-5.88 %),64230,209204000,0,0,3300,3400,3200
2013-03-06,2.18,3400,0.2(6.25 %),40290,130859000,0,0,3300,3400,3200
2013-03-07,2.12,3300,-0.1(-2.94 %),63090,204654000,0,0,3400,3400,3200
2013-03-08,2.12,3300,0(0.00 %),79460,260730000,0,0,3300,3400,3200
2013-03-11,2.18,3400,0.1(3.03 %),49160,165944000,0,0,3400,3500,3200
2013-03-12,2.18,3400,0(0.00 %),59390,199944000,0,0,3400,3400,3300
2013-03-13,2.12,3300,-0.1(-2.94 %),104800,348758000,0,0,3400,3500,3300
2013-03-14,2.12,3300,0(0.00 %),36160,119329000,0,0,3300,3400,3300
2013-03-15,2.18,3400,0.1(3.03 %),9940,32996000,0,0,3300,3400,3300
2013-03-18,2.18,3400,0(0.00 %),80960,275176000,0,0,3300,3500,3300
2013-03-19,2.18,3400,0(0.00 %),83390,276171000,0,0,3300,3400,3300
2013-03-20,2.12,3300,-0.1(-2.94 %),49620,166374000,0,0,3300,3400,3300
2013-03-21,2.12,3300,0(0.00 %),71580,236473000,0,0,3300,3400,3300
2013-03-22,2.12,3300,0(0.00 %),42410,135794000,0,0,3300,3300,3200
2013-03-25,2.12,3300,0(0.00 %),10320,33626000,0,0,3300,3300,3200
2013-03-26,2.06,3200,-0.1(-3.03 %),21500,69530000,0,0,3200,3300,3200
2013-03-27,2.12,3300,0.1(3.12 %),61040,201476000,0,0,3200,3400,3200
2013-03-28,2.18,3400,0.1(3.03 %),61490,203161000,0,0,3300,3400,3300
2013-03-29,2.06,3200,-0.2(-5.88 %),151450,493023000,0,0,3200,3400,3200
2013-04-01,2.12,3300,0.1(3.12 %),58440,189865000,0,0,3200,3400,3200
2013-04-02,2.12,3300,0(0.00 %),87560,297011000,0,0,3400,3400,3300
2013-04-03,2.12,3300,0(0.00 %),63730,210313000,0,0,3400,3400,3300
2013-04-04,2.06,3200,-0.1(-3.03 %),30600,100930000,0,0,3300,3300,3200
2013-04-05,2.06,3200,0(0.00 %),50880,167460000,0,0,3300,3400,3200
2013-04-08,2.12,3300,0.1(3.12 %),46790,153826000,0,0,3300,3400,3200
2013-04-09,2.18,3400,0.1(3.03 %),53260,179563000,0,0,3300,3400,3300
2013-04-10,2.12,3300,-0.1(-2.94 %),45110,153075000,0,0,3400,3500,3300
2013-04-11,2.12,3300,0(0.00 %),57960,191268000,0,0,3300,3300,3300
2013-04-12,2.12,3300,0(0.00 %),39600,130680000,0,0,3300,3300,3300
2013-04-15,1.99,3100,-0.2(-6.06 %),33010,102984000,0,0,3300,3300,3100
2013-04-16,1.86,2900,-0.2(-6.45 %),48920,145468000,0,0,3100,3100,2900
2013-04-17,1.93,3000,0.1(3.45 %),15290,44480000,0,0,3000,3000,2900
2013-04-18,1.99,3100,0.1(3.33 %),80520,242562000,0,0,3000,3100,3000
2013-04-22,1.99,3100,0(0.00 %),66020,199667000,0,0,2900,3100,2900
2013-04-23,1.99,3100,0(0.00 %),41040,127222000,0,0,2900,3100,2900
2013-04-24,1.99,3100,0(0.00 %),31480,97924000,0,0,3100,3200,3100
2013-04-25,1.99,3100,0(0.00 %),9760,29885000,0,0,3200,3200,3000
2013-04-26,1.93,3000,-0.1(-3.23 %),11170,33615000,0,0,3100,3100,3000
2013-05-02,2.06,3200,0.2(6.67 %),1920,5854000,0,0,3100,3200,3000
2013-05-03,2.06,3200,0(0.00 %),1610,5152000,0,0,3200,3200,3200
2013-05-06,2.12,3300,0.1(3.12 %),27630,91000000,0,0,3300,3300,3200
2013-05-07,1.99,3100,-0.2(-6.06 %),5740,18311000,0,0,3200,3300,3100
2013-05-08,1.99,3100,0(0.00 %),5540,17229000,0,0,3200,3300,3100
2013-05-09,2.12,3300,0.2(6.45 %),9000,28055000,0,0,3100,3300,3100
2013-05-10,2.06,3200,-0.1(-3.03 %),1280,4088000,0,0,3300,3300,3100
2013-05-13,2.12,3300,0.1(3.12 %),6050,19965000,0,0,3300,3300,3300
2013-05-14,2.06,3200,-0.1(-3.03 %),1980,6282000,0,0,3200,3200,3100
2013-05-15,1.99,3100,-0.1(-3.12 %),9610,30694000,0,0,3200,3300,3100
2013-05-16,2.12,3300,0.2(6.45 %),8490,27079000,0,0,3100,3300,3100
2013-05-17,2.12,3300,0(0.00 %),11670,37883000,0,0,3300,3300,3100
2013-05-20,1.99,3100,-0.2(-6.06 %),48490,150730000,0,0,3100,3300,3100
2013-05-21,1.86,2900,-0.2(-6.45 %),33630,100633000,0,0,3100,3100,2900
2013-05-22,1.93,3000,0.1(3.45 %),36600,111839000,0,0,3100,3100,3000
2013-05-23,1.93,3000,0(0.00 %),43410,135811000,0,0,3100,3200,3000
2013-05-24,1.99,3100,0.1(3.33 %),1120,3465000,0,0,3000,3200,3000
2013-05-27,2.06,3200,0.1(3.23 %),45780,145796000,0,0,3200,3300,3100
2013-05-28,2.06,3200,0(0.00 %),60300,192355000,0,0,3200,3300,3100
2013-05-29,1.99,3100,-0.1(-3.12 %),53580,169571000,0,0,3200,3300,3100
2013-05-30,2.06,3200,0.1(3.23 %),1740,5528000,0,0,3300,3300,3100
2013-05-31,2.06,3200,0(0.00 %),50720,162479000,0,0,3200,3300,3100
2013-06-03,2.12,3300,0.1(3.12 %),41920,133938000,0,0,3200,3300,3100
2013-06-04,2.12,3300,0(0.00 %),22630,73379000,0,0,3300,3300,3200
2013-06-05,2.12,3300,0(0.00 %),11520,37180000,0,0,3200,3300,3200
2013-06-06,2.06,3200,-0.1(-3.03 %),55990,179756000,0,0,3200,3300,3200
2013-06-07,2.12,3300,0.1(3.12 %),30560,97846000,0,0,3300,3300,3200
2013-06-10,2.12,3300,0(0.00 %),17720,56785000,0,0,3300,3300,3200
2013-06-11,2.06,3200,-0.1(-3.03 %),52510,167948000,0,0,3200,3300,3100
2013-06-12,2.12,3300,0.1(3.12 %),23500,75563000,0,0,3300,3300,3200
2013-06-13,2.06,3200,-0.1(-3.03 %),29060,92998000,0,0,3300,3300,3200
2013-06-14,2.12,3300,0.1(3.12 %),27310,87702000,0,0,3200,3300,3200
2013-06-17,2.12,3300,0(0.00 %),54010,171561000,0,0,3200,3300,3100
2013-06-18,2.06,3200,-0.1(-3.03 %),13030,41698000,0,0,3200,3300,3200
2013-06-19,2.06,3200,0(0.00 %),16290,52129000,0,0,3300,3300,3200
2013-06-20,1.99,3100,-0.1(-3.12 %),35320,109494000,0,0,3100,3200,3100
2013-06-21,1.99,3100,0(0.00 %),23090,71424000,0,0,3200,3200,3000
2013-06-24,1.93,3000,-0.1(-3.23 %),29780,90353000,0,0,3000,3200,3000
2013-06-25,1.8,2800,-0.2(-6.67 %),69430,202967000,0,0,3000,3000,2800
2013-06-26,1.86,2900,0.1(3.57 %),34180,99121000,0,0,2900,2900,2800
2013-06-27,1.99,3100,0.2(6.90 %),17110,51333000,0,0,3000,3100,2900
2013-06-28,1.93,3000,-0.1(-3.23 %),12350,37077000,0,0,3000,3100,3000
2013-07-01,1.93,3000,0(0.00 %),16590,49741000,0,0,3000,3100,2900
2013-07-02,1.93,3000,0(0.00 %),16090,48295000,0,0,3000,3100,3000
2013-07-03,1.99,3100,0.1(3.33 %),14660,44231000,0,0,3000,3100,3000
2013-07-04,1.99,3100,0(0.00 %),11120,33362000,0,0,3100,3100,3000
2013-07-05,1.86,2900,-0.2(-6.45 %),21400,64160000,0,0,3000,3000,2900
2013-07-08,1.86,2900,0(0.00 %),9330,27057000,0,0,2900,2900,2900
2013-07-09,1.86,2900,0(0.00 %),11600,34640000,0,0,3000,3000,2900
2013-07-10,1.8,2800,-0.1(-3.45 %),19130,54993000,0,0,3000,3100,2800
2013-07-11,1.86,2900,0.1(3.57 %),14290,41441000,0,0,2900,2900,2900
2013-07-12,1.93,3000,0.1(3.45 %),5420,15585000,0,0,3000,3000,2800
2013-07-15,1.8,2800,-0.2(-6.67 %),80100,226023000,0,0,3100,3100,2800
2013-07-16,1.86,2900,0.1(3.57 %),9700,28130000,0,0,2900,2900,2900
2013-07-17,1.93,3000,0.1(3.45 %),13410,38892000,0,0,2900,3000,2900
2013-07-18,1.93,3000,0(0.00 %),3770,10999000,0,0,2900,3000,2900
2013-07-19,1.86,2900,-0.1(-3.33 %),10600,30740000,0,0,2900,2900,2900
2013-07-22,1.86,2900,0(0.00 %),13470,37917000,0,0,2900,2900,2800
2013-07-23,1.86,2900,0(0.00 %),15420,44718000,279260,754002000,2900,3000,2800
2013-07-24,1.8,2800,-0.1(-3.45 %),28490,79786000,0,0,2800,3000,2800
2013-07-25,1.8,2800,0(0.00 %),33020,95582000,0,0,2900,2900,2800
2013-07-26,1.8,2800,0(0.00 %),21010,58829000,0,0,2800,2900,2800
2013-07-29,1.8,2800,0(0.00 %),36340,105382000,0,0,2900,2900,2800
2013-07-30,1.86,2900,0.1(3.57 %),21110,61169000,0,0,2900,2900,2800
2013-07-31,1.86,2900,0(0.00 %),19520,56607000,0,0,2900,2900,2800
2013-08-01,1.8,2800,-0.1(-3.45 %),3110,9008000,0,0,2900,2900,2800
2013-08-02,1.8,2800,0(0.00 %),6720,18917000,0,0,2800,2900,2800
2013-08-05,1.86,2900,0.1(3.57 %),10430,30216000,0,0,2900,2900,2800
2013-08-06,1.8,2800,-0.1(-3.45 %),18750,52501000,0,0,2800,2900,2800
2013-08-07,1.86,2900,0.1(3.57 %),10310,28880000,0,0,2800,2900,2800
2013-08-08,1.8,2800,-0.1(-3.45 %),23920,66980000,0,0,2900,2900,2800
2013-08-09,1.73,2700,-0.1(-3.57 %),19430,54050000,0,0,2800,2800,2700
2013-08-12,1.8,2800,0.1(3.70 %),10760,30000000,0,0,2700,2800,2700
2013-08-13,1.73,2700,-0.1(-3.57 %),30420,82638000,0,0,2900,2900,2700
2013-08-14,1.8,2800,0.1(3.70 %),13610,38098000,0,0,2700,2800,2700
2013-08-15,1.73,2700,-0.1(-3.57 %),90600,245742000,0,0,2800,2800,2700
2013-08-16,1.8,2800,0.1(3.70 %),30590,82608000,0,0,2700,2800,2700
2013-08-19,1.73,2700,-0.1(-3.57 %),74360,200801000,0,0,2800,2800,2700
2013-08-20,1.73,2700,0(0.00 %),3870,10539000,0,0,2700,2800,2700
2013-08-21,1.67,2600,-0.1(-3.70 %),30500,80315000,0,0,2700,2700,2600
2013-08-22,1.67,2600,0(0.00 %),15870,41264000,0,0,2600,2700,2600
2013-08-23,1.73,2700,0.1(3.85 %),12220,31928000,0,0,2700,2700,2600
2013-08-26,1.67,2600,-0.1(-3.70 %),35470,93742000,0,0,2700,2700,2600
2013-08-27,1.67,2600,0(0.00 %),32040,83405000,0,0,2700,2700,2600
2013-08-28,1.61,2500,-0.1(-3.85 %),38330,95827000,0,0,2600,2600,2500
2013-08-29,1.67,2600,0.1(4.00 %),8630,22227000,0,0,2500,2600,2500
2013-08-30,1.61,2500,-0.1(-3.85 %),12750,32910000,0,0,2600,2600,2500
2013-09-03,1.67,2600,0.1(4.00 %),36010,91826000,0,0,2500,2600,2500
2013-09-04,1.67,2600,0(0.00 %),26220,68172000,0,0,2600,2600,2600
2013-09-05,1.67,2600,0(0.00 %),7910,20566000,0,0,2600,2600,2600
2013-09-06,1.61,2500,-0.1(-3.85 %),33470,83711000,0,0,2500,2600,2500
2013-09-09,1.54,2400,-0.1(-4.00 %),88300,211920000,0,0,2400,2400,2400
2013-09-10,1.54,2400,0(0.00 %),15470,35586000,0,0,2300,2400,2300
2013-09-11,1.61,2500,0.1(4.17 %),27690,66457000,0,0,2400,2500,2400
2013-09-12,1.61,2500,0(0.00 %),10000,25000000,0,0,2500,2500,2500
2013-09-13,1.67,2600,0.1(4.00 %),10010,25026000,0,0,2500,2600,2500
2013-09-16,1.67,2600,0(0.00 %),9180,22955000,0,0,2500,2600,2500
2013-09-17,1.61,2500,-0.1(-3.85 %),25140,62854000,0,0,2500,2600,2500
2013-09-18,1.61,2500,0(0.00 %),15120,37791000,0,0,2400,2600,2400
2013-09-19,1.54,2400,-0.1(-4.00 %),4680,11233000,0,0,2400,2500,2400
2013-09-20,1.54,2400,0(0.00 %),4580,10541000,0,0,2300,2400,2300
2013-09-23,1.61,2500,0.1(4.17 %),24850,59638000,0,0,2400,2500,2300
2013-09-24,1.61,2500,0(0.00 %),160,396000,0,0,2400,2500,2400
2013-09-25,1.61,2500,0(0.00 %),23090,57727000,0,0,2500,2600,2500
2013-09-26,1.61,2500,0(0.00 %),42140,106257000,0,0,2500,2600,2500
2013-09-27,1.61,2500,0(0.00 %),17080,42700000,0,0,2500,2500,2500
2013-09-30,1.67,2600,0.1(4.00 %),21370,54426000,0,0,2600,2600,2500
2013-10-01,1.67,2600,0(0.00 %),23880,59702000,0,0,2500,2600,2500
2013-10-02,1.73,2700,0.1(3.85 %),14760,38247000,0,0,2500,2700,2500
2013-10-03,1.67,2600,-0.1(-3.70 %),21030,54678000,0,0,2600,2600,2600
2013-10-04,1.61,2500,-0.1(-3.85 %),4770,11926000,0,0,2500,2600,2500
2013-10-07,1.67,2600,0.1(4.00 %),23150,60190000,0,0,2600,2600,2600
2013-10-08,1.67,2600,0(0.00 %),10800,28080000,0,0,2600,2600,2600
2013-10-09,1.73,2700,0.1(3.85 %),24470,63623000,0,0,2600,2700,2600
2013-10-10,1.67,2600,-0.1(-3.70 %),48240,125425000,0,0,2600,2700,2600
2013-10-11,1.67,2600,0(0.00 %),29530,76778000,0,0,2600,2600,2600
2013-10-14,1.67,2600,0(0.00 %),3250,8450000,0,0,2600,2600,2600
2013-10-15,1.67,2600,0(0.00 %),22800,61360000,0,0,2700,2700,2600
2013-10-16,1.73,2700,0.1(3.85 %),2800,7551000,0,0,2600,2700,2600
2013-10-17,1.73,2700,0(0.00 %),17610,47547000,0,0,2700,2700,2700
2013-10-18,1.67,2600,-0.1(-3.70 %),9520,25702000,0,0,2700,2700,2600
2013-10-21,1.73,2700,0.1(3.85 %),18690,50173000,0,0,2600,2700,2600
2013-10-22,1.73,2700,0(0.00 %),29130,75786000,0,0,2600,2700,2600
2013-10-23,1.8,2800,0.1(3.70 %),47870,129250000,0,0,2700,2800,2700
2013-10-24,1.73,2700,-0.1(-3.57 %),19810,53487000,0,0,2700,2700,2700
2013-10-25,1.73,2700,0(0.00 %),80,216000,0,0,2700,2700,2700
2013-10-28,1.73,2700,0(0.00 %),2250,5975000,0,0,2700,2700,2600
2013-10-29,1.73,2700,0(0.00 %),1510,3987000,0,0,2600,2700,2600
2013-10-30,1.73,2700,0(0.00 %),15160,40932000,0,0,2700,2700,2700
2013-10-31,1.67,2600,-0.1(-3.70 %),57680,152270000,0,0,2700,2700,2600
2013-11-01,1.73,2700,0.1(3.85 %),8180,21270000,0,0,2600,2700,2600
2013-11-04,1.67,2600,-0.1(-3.70 %),640,1677000,0,0,2700,2700,2600
2013-11-05,1.73,2700,0.1(3.85 %),50650,136755000,0,0,2700,2700,2700
2013-11-06,1.8,2800,0.1(3.70 %),45930,128599000,0,0,2800,2800,2700
2013-11-07,1.86,2900,0.1(3.57 %),74890,216531000,0,0,2900,2900,2800
2013-11-08,1.99,3100,0.2(6.90 %),86460,264797000,0,0,3000,3100,3000
2013-11-11,2.12,3300,0.2(6.45 %),27290,90057000,0,0,3300,3300,3300
2013-11-12,2.25,3500,0.2(6.06 %),285530,999275000,0,0,3500,3500,3400
2013-11-13,2.12,3300,-0.2(-5.71 %),65500,221154000,0,0,3300,3500,3300
2013-11-14,2.18,3400,0.1(3.03 %),118580,390071000,0,0,3100,3500,3100
2013-11-15,2.06,3200,-0.2(-5.88 %),108790,349391000,0,0,3300,3300,3200
2013-11-18,1.99,3100,-0.1(-3.12 %),97580,300456000,0,0,3000,3400,3000
2013-11-19,2.12,3300,0.2(6.45 %),171490,523196000,0,0,3000,3300,2900
2013-11-20,2.25,3500,0.2(6.06 %),9310,31610000,0,0,3400,3500,3200
2013-11-21,2.12,3300,-0.2(-5.71 %),125560,421206000,0,0,3300,3500,3300
2013-11-22,2.12,3300,0(0.00 %),91400,287587000,0,0,3200,3300,3100
2013-11-25,2.12,3300,0(0.00 %),28200,91284000,0,0,3300,3400,3200
2013-11-26,2.12,3300,0(0.00 %),96690,320249000,0,0,3100,3400,3100
2013-11-27,2.25,3500,0.2(6.06 %),40320,138446000,0,0,3300,3500,3300
2013-11-28,2.38,3700,0.2(5.71 %),185250,685425000,0,0,3700,3700,3700
2013-11-29,2.25,3500,-0.2(-5.41 %),197950,722237000,0,0,3800,3900,3500
2013-12-02,2.25,3500,0(0.00 %),22870,79835000,0,0,3400,3600,3400
2013-12-03,2.31,3600,0.1(2.86 %),142110,492589000,0,0,3500,3600,3300
2013-12-04,2.18,3400,-0.2(-5.56 %),59950,204891000,0,0,3600,3600,3400
2013-12-05,2.25,3500,0.1(2.94 %),32670,111522000,0,0,3300,3500,3300
2013-12-06,2.12,3300,-0.2(-5.71 %),62620,211594000,0,0,3500,3500,3300
2013-12-09,2.06,3200,-0.1(-3.03 %),49810,162608000,0,0,3500,3500,3200
2013-12-10,2.06,3200,0(0.00 %),29840,94493000,0,0,3200,3300,3100
2013-12-11,1.99,3100,-0.1(-3.12 %),42220,128949000,0,0,3100,3200,3000
2013-12-12,2.12,3300,0.2(6.45 %),33340,104656000,0,0,3200,3300,3000
2013-12-13,2.06,3200,-0.1(-3.03 %),4140,13309000,0,0,3200,3300,3200
2013-12-16,2.18,3400,0.2(6.25 %),76420,258675000,0,0,3200,3400,3200
2013-12-17,2.18,3400,0(0.00 %),16430,54846000,0,0,3400,3500,3200
2013-12-18,2.12,3300,-0.1(-2.94 %),19650,63115000,0,0,3300,3300,3200
2013-12-19,2.18,3400,0.1(3.03 %),89630,298315000,0,0,3200,3500,3100
2013-12-20,2.25,3500,0.1(2.94 %),23430,78987000,0,0,3500,3500,3200
2013-12-23,2.25,3500,0(0.00 %),28280,96914000,0,0,3300,3500,3300
2013-12-24,2.18,3400,-0.1(-2.86 %),35720,120015000,0,0,3300,3500,3300
2013-12-25,2.18,3400,0(0.00 %),43740,148699000,0,0,3300,3500,3300
2013-12-26,2.25,3500,0.1(2.94 %),4080,14270000,0,0,3400,3500,3300
2013-12-27,2.12,3300,-0.2(-5.71 %),12950,42856000,0,0,3500,3500,3300
2013-12-30,2.12,3300,0(0.00 %),22700,74801000,0,0,3400,3400,3200
2013-12-31,2.18,3400,0.1(3.03 %),5040,16996000,0,0,3400,3400,3300
2014-01-02,2.31,3600,0.2(5.88 %),55850,194550000,0,0,3400,3600,3200
2014-01-03,2.25,3500,-0.1(-2.78 %),64720,230972000,0,0,3500,3600,3500
2014-01-06,2.31,3600,0.1(2.86 %),35390,122431000,0,0,3500,3600,3400
2014-01-07,2.31,3600,0(0.00 %),33790,116679000,0,0,3600,3600,3400
2014-01-08,2.25,3500,-0.1(-2.78 %),7500,26102000,0,0,3400,3500,3400
2014-01-09,2.31,3600,0.1(2.86 %),13510,47586000,0,0,3600,3600,3500
2014-01-10,2.38,3700,0.1(2.78 %),97260,350447000,0,0,3600,3700,3500
2014-01-13,2.25,3500,-0.2(-5.41 %),14830,52441000,0,0,3700,3700,3500
2014-01-14,2.25,3500,0(0.00 %),48730,172796000,0,0,3600,3700,3500
2014-01-15,2.25,3500,0(0.00 %),37210,130806000,0,0,3600,3600,3500
2014-01-16,2.38,3700,0.2(5.71 %),45320,158296000,300000,990000000,3500,3700,3400
2014-01-17,2.31,3600,-0.1(-2.70 %),38820,136224000,0,0,3700,3700,3500
2014-01-20,2.25,3500,-0.1(-2.78 %),41760,142926000,0,0,3500,3500,3400
2014-01-21,2.25,3500,0(0.00 %),55750,192112000,0,0,3500,3500,3400
2014-01-22,2.18,3400,-0.1(-2.86 %),16390,56674000,0,0,3600,3600,3400
2014-01-23,2.31,3600,0.2(5.88 %),18120,63711000,0,0,3400,3600,3400
2014-01-24,2.31,3600,0(0.00 %),14940,53701000,0,0,3500,3600,3500
2014-01-27,2.31,3600,0(0.00 %),41430,149048000,0,0,3600,3600,3500
2014-02-06,2.44,3800,0.2(5.56 %),72660,266297000,0,0,3600,3800,3500
2014-02-07,2.57,4000,0.2(5.26 %),181860,723470000,0,0,3800,4000,3800
2014-02-10,2.7,4200,0.2(5.00 %),75820,309271000,0,0,4100,4200,4000
2014-02-11,2.57,4000,-0.2(-4.76 %),216480,884821000,0,0,4200,4300,4000
2014-02-12,2.57,4000,0(0.00 %),86550,346113000,0,0,3900,4100,3900
2014-02-13,2.51,3900,-0.1(-2.50 %),59130,235434000,0,0,4100,4100,3900
2014-02-14,2.51,3900,0(0.00 %),82440,321920000,0,0,4000,4000,3800
2014-02-17,2.57,4000,0.1(2.56 %),96150,381313000,0,0,3900,4000,3900
2014-02-18,2.57,4000,0(0.00 %),50780,203220000,0,0,4000,4100,4000
2014-02-19,2.63,4100,0.1(2.50 %),25720,104128000,0,0,4100,4200,4000
2014-02-20,2.51,3900,-0.2(-4.88 %),81610,321794000,0,0,4000,4000,3900
2014-02-21,2.63,4100,0.2(5.13 %),49420,194704000,0,0,3900,4100,3800
2014-02-24,2.63,4100,0(0.00 %),51820,216414000,0,0,4200,4200,4100
2014-02-25,2.7,4200,0.1(2.44 %),107000,434475000,0,0,4200,4200,4000
2014-02-26,2.7,4200,0(0.00 %),96670,401302000,0,0,4100,4200,4100
2014-02-27,2.76,4300,0.1(2.38 %),86040,373346000,0,0,4300,4400,4300
2014-02-28,2.76,4300,0(0.00 %),53690,230666000,0,0,4400,4400,4200
2014-03-03,2.7,4200,-0.1(-2.33 %),22410,95325000,0,0,4300,4300,4100
2014-03-04,2.63,4100,-0.1(-2.38 %),16590,69141000,0,0,4200,4200,4100
2014-03-05,2.76,4300,0.2(4.88 %),16540,68883000,0,0,4200,4300,4100
2014-03-06,2.96,4600,0.3(6.98 %),69930,308203000,0,0,4300,4600,4300
2014-03-07,2.96,4600,0(0.00 %),20030,88186000,0,0,4400,4600,4400
2014-03-10,2.96,4600,0(0.00 %),27820,126682000,0,0,4500,4800,4400
2014-03-11,3.08,4800,0.2(4.35 %),100310,480219000,0,0,4900,4900,4700
2014-03-12,3.02,4700,-0.1(-2.08 %),61350,291775000,0,0,5000,5000,4700
2014-03-13,3.08,4800,0.1(2.13 %),11450,53791000,0,0,4600,4900,4600
2014-03-14,3.15,4900,0.1(2.08 %),55410,258617000,0,0,4600,4900,4600
2014-03-17,3.21,5000,0.1(2.04 %),21270,104707000,0,0,4900,5000,4800
2014-03-18,3.15,4900,-0.1(-2.00 %),48300,236670000,0,0,4900,5000,4800
2014-03-19,3.34,5200,0.3(6.12 %),31890,160907000,0,0,5000,5200,4900
2014-03-20,3.34,5200,0(0.00 %),17780,91746000,0,0,5200,5200,5100
2014-03-21,3.47,5400,0.2(3.85 %),11600,62612000,0,0,5300,5400,5300
2014-03-24,3.66,5700,0.3(5.56 %),54540,310657000,0,0,5700,5700,5600
2014-03-25,3.86,6000,0.3(5.26 %),26120,156720000,0,0,6000,6000,6000
2014-03-26,3.98,6200,0.2(3.33 %),239920,1524036000,0,0,6400,6400,6100
2014-03-27,3.98,6200,0(0.00 %),47260,276137000,0,0,6000,6200,5800
2014-03-28,3.73,5800,-0.4(-6.45 %),46850,276205000,0,0,5900,6200,5800
2014-03-31,3.6,5600,-0.2(-3.45 %),39760,221555000,0,0,5500,6000,5500
2014-04-01,3.47,5400,-0.2(-3.57 %),64400,351320000,0,0,5500,5600,5400
2014-04-02,3.6,5600,0.2(3.70 %),98590,529795000,0,0,5400,5600,5200
2014-04-03,3.66,5700,0.1(1.79 %),7050,39791000,0,0,5600,5700,5500
2014-04-04,3.66,5700,0(0.00 %),6920,37704000,0,0,5700,5700,5400
2014-04-07,3.86,6000,0.3(5.26 %),22430,128763000,0,0,5500,6000,5500
2014-04-08,3.92,6100,0.1(1.67 %),10350,60099000,0,0,5800,6100,5800
2014-04-10,3.79,5900,-0.2(-3.28 %),7030,42237000,0,0,6000,6100,5800
2014-04-11,3.53,5500,-0.4(-6.78 %),124970,687835000,0,0,5500,5600,5500
2014-04-14,3.53,5500,0(0.00 %),6990,37170000,958940,4986488000,5400,5600,5300
2014-04-15,3.34,5200,-0.3(-5.45 %),490,2555000,425750,2213900000,5200,5800,5200
2014-04-16,3.15,4900,-0.3(-5.77 %),22800,113590000,0,0,5000,5100,4900
2014-04-17,3.28,5100,0.2(4.08 %),3070,15351000,0,0,5000,5100,5000
2014-04-18,3.08,4800,-0.3(-5.88 %),20520,99655000,0,0,5200,5200,4800
2014-04-21,2.89,4500,-0.3(-6.25 %),16670,75211000,0,0,4600,4900,4500
2014-04-22,3.02,4700,0.2(4.44 %),210,987000,0,0,4700,4700,4700
2014-04-23,3.08,4800,0.1(2.13 %),6010,27648000,0,0,4600,4800,4600
2014-04-24,3.08,4800,0(0.00 %),10,48000,0,0,4800,4800,4800
2014-04-25,3.08,4800,0(0.00 %),0,0,0,0,4800,4800,4800
2014-04-28,2.89,4500,-0.3(-6.25 %),1300,6000000,0,0,4800,4800,4500
2014-04-29,2.89,4500,0(0.00 %),2540,10926000,0,0,4300,4500,4300
2014-05-05,2.96,4600,0.1(2.22 %),470,1978000,0,0,4200,4600,4200
2014-05-06,2.76,4300,-0.3(-6.52 %),9460,41831000,0,0,4300,4600,4300
2014-05-07,2.83,4400,0.1(2.33 %),21640,91924000,0,0,4200,4400,4200
2014-05-08,2.7,4200,-0.2(-4.55 %),10,42000,0,0,4200,4200,4200
2014-05-09,2.76,4300,0.1(2.38 %),25170,100706000,0,0,4000,4300,4000
2014-05-12,2.57,4000,-0.3(-6.98 %),5050,20200000,0,0,4000,4000,4000
2014-05-13,2.44,3800,-0.2(-5.00 %),19230,73076000,0,0,3800,4000,3800
2014-05-14,2.57,4000,0.2(5.26 %),10610,38240000,0,0,3600,4000,3600
2014-05-15,2.7,4200,0.2(5.00 %),12510,48542000,0,0,4200,4200,3800
2014-05-16,2.83,4400,0.2(4.76 %),53090,225556000,0,0,4400,4400,4200
2014-05-19,3.02,4700,0.3(6.82 %),23770,100669000,0,0,4700,4700,4100
2014-05-20,2.96,4600,-0.1(-2.13 %),20830,95760000,0,0,4800,4800,4500
2014-05-21,3.02,4700,0.1(2.17 %),87230,397120000,0,0,4400,4800,4400
2014-05-22,2.89,4500,-0.2(-4.26 %),13000,59101000,0,0,4700,4700,4400
2014-05-23,2.89,4500,0(0.00 %),60,268000,0,0,4200,4600,4200
2014-05-26,2.96,4600,0.1(2.22 %),8930,40876000,0,0,4500,4800,4500
2014-05-27,3.08,4800,0.2(4.35 %),3920,18437000,0,0,4800,4800,4700
2014-05-28,2.96,4600,-0.2(-4.17 %),8180,37646000,0,0,4800,4900,4600
2014-05-29,2.96,4600,0(0.00 %),5350,25274000,0,0,4800,4800,4600
2014-05-30,3.02,4700,0.1(2.17 %),10,47000,0,0,4700,4700,4700
2014-06-02,3.02,4700,0(0.00 %),1210,5667000,0,0,4700,4700,4500
2014-06-03,3.02,4700,0(0.00 %),0,0,0,0,4700,4700,4700
2014-06-04,2.89,4500,-0.2(-4.26 %),250,1126000,0,0,4500,4600,4500
2014-06-05,2.7,4200,-0.3(-6.67 %),5870,25060000,0,0,4300,4500,4200
2014-06-06,2.83,4400,0.2(4.76 %),9250,40500000,0,0,4200,4400,4200
2014-06-09,2.89,4500,0.1(2.27 %),21110,95207000,0,0,4700,4700,4500
2014-06-10,2.89,4500,0(0.00 %),40,178000,0,0,4500,4500,4300
2014-06-11,2.89,4500,0(0.00 %),420,1850000,0,0,4400,4500,4400
2014-06-12,2.83,4400,-0.1(-2.22 %),2310,9985000,0,0,4400,4500,4300
2014-06-13,2.83,4400,0(0.00 %),7690,32477000,0,0,4300,4500,4100
2014-06-16,2.76,4300,-0.1(-2.27 %),2760,11870000,0,0,4500,4500,4300
2014-06-17,2.76,4300,0(0.00 %),45590,195698000,0,0,4300,4500,4200
2014-06-18,2.83,4400,0.1(2.33 %),74580,322527000,0,0,4300,4400,4300
2014-06-19,2.76,4300,-0.1(-2.27 %),31880,135003000,0,0,4300,4400,4200
2014-06-20,2.89,4500,0.2(4.65 %),1010,4465000,0,0,4400,4500,4400
2014-06-23,2.76,4300,-0.2(-4.44 %),34870,150091000,0,0,4300,4400,4300
2014-06-24,2.7,4200,-0.1(-2.33 %),60960,252850000,0,0,4200,4300,4000
2014-06-25,2.7,4200,0(0.00 %),7980,33518000,0,0,4300,4300,4200
2014-06-26,2.83,4400,0.2(4.76 %),15820,67047000,0,0,4300,4400,4200
2014-06-27,2.7,4200,-0.2(-4.55 %),6820,28647000,0,0,4200,4400,4200
2014-06-30,2.76,4300,0.1(2.38 %),2520,10636000,0,0,4300,4300,4200
2014-07-01,2.7,4200,-0.1(-2.33 %),17440,74434000,0,0,4300,4300,4200
2014-07-02,2.76,4300,0.1(2.38 %),30530,133908000,0,0,4300,4400,4200
2014-07-03,2.76,4300,0(0.00 %),8140,35814000,0,0,4400,4500,4300
2014-07-04,2.83,4400,0.1(2.33 %),17400,77210000,0,0,4500,4500,4400
2014-07-07,2.96,4600,0.2(4.55 %),51950,239699000,0,0,4500,4700,4500
2014-07-08,2.96,4600,0(0.00 %),10280,47290000,0,0,4600,4800,4500
2014-07-09,3.08,4800,0.2(4.35 %),24290,112141000,0,0,4600,4800,4600
2014-07-10,3.02,4700,-0.1(-2.08 %),32450,149051000,0,0,4500,4700,4500
2014-07-11,3.02,4700,0(0.00 %),7780,35643000,0,0,4500,4700,4500
2014-07-14,3.02,4700,0(0.00 %),1000,4601000,0,0,4600,4700,4600
2014-07-15,3.15,4900,0.2(4.26 %),18440,85968000,0,0,4600,4900,4500
2014-07-16,3.02,4700,-0.2(-4.08 %),16170,78085000,0,0,4900,5100,4700
2014-07-17,3.08,4800,0.1(2.13 %),7200,33743000,0,0,4600,4800,4600
2014-07-18,3.15,4900,0.1(2.08 %),10450,49000000,0,0,4600,4900,4600
2014-07-21,3.21,5000,0.1(2.04 %),29740,148000000,0,0,4900,5100,4900
2014-07-22,3.21,5000,0(0.00 %),17620,86000000,0,0,5000,5000,4700
2014-07-23,3.21,5000,0(0.00 %),3050,15000000,0,0,5100,5100,4800
2014-07-24,3.41,5300,0.3(6.00 %),118600,624414000,0,0,5000,5300,5000
2014-07-25,3.6,5600,0.3(5.66 %),95050,530000000,0,0,5600,5600,5400
2014-07-28,3.41,5300,-0.3(-5.36 %),26020,139000000,0,0,5400,5500,5300
2014-07-29,3.21,5000,-0.3(-5.66 %),29730,150000000,0,0,5200,5300,5000
2014-07-30,3.28,5100,0.1(2.00 %),54600,279000000,0,0,5000,5200,4900
2014-07-31,3.41,5300,0.2(3.92 %),3570,19000000,0,0,5200,5300,5200
2014-08-01,3.28,5100,-0.2(-3.77 %),1010,5000000,0,0,5300,5300,5100
2014-08-04,3.41,5300,0.2(3.92 %),6100,32000000,0,0,5200,5300,5100
2014-08-05,3.41,5300,0(0.00 %),1030,5000000,0,0,5100,5300,5100
2014-08-06,3.21,5000,-0.3(-5.66 %),152560,763000000,0,0,5100,5100,5000
2014-08-07,3.28,5100,0.1(2.00 %),13680,68000000,0,0,5200,5200,4800
2014-08-08,3.15,4900,-0.2(-3.92 %),13940,69000000,0,0,5100,5200,4900
2014-08-11,3.15,4900,0(0.00 %),14320,70000000,0,0,5100,5100,4800
2014-08-12,3.15,4900,0(0.00 %),11930,58000000,0,0,5000,5000,4700
2014-08-13,3.21,5000,0.1(2.04 %),8170,40000000,0,0,5000,5000,4800
2014-08-14,3.08,4800,-0.2(-4.00 %),4040,19710000,0,0,5000,5100,4800
2014-08-15,3.28,5100,0.3(6.25 %),55430,283000000,0,0,5100,5100,5100
2014-08-18,3.47,5400,0.3(5.88 %),13990,76000000,0,0,5400,5400,5400
2014-08-19,3.66,5700,0.3(5.56 %),10290,59000000,0,0,5700,5700,5700
2014-08-20,3.86,6000,0.3(5.26 %),9590,58000000,0,0,6000,6000,6000
2014-08-21,4.11,6400,0.4(6.67 %),17650,113000000,0,0,6400,6400,6400
2014-08-22,4.37,6800,0.4(6.25 %),539580,3655850000,0,0,6800,6800,6500
2014-08-25,4.37,6800,0(0.00 %),283860,1978000000,0,0,7200,7200,6800
2014-08-26,4.37,6800,0(0.00 %),154900,1025000000,0,0,6800,6800,6400
2014-08-27,4.18,6500,-0.3(-4.41 %),191560,1231910000,0,0,6600,6700,6400
2014-08-28,4.11,6400,-0.1(-1.54 %),100020,626640000,0,0,6500,6500,6100
2014-08-29,4.18,6500,0.1(1.56 %),228850,1456000000,0,0,6200,6700,6100
2014-09-03,4.24,6600,0.1(1.54 %),92600,595000000,0,0,6600,6600,6300
2014-09-04,4.11,6400,-0.2(-3.03 %),63980,409000000,0,0,6400,6500,6300
2014-09-05,4.05,6300,-0.1(-1.56 %),109200,678000000,0,0,6300,6400,6100
2014-09-08,4.18,6500,0.2(3.17 %),80570,504490000,0,0,6200,6500,6100
2014-09-09,3.92,6100,-0.4(-6.15 %),104750,644850000,0,0,6400,6400,6100
2014-09-10,3.79,5900,-0.2(-3.28 %),72620,426769000,0,0,6000,6000,5800
2014-09-11,4.05,6300,0.4(6.78 %),87490,533448000,0,0,5800,6300,5800
2014-09-12,4.05,6300,0(0.00 %),75020,464598000,0,0,6300,6400,6000
2014-09-15,3.92,6100,-0.2(-3.17 %),57440,352003000,0,0,6100,6300,6100
2014-09-16,4.18,6500,0.4(6.56 %),242410,1560921000,0,0,6200,6500,6000
2014-09-17,4.43,6900,0.4(6.15 %),157800,1074037000,0,0,6500,6900,6500
2014-09-18,4.18,6500,-0.4(-5.80 %),71590,470173000,0,0,6800,6800,6500
2014-09-19,4.24,6600,0.1(1.54 %),16300,106228000,0,0,6300,6600,6300
2014-09-22,4.11,6400,-0.2(-3.03 %),70590,449855000,0,0,6400,6500,6300
2014-09-23,4.11,6400,0(0.00 %),50440,312920000,0,0,6300,6400,6100
2014-09-24,3.98,6200,-0.2(-3.12 %),28680,176889000,0,0,6200,6300,6100
2014-09-25,4.24,6600,0.4(6.45 %),15240,97224000,0,0,6200,6600,6200
2014-09-26,4.05,6300,-0.3(-4.55 %),81440,515629000,0,0,6600,6600,6200
2014-09-29,4.11,6400,0.1(1.59 %),6720,41770000,0,0,6200,6400,6200
2014-09-30,4.11,6400,0(0.00 %),27310,171710000,0,0,6200,6400,6200
2014-10-01,4.11,6400,0(0.00 %),55850,359050000,0,0,6400,6600,6400
2014-10-02,4.24,6600,0.2(3.12 %),49950,326920000,0,0,6500,6600,6500
2014-10-03,4.24,6600,0(0.00 %),36280,235960000,0,0,6600,6600,6400
2014-10-06,4.31,6700,0.1(1.52 %),53730,361480000,0,0,6600,7000,6600
2014-10-07,4.18,6500,-0.2(-2.99 %),25500,169510000,0,0,6800,6800,6500
2014-10-08,4.24,6600,0.1(1.54 %),24450,159020000,0,0,6700,6700,6400
2014-10-09,4.37,6800,0.2(3.03 %),66280,441600000,0,0,6600,6800,6600
2014-10-10,4.37,6800,0(0.00 %),35360,237950000,0,0,6800,6800,6600
2014-10-13,4.31,6700,-0.1(-1.47 %),18450,122074000,0,0,6700,6800,6500
2014-10-14,4.31,6700,0(0.00 %),27880,184376000,0,0,6700,6700,6500
2014-10-15,4.24,6600,-0.1(-1.49 %),30600,197670000,0,0,6600,6600,6400
2014-10-16,4.11,6400,-0.2(-3.03 %),32510,209118000,0,0,6600,6600,6300
2014-10-17,4.31,6700,0.3(4.69 %),26670,170501000,0,0,6500,6700,6300
2014-10-20,4.18,6500,-0.2(-2.99 %),20150,132554000,0,0,6700,6700,6500
2014-10-21,4.18,6500,0(0.00 %),23080,148223000,0,0,6500,6500,6400
2014-10-22,4.18,6500,0(0.00 %),12970,84085000,0,0,6500,6500,6400
2014-10-23,4.18,6500,0(0.00 %),14080,90056000,0,0,6500,6500,6300
2014-10-24,4.11,6400,-0.1(-1.54 %),13180,83054000,0,0,6500,6500,6300
2014-10-27,4.11,6400,0(0.00 %),21960,137525000,0,0,6300,6400,6100
2014-10-28,4.11,6400,0(0.00 %),8430,52923000,0,0,6400,6400,6100
2014-10-29,4.11,6400,0(0.00 %),13410,85324000,0,0,6400,6400,6300
2014-10-30,4.05,6300,-0.1(-1.56 %),5390,33959000,0,0,6400,6400,6300
2014-10-31,4.05,6300,0(0.00 %),21150,133246000,0,0,6400,6400,6300
2014-11-03,4.11,6400,0.1(1.59 %),16870,106518000,0,0,6400,6400,6300
2014-11-04,4.11,6400,0(0.00 %),5210,32844000,0,0,6400,6400,6300
2014-11-05,4.05,6300,-0.1(-1.56 %),11610,72244000,0,0,6400,6400,6200
2014-11-06,4.11,6400,0.1(1.59 %),7440,46885000,0,0,6300,6400,6300
2014-11-07,4.11,6400,0(0.00 %),8340,52654000,0,0,6400,6400,6300
2014-11-10,4.18,6500,0.1(1.56 %),60380,388162000,0,0,6300,6600,6300
2014-11-11,4.18,6500,0(0.00 %),15700,100509000,0,0,6400,6500,6400
2014-11-12,4.18,6500,0(0.00 %),29020,183832000,0,0,6500,6500,6300
2014-11-13,4.11,6400,-0.1(-1.54 %),4390,27687000,0,0,6500,6500,6300
2014-11-14,4.11,6400,0(0.00 %),4720,29738000,0,0,6400,6400,6300
2014-11-17,4.37,6800,0.4(6.25 %),62470,417110000,0,0,6400,6800,6400
2014-11-18,4.63,7200,0.4(5.88 %),178800,1286940000,0,0,7200,7200,7100
2014-11-19,4.5,7000,-0.2(-2.78 %),93990,665733000,0,0,7200,7300,6900
2014-11-20,4.63,7200,0.2(2.86 %),164870,1167620000,0,0,7000,7200,7000
2014-11-21,4.63,7200,0(0.00 %),79610,566680000,0,0,7000,7300,7000
2014-11-24,4.5,7000,-0.2(-2.78 %),63840,441880000,0,0,7000,7000,6900
2014-11-25,4.5,7000,0(0.00 %),31360,214930000,0,0,6900,7000,6800
2014-11-26,4.43,6900,-0.1(-1.43 %),41680,284750000,0,0,6800,7000,6800
2014-11-27,4.43,6900,0(0.00 %),18500,125710000,0,0,6800,6900,6700
2014-11-28,4.5,7000,0.1(1.45 %),24340,167680000,0,0,6900,7000,6800
2014-12-01,4.43,6900,-0.1(-1.43 %),55380,383440000,0,0,7000,7000,6900
2014-12-02,4.69,7300,0.4(5.80 %),222430,1612340000,0,0,7000,7300,7000
2014-12-03,5.01,7800,0.5(6.85 %),117830,919070000,0,0,7800,7800,7800
2014-12-04,4.88,7600,-0.2(-2.56 %),114150,880170000,0,0,7800,7900,7500
2014-12-05,4.95,7700,0.1(1.32 %),116630,886390000,0,0,7400,7800,7400
2014-12-08,4.95,7700,0(0.00 %),33930,259310000,0,0,7700,7700,7600
2014-12-09,4.63,7200,-0.5(-6.49 %),102540,761720000,0,0,7500,7700,7200
2014-12-10,4.63,7200,0(0.00 %),84610,596050000,0,0,7000,7200,6900
2014-12-11,4.5,7000,-0.2(-2.78 %),29950,212970000,0,0,7200,7200,7000
2014-12-12,4.63,7200,0.2(2.86 %),38910,275162000,0,0,7000,7200,7000
2014-12-15,4.5,7000,-0.2(-2.78 %),79100,556630000,0,0,7100,7200,6900
2014-12-16,4.5,7000,0(0.00 %),14920,102820000,0,0,7100,7100,6800
2014-12-17,4.37,6800,-0.2(-2.86 %),119620,800230000,0,0,6900,6900,6600
2014-12-18,4.43,6900,0.1(1.47 %),40470,275200000,0,0,6800,6900,6800
2014-12-19,4.31,6700,-0.2(-2.90 %),11900,78810000,0,0,6900,6900,6600
2014-12-22,4.31,6700,0(0.00 %),44250,299210000,0,0,6800,6800,6600
2014-12-23,4.43,6900,0.2(2.99 %),10620,71630000,0,0,6700,6900,6700
2014-12-24,4.31,6700,-0.2(-2.90 %),15530,104610000,0,0,6900,6900,6700
2014-12-25,4.18,6500,-0.2(-2.99 %),9830,64750000,0,0,6700,6700,6500
2014-12-26,4.24,6600,0.1(1.54 %),28980,186164000,0,0,6500,6600,6300
2014-12-29,3.98,6200,-0.4(-6.06 %),29100,181140000,0,0,6400,6400,6200
2014-12-30,3.98,6200,0(0.00 %),70450,427704000,0,0,6200,6300,5900
2014-12-31,4.18,6500,0.3(4.84 %),17160,110740000,0,0,6500,6500,6400
2015-01-05,4.43,6900,0.4(6.15 %),67290,458864000,0,0,6500,6900,6500
2015-01-06,4.43,6900,0(0.00 %),35960,244702000,0,0,6700,6900,6600
2015-01-07,4.56,7100,0.2(2.90 %),70300,495523000,0,0,6900,7200,6800
2015-01-08,4.5,7000,-0.1(-1.41 %),5070,35305000,0,0,7200,7200,6900
2015-01-09,4.63,7200,0.2(2.86 %),43280,305612000,0,0,6900,7200,6900
2015-01-12,4.43,6900,-0.3(-4.17 %),14770,102776000,0,0,7000,7200,6800
2015-01-13,4.37,6800,-0.1(-1.45 %),73890,490606000,0,0,6700,6800,6600
2015-01-14,4.37,6800,0(0.00 %),22130,146405000,0,0,6700,6800,6600
2015-01-15,4.37,6800,0(0.00 %),72540,475900000,0,0,6700,6800,6500
2015-01-16,4.24,6600,-0.2(-2.94 %),21560,143453000,0,0,6600,6800,6600
2015-01-19,4.18,6500,-0.1(-1.52 %),25020,164637000,0,0,6800,6800,6500
2015-01-20,4.31,6700,0.2(3.08 %),20830,136898000,0,0,6600,6700,6500
2015-01-21,4.18,6500,-0.2(-2.99 %),6100,39885000,0,0,6600,6600,6500
2015-01-22,4.31,6700,0.2(3.08 %),10140,66976000,0,0,6500,6700,6500
2015-01-23,4.37,6800,0.1(1.49 %),21350,143269000,0,0,6700,6800,6700
2015-01-26,4.37,6800,0(0.00 %),28100,188482000,0,0,6800,6900,6700
2015-01-27,4.31,6700,-0.1(-1.47 %),26310,176080000,0,0,6900,6900,6600
2015-01-28,4.31,6700,0(0.00 %),6730,44424000,0,0,6700,6700,6600
2015-01-29,4.31,6700,0(0.00 %),5010,32567000,0,0,6500,6700,6500
2015-01-30,4.18,6500,-0.2(-2.99 %),7050,45844000,0,0,6700,6700,6500
2015-02-02,4.24,6600,0.1(1.54 %),5120,33000000,0,0,6700,6700,6400
2015-02-03,4.24,6600,0(0.00 %),4310,28000000,0,0,6600,6600,6500
2015-02-04,4.24,6600,0(0.00 %),10060,64000000,0,0,6300,6600,6200
2015-02-05,4.24,6600,0(0.00 %),6590,42000000,0,0,6400,6600,6400
2015-02-06,4.31,6700,0.1(1.52 %),120,1000000,0,0,6700,6700,6700
2015-02-09,4.24,6600,-0.1(-1.49 %),2330,15000000,0,0,6700,6700,6400
2015-02-10,4.24,6600,0(0.00 %),1100,7000000,0,0,6500,6600,6500
2015-02-11,4.31,6700,0.1(1.52 %),10,0,0,0,6700,6700,6700
2015-02-12,4.31,6700,0(0.00 %),3430,23000000,0,0,6700,6700,6600
2015-02-13,4.5,7000,0.3(4.48 %),28980,192000000,0,0,6400,7100,6400
2015-02-24,4.31,6700,-0.3(-4.29 %),28870,196000000,0,0,6800,6900,6700
2015-02-25,4.37,6800,0.1(1.49 %),210,1000000,0,0,6900,6900,6800
2015-02-26,4.31,6700,-0.1(-1.47 %),4300,29000000,0,0,6600,6800,6600
2015-02-27,4.37,6800,0.1(1.49 %),5930,40000000,0,0,6800,6800,6700
2015-03-02,4.37,6800,0(0.00 %),8720,58000000,0,0,6800,6800,6700
2015-03-03,4.43,6900,0.1(1.47 %),45280,305000000,0,0,6800,6900,6600
2015-03-04,4.37,6800,-0.1(-1.45 %),17700,120000000,0,0,6800,6800,6700
2015-03-05,4.43,6900,0.1(1.47 %),50850,350000000,0,0,6800,7000,6800
2015-03-06,4.43,6900,0(0.00 %),62090,428000000,0,0,6900,7000,6900
2015-03-09,4.5,7000,0.1(1.45 %),26190,181000000,0,0,7000,7000,6800
2015-03-10,4.69,7300,0.3(4.29 %),52700,371000000,0,0,7000,7300,7000
2015-03-11,4.43,6900,-0.4(-5.48 %),7870,55000000,0,0,7300,7300,6900
2015-03-12,4.63,7200,0.3(4.35 %),47220,338000000,0,0,6900,7300,6900
2015-03-13,4.5,7000,-0.2(-2.78 %),44710,313000000,0,0,7200,7200,7000
2015-03-16,4.63,7200,0.2(2.86 %),32410,233000000,0,0,7200,7200,7100
2015-03-17,4.69,7300,0.1(1.39 %),45950,332000000,0,0,7100,7400,7100
2015-03-18,4.69,7300,0(0.00 %),40750,291000000,0,0,7000,7300,7000
2015-03-19,4.69,7300,0(0.00 %),40750,293000000,0,0,7200,7300,7200
2015-03-20,4.76,7400,0.1(1.37 %),33120,241000000,0,0,7200,7400,7100
2015-03-23,4.76,7400,0(0.00 %),56710,415000000,0,0,7300,7400,7300
2015-03-24,4.82,7500,0.1(1.35 %),24380,177000000,0,0,7200,7500,7200
2015-03-25,4.88,7600,0.1(1.33 %),43040,323000000,0,0,7500,7600,7400
2015-03-26,4.88,7600,0(0.00 %),9040,68000000,0,0,7600,7600,7400
2015-03-27,4.76,7400,-0.2(-2.63 %),30390,223000000,0,0,7600,7600,7300
2015-03-30,5.08,7900,0.5(6.76 %),35390,280000000,0,0,7900,7900,7900
2015-03-31,5.01,7800,-0.1(-1.27 %),118160,983000000,0,0,8400,8400,7800
2015-04-01,4.95,7700,-0.1(-1.28 %),17890,135000000,0,0,8350,8350,7400
2015-04-02,4.95,7700,0(0.00 %),38480,292000000,0,0,7700,8000,7400
2015-04-03,5.08,7900,0.2(2.60 %),21050,163000000,0,0,7800,7900,7500
2015-04-06,5.01,7800,-0.1(-1.27 %),8240,64000000,0,0,7900,7900,7500
2015-04-07,4.95,7700,-0.1(-1.28 %),15580,120000000,0,0,7700,7800,7700
2015-04-08,5.08,7900,0.2(2.60 %),21960,171000000,0,0,8000,8000,7700
2015-04-09,5.08,7900,0(0.00 %),11920,93000000,0,0,7800,7900,7700
2015-04-10,5.01,7800,-0.1(-1.27 %),18410,142000000,0,0,7900,7900,7700
2015-04-13,4.95,7700,-0.1(-1.28 %),13900,108000000,0,0,7700,7900,7600
2015-04-14,5.01,7800,0.1(1.30 %),40,0,0,0,7800,7800,7500
2015-04-15,5.01,7800,0(0.00 %),20940,161000000,0,0,7600,7900,7600
2015-04-16,5.01,7800,0(0.00 %),20,0,0,0,7800,7800,7800
2015-04-17,4.82,7500,-0.3(-3.85 %),7660,58000000,0,0,7700,7700,7500
2015-04-20,4.88,7600,0.1(1.33 %),26850,200000000,0,0,7400,7600,7400
2015-04-21,4.88,7600,0(0.00 %),12530,94000000,0,0,7600,7600,7500
2015-04-22,4.88,7600,0(0.00 %),13630,101000000,0,0,7400,7600,7400
2015-04-23,4.69,7300,-0.3(-3.95 %),8630,63000000,0,0,7300,7500,7300
2015-04-24,4.69,7300,0(0.00 %),15210,110000000,0,0,7200,7400,7200
2015-04-27,4.69,7300,0(0.00 %),0,0,0,0,7300,7300,7300
2015-05-04,4.69,7300,0(0.00 %),20560,143000000,0,0,7400,7400,6900
2015-05-05,4.63,7200,-0.1(-1.37 %),5810,41000000,0,0,7200,7200,7100
2015-05-06,4.56,7100,-0.1(-1.39 %),2130,15000000,0,0,7200,7200,6900
2015-05-07,4.56,7100,0(0.00 %),6520,46000000,0,0,7000,7100,7000
2015-05-08,4.5,7000,-0.1(-1.41 %),15710,110000000,0,0,7000,7100,7000
2015-05-11,4.5,7000,0(0.00 %),10190,72000000,0,0,7100,7100,7000
2015-05-12,4.56,7100,0.1(1.43 %),3050,21000000,0,0,7100,7100,7000
2015-05-13,4.69,7300,0.2(2.82 %),10,0,0,0,7300,7300,7300
2015-05-14,4.69,7300,0(0.00 %),9120,66000000,0,0,7100,7300,7100
2015-05-15,4.69,7300,0(0.00 %),13430,96000000,0,0,7000,7300,7000
2015-05-18,4.37,6800,-0.5(-6.85 %),41270,281000000,0,0,6800,7100,6800
2015-05-19,4.37,6800,0(0.00 %),6440,44000000,0,0,6800,6900,6800
2015-05-20,4.43,6900,0.1(1.47 %),22270,153000000,0,0,6800,7000,6800
2015-05-21,4.5,7000,0.1(1.45 %),14090,97000000,0,0,7000,7000,6800
2015-05-22,4.5,7000,0(0.00 %),11500,80000000,0,0,6800,7300,6800
2015-05-25,4.43,6900,-0.1(-1.43 %),12980,90000000,0,0,7000,7100,6900
2015-05-26,4.56,7100,0.2(2.90 %),28420,201000000,0,0,7000,7300,7000
2015-05-27,4.69,7300,0.2(2.82 %),24100,172000000,0,0,7100,7300,7000
2015-05-28,4.69,7300,0(0.00 %),42200,305000000,0,0,7200,7400,7100
2015-05-29,4.69,7300,0(0.00 %),44900,321000000,0,0,7200,7300,7000
2015-06-01,4.56,7100,-0.2(-2.74 %),31080,222000000,0,0,7100,7300,7100
2015-06-02,4.63,7200,0.1(1.41 %),31020,218000000,0,0,7100,7300,7000
2015-06-03,4.63,7200,0(0.00 %),14980,106000000,0,0,7100,7200,7000
2015-06-04,4.63,7200,0(0.00 %),4430,32000000,0,0,7300,7300,7200
2015-06-05,4.76,7400,0.2(2.78 %),13170,96000000,0,0,7300,7500,7300
2015-06-08,4.82,7500,0.1(1.35 %),12700,93000000,0,0,7400,7500,7300
2015-06-09,4.76,7400,-0.1(-1.33 %),15940,115000000,0,0,7300,7400,7200
2015-06-10,4.69,7300,-0.1(-1.35 %),32680,235000000,0,0,7200,7300,7000
2015-06-11,4.76,7400,0.1(1.37 %),10040,74000000,0,0,7400,7400,7300
2015-06-12,4.76,7400,0(0.00 %),10320,76000000,0,0,7400,7400,7300
2015-06-15,4.76,7400,0(0.00 %),12270,90000000,0,0,7400,7600,7300
2015-06-16,4.76,7400,0(0.00 %),17340,126000000,0,0,7400,7400,7200
2015-06-17,4.76,7400,0(0.00 %),9250,68000000,0,0,7300,7400,7200
2015-06-18,4.76,7400,0(0.00 %),510,4000000,0,0,7200,7400,7200
2015-06-19,4.76,7400,0(0.00 %),1010,7000000,0,0,7200,7400,7200
2015-06-22,4.76,7400,0(0.00 %),110,1000000,0,0,7200,7400,7200
2015-06-23,4.76,7400,0(0.00 %),1130,8000000,0,0,7200,7400,7200
2015-06-24,4.82,7500,0.1(1.35 %),520,4000000,0,0,7500,7500,7500
2015-06-25,4.69,7300,-0.2(-2.67 %),2110,15000000,0,0,7200,7300,7000
2015-06-26,4.69,7300,0(0.00 %),5270,37000000,0,0,7200,7300,7000
2015-06-29,4.69,7300,0(0.00 %),0,0,0,0,7300,7300,7300
2015-06-30,5.01,7800,0.5(6.85 %),2210,16000000,0,0,7000,7800,7000
2015-07-01,4.69,7300,-0.5(-6.41 %),20,0,0,0,7300,7300,7300
2015-07-02,4.82,7500,0.2(2.74 %),35480,248000000,0,0,7000,7500,6800
2015-07-03,4.5,7000,-0.5(-6.67 %),1080,8000000,0,0,7000,7400,7000
2015-07-06,4.69,7300,0.3(4.29 %),10,0,0,0,7300,7300,7300
2015-07-07,4.43,6900,-0.4(-5.48 %),19110,133000000,0,0,7000,7000,6900
2015-07-08,4.56,7100,0.2(2.90 %),2930,21000000,0,0,7300,7300,6900
2015-07-09,4.63,7200,0.1(1.41 %),40,0,0,0,7000,7200,7000
2015-07-10,4.63,7200,0(0.00 %),17670,123000000,0,0,6900,7200,6900
2015-07-13,4.56,7100,-0.1(-1.39 %),3620,25000000,0,0,6900,7100,6900
2015-07-14,4.5,7000,-0.1(-1.41 %),7710,53000000,0,0,7000,7000,6900
2015-07-15,4.56,7100,0.1(1.43 %),6680,47000000,0,0,7000,7200,7000
2015-07-16,4.56,7100,0(0.00 %),1340,9000000,0,0,7300,7300,6900
2015-07-17,4.56,7100,0(0.00 %),1130,8000000,0,0,7100,7100,7000
2015-07-20,4.37,6800,-0.3(-4.23 %),1390,9000000,0,0,7200,7200,6800
2015-07-21,4.5,7000,0.2(2.94 %),1060,7000000,0,0,7200,7200,6900
2015-07-22,4.63,7200,0.2(2.86 %),11190,80000000,0,0,7100,7200,7100
2015-07-23,4.69,7300,0.1(1.39 %),10,0,0,0,7300,7300,7300
2015-07-24,4.56,7100,-0.2(-2.74 %),480,3000000,0,0,7300,7300,7100
2015-07-27,4.5,7000,-0.1(-1.41 %),5510,38000000,0,0,6800,7100,6800
2015-07-28,4.5,7000,0(0.00 %),4220,29000000,0,0,6900,7000,6900
2015-07-29,4.5,7000,0(0.00 %),11860,82000000,0,0,7000,7000,6700
2015-07-30,4.37,6800,-0.2(-2.86 %),15080,103000000,0,0,7000,7100,6700
2015-07-31,4.5,7000,0.2(2.94 %),6600,46000000,0,0,6900,7000,6900
2015-08-03,4.31,6700,-0.3(-4.29 %),7460,51000000,0,0,7300,7300,6700
2015-08-04,4.37,6800,0.1(1.49 %),210,1000000,0,0,7000,7000,6800
2015-08-05,4.43,6900,0.1(1.47 %),90,1000000,0,0,6900,7100,6500
2015-08-06,4.5,7000,0.1(1.45 %),40,0,0,0,6800,7000,6500
2015-08-07,4.5,7000,0(0.00 %),4040,28000000,0,0,7100,7100,7000
2015-08-10,4.5,7000,0(0.00 %),8620,58000000,0,0,6700,7000,6700
2015-08-11,4.5,7000,0(0.00 %),10,0,0,0,7000,7000,7000
2015-08-12,4.5,7000,0(0.00 %),8970,59000000,0,0,6600,7000,6600
2015-08-13,4.37,6800,-0.2(-2.86 %),6190,42000000,0,0,7000,7000,6800
2015-08-14,4.37,6800,0(0.00 %),210,1000000,0,0,6800,6800,6700
2015-08-17,4.63,7200,0.4(5.88 %),71690,514000000,0,0,6900,7200,6900
2015-08-18,4.82,7500,0.3(4.17 %),63460,460000000,0,0,7500,7500,7100
2015-08-19,4.76,7400,-0.1(-1.33 %),28770,208000000,0,0,7400,7500,7200
2015-08-20,4.69,7300,-0.1(-1.35 %),14670,106000000,0,0,7400,7400,7200
2015-08-21,4.56,7100,-0.2(-2.74 %),65260,464000000,0,0,7200,7200,6900
2015-08-24,4.56,7100,0(0.00 %),12510,88000000,0,0,7200,7200,6900
2015-08-25,4.56,7100,0(0.00 %),9570,66000000,0,0,7100,7200,6800
2015-08-26,4.43,6900,-0.2(-2.82 %),3210,23000000,0,0,7100,7100,6800
2015-08-27,4.56,7100,0.2(2.90 %),18150,126000000,0,0,6900,7100,6900
2015-08-28,4.5,7000,-0.1(-1.41 %),22940,157000000,0,0,7100,7100,6700
2015-08-31,4.5,7000,0(0.00 %),2950,20000000,0,0,7000,7000,6800
2015-09-01,4.63,7200,0.2(2.86 %),23650,168000000,0,0,7000,7300,7000
2015-09-03,4.5,7000,-0.2(-2.78 %),16010,113000000,0,0,7100,7200,7000
2015-09-04,4.63,7200,0.2(2.86 %),23930,168000000,0,0,7000,7200,7000
2015-09-07,4.63,7200,0(0.00 %),22680,165000000,0,0,7200,7700,7100
2015-09-08,4.95,7700,0.5(6.94 %),122880,942000000,0,0,7300,7700,7300
2015-09-09,5.2,8100,0.4(5.19 %),55950,455000000,0,0,8000,8200,8000
2015-09-10,5.46,8500,0.4(4.94 %),39860,332000000,0,0,8100,8600,8000
2015-09-11,5.27,8200,-0.3(-3.53 %),32630,270000000,0,0,8600,8600,8100
2015-09-14,5.2,8100,-0.1(-1.22 %),17710,144000000,0,0,8200,8200,8100
2015-09-15,5.27,8200,0.1(1.23 %),12600,101000000,0,0,8000,8400,7900
2015-09-16,5.33,8300,0.1(1.22 %),12410,102000000,0,0,8300,8400,8200
2015-09-17,5.2,8100,-0.2(-2.41 %),19770,161000000,0,0,8400,8400,8100
2015-09-18,5.27,8200,0.1(1.23 %),11480,94000000,0,0,8300,8300,8100
2015-09-21,5.33,8300,0.1(1.22 %),15090,123000000,0,0,8300,8300,8100
2015-09-22,5.2,8100,-0.2(-2.41 %),15210,125000000,0,0,8400,8400,8100
2015-09-23,5.2,8100,0(0.00 %),5620,46000000,0,0,8000,8200,8000
2015-09-24,5.27,8200,0.1(1.23 %),12000,97000000,0,0,8100,8200,8100
2015-09-25,5.08,7900,-0.3(-3.66 %),8200,65000000,0,0,8200,8200,7900
2015-09-28,5.08,7900,0(0.00 %),21700,171000000,0,0,7900,8100,7800
2015-09-29,4.88,7600,-0.3(-3.80 %),10090,77000000,0,0,7800,7900,7600
2015-09-30,5.08,7900,0.3(3.95 %),33220,258000000,0,0,7800,8100,7600
2015-10-01,5.2,8100,0.2(2.53 %),17190,138000000,0,0,8000,8200,8000
2015-10-02,5.2,8100,0(0.00 %),6280,51000000,0,0,8100,8100,8000
2015-10-05,5.2,8100,0(0.00 %),12920,104000000,0,0,8100,8100,8000
2015-10-06,5.2,8100,0(0.00 %),23450,188000000,0,0,8100,8200,7900
2015-10-07,5.08,7900,-0.2(-2.47 %),17500,137000000,0,0,8000,8000,7700
2015-10-08,5.08,7900,0(0.00 %),32330,254000000,0,0,7700,8000,7700
2015-10-09,5.08,7900,0(0.00 %),26420,208000000,0,0,7900,8100,7800
2015-10-12,5.2,8100,0.2(2.53 %),14370,115000000,0,0,7900,8200,7900
2015-10-13,5.2,8100,0(0.00 %),24330,196000000,0,0,8000,8100,8000
2015-10-14,5.2,8100,0(0.00 %),51560,415000000,0,0,8100,8100,8000
2015-10-15,5.53,8600,0.5(6.17 %),66130,561000000,0,0,8200,8600,8200
2015-10-16,5.85,9100,0.5(5.81 %),54330,498000000,0,0,9100,9200,8900
2015-10-19,5.85,9100,0(0.00 %),41060,370000000,0,0,9000,9200,8800
2015-10-20,5.78,9000,-0.1(-1.10 %),28760,253000000,0,0,9100,9100,8600
2015-10-21,5.65,8800,-0.2(-2.22 %),21700,191000000,0,0,9000,9000,8600
2015-10-22,5.72,8900,0.1(1.14 %),1560,14000000,0,0,8800,8900,8700
2015-10-23,5.78,9000,0.1(1.12 %),6220,55000000,0,0,9000,9000,8800
2015-10-26,5.78,9000,0(0.00 %),27840,251000000,0,0,9000,9100,9000
2015-10-27,5.65,8800,-0.2(-2.22 %),42430,381000000,0,0,9000,9200,8800
2015-10-28,5.65,8800,0(0.00 %),26860,235000000,0,0,8800,9000,8600
2015-10-29,5.78,9000,0.2(2.27 %),7780,67000000,0,0,8600,9000,8600
2015-10-30,5.72,8900,-0.1(-1.11 %),5120,45000000,0,0,8800,9000,8600
2015-11-02,5.65,8800,-0.1(-1.12 %),7570,65000000,0,0,8900,9000,8500
2015-11-03,5.65,8800,0(0.00 %),3850,33000000,0,0,8600,8800,8600
2015-11-04,5.59,8700,-0.1(-1.14 %),36270,314000000,0,0,8700,8700,8600
2015-11-05,5.65,8800,0.1(1.15 %),26790,231000000,0,0,8600,8800,8400
2015-11-06,5.53,8600,-0.2(-2.27 %),10920,93000000,0,0,8600,8800,8400
2015-11-09,5.59,8700,0.1(1.16 %),6530,56000000,0,0,8800,8800,8500
2015-11-10,5.46,8500,-0.2(-2.30 %),8250,69000000,0,0,8500,8500,8200
2015-11-11,5.4,8400,-0.1(-1.18 %),17270,145000000,0,0,8400,8500,8300
2015-11-12,5.27,8200,-0.2(-2.38 %),31390,256000000,0,0,8400,8400,7900
2015-11-13,5.14,8000,-0.2(-2.44 %),1910,16000000,0,0,8400,8400,8000
2015-11-16,5.33,8300,0.3(3.75 %),10000,83000000,0,0,8000,8400,8000
2015-11-17,5.01,7800,-0.5(-6.02 %),91750,720000000,0,0,8100,8200,7800
2015-11-18,4.88,7600,-0.2(-2.56 %),19410,149000000,0,0,7700,7900,7500
2015-11-19,4.95,7700,0.1(1.32 %),6780,52000000,0,0,7600,7700,7600
2015-11-20,4.95,7700,0(0.00 %),8940,68000000,0,0,7700,7700,7500
2015-11-23,4.82,7500,-0.2(-2.60 %),11210,84000000,0,0,7500,7600,7400
2015-11-24,4.82,7500,0(0.00 %),20420,152000000,0,0,7500,7700,7400
2015-11-25,4.88,7600,0.1(1.33 %),3240,24000000,0,0,7500,7600,7500
2015-11-26,4.82,7500,-0.1(-1.32 %),13720,102000000,0,0,7500,7600,7400
2015-11-27,4.76,7400,-0.1(-1.33 %),14200,105000000,0,0,7500,7500,7300
2015-11-30,4.76,7400,0(0.00 %),21800,160000000,0,0,7400,7500,7200
2015-12-01,4.76,7400,0(0.00 %),4920,36000000,0,0,7300,7400,7300
2015-12-02,4.76,7400,0(0.00 %),8870,65000000,0,0,7400,7400,7300
2015-12-03,4.69,7300,-0.1(-1.35 %),2110,15000000,0,0,7400,7400,7300
2015-12-04,4.69,7300,0(0.00 %),14870,108000000,0,0,7200,7500,7100
2015-12-07,4.63,7200,-0.1(-1.37 %),4900,35000000,0,0,7200,7200,7200
2015-12-08,4.69,7300,0.1(1.39 %),4970,36000000,0,0,7100,7300,7100
2015-12-09,4.63,7200,-0.1(-1.37 %),5930,43000000,0,0,7400,7400,7200
2015-12-10,4.56,7100,-0.1(-1.39 %),9210,66000000,0,0,7300,7300,7100
2015-12-11,4.82,7500,0.4(5.63 %),25450,186000000,0,0,7200,7500,7100
2015-12-14,4.82,7500,0(0.00 %),14590,110000000,0,0,7500,7700,7500
2015-12-15,4.82,7500,0(0.00 %),12740,96000000,0,0,7500,7700,7500
2015-12-16,4.63,7200,-0.3(-4.00 %),8010,59000000,0,0,7400,7600,7200
2015-12-17,4.76,7400,0.2(2.78 %),11010,79000000,0,0,7200,7500,7200
2015-12-18,4.76,7400,0(0.00 %),0,0,0,0,7400,7400,7400
2015-12-21,4.76,7400,0(0.00 %),190,1000000,0,0,7400,7400,7400
2015-12-22,4.76,7400,0(0.00 %),250,2000000,0,0,7400,7400,7400
2015-12-23,4.76,7400,0(0.00 %),3000,22000000,0,0,7100,7400,7100
2015-12-24,4.69,7300,-0.1(-1.35 %),320,2000000,0,0,7400,7400,7300
2015-12-25,4.69,7300,0(0.00 %),5270,38000000,0,0,7300,7300,7300
2015-12-28,4.63,7200,-0.1(-1.37 %),6300,45000000,0,0,7200,7200,7200
2015-12-29,4.69,7300,0.1(1.39 %),1820,13000000,0,0,7300,7300,7100
2015-12-30,4.69,7300,0(0.00 %),4650,34000000,0,0,7300,7400,7200
2015-12-31,4.63,7200,-0.1(-1.37 %),1000,7000000,0,0,7200,7300,7200
2016-01-04,4.82,7500,0.3(4.17 %),4220,31000000,0,0,7500,7500,7300
2016-01-05,4.76,7400,-0.1(-1.33 %),16150,120000000,0,0,7300,7500,7300
2016-01-06,4.82,7500,0.1(1.35 %),2810,21000000,0,0,7400,7500,7400
2016-01-07,4.76,7400,-0.1(-1.33 %),6020,44000000,0,0,7500,7500,7300
2016-01-08,4.63,7200,-0.2(-2.70 %),12300,89000000,0,0,7500,7700,7100
2016-01-11,4.63,7200,0(0.00 %),350,3000000,0,0,7500,7500,7200
2016-01-12,4.63,7200,0(0.00 %),210,2000000,0,0,7500,7500,7200
2016-01-13,4.76,7400,0.2(2.78 %),560,4000000,0,0,7500,7700,7400
2016-01-14,4.76,7400,0(0.00 %),850,6000000,0,0,7300,7400,7200
2016-01-15,4.63,7200,-0.2(-2.70 %),3300,24000000,0,0,7200,7200,7200
2016-01-18,4.43,6900,-0.3(-4.17 %),12450,85000000,0,0,6900,6900,6800
2016-01-19,4.56,7100,0.2(2.90 %),1800,13000000,0,0,7100,7100,7100
2016-01-20,4.5,7000,-0.1(-1.41 %),5160,35000000,0,0,6800,7100,6800
2016-01-21,4.31,6700,-0.3(-4.29 %),4030,27000000,0,0,6800,7100,6700
2016-01-22,4.56,7100,0.4(5.97 %),220,2000000,0,0,7100,7100,6800
2016-01-25,4.82,7500,0.4(5.63 %),900,7000000,0,0,7300,7500,7300
2016-01-26,4.56,7100,-0.4(-5.33 %),1520,11000000,0,0,7100,7500,7100
2016-01-27,4.82,7500,0.4(5.63 %),10,0,0,0,7500,7500,7500
2016-01-28,4.69,7300,-0.2(-2.67 %),10,0,0,0,7300,7300,7300
2016-01-29,4.76,7400,0.1(1.37 %),470,3000000,0,0,7400,7400,7000
2016-02-01,4.5,7000,-0.4(-5.41 %),300,2000000,0,0,7000,7000,7000
2016-02-02,4.43,6900,-0.1(-1.43 %),2830,19000000,0,0,7400,7400,6600
2016-02-03,4.31,6700,-0.2(-2.90 %),720,5000000,0,0,7000,7000,6700
2016-02-04,4.56,7100,0.4(5.97 %),2490,18000000,0,0,7000,7100,6900
2016-02-05,4.56,7100,0(0.00 %),310,2000000,0,0,7000,7100,7000
2016-02-15,4.82,7500,0.4(5.63 %),10,0,0,0,7500,7500,7500
2016-02-16,4.5,7000,-0.5(-6.67 %),30600,215000000,0,0,7200,7400,7000
2016-02-17,4.37,6800,-0.2(-2.86 %),2900,20000000,0,0,7000,7200,6800
2016-02-18,4.5,7000,0.2(2.94 %),210,1000000,0,0,7200,7200,7000
2016-02-19,4.5,7000,0(0.00 %),1210,8000000,0,0,6900,7000,6800
2016-02-22,4.69,7300,0.3(4.29 %),10,0,0,0,7300,7300,7300
2016-02-23,4.63,7200,-0.1(-1.37 %),13420,91000000,0,0,6800,7200,6800
2016-02-24,4.56,7100,-0.1(-1.39 %),40,0,0,0,6800,7100,6800
2016-02-25,4.5,7000,-0.1(-1.41 %),20180,136000000,0,0,7000,7000,6700
2016-02-26,4.5,7000,0(0.00 %),400,3000000,0,0,7000,7000,7000
2016-02-29,4.43,6900,-0.1(-1.43 %),2620,18000000,0,0,6800,6900,6700
2016-03-01,4.43,6900,0(0.00 %),1020,7000000,0,0,7000,7000,6900
2016-03-02,4.43,6900,0(0.00 %),3210,22000000,0,0,7000,7000,6800
2016-03-03,4.43,6900,0(0.00 %),9880,68000000,0,0,6900,6900,6800
2016-03-04,4.5,7000,0.1(1.45 %),6110,42000000,0,0,6900,7000,6900
2016-03-07,4.56,7100,0.1(1.43 %),13960,96000000,0,0,7100,7100,6800
2016-03-08,4.56,7100,0(0.00 %),6020,41000000,0,0,6800,7100,6800
2016-03-09,4.5,7000,-0.1(-1.41 %),9670,68000000,0,0,7000,7000,7000
2016-03-10,4.5,7000,0(0.00 %),15120,104000000,0,0,7000,7000,6800
2016-03-11,4.69,7300,0.3(4.29 %),15080,107000000,0,0,7000,7300,7000
2016-03-14,4.43,6900,-0.4(-5.48 %),710,5000000,0,0,7100,7100,6900
2016-03-15,4.63,7200,0.3(4.35 %),13970,100000000,0,0,7000,7300,7000
2016-03-16,4.63,7200,0(0.00 %),7110,51000000,0,0,7100,7200,7100
2016-03-17,4.63,7200,0(0.00 %),5040,36000000,0,0,7200,7300,7100
2016-03-18,4.63,7200,0(0.00 %),130,1000000,0,0,7200,7200,7000
2016-03-21,4.63,7200,0(0.00 %),8100,58000000,0,0,7200,7200,7100
2016-03-22,4.63,7200,0(0.00 %),2510,18000000,0,0,7200,7200,7000
2016-03-23,4.63,7200,0(0.00 %),1010,7000000,0,0,7100,7200,7100
2016-03-24,4.63,7200,0(0.00 %),11440,81000000,0,0,7100,7200,7000
2016-03-25,4.63,7200,0(0.00 %),2010,14000000,0,0,7100,7200,7100
2016-03-28,4.63,7200,0(0.00 %),150,1000000,0,0,7100,7200,7100
2016-03-29,4.63,7200,0(0.00 %),9010,65000000,0,0,7100,7300,7100
2016-03-30,4.95,7700,0.5(6.94 %),62300,480000000,0,0,7700,7700,7700
2016-03-31,4.95,7700,0(0.00 %),128880,1044000000,0,0,8200,8200,7700
2016-04-01,4.88,7600,-0.1(-1.30 %),27460,211000000,0,0,8000,8000,7600
2016-04-04,4.82,7500,-0.1(-1.32 %),35190,266000000,0,0,7700,7700,7400
2016-04-05,4.63,7200,-0.3(-4.00 %),25700,187000000,0,0,7400,7700,7200
2016-04-06,4.76,7400,0.2(2.78 %),25160,180000000,0,0,7300,7500,7000
2016-04-07,4.69,7300,-0.1(-1.35 %),8270,60000000,0,0,7100,7300,7100
2016-04-08,4.63,7200,-0.1(-1.37 %),4640,33000000,0,0,7200,7300,7200
2016-04-11,4.63,7200,0(0.00 %),72130,517000000,0,0,7100,7200,7100
2016-04-12,4.56,7100,-0.1(-1.39 %),10700,75000000,0,0,7100,7200,7000
2016-04-13,4.56,7100,0(0.00 %),6290,45000000,0,0,7000,7200,7000
2016-04-14,4.63,7200,0.1(1.41 %),16120,114000000,0,0,7100,7200,7000
2016-04-15,4.69,7300,0.1(1.39 %),3270,24000000,0,0,7200,7300,7200
2016-04-19,4.69,7300,0(0.00 %),230,2000000,0,0,6800,7300,6800
2016-04-20,4.69,7300,0(0.00 %),50,0,0,0,6800,7300,6800
2016-04-21,4.63,7200,-0.1(-1.37 %),3510,25000000,0,0,7000,7200,7000
2016-04-22,4.43,6900,-0.3(-4.17 %),1700,12000000,0,0,6800,7200,6800
2016-04-25,4.43,6900,0(0.00 %),1890,13000000,0,0,7100,7200,6900
2016-04-26,4.43,6900,0(0.00 %),770,5000000,0,0,7100,7100,6900
2016-04-27,4.5,7000,0.1(1.45 %),230,2000000,0,0,7000,7100,6900
2016-04-28,4.37,6800,-0.2(-2.86 %),42070,280000000,0,0,6800,7000,6600
2016-04-29,4.31,6700,-0.1(-1.47 %),3920,27000000,0,0,6800,6900,6700
2016-05-04,4.56,7100,0.4(5.97 %),25670,181000000,0,0,7000,7100,6900
2016-05-05,4.5,7000,-0.1(-1.41 %),5530,38000000,0,0,7100,7100,6800
2016-05-06,4.56,7100,0.1(1.43 %),15820,113000000,0,0,7100,7400,7000
2016-05-09,4.56,7100,0(0.00 %),19740,140000000,0,0,7200,7200,7000
2016-05-10,4.82,7500,0.4(5.63 %),13410,98000000,0,0,7200,7500,7100
2016-05-11,5.08,7900,0.4(5.33 %),26610,199000000,0,0,7500,7900,7300
2016-05-12,4.95,7700,-0.2(-2.53 %),26240,198000000,0,0,7900,7900,7500
2016-05-13,4.82,7500,-0.2(-2.60 %),11170,83000000,0,0,7600,7800,7400
2016-05-16,4.82,7500,0(0.00 %),11560,87000000,0,0,7500,7500,7500
2016-05-17,4.76,7400,-0.1(-1.33 %),18470,137000000,0,0,7500,7600,7400
2016-05-18,4.56,7100,-0.3(-4.05 %),9360,69000000,0,0,7600,7600,7100
2016-05-19,4.82,7500,0.4(5.63 %),28330,212000000,0,0,7100,7500,7100
2016-05-20,5.14,8000,0.5(6.67 %),71620,561000000,0,0,7500,8000,7500
2016-05-23,5.14,8000,0(0.00 %),10650,85000000,0,0,8000,8200,7900
2016-05-24,5.01,7800,-0.2(-2.50 %),9940,76000000,0,0,8000,8000,7600
2016-05-25,5.01,7800,0(0.00 %),9240,71000000,0,0,7700,7800,7600
2016-05-26,4.82,7500,-0.3(-3.85 %),3530,27000000,0,0,7900,7900,7500
2016-05-27,5.01,7800,0.3(4.00 %),4540,35000000,0,0,7900,7900,7500
2016-05-30,4.95,7700,-0.1(-1.28 %),5140,40000000,0,0,7800,7900,7700
2016-05-31,5.08,7900,0.2(2.60 %),34440,273000000,0,0,7900,8200,7800
2016-06-01,5.4,8400,0.5(6.33 %),64580,541000000,0,0,8000,8400,8000
2016-06-02,5.72,8900,0.5(5.95 %),57400,507000000,0,0,8800,8900,8600
2016-06-03,5.46,8500,-0.4(-4.49 %),72950,627000000,0,0,9000,9200,8300
2016-06-06,5.27,8200,-0.3(-3.53 %),60910,503000000,0,0,8300,8800,8200
2016-06-07,5.4,8400,0.2(2.44 %),25670,215000000,0,0,8500,8500,8300
2016-06-08,5.59,8700,0.3(3.57 %),50540,440000000,0,0,8600,8900,8400
2016-06-09,5.59,8700,0(0.00 %),17440,150000000,0,0,8600,8800,8600
2016-06-10,5.59,8700,0(0.00 %),11460,100000000,0,0,8600,8800,8600
2016-06-13,5.46,8500,-0.2(-2.30 %),12670,109000000,0,0,8900,8900,8500
2016-06-14,5.59,8700,0.2(2.35 %),7250,62000000,0,0,8800,8800,8500
2016-06-15,5.4,8400,-0.3(-3.45 %),20580,174000000,0,0,8400,8700,8400
2016-06-16,5.4,8400,0(0.00 %),31100,262000000,0,0,8600,8600,8400
2016-06-17,5.33,8300,-0.1(-1.19 %),14380,120000000,0,0,8300,8700,8300
2016-06-20,5.33,8300,0(0.00 %),12760,104000000,0,0,8700,8700,8100
2016-06-21,5.46,8500,0.2(2.41 %),6290,52000000,0,0,8500,8500,8300
2016-06-22,5.46,8500,0(0.00 %),13130,109000000,0,0,8300,8500,8200
2016-06-23,5.4,8400,-0.1(-1.18 %),25140,209000000,0,0,8400,8500,8300
2016-06-24,5.33,8300,-0.1(-1.19 %),31870,261000000,0,0,8500,8500,7900
2016-06-27,5.4,8400,0.1(1.20 %),11770,96000000,0,0,7900,8400,7900
2016-06-28,5.33,8300,-0.1(-1.19 %),42840,356000000,0,0,8200,8500,8200
2016-06-29,5.46,8500,0.2(2.41 %),58690,493000000,0,0,8300,8600,8300
2016-06-30,5.46,8500,0(0.00 %),94460,800000000,0,0,8600,8600,8300
2016-07-01,5.78,9000,0.5(5.88 %),58020,509000000,0,0,8600,9000,8500
2016-07-04,6.17,9600,0.6(6.67 %),203430,1953000000,0,0,9600,9600,9600
2016-07-05,6.17,9600,0(0.00 %),200810,1994000000,0,0,10200,10200,9600
2016-07-06,6.1,9500,-0.1(-1.04 %),78660,746000000,0,0,9600,9600,9300
2016-07-07,5.91,9200,-0.3(-3.16 %),167930,1516000000,0,0,9300,9500,8900
2016-07-08,5.72,8900,-0.3(-3.26 %),76100,673000000,0,0,9000,9100,8700
2016-07-11,5.46,8500,-0.4(-4.49 %),56110,484000000,0,0,8600,9000,8500
2016-07-12,5.78,9000,0.5(5.88 %),65930,569000000,0,0,8400,9000,8300
2016-07-13,5.59,8700,-0.3(-3.33 %),18770,166000000,0,0,9000,9000,8700
2016-07-14,5.91,9200,0.5(5.75 %),58850,541000000,0,0,8900,9300,8900
2016-07-15,5.91,9200,0(0.00 %),13540,124000000,0,0,9200,9300,9100
2016-07-18,5.91,9200,0(0.00 %),10210,93000000,0,0,9200,9300,9000
2016-07-19,5.91,9200,0(0.00 %),32750,294000000,0,0,8900,9200,8900
2016-07-20,5.91,9200,0(0.00 %),24660,226000000,0,0,9000,9300,9000
2016-07-21,5.78,9000,-0.2(-2.17 %),28940,263000000,0,0,9100,9200,9000
2016-07-22,5.78,9000,0(0.00 %),32820,293000000,0,0,8900,9000,8900
2016-07-25,5.85,9100,0.1(1.11 %),32870,296000000,0,0,9000,9100,8900
2016-07-26,5.78,9000,-0.1(-1.10 %),15560,139000000,0,0,9000,9100,8900
2016-07-27,5.78,9000,0(0.00 %),11590,103000000,0,0,9000,9000,8900
2016-07-28,5.72,8900,-0.1(-1.11 %),10150,89000000,0,0,8800,8900,8700
2016-07-29,5.53,8600,-0.3(-3.37 %),23630,205000000,0,0,8900,8900,8600
2016-08-01,5.65,8800,0.2(2.33 %),7600,65000000,0,0,8800,8800,8600
2016-08-02,5.53,8600,-0.2(-2.27 %),44090,378000000,0,0,8600,8800,8400
2016-08-03,5.46,8500,-0.1(-1.16 %),71590,605000000,0,0,8500,8600,8400
2016-08-04,5.2,8100,-0.4(-4.71 %),103010,842000000,0,0,8300,8500,8100
2016-08-05,5.01,7800,-0.3(-3.70 %),28770,225000000,0,0,8200,8200,7800
2016-08-08,5.01,7800,0(0.00 %),43450,339000000,0,0,8000,8000,7800
2016-08-09,5.33,8300,0.5(6.41 %),9100,73000000,0,0,7900,8300,7900
2016-08-10,5.33,8300,0(0.00 %),24420,202000000,0,0,8100,8400,8100
2016-08-11,5.4,8400,0.1(1.20 %),17560,146000000,0,0,8300,8500,8300
2016-08-12,5.46,8500,0.1(1.19 %),25320,214000000,0,0,8400,8600,8400
2016-08-15,5.46,8500,0(0.00 %),9280,79000000,0,0,8600,8600,8400
2016-08-16,5.4,8400,-0.1(-1.18 %),6720,56000000,0,0,8600,8600,8400
2016-08-17,5.53,8600,0.2(2.38 %),9520,82000000,0,0,8600,8700,8500
2016-08-18,5.53,8600,0(0.00 %),0,0,0,0,8600,8600,8600
2016-08-19,5.53,8600,0(0.00 %),1240,11000000,0,0,8700,8800,8600
2016-08-22,5.46,8500,-0.1(-1.16 %),1030,9000000,0,0,8500,8600,8500
2016-08-23,5.46,8500,0(0.00 %),1170,10000000,0,0,8400,8500,8400
2016-08-24,5.46,8500,0(0.00 %),18570,156000000,0,0,8300,8500,8300
2016-08-25,5.4,8400,-0.1(-1.18 %),13020,109000000,0,0,8200,8600,8200
2016-08-26,5.4,8400,0(0.00 %),1020,9000000,0,0,8400,8400,8300
2016-08-29,5.4,8400,0(0.00 %),39510,334000000,0,0,8500,8600,8200
2016-08-30,5.46,8500,0.1(1.19 %),6640,56000000,0,0,8600,8600,8400
2016-08-31,5.53,8600,0.1(1.18 %),320,3000000,0,0,8600,8600,8600
2016-09-01,5.27,8200,-0.4(-4.65 %),5070,43000000,0,0,8500,8600,8200
2016-09-05,5.46,8500,0.3(3.66 %),27490,234000000,0,0,8400,8600,8200
2016-09-06,5.53,8600,0.1(1.18 %),15130,130000000,0,0,8600,8700,8500
2016-09-07,5.59,8700,0.1(1.16 %),10620,90000000,0,0,8700,8700,8500
2016-09-08,5.4,8400,-0.3(-3.45 %),500,4000000,0,0,8400,8400,8400
2016-09-09,5.53,8600,0.2(2.38 %),50690,445000000,0,0,8600,8900,8600
2016-09-12,5.65,8800,0.2(2.33 %),830,7000000,0,0,8600,8800,8600
2016-09-13,5.65,8800,0(0.00 %),4080,35000000,0,0,8700,9000,8600
2016-09-14,5.59,8700,-0.1(-1.14 %),1230,11000000,0,0,9100,9100,8600
2016-09-15,5.53,8600,-0.1(-1.15 %),2500,22000000,0,0,8700,8700,8500
2016-09-16,5.53,8600,0(0.00 %),4500,39000000,0,0,8600,8600,8600
2016-09-19,5.65,8800,0.2(2.33 %),5730,48000000,0,0,9100,9100,8400
2016-09-20,5.53,8600,-0.2(-2.27 %),16580,137000000,0,0,8700,8900,8200
2016-09-21,5.4,8400,-0.2(-2.33 %),9940,84000000,0,0,8300,8590,8300
2016-09-22,5.39,8390,-0.01(-0.12 %),7560,63000000,0,0,8600,8600,8210
2016-09-23,5.33,8300,-0.09(-1.07 %),700,6000000,0,0,8390,8390,8300
2016-09-26,5.69,8860,0.56(6.75 %),150,1000000,0,0,8680,8870,8680
2016-09-27,5.59,8700,-0.16(-1.81 %),1250,10000000,0,0,8300,8790,8250
2016-09-28,5.33,8300,-0.4(-4.60 %),1010,8000000,0,0,8790,8790,8300
2016-09-29,5.33,8300,0(0.00 %),3510,29000000,0,0,8100,8400,8100
2016-09-30,5.27,8200,-0.1(-1.20 %),300,2000000,0,0,8250,8300,8200
2016-10-03,5.46,8500,0.3(3.66 %),10,0,0,0,8500,8500,8500
2016-10-04,5.27,8200,-0.3(-3.53 %),1420,12000000,0,0,8580,8580,8200
2016-10-05,5.4,8400,0.2(2.44 %),120,1000000,0,0,8390,8400,8300
2016-10-06,5.52,8590,0.19(2.26 %),3630,30000000,0,0,8200,8590,8200
2016-10-07,5.14,8000,-0.59(-6.87 %),30690,246000000,0,0,8680,8690,8000
2016-10-10,5.26,8190,0.19(2.38 %),250,2000000,0,0,8560,8560,7620
2016-10-11,5.39,8390,0.2(2.44 %),3580,27000000,0,0,8490,8490,7650
2016-10-12,5.14,8000,-0.39(-4.65 %),16090,129000000,0,0,8000,8100,7900
2016-10-13,5.39,8390,0.39(4.88 %),3030,24000000,0,0,7900,8390,7800
2016-10-14,5.39,8390,0(0.00 %),10020,80000000,0,0,8500,8500,8000
2016-10-17,5.14,8000,-0.39(-4.65 %),1570,12000000,0,0,8000,8000,7830
2016-10-18,4.95,7710,-0.29(-3.62 %),1130,9000000,0,0,8000,8290,7710
2016-10-19,5.29,8230,0.52(6.74 %),70,1000000,0,0,8180,8240,8180
2016-10-20,5.26,8190,-0.04(-0.49 %),10010,77000000,0,0,8490,8490,7660
2016-10-21,5.15,8020,-0.17(-2.08 %),28140,215000000,0,0,7800,8290,7620
2016-10-24,5.15,8020,0(0.00 %),10,0,0,0,8020,8020,8020
2016-10-25,5.15,8010,-0.01(-0.12 %),10060,77000000,0,0,7510,8020,7510
2016-10-26,5.2,8090,0.08(1.00 %),4010,30000000,0,0,7600,8090,7600
2016-10-27,4.9,7620,-0.47(-5.81 %),150,1000000,0,0,7620,7620,7620
2016-10-28,5.12,7970,0.35(4.59 %),20,0,0,0,7880,7970,7880
2016-10-31,5.04,7840,-0.13(-1.63 %),5950,45000000,0,0,7970,7970,7570
2016-11-01,4.88,7600,-0.24(-3.06 %),950,7000000,0,0,8380,8380,7600
2016-11-02,5.14,8000,0.4(5.26 %),260,2000000,0,0,7800,8000,7800
2016-11-03,4.82,7500,-0.5(-6.25 %),33510,251000000,0,0,7500,7500,7450
2016-11-04,4.66,7250,-0.25(-3.33 %),36270,264000000,0,0,7210,8020,7200
2016-11-07,4.97,7740,0.49(6.76 %),20,0,0,0,7750,7750,7740
2016-11-08,5.01,7800,0.06(0.78 %),3030,23000000,0,0,7900,7900,7600
2016-11-09,4.95,7700,-0.1(-1.28 %),2680,20000000,0,0,7560,7700,7300
2016-11-10,5.07,7890,0.19(2.47 %),6010,43000000,0,0,8200,8200,7200
2016-11-11,5.06,7870,-0.02(-0.25 %),22520,166000000,0,0,7400,8400,7350
2016-11-14,4.82,7500,-0.37(-4.70 %),3360,25000000,0,0,7500,7990,7450
2016-11-15,4.82,7500,0(0.00 %),6260,46000000,0,0,7400,7800,7400
2016-11-16,4.77,7420,-0.08(-1.07 %),8000,60000000,0,0,7500,7500,7420
2016-11-17,4.88,7590,0.17(2.29 %),100,1000000,0,0,7600,7600,7590
2016-11-18,4.72,7350,-0.24(-3.16 %),130,1000000,0,0,7690,7690,7350
2016-11-21,4.69,7300,-0.05(-0.68 %),560,4000000,0,0,7300,7500,7300
2016-11-22,4.74,7380,0.08(1.10 %),4140,30000000,0,0,7400,7400,7300
2016-11-23,4.72,7350,-0.03(-0.41 %),1510,11000000,0,0,7400,7400,7350
2016-11-24,4.71,7330,-0.02(-0.27 %),10570,78000000,0,0,7400,7860,7330
2016-11-25,5.04,7840,0.51(6.96 %),17730,139000000,0,0,7330,7840,7330
2016-11-28,5.07,7890,0.05(0.64 %),3560,28000000,0,0,8000,8380,7510
2016-11-29,5.08,7900,0.01(0.13 %),10560,81000000,0,0,7800,8190,7340
2016-11-30,5.2,8100,0.2(2.53 %),24970,205000000,0,0,8290,8300,8100
2016-12-01,5.14,8000,-0.1(-1.23 %),7250,59000000,0,0,8290,8290,8000
2016-12-02,5.14,8000,0(0.00 %),20450,164000000,0,0,7800,8000,7800
2016-12-05,5.14,8000,0(0.00 %),3990,32000000,0,0,7520,8000,7500
2016-12-06,5.13,7990,-0.01(-0.12 %),5790,46000000,0,0,8300,8300,7500
2016-12-07,5.4,7430,-0.99(-12.39 %),45350,317000000,0,0,7430,7430,7430
2016-12-08,5.4,7000,0(0.00 %),14070,98000000,0,0,7000,7000,6850
2016-12-09,5.78,7490,0.49(7.00 %),27420,188000000,0,0,7490,7490,6800
2016-12-12,6.17,8000,0.51(6.81 %),5830,41000000,0,0,8000,8000,7000
2016-12-13,5.74,7440,-0.56(-7.00 %),26130,194000000,0,0,7450,7890,7440
2016-12-14,5.73,7430,-0.01(-0.13 %),4960,37000000,0,0,7880,7890,7430
2016-12-15,5.73,7430,0(0.00 %),1930,14000000,0,0,7430,7430,7430
2016-12-16,5.73,7430,0(0.00 %),3510,25000000,0,0,7100,7430,7000
2016-12-19,5.48,7110,-0.32(-4.31 %),2620,19000000,0,0,7100,7400,7100
2016-12-20,5.63,7300,0.19(2.67 %),6140,45000000,0,0,7000,7450,7000
2016-12-21,5.55,7200,-0.1(-1.37 %),15970,117000000,0,0,6810,7400,6810
2016-12-22,5.7,7390,0.19(2.64 %),11060,81000000,0,0,7000,7490,7000
2016-12-23,5.73,7430,0.04(0.54 %),18970,140000000,0,0,7390,7430,7380
2016-12-26,5.78,7500,0.07(0.94 %),86200,673000000,0,0,7210,7950,7210
2016-12-27,6.09,7900,0.4(5.33 %),7130,56000000,0,0,7500,7900,7500
2016-12-28,5.94,7700,-0.2(-2.53 %),2730,21000000,0,0,7500,7800,7400
2016-12-29,5.86,7600,-0.1(-1.30 %),4500,34000000,0,0,7400,7700,7400
2016-12-30,6.16,7990,0.39(5.13 %),4710,36000000,0,0,7590,8130,7590
2017-01-03,6.4,8300,0.31(3.88 %),16710,133000000,0,0,8300,8300,7900
2017-01-04,6.16,7990,-0.31(-3.73 %),4680,37000000,0,0,8000,8000,7850
2017-01-05,6.01,7790,-0.2(-2.50 %),3030,24000000,0,0,7850,7850,7600
2017-01-06,6.15,7980,0.19(2.44 %),45090,357000000,0,0,7600,8000,7600
2017-01-09,6.11,7920,-0.06(-0.75 %),300,2000000,0,0,7920,7920,7920
2017-01-10,6.08,7880,-0.04(-0.51 %),2180,17000000,0,0,7920,7920,7700
2017-01-11,6.17,8000,0.12(1.52 %),30,0,0,0,7400,8000,7400
2017-01-12,6.17,8000,0(0.00 %),2210,17000000,0,0,7600,8300,7600
2017-01-13,6.31,8180,0.18(2.25 %),1570,12000000,0,0,7800,8250,7500
2017-01-16,6.05,7850,-0.33(-4.03 %),900,7000000,0,0,7850,7850,7850
2017-01-17,6.05,7850,0(0.00 %),0,0,0,0,7850,7850,7850
2017-01-18,6.01,7800,-0.05(-0.64 %),11260,84000000,0,0,7600,7890,7320
2017-01-19,5.86,7600,-0.2(-2.56 %),60,0,0,0,8290,8290,7600
2017-01-20,6.01,7790,0.19(2.50 %),10830,78000000,0,0,7300,7790,7100
2017-01-23,6.17,8000,0.21(2.70 %),15880,116000000,0,0,8280,8280,7250
2017-01-24,6.17,8000,0(0.00 %),10460,78000000,0,0,8300,8300,7440
2017-01-25,6.15,7980,-0.02(-0.25 %),39150,291000000,0,0,8000,8000,7440
2017-02-02,6.25,8100,0.12(1.50 %),10,0,0,0,8100,8100,8100
2017-02-03,6.08,7890,-0.21(-2.59 %),170,1000000,0,0,7890,7890,7890
2017-02-06,6.08,7880,-0.01(-0.13 %),35270,275000000,0,0,7800,7880,7800
2017-02-07,6.08,7880,0(0.00 %),7000,55000000,0,0,7850,7880,7850
2017-02-08,6.03,7820,-0.06(-0.76 %),2550,19000000,0,0,7400,7820,7400
2017-02-09,5.71,7400,-0.42(-5.37 %),2150,16000000,0,0,7400,7400,7400
2017-02-10,5.71,7400,0(0.00 %),290,2000000,0,0,7150,7400,7150
2017-02-13,5.71,7400,0(0.00 %),0,0,0,0,7400,7400,7400
2017-02-14,5.4,7000,-0.4(-5.41 %),820,6000000,0,0,7400,7400,7000
2017-02-15,5.4,7000,0(0.00 %),50,0,0,0,7000,7000,7000
2017-02-16,5.59,7250,0.25(3.57 %),70,1000000,0,0,7300,7300,7250
2017-02-17,5.59,7250,0(0.00 %),0,0,0,0,7250,7250,7250
2017-02-20,5.86,7600,0.35(4.83 %),29700,224000000,0,0,7010,7600,7010
2017-02-21,5.86,7600,0(0.00 %),7290,55000000,0,0,7120,7800,7120
2017-02-22,5.98,7750,0.15(1.97 %),1220,9000000,0,0,7850,7850,7450
2017-02-23,6.39,8290,0.54(6.97 %),10,0,0,0,8290,8290,8290
2017-02-24,6.84,8870,0.58(7.00 %),10,0,0,0,8870,8870,8870
2017-02-27,6.36,8250,-0.62(-6.99 %),3510,31000000,0,0,8250,9490,8250
2017-02-28,5.92,7680,-0.57(-6.91 %),130,1000000,0,0,8000,8000,7680
2017-03-01,5.92,7680,0(0.00 %),2800,22000000,0,0,7680,7680,7680
2017-03-02,6.13,7950,0.27(3.52 %),1890,15000000,0,0,8000,8000,7680
2017-03-03,6.16,7990,0.04(0.50 %),2140,16000000,0,0,7600,7990,7400
2017-03-06,6.14,7960,-0.03(-0.38 %),4130,31000000,0,0,7990,7990,7440
2017-03-07,5.78,7500,-0.46(-5.78 %),40,0,0,0,7410,7960,7410
2017-03-08,6.08,7890,0.39(5.20 %),15540,120000000,0,0,7350,8000,7000
2017-03-09,6.0,7780,-0.11(-1.39 %),2410,18000000,0,0,7500,7780,7340
2017-03-10,5.78,7490,-0.29(-3.73 %),62880,456000000,0,0,7490,7690,7240
2017-03-13,5.92,7680,0.19(2.54 %),31010,240000000,0,0,8000,8000,7680
2017-03-14,5.92,7680,0(0.00 %),4010,30000000,0,0,7230,7680,7230
2017-03-15,5.94,7700,0.02(0.26 %),6500,47000000,0,0,7750,7750,7200
2017-03-16,5.86,7600,-0.1(-1.30 %),210,2000000,0,0,7350,7600,7350
2017-03-17,5.93,7690,0.09(1.18 %),10030,72000000,0,0,7350,7750,7100
2017-03-20,5.86,7600,-0.09(-1.17 %),36140,259000000,0,0,7790,7790,7160
2017-03-21,5.74,7440,-0.16(-2.11 %),3440,25000000,0,0,7080,7440,7080
2017-03-22,5.51,7150,-0.29(-3.90 %),11530,83000000,0,0,7160,7250,7150
2017-03-23,5.32,6900,-0.25(-3.50 %),13270,93000000,0,0,7390,7390,6900
2017-03-24,5.62,7290,0.39(5.65 %),4360,31000000,0,0,7300,7300,7100
2017-03-27,5.7,7390,0.1(1.37 %),3900,29000000,0,0,7300,7400,7300
2017-03-28,5.78,7500,0.11(1.49 %),13140,97000000,0,0,7390,7590,7320
2017-03-29,5.78,7500,0(0.00 %),21890,162000000,0,0,7590,7590,7350
2017-03-30,5.71,7400,-0.1(-1.33 %),8800,65000000,0,0,7600,7600,7350
2017-03-31,5.6,7260,-0.14(-1.89 %),9390,68000000,0,0,7310,7480,7260
2017-04-03,5.78,7500,0.24(3.31 %),14870,108000000,0,0,7500,7500,7250
2017-04-04,5.85,7590,0.09(1.20 %),11550,88000000,0,0,7590,8000,7590
2017-04-05,6.26,8120,0.53(6.98 %),60540,489000000,0,0,7900,8120,7900
2017-04-07,6.32,8200,0.08(0.99 %),25420,207000000,0,0,8590,8590,8120
2017-04-10,6.32,8200,0(0.00 %),14300,118000000,0,0,8400,8400,8200
2017-04-11,6.28,8140,-0.06(-0.73 %),14800,118000000,0,0,7900,8140,7900
2017-04-12,5.98,7760,-0.38(-4.67 %),5960,47000000,0,0,7730,8090,7730
2017-04-13,6.4,8300,0.54(6.96 %),29240,241000000,0,0,8150,8300,7560
2017-04-14,6.85,8880,0.58(6.99 %),106210,926000000,0,0,8500,8880,8400
2017-04-17,7.33,9500,0.62(6.98 %),114750,1090000000,0,0,9500,9500,9500
2017-04-18,7.83,10150,0.65(6.84 %),125630,1265000000,0,0,10000,10150,9700
2017-04-19,8.02,10400,0.25(2.46 %),75480,783000000,0,0,10500,10500,10000
2017-04-20,7.94,10300,-0.1(-0.96 %),67880,709000000,0,0,10900,10900,10300
2017-04-21,7.7,9980,-0.32(-3.11 %),64680,651000000,0,0,10050,10300,9980
2017-04-24,7.63,9900,-0.08(-0.80 %),26150,259000000,0,0,9980,10100,9710
2017-04-25,7.7,9980,0.08(0.81 %),50600,492000000,0,0,10100,10100,9500
2017-04-26,7.52,9750,-0.23(-2.30 %),35780,349000000,0,0,10200,10200,9700
2017-04-27,7.22,9360,-0.39(-4.00 %),44370,419000000,0,0,9650,9650,9360
2017-04-28,6.98,9050,-0.31(-3.31 %),49330,454000000,0,0,9360,9400,9050
2017-05-03,7.45,9660,0.61(6.74 %),18540,174000000,0,0,9050,9680,9050
2017-05-04,7.71,10000,0.34(3.52 %),24980,250000000,0,0,9660,10000,9660
2017-05-05,7.63,9900,-0.1(-1.00 %),10500,102000000,0,0,10500,10500,9500
2017-05-08,7.41,9610,-0.29(-2.93 %),7280,71000000,0,0,9850,9990,9610
2017-05-09,7.56,9800,0.19(1.98 %),6710,65000000,0,0,10250,10250,9700
2017-05-10,7.34,9520,-0.28(-2.86 %),14230,136000000,0,0,9900,9900,9500
2017-05-11,7.09,9200,-0.32(-3.36 %),95090,878000000,1560000,15600000000,9500,9500,9000
2017-05-12,7.33,9500,0.3(3.26 %),12180,112000000,0,0,9700,9700,9200
2017-05-15,7.17,9300,-0.2(-2.11 %),86080,796000000,0,0,10000,10000,9100
2017-05-16,7.56,9800,0.5(5.38 %),15460,149000000,0,0,9400,9950,9400
2017-05-17,7.56,9800,0(0.00 %),10730,103000000,0,0,9800,9800,9500
2017-05-18,7.25,9400,-0.4(-4.08 %),28940,273000000,0,0,9430,9700,9300
2017-05-19,7.21,9350,-0.05(-0.53 %),19100,179000000,0,0,9400,9650,9330
2017-05-22,7.28,9440,0.09(0.96 %),8730,81000000,0,0,9600,9600,9310
2017-05-23,7.18,9310,-0.13(-1.38 %),11330,106000000,0,0,9400,9450,9310
2017-05-24,7.25,9400,0.09(0.97 %),3460,32000000,0,0,9200,9490,9200
2017-05-25,7.17,9300,-0.1(-1.06 %),7620,71000000,0,0,9390,9400,9300
2017-05-26,7.16,9290,-0.01(-0.11 %),42830,396000000,150000,1492500000,9900,9900,9170
2017-05-29,7.17,9300,0.01(0.11 %),14540,134000000,0,0,9840,9840,9160
2017-05-30,7.32,9490,0.19(2.04 %),6350,60000000,0,0,9300,9500,9300
2017-05-31,7.33,9500,0.01(0.11 %),3000,28000000,0,0,9300,9500,9300
2017-06-01,7.09,9200,-0.3(-3.16 %),16630,153000000,0,0,9200,9350,9200
2017-06-02,7.48,9700,0.5(5.43 %),10,0,0,0,9700,9700,9700
2017-06-05,7.04,9130,-0.57(-5.88 %),7600,69000000,0,0,9500,9500,9130
2017-06-06,7.17,9300,0.17(1.86 %),12360,113000000,0,0,9110,9350,9110
2017-06-07,7.08,9180,-0.12(-1.29 %),23480,215000000,0,0,9200,9290,9100
2017-06-08,6.95,9010,-0.17(-1.85 %),6310,57000000,0,0,9100,9250,9000
2017-06-09,7.05,9140,0.13(1.44 %),11900,107000000,0,0,9000,9150,8930
2017-06-12,7.12,9230,0.09(0.98 %),5320,48000000,0,0,9000,9240,9000
2017-06-13,7.09,9200,-0.03(-0.33 %),11720,108000000,0,0,9180,9480,9160
2017-06-14,7.24,9390,0.19(2.07 %),8480,78000000,0,0,9100,9400,9100
2017-06-15,7.17,9300,-0.09(-0.96 %),4340,40000000,0,0,9400,9400,9180
2017-06-16,7.09,9190,-0.11(-1.18 %),8230,75000000,0,0,9300,9300,9000
2017-06-19,7.09,9200,0.01(0.11 %),9960,91000000,0,0,9050,9200,9000
2017-06-20,6.95,9010,-0.19(-2.07 %),23340,212000000,0,0,9000,9500,9000
2017-06-21,7.02,9100,0.09(1.00 %),11780,107000000,0,0,9150,9490,9010
2017-06-22,7.33,9500,0.4(4.40 %),13100,124000000,0,0,9380,9600,9300
2017-06-23,7.25,9400,-0.1(-1.05 %),7580,70000000,0,0,9500,9500,9160
2017-06-26,7.17,9300,-0.1(-1.06 %),11020,103000000,0,0,9300,9500,9220
2017-06-27,7.17,9300,0(0.00 %),3030,28000000,0,0,9160,9300,9160
2017-06-28,7.16,9280,-0.02(-0.22 %),11730,109000000,0,0,9300,9300,9050
2017-06-29,7.24,9390,0.11(1.19 %),3060,28000000,0,0,9400,9400,9100
2017-06-30,7.21,9350,-0.04(-0.43 %),2010,18000000,0,0,9100,9350,9100
2017-07-03,7.21,9350,0(0.00 %),9220,85000000,0,0,9200,9400,9200
2017-07-04,7.24,9390,0.04(0.43 %),2030,18000000,0,0,9400,9400,9100
2017-07-05,7.24,9390,0(0.00 %),3570,33000000,0,0,9100,9390,9100
2017-07-06,7.21,9350,-0.04(-0.43 %),8970,82000000,0,0,9350,9350,9100
2017-07-07,7.4,9600,0.25(2.67 %),11790,112000000,0,0,9350,9800,9350
2017-07-10,7.48,9700,0.1(1.04 %),630,6000000,0,0,9680,9710,9680
2017-07-11,7.13,9250,-0.45(-4.64 %),10450,98000000,0,0,9650,9690,9250
2017-07-12,7.06,9150,-0.1(-1.08 %),9520,87000000,0,0,9590,9590,9120
2017-07-13,7.35,9530,0.38(4.15 %),13270,126000000,0,0,9600,9600,9220
2017-07-14,7.33,9500,-0.03(-0.31 %),16780,158000000,0,0,9200,9600,9200
2017-07-17,7.39,9580,0.08(0.84 %),19450,185000000,0,0,9580,9590,9500
2017-07-18,7.19,9320,-0.26(-2.71 %),4070,38000000,0,0,9590,9590,9300
2017-07-19,7.25,9400,0.08(0.86 %),8380,78000000,0,0,9300,9500,9300
2017-07-20,7.33,9500,0.1(1.06 %),12940,121000000,0,0,9400,9500,9300
2017-07-21,7.26,9410,-0.09(-0.95 %),7510,71000000,0,0,9800,9800,9400
2017-07-24,7.33,9500,0.09(0.96 %),590,6000000,0,0,9700,9700,9410
2017-07-25,7.39,9580,0.08(0.84 %),6720,63000000,0,0,9410,9600,9350
2017-07-26,7.26,9420,-0.16(-1.67 %),35320,334000000,0,0,9400,9550,9400
2017-07-27,7.75,10050,0.63(6.69 %),61590,610000000,0,0,9590,10050,9420
2017-07-28,8.29,10750,0.7(6.97 %),87250,933000000,0,0,10500,10750,10150
2017-07-31,8.71,11300,0.55(5.12 %),64710,735000000,0,0,11500,11500,10750
2017-08-01,8.25,10700,-0.6(-5.31 %),43610,464000000,0,0,10650,11000,10550
2017-08-02,7.68,9960,-0.74(-6.92 %),144980,1450000000,0,0,10500,10500,9960
2017-08-03,7.68,9960,0(0.00 %),37840,378000000,0,0,9960,10650,9960
2017-08-04,7.68,9960,0(0.00 %),25600,254000000,0,0,9960,10000,9600
2017-08-07,8.21,10650,0.69(6.93 %),115050,1223000000,0,0,10000,10650,10000
2017-08-08,8.68,11250,0.6(5.63 %),164610,1865000000,0,0,11200,11350,10800
2017-08-09,8.37,10850,-0.4(-3.56 %),25100,278000000,0,0,11350,11600,10800
2017-08-10,8.64,11200,0.35(3.23 %),20030,221000000,0,0,10850,11500,10850
2017-08-11,8.79,11400,0.2(1.79 %),28010,306000000,0,0,11200,11400,10600
2017-08-14,8.75,11350,-0.05(-0.44 %),14100,158000000,0,0,11300,11500,11000
2017-08-15,8.41,10900,-0.45(-3.96 %),57810,634000000,0,0,11350,11350,10700
2017-08-16,8.37,10850,-0.05(-0.46 %),27350,293000000,0,0,10900,10900,10400
2017-08-17,8.37,10850,0(0.00 %),54130,581000000,0,0,10600,11050,10600
2017-08-18,8.41,10900,0.05(0.46 %),35240,379000000,0,0,10700,10900,10700
2017-08-21,8.48,11000,0.1(0.92 %),12000,128000000,0,0,10750,11000,10700
2017-08-22,8.33,10800,-0.2(-1.82 %),19360,208000000,0,0,10900,10900,10700
2017-08-23,8.44,10950,0.15(1.39 %),24650,267000000,0,0,10750,11000,10750
2017-08-24,8.68,11250,0.3(2.74 %),920,10000000,0,0,10750,11300,10750
2017-08-25,8.48,11000,-0.25(-2.22 %),47450,519000000,3261108,34241634000,11000,11200,10800
2017-08-28,8.71,11300,0.3(2.73 %),103880,1146000000,0,0,10800,11400,10800
2017-08-29,9.29,12050,0.75(6.64 %),83500,1006000000,0,0,12050,12050,12050
2017-08-30,9.29,12050,0(0.00 %),330020,4138000000,0,0,12850,12850,12000
2017-08-31,9.29,12050,0(0.00 %),102280,1231000000,0,0,12050,12200,11800
2017-09-01,9.48,12300,0.25(2.07 %),137680,1733000000,0,0,11800,12850,11800
2017-09-05,9.45,12250,-0.05(-0.41 %),418260,5174000000,0,0,12100,12600,12100
2017-09-06,9.6,12450,0.2(1.63 %),322910,4042000000,881592,10050148800,12300,12700,12300
2017-09-07,9.75,12650,0.2(1.61 %),338980,4318000000,0,0,12700,12900,12650
2017-09-08,9.25,12000,-0.65(-5.14 %),381610,4659000000,0,0,12650,12650,12000
2017-09-11,9.1,11800,-0.2(-1.67 %),207680,2476000000,0,0,12000,12300,11800
2017-09-12,9.25,12000,0.2(1.69 %),142030,1689000000,309690,3406590000,11700,12400,11700
2017-09-13,9.48,12300,0.3(2.50 %),281850,3434000000,0,0,12500,12500,11900
2017-09-14,9.6,12450,0.15(1.22 %),184530,2299000000,0,0,12300,12550,12300
2017-09-15,9.56,12400,-0.05(-0.40 %),75210,923000000,0,0,12300,12400,12200
2017-09-18,9.6,12450,0.05(0.40 %),174550,2181000000,0,0,12400,12600,12300
2017-09-19,9.52,12350,-0.1(-0.80 %),164180,2042000000,0,0,12500,12500,12350
2017-09-20,9.45,12250,-0.1(-0.81 %),39220,480000000,0,0,12400,12400,12200
2017-09-21,9.33,12100,-0.15(-1.22 %),146910,1787000000,0,0,12300,12300,12050
2017-09-22,9.37,12150,0.05(0.41 %),111900,1367000000,0,0,12500,12500,12100
2017-09-25,9.25,12000,-0.15(-1.23 %),50320,608000000,3261108,39133296000,12150,12300,12000
2017-09-26,9.41,12200,0.2(1.67 %),142360,1709000000,0,0,12000,12250,11900
2017-09-27,8.87,11500,-0.7(-5.74 %),252470,2957000000,0,0,12200,12200,11500
2017-09-28,8.83,11450,-0.05(-0.43 %),208830,2350000000,71088,767750400,11500,11600,11000
2017-09-29,8.64,11200,-0.25(-2.18 %),61580,694000000,0,0,11450,11450,11100
2017-10-02,8.64,11200,0(0.00 %),19780,223000000,0,0,11450,11700,11200
2017-10-03,8.87,11500,0.3(2.68 %),36270,409000000,0,0,11200,11500,11150
2017-10-04,9.14,11850,0.35(3.04 %),27490,318000000,0,0,11250,11900,11250
2017-10-05,8.79,11400,-0.45(-3.80 %),17090,198000000,0,0,11900,11900,11400
2017-10-06,8.75,11350,-0.05(-0.44 %),41140,472000000,0,0,11500,11500,11300
2017-10-09,8.98,11650,0.3(2.64 %),42040,481000000,0,0,11800,11800,11200
2017-10-10,8.94,11600,-0.05(-0.43 %),30140,348000000,0,0,11650,11650,11300
2017-10-11,8.87,11500,-0.1(-0.86 %),48770,559000000,0,0,11600,11700,11300
2017-10-12,8.83,11450,-0.05(-0.43 %),41480,474000000,0,0,11400,11500,11300
2017-10-13,9.1,11800,0.35(3.06 %),76960,894000000,61000,649650000,11450,12000,11450
2017-10-16,9.21,11950,0.15(1.27 %),45220,539000000,0,0,11900,12000,11800
2017-10-17,9.21,11950,0(0.00 %),80480,944000000,0,0,11700,12000,11600
2017-10-18,8.87,11500,-0.45(-3.77 %),34710,402000000,0,0,11950,11950,11400
2017-10-19,8.87,11500,0(0.00 %),38340,438000000,0,0,11500,11600,11200
2017-10-20,8.87,11500,0(0.00 %),39860,454000000,0,0,11400,11600,11300
2017-10-23,8.48,11000,-0.5(-4.35 %),71510,788000000,0,0,11000,11700,11000
2017-10-24,8.87,11500,0.5(4.55 %),32840,366000000,0,0,11000,11500,11000
2017-10-25,9.25,12000,0.5(4.35 %),54170,640000000,0,0,11350,12000,11100
2017-10-26,9.18,11900,-0.1(-0.83 %),94470,1105000000,0,0,12000,12000,11350
2017-10-27,9.06,11750,-0.15(-1.26 %),25490,294000000,0,0,11450,11800,11450
2017-10-30,8.56,11100,-0.65(-5.53 %),42190,476000000,0,0,11400,11600,11100
2017-10-31,8.79,11400,0.3(2.70 %),73500,813000000,0,0,11100,11500,11000
2017-11-01,8.79,11400,0(0.00 %),60460,683000000,0,0,11100,11400,11000
2017-11-02,8.79,11400,0(0.00 %),46240,520000000,0,0,11200,11400,11100
2017-11-03,8.79,11400,0(0.00 %),44610,504000000,0,0,11100,11400,11100
2017-11-06,9.06,11750,0.35(3.07 %),145980,1696000000,0,0,11150,11800,11100
2017-11-07,8.98,11650,-0.1(-0.85 %),56630,661000000,0,0,11750,11800,11500
2017-11-08,8.64,11200,-0.45(-3.86 %),90650,1031000000,0,0,11400,11600,11200
2017-11-09,8.83,11450,0.25(2.23 %),46390,523000000,0,0,11400,11450,11150
2017-11-10,8.83,11450,0(0.00 %),34780,396000000,0,0,11450,11450,11300
2017-11-13,8.71,11300,-0.15(-1.31 %),26510,299000000,0,0,11350,11450,11200
2017-11-14,8.71,11300,0(0.00 %),40520,455000000,0,0,11250,11300,11200
2017-11-15,8.87,11500,0.2(1.77 %),79180,899000000,0,0,11500,11500,11150
2017-11-16,8.79,11400,-0.1(-0.87 %),58240,664000000,0,0,11500,11500,11300
2017-11-17,8.83,11450,0.05(0.44 %),182130,2109000000,0,0,11500,11800,11450
2017-11-20,8.79,11400,-0.05(-0.44 %),78750,900000000,0,0,11500,11500,11350
2017-11-21,8.87,11500,0.1(0.88 %),69700,795000000,0,0,11450,11500,11300
2017-11-22,8.79,11400,-0.1(-0.87 %),67880,774000000,0,0,11500,11500,11350
2017-11-23,8.79,11400,0(0.00 %),75410,855000000,0,0,11400,11450,11200
2017-11-24,8.75,11350,-0.05(-0.44 %),77310,879000000,0,0,11400,11400,11300
2017-11-27,8.83,11450,0.1(0.88 %),137580,1574000000,0,0,11350,11600,11350
2017-11-28,8.75,11350,-0.1(-0.87 %),87880,1001000000,0,0,11500,11500,11350
2017-11-29,8.75,11350,0(0.00 %),122450,1385000000,0,0,11450,11450,11250
2017-11-30,9.33,12100,0.75(6.61 %),486620,5792000000,0,0,11350,12100,11350
2017-12-01,9.25,12000,-0.1(-0.83 %),146100,1779000000,0,0,12100,12600,12000
2017-12-04,9.25,12000,0(0.00 %),125500,1496000000,0,0,12000,12100,11800
2017-12-05,8.94,11600,-0.4(-3.33 %),167440,1962000000,0,0,12000,12000,11600
2017-12-06,8.79,11400,-0.2(-1.72 %),69100,795000000,0,0,11550,11700,11350
2017-12-07,8.94,11600,0.2(1.75 %),103000,1174000000,0,0,11500,11600,11350
2017-12-08,9.02,11700,0.1(0.86 %),122640,1402000000,0,0,11400,11700,11300
2017-12-11,8.75,11350,-0.35(-2.99 %),112440,1281000000,0,0,11500,11550,11350
2017-12-12,9.1,11800,0.45(3.96 %),105220,1196000000,0,0,11300,11800,11200
2017-12-13,8.98,11650,-0.15(-1.27 %),99990,1141000000,0,0,11600,11700,11300
2017-12-14,9.02,11700,0.05(0.43 %),108270,1268000000,0,0,11650,11900,11650
2017-12-15,9.14,11850,0.15(1.28 %),110950,1301670000,0,0,11700,11900,11700
2017-12-18,9.1,11800,-0.05(-0.42 %),69890,819000000,0,0,11800,11950,11600
2017-12-19,9.06,11750,-0.05(-0.42 %),70920,829000000,0,0,11900,11900,11650
2017-12-20,8.83,11450,-0.3(-2.55 %),73670,849000000,0,0,11500,11700,11350
2017-12-21,8.94,11600,0.15(1.31 %),103730,1185000000,0,0,11450,11600,11350
2017-12-22,8.94,11600,0(0.00 %),37600,432000000,0,0,11650,11650,11400
2017-12-25,8.83,11450,-0.15(-1.29 %),27320,314000000,0,0,11500,11550,11450
2017-12-26,8.79,11400,-0.05(-0.44 %),46440,531000000,0,0,11400,11450,11400
2017-12-27,8.87,11500,0.1(0.88 %),24930,284000000,0,0,11350,11500,11350
2017-12-28,8.94,11600,0.1(0.87 %),28590,329000000,0,0,11400,11600,11400
2017-12-29,8.87,11500,-0.1(-0.86 %),20000,227000000,0,0,11400,11500,11350
2018-01-02,8.68,11250,-0.25(-2.17 %),47510,536770000,0,0,11300,11450,11250
2018-01-03,8.79,11400,0.15(1.33 %),146820,1652000000,0,0,11400,11400,11150
2018-01-04,8.6,11150,-0.25(-2.19 %),46490,526000000,0,0,11200,11600,11150
2018-01-05,8.6,11150,0(0.00 %),54390,604000000,0,0,11350,11350,11000
2018-01-08,8.71,11300,0.15(1.35 %),112210,1265000000,0,0,11200,11400,11000
2018-01-09,8.94,11600,0.3(2.65 %),130240,1486000000,0,0,11100,11600,11100
2018-01-10,8.94,11600,0(0.00 %),89250,1035000000,0,0,11650,11650,11300
2018-01-11,8.71,11300,-0.3(-2.59 %),68450,776000000,0,0,11500,11500,11250
2018-01-12,8.71,11300,0(0.00 %),37280,416360000,0,0,11200,11300,11100
2018-01-15,8.71,11300,0(0.00 %),4150,46260000,0,0,11050,11300,11050
2018-01-16,9.18,11900,0.6(5.31 %),287010,3349000000,0,0,11400,11900,11400
2018-01-17,8.71,11300,-0.6(-5.04 %),135350,1582000000,0,0,11900,11900,11300
2018-01-18,9.02,11700,0.4(3.54 %),27610,317000000,0,0,11300,11700,11300
2018-01-19,8.98,11650,-0.05(-0.43 %),21370,245000000,0,0,11400,11650,11350
2018-01-22,9.25,12000,0.35(3.00 %),454820,5549000000,0,0,11550,12450,11550
2018-01-25,9.87,12800,0.8(6.67 %),573290,6984000000,0,0,12400,12800,11900
2018-01-26,10.53,13650,0.85(6.64 %),281620,3703000000,0,0,12900,13650,12500
2018-01-29,10.49,13600,-0.05(-0.37 %),195220,2617000000,0,0,13700,13700,13000
2018-01-30,10.49,13600,0(0.00 %),147670,1973000000,0,0,13050,13700,13000
2018-01-31,10.72,13900,0.3(2.21 %),417510,5722000000,0,0,13200,14400,13100
2018-02-01,10.45,13550,-0.35(-2.52 %),150230,2018000000,0,0,13500,14000,13000
2018-02-02,9.75,12650,-0.9(-6.64 %),228700,2930000000,0,0,13550,13550,12650
2018-02-05,9.1,11800,-0.85(-6.72 %),100760,1203770000,0,0,11950,12500,11800
2018-02-06,8.48,11000,-0.8(-6.78 %),171710,1890000000,0,0,11800,11800,11000
2018-02-07,8.71,11300,0.3(2.73 %),161900,1812000000,0,0,11000,11400,11000
2018-02-08,8.79,11400,0.1(0.88 %),58340,662000000,0,0,11100,11450,11100
2018-02-09,8.79,11400,0(0.00 %),71710,800000000,0,0,11000,11400,10900
2018-02-12,8.87,11500,0.1(0.88 %),10620,121000000,0,0,11800,11800,11100
2018-02-13,8.94,11600,0.1(0.87 %),55370,638000000,0,0,11500,11700,11400
2018-02-21,9.06,11750,0.15(1.29 %),47000,545000000,0,0,11450,11800,11400
2018-02-22,9.02,11700,-0.05(-0.43 %),10420,121000000,0,0,11750,11750,11500
2018-02-23,9.02,11700,0(0.00 %),71340,832000000,0,0,11600,11700,11500
2018-02-26,8.87,11500,-0.2(-1.71 %),80320,922000000,0,0,11800,11800,11350
2018-02-27,8.33,10800,-0.7(-6.09 %),66620,732000000,0,0,11500,11500,10800
2018-02-28,8.71,11300,0.5(4.63 %),36030,392000000,400000,4020000000,10700,11300,10500
2018-03-01,8.14,10550,-0.75(-6.64 %),207960,2198000000,0,0,10700,10900,10550
2018-03-02,8.17,10600,0.05(0.47 %),14180,150000000,0,0,10550,10600,10500
2018-03-05,8.25,10700,0.1(0.94 %),11180,120000000,0,0,10900,10900,10700
2018-03-06,8.1,10500,-0.2(-1.87 %),18710,194000000,0,0,10700,10700,10050
2018-03-07,8.1,10500,0(0.00 %),45410,472000000,0,0,10000,10500,10000
2018-03-08,7.9,10250,-0.25(-2.38 %),17920,184000000,0,0,10300,10400,10200
2018-03-09,7.83,10150,-0.1(-0.98 %),41270,419000000,0,0,10250,10400,10000
2018-03-12,7.87,10200,0.05(0.49 %),25520,259000000,0,0,10200,10550,9800
2018-03-13,7.66,9930,-0.27(-2.65 %),14530,145000000,0,0,10000,10150,9900
2018-03-14,7.17,9300,-0.63(-6.34 %),95800,919000000,0,0,9850,10100,9300
2018-03-15,7.48,9700,0.4(4.30 %),69070,649000000,0,0,9500,9800,9060
2018-03-16,7.25,9400,-0.3(-3.09 %),39400,367000000,0,0,9400,9700,9200
2018-03-19,7.17,9300,-0.1(-1.06 %),11860,111000000,0,0,9670,9670,9300
2018-03-20,7.38,9570,0.27(2.90 %),31080,293000000,0,0,9300,9680,9300
2018-03-21,7.33,9500,-0.07(-0.73 %),70980,671000000,0,0,9570,9620,9300
2018-03-22,7.18,9310,-0.19(-2.00 %),23750,224000000,0,0,9590,9590,9310
2018-03-23,7.13,9250,-0.06(-0.64 %),31610,293000000,0,0,9300,9300,9200
2018-03-26,7.33,9500,0.25(2.70 %),38580,359000000,0,0,9260,9500,9200
2018-03-27,7.29,9450,-0.05(-0.53 %),14890,139000000,400316,3538793440,9500,9600,9300
2018-03-28,7.29,9450,0(0.00 %),33650,315000000,0,0,9540,9540,9300
2018-03-29,7.36,9550,0.1(1.06 %),24380,228000000,0,0,9450,9550,9300
2018-03-30,7.4,9600,0.05(0.52 %),11730,111000000,0,0,9600,9600,9300
2018-04-02,7.4,9600,0(0.00 %),21900,209000000,0,0,9600,9990,9320
2018-04-03,7.18,9310,-0.29(-3.02 %),31040,291000000,0,0,9400,9600,9310
2018-04-04,7.29,9450,0.14(1.50 %),43040,401000000,0,0,9310,9450,9250
2018-04-05,7.31,9480,0.03(0.32 %),48500,453000000,0,0,9300,9480,9280
2018-04-06,7.79,10100,0.62(6.54 %),69170,669000000,0,0,9320,10100,9300
2018-04-09,7.79,10100,0(0.00 %),72340,733000000,0,0,10600,10600,9900
2018-04-10,7.71,10000,-0.1(-0.99 %),21640,214000000,0,0,10000,10300,9610
2018-04-11,7.33,9500,-0.5(-5.00 %),29470,285000000,0,0,10000,10000,9500
2018-04-12,7.25,9400,-0.1(-1.05 %),32710,307000000,0,0,9310,9500,9300
2018-04-13,7.2,9340,-0.06(-0.64 %),21110,197000000,0,0,9300,9400,9280
2018-04-16,7.19,9330,-0.01(-0.11 %),90570,840000000,0,0,9300,9340,9200
2018-04-17,6.95,9010,-0.32(-3.43 %),78850,725000000,0,0,9300,9300,9010
2018-04-18,7.16,9280,0.27(3.00 %),14710,134000000,0,0,9290,9290,9010
2018-04-19,7.09,9190,-0.09(-0.97 %),27580,250000000,0,0,9200,9200,9000
2018-04-20,7.09,9190,0(0.00 %),8370,76000000,0,0,9150,9190,9000
2018-04-23,6.94,9000,-0.19(-2.07 %),21060,190000000,0,0,9000,9300,8900
2018-04-24,6.93,8990,-0.01(-0.11 %),32110,280000000,0,0,8500,8990,8500
2018-04-26,6.71,8700,-0.29(-3.23 %),31710,273000000,0,0,8990,8990,8500
2018-04-27,6.55,8490,-0.21(-2.41 %),65310,544000000,0,0,8400,8500,8200
2018-05-02,6.55,8500,0.01(0.12 %),6900,58000000,0,0,8500,8500,8310
2018-05-03,6.55,8490,-0.01(-0.12 %),7940,67000000,130000,1028300000,8340,8960,8340
2018-05-04,6.79,8800,0.31(3.65 %),26840,235000000,0,0,8600,9040,8500
2018-05-07,6.71,8700,-0.1(-1.14 %),19840,173000000,0,0,8800,8800,8600
2018-05-08,6.71,8700,0(0.00 %),22850,199000000,0,0,8700,8720,8620
2018-05-09,6.71,8700,0(0.00 %),20310,177000000,0,0,8600,9160,8600
2018-05-10,6.59,8550,-0.15(-1.72 %),12050,103000000,0,0,9000,9000,8550
2018-05-11,6.92,8970,0.42(4.91 %),3050,27000000,0,0,9100,9100,8700
2018-05-14,6.92,8980,0.01(0.11 %),43030,386000000,0,0,9000,9030,8900
2018-05-15,6.72,8720,-0.26(-2.90 %),12970,116000000,0,0,9200,9200,8720
2018-05-16,6.94,9000,0.28(3.21 %),25020,226000000,0,0,8900,9330,8900
2018-05-17,5.98,8370,-1.25(-13.89 %),32570,253000000,0,0,8370,8370,8370
2018-05-18,5.78,7500,-0.25(-3.23 %),18520,141000000,112000,807520000,7850,7850,7500
2018-05-21,5.78,7500,0(0.00 %),8980,67000000,0,0,7800,7800,7400
2018-05-22,5.78,7490,-0.01(-0.13 %),23470,173000000,0,0,7400,7600,7210
2018-05-23,5.74,7450,-0.04(-0.53 %),50770,375000000,0,0,7310,7480,7000
2018-05-24,5.34,6930,-0.52(-6.98 %),16100,113000000,112000,776160000,7740,7740,6930
2018-05-25,5.4,7000,0.07(1.01 %),33770,236000000,118000,818920000,7400,7400,6930
2018-05-28,5.02,6510,-0.49(-7.00 %),57220,379000000,0,0,7100,7100,6510
2018-05-29,4.67,6060,-0.45(-6.91 %),426440,2587000000,0,0,6510,6510,6060
2018-05-30,4.7,6100,0.04(0.66 %),17230,104000000,0,0,6480,6480,5900
2018-05-31,4.84,6280,0.18(2.95 %),57380,352000000,718806,4097194200,6500,6500,6090
2018-06-01,4.86,6300,0.02(0.32 %),60610,376000000,0,0,6280,6350,5920
2018-06-04,4.82,6250,-0.05(-0.79 %),23700,149000000,0,0,6290,6300,6250
2018-06-05,4.84,6280,0.03(0.48 %),46000,290000000,0,0,6250,6500,6250
2018-06-06,5.17,6710,0.43(6.85 %),135400,897000000,0,0,6300,6710,6300
2018-06-07,5.53,7170,0.46(6.86 %),66920,480000000,0,0,7170,7170,7170
2018-06-08,5.59,7250,0.08(1.12 %),141380,1049000000,0,0,7600,7600,7180
2018-06-11,5.59,7250,0(0.00 %),80150,572000000,0,0,7250,7290,6800
2018-06-12,5.6,7260,0.01(0.14 %),88660,638000000,0,0,7100,7280,7100
2018-06-13,5.98,7760,0.5(6.89 %),88520,673000000,0,0,7260,7760,7260
2018-06-14,6.17,8000,0.24(3.09 %),170770,1410000000,0,0,8090,8300,7900
2018-06-15,6.28,8150,0.15(1.88 %),37220,303000000,0,0,8250,8300,8000
2018-06-18,6.4,8300,0.15(1.84 %),116700,972000000,0,0,8590,8590,8200
2018-06-19,5.95,7720,-0.58(-6.99 %),157120,1233000000,0,0,8120,8200,7720
2018-06-20,6.04,7830,0.11(1.42 %),27580,213000000,0,0,7520,8190,7520
2018-06-21,6.05,7850,0.02(0.26 %),35360,276000000,0,0,7900,7900,7710
2018-06-22,6.01,7800,-0.05(-0.64 %),29260,223000000,0,0,7750,7900,7320
2018-06-25,6.01,7800,0(0.00 %),38370,298000000,0,0,7500,7900,7500
2018-06-26,6.13,7950,0.15(1.92 %),31300,245000000,0,0,7530,8200,7530
2018-06-27,6.23,8080,0.13(1.64 %),16060,128000000,0,0,7950,8150,7900
2018-06-28,6.09,7900,-0.18(-2.23 %),39950,312000000,0,0,8080,8080,7700
2018-06-29,6.01,7800,-0.1(-1.27 %),14180,111000000,0,0,7980,7980,7670
2018-07-02,5.94,7700,-0.1(-1.28 %),64190,498000000,0,0,7980,7980,7670
2018-07-03,5.82,7550,-0.15(-1.95 %),55450,422000000,0,0,8000,8000,7550
2018-07-04,5.98,7760,0.21(2.78 %),17370,138000000,0,0,7530,8000,7520
2018-07-05,6.36,8250,0.49(6.31 %),115180,938000000,0,0,7960,8300,7900
2018-07-06,6.67,8650,0.4(4.85 %),100200,869000000,0,0,8790,8790,8500
2018-07-09,6.4,8300,-0.35(-4.05 %),50840,427000000,0,0,8990,8990,8200
2018-07-10,6.24,8090,-0.21(-2.53 %),103630,825000000,0,0,8140,8200,7800
2018-07-11,6.09,7900,-0.19(-2.35 %),93130,739000000,0,0,8090,8090,7880
2018-07-12,6.01,7800,-0.1(-1.27 %),138220,1082000000,0,0,7800,7980,7700
2018-07-13,6.07,7870,0.07(0.90 %),49540,390000000,0,0,7900,7950,7800
2018-07-16,6.06,7860,-0.01(-0.13 %),57490,451000000,0,0,7900,7900,7800
2018-07-17,6.06,7860,0(0.00 %),103150,809000000,0,0,7860,7900,7820
2018-07-18,6.18,7310,0.13(1.89 %),80020,556000000,0,0,7310,7310,7310
2018-07-19,6.18,6990,0(0.00 %),48940,340000000,0,0,7000,7000,6900
2018-07-20,6.04,6840,-0.15(-2.15 %),44070,300000000,0,0,6840,6900,6800
2018-07-23,5.88,6660,-0.18(-2.63 %),125900,839000000,0,0,6660,6890,6530
2018-07-24,5.96,6750,0.09(1.35 %),18560,122000000,0,0,6670,6790,6350
2018-07-25,6.14,6950,0.2(2.96 %),117740,817000000,0,0,6650,7100,6650
2018-07-26,6.13,6940,-0.01(-0.14 %),29980,207000000,0,0,7000,7000,6800
2018-07-27,6.25,7070,0.13(1.87 %),91810,647000000,0,0,6940,7300,6850
2018-07-30,6.31,7140,0.07(0.99 %),64750,460000000,0,0,7070,7190,7020
2018-07-31,6.09,6890,-0.25(-3.50 %),100690,702000000,0,0,7100,7180,6800
2018-08-01,5.92,6700,-0.19(-2.76 %),71650,484000000,0,0,6800,6890,6700
2018-08-02,5.92,6700,0(0.00 %),113910,768000000,145000,904800000,6700,7000,6600
2018-08-03,6.03,6820,0.12(1.79 %),52710,359000000,0,0,6900,6900,6700
2018-08-06,6.01,6800,-0.02(-0.29 %),21140,140000000,0,0,6800,6860,6610
2018-08-07,5.8,6560,-0.24(-3.53 %),44610,294000000,0,0,6800,6800,6500
2018-08-08,5.92,6700,0.14(2.13 %),29530,196000000,0,0,6670,6790,6550
2018-08-09,5.83,6600,-0.1(-1.49 %),25770,170000000,0,0,6610,6700,6570
2018-08-10,5.91,6690,0.09(1.36 %),15640,104000000,0,0,6740,6740,6600
2018-08-13,5.83,6600,-0.09(-1.35 %),20420,135000000,0,0,6700,6750,6600
2018-08-14,5.83,6600,0(0.00 %),66310,438000000,0,0,6690,6750,6560
2018-08-15,5.88,6650,0.05(0.76 %),15940,105000000,0,0,6600,6680,6570
2018-08-16,5.86,6630,-0.02(-0.30 %),19590,129000000,135000,835650000,6580,6640,6580
2018-08-17,5.83,6600,-0.03(-0.45 %),19650,130000000,0,0,6630,6650,6590
2018-08-20,5.83,6600,0(0.00 %),24800,163000000,0,0,6580,6600,6540
2018-08-21,5.79,6550,-0.05(-0.76 %),37080,242000000,150000,921000000,6540,6570,6500
2018-08-22,5.8,6570,0.02(0.31 %),15080,99000000,113000,689300000,6520,6600,6500
2018-08-23,5.79,6550,-0.02(-0.30 %),22890,150000000,0,0,6510,6650,6500
2018-08-24,5.8,6570,0.02(0.31 %),29020,190000000,0,0,6570,6570,6520
2018-08-27,5.75,6510,-0.06(-0.91 %),31330,204000000,0,0,6560,6560,6510
2018-08-28,5.83,6600,0.09(1.38 %),22080,145000000,0,0,6520,6640,6520
2018-08-29,5.75,6510,-0.09(-1.36 %),31990,209000000,0,0,6600,6600,6510
2018-08-30,5.81,6580,0.07(1.08 %),30030,197000000,0,0,6510,6600,6510
2018-08-31,5.81,6580,0(0.00 %),24170,158000000,0,0,6640,6640,6510
2018-09-04,5.82,6590,0.01(0.15 %),28490,186000000,0,0,6550,6600,6530
2018-09-05,5.74,6500,-0.09(-1.37 %),50770,331000000,0,0,6590,6590,6500
2018-09-06,5.7,6450,-0.05(-0.77 %),41510,269000000,0,0,6500,6590,6450
2018-09-07,5.79,6550,0.1(1.55 %),19680,129000000,0,0,6550,6550,6460
2018-09-11,5.82,6590,0(0.00 %),23080,152000000,0,0,6590,6600,6460
2018-09-12,5.83,6600,0.01(0.15 %),20330,133000000,0,0,6600,6600,6500
2018-09-13,5.81,6580,-0.02(-0.30 %),21340,140000000,0,0,6510,6590,6510
2018-09-14,5.83,6600,0.02(0.30 %),10420,69000000,0,0,6570,6600,6550
2018-09-17,5.83,6600,0(0.00 %),23360,154000000,0,0,6620,6620,6580
2018-09-18,5.83,6600,0(0.00 %),13010,86000000,0,0,6530,6600,6530
2018-09-19,5.74,6500,-0.1(-1.52 %),34640,225000000,0,0,6580,6600,6490
2018-09-20,5.8,6570,0.07(1.08 %),27620,180000000,0,0,6500,6580,6500
2018-09-21,5.76,6520,-0.05(-0.76 %),14980,98000000,0,0,6590,6590,6520
2018-09-24,5.82,6590,0.07(1.07 %),36090,237000000,0,0,6520,6600,6520
2018-09-25,6.1,6910,0.32(4.86 %),77630,532000000,0,0,6910,7000,6590
2018-09-26,6.51,7370,0.46(6.66 %),195480,1402000000,0,0,6820,7390,6820
2018-09-27,6.56,7430,0.06(0.81 %),52400,396000000,0,0,7700,7700,7300
2018-09-28,6.26,7090,-0.34(-4.58 %),79540,564000000,0,0,7500,7500,7000
2018-10-01,6.21,7030,-0.06(-0.85 %),27660,196000000,0,0,7480,7480,7000
2018-10-02,6.3,7130,0.1(1.42 %),74080,517000000,0,0,7010,7180,6800
2018-10-03,6.1,6910,-0.22(-3.09 %),33720,236000000,0,0,7130,7200,6910
2018-10-04,6.1,6910,0(0.00 %),55230,382000000,0,0,7260,7260,6900
2018-10-05,6.18,7000,0.09(1.30 %),80790,571000000,61500,395445000,6910,7100,6910
2018-10-08,6.62,7490,0.49(7.00 %),148620,1108000000,0,0,7150,7490,7120
2018-10-09,6.8,7700,0.21(2.80 %),162760,1250000000,0,0,7800,7890,7530
2018-10-10,6.8,7700,0(0.00 %),70310,542000000,0,0,7650,7870,7600
2018-10-11,6.36,7200,-0.5(-6.49 %),246350,1803000000,0,0,7200,7410,7170
2018-10-12,6.76,7650,0.45(6.25 %),36490,267000000,0,0,7210,7700,7160
2018-10-15,6.49,7350,-0.3(-3.92 %),44450,328000000,0,0,7700,7700,7350
2018-10-16,6.63,7500,0.15(2.04 %),33070,244000000,0,0,7580,7580,7250
2018-10-17,6.63,7500,0(0.00 %),10480,79000000,0,0,7500,7800,7500
2018-10-18,6.63,7500,0(0.00 %),22600,165000000,0,0,7500,7500,7200
2018-10-19,6.58,7450,-0.05(-0.67 %),28850,215000000,0,0,7500,7500,7310
2018-10-22,6.62,7490,0.04(0.54 %),11960,89000000,0,0,7300,7600,7300
2018-10-23,6.41,7250,-0.24(-3.20 %),54220,395000000,0,0,7350,7460,7150
2018-10-24,6.41,7250,0(0.00 %),39500,287000000,0,0,7390,7390,7230
2018-10-25,6.41,7250,0(0.00 %),52000,374000000,0,0,7250,7250,6810
2018-10-26,6.48,7340,0.09(1.24 %),41650,307000000,0,0,7250,7750,7250
2018-10-29,6.48,7340,0(0.00 %),39600,291000000,0,0,7340,7470,7060
2018-10-30,6.67,7550,0.21(2.86 %),141840,1087000000,0,0,7260,7850,7250
2018-10-31,6.43,7280,-0.27(-3.58 %),141470,1043000000,101000,710030000,7210,7550,7210
2018-11-01,6.18,7000,-0.28(-3.85 %),105780,759000000,0,0,7270,7270,7000
2018-11-02,6.18,6990,-0.01(-0.14 %),89030,621000000,0,0,7000,7050,6900
2018-11-05,6.41,7250,0.26(3.72 %),55970,395000000,0,0,6970,7250,6950
2018-11-06,6.4,7240,-0.01(-0.14 %),16270,118000000,0,0,7220,7450,7200
2018-11-07,6.33,7170,-0.07(-0.97 %),40980,292000000,0,0,7100,7300,7030
2018-11-08,6.34,7180,0.01(0.14 %),18940,135000000,0,0,7190,7240,7140
2018-11-09,6.36,7200,0.02(0.28 %),30430,218000000,0,0,7240,7240,7140
2018-11-12,6.32,7150,-0.05(-0.69 %),16190,115000000,0,0,7060,7190,7010
2018-11-13,6.23,7050,-0.1(-1.40 %),47570,334000000,0,0,7030,7130,6990
2018-11-14,6.23,7050,0(0.00 %),19580,138000000,132000,865920000,7050,7050,7000
2018-11-15,6.13,6940,-0.11(-1.56 %),51740,361000000,0,0,7000,7100,6930
2018-11-16,6.21,7030,0.09(1.30 %),17790,124000000,0,0,6950,7030,6910
2018-11-19,6.21,7030,0(0.00 %),22080,155000000,270000,1765800000,6920,7030,6920
2018-11-20,6.09,6890,-0.14(-1.99 %),59630,411000000,109300,714822000,7000,7000,6850
2018-11-21,6.18,6990,0.1(1.45 %),72680,499000000,0,0,6900,7000,6850
2018-11-22,6.18,7000,0.01(0.14 %),35860,249000000,0,0,7100,7100,6900
2018-11-23,6.11,6920,-0.08(-1.14 %),10990,76000000,0,0,6900,6920,6900
2018-11-26,6.14,6950,0.03(0.43 %),20010,139000000,0,0,6920,6960,6920
2018-11-27,6.12,6930,-0.02(-0.29 %),27270,188000000,0,0,6980,6990,6830
2018-11-28,6.05,6850,-0.08(-1.15 %),26160,179000000,0,0,6830,6950,6830
2018-11-29,6.04,6840,-0.01(-0.15 %),6670,46000000,0,0,6890,6900,6810
2018-11-30,6.01,6800,-0.04(-0.58 %),58440,394000000,0,0,6740,6890,6740
2018-12-03,6.05,6850,0.05(0.74 %),6430,44000000,0,0,6900,6900,6800
2018-12-04,6.09,6890,0.04(0.58 %),5240,36000000,0,0,6850,6900,6800
2018-12-05,6.04,6840,-0.05(-0.73 %),9130,62000000,0,0,6800,6880,6770
2018-12-06,6.01,6800,-0.04(-0.58 %),5970,41000000,0,0,6780,6860,6780
2018-12-07,5.96,6750,-0.05(-0.74 %),42240,285000000,0,0,6770,6840,6720
2018-12-10,6.05,6850,0.1(1.48 %),29040,196000000,0,0,6750,6850,6710
2018-12-11,6.17,6980,0.13(1.90 %),13320,92000000,0,0,6900,6980,6800
2018-12-12,6.1,6910,-0.07(-1.00 %),7990,55000000,0,0,7400,7400,6900
2018-12-13,6.27,7100,0.19(2.75 %),40920,287000000,0,0,6920,7140,6910
2018-12-14,6.33,7160,0.06(0.85 %),4130,29000000,0,0,7100,7200,7100
2018-12-17,6.1,6900,-0.26(-3.63 %),50680,354000000,0,0,7230,7230,6900
2018-12-18,6.18,7000,0.1(1.45 %),32470,224000000,0,0,6900,7000,6810
2018-12-19,6.18,6990,-0.01(-0.14 %),11720,82000000,0,0,7000,7000,6890
2018-12-20,6.18,7000,0.01(0.14 %),34030,233000000,0,0,7000,7000,6850
2018-12-21,6.18,7000,0(0.00 %),5790,40000000,0,0,7230,7230,6780
2018-12-24,6.12,6930,-0.07(-1.00 %),31810,222000000,0,0,7000,7100,6900
2018-12-25,6.05,6850,-0.08(-1.15 %),44070,304000000,0,0,6930,7100,6800
2018-12-26,6.13,6940,0.09(1.31 %),13780,95000000,0,0,7090,7090,6850
2018-12-27,6.17,6980,0.04(0.58 %),13800,95000000,0,0,7000,7000,6900
2018-12-28,6.1,6900,-0.08(-1.15 %),20320,141000000,0,0,7000,7000,6900
2019-01-02,6.16,6970,0.07(1.01 %),10900,76000000,0,0,6900,7150,6850
2019-01-03,6.05,6850,-0.12(-1.72 %),46670,320000000,70000,454300000,6990,6990,6800
2019-01-04,6.01,6800,-0.05(-0.73 %),24070,162000000,0,0,6760,6800,6690
2019-01-07,6.01,6800,0(0.00 %),36470,246000000,0,0,6900,6900,6700
2019-01-08,6.23,7050,0.25(3.68 %),35360,247000000,0,0,6810,7080,6810
2019-01-09,6.18,6990,-0.06(-0.85 %),21590,151000000,200000,1400000000,7050,7050,6990
2019-01-10,6.18,6990,0(0.00 %),21290,149000000,0,0,7150,7150,6990
2019-01-11,6.18,6990,0(0.00 %),9730,68000000,0,0,7000,7000,6960
2019-01-14,6.6,7470,0.48(6.87 %),170380,1239000000,0,0,7000,7470,7000
2019-01-15,6.71,7600,0.13(1.74 %),357220,2798000000,0,0,7990,7990,7510
2019-01-16,6.8,7700,0.1(1.32 %),69620,530000000,0,0,7700,7860,7400
2019-01-17,6.8,7700,0(0.00 %),97700,755000000,0,0,7800,7880,7600
2019-01-18,6.78,7670,-0.03(-0.39 %),50550,391000000,0,0,7970,7970,7500
2019-01-21,6.82,7720,0.05(0.65 %),172480,1341000000,0,0,7780,7950,7660
2019-01-22,6.81,7710,-0.01(-0.13 %),50220,384000000,0,0,7890,7890,7600
2019-01-23,7.2,8150,0.44(5.71 %),116560,933000000,0,0,7710,8200,7700
2019-01-24,7.2,8150,0(0.00 %),203310,1671000000,0,0,8200,8350,8150
2019-01-25,7.51,8500,0.35(4.29 %),455530,3840000000,0,0,8250,8570,8000
2019-01-28,7.5,8490,-0.01(-0.12 %),88610,748000000,0,0,8700,8700,8300
2019-01-29,7.42,8400,-0.09(-1.06 %),57810,482000000,85000,671500000,8400,8400,8240
2019-01-30,7.43,8410,0.01(0.12 %),111050,936000000,0,0,8400,8900,8300
2019-01-31,7.24,8200,-0.21(-2.50 %),154420,1292000000,0,0,8430,8450,8200
2019-02-01,6.89,7800,-0.4(-4.88 %),212760,1659000000,0,0,8150,8190,7650
2019-02-11,6.8,7700,-0.1(-1.28 %),99020,759000000,0,0,7800,7850,7330
2019-02-12,6.8,7700,0(0.00 %),121720,938000000,0,0,7550,7830,7500
2019-02-13,6.89,7800,0.1(1.30 %),45040,354000000,0,0,7890,7990,7700
2019-02-14,6.98,7900,0.1(1.28 %),60490,477000000,0,0,7990,7990,7800
2019-02-15,6.98,7900,0(0.00 %),22780,179000000,0,0,7980,7990,7800
2019-02-18,6.97,7890,-0.01(-0.13 %),81650,632000000,215600,1584660000,7820,8000,7600
2019-02-19,6.8,7700,-0.19(-2.41 %),103410,797000000,0,0,7800,7800,7650
2019-02-20,6.98,7900,0.2(2.60 %),84740,664000000,0,0,7700,8000,7700
2019-02-21,6.96,7880,-0.02(-0.25 %),12080,95000000,0,0,7800,8100,7800
2019-02-22,6.93,7840,-0.04(-0.51 %),4650,36000000,0,0,7880,7880,7720
2019-02-25,6.86,7770,-0.07(-0.89 %),34290,264000000,0,0,7700,7800,7500
2019-02-26,6.86,7770,0(0.00 %),32270,249000000,0,0,7700,7800,7610
2019-02-27,6.79,7680,-0.09(-1.16 %),62600,480000000,0,0,7800,7800,7600
2019-02-28,6.79,7680,0(0.00 %),59130,452000000,0,0,7500,7770,7500
2019-03-01,6.76,7650,-0.03(-0.39 %),32160,248000000,0,0,7530,7770,7530
2019-03-04,6.71,7600,-0.05(-0.65 %),44270,337000000,0,0,7700,7700,7540
2019-03-05,6.56,7420,-0.18(-2.37 %),71770,538000000,0,0,7550,7680,7420
2019-03-06,6.88,7790,0.37(4.99 %),90500,688000000,0,0,7420,7790,7420
2019-03-07,6.77,7660,-0.13(-1.67 %),212680,1656000000,0,0,7800,7900,7660
2019-03-08,6.71,7600,-0.06(-0.78 %),32590,248000000,0,0,7660,7720,7550
2019-03-11,6.88,7790,0.19(2.50 %),107250,831000000,0,0,7600,7800,7600
2019-03-12,7.33,8300,0.51(6.55 %),198840,1595000000,0,0,7800,8330,7750
2019-03-13,7.24,8200,-0.1(-1.20 %),81130,675000000,176520,1399803600,8480,8480,8100
2019-03-14,7.4,8380,0.18(2.20 %),97930,800000000,250000,1907500000,8200,8400,8100
2019-03-15,7.33,8300,-0.08(-0.95 %),105480,875000000,0,0,8310,8370,8250
2019-03-18,7.84,8870,0.57(6.87 %),362900,3169000000,2358000,18392400000,8300,8880,8250
2019-03-19,8.04,9100,0.23(2.59 %),158520,1451000000,0,0,8870,9490,8870
2019-03-20,8.59,9720,0.62(6.81 %),268400,2525000000,0,0,9380,9720,9200
2019-03-21,8.05,9110,-0.61(-6.28 %),587390,5606000000,0,0,9700,9950,9110
2019-03-22,7.87,8910,-0.2(-2.20 %),365020,3314000000,0,0,9190,9300,8480
2019-03-25,7.6,8600,-0.31(-3.48 %),153750,1338000000,0,0,8910,9000,8600
2019-03-26,7.95,9000,0.4(4.65 %),116660,1026000000,127450,1061658500,8600,9200,8300
2019-03-27,7.69,8700,-0.3(-3.33 %),245770,2198000000,0,0,9050,9200,8700
2019-03-28,7.82,8850,0.15(1.72 %),54330,479000000,0,0,8430,8900,8430
2019-03-29,7.95,9000,0.15(1.69 %),120420,1075000000,0,0,8850,9100,8650
2019-04-01,7.81,8840,-0.16(-1.78 %),72530,647000000,0,0,9100,9100,8800
2019-04-02,7.94,8990,0.15(1.70 %),45680,409000000,0,0,8990,9100,8850
2019-04-03,7.94,8990,0(0.00 %),60070,541000000,0,0,9000,9090,8990
2019-04-04,8.02,9080,0.09(1.00 %),58700,528000000,0,0,9000,9100,8990
2019-04-05,8.08,9150,0.07(0.77 %),68040,613000000,0,0,8920,9200,8900
2019-04-08,8.03,9090,-0.06(-0.66 %),61970,558000000,0,0,9150,9200,8900
2019-04-09,7.95,9000,-0.09(-0.99 %),21940,196000000,0,0,9090,9090,8900
2019-04-10,8.04,9100,0.1(1.11 %),177260,1591000000,0,0,8900,9200,8800
2019-04-11,8.39,9500,0.4(4.40 %),143350,1316000000,0,0,9700,9700,9000
2019-04-12,8.48,9600,0.1(1.05 %),188100,1792000000,0,0,9450,9700,9250
2019-04-16,8.31,9410,-0.19(-1.98 %),118230,1122000000,0,0,9600,9800,9400
2019-04-17,8.39,9500,0.09(0.96 %),247650,2350000000,0,0,9210,9700,9210
2019-04-18,8.35,9450,-0.05(-0.53 %),79300,750000000,0,0,9590,9590,9410
2019-04-19,8.35,9450,0(0.00 %),57370,543000000,0,0,9450,9600,9200
2019-04-22,8.61,9740,0.29(3.07 %),302040,2898000000,0,0,9450,9800,9400
2019-04-23,8.82,9980,0.24(2.46 %),353320,3488000000,119860,1085931600,9750,10000,9600
2019-04-24,8.84,10000,0.02(0.20 %),92410,925000000,0,0,10000,10100,9720
2019-04-25,8.84,10000,0(0.00 %),172340,1715000000,0,0,10000,10000,9810
2019-04-26,9.01,10200,0.2(2.00 %),271360,2736000000,0,0,9830,10200,9830
2019-05-02,8.75,9900,-0.3(-2.94 %),311560,3109000000,1275670,12756700000,10000,10150,9860
2019-05-03,8.57,9700,-0.2(-2.02 %),84370,835000000,0,0,9900,9950,9700
2019-05-06,8.39,9500,-0.2(-2.06 %),150060,1429000000,0,0,9700,9750,9110
2019-05-07,8.61,9740,0.24(2.53 %),171640,1652000000,1599800,15972490600,9500,9800,9400
2019-05-08,8.59,9720,-0.02(-0.21 %),80590,781000000,0,0,9500,9740,9500
2019-05-09,8.57,9700,-0.02(-0.21 %),189710,1822000000,0,0,9500,9740,9500
2019-05-10,8.48,9600,-0.1(-1.03 %),40590,390000000,424530,4208809400,9700,9700,9500
2019-05-13,8.48,9600,0(0.00 %),28960,277000000,0,0,9600,9600,9500
2019-05-14,8.75,9900,0.3(3.12 %),120350,1168000000,0,0,9300,10000,9300
2019-05-15,8.66,9800,-0.1(-1.01 %),82890,816000000,2152000,22596000000,9650,9950,9550
2019-05-16,8.57,9700,-0.1(-1.02 %),107040,1052000000,0,0,9800,10000,9600
2019-05-17,8.66,9800,0.1(1.03 %),167110,1627000000,0,0,9800,9800,9600
2019-05-20,8.66,9800,0(0.00 %),121900,1181000000,2152000,22488400000,9800,9800,9600
2019-05-21,8.57,9700,-0.1(-1.02 %),111440,1083000000,0,0,9800,9810,9600
2019-05-22,8.39,9500,-0.2(-2.06 %),91750,892000000,0,0,9500,9780,9500
2019-05-23,8.18,9260,-0.24(-2.53 %),26080,243000000,0,0,9100,9650,9100
2019-05-24,8.35,9450,0.19(2.05 %),182340,1743000000,0,0,9500,9700,9260
2019-05-27,8.61,9750,0.3(3.17 %),206270,1987000000,0,0,9600,9750,9500
2019-05-28,8.26,9350,-0.4(-4.10 %),36720,354000000,0,0,9750,9750,9300
2019-05-29,8.26,9350,0(0.00 %),115240,1097000000,0,0,9310,9690,9310
2019-05-30,8.47,9590,0.24(2.57 %),91400,869000000,0,0,9310,9600,9000
2019-05-31,8.53,9650,0.06(0.63 %),69610,662000000,0,0,9400,9650,9300
2019-06-03,8.47,9590,-0.06(-0.62 %),59800,570000000,0,0,9600,9600,9200
2019-06-04,8.52,9640,0.05(0.52 %),161420,1533000000,0,0,9220,9640,9220
2019-06-05,8.61,9750,0.11(1.14 %),187620,1812000000,0,0,9320,9750,9320
2019-06-06,8.55,9680,-0.07(-0.72 %),71340,682000000,0,0,9500,9680,9500
2019-06-07,8.55,9680,0(0.00 %),96140,930000000,0,0,9680,9690,9500
2019-06-10,8.61,9740,0.06(0.62 %),181770,1756000000,0,0,9680,9740,9300
2019-06-11,9.19,10400,0.66(6.78 %),601210,6119000000,500000,4530000000,9720,10400,9610
2019-06-12,9.63,10900,0.5(4.81 %),566100,6164000000,0,0,11000,11000,10700
2019-06-13,9.54,10800,-0.1(-0.92 %),282500,3066000000,0,0,10900,10900,10500
2019-06-14,9.19,10400,-0.4(-3.70 %),572670,6022000000,700000,7035000000,10800,10850,10050
2019-06-17,9.28,10500,0.1(0.96 %),386220,4079000000,1020000,10149000000,10500,10750,10500
2019-06-18,9.14,10350,-0.15(-1.43 %),276870,2865000000,0,0,10500,10500,10100
2019-06-19,9.37,10600,0.25(2.42 %),538260,5609000000,0,0,10600,10800,10150
2019-06-20,9.37,10600,0(0.00 %),410800,4377000000,2100000,20804600000,10700,10750,10300
2019-06-21,9.41,10650,0.05(0.47 %),425920,4510000000,0,0,10500,10700,10500
2019-06-24,9.37,10600,-0.05(-0.47 %),437120,4681000000,0,0,10650,10850,10600
2019-06-25,9.32,10550,-0.05(-0.47 %),479510,5087000000,20005,197249300,10600,10700,10400
2019-06-26,9.28,10500,-0.05(-0.47 %),357050,3745000000,50008,491078560,10500,10600,10350
2019-06-27,8.63,9770,-0.73(-6.95 %),282160,2810000000,0,0,9770,10550,9770
2019-06-28,8.79,9950,0.18(1.84 %),421770,4164000000,6000000,58200000000,9950,10250,9500
2019-07-01,8.97,10150,0.2(2.01 %),187010,1885000000,0,0,10150,10250,9900
2019-07-02,8.88,10050,-0.1(-0.99 %),138710,1389000000,0,0,10050,10100,9950
2019-07-03,8.84,10000,-0.05(-0.50 %),29300,292000000,0,0,9900,10000,9900
2019-07-04,8.92,10100,0.1(1.00 %),139250,1400000000,0,0,9900,10100,9800
2019-07-05,8.75,9900,-0.2(-1.98 %),127960,1283000000,0,0,10100,10200,9800
2019-07-08,8.66,9800,-0.1(-1.01 %),137960,1344000000,0,0,9900,9900,9660
2019-07-09,8.41,9520,-0.28(-2.86 %),105740,1027000000,0,0,9500,9850,9500
2019-07-10,8.59,9720,0.2(2.10 %),123200,1208000000,0,0,9850,9850,9700
2019-07-11,8.82,9980,0.26(2.67 %),307530,3014000000,0,0,9720,9980,9720
2019-07-12,8.92,10100,0.12(1.20 %),232430,2344000000,0,0,9850,10200,9850
2019-07-15,8.66,9800,-0.3(-2.97 %),156180,1574000000,0,0,9850,10200,9800
2019-07-16,8.84,10000,0.2(2.04 %),119840,1199000000,0,0,10000,10150,9900
2019-07-17,8.84,10000,0(0.00 %),157330,1584000000,20000,202000000,10000,10150,9900
2019-07-18,8.92,10100,0.1(1.00 %),40480,404000000,0,0,10000,10100,9900
2019-07-19,8.92,10100,0(0.00 %),115450,1169000000,0,0,10100,10200,10100
2019-07-22,8.92,10100,0(0.00 %),134660,1363000000,0,0,10100,10250,9950
2019-07-23,9.19,10400,0.3(2.97 %),333830,3430000000,0,0,10100,10400,10000
2019-07-24,9.14,10350,-0.05(-0.48 %),291870,3008000000,0,0,10300,10450,10000
2019-07-25,9.01,10200,-0.15(-1.45 %),164990,1662000000,0,0,10350,10350,9950
2019-07-26,9.01,10200,0(0.00 %),80920,823000000,0,0,10200,10200,10000
2019-07-29,9.01,10200,0(0.00 %),66700,676000000,0,0,10200,10200,9950
2019-07-30,9.01,10200,0(0.00 %),117350,1196000000,0,0,10200,10200,10000
2019-07-31,8.92,10100,-0.1(-0.98 %),163800,1603000000,0,0,10050,10100,9600
2019-08-01,8.83,9990,-0.11(-1.09 %),117190,1159000000,0,0,9700,10000,9700
2019-08-02,8.92,10100,0.11(1.10 %),135830,1367000000,0,0,9700,10150,9700
2019-08-05,8.82,9980,-0.12(-1.19 %),124030,1231000000,0,0,9700,10050,9700
2019-08-06,8.82,9980,0(0.00 %),62250,619000000,0,0,10000,10000,9760
2019-08-07,8.82,9980,0(0.00 %),31460,310000000,0,0,10000,10000,9810
2019-08-08,8.84,10000,0.02(0.20 %),202180,2019000000,0,0,9970,10100,9750
2019-08-09,8.82,9980,-0.02(-0.20 %),68160,661000000,0,0,9600,10000,9600
2019-08-12,8.66,9800,-0.18(-1.80 %),68870,681000000,0,0,9900,9980,9710
2019-08-13,8.62,9760,-0.04(-0.41 %),39760,389000000,0,0,9770,9900,9760
2019-08-14,8.7,9850,0.09(0.92 %),110310,1081000000,0,0,9780,9890,9750
2019-08-15,8.69,9840,-0.01(-0.10 %),93810,923000000,0,0,9850,9890,9650
2019-08-16,8.66,9800,-0.04(-0.41 %),59810,588000000,0,0,9840,9840,9700
2019-08-19,8.39,9500,-0.3(-3.06 %),23500,225000000,0,0,9700,9700,9500
2019-08-20,8.92,10100,0.6(6.32 %),588050,5795000000,0,0,9500,10150,9500
2019-08-21,9.37,10600,0.5(4.95 %),579110,5956000000,0,0,10000,10600,10000
2019-08-22,9.28,10500,-0.1(-0.94 %),195950,2049000000,0,0,10600,10600,10300
2019-08-23,9.14,10350,-0.15(-1.43 %),237340,2463000000,0,0,10500,10600,10200
2019-08-26,9.45,10700,0.35(3.38 %),514480,5389000000,0,0,10300,10700,10300
2019-08-27,9.54,10800,0.1(0.93 %),498740,5404000000,0,0,10700,11000,10550
2019-08-28,9.54,10800,0(0.00 %),263350,2849000000,0,0,10800,10900,10800
2019-08-29,9.45,10700,-0.1(-0.93 %),157940,1698000000,0,0,10800,11000,10500
2019-08-30,9.19,10400,-0.3(-2.80 %),176780,1863000000,0,0,10750,10750,10400
2019-09-03,9.19,10400,0(0.00 %),153690,1594000000,0,0,10300,10450,10250
2019-09-04,8.92,10100,-0.3(-2.88 %),200120,2022000000,0,0,10300,10300,9900
2019-09-05,9.14,10350,0.25(2.48 %),347100,3563000000,0,0,10000,10400,10000
2019-09-06,9.06,10250,-0.1(-0.97 %),254820,2625000000,0,0,10350,10500,10100
2019-09-09,8.88,10050,-0.2(-1.95 %),144700,1492000000,0,0,10350,10500,10000
2019-09-10,9.06,10250,0.2(1.99 %),222710,2259000000,0,0,10050,10300,10050
2019-09-11,9.63,10900,0.65(6.34 %),463030,4824000000,0,0,10200,10900,10200
2019-09-12,9.45,10700,-0.2(-1.83 %),377430,4104000000,0,0,10950,11100,10600
2019-09-13,9.54,10800,0.1(0.93 %),374990,4046000000,0,0,10700,10950,10600
2019-09-16,9.45,10700,-0.1(-0.93 %),255950,2774000000,0,0,10700,10950,10700
2019-09-17,9.94,11250,0.55(5.14 %),843870,9354000000,0,0,10700,11350,10700
2019-09-18,10.03,11350,0.1(0.89 %),510940,5778000000,0,0,10700,11500,10700
2019-09-19,9.94,11250,-0.1(-0.88 %),337830,3771000000,0,0,11000,11300,11000
2019-09-20,9.28,10500,-0.75(-6.67 %),1006020,10924000000,0,0,11250,11250,10500
2019-09-23,9.01,10200,-0.3(-2.86 %),258200,2685000000,0,0,10700,10900,9950
2019-09-24,9.19,10400,0.2(1.96 %),180610,1859000000,0,0,10200,10600,10000
2019-09-25,9.19,10400,0(0.00 %),225610,2317000000,0,0,10400,10600,10000
2019-09-26,8.92,10100,-0.3(-2.88 %),126810,1299000000,0,0,10400,10450,10100
2019-09-27,8.92,10100,0(0.00 %),146310,1495000000,0,0,10100,10350,10100
2019-09-30,8.97,10150,0.05(0.50 %),122520,1250000000,0,0,10200,10300,10100
2019-10-01,8.92,10100,-0.05(-0.49 %),150390,1534000000,0,0,10250,10300,10100
2019-10-02,8.97,10150,0.05(0.50 %),149190,1515000000,0,0,10250,10250,10100
2019-10-03,9.32,10550,0.4(3.94 %),332510,3423000000,52000,490880000,10150,10550,10000
2019-10-04,9.32,10550,0(0.00 %),89740,949000000,0,0,10550,10750,10350
2019-10-07,9.14,10350,-0.2(-1.90 %),179350,1912000000,0,0,10550,11000,10300
2019-10-08,9.37,10600,0.25(2.42 %),133640,1404000000,0,0,10650,10750,10350
2019-10-09,9.32,10550,-0.05(-0.47 %),215510,2288000000,0,0,10600,10700,10550
2019-10-10,9.32,10550,0(0.00 %),117440,1236000000,0,0,10400,10600,10400
2019-10-11,9.32,10550,0(0.00 %),140130,1483000000,0,0,10650,10650,10350
2019-10-14,9.28,10500,-0.05(-0.47 %),81950,864000000,0,0,10550,10550,10400
2019-10-15,9.1,10300,-0.2(-1.90 %),110960,1152000000,0,0,10400,10500,10300
2019-10-16,8.92,10100,-0.2(-1.94 %),105600,1096000000,0,0,10550,10550,10100
2019-10-17,8.84,10000,-0.1(-0.99 %),101580,1018000000,0,0,9650,10250,9650
2019-10-18,8.84,10000,0(0.00 %),88450,884000000,0,0,9850,10200,9850
2019-10-21,8.88,10050,0.05(0.50 %),126830,1282000000,0,0,10200,10200,9800
2019-10-22,8.92,10100,0.05(0.50 %),89880,907000000,0,0,10100,10200,9950
2019-10-23,8.7,9850,-0.25(-2.48 %),75540,760000000,0,0,10200,10200,9850
2019-10-24,8.84,10000,0.15(1.52 %),114360,1150000000,0,0,10150,10150,10000
2019-10-25,9.14,10350,0.35(3.50 %),198250,2016000000,81000,753300000,10000,10350,10000
2019-10-28,9.19,10400,0.05(0.48 %),111790,1163000000,0,0,10400,10500,10350
2019-10-29,9.19,10400,0(0.00 %),144140,1498000000,0,0,10400,10450,10350
2019-10-30,9.28,10500,0.1(0.96 %),251460,2635000000,420000,4200000000,10450,10550,10400
2019-10-31,9.19,10400,-0.1(-0.95 %),119870,1263000000,0,0,10500,10600,10400
2019-11-01,9.23,10450,0.05(0.48 %),123510,1294000000,0,0,10400,10550,10400
2019-11-04,9.23,10450,0(0.00 %),95770,1000000000,501000,4970520000,10450,10500,10350
2019-11-05,9.01,10200,-0.25(-2.39 %),209560,2153000000,187219,1819768680,10450,10450,10100
2019-11-06,9.1,10300,0.1(0.98 %),206750,2134000000,0,0,10300,10500,10150
2019-11-07,9.29,9600,-1.01(-9.81 %),98980,919000000,0,0,9600,9600,9600
2019-11-08,9.2,9200,-0.09(-0.97 %),134780,1251000000,0,0,9000,9390,9000
2019-11-11,9.1,9100,-0.1(-1.09 %),97170,885000000,0,0,9200,9200,9000
2019-11-12,9.2,9200,0.1(1.10 %),63960,588000000,0,0,9100,9250,9100
2019-11-13,9.2,9200,0(0.00 %),143500,1321000000,0,0,9200,9300,9120
2019-11-14,9.15,9150,-0.05(-0.54 %),77870,719000000,0,0,9290,9330,9110
2019-11-15,9.13,9130,-0.02(-0.22 %),22480,202000000,203000,1727530000,9000,9250,8990
2019-11-18,9.13,9130,0(0.00 %),43520,399000000,0,0,9200,9200,9000
2019-11-19,9.1,9100,-0.03(-0.33 %),63570,579000000,0,0,9130,9130,9060
2019-11-20,9.09,9090,-0.01(-0.11 %),93000,843000000,1930000,17248100000,9180,9180,8990
2019-11-21,9.02,9020,-0.07(-0.77 %),24070,217000000,0,0,9060,9060,9000
2019-11-22,9.1,9100,0.08(0.89 %),53890,487000000,0,0,9020,9180,9000
2019-11-25,9.19,9190,0.09(0.99 %),94650,863000000,1820000,16248400000,9190,9190,9100
2019-11-26,9.2,9200,0.01(0.11 %),71420,654000000,0,0,9190,9260,8550
2019-11-27,9.28,9280,0.08(0.87 %),61740,571000000,0,0,9200,9300,9200
2019-11-28,9.1,9100,-0.18(-1.94 %),4320,39000000,0,0,9300,9300,9000
2019-11-29,9.19,9190,0.09(0.99 %),46390,426000000,0,0,9190,9200,9000
2019-12-02,8.6,8600,-0.59(-6.42 %),20430,178000000,0,0,9200,9200,8600
2019-12-03,8.9,8900,0.3(3.49 %),1400,13000000,0,0,8960,8960,8890
2019-12-04,8.95,8950,0.05(0.56 %),28030,248000000,0,0,8980,8980,8600
2019-12-05,8.94,8940,-0.01(-0.11 %),11810,105000000,0,0,8960,8960,8920
2019-12-06,8.7,8700,-0.24(-2.68 %),38470,338000000,0,0,9000,9000,8700
2019-12-09,8.8,8800,0.1(1.15 %),36500,322000000,0,0,8600,8940,8600
2019-12-10,8.81,8810,0.01(0.11 %),44490,393000000,0,0,9000,9000,8800
2019-12-11,8.8,8800,-0.01(-0.11 %),40310,355000000,20000,178000000,8900,8900,8700
2019-12-12,8.8,8800,0(0.00 %),40,0,0,0,9000,9000,8600
2019-12-13,8.7,8700,-0.1(-1.14 %),4160,36000000,0,0,8980,8980,8600
2019-12-16,8.7,8700,0(0.00 %),18690,158000000,0,0,8800,8800,8150
2019-12-17,8.3,8300,-0.4(-4.60 %),14820,125000000,50000,405000000,8650,8800,8300
2019-12-18,8.0,8000,-0.3(-3.61 %),13420,109000000,0,0,8400,8400,8000
2019-12-19,7.68,7680,-0.32(-4.00 %),14820,115000000,0,0,8470,8470,7550
2019-12-20,7.66,7660,-0.02(-0.26 %),9310,71000000,0,0,7690,7690,7550
2019-12-23,7.5,7500,-0.16(-2.09 %),14360,108000000,0,0,7800,7800,7500
2019-12-24,7.8,7800,0.3(4.00 %),18630,139000000,0,0,7700,7800,7400
2019-12-25,7.8,7800,0(0.00 %),4280,32000000,0,0,7890,7890,7500
2019-12-26,7.8,7800,0(0.00 %),2160,17000000,0,0,7850,7850,7510
2019-12-27,7.6,7600,-0.2(-2.56 %),2070,16000000,0,0,7800,7850,7600
2019-12-30,7.7,7700,0.1(1.32 %),41090,305000000,0,0,7750,7750,7300
2019-12-31,8.23,8230,0.53(6.88 %),33520,272000000,0,0,7600,8230,7500
2020-01-02,8.23,8230,0(0.00 %),10,0,0,0,8230,8230,8230
2020-01-03,8.1,8100,-0.13(-1.58 %),6170,47000000,0,0,7800,8200,7660
2020-01-06,7.9,7900,-0.2(-2.47 %),440,3000000,0,0,7600,7990,7600
2020-01-07,8.0,8000,0.1(1.27 %),12080,94000000,0,0,8000,8000,7450
2020-01-08,7.95,7950,-0.05(-0.62 %),2620,20000000,0,0,8000,8000,7550
2020-01-09,7.5,7500,-0.45(-5.66 %),17790,134000000,0,0,7600,7960,7500
2020-01-10,7.9,7900,0.4(5.33 %),3020,23000000,0,0,8000,8000,7500
2020-01-13,7.6,7600,-0.3(-3.80 %),4330,33000000,0,0,7970,7970,7450
2020-01-14,7.8,7800,0.2(2.63 %),990,8000000,0,0,7310,7890,7310
2020-01-15,7.4,7400,-0.4(-5.13 %),520,4000000,0,0,7800,7800,7400
2020-01-16,7.3,7300,-0.1(-1.35 %),5200,39000000,0,0,7400,7800,7300
2020-01-17,7.4,7400,0.1(1.37 %),10,0,0,0,7400,7400,7400
2020-01-20,7.5,7500,0.1(1.35 %),16220,119000000,0,0,7400,7500,7300
2020-01-21,7.48,7480,-0.02(-0.27 %),156660,1168000000,0,0,7450,7500,7310
2020-01-22,7.29,7290,-0.19(-2.54 %),14980,110000000,0,0,7500,7600,7290
2020-01-30,7.59,7590,0.3(4.12 %),12790,91000000,0,0,7600,7600,7100
2020-01-31,7.2,7200,-0.39(-5.14 %),2110,15000000,0,0,7500,7500,7200
2020-02-03,7.0,7000,-0.2(-2.78 %),25440,176000000,0,0,7000,7200,6700
2020-02-04,6.6,6600,-0.4(-5.71 %),21490,145000000,0,0,6700,6800,6600
2020-02-05,6.8,6800,0.2(3.03 %),2010,14000000,0,0,6800,6800,6800
2020-02-06,6.5,6500,-0.3(-4.41 %),15370,101000000,70000,476000000,6700,6700,6370
2020-02-07,6.7,6700,0.2(3.08 %),31480,202000000,69000,469200000,6500,6840,6350
2020-02-10,6.36,6360,-0.34(-5.07 %),8510,54000000,0,0,6600,6600,6360
2020-02-11,6.63,6630,0.27(4.25 %),70,0,0,0,6690,6690,6250
2020-02-12,6.57,6570,-0.06(-0.90 %),3830,25000000,0,0,6630,6630,6300
2020-02-13,6.15,6150,-0.42(-6.39 %),40100,249000000,0,0,6570,6570,6140
2020-02-14,6.0,6000,-0.15(-2.44 %),43210,261000000,0,0,6150,6160,5850
2020-02-17,6.29,6290,0.29(4.83 %),29330,177000000,0,0,6000,6390,5900
2020-02-18,6.3,6300,0.01(0.16 %),750,5000000,0,0,6290,6390,6010
2020-02-19,6.25,6250,-0.05(-0.79 %),17960,108000000,0,0,6350,6350,5900
2020-02-20,6.24,6240,-0.01(-0.16 %),20120,122000000,0,0,6250,6250,5940
2020-02-21,6.07,6070,-0.17(-2.72 %),18740,115000000,0,0,6240,6240,6000
2020-02-24,5.9,5900,-0.17(-2.80 %),21930,131000000,0,0,6000,6200,5850
2020-02-25,5.9,5900,0(0.00 %),39740,230000000,0,0,5900,6000,5700
2020-02-26,5.9,5900,0(0.00 %),5450,32000000,0,0,5980,5980,5900
2020-02-27,6.0,6000,0.1(1.69 %),1190,7000000,0,0,5900,6000,5600
2020-02-28,5.96,5960,-0.04(-0.67 %),10020,58000000,0,0,6000,6020,5580
2020-03-02,5.62,5620,-0.34(-5.70 %),2920,16000000,38000,210900000,6000,6000,5600
2020-03-03,5.75,5750,0.13(2.31 %),7460,43000000,25000,138000000,5620,5990,5620
2020-03-04,5.95,5950,0.2(3.48 %),1700,10000000,0,0,5800,5950,5750
2020-03-05,5.7,5700,-0.25(-4.20 %),16750,97000000,0,0,6080,6080,5700
2020-03-06,5.72,5720,0.02(0.35 %),41780,234000000,0,0,5750,5870,5500
2020-03-09,5.32,5320,-0.4(-6.99 %),15040,80000000,0,0,5530,5580,5320
2020-03-10,5.69,5690,0.37(6.95 %),128750,679000000,61000,324520000,5000,5690,4960
2020-03-11,5.3,5300,-0.39(-6.85 %),18160,96000000,0,0,5690,5690,5300
2020-03-12,5.29,5290,-0.01(-0.19 %),21080,104000000,0,0,5300,5300,4940
2020-03-13,4.92,4920,-0.37(-6.99 %),94950,468000000,32000,169280000,4920,5450,4920
2020-03-16,4.6,4600,-0.32(-6.50 %),20590,98000000,0,0,4950,5200,4600
2020-03-17,4.66,4660,0.06(1.30 %),72360,320000000,100000,457500000,4660,4740,4400
2020-03-18,4.63,4630,-0.03(-0.64 %),14550,67000000,0,0,4400,4890,4400
2020-03-19,4.73,4730,0.1(2.16 %),18860,86000000,0,0,4600,4890,4350
2020-03-20,4.74,4740,0.01(0.21 %),220,1000000,0,0,4780,4780,4730
2020-03-23,4.66,4660,-0.08(-1.69 %),31040,138000000,0,0,4740,4740,4410
2020-03-24,4.5,4500,-0.16(-3.43 %),39110,172000000,149850,719280000,4660,4660,4340
2020-03-25,4.64,4640,0.14(3.11 %),47590,216000000,0,0,4400,4650,4400
2020-03-26,4.6,4600,-0.04(-0.86 %),17450,77000000,0,0,4600,4600,4360
2020-03-27,4.3,4300,-0.3(-6.52 %),5740,25000000,0,0,4540,4590,4300
2020-03-30,4.19,4190,-0.11(-2.56 %),11970,49000000,0,0,4020,4390,4010
2020-03-31,3.9,3900,-0.29(-6.92 %),17270,68000000,0,0,4190,4190,3900
2020-04-01,4.09,4090,0.19(4.87 %),36090,144000000,0,0,4090,4090,4000
2020-04-03,4.14,4140,0.05(1.22 %),9720,40000000,0,0,4190,4190,4000
2020-04-06,4.17,4170,0.03(0.72 %),16910,70000000,0,0,4140,4350,4000
2020-04-07,4.0,4000,-0.17(-4.08 %),22140,89000000,0,0,4170,4170,4000
2020-04-08,4.1,4100,0.1(2.50 %),36820,150000000,0,0,4100,4180,3900
2020-04-09,4.19,4190,0.09(2.20 %),61000,250000000,0,0,4070,4200,4060
2020-04-10,4.48,4480,0.29(6.92 %),105750,463000000,0,0,4190,4480,4030
2020-04-13,4.79,4790,0.31(6.92 %),38320,184000000,0,0,4790,4790,4790
2020-04-14,5.1,5100,0.31(6.47 %),130020,663000000,0,0,5120,5120,5000
2020-04-15,5.09,5090,-0.01(-0.20 %),29770,147000000,0,0,4900,5120,4880
2020-04-16,5.08,5080,-0.01(-0.20 %),41830,209000000,0,0,4870,5090,4870
2020-04-17,5.12,5120,0.04(0.79 %),96910,477000000,0,0,5080,5120,4730
2020-04-20,5.03,5030,-0.09(-1.76 %),35810,182000000,0,0,5100,5150,5030
2020-04-21,5.01,5010,-0.02(-0.40 %),40660,200000000,0,0,5010,5010,4700
2020-04-22,4.73,4730,-0.28(-5.59 %),21190,101000000,0,0,5000,5000,4700
2020-04-23,4.53,4530,-0.2(-4.23 %),73720,339000000,0,0,4950,4950,4530
2020-04-24,4.84,4840,0.31(6.84 %),45450,213000000,0,0,4530,4840,4530
2020-04-27,5.12,5120,0.28(5.79 %),33280,168000000,0,0,5000,5120,4850
2020-04-28,4.8,4800,-0.32(-6.25 %),6060,29000000,0,0,4800,5120,4800
2020-04-29,5.02,5020,0.22(4.58 %),46070,221000000,0,0,5020,5020,4620
2020-05-04,5.02,5020,0(0.00 %),44570,218000000,0,0,4700,5020,4670
2020-05-05,4.67,4670,-0.35(-6.97 %),47060,221000000,0,0,4750,5000,4670
2020-05-06,4.89,4890,0.22(4.71 %),41310,190000000,0,0,4900,4900,4450
2020-05-07,4.63,4630,-0.26(-5.32 %),13260,63000000,0,0,4880,4880,4600
2020-05-08,4.45,4450,-0.18(-3.89 %),43990,197000000,0,0,4790,4800,4420
2020-05-11,4.47,4470,0.02(0.45 %),80920,355000000,0,0,4470,4500,4360
2020-05-12,4.64,4640,0.17(3.80 %),15030,68000000,0,0,4400,4680,4380
2020-05-13,4.64,4640,0(0.00 %),40960,188000000,0,0,4460,4650,4370
2020-05-14,4.64,4640,0(0.00 %),71370,331000000,0,0,4600,4700,4600
2020-05-15,4.8,4800,0.16(3.45 %),50720,243000000,0,0,4640,4880,4640
2020-05-18,4.81,4810,0.01(0.21 %),19670,94000000,0,0,4700,4830,4700
2020-05-19,4.88,4880,0.07(1.46 %),198970,965000000,0,0,4900,4960,4800
2020-05-20,4.8,4800,-0.08(-1.64 %),27230,130000000,0,0,4880,4880,4650
2020-05-21,4.84,4840,0.04(0.83 %),22100,104000000,0,0,4760,4850,4660
2020-05-22,4.84,4840,0(0.00 %),46390,222000000,0,0,4890,4890,4660
2020-05-25,4.79,4790,-0.05(-1.03 %),21670,104000000,0,0,4840,4840,4790
2020-05-26,4.71,4710,-0.08(-1.67 %),71250,336000000,0,0,4790,4790,4700
2020-05-27,4.78,4780,0.07(1.49 %),70400,333000000,0,0,4700,4790,4700
2020-05-28,4.73,4730,-0.05(-1.05 %),17310,82000000,0,0,4950,4950,4720
2020-05-29,4.79,4790,0.06(1.27 %),122230,572000000,0,0,4460,4790,4460
2020-06-01,4.81,4810,0.02(0.42 %),30230,144000000,0,0,4790,4880,4700
2020-06-02,4.8,4800,-0.01(-0.21 %),74130,356000000,0,0,4890,4890,4750
2020-06-03,4.67,4670,-0.13(-2.71 %),119690,570000000,0,0,4800,4800,4670
2020-06-04,4.79,4790,0.12(2.57 %),48120,231000000,0,0,4880,4880,4710
2020-06-05,4.8,4800,0.01(0.21 %),482520,2313000000,0,0,4790,4810,4770
2020-06-08,5.13,5130,0.33(6.88 %),953950,4877000000,0,0,4820,5130,4820
2020-06-09,5.48,5480,0.35(6.82 %),191700,1050000000,0,0,5480,5480,5450
2020-06-10,5.86,5860,0.38(6.93 %),541910,3140000000,0,0,5860,5860,5620
2020-06-11,5.5,5500,-0.36(-6.14 %),776520,4508000000,0,0,5700,6150,5500
2020-06-12,5.43,5430,-0.07(-1.27 %),174670,932000000,0,0,5150,5500,5150
2020-06-15,5.14,5140,-0.29(-5.34 %),240560,1264000000,0,0,5680,5680,5140
2020-06-16,5.14,5140,0(0.00 %),269320,1378000000,0,0,5200,5200,5020
2020-06-17,5.2,5200,0.06(1.17 %),80150,417000000,0,0,5100,5300,5100
2020-06-18,5.56,5560,0.36(6.92 %),174210,936000000,0,0,5210,5560,5210
2020-06-19,5.94,5940,0.38(6.83 %),560230,3299000000,0,0,5790,5940,5780
2020-06-22,5.94,5940,0(0.00 %),259790,1556000000,0,0,5940,6070,5810
2020-06-23,5.97,5970,0.03(0.51 %),222760,1311000000,0,0,5810,6000,5790
2020-06-24,5.86,5860,-0.11(-1.84 %),177180,1014000000,0,0,5980,5980,5560
2020-06-25,5.78,5780,-0.08(-1.37 %),134270,751000000,0,0,5510,5780,5510
2020-06-26,5.55,5550,-0.23(-3.98 %),41880,235000000,0,0,5780,5780,5550
2020-06-29,5.19,5190,-0.36(-6.49 %),90120,481000000,0,0,5690,5690,5180
2020-06-30,5.19,5190,0(0.00 %),124600,647000000,0,0,5190,5300,5140
2020-07-01,5.5,5500,0.31(5.97 %),49110,256000000,0,0,5200,5500,5110
2020-07-02,5.34,5340,-0.16(-2.91 %),19600,103000000,0,0,5500,5500,5220
2020-07-03,5.3,5300,-0.04(-0.75 %),39930,209000000,0,0,5340,5340,5180
2020-07-06,5.25,5250,-0.05(-0.94 %),56880,299000000,0,0,5210,5480,5200
2020-07-07,5.27,5270,0.02(0.38 %),96700,510000000,0,0,5250,5390,5250
2020-07-08,5.21,5210,-0.06(-1.14 %),55710,291000000,0,0,5290,5290,5200
2020-07-09,5.46,5460,0.25(4.80 %),123330,666000000,0,0,5210,5500,5210
2020-07-10,5.27,5270,-0.19(-3.48 %),66700,355000000,0,0,5460,5460,5260
2020-07-13,5.25,5250,-0.02(-0.38 %),80000,422000000,0,0,5240,5400,5240
2020-07-14,5.26,5260,0.01(0.19 %),24800,131000000,0,0,5250,5280,5210
2020-07-15,5.32,5320,0.06(1.14 %),42410,224000000,0,0,5260,5320,5260
2020-07-16,5.32,5320,0(0.00 %),31670,167000000,0,0,5320,5320,5210
2020-07-17,5.3,5300,-0.02(-0.38 %),43460,230000000,0,0,5320,5390,5200
2020-07-20,5.17,5170,-0.13(-2.45 %),112400,582000000,0,0,5170,5250,5140
2020-07-21,5.21,5210,0.04(0.77 %),67010,351000000,0,0,5300,5300,5170
2020-07-22,5.18,5180,-0.03(-0.58 %),20090,104000000,0,0,5280,5280,5170
2020-07-23,5.18,5180,0(0.00 %),16320,85000000,0,0,5230,5230,5180
2020-07-24,4.82,4820,-0.36(-6.95 %),141150,695000000,0,0,5180,5350,4820
2020-07-27,4.55,4550,-0.27(-5.60 %),159440,718000000,0,0,4530,4580,4490
2020-07-28,4.7,4700,0.15(3.30 %),19320,89000000,0,0,4550,4800,4520
2020-07-29,4.38,4380,-0.32(-6.81 %),111300,488000000,0,0,4700,4700,4380
2020-07-30,4.58,4580,0.2(4.57 %),46520,208000000,0,0,4380,4580,4380
2020-07-31,4.6,4600,0.02(0.44 %),16850,76000000,0,0,4360,4600,4340
2020-08-03,4.63,4630,0.03(0.65 %),7090,32000000,0,0,4400,4680,4400
2020-08-04,4.69,4690,0.06(1.30 %),11390,53000000,0,0,4600,4750,4600
2020-08-05,4.61,4610,-0.08(-1.71 %),12190,56000000,0,0,4600,4610,4570
2020-08-06,4.63,4630,0.02(0.43 %),11080,50000000,0,0,4610,4630,4500
2020-08-07,4.62,4620,-0.01(-0.22 %),3000,14000000,0,0,4520,4620,4510
2020-08-10,4.68,4680,0.06(1.30 %),16550,76000000,0,0,4600,4690,4560
2020-08-11,4.75,4750,0.07(1.50 %),127700,585000000,0,0,4700,4750,4550
2020-08-12,4.77,4770,0.02(0.42 %),18180,86000000,0,0,4790,4800,4620
2020-08-13,4.85,4850,0.08(1.68 %),18500,89000000,0,0,4700,4890,4600
2020-08-14,4.63,4630,-0.22(-4.54 %),32600,154000000,0,0,4850,4850,4630
2020-08-17,4.7,4700,0.07(1.51 %),8650,41000000,0,0,4700,4740,4700
2020-08-18,4.72,4720,0.02(0.43 %),21490,101000000,0,0,4720,4720,4700
2020-08-19,4.72,4720,0(0.00 %),17660,83000000,0,0,4700,4730,4700
2020-08-20,4.72,4720,0(0.00 %),26380,124000000,0,0,4780,4780,4710
2020-08-21,4.72,4720,0(0.00 %),70590,328000000,0,0,4720,4720,4600
2020-08-24,4.8,4800,0.08(1.69 %),15460,74000000,0,0,4730,4830,4730
2020-08-25,4.79,4790,-0.01(-0.21 %),12210,58000000,0,0,4800,4800,4700
2020-08-26,4.78,4780,-0.01(-0.21 %),33040,158000000,0,0,4790,4800,4700
2020-08-27,4.81,4810,0.03(0.63 %),37310,179000000,0,0,4790,4850,4760
2020-08-28,4.98,4980,0.17(3.53 %),71080,352000000,0,0,4800,4990,4800
2020-08-31,5.1,5100,0.12(2.41 %),77230,387000000,0,0,4980,5200,4950
2020-09-01,5.1,5100,0(0.00 %),4030,20000000,0,0,5100,5100,5000
2020-09-03,4.85,4850,-0.25(-4.90 %),40600,199000000,0,0,5000,5090,4800
2020-09-04,4.85,4850,0(0.00 %),72740,344000000,0,0,4800,4850,4700
2020-09-07,4.77,4770,-0.08(-1.65 %),67090,322000000,0,0,4850,5000,4760
2020-09-08,4.71,4710,-0.06(-1.26 %),51520,242000000,0,0,4830,4830,4610
2020-09-09,4.7,4700,-0.01(-0.21 %),15890,75000000,0,0,4700,4700,4680
2020-09-10,4.76,4760,0.06(1.28 %),17680,84000000,0,0,4750,4790,4710
2020-09-11,4.71,4710,-0.05(-1.05 %),52720,248000000,0,0,4680,4720,4680
2020-09-14,4.72,4720,0.01(0.21 %),76350,359000000,0,0,4710,4780,4680
2020-09-15,4.87,4870,0.15(3.18 %),118120,570000000,0,0,4800,4900,4750
2020-09-16,4.89,4890,0.02(0.41 %),36320,176000000,930820,4216614600,4930,4930,4750
2020-09-17,4.75,4750,-0.14(-2.86 %),78700,376000000,0,0,4800,4880,4750
2020-09-18,4.79,4790,0.04(0.84 %),57740,275000000,0,0,4750,4800,4750
2020-09-21,4.76,4760,-0.03(-0.63 %),119840,572000000,0,0,4800,4840,4750
2020-09-22,4.74,4740,-0.02(-0.42 %),54370,258000000,0,0,4750,4790,4700
2020-09-23,4.75,4750,0.01(0.21 %),37860,180000000,0,0,4740,4780,4740
2020-09-24,4.75,4750,0(0.00 %),31670,150000000,0,0,4750,4750,4710
2020-09-25,4.71,4710,-0.04(-0.84 %),42210,199000000,0,0,4720,4730,4710
2020-09-28,4.75,4750,0.04(0.85 %),34280,162000000,0,0,4710,4750,4710
2020-09-29,4.76,4760,0.01(0.21 %),65630,310000000,0,0,4750,4770,4720
2020-09-30,4.77,4770,0.01(0.21 %),22920,109000000,0,0,4760,4790,4750
2020-10-01,4.76,4760,-0.01(-0.21 %),40350,193000000,0,0,4770,4780,4760
2020-10-02,4.7,4700,-0.06(-1.26 %),95640,454000000,0,0,4760,4860,4610
2020-10-05,4.78,4780,0.08(1.70 %),18030,86000000,0,0,4820,4820,4700
2020-10-06,4.72,4720,-0.06(-1.26 %),53220,252000000,0,0,4780,4790,4710
2020-10-07,4.78,4780,0.06(1.27 %),20870,99000000,0,0,4700,4790,4700
2020-10-08,4.76,4760,-0.02(-0.42 %),41760,197000000,0,0,4790,4790,4710
2020-10-09,4.75,4750,-0.01(-0.21 %),64580,304000000,0,0,4720,4750,4700
2020-10-12,4.71,4710,-0.04(-0.84 %),47090,222000000,0,0,4750,4750,4620
2020-10-13,4.7,4700,-0.01(-0.21 %),8060,38000000,0,0,4700,4720,4660
2020-10-14,4.66,4660,-0.04(-0.85 %),20170,95000000,0,0,4670,4740,4660
2020-10-15,4.62,4620,-0.04(-0.86 %),54900,255000000,0,0,4660,4660,4620
2020-10-16,4.59,4590,-0.03(-0.65 %),24110,110000000,0,0,4620,4660,4550
2020-10-19,4.66,4660,0.07(1.53 %),11020,50000000,0,0,4500,4690,4500
2020-10-20,4.54,4540,-0.12(-2.58 %),13430,61000000,0,0,4660,4660,4540
2020-10-21,4.68,4680,0.14(3.08 %),218860,998000000,0,0,4550,4750,4550
2020-10-22,4.68,4680,0(0.00 %),6230,29000000,0,0,4650,4680,4630
2020-10-23,4.66,4660,-0.02(-0.43 %),22570,104000000,0,0,4680,4680,4600
2020-10-26,4.55,4550,-0.11(-2.36 %),34330,156000000,0,0,4700,4700,4510
2020-10-27,4.55,4550,0(0.00 %),16670,76000000,0,0,4640,4650,4530
2020-10-28,4.45,4450,-0.1(-2.20 %),19320,86000000,0,0,4560,4560,4450
2020-10-29,4.49,4490,0.04(0.90 %),11580,52000000,0,0,4400,4500,4400
2020-10-30,4.49,4490,0(0.00 %),12910,57000000,0,0,4400,4600,4400
2020-11-02,4.48,4480,-0.01(-0.22 %),2250,10000000,0,0,4440,4490,4440
2020-11-03,4.45,4450,-0.03(-0.67 %),23940,107000000,0,0,4590,4590,4450
2020-11-04,4.5,4500,0.05(1.12 %),11140,50000000,0,0,4590,4590,4450
2020-11-05,4.41,4410,-0.09(-2.00 %),29470,131000000,0,0,4500,4500,4410
2020-11-06,4.44,4440,0.03(0.68 %),17240,76000000,0,0,4410,4440,4390
2020-11-09,4.38,4380,-0.06(-1.35 %),75440,331000000,0,0,4400,4450,4370
2020-11-10,4.39,4390,0.01(0.23 %),4090,18000000,0,0,4590,4590,4350
2020-11-11,4.4,4400,0.01(0.23 %),20800,91000000,120000,490800000,4410,4440,4360
2020-11-12,4.35,4350,-0.05(-1.14 %),40620,176000000,0,0,4370,4400,4320
2020-11-13,4.34,4340,-0.01(-0.23 %),10160,44000000,0,0,4340,4350,4310
2020-11-16,4.32,4320,-0.02(-0.46 %),26070,113000000,0,0,4340,4350,4320
2020-11-17,4.27,4270,-0.05(-1.16 %),12200,52000000,0,0,4270,4370,4270
2020-11-18,4.2,4200,-0.07(-1.64 %),72910,307000000,0,0,4310,4310,4200
2020-11-19,4.19,4190,-0.01(-0.24 %),38770,162000000,0,0,4220,4220,4180
2020-11-20,4.32,4320,0.13(3.10 %),40040,168000000,0,0,4190,4330,4180
2020-11-23,4.27,4270,-0.05(-1.16 %),15590,67000000,0,0,4400,4400,4270
2020-11-24,4.26,4260,-0.01(-0.23 %),4570,19000000,0,0,4300,4300,4240
2020-11-25,4.24,4240,-0.02(-0.47 %),17870,76000000,0,0,4260,4290,4240
2020-11-26,4.53,4530,0.29(6.84 %),45110,199000000,0,0,4300,4530,4280
2020-11-27,4.84,4840,0.31(6.84 %),70510,341000000,0,0,4840,4840,4840
2020-11-30,5.17,5170,0.33(6.82 %),112740,583000000,0,0,5170,5170,5170
2020-12-01,5.35,5350,0.18(3.48 %),524970,2758000000,0,0,5180,5450,5000
2020-12-02,5.19,5190,-0.16(-2.99 %),90890,473000000,0,0,5430,5430,5100
2020-12-03,5.19,5190,0(0.00 %),135890,693000000,0,0,4920,5210,4920
2020-12-04,4.97,4970,-0.22(-4.24 %),101920,511000000,0,0,5190,5190,4960
2020-12-07,5.0,5000,0.03(0.60 %),59610,299000000,0,0,5000,5120,4960
2020-12-08,4.95,4950,-0.05(-1.00 %),47390,234000000,0,0,5000,5000,4830
2020-12-09,4.97,4970,0.02(0.40 %),61390,304000000,0,0,4950,4980,4860
2020-12-10,4.84,4840,-0.13(-2.62 %),95850,467000000,0,0,4900,4940,4840
2020-12-11,4.76,4760,-0.08(-1.65 %),39020,187000000,0,0,4780,4830,4750
2020-12-14,4.97,4970,0.21(4.41 %),57000,279000000,0,0,4760,4970,4760
2020-12-15,4.89,4890,-0.08(-1.61 %),20840,103000000,0,0,4970,5000,4870
2020-12-16,4.9,4900,0.01(0.20 %),12380,61000000,0,0,4890,4910,4820
2020-12-17,4.9,4900,0(0.00 %),33890,166000000,0,0,4940,4940,4860
2020-12-18,5.0,5000,0.1(2.04 %),102660,513000000,0,0,4900,5240,4870
2020-12-21,5.1,5100,0.1(2.00 %),86290,439000000,0,0,5000,5170,5000
2020-12-22,5.2,5200,0.1(1.96 %),185060,961000000,910514,4324941500,5100,5250,5100
2020-12-23,5.49,5490,0.29(5.58 %),309940,1670000000,1492514,7223767760,5300,5560,5200
2020-12-24,5.53,5530,0.04(0.73 %),157450,862000000,0,0,5490,5640,5400
2020-12-25,5.91,5910,0.38(6.87 %),201870,1140000000,6000000,30900000000,5500,5910,5400
2020-12-28,6.32,6320,0.41(6.94 %),308540,1886000000,0,0,5910,6320,5750
2020-12-29,6.7,6700,0.38(6.01 %),239120,1589000000,0,0,6680,6740,6500
2020-12-30,7.0,7000,0.3(4.48 %),382780,2579000000,0,0,7000,7000,6500
2020-12-31,6.51,6510,-0.49(-7.00 %),340700,2231000000,0,0,6600,6750,6510
2021-01-04,6.06,6060,-0.45(-6.91 %),442000,2688000000,0,0,6060,6290,6060
2021-01-05,6.28,6280,0.22(3.63 %),101600,614000000,0,0,6000,6280,5750
2021-01-06,6.27,6270,-0.01(-0.16 %),53700,331000000,0,0,6280,6280,6100
2021-01-07,6.0,6000,-0.27(-4.31 %),123400,745000000,0,0,6000,6150,5850
2021-01-08,6.15,6150,0.15(2.50 %),171800,1043000000,0,0,5970,6200,5970
2021-01-11,6.2,6200,0.05(0.81 %),77300,473000000,0,0,6190,6200,6000
2021-01-12,6.18,6180,-0.02(-0.32 %),59200,364000000,0,0,6200,6220,6010
2021-01-13,6.28,6280,0.1(1.62 %),237200,1461000000,0,0,6150,6300,6050
2021-01-14,6.4,6400,0.12(1.91 %),301600,1922000000,0,0,6150,6650,6150
2021-01-15,6.42,6420,0.02(0.31 %),169100,1095000000,0,0,6680,6680,6400
2021-01-18,6.43,6430,0.01(0.16 %),102900,660000000,0,0,6420,6500,6320
2021-01-19,5.98,5980,-0.45(-7.00 %),124200,756000000,0,0,6110,6400,5980
2021-01-20,5.72,5720,-0.26(-4.35 %),158200,888000000,0,0,5580,5720,5570
2021-01-21,6.04,6040,0.32(5.59 %),78400,462000000,0,0,5720,6080,5710
2021-01-22,5.94,5940,-0.1(-1.66 %),76700,455000000,0,0,6020,6030,5860
2021-01-25,6.0,6000,0.06(1.01 %),110800,666000000,0,0,5910,6180,5800
2021-01-26,5.85,5850,-0.15(-2.50 %),68500,406000000,0,0,6160,6160,5850
2021-01-27,5.8,5800,-0.05(-0.85 %),73000,421000000,0,0,6080,6080,5560
2021-01-28,5.4,5400,-0.4(-6.90 %),68800,372000000,0,0,5430,5440,5400
2021-01-29,5.4,5400,0(0.00 %),50500,278000000,0,0,5040,5760,5040
2021-02-01,5.03,5030,-0.37(-6.85 %),113300,576000000,0,0,5120,5360,5030
2021-02-02,5.24,5240,0.21(4.17 %),49000,255000000,0,0,5350,5350,5000
2021-02-03,5.6,5600,0.36(6.87 %),67500,378000000,0,0,5600,5600,5600
2021-02-04,5.93,5930,0.33(5.89 %),112500,668000000,0,0,5990,5990,5700
2021-02-05,5.97,5970,0.04(0.67 %),34000,203000000,0,0,5930,6000,5850
2021-02-08,5.6,5600,-0.37(-6.20 %),142800,804000000,0,0,5970,6000,5560
2021-02-09,5.86,5860,0.26(4.64 %),36300,203000000,0,0,5300,5880,5240
2021-02-17,5.97,5970,0.11(1.88 %),25100,148000000,0,0,5590,5980,5590
2021-02-18,5.9,5900,-0.07(-1.17 %),43500,256000000,0,0,5970,5970,5770
2021-02-19,5.8,5800,-0.1(-1.69 %),66200,384000000,0,0,5830,5880,5770
2021-02-22,5.77,5770,-0.03(-0.52 %),59900,349000000,0,0,5800,5960,5770
2021-02-23,5.85,5850,0.08(1.39 %),8600,50000000,0,0,5770,5850,5770
2021-02-24,5.78,5780,-0.07(-1.20 %),40300,235000000,0,0,5850,5900,5760
2021-02-25,5.84,5840,0.06(1.04 %),17000,99000000,0,0,5790,5900,5790
2021-02-26,5.84,5840,0(0.00 %),15600,91000000,0,0,5650,5860,5650
2021-03-01,5.82,5820,-0.02(-0.34 %),32000,186000000,0,0,5840,5840,5800
2021-03-02,5.93,5930,0.11(1.89 %),47900,281000000,0,0,5850,6090,5850
2021-03-03,6.21,6210,0.28(4.72 %),150700,932000000,0,0,5900,6330,5900
2021-03-04,6.0,6000,-0.21(-3.38 %),143900,890000000,0,0,6300,6350,5950
2021-03-05,6.29,6290,0.29(4.83 %),68500,420000000,0,0,6170,6300,5850
2021-03-08,6.29,6290,0(0.00 %),129600,813000000,0,0,6260,6300,6200
2021-03-09,6.2,6200,-0.09(-1.43 %),92700,571000000,0,0,6020,6280,6020
2021-03-10,6.21,6210,0.01(0.16 %),58500,362000000,0,0,6200,6220,6150
2021-03-11,6.28,6280,0.07(1.13 %),71200,445000000,0,0,6200,6310,6200
2021-03-12,6.3,6300,0.02(0.32 %),159100,1000000000,0,0,6280,6350,6100
2021-03-15,6.56,6560,0.26(4.13 %),314300,2042000000,0,0,6350,6600,6260
2021-03-16,6.65,6650,0.09(1.37 %),231100,1553000000,0,0,6610,6850,6600
2021-03-17,6.6,6600,-0.05(-0.75 %),53000,350000000,0,0,6650,6750,6460
2021-03-18,6.62,6620,0.02(0.30 %),225800,1486000000,0,0,6600,6730,6140
2021-03-19,6.65,6650,0.03(0.45 %),76200,505000000,0,0,6620,6720,6550
2021-03-22,6.8,6800,0.15(2.26 %),218700,1469000000,0,0,6660,6900,6630
2021-03-23,6.5,6500,-0.3(-4.41 %),165100,1087000000,0,0,6800,6800,6400
2021-03-24,6.6,6600,0.1(1.54 %),102700,673000000,0,0,6500,6800,6350
2021-03-25,6.6,6600,0(0.00 %),120200,786000000,0,0,6480,6610,6400
2021-03-26,6.4,6400,-0.2(-3.03 %),63500,413000000,0,0,6600,6600,6250
2021-03-29,6.58,6580,0.18(2.81 %),60000,387000000,0,0,6400,6650,6280
2021-03-30,6.58,6580,0(0.00 %),104600,681000000,0,0,6580,6600,6350
2021-03-31,6.58,6580,0(0.00 %),86800,569000000,0,0,6690,6690,6500
2021-04-01,6.6,6600,0.02(0.30 %),89200,583000000,0,0,6510,6600,6400
2021-04-02,6.52,6520,-0.08(-1.21 %),107400,706000000,0,0,6550,6630,6500
2021-04-05,6.97,6970,0.45(6.90 %),632400,4373000000,0,0,6580,6970,6580
2021-04-06,7.45,7450,0.48(6.89 %),415900,3058000000,0,0,7420,7450,7200
2021-04-07,7.79,7790,0.34(4.56 %),154800,1178000000,0,0,7800,7800,7470
2021-04-08,7.25,7250,-0.54(-6.93 %),356800,2596000000,0,0,7500,7500,7250
2021-04-09,7.49,7490,0.24(3.31 %),174400,1233000000,0,0,6970,7490,6970
2021-04-12,7.46,7460,-0.03(-0.40 %),292300,2130000000,0,0,7250,7460,7200
2021-04-13,7.3,7300,-0.16(-2.14 %),172900,1285000000,0,0,7500,7550,7180
2021-04-14,7.26,7260,-0.04(-0.55 %),136700,984000000,0,0,7300,7300,7100
2021-04-15,6.91,6910,-0.35(-4.82 %),263500,1855000000,0,0,7260,7260,6850
2021-04-16,6.8,6800,-0.11(-1.59 %),247100,1659000000,0,0,7000,7000,6440
2021-04-19,6.7,6700,-0.1(-1.47 %),72400,479000000,0,0,6680,6750,6500
2021-04-20,6.7,6700,0(0.00 %),96500,649000000,0,0,6700,6870,6600
2021-04-22,6.5,6500,-0.2(-2.99 %),42000,278000000,0,0,6700,6700,6500
2021-04-23,6.7,6700,0.2(3.08 %),62600,403000000,0,0,6500,6700,6300
2021-04-26,6.24,6240,-0.46(-6.87 %),50600,327000000,0,0,6450,6690,6240
2021-04-27,6.2,6200,-0.04(-0.64 %),41200,256000000,0,0,6000,6260,6000
2021-04-28,6.42,6420,0.22(3.55 %),55600,353000000,0,0,6100,6500,6000
2021-04-29,6.5,6500,0.08(1.25 %),26500,173000000,0,0,6450,6600,6400
2021-05-04,6.39,6390,-0.11(-1.69 %),34900,219000000,0,0,6400,6400,6200
2021-05-05,6.4,6400,0.01(0.16 %),11600,75000000,0,0,6530,6530,6250
2021-05-06,6.24,6240,-0.16(-2.50 %),43200,269000000,0,0,6170,6350,6170
2021-05-07,6.0,6000,-0.24(-3.85 %),81300,490000000,0,0,6240,6240,5810
2021-05-10,6.06,6060,0.06(1.00 %),58100,356000000,0,0,6000,6240,5850
2021-05-11,6.16,6160,0.1(1.65 %),35500,218000000,0,0,6060,6200,6060
2021-05-12,6.2,6200,0.04(0.65 %),45400,280000000,0,0,6160,6200,6100
2021-05-13,6.2,6200,0(0.00 %),54600,337000000,0,0,6200,6250,6000
2021-05-14,6.06,6060,-0.14(-2.26 %),36900,225000000,0,0,6030,6200,6030
2021-05-17,6.37,6370,0.31(5.12 %),54700,340000000,0,0,6030,6370,6030
2021-05-18,6.2,6200,-0.17(-2.67 %),27300,170000000,0,0,6370,6370,6150
2021-05-19,6.16,6160,-0.04(-0.65 %),14000,85000000,0,0,6030,6200,6030
2021-05-20,6.16,6160,0(0.00 %),29700,183000000,0,0,6150,6180,6100
2021-05-21,6.18,6180,0.02(0.32 %),40400,249000000,0,0,6050,6270,6050
2021-05-24,6.2,6200,0.02(0.32 %),16700,103000000,0,0,6180,6200,6110
2021-05-25,6.02,6020,-0.18(-2.90 %),32300,198000000,0,0,6200,6210,6000
2021-05-26,6.1,6100,0.08(1.33 %),36000,217000000,0,0,5930,6110,5920
2021-05-27,6.0,6000,-0.1(-1.64 %),18300,110000000,0,0,6010,6020,6000
2021-05-28,6.0,6000,0(0.00 %),23500,141000000,0,0,6000,6100,6000
2021-05-31,6.0,6000,0(0.00 %),44700,267000000,0,0,6000,6100,5950
2021-06-01,6.0,6000,0(0.00 %),16200,97000000,0,0,6000,6000,5990
2021-06-02,6.04,6040,0.04(0.67 %),9500,57000000,0,0,5680,6050,5680
2021-06-03,6.3,6300,0.26(4.30 %),89600,546000000,0,0,6040,6300,6000
2021-06-04,6.25,6250,-0.05(-0.79 %),27200,170000000,0,0,6300,6300,6200
2021-06-07,6.03,6030,-0.22(-3.52 %),15300,92000000,0,0,6140,6140,5990
2021-06-08,6.03,6030,0(0.00 %),15000,91000000,0,0,6160,6160,6030
2021-06-09,6.1,6100,0.07(1.16 %),35200,215000000,0,0,6040,6160,6030
2021-06-10,6.08,6080,-0.02(-0.33 %),66500,399000000,0,0,6000,6100,5970
2021-06-11,6.15,6150,0.07(1.15 %),15900,98000000,0,0,6080,6200,6080
2021-06-14,6.14,6140,-0.01(-0.16 %),49500,303000000,0,0,6150,6150,6010
2021-06-15,6.17,6170,0.03(0.49 %),103300,627000000,0,0,6140,6180,6000
2021-06-16,6.01,6010,-0.16(-2.59 %),35100,213000000,0,0,6110,6170,6000
2021-06-17,6.2,6200,0.19(3.16 %),52800,320000000,0,0,6030,6250,6030
2021-06-18,6.34,6340,0.14(2.26 %),72100,447000000,0,0,6100,6390,6100
2021-06-21,6.53,6530,0.19(3.00 %),137300,891000000,0,0,6300,6700,6300
2021-06-22,6.55,6550,0.02(0.31 %),115500,756000000,0,0,6530,6780,6500
2021-06-23,7.0,7000,0.45(6.87 %),436800,2992000000,0,0,6500,7000,6500
2021-06-24,7.0,7000,0(0.00 %),258300,1860000000,0,0,7390,7400,6950
2021-06-25,6.8,6800,-0.2(-2.86 %),112300,779000000,1000000,6510000000,6630,7000,6630
2021-06-28,6.33,6330,-0.47(-6.91 %),303000,1944000000,0,0,6450,6790,6330
2021-06-29,6.6,6600,0.27(4.27 %),206400,1336000000,0,0,6200,6770,6200
2021-06-30,6.81,6810,0.21(3.18 %),46300,314000000,0,0,6950,6950,6610
2021-07-01,6.6,6600,-0.21(-3.08 %),41200,271000000,0,0,6750,6750,6500
2021-07-02,6.41,6410,-0.19(-2.88 %),41200,269000000,0,0,6460,6700,6400
2021-07-05,6.47,6470,0.06(0.94 %),49900,317000000,0,0,6410,6490,6300
2021-07-06,6.33,6330,-0.14(-2.16 %),57700,373000000,0,0,6210,6610,6210
2021-07-07,6.38,6380,0.05(0.79 %),59300,369000000,0,0,6350,6390,6100
2021-07-08,6.39,6390,0.01(0.16 %),73300,462000000,0,0,6470,6470,6300
2021-07-09,6.29,6290,-0.1(-1.56 %),43900,273000000,0,0,6300,6350,6010
2021-07-12,5.91,5910,-0.38(-6.04 %),53800,318000000,0,0,6240,6240,5850
2021-07-13,6.07,6070,0.16(2.71 %),12800,75000000,0,0,5910,6090,5510
2021-07-14,6.19,6190,0.12(1.98 %),500,3000000,0,0,6460,6460,6190
2021-07-15,6.2,6200,0.01(0.16 %),37100,221000000,0,0,6370,6370,5850
2021-07-16,6.16,6160,-0.04(-0.65 %),23000,139000000,0,0,6050,6170,6000
2021-07-19,5.85,5850,-0.31(-5.03 %),30600,182000000,0,0,6040,6070,5800
2021-07-20,5.95,5950,0.1(1.71 %),5300,31000000,0,0,5980,5980,5560
2021-07-21,5.95,5950,0(0.00 %),27700,162000000,0,0,6100,6100,5800
2021-07-22,6.18,6180,0.23(3.87 %),42800,260000000,0,0,5990,6180,5800
2021-07-23,6.07,6070,-0.11(-1.78 %),62900,372000000,0,0,6010,6300,5870
2021-07-26,6.13,6130,0.06(0.99 %),5900,35000000,0,0,5810,6130,5810
2021-07-27,6.11,6110,-0.02(-0.33 %),24900,149000000,0,0,6000,6110,5980
2021-07-28,6.09,6090,-0.02(-0.33 %),10800,64000000,0,0,6000,6100,5980
2021-07-29,6.1,6100,0.01(0.16 %),14900,89000000,0,0,6170,6170,6000
2021-07-30,6.1,6100,0(0.00 %),19400,116000000,0,0,5970,6100,5900
2021-08-02,6.02,6020,-0.08(-1.31 %),28100,167000000,0,0,6090,6090,5810
2021-08-03,5.95,5950,-0.07(-1.16 %),9300,54000000,0,0,6150,6150,5860
2021-08-04,5.93,5930,-0.02(-0.34 %),42000,249000000,0,0,6000,6000,5900
2021-08-05,6.19,6190,0.26(4.38 %),92300,559000000,0,0,5940,6190,5930
2021-08-06,6.15,6150,-0.04(-0.65 %),22300,137000000,0,0,6150,6280,6150
2021-08-09,6.03,6030,-0.12(-1.95 %),34400,208000000,0,0,6150,6150,6010
2021-08-10,6.09,6090,0.06(1.00 %),32200,194000000,0,0,6030,6090,6030
2021-08-11,6.1,6100,0.01(0.16 %),18900,114000000,0,0,6160,6160,6050
2021-08-12,6.1,6100,0(0.00 %),97300,593000000,0,0,6050,6150,6030
2021-08-13,6.08,6080,-0.02(-0.33 %),26700,161000000,0,0,6060,6100,6020
2021-08-16,6.15,6150,0.07(1.15 %),53700,327000000,0,0,6090,6160,6080
2021-08-17,6.27,6270,0.12(1.95 %),56600,355000000,0,0,6290,6380,6200
2021-08-18,6.28,6280,0.01(0.16 %),98800,620000000,0,0,6270,6310,6230
2021-08-19,6.33,6330,0.05(0.80 %),85300,535000000,0,0,6250,6370,6250
2021-08-20,6.77,6770,0.44(6.95 %),328000,2198000000,0,0,6360,6770,6340
2021-08-23,7.1,7100,0.33(4.87 %),415500,2945000000,0,0,6770,7240,6770
2021-08-24,6.67,6670,-0.43(-6.06 %),98500,662000000,0,0,7180,7190,6620
2021-08-25,6.27,6270,-0.4(-6.00 %),105200,672000000,0,0,6660,6660,6240
2021-08-26,6.27,6270,0(0.00 %),116600,729000000,0,0,6280,6470,6160
2021-08-27,6.39,6390,0.12(1.91 %),109000,674000000,0,0,6100,6390,6010
2021-08-30,6.5,6500,0.11(1.72 %),165500,1054000000,0,0,6350,6560,6200
2021-08-31,6.46,6460,-0.04(-0.62 %),98300,641000000,0,0,6410,6650,6400
2021-09-01,6.5,6500,0.04(0.62 %),87500,568000000,0,0,6500,6550,6310
2021-09-06,6.95,6950,0.45(6.92 %),195100,1326000000,0,0,6640,6950,6500
2021-09-07,6.7,6700,-0.25(-3.60 %),123000,824000000,0,0,7000,7000,6500
2021-09-08,6.64,6640,-0.06(-0.90 %),80200,523000000,0,0,6650,6650,6450
2021-09-09,6.47,6470,-0.17(-2.56 %),61300,397000000,0,0,6430,6630,6380
2021-09-10,6.92,6920,0.45(6.96 %),460700,3168000000,0,0,6480,6920,6480
2021-09-13,7.01,7010,0.09(1.30 %),366900,2609000000,0,0,7100,7390,6940
2021-09-14,7.18,7180,0.17(2.43 %),200800,1393000000,0,0,6990,7200,6810
2021-09-15,7.1,7100,-0.08(-1.11 %),214800,1524000000,0,0,7150,7200,7000
2021-09-16,7.23,7230,0.13(1.83 %),222400,1601000000,0,0,7090,7280,7080
2021-09-17,7.73,7730,0.5(6.92 %),310700,2363000000,0,0,7240,7730,7240
2021-09-20,7.8,7800,0.07(0.91 %),1054800,8485000000,0,0,8010,8260,7730
2021-09-21,7.79,7790,-0.01(-0.13 %),352300,2664000000,0,0,7770,7790,7300
2021-09-22,8.33,8330,0.54(6.93 %),482900,3928000000,0,0,7700,8330,7520
2021-09-23,7.76,7760,-0.57(-6.84 %),499800,4052000000,0,0,8550,8550,7760
2021-09-24,7.7,7700,-0.06(-0.77 %),264300,2012000000,0,0,7600,7730,7400
2021-09-27,7.17,7170,-0.53(-6.88 %),441100,3213000000,0,0,7700,7700,7170
2021-09-28,7.34,7340,0.17(2.37 %),223200,1574000000,0,0,7030,7350,6900
2021-09-29,7.47,7470,0.13(1.77 %),119800,883000000,0,0,7540,7540,7100
2021-09-30,7.49,7490,0.02(0.27 %),108100,806000000,0,0,7320,7490,7320
2021-10-01,7.34,7340,-0.15(-2.00 %),43200,319000000,0,0,7250,7490,7250
2021-10-04,7.2,7200,-0.14(-1.91 %),129500,933000000,0,0,7340,7340,7150
2021-10-05,7.08,7080,-0.12(-1.67 %),206800,1445000000,0,0,7200,7200,6900
2021-10-06,7.3,7300,0.22(3.11 %),103500,746000000,0,0,7100,7300,7100
2021-10-07,7.36,7360,0.06(0.82 %),78000,568000000,0,0,7530,7530,7190
2021-10-08,7.27,7270,-0.09(-1.22 %),83800,608000000,0,0,7360,7360,7200
2021-10-11,7.21,7210,-0.06(-0.83 %),111200,802000000,0,0,7270,7270,7170
2021-10-12,7.29,7290,0.08(1.11 %),85200,616000000,0,0,7210,7300,7210
2021-10-13,7.47,7470,0.18(2.47 %),127000,939000000,0,0,7290,7470,7270
2021-10-14,7.6,7600,0.13(1.74 %),186700,1430000000,0,0,7490,7750,7470
2021-10-15,7.5,7500,-0.1(-1.32 %),211700,1611000000,0,0,7600,7740,7500
2021-10-18,7.55,7550,0.05(0.67 %),162600,1222000000,0,0,7560,7630,7500
2021-10-19,7.75,7750,0.2(2.65 %),261100,2007000000,0,0,7550,8000,7500
2021-10-20,8.03,8030,0.28(3.61 %),765300,6099000000,0,0,7990,8200,7750
2021-10-21,8.59,8590,0.56(6.97 %),1056900,8927000000,0,0,8010,8590,8010
2021-10-22,8.85,8850,0.26(3.03 %),811800,7248000000,0,0,8690,9190,8690
2021-10-25,8.85,8850,0(0.00 %),507500,4493000000,0,0,8980,9150,8510
2021-10-26,8.6,8600,-0.25(-2.82 %),527700,4535000000,0,0,8600,8800,8400
2021-10-27,9.2,9200,0.6(6.98 %),1306800,11791000000,0,0,8560,9200,8550
2021-10-28,9.6,9600,0.4(4.35 %),597000,5733000000,0,0,9400,9770,9400
2021-10-29,9.55,9550,-0.05(-0.52 %),558500,5320000000,0,0,9750,9750,9350
2021-11-01,9.23,9230,-0.32(-3.35 %),1234100,11421000000,0,0,9330,9480,8890
2021-11-02,9.55,9550,0.32(3.47 %),721300,6867000000,0,0,9320,9750,9320
2021-11-03,8.89,8890,-0.66(-6.91 %),1000100,9117000000,0,0,9550,9600,8890
2021-11-04,8.6,8600,-0.29(-3.26 %),552100,4732000000,0,0,8560,8890,8400
2021-11-05,8.71,8710,0.11(1.28 %),584500,4990000000,0,0,8870,8870,8410
2021-11-08,9.05,9050,0.34(3.90 %),507700,4560000000,0,0,8900,9150,8710
2021-11-09,8.86,8860,-0.19(-2.10 %),417700,3733000000,0,0,9250,9250,8860
2021-11-10,9.27,9270,0.41(4.63 %),711200,6448000000,0,0,8860,9300,8700
2021-11-11,9.69,9690,0.42(4.53 %),865600,8228000000,0,0,9300,9850,9270
2021-11-12,10.35,10350,0.66(6.81 %),2128900,21884000000,500000,4510000000,9560,10350,9560
2021-11-15,11.05,11050,0.7(6.76 %),1474300,16222000000,0,0,10900,11050,10800
2021-11-16,11.8,11800,0.75(6.79 %),2494000,28679000000,0,0,11450,11800,11000
2021-11-17,11.75,11750,-0.05(-0.42 %),1483500,17967000000,0,0,11950,12500,11400
2021-11-18,12.15,12150,0.4(3.40 %),1194600,14414000000,0,0,11750,12400,11750
2021-11-19,11.3,11300,-0.85(-7.00 %),1614200,19039000000,0,0,12400,12400,11300
2021-11-22,10.55,10550,-0.75(-6.64 %),1509600,16070000000,0,0,11300,11350,10550
2021-11-23,11.25,11250,0.7(6.64 %),1148400,11943000000,0,0,10000,11250,9900
2021-11-24,11.0,11000,-0.25(-2.22 %),516300,5829000000,0,0,11850,11850,10950
2021-11-25,11.1,11100,0.1(0.91 %),889500,9874000000,0,0,10600,11350,10600
2021-11-26,10.8,10800,-0.3(-2.70 %),677500,7350000000,0,0,10950,11100,10600
2021-11-29,11.55,11550,0.75(6.94 %),1241400,13797000000,0,0,10200,11550,10200
2021-11-30,11.5,11500,-0.05(-0.43 %),1165500,13559000000,0,0,12100,12100,11350
2021-12-01,11.6,11600,0.1(0.87 %),1235100,14508000000,0,0,11450,12100,11400
2021-12-02,11.75,11750,0.15(1.29 %),1003400,11816000000,0,0,11500,12000,11400
2021-12-03,11.15,11150,-0.6(-5.11 %),644200,7336000000,0,0,11800,11800,11000
2021-12-06,10.4,10400,-0.75(-6.73 %),946700,10067000000,0,0,11150,11150,10400
2021-12-07,10.6,10600,0.2(1.92 %),1300000,13041000000,0,0,10450,10700,9680
2021-12-08,10.6,10600,0(0.00 %),414600,4324000000,0,0,10600,10600,10200
2021-12-09,10.75,10750,0.15(1.42 %),386500,4087000000,0,0,10100,11000,10100
2021-12-10,10.5,10500,-0.25(-2.33 %),791400,8356000000,0,0,10750,10850,10300
2021-12-13,11.2,11200,0.7(6.67 %),1228000,13540000000,0,0,10750,11200,10500
2021-12-14,11.1,11100,-0.1(-0.89 %),560400,6234000000,0,0,11400,11500,10800
2021-12-15,10.7,10700,-0.4(-3.60 %),398900,4301000000,0,0,11100,11100,10650
2021-12-16,10.85,10850,0.15(1.40 %),854400,9074000000,0,0,10600,11000,10450
2021-12-17,11.6,11600,0.75(6.91 %),1115200,12935000000,0,0,11600,11600,11550
2021-12-20,12.4,12400,0.8(6.90 %),2245200,27551000000,0,0,12400,12400,11600
2021-12-21,13.25,13250,0.85(6.85 %),715300,9477000000,0,0,13250,13250,13250
2021-12-22,14.15,14150,0.85(6.39 %),323500,4577000000,0,0,14150,14150,14150
2021-12-23,14.9,14900,0.7(4.93 %),5577000,80943000000,0,0,15100,15100,13200
2021-12-24,13.9,13900,-1(-6.71 %),2239000,31434000000,605130,8411307000,14500,15000,13900
2021-12-27,14.45,14450,0.55(3.96 %),972400,13068000000,0,0,13350,14500,12950
2021-12-28,14.35,14350,-0.15(-1.03 %),1480100,21150000000,0,0,14300,15050,13500
2021-12-29,14.2,14200,-0.2(-1.39 %),942000,13486000000,0,0,14350,14800,13800
2021-12-30,13.5,13500,-0.7(-4.93 %),799100,10988000000,0,0,14000,14200,13500
2021-12-31,13.0,13000,-0.5(-3.70 %),711500,9411000000,0,0,13500,13900,13000
2022-01-04,13.9,13900,0.9(6.92 %),257500,3572000000,0,0,13200,13900,13200
2022-01-05,14.1,14100,0.2(1.44 %),1400300,20134000000,0,0,14800,14850,14000
2022-01-06,14.5,14500,0.4(2.84 %),1370200,19249000000,0,0,14100,14850,13500
2022-01-07,15.15,15150,0.65(4.48 %),1715600,25713000000,0,0,14600,15500,14000
2022-01-10,14.8,14800,-0.4(-2.63 %),1406300,21439000000,95000,1439250000,15650,15650,14600
2022-01-11,14.4,14400,-0.4(-2.70 %),943100,13602000000,0,0,14350,15000,14000
2022-01-12,13.4,13400,-1(-6.94 %),1440200,19408000000,0,0,13500,14000,13400
2022-01-13,12.5,12500,-0.9(-6.72 %),543700,6923000000,0,0,12900,13500,12500
2022-01-14,11.9,11900,-0.6(-4.80 %),998700,11759000000,0,0,11650,12450,11650
2022-01-17,11.1,11100,-0.8(-6.72 %),490000,5585000000,0,0,11900,12000,11100
2022-01-18,10.35,10350,-0.75(-6.76 %),229300,2373000000,0,0,10350,10400,10350
2022-01-19,9.7,9700,-0.7(-6.73 %),483700,4696000000,0,0,9650,10000,9650
2022-01-20,10.45,10380,0.65(6.63 %),152800,1570000000,0,0,9700,10380,9510
2022-01-21,11.15,11150,0.65(6.19 %),394900,4377000000,0,0,11000,11150,10800
2022-01-24,10.5,10500,-0.7(-6.25 %),555600,5904000000,0,0,10900,10950,10400
2022-01-25,10.65,10650,0.15(1.43 %),257400,2670000000,0,0,10450,11000,9900
2022-01-26,10.4,10400,-0.3(-2.80 %),165500,1733000000,0,0,10700,10750,10100
2022-01-27,10.5,10500,0.1(0.96 %),147300,1499000000,0,0,10700,10700,9900
2022-01-28,10.45,10450,-0.05(-0.48 %),355300,3539000000,0,0,9830,10450,9770
2022-02-07,10.6,10600,0.1(0.95 %),188100,2000000000,0,0,10400,10850,10400
2022-02-08,10.3,10300,-0.3(-2.83 %),200200,2071000000,0,0,10550,10600,10100
2022-02-09,10.4,10400,0.1(0.97 %),352400,3642000000,0,0,10100,10600,10100
2022-02-10,11.1,11100,0.7(6.73 %),340000,3732000000,0,0,10400,11100,10400
2022-02-11,11.2,11200,0.1(0.90 %),266000,3002000000,0,0,11150,11650,11000
2022-02-14,10.8,10800,-0.4(-3.57 %),387100,4227000000,0,0,10500,11200,10500
2022-02-15,10.95,10950,0.15(1.39 %),307700,3318000000,0,0,10600,11000,10600
2022-02-16,11.3,11300,0.3(2.73 %),344000,3881000000,0,0,10950,11500,10950
2022-02-17,11.6,11600,0.3(2.65 %),465300,5334000000,0,0,11550,11700,11200
2022-02-18,11.55,11550,-0.05(-0.43 %),326500,3755000000,0,0,11400,11600,11300
2022-02-21,12.05,12050,0.45(3.88 %),411700,4876000000,0,0,11750,12100,11400
2022-02-22,11.45,11450,-0.65(-5.37 %),401500,4642000000,0,0,11550,11950,11300
2022-02-23,11.8,11800,0.3(2.61 %),425100,4939000000,0,0,11500,11900,11450
2022-02-24,11.25,11250,-0.55(-4.66 %),538300,6148000000,0,0,11900,11900,11000
2022-02-25,11.3,11300,0(0.00 %),202200,2290000000,0,0,11350,11600,11250
2022-02-28,11.25,11250,-0.05(-0.44 %),276000,3050000000,0,0,11000,11250,11000
2022-03-01,11.4,11400,0.1(0.88 %),277600,3114000000,0,0,11250,11400,10950
2022-03-02,11.0,11000,-0.4(-3.51 %),657100,7286000000,0,0,11500,11500,10900
2022-03-03,11.0,11000,0(0.00 %),463400,5072000000,0,0,11000,11200,10850
2022-03-04,11.4,11400,0.4(3.64 %),499300,5594000000,0,0,11150,11450,10850
2022-03-07,11.3,11300,-0.1(-0.88 %),346300,3895000000,0,0,11400,11400,11150
2022-03-08,11.0,11000,-0.3(-2.65 %),439600,4897000000,0,0,11250,11300,11000
2022-03-09,10.9,10900,-0.1(-0.91 %),427500,4646000000,0,0,11000,11100,10650
2022-03-10,11.15,11150,0.25(2.29 %),300600,3354000000,0,0,11300,11300,11000
2022-03-11,10.9,10900,-0.3(-2.68 %),304200,3341000000,0,0,11250,11250,10850
2022-03-14,10.4,10400,-0.5(-4.59 %),435400,4568000000,0,0,10800,10850,10200
2022-03-15,10.75,10750,0.35(3.37 %),387400,4052000000,0,0,10400,10800,10150
2022-03-16,10.75,10750,-0.05(-0.46 %),157800,1689000000,0,0,10850,10950,10600
2022-03-17,11.1,11100,0.3(2.78 %),557700,6129000000,0,0,10750,11200,10700
2022-03-18,11.55,11550,0.45(4.05 %),978900,11160000000,0,0,11200,11650,11050
2022-03-21,11.7,11700,0.1(0.86 %),615500,7164000000,0,0,11600,11900,11450
2022-03-22,11.65,11650,-0.05(-0.43 %),960800,11368000000,0,0,11800,12100,11650
2022-03-23,11.45,11450,-0.25(-2.14 %),595700,6855000000,0,0,11650,11700,11300
2022-03-24,11.4,11400,-0.1(-0.87 %),406700,4614000000,0,0,11450,11450,11250
2022-03-25,11.4,11400,0(0.00 %),360300,4112000000,0,0,11700,11700,11100
2022-03-28,10.9,10900,-0.5(-4.39 %),646800,7102000000,0,0,11300,11350,10700
2022-03-29,11.35,11350,0.45(4.13 %),420200,4740000000,0,0,10900,11500,10900
2022-03-30,10.65,10650,-0.75(-6.58 %),687800,7461000000,0,0,11300,11300,10600
2022-03-31,10.55,10550,-0.15(-1.40 %),407200,4316000000,0,0,10650,11000,10350
2022-04-01,10.9,10900,0.3(2.83 %),206500,2181000000,0,0,10400,10900,10300
2022-04-04,10.85,10850,-0.05(-0.46 %),194200,2079000000,0,0,10950,10950,10600
2022-04-05,10.65,10650,-0.25(-2.29 %),195000,2084000000,0,0,10800,10800,10600
2022-04-06,10.5,10500,-0.2(-1.87 %),270100,2834000000,0,0,10650,10650,10350
2022-04-07,10.45,10450,-0.05(-0.48 %),92400,957000000,0,0,10500,10500,10250
2022-04-08,10.0,10000,-0.5(-4.76 %),191300,1939000000,0,0,10400,10450,10000
2022-04-12,9.3,9300,-0.7(-7.00 %),463100,4372000000,934580,9345800000,10000,10300,9300
2022-04-13,9.35,9350,0.05(0.54 %),379600,3436000000,887700,8255610000,9340,9370,8650
2022-04-14,9.35,9350,-0.05(-0.53 %),296300,2842000000,0,0,9800,9800,9350
2022-04-15,9.05,9050,-0.35(-3.72 %),143100,1309000000,0,0,9350,9350,9000
2022-04-18,8.42,8420,-0.68(-7.47 %),340900,2883000000,0,0,9050,9050,8420
2022-04-19,7.84,7840,-0.56(-6.67 %),211300,1701000000,0,0,7910,8600,7840
2022-04-20,7.3,7300,-0.54(-6.89 %),240200,1762000000,0,0,7610,7620,7300
2022-04-21,6.79,6790,-0.51(-6.99 %),256800,1748000000,0,0,6790,7200,6790
2022-04-22,6.9,6900,0.11(1.62 %),120200,842000000,0,0,6360,7260,6360
2022-04-25,6.42,6420,-0.48(-6.96 %),361000,2442000000,0,0,6900,7140,6420
2022-04-26,6.7,6700,0.3(4.69 %),261900,1640000000,0,0,6100,6700,6010
2022-04-27,7.0,7000,0.3(4.48 %),255300,1725000000,0,0,7100,7100,6510
2022-04-28,7.1,7100,0.1(1.43 %),306500,2156000000,0,0,7100,7130,6980
2022-04-29,7.25,7250,0.15(2.11 %),159500,1150000000,0,0,7100,7260,7090
2022-05-04,7.1,7100,-0.2(-2.74 %),266700,1900000000,0,0,7340,7340,7010
2022-05-05,7.0,7000,-0.1(-1.41 %),174600,1221000000,0,0,7100,7250,6650
2022-05-06,6.7,6700,-0.3(-4.29 %),116400,785000000,0,0,6600,6920,6600
2022-05-09,6.24,6240,-0.46(-6.87 %),383700,2398000000,0,0,6650,6650,6240
2022-05-10,6.24,6240,0.04(0.65 %),91400,557000000,0,0,5840,6240,5820
2022-05-11,6.5,6500,0.26(4.17 %),248100,1601000000,0,0,6320,6550,6240
2022-05-12,6.05,6050,-0.45(-6.92 %),291100,1795000000,0,0,6490,6490,6050
2022-05-13,5.63,5630,-0.42(-6.94 %),174200,1006000000,0,0,6000,6090,5630
2022-05-16,5.8,5800,0.2(3.57 %),135100,785000000,0,0,5640,6000,5640
2022-05-17,6.12,6120,0.32(5.52 %),205000,1211000000,0,0,5800,6140,5600
2022-05-18,6.02,6020,-0.08(-1.31 %),114400,701000000,0,0,6200,6400,6020
2022-05-19,5.92,5920,-0.08(-1.33 %),122400,725000000,0,0,5850,6020,5850
2022-05-20,5.9,5900,0(0.00 %),145500,866000000,0,0,6100,6100,5840
2022-05-23,5.94,5940,0.04(0.68 %),112400,669000000,0,0,6090,6100,5850
2022-05-24,6.0,6000,0.1(1.69 %),62700,370000000,0,0,5940,6000,5810
2022-05-25,6.09,6090,0.09(1.50 %),138000,833000000,0,0,6000,6100,5950
2022-05-26,6.51,6510,0.41(6.72 %),304700,1915000000,0,0,6100,6510,6100
2022-05-27,6.96,6960,0.46(7.08 %),305500,2109000000,0,0,6690,6960,6670
2022-05-30,7.27,7270,0.27(3.86 %),468200,3378000000,0,0,7260,7390,7000
2022-05-31,6.99,6990,-0.31(-4.25 %),286300,2010000000,0,0,7200,7200,6800
2022-06-01,6.93,6930,-0.07(-1.00 %),209500,1467000000,0,0,7000,7150,6930
2022-06-02,6.6,6600,-0.3(-4.35 %),149100,1010000000,0,0,6860,7040,6600
2022-06-03,6.7,6700,0.1(1.52 %),102100,683000000,0,0,6760,6760,6610
2022-06-06,6.49,6490,-0.21(-3.13 %),134600,885000000,0,0,6520,6790,6400
2022-06-07,6.25,6250,-0.25(-3.85 %),255200,1561000000,0,0,6490,6490,6040
2022-06-08,6.59,6590,0.29(4.60 %),101200,648000000,0,0,6330,6600,6260
2022-06-09,6.59,6590,-0.01(-0.15 %),117800,778000000,0,0,6810,6810,6470
2022-06-10,6.34,6340,-0.26(-3.94 %),136300,871000000,0,0,6260,6590,6260
2022-06-13,5.95,5950,-0.35(-5.56 %),306200,1838000000,0,0,6020,6300,5910
2022-06-14,5.8,5800,-0.2(-3.33 %),125700,730000000,0,0,5950,6090,5650
2022-06-15,5.4,5400,-0.4(-6.90 %),206200,1138000000,0,0,5810,5940,5400
2022-06-16,5.43,5430,0.03(0.56 %),81800,448000000,0,0,5620,5620,5400
2022-06-17,5.05,5050,-0.35(-6.48 %),327100,1656000000,0,0,5080,5420,5050
2022-06-20,4.7,4700,-0.4(-7.84 %),247700,1207000000,0,0,4860,5150,4700
2022-06-21,5.0,5000,0.3(6.38 %),196900,936000000,0,0,4700,5000,4390
2022-06-22,5.19,5190,0.19(3.80 %),102700,520000000,0,0,5100,5260,4800
2022-06-23,5.24,5240,0.04(0.77 %),86500,447000000,0,0,5240,5240,5100
2022-06-24,5.18,5180,-0.02(-0.38 %),94400,486000000,0,0,5240,5240,5100
2022-06-27,5.22,5220,0.02(0.38 %),127300,658000000,0,0,5280,5280,5000
2022-06-28,5.4,5400,0.2(3.85 %),211100,1140000000,0,0,5280,5500,5220
2022-06-29,5.31,5310,-0.09(-1.67 %),68200,364000000,0,0,5400,5480,5150
2022-06-30,5.01,5010,-0.29(-5.47 %),99200,516000000,0,0,5300,5450,5010
2022-07-01,5.14,5140,0.14(2.80 %),82300,415000000,0,0,5010,5190,4920
2022-07-04,5.05,5050,-0.05(-0.98 %),85100,433000000,0,0,5300,5300,5010
2022-07-05,5.0,5000,-0.1(-1.96 %),51500,258000000,0,0,5070,5250,5000
2022-07-06,5.0,5000,0(0.00 %),74100,370000000,0,0,5000,5090,4910
2022-07-07,4.99,4990,-0.01(-0.20 %),148700,737000000,0,0,5050,5090,4900
2022-07-08,5.07,5070,0.07(1.40 %),98700,499000000,0,0,5050,5190,4990
2022-07-11,5.06,5060,-0.04(-0.78 %),114600,575000000,0,0,5100,5100,4920
2022-07-12,5.25,5250,0.15(2.94 %),189300,976000000,0,0,5100,5250,4990
2022-07-13,5.32,5320,0.02(0.38 %),157300,828000000,0,0,5100,5350,5100
2022-07-14,5.3,5300,0(0.00 %),85800,451000000,0,0,5290,5310,5200
2022-07-15,5.37,5370,0.07(1.32 %),243200,1302000000,0,0,5420,5530,5260
2022-07-18,5.57,5570,0.17(3.15 %),323800,1807000000,0,0,5380,5650,5370
2022-07-19,5.56,5560,-0.04(-0.71 %),101100,552000000,0,0,5750,5750,5390
2022-07-20,5.79,5790,0.19(3.39 %),245200,1403000000,0,0,5600,5850,5600
2022-07-21,5.52,5520,-0.28(-4.83 %),161000,892000000,0,0,5750,5750,5490
2022-07-22,5.4,5400,-0.1(-1.82 %),89500,486000000,0,0,5420,5520,5360
2022-07-25,5.37,5370,-0.03(-0.56 %),92300,496000000,0,0,5500,5500,5350
2022-07-26,5.12,5120,-0.28(-5.19 %),124900,657000000,0,0,5370,5410,5120
2022-07-27,5.2,5200,0.1(1.96 %),166400,850000000,0,0,5130,5210,5030
2022-07-28,5.45,5450,0.25(4.81 %),242100,1303000000,0,0,5350,5560,5230
2022-07-29,5.38,5380,-0.12(-2.18 %),99200,536000000,0,0,5450,5500,5300
2022-08-01,5.38,5380,-0.02(-0.37 %),135200,726000000,0,0,5330,5450,5330
2022-08-02,5.57,5570,0.17(3.15 %),404100,2239000000,0,0,5350,5660,5350
2022-08-03,5.61,5610,0.01(0.18 %),222200,1238000000,0,0,5500,5690,5420
2022-08-04,5.85,5850,0.25(4.46 %),260800,1516000000,0,0,5800,5950,5670
2022-08-05,5.97,5970,0.07(1.19 %),367300,2138000000,0,0,5620,5980,5620
2022-08-08,5.89,5890,-0.11(-1.83 %),502000,2992000000,0,0,5970,6090,5850
2022-08-09,6.3,6300,0.4(6.78 %),243000,1480000000,0,0,5890,6300,5880
2022-08-10,6.29,6290,-0.01(-0.16 %),280500,1775000000,0,0,6310,6520,6200
2022-08-11,6.08,6080,-0.22(-3.49 %),323200,1984000000,0,0,6300,6300,6000
2022-08-12,6.09,6090,-0.01(-0.16 %),160100,972000000,0,0,6030,6190,6020
2022-08-15,6.2,6200,0.1(1.64 %),250700,1556000000,0,0,6280,6300,6050
2022-08-16,6.17,6170,-0.03(-0.48 %),127700,791000000,0,0,6200,6220,6170
2022-08-17,6.15,6150,-0.05(-0.81 %),194000,1195000000,0,0,6230,6290,6020
2022-08-18,6.06,6060,-0.14(-2.26 %),132200,794000000,2358080,14502192000,6150,6150,5910
2022-08-19,5.94,5940,-0.16(-2.62 %),50900,303000000,0,0,6070,6070,5910
2022-08-22,5.94,5940,0.04(0.68 %),175600,1029000000,0,0,5900,5950,5800
2022-08-23,6.05,6050,0.15(2.54 %),147800,888000000,0,0,5900,6080,5900
2022-08-24,6.08,6080,-0.02(-0.33 %),79500,484000000,0,0,6150,6170,6070
2022-08-25,6.1,6100,0(0.00 %),142700,867000000,0,0,6090,6120,6010
2022-08-26,6.13,6130,0.03(0.49 %),279700,1734000000,0,0,6120,6340,6110
2022-08-29,6.0,6000,-0.1(-1.64 %),219200,1300000000,0,0,5850,6010,5850
2022-08-30,6.04,6040,0.04(0.67 %),143900,867000000,0,0,6100,6110,5950
2022-08-31,6.04,6040,0.04(0.67 %),89200,537000000,0,0,6040,6090,5950
2022-09-05,6.02,6020,0.02(0.33 %),89800,542000000,0,0,5970,6100,5970
2022-09-06,6.04,6040,0.04(0.67 %),69700,419000000,0,0,6060,6060,5990
2022-09-07,5.62,5620,-0.38(-6.33 %),137500,801000000,0,0,6020,6020,5620
2022-09-08,5.58,5580,-0.02(-0.36 %),101600,575000000,0,0,5980,5980,5580
2022-09-09,5.69,5690,0.09(1.61 %),94900,535000000,0,0,5580,5880,5580
2022-09-12,5.9,5900,0.2(3.51 %),132600,776000000,0,0,5610,5970,5610
2022-09-13,6.05,6050,0.15(2.54 %),160600,964000000,0,0,5730,6100,5730
2022-09-14,6.2,6200,0.1(1.64 %),251400,1524000000,0,0,5740,6200,5740
2022-09-15,6.09,6090,-0.11(-1.77 %),100800,617000000,0,0,6260,6260,6050
2022-09-16,5.94,5940,-0.16(-2.62 %),38100,228000000,0,0,6100,6100,5830
2022-09-19,5.8,5800,-0.1(-1.69 %),165400,955000000,0,0,6000,6000,5610
2022-09-20,5.84,5840,0.04(0.69 %),86600,497000000,0,0,5920,5950,5660
2022-09-21,5.81,5810,0.01(0.17 %),82900,478000000,0,0,5680,5840,5680
2022-09-22,5.86,5860,0.06(1.03 %),63500,366000000,0,0,5800,5900,5710
2022-09-23,5.93,5930,0.03(0.51 %),118200,703000000,0,0,5860,6000,5860
2022-09-26,5.72,5720,-0.18(-3.05 %),55100,316000000,0,0,5900,5900,5680
2022-09-27,5.72,5720,0.02(0.35 %),171300,975000000,0,0,5870,5870,5630
2022-09-28,5.66,5660,-0.04(-0.70 %),110100,625000000,0,0,5620,5800,5620
2022-09-29,5.5,5500,-0.2(-3.51 %),70500,390000000,0,0,5800,5800,5460
2022-09-30,5.4,5400,-0.1(-1.82 %),131500,690000000,0,0,5500,5790,5120
2022-10-03,5.15,5150,-0.25(-4.63 %),79600,404000000,0,0,5380,5380,5030
2022-10-04,5.15,5150,-0.05(-0.96 %),5300,27000000,0,0,5460,5460,4990
2022-10-05,5.22,5220,0.02(0.38 %),107800,566000000,0,0,5150,5480,5050
2022-10-06,5.24,5240,0.04(0.77 %),64600,345000000,0,0,5380,5500,5200
2022-10-07,4.9,4900,-0.3(-5.77 %),115000,565000000,0,0,5050,5240,4880
2022-10-10,4.57,4570,-0.33(-6.73 %),145000,666000000,0,0,4580,4880,4560
2022-10-11,4.26,4260,-0.34(-7.39 %),132500,570000000,0,0,4510,4700,4260
2022-10-12,4.2,4200,-0.1(-2.33 %),702800,2804000000,0,0,4000,4490,3970
2022-10-13,4.15,4150,-0.05(-1.19 %),38000,157000000,0,0,4200,4220,4100
2022-10-14,4.07,4070,-0.13(-3.10 %),144100,589000000,0,0,4200,4220,3920
2022-10-17,4.04,4040,-0.06(-1.46 %),51500,206000000,0,0,4050,4080,3930
2022-10-18,4.2,4200,0.2(5.00 %),392700,1597000000,0,0,4160,4200,4000
2022-10-19,4.2,4200,0(0.00 %),79600,332000000,0,0,4260,4260,4110
2022-10-20,4.13,4130,-0.07(-1.67 %),42500,174000000,0,0,4240,4240,4040
2022-10-21,3.9,3900,-0.2(-4.88 %),205900,810000000,0,0,4010,4140,3850
2022-10-24,3.63,3630,-0.27(-6.92 %),130100,476000000,0,0,3980,3980,3630
2022-10-25,3.38,3380,-0.22(-6.11 %),328100,1115000000,0,0,3550,3730,3380
2022-10-26,3.15,3150,-0.25(-7.35 %),403100,1273000000,0,0,3480,3480,3150
2022-10-27,3.16,3160,-0.04(-1.25 %),769000,2267000000,0,0,3170,3170,2930
2022-10-28,3.24,3240,0.04(1.25 %),162100,528000000,0,0,3240,3300,3160
2022-10-31,3.1,3100,-0.1(-3.12 %),256700,800000000,0,0,3300,3400,3020
2022-11-01,3.1,3100,0(0.00 %),143500,444000000,0,0,3110,3140,3040
2022-11-02,3.1,3100,0(0.00 %),50500,156000000,0,0,3120,3150,3050
2022-11-03,3.1,3100,0(0.00 %),49000,150000000,0,0,3050,3100,3050
2022-11-04,2.89,2890,-0.21(-6.77 %),124300,365000000,0,0,3040,3100,2890
2022-11-07,2.69,2690,-0.21(-7.24 %),151200,410000000,0,0,2910,2920,2690
2022-11-08,2.66,2660,-0.04(-1.48 %),117600,297000000,0,0,2600,2690,2510
2022-11-09,2.65,2650,-0.05(-1.85 %),135900,361000000,0,0,2740,2770,2510
2022-11-10,2.47,2470,-0.23(-8.52 %),235900,588000000,0,0,2600,2640,2470
2022-11-11,2.3,2300,-0.2(-8.00 %),139300,325000000,0,0,2530,2530,2300
2022-11-14,2.14,2140,-0.16(-6.96 %),272000,583000000,0,0,2210,2250,2140
2022-11-15,2.0,2000,-0.1(-4.76 %),248900,498000000,0,0,2100,2130,2000
2022-11-16,2.14,2140,0.14(7.00 %),288900,564000000,0,0,1880,2140,1860
2022-11-17,2.28,2280,0.18(8.57 %),249300,565000000,0,0,2250,2280,2230
2022-11-18,2.36,2360,0.06(2.61 %),130700,297000000,0,0,2370,2370,2180
2022-11-21,2.52,2520,0.12(5.00 %),139000,347000000,0,0,2370,2520,2370
2022-11-22,2.69,2690,0.19(7.60 %),126300,337000000,0,0,2640,2690,2600
2022-11-23,2.62,2620,-0.08(-2.96 %),277700,766000000,0,0,2850,2870,2520
2022-11-24,2.7,2700,0.08(3.05 %),66300,178000000,0,0,2520,2790,2520
2022-11-25,2.85,2850,0.15(5.56 %),74100,208000000,0,0,2840,2850,2730
2022-11-28,3.04,3040,0.14(4.83 %),181700,546000000,0,0,2940,3040,2850
2022-11-29,3.18,3180,0.18(6.00 %),232100,745000000,0,0,3250,3250,3080
2022-11-30,3.4,3400,0.2(6.25 %),230800,776000000,0,0,3280,3400,3220
2022-12-01,3.52,3520,0.12(3.53 %),288200,1040000000,0,0,3580,3630,3500
2022-12-02,3.67,3670,0.17(4.86 %),137500,475000000,0,0,3500,3670,3340
2022-12-05,3.65,3650,-0.05(-1.35 %),102800,381000000,0,0,3820,3880,3650
2022-12-06,3.4,3400,-0.3(-8.11 %),194400,665000000,0,0,3510,3650,3400
2022-12-07,3.17,3170,-0.23(-6.76 %),339600,1079000000,0,0,3170,3400,3170
2022-12-08,3.27,3270,0.07(2.19 %),136800,446000000,0,0,3350,3350,3170
2022-12-09,3.33,3330,0.03(0.91 %),120800,394000000,0,0,3290,3350,3130
2022-12-12,3.3,3300,0(0.00 %),136600,462000000,0,0,3420,3420,3260
2022-12-13,3.2,3200,-0.1(-3.03 %),96600,307000000,0,0,3160,3330,3140
2022-12-14,3.33,3330,0.13(4.06 %),141100,464000000,0,0,3310,3330,3250
2022-12-15,3.35,3350,0.05(1.52 %),74100,249000000,0,0,3370,3460,3330
2022-12-16,3.4,3400,0(0.00 %),112600,382000000,0,0,3310,3450,3310
2022-12-19,3.45,3450,0.05(1.47 %),43200,147000000,0,0,3400,3450,3320
2022-12-20,3.21,3210,-0.29(-8.29 %),113500,366000000,0,0,3440,3460,3210
2022-12-21,3.2,3200,0(0.00 %),134000,416000000,0,0,3130,3390,3040
2022-12-22,3.17,3170,-0.03(-0.94 %),38100,119000000,0,0,3370,3370,3080
2022-12-23,3.1,3100,-0.1(-3.12 %),25000,77000000,0,0,3190,3290,3050
2022-12-26,2.9,2900,-0.2(-6.45 %),173800,512000000,0,0,3170,3170,2900
2022-12-27,2.99,2990,0.09(3.10 %),80800,234000000,0,0,2900,3000,2800
2022-12-28,3.07,3070,0.07(2.33 %),8800,26000000,0,0,3070,3070,2910
2022-12-29,3.07,3070,-0.03(-0.97 %),29300,88000000,0,0,3070,3100,2990
2022-12-30,3.07,3070,-0.03(-0.97 %),23700,71000000,0,0,2900,3100,2900
2023-01-03,3.28,3280,0.18(5.81 %),239400,768000000,0,0,3040,3280,3000
2023-01-04,3.3,3300,0(0.00 %),124400,421000000,0,0,3480,3480,3280
2023-01-05,3.34,3340,0.04(1.21 %),133300,437000000,0,0,3300,3420,3200
2023-01-06,3.57,3570,0.27(8.18 %),306400,1053000000,0,0,3350,3570,3300
2023-01-09,3.81,3810,0.21(5.83 %),605400,2303000000,0,0,3810,3810,3630
2023-01-10,4.07,4070,0.27(7.11 %),901200,3661000000,0,0,4070,4070,3900
2023-01-11,3.97,3970,-0.13(-3.17 %),510100,1978000000,0,0,4200,4200,3790
2023-01-12,3.7,3700,-0.3(-7.50 %),315600,1178000000,0,0,3950,3960,3700
2023-01-13,3.51,3510,-0.19(-5.14 %),221700,791000000,0,0,3700,3700,3510
2023-01-16,3.59,3590,0.09(2.57 %),142100,500000000,0,0,3590,3590,3410
2023-01-17,3.71,3710,0.11(3.06 %),290600,1053000000,0,0,3500,3710,3500
2023-01-18,3.73,3730,0.03(0.81 %),69200,257000000,0,0,3660,3820,3660
2023-01-19,3.65,3650,-0.05(-1.35 %),167300,612000000,0,0,3700,3800,3600
2023-01-27,3.78,3780,0.08(2.16 %),162500,607000000,0,0,3750,3800,3670
2023-01-30,3.89,3890,0.09(2.37 %),258300,984000000,0,0,3780,3940,3730
2023-01-31,3.73,3730,-0.17(-4.36 %),299600,1112000000,0,0,3920,3920,3650
2023-02-01,3.76,3760,0.06(1.62 %),486700,1883000000,0,0,3950,3970,3500
2023-02-02,3.74,3740,-0.06(-1.58 %),235300,866000000,0,0,3730,3850,3570
2023-02-03,3.69,3690,-0.01(-0.27 %),68800,254000000,0,0,3750,3790,3630
2023-02-06,3.7,3700,0(0.00 %),108700,396000000,0,0,3770,3770,3600
2023-02-07,3.65,3650,-0.05(-1.35 %),93000,336000000,0,0,3700,3700,3500
2023-02-08,3.6,3600,-0.1(-2.70 %),234200,819000000,0,0,3650,3650,3400
2023-02-09,3.51,3510,-0.09(-2.50 %),77000,272000000,0,0,3510,3640,3490
2023-02-10,3.49,3490,-0.01(-0.29 %),72900,253000000,0,0,3510,3540,3450
2023-02-13,3.29,3290,-0.21(-6.00 %),235000,772000000,0,0,3390,3480,3250
2023-02-14,3.32,3320,0.02(0.61 %),104500,340000000,0,0,3200,3470,3200
2023-02-15,3.38,3380,0.08(2.42 %),40700,136000000,0,0,3180,3400,3180
2023-02-16,3.38,3380,-0.02(-0.59 %),46700,159000000,0,0,3490,3490,3360
2023-02-17,3.43,3430,0.03(0.88 %),132700,450000000,0,0,3380,3500,3370
2023-02-20,3.67,3670,0.27(7.94 %),279900,1023000000,0,0,3500,3670,3500
2023-02-21,3.71,3710,0.01(0.27 %),173300,638000000,0,0,3750,3750,3650
2023-02-22,3.55,3550,-0.15(-4.05 %),138000,493000000,0,0,3700,3700,3530
2023-02-23,3.5,3500,-0.1(-2.78 %),112800,387000000,0,0,3480,3590,3350
2023-02-24,3.48,3480,-0.02(-0.57 %),27800,94000000,0,0,3500,3590,3270
2023-02-27,3.4,3400,-0.1(-2.86 %),75300,255000000,0,0,3600,3600,3240
2023-02-28,3.36,3360,-0.04(-1.18 %),39700,133000000,0,0,3310,3480,3300
2023-03-01,3.44,3440,0.04(1.18 %),95100,322000000,0,0,3360,3450,3310
2023-03-02,3.44,3440,0.04(1.18 %),16300,55000000,0,0,3480,3490,3410
2023-03-03,3.42,3420,0.02(0.59 %),18500,63000000,0,0,3480,3480,3390
2023-03-06,3.43,3430,0.03(0.88 %),100300,346000000,0,0,3530,3550,3410
2023-03-07,3.33,3330,-0.07(-2.06 %),54800,186000000,0,0,3520,3520,3300
2023-03-08,3.41,3410,0.11(3.33 %),27000,90000000,0,0,3330,3430,3330
2023-03-09,3.43,3430,0.03(0.88 %),55900,192000000,0,0,3500,3500,3350
2023-03-10,3.35,3350,-0.05(-1.47 %),58500,196000000,0,0,3470,3470,3340
2023-03-13,3.39,3390,-0.01(-0.29 %),67800,225000000,0,0,3350,3460,3280
2023-03-14,3.34,3340,-0.06(-1.76 %),48500,159000000,0,0,3440,3440,3200
2023-03-15,3.34,3340,0.04(1.21 %),98800,332000000,0,0,3340,3440,3340
2023-03-16,3.36,3360,0.06(1.82 %),34700,113000000,0,0,3340,3370,3230
2023-03-17,3.26,3260,-0.14(-4.12 %),56900,187000000,0,0,3360,3380,3250
2023-03-20,3.2,3200,-0.1(-3.03 %),31300,101000000,0,0,3330,3330,3200
2023-03-21,3.27,3270,0.07(2.19 %),40400,131000000,0,0,3210,3300,3200
2023-03-22,3.22,3220,-0.08(-2.42 %),15800,51000000,0,0,3290,3300,3220
2023-03-23,3.28,3280,0.08(2.50 %),90800,294000000,0,0,3240,3300,3180
2023-03-24,3.3,3300,0(0.00 %),70900,232000000,0,0,3280,3300,3280
2023-03-27,3.37,3370,0.07(2.12 %),63200,210000000,0,0,3300,3370,3250
2023-03-28,3.37,3370,-0.03(-0.88 %),31000,104000000,0,0,3400,3400,3310
2023-03-29,3.39,3390,-0.01(-0.29 %),22100,74000000,0,0,3470,3470,3300
2023-03-30,3.38,3380,-0.02(-0.59 %),54200,182000000,0,0,3320,3390,3310
2023-03-31,3.37,3370,-0.03(-0.88 %),15800,52000000,0,0,3380,3380,3310
2023-04-03,3.49,3490,0.09(2.65 %),79700,280000000,0,0,3580,3580,3400
2023-04-04,3.5,3500,0(0.00 %),39700,138000000,0,0,3490,3500,3470
2023-04-05,3.49,3490,-0.01(-0.29 %),143200,492000000,0,0,3550,3550,3400
2023-04-06,3.54,3540,0.04(1.14 %),174100,622000000,0,0,3480,3700,3480
2023-04-07,3.52,3520,0.02(0.57 %),37900,132000000,0,0,3500,3630,3430
2023-04-10,3.42,3420,-0.08(-2.29 %),84300,294000000,0,0,3520,3600,3410
2023-04-11,3.49,3490,0.09(2.65 %),41000,138000000,0,0,3430,3540,3300
2023-04-12,3.4,3400,-0.1(-2.86 %),74500,251000000,0,0,3490,3490,3320
2023-04-13,3.35,3350,-0.05(-1.47 %),52600,173000000,0,0,3350,3420,3200
2023-04-14,3.21,3210,-0.19(-5.59 %),81100,264000000,0,0,3260,3350,3210
2023-04-17,3.25,3250,0.05(1.56 %),21200,67000000,0,0,3170,3280,3170
2023-04-18,3.25,3250,-0.05(-1.52 %),32900,106000000,0,0,3250,3250,3160
2023-04-19,3.22,3220,-0.08(-2.42 %),48800,157000000,0,0,3280,3280,3200
2023-04-20,3.2,3200,0(0.00 %),84200,266000000,0,0,3260,3260,3140
2023-04-21,3.2,3200,0(0.00 %),6400,20000000,0,0,3150,3250,3150
2023-04-24,3.22,3220,0.02(0.62 %),43800,140000000,0,0,3260,3270,3160
2023-04-25,3.2,3200,0(0.00 %),101400,321000000,0,0,3170,3300,3140
2023-04-26,3.2,3200,0(0.00 %),21500,68000000,0,0,3200,3240,3130
2023-04-27,3.18,3180,-0.02(-0.62 %),27300,86000000,0,0,3150,3260,3150
2023-04-28,3.19,3190,0.01(0.31 %),84400,268000000,0,0,3180,3230,3160
2023-05-04,3.17,3170,-0.02(-0.63 %),129600,402000000,0,0,3190,3190,3060
2023-05-05,3.16,3160,-0.01(-0.32 %),50500,157000000,0,0,3150,3180,3100
2023-05-08,3.18,3180,0.02(0.63 %),88300,280000000,0,0,3170,3200,3130
2023-05-09,3.19,3190,-0.01(-0.31 %),171000,540000000,0,0,3180,3190,3130
2023-05-10,3.37,3370,0.17(5.31 %),250200,823000000,0,0,3190,3370,3190
2023-05-11,3.37,3370,-0.03(-0.88 %),185200,631000000,0,0,3380,3500,3310
2023-05-12,3.37,3370,-0.03(-0.88 %),119100,401000000,0,0,3370,3440,3300
2023-05-15,3.4,3400,0.03(0.89 %),340600,1174000000,0,0,3410,3550,3380
2023-05-16,3.37,3370,-0.03(-0.88 %),94900,317000000,0,0,3490,3490,3300
2023-05-17,3.35,3350,-0.02(-0.59 %),177500,599000000,0,0,3400,3420,3350
2023-05-18,3.31,3310,-0.04(-1.19 %),155800,515000000,0,0,3340,3390,3250
2023-05-19,3.26,3260,-0.05(-1.51 %),113500,371000000,0,0,3310,3310,3240
2023-05-22,3.27,3270,0.01(0.31 %),219400,707000000,0,0,3250,3270,3200
2023-05-23,3.26,3260,-0.01(-0.31 %),105100,341000000,0,0,3240,3280,3220
2023-05-24,3.33,3330,0.07(2.15 %),275400,913000000,0,0,3250,3390,3250
2023-05-25,3.31,3310,-0.02(-0.60 %),166000,549000000,0,0,3310,3360,3280
2023-05-26,3.42,3420,0.11(3.32 %),390100,1311000000,0,0,3320,3440,3300
2023-05-29,3.65,3650,0.23(6.73 %),401800,1466000000,0,0,3650,3650,3650
2023-05-30,3.9,3900,0.25(6.85 %),457200,1783000000,0,0,3900,3900,3900
2023-05-31,4.17,4170,0.27(6.92 %),621000,2589000000,0,0,4170,4170,4170
2023-06-01,4.46,4460,0.29(6.95 %),3533400,15739000000,0,0,4460,4460,4260
2023-06-02,4.77,4770,0.31(6.95 %),2236700,10642000000,0,0,4730,4770,4500
2023-06-05,4.8,4800,0.03(0.63 %),1459900,7162000000,0,0,4950,5100,4700
2023-06-06,4.89,4890,0.09(1.88 %),868100,4102000000,0,0,4610,4900,4610
2023-06-07,4.88,4880,-0.01(-0.20 %),1087700,5285000000,0,0,4890,5100,4760
2023-06-08,5.22,5220,0.34(6.97 %),836200,4352000000,0,0,5000,5220,5000
2023-06-09,5.15,5150,-0.07(-1.34 %),1169400,6109000000,0,0,5540,5540,4860
2023-06-12,5.07,5070,-0.08(-1.55 %),838800,4199000000,0,0,5170,5200,4900
2023-06-13,5.42,5420,0.35(6.90 %),1008300,5214000000,0,0,5100,5420,4910
2023-06-14,5.33,5330,-0.09(-1.66 %),978400,5373000000,0,0,5780,5780,5270
2023-06-15,4.96,4960,-0.37(-6.94 %),699600,3511000000,0,0,5330,5330,4960
2023-06-16,4.63,4630,-0.37(-7.40 %),945300,4636000000,0,0,5100,5100,4630
2023-06-19,4.31,4310,-0.29(-6.30 %),1214300,5306000000,0,0,4470,4630,4310
2023-06-20,4.5,4500,0.2(4.65 %),564400,2437000000,0,0,4200,4500,4180
2023-06-21,4.5,4500,0(0.00 %),526000,2370000000,0,0,4670,4670,4400
2023-06-22,4.49,4490,-0.01(-0.22 %),545000,2442000000,0,0,4500,4590,4410
2023-06-23,4.8,4800,0.3(6.67 %),1082900,5059000000,0,0,4490,4800,4460
2023-06-26,4.47,4470,-0.33(-6.88 %),1084900,4933000000,0,0,4680,4980,4470
2023-06-27,4.3,4300,-0.2(-4.44 %),666700,2872000000,0,0,4450,4560,4180
2023-06-28,4.23,4230,-0.07(-1.63 %),518200,2219000000,0,0,4370,4410,4200
2023-06-29,4.06,4060,-0.14(-3.33 %),574700,2355000000,0,0,4270,4270,4010
2023-06-30,4.07,4070,-0.03(-0.73 %),290100,1178000000,0,0,4030,4140,4010
2023-07-03,4.3,4300,0.2(4.88 %),428200,1800000000,0,0,4190,4340,4120
2023-07-04,4.58,4580,0.28(6.51 %),788200,3554000000,0,0,4300,4600,4290
2023-07-05,4.44,4440,-0.16(-3.48 %),311900,1409000000,0,0,4600,4600,4440
2023-07-06,4.25,4250,-0.15(-3.41 %),315200,1359000000,0,0,4430,4530,4220
2023-07-07,4.27,4270,-0.03(-0.70 %),270600,1148000000,0,0,4210,4400,4170
2023-07-10,4.4,4400,0.1(2.33 %),328700,1448000000,0,0,4370,4490,4320
2023-07-11,4.4,4400,0(0.00 %),221900,979000000,0,0,4400,4470,4350
2023-07-12,4.3,4300,-0.1(-2.27 %),194600,846000000,0,0,4400,4450,4250
2023-07-13,4.36,4360,0.06(1.40 %),397700,1732000000,0,0,4300,4440,4300
2023-07-14,4.44,4440,0.04(0.91 %),442300,1964000000,0,0,4460,4540,4390
2023-07-17,4.75,4750,0.35(7.95 %),665900,3098000000,0,0,4500,4750,4500
2023-07-18,4.68,4680,-0.12(-2.50 %),490600,2316000000,0,0,4750,4880,4610
2023-07-19,4.45,4450,-0.25(-5.32 %),442300,2001000000,0,0,4680,4740,4450
2023-07-20,4.53,4530,0.03(0.67 %),265000,1190000000,0,0,4450,4550,4440
2023-07-21,4.59,4590,0.09(2.00 %),417300,1899000000,0,0,4580,4690,4470
2023-07-24,4.87,4870,0.27(5.87 %),933800,4435000000,0,0,4740,4890,4610
2023-07-25,4.78,4780,-0.12(-2.45 %),1071400,5144000000,0,0,4900,4900,4770
2023-07-26,4.8,4800,0.02(0.42 %),500500,2417000000,0,0,4780,4950,4780
2023-07-27,4.93,4930,0.13(2.71 %),1017200,4938000000,0,0,4800,5000,4700
2023-07-28,5.27,5270,0.37(7.55 %),1664000,8600000000,0,0,5000,5270,4990
2023-07-31,5.49,5490,0.19(3.58 %),883400,4842000000,0,0,5630,5630,5270
2023-08-01,5.25,5250,-0.25(-4.55 %),1529500,8246000000,0,0,5510,5640,5230
2023-08-02,5.43,5430,0.13(2.45 %),748500,3984000000,0,0,5270,5450,5200
2023-08-03,5.26,5260,-0.14(-2.59 %),704600,3766000000,0,0,5380,5430,5250
2023-08-04,5.45,5450,0.19(3.61 %),567100,3049000000,0,0,5400,5450,5280
2023-08-07,5.43,5430,-0.02(-0.37 %),616400,3327000000,0,0,5550,5550,5310
2023-08-08,5.64,5640,0.21(3.87 %),1041000,5751000000,0,0,5430,5750,5350
2023-08-09,5.65,5650,0.01(0.18 %),480700,2689000000,0,0,5650,5730,5510
2023-08-10,5.72,5720,0.07(1.24 %),838400,4827000000,0,0,5680,5890,5650
2023-08-11,5.61,5610,-0.11(-1.92 %),553600,3111000000,0,0,5720,5880,5480
2023-08-14,6.0,6000,0.4(7.14 %),922800,5415000000,0,0,5710,6000,5710
2023-08-15,6.09,6090,0.09(1.50 %),549000,3336000000,0,0,6300,6300,5910
2023-08-16,5.95,5950,-0.15(-2.46 %),768200,4556000000,0,0,6090,6090,5800
2023-08-17,5.79,5790,-0.21(-3.50 %),868500,5069000000,0,0,5950,5980,5760
2023-08-18,5.39,5390,-0.41(-7.07 %),1486600,8108000000,0,0,5590,5700,5390
2023-08-21,5.28,5280,-0.12(-2.22 %),665400,3486000000,0,0,5100,5380,5100
2023-08-22,5.24,5240,-0.06(-1.13 %),470400,2402000000,0,0,5360,5360,4920
2023-08-23,5.15,5150,-0.09(-1.72 %),187700,976000000,0,0,5260,5280,5100
2023-08-24,5.26,5260,0.11(2.14 %),287500,1502000000,0,0,5150,5270,5150
2023-08-25,5.22,5220,-0.04(-0.76 %),195100,1023000000,0,0,5380,5380,5210
2023-08-28,5.2,5200,-0.02(-0.38 %),226500,1170000000,0,0,5300,5320,5090
2023-08-29,5.26,5260,0.06(1.15 %),363600,1929000000,0,0,5300,5420,5210
2023-08-30,5.27,5270,0.01(0.19 %),111900,588000000,0,0,5260,5370,5220
2023-08-31,5.42,5420,0.15(2.85 %),404600,2158000000,0,0,5270,5420,5250
2023-09-05,5.6,5600,0.18(3.32 %),455000,2508000000,0,0,5500,5650,5440
2023-09-06,5.58,5580,-0.02(-0.36 %),401500,2235000000,0,0,5600,5730,5500
2023-09-07,5.55,5550,-0.03(-0.54 %),439800,2464000000,0,0,5580,5740,5530
2023-09-08,5.53,5530,-0.02(-0.36 %),504900,2822000000,0,0,5550,5650,5500
2023-09-11,5.27,5270,-0.26(-4.70 %),593700,3185000000,0,0,5550,5580,5160
2023-09-12,5.27,5270,0(0.00 %),282400,1479000000,0,0,5360,5360,5200
2023-09-13,5.12,5120,-0.15(-2.85 %),707900,3664000000,0,0,5310,5310,5100
2023-09-14,4.88,4880,-0.24(-4.69 %),436700,2164000000,0,0,5120,5120,4850
2023-09-15,4.9,4900,0.02(0.41 %),216700,1065000000,0,0,4880,4990,4880
2023-09-18,4.7,4700,-0.2(-4.08 %),263800,1259000000,0,0,4880,4900,4700
2023-09-19,4.65,4650,-0.05(-1.06 %),225000,1038000000,0,0,4720,4770,4500
2023-09-20,4.95,4950,0.3(6.45 %),142400,678000000,0,0,4550,4950,4550
2023-09-21,4.77,4770,-0.18(-3.64 %),144900,701000000,0,0,4980,4980,4770
2023-09-22,4.53,4530,-0.24(-5.03 %),386700,1743000000,0,0,4700,4700,4440
2023-09-25,4.22,4220,-0.31(-6.84 %),250800,1105000000,0,0,4530,4660,4220
2023-09-26,4.12,4120,-0.1(-2.37 %),160300,667000000,0,0,4020,4250,4020
2023-09-27,4.15,4150,0.03(0.73 %),161600,655000000,0,0,4120,4150,4000
2023-09-28,4.07,4070,-0.08(-1.93 %),93600,385000000,0,0,4190,4190,4070
2023-09-29,4.18,4180,0.11(2.70 %),167700,694000000,0,0,4190,4190,4080
2023-10-02,4.21,4210,0.03(0.72 %),56400,239000000,0,0,4220,4290,4200
2023-10-03,4.0,4000,-0.21(-4.99 %),203300,826000000,0,0,4200,4200,4000
2023-10-04,4.06,4060,0.06(1.50 %),112500,453000000,0,0,3970,4180,3750
2023-10-05,4.09,4090,0.03(0.74 %),153400,621000000,0,0,4180,4180,4000
2023-10-06,4.07,4070,-0.02(-0.49 %),54800,222000000,0,0,4080,4090,4030
2023-10-09,4.08,4080,0.01(0.25 %),120000,490000000,0,0,4130,4130,4060
2023-10-10,4.13,4130,0.05(1.23 %),253700,1049000000,0,0,4020,4240,4020
2023-10-11,4.19,4190,0.06(1.45 %),196500,815000000,0,0,4140,4200,4130
2023-10-12,4.48,4480,0.29(6.92 %),554700,2438000000,0,0,4130,4480,4130
2023-10-13,4.65,4650,0.17(3.79 %),546700,2508000000,0,0,4590,4770,4480
2023-10-16,4.44,4440,-0.21(-4.52 %),277400,1267000000,0,0,4640,4730,4440
2023-10-17,4.42,4420,-0.02(-0.45 %),174500,770000000,0,0,4310,4680,4310
2023-10-18,4.12,4120,-0.3(-6.79 %),289300,1219000000,0,0,4400,4400,4120
2023-10-19,3.98,3980,-0.14(-3.40 %),263000,1019000000,0,0,4110,4110,3840
2023-10-20,4.17,4170,0.19(4.77 %),160800,627000000,0,0,3980,4180,3760
2023-10-23,4.01,4010,-0.16(-3.84 %),56200,226000000,0,0,4170,4170,3970
2023-10-24,4.03,4030,0.02(0.50 %),66800,267000000,0,0,4010,4060,3990
2023-10-25,3.95,3950,-0.08(-1.99 %),102000,412000000,0,0,4180,4180,3950
2023-10-26,3.68,3680,-0.27(-6.84 %),250300,930000000,0,0,3810,4020,3680
2023-10-27,3.74,3740,0.06(1.63 %),261600,948000000,0,0,3700,3800,3500
2023-10-30,3.78,3780,0.04(1.07 %),44400,166000000,0,0,3750,3790,3700
2023-10-31,3.75,3750,-0.03(-0.79 %),78900,291000000,0,0,3840,3840,3620
2023-11-01,3.74,3740,-0.01(-0.27 %),74100,270000000,0,0,3750,3750,3570
2023-11-02,3.99,3990,0.25(6.68 %),111900,432000000,0,0,3830,4000,3720
2023-11-03,3.93,3930,-0.06(-1.50 %),104600,411000000,0,0,4040,4040,3900
2023-11-06,3.9,3900,-0.03(-0.76 %),52200,202000000,0,0,3940,3980,3840
2023-11-07,3.88,3880,-0.02(-0.51 %),42100,162000000,0,0,3840,3930,3840
2023-11-08,4.04,4040,0.16(4.12 %),153300,603000000,0,0,3750,4090,3750
2023-11-09,4.16,4160,0.12(2.97 %),226000,926000000,0,0,4100,4200,4040
2023-11-10,4.15,4150,-0.01(-0.24 %),146900,603000000,0,0,4150,4230,4070
2023-11-13,4.11,4110,-0.04(-0.96 %),62300,256000000,0,0,4180,4200,4010
2023-11-14,4.09,4090,-0.02(-0.49 %),82900,337000000,0,0,4150,4150,4040
2023-11-15,4.1,4100,0.01(0.24 %),130300,539000000,0,0,4120,4250,4100
2023-11-16,4.1,4100,0(0.00 %),32300,132000000,0,0,4100,4100,4070
2023-11-17,4.21,4210,0.11(2.68 %),379400,1614000000,0,0,4100,4370,4100
2023-11-20,4.11,4110,-0.1(-2.38 %),113000,464000000,0,0,4100,4150,4100
2023-11-21,4.3,4300,0.19(4.62 %),254500,1077000000,182800,700124000,4120,4310,4120
2023-11-22,4.35,4350,0.05(1.16 %),235000,1022000000,0,0,4400,4400,4250
2023-11-23,4.13,4130,-0.22(-5.06 %),362200,1554000000,0,0,4400,4400,4130
2023-11-24,4.07,4070,-0.06(-1.45 %),160800,653000000,0,0,4150,4270,4000
2023-11-27,4.01,4010,-0.06(-1.47 %),95200,385000000,0,0,4100,4170,4010
2023-11-28,4.05,4050,0.04(1.00 %),65100,261000000,0,0,4010,4130,4000
2023-11-29,4.05,4050,0(0.00 %),127800,517000000,0,0,4040,4080,4020
2023-11-30,4.05,4050,0(0.00 %),78400,319000000,0,0,4090,4130,4020
2023-12-01,4.0,4000,-0.05(-1.23 %),70400,281000000,0,0,4070,4070,3990
2023-12-04,4.13,4130,0.13(3.25 %),229800,936000000,0,0,4000,4180,4000
2023-12-05,4.08,4080,-0.05(-1.21 %),128900,529000000,0,0,4200,4210,4080
2023-12-06,4.14,4140,0.06(1.47 %),255800,1050000000,0,0,4130,4170,4050
2023-12-07,4.23,4230,0.09(2.17 %),353000,1482000000,0,0,4180,4300,4120
2023-12-08,4.12,4120,-0.11(-2.60 %),125600,522000000,0,0,4290,4290,4100
2023-12-11,4.11,4110,-0.01(-0.24 %),110100,453000000,0,0,4150,4150,4110
2023-12-12,4.11,4110,0(0.00 %),128000,525000000,0,0,4120,4150,4080
2023-12-13,4.09,4090,-0.02(-0.49 %),89500,365000000,0,0,4120,4150,4040
2023-12-14,4.09,4090,0(0.00 %),46700,190000000,0,0,4090,4130,4060
2023-12-15,4.08,4080,-0.01(-0.24 %),89300,361000000,0,0,4060,4110,4010
2023-12-18,4.07,4070,-0.01(-0.25 %),65400,265000000,0,0,4020,4130,4020
2023-12-19,4.05,4050,-0.02(-0.49 %),105500,428000000,0,0,4070,4120,4020
2023-12-20,4.06,4060,0.01(0.25 %),111400,449000000,0,0,4070,4070,4000
2023-12-21,4.05,4050,-0.01(-0.25 %),65400,263000000,0,0,4090,4090,4010
2023-12-22,4.02,4020,-0.03(-0.74 %),61000,246000000,0,0,4030,4080,4020
2023-12-25,4.06,4060,0.04(1.00 %),169400,681000000,0,0,4020,4070,4000
2023-12-26,4.02,4020,-0.04(-0.99 %),123600,497000000,0,0,4060,4070,4020
2023-12-27,4.05,4050,0.03(0.75 %),104500,421000000,0,0,4060,4060,4010
2023-12-28,4.07,4070,0.02(0.49 %),81400,330000000,0,0,4050,4080,4030
2023-12-29,4.1,4100,0.03(0.74 %),212000,869000000,0,0,4080,4140,4080
2024-01-02,4.1,4100,0(0.00 %),118800,488000000,0,0,4110,4130,4100
2024-01-03,4.15,4150,0.05(1.22 %),115000,474000000,0,0,4070,4150,4060
2024-01-04,4.19,4190,0.04(0.96 %),392600,1647000000,0,0,4150,4230,4150
2024-01-05,4.16,4160,-0.03(-0.72 %),118900,497000000,0,0,4230,4240,4140
2024-01-08,4.18,4180,0.02(0.48 %),166700,694000000,0,0,4120,4240,4120
2024-01-09,4.15,4150,-0.03(-0.72 %),93100,386000000,0,0,4200,4250,4130
2024-01-10,4.12,4120,-0.03(-0.72 %),78500,322000000,0,0,4120,4150,4090
2024-01-11,4.12,4120,0(0.00 %),64300,263000000,0,0,4120,4150,4060
2024-01-12,4.0,4000,-0.12(-2.91 %),315400,1267000000,0,0,4090,4120,4000
2024-01-15,4.01,4010,0.01(0.25 %),59200,237000000,0,0,4000,4080,4000
2024-01-16,4.03,4030,0.02(0.50 %),62100,248000000,0,0,4000,4030,3910
2024-01-17,4.03,4030,0(0.00 %),34900,139000000,0,0,3940,4060,3940
2024-01-18,4.03,4030,0(0.00 %),55200,221000000,0,0,3990,4050,3990
2024-01-19,4.03,4030,0(0.00 %),78800,317000000,0,0,4050,4080,4010
2024-01-22,4.02,4020,-0.01(-0.25 %),38600,155000000,0,0,4010,4040,4010
2024-01-23,4.02,4020,0(0.00 %),67300,269000000,0,0,4030,4030,3980
2024-01-24,4.0,4000,-0.02(-0.50 %),61300,246000000,0,0,3980,4030,3980
2024-01-25,4.01,4010,0.01(0.25 %),58400,234000000,0,0,3960,4030,3960
2024-01-26,4.01,4010,0(0.00 %),89100,357000000,0,0,4020,4030,4000
2024-01-29,4.0,4000,-0.01(-0.25 %),79300,317000000,0,0,4030,4030,4000
2024-01-30,4.02,4020,0.02(0.50 %),51900,207000000,0,0,4000,4020,3980
2024-01-31,3.92,3920,-0.1(-2.49 %),177900,705000000,0,0,4010,4020,3900
2024-02-01,3.94,3940,0.02(0.51 %),121000,470000000,0,0,3930,3980,3850
2024-02-02,3.94,3940,0(0.00 %),53000,206000000,0,0,3940,3960,3800
2024-02-05,3.86,3860,-0.08(-2.03 %),72200,279000000,0,0,3940,3940,3800
2024-02-06,3.87,3870,0.01(0.26 %),47500,183000000,0,0,3860,3890,3840
2024-02-07,3.92,3920,0.05(1.29 %),66700,257000000,0,0,3900,3920,3840
2024-02-15,3.97,3970,0.05(1.28 %),33600,133000000,0,0,3920,3980,3920
2024-02-16,3.96,3960,-0.01(-0.25 %),31200,123000000,0,0,3970,3990,3900
2024-02-19,3.94,3940,-0.02(-0.51 %),98500,388000000,0,0,3970,3970,3910
2024-02-20,3.94,3940,0(0.00 %),129500,508000000,0,0,3950,3970,3900
2024-02-21,3.94,3940,0(0.00 %),108400,424000000,0,0,3940,3940,3900
2024-02-22,4.02,4020,0.08(2.03 %),147500,591000000,0,0,3940,4060,3940
2024-02-23,3.97,3970,-0.05(-1.24 %),231900,933000000,0,0,4030,4070,3960
2024-02-26,3.97,3970,0(0.00 %),117800,461000000,0,0,3990,3990,3900
2024-02-27,3.96,3960,-0.01(-0.25 %),74900,295000000,0,0,3980,3980,3930
2024-02-28,3.93,3930,-0.03(-0.76 %),158200,618000000,0,0,3960,3960,3900
2024-02-29,3.93,3930,0(0.00 %),50900,201000000,0,0,3960,4000,3910
2024-03-01,3.93,3930,0(0.00 %),44900,175000000,0,0,3930,3930,3890
2024-03-04,3.98,3980,0.05(1.27 %),190800,759000000,0,0,3910,4000,3910
2024-03-05,3.98,3980,0(0.00 %),154300,607000000,0,0,3980,3990,3910
2024-03-06,3.98,3980,0(0.00 %),157400,627000000,0,0,3980,4040,3950
2024-03-07,3.97,3970,0.02(0.51 %),54800,216000000,0,0,3990,3990,3930
2024-03-08,3.95,3950,-0.02(-0.50 %),103400,405000000,0,0,3940,3990,3890
2024-03-11,3.86,3860,-0.09(-2.28 %),44700,174000000,0,0,3970,3970,3860
2024-03-12,3.89,3890,0.03(0.78 %),145700,563000000,0,0,3900,3970,3800
2024-03-13,3.9,3900,0.01(0.26 %),58600,228000000,0,0,3930,3940,3890
2024-03-14,3.89,3890,-0.01(-0.26 %),165000,638000000,0,0,3900,3900,3850
2024-03-15,3.89,3890,0(0.00 %),137700,532000000,0,0,3830,3940,3830
2024-03-18,3.89,3890,0(0.00 %),121700,472000000,0,0,3890,3960,3800
2024-03-19,3.93,3930,0.04(1.03 %),61200,242000000,0,0,4010,4020,3900
2024-03-20,3.93,3930,0(0.00 %),33400,131000000,0,0,3900,3960,3900
2024-03-21,3.99,3990,0.06(1.53 %),499900,1950000000,0,0,3920,3990,3800
2024-03-22,3.98,3980,-0.01(-0.25 %),85200,338000000,0,0,4000,4020,3930
2024-03-25,3.9,3900,-0.08(-2.01 %),133700,525000000,0,0,3980,3980,3900
2024-03-26,3.97,3970,0.07(1.79 %),277000,1086000000,0,0,3900,3970,3880
2024-03-27,3.97,3970,0(0.00 %),78400,310000000,0,0,3970,3980,3920
2024-03-28,3.95,3950,-0.02(-0.50 %),112300,441000000,0,0,3970,3970,3900
2024-03-29,3.94,3940,-0.01(-0.25 %),91600,357000000,0,0,3930,3960,3890
2024-04-01,3.93,3930,-0.01(-0.25 %),86800,335000000,0,0,3890,3930,3840
2024-04-02,3.89,3890,-0.04(-1.02 %),80400,311000000,0,0,3870,3900,3850
2024-04-03,3.85,3850,-0.04(-1.03 %),180100,693000000,0,0,3890,3890,3830
2024-04-04,3.81,3810,-0.04(-1.04 %),96100,366000000,0,0,3830,3850,3800
2024-04-05,3.76,3760,-0.05(-1.31 %),159100,601000000,0,0,3800,3810,3760
2024-04-08,3.75,3750,-0.01(-0.27 %),75900,280000000,0,0,3760,3800,3660
2024-04-09,3.75,3750,0(0.00 %),72500,268000000,0,0,3740,3770,3670
2024-04-10,3.74,3740,-0.01(-0.27 %),78800,294000000,0,0,3700,3750,3680
2024-04-11,3.76,3760,0.02(0.53 %),17800,66000000,0,0,3730,3780,3650
2024-04-12,3.71,3710,-0.05(-1.33 %),77000,284000000,0,0,3760,3760,3600
2024-04-15,3.5,3500,-0.21(-5.66 %),116000,413000000,0,0,3690,3710,3500
2024-04-16,3.41,3410,-0.09(-2.57 %),128400,438000000,0,0,3500,3530,3370
2024-04-17,3.42,3420,0.01(0.29 %),35300,120000000,0,0,3490,3490,3410
2024-04-19,3.39,3390,-0.03(-0.88 %),65200,217000000,0,0,3420,3460,3300
2024-04-22,3.46,3460,0.07(2.06 %),11000,37000000,0,0,3530,3530,3260
2024-04-23,3.22,3220,-0.24(-6.94 %),135200,448000000,0,0,3570,3570,3220
2024-04-24,3.15,3150,-0.07(-2.17 %),622600,1882000000,0,0,3000,3170,3000
2024-04-25,3.0,3000,-0.15(-4.76 %),94100,286000000,0,0,3190,3190,3000
2024-04-26,3.0,3000,0(0.00 %),50100,149000000,0,0,3050,3050,2950
2024-05-02,2.86,2860,-0.14(-4.67 %),150100,428000000,0,0,3080,3080,2790
2024-05-03,2.97,2970,0.11(3.85 %),49700,146000000,0,0,2980,3000,2900
2024-05-06,3.17,3170,0.2(6.73 %),366300,1160000000,0,0,3010,3170,3010
2024-05-07,3.39,3390,0.22(6.94 %),193400,646000000,0,0,3280,3390,3260
2024-05-08,3.36,3360,-0.03(-0.88 %),332100,1157000000,0,0,3590,3600,3160
2024-05-09,3.37,3370,0.01(0.30 %),171300,573000000,0,0,3270,3480,3270
2024-05-10,3.35,3350,-0.02(-0.59 %),117100,391000000,0,0,3360,3390,3300
2024-05-13,3.38,3380,0.03(0.90 %),184300,617000000,0,0,3350,3400,3330
2024-05-14,3.37,3370,-0.01(-0.30 %),76700,257000000,0,0,3420,3420,3320
2024-05-15,3.24,3240,-0.13(-3.86 %),160700,530000000,0,0,3380,3380,3240
2024-05-16,3.24,3240,0(0.00 %),44000,142000000,0,0,3250,3280,3220
2024-05-17,3.24,3240,0(0.00 %),56900,183000000,0,0,3200,3310,3190
2024-05-20,3.3,3300,0.06(1.85 %),107500,353000000,0,0,3240,3360,3240
2024-05-21,3.29,3290,-0.01(-0.30 %),62700,205000000,0,0,3340,3340,3250
2024-05-22,3.36,3360,0.07(2.13 %),168000,565000000,0,0,3320,3480,3290
2024-05-23,3.38,3380,0.02(0.60 %),36400,122000000,0,0,3350,3380,3330
2024-05-24,3.34,3340,-0.04(-1.18 %),75900,250000000,0,0,3370,3370,3250
2024-05-27,3.37,3370,0.03(0.90 %),106700,353000000,0,0,3340,3390,3200
2024-05-28,3.4,3400,0.03(0.89 %),202500,660000000,0,0,3380,3400,3140
2024-05-29,3.46,3460,0.06(1.76 %),97000,332000000,0,0,3390,3500,3360
2024-05-30,3.38,3380,-0.08(-2.31 %),116600,390000000,0,0,3460,3460,3300
2024-05-31,3.37,3370,-0.01(-0.30 %),85600,285000000,0,0,3390,3390,3300
2024-06-03,3.38,3380,0.01(0.30 %),100200,334000000,0,0,3310,3380,3310
2024-06-04,3.35,3350,-0.03(-0.89 %),114100,379000000,0,0,3380,3380,3270
2024-06-05,3.37,3370,0.02(0.60 %),112000,373000000,0,0,3350,3370,3300
2024-06-06,3.28,3280,-0.09(-2.67 %),227500,748000000,0,0,3400,3400,3250
2024-06-07,3.25,3250,-0.03(-0.91 %),268200,870000000,0,0,3280,3280,3210
2024-06-10,3.29,3290,0.04(1.23 %),81500,269000000,0,0,3250,3330,3250
2024-06-11,3.28,3280,-0.01(-0.30 %),42100,137000000,0,0,3260,3310,3230
2024-06-12,3.3,3300,0.02(0.61 %),69000,224000000,0,0,3230,3310,3230
2024-06-13,3.24,3240,-0.06(-1.82 %),138100,449000000,0,0,3310,3310,3240
2024-06-14,3.25,3250,0.01(0.31 %),64600,209000000,0,0,3240,3290,3230
2024-06-17,3.17,3170,-0.08(-2.46 %),113800,357000000,0,0,3100,3230,3100
2024-06-18,3.17,3170,0(0.00 %),34900,110000000,0,0,3240,3240,3160
2024-06-19,3.17,3170,0(0.00 %),48500,151000000,0,0,3180,3180,3040
2024-06-20,3.18,3180,0.01(0.32 %),57500,181000000,0,0,3170,3180,3110
2024-06-21,3.1,3100,-0.08(-2.52 %),50600,158000000,0,0,3180,3180,3100
2024-06-24,3.1,3100,0(0.00 %),61400,189000000,0,0,3120,3190,3030
2024-06-25,3.13,3130,0.03(0.97 %),57700,178000000,0,0,3100,3200,3090
2024-06-26,3.13,3130,0(0.00 %),26000,80000000,0,0,3160,3160,3050
2024-06-27,3.1,3100,-0.03(-0.96 %),78800,242000000,0,0,3100,3130,3050
2024-06-28,3.1,3100,0(0.00 %),38300,118000000,0,0,3100,3160,3080
2024-07-01,3.08,3080,-0.02(-0.65 %),20300,62000000,0,0,3100,3110,3040
2024-07-02,3.08,3080,0(0.00 %),74400,226000000,0,0,3100,3100,3010
2024-07-03,3.09,3090,0.01(0.32 %),56300,172000000,0,0,3110,3110,3050
2024-07-04,3.09,3090,0(0.00 %),54600,166000000,0,0,3100,3100,3050
2024-07-05,3.08,3080,-0.01(-0.32 %),37900,116000000,0,0,3080,3110,3050
2024-07-08,3.08,3080,0(0.00 %),9500,29000000,0,0,3070,3090,3060
2024-07-09,3.08,3080,0(0.00 %),54700,167000000,0,0,3080,3090,3020
2024-07-10,3.06,3060,-0.02(-0.65 %),72000,220000000,0,0,3080,3080,3030
2024-07-11,3.06,3060,0(0.00 %),54000,166000000,0,0,3060,3090,3050
2024-07-12,3.08,3080,0.02(0.65 %),211400,650000000,0,0,3060,3110,3050
2024-07-15,3.07,3070,-0.01(-0.32 %),93900,287000000,0,0,3080,3080,3050
2024-07-16,3.06,3060,-0.01(-0.33 %),86600,263000000,0,0,3070,3080,3030
2024-07-17,3.02,3020,-0.04(-1.31 %),79500,240000000,0,0,3080,3080,3000
2024-07-18,3.03,3030,0.01(0.33 %),53400,160000000,0,0,3020,3060,3000
2024-07-19,3.01,3010,-0.02(-0.66 %),69500,208000000,0,0,3030,3050,2960
2024-07-22,2.98,2980,-0.03(-1.00 %),42300,123000000,0,0,2970,3000,2900
2024-07-23,2.9,2900,-0.08(-2.68 %),59100,172000000,0,0,2980,2980,2860
2024-07-24,2.88,2880,-0.02(-0.69 %),85800,245000000,0,0,2880,2920,2820
2024-07-25,2.88,2880,0(0.00 %),55300,157000000,0,0,2880,2910,2840
2024-07-26,2.92,2920,0.04(1.39 %),57200,164000000,0,0,2880,2920,2840
2024-07-29,2.88,2880,-0.04(-1.37 %),145200,414000000,0,0,2860,2900,2820
2024-07-30,2.85,2850,-0.03(-1.04 %),37100,104000000,0,0,2880,2880,2690
2024-07-31,2.82,2820,-0.03(-1.05 %),42600,117000000,0,0,2700,2830,2700
2024-08-01,2.78,2780,-0.04(-1.42 %),56200,151000000,0,0,2800,2820,2630
2024-08-02,2.76,2760,-0.02(-0.72 %),6000,16000000,0,0,2700,2780,2700
2024-08-05,2.6,2600,-0.16(-5.80 %),73000,190000000,0,0,2700,2800,2570
2024-08-06,2.68,2680,0.08(3.08 %),22800,59000000,0,0,2610,2700,2600
2024-08-07,2.69,2690,0.01(0.37 %),13400,36000000,0,0,2680,2700,2650
2024-08-08,2.63,2630,-0.06(-2.23 %),27600,72000000,0,0,2710,2710,2590
2024-08-09,2.65,2650,0.02(0.76 %),65700,174000000,0,0,2610,2690,2610
2024-08-12,2.66,2660,0.01(0.38 %),25700,67000000,0,0,2610,2660,2600
2024-08-13,2.65,2650,-0.01(-0.38 %),21900,57000000,0,0,2650,2650,2600
2024-08-14,2.63,2630,-0.02(-0.75 %),23700,61000000,0,0,2620,2650,2590
2024-08-15,2.63,2630,0(0.00 %),9500,24000000,0,0,2530,2640,2530
2024-08-16,2.7,2700,0.07(2.66 %),36400,97000000,0,0,2600,2700,2600
2024-08-19,2.72,2720,0.02(0.74 %),23000,62000000,0,0,2720,2830,2660
2024-08-20,2.79,2790,0.07(2.57 %),27000,74000000,0,0,2730,2870,2720
2024-08-21,2.77,2770,-0.02(-0.72 %),66600,184000000,0,0,2790,2830,2750
2024-08-22,2.79,2790,0.02(0.72 %),10500,29000000,0,0,2770,2790,2720
2024-08-23,2.76,2760,-0.03(-1.08 %),76200,212000000,0,0,2790,2830,2750
2024-08-26,2.77,2770,0.01(0.36 %),19800,54000000,0,0,2770,2780,2760
2024-08-27,2.76,2760,-0.01(-0.36 %),28000,77000000,0,0,2780,2780,2730
2024-08-28,2.76,2760,0(0.00 %),8000,21000000,0,0,2760,2760,2740
2024-08-29,2.76,2760,0(0.00 %),22500,61000000,0,0,2750,2780,2730
2024-08-30,2.69,2690,-0.07(-2.54 %),44400,120000000,0,0,2780,2780,2690
2024-09-04,2.68,2680,-0.01(-0.37 %),30100,79000000,0,0,2700,2700,2600
2024-09-05,2.67,2670,-0.01(-0.37 %),9300,24000000,0,0,2670,2680,2630
2024-09-06,2.69,2690,0.02(0.75 %),12100,32000000,0,0,2720,2720,2630
2024-09-09,2.62,2620,-0.07(-2.60 %),14900,39000000,0,0,2690,2690,2620
2024-09-10,2.63,2630,0.01(0.38 %),45900,120000000,0,0,2680,2690,2610
2024-09-11,2.66,2660,0.03(1.14 %),25700,67000000,0,0,2620,2680,2610
2024-09-12,2.68,2680,0.02(0.75 %),6600,17000000,0,0,2660,2700,2620
2024-09-13,2.69,2690,0.01(0.37 %),33000,86000000,0,0,2680,2750,2600
2024-09-16,2.67,2670,-0.02(-0.74 %),11500,30000000,0,0,2710,2710,2640
2024-09-17,2.64,2640,-0.03(-1.12 %),10400,27000000,0,0,2760,2760,2630
2024-09-18,2.66,2660,0.02(0.76 %),46300,121000000,0,0,2620,2670,2620
2024-09-19,2.67,2670,0.01(0.38 %),20300,54000000,0,0,2660,2700,2660
2024-09-20,2.67,2670,0(0.00 %),30400,81000000,0,0,2670,2690,2650
2024-09-23,2.65,2650,-0.02(-0.75 %),21600,57000000,0,0,2660,2670,2630
2024-09-24,2.64,2640,-0.01(-0.38 %),5000,13000000,0,0,2620,2670,2620
2024-09-25,2.67,2670,0.03(1.14 %),16900,44000000,0,0,2630,2680,2630
2024-09-26,2.64,2640,-0.03(-1.12 %),76600,202000000,0,0,2660,2670,2630
2024-09-27,2.61,2610,-0.03(-1.14 %),90300,235000000,0,0,2620,2650,2590
2024-09-30,2.6,2600,-0.01(-0.38 %),62100,160000000,0,0,2600,2640,2570
2024-10-01,2.6,2600,0(0.00 %),47500,122000000,0,0,2570,2630,2550
2024-10-02,2.6,2600,0(0.00 %),11200,29000000,0,0,2610,2610,2590
2024-10-03,2.55,2550,-0.05(-1.92 %),45200,115000000,0,0,2580,2580,2550
2024-10-04,2.54,2540,-0.01(-0.39 %),89800,220000000,0,0,2550,2550,2420
2024-10-07,2.54,2540,0(0.00 %),15800,40000000,0,0,2500,2600,2500
2024-10-08,2.53,2530,-0.01(-0.39 %),28300,70000000,0,0,2500,2540,2480
2024-10-09,2.5,2500,-0.03(-1.19 %),21400,53000000,0,0,2550,2550,2480
2024-10-10,2.51,2510,0.01(0.40 %),13300,33000000,0,0,2510,2510,2470
2024-10-11,2.55,2550,0.04(1.59 %),35400,89000000,0,0,2560,2560,2500
2024-10-14,2.54,2540,-0.01(-0.39 %),13300,34000000,0,0,2580,2580,2520
2024-10-15,2.53,2530,-0.01(-0.39 %),10500,26000000,0,0,2580,2580,2530
2024-10-16,2.5,2500,-0.03(-1.19 %),23100,57000000,0,0,2530,2540,2480
2024-10-17,2.54,2540,0.04(1.60 %),61300,153000000,0,0,2470,2540,2470
2024-10-18,2.54,2540,0(0.00 %),16900,42000000,0,0,2520,2540,2500
2024-10-21,2.52,2520,-0.02(-0.79 %),29400,73000000,0,0,2550,2550,2480
2024-10-22,2.47,2470,-0.05(-1.98 %),16000,39000000,0,0,2490,2510,2470
2024-10-23,2.49,2490,0.02(0.81 %),6500,16000000,0,0,2440,2500,2440
2024-10-24,2.49,2490,0(0.00 %),6100,14000000,0,0,2450,2500,2440
2024-10-25,2.49,2490,0(0.00 %),10200,25000000,0,0,2490,2540,2450
2024-10-28,2.5,2500,0.01(0.40 %),13100,32000000,0,0,2470,2500,2470
2024-10-29,2.49,2490,-0.01(-0.40 %),34700,86000000,0,0,2490,2530,2490
2024-10-30,2.5,2500,0.01(0.40 %),23300,57000000,0,0,2500,2530,2470
2024-10-31,2.51,2510,0.01(0.40 %),47400,117000000,0,0,2480,2520,2450
2024-11-01,2.5,2500,-0.01(-0.40 %),16800,41000000,0,0,2510,2510,2480
2024-11-04,2.49,2490,-0.01(-0.40 %),6500,16000000,0,0,2500,2510,2460
2024-11-05,2.5,2500,0.01(0.40 %),6700,16000000,0,0,2500,2530,2450
2024-11-06,2.5,2500,0(0.00 %),46900,117000000,0,0,2530,2550,2500
2024-11-07,2.5,2500,0(0.00 %),24300,60000000,0,0,2530,2530,2460
2024-11-08,2.5,2500,0(0.00 %),71100,176000000,0,0,2520,2520,2480
2024-11-11,2.5,2500,0(0.00 %),12900,32000000,0,0,2500,2510,2490
2024-11-12,2.5,2500,0(0.00 %),5300,13000000,0,0,2500,2510,2500
2024-11-13,2.48,2480,-0.02(-0.80 %),13200,32000000,0,0,2460,2490,2450
2024-11-14,2.46,2460,-0.02(-0.81 %),8200,20000000,0,0,2490,2490,2450
2024-11-15,2.46,2460,0(0.00 %),10600,25000000,0,0,2480,2480,2400
2024-11-18,2.46,2460,0(0.00 %),16200,39000000,0,0,2460,2480,2420
2024-11-19,2.46,2460,0(0.00 %),4500,10000000,0,0,2420,2460,2420
2024-11-20,2.47,2470,0.01(0.41 %),25000,61000000,0,0,2460,2470,2430
2024-11-21,2.48,2480,0.01(0.40 %),13200,32000000,0,0,2470,2480,2450
2024-11-22,2.44,2440,-0.04(-1.61 %),10200,24000000,0,0,2480,2490,2440
2024-11-25,2.46,2460,0.02(0.82 %),17900,43000000,0,0,2450,2470,2440
2024-11-26,2.46,2460,0(0.00 %),56800,136000000,0,0,2460,2480,2400
2024-11-27,2.45,2450,-0.01(-0.41 %),22600,54000000,0,0,2440,2470,2420
2024-11-28,2.45,2450,0(0.00 %),47900,116000000,0,0,2420,2570,2420
2024-11-29,2.43,2430,-0.02(-0.82 %),19700,47000000,0,0,2430,2450,2430
2024-12-02,2.42,2420,-0.01(-0.41 %),16900,41000000,0,0,2430,2440,2420
2024-12-03,2.43,2430,0.01(0.41 %),96400,232000000,0,0,2450,2450,2400
2024-12-04,2.46,2460,0.03(1.23 %),44700,108000000,0,0,2430,2500,2420
2024-12-05,2.47,2470,0.01(0.41 %),133900,330000000,0,0,2440,2490,2440
2024-12-06,2.48,2480,0.01(0.40 %),55000,134000000,0,0,2470,2480,2430
2024-12-09,2.48,2480,0(0.00 %),57000,140000000,0,0,2470,2480,2440
2024-12-10,2.49,2490,0.01(0.40 %),84900,210000000,0,0,2480,2530,2470
2024-12-11,2.48,2480,-0.01(-0.40 %),40900,101000000,0,0,2500,2500,2470
2024-12-12,2.5,2500,0.02(0.81 %),63700,159000000,0,0,2500,2540,2470
2024-12-13,2.48,2480,-0.02(-0.80 %),112200,277000000,0,0,2490,2510,2470
2024-12-16,2.47,2470,-0.01(-0.40 %),37900,92000000,0,0,2480,2480,2420
2024-12-17,2.44,2440,-0.03(-1.21 %),86200,208000000,0,0,2420,2510,2400
2024-12-18,2.43,2430,-0.01(-0.41 %),28500,69000000,0,0,2410,2450,2410
2024-12-19,2.42,2420,-0.01(-0.41 %),71600,172000000,0,0,2400,2420,2400
2024-12-20,2.41,2410,-0.01(-0.41 %),60800,146000000,0,0,2430,2430,2390
2024-12-23,2.44,2440,0.03(1.24 %),36300,87000000,0,0,2420,2450,2410
2024-12-24,2.45,2450,0.01(0.41 %),89500,217000000,0,0,2450,2470,2420
2024-12-25,2.46,2460,0.01(0.41 %),33500,82000000,0,0,2420,2490,2420
2024-12-26,2.63,2630,0.17(6.91 %),446600,1153000000,0,0,2470,2630,2450
2024-12-27,2.63,2630,0(0.00 %),121100,321000000,0,0,2740,2740,2610
2024-12-30,2.59,2590,-0.04(-1.52 %),113700,295000000,0,0,2630,2700,2540
2024-12-31,2.55,2550,-0.04(-1.54 %),40000,101000000,0,0,2570,2590,2510
2025-01-02,2.57,2570,0.02(0.78 %),47200,119000000,0,0,2480,2570,2480
2025-01-03,2.52,2520,-0.05(-1.95 %),72600,183000000,0,0,2570,2620,2490
2025-01-06,2.5,2500,-0.02(-0.79 %),58900,147000000,0,0,2520,2540,2480
2025-01-07,2.52,2520,0.02(0.80 %),49200,123000000,0,0,2440,2530,2440
2025-01-08,2.5,2500,-0.02(-0.79 %),68600,169000000,0,0,2430,2530,2430
2025-01-09,2.54,2540,0.04(1.60 %),31400,78000000,0,0,2590,2590,2460
2025-01-10,2.52,2520,-0.02(-0.79 %),59400,150000000,0,0,2500,2570,2480
2025-01-13,2.49,2490,-0.03(-1.19 %),15900,39000000,0,0,2500,2500,2440
2025-01-14,2.5,2500,0.01(0.40 %),400,0,0,0,2460,2500,2460
2025-01-15,2.46,2460,-0.04(-1.60 %),48800,120000000,0,0,2490,2490,2460
2025-01-16,2.47,2470,0.01(0.41 %),5200,12000000,0,0,2490,2500,2450
2025-01-17,2.47,2470,0(0.00 %),39600,97000000,0,0,2490,2490,2450
2025-01-20,2.4,2400,-0.07(-2.83 %),64000,155000000,0,0,2500,2500,2400
2025-01-21,2.41,2410,0.01(0.42 %),62300,149000000,0,0,2470,2470,2400
2025-01-22,2.42,2420,0.01(0.41 %),14800,35000000,0,0,2410,2430,2400
2025-01-23,2.44,2440,0.02(0.83 %),9000,21000000,0,0,2440,2440,2410
2025-01-24,2.47,2470,0.03(1.23 %),32300,79000000,0,0,2450,2500,2420
2025-02-04,2.46,2460,0(0.00 %),55900,135000000,0,0,2440,2470,2370
2025-02-05,2.55,2550,0.09(3.66 %),207300,523000000,0,0,2430,2560,2430
2025-02-06,2.72,2720,0.17(6.67 %),684800,1836000000,0,0,2550,2720,2550
2025-02-07,2.91,2910,0.19(6.99 %),286600,830000000,0,0,2910,2910,2810
2025-02-10,2.97,2970,0.06(2.06 %),244300,727000000,0,0,3070,3070,2900
2025-02-11,3.07,3070,0.1(3.37 %),173100,515000000,0,0,2960,3070,2880
2025-02-12,3.09,3090,0.02(0.65 %),204500,629000000,0,0,3100,3230,2950
2025-02-13,3.09,3090,0(0.00 %),196900,611000000,0,0,3080,3140,3030
2025-02-14,3.17,3170,0.08(2.59 %),201200,630000000,0,0,3110,3200,3090
2025-02-17,3.19,3190,0.02(0.63 %),92800,300000000,0,0,3170,3250,3170
2025-02-18,3.12,3120,-0.07(-2.19 %),27900,86000000,0,0,3160,3200,3050
2025-02-19,3.08,3080,-0.04(-1.28 %),56100,174000000,0,0,3120,3150,3080
2025-02-20,3.1,3100,0.02(0.65 %),62100,190000000,0,0,3060,3120,3010
2025-02-21,3.17,3170,0.07(2.26 %),98500,312000000,0,0,3100,3250,3100
2025-02-24,3.26,3260,0.09(2.84 %),109400,357000000,0,0,3180,3330,3180
2025-02-25,3.31,3310,0.05(1.53 %),232300,764000000,0,0,3260,3400,3260
2025-02-26,3.31,3310,0(0.00 %),181600,597000000,0,0,3310,3390,3250
2025-02-27,3.23,3230,-0.08(-2.42 %),214400,705000000,0,0,3220,3370,3220
2025-02-28,3.06,3060,-0.17(-5.26 %),51500,163000000,0,0,3240,3280,3060
2025-03-03,3.08,3080,0.02(0.65 %),159500,491000000,0,0,3090,3130,3010
2025-03-04,3.08,3080,0(0.00 %),129300,394000000,0,0,3160,3160,3000
2025-03-05,2.96,2960,-0.12(-3.90 %),365200,1103000000,0,0,3020,3100,2940
2025-03-06,2.88,2880,-0.08(-2.70 %),311200,904000000,0,0,3060,3060,2860
2025-03-07,3.04,3040,0.16(5.56 %),48000,141000000,0,0,2900,3040,2880
2025-03-10,3.06,3060,0.02(0.66 %),31000,94000000,0,0,3040,3130,3030
2025-03-11,3.06,3060,0(0.00 %),14100,42000000,0,0,3030,3060,2850
2025-03-12,3.15,3150,0.09(2.94 %),52400,161000000,0,0,3060,3150,3060
2025-03-13,3.12,3120,-0.03(-0.95 %),167300,519000000,0,0,3150,3200,3070
2025-03-14,3.12,3120,0(0.00 %),62800,193000000,0,0,3190,3190,3060
2025-03-17,3.13,3130,0.01(0.32 %),64300,197000000,0,0,3080,3160,3060
2025-03-18,3.07,3070,-0.06(-1.92 %),42600,131000000,0,0,3220,3220,3070
2025-03-19,3.05,3050,-0.02(-0.65 %),44700,136000000,0,0,3050,3160,3030
2025-03-20,3.09,3090,0.04(1.31 %),86300,267000000,0,0,2950,3160,2950
2025-03-21,3.3,3300,0.21(6.80 %),261500,838000000,0,0,3090,3300,3090
2025-03-24,3.38,3380,0.08(2.42 %),283900,944000000,0,0,3450,3450,3230
2025-03-25,3.34,3340,-0.04(-1.18 %),112200,375000000,0,0,3380,3390,3200
2025-03-26,3.36,3360,0.02(0.60 %),87400,291000000,0,0,3250,3440,3250
2025-03-27,3.21,3210,-0.15(-4.46 %),111200,361000000,0,0,3360,3360,3210
2025-03-28,3.2,3200,-0.01(-0.31 %),82100,265000000,0,0,3220,3280,3200
2025-03-31,3.17,3170,-0.03(-0.94 %),24700,76000000,0,0,3050,3180,3050
2025-04-01,3.29,3290,0.12(3.79 %),152600,502000000,0,0,3170,3320,3170
2025-04-02,3.26,3260,-0.03(-0.91 %),75400,245000000,0,0,3250,3360,3200
2025-04-03,3.04,3040,-0.22(-6.75 %),350000,1066000000,0,0,3070,3290,3040
2025-04-04,3.07,3070,0.03(0.99 %),380000,1126000000,0,0,2860,3070,2850
2025-04-08,2.97,2970,-0.1(-3.26 %),87400,262000000,0,0,3080,3080,2880
2025-04-09,2.97,2970,0(0.00 %),23700,69000000,0,0,2950,2980,2880
2025-04-10,3.17,3170,0.2(6.73 %),43200,136000000,0,0,3160,3170,3150
2025-04-11,3.33,3330,0.16(5.05 %),168400,545000000,0,0,3200,3370,3140
2025-04-14,3.32,3320,-0.01(-0.30 %),64400,209000000,0,0,3310,3330,3190
2025-04-15,3.28,3280,-0.04(-1.20 %),124500,399000000,0,0,3200,3330,3190
2025-04-16,3.27,3270,-0.01(-0.30 %),29500,95000000,0,0,3170,3290,3150
2025-04-17,3.21,3210,-0.06(-1.83 %),69200,221000000,0,0,3160,3300,3160
2025-04-18,3.16,3160,-0.05(-1.56 %),129100,409000000,0,0,3190,3340,3150
2025-04-21,3.2,3200,0.04(1.27 %),62000,193000000,0,0,2980,3260,2980
2025-04-22,3.06,3060,-0.14(-4.38 %),110800,336000000,0,0,3250,3250,2990
2025-04-23,3.15,3150,0.09(2.94 %),32700,101000000,0,0,3250,3250,3020
2025-04-24,3.19,3190,0.04(1.27 %),129800,409000000,0,0,3140,3250,3110
2025-04-25,3.04,3040,-0.15(-4.70 %),86500,263000000,0,0,3190,3230,3000
2025-04-28,3.12,3120,0.08(2.63 %),73400,223000000,0,0,3050,3120,3000
2025-04-29,3.07,3070,-0.05(-1.60 %),19100,58000000,0,0,3130,3150,3070
2025-05-05,3.11,3110,0.04(1.30 %),13000,40352000,0,0,3100,3140,3080
2025-05-06,3.12,3120,0.01(0.32 %),62400,196060000,0,0,3140,3190,3100
2025-05-07,3.14,3140,0.02(0.64 %),22700,71085000,0,0,3110,3180,3110
2025-05-08,3.15,3150,0.01(0.32 %),79100,245453000,0,0,3150,3150,3080
2025-05-09,3.17,3170,0.02(0.63 %),105700,336477000,0,0,3190,3280,3160
2025-05-12,3.16,3160,-0.01(-0.32 %),49700,155872000,0,0,3180,3180,3060
2025-05-13,3.15,3150,-0.01(-0.32 %),49900,154318000,0,0,3170,3230,3000
2025-05-14,3.13,3130,-0.02(-0.63 %),10800,33642000,0,0,3150,3150,3100
2025-05-15,3.29,3290,0.16(5.11 %),221600,690733000,0,0,3150,3290,3060
2025-05-16,3.16,3160,-0.13(-3.95 %),203200,640134000,0,0,3300,3320,3070
2025-05-19,3.15,3150,-0.01(-0.32 %),27900,86710000,0,0,3100,3280,3100
2025-05-20,3.16,3160,0.01(0.32 %),119200,371660000,0,0,3190,3190,3070
2025-05-21,3.14,3140,-0.02(-0.63 %),137400,423898000,0,0,3160,3160,3060
2025-05-22,3.08,3080,-0.06(-1.91 %),91500,281539000,0,0,3100,3130,3040
2025-05-23,3.08,3080,0(0.00 %),58200,177217000,0,0,3040,3100,3040
2025-05-26,3.09,3090,0.01(0.32 %),31700,97411000,0,0,3070,3090,3060
2025-05-27,3.14,3140,0.05(1.62 %),82400,256044000,0,0,3070,3150,3060
2025-05-28,3.14,3140,0(0.00 %),36100,112477000,0,0,3140,3170,3090
2025-05-29,3.08,3080,-0.06(-1.91 %),101700,313854000,0,0,3140,3140,3060
2025-05-30,3.08,3080,0(0.00 %),100600,309859000,0,0,3130,3130,3060
2025-06-02,3.16,3160,0.08(2.60 %),191800,600663000,0,0,3080,3180,3080
2025-06-03,3.19,3190,0.03(0.95 %),69100,220379000,0,0,3160,3300,3150
2025-06-04,3.21,3210,0.02(0.63 %),93600,299493000,0,0,3220,3230,3160
2025-06-05,3.22,3220,0.01(0.31 %),122500,393086000,0,0,3210,3250,3170
2025-06-06,3.26,3260,0.04(1.24 %),167400,549043000,0,0,3220,3340,3210
2025-06-09,3.22,3220,-0.04(-1.23 %),48300,158160000,0,0,3260,3320,3210
2025-06-10,3.18,3180,-0.04(-1.24 %),65200,208652000,0,0,3310,3310,3150
2025-06-11,3.18,3180,0(0.00 %),13400,42265000,0,0,3180,3260,3110
2025-06-12,3.17,3170,-0.01(-0.31 %),137100,434779000,0,0,3180,3240,3110
2025-06-13,3.16,3160,-0.01(-0.32 %),37200,116115000,0,0,3170,3170,3080
2025-06-16,3.14,3140,-0.02(-0.63 %),100700,314892000,0,0,3180,3180,3100
2025-06-17,3.17,3170,0.03(0.96 %),188600,590195000,0,0,3190,3190,3110
2025-06-18,3.39,3390,0.22(6.94 %),316600,1065058000,0,0,3200,3390,3200
2025-06-19,3.62,3620,0.23(6.78 %),95800,346796000,0,0,3620,3620,3620
2025-06-20,3.69,3690,0.07(1.93 %),1001800,3820327000,0,0,3870,3870,3690
2025-06-23,3.55,3550,-0.14(-3.79 %),227600,809113000,0,0,3650,3690,3500
2025-06-24,3.49,3490,-0.06(-1.69 %),342100,1189114000,0,0,3680,3680,3370
2025-06-25,3.73,3730,0.24(6.88 %),209600,759042000,0,0,3460,3730,3460
2025-06-26,3.99,3990,0.26(6.97 %),995000,3940855000,0,0,3850,3990,3820
2025-06-27,4.23,4230,0.24(6.02 %),1043300,4379195000,0,0,4200,4250,4100
2025-06-30,4.05,4050,-0.18(-4.26 %),667600,2739768000,0,0,4280,4280,4020
2025-07-01,4.12,4120,0.07(1.73 %),466700,1907497000,0,0,4140,4200,4010
2025-07-02,4.12,4120,0(0.00 %),440100,1817013000,0,0,4120,4210,4070
2025-07-03,4.12,4120,0(0.00 %),513800,2123184000,0,0,4200,4250,4030
2025-07-04,4.18,4180,0.06(1.46 %),441200,1833347000,0,0,4120,4200,4120
2025-07-07,4.47,4470,0.29(6.94 %),650800,2848774000,0,0,4170,4470,4150
2025-07-08,4.52,4520,0.05(1.12 %),345900,1570026000,0,0,4570,4620,4470
2025-07-09,4.47,4470,-0.05(-1.11 %),632100,2797690000,0,0,4540,4550,4310
2025-07-10,4.31,4310,-0.16(-3.58 %),331900,1449903000,0,0,4410,4470,4310
2025-07-11,4.2,4200,-0.11(-2.55 %),424600,1800042000,0,0,4290,4360,4200
2025-07-14,4.18,4180,-0.02(-0.48 %),494800,2046135000,0,0,4200,4290,4050
2025-07-15,4.21,4210,0.03(0.72 %),573700,2406230000,0,0,4180,4260,4130
2025-07-16,4.32,4320,0.11(2.61 %),209100,886307000,0,0,4210,4320,4180
2025-07-17,4.37,4370,0.05(1.16 %),614800,2669011000,0,0,4320,4460,4250
2025-07-18,4.45,4450,0.08(1.83 %),693000,3076259000,0,0,4480,4520,4370
2025-07-21,4.29,4290,-0.16(-3.60 %),269200,1163239000,0,0,4450,4450,4230
2025-07-22,4.26,4260,-0.03(-0.70 %),222600,942198000,0,0,4290,4320,4170
2025-07-23,4.25,4250,-0.01(-0.23 %),261000,1110219000,0,0,4210,4350,4210
2025-07-24,4.26,4260,0.01(0.24 %),225200,953409000,0,0,4230,4340,4200
2025-07-25,4.35,4350,0.09(2.11 %),371400,1606536000,0,0,4210,4420,4210
2025-07-28,4.39,4390,0.04(0.92 %),619600,2726866000,0,0,4360,4450,4360
2025-07-29,4.09,4090,-0.3(-6.83 %),688600,2880009000,0,0,4400,4420,4090
2025-07-30,4.11,4110,0.02(0.49 %),211300,865921000,0,0,4100,4170,3890
2025-07-31,4.19,4190,0.08(1.95 %),299400,1234670000,0,0,4110,4190,4080
2025-08-01,4.18,4180,-0.01(-0.24 %),94700,392928000,0,0,4190,4230,4110
2025-08-04,4.22,4220,0.04(0.96 %),179000,751605000,0,0,4170,4220,4150
2025-08-05,4.24,4240,0.02(0.47 %),263800,1114225000,0,0,4250,4280,4120
2025-08-06,4.2,4200,-0.04(-0.94 %),334400,1412923000,0,0,4290,4290,4200
2025-08-07,4.22,4220,0.02(0.48 %),681900,2878110000,0,0,4220,4300,4170
2025-08-08,4.27,4270,0.05(1.18 %),395400,1669414000,0,0,4290,4290,4200
2025-08-11,4.5,4500,0.23(5.39 %),1004200,4539202000,0,0,4300,4560,4250
2025-08-12,4.42,4420,-0.08(-1.78 %),315700,1390808000,0,0,4500,4500,4360
2025-08-13,4.48,4480,0.06(1.36 %),338800,1497013000,0,0,4420,4700,4350
2025-08-14,4.51,4510,0.03(0.67 %),353900,1578029000,0,0,4500,4540,4400
2025-08-15,4.32,4320,-0.19(-4.21 %),438600,1927186000,0,0,4510,4510,4300
2025-08-18,4.37,4370,0.05(1.16 %),163600,713777000,0,0,4350,4410,4320
2025-08-19,4.42,4420,0.05(1.14 %),253100,1126683000,0,0,4400,4540,4380
2025-08-20,4.36,4360,-0.06(-1.36 %),720800,3044404000,0,0,4400,4450,4190
2025-08-21,4.27,4270,-0.09(-2.06 %),98600,421520000,0,0,4400,4400,4200
2025-08-22,4.2,4200,-0.07(-1.64 %),142200,590937000,0,0,4270,4270,4100
2025-08-25,4.22,4220,0.02(0.48 %),180200,757730000,0,0,4210,4300,4170
2025-08-26,4.34,4340,0.12(2.84 %),155800,665912000,0,0,4230,4390,4200
2025-08-27,4.32,4320,-0.02(-0.46 %),118000,503069000,0,0,4340,4340,4240
2025-08-28,4.3,4300,-0.02(-0.46 %),224400,957944000,0,0,4340,4340,4220
2025-08-29,4.29,4290,-0.01(-0.23 %),105300,449926000,0,0,4330,4330,4250
2025-09-03,4.37,4370,0.08(1.86 %),141500,607057000,0,0,4220,4440,4220
2025-09-04,4.27,4270,-0.1(-2.29 %),91900,395352000,0,0,4370,4370,4270
2025-09-05,4.2,4200,-0.07(-1.64 %),110800,472221000,0,0,4340,4340,4200
2025-09-08,4.25,4250,0.05(1.19 %),113700,479153000,0,0,4240,4250,4170
2025-09-09,4.25,4250,0(0.00 %),72600,308592000,0,0,4330,4330,4200
2025-09-10,4.25,4250,0(0.00 %),38000,160598000,0,0,4250,4250,4190
2025-09-11,4.21,4210,-0.04(-0.94 %),66700,278072000,0,0,4250,4250,4160
2025-09-12,4.25,4250,0.04(0.95 %),23800,100390000,0,0,4300,4300,4180
2025-09-15,4.25,4250,0(0.00 %),41500,175996000,0,0,4200,4260,4190
2025-09-16,4.24,4240,-0.01(-0.24 %),31700,134638000,0,0,4250,4330,4230
2025-09-17,4.34,4340,0.1(2.36 %),403400,1749118000,0,0,4250,4430,4180
2025-09-18,4.34,4340,0(0.00 %),65600,283180000,0,0,4310,4350,4290
2025-09-19,4.33,4330,-0.01(-0.23 %),123000,530433000,0,0,4350,4370,4250
2025-09-22,4.63,4630,0.3(6.93 %),1836400,8390018000,0,0,4340,4630,4300
2025-09-23,4.84,4840,0.21(4.54 %),1209100,5913803000,0,0,4880,4950,4720
2025-09-24,4.8,4800,-0.04(-0.83 %),904100,4341867000,0,0,5040,5040,4650
2025-09-25,5.11,5110,0.31(6.46 %),1540200,7677452000,0,0,4850,5130,4780
2025-09-26,5.25,5250,0.14(2.74 %),854500,4487165000,0,0,5250,5400,5150
2025-09-29,5.2,5200,-0.05(-0.95 %),702200,3594277000,0,0,5270,5270,5050
2025-09-30,5.2,5200,0(0.00 %),710400,3592665000,0,0,5170,5220,4910
2025-10-01,5.1,5100,-0.1(-1.92 %),450800,2299626000,0,0,5190,5190,5090
2025-10-02,4.97,4970,-0.13(-2.55 %),391000,1916740000,0,0,5080,5080,4750
2025-10-03,4.88,4880,-0.09(-1.81 %),334300,1630362000,0,0,4850,4990,4780
2025-10-06,5.01,5010,0.13(2.66 %),200600,995320000,0,0,4900,5100,4810
2025-10-07,4.94,4940,-0.07(-1.40 %),229100,1122055000,0,0,5090,5090,4850
2025-10-08,4.91,4910,-0.03(-0.61 %),146300,704396000,0,0,4960,4960,4800
2025-10-09,4.98,4980,0.07(1.43 %),247700,1195042000,0,0,4910,5100,4750
2025-10-10,4.98,4630,-4.98(-100.00 %),222600,4980,0,0,4980,4980,4630
