Date,GiaDieuChinh,Close,ThayDoi,Volume,GiaTriKhopLenh,KLThoaThuan,GtThoaThuan,Open,High,Low
2011-08-01,2.96,9800,-0.5(-4.85 %),25980,254604000,0,0,9800,9800,9800
2011-08-02,2.84,9400,-0.4(-4.08 %),10,94000,0,0,9400,9400,9400
2011-08-03,2.72,9000,-0.4(-4.26 %),10,90000,0,0,9000,9000,9000
2011-08-04,2.6,8600,-0.4(-4.44 %),10100,86860000,0,0,8600,8600,8600
2011-08-05,2.48,8200,-0.4(-4.65 %),2010,16482000,0,0,8200,8200,8200
2011-08-08,2.35,7800,-0.4(-4.88 %),1010,8000000,0,0,8200,8200,7800
2011-08-09,2.26,7500,-0.3(-3.85 %),3020,22650000,0,0,7500,7500,7500
2011-08-10,2.17,7200,-0.3(-4.00 %),53900,388082000,0,0,7200,7400,7200
2011-08-11,2.08,6900,-0.3(-4.17 %),21450,148005000,0,0,6900,6900,6900
2011-08-12,2.11,7000,0.1(1.45 %),61350,411297000,0,0,6600,7200,6600
2011-08-15,2.05,6800,-0.2(-2.86 %),54560,367642000,0,0,7000,7000,6700
2011-08-16,2.02,6700,-0.1(-1.47 %),37120,248578000,0,0,6800,6800,6500
2011-08-17,2.08,6900,0.2(2.99 %),58370,399280000,0,0,6600,7000,6600
2011-08-18,2.17,7200,0.3(4.35 %),83530,598925000,0,0,7100,7200,7100
2011-08-19,2.17,7200,0(0.00 %),17230,121693000,0,0,7100,7300,7000
2011-08-22,2.26,7500,0.3(4.17 %),180830,1354981000,0,0,7200,7500,7200
2011-08-23,2.17,7200,-0.3(-4.00 %),95500,698706000,0,0,7600,7600,7200
2011-08-24,2.14,7100,-0.1(-1.39 %),61500,440820000,0,0,7400,7400,7100
2011-08-25,2.2,7300,0.2(2.82 %),69830,503561000,0,0,7300,7300,7100
2011-08-26,2.29,7600,0.3(4.11 %),93540,697112000,0,0,7200,7600,7200
2011-08-29,2.38,7900,0.3(3.95 %),88220,696938000,0,0,7900,7900,7900
2011-08-30,2.48,8200,0.3(3.80 %),16840,138088000,0,0,8200,8200,8200
2011-08-31,2.6,8600,0.4(4.88 %),119870,1030124000,0,0,8600,8600,8500
2011-09-01,2.72,9000,0.4(4.65 %),97290,869897000,0,0,9000,9000,8800
2011-09-05,2.6,8600,-0.4(-4.44 %),57550,499586000,0,0,8700,8900,8600
2011-09-06,2.54,8400,-0.2(-2.33 %),42890,359622000,0,0,8300,8700,8300
2011-09-07,2.66,8800,0.4(4.76 %),91660,803287000,0,0,8700,8800,8700
2011-09-08,2.66,8800,0(0.00 %),25680,229996000,0,0,8600,9100,8600
2011-09-09,2.72,9000,0.2(2.27 %),36320,326863000,0,0,8500,9000,8500
2011-09-12,2.84,9400,0.4(4.44 %),50840,468958000,0,0,9200,9400,9100
2011-09-13,2.84,9400,0(0.00 %),46500,436705000,0,0,9000,9500,9000
2011-09-14,2.72,9000,-0.4(-4.26 %),54130,500844000,0,0,9300,9500,9000
2011-09-15,2.78,9200,0.2(2.22 %),80180,723363000,0,0,9000,9200,8700
2011-09-16,2.78,9200,0(0.00 %),63020,573312000,0,0,9300,9300,8900
2011-09-19,2.72,9000,-0.2(-2.17 %),106450,965450000,0,0,9000,9200,8900
2011-09-20,2.66,8800,-0.2(-2.22 %),15520,137783000,0,0,8900,9000,8800
2011-09-21,2.75,9100,0.3(3.41 %),136540,1228121000,0,0,8900,9200,8800
2011-09-22,2.78,9200,0.1(1.10 %),174240,1611889000,0,0,9100,9400,9000
2011-09-23,2.66,8800,-0.4(-4.35 %),139100,1253615000,0,0,9200,9200,8800
2011-09-26,2.6,8600,-0.2(-2.27 %),9030,77658000,0,0,8600,8600,8600
2011-09-27,2.69,8900,0.3(3.49 %),38750,344315000,0,0,8700,8900,8700
2011-09-28,2.72,9000,0.1(1.12 %),27300,244320000,0,0,9000,9000,8900
2011-09-29,2.72,9000,0(0.00 %),137620,1251186000,0,0,9000,9200,8900
2011-09-30,2.66,8800,-0.2(-2.22 %),53690,479373000,0,0,9000,9000,8800
2011-10-03,2.72,9000,0.2(2.27 %),42270,375630000,0,0,8800,9000,8700
2011-10-04,2.63,8700,-0.3(-3.33 %),44100,387976000,0,0,9000,9100,8700
2011-10-05,2.72,9000,0.3(3.45 %),38270,344124000,0,0,9000,9100,8900
2011-10-06,2.75,9100,0.1(1.11 %),75740,682470000,0,0,9000,9100,9000
2011-10-07,2.72,9000,-0.1(-1.10 %),26170,235230000,0,0,9000,9000,8900
2011-10-10,2.72,9000,0(0.00 %),53300,475890000,0,0,8900,9000,8900
2011-10-11,2.66,8800,-0.2(-2.22 %),126930,1155712000,0,0,8900,9200,8800
2011-10-12,2.69,8900,0.1(1.14 %),40750,362009000,0,0,8900,8900,8800
2011-10-13,2.72,9000,0.1(1.12 %),20360,181805000,0,0,8900,9000,8900
2011-10-14,2.75,9100,0.1(1.11 %),119410,1095480000,0,0,9000,9300,9000
2011-10-17,2.75,9100,0(0.00 %),16600,150058000,0,0,9000,9100,8900
2011-10-18,2.75,9100,0(0.00 %),91400,829836000,0,0,9000,9200,9000
2011-10-19,2.72,9000,-0.1(-1.10 %),92170,840610000,0,0,8900,9200,8900
2011-10-20,2.69,8900,-0.1(-1.11 %),4300,38280000,0,0,9000,9000,8900
2011-10-21,2.69,8900,0(0.00 %),29500,263027000,0,0,8900,9100,8900
2011-10-24,2.69,8900,0(0.00 %),6190,55121000,0,0,9100,9100,8900
2011-10-25,2.72,9000,0.1(1.12 %),14260,125490000,0,0,8800,9000,8800
2011-10-26,2.72,9000,0(0.00 %),23280,209264000,0,0,9000,9000,8800
2011-10-27,2.72,9000,0(0.00 %),12870,115830000,0,0,9000,9000,9000
2011-10-28,2.75,9100,0.1(1.11 %),35830,322973000,0,0,9000,9100,9000
2011-10-31,2.69,8900,-0.2(-2.20 %),15310,137259000,0,0,8900,9000,8900
2011-11-01,2.72,9000,0.1(1.12 %),10,90000,0,0,9000,9000,9000
2011-11-02,2.63,8700,-0.3(-3.33 %),1230,10823000,0,0,8900,8900,8700
2011-11-03,2.63,8700,0(0.00 %),2690,23399000,0,0,8600,8800,8600
2011-11-04,2.69,8900,0.2(2.30 %),6240,53154000,0,0,8600,9000,8500
2011-11-07,2.63,8700,-0.2(-2.25 %),9210,78387000,0,0,8600,8700,8500
2011-11-08,2.63,8700,0(0.00 %),3930,34193000,0,0,8900,8900,8700
2011-11-09,2.51,8300,-0.4(-4.60 %),2260,19170000,0,0,8700,8700,8300
2011-11-10,2.51,8300,0(0.00 %),14280,118528000,0,0,8500,8500,8300
2011-11-11,2.48,8200,-0.1(-1.20 %),8130,66753000,0,0,8300,8300,8100
2011-11-14,2.42,8000,-0.2(-2.44 %),21460,174075000,0,0,8100,8300,7900
2011-11-15,2.38,7900,-0.1(-1.25 %),16030,125837000,0,0,8000,8000,7600
2011-11-16,2.35,7800,-0.1(-1.27 %),10950,85613000,0,0,7800,7900,7800
2011-11-17,2.29,7600,-0.2(-2.56 %),10,76000,0,0,7600,7600,7600
2011-11-18,2.26,7500,-0.1(-1.32 %),3000,22500000,0,0,7500,7500,7500
2011-11-21,2.2,7300,-0.2(-2.67 %),6240,46298000,0,0,7500,7500,7300
2011-11-22,2.2,7300,0(0.00 %),6000,43907000,0,0,7400,7400,7300
2011-11-23,2.23,7400,0.1(1.37 %),1260,9211000,0,0,7300,7400,7300
2011-11-24,2.26,7500,0.1(1.35 %),6410,47685000,0,0,7500,7500,7400
2011-11-25,2.26,7500,0(0.00 %),4020,30149000,0,0,7400,7500,7400
2011-11-28,2.35,7800,0.3(4.00 %),1010,7878000,0,0,7800,7800,7800
2011-11-29,2.35,7800,0(0.00 %),1400,10920000,0,0,7800,7800,7800
2011-11-30,2.29,7600,-0.2(-2.56 %),210,1596000,0,0,7600,7600,7600
2011-12-01,2.23,7400,-0.2(-2.63 %),120,900000,0,0,7400,7800,7400
2011-12-02,2.2,7300,-0.1(-1.35 %),30,223000,0,0,7700,7700,7300
2011-12-05,2.29,7600,0.3(4.11 %),10,76000,0,0,7600,7600,7600
2011-12-06,2.2,7300,-0.3(-3.95 %),10920,80241000,0,0,7400,7400,7300
2011-12-07,2.2,7300,0(0.00 %),4460,32358000,0,0,7100,7300,7100
2011-12-08,2.11,7000,-0.3(-4.11 %),31020,217346000,0,0,7000,7600,7000
2011-12-09,2.2,7300,0.3(4.29 %),8910,64263000,0,0,7100,7300,7100
2011-12-12,2.17,7200,-0.1(-1.37 %),130,936000,0,0,7200,7200,7200
2011-12-13,2.26,7500,0.3(4.17 %),2020,14550000,0,0,7200,7500,7200
2011-12-14,2.23,7400,-0.1(-1.33 %),12550,90741000,0,0,7500,7500,7200
2011-12-15,2.14,7100,-0.3(-4.05 %),3700,26459000,0,0,7100,7200,7100
2011-12-16,2.23,7400,0.3(4.23 %),2140,15395000,0,0,7200,7400,6900
2011-12-19,2.26,7500,0.1(1.35 %),16580,117722000,0,0,7100,7500,7100
2011-12-20,2.17,7200,-0.3(-4.00 %),2090,15048000,0,0,7200,7200,7200
2011-12-21,2.17,7200,0(0.00 %),7820,55704000,0,0,7100,7200,7100
2011-12-22,2.11,7000,-0.2(-2.78 %),7010,49765000,0,0,7100,7100,7000
2011-12-23,2.08,6900,-0.1(-1.43 %),1110,7760000,0,0,7000,7000,6900
2011-12-26,2.08,6900,0(0.00 %),0,0,0,0,6900,6900,6900
2011-12-27,2.02,6700,-0.2(-2.90 %),4530,30751000,0,0,6800,7000,6600
2011-12-28,2.02,6700,0(0.00 %),60,402000,0,0,6700,6700,6700
2011-12-29,1.93,6400,-0.3(-4.48 %),3240,22574000,0,0,7000,7000,6400
2011-12-30,1.96,6500,0.1(1.56 %),20,132000,0,0,6700,6700,6500
2012-01-03,1.99,6600,0.1(1.54 %),2040,13865000,0,0,6500,6800,6500
2012-01-04,1.96,6500,-0.1(-1.52 %),890,5785000,0,0,6500,6500,6500
2012-01-05,1.96,6500,0(0.00 %),0,0,0,0,6500,6500,6500
2012-01-06,2.02,6700,0.2(3.08 %),1030,6901000,0,0,6700,6700,6700
2012-01-09,2.11,7000,0.3(4.48 %),2240,15680000,0,0,7000,7000,7000
2012-01-10,2.11,7000,0(0.00 %),500,3500000,0,0,7000,7000,7000
2012-01-11,2.08,6900,-0.1(-1.43 %),14760,103319000,0,0,7000,7000,6900
2012-01-12,2.05,6800,-0.1(-1.45 %),10210,70448000,0,0,6900,6900,6800
2012-01-13,2.08,6900,0.1(1.47 %),9010,63369000,0,0,6900,7100,6900
2012-01-16,2.17,7200,0.3(4.35 %),40,288000,0,0,7200,7200,7200
2012-01-17,2.26,7500,0.3(4.17 %),3010,20775000,0,0,6900,7500,6900
2012-01-18,2.2,7300,-0.2(-2.67 %),10,73000,0,0,7300,7300,7300
2012-01-19,2.29,7600,0.3(4.11 %),10,76000,0,0,7600,7600,7600
2012-01-20,2.35,7800,0.2(2.63 %),9990,78811000,0,0,7900,7900,7800
2012-01-30,2.42,8000,0.2(2.56 %),3100,24690000,0,0,8000,8000,7900
2012-01-31,2.42,8000,0(0.00 %),2910,23372000,0,0,8200,8200,8000
2012-02-01,2.48,8200,0.2(2.50 %),60,492000,0,0,8200,8200,8200
2012-02-02,2.54,8400,0.2(2.44 %),310,2574000,0,0,8300,8400,8300
2012-02-03,2.54,8400,0(0.00 %),1220,10249000,0,0,8500,8500,8400
2012-02-06,2.42,8000,-0.4(-4.76 %),10,80000,0,0,8000,8000,8000
2012-02-07,2.48,8200,0.2(2.50 %),520,4266000,0,0,8400,8400,8200
2012-02-08,2.42,8000,-0.2(-2.44 %),1580,12954000,0,0,8200,8200,8000
2012-02-09,2.38,7900,-0.1(-1.25 %),4520,36158000,0,0,8000,8000,7900
2012-02-10,2.35,7800,-0.1(-1.27 %),17010,134578000,0,0,8000,8000,7800
2012-02-13,2.32,7700,-0.1(-1.28 %),20,154000,0,0,7700,7700,7700
2012-02-14,2.42,8000,0.3(3.90 %),1100,8600000,0,0,7800,8000,7800
2012-02-15,2.32,7700,-0.3(-3.75 %),9510,73327000,0,0,7700,7800,7700
2012-02-16,2.29,7600,-0.1(-1.30 %),2520,19152000,0,0,7600,7600,7600
2012-02-17,2.35,7800,0.2(2.63 %),3170,24626000,0,0,7700,7800,7700
2012-02-20,2.32,7700,-0.1(-1.28 %),5150,40688000,0,0,8000,8000,7700
2012-02-21,2.38,7900,0.2(2.60 %),5210,40239000,0,0,7800,7900,7700
2012-02-22,2.42,8000,0.1(1.27 %),5900,47120000,0,0,7900,8000,7900
2012-02-23,2.48,8200,0.2(2.50 %),5060,41292000,0,0,8100,8200,8100
2012-02-24,2.42,8000,-0.2(-2.44 %),14840,119170000,0,0,8100,8100,8000
2012-02-27,2.35,7800,-0.2(-2.50 %),1800,14260000,0,0,8000,8000,7800
2012-02-28,2.35,7800,0(0.00 %),10290,80546000,0,0,8000,8000,7800
2012-02-29,2.32,7700,-0.1(-1.28 %),3300,25410000,0,0,7700,7700,7700
2012-03-01,2.38,7900,0.2(2.60 %),3210,25324000,0,0,8000,8000,7800
2012-03-02,2.35,7800,-0.1(-1.27 %),15610,122002000,0,0,7700,8000,7700
2012-03-05,2.45,8100,0.3(3.85 %),78670,625557000,0,0,7800,8100,7800
2012-03-06,2.45,8100,0(0.00 %),56290,462563000,0,0,8100,8500,8100
2012-03-07,2.45,8100,0(0.00 %),58310,473740000,0,0,8100,8200,8000
2012-03-08,2.42,8000,-0.1(-1.23 %),36490,292920000,0,0,8100,8100,8000
2012-03-09,2.42,8000,0(0.00 %),37720,302560000,0,0,8200,8200,8000
2012-03-12,2.42,8000,0(0.00 %),33660,268922000,0,0,8000,8300,7900
2012-03-13,2.45,8100,0.1(1.25 %),14700,117536000,0,0,8000,8100,7900
2012-03-14,2.45,8100,0(0.00 %),24780,199241000,0,0,8000,8100,8000
2012-03-15,2.51,8300,0.2(2.47 %),36970,302546000,0,0,8100,8300,8100
2012-03-16,2.54,8400,0.1(1.20 %),1550,12915000,0,0,8300,8400,7900
2012-03-19,2.42,8000,-0.4(-4.76 %),7870,63308000,0,0,8400,8400,8000
2012-03-20,2.42,8000,0(0.00 %),9360,74885000,0,0,8100,8100,8000
2012-03-21,2.54,8400,0.4(5.00 %),34690,287335000,0,0,8100,8400,8100
2012-03-22,2.57,8500,0.1(1.19 %),9390,80059000,0,0,8800,8800,8400
2012-03-23,2.69,8900,0.4(4.71 %),35000,311500000,0,0,8900,8900,8900
2012-03-26,2.81,9300,0.4(4.49 %),3910,36363000,0,0,9300,9300,9300
2012-03-27,2.81,9300,0(0.00 %),71580,688192000,0,0,9700,9700,9300
2012-03-28,2.78,9200,-0.1(-1.08 %),23660,220308000,0,0,9300,9500,9200
2012-03-29,2.75,9100,-0.1(-1.09 %),28950,271081000,0,0,9300,9500,9100
2012-03-30,2.78,9200,0.1(1.10 %),27050,248241000,0,0,9300,9300,9100
2012-04-03,2.85,8560,0.2(2.53 %),16900,134967000,0,0,8560,8560,8560
2012-04-04,2.71,7700,-0.4(-4.94 %),1470,11479000,0,0,8200,8200,7700
2012-04-05,2.74,7800,0.1(1.30 %),10750,81800000,0,0,7600,8000,7500
2012-04-06,2.78,7900,0.1(1.28 %),2120,16455000,0,0,8000,8000,7700
2012-04-09,2.67,7600,-0.3(-3.80 %),19180,146310000,0,0,7700,8000,7600
2012-04-10,2.74,7800,0.2(2.63 %),5230,39310000,0,0,7400,7800,7400
2012-04-11,2.81,8000,0.2(2.56 %),29780,235956000,0,0,7600,8000,7600
2012-04-12,2.71,7700,-0.3(-3.75 %),6150,48300000,0,0,8000,8000,7700
2012-04-13,2.74,7800,0.1(1.30 %),59020,466958000,0,0,7900,8000,7800
2012-04-16,2.78,7900,0.1(1.28 %),11400,89090000,0,0,7900,7900,7700
2012-04-17,2.88,8200,0.3(3.80 %),79920,649721000,0,0,8000,8200,7800
2012-04-18,2.85,8100,-0.1(-1.22 %),9570,79027000,0,0,8300,8300,8100
2012-04-19,2.85,8100,0(0.00 %),12640,102188000,0,0,8300,8300,8000
2012-04-20,2.78,7900,-0.2(-2.47 %),7010,55079000,0,0,8000,8000,7800
2012-04-23,2.85,8100,0.2(2.53 %),84940,659456000,0,0,7900,8100,7700
2012-04-24,2.81,8000,-0.1(-1.23 %),23000,184100000,0,0,8100,8100,8000
2012-04-25,2.92,8300,0.3(3.75 %),36670,290812000,0,0,7800,8300,7700
2012-04-26,2.85,8100,-0.2(-2.41 %),10820,86921000,0,0,8000,8200,8000
2012-04-27,2.85,8100,0(0.00 %),47000,379266000,0,0,8000,8100,7900
2012-05-02,2.95,8400,0.3(3.70 %),93960,781110000,0,0,8300,8500,8000
2012-05-03,2.92,8300,-0.1(-1.19 %),40270,335801000,0,0,8400,8400,8300
2012-05-04,3.06,8700,0.4(4.82 %),172750,1486931000,0,0,8400,8700,8300
2012-05-07,3.2,9100,0.4(4.60 %),38140,347074000,0,0,9100,9100,9100
2012-05-08,3.34,9500,0.4(4.40 %),46860,445170000,0,0,9500,9500,9500
2012-05-09,3.48,9900,0.4(4.21 %),321850,3183653000,0,0,9900,9900,9700
2012-05-10,3.34,9500,-0.4(-4.04 %),143470,1386383000,0,0,9900,10200,9500
2012-05-11,3.23,9200,-0.3(-3.16 %),106540,976985000,0,0,9200,9500,9100
2012-05-14,3.13,8900,-0.3(-3.26 %),60420,539186000,0,0,9200,9200,8800
2012-05-15,3.02,8600,-0.3(-3.37 %),57530,491553000,0,0,8700,8700,8500
2012-05-16,3.02,8600,0(0.00 %),21090,177179000,40000,360000000,8700,8700,8300
2012-05-17,2.92,8300,-0.3(-3.49 %),41220,343983000,0,0,8600,8900,8300
2012-05-18,2.85,8100,-0.2(-2.41 %),18810,154031000,0,0,8300,8300,8100
2012-05-21,2.99,8500,0.4(4.94 %),40920,341943000,0,0,8200,8500,8200
2012-05-22,3.06,8700,0.2(2.35 %),13720,116579000,0,0,8300,8800,8300
2012-05-23,2.92,8300,-0.4(-4.60 %),31610,262463000,0,0,8400,8400,8300
2012-05-24,2.78,7900,-0.4(-4.82 %),50720,403726000,0,0,8700,8700,7900
2012-05-25,2.88,8200,0.3(3.80 %),16660,134668000,0,0,8200,8200,7600
2012-05-28,2.99,8500,0.3(3.66 %),3050,25525000,0,0,8500,8500,8300
2012-05-29,2.88,8200,-0.3(-3.53 %),31810,262381000,0,0,8300,8300,8200
2012-05-30,2.95,8400,0.2(2.44 %),6020,49569000,0,0,8500,8500,8200
2012-05-31,2.81,8000,-0.4(-4.76 %),39880,320267000,0,0,8200,8300,8000
2012-06-01,2.85,8100,0.1(1.25 %),1080,8651000,0,0,8300,8300,8000
2012-06-04,2.85,8100,0(0.00 %),16210,129227000,0,0,8500,8500,7900
2012-06-05,2.85,8100,0(0.00 %),8390,67141000,0,0,8000,8100,8000
2012-06-06,2.88,8200,0.1(1.23 %),2050,16803000,0,0,8000,8300,8000
2012-06-07,2.92,8300,0.1(1.22 %),7790,63979000,0,0,8200,8300,8200
2012-06-08,2.92,8300,0(0.00 %),21650,180760000,70360,555844000,8400,8400,8300
2012-06-11,2.95,8400,0.1(1.20 %),10,84000,0,0,8400,8400,8400
2012-06-12,2.92,8300,-0.1(-1.19 %),8120,67200000,0,0,8500,8500,8100
2012-06-13,2.88,8200,-0.1(-1.20 %),2810,23322000,0,0,8300,8300,8200
2012-06-14,2.92,8300,0.1(1.22 %),7690,62591000,0,0,8100,8300,8100
2012-06-15,2.95,8400,0.1(1.20 %),7520,63018000,0,0,8300,8400,8300
2012-06-18,2.95,8400,0(0.00 %),8920,73886000,0,0,8500,8500,8200
2012-06-19,2.85,8100,-0.3(-3.57 %),8860,72452000,0,0,8200,8200,8100
2012-06-20,2.81,8000,-0.1(-1.23 %),30110,245582000,0,0,8100,8200,8000
2012-06-21,2.88,8200,0.2(2.50 %),19710,157714000,0,0,8000,8200,8000
2012-06-22,2.92,8300,0.1(1.22 %),10,83000,0,0,8300,8300,8300
2012-06-25,2.92,8300,0(0.00 %),0,0,0,0,8300,8300,8300
2012-06-26,2.78,7900,-0.4(-4.82 %),15040,119045000,0,0,8500,8500,7900
2012-06-27,2.85,8100,0.2(2.53 %),10,81000,0,0,8100,8100,8100
2012-06-28,2.81,8000,-0.1(-1.23 %),3330,25871000,0,0,7800,8100,7700
2012-06-29,2.92,8300,0.3(3.75 %),20,165000,0,0,8200,8300,8200
2012-07-02,2.92,8300,0(0.00 %),0,0,0,0,8300,8300,8300
2012-07-03,2.78,7900,-0.4(-4.82 %),11440,90800000,0,0,8000,8000,7900
2012-07-04,2.67,7600,-0.3(-3.80 %),5100,39164000,0,0,7800,8000,7600
2012-07-05,2.78,7900,0.3(3.95 %),610,4639000,0,0,7600,7900,7600
2012-07-06,2.81,8000,0.1(1.27 %),220,1761000,0,0,8100,8100,8000
2012-07-09,2.74,7800,-0.2(-2.50 %),4960,38738000,66280,556752000,7900,7900,7800
2012-07-10,2.81,8000,0.2(2.56 %),18020,144000000,0,0,8000,8000,7900
2012-07-11,2.81,8000,0(0.00 %),1630,12880000,0,0,8000,8000,7900
2012-07-12,2.81,8000,0(0.00 %),12090,96513000,0,0,7900,8100,7900
2012-07-13,2.78,7900,-0.1(-1.25 %),45950,364618000,0,0,7900,8200,7800
2012-07-16,2.74,7800,-0.1(-1.27 %),35880,278451000,0,0,7900,8000,7600
2012-07-17,2.81,8000,0.2(2.56 %),20,160000,0,0,8000,8000,8000
2012-07-18,2.81,8000,0(0.00 %),5550,43259000,0,0,8000,8000,7700
2012-07-19,2.78,7900,-0.1(-1.25 %),12530,99189000,0,0,8000,8000,7900
2012-07-20,2.85,8100,0.2(2.53 %),47910,382871000,0,0,7800,8200,7800
2012-07-23,2.81,8000,-0.1(-1.23 %),29110,232892000,0,0,8000,8100,8000
2012-07-24,2.78,7900,-0.1(-1.25 %),4500,35599000,0,0,8000,8000,7900
2012-07-25,2.78,7900,0(0.00 %),6240,48693000,0,0,7800,7900,7800
2012-07-26,2.88,8200,0.3(3.80 %),15140,122040000,0,0,7800,8200,7800
2012-07-27,2.78,7900,-0.3(-3.66 %),10890,86031000,0,0,7900,7900,7900
2012-07-30,2.85,8100,0.2(2.53 %),10,81000,0,0,8100,8100,8100
2012-07-31,2.78,7900,-0.2(-2.47 %),500,3950000,0,0,7900,7900,7900
2012-08-01,2.78,7900,0(0.00 %),3600,28440000,0,0,7900,7900,7900
2012-08-02,2.81,8000,0.1(1.27 %),10510,83030000,0,0,7900,8000,7900
2012-08-03,2.81,8000,0(0.00 %),13610,107620000,0,0,7900,8000,7900
2012-08-06,2.81,8000,0(0.00 %),17950,143056000,0,0,8000,8000,7900
2012-08-07,2.78,7900,-0.1(-1.25 %),5600,44240000,0,0,7900,7900,7900
2012-08-08,2.81,8000,0.1(1.27 %),20,160000,0,0,8000,8000,8000
2012-08-09,2.81,8000,0(0.00 %),3020,23560000,0,0,8000,8000,7800
2012-08-10,2.85,8100,0.1(1.25 %),70,561000,0,0,8000,8100,8000
2012-08-13,2.85,8100,0(0.00 %),3020,24262000,0,0,8100,8100,8000
2012-08-14,2.85,8100,0(0.00 %),31100,251050000,0,0,8000,8100,8000
2012-08-15,2.85,8100,0(0.00 %),16000,129600000,0,0,8100,8100,8100
2012-08-16,2.85,8100,0(0.00 %),10000,81000000,0,0,8100,8100,8100
2012-08-17,2.85,8100,0(0.00 %),11320,87472000,0,0,7700,8100,7700
2012-08-20,2.85,8100,0(0.00 %),7210,58302000,0,0,8000,8200,8000
2012-08-21,2.71,7700,-0.4(-4.94 %),52000,410027000,0,0,8100,8100,7700
2012-08-22,2.81,8000,0.3(3.90 %),140,1120000,0,0,8000,8000,8000
2012-08-23,2.67,7600,-0.4(-5.00 %),27380,208128000,0,0,7800,7800,7600
2012-08-24,2.78,7900,0.3(3.95 %),9570,71651000,0,0,7400,7900,7400
2012-08-27,2.78,7900,0(0.00 %),63010,506745000,0,0,8000,8100,7900
2012-08-28,2.78,7900,0(0.00 %),16730,127667000,0,0,7600,7900,7600
2012-08-29,2.71,7700,-0.2(-2.53 %),30060,242071000,0,0,8000,8200,7700
2012-08-30,2.74,7800,0.1(1.30 %),24890,197516000,0,0,7700,8000,7700
2012-08-31,2.81,8000,0.2(2.56 %),30,236000,0,0,7800,8000,7800
2012-09-04,2.85,8100,0.1(1.25 %),3020,24273000,0,0,8000,8200,8000
2012-09-05,2.85,8100,0(0.00 %),3010,24381000,0,0,8100,8100,8100
2012-09-06,2.85,8100,0(0.00 %),2540,20526000,0,0,8300,8300,8000
2012-09-07,2.85,8100,0(0.00 %),1020,8258000,0,0,7900,8100,7900
2012-09-10,2.85,8100,0(0.00 %),47550,374180000,0,0,8000,8100,7700
2012-09-11,2.85,8100,0(0.00 %),26010,207481000,0,0,8000,8100,7900
2012-09-12,2.81,8000,-0.1(-1.23 %),37010,294178000,0,0,7800,8000,7800
2012-09-13,2.71,7700,-0.3(-3.75 %),27220,215097000,0,0,7700,8000,7700
2012-09-14,2.81,8000,0.3(3.90 %),21330,169490000,0,0,7800,8000,7800
2012-09-17,2.81,8000,0(0.00 %),0,0,0,0,8000,8000,8000
2012-09-18,2.78,7900,-0.1(-1.25 %),5480,42198000,0,0,7700,7900,7700
2012-09-19,2.78,7900,0(0.00 %),0,0,0,0,7900,7900,7900
2012-09-20,2.85,8100,0.2(2.53 %),140,1094000,0,0,7700,8100,7700
2012-09-21,2.81,8000,-0.1(-1.23 %),10,80000,0,0,8000,8000,8000
2012-09-24,2.71,7700,-0.3(-3.75 %),500,3850000,0,0,7700,7700,7700
2012-09-25,2.81,8000,0.3(3.90 %),11760,92926000,0,0,7600,8000,7600
2012-09-26,2.78,7900,-0.1(-1.25 %),34990,285587000,0,0,7900,8400,7900
2012-09-27,2.88,8200,0.3(3.80 %),12820,103213000,0,0,7900,8200,7900
2012-09-28,2.99,8500,0.3(3.66 %),11520,97365000,0,0,8500,8600,7900
2012-10-01,3.06,8700,0.2(2.35 %),20,174000,0,0,8700,8700,8700
2012-10-02,3.09,8800,0.1(1.15 %),300,2640000,0,0,8800,8800,8800
2012-10-03,2.95,8400,-0.4(-4.55 %),11560,97104000,0,0,8400,8400,8400
2012-10-04,2.85,8100,-0.3(-3.57 %),510,4132000,0,0,8200,8200,8100
2012-10-05,2.95,8400,0.3(3.70 %),12950,105459000,0,0,7900,8400,7900
2012-10-08,2.81,8000,-0.4(-4.76 %),3360,26888000,0,0,8400,8400,8000
2012-10-09,2.81,8000,0(0.00 %),28040,234420000,0,0,8000,8400,8000
2012-10-10,2.95,8400,0.4(5.00 %),8300,68220000,0,0,8100,8400,8100
2012-10-11,3.09,8800,0.4(4.76 %),9000,78688000,0,0,8400,8800,8400
2012-10-12,3.16,9000,0.2(2.27 %),330,2970000,0,0,9000,9000,9000
2012-10-15,3.16,9000,0(0.00 %),0,0,0,0,9000,9000,9000
2012-10-16,3.16,9000,0(0.00 %),2450,22050000,0,0,9000,9000,9000
2012-10-17,3.16,9000,0(0.00 %),16360,147240000,0,0,9000,9000,9000
2012-10-18,3.02,8600,-0.4(-4.44 %),1000,8600000,0,0,8600,8600,8600
2012-10-19,3.02,8600,0(0.00 %),6110,51305000,0,0,8200,8600,8200
2012-10-22,3.02,8600,0(0.00 %),4000,32950000,0,0,8300,8600,8200
2012-10-23,2.88,8200,-0.4(-4.65 %),10,82000,0,0,8200,8200,8200
2012-10-24,2.95,8400,0.2(2.44 %),10,84000,0,0,8400,8400,8400
2012-10-25,2.88,8200,-0.2(-2.38 %),1550,12710000,0,0,8200,8200,8200
2012-10-26,2.88,8200,0(0.00 %),0,0,0,0,8200,8200,8200
2012-10-29,2.88,8200,0(0.00 %),0,0,0,0,8200,8200,8200
2012-10-30,2.92,8300,0.1(1.22 %),10,83000,0,0,8300,8300,8300
2012-10-31,2.81,8000,-0.3(-3.61 %),8170,65676000,0,0,8400,8400,8000
2012-11-01,2.81,8000,0(0.00 %),4810,38480000,0,0,8000,8000,8000
2012-11-02,2.78,7900,-0.1(-1.25 %),4800,38360000,0,0,8000,8000,7900
2012-11-05,2.78,7900,0(0.00 %),0,0,0,0,7900,7900,7900
2012-11-06,2.85,8100,0.2(2.53 %),5390,42583000,0,0,7900,8100,7900
2012-11-07,2.81,8000,-0.1(-1.23 %),1020,8161000,0,0,8100,8100,8000
2012-11-08,2.85,8100,0.1(1.25 %),10010,80081000,0,0,8000,8100,8000
2012-11-09,2.85,8100,0(0.00 %),4010,32381000,0,0,8000,8100,8000
2012-11-12,2.74,7800,-0.3(-3.70 %),20,160000,0,0,8200,8200,7800
2012-11-13,2.85,8100,0.3(3.85 %),4010,32380000,0,0,8000,8100,8000
2012-11-14,2.81,8000,-0.1(-1.23 %),5010,41080000,0,0,8200,8200,8000
2012-11-15,2.78,7900,-0.1(-1.25 %),4510,36279000,0,0,8200,8200,7900
2012-11-16,2.78,7900,0(0.00 %),20130,160777000,0,0,8000,8000,7900
2012-11-19,2.85,8100,0.2(2.53 %),19200,154520000,0,0,8000,8100,8000
2012-11-20,2.95,8400,0.3(3.70 %),2810,23363000,0,0,8100,8400,8100
2012-11-21,2.95,8400,0(0.00 %),3640,29577000,0,0,8200,8400,8000
2012-11-22,2.95,8400,0(0.00 %),630,5262000,0,0,8200,8400,8100
2012-11-23,2.95,8400,0(0.00 %),2160,17698000,0,0,8200,8400,8000
2012-11-26,2.95,8400,0(0.00 %),580,4848000,0,0,8100,8400,8100
2012-11-27,2.95,8400,0(0.00 %),510,4184000,0,0,8200,8400,8200
2012-11-28,2.95,8400,0(0.00 %),320,2685000,0,0,8100,8400,8100
2012-11-29,2.81,8000,-0.4(-4.76 %),2870,23197000,0,0,8100,8100,8000
2012-11-30,2.95,8400,0.4(5.00 %),12200,101178000,0,0,8000,8400,8000
2012-12-03,2.95,8400,0(0.00 %),90,754000,0,0,8300,8400,8300
2012-12-04,2.81,8000,-0.4(-4.76 %),40,320000,0,0,8000,8000,8000
2012-12-05,2.81,8000,0(0.00 %),31610,265478000,0,0,8300,8400,8000
2012-12-06,2.95,8400,0.4(5.00 %),8010,66634000,0,0,8100,8400,8100
2012-12-07,2.99,8500,0.1(1.19 %),1730,14808000,0,0,8400,8600,8100
2012-12-10,2.95,8400,-0.1(-1.18 %),2170,17815000,0,0,8300,8400,8200
2012-12-11,2.85,8100,-0.3(-3.57 %),13300,114360000,0,0,8400,8800,8100
2012-12-12,2.95,8400,0.3(3.70 %),420,3527000,0,0,8300,8400,8300
2012-12-13,2.95,8400,0(0.00 %),11010,92184000,0,0,8300,8400,8300
2012-12-14,2.85,8100,-0.3(-3.57 %),25030,204853000,0,0,8500,8500,8100
2012-12-17,2.81,8000,-0.1(-1.23 %),5300,42515000,0,0,8300,8400,8000
2012-12-18,2.95,8400,0.4(5.00 %),550,4620000,0,0,8400,8400,8400
2012-12-19,3.09,8800,0.4(4.76 %),26550,231719000,0,0,8600,8800,8400
2012-12-20,2.95,8400,-0.4(-4.55 %),23130,195783000,0,0,9000,9000,8400
2012-12-21,3.09,8800,0.4(4.76 %),11790,97430000,0,0,8300,8800,8100
2012-12-24,3.02,8600,-0.2(-2.27 %),6550,56559000,0,0,9000,9000,8500
2012-12-25,3.02,8600,0(0.00 %),8520,72496000,0,0,8400,8600,8400
2012-12-26,3.02,8600,0(0.00 %),4500,38700000,0,0,8600,8600,8600
2012-12-27,3.09,8800,0.2(2.33 %),9300,81840000,0,0,8800,8800,8800
2012-12-28,3.16,9000,0.2(2.27 %),26360,235273000,0,0,8900,9000,8800
2013-01-02,3.16,9000,0(0.00 %),600,5520000,0,0,9400,9400,9000
2013-01-03,3.02,8600,-0.4(-4.44 %),1360,11878000,0,0,9200,9200,8600
2013-01-04,3.16,9000,0.4(4.65 %),800,6965000,0,0,8400,9000,8400
2013-01-07,3.02,8600,-0.4(-4.44 %),6900,60619000,0,0,8800,9000,8600
2013-01-08,3.06,8700,0.1(1.16 %),12010,105484000,0,0,8400,8800,8400
2013-01-09,3.02,8600,-0.1(-1.15 %),7240,61484000,0,0,8600,8600,8400
2013-01-10,3.16,9000,0.4(4.65 %),2100,17700000,0,0,8400,9000,8400
2013-01-11,3.27,9300,0.3(3.33 %),15000,138840000,0,0,9000,9300,9000
2013-01-14,3.23,9200,-0.1(-1.08 %),100,920000,0,0,9200,9200,9200
2013-01-15,3.09,8800,-0.4(-4.35 %),18120,168454000,0,0,9200,9300,8700
2013-01-16,3.27,9300,0.5(5.68 %),29110,260868000,0,0,9000,9300,8800
2013-01-17,3.27,9300,0(0.00 %),19600,176430000,0,0,9000,9300,9000
2013-01-18,3.2,9100,-0.2(-2.15 %),2010,18291000,0,0,9100,9100,9100
2013-01-21,3.23,9200,0.1(1.10 %),11000,100400000,0,0,8800,9200,8800
2013-01-22,3.23,9200,0(0.00 %),0,0,0,0,9200,9200,9200
2013-01-23,3.2,9100,-0.1(-1.09 %),6520,56744000,0,0,8700,9100,8700
2013-01-24,3.2,9100,0(0.00 %),0,0,0,0,9100,9100,9100
2013-01-25,3.16,9000,-0.1(-1.10 %),9380,84420000,0,0,9000,9000,9000
2013-01-28,3.16,9000,0(0.00 %),6850,59849000,0,0,8700,9000,8700
2013-01-29,3.16,9000,0(0.00 %),45910,411424000,0,0,8900,9000,8900
2013-01-30,3.16,9000,0(0.00 %),10000,90000000,0,0,9000,9000,9000
2013-01-31,3.16,9000,0(0.00 %),23110,206390000,0,0,8800,9000,8800
2013-02-01,3.16,9000,0(0.00 %),45000,405000000,0,0,9000,9000,9000
2013-02-04,3.27,9300,0.3(3.33 %),90060,837556000,0,0,9100,9300,9100
2013-02-05,3.27,9300,0(0.00 %),0,0,0,0,9300,9300,9300
2013-02-06,3.27,9300,0(0.00 %),68400,627232000,0,0,9000,9600,8800
2013-02-07,3.16,9000,-0.3(-3.23 %),9080,86862000,0,0,8800,9600,8800
2013-02-08,3.27,9300,0.3(3.33 %),25350,235755000,0,0,9300,9300,9300
2013-02-18,3.38,9600,0.3(3.23 %),36000,345600000,0,0,9600,9600,9600
2013-02-19,3.38,9600,0(0.00 %),13580,130568000,0,0,9600,9700,9600
2013-02-20,3.34,9500,-0.1(-1.04 %),26050,249960000,0,0,9700,9700,9500
2013-02-21,3.27,9300,-0.2(-2.11 %),6610,63473000,0,0,9800,9800,9300
2013-02-22,3.38,9600,0.3(3.23 %),15960,150549000,0,0,9200,9600,9200
2013-02-25,3.34,9500,-0.1(-1.04 %),1630,15485000,0,0,9500,9500,9500
2013-02-26,3.34,9500,0(0.00 %),0,0,0,0,9500,9500,9500
2013-02-27,3.3,9400,-0.1(-1.05 %),120030,1116282000,0,0,9300,9400,9300
2013-02-28,3.45,9800,0.4(4.26 %),3000,29395000,0,0,9500,9800,9500
2013-03-01,3.45,9800,0(0.00 %),0,0,0,0,9800,9800,9800
2013-03-04,3.45,9800,0(0.00 %),4000,38440000,0,0,9400,9800,9200
2013-03-05,3.38,9600,-0.2(-2.04 %),3770,36164000,0,0,9200,9600,9200
2013-03-06,3.48,9900,0.3(3.12 %),6900,67357000,0,0,9600,9900,9600
2013-03-07,3.59,10200,0.3(3.03 %),24010,241550000,0,0,9900,10500,9900
2013-03-08,3.62,10300,0.1(0.98 %),17520,175104000,0,0,10000,10300,9900
2013-03-11,3.62,10300,0(0.00 %),10050,103365000,0,0,10300,10300,10200
2013-03-12,3.66,10400,0.1(0.97 %),67090,698958000,0,0,10800,11000,10300
2013-03-13,3.66,10400,0(0.00 %),49460,513518000,0,0,10500,10500,10000
2013-03-14,3.46,9650,-0.5(-5.43 %),33240,296129000,0,0,9650,9650,9650
2013-03-15,3.54,8900,0.2(2.30 %),7130,63479000,0,0,9300,9300,8900
2013-03-18,3.54,8900,0(0.00 %),10,89000,0,0,8900,8900,8900
2013-03-19,3.54,8900,0(0.00 %),2540,21847000,0,0,8600,8900,8600
2013-03-20,3.54,8900,0(0.00 %),0,0,0,0,8900,8900,8900
2013-03-21,3.46,8700,-0.2(-2.25 %),3030,25761000,0,0,8500,8700,8500
2013-03-22,3.46,8700,0(0.00 %),1500,12603000,0,0,8400,8700,8400
2013-03-25,3.46,8700,0(0.00 %),20,174000,0,0,8700,8700,8700
2013-03-26,3.38,8500,-0.2(-2.30 %),120,1020000,0,0,8500,8500,8500
2013-03-27,3.3,8300,-0.2(-2.35 %),3200,26280000,0,0,8200,8300,8200
2013-03-28,3.38,8500,0.2(2.41 %),1320,10964000,0,0,8300,8500,8300
2013-03-29,3.18,8000,-0.5(-5.88 %),1830,15450000,0,0,8500,8500,8000
2013-04-01,3.22,8100,0.1(1.25 %),20,166000,0,0,8500,8500,8100
2013-04-02,3.38,8500,0.4(4.94 %),1030,8855000,0,0,8600,8600,8500
2013-04-03,3.46,8700,0.2(2.35 %),20,174000,0,0,8700,8700,8700
2013-04-04,3.26,8200,-0.5(-5.75 %),30,246000,0,0,8200,8200,8200
2013-04-05,3.42,8600,0.4(4.88 %),80,688000,0,0,8600,8600,8600
2013-04-08,3.54,8900,0.3(3.49 %),28420,252736000,0,0,8800,9000,8800
2013-04-09,3.58,9000,0.1(1.12 %),3530,31517000,0,0,9000,9000,8900
2013-04-10,3.66,9200,0.2(2.22 %),20740,190858000,0,0,9200,9300,9200
2013-04-11,3.62,9100,-0.1(-1.09 %),10,91000,0,0,9100,9100,9100
2013-04-12,3.58,9000,-0.1(-1.10 %),4290,36906000,0,0,9000,9000,8600
2013-04-15,3.34,8400,-0.6(-6.67 %),10,84000,0,0,8400,8400,8400
2013-04-16,3.26,8200,-0.2(-2.38 %),3090,25242000,0,0,8000,8600,8000
2013-04-17,3.38,8500,0.3(3.66 %),50,425000,0,0,8500,8500,8500
2013-04-18,3.5,8800,0.3(3.53 %),10,88000,0,0,8800,8800,8800
2013-04-22,3.38,8500,-0.3(-3.41 %),170,1471000,0,0,8700,8700,8500
2013-04-23,3.34,8400,-0.1(-1.18 %),1510,12684000,0,0,8400,8400,8400
2013-04-24,3.22,8100,-0.3(-3.57 %),3030,24544000,0,0,8100,8200,8100
2013-04-25,3.38,8500,0.4(4.94 %),2470,20995000,0,0,8500,8500,8500
2013-04-26,3.34,8400,-0.1(-1.18 %),870,7208000,0,0,8200,8400,8200
2013-05-02,3.38,8500,0.1(1.19 %),700,5611000,0,0,8100,8500,8000
2013-05-03,3.34,8400,-0.1(-1.18 %),1010,8584000,0,0,8500,8500,8400
2013-05-06,3.26,8200,-0.2(-2.38 %),4880,40035000,0,0,8400,8400,8100
2013-05-07,3.22,8100,-0.1(-1.22 %),51980,425493000,0,0,8200,8200,8100
2013-05-08,3.22,8100,0(0.00 %),8220,66582000,0,0,8100,8100,8100
2013-05-09,3.34,8400,0.3(3.70 %),29640,247376000,0,0,8200,8400,8200
2013-05-10,3.26,8200,-0.2(-2.38 %),6050,50710000,0,0,8300,8400,8200
2013-05-13,3.38,8500,0.3(3.66 %),140,1147000,0,0,8400,8500,7900
2013-05-14,3.3,8300,-0.2(-2.35 %),10,83000,0,0,8300,8300,8300
2013-05-15,3.1,7800,-0.5(-6.02 %),96880,756511000,0,0,8000,8000,7800
2013-05-16,2.98,7500,-0.3(-3.85 %),29120,222089000,0,0,7900,7900,7500
2013-05-17,3.18,8000,0.5(6.67 %),430,3440000,0,0,8000,8000,8000
2013-05-20,3.14,7900,-0.1(-1.25 %),60,479000,0,0,8000,8000,7900
2013-05-21,3.02,7600,-0.3(-3.80 %),20360,157845000,0,0,8000,8000,7600
2013-05-22,3.06,7700,0.1(1.32 %),29470,230704000,0,0,7800,7900,7700
2013-05-23,3.06,7700,0(0.00 %),0,0,0,0,7700,7700,7700
2013-05-24,3.14,7900,0.2(2.60 %),7410,57895000,0,0,7700,7900,7700
2013-05-27,3.22,8100,0.2(2.53 %),1000,8100000,0,0,8100,8100,8100
2013-05-28,3.18,8000,-0.1(-1.23 %),1000,7988000,0,0,7800,8000,7800
2013-05-29,3.1,7800,-0.2(-2.50 %),8170,62989000,0,0,7800,8200,7700
2013-05-30,3.22,8100,0.3(3.85 %),1770,14337000,0,0,8100,8100,8100
2013-05-31,3.26,8200,0.1(1.23 %),15200,124640000,0,0,8200,8200,8200
2013-06-03,3.18,8000,-0.2(-2.44 %),2550,20400000,0,0,8000,8000,8000
2013-06-04,3.18,8000,0(0.00 %),0,0,0,0,8000,8000,8000
2013-06-05,3.26,8200,0.2(2.50 %),7010,56082000,0,0,8000,8200,8000
2013-06-06,3.14,7900,-0.3(-3.66 %),2030,16537000,0,0,8200,8200,7900
2013-06-07,3.3,8300,0.4(5.06 %),53580,436200000,0,0,8100,8300,8100
2013-06-10,3.26,8200,-0.1(-1.20 %),11930,99811000,0,0,8300,8600,8200
2013-06-11,3.18,8000,-0.2(-2.44 %),4110,32890000,0,0,8100,8100,8000
2013-06-12,3.18,8000,0(0.00 %),10010,80080000,0,0,8000,8000,8000
2013-06-13,3.18,8000,0(0.00 %),10000,80000000,0,0,8000,8000,8000
2013-06-14,3.18,8000,0(0.00 %),1500,12000000,0,0,8000,8000,8000
2013-06-17,3.14,7900,-0.1(-1.25 %),21210,167759000,0,0,8000,8000,7900
2013-06-18,3.18,8000,0.1(1.27 %),10010,80080000,0,0,8000,8000,8000
2013-06-19,3.26,8200,0.2(2.50 %),10010,81082000,0,0,8100,8200,8100
2013-06-20,3.18,8000,-0.2(-2.44 %),160,1280000,0,0,8000,8000,8000
2013-06-21,3.18,8000,0(0.00 %),4900,39200000,0,0,8000,8000,8000
2013-06-24,3.18,8000,0(0.00 %),4160,33280000,0,0,8000,8000,8000
2013-06-25,3.14,7900,-0.1(-1.25 %),22420,180257000,0,0,8000,8100,7900
2013-06-26,3.14,7900,0(0.00 %),5500,43520000,0,0,8000,8000,7900
2013-06-27,3.14,7900,0(0.00 %),7820,61778000,0,0,7900,7900,7900
2013-06-28,3.18,8000,0.1(1.27 %),5050,40477000,0,0,8100,8100,7900
2013-07-01,3.18,8000,0(0.00 %),1200,9579000,0,0,7900,8000,7900
2013-07-02,3.18,8000,0(0.00 %),38510,304430000,0,0,7900,8000,7900
2013-07-03,3.18,8000,0(0.00 %),0,0,0,0,8000,8000,8000
2013-07-04,3.18,8000,0(0.00 %),0,0,0,0,8000,8000,8000
2013-07-05,3.14,7900,-0.1(-1.25 %),18880,149152000,0,0,7900,7900,7900
2013-07-08,3.22,8100,0.2(2.53 %),7840,61942000,0,0,7900,8100,7900
2013-07-09,3.18,8000,-0.1(-1.23 %),2000,16000000,0,0,8000,8000,8000
2013-07-10,3.18,8000,0(0.00 %),500,4000000,0,0,8000,8000,8000
2013-07-11,3.14,7900,-0.1(-1.25 %),4030,31837000,0,0,7900,7900,7900
2013-07-12,3.14,7900,0(0.00 %),44450,351206000,0,0,8000,8000,7900
2013-07-15,3.18,8000,0.1(1.27 %),8000,64000000,0,0,8000,8000,8000
2013-07-16,3.22,8100,0.1(1.25 %),20,162000,0,0,8100,8100,8100
2013-07-17,3.22,8100,0(0.00 %),10000,81000000,0,0,8100,8100,8100
2013-07-18,3.18,8000,-0.1(-1.23 %),3310,26480000,0,0,8000,8000,8000
2013-07-19,3.18,8000,0(0.00 %),710,5680000,0,0,8000,8000,8000
2013-07-22,3.18,8000,0(0.00 %),2880,23040000,0,0,8000,8000,8000
2013-07-23,3.14,7900,-0.1(-1.25 %),15100,119290000,0,0,7900,7900,7900
2013-07-24,3.18,8000,0.1(1.27 %),20080,158640000,0,0,7900,8000,7900
2013-07-25,3.14,7900,-0.1(-1.25 %),400,3160000,0,0,7900,7900,7900
2013-07-26,3.14,7900,0(0.00 %),0,0,0,0,7900,7900,7900
2013-07-29,3.1,7800,-0.1(-1.27 %),5240,40872000,0,0,7800,7800,7800
2013-07-30,3.02,7600,-0.2(-2.56 %),500,3800000,0,0,7600,7600,7600
2013-07-31,3.02,7600,0(0.00 %),2580,19608000,0,0,7600,7600,7600
2013-08-01,3.18,8000,0.4(5.26 %),10,80000,0,0,8000,8000,8000
2013-08-02,2.98,7500,-0.5(-6.25 %),10,75000,0,0,7500,7500,7500
2013-08-05,2.98,7500,0(0.00 %),0,0,0,0,7500,7500,7500
2013-08-06,3.02,7600,0.1(1.33 %),10,76000,0,0,7600,7600,7600
2013-08-07,3.02,7600,0(0.00 %),0,0,0,0,7600,7600,7600
2013-08-08,3.02,7600,0(0.00 %),1000,7600000,0,0,7600,7600,7600
2013-08-09,3.02,7600,0(0.00 %),0,0,0,0,7600,7600,7600
2013-08-12,3.02,7600,0(0.00 %),0,0,0,0,7600,7600,7600
2013-08-13,3.18,8000,0.4(5.26 %),200,1600000,0,0,8000,8000,8000
2013-08-14,3.14,7900,-0.1(-1.25 %),50,392000,0,0,7800,7900,7800
2013-08-15,3.14,7900,0(0.00 %),0,0,0,0,7900,7900,7900
2013-08-16,3.18,8000,0.1(1.27 %),10590,84720000,0,0,8000,8000,8000
2013-08-19,3.18,8000,0(0.00 %),0,0,0,0,8000,8000,8000
2013-08-20,3.18,8000,0(0.00 %),5000,40000000,0,0,8000,8000,8000
2013-08-21,3.18,8000,0(0.00 %),10,80000,0,0,8000,8000,8000
2013-08-22,3.1,7800,-0.2(-2.50 %),1350,10530000,0,0,7800,7800,7800
2013-08-23,3.22,8100,0.3(3.85 %),130,1039000,0,0,8000,8100,7900
2013-08-26,3.34,8400,0.3(3.70 %),18440,148587000,0,0,8100,8400,8000
2013-08-27,3.18,8000,-0.4(-4.76 %),13490,107922000,0,0,8000,8100,8000
2013-08-28,3.18,8000,0(0.00 %),19600,156850000,0,0,8100,8100,8000
2013-08-29,3.18,8000,0(0.00 %),38220,309560000,0,0,8300,8300,8000
2013-08-30,3.18,8000,0(0.00 %),11500,92000000,0,0,8000,8000,8000
2013-09-03,3.18,8000,0(0.00 %),0,0,0,0,8000,8000,8000
2013-09-04,3.18,8000,0(0.00 %),0,0,0,0,8000,8000,8000
2013-09-05,3.18,8000,0(0.00 %),7000,56000000,0,0,8000,8000,8000
2013-09-06,3.18,8000,0(0.00 %),2480,19840000,0,0,8000,8000,8000
2013-09-09,3.18,8000,0(0.00 %),20020,160160000,0,0,8000,8000,8000
2013-09-10,3.18,8000,0(0.00 %),0,0,0,0,8000,8000,8000
2013-09-11,3.18,8000,0(0.00 %),3280,26204000,0,0,7600,8000,7600
2013-09-12,3.18,8000,0(0.00 %),1080,8640000,0,0,8000,8000,8000
2013-09-13,3.18,8000,0(0.00 %),0,0,0,0,8000,8000,8000
2013-09-16,3.18,8000,0(0.00 %),7250,58300000,0,0,8200,8200,8000
2013-09-17,3.18,8000,0(0.00 %),3000,24000000,0,0,8000,8000,8000
2013-09-18,3.22,8100,0.1(1.25 %),1500,12150000,0,0,8100,8100,8100
2013-09-19,3.22,8100,0(0.00 %),0,0,0,0,8100,8100,8100
2013-09-20,3.18,8000,-0.1(-1.23 %),3700,29060000,0,0,7800,8000,7800
2013-09-23,3.1,7800,-0.2(-2.50 %),10,78000,0,0,7800,7800,7800
2013-09-24,3.18,8000,0.2(2.56 %),2360,18880000,0,0,8000,8000,8000
2013-09-25,3.18,8000,0(0.00 %),0,0,0,0,8000,8000,8000
2013-09-26,3.22,8100,0.1(1.25 %),1500,12150000,0,0,8100,8100,8100
2013-09-27,3.22,8100,0(0.00 %),0,0,0,0,8100,8100,8100
2013-09-30,3.18,8000,-0.1(-1.23 %),3100,24800000,0,0,8000,8000,8000
2013-10-01,3.1,7800,-0.2(-2.50 %),1000,7800000,0,0,7800,7800,7800
2013-10-02,3.18,8000,0.2(2.56 %),1000,8000000,0,0,8000,8000,8000
2013-10-03,3.18,8000,0(0.00 %),0,0,0,0,8000,8000,8000
2013-10-04,3.18,8000,0(0.00 %),19710,157680000,0,0,8000,8000,8000
2013-10-07,3.18,8000,0(0.00 %),0,0,0,0,8000,8000,8000
2013-10-08,3.22,8100,0.1(1.25 %),10020,81037000,0,0,8000,8100,8000
2013-10-09,3.22,8100,0(0.00 %),0,0,0,0,8100,8100,8100
2013-10-10,3.14,7900,-0.2(-2.47 %),2580,20531000,0,0,8000,8000,7900
2013-10-11,3.14,7900,0(0.00 %),0,0,0,0,7900,7900,7900
2013-10-14,3.18,8000,0.1(1.27 %),2200,17600000,0,0,8000,8000,8000
2013-10-15,3.18,8000,0(0.00 %),0,0,0,0,8000,8000,8000
2013-10-16,3.22,8100,0.1(1.25 %),11010,88081000,0,0,8000,8100,8000
2013-10-17,3.22,8100,0(0.00 %),2010,16081000,0,0,8000,8100,8000
2013-10-18,3.34,8400,0.3(3.70 %),10,84000,0,0,8400,8400,8400
2013-10-21,3.34,8400,0(0.00 %),12820,107092000,0,0,8200,8400,8000
2013-10-22,3.26,8200,-0.2(-2.38 %),5800,46402000,0,0,8000,8200,8000
2013-10-23,3.3,8300,0.1(1.22 %),7220,59205000,0,0,8200,8300,8200
2013-10-24,3.3,8300,0(0.00 %),0,0,0,0,8300,8300,8300
2013-10-25,3.26,8200,-0.1(-1.20 %),5760,46082000,0,0,8000,8200,8000
2013-10-28,3.22,8100,-0.1(-1.22 %),790,6449000,0,0,8200,8200,8100
2013-10-29,3.42,8600,0.5(6.17 %),3000,25720000,0,0,8500,8600,8500
2013-10-30,3.3,8300,-0.3(-3.49 %),3290,27440000,0,0,8300,8400,8300
2013-10-31,3.3,8300,0(0.00 %),0,0,0,0,8300,8300,8300
2013-11-01,3.18,8000,-0.3(-3.61 %),3000,24000000,0,0,8000,8000,8000
2013-11-04,3.18,8000,0(0.00 %),0,0,0,0,8000,8000,8000
2013-11-05,3.18,8000,0(0.00 %),21750,182696000,0,0,8400,8400,8000
2013-11-06,3.26,8200,0.2(2.50 %),4870,40371000,0,0,8000,8400,8000
2013-11-07,3.22,8100,-0.1(-1.22 %),9030,75845000,0,0,8000,8400,8000
2013-11-08,3.34,8400,0.3(3.70 %),1870,15638000,0,0,8200,8400,8200
2013-11-11,3.38,8500,0.1(1.19 %),11500,97700000,0,0,8400,8500,8400
2013-11-12,3.5,8800,0.3(3.53 %),1500,13200000,0,0,8800,8800,8800
2013-11-13,3.34,8400,-0.4(-4.55 %),8100,68040000,0,0,8400,8400,8400
2013-11-14,3.22,8100,-0.3(-3.57 %),90,729000,0,0,8100,8100,8100
2013-11-15,3.22,8100,0(0.00 %),0,0,0,0,8100,8100,8100
2013-11-18,3.34,8400,0.3(3.70 %),14400,120960000,0,0,8400,8400,8400
2013-11-19,3.34,8400,0(0.00 %),0,0,0,0,8400,8400,8400
2013-11-20,3.34,8400,0(0.00 %),2000,16800000,0,0,8400,8400,8400
2013-11-21,3.38,8500,0.1(1.19 %),7000,59000000,0,0,8400,8500,8400
2013-11-22,3.26,8200,-0.3(-3.53 %),12040,106863000,0,0,8700,9000,8200
2013-11-25,3.34,8400,0.2(2.44 %),90,756000,0,0,8400,8400,8400
2013-11-26,3.34,8400,0(0.00 %),0,0,0,0,8400,8400,8400
2013-11-27,3.34,8400,0(0.00 %),1000,8400000,0,0,8400,8400,8400
2013-11-28,3.38,8500,0.1(1.19 %),7040,60460000,0,0,8500,8700,8500
2013-11-29,3.38,8500,0(0.00 %),10,85000,0,0,8500,8500,8500
2013-12-02,3.38,8500,0(0.00 %),2010,17285000,0,0,8600,8600,8500
2013-12-03,3.42,8600,0.1(1.18 %),1460,12456000,0,0,8500,8600,8500
2013-12-04,3.42,8600,0(0.00 %),3620,31132000,0,0,8600,8600,8600
2013-12-05,3.46,8700,0.1(1.16 %),6650,57654000,0,0,8600,8700,8600
2013-12-06,3.46,8700,0(0.00 %),5930,52783000,0,0,8800,9000,8700
2013-12-09,3.42,8600,-0.1(-1.15 %),4950,43258000,0,0,8800,8800,8600
2013-12-10,3.42,8600,0(0.00 %),5230,45278000,0,0,8600,8700,8600
2013-12-11,3.34,8400,-0.2(-2.33 %),30010,264034000,0,0,8700,8800,8400
2013-12-12,3.5,8800,0.4(4.76 %),2240,19484000,0,0,8600,8800,8600
2013-12-13,3.58,9000,0.2(2.27 %),16230,143956000,0,0,8800,9000,8800
2013-12-16,3.5,8800,-0.2(-2.22 %),1000,8800000,0,0,8800,8800,8800
2013-12-17,3.34,8400,-0.4(-4.55 %),710,6104000,0,0,8600,8600,8400
2013-12-18,3.42,8600,0.2(2.38 %),5010,44115000,0,0,8600,8900,8600
2013-12-19,3.46,8700,0.1(1.16 %),1760,15302000,0,0,9100,9100,8600
2013-12-20,3.7,9300,0.6(6.90 %),88280,816950000,0,0,9100,9300,9000
2013-12-23,3.66,9200,-0.1(-1.08 %),3480,33210000,0,0,9500,9900,9200
2013-12-24,3.89,9800,0.6(6.52 %),3720,34696000,0,0,9200,9800,9200
2013-12-25,3.89,9800,0(0.00 %),1450,13995000,0,0,9300,10000,9300
2013-12-26,3.89,9800,0(0.00 %),1470,14406000,0,0,9800,9800,9800
2013-12-27,3.89,9800,0(0.00 %),7960,78008000,0,0,9800,9800,9800
2013-12-30,3.97,10000,0.2(2.04 %),19600,194472000,0,0,9300,10000,9300
2013-12-31,3.93,9900,-0.1(-1.00 %),7900,77069000,0,0,9300,10000,9300
2014-01-02,3.7,9300,-0.6(-6.06 %),21550,200742000,0,0,9300,9600,9300
2014-01-03,3.46,8700,-0.6(-6.45 %),80,696000,0,0,8700,8700,8700
2014-01-06,3.5,8800,0.1(1.15 %),150450,1399036000,0,0,8900,9300,8800
2014-01-07,3.58,9000,0.2(2.27 %),470,4350000,0,0,9400,9400,9000
2014-01-08,3.82,9600,0.6(6.67 %),2670,25632000,0,0,9600,9600,9600
2014-01-09,3.82,9600,0(0.00 %),5060,46080000,0,0,9100,10000,9100
2014-01-10,3.74,9400,-0.2(-2.08 %),9320,90590000,0,0,9200,9800,9200
2014-01-13,3.66,9200,-0.2(-2.13 %),6830,62476000,0,0,9400,9400,9000
2014-01-14,3.78,9500,0.3(3.26 %),14750,143213000,0,0,9500,9800,9500
2014-01-15,3.97,10000,0.5(5.26 %),300,3000000,0,0,10000,10000,10000
2014-01-16,3.7,9300,-0.7(-7.00 %),3000,29300000,0,0,9900,9900,9300
2014-01-17,3.86,9700,0.4(4.30 %),2980,28020000,0,0,9900,9900,9400
2014-01-20,3.82,9600,-0.1(-1.03 %),6740,65897000,0,0,9800,9800,9600
2014-01-21,3.97,10000,0.4(4.17 %),14400,143950000,0,0,9500,10000,9500
2014-01-22,3.97,10000,0(0.00 %),10000,100000000,0,0,10000,10000,10000
2014-01-23,3.74,9400,-0.6(-6.00 %),23060,226940000,0,0,9500,9900,9400
2014-01-24,3.93,9900,0.5(5.32 %),47670,453868000,0,0,9700,9900,9300
2014-01-27,3.78,9500,-0.4(-4.04 %),5210,52271000,0,0,10000,10200,9500
2014-02-06,3.86,9700,0.2(2.11 %),4310,42902000,0,0,9700,10100,9500
2014-02-07,4.05,10200,0.5(5.15 %),29590,302708000,0,0,10100,10300,10100
2014-02-10,4.17,10500,0.3(2.94 %),43130,437726000,0,0,10500,10500,9800
2014-02-11,4.13,10400,-0.1(-0.95 %),44310,443143000,0,0,10500,10500,9900
2014-02-12,4.13,10400,0(0.00 %),16130,163704000,0,0,10000,10400,10000
2014-02-13,3.89,9800,-0.6(-5.77 %),63050,632511000,0,0,10100,10800,9800
2014-02-14,4.09,10300,0.5(5.10 %),7470,77241000,0,0,10200,10400,10200
2014-02-17,4.05,10200,-0.1(-0.97 %),14090,144142000,0,0,10200,10300,10100
2014-02-18,4.01,10100,-0.1(-0.98 %),31870,322869000,0,0,10000,10300,9500
2014-02-19,4.29,10800,0.7(6.93 %),100270,1059291000,0,0,10000,10800,10000
2014-02-20,4.21,10600,-0.2(-1.85 %),11900,129485000,0,0,10600,11000,10600
2014-02-21,4.37,11000,0.4(3.77 %),23510,251932000,0,0,10700,11000,10700
2014-02-24,4.37,11000,0(0.00 %),32850,355769000,0,0,10700,11600,10400
2014-02-25,4.09,10300,-0.7(-6.36 %),97340,1013213000,0,0,10800,11000,10300
2014-02-26,4.37,11000,0.7(6.80 %),172930,1738507000,0,0,10300,11000,10000
2014-02-27,4.29,10800,-0.2(-1.82 %),27150,286589000,0,0,11300,11300,10400
2014-02-28,4.25,10700,-0.1(-0.93 %),6560,70194000,0,0,10900,10900,10700
2014-03-03,3.97,10000,-0.7(-6.54 %),138030,1385498000,0,0,10700,10700,10000
2014-03-04,4.05,10200,0.2(2.00 %),15150,148309000,0,0,10200,10200,9500
2014-03-05,3.89,9800,-0.4(-3.92 %),258680,2489376000,0,0,10200,10300,9500
2014-03-06,4.05,10200,0.4(4.08 %),5930,58792000,0,0,9800,10200,9800
2014-03-07,4.01,10100,-0.1(-0.98 %),21290,210827000,0,0,10200,10200,9700
2014-03-10,4.13,10400,0.3(2.97 %),59140,603186000,0,0,9800,10500,9800
2014-03-11,4.17,10500,0.1(0.96 %),74900,783426000,0,0,10500,10600,10400
2014-03-12,4.21,10600,0.1(0.95 %),42080,444200000,0,0,10400,10700,10400
2014-03-13,4.25,10700,0.1(0.94 %),39230,413850000,0,0,10700,10900,10500
2014-03-14,4.53,11400,0.7(6.54 %),139570,1563044000,0,0,10600,11400,10600
2014-03-17,4.37,11000,-0.4(-3.51 %),48200,529055000,0,0,11400,11400,10900
2014-03-18,4.53,11400,0.4(3.64 %),88930,980567000,0,0,11000,11400,10800
2014-03-19,4.49,10600,-0.1(-0.94 %),60690,632382000,0,0,10800,10800,10600
2014-03-20,4.62,10800,0.3(2.86 %),38770,420387000,0,0,10300,11200,10200
2014-03-21,4.66,10900,0.1(0.93 %),6500,69761000,0,0,11000,11000,10500
2014-03-24,4.62,10800,-0.1(-0.92 %),20800,223446000,0,0,10600,10900,10600
2014-03-25,4.57,10700,-0.1(-0.93 %),206650,2134571000,0,0,10800,10900,10100
2014-03-26,4.62,10800,0.1(0.93 %),199200,2175619000,0,0,10700,11200,10700
2014-03-27,4.62,10800,0(0.00 %),27090,288417000,0,0,10800,10800,10500
2014-03-28,4.57,10700,-0.1(-0.93 %),30970,325958000,0,0,10700,10700,10500
2014-03-31,4.62,10800,0.1(0.93 %),76270,830052000,0,0,10800,11200,10800
2014-04-01,4.45,10400,-0.4(-3.70 %),3670,38520000,0,0,10500,10900,10400
2014-04-02,4.4,10300,-0.1(-0.96 %),16460,170972000,0,0,10600,10800,10300
2014-04-03,4.49,10500,0.2(1.94 %),80,843000,0,0,10600,10600,10300
2014-04-04,4.36,10200,-0.3(-2.86 %),3510,36145000,0,0,10400,10500,10200
2014-04-07,4.4,10300,0.1(0.98 %),27400,280148000,0,0,10400,10600,10200
2014-04-08,4.49,10500,0.2(1.94 %),10,105000,0,0,10500,10500,10500
2014-04-10,4.49,10500,0(0.00 %),4820,51513000,0,0,10700,10700,10500
2014-04-11,4.4,10300,-0.2(-1.90 %),3280,33238000,0,0,10300,10300,10100
2014-04-14,4.4,10300,0(0.00 %),2780,27976000,0,0,10100,10400,10000
2014-04-15,4.27,10000,-0.3(-2.91 %),2070,20903000,0,0,10000,10300,10000
2014-04-16,4.1,9600,-0.4(-4.00 %),24760,237281000,0,0,9500,10000,9500
2014-04-17,4.23,9900,0.3(3.12 %),1230,12056000,0,0,9600,9900,9600
2014-04-18,4.06,9500,-0.4(-4.04 %),4310,41957000,0,0,9800,9800,9500
2014-04-21,4.1,9600,0.1(1.05 %),2670,25271000,0,0,9800,9800,9400
2014-04-22,4.1,9600,0(0.00 %),5220,49115000,0,0,9400,9600,9300
2014-04-23,4.06,9500,-0.1(-1.04 %),5720,53848000,0,0,9400,9700,9400
2014-04-24,4.06,9500,0(0.00 %),4250,39533000,0,0,9700,9700,9300
2014-04-25,4.06,9500,0(0.00 %),3110,28467000,0,0,9300,9700,9100
2014-04-28,3.98,9300,-0.2(-2.11 %),7630,70959000,0,0,9300,9300,9300
2014-04-29,3.8,8900,-0.4(-4.30 %),5330,48043000,0,0,9500,9500,8900
2014-05-05,4.02,9400,0.5(5.62 %),910,8113000,0,0,9000,9500,8800
2014-05-06,3.89,9100,-0.3(-3.19 %),29690,264276000,0,0,9000,9200,8800
2014-05-07,3.89,9100,0(0.00 %),45030,409786000,0,0,9300,9300,9000
2014-05-08,3.63,8500,-0.6(-6.59 %),53590,458336000,0,0,8800,9100,8500
2014-05-09,3.85,9000,0.5(5.88 %),8070,71406000,0,0,8900,9000,8000
2014-05-12,3.72,8700,-0.3(-3.33 %),15640,132449000,0,0,8400,8700,8400
2014-05-13,3.5,8200,-0.5(-5.75 %),20,171000,0,0,8900,8900,8200
2014-05-14,3.72,8700,0.5(6.10 %),19010,161776000,0,0,8400,8700,8100
2014-05-15,3.5,8200,-0.5(-5.75 %),5320,44840000,0,0,9100,9100,8200
2014-05-16,3.55,8300,0.1(1.22 %),1640,13930000,0,0,8700,8700,8300
2014-05-19,3.72,8700,0.4(4.82 %),2130,17501000,0,0,8400,8700,8200
2014-05-20,3.72,8700,0(0.00 %),7280,63717000,0,0,9300,9300,8700
2014-05-21,3.85,9000,0.3(3.45 %),350,3142000,0,0,9000,9000,8600
2014-05-22,3.8,8900,-0.1(-1.11 %),3120,27082000,0,0,9300,9300,8600
2014-05-23,3.63,8500,-0.4(-4.49 %),5200,44805000,0,0,8400,9000,8300
2014-05-26,3.85,9000,0.5(5.88 %),10100,87185000,0,0,8500,9000,8500
2014-05-27,3.85,9000,0(0.00 %),15900,142930000,0,0,8800,9000,8800
2014-05-28,3.63,8500,-0.5(-5.56 %),19530,172946000,0,0,9000,9000,8500
2014-05-29,3.68,8600,0.1(1.18 %),7760,66346000,0,0,8600,9000,8400
2014-05-30,3.68,8600,0(0.00 %),230,1981000,0,0,8900,8900,8600
2014-06-02,3.89,9100,0.5(5.81 %),240,2153000,0,0,8900,9100,8900
2014-06-03,3.8,8900,-0.2(-2.20 %),1610,14185000,0,0,8600,9000,8600
2014-06-04,3.85,9000,0.1(1.12 %),10,90000,0,0,9000,9000,9000
2014-06-05,3.85,9000,0(0.00 %),180,1612000,0,0,8900,9000,8900
2014-06-06,3.76,8800,-0.2(-2.22 %),1330,11704000,0,0,8800,8800,8800
2014-06-09,3.76,8800,0(0.00 %),2390,21034000,0,0,9000,9000,8800
2014-06-10,3.63,8500,-0.3(-3.41 %),40,343000,0,0,8800,8800,8500
2014-06-11,3.8,8900,0.4(4.71 %),3520,30978000,0,0,8900,8900,8800
2014-06-12,3.72,8700,-0.2(-2.25 %),1940,16747000,0,0,9200,9200,8600
2014-06-13,3.72,8700,0(0.00 %),7090,61283000,0,0,8600,8700,8600
2014-06-16,3.72,8700,0(0.00 %),3070,26709000,0,0,8700,8700,8700
2014-06-17,3.72,8700,0(0.00 %),10010,87090000,0,0,9000,9000,8700
2014-06-18,3.76,8800,0.1(1.15 %),11870,103756000,0,0,8700,8800,8700
2014-06-19,3.8,8900,0.1(1.14 %),5620,47834000,0,0,8600,8900,8500
2014-06-20,3.76,8800,-0.1(-1.12 %),2550,22440000,0,0,8800,8800,8800
2014-06-23,3.76,8800,0(0.00 %),1070,9616000,0,0,9000,9000,8800
2014-06-24,3.76,8800,0(0.00 %),1720,15234000,0,0,8900,8900,8600
2014-06-25,3.85,9000,0.2(2.27 %),2000,18000000,0,0,9000,9000,9000
2014-06-26,3.72,8700,-0.3(-3.33 %),6170,54226000,0,0,8700,8900,8700
2014-06-27,3.72,8700,0(0.00 %),5000,43600000,0,0,8800,8800,8700
2014-06-30,3.89,9100,0.4(4.60 %),16390,148003000,0,0,9000,9100,8800
2014-07-01,3.8,8900,-0.2(-2.20 %),5710,51840000,0,0,9100,9100,8900
2014-07-02,3.85,9000,0.1(1.12 %),2690,24380000,0,0,9100,9100,8800
2014-07-03,3.8,8900,-0.1(-1.11 %),3040,27099000,0,0,9300,9300,8900
2014-07-04,3.89,9100,0.2(2.25 %),29570,265155000,0,0,9100,9100,8800
2014-07-07,3.85,9000,-0.1(-1.10 %),4350,39297000,0,0,9100,9300,9000
2014-07-08,3.85,9000,0(0.00 %),4200,37800000,0,0,9000,9000,9000
2014-07-09,3.85,9000,0(0.00 %),2260,20277000,0,0,9000,9000,8800
2014-07-10,3.85,9000,0(0.00 %),2650,23796000,0,0,9000,9000,8900
2014-07-11,3.85,9000,0(0.00 %),1450,13050000,0,0,9000,9000,9000
2014-07-14,4.1,9600,0.6(6.67 %),40250,382584000,0,0,9600,9600,9300
2014-07-15,4.06,9500,-0.1(-1.04 %),8340,81325000,0,0,10000,10000,9500
2014-07-16,4.06,9500,0(0.00 %),3330,31738000,0,0,9600,9600,9500
2014-07-17,4.02,9400,-0.1(-1.05 %),880,8356000,0,0,9800,9800,9400
2014-07-18,4.1,9600,0.2(2.13 %),450,4000000,0,0,9300,9600,9300
2014-07-21,3.93,9200,-0.4(-4.17 %),1070,10000000,0,0,9400,9400,9200
2014-07-22,3.93,9200,0(0.00 %),5260,48000000,0,0,9300,9300,9200
2014-07-23,4.1,9600,0.4(4.35 %),1800,17000000,0,0,9200,9600,9200
2014-07-24,3.98,9300,-0.3(-3.12 %),7680,72742000,0,0,9700,9700,9300
2014-07-25,3.89,9100,-0.2(-2.15 %),13000,118000000,0,0,9300,9300,9000
2014-07-28,3.93,9200,0.1(1.10 %),28600,262000000,0,0,8800,9700,8800
2014-07-29,3.85,9000,-0.2(-2.17 %),6020,55000000,0,0,9200,9200,9000
2014-07-30,3.8,8900,-0.1(-1.11 %),2110,19000000,0,0,9000,9000,8900
2014-07-31,3.98,9300,0.4(4.49 %),960,9000000,0,0,9000,9300,9000
2014-08-01,3.98,9300,0(0.00 %),16120,156000000,0,0,9700,9700,9300
2014-08-04,4.02,9400,0.1(1.08 %),6200,58000000,0,0,9300,9400,9300
2014-08-05,4.06,9500,0.1(1.06 %),600,6000000,0,0,9200,9500,9200
2014-08-06,4.06,9500,0(0.00 %),730,7000000,0,0,9500,9500,9400
2014-08-07,3.98,9300,-0.2(-2.11 %),5620,52000000,0,0,9300,9300,9300
2014-08-08,4.02,9400,0.1(1.08 %),2020,19000000,0,0,9400,9400,9400
2014-08-11,4.02,9400,0(0.00 %),2780,26000000,0,0,9300,9400,9300
2014-08-12,3.98,9300,-0.1(-1.06 %),6500,60000000,0,0,9300,9300,9300
2014-08-13,4.02,9400,0.1(1.08 %),3960,37000000,0,0,9300,9400,9300
2014-08-14,3.98,9300,-0.1(-1.06 %),3100,28830000,0,0,9400,9400,9200
2014-08-15,3.89,9100,-0.2(-2.15 %),4510,41000000,0,0,9100,9300,9100
2014-08-18,3.89,9100,0(0.00 %),9790,91000000,0,0,9300,9300,9100
2014-08-19,3.98,9300,0.2(2.20 %),3470,32000000,0,0,9400,9400,9300
2014-08-20,4.06,9500,0.2(2.15 %),26520,247000000,0,0,9300,9500,9300
2014-08-21,4.06,9500,0(0.00 %),8520,82000000,0,0,9500,9600,9500
2014-08-22,4.15,9700,0.2(2.11 %),10,100000,0,0,9700,9700,9700
2014-08-25,4.06,9500,-0.2(-2.06 %),12430,118000000,0,0,9600,9600,9400
2014-08-26,4.15,9700,0.2(2.11 %),8530,81000000,0,0,9700,9700,9400
2014-08-27,4.06,9500,-0.2(-2.06 %),1870,17640000,0,0,9400,9500,9400
2014-08-28,4.02,9400,-0.1(-1.05 %),17170,163100000,0,0,9500,9500,9400
2014-08-29,4.02,9400,0(0.00 %),13960,131000000,0,0,9400,9500,9400
2014-09-03,4.27,10000,0.6(6.38 %),157600,1563000000,0,0,9400,10000,9400
2014-09-04,4.23,9900,-0.1(-1.00 %),16960,162000000,0,0,10000,10000,9400
2014-09-05,4.36,10200,0.3(3.03 %),50050,504000000,0,0,9900,10200,9900
2014-09-08,4.62,10800,0.6(5.88 %),114200,1186650000,0,0,10200,10800,10000
2014-09-09,4.36,10200,-0.6(-5.56 %),65360,681260000,0,0,10800,10800,10200
2014-09-10,4.45,10400,0.2(1.96 %),6420,63819000,0,0,9800,10400,9800
2014-09-11,4.49,10500,0.1(0.96 %),2710,28287000,0,0,10500,10500,10200
2014-09-12,4.49,10500,0(0.00 %),520,5315000,0,0,11000,11000,10200
2014-09-15,4.49,10500,0(0.00 %),31110,326655000,0,0,10500,10500,10500
2014-09-16,4.49,10500,0(0.00 %),8470,87046000,0,0,10500,10500,10100
2014-09-17,4.49,10500,0(0.00 %),29890,316395000,0,0,10500,10800,10500
2014-09-18,4.49,10500,0(0.00 %),46850,490821000,0,0,10300,10500,10300
2014-09-19,4.49,10500,0(0.00 %),30200,317100000,0,0,10500,10500,10500
2014-09-22,4.4,10300,-0.2(-1.90 %),9970,103491000,0,0,10500,10500,10300
2014-09-23,4.66,10900,0.6(5.83 %),10,109000,0,0,10900,10900,10900
2014-09-24,4.4,10300,-0.6(-5.50 %),11380,116148000,0,0,11300,11300,10200
2014-09-25,4.36,10200,-0.1(-0.97 %),610,6227000,0,0,10700,10700,10200
2014-09-26,4.36,10200,0(0.00 %),20010,204708000,0,0,10800,10800,10200
2014-09-29,4.32,10100,-0.1(-0.98 %),8540,87110000,0,0,10600,10600,10100
2014-09-30,4.32,10100,0(0.00 %),190,1920000,0,0,10600,10600,9900
2014-10-01,4.57,10700,0.6(5.94 %),107150,1127180000,0,0,10400,10700,10200
2014-10-02,4.57,10700,0(0.00 %),3010,31570000,0,0,10500,10700,10300
2014-10-03,4.53,10600,-0.1(-0.93 %),2170,23380000,0,0,10700,10800,10600
2014-10-06,4.53,10600,0(0.00 %),9810,101270000,0,0,10300,10600,10200
2014-10-07,4.45,10400,-0.2(-1.89 %),10040,104440000,0,0,10600,11000,10400
2014-10-08,4.53,10600,0.2(1.92 %),3160,32860000,0,0,10400,10600,10300
2014-10-09,4.62,10800,0.2(1.89 %),5000,53170000,0,0,10600,10800,10500
2014-10-10,4.49,10500,-0.3(-2.78 %),1880,19860000,0,0,10800,10800,10500
2014-10-13,4.53,10600,0.1(0.95 %),300,3180000,0,0,10600,10600,10600
2014-10-14,4.45,10400,-0.2(-1.89 %),9540,99695000,0,0,10300,10500,10300
2014-10-15,4.66,10900,0.5(4.81 %),10,109000,0,0,10900,10900,10900
2014-10-16,4.53,10600,-0.3(-2.75 %),7970,82977000,0,0,10500,10600,10400
2014-10-17,4.57,10700,0.1(0.94 %),2010,20507000,0,0,10200,10700,10200
2014-10-20,4.4,10300,-0.4(-3.74 %),40,412000,0,0,10300,10300,10300
2014-10-21,4.36,10200,-0.1(-0.97 %),11010,113502000,0,0,10400,10400,10200
2014-10-22,4.36,10200,0(0.00 %),14000,142800000,260000,2470000000,10200,10200,10200
2014-10-23,4.27,10000,-0.2(-1.96 %),30,300000,0,0,10000,10000,10000
2014-10-24,4.27,10000,0(0.00 %),4110,40532000,0,0,9900,10200,9800
2014-10-27,4.15,9700,-0.3(-3.00 %),230,2297000,260000,2782000000,10300,10300,9700
2014-10-28,4.23,9900,0.2(2.06 %),11510,113408000,0,0,10300,10300,9500
2014-10-29,4.15,9700,-0.2(-2.02 %),550,5540000,0,0,10100,10200,9700
2014-10-30,4.06,9500,-0.2(-2.06 %),6510,62098000,0,0,9800,10000,9500
2014-10-31,4.32,10100,0.6(6.32 %),85600,859624000,0,0,9600,10100,9400
2014-11-03,4.4,10300,0.2(1.98 %),20,206000,0,0,10300,10300,10300
2014-11-04,4.4,10300,0(0.00 %),3610,37184000,0,0,10300,10400,10300
2014-11-05,4.4,10300,0(0.00 %),0,0,0,0,10300,10300,10300
2014-11-06,4.27,10000,-0.3(-2.91 %),2900,29090000,0,0,10200,10200,10000
2014-11-07,4.32,10100,0.1(1.00 %),6310,64086000,0,0,10000,10300,10000
2014-11-10,4.4,10300,0.2(1.98 %),6910,69783000,0,0,10000,10300,10000
2014-11-11,4.4,10300,0(0.00 %),10,103000,0,0,10300,10300,10300
2014-11-12,4.36,10200,-0.1(-0.97 %),610,6224000,0,0,10400,10400,10200
2014-11-13,4.36,10200,0(0.00 %),5730,57919000,0,0,10200,10300,10000
2014-11-14,4.32,10100,-0.1(-0.98 %),520,5253000,0,0,10300,10300,10000
2014-11-17,4.23,9900,-0.2(-1.98 %),16260,162720000,0,0,10000,10100,9900
2014-11-18,4.4,10300,0.4(4.04 %),173020,1760607000,0,0,10400,10400,10100
2014-11-19,4.36,10200,-0.1(-0.97 %),3430,34990000,0,0,10300,10400,10200
2014-11-20,4.4,10300,0.1(0.98 %),7660,77120000,0,0,10000,10300,10000
2014-11-21,4.45,10400,0.1(0.97 %),30,310000,0,0,10300,10400,10300
2014-11-24,4.19,9800,-0.6(-5.77 %),220,2190000,0,0,10000,10300,9800
2014-11-25,4.36,10200,0.4(4.08 %),30,310000,0,0,10400,10400,10000
2014-11-26,4.27,10000,-0.2(-1.96 %),8010,80700000,0,0,10400,10400,10000
2014-11-27,4.27,10000,0(0.00 %),640,6400000,0,0,10000,10000,10000
2014-11-28,4.45,10400,0.4(4.00 %),1110,11300000,0,0,10200,10400,9500
2014-12-01,4.4,10300,-0.1(-0.96 %),24390,246350000,0,0,10400,10400,10100
2014-12-02,4.27,10000,-0.3(-2.91 %),10,100000,0,0,10000,10000,10000
2014-12-03,4.49,10500,0.5(5.00 %),7260,75680000,0,0,10200,10500,10200
2014-12-04,4.49,10500,0(0.00 %),0,0,0,0,10500,10500,10500
2014-12-05,4.45,10400,-0.1(-0.95 %),27550,297070000,0,0,11000,11000,10300
2014-12-08,4.49,10500,0.1(0.96 %),11860,124530000,0,0,10900,10900,10500
2014-12-09,4.49,10500,0(0.00 %),3660,39250000,0,0,10900,10900,10500
2014-12-10,4.53,10600,0.1(0.95 %),2520,26500000,0,0,10700,10700,10500
2014-12-11,4.66,10900,0.3(2.83 %),17410,190980000,0,0,10800,11000,10800
2014-12-12,4.49,10500,-0.4(-3.67 %),12780,134196000,0,0,10500,10600,10500
2014-12-15,4.58,10200,-0.3(-2.86 %),9000,92500000,0,0,10400,10400,10200
2014-12-16,4.53,10100,-0.1(-0.98 %),690,7030000,0,0,10000,10300,10000
2014-12-17,4.53,10100,0(0.00 %),17110,168910000,0,0,10100,10100,9500
2014-12-18,4.49,10000,-0.1(-0.99 %),1260,12590000,0,0,9400,10100,9400
2014-12-19,4.49,10000,0(0.00 %),0,0,0,0,10000,10000,10000
2014-12-22,4.49,10000,0(0.00 %),20,200000,0,0,10000,10000,10000
2014-12-23,4.4,9800,-0.2(-2.00 %),1420,13920000,0,0,9800,9800,9800
2014-12-24,4.53,10100,0.3(3.06 %),1620,16200000,0,0,10000,10100,10000
2014-12-25,4.26,9500,-0.6(-5.94 %),18550,197560000,0,0,10300,10800,9500
2014-12-26,4.53,10100,0.6(6.32 %),27500,277438000,0,0,10000,10100,10000
2014-12-29,4.67,10400,0.3(2.97 %),19600,203720000,0,0,10500,10700,10200
2014-12-30,4.85,10800,0.4(3.85 %),19510,210558000,0,0,10700,10800,10700
2014-12-31,4.76,10600,-0.2(-1.85 %),10000,105900000,0,0,10500,10600,10500
2015-01-05,4.44,9900,-0.7(-6.60 %),3480,36478000,0,0,10700,10700,9900
2015-01-06,4.49,10000,0.1(1.01 %),2030,20363000,0,0,10100,10400,10000
2015-01-07,4.62,10300,0.3(3.00 %),200,2060000,0,0,10300,10300,10300
2015-01-08,4.53,10100,-0.2(-1.94 %),270,2727000,0,0,10100,10100,10100
2015-01-09,4.53,10100,0(0.00 %),1200,12375000,0,0,10700,10700,10100
2015-01-12,4.31,9600,-0.5(-4.95 %),8470,85488000,0,0,10100,10200,9600
2015-01-13,4.49,10000,0.4(4.17 %),3970,38889000,0,0,9700,10200,9600
2015-01-14,4.31,9600,-0.4(-4.00 %),3590,35390000,0,0,10000,10200,9600
2015-01-15,4.31,9600,0(0.00 %),5090,49068000,0,0,9700,10000,9600
2015-01-16,4.35,9700,0.1(1.04 %),70,685000,0,0,10000,10000,9700
2015-01-19,4.58,10200,0.5(5.15 %),104210,1001644000,0,0,9600,10200,9200
2015-01-20,4.58,10200,0(0.00 %),1260,12942000,0,0,10300,10300,10200
2015-01-21,4.44,9900,-0.3(-2.94 %),260,2582000,0,0,10700,10700,9900
2015-01-22,4.71,10500,0.6(6.06 %),15000,157500000,0,0,10500,10500,10500
2015-01-23,4.49,10000,-0.5(-4.76 %),93030,1010200000,0,0,10500,10900,10000
2015-01-26,4.71,10500,0.5(5.00 %),11690,122745000,0,0,10500,10500,10500
2015-01-27,4.71,10500,0(0.00 %),3890,39828000,0,0,10100,10500,10000
2015-01-28,4.71,10500,0(0.00 %),870,9135000,0,0,10500,10500,10500
2015-01-29,4.71,10500,0(0.00 %),20,217000,0,0,11200,11200,10500
2015-01-30,4.53,10100,-0.4(-3.81 %),4830,49246000,0,0,10200,10200,10000
2015-02-02,4.53,10100,0(0.00 %),4500,45000000,0,0,10100,10100,10100
2015-02-03,4.44,9900,-0.2(-1.98 %),17680,170000000,0,0,10000,10000,9600
2015-02-04,4.31,9600,-0.3(-3.03 %),2530,24000000,0,0,9300,10200,9300
2015-02-05,4.31,9600,0(0.00 %),0,0,0,0,9600,9600,9600
2015-02-06,4.4,9800,0.2(2.08 %),950,9000000,0,0,10000,10000,9700
2015-02-09,4.44,9900,0.1(1.02 %),200,2000000,0,0,9900,9900,9900
2015-02-10,4.49,10000,0.1(1.01 %),2140,21000000,20000,200000000,9900,10000,9900
2015-02-11,4.49,10000,0(0.00 %),810,8000000,0,0,9900,10000,9900
2015-02-12,4.31,9600,-0.4(-4.00 %),4000,39000000,0,0,9900,9900,9600
2015-02-13,4.49,10000,0.4(4.17 %),910,9000000,0,0,9900,10000,9900
2015-02-24,4.49,10000,0(0.00 %),0,0,0,0,10000,10000,10000
2015-02-25,4.62,10300,0.3(3.00 %),13690,136000000,0,0,10000,10400,9800
2015-02-26,4.58,10200,-0.1(-0.97 %),4760,47000000,0,0,10000,10200,9900
2015-02-27,4.49,10000,-0.2(-1.96 %),2840,28000000,0,0,9800,10000,9800
2015-03-02,4.44,9900,-0.1(-1.00 %),1670,17000000,0,0,10000,10100,9900
2015-03-03,4.62,10300,0.4(4.04 %),40240,414000000,0,0,10000,10300,9800
2015-03-04,4.49,10000,-0.3(-2.91 %),37300,383000000,0,0,10300,10300,10000
2015-03-05,4.53,10100,0.1(1.00 %),360,4000000,0,0,10200,10200,10100
2015-03-06,4.53,10100,0(0.00 %),10,0,0,0,10100,10100,10100
2015-03-09,4.67,10400,0.3(2.97 %),1030,10000000,0,0,10200,10600,10100
2015-03-10,4.53,10100,-0.3(-2.88 %),37870,388000000,0,0,10400,10400,10000
2015-03-11,4.62,10300,0.2(1.98 %),79830,802000000,0,0,10400,10400,9900
2015-03-12,4.85,10800,0.5(4.85 %),500,5000000,0,0,10700,10800,10700
2015-03-13,4.62,10300,-0.5(-4.63 %),1160,12000000,0,0,10500,10500,10300
2015-03-16,4.44,9900,-0.4(-3.88 %),12840,128000000,0,0,10200,10200,9800
2015-03-17,4.58,10200,0.3(3.03 %),1000,10000000,0,0,10100,10200,10100
2015-03-18,4.62,10300,0.1(0.98 %),1910,20000000,0,0,10500,10500,10300
2015-03-19,4.62,10300,0(0.00 %),20,0,0,0,10500,10500,10300
2015-03-20,4.44,9900,-0.4(-3.88 %),3660,37000000,0,0,10300,10300,9900
2015-03-23,4.62,10300,0.4(4.04 %),12020,122000000,0,0,10300,10300,10100
2015-03-24,4.53,10100,-0.2(-1.94 %),12500,127000000,0,0,10300,10300,10100
2015-03-25,4.62,10300,0.2(1.98 %),10220,105000000,0,0,10200,10300,10200
2015-03-26,4.81,10300,0.4(4.04 %),11000,111000000,0,0,9800,10300,9700
2015-03-27,4.81,10300,0(0.00 %),10010,102000000,0,0,10200,10300,10200
2015-03-30,4.67,10000,-0.3(-2.91 %),11000,110000000,0,0,10000,10000,10000
2015-03-31,4.81,10300,0.3(3.00 %),5010,51000000,0,0,10100,10300,10100
2015-04-01,4.67,10000,-0.3(-2.91 %),24490,245000000,0,0,10100,10100,10000
2015-04-02,4.81,10300,0.3(3.00 %),500,5000000,0,0,10300,10300,10300
2015-04-03,4.67,10000,-0.3(-2.91 %),11180,117000000,0,0,10300,10500,10000
2015-04-06,4.86,10400,0.4(4.00 %),23910,249000000,0,0,10400,10500,10400
2015-04-07,4.95,10600,0.2(1.92 %),31120,327000000,0,0,10400,10600,10300
2015-04-08,5.04,10800,0.2(1.89 %),24100,257000000,0,0,10600,10800,10500
2015-04-09,5.09,10900,0.1(0.93 %),288090,3103000000,0,0,10800,11000,10500
2015-04-10,5.18,11100,0.2(1.83 %),35890,400000000,0,0,11000,11200,11000
2015-04-13,5.18,11100,0(0.00 %),50900,565000000,0,0,10900,11200,10900
2015-04-14,5.23,11200,0.1(0.90 %),104370,1159000000,0,0,11000,11300,11000
2015-04-15,5.23,11200,0(0.00 %),158700,1776000000,0,0,11100,11300,11100
2015-04-16,5.23,11200,0(0.00 %),3560,40000000,0,0,11100,11200,11100
2015-04-17,5.28,11300,0.1(0.89 %),38990,441000000,0,0,11300,11400,11300
2015-04-20,5.37,11500,0.2(1.77 %),11950,137000000,0,0,11300,11500,11300
2015-04-21,5.74,12300,0.8(6.96 %),148610,1778000000,0,0,11600,12300,11600
2015-04-22,6.12,13100,0.8(6.50 %),97270,1250000000,0,0,12300,13100,12300
2015-04-23,6.35,13600,0.5(3.82 %),165680,2169000000,0,0,13100,13600,12200
2015-04-24,6.44,13800,0.2(1.47 %),233800,3238000000,0,0,13600,14100,13300
2015-04-27,6.44,13800,0(0.00 %),148340,2037000000,0,0,13600,13900,13600
2015-05-04,6.35,13600,-0.2(-1.45 %),93500,1258000000,0,0,13900,13900,13100
2015-05-05,6.3,13500,-0.1(-0.74 %),802200,10813000000,0,0,13000,13900,13000
2015-05-06,6.21,13300,-0.2(-1.48 %),13890,183000000,0,0,13000,13300,13000
2015-05-07,6.44,13800,0.5(3.76 %),15450,209000000,0,0,13100,13800,13100
2015-05-08,6.4,13700,-0.1(-0.72 %),28670,376000000,0,0,13900,13900,12900
2015-05-11,6.44,13800,0.1(0.73 %),25380,344000000,0,0,13100,14100,13100
2015-05-12,6.4,13700,-0.1(-0.72 %),58310,791000000,0,0,13700,13700,13300
2015-05-13,6.4,13700,0(0.00 %),169870,2241000000,0,0,13500,13700,13000
2015-05-14,6.35,13600,-0.1(-0.73 %),12010,163000000,0,0,13500,13600,13500
2015-05-15,6.12,13100,-0.5(-3.68 %),35010,471000000,0,0,13500,13600,13100
2015-05-18,5.98,12800,-0.3(-2.29 %),25250,325000000,0,0,13900,13900,12800
2015-05-19,6.02,12900,0.1(0.78 %),26440,348000000,0,0,13200,13400,12900
2015-05-20,6.3,13500,0.6(4.65 %),20000,269000000,0,0,13400,13500,13400
2015-05-21,6.3,13500,0(0.00 %),10500,142000000,0,0,13500,13500,13500
2015-05-22,6.12,13100,-0.4(-2.96 %),89090,1195000000,0,0,13400,13500,13100
2015-05-25,6.21,13300,0.2(1.53 %),79190,1052000000,0,0,13200,13300,13200
2015-05-26,6.26,13400,0.1(0.75 %),42410,562000000,0,0,13000,13400,13000
2015-05-27,6.26,13400,0(0.00 %),103120,1383000000,0,0,13300,13600,13300
2015-05-28,6.26,13400,0(0.00 %),29130,389000000,0,0,13500,13500,13300
2015-05-29,6.26,13400,0(0.00 %),22780,306000000,0,0,13300,13500,13300
2015-06-01,6.21,13300,-0.1(-0.75 %),14660,195000000,0,0,13200,13400,13200
2015-06-02,6.16,13200,-0.1(-0.75 %),5460,72000000,0,0,13300,13300,13200
2015-06-03,6.21,13300,0.1(0.76 %),24530,325000000,0,0,13200,13400,13000
2015-06-04,6.21,13300,0(0.00 %),6010,80000000,0,0,13400,13400,13200
2015-06-05,6.54,14000,0.7(5.26 %),195160,2534000000,0,0,13200,14000,12900
2015-06-08,6.16,13200,-0.8(-5.71 %),20300,275000000,0,0,14000,14000,13200
2015-06-09,6.3,13500,0.3(2.27 %),4090,53000000,0,0,13000,13500,13000
2015-06-10,6.12,13100,-0.4(-2.96 %),61000,787000000,0,0,13200,13200,12800
2015-06-11,6.02,12900,-0.2(-1.53 %),43520,564000000,0,0,13000,13000,12900
2015-06-12,6.02,12900,0(0.00 %),17540,226000000,0,0,12900,12900,12900
2015-06-15,6.02,12900,0(0.00 %),56000,719000000,0,0,12900,12900,12800
2015-06-16,6.02,12900,0(0.00 %),9860,127000000,0,0,12900,12900,12900
2015-06-17,6.07,13000,0.1(0.78 %),7900,102000000,0,0,12900,13000,12900
2015-06-18,6.07,13000,0(0.00 %),500,7000000,0,0,13000,13000,13000
2015-06-19,6.07,13000,0(0.00 %),5000,65000000,0,0,13000,13000,13000
2015-06-22,6.07,13000,0(0.00 %),9040,118000000,0,0,13000,13000,13000
2015-06-23,6.02,12900,-0.1(-0.77 %),6850,89000000,0,0,12900,13000,12900
2015-06-24,6.07,13000,0.1(0.78 %),630,8000000,0,0,13000,13000,13000
2015-06-25,6.07,13000,0(0.00 %),3660,48000000,0,0,13000,13000,13000
2015-06-26,6.07,13000,0(0.00 %),8860,115000000,0,0,12900,13000,12900
2015-06-29,6.02,12900,-0.1(-0.77 %),30,0,0,0,12900,12900,12900
2015-06-30,6.02,12900,0(0.00 %),56000,722000000,0,0,12900,12900,12900
2015-07-01,6.02,12900,0(0.00 %),1200,15000000,0,0,12900,12900,12900
2015-07-02,6.07,13000,0.1(0.78 %),10300,134000000,0,0,12900,13000,12900
2015-07-03,6.07,13000,0(0.00 %),29400,382000000,0,0,12900,13000,12900
2015-07-06,6.12,13100,0.1(0.77 %),38390,499000000,0,0,13000,13100,13000
2015-07-07,6.3,13500,0.4(3.05 %),38520,514000000,0,0,13200,13600,13000
2015-07-08,6.3,13500,0(0.00 %),21210,278000000,0,0,13200,13600,13000
2015-07-09,6.35,13600,0.1(0.74 %),32530,423000000,0,0,13000,13600,13000
2015-07-10,6.77,14500,0.9(6.62 %),135700,1937000000,0,0,13100,14500,13100
2015-07-13,7.24,15500,1(6.90 %),622630,9554000000,0,0,15200,15500,14900
2015-07-14,7.7,16500,1(6.45 %),684170,11284000000,0,0,16500,16500,16400
2015-07-15,7.47,16000,-0.5(-3.03 %),198490,3242000000,0,0,16900,16900,16000
2015-07-16,7.38,15800,-0.2(-1.25 %),284180,4492000000,0,0,15300,16800,15300
2015-07-17,7.33,15700,-0.1(-0.63 %),152400,2383000000,0,0,15900,16000,15100
2015-07-20,6.86,14700,-1(-6.37 %),188200,2788000000,0,0,15400,15400,14700
2015-07-21,6.49,13900,-0.8(-5.44 %),282880,3960000000,0,0,14700,14700,13700
2015-07-22,6.82,14600,0.7(5.04 %),77100,1082000000,0,0,13700,14600,13700
2015-07-23,7.1,15200,0.6(4.11 %),274460,4165000000,0,0,15100,15400,15000
2015-07-24,7.1,15200,0(0.00 %),40710,610000000,0,0,15200,15200,14700
2015-07-27,6.96,14900,-0.3(-1.97 %),35560,532000000,0,0,15400,15400,14800
2015-07-28,6.72,14400,-0.5(-3.36 %),51770,757000000,0,0,14800,14900,14400
2015-07-29,6.72,14400,0(0.00 %),93770,1369000000,0,0,14600,14800,14400
2015-07-30,6.72,14400,0(0.00 %),22570,327000000,0,0,14600,14600,14300
2015-07-31,6.77,14500,0.1(0.69 %),75810,1099000000,0,0,14700,14700,14400
2015-08-03,6.63,14200,-0.3(-2.07 %),15620,218000000,0,0,14500,14500,13800
2015-08-04,6.68,14300,0.1(0.70 %),56060,797000000,0,0,14300,14300,14100
2015-08-05,6.77,14500,0.2(1.40 %),63460,916000000,0,0,14500,14700,14300
2015-08-06,6.54,14000,-0.5(-3.45 %),25040,353000000,0,0,14500,14500,14000
2015-08-07,6.58,14100,0.1(0.71 %),44210,621000000,0,0,14000,14200,14000
2015-08-10,7.0,15000,0.9(6.38 %),82450,1196000000,0,0,14100,15000,14100
2015-08-11,6.86,14700,-0.3(-2.00 %),62380,934000000,0,0,14500,15200,14500
2015-08-12,6.58,14100,-0.6(-4.08 %),18020,255000000,0,0,14800,14800,14100
2015-08-13,6.54,14000,-0.1(-0.71 %),51560,722000000,0,0,14000,14300,13900
2015-08-14,6.77,14500,0.5(3.57 %),36110,517000000,0,0,14000,14500,14000
2015-08-17,6.68,14300,-0.2(-1.38 %),37240,521000000,0,0,14000,14300,13900
2015-08-18,6.72,14400,0.1(0.70 %),5740,82000000,0,0,14200,14500,14200
2015-08-19,7.0,15000,0.6(4.17 %),29770,442000000,0,0,14500,15000,14500
2015-08-20,6.91,14800,-0.2(-1.33 %),29040,421000000,0,0,14600,15000,14400
2015-08-21,6.77,14500,-0.3(-2.03 %),28700,413000000,0,0,14800,14800,14200
2015-08-24,6.44,13800,-0.7(-4.83 %),137040,1930000000,0,0,14100,14500,13800
2015-08-25,6.63,14200,0.4(2.90 %),19000,266000000,0,0,13800,14200,13800
2015-08-26,6.68,14300,0.1(0.70 %),19120,272000000,0,0,14200,14400,14100
2015-08-27,6.82,14600,0.3(2.10 %),72620,1054000000,0,0,14500,14600,14400
2015-08-28,6.86,14700,0.1(0.68 %),43400,638000000,0,0,14600,14900,14600
2015-08-31,6.82,14600,-0.1(-0.68 %),28090,415000000,0,0,14900,14900,14600
2015-09-01,6.77,14500,-0.1(-0.68 %),144870,2100000000,0,0,14500,14700,14400
2015-09-03,6.68,14300,-0.2(-1.38 %),187990,2690000000,0,0,14700,14700,14300
2015-09-04,6.72,14400,0.1(0.70 %),4870,70000000,0,0,14500,14500,14300
2015-09-07,6.77,14500,0.1(0.69 %),6080,86000000,0,0,13700,14500,13700
2015-09-08,6.77,14500,0(0.00 %),22060,317000000,0,0,14400,14500,14300
2015-09-09,6.82,14600,0.1(0.69 %),14600,211000000,0,0,14500,14600,14400
2015-09-10,6.77,14500,-0.1(-0.68 %),18780,271000000,0,0,14400,14500,14300
2015-09-11,6.72,14400,-0.1(-0.69 %),11620,167000000,0,0,14400,14500,14400
2015-09-14,6.72,14400,0(0.00 %),29040,418000000,0,0,14300,14400,14300
2015-09-15,6.72,14400,0(0.00 %),28920,415000000,0,0,14400,14400,14300
2015-09-16,6.77,14500,0.1(0.69 %),23550,339000000,0,0,14400,14500,14400
2015-09-17,6.77,14500,0(0.00 %),22090,318000000,0,0,14500,14500,14400
2015-09-18,6.77,14500,0(0.00 %),12950,188000000,0,0,14600,14600,14400
2015-09-21,6.77,14500,0(0.00 %),45960,666000000,0,0,14500,14500,14400
2015-09-22,6.91,14800,0.3(2.07 %),12890,189000000,0,0,14500,15000,14500
2015-09-23,6.91,14800,0(0.00 %),27920,406000000,0,0,14600,14800,14500
2015-09-24,6.91,14800,0(0.00 %),4230,62000000,0,0,14800,14900,14700
2015-09-25,6.91,14800,0(0.00 %),5270,77000000,0,0,14600,14800,14600
2015-09-28,6.91,14800,0(0.00 %),5700,83000000,0,0,14600,14800,14600
2015-09-29,6.77,14500,-0.3(-2.03 %),33380,484000000,0,0,14600,14600,14500
2015-09-30,6.77,14500,0(0.00 %),28110,407000000,0,0,14500,14600,14400
2015-10-01,6.77,14500,0(0.00 %),5480,79000000,0,0,14500,14500,14500
2015-10-02,6.77,14500,0(0.00 %),30450,442000000,0,0,14500,14500,14500
2015-10-05,6.82,14600,0.1(0.69 %),18980,277000000,0,0,14500,14600,14500
2015-10-06,7.0,15000,0.4(2.74 %),103620,1569000000,0,0,14700,15600,14500
2015-10-07,7.0,15000,0(0.00 %),3280,50000000,0,0,15500,15500,15000
2015-10-08,7.14,15300,0.3(2.00 %),33050,502000000,0,0,15000,15300,15000
2015-10-09,7.0,15000,-0.3(-1.96 %),30260,455000000,0,0,15000,15200,14700
2015-10-12,7.0,15000,0(0.00 %),7220,108000000,0,0,15000,15100,15000
2015-10-13,7.0,15000,0(0.00 %),13570,201000000,0,0,14700,15100,14700
2015-10-14,7.0,15000,0(0.00 %),38790,575000000,0,0,15000,15000,14700
2015-10-15,7.0,15000,0(0.00 %),10900,162000000,0,0,15000,15000,14700
2015-10-16,6.91,14800,-0.2(-1.33 %),90750,1362000000,0,0,14800,15300,14700
2015-10-19,7.14,15300,0.5(3.38 %),18400,282000000,0,0,15300,15300,15200
2015-10-20,7.56,16200,0.9(5.88 %),199420,3203000000,0,0,15400,16300,15400
2015-10-21,7.89,16900,0.7(4.32 %),141430,2384000000,0,0,16500,17100,16200
2015-10-22,7.89,16900,0(0.00 %),77720,1295000000,0,0,16900,16900,16500
2015-10-23,7.89,16900,0(0.00 %),168470,2880000000,0,0,17000,17300,16700
2015-10-26,7.75,16600,-0.3(-1.78 %),38290,636000000,0,0,16600,16900,16500
2015-10-27,7.38,15800,-0.8(-4.82 %),94170,1507000000,0,0,16400,16400,15800
2015-10-28,7.47,16000,0.2(1.27 %),26720,428000000,0,0,16000,16500,15900
2015-10-29,7.98,17100,1.1(6.88 %),217120,3660000000,0,0,16300,17100,16000
2015-10-30,8.22,17600,0.5(2.92 %),405140,7177000000,0,0,17100,18000,17100
2015-11-02,8.17,17500,-0.1(-0.57 %),197490,3525000000,0,0,18000,18400,17300
2015-11-03,8.36,17900,0.4(2.29 %),178670,3158000000,0,0,17500,18100,17100
2015-11-04,8.17,17500,-0.4(-2.23 %),129770,2315000000,0,0,17900,18000,17500
2015-11-05,8.54,18300,0.8(4.57 %),275840,4845000000,0,0,17400,18700,17300
2015-11-06,8.4,18000,-0.3(-1.64 %),124110,2228000000,0,0,17600,18300,17600
2015-11-09,8.36,17900,-0.1(-0.56 %),60950,1090000000,0,0,18000,18000,17700
2015-11-10,8.17,17500,-0.4(-2.23 %),139370,2450000000,0,0,17700,17800,17500
2015-11-11,8.22,17600,0.1(0.57 %),22910,403000000,0,0,17400,17800,17400
2015-11-12,8.5,18200,0.6(3.41 %),107610,1905000000,0,0,17500,18200,17400
2015-11-13,8.59,18400,0.2(1.10 %),73480,1345000000,0,0,18500,18500,18100
2015-11-16,8.96,19200,0.8(4.35 %),187410,3543000000,0,0,18400,19200,18400
2015-11-17,8.96,19200,0(0.00 %),81260,1549000000,0,0,19200,19400,18900
2015-11-18,8.82,18900,-0.3(-1.56 %),65450,1248000000,0,0,19400,19400,18900
2015-11-19,8.68,18600,-0.3(-1.59 %),109180,2031000000,0,0,18800,18800,18500
2015-11-20,8.68,18600,0(0.00 %),114130,2097000000,0,0,18600,18600,18200
2015-11-23,8.87,19000,0.4(2.15 %),124130,2357000000,0,0,18600,19500,18600
2015-11-24,8.68,18600,-0.4(-2.11 %),97690,1815000000,0,0,19200,19200,18500
2015-11-25,8.73,18700,0.1(0.54 %),104830,1965000000,0,0,18200,19000,18200
2015-11-26,8.54,18300,-0.4(-2.14 %),65200,1215000000,0,0,18900,19000,18300
2015-11-27,8.45,18100,-0.2(-1.09 %),47890,868000000,0,0,18300,18500,17900
2015-11-30,8.31,17800,-0.3(-1.66 %),53270,948000000,0,0,18400,18400,17500
2015-12-01,8.17,17500,-0.3(-1.69 %),16240,285000000,0,0,17800,17800,17400
2015-12-02,8.36,17900,0.4(2.29 %),6500,115000000,0,0,17900,17900,17600
2015-12-03,8.17,17500,-0.4(-2.23 %),14030,247000000,0,0,17800,17800,17500
2015-12-04,8.36,17900,0.4(2.29 %),28640,503000000,0,0,17500,17900,17400
2015-12-07,8.54,18300,0.4(2.23 %),2260,41000000,0,0,19000,19000,18300
2015-12-08,8.59,18400,0.1(0.55 %),27770,503000000,0,0,17500,18400,17500
2015-12-09,8.59,18400,0(0.00 %),23910,437000000,0,0,18400,18700,18000
2015-12-10,8.4,18000,-0.4(-2.17 %),3130,56000000,0,0,18000,18000,17700
2015-12-11,8.22,17600,-0.4(-2.22 %),10820,195000000,0,0,18000,18000,17600
2015-12-14,8.17,17500,-0.1(-0.57 %),1530,27000000,0,0,17500,17900,17500
2015-12-15,8.4,18000,0.5(2.86 %),1370,24000000,0,0,17500,18000,17500
2015-12-16,8.4,17000,0(0.00 %),15560,265000000,0,0,16900,17300,16900
2015-12-17,8.6,17400,0.4(2.35 %),11520,199000000,0,0,17500,17500,16600
2015-12-18,8.55,17300,-0.1(-0.57 %),9000,156000000,0,0,17300,17300,17300
2015-12-21,8.31,16800,-0.5(-2.89 %),30180,501000000,0,0,17300,17300,16200
2015-12-22,8.16,16500,-0.3(-1.79 %),26400,435000000,0,0,16600,16600,16200
2015-12-23,8.16,16500,0(0.00 %),200,3000000,0,0,15800,16500,15800
2015-12-24,8.06,16300,-0.2(-1.21 %),5410,88000000,0,0,16000,16500,16000
2015-12-25,8.06,16300,0(0.00 %),43030,693000000,0,0,16600,16600,16100
2015-12-28,8.11,16400,0.1(0.61 %),4450,72000000,0,0,16100,16400,16100
2015-12-29,8.16,16500,0.1(0.61 %),11310,185000000,0,0,16300,16500,16300
2015-12-30,8.16,16500,0(0.00 %),7690,126000000,0,0,16500,16500,16300
2015-12-31,8.26,16700,0.2(1.21 %),14900,246000000,0,0,16700,16700,16300
2016-01-04,8.21,16600,-0.1(-0.60 %),7260,119000000,0,0,16600,16700,16400
2016-01-05,8.11,16400,-0.2(-1.20 %),21860,359000000,0,0,16400,16400,16400
2016-01-06,8.26,16700,0.3(1.83 %),32300,531000000,0,0,16400,16700,16400
2016-01-07,8.16,16500,-0.2(-1.20 %),10010,163000000,0,0,16300,16500,16300
2016-01-08,8.06,16300,-0.2(-1.21 %),40010,662000000,0,0,16300,17600,16300
2016-01-11,8.06,16300,0(0.00 %),25500,416000000,0,0,16500,16500,16300
2016-01-12,8.31,16800,0.5(3.07 %),6480,107000000,0,0,16400,16800,16400
2016-01-13,8.4,17000,0.2(1.19 %),5790,97000000,0,0,16500,17000,16500
2016-01-14,8.36,16900,-0.1(-0.59 %),15400,268000000,0,0,17400,17600,16800
2016-01-15,8.36,16900,0(0.00 %),20000,338000000,0,0,16900,16900,16900
2016-01-18,8.31,16800,-0.1(-0.59 %),65860,1042000000,0,0,16500,16800,15800
2016-01-19,8.16,16500,-0.3(-1.79 %),2100,34000000,0,0,16000,16500,16000
2016-01-20,7.86,15900,-0.6(-3.64 %),1700,27000000,0,0,15600,15900,15600
2016-01-21,7.86,15900,0(0.00 %),300,5000000,0,0,15900,15900,15900
2016-01-22,7.91,16000,0.1(0.63 %),7610,119000000,0,0,15900,16000,15500
2016-01-25,8.16,16500,0.5(3.12 %),26450,432000000,0,0,16900,16900,16000
2016-01-26,8.16,16500,0(0.00 %),0,0,0,0,16500,16500,16500
2016-01-27,8.16,16500,0(0.00 %),0,0,0,0,16500,16500,16500
2016-01-28,8.11,16400,-0.1(-0.61 %),8900,142000000,0,0,16000,16400,16000
2016-01-29,8.11,16400,0(0.00 %),23350,375000000,0,0,16000,16400,15900
2016-02-01,8.11,16400,0(0.00 %),40,1000000,0,0,16400,16400,16400
2016-02-02,8.11,16400,0(0.00 %),1120,18000000,0,0,16000,16400,16000
2016-02-03,8.11,16400,0(0.00 %),1200,20000000,0,0,16300,16400,16300
2016-02-04,7.96,16100,-0.3(-1.83 %),9320,150000000,0,0,16100,16100,16100
2016-02-05,8.16,16500,0.4(2.48 %),100,2000000,0,0,16500,16500,16500
2016-02-15,8.16,16500,0(0.00 %),0,0,0,0,16500,16500,16500
2016-02-16,8.06,16300,-0.2(-1.21 %),2550,41000000,0,0,16000,16300,16000
2016-02-17,8.06,16300,0(0.00 %),0,0,0,0,16300,16300,16300
2016-02-18,8.01,16200,-0.1(-0.61 %),37000,590000000,0,0,15900,16200,15900
2016-02-19,8.26,16700,0.5(3.09 %),17610,291000000,0,0,16300,17200,16200
2016-02-22,8.01,16200,-0.5(-2.99 %),12740,205000000,0,0,16100,17100,16000
2016-02-23,8.01,16200,0(0.00 %),54010,878000000,0,0,16700,16700,16200
2016-02-24,8.4,17000,0.8(4.94 %),92690,1526000000,0,0,16200,17000,16100
2016-02-25,8.55,17300,0.3(1.76 %),55850,968000000,0,0,17800,17800,17000
2016-02-26,8.06,16300,-1(-5.78 %),10590,175000000,0,0,17200,17300,16300
2016-02-29,8.26,16700,0.4(2.45 %),23030,375000000,0,0,16800,16800,16200
2016-03-01,8.06,16300,-0.4(-2.40 %),1950,32000000,0,0,16300,16300,16300
2016-03-02,7.96,16100,-0.2(-1.23 %),33010,534000000,0,0,15800,16700,15800
2016-03-03,8.16,16500,0.4(2.48 %),50,1000000,0,0,16500,16500,16500
2016-03-04,8.4,17000,0.5(3.03 %),7780,128000000,0,0,16400,17000,16300
2016-03-07,8.11,16400,-0.6(-3.53 %),23880,390000000,0,0,17000,17000,16200
2016-03-08,8.06,16300,-0.1(-0.61 %),14150,231000000,0,0,16300,16700,16200
2016-03-09,8.06,16300,0(0.00 %),13070,215000000,0,0,16300,16500,16300
2016-03-10,8.26,16700,0.4(2.45 %),1020,17000000,0,0,16300,16700,16300
2016-03-11,8.26,16700,0(0.00 %),0,0,0,0,16700,16700,16700
2016-03-14,8.26,16700,0(0.00 %),2400,40000000,0,0,16900,16900,16400
2016-03-15,8.26,16700,0(0.00 %),0,0,0,0,16700,16700,16700
2016-03-16,7.86,15900,-0.8(-4.79 %),50920,814000000,0,0,16500,16500,15900
2016-03-17,8.26,16700,0.8(5.03 %),3010,48000000,0,0,15900,16700,15900
2016-03-18,8.16,16500,-0.2(-1.20 %),500,8000000,0,0,16500,16500,16500
2016-03-21,7.96,16100,-0.4(-2.42 %),16030,258000000,0,0,16200,16200,16000
2016-03-22,7.71,15600,-0.5(-3.11 %),20,0,0,0,16500,16500,15600
2016-03-23,8.16,16500,0.9(5.77 %),2010,31000000,0,0,16000,16500,15500
2016-03-24,8.16,16500,0(0.00 %),4030,66000000,0,0,16500,16500,15800
2016-03-25,8.01,16200,-0.3(-1.82 %),13540,216000000,0,0,15800,16500,15500
2016-03-28,8.06,16300,0.1(0.62 %),5930,94000000,0,0,16300,16300,15800
2016-03-29,8.06,16300,0(0.00 %),5920,94000000,0,0,15900,16400,15800
2016-03-30,7.91,16000,-0.3(-1.84 %),15410,246000000,0,0,15700,16000,15500
2016-03-31,7.91,16000,0(0.00 %),290,5000000,0,0,16000,16000,16000
2016-04-01,7.86,15900,-0.1(-0.62 %),20310,315000000,0,0,15900,15900,15500
2016-04-04,7.66,15500,-0.4(-2.52 %),19330,301000000,0,0,15200,15800,15200
2016-04-05,7.91,16000,0.5(3.23 %),14980,230000000,0,0,15500,16000,15100
2016-04-06,7.81,15800,-0.2(-1.25 %),1180,19000000,0,0,15900,15900,15800
2016-04-07,7.81,15800,0(0.00 %),18560,291000000,0,0,15800,16000,15600
2016-04-08,7.81,15800,0(0.00 %),1010,16000000,0,0,16000,16000,15800
2016-04-11,7.71,15600,-0.2(-1.27 %),26250,404000000,0,0,15800,15800,15100
2016-04-12,7.56,15300,-0.3(-1.92 %),14000,225000000,0,0,16400,16400,15300
2016-04-13,7.66,15500,0.2(1.31 %),9280,141000000,0,0,15500,15500,15200
2016-04-14,7.91,16000,0.5(3.23 %),17070,260000000,0,0,16000,16000,15200
2016-04-15,7.56,15300,-0.7(-4.38 %),9960,153000000,0,0,15500,15500,15300
2016-04-19,7.56,15300,0(0.00 %),83610,1267000000,0,0,15200,15300,15100
2016-04-20,7.61,15400,0.1(0.65 %),169590,2574000000,0,0,15300,15400,15000
2016-04-21,7.66,15500,0.1(0.65 %),198500,3055000000,0,0,15300,16100,15200
2016-04-22,7.66,15500,0(0.00 %),70020,1093000000,0,0,15500,15800,15400
2016-04-25,7.81,15800,0.3(1.94 %),170770,2638000000,0,0,15500,15900,15400
2016-04-26,7.71,15600,-0.2(-1.27 %),66560,1043000000,0,0,16000,16000,15600
2016-04-27,7.76,15700,0.1(0.64 %),177970,2761000000,0,0,15600,15900,15400
2016-04-28,7.71,15600,-0.1(-0.64 %),17870,280000000,0,0,15800,15800,15600
2016-04-29,7.96,16100,0.5(3.21 %),262410,4286000000,0,0,16000,16600,15800
2016-05-04,7.86,15900,-0.2(-1.24 %),42200,678000000,0,0,16700,16700,15900
2016-05-05,7.96,16100,0.2(1.26 %),135530,2122000000,0,0,15900,16200,15600
2016-05-06,8.31,16800,0.7(4.35 %),603260,10282000000,0,0,16100,17200,16100
2016-05-09,8.31,16800,0(0.00 %),187330,3111000000,0,0,17200,17200,16500
2016-05-10,8.5,17200,0.4(2.38 %),444240,7577000000,0,0,16600,17800,16500
2016-05-11,8.8,17800,0.6(3.49 %),450330,7958000000,0,0,17600,18100,17500
2016-05-12,8.8,17800,0(0.00 %),297200,5288000000,0,0,17900,18300,17500
2016-05-13,8.45,17100,-0.7(-3.93 %),97910,1682000000,0,0,17100,17800,17000
2016-05-16,8.36,16900,-0.2(-1.17 %),125760,2136000000,0,0,17100,17400,16700
2016-05-17,8.4,17000,0.1(0.59 %),107590,1838000000,0,0,17000,17500,17000
2016-05-18,8.31,16800,-0.2(-1.18 %),134070,2269000000,0,0,17000,17300,16700
2016-05-19,8.16,16500,-0.3(-1.79 %),94310,1559000000,0,0,16600,16900,16400
2016-05-20,8.16,16500,0(0.00 %),130080,2151000000,0,0,16500,16900,16500
2016-05-23,8.11,16400,-0.1(-0.61 %),25240,415000000,0,0,16800,16800,16400
2016-05-24,8.11,16400,0(0.00 %),43300,704000000,0,0,16600,16600,16100
2016-05-25,8.31,16800,0.4(2.44 %),82910,1378000000,0,0,16500,17000,16200
2016-05-26,8.16,16500,-0.3(-1.79 %),18550,304000000,0,0,16800,16800,16300
2016-05-27,8.06,16300,-0.2(-1.21 %),29290,478000000,0,0,16200,16800,16200
2016-05-30,7.91,16000,-0.3(-1.84 %),98330,1583000000,0,0,16300,16300,16000
2016-05-31,7.81,15800,-0.2(-1.25 %),87120,1392000000,0,0,16000,16100,15800
2016-06-01,7.91,16000,0.2(1.27 %),56940,900000000,0,0,15800,16000,15600
2016-06-02,8.31,16800,0.8(5.00 %),121640,2014000000,0,0,16000,16800,16000
2016-06-03,8.21,16600,-0.2(-1.19 %),64920,1067000000,0,0,16400,16600,16300
2016-06-06,7.96,16100,-0.5(-3.01 %),40480,660000000,0,0,16300,16400,16100
2016-06-07,7.96,16100,0(0.00 %),17080,276000000,0,0,16300,16300,16100
2016-06-08,8.06,16300,0.2(1.24 %),97860,1595000000,0,0,16100,16600,16100
2016-06-09,8.06,16300,0(0.00 %),66530,1084000000,0,0,16400,16400,16200
2016-06-10,8.01,16200,-0.1(-0.61 %),63600,1035000000,0,0,16300,16500,16200
2016-06-13,8.01,16200,0(0.00 %),50570,816000000,0,0,16200,16200,16100
2016-06-14,7.91,16000,-0.2(-1.23 %),37290,596000000,0,0,16400,16400,15800
2016-06-15,8.06,16300,0.3(1.88 %),59240,956000000,0,0,16200,16400,16000
2016-06-16,8.55,17300,1(6.13 %),451890,7797000000,0,0,16200,17400,16200
2016-06-17,8.36,16900,-0.4(-2.31 %),44830,758000000,0,0,17300,17300,16500
2016-06-20,8.36,16900,0(0.00 %),13780,232000000,0,0,16600,16900,16600
2016-06-21,8.11,16400,-0.5(-2.96 %),58640,970000000,0,0,16900,16900,16400
2016-06-22,8.21,16600,0.2(1.22 %),21180,346000000,0,0,16300,16700,16300
2016-06-23,8.11,16400,-0.2(-1.20 %),65720,1076000000,0,0,16500,16500,16300
2016-06-24,8.11,16400,0(0.00 %),194510,3090000000,0,0,16300,16600,15400
2016-06-27,8.11,16400,0(0.00 %),201490,3214000000,62000,998200000,16000,16400,15600
2016-06-28,8.01,16200,-0.2(-1.22 %),48510,794000000,0,0,16400,16400,16200
2016-06-29,8.11,16400,0.2(1.23 %),35250,576000000,0,0,16000,17000,16000
2016-06-30,7.96,16100,-0.3(-1.83 %),13830,225000000,36000,590400000,16500,16500,16100
2016-07-01,8.06,16300,0.2(1.24 %),103760,1714000000,0,0,16300,16800,16200
2016-07-04,8.11,16400,0.1(0.61 %),105600,1731000000,0,0,16500,16600,16300
2016-07-05,8.01,16200,-0.2(-1.22 %),96460,1567000000,0,0,16300,16400,16200
2016-07-06,8.01,16200,0(0.00 %),86190,1392000000,0,0,16000,16300,16000
2016-07-07,8.26,16700,0.5(3.09 %),179390,2940000000,0,0,16100,16700,16100
2016-07-08,8.65,17500,0.8(4.79 %),444490,7657000000,0,0,17000,17700,16500
2016-07-11,8.36,16900,-0.6(-3.43 %),215960,3740000000,0,0,17700,17700,16900
2016-07-12,8.55,17300,0.4(2.37 %),114350,1957000000,0,0,17200,17400,16900
2016-07-13,8.45,17100,-0.2(-1.16 %),244530,4200000000,0,0,17200,17500,17000
2016-07-14,8.36,16900,-0.2(-1.17 %),184990,3160000000,0,0,17000,17500,16900
2016-07-15,8.4,17000,0.1(0.59 %),18450,311000000,0,0,17000,17000,16800
2016-07-18,8.55,17300,0.3(1.76 %),86900,1477000000,0,0,16900,17300,16900
2016-07-19,8.9,18000,0.7(4.05 %),535950,9531000000,0,0,17300,18200,17200
2016-07-20,8.7,17600,-0.4(-2.22 %),72400,1277000000,0,0,18200,18200,17500
2016-07-21,9.25,18700,1.1(6.25 %),428790,7879000000,0,0,17700,18800,17600
2016-07-22,9.15,18500,-0.2(-1.07 %),131340,2395000000,0,0,18600,18600,18000
2016-07-25,9.64,19500,1(5.41 %),364830,6980000000,0,0,18500,19600,18500
2016-07-26,9.59,19400,-0.1(-0.51 %),111480,2157000000,0,0,19500,19600,19000
2016-07-27,9.59,19400,0(0.00 %),280650,5557000000,0,0,19400,20100,19400
2016-07-28,9.69,19600,0.2(1.03 %),167500,3269000000,0,0,19300,20000,19000
2016-07-29,9.69,19600,0(0.00 %),284580,5658000000,0,0,19600,20200,19600
2016-08-01,9.84,19900,0.3(1.53 %),98400,1944000000,0,0,19400,19900,19400
2016-08-02,9.64,19500,-0.4(-2.01 %),197980,3843000000,0,0,19900,19900,19000
2016-08-03,9.64,19500,0(0.00 %),203220,3922000000,0,0,19500,19500,19100
2016-08-04,9.69,19600,0.1(0.51 %),126610,2467000000,0,0,19800,19800,19000
2016-08-05,9.64,19500,-0.1(-0.51 %),70950,1369000000,0,0,19600,19800,19000
2016-08-08,9.59,19400,-0.1(-0.51 %),112500,2158000000,0,0,19500,19700,19000
2016-08-09,9.59,19400,0(0.00 %),53220,1020000000,0,0,18900,19400,18900
2016-08-10,9.34,18900,-0.5(-2.58 %),140790,2684000000,0,0,19400,19400,18900
2016-08-11,9.44,19100,0.2(1.06 %),28880,546000000,0,0,19300,19300,18900
2016-08-12,8.95,18100,-1(-5.24 %),129020,2347000000,0,0,19000,19100,18000
2016-08-15,9.0,18200,0.1(0.55 %),59150,1086000000,0,0,18000,19000,17800
2016-08-16,9.3,18800,0.6(3.30 %),108290,2024000000,0,0,18200,19000,18200
2016-08-17,9.34,18900,0.1(0.53 %),69520,1312000000,77000,1478400000,18800,19100,18100
2016-08-18,9.34,18900,0(0.00 %),78370,1479000000,0,0,18700,19200,18700
2016-08-19,9.34,18900,0(0.00 %),39640,742000000,0,0,18900,19100,18500
2016-08-22,9.39,19000,0.1(0.53 %),104400,1964000000,0,0,18900,19000,18500
2016-08-23,9.39,19000,0(0.00 %),106040,2012000000,20000,406000000,19000,19000,18700
2016-08-24,9.25,18700,-0.3(-1.58 %),23790,444000000,0,0,18800,19000,18500
2016-08-25,9.34,18900,0.2(1.07 %),25620,481000000,0,0,18800,18900,18600
2016-08-26,9.64,19500,0.6(3.17 %),156910,3026000000,0,0,18900,19700,18900
2016-08-29,9.44,19100,-0.4(-2.05 %),127620,2489000000,0,0,19600,19900,19000
2016-08-30,9.34,18900,-0.2(-1.05 %),89620,1702000000,0,0,18600,19300,18600
2016-08-31,9.64,19500,0.6(3.17 %),143170,2720000000,0,0,18800,19500,18500
2016-09-01,9.74,19700,0.2(1.03 %),66800,1306000000,0,0,18900,19800,18900
2016-09-05,10.14,20500,0.8(4.06 %),197930,4004000000,0,0,19700,20600,19500
2016-09-06,10.23,20700,0.2(0.98 %),122190,2541000000,0,0,20400,21800,20400
2016-09-07,10.23,20700,0(0.00 %),40580,827000000,0,0,20700,21000,20100
2016-09-08,10.48,21200,0.5(2.42 %),90470,1889000000,0,0,20100,21500,20100
2016-09-09,10.38,21000,-0.2(-0.94 %),70810,1488000000,0,0,21200,21500,20600
2016-09-12,10.33,20900,-0.1(-0.48 %),39910,825000000,0,0,21000,21000,20300
2016-09-13,10.28,20800,-0.1(-0.48 %),11430,237000000,0,0,20900,20900,20500
2016-09-14,10.33,20900,0.1(0.48 %),158250,3291000000,0,0,20750,21800,20400
2016-09-15,9.89,20000,-0.9(-4.31 %),84040,1700000000,0,0,20900,20900,20000
2016-09-16,10.18,20600,0.6(3.00 %),30030,608000000,0,0,20000,20600,20000
2016-09-19,10.23,20700,0.1(0.49 %),70750,1469000000,0,0,20600,21000,20500
2016-09-20,10.43,21100,0.4(1.93 %),135860,2841000000,0,0,20700,21300,20500
2016-09-21,11.07,22400,1.3(6.16 %),275610,6099000000,0,0,21200,22550,21200
2016-09-22,11.17,22600,0.2(0.89 %),189540,4356000000,0,0,22400,23400,22400
2016-09-23,11.22,22700,0.1(0.44 %),58480,1326000000,0,0,22600,23400,22550
2016-09-26,11.27,22800,0.1(0.44 %),47820,1081000000,0,0,22700,23300,22500
2016-09-27,11.27,22800,0(0.00 %),145750,3309000000,60000,1461000000,22150,23100,22150
2016-09-28,11.17,22600,-0.2(-0.88 %),103660,2336000000,0,0,22450,23000,22350
2016-09-29,10.98,22200,-0.4(-1.77 %),96930,2174000000,0,0,22900,22900,22000
2016-09-30,11.17,22600,0.4(1.80 %),157500,3470000000,0,0,22200,22650,21700
2016-10-03,11.17,22600,0(0.00 %),91960,2076000000,0,0,22900,22900,22000
2016-10-04,11.03,22300,-0.3(-1.33 %),114840,2582000000,0,0,22900,22900,22300
2016-10-05,10.58,21400,-0.9(-4.04 %),70680,1538000000,0,0,22500,22500,21400
2016-10-06,10.88,22000,0.6(2.80 %),148530,3244000000,0,0,22000,22200,21600
2016-10-07,10.88,22000,0(0.00 %),77470,1682000000,0,0,21600,22300,21500
2016-10-10,10.73,21700,-0.3(-1.36 %),81750,1758000000,0,0,21600,21900,21000
2016-10-11,10.63,21500,-0.2(-0.92 %),77610,1631000000,0,0,21500,21500,20550
2016-10-12,10.56,21350,-0.15(-0.70 %),32790,694000000,0,0,20450,21600,20450
2016-10-13,10.73,21700,0.35(1.64 %),33900,724000000,0,0,21300,21700,21200
2016-10-14,10.73,21700,0(0.00 %),24980,541000000,0,0,21600,22000,21500
2016-10-17,10.23,20700,-1(-4.61 %),66870,1399000000,0,0,21700,21700,20700
2016-10-18,10.14,20500,-0.2(-0.97 %),24460,509000000,0,0,21400,21400,20500
2016-10-19,10.38,21000,0.5(2.44 %),125390,2596000000,0,0,20550,21200,20300
2016-10-20,10.33,20900,-0.1(-0.48 %),151000,3117000000,0,0,20800,21000,20200
2016-10-21,10.23,20700,-0.2(-0.96 %),45950,941000000,0,0,20800,21000,20200
2016-10-24,10.23,20700,0(0.00 %),17800,367000000,0,0,20100,20700,20100
2016-10-25,10.18,20600,-0.1(-0.48 %),37640,776000000,0,0,20700,20700,20200
2016-10-26,9.99,20200,-0.4(-1.94 %),43510,889000000,0,0,20600,21900,20200
2016-10-27,10.01,20250,0.05(0.25 %),39980,814000000,0,0,20400,20800,20200
2016-10-28,10.09,20400,0.15(0.74 %),40910,838000000,0,0,20300,20800,20250
2016-10-31,10.28,20800,0.4(1.96 %),165010,3474000000,0,0,20800,21200,20500
2016-11-01,10.09,20400,-0.4(-1.92 %),234950,4860000000,0,0,20750,21600,20400
2016-11-02,10.26,20750,0.35(1.72 %),288780,6037000000,4273920,88897536000,20450,21700,20400
2016-11-03,10.53,21300,0.55(2.65 %),36240,758000000,60000,1245000000,21500,21500,20750
2016-11-04,10.23,20700,-0.6(-2.82 %),72120,1502000000,0,0,20850,21300,20700
2016-11-07,10.48,21200,0.5(2.42 %),53060,1104000000,0,0,20500,21200,20500
2016-11-08,10.28,20800,-0.4(-1.89 %),59070,1240000000,0,0,21300,21300,20800
2016-11-09,10.48,21200,0.4(1.92 %),100620,2108000000,0,0,20900,21200,20850
2016-11-10,10.78,21800,0.6(2.83 %),111730,2431000000,0,0,21200,22000,21200
2016-11-11,10.83,21900,0.1(0.46 %),30010,657000000,700000,14560000000,22100,22100,21600
2016-11-14,11.17,22600,0.7(3.20 %),105570,2331000000,0,0,22500,22600,21700
2016-11-15,11.42,23100,0.5(2.21 %),94330,2175000000,0,0,22600,23400,22600
2016-11-16,11.17,22600,-0.5(-2.16 %),158060,3585000000,0,0,23000,23500,22300
2016-11-17,11.22,22700,0.1(0.44 %),74240,1670000000,0,0,22600,22800,22200
2016-11-18,11.07,22400,-0.3(-1.32 %),92920,2050000000,0,0,22600,22600,21600
2016-11-21,10.78,21800,-0.6(-2.68 %),29680,652000000,0,0,21600,22300,21600
2016-11-22,10.98,22200,0.4(1.83 %),118420,2598000000,0,0,22100,22300,21800
2016-11-23,11.27,22800,0.6(2.70 %),72400,1642000000,0,0,22700,22900,22000
2016-11-24,11.37,23000,0.2(0.88 %),58430,1307000000,0,0,22800,23300,22000
2016-11-25,11.32,22900,-0.1(-0.43 %),70140,1574000000,0,0,23000,23000,22000
2016-11-28,10.63,21500,-1.4(-6.11 %),89700,1967000000,0,0,22900,23000,21500
2016-11-29,10.88,22000,0.5(2.33 %),13420,290000000,0,0,21500,22500,21400
2016-11-30,10.88,22000,0(0.00 %),30850,666000000,0,0,21300,22400,21300
2016-12-01,10.85,21950,-0.05(-0.23 %),19100,412000000,0,0,21500,22000,21300
2016-12-02,10.53,21300,-0.65(-2.96 %),11220,241000000,0,0,21900,22000,21300
2016-12-05,10.88,22000,0.7(3.29 %),80040,1714000000,0,0,21300,22000,21300
2016-12-06,10.58,21400,-0.6(-2.73 %),35850,767000000,0,0,22000,22000,21300
2016-12-07,10.58,21400,0(0.00 %),58370,1246000000,0,0,21800,21800,21300
2016-12-08,10.61,21450,0.05(0.23 %),27710,591000000,0,0,21800,21800,21200
2016-12-09,10.53,21300,-0.15(-0.70 %),31100,666000000,20000,430000000,21500,21600,21300
2016-12-12,10.53,21300,0(0.00 %),86670,1849000000,0,0,21300,21500,21200
2016-12-13,10.53,21300,0(0.00 %),114980,2436000000,0,0,21300,21400,21000
2016-12-14,10.58,21400,0.1(0.47 %),70200,1491000000,0,0,21200,21400,21100
2016-12-15,10.73,21700,0.3(1.40 %),21900,469000000,0,0,21500,21700,21300
2016-12-16,10.85,21950,0.25(1.15 %),54640,1174000000,0,0,21400,21950,21300
2016-12-19,10.98,22200,0.25(1.14 %),22710,497000000,0,0,21950,22200,21500
2016-12-20,10.88,22000,-0.2(-0.90 %),48940,1069000000,0,0,21800,22400,21700
2016-12-21,10.88,22000,0(0.00 %),26240,569000000,0,0,22000,22000,21600
2016-12-22,10.73,21700,-0.3(-1.36 %),16830,365000000,0,0,21600,22000,21600
2016-12-23,10.98,22200,0.5(2.30 %),39900,877000000,0,0,22000,22500,21800
2016-12-26,10.93,22100,-0.1(-0.45 %),39370,875000000,0,0,22850,22850,22100
2016-12-27,10.88,22000,-0.1(-0.45 %),44050,971000000,0,0,22100,22400,22000
2016-12-28,10.88,22000,0(0.00 %),71410,1570000000,0,0,22800,22800,21900
2016-12-29,10.83,21900,-0.1(-0.45 %),31250,682000000,20000,440000000,22100,22100,21500
2016-12-30,10.83,21900,0(0.00 %),500,11000000,0,0,21900,21900,21900
2017-01-03,11.4,22000,1.1(5.26 %),30,1000000,0,0,20899,22200,20899
2017-01-04,11.35,21900,-0.1(-0.45 %),56930,1243000000,0,0,22000,22000,21550
2017-01-05,11.29,21800,-0.1(-0.46 %),24720,516000000,0,0,20600,21800,20400
2017-01-06,11.24,21700,-0.1(-0.46 %),43060,917000000,0,0,21800,21800,20800
2017-01-09,11.24,21700,0(0.00 %),6290,135000000,0,0,21700,21700,20600
2017-01-10,11.19,21600,-0.1(-0.46 %),30540,649000000,0,0,21600,21650,20500
2017-01-11,11.19,21600,0(0.00 %),12760,275000000,0,0,21100,21600,21100
2017-01-12,10.67,20600,-1(-4.63 %),51420,1072000000,0,0,21500,21600,20600
2017-01-13,11.04,21300,0.7(3.40 %),21370,445000000,0,0,20600,21400,20600
2017-01-16,10.83,20900,-0.4(-1.88 %),2020,42000000,0,0,20700,20900,20700
2017-01-17,10.88,21000,0.1(0.48 %),40990,860000000,0,0,20600,21350,20600
2017-01-18,10.83,20900,-0.1(-0.48 %),13840,289000000,0,0,21000,21000,20800
2017-01-19,10.83,20900,0(0.00 %),11230,232000000,0,0,20550,20900,20550
2017-01-20,11.22,21650,0.75(3.59 %),104900,2259000000,0,0,20900,21800,20900
2017-01-23,10.88,21000,-0.65(-3.00 %),23020,493000000,0,0,22100,23000,21000
2017-01-24,11.06,21350,0.35(1.67 %),10020,211000000,0,0,21450,21450,21000
2017-01-25,11.29,21800,0.45(2.11 %),20990,449000000,0,0,21100,21800,21100
2017-02-02,11.29,21800,0(0.00 %),23140,504000000,0,0,21650,21800,21500
2017-02-03,11.32,21850,0.05(0.23 %),36280,791000000,0,0,21700,21850,21700
2017-02-06,11.19,21600,-0.25(-1.14 %),6930,152000000,0,0,22000,22000,21600
2017-02-07,11.14,21500,-0.1(-0.46 %),46000,981000000,0,0,21600,21600,21200
2017-02-08,11.04,21300,-0.2(-0.93 %),30560,647000000,0,0,21500,21500,21000
2017-02-09,10.93,21100,-0.2(-0.94 %),18450,390000000,0,0,21100,21200,21100
2017-02-10,11.14,21500,0.4(1.90 %),31040,653000000,0,0,21200,21500,20800
2017-02-13,11.11,21450,-0.05(-0.23 %),26340,560000000,0,0,21200,21500,21000
2017-02-14,10.98,21200,-0.25(-1.17 %),19520,416000000,0,0,21200,21400,21100
2017-02-15,10.93,21100,-0.1(-0.47 %),44890,948000000,0,0,21200,21200,21000
2017-02-16,11.4,22000,0.9(4.27 %),135310,2949000000,20000,440000000,21200,22300,21100
2017-02-17,12.18,23500,1.5(6.82 %),401010,9295000000,0,0,22200,23500,22000
2017-02-20,12.43,24000,0.5(2.13 %),155980,3809000000,0,0,24000,25000,23600
2017-02-21,12.18,23500,-0.5(-2.08 %),83200,1958000000,0,0,24500,24500,23200
2017-02-22,12.43,24000,0.5(2.13 %),135590,3222000000,0,0,23500,24400,23500
2017-02-23,12.18,23500,-0.5(-2.08 %),27240,639000000,3500000,87150000000,24000,24000,23200
2017-02-24,11.99,23150,-0.35(-1.49 %),44210,1023000000,0,0,23000,23800,22800
2017-02-27,11.86,22900,-0.25(-1.08 %),52300,1191000000,0,0,22900,23200,22400
2017-02-28,11.61,22400,-0.5(-2.18 %),121460,2750000000,0,0,22800,23000,22400
2017-03-01,11.63,22450,0.05(0.22 %),124730,2761000000,0,0,22200,22500,22000
2017-03-02,11.66,22500,0.05(0.22 %),16840,379000000,0,0,22800,22800,22300
2017-03-03,12.1,23350,0.85(3.78 %),31430,720000000,0,0,22450,23450,22300
2017-03-06,12.18,23500,0.15(0.64 %),168240,3968000000,0,0,23150,23800,23100
2017-03-07,12.15,23450,-0.05(-0.21 %),40030,936000000,0,0,23500,23500,23200
2017-03-08,12.02,23200,-0.25(-1.07 %),53570,1230000000,3500000,77000000000,23000,23200,22700
2017-03-09,11.71,22600,-0.6(-2.59 %),110310,2504000000,0,0,22700,23100,22500
2017-03-10,11.79,22750,0.15(0.66 %),22100,501000000,0,0,22750,23000,22500
2017-03-13,11.5,22200,-0.55(-2.42 %),37460,836000000,0,0,23200,23200,21500
2017-03-14,11.5,22200,0(0.00 %),73450,1623000000,0,0,22300,22300,22000
2017-03-15,11.61,22400,0.2(0.90 %),69060,1534000000,2136960,47333664000,22100,22700,22000
2017-03-16,11.58,22350,-0.05(-0.22 %),51350,1138000000,0,0,22050,22650,22050
2017-03-17,11.5,22200,-0.15(-0.67 %),77070,1699000000,0,0,22500,22500,21900
2017-03-20,11.5,22200,0(0.00 %),61650,1366000000,0,0,22000,22500,22000
2017-03-21,11.53,22250,0.05(0.23 %),46280,1028000000,0,0,22200,22450,22200
2017-03-22,11.81,22800,0.55(2.47 %),207210,4729000000,0,0,22250,23400,22100
2017-03-23,11.81,22800,0(0.00 %),86020,1959000000,0,0,22800,22900,22600
2017-03-24,12.02,23200,0.4(1.75 %),97260,2238000000,0,0,22800,23300,22700
2017-03-27,11.92,23000,-0.2(-0.86 %),66400,1536000000,0,0,23200,23500,22900
2017-03-28,11.81,22800,-0.2(-0.87 %),263580,6032000000,0,0,23100,23150,22800
2017-03-29,12.62,24350,1.55(6.80 %),456370,10968000000,0,0,22800,24350,22800
2017-03-30,12.87,24850,0.5(2.05 %),476400,11874000000,0,0,24900,25300,24350
2017-03-31,12.49,24100,-0.75(-3.02 %),172790,4220000000,0,0,24850,24850,24000
2017-04-03,12.28,23700,-0.4(-1.66 %),172200,4102000000,0,0,24000,24150,23400
2017-04-04,12.23,23600,-0.1(-0.42 %),111690,2606000000,0,0,23300,23600,23100
2017-04-05,12.33,23800,0.2(0.85 %),80280,1908000000,0,0,23500,23850,23500
2017-04-07,12.43,24000,0.2(0.84 %),50900,1220000000,0,0,23550,24200,23550
2017-04-10,12.38,23900,-0.1(-0.42 %),70870,1694000000,0,0,23900,24000,23550
2017-04-11,12.49,24100,0.2(0.84 %),98740,2369000000,0,0,23900,24100,23800
2017-04-12,12.02,23200,-0.9(-3.73 %),164740,3885000000,0,0,22450,24100,22450
2017-04-13,12.12,23400,0.2(0.86 %),169000,3914000000,0,0,23200,23500,22900
2017-04-14,12.02,23200,-0.2(-0.85 %),43470,1001000000,0,0,23400,23400,22800
2017-04-17,11.86,22900,-0.3(-1.29 %),72150,1667000000,0,0,23200,23500,22800
2017-04-18,12.07,23300,0.4(1.75 %),86820,2006000000,0,0,23000,23500,22900
2017-04-19,12.12,23400,0.1(0.43 %),83010,1949000000,0,0,23600,23700,23300
2017-04-20,11.97,23100,-0.3(-1.28 %),25500,592000000,0,0,23400,23600,23100
2017-04-21,11.92,23000,-0.1(-0.43 %),44240,1016000000,0,0,23000,23000,22900
2017-04-24,12.05,23250,0.25(1.09 %),64150,1478000000,0,0,23000,23400,22900
2017-04-25,12.05,23250,0(0.00 %),47760,1097000000,0,0,22900,23400,22900
2017-04-26,12.67,24450,1.2(5.16 %),183980,4383000000,0,0,23300,24500,23000
2017-04-27,12.3,23750,-0.7(-2.86 %),75810,1818000000,0,0,24450,24450,23750
2017-04-28,12.2,23450,-0.2(-0.85 %),30870,725000000,0,0,23700,23700,23400
2017-05-03,11.97,23000,-0.45(-1.92 %),103760,2399000000,0,0,23400,23500,22950
2017-05-04,12.07,23200,0.2(0.87 %),58850,1362000000,0,0,23050,23500,22900
2017-05-05,12.28,23600,0.4(1.72 %),65500,1540000000,0,0,23200,24000,23050
2017-05-08,12.33,23700,0.1(0.42 %),181330,4341000000,0,0,24000,24350,23600
2017-05-09,12.17,23400,-0.3(-1.27 %),78330,1824000000,0,0,23500,23600,23100
2017-05-10,12.12,23300,-0.1(-0.43 %),50150,1172000000,0,0,23650,23650,23200
2017-05-11,12.12,23300,0(0.00 %),62700,1448000000,0,0,23400,23400,23000
2017-05-12,12.07,23200,-0.1(-0.43 %),53080,1228000000,0,0,23100,23300,23050
2017-05-15,12.02,23100,-0.1(-0.43 %),73930,1697000000,0,0,23300,23300,22600
2017-05-16,11.76,22600,-0.5(-2.16 %),70210,1602000000,0,0,23200,23200,22600
2017-05-17,11.76,22600,0(0.00 %),25860,585000000,0,0,22850,22850,22550
2017-05-18,11.73,22550,-0.05(-0.22 %),53080,1194000000,0,0,22850,22850,22300
2017-05-19,11.73,22550,0(0.00 %),80270,1804000000,0,0,22550,22550,22350
2017-05-22,11.63,22350,-0.2(-0.89 %),33140,750000000,0,0,22550,22900,22350
2017-05-23,11.45,22000,-0.35(-1.57 %),58600,1298000000,0,0,22400,22700,22000
2017-05-24,11.55,22200,0.2(0.91 %),44790,999000000,0,0,22000,22400,22000
2017-05-25,11.47,22050,-0.15(-0.68 %),72990,1610000000,0,0,22200,22250,22000
2017-05-26,11.34,21800,-0.25(-1.13 %),41260,910000000,0,0,22050,22700,21800
2017-05-29,10.93,21000,-0.8(-3.67 %),108990,2321000000,0,0,21800,21800,21000
2017-05-30,11.11,21350,0.35(1.67 %),23590,500000000,0,0,20900,21400,20900
2017-05-31,11.13,21400,0.05(0.23 %),55850,1198000000,0,0,21300,21900,21300
2017-06-01,11.39,21900,0.5(2.34 %),58620,1266000000,94000,1967550000,21400,21900,21400
2017-06-02,11.29,21700,-0.2(-0.91 %),22700,492000000,0,0,21900,21900,21600
2017-06-05,11.21,21550,-0.15(-0.69 %),40840,882000000,51000,1030200000,21650,21650,21500
2017-06-06,11.24,21600,0.05(0.23 %),31900,686000000,0,0,21600,21600,21400
2017-06-07,11.26,21650,0.05(0.23 %),27620,598000000,0,0,21500,21750,21500
2017-06-08,11.29,21700,0.05(0.23 %),46340,1003000000,0,0,21550,21700,21550
2017-06-09,11.24,21600,-0.1(-0.46 %),13620,294000000,0,0,21700,21700,21550
2017-06-12,11.19,21500,-0.1(-0.46 %),23630,513000000,0,0,22000,22000,21500
2017-06-13,11.76,22600,1.1(5.12 %),125620,2813000000,0,0,21600,22700,21600
2017-06-14,11.55,22200,-0.4(-1.77 %),52800,1175000000,0,0,22800,22800,22000
2017-06-15,11.39,21900,-0.3(-1.35 %),17790,389000000,0,0,21800,22000,21800
2017-06-16,11.13,21400,-0.5(-2.28 %),70820,1530000000,0,0,21900,21900,21200
2017-06-19,11.03,21200,-0.2(-0.93 %),25430,541000000,0,0,21400,21600,21200
2017-06-20,11.03,21200,0(0.00 %),92930,1951000000,0,0,21200,21400,20450
2017-06-21,11.03,21200,0(0.00 %),54680,1161000000,0,0,21100,21400,21100
2017-06-22,11.13,21400,0.2(0.94 %),44820,944000000,0,0,21100,21400,21000
2017-06-23,10.95,21050,-0.35(-1.64 %),58100,1226000000,0,0,21150,21200,21000
2017-06-26,11.0,21150,0.1(0.48 %),30940,649000000,0,0,21200,21200,20800
2017-06-27,10.61,20400,-0.75(-3.55 %),87600,1805000000,0,0,21000,21000,20400
2017-06-28,10.61,20400,0(0.00 %),62340,1272000000,0,0,20400,21000,20300
2017-06-29,10.46,20100,-0.3(-1.47 %),75510,1522000000,0,0,20850,20900,20000
2017-06-30,10.67,20500,0.4(1.99 %),16950,344000000,0,0,20000,20700,20000
2017-07-03,10.77,20700,0.2(0.98 %),19200,394000000,0,0,20500,20800,20300
2017-07-04,10.87,20900,0.2(0.97 %),62030,1291000000,0,0,20500,21100,20400
2017-07-05,10.95,21050,0.15(0.72 %),16250,340000000,0,0,20900,21100,20800
2017-07-06,11.03,21200,0.15(0.71 %),79490,1662000000,0,0,20900,21200,20800
2017-07-07,10.93,21000,-0.2(-0.94 %),6020,127000000,0,0,21200,21200,21000
2017-07-10,10.87,20900,-0.1(-0.48 %),28630,593000000,0,0,20900,21000,20500
2017-07-11,10.72,20600,-0.3(-1.44 %),25970,538000000,0,0,20900,20900,20600
2017-07-12,10.87,20900,0.3(1.46 %),31560,660000000,0,0,21400,21400,20850
2017-07-13,10.77,20700,-0.2(-0.96 %),14030,291000000,0,0,20900,20900,20700
2017-07-14,10.93,21000,0.3(1.45 %),16380,341000000,0,0,20900,21000,20700
2017-07-17,10.67,20500,-0.5(-2.38 %),88550,1814000000,0,0,20850,20850,20100
2017-07-18,10.67,20500,0(0.00 %),11290,231000000,0,0,20300,20700,20300
2017-07-19,10.8,20750,0.25(1.22 %),110650,2257000000,0,0,20500,20750,20300
2017-07-20,10.72,20600,-0.15(-0.72 %),9500,196000000,0,0,20500,20700,20500
2017-07-21,10.82,20800,0.2(0.97 %),7940,166000000,0,0,21000,21000,20650
2017-07-24,10.61,20400,-0.4(-1.92 %),9860,202000000,0,0,20900,20900,20400
2017-07-25,10.77,20700,0.3(1.47 %),13580,282000000,0,0,20800,20900,20600
2017-07-26,10.77,20700,0(0.00 %),4520,92000000,0,0,20700,20700,20100
2017-07-27,10.61,20400,-0.3(-1.45 %),6220,127000000,0,0,20900,20900,20400
2017-07-28,10.67,20500,0.1(0.49 %),6740,140000000,0,0,20800,20900,20500
2017-07-31,10.51,20200,-0.3(-1.46 %),10700,216000000,0,0,20600,20600,20000
2017-08-01,10.61,20400,0.2(0.99 %),13830,282000000,0,0,20200,20500,20200
2017-08-02,10.72,20600,0.2(0.98 %),46510,936000000,0,0,20200,20600,20000
2017-08-03,10.46,20100,-0.5(-2.43 %),9000,183000000,0,0,20600,20600,20100
2017-08-04,10.56,20300,0.2(1.00 %),14370,290000000,0,0,20300,20300,20100
2017-08-07,10.59,20350,0.05(0.25 %),17510,358000000,0,0,20450,20450,20300
2017-08-08,10.59,20350,0(0.00 %),15370,311000000,0,0,20200,20350,20200
2017-08-09,10.59,20350,0(0.00 %),6100,122000000,0,0,20000,20350,20000
2017-08-10,10.46,20100,-0.25(-1.23 %),4170,83000000,0,0,20100,20100,20000
2017-08-11,10.72,20600,0.5(2.49 %),12350,248000000,0,0,20200,21500,20000
2017-08-14,10.72,20600,0(0.00 %),0,0,0,0,20600,20600,20600
2017-08-15,10.67,20500,-0.1(-0.49 %),5990,120000000,0,0,20400,20500,20000
2017-08-16,10.51,20200,-0.3(-1.46 %),8020,160000000,0,0,20000,20200,20000
2017-08-17,10.46,20100,-0.1(-0.50 %),1090,22000000,0,0,19900,20100,19900
2017-08-18,10.3,19800,-0.3(-1.49 %),84400,1672000000,0,0,19800,19900,19800
2017-08-21,10.3,19800,0(0.00 %),6180,123000000,0,0,20000,20000,19800
2017-08-22,10.2,19600,-0.2(-1.01 %),20520,403000000,0,0,19800,19800,19600
2017-08-23,10.77,20700,1.1(5.61 %),28300,555000000,0,0,19600,20700,19300
2017-08-24,10.3,19800,-0.9(-4.35 %),1120,22000000,0,0,19800,20200,19800
2017-08-25,10.41,20000,0.2(1.01 %),17820,356000000,0,0,20200,20200,19900
2017-08-28,10.3,19800,-0.2(-1.00 %),590,12000000,0,0,20500,20500,19800
2017-08-29,10.09,19400,-0.4(-2.02 %),9740,189000000,0,0,19700,19900,19200
2017-08-30,10.51,20200,0.8(4.12 %),12270,244000000,0,0,19900,20700,19300
2017-08-31,10.35,19900,-0.3(-1.49 %),1880,37000000,0,0,19900,19900,19300
2017-09-01,10.67,20500,0.6(3.02 %),62070,1259000000,0,0,19500,20500,19500
2017-09-05,10.69,20550,0.05(0.24 %),33790,689000000,0,0,20500,20600,19800
2017-09-06,10.69,20550,0(0.00 %),27130,556000000,0,0,20550,20550,20400
2017-09-07,10.67,20500,-0.05(-0.24 %),8820,181000000,0,0,20550,20550,20500
2017-09-08,10.67,20500,0(0.00 %),63510,1303000000,0,0,20500,20700,20000
2017-09-11,10.67,20500,0(0.00 %),6760,136000000,0,0,20000,20500,20000
2017-09-12,10.56,20300,-0.2(-0.98 %),11680,235000000,0,0,20200,20300,20100
2017-09-13,10.61,20400,0.1(0.49 %),9640,195000000,0,0,20400,20400,20100
2017-09-14,10.67,20500,0.1(0.49 %),540,11000000,0,0,20000,20500,20000
2017-09-15,10.67,20500,0(0.00 %),0,0,0,0,20500,20500,20500
2017-09-18,10.46,20100,-0.4(-1.95 %),12800,258000000,0,0,20100,20200,20100
2017-09-19,10.41,20000,-0.1(-0.50 %),5110,102000000,0,0,20000,20000,19800
2017-09-20,10.41,20000,0(0.00 %),11910,238000000,0,0,19600,20000,19600
2017-09-21,10.41,20000,0(0.00 %),5000,100000000,0,0,20000,20000,20000
2017-09-22,10.67,20500,0.5(2.50 %),20090,407000000,0,0,19600,20500,19600
2017-09-25,10.59,20350,-0.15(-0.73 %),10010,198000000,0,0,19900,20350,19800
2017-09-26,10.69,20550,0.2(0.98 %),42500,869000000,0,0,19600,20550,19500
2017-09-27,10.69,20550,0(0.00 %),46280,940000000,0,0,20550,20550,20000
2017-09-28,10.77,20700,0.15(0.73 %),65170,1334000000,0,0,20000,20700,20000
2017-09-29,10.74,20650,-0.05(-0.24 %),12270,252000000,0,0,20700,20700,20500
2017-10-02,10.61,20400,-0.25(-1.21 %),4540,93000000,0,0,20600,20600,20400
2017-10-03,10.61,20400,0(0.00 %),4360,88000000,0,0,20350,20400,20100
2017-10-04,10.67,20500,0.1(0.49 %),5700,117000000,0,0,20400,20500,20400
2017-10-05,10.67,20500,0(0.00 %),0,0,0,0,20500,20500,20500
2017-10-06,10.67,20500,0(0.00 %),12050,243000000,0,0,20600,20600,20100
2017-10-09,10.67,20500,0(0.00 %),38330,775000000,0,0,20100,20500,19700
2017-10-10,10.67,20500,0(0.00 %),51980,1058000000,0,0,20200,20500,20000
2017-10-11,10.64,20450,-0.05(-0.24 %),12610,258000000,0,0,20400,20500,20400
2017-10-12,10.61,20400,-0.05(-0.24 %),19780,403000000,0,0,20400,20450,20300
2017-10-13,10.64,20450,0.05(0.25 %),17730,362000000,0,0,20400,20450,20300
2017-10-16,10.59,20350,-0.1(-0.49 %),34400,699000000,0,0,20400,20450,20300
2017-10-17,10.59,20350,0(0.00 %),45200,916000000,0,0,20350,20350,20000
2017-10-18,10.56,20300,-0.05(-0.25 %),17410,351000000,0,0,20350,20350,19800
2017-10-19,10.56,20300,0(0.00 %),2670,53000000,0,0,20000,20300,20000
2017-10-20,10.51,20200,-0.1(-0.49 %),5010,100000000,0,0,20050,20200,20000
2017-10-23,10.51,20200,0(0.00 %),37220,742000000,0,0,20200,20200,19850
2017-10-24,10.41,20000,-0.2(-0.99 %),30690,611000000,0,0,19950,20000,19850
2017-10-25,10.41,20000,0(0.00 %),23210,464000000,0,0,19950,20000,19900
2017-10-26,10.41,20000,0(0.00 %),31320,622000000,0,0,19900,20000,19500
2017-10-27,9.94,19100,-0.9(-4.50 %),35070,681000000,0,0,19900,19900,19100
2017-10-30,10.15,19500,0.4(2.09 %),20,0,0,0,19500,19500,19500
2017-10-31,10.15,19500,0(0.00 %),510,9000000,0,0,18600,19500,18500
2017-11-01,9.63,18500,-1(-5.13 %),3990,74000000,0,0,18500,18500,18500
2017-11-02,9.63,18500,0(0.00 %),1310,24000000,0,0,18600,18600,18400
2017-11-03,9.39,18050,-0.45(-2.43 %),15460,282000000,0,0,18400,18400,18000
2017-11-06,9.65,18550,0.5(2.77 %),59420,1082000000,0,0,18250,18600,17150
2017-11-07,9.65,18550,0(0.00 %),0,0,0,0,18550,18550,18550
2017-11-08,9.89,19000,0.45(2.43 %),83030,1532000000,0,0,18550,19000,18350
2017-11-09,9.63,18500,-0.5(-2.63 %),33500,619000000,0,0,19000,19000,18400
2017-11-10,9.6,18450,-0.05(-0.27 %),25630,472000000,0,0,18850,18850,18350
2017-11-13,9.6,18450,0(0.00 %),35190,641000000,0,0,18200,18450,17800
2017-11-14,9.57,18400,-0.05(-0.27 %),54730,1006000000,0,0,18400,18550,18300
2017-11-15,9.57,18400,0(0.00 %),41660,764000000,0,0,18400,18400,18200
2017-11-16,9.57,18400,0(0.00 %),46140,850000000,0,0,18400,18550,18300
2017-11-17,9.55,18350,-0.05(-0.27 %),39280,722000000,0,0,18400,18400,18300
2017-11-20,9.55,18350,0(0.00 %),31870,586000000,0,0,18400,18500,18300
2017-11-21,9.52,18300,-0.05(-0.27 %),35030,641000000,0,0,18350,18350,18200
2017-11-22,9.63,18500,0.2(1.09 %),1520,28000000,0,0,18300,18500,18300
2017-11-23,9.6,18450,-0.05(-0.27 %),92300,1701000000,0,0,18500,18500,18100
2017-11-24,9.36,18000,-0.45(-2.44 %),19790,360000000,0,0,18500,18500,18000
2017-11-27,9.81,18850,0.85(4.72 %),890,16000000,0,0,19000,19000,18100
2017-11-28,9.31,17900,-0.95(-5.04 %),19710,357000000,0,0,18900,18900,17900
2017-11-29,9.42,18100,0.2(1.12 %),8320,152000000,0,0,17900,18600,17900
2017-11-30,9.63,18500,0.4(2.21 %),60420,1101000000,0,0,19000,19000,18000
2017-12-01,9.68,18600,0.1(0.54 %),11600,215000000,0,0,18500,18900,18450
2017-12-04,9.7,18650,0.05(0.27 %),15700,292000000,0,0,18600,18850,18600
2017-12-05,9.44,18150,-0.5(-2.68 %),42480,805000000,0,0,18700,19100,18150
2017-12-06,10.02,19250,1.1(6.06 %),53610,1022000000,0,0,18350,19300,18300
2017-12-07,10.09,19400,0.15(0.78 %),1530,30000000,0,0,19450,19450,19200
2017-12-08,9.99,19200,-0.2(-1.03 %),7170,137000000,0,0,19250,19250,19000
2017-12-11,10.02,19250,0.05(0.26 %),36910,700000000,0,0,19000,19250,18850
2017-12-12,9.73,18700,-0.55(-2.86 %),57000,1080000000,0,0,18800,19250,18600
2017-12-13,9.99,19200,0.5(2.67 %),2500,47000000,0,0,18850,19200,18850
2017-12-14,10.09,19400,0.2(1.04 %),14320,276000000,0,0,18950,19400,18950
2017-12-15,10.41,20000,0.6(3.09 %),19750,386760000,0,0,19450,20000,19450
2017-12-18,10.67,20500,0.5(2.50 %),47240,947000000,0,0,19900,20500,19800
2017-12-19,10.77,20700,0.2(0.98 %),20340,419000000,0,0,20500,21000,20500
2017-12-20,11.16,21450,0.75(3.62 %),33150,697000000,0,0,20500,21500,20500
2017-12-21,11.45,22000,0.55(2.56 %),76430,1658000000,0,0,21500,22000,21450
2017-12-22,11.45,22000,0(0.00 %),13900,311000000,0,0,22200,22500,22000
2017-12-25,11.39,21900,-0.1(-0.45 %),14510,315000000,0,0,22000,22000,20500
2017-12-26,11.42,21950,0.05(0.23 %),150000,3289000000,0,0,21800,22000,21700
2017-12-27,11.45,22000,0.05(0.23 %),115380,2537000000,0,0,21950,22000,21950
2017-12-28,11.45,22000,0(0.00 %),150900,3313000000,0,0,21800,22000,21800
2017-12-29,11.81,22700,0.7(3.18 %),182140,4111000000,0,0,20600,23500,20500
2018-01-02,11.06,21250,-1.45(-6.39 %),10,210000,0,0,21250,21250,21250
2018-01-03,10.93,21000,-0.25(-1.18 %),9280,190000000,0,0,20200,21000,20200
2018-01-04,10.98,21100,0.1(0.48 %),14650,309000000,0,0,21000,21100,21000
2018-01-05,11.19,21500,0.4(1.90 %),590,13000000,0,0,21500,21500,21500
2018-01-08,11.19,21500,0(0.00 %),30,1000000,0,0,20500,21500,20500
2018-01-09,10.87,20900,-0.6(-2.79 %),5150,110000000,0,0,21500,21500,20900
2018-01-10,10.43,20050,-0.85(-4.07 %),35580,720000000,0,0,20600,20600,19600
2018-01-11,10.09,19400,-0.65(-3.24 %),87930,1740000000,0,0,20050,20050,19400
2018-01-12,10.46,20100,0.7(3.61 %),58460,1162470000,0,0,19550,20100,19500
2018-01-15,9.73,18700,-1.4(-6.97 %),57560,1087890000,0,0,20000,20000,18700
2018-01-16,10.41,20000,1.3(6.95 %),22000,431000000,0,0,18700,20000,18700
2018-01-17,10.41,20000,0(0.00 %),3250,65000000,0,0,20950,20950,20000
2018-01-18,10.56,20300,0.3(1.50 %),25340,504000000,0,0,20000,20300,19500
2018-01-19,10.41,20000,-0.3(-1.48 %),5320,106000000,0,0,20000,20000,19300
2018-01-22,10.93,21000,1(5.00 %),33510,707000000,0,0,21000,21400,20200
2018-01-25,10.64,20450,-0.55(-2.62 %),20990,425000000,0,0,21000,21000,20000
2018-01-26,10.51,20200,-0.25(-1.22 %),58280,1137000000,0,0,20950,20950,19100
2018-01-29,10.51,20200,0(0.00 %),39170,780000000,0,0,20200,20300,19000
2018-01-30,10.51,20200,0(0.00 %),2100,42000000,0,0,20200,20200,20200
2018-01-31,10.3,19800,-0.4(-1.98 %),100,2000000,0,0,19800,19800,19800
2018-02-01,10.2,19600,-0.2(-1.01 %),7570,148000000,0,0,20000,20000,19300
2018-02-02,10.04,19300,-0.3(-1.53 %),3020,59000000,0,0,19500,19500,19300
2018-02-05,10.02,19250,-0.05(-0.26 %),6670,128500000,0,0,19300,19400,19250
2018-02-06,9.42,18100,-1.15(-5.97 %),4410,80000000,0,0,19250,19250,18000
2018-02-07,9.89,19000,0.9(4.97 %),7660,142730000,0,0,18700,19000,18200
2018-02-08,9.89,19000,0(0.00 %),750,14000000,0,0,19000,19000,19000
2018-02-09,10.55,19000,1.2(6.74 %),118220,2234000000,0,0,17800,19000,17800
2018-02-12,10.55,19000,0(0.00 %),3620,69000000,0,0,18950,19000,18950
2018-02-13,10.77,19400,0.4(2.11 %),8660,167000000,0,0,19400,19450,19300
2018-02-21,11.11,20000,0.6(3.09 %),66470,1326000000,0,0,20000,20000,19700
2018-02-22,11.05,19900,-0.1(-0.50 %),2000,40000000,0,0,20000,20000,19900
2018-02-23,11.05,19900,0(0.00 %),4360,87000000,0,0,20050,20100,18650
2018-02-26,11.05,19900,0(0.00 %),109650,2163000000,0,0,19000,19900,18800
2018-02-27,11.05,19900,0(0.00 %),32260,639000000,0,0,19900,19900,19700
2018-02-28,11.05,19900,0(0.00 %),9180,182000000,0,0,19800,19900,19800
2018-03-01,11.05,19900,0(0.00 %),26670,531000000,0,0,19800,19900,19800
2018-03-02,11.05,19900,0(0.00 %),14540,289000000,0,0,20000,20000,19800
2018-03-05,11.02,19850,-0.05(-0.25 %),71080,1416000000,0,0,19800,20000,19800
2018-03-06,11.05,19900,0.05(0.25 %),3740,74000000,0,0,19900,19900,19800
2018-03-07,11.05,19900,0(0.00 %),26740,532000000,0,0,19900,19900,19850
2018-03-08,11.05,19900,0(0.00 %),1800,36000000,0,0,19850,19900,19850
2018-03-09,11.0,19800,-0.1(-0.50 %),84900,1683000000,0,0,19900,19900,19700
2018-03-12,10.97,19750,-0.05(-0.25 %),162480,3203000000,0,0,19800,19800,19400
2018-03-13,11.0,19800,0.05(0.25 %),269650,5299000000,0,0,19800,19800,19600
2018-03-14,11.11,20000,0.2(1.01 %),14660,289000000,0,0,19900,20000,19650
2018-03-15,11.11,20000,0(0.00 %),30550,609000000,50700,1074840000,19950,20000,19900
2018-03-16,11.11,20000,0(0.00 %),39140,782000000,0,0,20000,20000,19950
2018-03-19,10.97,19750,-0.25(-1.25 %),83120,1655000000,0,0,19750,20000,19750
2018-03-20,10.22,18400,-1.35(-6.84 %),75010,1435000000,0,0,19750,20000,18400
2018-03-21,10.91,19650,1.25(6.79 %),110,2000000,0,0,19000,19650,19000
2018-03-22,10.16,18300,-1.35(-6.87 %),15620,286000000,0,0,20200,20200,18300
2018-03-23,10.3,18550,0.25(1.37 %),3010,56000000,0,0,18550,19000,18550
2018-03-26,10.83,19500,0.95(5.12 %),1610,30000000,0,0,18550,19500,18550
2018-03-27,10.94,19700,0.2(1.03 %),1620,32000000,0,0,19500,19700,19500
2018-03-28,10.83,19500,-0.2(-1.02 %),8080,159000000,0,0,19700,19700,19500
2018-03-29,10.72,19300,-0.2(-1.03 %),2510,48000000,0,0,19000,19300,19000
2018-03-30,10.39,18700,-0.6(-3.11 %),4060,75000000,0,0,18550,18700,18550
2018-04-02,10.55,19000,0.3(1.60 %),610,11000000,0,0,18700,19000,18700
2018-04-03,10.72,19300,0.3(1.58 %),6640,124000000,0,0,19500,19500,18600
2018-04-04,10.33,18600,-0.7(-3.63 %),2000,38000000,0,0,19200,19250,18600
2018-04-05,10.36,18650,0.05(0.27 %),2580,48000000,0,0,18600,18650,18600
2018-04-06,10.52,18950,0.3(1.61 %),40,1000000,0,0,18900,18950,18900
2018-04-09,10.52,18950,0(0.00 %),0,0,0,0,18950,18950,18950
2018-04-10,10.39,18700,-0.25(-1.32 %),40,1000000,0,0,19850,19850,18700
2018-04-11,10.27,18500,-0.2(-1.07 %),14660,273000000,0,0,18700,18700,18500
2018-04-12,10.27,18500,0(0.00 %),1000,19000000,0,0,18500,18500,18500
2018-04-13,10.55,19000,0.5(2.70 %),59040,1107000000,0,0,18500,19200,18500
2018-04-16,10.55,19000,0(0.00 %),30,1000000,0,0,19000,19000,19000
2018-04-17,10.55,19000,0(0.00 %),0,0,0,0,19000,19000,19000
2018-04-18,10.39,18700,-0.3(-1.58 %),2880,54000000,0,0,19000,19000,18550
2018-04-19,10.33,18600,-0.1(-0.53 %),3230,60000000,0,0,18600,18600,18550
2018-04-20,10.33,18600,0(0.00 %),0,0,0,0,18600,18600,18600
2018-04-23,10.33,18600,0(0.00 %),5000,93000000,0,0,18600,18600,18600
2018-04-24,10.36,18650,0.05(0.27 %),22110,411000000,0,0,18600,18650,18500
2018-04-26,10.27,18500,-0.15(-0.80 %),1050,20000000,0,0,18900,18900,18500
2018-04-27,10.27,18500,0(0.00 %),3280,61000000,0,0,18500,18500,18500
2018-05-02,10.27,18500,0(0.00 %),0,0,0,0,18500,18500,18500
2018-05-03,10.27,18500,0(0.00 %),4600,85000000,0,0,18500,18500,18500
2018-05-04,10.27,18500,0(0.00 %),3620,67000000,0,0,18600,18600,18500
2018-05-07,10.3,18550,0.05(0.27 %),27470,510000000,0,0,18500,18550,18500
2018-05-08,10.3,18550,0(0.00 %),0,0,0,0,18550,18550,18550
2018-05-09,10.44,18800,0.25(1.35 %),7020,132000000,0,0,18800,19000,18800
2018-05-10,10.55,19000,0.2(1.06 %),6240,119000000,0,0,19000,19000,19000
2018-05-11,10.75,19350,0.35(1.84 %),3950,75000000,0,0,19000,19350,19000
2018-05-14,10.5,18900,-0.45(-2.33 %),860,16000000,0,0,19400,19400,18900
2018-05-15,10.16,18300,-0.6(-3.17 %),11000,201000000,0,0,18300,18300,18300
2018-05-16,10.0,18000,-0.3(-1.64 %),21890,400000000,0,0,18400,18400,18000
2018-05-17,10.0,18000,0(0.00 %),1980,36000000,0,0,17900,18000,17900
2018-05-18,9.83,17700,-0.3(-1.67 %),8000,142000000,0,0,17700,17700,17700
2018-05-21,9.94,17900,0.2(1.13 %),29910,538000000,0,0,17800,18000,17800
2018-05-22,9.55,17200,-0.7(-3.91 %),6700,117000000,0,0,17900,18000,17200
2018-05-23,9.66,17400,0.2(1.16 %),1100,20000000,0,0,17900,17900,17400
2018-05-24,9.72,17500,0.1(0.57 %),340,6000000,0,0,18600,18600,17500
2018-05-25,9.77,17600,0.1(0.57 %),3210,56000000,0,0,17600,17600,17600
2018-05-28,9.72,17500,-0.1(-0.57 %),8000,140000000,0,0,17600,17600,17500
2018-05-29,9.72,17500,0(0.00 %),8640,152000000,0,0,17900,17900,17500
2018-05-30,9.72,17500,0(0.00 %),12200,213000000,0,0,17200,17500,17200
2018-05-31,9.44,17000,-0.5(-2.86 %),20,0,0,0,17000,17000,17000
2018-06-01,9.94,17900,0.9(5.29 %),10,0,0,0,17900,17900,17900
2018-06-04,10.55,19000,1.1(6.15 %),8240,147000000,0,0,17900,19000,17500
2018-06-05,10.55,19000,0(0.00 %),2070,39000000,0,0,19000,19000,18500
2018-06-06,10.0,18000,-1(-5.26 %),10,0,0,0,18000,18000,18000
2018-06-07,10.05,18100,0.1(0.56 %),2030,39000000,0,0,19100,19100,18100
2018-06-08,10.05,18100,0(0.00 %),760,14000000,0,0,18100,18100,18100
2018-06-11,9.77,17600,-0.5(-2.76 %),110,2000000,0,0,18800,18800,17600
2018-06-12,9.94,17900,0.3(1.70 %),100,2000000,0,0,17900,17900,17900
2018-06-13,9.89,17800,-0.1(-0.56 %),20,0,0,0,17800,17800,17800
2018-06-14,10.0,18000,0.2(1.12 %),110,2000000,0,0,18000,18000,18000
2018-06-15,9.72,17500,-0.5(-2.78 %),20,0,0,0,17500,17500,17500
2018-06-18,10.33,18600,1.1(6.29 %),20,0,0,0,18600,18600,18600
2018-06-19,9.61,17300,-1.3(-6.99 %),19110,338000000,0,0,17700,17700,17300
2018-06-20,9.61,17300,0(0.00 %),240,4000000,0,0,17300,17300,17300
2018-06-21,9.61,17300,0(0.00 %),0,0,0,0,17300,17300,17300
2018-06-22,10.0,18000,0.7(4.05 %),11790,212000000,0,0,18000,18000,18000
2018-06-25,10.52,18950,0.95(5.28 %),10,0,0,0,18950,18950,18950
2018-06-26,10.0,18000,-0.95(-5.01 %),1020,18000000,0,0,18950,18950,18000
2018-06-27,10.0,18000,0(0.00 %),0,0,0,0,18000,18000,18000
2018-06-28,10.0,18000,0(0.00 %),0,0,0,0,18000,18000,18000
2018-06-29,10.0,18000,0(0.00 %),0,0,0,0,18000,18000,18000
2018-07-02,9.83,17700,-0.3(-1.67 %),7000,132000000,0,0,19000,19000,17700
2018-07-03,9.66,17400,-0.3(-1.69 %),1500,26000000,0,0,17400,17400,17400
2018-07-04,10.27,18500,1.1(6.32 %),310,5000000,0,0,17400,18500,17400
2018-07-05,9.72,17500,-1(-5.41 %),2010,35000000,0,0,17500,17500,17400
2018-07-06,9.77,17600,0.1(0.57 %),2850,50000000,0,0,17400,17600,17300
2018-07-09,9.77,17600,0(0.00 %),1580,28000000,0,0,17600,17700,17600
2018-07-10,9.77,17600,0(0.00 %),0,0,0,0,17600,17600,17600
2018-07-11,9.61,17300,-0.3(-1.70 %),10200,177000000,0,0,17500,17500,17300
2018-07-12,9.83,17700,0.4(2.31 %),10,0,0,0,17700,17700,17700
2018-07-13,10.25,18450,0.75(4.24 %),10,0,0,0,18450,18450,18450
2018-07-16,10.25,18450,0(0.00 %),10,0,0,0,18450,18450,18450
2018-07-17,10.0,18000,-0.45(-2.44 %),10,0,0,0,18000,18000,18000
2018-07-18,10.14,18250,0.25(1.39 %),8340,152000000,0,0,18200,18250,17400
2018-07-19,10.14,18250,0(0.00 %),0,0,0,0,18250,18250,18250
2018-07-20,10.11,18200,-0.05(-0.27 %),100,2000000,0,0,18250,18250,18200
2018-07-23,9.61,17300,-0.9(-4.95 %),2690,47000000,0,0,17300,17400,17300
2018-07-24,9.61,17300,0(0.00 %),3000,52000000,0,0,17300,17300,17300
2018-07-25,9.61,17300,0(0.00 %),420,7000000,0,0,17300,17300,17300
2018-07-26,9.61,17300,0(0.00 %),0,0,0,0,17300,17300,17300
2018-07-27,9.61,17300,0(0.00 %),410,7000000,0,0,18000,18000,17300
2018-07-30,10.0,18000,0.7(4.05 %),1000,18000000,0,0,18000,18000,18000
2018-07-31,10.0,18000,0(0.00 %),1100,20000000,0,0,18000,18000,18000
2018-08-01,10.0,18000,0(0.00 %),0,0,0,0,18000,18000,18000
2018-08-02,10.0,18000,0(0.00 %),0,0,0,0,18000,18000,18000
2018-08-03,10.0,18000,0(0.00 %),10,0,0,0,18000,18000,18000
2018-08-06,10.0,18000,0(0.00 %),0,0,0,0,18000,18000,18000
2018-08-07,10.0,18000,0(0.00 %),10,0,0,0,18000,18000,18000
2018-08-08,10.0,18000,0(0.00 %),10,0,0,0,18000,18000,18000
2018-08-09,10.0,18000,0(0.00 %),0,0,0,0,18000,18000,18000
2018-08-10,9.97,17950,-0.05(-0.28 %),370,6000000,0,0,18000,18000,17100
2018-08-13,9.97,17950,0(0.00 %),0,0,0,0,17950,17950,17950
2018-08-14,9.72,17500,-0.45(-2.51 %),100,2000000,0,0,17500,17500,17500
2018-08-15,10.27,18500,1(5.71 %),8200,142000000,0,0,17300,18500,17200
2018-08-16,10.27,18500,0(0.00 %),0,0,0,0,18500,18500,18500
2018-08-17,10.27,18500,0(0.00 %),0,0,0,0,18500,18500,18500
2018-08-20,9.58,17250,-1.25(-6.76 %),2730,47000000,0,0,17300,17300,17250
2018-08-21,10.0,18000,0.75(4.35 %),90,2000000,0,0,17250,18000,17250
2018-08-22,10.0,18000,0(0.00 %),0,0,0,0,18000,18000,18000
2018-08-23,10.5,18900,0.9(5.00 %),12970,233000000,0,0,18000,18900,18000
2018-08-24,10.27,18500,-0.4(-2.12 %),100,2000000,0,0,18500,18500,18500
2018-08-27,9.58,17250,-1.25(-6.76 %),10,0,0,0,17250,17250,17250
2018-08-28,9.58,17250,0(0.00 %),0,0,0,0,17250,17250,17250
2018-08-29,9.58,17250,0(0.00 %),0,0,0,0,17250,17250,17250
2018-08-30,9.72,17500,0.25(1.45 %),90,2000000,0,0,17500,17500,17500
2018-08-31,9.72,17500,0(0.00 %),10,0,0,0,17500,17500,17500
2018-09-04,10.0,18000,0.5(2.86 %),1300,23000000,0,0,18000,18000,18000
2018-09-05,10.0,18000,0(0.00 %),17840,321000000,0,0,18000,18000,18000
2018-09-06,10.0,18000,0(0.00 %),1210,22000000,0,0,18000,18000,18000
2018-09-07,10.05,18100,0.1(0.56 %),400,7000000,0,0,18100,18100,18100
2018-09-10,10.05,18100,0(0.00 %),2000,36000000,0,0,18100,18100,18100
2018-09-11,9.58,17250,-0.85(-4.70 %),2110,36000000,0,0,17200,17250,17150
2018-09-12,9.58,17250,0(0.00 %),0,0,0,0,17250,17250,17250
2018-09-13,9.5,17100,-0.15(-0.87 %),11930,204000000,0,0,17250,17300,17100
2018-09-14,9.94,17900,0.8(4.68 %),11180,191000000,0,0,17150,17900,17100
2018-09-17,9.94,17900,0(0.00 %),0,0,0,0,17900,17900,17900
2018-09-18,9.94,17900,0(0.00 %),0,0,0,0,17900,17900,17900
2018-09-19,9.94,17900,0(0.00 %),2920,52000000,0,0,17900,17900,17900
2018-09-20,10.0,18000,0.1(0.56 %),1770,32000000,0,0,17950,18000,17950
2018-09-21,10.0,18000,0(0.00 %),600,11000000,0,0,18000,18000,18000
2018-09-24,10.0,18000,0(0.00 %),100,2000000,0,0,18000,18000,18000
2018-09-25,10.0,18000,0(0.00 %),0,0,0,0,18000,18000,18000
2018-09-26,10.0,18000,0(0.00 %),2120,36000000,0,0,17300,18500,16750
2018-09-27,10.0,18000,0(0.00 %),1100,20000000,0,0,18000,18000,18000
2018-09-28,10.0,18000,0(0.00 %),0,0,0,0,18000,18000,18000
2018-10-01,9.94,17900,-0.1(-0.56 %),32820,588000000,0,0,17700,18000,17700
2018-10-02,9.94,17900,0(0.00 %),0,0,0,0,17900,17900,17900
2018-10-03,9.94,17900,0(0.00 %),990,18000000,0,0,17900,17900,17900
2018-10-04,10.0,18000,0.1(0.56 %),2240,40000000,0,0,17900,18000,17900
2018-10-05,10.0,18000,0(0.00 %),0,0,0,0,18000,18000,18000
2018-10-08,10.16,18300,0.3(1.67 %),1500,26000000,0,0,17000,18300,17000
2018-10-09,10.16,18300,0(0.00 %),0,0,0,0,18300,18300,18300
2018-10-10,10.16,18300,0(0.00 %),0,0,0,0,18300,18300,18300
2018-10-11,10.16,18300,0(0.00 %),2010,34000000,0,0,18300,18300,17050
2018-10-12,10.11,18200,-0.1(-0.55 %),2010,34000000,0,0,17100,18200,17100
2018-10-15,10.11,18200,0(0.00 %),0,0,0,0,18200,18200,18200
2018-10-16,9.47,17050,-1.15(-6.32 %),1010,17000000,0,0,17000,17050,17000
2018-10-17,10.05,18100,1.05(6.16 %),10,0,0,0,17050,18100,17050
2018-10-18,10.05,18100,0(0.00 %),10,0,0,0,18100,18100,18100
2018-10-19,10.05,18100,0(0.00 %),0,0,0,0,18100,18100,18100
2018-10-22,10.11,18200,0.1(0.55 %),10,0,0,0,18200,18200,18200
2018-10-23,10.11,18200,0(0.00 %),0,0,0,0,18200,18200,18200
2018-10-24,9.72,17500,-0.7(-3.85 %),10,0,0,0,17500,17500,17500
2018-10-25,9.5,17100,-0.4(-2.29 %),3300,58000000,0,0,17500,17500,17100
2018-10-26,9.94,17900,0.8(4.68 %),10,0,0,0,17900,17900,17900
2018-10-29,9.44,17000,-0.9(-5.03 %),90,2000000,0,0,17000,17000,17000
2018-10-30,9.66,17400,0.4(2.35 %),6290,107000000,0,0,17000,17400,17000
2018-10-31,9.5,17100,-0.3(-1.72 %),20,0,0,0,18300,18300,17100
2018-11-01,9.5,17100,0(0.00 %),0,0,0,0,17100,17100,17100
2018-11-02,9.0,16200,-0.9(-5.26 %),770,13000000,0,0,17100,17100,16200
2018-11-05,9.52,17150,0.95(5.86 %),129240,2068000000,0,0,16200,17150,15800
2018-11-06,9.55,17200,0.05(0.29 %),110,2000000,0,0,16050,17200,16000
2018-11-07,9.55,17200,0(0.00 %),0,0,0,0,17200,17200,17200
2018-11-08,9.61,17300,0.1(0.58 %),110,2000000,0,0,16150,17300,16100
2018-11-09,9.61,17300,0(0.00 %),80,1000000,0,0,16200,17300,16200
2018-11-12,10.0,18000,0.7(4.05 %),10,0,0,0,18000,18000,18000
2018-11-13,9.72,17500,-0.5(-2.78 %),2760,48000000,0,0,17500,17500,17500
2018-11-14,9.72,17500,0(0.00 %),0,0,0,0,17500,17500,17500
2018-11-15,9.77,17600,0.1(0.57 %),2000,35000000,0,0,17600,17600,17600
2018-11-16,9.16,16500,-1.1(-6.25 %),10,0,0,0,16500,16500,16500
2018-11-19,9.16,16500,0(0.00 %),0,0,0,0,16500,16500,16500
2018-11-20,9.77,17600,1.1(6.67 %),10,0,0,0,17600,17600,17600
2018-11-21,9.77,17600,0(0.00 %),0,0,0,0,17600,17600,17600
2018-11-22,10.22,18400,0.8(4.55 %),1110,20000000,0,0,17600,18400,17600
2018-11-23,10.22,18400,0(0.00 %),0,0,0,0,18400,18400,18400
2018-11-26,9.72,17500,-0.9(-4.89 %),300,5000000,0,0,17500,17500,17500
2018-11-27,9.25,16650,-0.85(-4.86 %),20,0,0,0,16650,16650,16650
2018-11-28,9.44,17000,0.35(2.10 %),7000,119000000,0,0,17000,17000,17000
2018-11-29,9.44,17000,0(0.00 %),0,0,0,0,17000,17000,17000
2018-11-30,9.44,17000,0(0.00 %),0,0,0,0,17000,17000,17000
2018-12-03,9.89,17800,0.8(4.71 %),10,0,0,0,17800,17800,17800
2018-12-04,9.89,17800,0(0.00 %),10,0,0,0,17800,17800,17800
2018-12-05,9.97,17950,0.15(0.84 %),10,0,0,0,17950,17950,17950
2018-12-06,9.97,17950,0(0.00 %),20,0,0,0,17950,17950,17950
2018-12-07,9.5,17100,-0.85(-4.74 %),10,0,0,0,17100,17100,17100
2018-12-10,9.5,17100,0(0.00 %),0,0,0,0,17100,17100,17100
2018-12-11,9.44,17000,-0.1(-0.58 %),2060,35000000,0,0,17050,17050,17000
2018-12-12,9.44,17000,0(0.00 %),20000,340000000,0,0,17000,17000,17000
2018-12-13,9.97,17950,0.95(5.59 %),20,0,0,0,17950,17950,17950
2018-12-14,9.97,17950,0(0.00 %),0,0,0,0,17950,17950,17950
2018-12-17,10.05,18100,0.15(0.84 %),10,0,0,0,18100,18100,18100
2018-12-18,10.05,18100,0(0.00 %),0,0,0,0,18100,18100,18100
2018-12-19,10.05,18100,0(0.00 %),0,0,4260250,77110525000,18100,18100,18100
2018-12-20,10.27,18500,0.4(2.21 %),10150,185000000,0,0,18100,18500,18100
2018-12-21,10.44,18800,0.3(1.62 %),6660,124000000,0,0,18800,18800,18500
2018-12-24,10.44,18800,0(0.00 %),340,6000000,0,0,18800,18800,18800
2018-12-25,11.0,19800,1(5.32 %),660,12000000,0,0,18900,20000,17500
2018-12-26,11.0,19800,0(0.00 %),0,0,0,0,19800,19800,19800
2018-12-27,10.55,19000,-0.8(-4.04 %),50,1000000,0,0,19800,19800,19000
2018-12-28,10.05,18100,-0.9(-4.74 %),50,1000000,0,0,18100,18100,18100
2019-01-02,9.44,17000,-1.1(-6.08 %),410,7000000,0,0,17000,17400,17000
2019-01-03,9.44,17000,0(0.00 %),130,2000000,0,0,16700,17000,16700
2019-01-04,8.83,15900,-1.1(-6.47 %),4220,67000000,0,0,18100,18100,15850
2019-01-07,9.33,16800,0.9(5.66 %),420,7000000,0,0,15100,16800,15100
2019-01-08,9.33,16800,0(0.00 %),7680,129000000,0,0,16800,16800,16800
2019-01-09,9.27,16700,-0.1(-0.60 %),21000,351000000,0,0,16700,16700,16650
2019-01-10,9.27,16700,0(0.00 %),10,0,0,0,16700,16700,16700
2019-01-11,9.27,16700,0(0.00 %),5000,84000000,0,0,16700,16700,16700
2019-01-14,9.22,16600,-0.1(-0.60 %),10000,166000000,0,0,16600,16600,16600
2019-01-15,9.16,16500,-0.1(-0.60 %),2340,39000000,0,0,16600,16600,16500
2019-01-16,9.16,16500,0(0.00 %),72060,1224000000,0,0,16500,17000,16500
2019-01-17,9.05,16300,-0.2(-1.21 %),7000,115000000,0,0,16500,16500,16300
2019-01-18,9.66,17400,1.1(6.75 %),10,0,0,0,17400,17400,17400
2019-01-21,9.16,16500,-0.9(-5.17 %),10050,171000000,0,0,16300,17000,16250
2019-01-22,9.16,16500,0(0.00 %),0,0,0,0,16500,16500,16500
2019-01-23,9.8,17650,1.15(6.97 %),10,0,0,0,17650,17650,17650
2019-01-24,9.44,17000,-0.65(-3.68 %),20,0,0,0,17000,17000,17000
2019-01-25,9.66,17400,0.4(2.35 %),6810,112000000,0,0,17400,17400,16300
2019-01-28,9.33,16800,-0.6(-3.45 %),10000,169000000,0,0,16900,17000,16800
2019-01-29,9.33,16800,0(0.00 %),0,0,0,0,16800,16800,16800
2019-01-30,9.44,17000,0.2(1.19 %),5000,84000000,0,0,16800,17000,16800
2019-01-31,8.91,16050,-0.95(-5.59 %),230,4000000,0,0,16050,16050,16050
2019-02-01,8.91,16050,0(0.00 %),0,0,0,0,16050,16050,16050
2019-02-11,9.05,16300,0.25(1.56 %),5000,81000000,0,0,16050,16300,16050
2019-02-12,9.16,16500,0.2(1.23 %),10650,180000000,0,0,16500,17400,16500
2019-02-13,9.41,16950,0.45(2.73 %),22350,380000000,0,0,17650,17650,16600
2019-02-14,9.66,17400,0.45(2.65 %),18410,315000000,0,0,17100,17400,16900
2019-02-15,10.0,18000,0.6(3.45 %),25380,449000000,0,0,17450,18000,17000
2019-02-18,9.97,16750,-1.25(-6.94 %),2230,37000000,0,0,16800,16800,16750
2019-02-19,9.97,16750,0(0.00 %),3700,62000000,0,0,16750,16750,16750
2019-02-20,9.97,16750,0(0.00 %),6020,100000000,0,0,16700,16750,15650
2019-02-21,9.88,16600,-0.15(-0.90 %),3970,66000000,0,0,16600,16600,16600
2019-02-22,9.94,16700,0.1(0.60 %),180,3000000,0,0,16700,16700,16650
2019-02-25,9.91,16650,-0.05(-0.30 %),1430,24000000,0,0,16650,16650,16600
2019-02-26,9.82,16500,-0.15(-0.90 %),1840,30000000,0,0,16500,16600,16500
2019-02-27,9.82,16500,0(0.00 %),20,0,0,0,15400,16500,15400
2019-02-28,9.82,16500,0(0.00 %),1570,26000000,0,0,16400,16500,16400
2019-03-01,9.82,16500,0(0.00 %),1110,18000000,0,0,16500,16500,16500
2019-03-04,9.13,15350,-1.15(-6.97 %),600,9000000,0,0,16500,16500,15350
2019-03-05,9.76,16400,1.05(6.84 %),4320,67000000,0,0,15550,16400,15350
2019-03-06,9.52,16000,-0.4(-2.44 %),640,10000000,0,0,16400,16400,16000
2019-03-07,9.4,15800,-0.2(-1.25 %),570,9000000,0,0,15550,15800,15550
2019-03-08,9.28,15600,-0.2(-1.27 %),40,1000000,0,0,14850,15600,14850
2019-03-11,8.84,14850,-0.75(-4.81 %),410,7000000,0,0,14650,16650,14650
2019-03-12,9.43,15850,1(6.73 %),3830,61000000,0,0,15850,15850,15800
2019-03-13,10.06,16900,1.05(6.62 %),14870,251000000,0,0,16950,16950,16900
2019-03-14,10.53,17700,0.8(4.73 %),5430,96000000,0,0,18000,18000,15750
2019-03-15,9.88,16600,-1.1(-6.21 %),3020,51000000,0,0,16950,16950,16600
2019-03-18,9.88,16600,0(0.00 %),20,0,0,0,15600,16600,15600
2019-03-19,9.28,15600,-1(-6.02 %),720,11000000,0,0,17600,17600,15600
2019-03-20,9.37,15750,0.15(0.96 %),52070,859000000,0,0,15500,16550,15500
2019-03-21,9.31,15650,-0.1(-0.63 %),110,2000000,0,0,15650,15650,15650
2019-03-22,9.31,15650,0(0.00 %),30,0,0,0,15650,15650,15650
2019-03-25,9.79,16450,0.8(5.11 %),210,3000000,0,0,16400,16450,16400
2019-03-26,9.79,16450,0(0.00 %),300,5000000,0,0,16450,16450,16450
2019-03-27,9.82,16500,0.05(0.30 %),8580,142000000,0,0,16500,16500,16450
2019-03-28,9.82,16500,0(0.00 %),0,0,0,0,16500,16500,16500
2019-03-29,9.82,16500,0(0.00 %),0,0,0,0,16500,16500,16500
2019-04-01,9.82,16500,0(0.00 %),0,0,0,0,16500,16500,16500
2019-04-02,9.82,16500,0(0.00 %),0,0,0,0,16500,16500,16500
2019-04-03,9.82,16500,0(0.00 %),0,0,0,0,16500,16500,16500
2019-04-04,9.82,16500,0(0.00 %),12520,207000000,0,0,16500,16500,16000
2019-04-05,9.82,16500,0(0.00 %),0,0,0,0,16500,16500,16500
2019-04-08,10.12,17000,0.5(3.03 %),20,0,0,0,15750,17000,15750
2019-04-09,10.12,17000,0(0.00 %),0,0,0,0,17000,17000,17000
2019-04-10,9.52,16000,-1(-5.88 %),2720,44000000,0,0,16000,16000,16000
2019-04-11,9.79,16450,0.45(2.81 %),1020,16000000,0,0,15300,16450,15200
2019-04-12,9.82,16500,0.05(0.30 %),1200,20000000,0,0,16500,16500,16500
2019-04-16,10.0,16800,0.3(1.82 %),110,2000000,0,0,16400,16800,16400
2019-04-17,9.91,16650,-0.15(-0.89 %),10500,177000000,0,0,16900,16900,16650
2019-04-18,9.88,16600,-0.05(-0.30 %),310,5000000,0,0,16800,16800,16600
2019-04-19,9.88,16600,0(0.00 %),550,9000000,0,0,16600,16600,15800
2019-04-22,9.88,16600,0(0.00 %),2270,38000000,0,0,16600,16600,16600
2019-04-23,9.88,16600,0(0.00 %),0,0,0,0,16600,16600,16600
2019-04-24,9.52,16000,-0.6(-3.61 %),20,0,0,0,16000,16000,16000
2019-04-25,9.4,15800,-0.2(-1.25 %),210,3000000,0,0,15800,15800,15800
2019-04-26,9.4,15800,0(0.00 %),7300,121000000,0,0,15650,16900,15650
2019-05-02,9.52,16000,0.2(1.27 %),1000,16000000,0,0,16000,16800,16000
2019-05-03,9.94,16700,0.7(4.38 %),10,0,0,0,16700,16700,16700
2019-05-06,9.7,16300,-0.4(-2.40 %),700,11000000,0,0,15600,16300,15550
2019-05-07,9.7,16300,0(0.00 %),2000,33000000,0,0,16300,16300,16300
2019-05-08,9.7,16300,0(0.00 %),19330,315000000,0,0,16250,16300,16250
2019-05-09,9.7,16300,0(0.00 %),0,0,0,0,16300,16300,16300
2019-05-10,9.7,16300,0(0.00 %),0,0,0,0,16300,16300,16300
2019-05-13,9.7,16300,0(0.00 %),0,0,0,0,16300,16300,16300
2019-05-14,9.7,16300,0(0.00 %),0,0,0,0,16300,16300,16300
2019-05-15,10.06,16900,0.6(3.68 %),1025550,17638000000,0,0,16600,17200,16600
2019-05-16,10.12,17000,0.1(0.59 %),6300,107000000,0,0,17000,17000,17000
2019-05-17,10.06,16900,-0.1(-0.59 %),630,11000000,0,0,16900,16900,16900
2019-05-20,10.24,17200,0.3(1.78 %),1526100,26248000000,0,0,17100,17200,17100
2019-05-21,10.24,17200,0(0.00 %),0,0,0,0,17200,17200,17200
2019-05-22,10.24,17200,0(0.00 %),0,0,0,0,17200,17200,17200
2019-05-23,10.24,17200,0(0.00 %),501920,8733000000,0,0,17400,18000,17000
2019-05-24,10.24,17200,0(0.00 %),0,0,0,0,17200,17200,17200
2019-05-27,10.24,17200,0(0.00 %),1580,27000000,0,0,17200,17200,17200
2019-05-28,9.76,16400,-0.8(-4.65 %),60,1000000,0,0,16300,16400,16300
2019-05-29,9.76,16400,0(0.00 %),0,0,0,0,16400,16400,16400
2019-05-30,9.76,16400,0(0.00 %),20,0,0,0,16400,16400,16400
2019-05-31,9.91,16650,0.25(1.52 %),20,0,0,0,16700,16700,16650
2019-06-03,9.82,16500,-0.15(-0.90 %),2070,34000000,0,0,16650,16650,16500
2019-06-04,9.82,16500,0(0.00 %),0,0,0,0,16500,16500,16500
2019-06-05,9.82,16500,0(0.00 %),0,0,0,0,16500,16500,16500
2019-06-06,9.76,16400,-0.1(-0.61 %),240,4000000,0,0,16400,16400,16400
2019-06-07,9.88,16600,0.2(1.22 %),1170,19000000,0,0,16600,16600,16600
2019-06-10,9.88,16600,0(0.00 %),0,0,0,0,16600,16600,16600
2019-06-11,9.88,16600,0(0.00 %),260,4000000,0,0,16600,16600,16600
2019-06-12,9.88,16600,0(0.00 %),1600,27000000,0,0,16600,16700,16600
2019-06-13,10.47,17600,1(6.02 %),8150,135000000,0,0,16600,17600,16600
2019-06-14,10.47,17600,0(0.00 %),0,0,0,0,17600,17600,17600
2019-06-17,9.82,16500,-1.1(-6.25 %),510,8000000,0,0,16500,16500,16500
2019-06-18,10.26,17250,0.75(4.55 %),80,1000000,0,0,17250,17250,17250
2019-06-19,10.38,17450,0.2(1.16 %),25910,452000000,0,0,17450,17450,17400
2019-06-20,10.0,16800,-0.65(-3.72 %),1840,31000000,0,0,17450,17450,16650
2019-06-21,10.0,16800,0(0.00 %),6210,104000000,0,0,16800,16800,16800
2019-06-24,10.03,16850,0.05(0.30 %),40,1000000,0,0,16900,16900,16850
2019-06-25,10.12,17000,0.15(0.89 %),5000,85000000,0,0,17000,17000,17000
2019-06-26,10.12,17000,0(0.00 %),5310,90000000,0,0,17000,17000,16800
2019-06-27,10.12,17000,0(0.00 %),0,0,0,0,17000,17000,17000
2019-06-28,10.12,17000,0(0.00 %),0,0,0,0,17000,17000,17000
2019-07-01,10.12,17000,0(0.00 %),0,0,0,0,17000,17000,17000
2019-07-02,10.03,16850,-0.15(-0.88 %),5010,90000000,0,0,16850,18000,16850
2019-07-03,10.06,16900,0.05(0.30 %),310850,5555000000,0,0,17850,17900,16900
2019-07-04,10.24,17200,0.3(1.78 %),540,9000000,0,0,17850,17850,16900
2019-07-05,10.24,17200,0(0.00 %),0,0,0,0,17200,17200,17200
2019-07-08,10.24,17200,0(0.00 %),0,0,0,0,17200,17200,17200
2019-07-09,10.47,17600,0.4(2.33 %),2672750,48011000000,0,0,17700,18400,17500
2019-07-10,10.47,17600,0(0.00 %),0,0,0,0,17600,17600,17600
2019-07-11,10.47,17600,0(0.00 %),10,0,0,0,17600,17600,17600
2019-07-12,10.47,17600,0(0.00 %),0,0,0,0,17600,17600,17600
2019-07-15,10.24,17200,-0.4(-2.27 %),10,0,0,0,17200,17200,17200
2019-07-16,10.18,17100,-0.1(-0.58 %),1000,17000000,0,0,17100,17100,17100
2019-07-17,10.18,17100,0(0.00 %),0,0,0,0,17100,17100,17100
2019-07-18,10.18,17100,0(0.00 %),10,0,0,0,17100,17100,17100
2019-07-19,9.55,16050,-1.05(-6.14 %),10,0,0,0,16050,16050,16050
2019-07-22,9.64,16200,0.15(0.93 %),1000,16000000,0,0,16200,16200,16200
2019-07-23,9.73,16350,0.15(0.93 %),30,1000000,0,0,17300,17300,16350
2019-07-24,9.61,16150,-0.2(-1.22 %),20,0,0,0,17450,17450,16150
2019-07-25,9.7,16300,0.15(0.93 %),680,11000000,0,0,16300,16300,16300
2019-07-26,9.7,16300,0(0.00 %),1000,16000000,0,0,16350,16350,16300
2019-07-29,9.7,16300,0(0.00 %),0,0,0,0,16300,16300,16300
2019-07-30,9.82,16500,0.2(1.23 %),7000,115000000,0,0,16350,16500,16300
2019-07-31,9.7,16300,-0.2(-1.21 %),2060,34000000,0,0,16300,16300,16300
2019-08-01,9.7,16300,0(0.00 %),0,0,0,0,16300,16300,16300
2019-08-02,9.7,16300,0(0.00 %),0,0,0,0,16300,16300,16300
2019-08-05,9.7,16300,0(0.00 %),0,0,0,0,16300,16300,16300
2019-08-06,9.58,16100,-0.2(-1.23 %),1710,28000000,0,0,16100,16100,16100
2019-08-07,9.58,16100,0(0.00 %),0,0,0,0,16100,16100,16100
2019-08-08,9.58,16100,0(0.00 %),0,0,0,0,16100,16100,16100
2019-08-09,9.58,16100,0(0.00 %),0,0,0,0,16100,16100,16100
2019-08-12,10.24,17200,1.1(6.83 %),910,15000000,0,0,16100,17200,16100
2019-08-13,10.71,18000,0.8(4.65 %),50,1000000,0,0,18000,18000,18000
2019-08-14,10.35,17400,-0.6(-3.33 %),40,1000000,0,0,17400,17400,17400
2019-08-15,10.35,17400,0(0.00 %),0,0,0,0,17400,17400,17400
2019-08-16,10.35,17400,0(0.00 %),0,0,0,0,17400,17400,17400
2019-08-19,9.64,16200,-1.2(-6.90 %),1360,22000000,0,0,16300,16300,16200
2019-08-20,10.29,17300,1.1(6.79 %),10,0,0,0,17300,17300,17300
2019-08-21,10.29,17300,0(0.00 %),0,0,0,0,17300,17300,17300
2019-08-22,10.18,17100,-0.2(-1.16 %),20,0,0,0,16300,17100,16300
2019-08-23,9.82,16500,-0.6(-3.51 %),1850,31000000,0,0,16500,16500,16500
2019-08-26,9.88,16600,0.1(0.61 %),1010,17000000,0,0,16750,16750,16600
2019-08-27,10.03,16850,0.25(1.51 %),20,0,0,0,16850,16850,16850
2019-08-28,10.0,16800,-0.05(-0.30 %),200,3000000,0,0,16600,16800,16600
2019-08-29,10.12,17000,0.2(1.19 %),1850,31000000,0,0,16900,17000,16900
2019-08-30,10.32,17350,0.35(2.06 %),10,0,0,0,17350,17350,17350
2019-09-03,10.32,17350,0(0.00 %),10,0,0,0,17350,17350,17350
2019-09-04,10.32,17350,0(0.00 %),0,0,0,0,17350,17350,17350
2019-09-05,10.32,17350,0(0.00 %),0,0,0,0,17350,17350,17350
2019-09-06,10.32,17350,0(0.00 %),0,0,0,0,17350,17350,17350
2019-09-09,10.32,17350,0(0.00 %),122580,2127000000,0,0,17350,17350,16700
2019-09-10,10.32,17350,0(0.00 %),0,0,0,0,17350,17350,17350
2019-09-11,10.32,17350,0(0.00 %),1030,17000000,0,0,17450,17450,16700
2019-09-12,10.65,17900,0.55(3.17 %),10,0,0,0,17900,17900,17900
2019-09-13,10.65,17900,0(0.00 %),0,0,0,0,17900,17900,17900
2019-09-16,10.65,17900,0(0.00 %),0,0,0,0,17900,17900,17900
2019-09-17,10.65,17900,0(0.00 %),0,0,0,0,17900,17900,17900
2019-09-18,10.65,17900,0(0.00 %),0,0,0,0,17900,17900,17900
2019-09-19,10.65,17900,0(0.00 %),0,0,0,0,17900,17900,17900
2019-09-20,10.65,17900,0(0.00 %),0,0,0,0,17900,17900,17900
2019-09-23,10.56,17750,-0.15(-0.84 %),410,7000000,0,0,16750,17750,16750
2019-09-24,9.97,16750,-1(-5.63 %),30,1000000,0,0,16750,16750,16750
2019-09-25,10.0,16800,0.05(0.30 %),4030,68000000,0,0,16800,17000,16800
2019-09-26,10.0,16800,0(0.00 %),420,7000000,0,0,16800,16800,16800
2019-09-27,10.0,16800,0(0.00 %),380,6000000,0,0,16800,16950,16800
2019-09-30,10.0,16800,0(0.00 %),5750,97000000,0,0,16800,16800,16700
2019-10-01,9.88,16600,-0.2(-1.19 %),3170,53000000,0,0,16700,16700,16600
2019-10-02,9.82,16500,-0.1(-0.60 %),3130,52000000,0,0,16600,16600,16500
2019-10-03,10.0,16800,0.3(1.82 %),1420,24000000,0,0,16500,16800,16500
2019-10-04,10.0,16800,0(0.00 %),0,0,0,0,16800,16800,16800
2019-10-07,10.0,16800,0(0.00 %),0,0,0,0,16800,16800,16800
2019-10-08,9.76,16400,-0.4(-2.38 %),1410,23000000,0,0,16400,16450,16400
2019-10-09,9.79,16450,0.05(0.30 %),30,0,0,0,16450,16450,16450
2019-10-10,9.76,16400,-0.05(-0.30 %),550,9000000,0,0,16400,16400,16400
2019-10-11,9.82,16500,0.1(0.61 %),500,8000000,0,0,16500,16500,16500
2019-10-14,9.82,16500,0(0.00 %),130,2000000,0,0,16500,16500,16500
2019-10-15,9.82,16500,0(0.00 %),390,6000000,0,0,16500,16500,16500
2019-10-16,9.82,16500,0(0.00 %),0,0,0,0,16500,16500,16500
2019-10-17,9.76,16400,-0.1(-0.61 %),30,0,0,0,16400,16400,16400
2019-10-18,9.76,16400,0(0.00 %),10,0,0,0,16400,16400,16400
2019-10-21,9.61,16150,-0.25(-1.52 %),10,0,0,0,16150,16150,16150
2019-10-22,9.64,16200,0.05(0.31 %),20,0,0,0,16200,16200,16200
2019-10-23,9.64,16200,0(0.00 %),60,1000000,0,0,16200,16200,16200
2019-10-24,10.12,17000,0.8(4.94 %),100500,1706000000,0,0,16500,17000,16500
2019-10-25,10.12,17000,0(0.00 %),0,0,0,0,17000,17000,17000
2019-10-28,9.82,16500,-0.5(-2.94 %),120,2000000,0,0,16500,16500,16500
2019-10-29,9.82,16500,0(0.00 %),0,0,0,0,16500,16500,16500
2019-10-30,9.82,16500,0(0.00 %),0,0,0,0,16500,16500,16500
2019-10-31,9.88,16600,0.1(0.61 %),118490,2014000000,0,0,16500,17200,16500
2019-11-01,9.82,16500,-0.1(-0.60 %),10,0,0,0,16500,16500,16500
2019-11-04,10.12,17000,0.5(3.03 %),110000,1870000000,0,0,17000,17000,17000
2019-11-05,10.12,17000,0(0.00 %),0,0,0,0,17000,17000,17000
2019-11-06,10.12,17000,0(0.00 %),0,0,0,0,17000,17000,17000
2019-11-07,10.12,17000,0(0.00 %),0,0,0,0,17000,17000,17000
2019-11-08,10.0,16800,-0.2(-1.18 %),480,8000000,0,0,16300,16800,16200
2019-11-11,10.0,16800,0(0.00 %),0,0,0,0,16800,16800,16800
2019-11-12,10.24,17200,0.4(2.38 %),30,1000000,0,0,17000,17200,16150
2019-11-13,10.24,17200,0(0.00 %),0,0,0,0,17200,17200,17200
2019-11-14,10.24,17200,0(0.00 %),0,0,0,0,17200,17200,17200
2019-11-15,10.24,17200,0(0.00 %),0,0,0,0,17200,17200,17200
2019-11-18,9.55,16050,-1.15(-6.69 %),150,2000000,0,0,16100,16100,16050
2019-11-19,9.55,16050,0(0.00 %),4680,75000000,0,0,16150,16150,16050
2019-11-20,9.55,16050,0(0.00 %),0,0,0,0,16050,16050,16050
2019-11-21,9.55,16050,0(0.00 %),0,0,0,0,16050,16050,16050
2019-11-22,9.55,16050,0(0.00 %),20,0,0,0,14950,16050,14950
2019-11-25,9.55,16050,0(0.00 %),0,0,0,0,16050,16050,16050
2019-11-26,9.82,16500,0.45(2.80 %),880,14000000,0,0,16100,16500,16100
2019-11-27,10.09,16950,0.45(2.73 %),10,0,0,0,16950,16950,16950
2019-11-28,10.09,16950,0(0.00 %),0,0,0,0,16950,16950,16950
2019-11-29,10.09,16950,0(0.00 %),0,0,0,0,16950,16950,16950
2019-12-02,9.58,16100,-0.85(-5.01 %),470,8000000,0,0,16100,16100,16100
2019-12-03,9.22,15500,-0.6(-3.73 %),4000,63000000,0,0,16000,16000,15500
2019-12-04,9.52,16000,0.5(3.23 %),10,0,0,0,16000,16000,16000
2019-12-05,9.52,16000,0(0.00 %),0,0,0,0,16000,16000,16000
2019-12-06,10.0,16800,0.8(5.00 %),10,0,0,0,16800,16800,16800
2019-12-09,10.0,16800,0(0.00 %),0,0,0,0,16800,16800,16800
2019-12-10,10.0,16800,0(0.00 %),3000,50000000,0,0,16800,16800,16800
2019-12-11,10.0,16800,0(0.00 %),0,0,0,0,16800,16800,16800
2019-12-12,9.94,16700,-0.1(-0.60 %),60,1000000,0,0,16700,16700,16700
2019-12-13,9.94,16700,0(0.00 %),0,0,0,0,16700,16700,16700
2019-12-16,9.94,16700,0(0.00 %),40,1000000,0,0,16700,16700,16700
2019-12-17,9.82,16500,-0.2(-1.20 %),320,5000000,0,0,16700,16700,16500
2019-12-18,9.82,16500,0(0.00 %),0,0,0,0,16500,16500,16500
2019-12-19,10.5,17650,1.15(6.97 %),5140,86000000,0,0,16600,17650,16500
2019-12-20,10.71,18000,0.35(1.98 %),38520,676000000,0,0,16900,18000,16900
2019-12-23,10.71,18000,0(0.00 %),30,1000000,22610,406980000,18100,18100,18000
2019-12-24,11.31,19000,1(5.56 %),860,16000000,2462420,44323560000,17500,19000,17500
2019-12-25,11.31,19000,0(0.00 %),0,0,0,0,19000,19000,19000
2019-12-26,11.19,18800,-0.2(-1.05 %),2640,50000000,0,0,18900,18900,18800
2019-12-27,11.19,18800,0(0.00 %),0,0,0,0,18800,18800,18800
2019-12-30,11.6,19500,0.7(3.72 %),12430,247000000,0,0,20000,20000,19500
2019-12-31,11.6,19500,0(0.00 %),40,1000000,0,0,19500,19500,19500
2020-01-02,10.83,18200,-1.3(-6.67 %),40,1000000,0,0,19000,19200,18200
2020-01-03,10.12,17000,-1.2(-6.59 %),3190,58000000,0,0,18300,18300,17000
2020-01-06,10.18,17100,0.1(0.59 %),10,0,0,0,17100,17100,17100
2020-01-07,10.18,17100,0(0.00 %),0,0,0,0,17100,17100,17100
2020-01-08,10.86,18250,1.15(6.73 %),43690,700000000,0,0,16500,18250,16000
2020-01-09,10.24,17200,-1.05(-5.75 %),40,1000000,0,0,19500,19500,17200
2020-01-10,10.24,17200,0(0.00 %),0,0,0,0,17200,17200,17200
2020-01-13,10.65,17900,0.7(4.07 %),10,0,0,0,17900,17900,17900
2020-01-14,10.12,17000,-0.9(-5.03 %),36300,620000000,0,0,16800,17200,16800
2020-01-15,10.12,17000,0(0.00 %),0,0,0,0,17000,17000,17000
2020-01-16,9.52,16000,-1(-5.88 %),10,0,0,0,16000,16000,16000
2020-01-17,9.52,16000,0(0.00 %),0,0,0,0,16000,16000,16000
2020-01-20,9.52,16000,0(0.00 %),0,0,0,0,16000,16000,16000
2020-01-21,9.52,16000,0(0.00 %),0,0,0,0,16000,16000,16000
2020-01-22,10.18,17100,1.1(6.88 %),10,0,0,0,17100,17100,17100
2020-01-30,10.18,17100,0(0.00 %),0,0,0,0,17100,17100,17100
2020-01-31,10.18,17100,0(0.00 %),0,0,0,0,17100,17100,17100
2020-02-03,10.12,17000,-0.1(-0.58 %),10,0,0,0,17000,17000,17000
2020-02-04,10.12,17000,0(0.00 %),0,0,0,0,17000,17000,17000
2020-02-05,10.12,17000,0(0.00 %),10,0,0,0,17000,17000,17000
2020-02-06,10.12,17000,0(0.00 %),12020,204000000,0,0,17100,17100,17000
2020-02-07,10.8,18150,1.15(6.76 %),10,0,0,0,18150,18150,18150
2020-02-10,10.77,18100,-0.05(-0.28 %),720,13000000,0,0,19400,19400,18000
2020-02-11,10.89,18300,0.2(1.10 %),3140,57000000,0,0,18100,19000,18100
2020-02-12,10.95,18400,0.1(0.55 %),1700,31000000,0,0,18400,18400,18400
2020-02-13,11.19,18800,0.4(2.17 %),3030,56000000,0,0,17200,18800,17200
2020-02-14,10.47,17600,-1.2(-6.38 %),370,7000000,0,0,18500,18500,17600
2020-02-17,10.65,17900,0.3(1.70 %),1240,22000000,0,0,17600,17900,17600
2020-02-18,10.65,17900,0(0.00 %),10,0,0,0,17900,17900,17900
2020-02-19,11.34,19050,1.15(6.42 %),20,0,0,0,19050,19050,19050
2020-02-20,12.08,20300,1.25(6.56 %),2830,54000000,0,0,19050,20300,19000
2020-02-21,12.05,20250,-0.05(-0.25 %),1380,28000000,0,0,19900,20250,19900
2020-02-24,11.22,18850,-2.6(-12.84 %),5330,107000000,0,0,19800,20250,18850
2020-02-25,10.49,16500,-1.15(-6.52 %),160,3000000,0,0,16500,16500,16500
2020-02-26,10.49,16500,0(0.00 %),30,1000000,0,0,17650,17650,16500
2020-02-27,11.22,17650,1.15(6.97 %),10,0,0,0,17650,17650,17650
2020-02-28,10.52,16550,-1.1(-6.23 %),10,0,0,0,16550,16550,16550
2020-03-02,10.52,16550,0(0.00 %),0,0,0,0,16550,16550,16550
2020-03-03,10.21,16050,-0.5(-3.02 %),8640,145000000,0,0,16800,16800,16050
2020-03-04,10.91,17150,1.1(6.85 %),10,0,0,0,17150,17150,17150
2020-03-05,10.24,16100,-1.05(-6.12 %),20,0,0,0,16100,16100,16100
2020-03-06,10.27,16150,0.05(0.31 %),920,15000000,0,0,16200,17000,16100
2020-03-09,10.3,16200,0.05(0.31 %),7510,122000000,0,0,16200,16200,16200
2020-03-10,10.36,16300,0.1(0.62 %),1810,31000000,0,0,16200,17300,16200
2020-03-11,10.36,16300,0(0.00 %),10,0,0,0,16300,16300,16300
2020-03-12,10.24,16100,-0.2(-1.23 %),1130,18000000,0,0,16100,16100,16100
2020-03-13,9.89,15550,-0.55(-3.42 %),3190,51000000,0,0,16000,16000,15500
2020-03-16,9.22,14500,-1.05(-6.75 %),3190,46000000,0,0,14500,14500,14500
2020-03-17,8.87,13950,-0.55(-3.79 %),1210,19000000,0,0,13950,15500,13950
2020-03-18,8.87,13950,0(0.00 %),0,0,0,0,13950,13950,13950
2020-03-19,8.65,13600,-0.35(-2.51 %),20,0,0,0,13600,13600,13600
2020-03-20,9.25,14550,0.95(6.99 %),80,1000000,0,0,14400,14550,14400
2020-03-23,8.9,14000,-0.55(-3.78 %),7170,103000000,0,0,14550,14550,14000
2020-03-24,8.9,14000,0(0.00 %),1060,16000000,0,0,14900,14950,14000
2020-03-25,9.51,14950,0.95(6.79 %),40,1000000,0,0,14950,14950,14000
2020-03-26,9.51,14950,0(0.00 %),30,0,0,0,15950,15950,14950
2020-03-27,9.51,14950,0(0.00 %),9420,133000000,0,0,14000,14950,14000
2020-03-30,9.03,14200,-0.75(-5.02 %),1000,14000000,0,0,14200,14200,14200
2020-03-31,9.25,14550,0.35(2.46 %),6060,87000000,0,0,14200,14550,14200
2020-04-01,9.09,14300,-0.25(-1.72 %),7530,108000000,0,0,14350,14350,14300
2020-04-03,9.09,14300,0(0.00 %),3540,54000000,0,0,15200,15250,14300
2020-04-06,9.22,14500,0.2(1.40 %),9200,139000000,0,0,15300,15300,14400
2020-04-07,9.25,14550,0.05(0.34 %),1280,20000000,0,0,15500,15500,14500
2020-04-08,9.25,14550,0(0.00 %),1020,16000000,0,0,15550,15550,14550
2020-04-09,9.41,14800,0.25(1.72 %),30,0,0,0,14800,14800,14800
2020-04-10,9.47,14900,0.1(0.68 %),310,5000000,0,0,15500,15500,14900
2020-04-13,10.11,15900,1(6.71 %),1200,19000000,0,0,15900,15900,15900
2020-04-14,9.41,14800,-1.1(-6.92 %),600,9000000,0,0,14800,14800,14800
2020-04-15,9.6,15100,0.3(2.03 %),2560,40000000,0,0,14800,15800,14800
2020-04-16,9.28,14600,-0.5(-3.31 %),9750,143000000,0,0,14300,16150,14300
2020-04-17,9.32,14650,0.05(0.34 %),520,8000000,0,0,15600,15600,14650
2020-04-20,9.41,14800,0.15(1.02 %),580,9000000,0,0,15650,15650,14800
2020-04-21,10.05,15800,1(6.76 %),3460,55000000,0,0,15750,15800,14900
2020-04-22,9.44,14850,-0.95(-6.01 %),110,2000000,0,0,15900,15900,14850
2020-04-23,9.57,15050,0.2(1.35 %),15820,243000000,0,0,15850,15850,14900
2020-04-24,9.76,15350,0.3(1.99 %),1560,25000000,0,0,15900,16100,15350
2020-04-27,10.43,16400,1.05(6.84 %),860,13000000,0,0,15350,16400,15350
2020-04-28,9.92,15600,-0.8(-4.88 %),1390,23000000,0,0,16200,17400,15600
2020-04-29,9.92,15600,0(0.00 %),20,0,0,0,15600,15600,15600
2020-05-04,9.38,14750,-0.85(-5.45 %),50,1000000,0,0,16350,16350,14750
2020-05-05,10.02,15750,1(6.78 %),1770,27000000,0,0,15000,15750,15000
2020-05-06,9.38,14750,-1(-6.35 %),370,5000000,0,0,14750,14750,14750
2020-05-07,10.02,15750,1(6.78 %),80,1000000,0,0,15750,15750,15750
2020-05-08,10.36,16300,0.55(3.49 %),7680,124000000,0,0,16200,16300,16000
2020-05-11,9.82,15450,-0.85(-5.21 %),150,2000000,0,0,15450,16500,15450
2020-05-12,10.36,16300,0.85(5.50 %),1110,18000000,0,0,16000,16300,16000
2020-05-13,9.76,15350,-0.95(-5.83 %),120,2000000,0,0,17100,17150,15350
2020-05-14,9.86,15500,0.15(0.98 %),40,1000000,0,0,15350,15500,15350
2020-05-15,9.86,15500,0(0.00 %),20,0,0,0,15500,15500,15500
2020-05-18,10.52,16550,1.05(6.77 %),630,10000000,0,0,15500,16550,15500
2020-05-19,10.68,16800,0.25(1.51 %),18540,313000000,0,0,16800,17000,16800
2020-05-20,10.11,15900,-0.9(-5.36 %),1070,18000000,0,0,16800,17950,15900
2020-05-21,10.11,15900,0(0.00 %),5580,90000000,0,0,15950,16900,15900
2020-05-22,10.17,16000,0.1(0.63 %),6000,96000000,0,0,16000,16000,16000
2020-05-25,10.17,16000,0(0.00 %),730,12000000,0,0,16000,16050,16000
2020-05-26,10.17,16000,0(0.00 %),50,1000000,0,0,16000,16000,16000
2020-05-27,10.49,16500,0.5(3.12 %),7790,130000000,0,0,17000,17000,16500
2020-05-28,10.17,16000,-0.5(-3.03 %),17210,276000000,0,0,16800,16800,15550
2020-05-29,10.17,16000,0(0.00 %),3090,51000000,0,0,16700,16700,16000
2020-06-01,10.21,16050,0.05(0.31 %),120,2000000,0,0,16000,16900,16000
2020-06-02,9.89,15550,-0.5(-3.12 %),80,1000000,0,0,15250,16200,15250
2020-06-03,9.89,15550,0(0.00 %),10,0,0,0,15550,15550,15550
2020-06-04,10.17,16000,0.45(2.89 %),4950,79000000,0,0,16000,16000,15950
2020-06-05,10.17,16000,0(0.00 %),41890,669000000,0,0,16000,16000,15100
2020-06-08,10.75,16900,0.9(5.62 %),8270,134000000,0,0,16000,16900,16000
2020-06-09,10.36,16300,-0.6(-3.55 %),3630,61000000,0,0,16900,16900,16300
2020-06-10,10.36,16300,0(0.00 %),1440,23000000,0,0,16400,16400,16100
2020-06-11,11.0,17300,1(6.13 %),4430,71000000,0,0,16100,17300,16000
2020-06-12,11.0,17300,0(0.00 %),10620,183000000,0,0,16900,18450,16300
2020-06-15,10.56,16600,-0.7(-4.05 %),4490,76000000,0,0,17000,17000,16600
2020-06-16,10.49,16500,-0.1(-0.60 %),1020,17000000,0,0,16700,16700,16500
2020-06-17,10.36,16300,-0.2(-1.21 %),20,0,0,0,16300,16300,16300
2020-06-18,10.68,16800,0.5(3.07 %),910,15000000,0,0,16000,16800,16000
2020-06-19,10.81,17000,0.2(1.19 %),4180,71000000,0,0,16800,17000,16100
2020-06-22,10.81,17000,0(0.00 %),400,7000000,0,0,17000,17000,17000
2020-06-23,10.49,16500,-0.5(-2.94 %),2130,36000000,0,0,18150,18150,16500
2020-06-24,11.22,17650,1.15(6.97 %),21610,379000000,0,0,16500,17650,16500
2020-06-25,11.48,18050,0.4(2.27 %),32190,606000000,0,0,17300,18850,17300
2020-06-26,11.51,18100,0.05(0.28 %),2870,52000000,0,0,17950,18800,17950
2020-06-29,11.0,17300,-0.8(-4.42 %),6110,106000000,0,0,17400,17500,17300
2020-06-30,11.0,17300,0(0.00 %),1400,24000000,0,0,17300,17300,17300
2020-07-01,11.06,17400,0.1(0.58 %),10,0,0,0,17400,17400,17400
2020-07-02,10.94,17200,-0.2(-1.15 %),20,0,0,0,17200,17200,17200
2020-07-03,10.94,17200,0(0.00 %),0,0,0,0,17200,17200,17200
2020-07-06,11.06,17400,0.2(1.16 %),100,2000000,0,0,17400,17400,17400
2020-07-07,11.06,17400,0(0.00 %),3370,60000000,0,0,17400,18300,17400
2020-07-08,11.45,18000,0.6(3.45 %),1020,18000000,0,0,18000,18000,18000
2020-07-09,11.16,17550,-0.45(-2.50 %),2920,53000000,0,0,18000,18200,17550
2020-07-10,11.19,17600,0.05(0.28 %),300,6000000,0,0,18500,18500,17600
2020-07-13,11.1,17450,-0.15(-0.85 %),2080,36000000,0,0,17450,18400,17400
2020-07-14,11.16,17550,0.1(0.57 %),11960,220000000,0,0,18250,18500,17550
2020-07-15,11.16,17550,0(0.00 %),0,0,0,0,17550,17550,17550
2020-07-16,11.73,18450,0.9(5.13 %),210,4000000,0,0,17550,18450,17550
2020-07-17,11.26,17700,-0.75(-4.07 %),30,1000000,0,0,18400,18400,17700
2020-07-20,11.32,17800,0.1(0.56 %),1010,19000000,0,0,17800,18500,17800
2020-07-21,11.26,17700,-0.1(-0.56 %),40,1000000,0,0,17700,17700,17700
2020-07-22,12.02,18900,1.2(6.78 %),49580,933000000,0,0,18500,18900,18500
2020-07-23,11.8,18550,-0.35(-1.85 %),290,5000000,0,0,19000,19000,18550
2020-07-24,11.7,18400,-0.15(-0.81 %),16240,300000000,0,0,18500,18600,18400
2020-07-27,11.7,18400,0(0.00 %),2240,41000000,0,0,18400,18400,18300
2020-07-28,12.08,19000,0.6(3.26 %),19080,362000000,0,0,18400,19400,18400
2020-07-29,12.08,19000,0(0.00 %),570,11000000,0,0,19000,19000,18550
2020-07-30,11.89,18700,-0.3(-1.58 %),4290,82000000,0,0,19000,19000,18700
2020-07-31,11.76,18500,-0.2(-1.07 %),4230,80000000,0,0,18700,19000,18500
2020-08-03,11.95,18800,0.3(1.62 %),520,10000000,0,0,18900,18900,18650
2020-08-04,11.76,18500,-0.3(-1.60 %),3120,59000000,0,0,18900,18900,18500
2020-08-05,11.76,18500,0(0.00 %),5120,97000000,0,0,19000,19000,18200
2020-08-06,11.54,18150,-0.35(-1.89 %),5840,109000000,0,0,18650,18700,18150
2020-08-07,11.73,18450,0.3(1.65 %),2100,40000000,0,0,18900,18900,18450
2020-08-10,11.73,18450,0(0.00 %),2760,52000000,0,0,18700,18700,18450
2020-08-11,11.73,18450,0(0.00 %),0,0,0,0,18450,18450,18450
2020-08-12,11.73,18450,0(0.00 %),2010,37000000,100000,1720000000,18850,18850,18450
2020-08-13,11.83,18600,0.15(0.81 %),20,0,0,0,18600,18600,18600
2020-08-14,11.73,18450,-0.15(-0.81 %),220,4000000,0,0,18500,18500,18450
2020-08-17,11.73,18450,0(0.00 %),0,0,0,0,18450,18450,18450
2020-08-18,11.83,18600,0.15(0.81 %),4990,95000000,0,0,19000,19000,18600
2020-08-19,11.95,18800,0.2(1.08 %),2490,47000000,0,0,18700,19000,18700
2020-08-20,11.89,18700,-0.1(-0.53 %),5020,95000000,0,0,18900,18900,18700
2020-08-21,12.02,18900,0.2(1.07 %),10,0,0,0,18900,18900,18900
2020-08-24,12.02,18900,0(0.00 %),12530,237000000,0,0,18900,19000,18800
2020-08-25,12.15,19100,0.2(1.06 %),20330,390000000,100000,1760000000,18950,20200,18900
2020-08-26,12.4,19500,0.4(2.09 %),12170,241000000,0,0,19500,20000,19500
2020-08-27,12.08,19000,-0.5(-2.56 %),3760,74000000,0,0,20000,20000,19000
2020-08-28,12.21,19200,0.2(1.05 %),4440,85000000,0,0,19000,19500,19000
2020-08-31,12.08,19000,-0.2(-1.04 %),2260,43000000,0,0,19100,19300,19000
2020-09-01,12.08,19000,0(0.00 %),0,0,0,0,19000,19000,19000
2020-09-03,11.26,17700,-1.3(-6.84 %),20570,390000000,0,0,19000,19000,17700
2020-09-04,11.83,18600,0.9(5.08 %),1160,22000000,0,0,18900,18900,18000
2020-09-07,12.21,19200,0.6(3.23 %),104720,2073000000,0,0,18900,19900,18900
2020-09-08,12.84,20200,1(5.21 %),15510,305000000,100000,1790000000,19500,20200,19500
2020-09-09,12.65,19900,-0.3(-1.49 %),3280,66000000,0,0,20000,21000,19700
2020-09-10,13.29,20900,1(5.03 %),1560,33000000,0,0,21200,21200,20900
2020-09-11,12.46,19600,-1.3(-6.22 %),31150,622000000,0,0,20000,20100,19600
2020-09-14,12.69,19950,0.35(1.79 %),7680,153000000,0,0,20950,20950,19700
2020-09-15,12.97,20400,0.45(2.26 %),12250,250000000,103750,1929750000,19850,21000,19850
2020-09-16,12.65,19900,-0.5(-2.45 %),100,2000000,0,0,20400,20400,19900
2020-09-17,12.84,20200,0.3(1.51 %),6350,127000000,0,0,19750,20500,19750
2020-09-18,12.65,19900,-0.3(-1.49 %),3520,71000000,0,0,20200,20200,19900
2020-09-21,12.72,20000,0.1(0.50 %),3450,70000000,0,0,19900,21000,19900
2020-09-22,12.65,19900,-0.1(-0.50 %),4890,98000000,0,0,20000,20000,19900
2020-09-23,12.69,19950,0.05(0.25 %),3050,60000000,0,0,19800,20200,19800
2020-09-24,12.69,19950,0(0.00 %),10,0,0,0,19950,19950,19950
2020-09-25,12.62,19850,-0.1(-0.50 %),20,0,100000,1860000000,19850,19850,19850
2020-09-28,12.43,19550,-0.3(-1.51 %),11810,233000000,0,0,20200,20200,19550
2020-09-29,12.53,19700,0.15(0.77 %),7040,140000000,0,0,20000,20100,19700
2020-09-30,11.89,18700,-1(-5.08 %),3160,62000000,0,0,19700,19700,18700
2020-10-01,12.4,19500,0.8(4.28 %),11450,229000000,0,0,19900,20000,19500
2020-10-02,12.4,19500,0(0.00 %),1470,29000000,0,0,20000,20000,19500
2020-10-05,12.5,19650,0.15(0.77 %),20,0,0,0,20100,20100,19650
2020-10-06,12.53,19700,0.05(0.25 %),910,19000000,0,0,20500,20500,19700
2020-10-07,12.53,19700,0(0.00 %),1240,24000000,0,0,19700,19700,19700
2020-10-08,12.5,19650,-0.05(-0.25 %),1020,20000000,0,0,19700,19700,19500
2020-10-09,12.5,19650,0(0.00 %),10,0,0,0,19650,19650,19650
2020-10-12,11.64,18300,-1.35(-6.87 %),1190,22000000,0,0,18300,18300,18300
2020-10-13,11.83,18600,0.3(1.64 %),7580,148000000,0,0,19450,19550,18600
2020-10-14,12.65,19900,1.3(6.99 %),98670,1962000000,0,0,19800,19900,18600
2020-10-15,12.08,19000,-0.9(-4.52 %),30,1000000,0,0,20050,20050,19000
2020-10-16,12.02,18900,-0.1(-0.53 %),2710,54000000,0,0,18800,20200,18800
2020-10-19,12.02,18900,0(0.00 %),420,8000000,0,0,19950,19950,18900
2020-10-20,12.08,19000,0.1(0.53 %),2010,38000000,0,0,19000,19000,19000
2020-10-21,12.4,19500,0.5(2.63 %),40,1000000,0,0,19500,19500,19500
2020-10-22,12.08,19000,-0.5(-2.56 %),1010,19000000,0,0,19000,19000,19000
2020-10-23,12.75,20050,1.05(5.53 %),20950,400000000,0,0,19900,20300,18900
2020-10-26,12.02,18900,-1.15(-5.74 %),110,2000000,0,0,19500,19500,18900
2020-10-27,12.02,18900,0(0.00 %),30,1000000,0,0,20150,20150,18900
2020-10-28,12.08,19000,0.1(0.53 %),320,6000000,0,0,19000,19000,19000
2020-10-29,12.11,19050,0.05(0.26 %),1670,33000000,0,0,19900,20100,19000
2020-10-30,12.15,19100,0.05(0.26 %),1030,21000000,0,0,19050,20000,19050
2020-11-02,12.15,19100,0(0.00 %),960,19000000,0,0,20000,20000,19100
2020-11-03,12.15,19100,0(0.00 %),10670,213000000,0,0,20400,20400,19050
2020-11-04,12.15,19100,0(0.00 %),2500,51000000,0,0,20300,20300,19100
2020-11-05,12.24,19250,0.15(0.79 %),3950,77000000,0,0,19500,20000,19200
2020-11-06,11.86,18650,-0.6(-3.12 %),2200,42000000,0,0,19100,19100,18650
2020-11-09,12.15,19100,0.45(2.41 %),13780,270000000,0,0,19000,19950,18700
2020-11-10,12.18,19150,0.05(0.26 %),130,3000000,0,0,20350,20350,19150
2020-11-11,12.21,19200,0.05(0.26 %),6540,133000000,0,0,19850,20450,19000
2020-11-12,12.4,19500,0.3(1.56 %),4370,87000000,0,0,19900,20000,19500
2020-11-13,12.21,19200,-0.3(-1.54 %),1520,30000000,0,0,19900,20000,19200
2020-11-16,12.65,19900,0.7(3.65 %),5040,99000000,0,0,20400,20400,19250
2020-11-17,12.24,19250,-0.65(-3.27 %),1050,21000000,0,0,19900,20000,19200
2020-11-18,12.3,19350,0.1(0.52 %),2960,59000000,0,0,20000,20000,19350
2020-11-19,12.34,19400,0.05(0.26 %),5770,115000000,0,0,19900,20000,19400
2020-11-20,12.34,19400,0(0.00 %),1510,30000000,0,0,20000,20000,19400
2020-11-23,12.4,19500,0.1(0.52 %),2000,39000000,0,0,19500,19500,19400
2020-11-24,12.21,19200,-0.3(-1.54 %),3020,60000000,0,0,20000,20000,19200
2020-11-25,12.72,20000,0.8(4.17 %),5010,100000000,0,0,19200,20000,19200
2020-11-26,13.04,20500,0.5(2.50 %),13750,278000000,0,0,21400,21400,19100
2020-11-30,12.91,20300,0.1(0.50 %),1530,31000000,0,0,20200,20500,20200
2020-12-01,13.1,20600,0.3(1.48 %),46620,956000000,0,0,20300,20600,20300
2020-12-02,12.72,20000,-0.6(-2.91 %),1310,27000000,0,0,20200,20500,20000
2020-12-03,13.16,20700,0.7(3.50 %),2460,51000000,0,0,20000,20700,20000
2020-12-04,12.34,19400,-1.3(-6.28 %),2430,50000000,0,0,20700,20700,19400
2020-12-07,12.78,20100,0.7(3.61 %),14550,290000000,0,0,20100,20500,19600
2020-12-08,12.4,19500,-0.6(-2.99 %),1120,23000000,0,0,20200,20200,19500
2020-12-09,13.0,20450,0.95(4.87 %),570,11000000,0,0,19500,20450,19500
2020-12-10,13.37,20000,-0.45(-2.20 %),2490,50000000,0,0,20450,20450,20000
2020-12-11,13.71,20500,0.5(2.50 %),730,15000000,0,0,20200,20500,20200
2020-12-14,13.91,20800,0.3(1.46 %),25410,529000000,0,0,20900,20900,19300
2020-12-15,13.91,20800,0(0.00 %),55130,1147000000,0,0,20750,20800,20750
2020-12-16,12.97,19400,-1.4(-6.73 %),120,2000000,0,0,19400,19400,19400
2020-12-17,13.71,20500,1.1(5.67 %),790,15000000,0,0,19400,20500,19400
2020-12-18,13.14,19650,-0.85(-4.15 %),610,12000000,0,0,20000,20000,19500
2020-12-21,13.71,20500,0.85(4.33 %),280,6000000,0,0,19650,21000,19650
2020-12-22,13.71,20500,0(0.00 %),80,2000000,120000,2628000000,20500,20500,20500
2020-12-23,13.71,20500,0(0.00 %),2240,46000000,0,0,20600,20600,20300
2020-12-24,13.37,20000,-0.5(-2.44 %),30,1000000,0,0,20000,20000,20000
2020-12-25,13.71,20500,0.5(2.50 %),320,7000000,0,0,21400,21400,19750
2020-12-28,13.37,20000,-0.5(-2.44 %),3990,81000000,0,0,20300,20300,20000
2020-12-29,13.57,20300,0.3(1.50 %),7890,158000000,0,0,20000,20400,20000
2020-12-30,13.57,20300,0(0.00 %),2240,46000000,0,0,20300,21700,20000
2020-12-31,14.47,21650,1.35(6.65 %),19520,397000000,0,0,19250,21650,19250
2021-01-04,14.44,21600,-0.05(-0.23 %),3000,63000000,0,0,20300,21650,20150
2021-01-05,14.44,21600,0(0.00 %),0,0,0,0,21600,21600,21600
2021-01-06,13.91,20800,-0.8(-3.70 %),11100,232000000,0,0,21500,21500,20350
2021-01-07,13.47,20150,-0.65(-3.12 %),1200,24000000,23236,483308800,20800,20800,20100
2021-01-08,13.47,20150,0(0.00 %),4700,95000000,0,0,20150,20600,20150
2021-01-11,13.41,20050,-0.1(-0.50 %),5100,103000000,0,0,20850,20850,20000
2021-01-12,13.41,20050,0(0.00 %),21000,420000000,0,0,20000,20100,20000
2021-01-13,13.91,20800,0.75(3.74 %),7300,151000000,0,0,20750,20800,20500
2021-01-14,13.91,20800,0(0.00 %),10200,204000000,0,0,20000,20800,20000
2021-01-15,13.74,20550,-0.25(-1.20 %),11000,221000000,0,0,20100,20550,20000
2021-01-18,13.67,20450,-0.1(-0.49 %),5400,111000000,0,0,20500,20500,20450
2021-01-19,13.37,20000,-0.45(-2.20 %),3800,76000000,0,0,20050,20050,20000
2021-01-20,13.37,20000,0(0.00 %),18900,378000000,0,0,20000,20000,20000
2021-01-21,13.37,20000,0(0.00 %),3500,70000000,0,0,19950,20000,19950
2021-01-22,13.37,20000,0(0.00 %),8400,172000000,0,0,20000,21000,19900
2021-01-25,13.37,20000,0(0.00 %),0,0,0,0,20000,20000,20000
2021-01-26,13.37,20000,0(0.00 %),0,0,0,0,20000,20000,20000
2021-01-27,13.37,20000,0(0.00 %),16900,338000000,0,0,20000,20000,19900
2021-01-28,13.37,20000,0(0.00 %),68800,1376000000,0,0,18900,20000,18900
2021-01-29,13.37,20000,0(0.00 %),800,16000000,0,0,20000,20000,20000
2021-02-01,12.77,19100,-0.9(-4.50 %),100,2000000,0,0,19100,19100,19100
2021-02-02,12.77,19100,0(0.00 %),200,4000000,0,0,19100,19100,19100
2021-02-03,12.77,19100,0(0.00 %),0,0,0,0,19100,19100,19100
2021-02-04,13.04,19500,0.4(2.09 %),2000,40000000,0,0,20300,20300,19500
2021-02-05,13.04,19500,0(0.00 %),200,4000000,0,0,20400,20400,19500
2021-02-08,13.04,19500,0(0.00 %),0,0,0,0,19500,19500,19500
2021-02-09,13.04,19500,0(0.00 %),0,0,0,0,19500,19500,19500
2021-02-17,13.1,19600,0.1(0.51 %),2500,49000000,0,0,19500,19600,19500
2021-02-18,13.1,19600,0(0.00 %),0,0,0,0,19600,19600,19600
2021-02-19,13.1,19600,0(0.00 %),0,0,0,0,19600,19600,19600
2021-02-22,13.04,19500,-0.1(-0.51 %),4300,86000000,0,0,20800,20800,19500
2021-02-23,13.04,19500,0(0.00 %),5700,111000000,0,0,19500,19500,19500
2021-02-24,13.04,19500,0(0.00 %),0,0,0,0,19500,19500,19500
2021-02-25,13.51,20200,0.7(3.59 %),5400,109000000,0,0,20100,20200,20100
2021-02-26,13.17,19700,-0.5(-2.48 %),5100,100000000,0,0,19700,19700,19700
2021-03-01,13.3,19900,0.2(1.02 %),100,2000000,0,0,19900,19900,19900
2021-03-02,13.44,20100,0.2(1.01 %),7800,157000000,0,0,20000,20800,20000
2021-03-03,13.64,20400,0.3(1.49 %),1800,36000000,0,0,20000,20400,20000
2021-03-04,13.37,20000,-0.4(-1.96 %),800,16000000,0,0,20000,20000,20000
2021-03-05,13.37,20000,0(0.00 %),900,18000000,0,0,20000,20000,20000
2021-03-08,13.37,20000,0(0.00 %),6300,126000000,0,0,20000,20000,20000
2021-03-09,13.71,20500,0.5(2.50 %),2200,44000000,0,0,20000,20500,20000
2021-03-10,13.64,20400,-0.1(-0.49 %),1100,22000000,0,0,20000,20400,20000
2021-03-11,13.64,20400,0(0.00 %),3000,61000000,0,0,20350,20400,20350
2021-03-12,13.71,20500,0.1(0.49 %),3000,61000000,0,0,20300,20500,20300
2021-03-15,13.71,20500,0(0.00 %),0,0,0,0,20500,20500,20500
2021-03-16,13.71,20500,0(0.00 %),1000,21000000,0,0,20500,20500,20500
2021-03-17,13.71,20500,0(0.00 %),1000,21000000,0,0,20500,20500,20500
2021-03-18,13.71,20500,0(0.00 %),500,10000000,32390,709341000,20500,20500,20500
2021-03-19,13.71,20500,0(0.00 %),0,0,0,0,20500,20500,20500
2021-03-22,13.71,20500,0(0.00 %),200,4000000,0,0,20500,20500,20500
2021-03-23,13.71,20500,0(0.00 %),100,2000000,0,0,20500,20500,20500
2021-03-24,13.37,20000,-0.5(-2.44 %),500,10000000,0,0,20000,20000,20000
2021-03-25,14.04,21000,1(5.00 %),24600,500000000,0,0,20000,21000,19900
2021-03-26,14.04,21000,0(0.00 %),0,0,0,0,21000,21000,21000
2021-03-29,13.41,20050,-0.95(-4.52 %),100,2000000,0,0,20050,20050,20050
2021-03-30,13.41,20050,0(0.00 %),0,0,0,0,20050,20050,20050
2021-03-31,13.51,20200,0.15(0.75 %),1300,26000000,0,0,20050,20200,20050
2021-04-01,13.44,20100,-0.1(-0.50 %),100,2000000,0,0,20100,20100,20100
2021-04-02,13.37,20000,-0.1(-0.50 %),3900,78000000,0,0,20000,20000,20000
2021-04-05,13.44,20100,0.1(0.50 %),4700,94000000,0,0,20000,20100,20000
2021-04-06,13.44,20100,0(0.00 %),1600,32000000,0,0,20000,20100,20000
2021-04-07,13.37,20000,-0.1(-0.50 %),2400,48000000,0,0,20000,20000,20000
2021-04-08,13.37,20000,0(0.00 %),0,0,0,0,20000,20000,20000
2021-04-09,13.37,20000,0(0.00 %),6900,138000000,0,0,20000,20000,20000
2021-04-12,13.44,20100,0.1(0.50 %),8300,166000000,0,0,20000,20100,20000
2021-04-13,13.37,20000,-0.1(-0.50 %),500,10000000,0,0,20000,20000,20000
2021-04-14,13.37,20000,0(0.00 %),7300,146000000,0,0,20000,20000,20000
2021-04-15,13.44,20100,0.1(0.50 %),11200,224000000,0,0,20000,20100,19900
2021-04-16,13.44,20100,0(0.00 %),1800,36000000,0,0,20100,20100,20100
2021-04-19,13.44,20100,0(0.00 %),3400,68000000,0,0,20000,20100,20000
2021-04-20,13.51,20200,0.1(0.50 %),900,18000000,0,0,20100,20200,20100
2021-04-22,13.57,20300,0.1(0.50 %),1900,38000000,0,0,20200,20300,20200
2021-04-23,13.37,20000,-0.3(-1.48 %),4700,95000000,0,0,20000,21500,20000
2021-04-26,13.37,20000,0(0.00 %),0,0,0,0,20000,20000,20000
2021-04-27,13.37,20000,0(0.00 %),2500,50000000,0,0,20000,20600,20000
2021-04-28,13.37,20000,0(0.00 %),2900,58000000,0,0,20000,20000,20000
2021-04-29,13.37,20000,0(0.00 %),0,0,0,0,20000,20000,20000
2021-05-04,13.71,20500,0.5(2.50 %),2500,50000000,0,0,20000,20500,20000
2021-05-05,13.71,20500,0(0.00 %),0,0,0,0,20500,20500,20500
2021-05-06,13.71,20500,0(0.00 %),0,0,0,0,20500,20500,20500
2021-05-07,13.71,20500,0(0.00 %),700,14000000,0,0,20500,20500,20500
2021-05-10,13.71,20500,0(0.00 %),0,0,0,0,20500,20500,20500
2021-05-11,13.71,20500,0(0.00 %),100,2000000,0,0,20500,20500,20500
2021-05-12,13.44,20100,-0.4(-1.95 %),1000,20000000,0,0,20100,20100,20100
2021-05-13,13.71,20500,0.4(1.99 %),3200,66000000,0,0,20000,20500,20000
2021-05-14,13.71,20500,0(0.00 %),0,0,0,0,20500,20500,20500
2021-05-17,13.37,20000,-0.5(-2.44 %),6000,120000000,0,0,20000,20000,20000
2021-05-18,13.37,20000,0(0.00 %),2200,44000000,0,0,20000,20100,20000
2021-05-19,13.37,20000,0(0.00 %),0,0,0,0,20000,20000,20000
2021-05-20,13.44,20100,0.1(0.50 %),5700,114000000,0,0,20000,20100,20000
2021-05-21,13.44,20100,0(0.00 %),7900,158000000,0,0,20100,20100,20000
2021-05-24,13.44,20100,0(0.00 %),0,0,0,0,20100,20100,20100
2021-05-25,13.44,20100,0(0.00 %),0,0,0,0,20100,20100,20100
2021-05-26,13.44,20100,0(0.00 %),300,6000000,0,0,20100,20100,20100
2021-05-27,13.57,20300,0.2(1.00 %),100,2000000,0,0,20300,20300,20300
2021-05-28,13.37,20000,-0.3(-1.48 %),1500,30000000,0,0,20000,20000,20000
2021-05-31,13.71,20500,0.5(2.50 %),400,8000000,0,0,21100,21100,20500
2021-06-01,13.71,20500,0(0.00 %),2400,48000000,0,0,20500,20500,20000
2021-06-02,13.37,20000,-0.5(-2.44 %),6300,126000000,0,0,20000,20000,20000
2021-06-03,13.64,20400,0.4(2.00 %),4500,92000000,0,0,20400,20400,20400
2021-06-04,14.04,21000,0.6(2.94 %),5300,112000000,0,0,20400,21500,20400
2021-06-07,14.71,22000,1(4.76 %),1000,22000000,0,0,22000,22000,22000
2021-06-08,14.71,22000,0(0.00 %),0,0,0,0,22000,22000,22000
2021-06-09,13.97,20900,-1.1(-5.00 %),1200,25000000,0,0,20650,20900,20600
2021-06-10,13.03,19450,-1.6(-7.66 %),1400,29000000,0,0,20900,21000,19450
2021-06-11,13.26,19650,0.35(1.81 %),800,16000000,0,0,20650,20650,19500
2021-06-14,14.18,21000,1.35(6.87 %),7600,159000000,0,0,20950,21000,20900
2021-06-15,14.58,21600,0.6(2.86 %),3600,78000000,0,0,22000,22000,21500
2021-06-16,14.58,21600,0(0.00 %),100,2000000,0,0,21600,21600,21600
2021-06-17,13.7,20300,-1.3(-6.02 %),5000,101000000,0,0,20250,20350,20200
2021-06-18,13.87,20550,0.25(1.23 %),6600,139000000,0,0,21000,21000,20550
2021-06-21,13.84,20500,-0.05(-0.24 %),1100,23000000,0,0,20500,20500,20500
2021-06-22,13.87,20550,0.05(0.24 %),3300,68000000,0,0,20500,20750,20500
2021-06-23,13.87,20550,0(0.00 %),2700,55000000,0,0,20550,20550,20550
2021-06-24,13.87,20550,0(0.00 %),200,4000000,0,0,20550,20550,20550
2021-06-25,13.87,20550,0(0.00 %),0,0,0,0,20550,20550,20550
2021-06-28,14.18,21000,0.45(2.19 %),1800,38000000,0,0,21000,21000,21000
2021-06-29,14.31,21200,0.2(0.95 %),11900,254000000,0,0,21400,21500,21200
2021-06-30,14.51,21500,0.3(1.42 %),6900,148000000,0,0,21500,21500,21500
2021-07-01,14.78,21900,0.4(1.86 %),3800,83000000,0,0,21500,22000,21500
2021-07-02,14.18,21000,-0.9(-4.11 %),500,11000000,0,0,21000,21000,21000
2021-07-05,13.84,20500,-0.5(-2.38 %),15600,320000000,0,0,20500,21000,20000
2021-07-06,13.84,20500,0(0.00 %),2900,59000000,0,0,20500,20500,20500
2021-07-07,13.5,20000,-0.5(-2.44 %),7500,150000000,0,0,20000,20000,20000
2021-07-08,13.5,20000,0(0.00 %),2000,40000000,0,0,20000,20000,20000
2021-07-09,13.84,20500,0.5(2.50 %),3300,66000000,0,0,20000,20500,20000
2021-07-12,13.64,20200,-0.3(-1.46 %),3800,76000000,0,0,20500,20500,19800
2021-07-13,13.64,20200,0(0.00 %),3000,60000000,0,0,20200,20200,20200
2021-07-14,13.5,20000,-0.2(-0.99 %),600,12000000,0,0,20000,20000,20000
2021-07-15,13.5,20000,0(0.00 %),1500,30000000,0,0,20000,20000,20000
2021-07-16,13.84,20500,0.5(2.50 %),100,2000000,0,0,20500,20500,20500
2021-07-19,13.5,20000,-0.5(-2.44 %),6600,132000000,0,0,20500,20500,20000
2021-07-20,13.5,20000,0(0.00 %),200,4000000,0,0,20000,20000,20000
2021-07-21,13.5,20000,0(0.00 %),0,0,0,0,20000,20000,20000
2021-07-22,14.04,20800,0.8(4.00 %),4500,93000000,0,0,20500,20800,20500
2021-07-23,15.02,22250,1.45(6.97 %),54700,1194000000,0,0,21000,22250,20800
2021-07-26,16.07,23800,1.55(6.97 %),58700,1376000000,0,0,23800,23800,22300
2021-07-27,17.18,25450,1.65(6.93 %),49300,1246000000,0,0,25400,25450,24000
2021-07-28,17.48,25900,0.45(1.77 %),600,15000000,0,0,27000,27000,25900
2021-07-29,17.35,25700,-0.2(-0.77 %),4100,101000000,0,0,25700,25700,24100
2021-07-30,17.21,25500,-0.2(-0.78 %),3200,77000000,0,0,25600,25600,24000
2021-08-02,17.21,25500,0(0.00 %),24200,575000000,0,0,25000,25500,23750
2021-08-03,17.15,25400,-0.1(-0.39 %),1900,48000000,0,0,25500,25500,25400
2021-08-04,16.2,24000,-1.4(-5.51 %),700,17000000,0,0,25300,25300,24000
2021-08-05,16.2,24000,0(0.00 %),12300,295000000,0,0,24000,24000,24000
2021-08-06,15.43,22850,-1.15(-4.79 %),9700,222000000,0,0,22800,23000,22800
2021-08-09,15.86,23500,0.65(2.84 %),4700,108000000,0,0,22800,23500,22800
2021-08-10,16.88,25000,1.5(6.38 %),1600,35000000,0,0,22050,25000,22050
2021-08-11,15.86,23500,-1.5(-6.00 %),12700,305000000,0,0,24800,24800,23500
2021-08-12,15.86,23500,0(0.00 %),3800,90000000,0,0,24000,24000,23500
2021-08-13,14.85,22000,-1.5(-6.38 %),17300,385000000,0,0,22050,22600,22000
2021-08-16,15.53,23000,1(4.55 %),4700,108000000,0,0,23000,23000,23000
2021-08-17,16.2,24000,1(4.35 %),9000,212000000,0,0,23050,24000,23050
2021-08-18,16.2,24000,0(0.00 %),6000,144000000,0,0,24000,24000,24000
2021-08-19,16.2,24000,0(0.00 %),1900,45000000,0,0,24000,24000,24000
2021-08-20,16.2,24000,0(0.00 %),10800,259000000,0,0,24000,24000,24000
2021-08-23,15.53,23000,-1(-4.17 %),21300,489000000,0,0,23000,23050,22800
2021-08-24,15.53,23000,0(0.00 %),300,6000000,0,0,23000,23000,23000
2021-08-25,15.53,23000,0(0.00 %),21000,455000000,0,0,21600,23000,21600
2021-08-26,16.13,23900,0.9(3.91 %),4600,108000000,0,0,23050,24000,23050
2021-08-27,16.27,24100,0.2(0.84 %),41500,994000000,0,0,23900,24500,23900
2021-08-30,17.21,25500,1.4(5.81 %),120900,2965000000,0,0,24100,25500,24100
2021-08-31,17.18,25450,-0.05(-0.20 %),62300,1576000000,0,0,24000,26000,24000
2021-09-01,16.88,25000,-0.45(-1.77 %),89100,2240000000,0,0,25500,26000,25000
2021-09-06,16.67,24700,-0.3(-1.20 %),83300,2055000000,0,0,25000,25000,24200
2021-09-07,16.2,24000,-0.7(-2.83 %),40300,981000000,0,0,24600,24700,24000
2021-09-08,16.2,24000,0(0.00 %),4300,103000000,0,0,24800,24800,23800
2021-09-09,16.34,24200,0.2(0.83 %),11700,286000000,0,0,24200,24700,24200
2021-09-10,16.54,24500,0.3(1.24 %),12900,315000000,0,0,24200,25000,24200
2021-09-13,16.4,24300,-0.2(-0.82 %),26900,658000000,0,0,24600,24600,24200
2021-09-14,16.4,24300,0(0.00 %),24200,588000000,0,0,24300,24400,24300
2021-09-15,16.34,24200,-0.1(-0.41 %),34900,851000000,0,0,24400,24500,24200
2021-09-16,16.88,25000,0.8(3.31 %),91600,2236000000,0,0,24200,25100,24000
2021-09-17,16.88,25000,0(0.00 %),18100,450000000,0,0,24950,25000,24400
2021-09-20,17.89,26500,1.5(6.00 %),75400,1956000000,0,0,25000,26700,25000
2021-09-21,17.62,26100,-0.4(-1.51 %),13600,348000000,0,0,25050,26500,25050
2021-09-22,18.23,27000,0.9(3.45 %),101700,2678000000,0,0,26100,27000,26000
2021-09-23,17.96,26600,-0.4(-1.48 %),59900,1663000000,0,0,28000,28500,26600
2021-09-24,18.43,27300,0.7(2.63 %),11300,308000000,0,0,27300,27300,27250
2021-09-27,18.36,27200,-0.1(-0.37 %),99000,2700000000,0,0,27550,28500,25600
2021-09-28,18.36,27200,0(0.00 %),7300,192000000,0,0,25300,27200,25300
2021-09-29,18.23,27000,-0.2(-0.74 %),25700,693000000,0,0,27200,27200,26700
2021-09-30,17.72,26250,-0.75(-2.78 %),7400,194000000,0,0,26500,26500,26250
2021-10-01,17.62,26100,-0.15(-0.57 %),45600,1189000000,103470,2529841500,26250,26300,25500
2021-10-04,17.59,26050,-0.05(-0.19 %),7500,196000000,0,0,26000,26800,26000
2021-10-05,17.55,26000,-0.05(-0.19 %),25000,649000000,0,0,26750,26750,25850
2021-10-06,18.53,27450,1.45(5.58 %),204500,5550000000,0,0,26800,27500,26500
2021-10-07,18.5,27400,-0.05(-0.18 %),198900,5427000000,0,0,28000,28000,27000
2021-10-08,18.5,27400,0(0.00 %),89200,2437000000,0,0,27250,27450,27200
2021-10-11,18.5,27400,0(0.00 %),167700,4610000000,0,0,27600,27900,27400
2021-10-12,18.53,27450,0.05(0.18 %),145700,3993000000,0,0,27500,27500,27100
2021-10-13,18.63,27600,0.15(0.55 %),154100,4240000000,0,0,27400,27700,27350
2021-10-14,18.63,27600,0(0.00 %),90000,2483000000,0,0,27600,27700,27500
2021-10-15,18.56,27500,-0.1(-0.36 %),80200,2214000000,0,0,27600,28500,27450
2021-10-18,18.43,27300,-0.2(-0.73 %),83100,2276000000,0,0,27450,27500,27300
2021-10-19,19.14,28350,1.05(3.85 %),155600,4371000000,0,0,27000,28950,26800
2021-10-20,18.83,27900,-0.45(-1.59 %),80500,2252000000,0,0,28400,28400,27600
2021-10-21,18.43,27300,-0.6(-2.15 %),34900,958000000,0,0,27200,28050,27200
2021-10-22,18.43,27300,0(0.00 %),86500,2357000000,0,0,27700,27700,27000
2021-10-25,18.9,28000,0.7(2.56 %),134300,3745000000,0,0,27000,28600,27000
2021-10-26,19.0,28150,0.15(0.54 %),83200,2336000000,0,0,28800,28800,27800
2021-10-27,19.14,28350,0.2(0.71 %),186000,5239000000,0,0,28500,28500,27900
2021-10-28,19.71,29200,0.85(3.00 %),171200,4946000000,0,0,28950,29400,28200
2021-10-29,20.96,31050,1.85(6.34 %),274900,8496000000,0,0,30000,31200,29300
2021-11-01,20.69,30650,-0.4(-1.29 %),217800,6728000000,0,0,32000,32300,30000
2021-11-02,20.72,30700,0.05(0.16 %),181200,5548000000,0,0,30650,31500,30200
2021-11-03,20.59,30500,-0.2(-0.65 %),160300,4928000000,0,0,30800,31350,30400
2021-11-04,20.62,30550,0.05(0.16 %),77700,2357000000,0,0,30000,30800,30000
2021-11-05,20.66,30600,0.05(0.16 %),77100,2363000000,0,0,30650,31100,30500
2021-11-08,20.99,31100,0.5(1.63 %),115200,3576000000,0,0,30600,31800,30600
2021-11-09,20.93,31000,-0.1(-0.32 %),95700,2989000000,0,0,31100,32200,30900
2021-11-10,20.79,30800,-0.2(-0.65 %),104600,3231000000,0,0,31000,31000,30700
2021-11-11,20.45,30300,-0.5(-1.62 %),143500,4343000000,0,0,30800,30800,29950
2021-11-12,21.26,31500,1.2(3.96 %),151200,4658000000,0,0,30000,31500,29700
2021-11-15,21.03,31150,-0.35(-1.11 %),143800,4495000000,0,0,31600,31650,31000
2021-11-16,21.06,31200,0.05(0.16 %),128500,3998000000,0,0,31000,31400,30750
2021-11-17,20.93,31000,-0.2(-0.64 %),64700,2012000000,0,0,31800,31800,30800
2021-11-18,20.93,31000,0(0.00 %),106600,3302000000,0,0,31000,31150,30800
2021-11-19,20.72,30700,-0.3(-0.97 %),95000,2941000000,0,0,31000,31300,30650
2021-11-22,20.25,30000,-0.7(-2.28 %),63300,1927000000,0,0,30650,30650,30000
2021-11-23,20.56,30450,0.45(1.50 %),18400,550000000,0,0,29950,30450,29500
2021-11-24,20.52,30400,-0.05(-0.16 %),22700,690000000,0,0,31500,31500,30200
2021-11-25,20.56,30450,0.05(0.16 %),90000,2719000000,0,0,30050,30450,29900
2021-11-26,20.25,30000,-0.45(-1.48 %),48900,1471000000,0,0,30500,30500,29950
2021-11-29,20.18,29900,-0.1(-0.33 %),91000,2638000000,0,0,28000,29900,28000
2021-11-30,19.91,29500,-0.4(-1.34 %),71500,2128000000,0,0,29800,30400,29500
2021-12-01,20.45,30300,0.8(2.71 %),40500,1223000000,0,0,30800,30800,29950
2021-12-02,20.45,30300,0(0.00 %),35600,1075000000,0,0,30500,30500,29800
2021-12-03,20.18,29900,-0.4(-1.32 %),39400,1183000000,0,0,30050,30150,29800
2021-12-06,20.18,29900,0(0.00 %),53400,1602000000,0,0,29900,30300,29800
2021-12-07,20.25,30000,0.1(0.33 %),39800,1194000000,0,0,29900,30300,29900
2021-12-08,20.99,31100,1.1(3.67 %),39500,1215000000,0,0,31500,31500,30250
2021-12-09,20.99,31100,0(0.00 %),15200,466000000,0,0,31100,31100,30500
2021-12-10,20.79,30800,-0.3(-0.96 %),6900,211000000,0,0,31400,31400,30450
2021-12-13,20.52,30400,-0.4(-1.30 %),21600,660000000,0,0,30200,30850,30200
2021-12-14,20.52,30400,0(0.00 %),48500,1472000000,0,0,30400,30600,30250
2021-12-15,20.52,30400,0(0.00 %),12400,375000000,0,0,30400,30400,30200
2021-12-16,20.25,30000,-0.4(-1.32 %),13900,418000000,0,0,30000,30300,30000
2021-12-17,19.91,29500,-0.5(-1.67 %),64500,1889000000,0,0,30400,30400,28950
2021-12-20,19.98,29600,0.1(0.34 %),21300,628000000,0,0,30000,30000,29300
2021-12-21,20.05,29700,0.1(0.34 %),39600,1171000000,0,0,29600,29750,29400
2021-12-22,19.98,29600,-0.1(-0.34 %),12000,350000000,0,0,29600,29600,29000
2021-12-23,19.71,29200,-0.4(-1.35 %),16400,475000000,0,0,29500,29500,28500
2021-12-24,19.71,29200,0(0.00 %),15200,443000000,0,0,28500,29950,27600
2021-12-27,19.71,29200,0(0.00 %),13100,380000000,0,0,29000,29500,29000
2021-12-28,19.71,29200,0(0.00 %),4300,125000000,0,0,29000,29300,29000
2021-12-29,19.64,29100,-0.1(-0.34 %),10600,308000000,0,0,29200,29200,28900
2021-12-30,19.68,29150,0.05(0.17 %),9600,279000000,0,0,29000,29200,29000
2021-12-31,19.68,29150,-0.05(-0.17 %),10200,299000000,0,0,29150,29600,29100
2022-01-04,19.71,29200,0(0.00 %),11100,324000000,0,0,29200,29600,29150
2022-01-05,19.71,29200,0(0.00 %),16000,467000000,0,0,29200,29500,29100
2022-01-06,19.91,29500,0.3(1.03 %),40100,1168000000,0,0,29200,29500,29000
2022-01-07,19.71,29200,-0.3(-1.02 %),7500,220000000,0,0,29600,29600,29100
2022-01-10,19.78,29300,0.1(0.34 %),7300,213000000,0,0,29300,29300,29100
2022-01-11,19.64,29100,-0.2(-0.68 %),16700,488000000,0,0,29300,29400,28950
2022-01-12,19.61,29050,-0.05(-0.17 %),14700,423000000,0,0,29100,29100,28300
2022-01-13,19.61,29050,-0.05(-0.17 %),11900,345000000,0,0,29050,29100,29050
2022-01-14,19.58,29000,-0.1(-0.34 %),5000,144000000,0,0,29000,29000,28950
2022-01-17,19.51,28900,-0.1(-0.34 %),19900,575000000,0,0,29200,29200,28600
2022-01-18,19.37,28700,-0.2(-0.69 %),21500,617000000,0,0,28900,28900,28500
2022-01-19,18.9,28000,-0.7(-2.44 %),8400,235000000,0,0,28000,28200,28000
2022-01-20,18.97,28100,-0.4(-1.40 %),6800,190000000,0,0,28000,28100,28000
2022-01-21,19.24,28500,0.3(1.06 %),8100,228000000,0,0,28200,28900,28000
2022-01-24,19.1,28300,-0.2(-0.70 %),23500,665000000,0,0,28500,28500,28200
2022-01-25,19.1,28300,0(0.00 %),11100,306000000,0,0,28000,28900,26350
2022-01-26,19.31,28600,0.3(1.06 %),36000,1038000000,0,0,27050,29150,27050
2022-01-27,19.0,28150,-0.45(-1.57 %),3000,85000000,0,0,27900,29000,27900
2022-01-28,19.91,29500,1.3(4.61 %),14600,419000000,0,0,28500,29500,28500
2022-02-07,19.58,29000,-0.5(-1.69 %),4900,142000000,0,0,29500,29850,28700
2022-02-08,20.25,30000,1(3.45 %),8200,238000000,0,0,28100,30000,28100
2022-02-09,19.58,29000,-1(-3.33 %),9100,264000000,0,0,28900,29500,28650
2022-02-10,19.98,29600,0.6(2.07 %),57000,1673000000,0,0,29500,29700,29000
2022-02-11,20.22,29950,0.35(1.18 %),11400,339000000,0,0,29500,30000,29200
2022-02-14,20.18,29900,-0.1(-0.33 %),9500,282000000,0,0,30000,30000,29250
2022-02-15,19.98,29600,-0.3(-1.00 %),24700,736000000,0,0,29150,30000,29150
2022-02-16,20.25,30000,0.4(1.35 %),35900,1067000000,0,0,29600,30000,29600
2022-02-17,20.25,30000,0(0.00 %),14000,420000000,0,0,30000,30200,29700
2022-02-18,20.66,30600,0.6(2.00 %),51000,1556000000,0,0,30000,31100,29700
2022-02-21,20.62,30550,-0.05(-0.16 %),19700,598000000,0,0,30800,30800,29650
2022-02-22,20.25,30000,-0.6(-1.96 %),8600,258000000,0,0,30850,30850,28700
2022-02-23,20.25,30000,0(0.00 %),2800,84000000,0,0,30000,30200,29800
2022-02-24,20.39,30200,0.2(0.67 %),21300,641000000,0,0,30200,30500,29900
2022-02-25,20.39,30200,0(0.00 %),24900,750000000,0,0,30200,30400,29700
2022-02-28,20.72,30700,0.5(1.66 %),22000,670000000,0,0,30000,30700,30000
2022-03-01,20.93,31000,0.3(0.98 %),37500,1160000000,0,0,30700,31100,30550
2022-03-02,21.06,31200,0.2(0.65 %),31500,975000000,0,0,31300,31500,30400
2022-03-03,20.93,31000,-0.2(-0.64 %),8300,256000000,0,0,31100,31100,30800
2022-03-04,21.94,32500,1.5(4.84 %),483900,15815000000,0,0,30400,33150,30400
2022-03-07,22.14,32800,0.3(0.92 %),43600,1436000000,0,0,31700,33800,31700
2022-03-08,21.53,31900,-0.9(-2.74 %),42200,1387000000,0,0,33000,33400,31900
2022-03-09,21.47,31800,-0.1(-0.31 %),117500,3732000000,0,0,32300,32300,31500
2022-03-10,22.55,33400,1.6(5.03 %),118700,3913000000,0,0,31800,33400,31800
2022-03-11,22.82,33800,0.4(1.20 %),101500,3437000000,0,0,33500,34500,33400
2022-03-14,23.53,34850,1.05(3.11 %),140600,4876000000,0,0,34900,35200,33800
2022-03-15,24.23,35900,1(2.87 %),92000,3253000000,0,0,35000,36000,34700
2022-03-16,24.91,36900,1(2.79 %),84400,3067000000,0,0,37350,37350,35800
2022-03-17,25.65,38000,1.1(2.98 %),93800,3475000000,0,0,36900,38000,36600
2022-03-18,25.65,38000,0(0.00 %),94100,3565000000,0,0,38000,38000,37700
2022-03-21,26.87,39800,1.8(4.74 %),139100,5370000000,0,0,37900,39800,37800
2022-03-22,28.08,41600,1.8(4.52 %),139000,5676000000,0,0,41450,41600,39800
2022-03-23,29.57,43800,2.2(5.29 %),176100,7456000000,0,0,42000,43800,41500
2022-03-24,31.14,40750,1.9(5.43 %),44000,1604000000,0,0,40750,40750,40750
2022-03-25,28.99,34350,-2.55(-6.91 %),27800,977000000,0,0,36900,36900,34350
2022-03-28,26.96,31950,-2.45(-7.12 %),89900,2878000000,0,0,32000,34000,31950
2022-03-29,26.71,31650,-0.35(-1.09 %),26700,826000000,0,0,30250,31950,30250
2022-03-30,26.16,31000,-0.7(-2.21 %),17800,551000000,0,0,31650,31650,30500
2022-03-31,26.07,30900,-0.1(-0.32 %),17300,531000000,0,0,30000,31000,30000
2022-04-01,24.47,29000,-1.9(-6.15 %),83600,2465000000,0,0,30400,30750,28750
2022-04-04,26.12,30950,1.95(6.72 %),26600,795000000,0,0,29000,30950,28800
2022-04-05,27.42,32500,1.5(4.84 %),52500,1682000000,0,0,31000,32700,30950
2022-04-06,26.41,31300,-1.2(-3.69 %),23900,740000000,0,0,31000,31600,30250
2022-04-07,26.5,31400,0.1(0.32 %),6700,201000000,0,0,29900,31400,29900
2022-04-08,25.23,29900,-1.5(-4.78 %),10200,315000000,0,0,31350,31400,29900
2022-04-12,24.05,28500,-1.4(-4.68 %),32300,943000000,0,0,29800,30550,28500
2022-04-13,23.96,28400,-0.1(-0.35 %),29900,850000000,0,0,28500,29000,27900
2022-04-14,23.8,28200,-0.2(-0.70 %),4400,123000000,0,0,27650,29500,27650
2022-04-15,23.63,28000,-0.2(-0.71 %),64900,1779000000,0,0,27700,29800,26250
2022-04-18,23.04,27300,-0.7(-2.50 %),12900,360000000,0,0,27200,28950,27100
2022-04-19,22.95,27200,-0.1(-0.37 %),9700,266000000,0,0,28000,28800,27100
2022-04-20,23.37,27700,0.5(1.84 %),9200,252000000,0,0,27000,28000,27000
2022-04-21,23.37,27700,0(0.00 %),48800,1341000000,0,0,27100,27950,26900
2022-04-22,23.92,28350,0.65(2.35 %),9900,277000000,0,0,27600,28800,27600
2022-04-25,23.04,27300,-1.1(-3.87 %),51200,1396000000,0,0,27000,27700,27000
2022-04-26,23.54,27900,0.6(2.20 %),36400,984000000,0,0,27000,27900,26600
2022-04-27,23.8,28200,0.3(1.08 %),9600,264000000,0,0,28800,28800,27400
2022-04-28,23.96,28400,0.2(0.71 %),4100,116000000,0,0,28750,28750,27600
2022-04-29,23.63,28000,-0.4(-1.41 %),16200,452000000,0,0,27500,28400,27500
2022-05-04,23.25,27550,-0.45(-1.61 %),105900,2930000000,0,0,28800,28800,27400
2022-05-05,23.33,27650,0.05(0.18 %),34900,963000000,0,0,27600,27800,27400
2022-05-06,23.8,28200,0.5(1.81 %),21000,588000000,0,0,27450,28350,27450
2022-05-09,23.04,27300,-0.9(-3.19 %),43900,1204000000,0,0,27450,28200,27000
2022-05-10,23.54,27900,0.6(2.20 %),34900,959000000,0,0,27300,27900,27250
2022-05-11,23.84,28250,0.35(1.25 %),4700,132000000,0,0,28250,28250,27600
2022-05-12,23.16,27450,-0.8(-2.83 %),114300,3139000000,0,0,27450,27550,27300
2022-05-13,23.16,27450,0(0.00 %),93300,2565000000,0,0,27450,27600,27350
2022-05-16,23.21,27500,0(0.00 %),57200,1573000000,0,0,27500,27850,27400
2022-05-17,23.37,27700,0.2(0.73 %),31600,870000000,0,0,27500,27700,27450
2022-05-18,23.29,27600,-0.1(-0.36 %),23100,639000000,0,0,27900,27900,27550
2022-05-19,23.29,27600,0(0.00 %),15600,430000000,0,0,27500,27600,27500
2022-05-20,23.29,27600,0(0.00 %),40900,1140000000,0,0,27500,28100,27500
2022-05-23,23.29,27600,0(0.00 %),8200,226000000,0,0,27550,27600,27500
2022-05-24,23.25,27550,-0.05(-0.18 %),3800,104000000,0,0,27550,28000,27550
2022-05-25,23.29,27600,0(0.00 %),10500,289000000,0,0,27500,27600,27500
2022-05-26,23.33,27650,0.05(0.18 %),3700,102000000,0,0,27650,28600,27650
2022-05-27,23.5,27850,0.15(0.54 %),7700,213000000,0,0,27500,27850,27500
2022-05-30,23.5,27850,-0.05(-0.18 %),3100,86000000,0,0,28300,28300,27550
2022-05-31,23.33,27650,-0.25(-0.90 %),4600,127000000,0,0,28100,28100,27650
2022-06-01,23.37,27700,0(0.00 %),1800,49000000,0,0,27650,27700,27600
2022-06-02,23.37,27700,0(0.00 %),40200,1083000000,0,0,27800,27800,26000
2022-06-03,23.37,27700,0(0.00 %),12000,332000000,0,0,27700,27700,27650
2022-06-06,22.16,25750,-1.4(-5.20 %),52700,1420000000,0,0,27750,27750,25750
2022-06-07,23.68,27250,1.75(6.86 %),40600,1094000000,0,0,25550,27250,25550
2022-06-08,23.94,27550,0.25(0.92 %),3600,100000000,0,0,27150,28400,27150
2022-06-09,23.98,27600,0(0.00 %),15700,432000000,0,0,27500,27600,27300
2022-06-10,23.94,27550,-0.05(-0.18 %),4600,126000000,0,0,27400,27550,27400
2022-06-13,24.07,27700,0.1(0.36 %),85400,2354000000,0,0,27550,27950,27200
2022-06-14,23.94,27550,-0.15(-0.54 %),2300,63000000,0,0,27700,27700,27350
2022-06-15,23.81,27400,-0.2(-0.72 %),2900,79000000,0,0,27500,27500,26700
2022-06-16,23.81,27400,0(0.00 %),5700,153000000,0,0,27400,27400,26000
2022-06-17,23.81,27400,0(0.00 %),6400,171000000,0,0,26000,27450,26000
2022-06-20,23.81,27400,0(0.00 %),600,16000000,0,0,27400,27400,27400
2022-06-21,23.29,26800,-0.6(-2.19 %),9400,252000000,0,0,26900,27000,26800
2022-06-22,23.29,26800,0(0.00 %),5800,155000000,0,0,26800,26800,26800
2022-06-23,22.59,26000,-0.8(-2.99 %),4400,117000000,0,0,26800,26800,26000
2022-06-24,22.59,26000,0(0.00 %),15200,395000000,0,0,26000,26100,26000
2022-06-27,22.85,26300,0.3(1.15 %),10400,269000000,0,0,26500,26500,25800
2022-06-28,23.46,27000,0.7(2.66 %),2500,65000000,0,0,26300,27000,26300
2022-06-29,23.64,27200,0.2(0.74 %),38400,1024000000,0,0,26500,27200,26000
2022-06-30,23.46,27000,-0.2(-0.74 %),53300,1446000000,0,0,27000,27200,27000
2022-07-01,23.81,27400,0.4(1.48 %),29400,798000000,0,0,27000,27600,26850
2022-07-04,23.64,27200,-0.2(-0.73 %),5700,154000000,0,0,27000,27200,27000
2022-07-05,23.81,27400,0.2(0.74 %),13300,361000000,0,0,27000,27400,27000
2022-07-06,23.64,27200,-0.2(-0.73 %),12500,339000000,0,0,27000,27300,27000
2022-07-07,23.64,27200,0(0.00 %),5800,158000000,0,0,27200,27300,27200
2022-07-08,23.64,27200,0(0.00 %),19200,520000000,0,0,27250,27300,27000
2022-07-11,23.81,27400,0.2(0.74 %),6100,165000000,0,0,27000,27400,27000
2022-07-12,23.81,27400,0(0.00 %),2600,70000000,0,0,27000,27400,27000
2022-07-13,23.64,27200,-0.2(-0.73 %),2800,76000000,0,0,27150,27200,27150
2022-07-14,23.9,27500,0.3(1.10 %),4000,110000000,0,0,27200,27800,27200
2022-07-15,23.64,27200,-0.3(-1.09 %),1500,40000000,0,0,27200,27200,27200
2022-07-18,23.64,27200,0(0.00 %),0,0,0,0,27200,27200,27200
2022-07-19,23.9,27500,0.3(1.10 %),5800,157000000,0,0,27200,27500,27200
2022-07-20,23.81,27400,-0.1(-0.36 %),600,16000000,0,0,27400,27400,27400
2022-07-21,23.68,27250,-0.15(-0.55 %),300,8000000,0,0,27400,27400,27250
2022-07-22,23.9,27500,0.2(0.73 %),5400,147000000,0,0,27200,27500,27200
2022-07-25,23.94,27550,0.05(0.18 %),6300,173000000,0,0,27500,27600,27500
2022-07-26,23.64,27200,-0.4(-1.45 %),600,16000000,0,0,27250,27250,27200
2022-07-27,24.16,27800,0.6(2.21 %),6300,170000000,0,0,27200,27800,27050
2022-07-28,23.64,27200,-0.6(-2.16 %),4500,122000000,0,0,27250,27250,27200
2022-07-29,23.64,27200,0(0.00 %),1800,48000000,0,0,27200,27200,27200
2022-08-01,23.64,27200,0(0.00 %),7300,199000000,0,0,28000,28000,27200
2022-08-02,23.64,27200,0(0.00 %),5800,158000000,0,0,27200,27300,27200
2022-08-03,23.64,27200,0(0.00 %),900,24000000,0,0,27200,27200,27200
2022-08-04,23.64,27200,0(0.00 %),2600,70000000,0,0,27200,27200,27200
2022-08-05,23.9,27500,0.3(1.10 %),28100,763000000,0,0,27200,27700,27000
2022-08-08,23.9,27500,0(0.00 %),4600,125000000,347750,10223850000,27200,27500,27200
2022-08-09,23.9,27500,0(0.00 %),2200,60000000,0,0,27500,27850,27500
2022-08-10,23.64,27200,-0.3(-1.09 %),13000,353000000,0,0,27250,27250,27100
2022-08-11,23.64,27200,0(0.00 %),2200,59000000,0,0,27200,27500,27200
2022-08-12,23.9,27500,0.3(1.10 %),12700,347000000,0,0,27200,27500,27200
2022-08-15,23.72,27300,-0.2(-0.73 %),4800,130000000,0,0,27200,27300,27200
2022-08-16,23.9,27500,0.2(0.73 %),10300,284000000,0,0,27400,27650,27400
2022-08-17,23.9,27500,0(0.00 %),0,0,0,0,27500,27500,27500
2022-08-18,23.81,27400,-0.1(-0.36 %),5400,149000000,0,0,27700,27800,27400
2022-08-19,23.85,27450,0.05(0.18 %),2400,65000000,0,0,27500,27500,27250
2022-08-22,23.9,27500,0(0.00 %),1500,41000000,0,0,27500,27850,27500
2022-08-23,23.72,27300,-0.2(-0.73 %),12700,346000000,0,0,27100,27300,27100
2022-08-24,23.72,27300,0(0.00 %),8200,223000000,0,0,27200,27300,27050
2022-08-25,24.03,27650,0.35(1.28 %),12800,349000000,0,0,27300,27650,27300
2022-08-26,23.72,27300,-0.4(-1.44 %),2000,54000000,0,0,27300,27300,27300
2022-08-29,23.9,27500,0.2(0.73 %),1100,30000000,0,0,27500,27500,27500
2022-08-30,23.9,27500,0(0.00 %),5800,159000000,0,0,27500,27500,27500
2022-08-31,23.9,27500,0(0.00 %),19200,531000000,0,0,27700,28000,27500
2022-09-05,24.11,27750,0.25(0.91 %),11100,305000000,0,0,27500,27750,27500
2022-09-06,23.9,27500,-0.3(-1.08 %),7700,213000000,0,0,27600,27750,27500
2022-09-07,23.9,27500,0(0.00 %),16300,447000000,0,0,27300,27500,27300
2022-09-08,23.9,27500,0(0.00 %),2100,57000000,0,0,27500,27500,27300
2022-09-09,23.9,27500,0(0.00 %),10300,283000000,0,0,27500,27500,27500
2022-09-12,23.64,27200,-0.3(-1.09 %),3100,84000000,0,0,27250,27250,27100
2022-09-13,23.72,27300,0.1(0.37 %),17100,470000000,0,0,27700,27700,27300
2022-09-14,23.72,27300,0(0.00 %),8500,232000000,0,0,27300,27300,27300
2022-09-15,23.64,27200,-0.1(-0.37 %),400,10000000,0,0,27200,27250,27200
2022-09-16,23.64,27200,0(0.00 %),4800,130000000,0,0,27200,27300,27200
2022-09-19,23.64,27200,0(0.00 %),4100,111000000,0,0,27200,27200,27200
2022-09-20,23.72,27300,0.1(0.37 %),3200,87000000,0,0,27200,27300,27200
2022-09-21,23.64,27200,-0.1(-0.37 %),6500,176000000,0,0,27200,27200,27100
2022-09-22,23.68,27250,0.05(0.18 %),10600,288000000,0,0,27200,27250,27100
2022-09-23,24.33,28000,0.7(2.56 %),27500,764000000,0,0,27200,29150,27200
2022-09-26,23.64,27200,-0.8(-2.86 %),23600,653000000,0,0,28000,28200,27200
2022-09-27,23.64,27200,0(0.00 %),19200,522000000,0,0,27200,27200,27150
2022-09-28,23.64,27200,0(0.00 %),25800,700000000,0,0,27200,27200,27100
2022-09-29,23.64,27200,0(0.00 %),4500,122000000,0,0,27200,27200,27100
2022-09-30,23.64,27200,0(0.00 %),27400,743000000,0,0,27200,27200,27050
2022-10-03,23.64,27200,0(0.00 %),26000,706000000,0,0,27200,27200,27150
2022-10-04,23.64,27200,0(0.00 %),12300,334000000,0,0,27200,27200,27200
2022-10-05,23.64,27200,0(0.00 %),9500,258000000,0,0,27200,28000,27200
2022-10-06,23.59,27150,-0.05(-0.18 %),5000,135000000,0,0,28000,28000,27150
2022-10-07,23.5,27050,-0.15(-0.55 %),63600,1722000000,0,0,27200,27300,26800
2022-10-10,23.46,27000,-0.1(-0.37 %),16700,450000000,0,0,26700,27050,26700
2022-10-11,23.55,27100,0.1(0.37 %),49700,1343000000,0,0,27000,27200,27000
2022-10-12,23.46,27000,-0.1(-0.37 %),45600,1231000000,0,0,27100,27150,26900
2022-10-13,23.55,27100,0.1(0.37 %),29200,789000000,0,0,27000,27100,27000
2022-10-14,23.55,27100,0(0.00 %),18000,486000000,0,0,27000,27100,27000
2022-10-17,23.46,27000,-0.1(-0.37 %),3000,81000000,0,0,27000,27100,27000
2022-10-18,23.46,27000,0(0.00 %),3900,105000000,0,0,27000,27000,27000
2022-10-19,23.46,27000,0(0.00 %),600,16000000,0,0,27000,27000,27000
2022-10-20,23.46,27000,0(0.00 %),300,8000000,0,0,27000,27000,27000
2022-10-21,23.46,27000,0(0.00 %),300,8000000,0,0,27000,27000,27000
2022-10-24,23.29,26800,-0.2(-0.74 %),51800,1395000000,0,0,27000,27000,26800
2022-10-25,23.29,26800,0(0.00 %),13300,356000000,0,0,26800,26850,26800
2022-10-26,23.2,26700,-0.1(-0.37 %),77600,2079000000,0,0,26800,26800,26700
2022-10-27,23.29,26800,0.1(0.37 %),9600,257000000,0,0,27000,27000,26800
2022-10-28,23.29,26800,0(0.00 %),14000,375000000,0,0,26800,26800,26800
2022-10-31,23.29,26800,0(0.00 %),9000,241000000,0,0,26800,26800,26800
2022-11-01,23.37,26900,0.1(0.37 %),10100,271000000,0,0,26850,26900,26850
2022-11-02,24.76,28500,1.6(5.95 %),31700,856000000,0,0,27000,28500,27000
2022-11-03,23.29,26800,-1.7(-5.96 %),800,22000000,0,0,28200,28200,26800
2022-11-04,23.46,27000,0.2(0.75 %),41500,1115000000,0,0,26900,27000,26600
2022-11-07,23.29,26800,-0.2(-0.74 %),2100,56000000,0,0,26800,26800,26800
2022-11-08,23.29,26800,0(0.00 %),107200,2862000000,0,0,26800,26800,26400
2022-11-09,23.29,26800,0(0.00 %),121100,3245000000,0,0,26800,26800,26800
2022-11-10,23.29,26800,0(0.00 %),0,0,0,0,26800,26800,26800
2022-11-11,23.29,26800,0(0.00 %),8900,237000000,0,0,26800,26800,26600
2022-11-14,23.11,26600,-0.2(-0.75 %),27700,735000000,0,0,26800,26800,26400
2022-11-15,23.11,26600,0(0.00 %),33200,882000000,0,0,26600,26600,26500
2022-11-16,23.03,26500,-0.1(-0.38 %),4700,124000000,0,0,26600,26600,26500
2022-11-17,23.03,26500,0(0.00 %),2000,53000000,0,0,26500,26500,26500
2022-11-18,22.55,25950,-0.55(-2.08 %),7300,189000000,0,0,24700,26100,24700
2022-11-21,21.55,24800,-1.2(-4.62 %),9600,248000000,0,0,25950,25950,24800
2022-11-22,21.55,24800,0(0.00 %),3200,79000000,0,0,24850,25400,24800
2022-11-23,21.55,24800,0(0.00 %),3300,81000000,0,0,24800,24800,24800
2022-11-24,20.85,24000,-0.8(-3.23 %),100,2000000,0,0,24000,24000,24000
2022-11-25,20.85,24000,0(0.00 %),9400,225000000,0,0,24000,24000,24000
2022-11-28,20.85,24000,0(0.00 %),11300,271000000,0,0,24000,24000,23700
2022-11-29,20.85,24000,0(0.00 %),1100,26000000,0,0,24000,24000,24000
2022-11-30,20.68,23800,-0.2(-0.83 %),200,4000000,0,0,23800,23800,23800
2022-12-01,20.68,23800,0(0.00 %),1000,23000000,0,0,23800,23800,23800
2022-12-02,22.07,25400,1.6(6.72 %),1700,42000000,0,0,23750,25400,23750
2022-12-05,23.59,27150,1.75(6.89 %),300,7000000,0,0,25000,27150,25000
2022-12-06,24.5,28200,1(3.68 %),3400,94000000,0,0,28500,28500,27000
2022-12-07,24.24,27900,-0.3(-1.06 %),100,2000000,0,0,27900,27900,27900
2022-12-08,24.24,26700,0(0.00 %),0,0,0,0,26700,26700,26700
2022-12-09,24.24,26700,-1.2(-4.30 %),2600,69000000,0,0,26700,27500,26700
2022-12-12,24.42,26900,0.2(0.75 %),200,5000000,0,0,27500,27500,26900
2022-12-13,24.42,26900,0(0.00 %),1000,26000000,0,0,26900,26900,26900
2022-12-14,24.24,26700,-0.2(-0.74 %),2600,68000000,0,0,26500,26700,26500
2022-12-15,24.15,26600,-0.1(-0.37 %),200,5000000,0,0,26600,26600,26600
2022-12-16,24.15,26600,0(0.00 %),0,0,0,0,26600,26600,26600
2022-12-19,24.06,26500,-0.1(-0.38 %),10700,283000000,0,0,26600,26600,26400
2022-12-20,24.15,26600,0.1(0.38 %),1300,34000000,0,0,26500,26600,26500
2022-12-21,22.7,25000,-1.6(-6.02 %),1500,37000000,0,0,25000,25000,25000
2022-12-22,22.7,25000,0(0.00 %),0,0,0,0,25000,25000,25000
2022-12-23,23.24,25600,0.6(2.40 %),2000,51000000,0,0,25600,25600,25600
2022-12-26,23.43,25800,0.2(0.78 %),1800,46000000,0,0,27350,27350,25800
2022-12-27,25.06,27600,1.8(6.98 %),600,15000000,0,0,26000,27600,26000
2022-12-28,23.61,26000,-1.6(-5.80 %),900,23000000,0,0,26000,27600,26000
2022-12-29,24.06,26500,0.5(1.92 %),1700,45000000,0,0,26800,26800,26500
2022-12-30,24.33,26800,0.3(1.13 %),200,5000000,0,0,26500,26800,26500
2023-01-03,24.52,27000,0.2(0.75 %),600,16000000,0,0,27000,27000,27000
2023-01-04,24.52,27000,0(0.00 %),0,0,0,0,27000,27000,27000
2023-01-05,24.33,26800,-0.2(-0.74 %),100,2000000,0,0,26800,26800,26800
2023-01-06,24.06,26500,-0.3(-1.12 %),300,7000000,0,0,26500,26500,26500
2023-01-09,24.06,26500,0(0.00 %),0,0,0,0,26500,26500,26500
2023-01-10,23.79,26200,-0.3(-1.13 %),4900,128000000,0,0,26200,26200,26200
2023-01-11,23.79,26200,0(0.00 %),0,0,0,0,26200,26200,26200
2023-01-12,23.79,26200,0(0.00 %),0,0,0,0,26200,26200,26200
2023-01-13,23.79,26200,0(0.00 %),1100,28000000,0,0,26200,26200,26200
2023-01-16,23.61,26000,-0.2(-0.76 %),400,10000000,0,0,26000,26000,26000
2023-01-17,23.61,26000,0(0.00 %),100,2000000,0,0,26000,26000,26000
2023-01-18,23.61,26000,0(0.00 %),0,0,0,0,26000,26000,26000
2023-01-19,24.06,26500,0.5(1.92 %),100,2000000,0,0,26500,26500,26500
2023-01-27,24.06,26500,0(0.00 %),3700,98000000,0,0,26500,26500,26500
2023-01-30,24.52,27000,0.5(1.89 %),500,13000000,0,0,27000,27000,27000
2023-01-31,24.52,27000,0(0.00 %),0,0,0,0,27000,27000,27000
2023-02-01,24.42,26900,-0.1(-0.37 %),600,16000000,0,0,26900,26900,26900
2023-02-02,24.42,26900,0(0.00 %),2800,75000000,0,0,26900,26900,26900
2023-02-03,24.42,26900,0(0.00 %),500,13000000,0,0,26900,26900,26900
2023-02-06,24.42,26900,0(0.00 %),0,0,0,0,26900,26900,26900
2023-02-07,24.97,27500,0.6(2.23 %),300,8000000,0,0,26600,27500,26600
2023-02-08,24.24,26700,-0.8(-2.91 %),5000,133000000,0,0,26800,26800,26700
2023-02-09,24.24,26700,0(0.00 %),0,0,0,0,26700,26700,26700
2023-02-10,24.06,26500,-0.2(-0.75 %),400,10000000,0,0,26500,26500,26500
2023-02-13,24.06,26500,0(0.00 %),0,0,0,0,26500,26500,26500
2023-02-14,24.06,26500,0(0.00 %),0,0,0,0,26500,26500,26500
2023-02-15,24.06,26500,0(0.00 %),3700,98000000,0,0,26500,26500,26500
2023-02-16,24.06,26500,0(0.00 %),0,0,0,0,26500,26500,26500
2023-02-17,24.06,26500,0(0.00 %),0,0,0,0,26500,26500,26500
2023-02-20,24.06,26500,0(0.00 %),0,0,0,0,26500,26500,26500
2023-02-21,24.52,27000,0.5(1.89 %),9700,261000000,0,0,26800,27000,26800
2023-02-22,24.52,27000,0(0.00 %),13500,364000000,0,0,26900,27000,26900
2023-02-23,24.52,27000,0(0.00 %),4800,129000000,0,0,27000,27000,27000
2023-02-24,24.52,27000,0(0.00 %),0,0,0,0,27000,27000,27000
2023-02-27,24.06,26500,-0.5(-1.85 %),100,2000000,0,0,26500,26500,26500
2023-02-28,24.15,26600,0.1(0.38 %),1000,26000000,0,0,26600,26600,26600
2023-03-01,24.15,26600,0(0.00 %),2000,53000000,0,0,26600,26600,26600
2023-03-02,24.15,26600,0(0.00 %),0,0,0,0,26600,26600,26600
2023-03-03,24.06,26500,-0.1(-0.38 %),4000,106000000,0,0,26500,26500,26500
2023-03-06,24.06,26500,0(0.00 %),8000,212000000,0,0,26500,26500,26500
2023-03-07,24.06,26500,0(0.00 %),2000,53000000,0,0,26500,26500,26500
2023-03-08,23.88,26300,-0.2(-0.75 %),4000,105000000,0,0,26300,26300,26300
2023-03-09,24.52,27000,0.7(2.66 %),6200,167000000,0,0,27000,27000,27000
2023-03-10,23.97,26400,-0.6(-2.22 %),2000,52000000,0,0,26400,26400,26400
2023-03-13,24.06,26500,0.1(0.38 %),1300,34000000,0,0,26500,26500,26500
2023-03-14,23.88,26300,-0.2(-0.75 %),800,21000000,0,0,26300,26300,26300
2023-03-15,23.88,26300,0(0.00 %),0,0,0,0,26300,26300,26300
2023-03-16,23.88,26300,0(0.00 %),0,0,0,0,26300,26300,26300
2023-03-17,23.88,26300,0(0.00 %),1900,49000000,0,0,26300,26300,26300
2023-03-20,24.97,27500,1.2(4.56 %),100,2000000,0,0,27500,27500,27500
2023-03-21,24.88,27400,-0.1(-0.36 %),1200,32000000,0,0,27500,27500,27400
2023-03-22,24.88,27400,0(0.00 %),0,0,0,0,27400,27400,27400
2023-03-23,24.88,27400,0(0.00 %),200,5000000,0,0,27400,27400,27400
2023-03-24,23.61,26000,-1.4(-5.11 %),300,7000000,0,0,25500,26000,25500
2023-03-27,24.06,26500,0.5(1.92 %),2100,55000000,0,0,26500,26500,26500
2023-03-28,23.88,26300,-0.2(-0.75 %),2600,68000000,0,0,26300,26300,26300
2023-03-29,23.88,26300,0(0.00 %),0,0,0,0,26300,26300,26300
2023-03-30,23.88,26300,0(0.00 %),0,0,0,0,26300,26300,26300
2023-03-31,24.61,27100,0.8(3.04 %),100,2000000,1204712,29515444000,27100,27100,27100
2023-04-03,24.61,27100,0(0.00 %),0,0,0,0,27100,27100,27100
2023-04-04,24.61,27100,0(0.00 %),0,0,0,0,27100,27100,27100
2023-04-05,23.88,26300,-0.8(-2.95 %),500,13000000,0,0,25500,27000,25500
2023-04-06,23.7,26100,-0.2(-0.76 %),5100,133000000,0,0,26300,26300,26100
2023-04-07,23.79,26200,0.1(0.38 %),200,5000000,0,0,26200,26200,26200
2023-04-10,23.79,26200,0(0.00 %),2000,52000000,5000000,122000000000,26200,26200,26200
2023-04-11,23.79,26200,0(0.00 %),2800,73000000,0,0,26200,26200,26200
2023-04-12,24.06,26500,0.3(1.15 %),6300,166000000,0,0,26500,26500,26500
2023-04-13,23.79,26200,-0.3(-1.13 %),2500,65000000,0,0,26200,26200,26200
2023-04-14,23.79,26200,0(0.00 %),4600,119000000,0,0,25900,26200,25900
2023-04-17,23.43,25800,-0.4(-1.53 %),6800,176000000,0,0,26100,26100,25800
2023-04-18,23.52,25900,0.1(0.39 %),400,10000000,0,0,25800,25900,25750
2023-04-19,23.52,25900,0(0.00 %),0,0,0,0,25900,25900,25900
2023-04-20,24.42,26900,1(3.86 %),1000,25000000,0,0,25500,26900,25500
2023-04-21,24.42,26900,0(0.00 %),0,0,0,0,26900,26900,26900
2023-04-24,23.88,26300,-0.6(-2.23 %),5400,142000000,0,0,26900,26900,26300
2023-04-25,23.88,26300,0(0.00 %),0,0,0,0,26300,26300,26300
2023-04-26,23.88,26300,0(0.00 %),0,0,0,0,26300,26300,26300
2023-04-27,24.47,26950,0.65(2.47 %),900,23000000,0,0,26950,26950,26200
2023-04-28,24.47,26950,0(0.00 %),0,0,0,0,26950,26950,26950
2023-05-04,24.42,26900,-0.05(-0.19 %),7300,194000000,0,0,26700,26900,26700
2023-05-05,24.47,26950,0.05(0.19 %),200,5000000,0,0,25200,26950,25200
2023-05-08,23.79,26200,-0.75(-2.78 %),100,2000000,0,0,26200,26200,26200
2023-05-09,24.42,26900,0.7(2.67 %),5400,144000000,0,0,26200,26900,26200
2023-05-10,24.33,26800,-0.1(-0.37 %),100,2000000,0,0,26800,26800,26800
2023-05-11,24.33,26800,0(0.00 %),0,0,0,0,26800,26800,26800
2023-05-12,23.88,26300,-0.5(-1.87 %),5200,136000000,0,0,26800,26800,26300
2023-05-15,23.88,26300,0(0.00 %),2900,76000000,0,0,26300,26300,26300
2023-05-16,23.88,26300,0(0.00 %),0,0,0,0,26300,26300,26300
2023-05-17,23.7,26100,-0.2(-0.76 %),3700,95000000,0,0,25800,26100,25800
2023-05-18,24.33,26800,0.7(2.68 %),5000,131000000,0,0,26100,26800,26100
2023-05-19,24.33,26800,0(0.00 %),1700,45000000,0,0,26300,26800,26300
2023-05-22,24.33,26800,0(0.00 %),0,0,0,0,26800,26800,26800
2023-05-23,24.33,26800,0(0.00 %),0,0,0,0,26800,26800,26800
2023-05-24,24.24,26700,-0.1(-0.37 %),5100,136000000,0,0,26800,26800,26700
2023-05-25,23.7,26100,-0.6(-2.25 %),2200,58000000,0,0,26600,26600,26100
2023-05-26,24.52,27000,0.9(3.45 %),100,2000000,0,0,27000,27000,27000
2023-05-29,24.52,27000,0(0.00 %),0,0,0,0,27000,27000,27000
2023-05-30,24.52,27000,0(0.00 %),0,0,0,0,27000,27000,27000
2023-05-31,24.42,26900,-0.1(-0.37 %),4300,114000000,0,0,26700,26900,26700
2023-06-01,24.61,27100,0.2(0.74 %),4200,112000000,0,0,26800,27100,26800
2023-06-02,23.79,26200,-0.9(-3.32 %),100,2000000,0,0,26200,26200,26200
2023-06-05,25.24,27800,1.6(6.11 %),100,2000000,0,0,27800,27800,27800
2023-06-06,25.24,27800,0(0.00 %),0,0,0,0,27800,27800,27800
2023-06-07,24.33,26800,-1(-3.60 %),5700,150000000,0,0,26200,26800,26000
2023-06-08,24.33,26800,0(0.00 %),5600,146000000,0,0,26100,26800,26100
2023-06-09,24.33,26800,0(0.00 %),7100,190000000,0,0,26800,26800,26800
2023-06-12,23.79,26200,-0.6(-2.24 %),5800,151000000,0,0,26200,26200,26200
2023-06-13,23.79,26200,0(0.00 %),7900,206000000,0,0,26200,26200,26200
2023-06-14,24.52,27000,0.8(3.05 %),100,2000000,0,0,27000,27000,27000
2023-06-15,24.52,27000,0(0.00 %),0,0,23213,603538000,27000,27000,27000
2023-06-16,24.42,26900,-0.1(-0.37 %),10000,261000000,0,0,26100,26900,26100
2023-06-19,24.42,26900,0(0.00 %),0,0,0,0,26900,26900,26900
2023-06-20,23.79,26200,-0.7(-2.60 %),30100,764000000,0,0,25500,26900,25400
2023-06-21,23.79,26200,0(0.00 %),1700,44000000,0,0,25700,26200,25700
2023-06-22,23.79,26200,0(0.00 %),9900,255000000,0,0,25800,26200,25800
2023-06-23,23.79,26200,0(0.00 %),1000,26000000,0,0,26200,26200,26200
2023-06-26,24.33,26800,0.6(2.29 %),4000,103000000,0,0,25800,26800,25800
2023-06-27,23.43,25800,-1(-3.73 %),4200,108000000,0,0,25850,25850,25800
2023-06-28,23.79,26200,0.4(1.55 %),700,18000000,0,0,25650,26200,25650
2023-06-29,23.15,25500,-0.7(-2.67 %),2400,61000000,0,0,25800,25800,25500
2023-06-30,24.33,26800,1.3(5.10 %),2500,64000000,0,0,25800,26800,25800
2023-07-03,23.43,25800,-1(-3.73 %),600,15000000,0,0,25800,25800,25800
2023-07-04,23.7,26100,0.3(1.16 %),2600,67000000,0,0,25600,26100,25600
2023-07-05,24.42,26900,0.8(3.07 %),200,5000000,0,0,27550,27550,26900
2023-07-06,24.42,26900,0(0.00 %),0,0,0,0,26900,26900,26900
2023-07-07,24.42,26900,0(0.00 %),0,0,0,0,26900,26900,26900
2023-07-10,23.65,26050,-0.85(-3.16 %),2200,57000000,0,0,25700,26050,25700
2023-07-11,23.65,26050,-0.05(-0.19 %),200,5000000,0,0,26050,26050,26050
2023-07-12,23.29,25650,-0.45(-1.72 %),400,10000000,0,0,25650,25650,25650
2023-07-13,24.06,26500,0.8(3.11 %),300,7000000,0,0,25600,26500,25500
2023-07-14,22.75,25050,-1.45(-5.47 %),300,7000000,0,0,25050,25050,25050
2023-07-17,23.43,25800,0.7(2.79 %),5900,152000000,0,0,25800,25800,25800
2023-07-18,23.43,25800,0(0.00 %),9100,234000000,0,0,25800,25800,25800
2023-07-19,23.43,25800,0(0.00 %),0,0,0,0,25800,25800,25800
2023-07-20,23.43,25800,0(0.00 %),600,15000000,0,0,26800,26800,25800
2023-07-21,23.61,26000,0.2(0.78 %),100,2000000,0,0,26000,26000,26000
2023-07-24,23.61,26000,0(0.00 %),2700,70000000,0,0,26000,26000,26000
2023-07-25,23.61,26000,0(0.00 %),0,0,0,0,26000,26000,26000
2023-07-26,23.88,26300,0.3(1.15 %),1600,42000000,0,0,26500,26500,26300
2023-07-27,23.93,26350,0.05(0.19 %),12900,340000000,0,0,26500,26500,26300
2023-07-28,23.79,26200,-0.2(-0.76 %),3200,85000000,0,0,27000,27000,26200
2023-07-31,24.47,26950,0.75(2.86 %),7700,201000000,0,0,26200,26950,26000
2023-08-01,24.47,26950,-0.05(-0.19 %),0,0,0,0,26950,26950,26950
2023-08-02,24.47,26950,-0.05(-0.19 %),0,0,0,0,26950,26950,26950
2023-08-03,24.47,26950,-0.05(-0.19 %),0,0,0,0,26950,26950,26950
2023-08-04,23.97,26400,-0.55(-2.04 %),1800,47000000,0,0,26200,26400,26100
2023-08-07,23.97,26400,0(0.00 %),1100,29000000,0,0,26400,26400,26400
2023-08-08,23.97,26400,0(0.00 %),0,0,0,0,26400,26400,26400
2023-08-09,24.06,26500,0.1(0.38 %),1600,41000000,0,0,25500,26900,25500
2023-08-10,24.06,26500,0(0.00 %),0,0,0,0,26500,26500,26500
2023-08-11,23.61,26000,-0.5(-1.89 %),3500,89000000,0,0,26000,26400,24650
2023-08-14,23.7,26100,0.1(0.38 %),2400,62000000,0,0,26600,26600,26100
2023-08-15,23.7,26100,0(0.00 %),1000,26000000,0,0,26100,26100,26100
2023-08-16,23.61,26000,-0.1(-0.38 %),2600,67000000,0,0,26000,26100,26000
2023-08-17,24.06,26500,0.5(1.92 %),1900,50000000,0,0,26400,26500,26400
2023-08-18,24.06,26500,0(0.00 %),0,0,0,0,26500,26500,26500
2023-08-21,23.61,26000,-0.5(-1.89 %),4900,127000000,0,0,26000,26000,26000
2023-08-22,23.61,26000,0(0.00 %),2000,52000000,0,0,26000,26000,26000
2023-08-23,23.61,26000,0(0.00 %),0,0,0,0,26000,26000,26000
2023-08-24,23.56,25950,-0.05(-0.19 %),4800,124000000,0,0,25950,25950,25950
2023-08-25,23.56,25950,0(0.00 %),700,18000000,0,0,25950,25950,25950
2023-08-28,23.61,26000,0.05(0.19 %),200,5000000,0,0,25950,26000,25950
2023-08-29,23.61,26000,0(0.00 %),500,13000000,0,0,26000,26000,26000
2023-08-30,23.61,26000,0(0.00 %),0,0,0,0,26000,26000,26000
2023-08-31,23.61,26000,0(0.00 %),1600,41000000,0,0,25900,26000,25800
2023-09-05,23.61,26000,0(0.00 %),0,0,0,0,26000,26000,26000
2023-09-06,23.61,26000,0(0.00 %),0,0,0,0,26000,26000,26000
2023-09-07,23.61,26000,0(0.00 %),500,13000000,0,0,26000,26000,26000
2023-09-08,24.42,26900,0.9(3.46 %),1900,50000000,0,0,25800,26900,25800
2023-09-11,24.38,26850,-0.05(-0.19 %),200,5000000,0,0,25100,26850,25100
2023-09-12,23.7,26100,-0.75(-2.79 %),100,2000000,0,0,26100,26100,26100
2023-09-13,23.61,26000,-0.1(-0.38 %),800,20000000,0,0,26000,26000,26000
2023-09-14,23.61,26000,0(0.00 %),0,0,0,0,26000,26000,26000
2023-09-15,23.61,26000,0(0.00 %),0,0,0,0,26000,26000,26000
2023-09-18,23.61,26000,0(0.00 %),0,0,0,0,26000,26000,26000
2023-09-19,23.61,26000,0(0.00 %),0,0,0,0,26000,26000,26000
2023-09-20,23.61,26000,0(0.00 %),0,0,0,0,26000,26000,26000
2023-09-21,23.43,25800,-0.2(-0.77 %),1200,31000000,0,0,25900,26000,25800
2023-09-22,23.43,25800,0(0.00 %),14000,361000000,0,0,25800,25800,25800
2023-09-25,23.43,25800,0(0.00 %),0,0,0,0,25800,25800,25800
2023-09-26,23.43,25800,0(0.00 %),0,0,0,0,25800,25800,25800
2023-09-27,23.43,25800,0(0.00 %),0,0,0,0,25800,25800,25800
2023-09-28,23.43,25800,0(0.00 %),0,0,0,0,25800,25800,25800
2023-09-29,23.43,25800,0(0.00 %),2600,67000000,0,0,25800,25800,25800
2023-10-02,22.75,25050,-0.75(-2.91 %),500,12000000,0,0,25050,25050,25050
2023-10-03,22.75,25050,0(0.00 %),0,0,0,0,25050,25050,25050
2023-10-04,22.75,25050,0(0.00 %),0,0,0,0,25050,25050,25050
2023-10-05,22.75,25050,0(0.00 %),0,0,0,0,25050,25050,25050
2023-10-06,23.15,25500,0.45(1.80 %),100,2000000,0,0,25500,25500,25500
2023-10-09,23.15,25500,0(0.00 %),0,0,0,0,25500,25500,25500
2023-10-10,23.61,26000,0.5(1.96 %),600,15000000,0,0,26000,26000,26000
2023-10-11,23.61,26000,0(0.00 %),600,15000000,0,0,26000,26000,26000
2023-10-12,23.61,26000,0(0.00 %),0,0,0,0,26000,26000,26000
2023-10-13,23.61,26000,0(0.00 %),0,0,0,0,26000,26000,26000
2023-10-16,23.61,26000,0(0.00 %),0,0,0,0,26000,26000,26000
2023-10-17,22.7,25000,-1(-3.85 %),1400,35000000,0,0,25500,25500,25000
2023-10-18,24.11,26550,1.55(6.20 %),1900,46000000,0,0,24000,26600,24000
2023-10-19,24.11,26550,0(0.00 %),0,0,0,0,26550,26550,26550
2023-10-20,22.43,24700,-1.85(-6.97 %),1900,46000000,0,0,24750,24750,24700
2023-10-23,22.43,24700,0(0.00 %),0,0,0,0,24700,24700,24700
2023-10-24,23.24,25600,0.9(3.64 %),300,7000000,0,0,25600,25600,25600
2023-10-25,23.24,25600,0(0.00 %),0,0,0,0,25600,25600,25600
2023-10-26,23.24,25600,0(0.00 %),0,0,0,0,25600,25600,25600
2023-10-27,23.24,25600,0(0.00 %),7600,186000000,0,0,25600,25600,24500
2023-10-30,23.24,25600,0(0.00 %),0,0,0,0,25600,25600,25600
2023-10-31,23.15,25500,-0.1(-0.39 %),6200,150000000,0,0,23850,25500,23850
2023-11-01,23.15,25500,0(0.00 %),0,0,0,0,25500,25500,25500
2023-11-02,21.79,24000,-1.5(-5.88 %),2100,53000000,0,0,25450,25450,24000
2023-11-03,21.79,24000,0(0.00 %),7600,185000000,0,0,25300,25400,24000
2023-11-06,23.29,25650,1.65(6.87 %),2200,55000000,0,0,22500,25650,22500
2023-11-07,23.29,25650,0(0.00 %),0,0,0,0,25650,25650,25650
2023-11-08,21.97,24200,-1.45(-5.65 %),200,4000000,0,0,24000,24200,24000
2023-11-09,21.34,23500,-0.7(-2.89 %),1000,23000000,0,0,24000,24000,23500
2023-11-10,21.79,24000,0.5(2.13 %),1100,26000000,0,0,25000,25000,24000
2023-11-13,21.79,24000,0(0.00 %),0,0,0,0,24000,24000,24000
2023-11-14,21.79,24000,0(0.00 %),8700,209000000,0,0,24600,25050,24000
2023-11-15,22.7,25000,1(4.17 %),200,4000000,0,0,24000,25000,24000
2023-11-16,22.7,25000,0(0.00 %),0,0,0,0,25000,25000,25000
2023-11-17,21.34,23500,-1.5(-6.00 %),100,2000000,0,0,23500,23500,23500
2023-11-20,21.34,23500,0(0.00 %),400,9000000,0,0,23500,23500,23500
2023-11-21,21.34,23500,0(0.00 %),0,0,0,0,23500,23500,23500
2023-11-22,21.79,24000,0.5(2.13 %),400,9000000,48548,1063201200,23000,24000,23000
2023-11-23,21.79,24000,0(0.00 %),0,0,0,0,24000,24000,24000
2023-11-24,21.79,24000,0(0.00 %),900,21000000,0,0,24000,24000,24000
2023-11-27,21.79,24000,0(0.00 %),0,0,0,0,24000,24000,24000
2023-11-28,21.79,24000,0(0.00 %),0,0,0,0,24000,24000,24000
2023-11-29,20.88,23000,-1(-4.17 %),1300,30000000,0,0,23200,23200,23000
2023-11-30,20.88,23000,0(0.00 %),500,11000000,0,0,23000,23000,23000
2023-12-01,20.88,23000,0(0.00 %),400,9000000,0,0,23500,23500,23000
2023-12-04,21.2,23350,0.35(1.52 %),8900,194000000,0,0,23000,23350,21450
2023-12-05,21.56,23750,0.4(1.71 %),100,2000000,0,0,23750,23750,23750
2023-12-06,20.43,22500,-1.25(-5.26 %),1000,22000000,0,0,23700,23700,22500
2023-12-07,21.52,23700,1.2(5.33 %),1900,42000000,0,0,23750,23750,22300
2023-12-08,20.93,23050,-0.65(-2.74 %),4200,96000000,0,0,23000,23050,23000
2023-12-11,21.61,23800,0.75(3.25 %),100,2000000,0,0,23800,23800,23800
2023-12-12,21.61,23800,0(0.00 %),0,0,0,0,23800,23800,23800
2023-12-13,21.61,23800,0(0.00 %),3000,67000000,0,0,23800,23800,22150
2023-12-14,21.61,23800,0(0.00 %),0,0,0,0,23800,23800,23800
2023-12-15,22.65,24950,1.15(4.83 %),700,16000000,0,0,23800,24950,23800
2023-12-18,21.16,23300,-1.65(-6.61 %),900,20000000,0,0,23300,23300,23300
2023-12-19,20.16,22200,-1.1(-4.72 %),100,2000000,0,0,22200,22200,22200
2023-12-20,21.52,23700,1.5(6.76 %),100,2000000,0,0,23700,23700,23700
2023-12-21,21.52,23700,0(0.00 %),0,0,0,0,23700,23700,23700
2023-12-22,21.52,23700,0(0.00 %),0,0,0,0,23700,23700,23700
2023-12-25,21.52,23700,0(0.00 %),0,0,0,0,23700,23700,23700
2023-12-26,21.52,23700,0(0.00 %),0,0,0,0,23700,23700,23700
2023-12-27,21.52,23700,0(0.00 %),0,0,0,0,23700,23700,23700
2023-12-28,21.52,23700,0(0.00 %),0,0,0,0,23700,23700,23700
2023-12-29,21.52,23700,0(0.00 %),0,0,0,0,23700,23700,23700
2024-01-02,21.47,23650,-0.05(-0.21 %),400,9000000,0,0,23650,23650,23650
2024-01-03,20.48,22550,-1.1(-4.65 %),600,13000000,0,0,22900,22900,22550
2024-01-04,20.48,22550,0(0.00 %),0,0,0,0,22550,22550,22550
2024-01-05,20.48,22550,0(0.00 %),0,0,0,0,22550,22550,22550
2024-01-08,20.48,22550,0(0.00 %),0,0,0,0,22550,22550,22550
2024-01-09,20.48,22550,0(0.00 %),0,0,0,0,22550,22550,22550
2024-01-10,20.48,22550,0(0.00 %),0,0,0,0,22550,22550,22550
2024-01-11,21.34,23500,0.95(4.21 %),1400,32000000,0,0,23600,23600,23500
2024-01-12,20.88,23000,-0.5(-2.13 %),100,2000000,0,0,23000,23000,23000
2024-01-15,20.88,23000,0(0.00 %),0,0,0,0,23000,23000,23000
2024-01-16,20.88,23000,0(0.00 %),0,0,0,0,23000,23000,23000
2024-01-17,20.88,23000,0(0.00 %),0,0,0,0,23000,23000,23000
2024-01-18,20.88,23000,0(0.00 %),0,0,0,0,23000,23000,23000
2024-01-19,20.88,23000,0(0.00 %),1100,25000000,0,0,23000,23000,23000
2024-01-22,20.88,23000,0(0.00 %),0,0,0,0,23000,23000,23000
2024-01-23,20.88,23000,0(0.00 %),0,0,0,0,23000,23000,23000
2024-01-24,21.07,23200,0.2(0.87 %),200,4000000,0,0,23200,23200,23200
2024-01-25,21.07,23200,0(0.00 %),0,0,0,0,23200,23200,23200
2024-01-26,21.07,23200,0(0.00 %),0,0,0,0,23200,23200,23200
2024-01-29,21.07,23200,0(0.00 %),0,0,0,0,23200,23200,23200
2024-01-30,20.88,23000,-0.2(-0.86 %),2300,53000000,0,0,23200,23200,23000
2024-01-31,21.34,23500,0.5(2.17 %),100,2000000,0,0,23500,23500,23500
2024-02-01,21.34,23500,0(0.00 %),0,0,0,0,23500,23500,23500
2024-02-02,20.43,22500,-1(-4.26 %),100,2000000,0,0,22500,22500,22500
2024-02-05,20.43,22500,0(0.00 %),0,0,0,0,22500,22500,22500
2024-02-06,20.43,22500,0(0.00 %),0,0,0,0,22500,22500,22500
2024-02-07,20.43,22500,0(0.00 %),0,0,0,0,22500,22500,22500
2024-02-15,20.43,22500,0(0.00 %),0,0,0,0,22500,22500,22500
2024-02-16,20.88,23000,0.5(2.22 %),100,2000000,0,0,23000,23000,23000
2024-02-19,22.25,24500,1.5(6.52 %),25000,580000000,0,0,23450,24500,23000
2024-02-20,22.7,25000,0.5(2.04 %),15600,387000000,0,0,25000,25000,24600
2024-02-21,23.15,25500,0.5(2.00 %),8400,214000000,0,0,26000,26000,25300
2024-02-22,23.43,25800,0.3(1.18 %),7800,202000000,0,0,26000,26000,25800
2024-02-23,23.43,24799,0(0.00 %),0,0,0,0,24799,24799,24799
2024-02-26,22.77,24100,-1.7(-6.59 %),2200,53000000,0,0,24100,24100,24100
2024-02-27,22.95,24300,0.2(0.83 %),2100,50000000,0,0,24000,24300,24000
2024-02-28,22.95,24300,0(0.00 %),1000,24000000,0,0,24300,24300,24300
2024-02-29,22.67,24000,-0.3(-1.23 %),5300,127000000,0,0,24000,24000,24000
2024-03-01,22.67,24000,0(0.00 %),1400,33000000,0,0,24000,24000,24000
2024-03-04,22.67,24000,0(0.00 %),900,21000000,0,0,24000,24000,24000
2024-03-05,22.67,24000,0(0.00 %),100,2000000,0,0,24000,24000,24000
2024-03-06,22.67,24000,0(0.00 %),0,0,0,0,24000,24000,24000
2024-03-07,22.67,24000,0(0.00 %),0,0,0,0,24000,24000,24000
2024-03-08,22.72,24050,0.05(0.21 %),500,12000000,0,0,24050,24050,24050
2024-03-11,22.67,24000,-0.05(-0.21 %),500,12000000,0,0,24000,24000,24000
2024-03-12,22.67,24000,0(0.00 %),100,2000000,0,0,24000,24000,24000
2024-03-13,22.67,24000,0(0.00 %),4500,108000000,0,0,24000,24000,24000
2024-03-14,22.67,24000,0(0.00 %),0,0,0,0,24000,24000,24000
2024-03-15,22.62,23950,-0.05(-0.21 %),600,14000000,0,0,24000,24000,23950
2024-03-18,22.67,24000,0.05(0.21 %),1000,23000000,0,0,23900,24000,23900
2024-03-19,23.14,24500,0.5(2.08 %),2600,63000000,0,0,24500,24500,24500
2024-03-20,23.14,24500,0(0.00 %),0,0,0,0,24500,24500,24500
2024-03-21,23.14,24500,0(0.00 %),100,2000000,0,0,24500,24500,24500
2024-03-22,23.14,24500,0(0.00 %),700,17000000,0,0,24500,24500,24500
2024-03-25,23.1,24450,-0.05(-0.20 %),1000,24000000,0,0,24450,24450,24450
2024-03-26,23.1,24450,0(0.00 %),0,0,0,0,24450,24450,24450
2024-03-27,23.62,25000,0.55(2.25 %),4600,114000000,0,0,24900,25000,24900
2024-03-28,23.62,25000,0(0.00 %),0,0,0,0,25000,25000,25000
2024-03-29,23.62,25000,0(0.00 %),0,0,0,0,25000,25000,25000
2024-04-01,22.67,24000,-1(-4.00 %),300,7000000,0,0,24000,24000,24000
2024-04-02,24.18,25600,1.6(6.67 %),1000,25000000,0,0,24500,25600,24500
2024-04-03,24.18,25600,0(0.00 %),0,0,0,0,25600,25600,25600
2024-04-04,25.03,26500,0.9(3.52 %),14700,351000000,0,0,23900,26750,23850
2024-04-05,25.03,26500,0(0.00 %),0,0,0,0,26500,26500,26500
2024-04-08,23.29,24650,-1.85(-6.98 %),1900,46000000,0,0,24700,24700,24650
2024-04-09,23.52,24900,0.25(1.01 %),2600,61000000,0,0,23750,25900,23500
2024-04-10,23.43,24800,-0.1(-0.40 %),200,4000000,0,0,24800,24800,24800
2024-04-11,22.25,23550,-1.25(-5.04 %),200,4000000,0,0,23500,23550,23500
2024-04-12,22.62,23950,0.4(1.70 %),500,12000000,0,0,24950,24950,23950
2024-04-15,22.62,23950,0(0.00 %),0,0,0,0,23950,23950,23950
2024-04-16,22.48,23800,-0.15(-0.63 %),13600,325000000,0,0,23600,23950,23600
2024-04-17,23.85,25250,1.45(6.09 %),100,2000000,0,0,25250,25250,25250
2024-04-19,23.8,25200,-0.05(-0.20 %),400,10000000,0,0,26700,26700,25200
2024-04-22,23.8,25200,0(0.00 %),0,0,0,0,25200,25200,25200
2024-04-23,23.8,25200,0(0.00 %),0,0,0,0,25200,25200,25200
2024-04-24,22.58,23900,-1.3(-5.16 %),2600,62000000,0,0,23900,23900,23900
2024-04-25,22.58,23900,0(0.00 %),600,14000000,0,0,23900,23900,23900
2024-04-26,23.47,24850,0.95(3.97 %),4800,113000000,0,0,23500,24850,23500
2024-05-02,23.47,24850,0(0.00 %),0,0,0,0,24850,24850,24850
2024-05-03,22.29,23600,-1.25(-5.03 %),500,11000000,0,0,23500,23600,23500
2024-05-06,23.14,24500,0.9(3.81 %),9600,226000000,0,0,23600,24500,23550
2024-05-07,22.48,23800,-0.7(-2.86 %),19100,455000000,0,0,23800,24000,23800
2024-05-08,23.38,24750,0.95(3.99 %),100,2000000,0,0,24750,24750,24750
2024-05-09,23.24,24600,-0.15(-0.61 %),2000,47000000,0,0,23400,24600,23350
2024-05-10,22.62,23950,-0.65(-2.64 %),1600,38000000,0,0,23950,23950,23950
2024-05-13,22.62,23950,0(0.00 %),4000,95000000,0,0,23950,23950,23950
2024-05-14,22.62,23950,0(0.00 %),400,9000000,0,0,23950,23950,23950
2024-05-15,22.62,23950,0(0.00 %),2400,57000000,0,0,23950,23950,23400
2024-05-16,22.62,23950,0(0.00 %),100,2000000,0,0,23950,23950,23950
2024-05-17,22.67,24000,0.05(0.21 %),2000,48000000,0,0,24200,24200,24000
2024-05-20,22.67,24000,0(0.00 %),2500,60000000,0,0,24000,24000,24000
2024-05-21,23.33,24700,0.7(2.92 %),1600,39000000,0,0,24700,24700,24700
2024-05-22,22.86,24200,-0.5(-2.02 %),100,2000000,0,0,24200,24200,24200
2024-05-23,23.14,24500,0.3(1.24 %),5000,122000000,0,0,24500,24600,23400
2024-05-24,23.14,24500,0(0.00 %),100,2000000,0,0,24500,24500,24500
2024-05-27,22.67,24000,-0.5(-2.04 %),1100,26000000,0,0,24000,24000,24000
2024-05-28,22.67,24000,0(0.00 %),2300,55000000,0,0,24000,24000,24000
2024-05-29,22.67,24000,0(0.00 %),5900,141000000,0,0,24000,24100,23700
2024-05-30,22.91,24250,0.25(1.04 %),1800,43000000,0,0,24250,24250,24200
2024-05-31,22.67,24000,-0.25(-1.03 %),3200,76000000,0,0,24000,24000,24000
2024-06-03,23.38,24750,0.75(3.12 %),1000,24000000,0,0,24800,24800,24000
2024-06-04,23.24,24600,-0.15(-0.61 %),200,4000000,0,0,23550,24600,23550
2024-06-05,23.14,24500,-0.1(-0.41 %),30600,727000000,0,0,23600,24500,23600
2024-06-06,24.28,25700,1.2(4.90 %),4200,108000000,0,0,26200,26200,24000
2024-06-07,23.75,24950,-0.55(-2.16 %),4300,103000000,0,0,24000,24950,24000
2024-06-10,22.94,24100,-0.85(-3.41 %),200,4000000,0,0,24100,24100,24100
2024-06-11,22.75,23900,-0.2(-0.83 %),3500,83000000,0,0,24100,24100,23600
2024-06-12,22.75,23900,0(0.00 %),0,0,0,0,23900,23900,23900
2024-06-13,23.37,24550,0.65(2.72 %),1600,38000000,0,0,23900,24650,23600
2024-06-14,22.75,23900,-0.65(-2.65 %),4000,95000000,0,0,24000,24000,23900
2024-06-17,22.75,23900,0(0.00 %),5500,131000000,0,0,23900,23900,23900
2024-06-18,22.85,24000,0.1(0.42 %),2600,63000000,0,0,24600,25000,24000
2024-06-19,22.85,24000,0(0.00 %),6800,163000000,0,0,24000,24000,24000
2024-06-20,22.85,24000,0(0.00 %),8400,197000000,0,0,23500,24000,23200
2024-06-21,22.85,24000,0(0.00 %),1100,26000000,0,0,24000,24000,24000
2024-06-24,22.94,24100,0.1(0.42 %),10900,263000000,0,0,24300,24300,24000
2024-06-25,22.94,24100,0(0.00 %),100,2000000,0,0,24100,24100,24100
2024-06-26,22.85,24000,-0.1(-0.41 %),4000,96000000,0,0,24000,24000,24000
2024-06-27,22.85,24000,0(0.00 %),13200,316000000,0,0,23950,24000,23950
2024-06-28,22.85,24000,0(0.00 %),600,14000000,0,0,24000,24000,24000
2024-07-01,22.85,24000,0(0.00 %),0,0,0,0,24000,24000,24000
2024-07-02,22.66,23800,-0.2(-0.83 %),3500,84000000,0,0,24300,24300,23800
2024-07-03,22.66,23800,0(0.00 %),0,0,0,0,23800,23800,23800
2024-07-04,22.66,23800,0(0.00 %),0,0,0,0,23800,23800,23800
2024-07-05,22.66,23800,0(0.00 %),3300,77000000,0,0,23500,23800,23500
2024-07-08,22.66,23800,0(0.00 %),0,0,0,0,23800,23800,23800
2024-07-09,22.85,24000,0.2(0.84 %),1300,31000000,0,0,24000,24000,24000
2024-07-10,22.85,24000,0(0.00 %),100,2000000,0,0,24000,24000,24000
2024-07-11,22.85,24000,0(0.00 %),1100,25000000,0,0,23700,24000,23200
2024-07-12,22.66,23800,-0.2(-0.83 %),800,19000000,0,0,23800,23800,23800
2024-07-15,22.66,23800,0(0.00 %),1500,35000000,0,0,23800,23800,23800
2024-07-16,22.56,23700,-0.1(-0.42 %),600,14000000,0,0,23800,23800,23700
2024-07-17,22.66,23800,0.1(0.42 %),100,2000000,0,0,23800,23800,23800
2024-07-18,22.66,23800,0(0.00 %),6600,157000000,0,0,23800,23800,23800
2024-07-19,22.66,23800,0(0.00 %),0,0,0,0,23800,23800,23800
2024-07-22,22.66,23800,0(0.00 %),900,21000000,0,0,23800,23800,23800
2024-07-23,23.33,24500,0.7(2.94 %),800,19000000,0,0,24500,24500,24500
2024-07-24,23.33,24500,0(0.00 %),0,0,0,0,24500,24500,24500
2024-07-25,23.33,24500,0(0.00 %),0,0,0,0,24500,24500,24500
2024-07-26,23.37,24550,0.05(0.20 %),100,2000000,0,0,24550,24550,24550
2024-07-29,22.37,23500,-1.05(-4.28 %),4700,117000000,0,0,26000,26000,23500
2024-07-30,22.37,23500,0(0.00 %),100,2000000,0,0,23500,23500,23500
2024-07-31,23.8,25000,1.5(6.38 %),4800,120000000,0,0,23600,25100,23600
2024-08-01,22.56,23700,-1.3(-5.20 %),1200,28000000,0,0,23500,23700,23500
2024-08-02,24.13,25350,1.65(6.96 %),500,12000000,0,0,23700,25350,23700
2024-08-05,22.52,23650,-1.7(-6.71 %),1600,38000000,0,0,25100,25100,23650
2024-08-06,22.52,23650,0(0.00 %),0,0,0,0,23650,23650,23650
2024-08-07,23.09,24250,0.6(2.54 %),4000,92000000,0,0,23650,24250,23000
2024-08-08,23.04,24200,-0.05(-0.21 %),1000,24000000,0,0,23800,24200,23800
2024-08-09,23.04,24200,0(0.00 %),0,0,0,0,24200,24200,24200
2024-08-12,23.04,24200,0(0.00 %),0,0,0,0,24200,24200,24200
2024-08-13,23.71,24900,0.7(2.89 %),2000,46000000,0,0,25150,25150,22600
2024-08-14,22.8,23950,-0.95(-3.82 %),1300,30000000,0,0,24000,24000,23600
2024-08-15,22.37,23500,-0.45(-1.88 %),2100,49000000,0,0,23850,23850,23500
2024-08-16,22.75,23900,0.4(1.70 %),2700,64000000,0,0,23850,23900,23850
2024-08-19,22.66,23800,-0.1(-0.42 %),3300,77000000,0,0,23200,24000,23100
2024-08-20,22.66,23800,0(0.00 %),1000,23000000,0,0,23800,23800,23800
2024-08-21,22.66,23800,0(0.00 %),2400,57000000,0,0,24200,24200,23800
2024-08-22,22.66,23800,0(0.00 %),0,0,0,0,23800,23800,23800
2024-08-23,22.75,23900,0.1(0.42 %),3600,85000000,0,0,23800,23900,23800
2024-08-26,22.71,23850,-0.05(-0.21 %),500,11000000,0,0,23850,23850,23850
2024-08-27,22.71,23850,0(0.00 %),0,0,0,0,23850,23850,23850
2024-08-28,22.71,23850,0(0.00 %),100,2000000,0,0,23850,23850,23850
2024-08-29,22.71,23850,0(0.00 %),8900,212000000,0,0,23900,23900,23800
2024-08-30,23.33,24500,0.65(2.73 %),7000,170000000,0,0,23800,24500,23800
2024-09-04,22.47,23600,-0.9(-3.67 %),15100,354000000,0,0,24500,24500,23200
2024-09-05,22.47,23600,0(0.00 %),0,0,0,0,23600,23600,23600
2024-09-06,22.75,23900,0.3(1.27 %),1600,37000000,0,0,23600,23900,23500
2024-09-09,22.75,23900,0(0.00 %),0,0,0,0,23900,23900,23900
2024-09-10,22.04,23150,-0.75(-3.14 %),5900,138000000,0,0,23800,23800,23100
2024-09-11,22.8,23950,0.8(3.46 %),100,2000000,0,0,23950,23950,23950
2024-09-12,22.66,23800,-0.15(-0.63 %),5600,132000000,0,0,23800,23950,23500
2024-09-13,22.66,23800,0(0.00 %),0,0,0,0,23800,23800,23800
2024-09-16,22.61,23750,-0.05(-0.21 %),1400,33000000,0,0,23750,23750,23750
2024-09-17,22.56,23700,-0.05(-0.21 %),1100,26000000,0,0,23750,23750,23700
2024-09-18,22.56,23700,0(0.00 %),28900,682000000,0,0,23600,23700,23500
2024-09-19,22.23,23350,-0.35(-1.48 %),3200,74000000,0,0,23350,23700,23300
2024-09-20,22.33,23450,0.1(0.43 %),200,4000000,0,0,23700,23700,23450
2024-09-23,22.33,23450,0(0.00 %),0,0,0,0,23450,23450,23450
2024-09-24,22.33,23450,0(0.00 %),13600,315000000,0,0,23450,23500,23000
2024-09-25,21.9,23000,-0.45(-1.92 %),13900,324000000,0,0,23450,23450,23000
2024-09-26,22.18,23300,0.3(1.30 %),4800,112000000,0,0,23500,23500,23300
2024-09-27,22.23,23350,0.05(0.21 %),3400,79000000,0,0,23350,23500,23350
2024-09-30,22.28,23400,0.05(0.21 %),3300,77000000,0,0,23500,23500,23400
2024-10-01,22.37,23500,0.1(0.43 %),15100,354000000,0,0,23050,23500,23050
2024-10-02,22.28,23400,-0.1(-0.43 %),8600,201000000,0,0,23500,23500,23400
2024-10-03,22.18,23300,-0.1(-0.43 %),300,7000000,0,0,23500,23500,23300
2024-10-04,22.18,23300,0(0.00 %),11000,255000000,0,0,23500,23500,23000
2024-10-07,22.18,23300,0(0.00 %),11500,267000000,0,0,23300,23300,23300
2024-10-08,21.9,23000,-0.3(-1.29 %),12200,281000000,0,0,23300,23300,23000
2024-10-09,22.18,23300,0.3(1.30 %),5900,136000000,0,0,23000,23450,22500
2024-10-10,21.9,23000,-0.3(-1.29 %),5000,115000000,0,0,23000,23000,23000
2024-10-11,22.18,23300,0.3(1.30 %),800,18000000,0,0,23000,23300,23000
2024-10-14,21.9,23000,-0.3(-1.29 %),2000,46000000,0,0,23000,23000,23000
2024-10-15,21.42,22500,-0.5(-2.17 %),400,9000000,0,0,22500,22500,22500
2024-10-16,21.56,22650,0.15(0.67 %),100,2000000,0,0,22650,22650,22650
2024-10-17,21.42,22500,-0.15(-0.66 %),3400,76000000,0,0,22500,22500,22500
2024-10-18,21.33,22400,-0.1(-0.44 %),14900,335000000,0,0,22600,22950,22400
2024-10-21,21.04,22100,-0.3(-1.34 %),1900,42000000,0,0,22950,22950,22100
2024-10-22,21.8,22900,0.8(3.62 %),1200,26000000,0,0,22900,22900,21700
2024-10-23,21.42,22500,-0.4(-1.75 %),4800,107000000,0,0,22500,22500,22000
2024-10-24,21.56,22650,0.15(0.67 %),3700,84000000,0,0,22800,22800,22650
2024-10-25,21.37,22450,-0.2(-0.88 %),6000,134000000,0,0,22450,22450,22450
2024-10-28,21.42,22500,0.05(0.22 %),2600,58000000,0,0,22700,22700,22500
2024-10-29,21.42,22500,0(0.00 %),700,15000000,0,0,21500,22500,21500
2024-10-30,21.42,22500,0(0.00 %),100,2000000,0,0,22500,22500,22500
2024-10-31,20.71,21750,-0.75(-3.33 %),1000,21000000,0,0,21600,21750,21600
2024-11-01,20.71,21750,0(0.00 %),100,2000000,0,0,21750,21750,21750
2024-11-04,20.71,21750,0(0.00 %),1200,26000000,0,0,21750,21750,21750
2024-11-05,21.37,22450,0.7(3.22 %),200,4000000,0,0,22000,22450,22000
2024-11-06,21.42,22500,0.05(0.22 %),2700,60000000,0,0,22450,22500,22450
2024-11-07,21.42,22500,0(0.00 %),0,0,0,0,22500,22500,22500
2024-11-08,21.42,22500,0(0.00 %),200,4000000,0,0,22500,22500,22500
2024-11-11,21.9,23000,0.5(2.22 %),1500,34000000,0,0,22500,23000,22500
2024-11-12,21.9,23000,0(0.00 %),3100,71000000,0,0,23000,23000,23000
2024-11-13,21.9,23000,0(0.00 %),100,2000000,0,0,23000,23000,23000
2024-11-14,21.9,23000,0(0.00 %),400,9000000,0,0,23000,23000,23000
2024-11-15,21.9,23000,0(0.00 %),0,0,0,0,23000,23000,23000
2024-11-18,21.9,23000,0(0.00 %),1000,23000000,0,0,23000,23000,23000
2024-11-19,21.9,23000,0(0.00 %),0,0,0,0,23000,23000,23000
2024-11-20,21.9,23000,0(0.00 %),0,0,0,0,23000,23000,23000
2024-11-21,21.9,23000,0(0.00 %),0,0,0,0,23000,23000,23000
2024-11-22,22.37,23500,0.5(2.17 %),3500,82000000,0,0,23500,23500,23500
2024-11-25,22.37,23500,0(0.00 %),200,4000000,0,0,23500,23500,23500
2024-11-26,22.37,23500,0(0.00 %),0,0,0,0,23500,23500,23500
2024-11-27,23.8,25000,1.5(6.38 %),900,21000000,0,0,23500,25000,23500
2024-11-28,22.85,24000,-1(-4.00 %),400,9000000,0,0,24800,24800,24000
2024-11-29,22.85,24000,0(0.00 %),200,4000000,0,0,24000,24000,24000
2024-12-02,21.61,22700,-1.3(-5.42 %),1500,34000000,0,0,24000,24000,22700
2024-12-03,21.61,22700,0(0.00 %),0,0,0,0,22700,22700,22700
2024-12-04,21.61,22700,0(0.00 %),100,2000000,0,0,22700,22700,22700
2024-12-05,21.71,22800,0.1(0.44 %),100,2000000,0,0,22800,22800,22800
2024-12-06,21.71,22800,0(0.00 %),0,0,0,0,22800,22800,22800
2024-12-09,21.71,22800,0(0.00 %),0,0,0,0,22800,22800,22800
2024-12-10,21.71,22800,0(0.00 %),500,11000000,0,0,22800,22800,22800
2024-12-11,21.71,22800,0(0.00 %),0,0,0,0,22800,22800,22800
2024-12-12,21.71,22800,0(0.00 %),0,0,0,0,22800,22800,22800
2024-12-13,22.37,23500,0.7(3.07 %),1700,39000000,0,0,23300,23500,23300
2024-12-16,21.71,22800,-0.7(-2.98 %),300,6000000,0,0,23000,23000,22800
2024-12-17,21.71,22800,0(0.00 %),0,0,0,0,22800,22800,22800
2024-12-18,21.71,22800,0(0.00 %),3900,88000000,0,0,22800,22800,22800
2024-12-19,21.71,22800,0(0.00 %),0,0,0,0,22800,22800,22800
2024-12-20,21.71,22800,0(0.00 %),0,0,0,0,22800,22800,22800
2024-12-23,21.71,22800,0(0.00 %),0,0,0,0,22800,22800,22800
2024-12-24,21.71,22800,0(0.00 %),500,11000000,0,0,22800,22800,22800
2024-12-25,21.71,22800,0(0.00 %),100,2000000,0,0,22800,22800,22800
2024-12-26,21.71,22800,0(0.00 %),0,0,0,0,22800,22800,22800
2024-12-27,21.71,22800,0(0.00 %),0,0,0,0,22800,22800,22800
2024-12-30,21.71,22800,0(0.00 %),0,0,0,0,22800,22800,22800
2024-12-31,21.71,22800,0(0.00 %),0,0,0,0,22800,22800,22800
2025-01-02,21.71,22800,0(0.00 %),0,0,0,0,22800,22800,22800
2025-01-03,21.71,22800,0(0.00 %),0,0,0,0,22800,22800,22800
2025-01-06,20.56,21600,-1.2(-5.26 %),5000,108000000,0,0,21600,21600,21600
2025-01-07,20.61,21650,0.05(0.23 %),8600,186000000,0,0,21650,21650,21650
2025-01-08,20.61,21650,0(0.00 %),0,0,0,0,21650,21650,21650
2025-01-09,20.71,21750,0.1(0.46 %),100,2000000,0,0,21750,21750,21750
2025-01-10,20.71,21750,0(0.00 %),0,0,0,0,21750,21750,21750
2025-01-13,20.71,21750,0(0.00 %),0,0,0,0,21750,21750,21750
2025-01-14,20.71,21750,0(0.00 %),0,0,0,0,21750,21750,21750
2025-01-15,20.71,21750,0(0.00 %),0,0,0,0,21750,21750,21750
2025-01-16,20.71,21750,0(0.00 %),0,0,0,0,21750,21750,21750
2025-01-17,22.09,23200,1.45(6.67 %),1900,41000000,0,0,21750,23200,21750
2025-01-20,22.18,23300,0.1(0.43 %),100,2000000,0,0,23300,23300,23300
2025-01-21,23.66,24850,1.55(6.65 %),1200,28000000,0,0,23300,24850,23300
2025-01-22,23.66,24850,0(0.00 %),2900,70000000,0,0,23150,24850,23150
2025-01-23,23.66,24850,0(0.00 %),300,7000000,0,0,24850,24850,24850
2025-01-24,22.18,23300,-1.55(-6.24 %),200,4000000,0,0,24750,24750,23300
2025-02-04,22.18,23300,0(0.00 %),0,0,0,0,23300,23300,23300
2025-02-05,22.18,23300,0(0.00 %),0,0,0,0,23300,23300,23300
2025-02-06,22.18,23300,0(0.00 %),0,0,0,0,23300,23300,23300
2025-02-07,23.33,24500,1.2(5.15 %),100,2000000,0,0,24500,24500,24500
2025-02-10,24.94,26200,1.7(6.94 %),11100,280000000,0,0,24500,26200,24500
2025-02-11,26.18,27500,1.3(4.96 %),25000,680000000,0,0,26200,27500,26200
2025-02-12,24.47,25700,-1.8(-6.55 %),6500,169000000,0,0,27500,27500,25600
2025-02-13,23.77,24000,-0.7(-2.83 %),2600,61000000,0,0,23900,24000,23900
2025-02-14,22.34,22550,-1.45(-6.04 %),1300,30000000,0,0,24000,24000,22550
2025-02-17,22.34,22550,0(0.00 %),12800,302000000,0,0,22550,23950,22550
2025-02-18,22.68,22900,0.35(1.55 %),400,9000000,0,0,22900,22900,22900
2025-02-19,22.78,23000,0.1(0.44 %),3100,68000000,0,0,23000,23000,22000
2025-02-20,22.78,23000,0(0.00 %),600,13000000,0,0,23000,23000,23000
2025-02-21,22.19,22400,-0.6(-2.61 %),800,18000000,0,0,22100,24600,22100
2025-02-24,22.88,23100,0.7(3.12 %),1200,28000000,0,0,23900,23950,22600
2025-02-25,22.98,23200,0.1(0.43 %),15600,342000000,0,0,23100,23200,21500
2025-02-26,22.98,23200,0(0.00 %),0,0,0,0,23200,23200,23200
2025-02-27,22.78,23000,-0.2(-0.86 %),2100,48000000,0,0,22000,24000,22000
2025-02-28,23.18,23400,0.4(1.74 %),100,2000000,0,0,23400,23400,23400
2025-03-03,23.18,23400,0(0.00 %),400,9000000,0,0,22000,23400,22000
2025-03-04,23.18,23400,0(0.00 %),0,0,0,0,23400,23400,23400
2025-03-05,22.29,22500,-0.9(-3.85 %),200,4000000,0,0,22500,22500,22500
2025-03-06,22.29,22500,0(0.00 %),600,13000000,0,0,22450,22500,22450
2025-03-07,22.29,22500,0(0.00 %),1100,24000000,0,0,22500,22500,22500
2025-03-10,22.68,22900,0.4(1.78 %),1800,40000000,0,0,22500,22900,22500
2025-03-11,23.38,23600,0.7(3.06 %),3000,69000000,0,0,22800,23600,22800
2025-03-12,22.49,22700,-0.9(-3.81 %),1000,22000000,0,0,23000,23000,22700
2025-03-13,23.58,23800,1.1(4.85 %),100,2000000,0,0,23800,23800,23800
2025-03-14,23.58,23800,0(0.00 %),0,0,0,0,23800,23800,23800
2025-03-17,23.58,23800,0(0.00 %),0,0,0,0,23800,23800,23800
2025-03-18,22.78,23000,-0.8(-3.36 %),400,9000000,0,0,23000,23000,23000
2025-03-19,23.38,23600,0.6(2.61 %),100,2000000,0,0,23600,23600,23600
2025-03-20,23.38,23600,0(0.00 %),0,0,0,0,23600,23600,23600
2025-03-21,23.38,23600,0(0.00 %),0,0,0,0,23600,23600,23600
2025-03-24,23.38,23600,0(0.00 %),0,0,0,0,23600,23600,23600
2025-03-25,23.38,23600,0(0.00 %),0,0,0,0,23600,23600,23600
2025-03-26,23.38,23600,0(0.00 %),0,0,0,0,23600,23600,23600
2025-03-27,23.28,23500,-0.1(-0.42 %),400,9000000,0,0,23450,23500,23450
2025-03-28,23.28,23500,0(0.00 %),0,0,0,0,23500,23500,23500
2025-03-31,23.13,23350,-0.15(-0.64 %),4100,90000000,0,0,22250,23350,21900
2025-04-01,23.08,23300,-0.05(-0.21 %),1100,25000000,0,0,23300,23300,23300
2025-04-02,22.39,22600,-0.7(-3.00 %),3500,79000000,0,0,23000,23000,22600
2025-04-03,22.59,22800,0.2(0.88 %),18800,428000000,0,0,21250,22900,21250
2025-04-04,22.29,22500,-0.3(-1.32 %),200,4000000,0,0,22500,22500,22500
2025-04-08,22.29,22500,0(0.00 %),3800,85000000,0,0,22500,22500,22200
2025-04-09,22.39,22600,0.1(0.44 %),7700,171000000,0,0,22100,22600,22100
2025-04-10,23.92,24150,1.55(6.86 %),10500,244000000,0,0,22900,24150,22900
2025-04-11,25.16,25400,1.25(5.18 %),2800,69000000,0,0,25700,25700,22500
2025-04-14,25.16,25400,0(0.00 %),0,0,0,0,25400,25400,25400
2025-04-15,25.16,25400,0(0.00 %),0,0,0,0,25400,25400,25400
2025-04-16,25.16,25400,0(0.00 %),0,0,0,0,25400,25400,25400
2025-04-17,23.77,24000,-1.4(-5.51 %),8800,208000000,0,0,23650,24000,23650
2025-04-18,23.77,24000,0(0.00 %),0,0,0,0,24000,24000,24000
2025-04-21,22.78,23000,-1(-4.17 %),10700,246000000,0,0,23000,24000,23000
2025-04-22,21.99,22200,-0.8(-3.48 %),800,17000000,0,0,22050,22500,22050
2025-04-23,21.99,22200,0(0.00 %),0,0,0,0,22200,22200,22200
2025-04-24,21.99,22200,0(0.00 %),0,0,0,0,22200,22200,22200
2025-04-25,23.43,23650,1.45(6.53 %),1600,37000000,0,0,23750,23750,23650
2025-04-28,23.08,23300,-0.35(-1.48 %),800,18000000,0,0,23300,23300,23300
2025-04-29,22.78,23000,-0.3(-1.29 %),2300,50000000,0,0,21850,23000,21850
2025-05-05,22.78,23000,0(0.00 %),3700,85250000,0,0,23500,23500,23000
2025-05-06,21.45,21650,-1.35(-5.87 %),72300,1564575000,0,0,22750,22750,21400
2025-05-07,21.69,21900,0.25(1.15 %),30400,639320000,0,0,21650,22500,20250
2025-05-08,21.4,21600,-0.3(-1.37 %),10700,224075000,0,0,20500,21650,20500
2025-05-09,21.3,21500,-0.1(-0.46 %),36200,772185000,0,0,21600,21600,20500
2025-05-12,21.3,21500,0(0.00 %),5500,118630000,0,0,21700,21700,21500
2025-05-13,20.9,21100,-0.4(-1.86 %),12000,252800000,0,0,21500,21500,21000
2025-05-14,21.0,21200,0.1(0.47 %),2800,59130000,0,0,21100,21200,21100
2025-05-15,20.75,20950,-0.25(-1.18 %),6200,130140000,0,0,21050,21050,20900
2025-05-16,20.8,21000,0.05(0.24 %),4600,97310000,0,0,21300,21300,20650
2025-05-19,20.8,21000,0(0.00 %),11300,237085000,0,0,21000,21000,20250
2025-05-20,20.7,20900,-0.1(-0.48 %),16700,350335000,0,0,21000,21000,20900
2025-05-21,21.05,21250,0.35(1.67 %),1300,27205000,0,0,20900,21250,20900
2025-05-22,21.0,21200,-0.05(-0.24 %),31800,669345000,0,0,20900,21200,20800
2025-05-23,20.8,20800,-0.2(-0.95 %),22100,461720000,0,0,21000,21000,20800
2025-05-26,20.8,20800,0(0.00 %),2000,41600000,0,0,20800,20800,20800
2025-05-27,21.0,21000,0.2(0.96 %),8200,172200000,0,0,21000,21000,21000
2025-05-28,21.0,21000,0(0.00 %),3000,62990000,0,0,20900,21000,20900
2025-05-29,22.3,22300,1.3(6.19 %),4400,90320000,0,0,20350,22300,20350
2025-05-30,21.3,21300,-1(-4.48 %),9400,195580000,0,0,22150,22150,20750
2025-06-02,20.4,20400,-0.9(-4.23 %),1600,32645000,0,0,20400,20450,20400
2025-06-03,20.95,20950,0.55(2.70 %),9200,188690000,0,0,20500,20950,20500
2025-06-04,20.7,20700,-0.25(-1.19 %),3700,77380000,0,0,20950,21000,20700
2025-06-05,20.5,20500,-0.2(-0.97 %),1000,20500000,0,0,20500,20500,20500
2025-06-06,20.5,20500,0(0.00 %),3300,67650000,0,0,20500,20500,20500
2025-06-09,20.5,20500,0(0.00 %),3700,75850000,0,0,20500,20500,20500
2025-06-10,20.7,20700,0.2(0.98 %),1200,24800000,0,0,20500,20700,20500
2025-06-11,20.9,20900,0.2(0.97 %),11100,233235000,0,0,20800,22100,20800
2025-06-12,20.9,20900,0(0.00 %),1100,22990000,0,0,20900,20900,20900
2025-06-13,20.9,20900,0(0.00 %),100,2090000,0,0,20900,20900,20900
2025-06-16,20.9,20900,0(0.00 %),3000,62700000,0,0,20900,20900,20900
2025-06-17,20.2,20200,-0.7(-3.35 %),3400,69020000,0,0,20800,20800,20200
2025-06-18,20.2,20200,0(0.00 %),0,0,0,0,20200,20200,20200
2025-06-19,20.95,20950,0.75(3.71 %),200,4160000,0,0,20650,20950,20650
2025-06-20,20.9,20900,-0.05(-0.24 %),200,4100000,0,0,20100,20900,20100
2025-06-23,20.5,20500,-0.4(-1.91 %),10200,209170000,0,0,20850,20850,20500
2025-06-24,20.8,20800,0.3(1.46 %),18400,382665000,0,0,20500,20800,20500
2025-06-25,20.8,20800,0(0.00 %),10600,215480000,0,0,20800,20800,20250
2025-06-26,20.2,20200,-0.6(-2.88 %),7000,141850000,0,0,20800,20800,20200
2025-06-27,20.8,20800,0.6(2.97 %),11400,230670000,0,0,20250,20800,20200
2025-06-30,20.75,20750,-0.05(-0.24 %),600,12450000,0,0,20750,20750,20750
2025-07-01,20.75,20750,0(0.00 %),3100,64325000,0,0,20750,20750,20750
2025-07-02,20.4,20400,-0.35(-1.69 %),5000,102000000,0,0,20400,20400,20400
2025-07-03,20.55,20550,0.15(0.74 %),14800,299270000,71200,1530800000,20400,20700,20000
2025-07-04,20.6,20600,0.05(0.24 %),4100,83825000,0,0,20750,20750,20200
2025-07-07,20.3,20300,-0.3(-1.46 %),12700,258215000,71200,1409760000,20400,20600,20150
2025-07-08,20.35,20350,0.05(0.25 %),20500,416525000,0,0,20300,20450,20100
2025-07-09,20.75,20750,0.4(1.97 %),35400,726640000,0,0,20300,20750,20150
2025-07-10,20.4,20400,-0.35(-1.69 %),5700,117405000,0,0,20750,20850,20400
2025-07-11,20.3,20300,-0.1(-0.49 %),5000,101780000,0,0,20400,20400,20300
2025-07-14,20.15,20150,-0.15(-0.74 %),30800,627175000,0,0,20300,21150,20100
2025-07-15,20.0,20000,-0.15(-0.74 %),25500,511800000,0,0,20200,20200,20000
2025-07-16,20.7,20700,0.7(3.50 %),1400,28200000,0,0,20100,20700,20100
2025-07-17,20.5,20500,-0.2(-0.97 %),17900,365080000,0,0,20650,20650,20300
2025-07-18,20.5,20500,0(0.00 %),7300,149360000,0,0,20500,20500,20400
2025-07-21,20.4,20400,-0.1(-0.49 %),500,10220000,0,0,20450,20450,20400
2025-07-22,20.1,20100,-0.3(-1.47 %),5100,102530000,0,0,20200,20200,20100
2025-07-23,20.5,20500,0.4(1.99 %),23400,479700000,0,0,20500,20500,20500
2025-07-24,20.5,20500,0(0.00 %),10900,219750000,0,0,20400,20500,20100
2025-07-25,20.3,20300,-0.2(-0.98 %),30700,629290000,0,0,20500,20600,20300
2025-07-28,20.5,20500,0.2(0.99 %),5700,116800000,0,0,20500,20500,20450
2025-07-29,20.1,20100,-0.4(-1.95 %),8900,179520000,0,0,20700,20700,20100
2025-07-30,20.1,20100,0(0.00 %),30900,621140000,0,0,20150,20150,20100
2025-07-31,20.5,20500,0.4(1.99 %),6000,122650000,0,0,20100,20650,20100
2025-08-01,20.4,20400,-0.1(-0.49 %),13500,271480000,0,0,20150,20400,20100
2025-08-04,20.4,20400,0(0.00 %),500,10200000,0,0,20400,20400,20400
2025-08-05,20.1,20100,-0.3(-1.47 %),18700,376575000,0,0,20200,20400,20100
2025-08-06,20.1,20100,0(0.00 %),6400,128640000,0,0,20100,20100,20100
2025-08-07,20.6,20600,0.5(2.49 %),500,10180000,0,0,20300,20600,20300
2025-08-08,20.05,20050,-0.55(-2.67 %),27300,554810000,0,0,20350,20550,20050
2025-08-11,20.3,20300,0.25(1.25 %),6500,132825000,0,0,20200,20450,20200
2025-08-12,20.4,20400,0.1(0.49 %),16600,337475000,0,0,20500,20500,20200
2025-08-13,20.45,20450,0.05(0.25 %),13200,269070000,0,0,20200,20500,20100
2025-08-14,20.55,20550,0.1(0.49 %),12300,252130000,0,0,20400,20550,20400
2025-08-15,20.5,20500,-0.05(-0.24 %),18000,369565000,0,0,20500,20600,20500
2025-08-18,20.6,20600,0.1(0.49 %),11400,235245000,0,0,20500,20700,20500
2025-08-19,20.8,20800,0.2(0.97 %),12100,251870000,0,0,20600,20950,20600
2025-08-20,20.5,20500,-0.3(-1.44 %),17200,348425000,0,0,20600,20600,20200
2025-08-21,20.3,20300,-0.2(-0.98 %),6100,124080000,0,0,20500,20500,20300
2025-08-22,20.2,20200,-0.1(-0.49 %),31400,629855000,0,0,20300,20300,20000
2025-08-25,20.45,20450,0.25(1.24 %),20100,405055000,0,0,20200,20450,20100
2025-08-26,20.45,20450,0(0.00 %),3700,75045000,0,0,20450,20450,20200
2025-08-27,20.3,20300,-0.15(-0.73 %),5200,106325000,0,0,20450,20450,20300
2025-08-28,20.2,20200,-0.1(-0.49 %),2300,46460000,0,0,20200,20200,20200
2025-08-29,20.35,20350,0.15(0.74 %),16000,323350000,0,0,20200,20350,20200
2025-09-03,20.35,20350,0(0.00 %),1600,32580000,0,0,20450,20450,20350
2025-09-04,20.4,20400,0.05(0.25 %),700,14250000,0,0,20350,20400,20300
2025-09-05,20.2,20200,-0.2(-0.98 %),20100,406975000,0,0,20350,20400,20200
2025-09-08,20.1,20100,-0.1(-0.50 %),6100,122410000,0,0,20000,20100,20000
2025-09-09,20.3,20300,0.2(1.00 %),300,6060000,0,0,20150,20300,20150
2025-09-10,20.3,20300,0(0.00 %),5500,111650000,0,0,20300,20300,20300
2025-09-11,20.2,20200,-0.1(-0.49 %),4200,84205000,0,0,20100,20200,20000
2025-09-12,20.35,20350,0.15(0.74 %),1700,34205000,0,0,20050,20350,20050
2025-09-15,20.35,20350,0(0.00 %),11600,236045000,0,0,20350,20350,20300
2025-09-16,20.35,20350,0(0.00 %),13200,268620000,0,0,20350,20350,20350
2025-09-17,20.35,20350,0(0.00 %),0,0,0,0,20350,20350,20350
2025-09-18,20.35,20350,0(0.00 %),10800,219780000,0,0,20350,20350,20350
2025-09-19,20.3,20300,-0.05(-0.25 %),3200,63445000,0,0,19800,20300,19800
2025-09-22,20.35,20350,0.05(0.25 %),1000,20350000,0,0,20350,20350,20350
2025-09-23,20.25,20250,-0.1(-0.49 %),900,18225000,0,0,20250,20250,20250
2025-09-24,20.25,20250,0(0.00 %),15300,307275000,0,0,20000,20250,20000
2025-09-25,20.25,20250,0(0.00 %),0,0,0,0,20250,20250,20250
2025-09-26,20.25,20250,0(0.00 %),0,0,0,0,20250,20250,20250
2025-09-29,20.4,20400,0.15(0.74 %),300,6105000,0,0,20250,20400,20250
2025-09-30,20.4,20400,0(0.00 %),0,0,0,0,20400,20400,20400
2025-10-01,20.4,20400,0(0.00 %),2100,42840000,0,0,20400,20400,20400
2025-10-02,20.2,20200,-0.2(-0.98 %),300,6080000,0,0,20300,20300,20200
2025-10-03,20.2,20200,0(0.00 %),100,2020000,0,0,20200,20200,20200
2025-10-06,20.35,20350,0.15(0.74 %),200,4070000,0,0,20350,20350,20350
2025-10-07,20.2,20200,-0.15(-0.74 %),700,14125000,0,0,20350,20350,20100
2025-10-08,20.2,20200,0(0.00 %),200,4040000,0,0,20200,20200,20200
2025-10-09,20.2,20200,0(0.00 %),1000,20290000,0,0,20350,20350,20200
2025-10-10,20.2,18800,-20.2(-100.00 %),15300,20200,0,0,20300,20300,18800
