Date,GiaDieuChinh,Close,ThayDoi,Volume,GiaTriKhopLenh,KLThoaThuan,GtThoaThuan,Open,High,Low
2006-12-06,19.58,124000,-6(-4.62 %),17860,2214640,0,0,124000,124000,124000
2006-12-07,18.63,118000,-6(-4.84 %),24160,2850880,0,0,118000,118000,118000
2006-12-08,17.84,113000,-5(-4.24 %),20800,2350400,0,0,113000,113000,113000
2006-12-11,18.63,118000,5(4.42 %),334090,38367170,0,0,113000,118000,113000
2006-12-12,18.95,120000,2(1.69 %),536510,64704300,0,0,123000,123000,120000
2006-12-13,19.89,126000,6(5.00 %),362570,45683820,0,0,126000,126000,126000
2006-12-14,20.84,132000,6(4.76 %),164500,21714000,0,0,132000,132000,132000
2006-12-15,21.79,138000,6(4.55 %),123100,16987800,0,0,138000,138000,138000
2006-12-18,22.73,144000,6(4.35 %),194960,28074240,10000,1380000,144000,144000,144000
2006-12-19,23.84,151000,7(4.86 %),124150,18746650,10000,1510000,151000,151000,151000
2006-12-20,24.94,158000,7(4.64 %),140780,22243240,21000,3318000,158000,158000,158000
2006-12-21,24.0,152000,-6(-3.80 %),810590,127985120,55000,8305000,165000,165000,152000
2006-12-22,22.89,145000,-7(-4.61 %),495650,71869250,0,0,145000,145000,145000
2006-12-25,24.0,152000,7(4.83 %),476620,70633170,0,0,138000,152000,138000
2006-12-26,25.1,159000,7(4.61 %),308470,48381810,12900,1870500,159000,159000,159000
2006-12-27,26.21,166000,7(4.40 %),264550,43915300,0,0,166000,166000,166000
2006-12-28,26.21,166000,0(0.00 %),456580,75792280,0,0,166000,166000,166000
2006-12-29,26.37,167000,1(0.60 %),190770,31769310,0,0,166000,167000,166000
2007-01-02,25.58,162000,-6(-3.57 %),319150,52196000000,0,0,162000,168000,162000
2007-01-03,26.52,168000,6(3.70 %),148900,0,0,0,168000,168000,162000
2007-01-04,27.79,176000,8(4.76 %),147690,25993000000,0,0,176000,176000,176000
2007-01-05,29.05,184000,8(4.55 %),120020,0,0,0,184000,184000,184000
2007-01-08,30.47,193000,9(4.89 %),462770,11368000000,0,0,193000,193000,193000
2007-01-09,31.89,202000,9(4.66 %),277330,56021000000,0,0,202000,202000,202000
2007-01-10,33.47,212000,10(4.95 %),107950,22885000000,0,0,212000,212000,212000
2007-01-11,35.05,222000,10(4.72 %),81780,18155000000,0,0,222000,222000,222000
2007-01-12,36.79,233000,11(4.95 %),40030,9327000000,0,0,233000,233000,233000
2007-01-15,38.52,244000,11(4.72 %),60260,14703000000,0,0,244000,244000,244000
2007-01-16,40.42,256000,12(4.92 %),86650,22182000000,0,0,256000,256000,256000
2007-01-17,42.31,268000,12(4.69 %),560630,150249000000,0,0,268000,268000,268000
2007-01-18,44.36,281000,13(4.85 %),680450,190347000000,0,0,278000,281000,278000
2007-01-19,46.57,295000,14(4.98 %),352290,103926000000,0,0,295000,295000,295000
2007-01-22,46.57,295000,0(0.00 %),403670,119083000000,0,0,295000,295000,295000
2007-01-23,46.57,295000,0(0.00 %),364140,108078000000,0,0,300000,300000,295000
2007-01-24,44.36,281000,-14(-4.75 %),187780,53630000000,0,0,290000,290000,281000
2007-01-25,42.15,267000,-14(-4.98 %),143760,38384000000,0,0,267000,267000,267000
2007-01-26,40.1,254000,-13(-4.87 %),269010,68329000000,0,0,248300,254000,248300
2007-01-29,42.0,266000,12(4.72 %),532680,134586000000,0,0,266000,266000,242000
2007-01-30,44.05,279000,13(4.89 %),145330,40547000000,0,0,279000,279000,279000
2007-01-31,46.1,292000,13(4.66 %),1134540,113454000000,0,0,279000,292000,279000
2007-02-01,43.89,278000,-14(-4.79 %),637150,63715000000,0,0,292000,292000,278000
2007-02-02,44.84,284000,6(2.16 %),852620,85262000000,0,0,278000,284000,278000
2007-02-05,44.84,284000,0(0.00 %),421520,123949000000,0,0,284000,298000,284000
2007-02-06,44.84,284000,0(0.00 %),232670,65990000000,0,0,284000,284000,282000
2007-02-07,44.84,284000,0(0.00 %),210670,59405000000,0,0,284000,284000,276000
2007-02-08,42.63,270000,-14(-4.93 %),230810,62319000000,0,0,270000,270000,270000
2007-02-09,42.63,270000,0(0.00 %),347640,90201000000,0,0,270000,270000,257000
2007-02-12,44.36,281000,11(4.07 %),262090,73744000000,0,0,280000,283000,280000
2007-02-13,44.21,280000,-1(-0.36 %),176390,49389000000,0,0,280000,280000,280000
2007-02-14,44.21,280000,0(0.00 %),133820,37470000000,0,0,280000,280000,280000
2007-02-15,44.52,282000,2(0.71 %),84200,23645000000,0,0,282000,282000,280000
2007-02-26,46.73,296000,14(4.96 %),220850,65372000000,0,0,296000,296000,296000
2007-02-27,48.94,310000,14(4.73 %),363780,112772000000,0,0,310000,310000,310000
2007-02-28,47.05,298000,-12(-3.87 %),242460,71858000000,0,0,298000,298000,295000
2007-03-01,45.79,290000,-8(-2.68 %),201560,58907000000,0,0,290000,295000,290000
2007-03-02,46.57,295000,5(1.72 %),248670,72778000000,0,0,290000,295000,290000
2007-03-05,45.63,289000,-6(-2.03 %),253140,75004000000,0,0,289000,305000,289000
2007-03-06,43.42,275000,-14(-4.84 %),199690,55219000000,0,0,275000,280000,275000
2007-03-07,43.89,278000,3(1.09 %),107360,30010000000,0,0,280000,280000,278000
2007-03-08,43.73,277000,-1(-0.36 %),202710,56027000000,0,0,275000,277000,275000
2007-03-09,43.73,277000,0(0.00 %),274150,75940000000,0,0,277000,277000,277000
2007-03-12,44.21,280000,3(1.08 %),108730,30718000000,0,0,285000,285000,280000
2007-03-13,42.63,270000,-10(-3.57 %),155250,42304000000,0,0,270000,280000,270000
2007-03-14,40.89,259000,-11(-4.07 %),162770,42134000000,0,0,259000,260000,257000
2007-03-15,39.47,250000,-9(-3.47 %),113970,28493000000,0,0,250000,250000,250000
2007-03-16,41.36,262000,12(4.80 %),159200,40814000000,0,0,250000,262000,250000
2007-03-19,41.36,262000,0(0.00 %),197370,52337000000,0,0,270000,270000,260000
2007-03-20,39.79,252000,-10(-3.82 %),252180,63347000000,0,0,249000,252000,249000
2007-03-21,39.94,253000,1(0.40 %),201850,51328000000,0,0,252000,255000,252000
2007-03-22,39.0,247000,-6(-2.37 %),143090,35809000000,0,0,252000,252000,247000
2007-03-23,39.15,248000,1(0.40 %),178760,43647000000,0,0,239000,249000,239000
2007-03-26,39.15,248000,0(0.00 %),199420,49585000000,0,0,249000,249000,248000
2007-03-27,38.68,245000,-3(-1.21 %),223000,55090000000,0,0,248000,248000,245000
2007-03-28,38.68,245000,0(0.00 %),201090,48644000000,0,0,240000,245000,240000
2007-03-29,38.68,245000,0(0.00 %),233730,57389000000,0,0,245000,247000,245000
2007-03-30,38.68,245000,0(0.00 %),123830,30754000000,0,0,250000,250000,245000
2007-04-02,38.68,245000,0(0.00 %),125130,30728000000,0,0,247000,247000,245000
2007-04-03,37.1,235000,-10(-4.08 %),101850,24078000000,0,0,238000,238000,235000
2007-04-04,38.84,246000,11(4.68 %),149790,36466000000,0,0,240000,246000,240000
2007-04-05,39.15,248000,2(0.81 %),189420,48145000000,0,0,256000,256000,248000
2007-04-06,39.31,249000,1(0.40 %),108480,26950000000,0,0,248000,249000,248000
2007-04-09,41.21,261000,12(4.82 %),142530,37200000000,0,0,261000,261000,261000
2007-04-10,39.47,250000,-11(-4.21 %),166890,43530000000,0,0,263000,263000,250000
2007-04-11,39.63,251000,1(0.40 %),106890,26859000000,0,0,250000,252000,250000
2007-04-12,39.15,248000,-3(-1.20 %),80020,20003000000,0,0,252000,252000,248000
2007-04-13,39.15,248000,0(0.00 %),97770,24393000000,0,0,250000,250000,248000
2007-04-16,37.26,236000,-12(-4.84 %),317900,75024000000,0,0,236000,236000,236000
2007-04-17,35.84,227000,-9(-3.81 %),215440,49415000000,0,0,230000,230000,227000
2007-04-18,37.26,236000,9(3.96 %),161140,37652000000,0,0,228000,238000,228000
2007-04-19,35.52,225000,-11(-4.66 %),239410,55051000000,0,0,235000,235000,225000
2007-04-20,34.73,220000,-5(-2.22 %),107680,23686000000,0,0,223000,223000,217000
2007-04-23,33.0,209000,-11(-5.00 %),70840,14806000000,0,0,209000,209000,209000
2007-04-24,31.42,199000,-10(-4.78 %),131940,26256000000,0,0,199000,199000,199000
2007-04-25,32.05,203000,4(2.01 %),245950,49419000000,0,0,199000,203000,199000
2007-05-02,31.58,200000,-3(-1.48 %),194180,38664000000,0,0,197000,200000,197000
2007-05-03,31.73,201000,1(0.50 %),119420,23985000000,0,0,200000,202000,200000
2007-05-04,32.52,206000,5(2.49 %),105480,21686000000,0,0,205000,206000,205000
2007-05-07,34.1,216000,10(4.85 %),108730,23361000000,0,0,212000,216000,212000
2007-05-08,35.68,226000,10(4.63 %),78470,17734000000,0,0,226000,226000,226000
2007-05-09,36.31,230000,4(1.77 %),419420,99010000000,0,0,237000,237000,230000
2007-05-10,36.94,234000,4(1.74 %),230840,0,0,0,234000,234000,230000
2007-05-11,38.36,243000,9(3.85 %),187100,44996000000,0,0,232000,243000,232000
2007-05-14,40.26,255000,12(4.94 %),206460,52615000000,0,0,254000,255000,254000
2007-05-15,39.47,250000,-5(-1.96 %),203050,51526000000,0,0,259000,259000,250000
2007-05-16,39.47,250000,0(0.00 %),141930,35749000000,0,0,254000,254000,250000
2007-05-17,39.47,250000,0(0.00 %),155190,38672000000,0,0,248000,250000,248000
2007-05-18,39.79,252000,2(0.80 %),141990,35719000000,0,0,252000,252000,251000
2007-05-21,39.94,253000,1(0.40 %),157660,39801000000,0,0,252000,253000,252000
2007-05-22,41.84,265000,12(4.74 %),240420,63085000000,0,0,256000,265000,256000
2007-05-23,41.36,262000,-3(-1.13 %),273150,74120000000,0,0,275000,275000,262000
2007-05-24,40.73,258000,-4(-1.53 %),204230,0,0,0,258000,260000,254000
2007-05-25,41.05,260000,2(0.78 %),181000,46645000000,0,0,260000,260000,255000
2007-05-28,41.21,261000,1(0.38 %),162380,42973000000,0,0,269000,269000,261000
2007-05-29,41.36,262000,1(0.38 %),73260,19173000000,0,0,262000,262000,261000
2007-05-30,41.36,262000,0(0.00 %),149340,39206000000,0,0,264000,264000,261000
2007-05-31,41.84,265000,3(1.15 %),172490,45646000000,0,0,265000,265000,264000
2007-06-01,41.05,260000,-5(-1.89 %),207590,54253000000,0,0,262000,262000,260000
2007-06-04,39.94,253000,-7(-2.69 %),81600,20740000000,0,0,260000,260000,251000
2007-06-05,40.26,255000,2(0.79 %),145370,37481000000,0,0,260000,260000,255000
2007-06-06,40.26,255000,0(0.00 %),109590,27945000000,0,0,255000,255000,255000
2007-06-07,40.1,254000,-1(-0.39 %),199550,50859000000,0,0,255000,256000,254000
2007-06-08,39.47,250000,-4(-1.57 %),124990,31378000000,0,0,252000,252000,250000
2007-06-11,38.52,244000,-6(-2.40 %),123750,30384000000,0,0,248000,248000,244000
2007-06-12,38.68,245000,1(0.41 %),138920,33823000000,0,0,242000,245000,242000
2007-06-13,38.84,246000,1(0.41 %),175230,43107000000,0,0,246000,246000,246000
2007-06-14,39.47,250000,4(1.63 %),300960,74809000000,0,0,247000,250000,247000
2007-06-15,40.51,232500,3.5(2.19 %),316540,52330000000,0,0,232500,232500,232500
2007-06-18,40.51,163000,0(0.00 %),172120,27959000000,0,0,162000,163000,162000
2007-06-19,41.0,165000,2(1.23 %),196760,32465000000,0,0,165000,165000,165000
2007-06-20,41.75,168000,3(1.82 %),184050,30751000000,0,0,166000,168000,166000
2007-06-21,41.5,167000,-1(-0.60 %),219230,36911000000,0,0,170000,170000,167000
2007-06-22,41.5,167000,0(0.00 %),176440,29438000000,0,0,167000,167000,165000
2007-06-25,41.25,166000,-1(-0.60 %),183680,30912000000,0,0,169000,170000,166000
2007-06-26,42.0,169000,3(1.81 %),290990,49258000000,0,0,170000,170000,168000
2007-06-27,41.0,165000,-4(-2.37 %),190960,32064000000,0,0,169000,169000,165000
2007-06-28,41.5,167000,2(1.21 %),89770,14858000000,0,0,165000,167000,165000
2007-06-29,41.0,165000,-2(-1.20 %),70690,11664000000,0,0,165000,165000,165000
2007-07-02,39.26,158000,-7(-4.24 %),221900,35293000000,0,0,161000,161000,158000
2007-07-03,39.51,159000,1(0.63 %),210610,33321000000,0,0,158000,159000,158000
2007-07-04,41.25,166000,7(4.40 %),140740,23363000000,0,0,166000,166000,166000
2007-07-05,41.5,167000,1(0.60 %),374550,62694000000,0,0,167000,168000,167000
2007-07-06,41.5,167000,0(0.00 %),160040,26655000000,0,0,167000,167000,165000
2007-07-09,42.25,170000,3(1.80 %),270800,45753000000,0,0,168000,170000,167000
2007-07-10,43.24,174000,4(2.35 %),337590,58028000000,0,0,170000,174000,170000
2007-07-11,43.49,175000,1(0.57 %),217310,38349000000,0,0,176000,177000,175000
2007-07-12,41.75,168000,-7(-4.00 %),99860,17069000000,0,0,174000,174000,168000
2007-07-13,42.25,170000,2(1.19 %),112570,18985000000,0,0,168000,170000,167000
2007-07-16,41.0,165000,-5(-2.94 %),106040,17658000000,0,0,168000,168000,165000
2007-07-17,41.0,165000,0(0.00 %),80620,13339000000,0,0,165000,167000,165000
2007-07-18,40.51,163000,-2(-1.21 %),119860,19556000000,0,0,164000,164000,163000
2007-07-19,40.26,162000,-1(-0.61 %),84650,13694000000,0,0,161000,162000,161000
2007-07-20,40.26,162000,0(0.00 %),88710,14334000000,0,0,160000,162000,160000
2007-07-23,39.51,159000,-3(-1.85 %),109640,17454000000,0,0,160000,161000,159000
2007-07-24,40.51,163000,4(2.52 %),107390,17376000000,0,0,160000,163000,160000
2007-07-25,40.26,162000,-1(-0.61 %),98810,15984000000,0,0,163000,163000,161000
2007-07-26,40.26,162000,0(0.00 %),107770,17438000000,0,0,161000,162000,161000
2007-07-27,40.01,161000,-1(-0.62 %),97670,15751000000,0,0,162000,162000,160000
2007-07-30,39.76,160000,-1(-0.62 %),47340,7545000000,0,0,159000,160000,157000
2007-07-31,40.26,162000,2(1.25 %),163100,26037000000,0,0,158000,162000,156000
2007-08-01,40.26,162000,0(0.00 %),143480,23310000000,0,0,160000,165000,160000
2007-08-02,40.26,162000,0(0.00 %),109700,17763000000,0,0,162000,163000,160000
2007-08-03,39.51,159000,-3(-1.85 %),125490,20050000000,0,0,160000,160000,158000
2007-08-06,38.52,155000,-4(-2.52 %),68430,10699000000,0,0,158000,158000,155000
2007-08-07,39.51,159000,4(2.58 %),74920,11684000000,0,0,154000,159000,154000
2007-08-08,39.26,158000,-1(-0.63 %),91880,14536000000,0,0,158000,160000,157000
2007-08-09,40.26,162000,4(2.53 %),133250,21291000000,0,0,157000,162000,157000
2007-08-10,39.51,159000,-3(-1.85 %),171110,27218000000,0,0,159000,162000,158000
2007-08-13,38.77,156000,-3(-1.89 %),74700,11668000000,0,0,156000,158000,155000
2007-08-14,39.26,158000,2(1.28 %),59070,9314000000,0,0,157000,158000,157000
2007-08-15,38.77,156000,-2(-1.27 %),39420,6150000000,0,0,156000,157000,156000
2007-08-16,38.27,154000,-2(-1.28 %),52720,8118000000,0,0,155000,155000,149000
2007-08-17,37.77,152000,-2(-1.30 %),66810,10155000000,0,0,151000,154000,151000
2007-08-20,37.53,151000,-1(-0.66 %),110320,16594000000,0,0,150000,151000,149000
2007-08-21,37.77,152000,1(0.66 %),58120,8862000000,0,0,153000,153000,152000
2007-08-22,37.28,150000,-2(-1.32 %),57830,8726000000,0,0,152000,152000,150000
2007-08-23,36.03,145000,-5(-3.33 %),119310,17407000000,0,0,147000,147000,145000
2007-08-24,36.03,145000,0(0.00 %),161800,23498000000,0,0,145000,147000,144000
2007-08-27,36.78,148000,3(2.07 %),96210,14188000000,0,0,147000,148000,146000
2007-08-28,36.03,145000,-3(-2.03 %),179840,26204000000,0,0,146000,146000,145000
2007-08-29,35.79,144000,-1(-0.69 %),173240,24843000000,0,0,143000,144000,143000
2007-08-30,36.53,147000,3(2.08 %),177790,26024000000,0,0,145000,147000,144000
2007-08-31,36.28,146000,-1(-0.68 %),197500,28895000000,0,0,146000,148000,146000
2007-09-04,37.28,150000,4(2.74 %),185070,27613000000,0,0,148000,150000,147000
2007-09-05,37.77,152000,2(1.33 %),248500,37890000000,0,0,152000,154000,150000
2007-09-06,38.77,156000,4(2.63 %),287410,44470000000,0,0,154000,156000,153000
2007-09-07,39.76,160000,4(2.56 %),219580,34744000000,0,0,156000,160000,155000
2007-09-10,39.02,157000,-3(-1.88 %),101630,16000000000,0,0,158000,158000,157000
2007-09-11,38.27,154000,-3(-1.91 %),147430,22815000000,0,0,155000,156000,154000
2007-09-12,38.27,154000,0(0.00 %),81060,12511000000,0,0,154000,156000,154000
2007-09-13,37.77,152000,-2(-1.30 %),106870,16364000000,0,0,154000,154000,152000
2007-09-14,38.77,156000,4(2.63 %),213870,33323000000,0,0,154000,157000,153000
2007-09-17,39.51,159000,3(1.92 %),315930,50082000000,0,0,156000,160000,156000
2007-09-18,38.27,154000,-5(-3.14 %),349100,53867000000,0,0,154000,156000,154000
2007-09-19,38.52,155000,1(0.65 %),261240,40408000000,0,0,154000,156000,154000
2007-09-20,38.52,155000,0(0.00 %),311460,48083000000,0,0,155000,155000,152000
2007-09-21,38.27,154000,-1(-0.65 %),287840,44422000000,0,0,155000,155000,153000
2007-09-24,39.02,157000,3(1.95 %),414810,64253000000,0,0,154000,157000,154000
2007-09-25,40.51,163000,6(3.82 %),454760,73732000000,20000,3260000000,161000,164000,161000
2007-09-26,40.51,163000,0(0.00 %),383180,62656000000,0,0,165000,165000,161000
2007-09-27,40.26,162000,-1(-0.61 %),236540,38291000000,0,0,162000,162000,160000
2007-09-28,42.25,170000,8(4.94 %),509270,84631000000,0,0,163000,170000,163000
2007-10-01,44.24,178000,8(4.71 %),583260,103740000000,0,0,178000,178000,176000
2007-10-02,44.48,179000,1(0.56 %),513480,89837000000,0,0,170000,179000,170000
2007-10-03,44.48,179000,0(0.00 %),504740,89947000000,20000,3580000000,178000,180000,175000
2007-10-04,43.24,174000,-5(-2.79 %),744760,131015000000,20000,3480000000,178000,179000,174000
2007-10-05,42.25,170000,-4(-2.30 %),527900,90691000000,0,0,174000,174000,170000
2007-10-08,41.75,168000,-2(-1.18 %),313920,52909000000,0,0,170000,170000,166000
2007-10-09,42.0,169000,1(0.60 %),276810,47153000000,62000,10664000000,173000,173000,169000
2007-10-10,42.74,172000,3(1.78 %),248210,42633000000,0,0,173000,173000,170000
2007-10-11,42.74,172000,0(0.00 %),330840,57111000000,23000,3956000000,174000,174000,171000
2007-10-12,42.99,173000,1(0.58 %),399310,68801000000,0,0,172000,173000,171000
2007-10-15,43.74,176000,3(1.73 %),390690,68248000000,0,0,174000,176000,173000
2007-10-16,43.49,175000,-1(-0.57 %),351020,61665000000,0,0,176000,177000,175000
2007-10-17,43.24,174000,-1(-0.57 %),356920,62344000000,0,0,175000,176000,174000
2007-10-18,43.49,175000,1(0.57 %),570960,99822000000,0,0,174000,176000,174000
2007-10-19,43.49,175000,0(0.00 %),404880,70793000000,83000,14325000000,175000,176000,174000
2007-10-22,42.99,173000,-2(-1.14 %),208460,36244000000,30000,5250000000,174000,175000,173000
2007-10-23,42.25,170000,-3(-1.73 %),249130,42528000000,0,0,171000,172000,170000
2007-10-24,42.74,172000,2(1.18 %),206330,35360000000,0,0,171000,172000,170000
2007-10-25,43.24,174000,2(1.16 %),391220,68396000000,0,0,176000,177000,173000
2007-10-26,42.5,171000,-3(-1.72 %),146600,25289000000,0,0,174000,175000,171000
2007-10-29,41.25,166000,-5(-2.92 %),327630,54843000000,0,0,169000,170000,166000
2007-10-30,41.75,168000,2(1.20 %),293310,49464000000,0,0,169000,170000,168000
2007-10-31,41.5,167000,-1(-0.60 %),132600,22242000000,0,0,168000,169000,167000
2007-11-01,41.5,167000,0(0.00 %),83350,13996000000,0,0,168000,170000,167000
2007-11-02,41.0,165000,-2(-1.20 %),165650,27316000000,0,0,164000,167000,164000
2007-11-05,39.76,160000,-5(-3.03 %),374100,59579000000,0,0,158000,162000,158000
2007-11-06,41.0,165000,5(3.12 %),338700,55092000000,0,0,160000,165000,159000
2007-11-07,41.0,165000,0(0.00 %),106220,17434000000,0,0,163000,165000,163000
2007-11-08,39.76,160000,-5(-3.03 %),167790,27038000000,0,0,162000,163000,160000
2007-11-09,39.26,158000,-2(-1.25 %),182330,28634000000,26000,4160000000,158000,158000,156000
2007-11-12,39.02,157000,-1(-0.63 %),99080,15695000000,0,0,159000,160000,157000
2007-11-13,37.53,151000,-6(-3.82 %),196260,30095000000,0,0,156000,157000,151000
2007-11-14,39.02,157000,6(3.97 %),288500,45322000000,0,0,156000,158000,155000
2007-11-15,39.76,160000,3(1.91 %),186330,29437000000,0,0,157000,160000,156000
2007-11-16,39.02,157000,-3(-1.88 %),68710,10831000000,0,0,158000,159000,157000
2007-11-19,38.77,156000,-1(-0.64 %),63240,9869000000,0,0,156000,157000,156000
2007-11-20,38.27,154000,-2(-1.28 %),106030,16343000000,0,0,155000,156000,153000
2007-11-21,38.27,154000,0(0.00 %),144900,22209000000,0,0,153000,154000,152000
2007-11-22,38.27,154000,0(0.00 %),109390,16862000000,0,0,154000,155000,153000
2007-11-23,38.27,154000,0(0.00 %),55640,8556000000,0,0,154000,154000,153000
2007-11-26,38.77,156000,2(1.30 %),101880,15722000000,0,0,153000,156000,153000
2007-11-27,38.52,155000,-1(-0.64 %),90710,14165000000,0,0,158000,158000,155000
2007-11-28,38.52,155000,0(0.00 %),42430,6585000000,0,0,156000,156000,154000
2007-11-29,38.27,154000,-1(-0.65 %),65740,10176000000,0,0,155000,156000,154000
2007-11-30,37.53,151000,-3(-1.95 %),217460,32915000000,0,0,151000,153000,151000
2007-12-03,38.52,155000,4(2.65 %),108180,16613000000,0,0,152000,155000,152000
2007-12-04,38.77,156000,1(0.65 %),212790,33399000000,0,0,157000,158000,156000
2007-12-05,38.52,155000,-1(-0.64 %),72550,11240000000,0,0,155000,156000,154000
2007-12-06,38.52,155000,0(0.00 %),92030,14220000000,0,0,154000,155000,153000
2007-12-07,38.27,154000,-1(-0.65 %),70290,10822000000,0,0,153000,155000,153000
2007-12-10,37.77,152000,-2(-1.30 %),72230,10984000000,0,0,152000,153000,151000
2007-12-11,36.78,148000,-4(-2.63 %),119370,17799000000,0,0,151000,151000,148000
2007-12-12,37.28,150000,2(1.35 %),103220,15382000000,0,0,148000,150000,148000
2007-12-13,36.53,147000,-3(-2.00 %),84640,12533000000,0,0,149000,149000,147000
2007-12-14,36.03,145000,-2(-1.36 %),96640,14088000000,0,0,147000,148000,145000
2007-12-17,35.79,144000,-1(-0.69 %),118900,17203000000,0,0,145000,146000,144000
2007-12-18,37.03,149000,5(3.47 %),156720,22980000000,0,0,144000,149000,144000
2007-12-19,38.27,154000,5(3.36 %),168830,25737000000,0,0,150000,154000,150000
2007-12-20,38.27,154000,0(0.00 %),337000,52109000000,0,0,155000,156000,153000
2007-12-21,38.77,156000,2(1.30 %),86150,13372000000,0,0,155000,156000,154000
2007-12-24,38.27,154000,-2(-1.28 %),81960,12688000000,0,0,155000,156000,154000
2007-12-25,36.78,148000,-6(-3.90 %),190080,28367000000,0,0,153000,155000,148000
2007-12-26,37.77,152000,4(2.70 %),54190,8225000000,0,0,152000,152000,150000
2007-12-27,37.03,149000,-3(-1.97 %),87730,13104000000,0,0,152000,152000,148000
2007-12-28,37.77,152000,3(2.01 %),61460,9284000000,0,0,150000,152000,150000
2008-01-02,38.02,153000,1(0.66 %),154350,23524000000,0,0,152000,153000,152000
2008-01-03,37.28,150000,-3(-1.96 %),41270,6221000000,0,0,151000,152000,150000
2008-01-04,37.03,149000,-1(-0.67 %),26350,3933000000,0,0,150000,150000,149000
2008-01-07,36.78,148000,-1(-0.67 %),103050,15200000000,0,0,146000,149000,146000
2008-01-08,36.78,148000,0(0.00 %),85640,12794000000,0,0,150000,150000,148000
2008-01-09,36.28,146000,-2(-1.35 %),55240,8092000000,0,0,148000,148000,146000
2008-01-10,34.79,140000,-6(-4.11 %),249040,35027000000,0,0,141000,143000,140000
2008-01-11,35.29,142000,2(1.43 %),93420,13317000000,0,0,143000,145000,141000
2008-01-14,34.29,138000,-4(-2.82 %),131010,18282000000,0,0,141000,141000,138000
2008-01-15,33.3,134000,-4(-2.90 %),169930,22735000000,0,0,133000,136000,133000
2008-01-16,34.79,140000,6(4.48 %),78870,11041000000,0,0,140000,140000,139000
2008-01-17,34.29,138000,-2(-1.43 %),81270,11416000000,0,0,142000,143000,136000
2008-01-18,35.29,142000,4(2.90 %),141790,19840000000,0,0,138000,142000,137000
2008-01-21,35.04,141000,-1(-0.70 %),115120,16336000000,0,0,143000,143000,141000
2008-01-22,34.29,138000,-3(-2.13 %),100600,13708000000,0,0,135000,138000,135000
2008-01-23,33.3,134000,-4(-2.90 %),138550,18576000000,0,0,135000,136000,133000
2008-01-24,33.05,133000,-1(-0.75 %),185680,24947000000,0,0,134000,137000,133000
2008-01-25,33.55,135000,2(1.50 %),147220,19817000000,0,0,134000,136000,133000
2008-01-28,34.05,137000,2(1.48 %),125510,17158000000,0,0,137000,137000,135000
2008-01-29,35.54,143000,6(4.38 %),159350,22183000000,0,0,135000,143000,135000
2008-01-30,37.28,150000,7(4.90 %),181220,27113000000,0,0,149000,150000,147000
2008-01-31,37.03,149000,-1(-0.67 %),115570,16951000000,0,0,145000,149000,145000
2008-02-01,37.28,150000,1(0.67 %),139130,20779000000,0,0,149000,150000,147000
2008-02-12,35.79,144000,-6(-4.00 %),54840,8030000000,0,0,149000,150000,144000
2008-02-13,34.79,140000,-4(-2.78 %),66200,9282000000,0,0,140000,143000,140000
2008-02-14,35.04,141000,1(0.71 %),40640,5754000000,0,0,142000,142000,141000
2008-02-15,35.04,141000,0(0.00 %),33520,4722000000,0,0,141000,141000,140000
2008-02-18,33.3,134000,-7(-4.96 %),239030,32039000000,0,0,134000,135000,134000
2008-02-19,32.56,131000,-3(-2.24 %),192010,24819000000,0,0,128000,134000,128000
2008-02-20,31.06,125000,-6(-4.58 %),102990,13097000000,0,0,132000,132000,125000
2008-02-21,29.57,119000,-6(-4.80 %),147840,17595000000,0,0,119000,120000,119000
2008-02-22,28.33,114000,-5(-4.20 %),309810,35318000000,0,0,114000,114000,114000
2008-02-25,29.57,119000,5(4.39 %),175940,20858000000,0,0,118000,119000,115000
2008-02-26,28.33,114000,-5(-4.20 %),260060,30329000000,0,0,119000,119000,114000
2008-02-27,28.83,116000,2(1.75 %),133940,15650000000,0,0,114000,119000,114000
2008-02-28,29.08,117000,1(0.86 %),144760,16956000000,0,0,118000,118000,116000
2008-02-29,29.08,117000,0(0.00 %),340900,40106000000,0,0,119000,119000,116000
2008-03-03,28.33,114000,-3(-2.56 %),224210,25604650000,0,0,115000,116000,113000
2008-03-04,27.09,109000,-5(-4.39 %),348070,37941130000,21680,2363120000,109000,110000,109000
2008-03-05,25.85,104000,-5(-4.59 %),203000,21112000000,0,0,104000,104000,104000
2008-03-06,27.09,109000,5(4.81 %),9350,1019150000,0,0,109000,109000,109000
2008-03-07,28.33,114000,5(4.59 %),7790,888060000,0,0,114000,114000,114000
2008-03-10,29.57,119000,5(4.39 %),174780,20798820000,0,0,119000,119000,119000
2008-03-11,28.58,115000,-4(-3.36 %),191690,22060370000,0,0,114000,117000,114000
2008-03-12,29.32,118000,3(2.61 %),94010,11072780000,0,0,115000,120000,115000
2008-03-13,29.82,120000,2(1.69 %),131910,15850540000,0,0,123000,123000,118000
2008-03-14,30.32,122000,2(1.67 %),179420,21625380000,0,0,120000,122000,119000
2008-03-17,28.83,116000,-6(-4.92 %),266550,31175660000,0,0,118000,120000,116000
2008-03-18,27.58,111000,-5(-4.31 %),270440,30025950000,0,0,111000,112000,111000
2008-03-19,28.08,113000,2(1.80 %),173170,19862070000,0,0,116000,116000,112000
2008-03-20,27.83,112000,-1(-0.88 %),91650,10255210000,0,0,110000,114000,110000
2008-03-21,27.09,109000,-3(-2.68 %),192360,21209640000,0,0,112000,112000,108000
2008-03-24,25.85,104000,-5(-4.59 %),441410,46070440000,0,0,105000,105000,104000
2008-03-25,24.6,99000,-5(-4.81 %),467060,46239440000,0,0,99000,100000,99000
2008-03-26,25.35,102000,3(3.03 %),172140,17601790000,0,0,102000,103000,100000
2008-03-27,25.6,103000,1(0.98 %),47370,4832740000,0,0,102000,103000,102000
2008-03-28,25.85,104000,1(0.97 %),110320,11473280000,0,0,104000,104000,104000
2008-03-31,26.09,105000,1(0.96 %),12250,1286250000,0,0,105000,105000,105000
2008-04-01,26.34,106000,1(0.95 %),4520,479120000,0,0,106000,106000,106000
2008-04-02,26.59,107000,1(0.94 %),1210,129470000,77280,8268960000,107000,107000,107000
2008-04-03,26.84,108000,1(0.93 %),2000,216000000,0,0,108000,108000,108000
2008-04-04,27.09,109000,1(0.93 %),1090,118810000,0,0,109000,109000,109000
2008-04-07,27.58,111000,2(1.83 %),5850,649350000,0,0,111000,111000,111000
2008-04-08,28.08,113000,2(1.80 %),473760,53530260000,0,0,113000,113000,112000
2008-04-09,28.58,115000,2(1.77 %),319740,36757400000,0,0,115000,115000,114000
2008-04-10,28.08,113000,-2(-1.74 %),223890,25457410000,0,0,115000,115000,113000
2008-04-11,27.58,111000,-2(-1.77 %),145580,16159380000,0,0,111000,111000,111000
2008-04-16,27.09,109000,-2(-1.80 %),86120,9387080000,0,0,109000,109000,109000
2008-04-17,27.58,111000,2(1.83 %),107290,11532810000,0,0,107000,111000,107000
2008-04-18,28.08,113000,2(1.80 %),268890,30346330000,0,0,113000,113000,112000
2008-04-21,28.58,115000,2(1.77 %),286470,32926550000,0,0,115000,115000,114000
2008-04-22,28.83,116000,1(0.87 %),130410,14992980000,0,0,114000,116000,114000
2008-04-23,28.33,114000,-2(-1.72 %),130260,14849740000,40180,4660880000,114000,115000,114000
2008-04-24,28.33,114000,0(0.00 %),83120,9386830000,0,0,112000,114000,112000
2008-04-25,28.08,113000,-1(-0.88 %),57360,6473710000,0,0,113000,114000,112000
2008-04-28,28.58,115000,2(1.77 %),96580,10992910000,0,0,112000,115000,112000
2008-04-29,29.08,117000,2(1.74 %),199850,23382450000,0,0,117000,117000,117000
2008-05-05,29.57,119000,2(1.71 %),98920,11765850000,0,0,119000,119000,118000
2008-05-06,29.08,117000,-2(-1.68 %),152310,17825140000,0,0,117000,118000,117000
2008-05-07,28.58,115000,-2(-1.71 %),252830,29081940000,0,0,115000,116000,115000
2008-05-08,28.04,107000,-2(-2.12 %),229810,21257475000,0,0,107000,107000,107000
2008-05-09,27.58,91000,-1.5(-1.62 %),93600,8517600000,0,0,91000,91000,91000
2008-05-12,27.13,89500,-1.5(-1.65 %),21430,1917985000,0,0,89500,89500,89500
2008-05-13,26.67,88000,-1.5(-1.68 %),7080,623040000,0,0,88000,88000,88000
2008-05-14,26.22,86500,-1.5(-1.70 %),38230,3306895000,0,0,86500,86500,86500
2008-05-15,25.76,85000,-1.5(-1.73 %),25200,2142000000,0,0,85000,85000,85000
2008-05-16,25.31,83500,-1.5(-1.76 %),385360,32189775000,0,0,83500,84000,83500
2008-05-19,24.85,82000,-1.5(-1.80 %),87540,7178280000,98900,8109800000,82000,82000,82000
2008-05-20,24.4,80500,-1.5(-1.83 %),74660,6010130000,49290,3967845000,80500,80500,80500
2008-05-21,23.94,79000,-1.5(-1.86 %),64080,5062320000,130130,10280270000,79000,79000,79000
2008-05-22,23.49,77500,-1.5(-1.90 %),155050,12016375000,80840,6265100000,77500,77500,77500
2008-05-23,23.04,76000,-1.5(-1.94 %),119810,9105560000,0,0,76000,76000,76000
2008-05-26,22.58,74500,-1.5(-1.97 %),220,16440000,0,0,75000,75000,74500
2008-05-27,22.58,74500,0(0.00 %),0,0,0,0,74500,74500,74500
2008-05-28,22.58,74500,0(0.00 %),0,0,0,0,74500,74500,74500
2008-05-29,22.58,74500,0(0.00 %),0,0,0,0,74500,74500,74500
2008-05-30,22.28,73500,-1(-1.34 %),95810,7042035000,0,0,73500,73500,73500
2008-06-02,21.97,72500,-1(-1.36 %),2850,206625000,0,0,72500,72500,72500
2008-06-03,21.67,71500,-1(-1.38 %),200,14300000,0,0,71500,71500,71500
2008-06-04,21.37,70500,-1(-1.40 %),9420,664110000,20000,1410000000,70500,70500,70500
2008-06-05,21.07,69500,-1(-1.42 %),1130,78535000,0,0,69500,69500,69500
2008-06-06,20.76,68500,-1(-1.44 %),2590,177415000,0,0,68500,68500,68500
2008-06-09,20.46,67500,-1(-1.46 %),6300,425250000,0,0,67500,67500,67500
2008-06-10,20.16,66500,-1(-1.48 %),360,23940000,0,0,66500,66500,66500
2008-06-11,19.85,65500,-1(-1.50 %),268000,17564570000,0,0,65500,66500,65500
2008-06-12,20.16,66500,1(1.53 %),200560,13079115000,0,0,64500,66500,64500
2008-06-13,20.46,67500,1(1.50 %),137910,9308925000,0,0,67500,67500,67500
2008-06-16,20.76,68500,1(1.48 %),218340,14956190000,0,0,68500,68500,68000
2008-06-17,21.07,69500,1(1.46 %),57920,4025440000,0,0,69500,69500,69500
2008-06-18,20.76,68500,-1(-1.44 %),355910,24775895000,0,0,70500,70500,68500
2008-06-19,20.16,66500,-2(-2.92 %),198840,13222895000,0,0,66500,67000,66500
2008-06-20,19.7,65000,-1.5(-2.26 %),256270,16657550000,0,0,65000,65000,65000
2008-06-23,20.16,66500,1.5(2.31 %),130610,8682750000,0,0,66500,66500,66000
2008-06-24,20.61,68000,1.5(2.26 %),60330,4102440000,0,0,68000,68000,68000
2008-06-25,21.22,70000,2(2.94 %),39630,2774100000,0,0,70000,70000,70000
2008-06-26,21.82,72000,2(2.86 %),307810,22143700000,50000,3600000000,72000,72000,70000
2008-06-27,22.43,74000,2(2.78 %),186820,13791340000,0,0,74000,74000,72000
2008-06-30,23.04,76000,2(2.70 %),57890,4399640000,20000,1520000000,76000,76000,76000
2008-07-01,23.64,78000,2(2.63 %),28950,2258100000,0,0,78000,78000,78000
2008-07-02,24.25,80000,2(2.56 %),27970,2237600000,0,0,80000,80000,80000
2008-07-03,24.85,82000,2(2.50 %),11940,979080000,0,0,82000,82000,82000
2008-07-04,25.46,84000,2(2.44 %),8740,734160000,0,0,84000,84000,84000
2008-07-07,26.22,86500,2.5(2.98 %),490710,42177265000,0,0,86500,86500,81500
2008-07-08,26.98,89000,2.5(2.89 %),682590,59365820000,0,0,86500,89000,85000
2008-07-09,27.73,91500,2.5(2.81 %),466180,42644600000,0,0,91500,91500,90500
2008-07-10,28.49,94000,2.5(2.73 %),181460,17057240000,0,0,94000,94000,94000
2008-07-11,29.25,96500,2.5(2.66 %),98890,9542885000,0,0,96500,96500,96500
2008-07-14,30.01,99000,2.5(2.59 %),33550,3321450000,20000,1980000000,99000,99000,99000
2008-07-15,30.61,101000,2(2.02 %),27710,2798710000,0,0,101000,101000,101000
2008-07-16,31.52,104000,3(2.97 %),825520,84973195000,0,0,104000,104000,99500
2008-07-17,32.43,107000,3(2.88 %),546740,58455080000,33195,3551865000,107000,107000,106000
2008-07-18,31.52,104000,-3(-2.80 %),390820,40700950000,0,0,104000,106000,104000
2008-07-21,30.61,101000,-3(-2.88 %),21110,2132110000,0,0,101000,101000,101000
2008-07-22,29.7,98000,-3(-2.97 %),102350,10030300000,0,0,98000,98000,98000
2008-07-23,28.95,95500,-2.5(-2.55 %),49620,4738710000,53570,5115935000,95500,95500,95500
2008-07-24,28.19,93000,-2.5(-2.62 %),171770,15974610000,0,0,93000,93000,93000
2008-07-25,27.43,90500,-2.5(-2.69 %),61550,5570275000,0,0,90500,90500,90500
2008-07-28,28.19,93000,2.5(2.76 %),448660,39971600000,0,0,88000,93000,88000
2008-07-29,28.95,95500,2.5(2.69 %),33560,3204980000,0,0,95500,95500,95500
2008-07-30,29.55,97500,2(2.09 %),354230,34416720000,0,0,98000,98000,94000
2008-07-31,30.31,100000,2.5(2.56 %),422530,41324915000,0,0,97000,100000,96000
2008-08-01,29.4,97000,-3(-3.00 %),278640,27418620000,0,0,98000,100000,97000
2008-08-04,28.64,94500,-2.5(-2.58 %),99600,9430520000,0,0,95000,95000,94500
2008-08-05,27.89,92000,-2.5(-2.65 %),180410,16597970000,0,0,92000,92500,92000
2008-08-06,28.64,94500,2.5(2.72 %),208900,19741050000,0,0,94500,94500,94500
2008-08-07,28.64,94500,0(0.00 %),100150,9652670000,260000,25220000000,97000,97000,94500
2008-08-08,29.25,96500,2(2.12 %),87180,8426335000,0,0,97000,97000,95000
2008-08-11,30.01,99000,2.5(2.59 %),68860,6817140000,0,0,99000,99000,99000
2008-08-12,30.61,101000,2(2.02 %),517520,51958510000,0,0,101000,101000,99000
2008-08-13,30.61,101000,0(0.00 %),114120,11343855000,0,0,98500,101000,98500
2008-08-14,31.52,104000,3(2.97 %),261780,26995780000,0,0,102000,104000,101000
2008-08-15,32.43,107000,3(2.88 %),46620,4988340000,0,0,107000,107000,107000
2008-08-18,33.95,112000,5(4.67 %),145100,16251200000,0,0,112000,112000,112000
2008-08-19,34.55,114000,2(1.79 %),400520,46437970000,0,0,117000,117000,110000
2008-08-20,33.34,110000,-4(-3.51 %),283710,31779120000,0,0,109000,115000,109000
2008-08-21,34.86,115000,5(4.55 %),194630,22379890000,0,0,115000,115000,112000
2008-08-22,36.37,120000,5(4.35 %),254170,30487870000,25000,3000000000,120000,120000,118000
2008-08-25,38.19,126000,6(5.00 %),83270,10492020000,0,0,126000,126000,126000
2008-08-26,39.4,130000,4(3.17 %),411520,54117230000,20000,2640000000,132000,132000,128000
2008-08-27,37.58,124000,-6(-4.62 %),316870,40070670000,0,0,124000,130000,124000
2008-08-28,35.77,118000,-6(-4.84 %),139800,16496400000,0,0,118000,118000,118000
2008-08-29,34.25,113000,-5(-4.24 %),104900,11853700000,0,0,113000,113000,113000
2008-09-03,34.25,113000,0(0.00 %),587530,65997520000,0,0,110000,117000,110000
2008-09-04,34.25,113000,0(0.00 %),198310,21822690000,0,0,109000,113000,108000
2008-09-05,32.73,108000,-5(-4.42 %),89010,9644370000,0,0,108000,113000,108000
2008-09-08,31.22,103000,-5(-4.63 %),154300,15896440000,0,0,103000,104000,103000
2008-09-09,29.7,98000,-5(-4.85 %),218630,21815820000,0,0,100000,103000,98000
2008-09-10,30.16,99500,1.5(1.53 %),134530,13083375000,0,0,101000,101000,94500
2008-09-11,29.25,96500,-3(-3.02 %),133010,12953900000,0,0,97000,99500,96000
2008-09-12,27.89,92000,-4.5(-4.66 %),367060,33781110000,0,0,92000,92500,92000
2008-09-15,27.43,90500,-1.5(-1.63 %),270360,25038915000,600000,54300000000,90000,96500,90000
2008-09-16,26.07,86000,-4.5(-4.97 %),230920,20020770000,0,0,88000,88500,86000
2008-09-17,24.85,82000,-4(-4.65 %),413830,33953590000,0,0,82000,83000,82000
2008-09-18,23.64,78000,-4(-4.88 %),424890,33141620000,26000,2028000000,78000,79000,78000
2008-09-19,24.7,81500,3.5(4.49 %),329520,26855880000,0,0,81500,81500,81500
2008-09-22,25.92,85500,4(4.91 %),290500,24837750000,0,0,85500,85500,85500
2008-09-23,27.13,89500,4(4.68 %),650200,57067585000,0,0,87500,89500,85500
2008-09-24,27.28,90000,0.5(0.56 %),317160,29009080000,0,0,93500,93500,89000
2008-09-25,28.64,94500,4.5(5.00 %),422360,39401745000,0,0,92000,94500,91000
2008-09-26,30.01,99000,4.5(4.76 %),511250,50450900000,0,0,99000,99000,96000
2008-09-29,31.22,103000,4.25(4.30 %),562510,57737980000,0,0,103000,103000,99000
2008-09-30,29.7,98000,-5(-4.85 %),3630,355740000,0,0,98000,98000,98000
2008-10-01,29.4,97000,-0.75(-0.77 %),299110,29110515000,0,0,99000,100000,93500
2008-10-02,28.19,93000,-3.75(-3.88 %),525920,49896895000,0,0,97000,99000,93000
2008-10-03,27.89,92000,-1(-1.08 %),155390,14162615000,296400,27268800000,90000,93500,90000
2008-10-06,26.52,87500,-4.5(-4.89 %),418070,36653740000,0,0,88000,89000,87500
2008-10-07,25.31,83500,-4(-4.57 %),351210,29328590000,0,0,83500,84000,83500
2008-10-08,24.55,81000,-2.5(-2.99 %),344900,27747980000,0,0,80000,81500,80000
2008-10-09,24.85,82000,1(1.23 %),163370,13242475000,0,0,78000,85000,78000
2008-10-10,23.64,78000,-4(-4.88 %),358680,27977040000,0,0,78000,78000,78000
2008-10-13,23.64,78000,0(0.00 %),130030,10188655000,0,0,78000,80500,78000
2008-10-14,24.7,81500,3.5(4.49 %),87600,7139400000,0,0,81500,81500,81500
2008-10-15,25.92,85500,4(4.91 %),566680,48361075000,0,0,85500,85500,83000
2008-10-16,25.16,83000,-2.5(-2.92 %),199010,16481530000,0,0,81500,85500,81500
2008-10-17,25.01,82500,-0.5(-0.60 %),134610,11198780000,0,0,84000,84000,82500
2008-10-20,23.79,78500,-4(-4.85 %),218470,17345505000,0,0,80000,82000,78500
2008-10-21,24.85,82000,3.5(4.46 %),159230,13022660000,0,0,82000,82000,81000
2008-10-22,25.16,83000,1(1.22 %),83340,6844150000,0,0,80500,84000,80000
2008-10-23,23.94,79000,-4(-4.82 %),330320,26149370000,0,0,79000,80000,79000
2008-10-24,22.88,75500,-3.5(-4.43 %),246620,18757190000,0,0,76500,77000,75500
2008-10-27,21.82,72000,-3.5(-4.64 %),234310,16879020000,0,0,72000,73000,72000
2008-10-28,21.52,71000,-1(-1.39 %),206090,14265375000,0,0,68500,75500,68500
2008-10-29,22.58,74500,3.5(4.93 %),289350,21556400000,0,0,74500,74500,74000
2008-10-30,23.64,78000,3.5(4.70 %),184090,14156995000,0,0,74500,78000,74500
2008-10-31,24.25,80000,2(2.56 %),93030,7371550000,0,0,78500,80000,78500
2008-11-03,24.1,79500,-0.5(-0.62 %),101280,7968500000,0,0,76500,80500,76500
2008-11-04,25.16,83000,3.5(4.40 %),376770,30314375000,0,0,79500,83000,78000
2008-11-05,26.37,87000,4(4.82 %),602450,52403200000,0,0,87000,87000,86000
2008-11-06,25.46,84000,-3(-3.45 %),154030,13140335000,0,0,83500,89000,83000
2008-11-07,24.25,80000,-4(-4.76 %),167180,13479570000,0,0,81000,82000,80000
2008-11-10,23.64,78000,-2(-2.50 %),156040,12279180000,0,0,80000,80000,77000
2008-11-11,22.58,74500,-3.5(-4.49 %),165130,12334700000,0,0,75000,76000,74500
2008-11-12,21.52,71000,-3.5(-4.70 %),303890,21693485000,0,0,72000,72000,71000
2008-11-13,21.82,72000,1(1.41 %),96560,6705890000,0,0,68000,73000,68000
2008-11-14,21.82,72000,0(0.00 %),203000,15182570000,0,0,75500,75500,72000
2008-11-17,21.67,71500,-0.5(-0.69 %),38410,2733730000,20000,1430000000,71000,71500,71000
2008-11-18,21.07,69500,-2(-2.80 %),175240,12264655000,0,0,70000,71500,69500
2008-11-19,20.76,68500,-1(-1.44 %),163260,11240925000,0,0,71000,71000,67500
2008-11-20,20.46,67500,-1(-1.46 %),69770,4715510000,0,0,67000,69000,67000
2008-11-21,19.7,65000,-2.5(-3.70 %),325540,21610045000,177000,11416500000,67500,68000,65000
2008-11-24,20.16,66500,1.5(2.31 %),91080,6058680000,0,0,67000,68000,65000
2008-11-25,20.31,67000,0.5(0.75 %),191100,12963210000,34564,2194814000,69000,69000,66500
2008-11-26,20.31,67000,0(0.00 %),102540,6880530000,0,0,68000,68000,66500
2008-11-27,21.22,70000,3(4.48 %),439510,29906325000,0,0,66000,70000,65500
2008-11-28,21.97,72500,2.5(3.57 %),249600,18043465000,0,0,73000,73000,71000
2008-12-01,21.07,69500,-3(-4.14 %),278100,19511410000,0,0,71000,71000,69000
2008-12-02,21.07,69500,0(0.00 %),195750,13467560000,0,0,68000,69500,67500
2008-12-03,21.07,67000,0(0.00 %),37840,2540955000,0,0,68000,68000,66500
2008-12-04,21.69,69000,2(2.99 %),224750,15284065000,0,0,66500,69000,66000
2008-12-05,20.75,66000,-3(-4.35 %),120900,8003110000,0,0,67000,67000,66000
2008-12-08,20.12,64000,-2(-3.03 %),254090,16280655000,0,0,66500,66500,63000
2008-12-09,20.91,66500,2.5(3.91 %),178820,11598540000,0,0,62500,66500,62500
2008-12-10,21.07,67000,0.5(0.75 %),62950,4205465000,0,0,67500,67500,65000
2008-12-11,21.22,67500,0.5(0.75 %),115680,7805560000,0,0,66000,68000,66000
2008-12-12,22.01,70000,2.5(3.70 %),148730,10261330000,0,0,68000,70000,68000
2008-12-15,22.01,70000,0(0.00 %),52260,3662990000,0,0,71000,71000,68500
2008-12-16,21.38,68000,-2(-2.86 %),87270,5940170000,0,0,68500,69000,67000
2008-12-17,21.69,69000,1(1.47 %),87670,5960545000,0,0,67000,69000,67000
2008-12-18,22.01,70000,1(1.45 %),146800,10220745000,0,0,67500,70000,67500
2008-12-19,21.22,67500,-2.5(-3.57 %),113450,7765750000,0,0,70000,70000,67500
2008-12-22,22.17,70500,3(4.44 %),261110,18403070000,0,0,70500,70500,70000
2008-12-23,22.8,72500,2(2.84 %),231980,16629065000,0,0,69500,72500,69000
2008-12-24,22.8,72500,0(0.00 %),198930,14326710000,0,0,72500,72500,70000
2008-12-25,23.27,74000,1.5(2.07 %),355560,26133295000,0,0,72500,74000,71000
2008-12-26,24.05,76500,2.5(3.38 %),470810,35659765000,0,0,74000,76500,73500
2008-12-29,25.15,80000,3.5(4.58 %),420710,33431960000,0,0,78000,80000,77500
2008-12-30,25.78,82000,2(2.50 %),320740,26069185000,0,0,80000,82000,79500
2008-12-31,26.73,85000,3(3.66 %),1047520,87962285000,0,0,82000,85000,79000
2009-01-02,25.47,81000,-4(-4.71 %),19310,1568400000,0,0,81500,82000,81000
2009-01-05,24.21,77000,-4(-4.94 %),17130,1319010000,0,0,77000,77000,77000
2009-01-06,23.42,74500,-2.5(-3.25 %),194050,14371310000,0,0,73500,76000,73500
2009-01-07,24.21,77000,2.5(3.36 %),58850,4512355000,0,0,76000,77000,76000
2009-01-08,23.74,75500,-1.5(-1.95 %),54900,4145310000,0,0,75000,77000,75000
2009-01-09,23.9,76000,0.5(0.66 %),43190,3266255000,0,0,75500,76000,75000
2009-01-12,23.58,75000,-1(-1.32 %),14400,1081550000,0,0,75000,75500,74500
2009-01-13,23.42,74500,-0.5(-0.67 %),38430,2870685000,0,0,74500,75000,74500
2009-01-14,23.58,75000,0.5(0.67 %),114080,8496860000,0,0,74500,75000,74000
2009-01-15,22.64,72000,-3(-4.00 %),89160,6459255000,0,0,73500,73500,72000
2009-01-16,22.64,72000,0(0.00 %),136180,9873255000,0,0,73500,73500,72000
2009-01-19,22.95,73000,1(1.39 %),59500,4319890000,0,0,72000,73000,72000
2009-01-20,22.64,72000,-1(-1.37 %),11350,814275000,0,0,71500,72000,71500
2009-01-21,22.17,70500,-1.5(-2.08 %),30590,2165785000,0,0,71000,71500,70500
2009-01-22,22.17,70500,0(0.00 %),52750,3718205000,0,0,70000,71000,70000
2009-01-23,22.64,72000,1.5(2.13 %),27070,1931140000,0,0,70500,72000,70500
2009-02-02,22.17,70500,-1.5(-2.08 %),47710,3363655000,0,0,71000,71000,70000
2009-02-03,21.85,69500,-1(-1.42 %),82320,5724500000,0,0,69500,70000,69500
2009-02-04,21.85,69500,0(0.00 %),29340,2043415000,0,0,69500,70000,69500
2009-02-05,21.69,69000,-0.5(-0.72 %),72300,5002175000,0,0,69500,69500,68500
2009-02-06,21.38,68000,-1(-1.45 %),122580,8339470000,0,0,69000,69000,68000
2009-02-09,21.38,68000,0(0.00 %),86630,5907700000,0,0,69500,69500,68000
2009-02-10,21.38,68000,0(0.00 %),16790,1138635000,0,0,68000,68000,67500
2009-02-11,20.75,66000,-2(-2.94 %),77330,5115910000,0,0,66000,67000,66000
2009-02-12,20.91,66500,0.5(0.76 %),67900,4518330000,0,0,66500,67000,66000
2009-02-13,20.44,65000,-1.5(-2.26 %),43440,2823150000,0,0,65000,65500,64500
2009-02-16,20.12,64000,-1(-1.54 %),32840,2115280000,0,0,65000,65000,64000
2009-02-17,19.18,61000,-3(-4.69 %),159100,9827925000,0,0,63000,63000,61000
2009-02-18,18.39,58500,-2.5(-4.10 %),125090,7278790000,0,0,58000,59000,58000
2009-02-19,17.92,57000,-1.5(-2.56 %),73180,4208085000,0,0,58500,59000,56500
2009-02-20,18.08,57500,0.5(0.88 %),42190,2361655000,0,0,55000,57500,55000
2009-02-23,17.29,55000,-2.5(-4.35 %),66140,3653305000,0,0,55500,55500,55000
2009-02-24,16.51,52500,-2.5(-4.55 %),72840,3825200000,0,0,55000,55000,52500
2009-02-25,17.14,54500,2(3.81 %),106650,5701940000,0,0,52500,55000,52500
2009-02-26,16.66,53000,-1.5(-2.75 %),65240,3398300000,0,0,54500,54500,52000
2009-02-27,16.98,54000,1(1.89 %),76670,4089475000,0,0,53000,54000,52000
2009-03-02,17.45,55500,1.5(2.78 %),80600,4398725000,0,0,54000,55500,54000
2009-03-03,16.66,53000,-2.5(-4.50 %),57210,3032130000,0,0,55500,55500,53000
2009-03-04,16.98,54000,1(1.89 %),57650,3078755000,0,0,53000,54000,52500
2009-03-05,16.51,52500,-1.5(-2.78 %),70980,3822380000,0,0,54000,55000,52500
2009-03-06,16.51,52500,0(0.00 %),37080,1945875000,0,0,52500,53000,52000
2009-03-09,16.66,53000,0.5(0.95 %),24030,1273000000,0,0,52500,53000,52500
2009-03-10,16.82,53500,0.5(0.94 %),55430,2958625000,0,0,53000,55000,52500
2009-03-11,16.82,53500,0(0.00 %),91770,4922015000,0,0,53500,54500,53000
2009-03-12,16.66,53000,-0.5(-0.93 %),60880,3244665000,0,0,53500,54000,53000
2009-03-13,16.66,53000,0(0.00 %),50620,2689060000,0,0,53000,53500,53000
2009-03-16,16.98,54000,1(1.89 %),62890,3367500000,0,0,53000,54000,53000
2009-03-17,17.76,56500,2.5(4.63 %),399670,22577790000,0,0,54000,56500,54000
2009-03-18,18.55,59000,2.5(4.42 %),81610,4814990000,0,0,56500,59000,56500
2009-03-19,18.24,58000,-1(-1.69 %),354890,21727195000,0,0,59000,61500,58000
2009-03-20,18.24,58000,0(0.00 %),96890,5654310000,0,0,58000,60000,57000
2009-03-23,17.45,55500,-2.5(-4.31 %),149630,8350135000,0,0,58000,58000,55500
2009-03-24,18.24,58000,2.5(4.50 %),236190,13688540000,0,0,55500,58000,55500
2009-03-25,19.02,60500,2.5(4.31 %),277860,16521800000,0,0,58000,60500,58000
2009-03-26,19.97,63500,3(4.96 %),458450,29017760000,0,0,60500,63500,60500
2009-03-27,19.02,60500,-3(-4.72 %),171250,10667845000,0,0,64000,64000,60500
2009-03-30,18.71,59500,-1(-1.65 %),64640,3851910000,0,0,59000,61500,58500
2009-03-31,18.39,58500,-1(-1.68 %),183500,10687465000,0,0,58500,59000,57500
2009-04-01,19.02,60500,2(3.42 %),77910,4615330000,0,0,58500,60500,58500
2009-04-02,19.81,63000,2.5(4.13 %),131680,8234495000,0,0,60500,63000,60500
2009-04-03,20.75,66000,3(4.76 %),177040,11682380000,0,0,63000,66000,63000
2009-04-07,21.69,69000,3(4.55 %),279280,18870400000,0,0,66000,69000,65000
2009-04-08,20.75,66000,-3(-4.35 %),320490,21647780000,0,0,69000,70000,66000
2009-04-09,20.44,65000,-1(-1.52 %),141940,9275660000,0,0,66000,66500,64000
2009-04-10,21.38,68000,3(4.62 %),45340,3082720000,0,0,65000,68000,65000
2009-04-13,22.32,71000,3(4.41 %),359630,25528595000,0,0,71000,71000,70000
2009-04-14,22.32,71000,0(0.00 %),234190,16614990000,0,0,71000,72500,69000
2009-04-15,21.38,68000,-3(-4.23 %),241680,16651065000,0,0,70000,70000,68000
2009-04-16,21.38,68000,0(0.00 %),82190,5607065000,0,0,69500,69500,67500
2009-04-17,22.01,70000,2(2.94 %),319350,21763175000,0,0,65000,70000,65000
2009-04-20,20.91,66500,-3.5(-5.00 %),16090,1069985000,0,0,66500,66500,66500
2009-04-21,19.97,63500,-3(-4.51 %),64420,4090670000,0,0,63500,63500,63500
2009-04-22,20.91,66500,3(4.72 %),163660,10854430000,0,0,66500,66500,64000
2009-04-23,20.75,66000,-0.5(-0.75 %),76180,5084790000,0,0,66500,68000,66000
2009-04-24,19.81,63000,-3(-4.55 %),93980,5962545000,0,0,64000,65000,63000
2009-04-27,20.75,66000,3(4.76 %),90650,5981295000,0,0,66000,66000,65500
2009-04-28,20.75,66000,0(0.00 %),81960,5296865000,0,0,63500,66000,63500
2009-04-29,21.69,69000,3(4.55 %),57820,3905750000,0,0,66000,69000,66000
2009-05-04,22.64,72000,3(4.35 %),171090,12318480000,0,0,72000,72000,72000
2009-05-05,23.58,75000,3(4.17 %),730920,55160780000,0,0,75500,75500,75000
2009-05-06,22.48,71500,-3.5(-4.67 %),377550,27791015000,0,0,75000,75000,71500
2009-05-07,23.27,74000,2.5(3.50 %),261970,19552565000,0,0,75000,75000,74000
2009-05-08,23.11,73500,-0.5(-0.68 %),126580,9203480000,0,0,71000,75000,71000
2009-05-11,23.27,74000,0.5(0.68 %),243570,18142590000,0,0,74500,75000,73500
2009-05-12,23.42,74500,0.5(0.68 %),187670,13816985000,0,0,72000,74500,72000
2009-05-13,23.27,74000,-0.5(-0.67 %),344200,25265685000,0,0,72500,74500,72500
2009-05-14,22.8,72500,-1.5(-2.03 %),213670,15293885000,0,0,72000,73500,70500
2009-05-15,23.11,73500,1(1.38 %),196640,14471365000,0,0,74000,74000,73000
2009-05-18,22.8,72500,-1(-1.36 %),43810,3190955000,0,0,73500,73500,72000
2009-05-19,22.32,71000,-1.5(-2.07 %),293440,21260765000,0,0,74500,75000,69000
2009-05-20,22.32,71000,0(0.00 %),291550,20643450000,0,0,70000,72000,70000
2009-05-21,22.48,71500,0.5(0.70 %),265940,19025305000,0,0,72500,72500,70500
2009-05-22,21.69,69000,-2.5(-3.50 %),321610,22318455000,0,0,69500,70000,69000
2009-05-25,22.64,72000,3(4.35 %),420420,29944915000,0,0,70000,72000,70000
2009-05-26,22.01,70000,-2(-2.78 %),324510,23275115000,0,0,72000,73500,70000
2009-05-27,23.11,73500,3.5(5.00 %),336830,24551795000,0,0,71500,73500,71500
2009-05-28,23.42,74500,1(1.36 %),643420,49204450000,0,0,77000,77000,74000
2009-05-29,23.27,74000,-0.5(-0.67 %),284840,21243695000,0,0,75500,75500,73000
2009-06-01,23.74,75500,1.5(2.03 %),370140,27713180000,0,0,75000,76000,73500
2009-06-02,23.74,75500,0(0.00 %),254300,19751795000,0,0,79000,79000,75000
2009-06-03,24.21,77000,1.5(1.99 %),489800,37017615000,0,0,75000,77000,74500
2009-06-04,25.15,80000,3(3.90 %),473990,37374120000,0,0,78500,80000,78000
2009-06-05,26.41,84000,4(5.00 %),140610,11811240000,0,0,84000,84000,84000
2009-06-08,27.67,88000,4(4.76 %),55100,4848800000,90195,7937160000,88000,88000,88000
2009-06-09,28.93,92000,4(4.55 %),777200,71501200000,0,0,92000,92000,91000
2009-06-10,27.51,87500,-4.5(-4.89 %),364420,31994180000,0,0,87500,91000,87500
2009-06-11,27.83,88500,1(1.14 %),316080,28245175000,0,0,90000,90000,87500
2009-06-12,26.73,85000,-3.5(-3.95 %),415700,36384445000,0,0,90000,90000,85000
2009-06-15,25.47,81000,-4(-4.71 %),222220,17999820000,0,0,81000,81000,81000
2009-06-16,24.21,77000,-4(-4.94 %),98950,7619150000,0,0,77000,77000,77000
2009-06-17,25.31,80500,3.5(4.55 %),524380,38858955000,0,0,73500,80500,73500
2009-06-18,24.84,79000,-1.5(-1.86 %),237610,19290005000,0,0,83000,83000,79000
2009-06-19,23.9,76000,-3(-3.80 %),178130,13801410000,0,0,79000,79000,76000
2009-06-22,24.21,77000,1(1.32 %),413130,31439445000,0,0,75000,79500,74000
2009-06-23,24.21,77000,0(0.00 %),821280,61352725000,0,0,73500,77000,73500
2009-06-24,25.31,80500,3.5(4.55 %),148500,11911820000,0,0,80000,80500,79500
2009-06-25,26.25,83500,3(3.73 %),385760,31832105000,0,0,82000,83500,78000
2009-06-26,27.04,86000,2.5(2.99 %),422080,35905835000,0,0,81000,86000,80500
2009-06-29,26.41,84000,-2(-2.33 %),496250,41773215000,100000,8450000000,86000,86000,84000
2009-06-30,26.41,84000,0(0.00 %),629850,52474960000,70000,5621000000,81500,84000,80000
2009-07-01,25.15,80000,-4(-4.76 %),49770,3981635000,0,0,80000,80500,80000
2009-07-02,24.37,77500,-2.5(-3.12 %),152920,11756555000,0,0,77500,79500,76000
2009-07-03,24.52,78000,0.5(0.65 %),66200,5084115000,0,0,75500,78000,75500
2009-07-06,25.31,80500,2.5(3.21 %),102360,8107225000,0,0,79500,80500,78000
2009-07-07,24.21,77000,-3.5(-4.35 %),211980,16382070000,0,0,78000,80500,76500
2009-07-08,24.21,77000,0(0.00 %),178700,13530835000,0,0,76500,77000,74500
2009-07-09,23.74,75500,-1.5(-1.95 %),272970,20733590000,0,0,78000,78000,75000
2009-07-10,23.58,75000,-0.5(-0.66 %),152580,11483540000,0,0,75500,75500,75000
2009-07-13,23.11,73500,-1.5(-2.00 %),95690,7069220000,0,0,75000,75000,73000
2009-07-14,22.8,72500,-1(-1.36 %),134360,9731995000,0,0,72000,73500,72000
2009-07-15,23.42,74500,2(2.76 %),114540,8468660000,0,0,72500,74500,72500
2009-07-16,23.58,75000,0.5(0.67 %),120540,9068525000,0,0,76000,76000,74500
2009-07-17,23.58,75000,0(0.00 %),44960,3368395000,0,0,75000,75000,74500
2009-07-20,22.8,72500,-2.5(-3.33 %),147100,10682195000,0,0,72500,73500,72000
2009-07-21,23.58,75000,2.5(3.45 %),124540,9312210000,0,0,75000,75000,74000
2009-07-22,23.74,75500,0.5(0.67 %),135000,10202890000,0,0,75000,76000,75000
2009-07-23,24.05,76500,1(1.32 %),109880,8338950000,0,0,75000,76500,75000
2009-07-24,25.15,80000,3.5(4.58 %),129880,10390400000,0,0,80000,80000,80000
2009-07-27,26.1,83000,3(3.75 %),229230,19164705000,0,0,84000,84000,80000
2009-07-28,25.0,79500,-3.5(-4.22 %),134950,10855195000,0,0,79500,82000,79500
2009-07-29,25.15,80000,0.5(0.63 %),58200,4674960000,0,0,80000,81000,79500
2009-07-30,24.68,78500,-1.5(-1.88 %),13740,1082585000,0,0,80000,80000,78000
2009-07-31,24.68,78500,0(0.00 %),136860,10815340000,0,0,80000,80000,78500
2009-08-03,24.68,78500,0(0.00 %),54580,4289780000,0,0,78500,79500,78000
2009-08-04,24.68,78500,0(0.00 %),149810,11872835000,0,0,80000,80000,78500
2009-08-05,24.84,79000,0.5(0.64 %),42820,3378000000,0,0,78500,79500,78500
2009-08-06,24.84,79000,0(0.00 %),63470,5050110000,0,0,79500,80000,79000
2009-08-07,25.15,80000,1(1.27 %),35950,2863525000,0,0,79000,80000,79000
2009-08-10,25.63,81500,1.5(1.88 %),142980,11538735000,0,0,80000,81500,79000
2009-08-11,25.47,81000,-0.5(-0.61 %),85860,6997560000,0,0,82000,82000,81000
2009-08-12,25.94,82500,1.5(1.85 %),117250,9602985000,0,0,81500,82500,81000
2009-08-13,25.78,82000,-0.5(-0.61 %),194030,16013915000,0,0,83000,84000,82000
2009-08-14,25.94,82500,0.5(0.61 %),110660,9076210000,0,0,81000,82500,81000
2009-08-17,25.31,80500,-2(-2.42 %),63790,5193545000,0,0,82000,82500,80500
2009-08-18,25.47,81000,0.5(0.62 %),70150,5668190000,0,0,80500,81500,80000
2009-08-19,26.41,84000,3(3.70 %),256510,21468055000,0,0,82500,85000,82000
2009-08-20,27.67,88000,4(4.76 %),284800,24859105000,0,0,86000,88000,85000
2009-08-21,28.93,92000,4(4.55 %),386420,35530335000,0,0,92000,92000,91000
2009-08-24,30.34,96500,4.5(4.89 %),588730,56693565000,0,0,96500,96500,93000
2009-08-25,28.93,92000,-4.5(-4.66 %),416240,39068950000,6600000,636900000000,94000,96000,92000
2009-08-26,30.18,96000,4(4.35 %),453620,43266380000,3300000,318450000000,94000,96500,93500
2009-08-27,29.71,94500,-1.5(-1.56 %),141050,13413605000,0,0,96000,96000,94000
2009-08-28,29.56,94000,-0.5(-0.53 %),222150,20900140000,0,0,94500,94500,93500
2009-08-31,30.03,95500,1.5(1.60 %),371270,35090070000,0,0,96000,96000,93500
2009-09-01,29.87,95000,-0.5(-0.52 %),277710,26203985000,0,0,94000,95000,93500
2009-09-03,29.4,93500,-1.5(-1.58 %),261960,24537765000,0,0,94500,94500,93000
2009-09-04,28.77,91500,-2(-2.14 %),292420,26986450000,0,0,93500,94000,91000
2009-09-07,27.98,89000,-2.5(-2.73 %),190950,17000000000,0,0,90000,91000,87500
2009-09-08,29.24,93000,4(4.49 %),197100,18183605000,0,0,92000,93000,91500
2009-09-09,29.24,93000,0(0.00 %),243340,22651715000,0,0,91500,94500,91500
2009-09-10,29.56,94000,1(1.08 %),210750,19730800000,0,0,92500,94000,92500
2009-09-11,30.5,97000,3(3.19 %),573820,55527940000,0,0,97000,97500,96000
2009-09-14,30.34,96500,-0.5(-0.52 %),360850,34767350000,0,0,96500,97000,95500
2009-09-15,30.03,95500,-1(-1.04 %),211170,20239990000,0,0,95500,96500,95000
2009-09-16,31.44,100000,4.5(4.71 %),885230,87390100000,0,0,96500,100000,96000
2009-09-17,31.13,99000,-1(-1.00 %),585750,59323370000,0,0,105000,105000,98000
2009-09-18,30.81,98000,-1(-1.01 %),551980,54300870000,0,0,98500,99000,98000
2009-09-21,30.81,98000,0(0.00 %),445730,43873295000,0,0,98500,99500,98000
2009-09-22,30.5,97000,-1(-1.02 %),517020,50383760000,0,0,97500,98500,96500
2009-09-23,30.81,98000,1(1.03 %),359340,35228800000,0,0,98000,99000,97000
2009-09-24,30.18,96000,-2(-2.04 %),472530,45550260000,0,0,97000,97500,96000
2009-09-25,29.87,95000,-1(-1.04 %),385240,36465475000,0,0,95000,95500,94000
2009-09-28,29.24,93000,-2(-2.11 %),409980,38303630000,0,0,93000,95000,92500
2009-09-29,30.66,97500,4.5(4.84 %),492250,46369925000,0,0,93000,97500,92500
2009-09-30,30.66,97500,0(0.00 %),293430,28498570000,0,0,96000,97500,95500
2009-10-01,29.87,95000,-2.5(-2.56 %),177980,16954800000,0,0,95500,96500,95000
2009-10-02,28.77,91500,-3.5(-3.68 %),443670,40535840000,0,0,91000,93000,90500
2009-10-05,29.24,93000,1.5(1.64 %),183360,16884035000,0,0,92500,93000,91000
2009-10-06,29.56,94000,1(1.08 %),146610,13765785000,0,0,95000,95000,93500
2009-10-07,30.03,95500,1.5(1.60 %),166030,15910810000,0,0,95000,97000,95000
2009-10-08,30.18,96000,0.5(0.52 %),189820,18184530000,0,0,95500,96500,95000
2009-10-09,30.34,96500,0.5(0.52 %),225750,21787445000,0,0,96500,97000,96000
2009-10-12,30.5,97000,0.5(0.52 %),366430,35467090000,0,0,97000,97500,96000
2009-10-13,30.18,96000,-1(-1.03 %),236850,22852135000,0,0,97000,97000,96000
2009-10-14,30.5,97000,1(1.04 %),299030,28917720000,220000,21240000000,96000,97000,96000
2009-10-15,30.5,97000,0(0.00 %),1817050,177798920000,100000,9650000000,100000,101000,97000
2009-10-16,30.5,97000,0(0.00 %),394210,38289540000,380000,36860000000,98000,98000,96500
2009-10-19,30.18,96000,-1(-1.03 %),158280,15252015000,0,0,97000,97000,96000
2009-10-20,30.03,95500,-0.5(-0.52 %),252150,24202865000,0,0,97500,97500,95500
2009-10-21,30.97,98500,3(3.14 %),1102610,107536600000,0,0,96000,98500,96000
2009-10-22,30.34,96500,-2(-2.03 %),679370,65916385000,0,0,98000,98000,96000
2009-10-23,30.18,96000,-0.5(-0.52 %),743220,71678755000,0,0,97000,97000,96000
2009-10-26,29.56,94000,-2(-2.08 %),304940,28975050000,25000,2500000000,96000,97500,93500
2009-10-27,28.93,92000,-2(-2.13 %),392900,36067255000,0,0,92000,92500,91000
2009-10-28,29.56,94000,2(2.17 %),262000,24527650000,30000,2850000000,94000,94500,92500
2009-10-29,28.93,92000,-2(-2.13 %),456610,41418440000,25000,2462500000,91000,92000,89500
2009-10-30,29.08,92500,0.5(0.54 %),310910,28729595000,20000,1930000000,93000,93000,91500
2009-11-02,27.67,88000,-4.5(-4.86 %),282670,24887240000,20000,1840000000,88500,88500,88000
2009-11-03,26.41,84000,-4(-4.55 %),686120,58219615000,0,0,88000,88000,84000
2009-11-04,26.73,85000,1(1.19 %),431660,36488495000,0,0,84000,87000,82000
2009-11-05,27.04,86000,1(1.18 %),473900,40724190000,31200,2527200000,86000,87500,85000
2009-11-06,26.25,83500,-2.5(-2.91 %),337990,28751405000,20000,1800000000,87000,87000,83500
2009-11-09,25.0,79500,-4(-4.79 %),305480,24473035000,0,0,80500,81500,79500
2009-11-10,24.84,79000,-0.5(-0.63 %),305920,24302450000,0,0,81500,81500,78000
2009-11-11,25.47,81000,2(2.53 %),199840,15981110000,0,0,80000,81000,79000
2009-11-12,26.57,84500,3.5(4.32 %),208660,17540715000,0,0,82000,85000,81500
2009-11-13,26.1,83000,-1.5(-1.78 %),241660,20196025000,0,0,83500,84500,83000
2009-11-16,26.41,84000,1(1.20 %),212010,17737310000,22000,1870000000,84000,84500,82500
2009-11-17,27.51,87500,3.5(4.17 %),348800,29918335000,0,0,84500,87500,84000
2009-11-18,28.61,91000,3.5(4.00 %),429780,38078555000,0,0,86500,91000,86000
2009-11-19,29.4,93500,2.5(2.75 %),590710,54906605000,0,0,91000,94000,90000
2009-11-20,29.24,93000,-0.5(-0.53 %),607970,56839490000,0,0,93000,94500,92500
2009-11-23,27.98,89000,-4(-4.30 %),260450,23390035000,20000,1840000000,91500,92000,88500
2009-11-24,27.51,87500,-1.5(-1.69 %),235240,20596430000,0,0,89000,89500,86000
2009-11-25,26.25,83500,-4(-4.57 %),429670,36268320000,0,0,87500,88000,83500
2009-11-26,25.15,80000,-3.5(-4.19 %),658330,52557365000,0,0,80000,81500,79500
2009-11-27,26.41,84000,4(5.00 %),275290,22776415000,0,0,79000,84000,77000
2009-11-30,27.67,88000,4(4.76 %),279680,24339785000,20000,1640000000,85000,88000,85000
2009-12-01,27.98,89000,1(1.14 %),263520,23612810000,0,0,88000,90500,88000
2009-12-02,26.88,85500,-3.5(-3.93 %),390100,33651460000,0,0,87500,88500,85000
2009-12-03,26.41,84000,-1.5(-1.75 %),315400,26662055000,0,0,83500,86500,83500
2009-12-04,26.41,84000,0(0.00 %),369430,31197375000,0,0,87000,87000,83000
2009-12-07,26.57,84500,0.5(0.60 %),135470,11413025000,0,0,83500,86000,83500
2009-12-08,26.41,84000,-0.5(-0.59 %),210720,17577255000,22000,1804000000,83500,84500,82000
2009-12-09,25.31,80500,-3.5(-4.17 %),178110,14420150000,0,0,81000,83000,80500
2009-12-10,25.15,80000,-0.5(-0.62 %),274350,22129230000,0,0,82000,82000,80000
2009-12-11,25.0,79500,-0.5(-0.62 %),297510,23717255000,0,0,80000,81000,78500
2009-12-14,26.1,83000,3.5(4.40 %),95020,7789485000,0,0,79500,83000,79500
2009-12-15,26.25,83500,0.5(0.60 %),274130,22837675000,0,0,83500,83500,83000
2009-12-16,25.0,79500,-4(-4.79 %),422840,33883460000,69000,6037500000,80000,81000,79500
2009-12-17,24.84,79000,-0.5(-0.63 %),305550,23859190000,95000,7418075000,79000,79000,77000
2009-12-18,23.69,73500,-3(-5.04 %),774350,45520950000,36000,2115972000,73500,73500,73500
2009-12-21,24.73,59000,2.5(4.42 %),159870,9430430000,0,0,59000,59000,58000
2009-12-22,25.78,61500,2.5(4.24 %),308210,18954915000,69000,4243500000,61500,61500,61500
2009-12-23,27.04,64500,3(4.88 %),467690,30023660000,0,0,64000,64500,63000
2009-12-24,28.09,67000,2.5(3.88 %),651930,43245580000,0,0,66500,67000,63500
2009-12-25,28.3,67500,0.5(0.75 %),688180,46125570000,0,0,67000,68000,65500
2009-12-28,28.3,67500,0(0.00 %),360520,24127560000,69000,4864500000,66500,67500,65000
2009-12-29,27.67,66000,-1.5(-2.22 %),374560,24754285000,0,0,65000,67500,65000
2009-12-30,28.51,68000,2(3.03 %),938950,63308535000,140120,9528160000,65000,68000,64500
2009-12-31,28.3,67500,-0.5(-0.74 %),489910,33039015000,110000,7810000000,68000,68500,66500
2010-01-04,29.56,70500,3(4.44 %),617810,43057450000,69000,4864500000,67500,70500,67500
2010-01-05,29.35,70000,-0.5(-0.71 %),422770,30783575000,110000,7865000000,74000,74000,68000
2010-01-06,28.93,69000,-1(-1.43 %),235780,16309895000,0,0,69500,70500,68000
2010-01-07,28.93,69000,0(0.00 %),226570,15586220000,0,0,69500,69500,68000
2010-01-08,28.51,68000,-1(-1.45 %),364810,25086645000,69000,4899000000,69500,70000,68000
2010-01-11,27.88,66500,-1.5(-2.21 %),124180,8315270000,0,0,68000,68500,66000
2010-01-12,27.04,64500,-2(-3.01 %),218830,14415320000,0,0,65500,67000,64500
2010-01-13,27.25,65000,0.5(0.78 %),215090,13876030000,0,0,64500,65500,63000
2010-01-14,27.25,65000,0(0.00 %),76820,5022960000,99000,6504000000,65500,66000,65000
2010-01-15,26.62,63500,-1.5(-2.31 %),155100,9938435000,0,0,65000,65000,63500
2010-01-18,25.36,60500,-3(-4.72 %),194500,11998095000,43410,2691420000,63500,63500,60500
2010-01-19,26.62,63500,3(4.96 %),190540,12043490000,0,0,63000,63500,62500
2010-01-20,25.36,60500,-3(-4.72 %),255340,15814545000,246420,15376620000,61500,63500,60500
2010-01-21,25.15,60000,-0.5(-0.83 %),215190,13014080000,0,0,60000,61500,60000
2010-01-22,24.73,59000,-1(-1.67 %),200130,11905905000,0,0,60000,61000,58500
2010-01-25,24.73,59000,0(0.00 %),209700,12418285000,23000,1357000000,59000,60000,59000
2010-01-26,25.36,60500,1.5(2.54 %),412170,24935210000,89000,5349000000,60000,61000,60000
2010-01-27,24.32,58000,-2.5(-4.13 %),293710,17361195000,0,0,60000,60000,58000
2010-01-28,24.11,57500,-0.5(-0.86 %),189310,10963690000,0,0,58000,59000,57500
2010-01-29,24.32,58000,0.5(0.87 %),166940,9667965000,0,0,57500,59000,57500
2010-02-01,24.52,58500,0.5(0.86 %),84880,4942600000,92000,5520000000,58000,58500,57500
2010-02-02,24.52,58500,0(0.00 %),92600,5430030000,0,0,59000,59000,58000
2010-02-03,24.73,59000,0.5(0.85 %),200910,11872085000,0,0,59000,59500,58500
2010-02-04,24.94,59500,0.5(0.85 %),372570,22141575000,0,0,59000,60000,59000
2010-02-05,24.32,58000,-1.5(-2.52 %),180450,10525505000,117000,6970000000,58500,59500,58000
2010-02-08,23.69,56500,-1.5(-2.59 %),105880,6027775000,0,0,57000,58000,56500
2010-02-09,22.85,54500,-2(-3.54 %),232940,12834485000,0,0,55000,57000,54500
2010-02-10,23.48,56000,1.5(2.75 %),167710,9410900000,0,0,56500,56500,55500
2010-02-11,24.52,58500,2.5(4.46 %),211940,12256305000,92000,5382000000,56000,58500,56000
2010-02-12,24.94,59500,1(1.71 %),181550,10779345000,0,0,59000,60000,59000
2010-02-22,24.94,59500,0(0.00 %),127270,7599570000,0,0,61000,61000,59000
2010-02-23,24.11,57500,-2(-3.36 %),138450,7980790000,0,0,58000,58500,57500
2010-02-24,24.32,58000,0.5(0.87 %),198700,11439520000,92000,5520000000,57500,58000,57000
2010-02-25,23.69,56500,-1.5(-2.59 %),324110,18493825000,0,0,57500,58000,56500
2010-02-26,23.69,56500,0(0.00 %),496070,27907085000,100000,5650000000,56000,57500,55500
2010-03-01,23.9,57000,0.5(0.88 %),204830,11680300000,100000,5650000000,56500,58000,56500
2010-03-02,23.69,56500,-0.5(-0.88 %),145210,8254475000,92000,5474000000,56500,57500,56500
2010-03-03,24.52,58500,2(3.54 %),298100,17181840000,0,0,57000,59000,57000
2010-03-04,25.36,60500,2(3.42 %),419540,25136245000,0,0,59000,60500,59000
2010-03-05,25.57,61000,0.5(0.83 %),338550,20464280000,0,0,60000,61000,60000
2010-03-08,25.78,61500,0.5(0.82 %),155290,9537170000,92000,5888000000,61000,62000,61000
2010-03-09,25.99,62000,0.5(0.81 %),291250,17993575000,0,0,61500,62000,61500
2010-03-10,26.41,63000,1(1.61 %),498640,31180770000,0,0,62500,63000,61500
2010-03-11,26.2,62500,-0.5(-0.79 %),190140,11906145000,30000,1890000000,63000,63000,62500
2010-03-12,26.2,62500,0(0.00 %),326750,20321540000,92000,6026000000,62500,63000,61500
2010-03-15,25.78,61500,-1(-1.60 %),209830,13016090000,0,0,62500,63000,61500
2010-03-16,24.94,59500,-2(-3.25 %),300680,18031400000,0,0,60000,61500,59500
2010-03-17,24.73,59000,-0.5(-0.84 %),193160,11500935000,0,0,60000,60000,59000
2010-03-18,24.94,59500,0.5(0.85 %),135450,8030955000,92000,5658000000,59500,59500,58500
2010-03-19,25.15,60000,0.5(0.84 %),103310,6169320000,0,0,59500,60000,59000
2010-03-22,24.73,59000,-1(-1.67 %),186960,11046670000,0,0,59000,60000,59000
2010-03-23,24.32,58000,-1(-1.69 %),179610,10509970000,291778,17506680000,60000,60000,58000
2010-03-24,24.32,58000,0(0.00 %),160260,9328735000,92000,5566000000,59500,59500,58000
2010-03-25,24.11,57500,-0.5(-0.86 %),150070,8614535000,0,0,57500,58000,57000
2010-03-26,24.32,58000,0.5(0.87 %),146580,8424795000,0,0,57000,58000,57000
2010-03-29,24.11,57500,-0.5(-0.86 %),88630,5129580000,0,0,57000,58000,57000
2010-03-30,23.48,56000,-1.5(-2.61 %),308780,17386610000,23000,1380000000,56500,57000,56000
2010-03-31,23.48,56000,0(0.00 %),107400,6043325000,0,0,56000,57000,56000
2010-04-01,24.32,58000,2(3.57 %),283790,16060870000,0,0,56500,58000,55500
2010-04-02,24.32,58000,0(0.00 %),157640,9113935000,0,0,58000,58500,57500
2010-04-05,24.32,58000,0(0.00 %),139770,8123045000,0,0,58000,58500,58000
2010-04-06,24.11,57500,-0.5(-0.86 %),293520,16982940000,0,0,58000,58500,57500
2010-04-07,23.9,57000,-0.5(-0.87 %),119360,6791620000,0,0,57000,57000,56500
2010-04-08,24.11,57500,0.5(0.88 %),391650,22588410000,0,0,57000,59000,57000
2010-04-09,24.52,58500,1(1.74 %),265740,15441005000,0,0,57500,58500,57500
2010-04-12,23.9,57000,-1.5(-2.56 %),141940,8166675000,0,0,58000,58500,57000
2010-04-13,23.69,56500,-0.5(-0.88 %),296490,16803790000,0,0,57000,57000,56000
2010-04-14,23.69,56500,0(0.00 %),643760,36108820000,0,0,56500,57000,55500
2010-04-15,23.48,56000,-0.5(-0.88 %),368280,20727545000,0,0,57000,57000,56000
2010-04-16,23.27,55500,-0.5(-0.89 %),506180,28172960000,0,0,56500,57000,55000
2010-04-19,23.06,55000,-0.5(-0.90 %),266890,14677025000,0,0,55500,55500,54000
2010-04-20,22.64,54000,-1(-1.82 %),290420,15749825000,0,0,55000,55500,53500
2010-04-21,23.69,56500,2.5(4.63 %),803400,45105255000,0,0,55000,56500,54500
2010-04-22,24.32,58000,1.5(2.65 %),916030,53714000000,0,0,59000,59000,58000
2010-04-26,24.32,58000,0(0.00 %),554850,32116705000,0,0,58000,58500,57000
2010-04-27,23.9,57000,-1(-1.72 %),262640,15031600000,0,0,57500,58000,57000
2010-04-28,23.48,56000,-1(-1.75 %),374960,21103540000,0,0,56500,57000,56000
2010-04-29,23.27,55500,-0.5(-0.89 %),334660,18646795000,0,0,56000,56500,55500
2010-05-04,23.48,56000,0.5(0.90 %),236730,13276840000,0,0,56500,57000,55500
2010-05-05,23.27,55500,-0.5(-0.89 %),168570,9364735000,0,0,55500,56000,55000
2010-05-06,23.06,55000,-0.5(-0.90 %),190640,10553545000,0,0,56000,56000,55000
2010-05-07,22.85,54500,-0.5(-0.91 %),517010,27947105000,0,0,54500,55000,53000
2010-05-10,22.64,54000,-0.5(-0.92 %),357650,19294110000,0,0,54000,54500,53500
2010-05-11,22.64,54000,0(0.00 %),190680,10321570000,50000,2825000000,54500,54500,53500
2010-05-12,22.43,53500,-0.5(-0.93 %),384220,20600820000,0,0,53500,54000,53000
2010-05-13,23.06,55000,1.5(2.80 %),373540,20318140000,0,0,54500,55000,53500
2010-05-14,22.64,54000,-1(-1.82 %),319700,17348535000,25000,1437500000,55000,55000,54000
2010-05-17,22.01,52500,-1.5(-2.78 %),452490,23718980000,20000,1030000000,52500,53000,52000
2010-05-18,21.38,51000,-1.5(-2.86 %),298850,15353430000,38470,2115850000,52000,52000,51000
2010-05-19,20.54,49000,-2(-3.92 %),376190,18814304000,0,0,50500,51000,49000
2010-05-20,20.75,49500,0.5(1.02 %),224420,11026914000,0,0,47200,50000,47200
2010-05-21,19.75,47100,-2.4(-4.85 %),432710,20720127000,0,0,47200,49000,47100
2010-05-24,20.54,49000,1.9(4.03 %),406980,19720112000,0,0,47100,49100,47100
2010-05-25,20.75,49500,0.5(1.02 %),288530,14211994000,0,0,49000,50000,48600
2010-05-26,20.84,49700,0.2(0.40 %),268500,13322928000,0,0,49300,49900,49300
2010-05-27,20.84,49700,0(0.00 %),329650,16323478000,0,0,49300,49700,49200
2010-05-28,21.59,51500,1.8(3.62 %),250690,12888825000,0,0,51500,52000,51000
2010-05-31,21.38,51000,-0.5(-0.97 %),159800,8121220000,0,0,51000,51500,50000
2010-06-01,21.17,50500,-0.5(-0.98 %),150000,7557695000,0,0,50000,50500,50000
2010-06-02,20.92,49900,-0.6(-1.19 %),229720,11480310000,0,0,50500,50500,49800
2010-06-03,20.88,49800,-0.1(-0.20 %),162680,8119065000,0,0,50000,50000,49500
2010-06-04,20.58,49100,-0.7(-1.41 %),213900,10536046000,0,0,49500,49800,49000
2010-06-07,20.0,47700,-1.4(-2.85 %),385400,18487989000,0,0,47700,49000,47700
2010-06-08,20.42,48700,1(2.10 %),230700,11047380000,0,0,47200,48700,47200
2010-06-09,20.16,48100,-0.6(-1.23 %),147040,7180431000,0,0,48700,49400,48100
2010-06-10,20.25,48300,0.2(0.42 %),126530,6093736000,0,0,48000,48400,47900
2010-06-11,20.63,49200,0.9(1.86 %),203960,10076528000,218761,10041130000,49700,49900,49000
2010-06-14,20.54,49000,-0.2(-0.41 %),214080,10526866000,0,0,49200,49400,49000
2010-06-15,20.37,48600,-0.4(-0.82 %),160710,7816625000,0,0,48700,48900,48500
2010-06-16,20.42,48700,0.1(0.21 %),148180,7233338000,0,0,48600,49300,48600
2010-06-17,20.67,49300,0.6(1.23 %),336760,16513596000,218761,10128634000,48700,49300,48700
2010-06-18,20.92,49900,0.6(1.22 %),416330,20721213000,0,0,49800,49900,49600
2010-06-21,20.63,49200,-0.7(-1.40 %),137070,6813788000,0,0,50500,50500,49200
2010-06-22,20.67,49300,0.1(0.20 %),132400,6511294000,0,0,49000,49300,48700
2010-06-23,20.75,49500,0.2(0.41 %),113480,5595337000,0,0,49300,49500,49000
2010-06-24,20.79,49600,0.1(0.20 %),108500,5376064000,0,0,49500,49600,49300
2010-06-25,20.46,48800,-0.8(-1.61 %),218580,10697032000,0,0,49000,49100,48800
2010-06-28,20.54,49000,0.2(0.41 %),208000,10148154000,0,0,48600,49000,48500
2010-06-29,20.88,49800,0.8(1.63 %),393580,19454746000,0,0,49000,49800,49000
2010-06-30,21.38,51000,1.2(2.41 %),479170,24184372000,0,0,48800,51000,48800
2010-07-01,20.84,49700,-1.3(-2.55 %),308480,15420374000,93470,5000645000,50000,50500,49700
2010-07-02,20.63,49200,-0.5(-1.01 %),134760,6675120000,0,0,49800,49800,49200
2010-07-05,20.79,49600,0.4(0.81 %),245540,12187444000,0,0,49800,49800,49300
2010-07-06,20.54,49000,-0.6(-1.21 %),183660,9026578000,0,0,48900,49200,48900
2010-07-07,19.58,46700,-2.3(-4.69 %),224590,10645363000,0,0,49000,49100,46700
2010-07-08,20.12,48000,1.3(2.78 %),139550,6699233000,0,0,47500,48200,47500
2010-07-09,20.0,47700,-0.3(-0.62 %),153710,7364347000,0,0,47800,48000,47700
2010-07-12,19.91,47500,-0.2(-0.42 %),33780,1608278000,0,0,47700,47800,47500
2010-07-13,20.21,48200,0.7(1.47 %),172380,8295399000,0,0,48400,48400,47900
2010-07-14,20.04,47800,-0.4(-0.83 %),81770,3940845000,0,0,48400,48500,47800
2010-07-15,20.12,48000,0.2(0.42 %),106300,5106755000,0,0,47700,48400,47700
2010-07-16,20.21,48200,0.2(0.42 %),178370,8579207000,0,0,48200,48300,47800
2010-07-19,20.12,48000,-0.2(-0.41 %),144470,6928630000,0,0,48200,48200,47700
2010-07-20,20.08,47900,-0.1(-0.21 %),158960,7609648000,0,0,47600,48200,47600
2010-07-21,19.79,47200,-0.7(-1.46 %),106000,5039561000,0,0,48000,48000,47100
2010-07-22,19.7,47000,-0.2(-0.42 %),134880,6370127000,0,0,47000,47300,47000
2010-07-23,19.7,47000,0(0.00 %),75340,3542167000,0,0,46900,47200,46800
2010-07-26,19.7,47000,0(0.00 %),45920,2160511000,0,0,47000,47300,46900
2010-07-27,19.66,46900,-0.1(-0.21 %),197040,9257404000,0,0,47200,47200,46900
2010-07-28,19.49,46500,-0.4(-0.85 %),78180,3640437000,0,0,46800,46800,46400
2010-07-29,19.58,46700,0.2(0.43 %),266110,12458848000,0,0,46800,47100,46500
2010-07-30,19.28,46000,-0.7(-1.50 %),122080,5632635000,0,0,46200,46600,46000
2010-08-02,18.95,45200,-0.8(-1.74 %),98400,4462829000,0,0,46000,46000,45200
2010-08-03,18.82,44900,-0.3(-0.66 %),147070,6632939000,0,0,45200,45300,44900
2010-08-04,18.45,44000,-0.9(-2.00 %),81560,3612740000,0,0,44900,44900,43500
2010-08-05,18.32,43700,-0.3(-0.68 %),171700,7533974000,0,0,44000,44000,43700
2010-08-06,18.36,43800,0.1(0.23 %),86750,3794606000,0,0,43700,43800,43500
2010-08-09,18.32,43700,-0.1(-0.23 %),118540,5177247000,0,0,44000,44100,43200
2010-08-10,17.61,42000,-1.7(-3.89 %),252610,10612927000,0,0,42000,42500,41700
2010-08-11,17.94,42800,0.8(1.90 %),221580,9415880000,0,0,42000,43000,42000
2010-08-12,17.4,41500,-1.3(-3.04 %),429030,17996266000,0,0,42100,42400,41500
2010-08-13,17.78,42400,0.9(2.17 %),291040,12287416000,500000,21050000000,42000,43000,41600
2010-08-16,18.03,43000,0.6(1.42 %),114640,4946622000,0,0,42400,44300,42400
2010-08-17,18.32,43700,0.7(1.63 %),211110,9168765000,0,0,43400,43700,42500
2010-08-18,17.94,42800,-0.9(-2.06 %),71870,3087282000,0,0,43000,43100,42800
2010-08-19,17.69,42200,-0.6(-1.40 %),114420,4853712000,2452080,103477776000,42400,43000,42200
2010-08-20,18.24,43500,1.3(3.08 %),245280,10465546000,0,0,42100,43500,42000
2010-08-23,17.65,42100,-1.4(-3.22 %),19290,822031000,0,0,43500,43500,42100
2010-08-24,16.77,40000,-2.1(-4.99 %),261130,10544414000,0,0,41800,42000,40000
2010-08-25,16.98,40500,0.5(1.25 %),359220,14126525000,0,0,39000,40500,38500
2010-08-26,17.82,42500,2(4.94 %),348570,14587211000,0,0,41000,42500,41000
2010-08-27,17.82,42500,0(0.00 %),237640,10049154000,0,0,42000,42600,41500
2010-08-30,18.45,44000,1.5(3.53 %),330950,14579590000,0,0,44000,44500,44000
2010-08-31,19.37,46200,2.2(5.00 %),343360,15498084000,0,0,44700,46200,44000
2010-09-01,19.37,46200,0(0.00 %),153400,7070572000,0,0,46200,46800,45500
2010-09-06,18.45,44000,-2.2(-4.76 %),310480,13956596000,0,0,45300,46000,44000
2010-09-07,18.4,43900,-0.1(-0.23 %),178050,7829448000,0,0,43900,44500,43800
2010-09-08,18.49,44100,0.2(0.46 %),290210,12788668000,0,0,44000,44200,43900
2010-09-09,18.66,44500,0.4(0.91 %),131280,5861463000,0,0,44500,45000,44300
2010-09-10,17.73,42300,-2.2(-4.94 %),195840,8707895000,0,0,44500,45000,42300
2010-09-13,18.03,43000,0.7(1.65 %),208120,8907912000,0,0,43900,43900,42300
2010-09-14,18.03,43000,0(0.00 %),113560,4861586000,0,0,43000,43000,42500
2010-09-15,18.24,43500,0.5(1.16 %),160180,6913516000,0,0,43000,43500,42900
2010-09-16,18.36,43800,0.3(0.69 %),102690,4486287000,30000,1251000000,43500,43800,43500
2010-09-17,18.66,44500,0.7(1.60 %),103710,4585643000,0,0,43800,44500,43800
2010-09-20,18.87,45000,0.5(1.12 %),97710,4379213000,0,0,44500,46000,44300
2010-09-21,18.03,43000,-2(-4.44 %),361700,15929277000,0,0,45000,45200,43000
2010-09-22,18.15,43300,0.3(0.70 %),145020,6318754000,0,0,43000,44000,43000
2010-09-23,18.15,43300,0(0.00 %),163610,7062246000,0,0,43100,43700,42900
2010-09-24,18.07,43100,-0.2(-0.46 %),70330,3027109000,0,0,43300,43300,42900
2010-09-27,18.03,43000,-0.1(-0.23 %),43670,1890227000,0,0,44500,44500,43000
2010-09-28,18.03,43000,0(0.00 %),120600,5186068000,0,0,43000,43100,42900
2010-09-29,18.03,43000,0(0.00 %),69950,3001456000,0,0,43000,43100,42800
2010-09-30,18.19,43400,0.4(0.93 %),160610,6951340000,0,0,42000,43500,42000
2010-10-01,18.03,43000,-0.4(-0.92 %),76010,3268016000,0,0,43100,43300,42900
2010-10-04,18.03,43000,0(0.00 %),246560,10594061000,0,0,43000,43100,42800
2010-10-05,18.03,43000,0(0.00 %),198900,8516253000,0,0,42800,43000,42200
2010-10-06,18.36,43800,0.8(1.86 %),305700,13260831000,0,0,43000,43800,43000
2010-10-07,18.36,43800,0(0.00 %),113690,4979730000,0,0,43800,44000,43500
2010-10-08,18.32,43700,-0.1(-0.23 %),111780,4880460000,0,0,43800,43800,43500
2010-10-11,18.28,43600,-0.1(-0.23 %),111320,4851130000,0,0,43000,43700,43000
2010-10-12,18.03,43000,-0.6(-1.38 %),46240,1991494000,0,0,43000,43600,43000
2010-10-13,18.07,43100,0.1(0.23 %),105300,4528384000,0,0,42600,43100,42600
2010-10-14,18.19,43400,0.3(0.70 %),46570,2027381000,0,0,43900,43900,43400
2010-10-15,18.15,43300,-0.1(-0.23 %),145710,6293599000,0,0,43400,43400,43000
2010-10-18,18.4,43900,0.6(1.39 %),152440,6691053000,0,0,43300,44200,43300
2010-10-19,18.4,43900,0(0.00 %),132440,5799347000,0,0,43900,43900,43500
2010-10-20,18.11,43200,-0.7(-1.59 %),189340,8208313000,0,0,43800,43800,43100
2010-10-21,18.45,44000,0.8(1.85 %),164720,7147691000,0,0,42600,44000,42600
2010-10-22,18.66,44500,0.5(1.14 %),266120,11757081000,0,0,44000,44500,43100
2010-10-25,18.82,44900,0.4(0.90 %),160880,7147846000,0,0,44500,44900,43900
2010-10-26,18.87,45000,0.1(0.22 %),241700,10845457000,0,0,44000,45100,44000
2010-10-27,18.87,45000,0(0.00 %),162290,7283388000,0,0,45000,45000,44500
2010-10-28,18.87,45000,0(0.00 %),89020,4003288000,0,0,45000,45100,44800
2010-10-29,18.91,45100,0.1(0.22 %),80700,3631482000,251000,11295000000,45000,45100,44900
2010-11-01,19.2,45800,0.7(1.55 %),83890,3810471000,0,0,44300,45800,44300
2010-11-02,18.91,45100,-0.7(-1.53 %),146130,6612145000,0,0,45000,45500,45000
2010-11-03,19.07,45500,0.4(0.89 %),144440,6542301000,0,0,45500,45500,45100
2010-11-04,19.62,46800,1.3(2.86 %),295370,13673596000,0,0,45500,46800,45200
2010-11-05,20.58,49100,2.3(4.91 %),310680,15085126000,0,0,46800,49100,46800
2010-11-08,21.59,51500,2.4(4.89 %),589170,29915078000,0,0,49300,51500,49000
2010-11-09,20.96,50000,-1.5(-2.91 %),327120,16402322000,235000,12102500000,52000,52000,49900
2010-11-10,20.96,50000,0(0.00 %),199440,9928513000,0,0,50000,50500,49000
2010-11-11,21.8,52000,2(4.00 %),530500,27265604000,0,0,50000,52500,49800
2010-11-12,21.59,51500,-0.5(-0.96 %),407970,20719770000,53000,2729500000,52000,52000,50000
2010-11-15,20.96,50000,-1.5(-2.91 %),325020,16366060000,0,0,51000,51500,50000
2010-11-16,20.42,48700,-1.3(-2.60 %),178680,8831218000,0,0,50000,50500,48700
2010-11-17,19.41,46300,-2.4(-4.93 %),328440,15728046000,250000,12175000000,48100,48800,46300
2010-11-18,19.41,46300,0(0.00 %),135850,6352434000,0,0,47800,47800,46300
2010-11-19,19.41,46300,0(0.00 %),331330,15534475000,0,0,46300,47600,46100
2010-11-22,19.7,47000,0.7(1.51 %),298370,13863887000,0,0,46000,47000,45000
2010-11-23,20.67,49300,2.3(4.89 %),347370,16763530000,0,0,48300,49300,47100
2010-11-24,20.96,50000,0.7(1.42 %),334850,16658992000,0,0,49000,50000,48100
2010-11-25,20.63,49200,-0.8(-1.60 %),260710,12975516000,0,0,50000,50500,49200
2010-11-26,20.63,49200,0(0.00 %),221350,10895046000,236000,11611200000,49500,50000,49000
2010-11-29,20.96,50000,0.8(1.63 %),291900,14358843000,0,0,49000,50000,46800
2010-11-30,20.96,50000,0(0.00 %),357070,18019190000,0,0,50500,51500,49900
2010-12-01,21.17,50500,0.5(1.00 %),309750,15527200000,0,0,50000,50500,49500
2010-12-02,21.17,50500,0(0.00 %),186620,9392812000,0,0,50500,51000,49900
2010-12-03,21.38,51000,0.5(0.99 %),583550,29629085000,0,0,50000,51500,50000
2010-12-06,21.38,51000,0(0.00 %),432520,21914310000,176000,8976000000,51500,51500,50000
2010-12-07,20.96,50000,-1(-1.96 %),258260,12961485000,0,0,50000,50500,50000
2010-12-08,20.75,49500,-0.5(-1.00 %),107540,5323770000,0,0,50500,50500,49200
2010-12-09,20.96,50000,0.5(1.01 %),85040,4229394000,0,0,50000,50000,49000
2010-12-10,21.38,51000,1(2.00 %),221310,11153345000,0,0,50000,51000,49800
2010-12-13,22.01,52500,1.5(2.94 %),577870,30115655000,0,0,51500,53000,51000
2010-12-14,21.8,52000,-0.5(-0.95 %),356790,18448115000,229538,12050745000,52000,52500,50500
2010-12-15,22.22,53000,1(1.92 %),517980,27274490000,0,0,52000,53500,51500
2010-12-16,21.8,52000,-1(-1.89 %),168560,8789740000,0,0,51500,53000,51500
2010-12-17,22.64,54000,2(3.85 %),408510,21683245000,0,0,52000,54000,51000
2010-12-20,22.22,53000,-1(-1.85 %),282310,15219095000,0,0,56000,56000,52500
2010-12-21,22.43,53500,0.5(0.94 %),226930,12042740000,317050,16825209000,52500,54000,52000
2010-12-22,22.01,52500,-1(-1.87 %),305610,16095675000,0,0,53500,53500,52500
2010-12-23,22.01,52500,0(0.00 %),264840,13822470000,0,0,52500,52500,52000
2010-12-24,22.01,52500,0(0.00 %),211840,11121280000,0,0,53000,53000,52000
2010-12-27,22.01,52500,0(0.00 %),283870,14807945000,0,0,52500,52500,52000
2010-12-28,22.01,52500,0(0.00 %),354460,18655805000,0,0,52000,53500,52000
2010-12-29,22.01,52500,0(0.00 %),225010,11805655000,250000,13125000000,53000,53000,52000
2010-12-30,22.22,53000,0.5(0.95 %),339220,17817445000,0,0,52000,53000,52000
2010-12-31,22.22,53000,0(0.00 %),339580,17878000000,0,0,53000,53000,52000
2011-01-04,22.01,52500,-0.5(-0.94 %),181240,9505230000,0,0,52500,53000,52000
2011-01-05,22.01,52500,0(0.00 %),154300,8091795000,0,0,53000,53000,52000
2011-01-06,21.8,52000,-0.5(-0.95 %),105340,5478230000,0,0,52000,52500,52000
2011-01-07,21.38,51000,-1(-1.92 %),174790,9042130000,0,0,52000,52500,51000
2011-01-10,21.59,51500,0.5(0.98 %),229460,11728075000,0,0,51000,51500,51000
2011-01-11,21.38,51000,-0.5(-0.97 %),192650,9809605000,0,0,51000,51500,50500
2011-01-12,21.38,51000,0(0.00 %),411520,20779145000,0,0,51000,51000,50000
2011-01-13,21.8,52000,1(1.96 %),306850,15623485000,0,0,50500,52000,50500
2011-01-14,22.01,52500,0.5(0.96 %),367860,19242910000,0,0,53000,53000,52000
2011-01-17,22.01,52500,0(0.00 %),184890,9712170000,0,0,52000,53000,52000
2011-01-18,22.43,53500,1(1.90 %),307910,16352250000,0,0,52500,53500,52500
2011-01-19,23.27,55500,2(3.74 %),756950,41348905000,0,0,53500,56000,53500
2011-01-20,23.06,55000,-0.5(-0.90 %),316180,17406650000,0,0,55000,56000,55000
2011-01-21,23.06,55000,0(0.00 %),290010,15956850000,0,0,55000,55500,54500
2011-01-24,22.43,53500,-1.5(-2.73 %),147350,7982845000,0,0,55000,55500,53500
2011-01-25,22.43,53500,0(0.00 %),135630,7250410000,0,0,53500,54000,53000
2011-01-26,22.64,54000,0.5(0.93 %),140320,7526295000,0,0,54500,54500,53000
2011-01-27,23.06,55000,1(1.85 %),277260,15143430000,0,0,54000,55500,53500
2011-01-28,23.27,55500,0.5(0.91 %),473150,26141845000,0,0,55000,55500,54500
2011-02-08,24.32,58000,2.5(4.50 %),542060,31379120000,80000,4320000000,57000,58000,57000
2011-02-09,24.73,59000,1(1.72 %),573140,34404775000,0,0,59000,60500,58500
2011-02-10,24.52,58500,-0.5(-0.85 %),335400,19737550000,0,0,59000,59500,58000
2011-02-11,24.32,58000,-0.5(-0.85 %),259670,15008070000,0,0,58000,59000,57000
2011-02-14,23.48,56000,-2(-3.45 %),219940,12430175000,0,0,57500,57500,56000
2011-02-15,24.52,58500,2.5(4.46 %),228750,12957055000,50000,2850000000,55000,58500,54500
2011-02-16,24.11,57500,-1(-1.71 %),363520,21247420000,0,0,58500,59500,57500
2011-02-17,24.32,58000,0.5(0.87 %),420520,24163560000,0,0,57500,58000,56500
2011-02-18,23.69,56500,-1.5(-2.59 %),188330,10794715000,0,0,58000,58000,56500
2011-02-21,22.64,54000,-2.5(-4.42 %),531580,28969890000,0,0,55500,56000,54000
2011-02-22,22.22,53000,-1(-1.85 %),426690,22436365000,0,0,52000,54000,52000
2011-02-23,22.65,52000,1(1.96 %),224540,11651435000,0,0,53000,53000,51000
2011-02-24,21.52,49400,-2.6(-5.00 %),319070,15846765000,0,0,50500,51500,49400
2011-02-25,21.52,49400,0(0.00 %),190510,9241801000,0,0,48200,49400,47600
2011-02-28,21.13,48500,-0.9(-1.82 %),123350,6073564000,0,0,48600,51500,48500
2011-03-01,22.0,50500,2(4.12 %),115080,5724635000,0,0,48500,50500,48000
2011-03-02,21.43,49200,-1.3(-2.57 %),74370,3661987000,0,0,50000,50500,48400
2011-03-03,21.52,49400,0.2(0.41 %),84910,4163525000,0,0,48000,49400,48000
2011-03-04,21.56,49500,0.1(0.20 %),114080,5641261000,0,0,49500,49900,49300
2011-03-07,22.22,51000,1.5(3.03 %),124660,6285985000,0,0,50500,51000,49500
2011-03-08,22.44,51500,0.5(0.98 %),195910,10152275000,0,0,51000,53000,51000
2011-03-09,22.87,52500,1(1.94 %),166000,8562215000,0,0,51500,52500,50500
2011-03-10,23.96,55000,2.5(4.76 %),198020,10713970000,0,0,51000,55000,51000
2011-03-11,23.74,54500,-0.5(-0.91 %),457730,25492490000,0,0,55000,57000,54000
2011-03-14,22.65,52000,-2.5(-4.59 %),171270,8959200000,0,0,54000,54500,52000
2011-03-15,21.65,49700,-2.3(-4.42 %),196520,9855647000,0,0,50000,51500,49700
2011-03-16,21.39,49100,-0.6(-1.21 %),243800,12065360000,0,0,51000,51000,49000
2011-03-17,21.52,49400,0.3(0.61 %),284260,13932875000,0,0,48700,49500,48700
2011-03-18,21.13,48500,-0.9(-1.82 %),495680,23907308000,0,0,49700,49800,47000
2011-03-21,21.78,50000,1.5(3.09 %),155750,7693637000,0,0,49500,50000,48700
2011-03-22,22.65,52000,2(4.00 %),170820,8730920000,0,0,49800,52500,49600
2011-03-23,22.87,52500,0.5(0.96 %),178980,9350920000,0,0,51500,52500,51500
2011-03-24,21.74,49900,-2.6(-4.95 %),226190,11384434000,0,0,51000,51500,49900
2011-03-25,21.78,50000,0.1(0.20 %),93440,4663977000,0,0,49500,50000,49500
2011-03-28,21.52,49400,-0.6(-1.20 %),37670,1874337000,0,0,50000,50500,49000
2011-03-29,21.56,49500,0.1(0.20 %),164020,8153670000,0,0,50000,50500,49500
2011-03-30,21.56,49500,0(0.00 %),78360,3887985000,0,0,49500,50000,49300
2011-03-31,21.74,49900,0.4(0.81 %),61310,3056764000,0,0,50000,50000,49600
2011-04-01,21.78,50000,0.1(0.20 %),44820,2238702000,0,0,50000,50000,49800
2011-04-04,22.0,50500,0.5(1.00 %),129370,6503003000,0,0,49800,50500,49800
2011-04-05,22.0,50500,0(0.00 %),61020,3078700000,0,0,50500,50500,50000
2011-04-06,22.44,51500,1(1.98 %),126870,6437900000,0,0,50000,51500,50000
2011-04-07,22.65,52000,0.5(0.97 %),222470,11538215000,0,0,51000,52500,51000
2011-04-08,23.53,54000,2(3.85 %),245070,13068540000,0,0,51500,54000,51500
2011-04-13,23.31,53500,-0.5(-0.93 %),290230,15616690000,0,0,52000,54500,52000
2011-04-14,23.31,53500,0(0.00 %),99540,5320380000,0,0,53500,53500,52500
2011-04-15,23.09,53000,-0.5(-0.93 %),172660,9221160000,0,0,54000,54000,53000
2011-04-18,22.0,50500,-2.5(-4.72 %),204830,10442525000,0,0,52500,52500,50500
2011-04-19,22.44,51500,1(1.98 %),65670,3337255000,0,0,50000,51500,50000
2011-04-20,22.44,51500,0(0.00 %),60420,3108605000,60000,3087000000,51500,52000,51000
2011-04-21,22.44,51500,0(0.00 %),37260,1918690000,0,0,51500,51500,51000
2011-04-22,21.56,49500,-2(-3.88 %),49020,2446740000,0,0,50000,50500,49500
2011-04-25,22.22,51000,1.5(3.03 %),64180,3286345000,0,0,50000,51500,50000
2011-04-26,22.44,51500,0.5(0.98 %),56840,2922585000,0,0,51500,51500,51000
2011-04-27,22.44,51500,0(0.00 %),107170,5441355000,0,0,50500,51500,50000
2011-04-28,22.22,51000,-0.5(-0.97 %),34590,1755245000,150000,7611600000,51000,51000,50000
2011-04-29,22.22,51000,0(0.00 %),52700,2691970000,0,0,51500,51500,51000
2011-05-04,22.65,52000,1(1.96 %),124990,6494170000,47080,2448160000,50500,52500,50500
2011-05-05,22.87,52500,0.5(0.96 %),115100,6001055000,0,0,52000,52500,51500
2011-05-06,22.44,51500,-1(-1.90 %),107610,5569535000,0,0,52000,52000,51500
2011-05-09,22.65,52000,0.5(0.97 %),171010,8825645000,0,0,51000,52500,51000
2011-05-10,22.87,52500,0.5(0.96 %),149610,7849940000,50000,2625000000,51500,52500,51500
2011-05-11,22.44,51500,-1(-1.90 %),176900,9228210000,0,0,52500,52500,51500
2011-05-12,22.22,51000,-0.5(-0.97 %),68620,3528865000,100000,5150000000,51500,52000,51000
2011-05-13,22.22,51000,0(0.00 %),171800,8816555000,0,0,51500,51500,51000
2011-05-16,21.78,50000,-1(-1.96 %),173680,8757200000,0,0,51000,51500,50000
2011-05-17,22.0,50500,0.5(1.00 %),128660,6451016000,0,0,51000,51000,49500
2011-05-18,22.44,51500,1(1.98 %),121220,6125291000,0,0,50500,51500,49900
2011-05-19,22.44,51500,0(0.00 %),46040,2362445000,0,0,51500,51500,51000
2011-05-20,21.78,50000,-1.5(-2.91 %),119700,6014880000,0,0,50000,51000,50000
2011-05-23,21.35,49000,-1(-2.00 %),174010,8616185000,38000,1881608000,50000,50000,49000
2011-05-24,20.91,48000,-1(-2.04 %),128330,6157171000,0,0,48000,48500,47700
2011-05-25,19.87,45600,-2.4(-5.00 %),315030,14402408000,0,0,46900,47000,45600
2011-05-26,20.04,46000,0.4(0.88 %),235160,10632377000,0,0,43400,47000,43400
2011-05-27,20.48,47000,1(2.17 %),232920,10847920000,0,0,47000,47000,46000
2011-05-30,20.48,47000,0(0.00 %),147340,6924104000,0,0,47500,47500,45000
2011-05-31,20.48,47000,0(0.00 %),144110,6723117000,0,0,45400,47000,45400
2011-06-01,21.17,48600,1.6(3.40 %),288370,13812195000,0,0,46100,48600,46100
2011-06-02,22.22,51000,2.4(4.94 %),151710,7593719000,0,0,49000,51000,49000
2011-06-03,21.13,48500,-2.5(-4.90 %),211850,10489211000,0,0,51000,51000,48500
2011-06-06,20.69,47500,-1(-2.06 %),179320,8504638000,0,0,49000,49000,47000
2011-06-07,21.35,49000,1.5(3.16 %),169990,8347732000,0,0,49400,49400,48900
2011-06-08,21.26,48800,-0.2(-0.41 %),147780,7218401000,0,0,50000,50000,48300
2011-06-09,21.26,48800,0(0.00 %),41880,2043551000,0,0,48800,49000,48600
2011-06-10,21.13,48500,-0.3(-0.61 %),114130,5533670000,0,0,47600,49000,47600
2011-06-13,20.56,47200,-1.3(-2.68 %),71400,3405673000,0,0,47900,48400,47200
2011-06-14,20.04,46000,-1.2(-2.54 %),139350,6596758000,0,0,47500,48000,46000
2011-06-15,20.17,46300,0.3(0.65 %),120870,5591923000,0,0,46000,46500,46000
2011-06-16,20.21,46400,0.1(0.22 %),175260,8125877000,0,0,46300,46400,46200
2011-06-17,19.3,44300,-2.1(-4.53 %),426960,19363051000,0,0,46400,46500,44100
2011-06-20,19.17,44000,-0.3(-0.68 %),101500,4508658000,0,0,44300,45500,44000
2011-06-21,19.47,44700,0.7(1.59 %),125010,5538803000,0,0,44000,44900,44000
2011-06-22,19.47,44700,0(0.00 %),95030,4247097000,0,0,45000,45000,44300
2011-06-23,19.12,43900,-0.8(-1.79 %),102030,4543342000,0,0,44300,44700,43900
2011-06-24,18.86,43300,-0.6(-1.37 %),60890,2658128000,0,0,43900,44000,43100
2011-06-27,18.52,42500,-0.8(-1.85 %),107020,4567579000,0,0,43000,43500,42500
2011-06-28,18.38,42200,-0.3(-0.71 %),49290,2099467000,0,0,42500,43000,42100
2011-06-29,18.08,41500,-0.7(-1.66 %),49980,2082107000,150000,6225000000,42200,42200,41400
2011-06-30,17.21,39500,-2(-4.82 %),239280,9600509000,190000,7695000000,41500,41500,39500
2011-07-01,16.47,37800,-1.7(-4.30 %),127230,4836401000,0,0,39500,39500,37700
2011-07-04,17.25,39600,1.8(4.76 %),215510,8399564000,0,0,37000,39600,37000
2011-07-05,17.95,41200,1.6(4.04 %),92070,3800028000,0,0,41200,41500,41000
2011-07-06,17.51,40200,-1(-2.43 %),41000,1662505000,0,0,42200,42200,40000
2011-07-07,17.69,40600,0.4(1.00 %),110070,4488253000,0,0,39500,41800,39500
2011-07-08,17.69,40600,0(0.00 %),376700,14922409000,0,0,39500,40600,39000
2011-07-11,17.43,40000,-0.6(-1.48 %),82140,3290571000,0,0,40700,40700,40000
2011-07-12,17.51,40200,0.2(0.50 %),217800,8742748000,20000,804000000,40000,41500,39900
2011-07-13,17.3,39700,-0.5(-1.24 %),159400,6361736000,0,0,40400,41000,39500
2011-07-14,17.16,39400,-0.3(-0.76 %),104470,4111462000,0,0,39700,39700,39200
2011-07-15,17.03,39100,-0.3(-0.76 %),161670,6285602000,0,0,39400,39400,38600
2011-07-18,16.99,39000,-0.1(-0.26 %),66630,2594456000,0,0,38700,39200,38700
2011-07-19,16.86,38700,-0.3(-0.77 %),18590,719212000,0,0,38900,38900,38500
2011-07-20,17.51,40200,1.5(3.88 %),112280,4474097000,0,0,38600,40200,38600
2011-07-21,17.47,40100,-0.1(-0.25 %),160200,6427136000,0,0,40200,40300,39900
2011-07-22,18.17,41700,1.6(3.99 %),171230,7069396000,0,0,40400,42000,40100
2011-07-25,18.08,41500,-0.2(-0.48 %),146510,6043467000,0,0,40000,41700,40000
2011-07-26,17.51,40200,-1.3(-3.13 %),220310,8915985000,0,0,41000,41500,40000
2011-07-27,17.56,40300,0.1(0.25 %),140310,5614315000,0,0,40700,40700,39700
2011-07-28,17.38,39900,-0.4(-0.99 %),196320,7888648000,0,0,40000,40500,39900
2011-07-29,17.12,39300,-0.6(-1.50 %),169170,6692499000,0,0,39900,39900,39300
2011-08-01,17.16,39400,0.1(0.25 %),144460,5758095000,44260,1764159000,39300,40100,39300
2011-08-02,17.3,39700,0.3(0.76 %),144360,5744136000,0,0,39100,40000,39100
2011-08-03,17.43,40000,0.3(0.76 %),75130,3003523000,0,0,39600,40000,39600
2011-08-04,17.56,40300,0.3(0.75 %),85440,3441233000,0,0,40000,40500,39900
2011-08-05,17.47,40100,-0.2(-0.50 %),112510,4524092000,0,0,40400,40400,40100
2011-08-08,16.9,38800,-1.3(-3.24 %),163950,6416000000,0,0,38800,40100,38800
2011-08-09,16.34,37500,-1.3(-3.35 %),116280,4367600000,100000,3750000000,38500,38500,37000
2011-08-10,15.9,36500,-1(-2.67 %),233060,8639644000,0,0,37600,38000,36500
2011-08-11,15.86,36400,-0.1(-0.27 %),40950,1486073000,0,0,36500,36500,36000
2011-08-12,15.99,36700,0.3(0.82 %),28190,1033137000,0,0,37300,37300,36400
2011-08-15,16.12,37000,0.3(0.82 %),7410,273455000,0,0,36800,37000,36500
2011-08-16,16.03,36800,-0.2(-0.54 %),31810,1173888000,50000,1845150000,36700,37300,36700
2011-08-17,16.29,37400,0.6(1.63 %),55010,2031587000,0,0,36800,37400,36500
2011-08-18,16.73,38400,1(2.67 %),164600,6219480000,0,0,37500,38400,37400
2011-08-19,16.34,37500,-0.9(-2.34 %),52640,1971634000,0,0,37000,38000,37000
2011-08-22,16.9,38800,1.3(3.47 %),94420,3633011000,0,0,37300,38800,37300
2011-08-23,16.64,38200,-0.6(-1.55 %),64000,2473396000,0,0,39500,39500,38200
2011-08-24,16.55,38000,-0.2(-0.52 %),163640,6251212000,0,0,38200,38800,38000
2011-08-25,16.55,38000,0(0.00 %),20810,791404000,0,0,38300,38300,38000
2011-08-26,16.55,38000,0(0.00 %),100870,3844025000,0,0,38000,38400,38000
2011-08-29,16.77,38500,0.5(1.32 %),95580,3649520000,0,0,38000,38800,37900
2011-08-30,16.99,39000,0.5(1.30 %),122880,4794145000,0,0,38900,39500,38600
2011-08-31,17.43,40000,1(2.56 %),108740,4301014000,0,0,39400,40000,39000
2011-09-01,18.08,41500,1.5(3.75 %),135510,5482782000,0,0,39600,41500,39600
2011-09-05,17.25,39600,-1.9(-4.58 %),227160,9176836000,0,0,40700,41300,39600
2011-09-06,17.08,39200,-0.4(-1.01 %),109470,4323687000,0,0,39600,39800,39000
2011-09-07,17.6,40400,1.2(3.06 %),66530,2661108000,0,0,40000,40400,39300
2011-09-08,18.47,42400,2(4.95 %),233490,9828934000,0,0,41500,42400,40500
2011-09-09,18.73,43000,0.6(1.42 %),230700,9927043000,0,0,42400,43500,42300
2011-09-12,18.43,42300,-0.7(-1.63 %),133210,5653180000,0,0,42200,43100,41800
2011-09-13,18.38,42200,-0.1(-0.24 %),163950,6913445000,31790,1340521000,42300,43000,42000
2011-09-14,17.64,40500,-1.7(-4.03 %),125520,5136808000,46330,1896009000,41700,42300,40500
2011-09-15,17.12,39300,-1.2(-2.96 %),233830,9125305000,53930,2104618000,39600,40500,38600
2011-09-16,16.64,38200,-1.1(-2.80 %),346860,13300115000,64290,2455878000,39300,39300,38100
2011-09-19,17.47,40100,1.9(4.97 %),70480,2801797000,0,0,38000,40100,38000
2011-09-20,17.51,40200,0.1(0.25 %),199470,8036425000,0,0,40000,40600,39800
2011-09-21,17.6,40400,0.2(0.50 %),92900,3736766000,0,0,40300,40400,39800
2011-09-22,17.47,40100,-0.3(-0.74 %),159140,6361254000,0,0,39500,40400,39500
2011-09-23,16.99,39000,-1.1(-2.74 %),125010,4911436000,0,0,39300,40000,39000
2011-09-26,16.6,38100,-0.9(-2.31 %),299250,11469125000,0,0,38700,39000,38000
2011-09-27,16.73,38400,0.3(0.79 %),110230,4204103000,0,0,38100,38500,38000
2011-09-28,16.55,38000,-0.4(-1.04 %),99210,3775852000,0,0,38500,39000,38000
2011-09-29,16.34,37500,-0.5(-1.32 %),94000,3535377000,100000,3750000000,38000,38000,37500
2011-09-30,16.34,37500,0(0.00 %),156850,5879710000,0,0,37400,37600,37300
2011-10-03,16.34,37500,0(0.00 %),149080,5521537000,0,0,37500,37500,36900
2011-10-04,16.29,37400,-0.1(-0.27 %),118100,4430199000,0,0,37400,37700,37400
2011-10-05,16.64,38200,0.8(2.14 %),81980,3089220000,96360,3430416000,37400,38200,37400
2011-10-06,16.73,38400,0.2(0.52 %),72690,2768077000,0,0,37700,38400,37600
2011-10-07,16.6,38100,-0.3(-0.78 %),74490,2838583000,0,0,38100,38300,38000
2011-10-10,16.55,38000,-0.1(-0.26 %),18400,698683000,0,0,37700,38400,37700
2011-10-11,16.51,37900,-0.1(-0.26 %),48820,1843467000,0,0,37700,37900,37600
2011-10-12,16.34,37500,-0.4(-1.06 %),76780,2887849000,0,0,37800,37900,37500
2011-10-13,16.64,38200,0.7(1.87 %),27690,1044221000,0,0,37400,38200,37300
2011-10-14,16.73,38400,0.2(0.52 %),22340,856124000,0,0,38400,38400,38000
2011-10-17,16.55,38000,-0.4(-1.04 %),44240,1675374000,180000,6858000000,38400,38400,37500
2011-10-18,16.55,38000,0(0.00 %),23030,871967000,200000,7572400000,38000,38000,37400
2011-10-19,16.21,37200,-0.8(-2.11 %),131520,4899715000,100000,3725500000,38000,38000,37100
2011-10-20,16.34,37500,0.3(0.81 %),21490,802268000,200000,7440000000,37600,37600,37200
2011-10-21,16.51,37900,0.4(1.07 %),17500,658712000,298130,11093711000,37500,37900,37000
2011-10-24,16.64,38200,0.3(0.79 %),32870,1252207000,0,0,37900,38200,37900
2011-10-25,16.21,37200,-1(-2.62 %),103900,3914578000,0,0,38300,38300,37200
2011-10-26,16.51,37900,0.7(1.88 %),94290,3546716000,0,0,37500,37900,37300
2011-10-27,16.99,39000,1.1(2.90 %),263440,10182202000,0,0,38300,39000,37900
2011-10-28,17.12,39300,0.3(0.77 %),152950,5977810000,0,0,39000,39300,38800
2011-10-31,16.64,38200,-1.1(-2.80 %),74530,2906395000,0,0,39400,39400,38200
2011-11-01,16.47,37800,-0.4(-1.05 %),81950,3113507000,0,0,38600,38600,37800
2011-11-02,16.21,37200,-0.6(-1.59 %),207450,7763386000,20000,748320000,37800,37800,37200
2011-11-03,16.08,36900,-0.3(-0.81 %),97070,3597344000,200000,7380000000,37200,37300,36900
2011-11-04,16.12,37000,0.1(0.27 %),76890,2852084000,0,0,37700,37700,37000
2011-11-07,16.08,36900,-0.1(-0.27 %),20380,751597000,0,0,36900,37000,36500
2011-11-08,16.12,37000,0.1(0.27 %),136270,5013196000,0,0,36900,37000,36500
2011-11-09,15.94,36600,-0.4(-1.08 %),70380,2577881000,0,0,36700,37100,36500
2011-11-10,15.94,36600,0(0.00 %),136960,5032490000,52500,1929113000,37000,37000,36400
2011-11-11,15.99,36700,0.1(0.27 %),82110,3013511000,0,0,36300,36800,36300
2011-11-14,16.03,36800,0.1(0.27 %),233140,8573737000,0,0,36700,36900,36500
2011-11-15,16.03,36800,0(0.00 %),195710,7221135000,66000,2428800000,37300,37300,36700
2011-11-16,16.08,36900,0.1(0.27 %),157620,5834628000,66000,2443122000,36800,37100,36800
2011-11-17,16.12,37000,0.1(0.27 %),174520,6456588000,114000,4217544000,36900,37100,36900
2011-11-18,16.03,36800,-0.2(-0.54 %),9400,346260000,122960,4480064000,37000,37000,36800
2011-11-21,15.9,36500,-0.3(-0.82 %),52080,1901795000,0,0,36500,36800,36500
2011-11-22,16.03,36800,0.3(0.82 %),70260,2569174000,0,0,35500,36800,35500
2011-11-23,16.16,37100,0.3(0.82 %),144540,5339908000,0,0,36900,37100,36800
2011-11-24,16.12,37000,-0.1(-0.27 %),35230,1301910000,0,0,36500,37000,36500
2011-11-25,16.03,36800,-0.2(-0.54 %),40500,1489059000,0,0,37000,37000,36500
2011-11-28,15.68,36000,-0.8(-2.17 %),76520,2776814000,0,0,36800,37000,35100
2011-11-29,15.77,36200,0.2(0.56 %),175480,6377644000,55000,1989955000,37000,37000,36000
2011-11-30,15.77,36200,0(0.00 %),86700,3133543000,100000,3630000000,36200,36300,36000
2011-12-01,15.77,36200,0(0.00 %),13700,497170000,300000,10920000000,36500,36500,36200
2011-12-02,15.73,36100,-0.1(-0.28 %),27470,991800000,68530,2474276000,36200,36200,36000
2011-12-05,15.81,36300,0.2(0.55 %),117580,4259280000,0,0,36500,36500,36100
2011-12-06,15.77,36200,-0.1(-0.28 %),62730,2270522000,0,0,36200,36300,36000
2011-12-07,15.6,35800,-0.4(-1.10 %),72880,2624734000,0,0,36300,36300,35800
2011-12-08,14.9,34200,-1.6(-4.47 %),123040,4295694000,0,0,35800,35900,34200
2011-12-09,14.68,33700,-0.5(-1.46 %),60720,2074085000,0,0,34200,34900,33700
2011-12-12,15.03,34500,0.8(2.37 %),54750,1857310000,0,0,33700,34500,33600
2011-12-13,14.42,33100,-1.4(-4.06 %),64220,2181076000,0,0,34500,34500,33100
2011-12-14,14.42,33100,0(0.00 %),187820,6207976000,25000,827500000,33100,33300,32900
2011-12-15,14.38,33000,-0.1(-0.30 %),85980,2798102000,0,0,33100,33100,32000
2011-12-16,15.07,34600,1.6(4.85 %),148140,5035820000,150000,5100000000,33000,34600,33000
2011-12-19,15.12,34700,0.1(0.29 %),93760,3228304000,0,0,33900,34700,33900
2011-12-20,15.07,34600,-0.1(-0.29 %),108070,3741445000,0,0,34000,34700,34000
2011-12-21,14.38,33000,-1.6(-4.62 %),171100,5838631000,84000,2866416000,34700,34700,33000
2011-12-22,13.68,31400,-1.6(-4.85 %),321970,10197130000,0,0,32800,33000,31400
2011-12-23,13.77,31600,0.2(0.64 %),58200,1810109000,0,0,31400,31800,30000
2011-12-26,13.64,31300,-0.3(-0.95 %),20340,634098000,0,0,30200,31500,30200
2011-12-27,13.51,31000,-0.3(-0.96 %),75040,2343884000,0,0,31700,31700,31000
2011-12-28,13.81,31700,0.7(2.26 %),27180,857867000,0,0,30900,31700,30900
2011-12-29,13.85,31800,0.1(0.32 %),57430,1843353000,0,0,32600,32600,31600
2011-12-30,14.46,33200,1.4(4.40 %),130130,4230972000,0,0,32400,33200,31700
2012-01-03,13.94,32000,-1.2(-3.61 %),40680,1295281000,0,0,32200,32200,31700
2012-01-04,13.29,30500,-1.5(-4.69 %),97220,2991829000,0,0,31700,31700,30500
2012-01-05,13.24,30400,-0.1(-0.33 %),66780,2029093000,0,0,30500,30500,30000
2012-01-06,13.24,30400,0(0.00 %),15050,455371000,0,0,30500,30500,30000
2012-01-09,13.07,30000,-0.4(-1.32 %),31050,930646000,0,0,29800,30200,29800
2012-01-10,13.46,30900,0.9(3.00 %),77460,2309761000,0,0,29300,30900,29300
2012-01-11,13.94,32000,1.1(3.56 %),83850,2641679000,80000,2486000000,30900,32000,30900
2012-01-12,13.98,32100,0.1(0.31 %),30140,966180000,0,0,32000,32200,31500
2012-01-13,14.33,32900,0.8(2.49 %),102050,3334465000,0,0,32200,32900,32000
2012-01-16,14.29,32800,-0.1(-0.30 %),30290,995150000,0,0,32900,32900,32700
2012-01-17,14.29,32800,0(0.00 %),30950,1009967000,0,0,31800,32800,31800
2012-01-18,14.51,33300,0.5(1.52 %),21220,704385000,0,0,33000,33300,33000
2012-01-19,15.16,34800,1.5(4.50 %),126630,4339302000,0,0,32600,34800,32600
2012-01-20,15.16,34800,0(0.00 %),55810,1944647000,0,0,35000,35000,34000
2012-01-30,15.9,36500,1.7(4.89 %),94260,3430921000,0,0,35500,36500,35000
2012-01-31,16.55,38000,1.5(4.11 %),292510,11175481000,0,0,38200,38300,37000
2012-02-01,16.86,38700,0.7(1.84 %),282580,10867451000,0,0,38500,38700,37800
2012-02-02,16.99,39000,0.3(0.78 %),189850,7362545000,0,0,39100,39200,38600
2012-02-03,17.16,39400,0.4(1.03 %),313980,12356627000,0,0,40000,40000,38900
2012-02-06,16.6,38100,-1.3(-3.30 %),41450,1582569000,0,0,38200,39000,38100
2012-02-07,17.38,39900,1.8(4.72 %),176340,6833291000,0,0,38000,39900,38000
2012-02-08,17.64,40500,0.6(1.50 %),198290,7945861000,0,0,39400,40500,38700
2012-02-09,17.64,40500,0(0.00 %),299940,12034635000,0,0,40000,40500,39600
2012-02-10,17.38,39900,-0.6(-1.48 %),305860,12214790000,0,0,40500,40500,39600
2012-02-13,16.99,39000,-0.9(-2.26 %),170240,6665755000,0,0,39900,39900,39000
2012-02-14,16.99,39000,0(0.00 %),117240,4542784000,0,0,38000,39000,38000
2012-02-15,16.95,38900,-0.1(-0.26 %),113210,4414498000,0,0,40000,40000,38700
2012-02-16,17.12,39300,0.4(1.03 %),152310,5954341000,0,0,39000,39300,38900
2012-02-17,17.12,39300,0(0.00 %),145470,5740256000,0,0,40000,40000,39300
2012-02-20,17.43,40000,0.7(1.78 %),489970,19348429000,0,0,39300,40000,38800
2012-02-21,17.43,40000,0(0.00 %),211970,8495679000,50000,2004000000,40000,40700,39900
2012-02-22,17.38,39900,-0.1(-0.25 %),151370,6041938000,0,0,40000,40000,39700
2012-02-23,17.47,40100,0.2(0.50 %),371680,14939426000,0,0,39700,40600,39600
2012-02-24,18.34,42100,2(4.99 %),451540,18570824000,0,0,40800,42100,40400
2012-02-27,18.65,42800,0.7(1.66 %),331960,14220529000,0,0,42500,43200,42500
2012-02-28,17.73,40700,-2.1(-4.91 %),108590,4556026000,0,0,43400,43400,40700
2012-02-29,16.99,39000,-1.7(-4.18 %),386000,15459605000,0,0,42000,42000,39000
2012-03-01,17.43,40000,1(2.56 %),143250,5669181000,0,0,40000,40000,38900
2012-03-02,17.43,40000,0(0.00 %),87160,3480329000,0,0,39100,40200,39100
2012-03-05,18.3,42000,2(5.00 %),441880,18514846000,0,0,41000,42000,41000
2012-03-06,17.51,40200,-1.8(-4.29 %),224260,9203690000,0,0,42000,42000,40000
2012-03-07,17.86,41000,0.8(1.99 %),246420,9920003000,0,0,40200,41000,39600
2012-03-08,17.03,39100,-1.9(-4.63 %),287930,11641857000,0,0,41000,41100,39100
2012-03-09,17.08,39200,0.1(0.26 %),139150,5449240000,0,0,39100,39600,39000
2012-03-12,16.55,38000,-1.2(-3.06 %),287730,10970094000,0,0,37300,39200,37300
2012-03-13,16.55,38000,0(0.00 %),78910,3002141000,43080,1638979000,38000,38900,37900
2012-03-14,16.16,37100,-0.9(-2.37 %),306740,11456496000,0,0,38000,38100,37000
2012-03-15,16.95,38900,1.8(4.85 %),202570,7682892000,100000,3792700000,37100,38900,36900
2012-03-16,16.12,37000,-1.9(-4.88 %),775640,29156011000,0,0,39300,39300,37000
2012-03-19,16.55,38000,1(2.70 %),106150,4025169000,0,0,37800,38400,37200
2012-03-20,16.77,38500,0.5(1.32 %),193760,7405045000,0,0,37600,38500,37600
2012-03-21,17.56,40300,1.8(4.68 %),197020,7863321000,50000,1950000000,39000,40400,38500
2012-03-22,17.34,39800,-0.5(-1.24 %),259440,10325431000,0,0,39000,40100,39000
2012-03-23,17.21,39500,-0.3(-0.75 %),148430,5921797000,49000,1954904000,39800,40100,39500
2012-03-26,17.47,40100,0.6(1.52 %),155110,6163821000,0,0,39200,40100,39200
2012-03-27,16.99,39000,-1.1(-2.74 %),188750,7448167000,0,0,40100,40100,38900
2012-03-28,17.21,39500,0.5(1.28 %),80170,3111261000,0,0,37800,39500,37800
2012-03-29,16.99,39000,-0.5(-1.27 %),84140,3273371000,0,0,39500,39500,38500
2012-03-30,17.38,39900,0.9(2.31 %),188020,7394130000,0,0,39000,39900,39000
2012-04-03,17.25,39600,-0.3(-0.75 %),94650,3758030000,0,0,39900,40000,39600
2012-04-04,17.21,39500,-0.1(-0.25 %),39210,1551378000,0,0,39600,39800,39500
2012-04-05,17.43,40000,0.5(1.27 %),98650,3903576000,0,0,39500,40000,39400
2012-04-06,17.16,39400,-0.6(-1.50 %),21490,847963000,0,0,39500,40000,39300
2012-04-09,17.08,39200,-0.2(-0.51 %),93780,3683870000,0,0,39400,39400,39200
2012-04-10,17.12,39300,0.1(0.26 %),272920,10699189000,0,0,39100,39500,39000
2012-04-11,17.21,39500,0.2(0.51 %),212410,8353596000,0,0,39400,39500,39200
2012-04-12,17.6,40400,0.9(2.28 %),536040,21537363000,40000,1608000000,39800,40500,39800
2012-04-13,17.38,39900,-0.5(-1.24 %),160510,6418481000,0,0,40500,40500,39800
2012-04-16,17.51,40200,0.3(0.75 %),396230,15860012000,100000,3990000000,40000,40300,39800
2012-04-17,18.38,42200,2(4.98 %),991100,41000189000,0,0,40500,42200,40200
2012-04-18,18.12,41600,-0.6(-1.42 %),350790,14735995000,0,0,41500,43000,41300
2012-04-19,17.77,40800,-0.8(-1.92 %),267870,10974062000,0,0,41200,41300,40500
2012-04-20,17.77,40800,0(0.00 %),177770,7192137000,0,0,41000,41000,40100
2012-04-23,17.69,40600,-0.2(-0.49 %),252510,10269981000,0,0,41000,41000,40500
2012-04-24,17.69,40600,0(0.00 %),196170,7946389000,0,0,40600,40700,40300
2012-04-25,17.86,41000,0.4(0.99 %),110890,4553306000,0,0,41000,41500,40600
2012-04-26,17.82,40900,-0.1(-0.24 %),147350,6025829000,0,0,40800,41200,40700
2012-04-27,17.73,40700,-0.2(-0.49 %),65230,2660256000,0,0,41000,41000,40600
2012-05-02,17.99,41300,0.6(1.47 %),384700,15894396000,40000,1652920000,40700,42000,40600
2012-05-03,17.82,40900,-0.4(-0.97 %),177360,7297477000,0,0,41700,41700,40900
2012-05-04,18.21,41800,0.9(2.20 %),277180,11561899000,20000,800000000,40900,42200,40900
2012-05-07,19.08,43800,2(4.78 %),629120,27435318000,0,0,43000,43800,42500
2012-05-08,19.6,45000,1.2(2.74 %),431070,19616848000,0,0,45800,45900,44400
2012-05-09,19.43,44600,-0.4(-0.89 %),181870,8051534000,0,0,43500,45000,43500
2012-05-10,19.21,44100,-0.5(-1.12 %),208930,9123905000,0,0,44600,44600,42800
2012-05-11,18.43,42300,-1.8(-4.08 %),288840,12337421000,0,0,44100,44100,42000
2012-05-14,17.51,40200,-2.1(-4.96 %),495260,20125119000,0,0,42300,42300,40200
2012-05-15,16.64,38200,-2(-4.98 %),1033080,39629954000,21680,831666000,38500,39000,38200
2012-05-16,16.47,37800,-0.4(-1.05 %),554850,20991202000,0,0,38000,38500,37300
2012-05-17,16.51,37900,0.1(0.26 %),291950,11082309000,50000,1895000000,37800,38500,37700
2012-05-18,15.81,36300,-1.6(-4.22 %),559300,20630678000,0,0,37900,37900,36100
2012-05-21,16.38,37600,1.3(3.58 %),237560,8786488000,0,0,36300,37600,36300
2012-05-22,16.08,36900,-0.7(-1.86 %),284670,10534352000,0,0,37600,37700,36700
2012-05-23,16.21,37200,0.3(0.81 %),305510,11235090000,0,0,37200,37200,36500
2012-05-24,16.08,36900,-0.3(-0.81 %),272840,10064895000,0,0,36700,37400,36600
2012-05-25,16.34,37500,0.6(1.63 %),271360,10204535000,0,0,37500,38000,37300
2012-05-28,16.38,37600,0.1(0.27 %),173990,6529233000,0,0,38000,38000,37300
2012-05-29,15.94,36600,-1(-2.66 %),174940,6541154000,0,0,37800,37800,36600
2012-05-30,15.9,36500,-0.1(-0.27 %),70310,2573477000,0,0,36600,37200,36400
2012-05-31,15.64,35900,-0.6(-1.64 %),132990,4788469000,0,0,36000,36500,35500
2012-06-01,15.38,35300,-0.6(-1.67 %),106680,3819268000,0,0,36000,36400,35200
2012-06-04,14.64,33600,-1.7(-4.82 %),162410,5543173000,0,0,35200,35200,33600
2012-06-05,14.59,33500,-0.1(-0.30 %),225090,7445958000,0,0,32700,33600,32700
2012-06-06,14.64,33600,0.1(0.30 %),248190,8345036000,0,0,34000,34200,33100
2012-06-07,15.03,34500,0.9(2.68 %),269620,9321493000,0,0,34000,34900,34000
2012-06-08,14.86,34100,-0.4(-1.16 %),225710,7860261000,0,0,35200,35500,34000
2012-06-11,14.81,34000,-0.1(-0.29 %),167990,5728274000,0,0,34000,34500,33800
2012-06-12,14.68,33700,-0.3(-0.88 %),106220,3594244000,0,0,34000,34100,33600
2012-06-13,14.68,33700,0(0.00 %),80770,2721431000,0,0,33700,34000,33500
2012-06-14,14.9,34200,0.5(1.48 %),279890,9500705000,0,0,33900,34200,33700
2012-06-15,15.64,35900,1.7(4.97 %),483470,17069156000,0,0,34200,35900,34200
2012-06-18,15.81,36300,0.4(1.11 %),229860,8461839000,0,0,37000,37400,36100
2012-06-19,15.42,35400,-0.9(-2.48 %),101730,3614654000,87286,3011367000,36200,36800,35300
2012-06-20,15.64,35900,0.5(1.41 %),70930,2500879000,148480,5248608000,35400,35900,34900
2012-06-21,15.38,35300,-0.6(-1.67 %),39420,1393892000,0,0,35900,35900,35200
2012-06-22,15.64,35900,0.6(1.70 %),270270,9622741000,0,0,35300,36500,35100
2012-06-25,15.03,34500,-1.4(-3.90 %),78050,2759969000,0,0,36000,36400,34500
2012-06-26,15.47,35500,1(2.90 %),403320,14264437000,48480,1754976000,35500,35600,35000
2012-06-27,15.64,35900,0.4(1.13 %),153180,5384985000,0,0,34500,36000,34500
2012-06-28,15.64,35900,0(0.00 %),108890,3920020000,0,0,36300,36300,35100
2012-06-29,15.77,36200,0.3(0.84 %),208430,7676757000,0,0,37300,37300,36200
2012-07-02,15.38,35300,-0.9(-2.49 %),49480,1773331000,0,0,36400,36700,35300
2012-07-03,15.03,34500,-0.8(-2.27 %),117680,4065685000,129000,4515000000,35000,35100,34200
2012-07-04,15.03,34500,0(0.00 %),128020,4445552000,58480,2116976000,34200,35000,34200
2012-07-05,15.07,34600,0.1(0.29 %),82840,2860196000,0,0,34300,34700,34300
2012-07-06,15.25,35000,0.4(1.16 %),92920,3249104000,0,0,34800,35400,34500
2012-07-09,14.81,34000,-1(-2.86 %),104650,3638431000,0,0,35100,35100,34000
2012-07-10,14.38,33000,-1(-2.94 %),139420,4655000000,58480,2087736000,34800,34800,33000
2012-07-11,14.72,33800,0.8(2.42 %),111200,3648369000,0,0,32500,33800,32500
2012-07-12,14.59,33500,-0.3(-0.89 %),77240,2585630000,0,0,33800,33800,33300
2012-07-13,15.16,34800,1.3(3.88 %),96200,3312404000,0,0,33500,34800,33500
2012-07-16,15.07,34600,-0.2(-0.57 %),90650,3137207000,0,0,34800,35000,34300
2012-07-17,15.16,34800,0.2(0.58 %),57110,1987504000,38520,1340535000,33900,35000,33900
2012-07-18,15.03,34500,-0.3(-0.86 %),79030,2750308000,0,0,34800,35000,34500
2012-07-19,15.68,36000,1.5(4.35 %),128230,4512489000,0,0,34800,36000,34400
2012-07-20,15.33,35200,-0.8(-2.22 %),278050,10027826000,0,0,36500,37000,35200
2012-07-23,15.25,35000,-0.2(-0.57 %),136540,4784089000,0,0,35000,35200,34900
2012-07-24,14.72,33800,-1.2(-3.43 %),195380,6659413000,0,0,34700,34700,33800
2012-07-25,14.59,33500,-0.3(-0.89 %),235540,7921607000,0,0,33700,34500,33200
2012-07-26,14.81,34000,0.5(1.49 %),101480,3415724000,0,0,33800,34200,33500
2012-07-27,14.72,33800,-0.2(-0.59 %),142140,4867588000,0,0,34800,34800,33800
2012-07-30,14.68,33700,-0.1(-0.30 %),68670,2288560000,0,0,33200,33800,33200
2012-07-31,14.59,33500,-0.2(-0.59 %),278910,9459516000,0,0,34000,34000,33500
2012-08-01,14.59,33500,0(0.00 %),56280,1899495000,0,0,33500,34000,33500
2012-08-02,14.77,33900,0.4(1.19 %),7350,247769000,0,0,33500,34000,33500
2012-08-03,14.81,34000,0.1(0.29 %),50640,1718162000,0,0,33900,34000,33800
2012-08-06,14.72,33800,-0.2(-0.59 %),109550,3724505000,0,0,33900,34300,33800
2012-08-07,14.64,33600,-0.2(-0.59 %),42420,1434899000,58480,2070192000,34000,34200,33600
2012-08-08,14.72,33800,0.2(0.60 %),79800,2692946000,0,0,33600,34000,33600
2012-08-09,14.72,33800,0(0.00 %),69060,2350049000,0,0,34000,34300,33800
2012-08-10,14.72,33800,0(0.00 %),32850,1111842000,0,0,34000,34000,33700
2012-08-13,14.81,34000,0.2(0.59 %),115240,3919311000,0,0,34000,34100,33800
2012-08-14,14.77,33900,-0.1(-0.29 %),82770,2812913000,58480,2087736000,33900,34100,33800
2012-08-15,14.81,34000,0.1(0.29 %),61340,2082642000,0,0,33900,34000,33800
2012-08-16,14.99,34400,0.4(1.18 %),241490,8280719000,0,0,33800,34600,33800
2012-08-17,15.73,36100,1.7(4.94 %),653440,23261162000,0,0,34400,36100,34400
2012-08-20,16.12,37000,0.9(2.49 %),220010,8095421000,58480,2216392000,36500,37400,36200
2012-08-21,15.33,35200,-1.8(-4.86 %),586930,20750510000,0,0,36100,36300,35200
2012-08-22,15.38,35300,0.1(0.28 %),375320,13017178000,0,0,34200,35300,34000
2012-08-23,14.64,33600,-1.7(-4.82 %),137780,4643898000,0,0,34000,34200,33600
2012-08-24,14.9,34200,0.6(1.79 %),368130,12191751000,0,0,32000,35100,32000
2012-08-27,14.16,32500,-1.7(-4.97 %),301750,9846890000,58480,2099432000,33300,33300,32500
2012-08-28,14.25,32700,0.2(0.62 %),183620,5933639000,0,0,32000,33000,32000
2012-08-29,14.86,34100,1.4(4.28 %),175470,5950933000,0,0,33500,34100,33400
2012-08-30,15.2,34900,0.8(2.35 %),325310,11410293000,0,0,35200,35200,34200
2012-08-31,15.33,35200,0.3(0.86 %),228650,8001570000,58480,2140368000,35000,35200,34500
2012-09-04,15.2,34900,-0.3(-0.85 %),86710,3026923000,0,0,35600,35600,34700
2012-09-05,14.9,34200,-0.7(-2.01 %),227150,7739228000,0,0,35000,35000,33500
2012-09-06,14.64,33600,-0.6(-1.75 %),59390,2015708000,50000,1697000000,34200,34200,33600
2012-09-07,14.81,34000,0.4(1.19 %),71510,2427650000,29000,984492000,34500,34500,33700
2012-09-10,14.07,32300,-1.7(-5.00 %),362140,11820146000,0,0,33900,33900,32300
2012-09-11,14.25,32700,0.4(1.24 %),129530,4195486000,0,0,32000,32800,32000
2012-09-12,14.64,33600,0.9(2.75 %),170370,5675627000,0,0,32500,34000,32500
2012-09-13,15.25,35000,1.4(4.17 %),309800,10612050000,0,0,33800,35000,33600
2012-09-14,15.2,34900,-0.1(-0.29 %),256710,8992730000,0,0,35200,35400,34600
2012-09-17,14.94,34300,-0.6(-1.72 %),124210,4312237000,0,0,34500,35000,34300
2012-09-18,14.81,34000,-0.3(-0.87 %),271790,9338044000,0,0,34000,34600,34000
2012-09-19,15.16,34800,0.8(2.35 %),256750,8831126000,0,0,34000,34800,33900
2012-09-20,15.12,34700,-0.1(-0.29 %),112140,3870459000,0,0,34500,34700,34200
2012-09-21,15.8,34700,1.5(4.52 %),553460,19050459000,28480,899968000,34000,34700,33800
2012-09-24,15.34,33700,-1(-2.88 %),157170,5317706000,0,0,33700,34200,33700
2012-09-25,15.44,33900,0.2(0.59 %),94450,3224955000,30000,963000000,34300,34300,33800
2012-09-26,15.44,33900,0(0.00 %),123420,4173171000,0,0,33700,34000,33700
2012-09-27,15.34,33700,-0.2(-0.59 %),73920,2498206000,0,0,33800,33900,33700
2012-09-28,15.3,33600,-0.1(-0.30 %),113800,3864389000,0,0,34000,34100,33600
2012-10-01,15.3,33600,0(0.00 %),137630,4612825000,0,0,33400,33700,33400
2012-10-02,15.8,34700,1.1(3.27 %),254550,8719667000,0,0,34000,34800,33900
2012-10-03,16.03,35200,0.5(1.44 %),219110,7677109000,0,0,34500,35400,34500
2012-10-04,15.94,35000,-0.2(-0.57 %),90050,3157272000,0,0,35000,35200,35000
2012-10-05,16.21,35600,0.6(1.71 %),149130,5254812000,0,0,35000,35900,35000
2012-10-08,16.39,36000,0.4(1.12 %),92260,3323202000,0,0,35600,36200,35600
2012-10-09,16.25,35700,-0.3(-0.83 %),87320,3117813000,0,0,36200,36200,35000
2012-10-10,16.66,36600,0.9(2.52 %),323130,11787971000,0,0,36000,36700,36000
2012-10-11,16.94,37200,0.6(1.64 %),206250,7662205000,0,0,37000,37400,37000
2012-10-12,16.62,36500,-0.7(-1.88 %),158820,5891098000,105250,3894250000,37500,37500,36500
2012-10-15,16.35,35900,-0.6(-1.64 %),163910,5890933000,0,0,36300,36400,35700
2012-10-16,16.71,36700,0.8(2.23 %),138600,5088287000,0,0,36100,37000,36100
2012-10-17,16.39,36000,-0.7(-1.91 %),154100,5513664000,0,0,35600,36800,35600
2012-10-18,16.25,35700,-0.3(-0.83 %),50270,1803377000,0,0,35800,36400,35700
2012-10-19,16.07,35300,-0.4(-1.12 %),128220,4549807000,0,0,35800,36100,35200
2012-10-22,15.75,34600,-0.7(-1.98 %),100900,3536245000,0,0,35900,35900,34600
2012-10-23,15.94,35000,0.4(1.16 %),30950,1077366000,0,0,34200,35000,34200
2012-10-24,15.94,35000,0(0.00 %),28030,985727000,0,0,35400,35400,35000
2012-10-25,15.75,34600,-0.4(-1.14 %),16220,562443000,0,0,35000,35000,34600
2012-10-26,16.21,35600,1(2.89 %),186470,6626278000,0,0,35100,35800,34600
2012-10-29,16.03,35200,-0.4(-1.12 %),70930,2494471000,0,0,35000,35600,35000
2012-10-30,15.94,35000,-0.2(-0.57 %),38400,1354692000,0,0,35100,35600,35000
2012-10-31,15.94,35000,0(0.00 %),63760,2220328000,20000,699000000,34800,35500,34800
2012-11-01,15.94,35000,0(0.00 %),14140,495598000,100000,3504900000,35400,35400,34900
2012-11-02,15.53,34100,-0.9(-2.57 %),94690,3267058000,0,0,34800,34900,34100
2012-11-05,15.94,35000,0.9(2.64 %),67630,2318209000,0,0,34000,35000,33900
2012-11-06,15.94,35000,0(0.00 %),162500,5688238000,0,0,34800,35100,34800
2012-11-07,15.98,35100,0.1(0.29 %),39140,1376847000,0,0,35100,35200,35100
2012-11-08,16.07,35300,0.2(0.57 %),213910,7518365000,0,0,35000,35300,35000
2012-11-09,16.07,35300,0(0.00 %),169860,5999356000,0,0,35400,35500,35200
2012-11-12,16.39,36000,0.7(1.98 %),81760,2945337000,0,0,35200,36600,35100
2012-11-13,16.03,35200,-0.8(-2.22 %),93350,3302021000,0,0,35500,35900,35200
2012-11-14,16.07,35300,0.1(0.28 %),7480,264376000,0,0,35100,35400,35100
2012-11-15,16.03,35200,-0.1(-0.28 %),13250,467375000,0,0,35400,35400,35200
2012-11-16,15.94,35000,-0.2(-0.57 %),42580,1490323000,0,0,34700,35200,34700
2012-11-19,15.98,35100,0.1(0.29 %),30420,1067343000,0,0,35000,35200,35000
2012-11-20,15.94,35000,-0.1(-0.28 %),118530,4152418000,60000,2101980000,35000,35200,35000
2012-11-21,15.94,35000,0(0.00 %),109930,3857883000,0,0,35100,35300,35000
2012-11-22,15.75,34600,-0.4(-1.14 %),39750,1390130000,0,0,35000,35300,34600
2012-11-23,15.75,34600,0(0.00 %),21040,728397000,0,0,35300,35300,34100
2012-11-26,15.62,34300,-0.3(-0.87 %),27620,951918000,0,0,34600,35000,34300
2012-11-27,15.53,34100,-0.2(-0.58 %),37960,1300954000,0,0,34300,34700,34100
2012-11-28,15.48,34000,-0.1(-0.29 %),46040,1568200000,650600,22141724000,34000,34800,34000
2012-11-29,15.53,34100,0.1(0.29 %),18000,613740000,0,0,34000,34800,34000
2012-11-30,15.48,34000,-0.1(-0.29 %),111100,3860356000,1098196,35581550000,35500,35500,34000
2012-12-03,16.12,35400,1.4(4.12 %),124880,4343815000,30000,1020000000,34500,35400,34000
2012-12-04,15.94,35000,-0.4(-1.13 %),74170,2591978000,30000,1050000000,35400,35400,34600
2012-12-05,15.94,35000,0(0.00 %),180790,6332757000,0,0,35000,35200,34600
2012-12-06,15.94,35000,0(0.00 %),10950,381527000,0,0,34700,35000,34700
2012-12-07,15.66,34400,-0.6(-1.71 %),81770,2825240000,282720,9767411000,34600,34900,34400
2012-12-10,15.94,35000,0.6(1.74 %),38950,1342871000,0,0,34400,35000,34300
2012-12-11,15.94,35000,0(0.00 %),136540,4771682000,0,0,34500,35000,34500
2012-12-12,16.07,35300,0.3(0.86 %),75960,2673370000,0,0,34900,35500,34700
2012-12-13,15.98,35100,-0.2(-0.57 %),74050,2605156000,0,0,35300,35300,35000
2012-12-14,15.8,34700,-0.4(-1.14 %),108510,3793315000,0,0,35100,35300,34700
2012-12-17,16.57,36400,1.7(4.90 %),273270,9851376000,103000,3715725000,35100,36400,35100
2012-12-18,16.85,37000,0.6(1.65 %),140540,5189757000,111000,4098897000,37300,37300,36600
2012-12-19,17.03,37400,0.4(1.08 %),224860,8215488000,0,0,36000,37500,36000
2012-12-20,16.98,37300,-0.1(-0.27 %),253630,9426161000,0,0,37800,37800,36800
2012-12-21,16.44,36100,-1.2(-3.22 %),706860,25905461000,0,0,37300,37400,36000
2012-12-24,16.62,36500,0.4(1.11 %),69600,2508635000,0,0,36000,36500,35500
2012-12-25,16.85,37000,0.5(1.37 %),81720,3002136000,0,0,36500,37000,36500
2012-12-26,16.85,37000,0(0.00 %),95990,3503042000,0,0,36100,37100,36100
2012-12-27,17.07,37500,0.5(1.35 %),48100,1792210000,0,0,37500,37500,36900
2012-12-28,17.07,37500,0(0.00 %),32290,1203208000,0,0,37600,37600,36900
2013-01-02,17.26,37900,0.4(1.07 %),57140,2162393000,0,0,37200,38000,37200
2013-01-03,17.76,39000,1.1(2.90 %),234170,8933775000,0,0,37700,39000,37500
2013-01-04,17.99,39500,0.5(1.28 %),203780,8009662000,0,0,38300,40000,38300
2013-01-07,18.85,41400,1.9(4.81 %),600230,24560946000,40000,1640000000,40500,41400,39500
2013-01-08,19.12,42000,0.6(1.45 %),452330,19200153000,0,0,41500,43400,41400
2013-01-09,19.58,43000,1(2.38 %),650710,27044162000,0,0,39900,43000,39900
2013-01-10,20.03,44000,1(2.33 %),264910,11443954000,0,0,41800,44000,41300
2013-01-11,19.62,43100,-0.9(-2.05 %),326590,14139124000,0,0,44900,44900,42100
2013-01-14,19.58,43000,-0.1(-0.23 %),251740,10647475000,25000,1057475000,41100,43000,41100
2013-01-15,19.85,43600,0.6(1.40 %),321040,13927664000,0,0,44000,44000,43000
2013-01-16,19.62,43100,-0.5(-1.15 %),106990,4631640000,49650,2149349000,43000,43600,43000
2013-01-17,19.4,42600,-0.5(-1.16 %),75090,3239305000,0,0,43500,43500,42600
2013-01-18,19.17,42100,-0.5(-1.17 %),170690,7216457000,28040,1185503000,42600,42700,42100
2013-01-21,19.12,42000,-0.1(-0.24 %),127970,5377408000,70000,2940000000,42300,42400,41900
2013-01-22,18.8,41300,-0.7(-1.67 %),79360,3321640000,143330,6046477000,42000,42000,41300
2013-01-23,18.71,41100,-0.2(-0.48 %),199190,7935127000,48020,1938233000,39000,41300,39000
2013-01-24,18.71,41100,0(0.00 %),50640,2091362000,0,0,41100,41700,41000
2013-01-25,19.31,42400,1.3(3.16 %),207660,8763621000,28040,1183344000,41100,42400,41100
2013-01-28,19.58,43000,0.6(1.42 %),373890,16073104000,20000,860000000,43000,43500,42600
2013-01-29,20.13,44200,1.2(2.79 %),387980,16890164000,50000,2176700000,43000,44200,42400
2013-01-30,21.4,47000,2.8(6.33 %),389740,17579293000,0,0,44200,47000,43800
2013-01-31,20.94,46000,-1(-2.13 %),229860,10778248000,26000,1219140000,48500,48500,46000
2013-02-01,19.58,43000,-3(-6.52 %),531450,23034381000,52020,2254807000,45200,45200,43000
2013-02-04,19.12,42000,-1(-2.33 %),281140,11950769000,28020,1191074000,43500,43500,42000
2013-02-05,18.9,41500,-0.5(-1.19 %),447960,18735956000,23000,961975000,42900,42900,41500
2013-02-06,19.58,43000,1.5(3.61 %),563000,24108724000,62000,2655168000,42500,43000,42500
2013-02-07,19.81,43500,0.5(1.16 %),176840,7743135000,0,0,44000,44000,43300
2013-02-08,19.76,43400,-0.1(-0.23 %),157020,6819083000,28020,1216853000,43500,43500,43200
2013-02-18,19.99,43900,0.5(1.15 %),300230,13115710000,0,0,43500,44000,43300
2013-02-19,19.81,43500,-0.4(-0.91 %),339210,14696975000,0,0,43900,43900,43000
2013-02-20,20.03,44000,0.5(1.15 %),305020,13342217000,0,0,43500,44200,43300
2013-02-21,19.26,42300,-1.7(-3.86 %),342380,14877267000,0,0,43800,44000,42300
2013-02-22,19.49,42800,0.5(1.18 %),395780,16842001000,0,0,42500,43200,42000
2013-02-25,19.53,42900,0.1(0.23 %),135780,5809590000,0,0,43000,43000,42500
2013-02-26,18.3,40200,-2.7(-6.29 %),373360,15563956000,0,0,42800,42800,40200
2013-02-27,17.99,39500,-0.7(-1.74 %),460210,18320430000,139020,5598962000,40000,40200,39400
2013-02-28,17.99,39500,0(0.00 %),226750,9038771000,28120,1120919000,39900,40300,39500
2013-03-01,17.53,38500,-1(-2.53 %),261030,10205830000,28100,1098626000,40500,40500,38400
2013-03-04,16.66,36600,-1.9(-4.94 %),122310,4616323000,28100,1060578000,38500,38800,36600
2013-03-05,15.98,35100,-1.5(-4.10 %),326070,11721808000,0,0,36900,37000,35000
2013-03-06,17.07,37500,2.4(6.84 %),155600,5722816000,27000,970623000,35900,37500,35600
2013-03-07,17.85,39200,1.7(4.53 %),384610,15007870000,0,0,37500,39900,37500
2013-03-08,18.08,39700,0.5(1.28 %),192850,7621391000,28100,1110512000,39100,39800,39000
2013-03-11,18.53,40700,1(2.52 %),452410,18333226000,72000,2917584000,39900,40800,39900
2013-03-12,18.39,40400,-0.3(-0.74 %),336490,13587220000,159000,6430212000,40700,40700,40200
2013-03-13,18.58,40800,0.4(0.99 %),451040,18381479000,0,0,40700,41100,40400
2013-03-14,18.44,40500,-0.3(-0.74 %),60310,2443202000,0,0,40800,40800,40000
2013-03-15,19.26,42300,1.8(4.44 %),614300,25782416000,100000,4197100000,41500,42300,40500
2013-03-18,18.71,41100,-1.2(-2.84 %),276300,11381920000,0,0,41300,41400,41000
2013-03-19,18.67,41000,-0.1(-0.24 %),343080,14064650000,0,0,41100,41100,40800
2013-03-20,18.76,41200,0.2(0.49 %),321190,13219216000,0,0,41000,41300,40900
2013-03-21,18.9,41500,0.3(0.73 %),233070,9684412000,0,0,41500,41800,41200
2013-03-22,18.49,40600,-0.9(-2.17 %),209300,8587186000,29040,1191337000,41000,41400,40500
2013-03-25,19.03,41800,1.2(2.96 %),219220,9108176000,0,0,40600,41900,40600
2013-03-26,19.31,42400,0.6(1.44 %),541770,22994758000,0,0,41800,42600,41800
2013-03-27,19.31,42400,0(0.00 %),317850,13470834000,100000,4240000000,42000,42600,42000
2013-03-28,19.31,42400,0(0.00 %),115710,4913979000,0,0,42700,42800,42000
2013-03-29,19.31,42400,0(0.00 %),78830,3336945000,0,0,42400,42500,41600
2013-04-01,19.76,43400,1(2.36 %),341820,14761197000,0,0,42400,43800,42200
2013-04-02,20.26,44500,1.1(2.53 %),606010,26865761000,0,0,44500,45000,44000
2013-04-03,20.22,44400,-0.1(-0.22 %),402100,17891351000,100000,4449500000,44500,45000,44300
2013-04-04,19.9,43700,-0.7(-1.58 %),203390,8800942000,89000,3851119000,43700,44400,42600
2013-04-05,19.85,43600,-0.1(-0.23 %),97210,4238448000,0,0,44000,44000,43400
2013-04-08,19.9,43700,0.1(0.23 %),239880,10595310000,0,0,44800,44800,43700
2013-04-09,19.9,43700,0(0.00 %),196290,8618479000,0,0,43700,44300,43700
2013-04-10,18.8,41300,-2.4(-5.49 %),388020,16637518000,0,0,43600,44200,41300
2013-04-11,19.31,42400,1.1(2.66 %),217760,9130077000,0,0,43000,43000,41500
2013-04-12,18.9,41500,-0.9(-2.12 %),282490,11719214000,100000,4143300000,42400,42500,41100
2013-04-15,18.67,41000,-0.5(-1.20 %),203480,8371738000,0,0,41000,41500,40800
2013-04-16,18.9,41500,0.5(1.22 %),242640,9738885000,0,0,40800,41500,39000
2013-04-17,18.9,41500,0(0.00 %),30570,1252165000,0,0,41500,41500,40100
2013-04-18,18.03,39600,-1.9(-4.58 %),237720,9432531000,0,0,40000,40500,39500
2013-04-22,17.99,39500,-0.1(-0.25 %),121790,4763267000,0,0,39000,39500,38900
2013-04-23,17.76,39000,-0.5(-1.27 %),170190,6677271000,0,0,40500,40500,38800
2013-04-24,18.03,39600,0.6(1.54 %),135070,5378697000,42000,1672482000,39700,40200,39600
2013-04-25,18.26,40100,0.5(1.26 %),35500,1427389000,0,0,39600,40400,39600
2013-04-26,18.21,40000,-0.1(-0.25 %),132030,5300734000,0,0,40500,40900,39500
2013-05-02,17.89,39300,-0.7(-1.75 %),202570,8003753000,0,0,39500,40000,39200
2013-05-03,18.21,40000,0.7(1.78 %),228380,9004712000,0,0,39000,40000,39000
2013-05-06,18.53,40700,0.7(1.75 %),87920,3580841000,0,0,40000,41000,40000
2013-05-07,18.67,41000,0.3(0.74 %),167590,6848928000,0,0,40900,41000,40600
2013-05-08,18.9,41500,0.5(1.22 %),101970,4219076000,50000,2050000000,40500,41800,40500
2013-05-09,18.67,41000,-0.5(-1.20 %),90530,3735154000,0,0,41100,41500,41000
2013-05-10,18.71,41100,0.1(0.24 %),169860,6966845000,61240,2511514000,41000,41200,40900
2013-05-13,18.67,41000,-0.1(-0.24 %),100460,4124436000,0,0,41100,41500,40800
2013-05-14,18.49,40600,-0.4(-0.98 %),131970,5374314000,50000,2036200000,41000,41000,40500
2013-05-15,18.76,41200,0.6(1.48 %),303370,12494671000,100000,4118600000,41000,41300,40800
2013-05-16,19.03,41800,0.6(1.46 %),286980,11990391000,359360,14863632000,41500,42000,41400
2013-05-17,19.03,41800,0(0.00 %),229740,9638774000,100000,4195500000,41800,42300,41700
2013-05-20,19.21,42200,0.4(0.96 %),274270,11479628000,100000,4185500000,41300,42400,41300
2013-05-21,19.53,42900,0.7(1.66 %),696560,29924024000,100000,4295400000,42200,43600,42200
2013-05-22,20.58,45200,2.3(5.36 %),1208980,53333477000,100000,4411400000,43000,45400,42900
2013-05-23,20.26,44500,-0.7(-1.55 %),313670,14060801000,72800,3263406000,45200,45200,44500
2013-05-24,20.53,45100,0.6(1.35 %),516440,23259743000,93800,4224527000,44600,45800,44200
2013-05-27,21.35,46900,1.8(3.99 %),588380,27406165000,20000,940000000,45100,47400,45100
2013-05-28,22.08,48500,1.6(3.41 %),604280,28888160000,73000,3489838000,47800,48500,47100
2013-05-29,21.81,47900,-0.6(-1.24 %),665570,32224071000,100000,4841300000,48500,49400,47600
2013-05-30,22.54,49500,1.6(3.34 %),562240,27323809000,0,0,47700,51000,46500
2013-05-31,22.77,50000,0.5(1.01 %),1061160,54423035000,20000,960000000,50500,52500,49500
2013-06-03,22.54,49500,-0.5(-1.00 %),569500,28440308000,100000,5000000000,51000,51000,49500
2013-06-04,22.45,49300,-0.2(-0.40 %),579690,28719764000,0,0,49500,49800,49300
2013-06-05,22.77,50000,0.7(1.42 %),297230,14652917000,0,0,49000,50000,49000
2013-06-06,22.72,49900,-0.1(-0.20 %),236740,11781268000,0,0,49500,50000,49500
2013-06-07,22.63,49700,-0.2(-0.40 %),518380,25777155000,40000,1984000000,49600,50000,49500
2013-06-10,23.9,52500,2.8(5.63 %),630840,33132337000,0,0,49900,53000,49900
2013-06-11,23.45,51500,-1(-1.90 %),324600,16639725000,0,0,52500,52500,50500
2013-06-12,22.67,49800,-1.7(-3.30 %),332400,16757334000,0,0,51000,51500,49800
2013-06-13,23.9,52500,2.7(5.42 %),465720,23482628000,0,0,50500,52500,49800
2013-06-14,22.77,50000,-2.5(-4.76 %),462560,23415000000,0,0,50000,53000,50000
2013-06-17,21.86,48000,-2(-4.00 %),390200,19037322000,300000,14678900000,50000,50000,48000
2013-06-18,21.81,47900,-0.1(-0.21 %),706480,34046936000,100000,4919200000,48000,49000,47500
2013-06-19,21.86,48000,0.1(0.21 %),1073890,51749024000,150000,7244000000,49000,49000,48000
2013-06-20,22.4,49200,1.2(2.50 %),404880,19691135000,0,0,48000,49200,48000
2013-06-21,21.95,48200,-1(-2.03 %),762120,36838620000,0,0,48300,49000,48200
2013-06-24,21.76,47800,-0.4(-0.83 %),634850,30384690000,0,0,48200,48900,47200
2013-06-25,20.72,45500,-2.3(-4.81 %),1010470,45971261000,0,0,47300,47800,44500
2013-06-26,20.94,46000,0.5(1.10 %),1046660,47421839000,0,0,45500,46400,44700
2013-06-27,21.86,48000,2(4.35 %),271990,12788901000,53120,2497702000,46600,48000,46100
2013-06-28,21.49,47200,-0.8(-1.67 %),304140,14396037000,0,0,47900,47900,47000
2013-07-01,21.45,47100,-0.1(-0.21 %),207430,9672365000,0,0,47200,47300,46000
2013-07-02,22.31,49000,1.9(4.03 %),391210,18953958000,0,0,47500,49000,47000
2013-07-03,22.31,49000,0(0.00 %),401520,19799335000,0,0,49000,50000,48700
2013-07-04,22.31,49000,0(0.00 %),507560,24935868000,0,0,49000,49700,48900
2013-07-05,22.31,49000,0(0.00 %),209230,10285052000,0,0,48800,49600,48800
2013-07-08,22.22,48800,-0.2(-0.41 %),223940,10895050000,86000,4184072000,49000,49000,48400
2013-07-09,22.22,48800,0(0.00 %),154060,7497786000,0,0,48300,48800,48300
2013-07-10,22.36,49100,0.3(0.61 %),275450,13529916000,0,0,48800,49400,48800
2013-07-11,22.54,49500,0.4(0.81 %),120250,5907502000,0,0,48800,49500,48800
2013-07-12,22.99,50500,1(2.02 %),404340,20438880000,0,0,49800,51000,49800
2013-07-15,22.99,50500,0(0.00 %),189850,9631285000,0,0,51000,51500,50000
2013-07-16,22.99,50500,0(0.00 %),191310,9654025000,0,0,50000,51000,50000
2013-07-17,22.99,50500,0(0.00 %),232620,11762000000,0,0,51000,51000,50000
2013-07-18,22.99,50500,0(0.00 %),159280,8042525000,0,0,50500,51000,50000
2013-07-19,22.99,50500,0(0.00 %),157980,7985825000,0,0,51000,51000,50000
2013-07-22,23.68,52000,1.5(2.97 %),391450,20303145000,0,0,51000,52500,51000
2013-07-23,23.68,52000,0(0.00 %),130330,6778975000,1135607,54963379000,52000,53000,51500
2013-07-24,22.77,50000,-2(-3.85 %),445330,22409659000,0,0,52000,52000,49600
2013-07-25,22.31,49000,-1(-2.00 %),358340,17618243000,0,0,50000,50000,49000
2013-07-26,22.72,49900,0.9(1.84 %),220170,10770902000,0,0,49000,49900,48700
2013-07-29,22.36,49100,-0.8(-1.60 %),105540,5188081000,0,0,49000,49700,49000
2013-07-30,22.77,50000,0.9(1.83 %),179730,8969423000,0,0,49000,51500,49000
2013-07-31,22.99,50500,0.5(1.00 %),187210,9434453000,0,0,49800,51000,49800
2013-08-01,23.22,51000,0.5(0.99 %),81460,4150085000,0,0,50000,51500,50000
2013-08-02,23.45,51500,0.5(0.98 %),174530,8935370000,0,0,51500,51500,50500
2013-08-05,23.22,51000,-0.5(-0.97 %),75420,3847980000,0,0,51500,51500,50500
2013-08-06,23.45,51500,0.5(0.98 %),167480,8529875000,0,0,51000,51500,50500
2013-08-07,24.13,53000,1.5(2.91 %),746680,39122970000,0,0,51500,54000,51500
2013-08-08,23.68,52000,-1(-1.89 %),88360,4650030000,0,0,53000,53500,52000
2013-08-09,25.04,55000,3(5.77 %),522490,28359360000,0,0,53000,55000,53000
2013-08-12,25.73,56500,1.5(2.73 %),501710,27985000000,0,0,55500,57000,55000
2013-08-13,26.18,57500,1(1.77 %),438540,25198005000,0,0,56500,58500,56500
2013-08-14,26.86,59000,1.5(2.61 %),609200,35239985000,0,0,57500,59000,57000
2013-08-15,26.64,58500,-0.5(-0.85 %),292290,17063355000,0,0,59000,59500,57500
2013-08-16,26.41,58000,-0.5(-0.85 %),340330,19725900000,0,0,58000,58500,57500
2013-08-19,27.55,60500,2.5(4.31 %),438250,26560040000,0,0,58000,62000,58000
2013-08-20,27.09,59500,-1(-1.65 %),442810,26856360000,0,0,61000,62000,59500
2013-08-21,26.86,59000,-0.5(-0.84 %),489420,28610475000,0,0,59500,59500,57500
2013-08-22,26.41,58000,-1(-1.69 %),512130,29606650000,0,0,59000,59000,57500
2013-08-23,26.64,58500,0.5(0.86 %),409410,23766000000,71900,4173723000,58000,59000,57500
2013-08-26,26.86,59000,0.5(0.85 %),410710,23829905000,200000,11500000000,58500,59000,57500
2013-08-27,26.41,58000,-1(-1.69 %),125440,7302165000,0,0,59000,59000,57500
2013-08-28,25.5,56000,-2(-3.45 %),570710,32301945000,150000,8550000000,57000,58000,56000
2013-08-29,25.5,56000,0(0.00 %),363720,20458590000,66350,3732055000,56000,57000,55500
2013-08-30,26.64,58500,2.5(4.46 %),333600,18892955000,0,0,56000,58500,55000
2013-09-03,26.64,58500,0(0.00 %),305630,18063160000,0,0,59000,60000,58000
2013-09-04,26.41,58000,-0.5(-0.85 %),107040,6246915000,0,0,59000,59000,58000
2013-09-05,26.86,59000,1(1.72 %),148270,8667435000,0,0,58000,59000,57500
2013-09-06,26.64,58500,-0.5(-0.85 %),142040,8337340000,0,0,59500,59500,58000
2013-09-09,26.18,57500,-1(-1.71 %),184080,10583950000,0,0,58500,58500,57000
2013-09-10,26.64,58500,1(1.74 %),128860,7529630000,0,0,58000,59000,57500
2013-09-11,26.41,58000,-0.5(-0.85 %),268820,15727640000,0,0,59000,60000,58000
2013-09-12,26.64,58500,0.5(0.86 %),76860,4456365000,0,0,57500,58500,57500
2013-09-13,26.64,58500,0(0.00 %),108600,6314960000,0,0,58000,59000,58000
2013-09-16,26.18,57500,-1(-1.71 %),252270,14635935000,0,0,58500,59000,57500
2013-09-17,28.0,61500,4(6.96 %),615960,37092185000,0,0,58000,61500,58000
2013-09-18,27.09,59500,-2(-3.25 %),390440,24013165000,0,0,62000,63500,59500
2013-09-19,28.69,63000,3.5(5.88 %),558490,34540060000,0,0,61500,63500,60000
2013-09-20,28.0,61500,-1.5(-2.38 %),282760,17512695000,0,0,63000,63000,61500
2013-09-23,28.23,62000,0.5(0.81 %),207700,12911390000,0,0,62000,63000,61500
2013-09-24,28.46,62500,0.5(0.81 %),150520,9412370000,0,0,62000,63000,62000
2013-09-25,29.14,64000,1.5(2.40 %),208790,13276410000,0,0,62000,64500,62000
2013-09-26,29.14,64000,0(0.00 %),207730,13319865000,0,0,64000,65000,63500
2013-09-27,29.14,64000,0(0.00 %),217490,13942145000,65120,4174518000,64000,65000,63500
2013-09-30,29.82,65500,1.5(2.34 %),297990,19307155000,0,0,64500,65500,64000
2013-10-01,29.37,64500,-1(-1.53 %),280930,18238305000,0,0,65000,66000,64000
2013-10-02,29.37,64500,0(0.00 %),252170,16408955000,0,0,65000,66000,64500
2013-10-03,29.6,65000,0.5(0.78 %),230000,14853835000,0,0,64500,65500,64500
2013-10-04,30.05,66000,1(1.54 %),175320,11502265000,0,0,65000,66000,65000
2013-10-07,30.73,67500,1.5(2.27 %),174050,11784410000,0,0,65500,68500,65500
2013-10-08,30.96,68000,0.5(0.74 %),100960,6819020000,0,0,67500,68000,66500
2013-10-09,31.42,69000,1(1.47 %),142580,9696370000,0,0,67500,69000,67500
2013-10-10,30.28,66500,-2.5(-3.62 %),513280,34572110000,0,0,69000,69000,66500
2013-10-11,30.28,66500,0(0.00 %),485850,32430175000,0,0,67500,67500,66000
2013-10-14,30.96,68000,1.5(2.26 %),144180,9675930000,0,0,66000,68000,66000
2013-10-15,30.73,67500,-0.5(-0.74 %),146750,9899675000,0,0,67500,68000,67000
2013-10-16,30.96,68000,0.5(0.74 %),88200,5942980000,0,0,67500,68000,66500
2013-10-17,31.19,68500,0.5(0.74 %),211290,14372590000,0,0,67500,68500,67500
2013-10-18,31.19,68500,0(0.00 %),167070,11419135000,0,0,67500,69000,67500
2013-10-21,31.19,68500,0(0.00 %),116610,7987130000,106860,7319749000,68500,69000,68000
2013-10-22,30.96,68000,-0.5(-0.73 %),198910,13541765000,0,0,68000,68500,68000
2013-10-23,30.96,68000,0(0.00 %),196000,13441885000,0,0,68000,69500,67500
2013-10-24,30.73,67500,-0.5(-0.74 %),145440,9859890000,26840,1819591000,68000,69000,67500
2013-10-25,30.51,67000,-0.5(-0.74 %),77230,5218800000,0,0,68000,68000,67000
2013-10-28,30.51,67000,0(0.00 %),58130,3908530000,0,0,67000,67500,67000
2013-10-29,29.82,65500,-1.5(-2.24 %),107830,7112865000,0,0,66500,67000,65500
2013-10-30,29.82,65500,0(0.00 %),111970,7349375000,0,0,66500,66500,65000
2013-10-31,28.91,63500,-2(-3.05 %),276270,17725980000,0,0,66000,66000,63500
2013-11-01,28.46,62500,-1(-1.57 %),272440,17121080000,38810,2438937000,63500,63500,62500
2013-11-04,29.37,64500,2(3.20 %),93010,5925910000,0,0,63000,64500,63000
2013-11-05,30.28,66500,2(3.10 %),220360,14444145000,0,0,64000,67000,63500
2013-11-06,30.73,67500,1(1.50 %),195220,13046860000,0,0,66500,67500,66500
2013-11-07,29.82,65500,-2(-2.96 %),153890,10162710000,0,0,67500,67500,65500
2013-11-08,29.14,64000,-1.5(-2.29 %),110580,7139675000,0,0,65000,66000,64000
2013-11-11,29.82,65500,1.5(2.34 %),71480,4648325000,0,0,64000,65500,64000
2013-11-12,29.14,64000,-1.5(-2.29 %),148280,9521880000,0,0,65000,65000,64000
2013-11-13,29.14,64000,0(0.00 %),102670,6574970000,0,0,64500,64500,64000
2013-11-14,29.14,64000,0(0.00 %),50180,3209150000,0,0,64000,64000,63500
2013-11-15,29.37,64500,0.5(0.78 %),100880,6498445000,0,0,63500,65000,63500
2013-11-18,29.37,64500,0(0.00 %),130210,8398960000,0,0,64500,65000,64000
2013-11-19,29.37,64500,0(0.00 %),168260,10926455000,0,0,64500,66000,64500
2013-11-20,29.6,65000,0.5(0.78 %),214860,13961530000,26000,1689480000,65000,65000,64500
2013-11-21,29.82,65500,0.5(0.77 %),342900,22404690000,0,0,65000,66000,65000
2013-11-22,30.51,67000,1.5(2.29 %),276180,18360725000,0,0,66000,67500,65500
2013-11-25,30.96,68000,1(1.49 %),234230,16020155000,0,0,67500,69000,67500
2013-11-26,31.64,69500,1.5(2.21 %),366700,25231795000,0,0,68000,69500,67500
2013-11-27,31.19,68500,-1(-1.44 %),197460,13731130000,0,0,69500,70500,68000
2013-11-28,30.73,67500,-1(-1.46 %),121770,8286270000,0,0,68000,69000,67500
2013-11-29,31.64,69500,2(2.96 %),180390,12372345000,0,0,68000,69500,67500
2013-12-02,32.52,64600,1.7(2.73 %),233940,14979085000,0,0,64600,64600,64600
2013-12-03,32.01,63000,-1(-1.56 %),268860,17053190000,0,0,64000,64500,63000
2013-12-04,32.01,63000,0(0.00 %),175250,10971125000,0,0,63000,63000,62000
2013-12-05,31.51,62000,-1(-1.59 %),163020,10216155000,0,0,63000,63500,62000
2013-12-06,31.51,62000,0(0.00 %),127990,7911570000,0,0,62000,62500,61000
2013-12-09,31.76,62500,0.5(0.81 %),303520,18899760000,175000,10850000000,63000,63000,62000
2013-12-10,31.51,62000,-0.5(-0.80 %),335630,20703320000,0,0,62500,62500,61000
2013-12-11,30.74,60500,-1.5(-2.42 %),600780,36545370000,0,0,62000,62000,60000
2013-12-12,30.74,60500,0(0.00 %),475270,28227150000,100000,6000000000,60000,60500,58500
2013-12-13,30.49,60000,-0.5(-0.83 %),619070,36837290000,0,0,60000,60500,59000
2013-12-16,30.49,60000,0(0.00 %),663170,40212045000,400000,23750000000,59000,62500,59000
2013-12-17,31.25,61500,1.5(2.50 %),155840,9510165000,0,0,61000,61500,60500
2013-12-18,31.51,62000,0.5(0.81 %),248710,15291255000,0,0,61000,62000,60500
2013-12-19,30.74,60500,-1.5(-2.42 %),290150,17702340000,0,0,62000,62000,60500
2013-12-20,30.49,60000,-0.5(-0.83 %),831180,50009110000,111760,6705600000,60500,61000,60000
2013-12-23,30.49,60000,0(0.00 %),764090,45860160000,200000,11900000000,60000,61000,60000
2013-12-24,30.74,60500,0.5(0.83 %),389710,23502905000,1500000,90000000000,60500,61000,59500
2013-12-25,31.0,61000,0.5(0.83 %),149890,9136985000,0,0,61000,61500,60500
2013-12-26,31.25,61500,0.5(0.82 %),398870,24429855000,0,0,61000,62000,60500
2013-12-27,31.25,61500,0(0.00 %),343840,21149820000,0,0,62000,62000,61000
2013-12-30,30.74,60500,-1(-1.63 %),383610,23459780000,180000,10710000000,61500,61500,60500
2013-12-31,31.0,61000,0.5(0.83 %),268350,16341415000,0,0,61000,61500,60500
2014-01-02,31.0,61000,0(0.00 %),115900,7043015000,0,0,61000,61000,60500
2014-01-03,30.49,60000,-1(-1.64 %),116840,7044190000,0,0,61000,61000,60000
2014-01-06,30.74,60500,0.5(0.83 %),277340,16711700000,0,0,60500,60500,60000
2014-01-07,31.0,61000,0.5(0.83 %),247310,14978320000,0,0,60500,61000,60500
2014-01-08,33.03,65000,4(6.56 %),940450,59704605000,148690,9439287000,61000,65000,60500
2014-01-09,33.29,65500,0.5(0.77 %),541620,35086125000,100000,6450000000,65000,65500,64000
2014-01-10,32.78,64500,-1(-1.53 %),283850,18491675000,100000,6500000000,65000,66000,64500
2014-01-13,33.79,66500,2(3.10 %),580970,38407935000,0,0,64000,67000,64000
2014-01-14,34.81,68500,2(3.01 %),429200,29275540000,0,0,66500,69000,66500
2014-01-15,34.81,68500,0(0.00 %),338490,23171645000,0,0,69500,69500,67500
2014-01-16,34.81,68500,0(0.00 %),234570,16011625000,100000,6850000000,68000,69000,67500
2014-01-17,34.81,68500,0(0.00 %),1088310,75679900000,100000,6850000000,69000,70500,68500
2014-01-20,35.32,69500,1(1.46 %),580040,40320135000,0,0,69000,70000,68500
2014-01-21,37.6,74000,4.5(6.47 %),495630,35417460000,82000,5875382000,69500,74000,69000
2014-01-22,35.57,70000,-4(-5.41 %),285140,20645500000,20730,1498447000,74000,75000,70000
2014-01-23,37.1,73000,3(4.29 %),393140,28439765000,0,0,70500,74500,70500
2014-01-24,37.35,73500,0.5(0.68 %),177370,12942155000,0,0,73000,73500,72500
2014-01-27,36.59,72000,-1.5(-2.04 %),271260,19497025000,30340,2180718000,73000,73000,71000
2014-02-06,35.06,69000,-3(-4.17 %),542910,37881060000,30340,2116943000,70500,71500,69000
2014-02-07,35.57,70000,1(1.45 %),330670,23024370000,0,0,70500,71000,68500
2014-02-10,36.33,71500,1.5(2.14 %),189600,13403660000,0,0,70000,71500,70000
2014-02-11,36.33,71500,0(0.00 %),398860,28564005000,0,0,71500,72000,71000
2014-02-12,36.59,72000,0.5(0.70 %),203630,14542800000,0,0,71500,72000,70500
2014-02-13,37.1,73000,1(1.39 %),323120,23460315000,0,0,72000,73500,72000
2014-02-14,37.6,74000,1(1.37 %),400580,29646440000,0,0,73000,75000,73000
2014-02-17,37.35,73500,-0.5(-0.68 %),260380,19320995000,0,0,74500,75000,73500
2014-02-18,38.87,76500,3(4.08 %),368100,27541505000,0,0,73500,76500,73500
2014-02-19,40.91,80500,4(5.23 %),429970,34398360000,0,0,77500,81500,77500
2014-02-20,38.37,75500,-5(-6.21 %),456770,35154905000,30340,2335088000,80500,80500,75000
2014-02-21,38.37,75500,0(0.00 %),303130,22855720000,0,0,76000,76500,74000
2014-02-24,40.65,80000,4.5(5.96 %),397450,31109825000,0,0,76000,80000,75500
2014-02-25,40.15,79000,-1(-1.25 %),250530,19819935000,0,0,79000,80000,78500
2014-02-26,40.4,79500,0.5(0.63 %),335390,26421695000,0,0,79000,79500,78000
2014-02-27,39.64,78000,-1.5(-1.89 %),250550,19776485000,0,0,79500,80000,78000
2014-02-28,41.42,81500,3.5(4.49 %),616990,49345785000,0,0,78500,81500,77500
2014-03-03,39.64,78000,-3.5(-4.29 %),455550,36036825000,0,0,80500,81500,78000
2014-03-04,39.13,77000,-1(-1.28 %),478730,36628205000,0,0,76000,77500,75500
2014-03-05,39.89,78500,1.5(1.95 %),549860,43012210000,30320,2371752000,78000,79000,77500
2014-03-06,39.89,78500,0(0.00 %),439880,34772970000,0,0,78500,80000,78500
2014-03-07,39.64,78000,-0.5(-0.64 %),221220,17340210000,30320,2376603000,79500,79500,78000
2014-03-10,39.38,77500,-0.5(-0.64 %),389350,30324170000,0,0,78500,78500,77500
2014-03-11,40.4,79500,2(2.58 %),490370,38672730000,30320,2391156000,78000,79500,78000
2014-03-12,40.65,80000,0.5(0.63 %),981070,79620740000,0,0,79500,82500,79500
2014-03-13,40.91,80500,0.5(0.62 %),283940,22718770000,0,0,80500,80500,79000
2014-03-14,40.91,80500,0(0.00 %),633480,51097440000,0,0,80500,81500,80000
2014-03-17,39.89,78500,-2(-2.48 %),681980,53729390000,0,0,79000,79500,78000
2014-03-18,40.4,79500,1(1.27 %),415920,32850860000,0,0,78500,80000,78000
2014-03-19,40.65,80000,0.5(0.63 %),503290,40139870000,0,0,79500,80000,79000
2014-03-20,40.4,79500,-0.5(-0.62 %),387600,30790100000,0,0,79500,80000,79000
2014-03-21,39.64,78000,-1.5(-1.89 %),2963440,231966965000,0,0,79500,80000,78000
2014-03-24,41.92,82500,4.5(5.77 %),861600,69823435000,0,0,80000,82500,80000
2014-03-25,41.16,81000,-1.5(-1.82 %),426410,34717155000,0,0,81500,82500,81000
2014-03-26,40.15,79000,-2(-2.47 %),915850,72969370000,42000,3465000000,80500,81500,78000
2014-03-27,41.16,81000,2(2.53 %),674930,53742905000,0,0,79000,81000,78500
2014-03-28,42.18,83000,2(2.47 %),606870,49616960000,0,0,81000,83000,80500
2014-03-31,42.18,83000,0(0.00 %),610480,50857955000,0,0,83000,84000,82500
2014-04-01,41.67,82000,-1(-1.20 %),420600,34721595000,0,0,83000,83500,81500
2014-04-02,41.67,82000,0(0.00 %),386260,31298830000,0,0,82000,83000,80000
2014-04-03,41.92,82500,0.5(0.61 %),186710,15372605000,0,0,82000,83000,82000
2014-04-04,42.69,84000,1.5(1.82 %),511370,42630130000,0,0,83000,84000,82500
2014-04-07,43.96,86500,2.5(2.98 %),994590,85402870000,0,0,85000,87500,84500
2014-04-08,44.21,87000,0.5(0.58 %),382800,33151230000,0,0,86500,87000,86000
2014-04-10,44.21,87000,0(0.00 %),505810,44131930000,0,0,87000,88500,86000
2014-04-11,44.21,87000,0(0.00 %),347300,29925805000,0,0,86000,87000,85500
2014-04-14,43.45,85500,-1.5(-1.72 %),287480,24768975000,0,0,87500,87500,85000
2014-04-15,41.92,82500,-3(-3.51 %),521730,43800355000,0,0,86000,86000,82500
2014-04-16,41.42,81500,-1(-1.21 %),665130,53905920000,0,0,82500,83000,79000
2014-04-17,42.18,83000,1.5(1.84 %),475220,39227085000,0,0,82500,83500,81500
2014-04-18,40.91,80500,-2.5(-3.01 %),175470,14214520000,0,0,83000,83000,80500
2014-04-21,40.65,80000,-0.5(-0.62 %),376980,30144900000,0,0,80000,80500,79500
2014-04-22,42.18,83000,3(3.75 %),330050,26586805000,0,0,80500,83000,79500
2014-04-23,41.67,82000,-1(-1.20 %),355910,29091045000,0,0,82500,82500,80500
2014-04-24,41.67,82000,0(0.00 %),171870,14041155000,26000,2122484000,82000,82500,80500
2014-04-25,42.18,83000,1(1.22 %),564240,46798275000,0,0,81000,84000,81000
2014-04-28,42.69,84000,1(1.20 %),761030,64302275000,27240,2301617000,84000,85000,84000
2014-04-29,43.19,85000,1(1.19 %),207380,17421015000,0,0,83500,85000,83000
2014-05-05,42.43,83500,-1.5(-1.76 %),289990,24250710000,0,0,84500,85000,82500
2014-05-06,41.42,81500,-2(-2.40 %),274960,22409505000,0,0,82000,83500,80000
2014-05-07,41.92,82500,1(1.23 %),174000,14277915000,0,0,81500,82500,81500
2014-05-08,39.13,77000,-5.5(-6.67 %),1129990,87844675000,0,0,80000,80000,77000
2014-05-09,40.15,79000,2(2.60 %),473550,36814760000,0,0,77000,79000,76000
2014-05-12,38.11,75000,-4(-5.06 %),866210,64183075000,0,0,79000,79000,73500
2014-05-13,39.38,77500,2.5(3.33 %),367800,27850950000,0,0,74000,77500,74000
2014-05-14,41.67,82000,4.5(5.81 %),514270,40987825000,0,0,78000,82000,78000
2014-05-15,41.16,81000,-1(-1.22 %),530570,42772395000,0,0,82000,82500,78000
2014-05-16,41.16,81000,0(0.00 %),129520,10384070000,0,0,79500,81000,79000
2014-05-19,41.42,81500,0.5(0.62 %),306800,24791985000,0,0,80000,81500,79000
2014-05-20,40.91,80500,-1(-1.23 %),132220,10640470000,0,0,81500,81500,79500
2014-05-21,41.16,81000,0.5(0.62 %),171110,13778755000,0,0,81000,81500,79500
2014-05-22,40.91,80500,-0.5(-0.62 %),125620,10117915000,0,0,80000,81500,80000
2014-05-23,41.42,81500,1(1.24 %),257210,20834120000,0,0,80500,81500,80500
2014-05-26,41.42,81500,0(0.00 %),48480,3933520000,0,0,81500,81500,80500
2014-05-27,41.67,82000,0.5(0.61 %),173260,14143885000,27330,2231057000,80500,82500,80500
2014-05-28,42.43,83500,1.5(1.83 %),506380,42039395000,0,0,82000,84000,82000
2014-05-29,42.43,83500,0(0.00 %),206300,17226435000,23410,1954782000,83500,84000,83000
2014-05-30,42.69,84000,0.5(0.60 %),379780,31830350000,0,0,84000,84500,83500
2014-06-02,42.18,83000,-1(-1.19 %),113020,9407190000,21170,1762064000,84000,84000,82500
2014-06-03,42.43,83500,0.5(0.60 %),176210,14676670000,0,0,83500,84000,82500
2014-06-04,42.43,83500,0(0.00 %),172420,14352165000,0,0,83500,83500,83000
2014-06-05,41.67,82000,-1.5(-1.80 %),141320,11599955000,0,0,83000,83000,82000
2014-06-06,41.67,82000,0(0.00 %),71030,5828805000,0,0,82000,83000,82000
2014-06-09,42.18,83000,1(1.22 %),486080,40503940000,0,0,82000,84000,81500
2014-06-10,42.18,83000,0(0.00 %),83670,6942380000,0,0,83000,83500,82000
2014-06-11,42.43,83500,0.5(0.60 %),393600,32824805000,0,0,83000,84000,82500
2014-06-12,42.18,83000,-0.5(-0.60 %),91240,7572520000,0,0,83000,83500,82500
2014-06-13,42.18,83000,0(0.00 %),95130,7849625000,0,0,83000,83000,82000
2014-06-16,42.43,83500,0.5(0.60 %),975580,81447230000,135000,11270610000,83500,84000,83000
2014-06-17,43.7,86000,2.5(2.99 %),626360,53410670000,20000,1560000000,83500,86000,83500
2014-06-18,43.45,85500,-0.5(-0.58 %),216610,18627375000,0,0,86000,87000,85000
2014-06-19,43.19,85000,-0.5(-0.58 %),480800,40199955000,0,0,84500,85000,82500
2014-06-20,42.18,83000,-2(-2.35 %),1028430,85714320000,0,0,85000,85000,83000
2014-06-23,42.18,83000,0(0.00 %),240020,19933520000,0,0,83000,83500,83000
2014-06-24,42.69,84000,1(1.20 %),387260,32293835000,30480,2541758000,83000,84000,83000
2014-06-25,42.69,84000,0(0.00 %),164810,13788870000,0,0,83500,84000,83500
2014-06-26,42.69,84000,0(0.00 %),287050,24007090000,0,0,83500,84000,83000
2014-06-27,42.43,83500,-0.5(-0.60 %),206910,17195590000,0,0,83000,83500,82500
2014-06-30,41.92,82500,-1(-1.20 %),164780,13649580000,0,0,83000,83500,82500
2014-07-01,42.43,83500,1(1.21 %),243300,20273470000,0,0,83000,84000,82000
2014-07-02,42.18,83000,-0.5(-0.60 %),309550,25838065000,55002,4591017000,83500,84000,83000
2014-07-03,43.19,85000,2(2.41 %),544380,45786380000,0,0,83000,85000,83000
2014-07-04,42.69,84000,-1(-1.18 %),231480,19496285000,0,0,84500,84500,84000
2014-07-07,42.43,83500,-0.5(-0.60 %),216690,18169705000,0,0,84500,84500,83500
2014-07-08,42.43,83500,0(0.00 %),189320,15787070000,49000,4086012000,83500,84000,83000
2014-07-09,42.94,84500,1(1.20 %),306590,25712675000,0,0,83500,84500,83000
2014-07-10,42.69,84000,-0.5(-0.59 %),183470,15341595000,0,0,84000,84000,83000
2014-07-11,42.69,84000,0(0.00 %),119120,9935330000,0,0,83500,84000,83000
2014-07-14,44.21,87000,3(3.57 %),921570,78809660000,0,0,84000,87000,84000
2014-07-15,44.46,87500,0.5(0.57 %),329710,28832870000,0,0,87000,88000,87000
2014-07-16,44.21,87000,-0.5(-0.57 %),370010,32412570000,0,0,88000,88500,87000
2014-07-17,43.96,86500,-0.5(-0.57 %),370240,31898490000,0,0,86500,87000,85500
2014-07-18,45.23,89000,2.5(2.89 %),618110,54337000000,0,0,86500,89000,86000
2014-07-21,46.5,91500,2.5(2.81 %),626100,56960000000,0,0,90000,92000,90000
2014-07-22,45.99,90500,-1(-1.09 %),275520,25005000000,0,0,91000,91500,90000
2014-07-23,46.75,92000,1.5(1.66 %),341410,31359000000,0,0,91000,92500,91000
2014-07-24,48.02,94500,2.5(2.72 %),395610,37159365000,30930,2904946000,92000,95000,92000
2014-07-25,47.01,92500,-2(-2.12 %),372390,34867000000,0,0,94500,95000,92500
2014-07-28,45.99,90500,-2(-2.16 %),305300,28024000000,0,0,93500,93500,90500
2014-07-29,46.24,91000,0.5(0.55 %),152760,13818000000,0,0,91000,91000,89500
2014-07-30,46.5,91500,0.5(0.55 %),182740,16764000000,0,0,91000,92500,91000
2014-07-31,48.28,95000,3.5(3.83 %),553880,51852000000,24000,2261520000,91500,95000,91500
2014-08-01,47.77,94000,-1(-1.05 %),234450,22147000000,0,0,94500,95500,94000
2014-08-04,49.8,98000,4(4.26 %),393320,37970000000,0,0,94000,98000,94000
2014-08-05,50.31,99000,1(1.02 %),426890,41766000000,0,0,98500,99000,96500
2014-08-06,50.82,100000,1(1.01 %),313190,31237000000,0,0,99000,101000,98000
2014-08-07,50.82,100000,0(0.00 %),341730,33962000000,0,0,98500,100000,98500
2014-08-08,49.8,98000,-2(-2.00 %),299450,29585000000,0,0,100000,100000,98000
2014-08-11,50.31,99000,1(1.02 %),266790,26006000000,0,0,98000,99000,97000
2014-08-12,51.83,102000,3(3.03 %),443640,44494000000,0,0,99000,104000,98000
2014-08-13,51.83,102000,0(0.00 %),427400,43173000000,0,0,103000,104000,99000
2014-08-14,51.33,101000,-1(-0.98 %),387840,38968770000,0,0,102000,102000,99500
2014-08-15,51.33,101000,0(0.00 %),269590,26979000000,70000,7070000000,100000,101000,99500
2014-08-18,50.82,100000,-1(-0.99 %),338450,34206000000,0,0,101000,103000,100000
2014-08-19,51.33,101000,1(1.00 %),231560,23369000000,5332800,495950400000,100000,102000,100000
2014-08-20,51.83,102000,1(0.99 %),300930,30511000000,0,0,102000,102000,101000
2014-08-21,53.36,105000,3(2.94 %),636900,66287000000,100000,10300000000,103000,105000,103000
2014-08-22,55.84,98000,-7(-6.67 %),585030,57222170000,0,0,97600,99000,97600
2014-08-25,56.98,100000,2(2.04 %),356180,35343000000,0,0,99000,100000,98500
2014-08-26,56.13,98500,-1.5(-1.50 %),368640,36374000000,0,0,100000,100000,98000
2014-08-27,56.41,99000,0.5(0.51 %),227620,22375360000,0,0,98500,99000,97500
2014-08-28,56.41,99000,0(0.00 %),203740,20164990000,0,0,99000,100000,98000
2014-08-29,56.13,98500,-0.5(-0.51 %),211810,20806000000,0,0,99500,99500,98000
2014-09-03,54.7,96000,-2.5(-2.54 %),560410,54241000000,0,0,98000,98500,95500
2014-09-04,55.27,97000,1(1.04 %),186340,17968000000,110662,10710214000,95000,97500,95000
2014-09-05,55.84,98000,1(1.03 %),254890,24983000000,0,0,97500,99000,97500
2014-09-08,55.27,97000,-1(-1.02 %),276220,26943070000,33810,3297827000,98500,98500,97000
2014-09-09,56.41,99000,2(2.06 %),1653050,162887910000,40000,3880000000,98000,102000,97000
2014-09-10,56.41,99000,0(0.00 %),339870,33167035000,269000,26249020000,98000,99000,95000
2014-09-11,56.7,99500,0.5(0.51 %),1630110,162393645000,0,0,99000,102000,98000
2014-09-12,56.7,99500,0(0.00 %),755130,75037665000,0,0,100000,100000,99000
2014-09-15,60.4,106000,6.5(6.53 %),1928150,201944730000,0,0,100000,106000,100000
2014-09-16,60.97,107000,1(0.94 %),630930,67823190000,0,0,108000,110000,105000
2014-09-17,59.26,104000,-3(-2.80 %),587710,61701900000,0,0,108000,108000,104000
2014-09-18,57.55,101000,-3(-2.88 %),706360,71846010000,0,0,102000,104000,100000
2014-09-19,56.98,100000,-1(-0.99 %),1454240,145553235000,0,0,101000,102000,99000
2014-09-22,57.55,101000,1(1.00 %),554400,56215850000,2000000,200000000000,103000,103000,101000
2014-09-23,56.98,100000,-1(-0.99 %),581050,58585810000,1450000,144700000000,101000,102000,99500
2014-09-24,55.84,98000,-2(-2.00 %),713960,70686815000,50000,4950000000,99500,100000,98000
2014-09-25,55.84,98000,0(0.00 %),863200,83301780000,0,0,98000,98500,95000
2014-09-26,55.56,97500,-0.5(-0.51 %),292100,28611180000,0,0,98000,99000,97000
2014-09-29,54.99,96500,-1(-1.03 %),188840,18267510000,0,0,96000,98000,96000
2014-09-30,55.27,97000,0.5(0.52 %),253880,24527720000,0,0,96000,97500,96000
2014-10-01,57.55,101000,4(4.12 %),505510,50337030000,0,0,98000,101000,97500
2014-10-02,58.12,102000,1(0.99 %),450620,45469170000,500000,50500000000,103000,103000,100000
2014-10-03,56.98,100000,-2(-1.96 %),416400,41782060000,0,0,102000,102000,99000
2014-10-06,58.12,102000,2(2.00 %),299740,30179280000,0,0,100000,102000,100000
2014-10-07,57.55,101000,-1(-0.98 %),160670,16112570000,0,0,101000,101000,100000
2014-10-08,56.41,99000,-2(-1.98 %),499130,49698130000,0,0,100000,101000,99000
2014-10-09,58.12,102000,3(3.03 %),584180,59138620000,0,0,99500,103000,99500
2014-10-10,57.55,101000,-1(-0.98 %),223810,22688570000,0,0,101000,103000,100000
2014-10-13,55.84,98000,-3(-2.97 %),802400,79042985000,0,0,99500,100000,97000
2014-10-14,54.7,96000,-2(-2.04 %),697510,67684565000,0,0,98000,98500,96000
2014-10-15,53.85,94500,-1.5(-1.56 %),925630,88184595000,0,0,96000,96500,94500
2014-10-16,50.71,89000,-5.5(-5.82 %),1393300,127000000000,0,0,94000,94000,88500
2014-10-17,49.57,87000,-2(-2.25 %),1303340,114000000000,100000,8650000000,88500,89000,86000
2014-10-20,50.43,88500,1.5(1.72 %),650410,57000000000,100000,8750000000,88000,89000,86500
2014-10-21,52.42,92000,3.5(3.95 %),968930,87700000000,0,0,88000,92500,88000
2014-10-22,53.56,94000,2(2.17 %),771150,71700000000,0,0,92500,94000,92500
2014-10-23,52.14,91500,-2.5(-2.66 %),733290,68000000000,0,0,92000,94000,91500
2014-10-24,52.14,91500,0(0.00 %),174000,15883185000,0,0,90000,92000,90000
2014-10-27,50.43,88500,-3(-3.28 %),338360,30281270000,1014150,87656403000,91500,91500,88500
2014-10-28,51.28,90000,1.5(1.69 %),259540,23249425000,50000,4479000000,88000,91000,88000
2014-10-29,52.71,92500,2.5(2.78 %),451020,41416190000,0,0,91500,92500,91500
2014-10-30,52.71,92500,0(0.00 %),307670,28424760000,0,0,92500,93000,92000
2014-10-31,53.56,94000,1.5(1.62 %),320390,29892755000,0,0,93000,94000,92500
2014-11-03,54.7,96000,2(2.13 %),379870,36236070000,0,0,94500,96500,94500
2014-11-04,53.85,94500,-1.5(-1.56 %),347890,33025340000,0,0,95000,96000,94000
2014-11-05,53.56,94000,-0.5(-0.53 %),278080,26018035000,350000,32747050000,94000,95000,92000
2014-11-06,53.56,94000,0(0.00 %),111630,10475685000,100000,9400000000,94000,94500,93500
2014-11-07,53.28,93500,-0.5(-0.53 %),241300,22492935000,0,0,94000,94000,92500
2014-11-10,52.14,91500,-2(-2.14 %),445200,41166275000,0,0,93500,94000,91500
2014-11-11,52.42,92000,0.5(0.55 %),364970,33737210000,0,0,93000,93000,91500
2014-11-12,52.42,92000,0(0.00 %),326560,29966505000,0,0,92500,92500,91500
2014-11-13,51.85,91000,-1(-1.09 %),464050,42411020000,149700,13627200000,92000,92500,91000
2014-11-14,51.28,90000,-1(-1.10 %),424890,38273985000,0,0,90500,90500,89500
2014-11-17,51.28,90000,0(0.00 %),517000,46947435000,0,0,91000,92500,90000
2014-11-18,51.28,90000,0(0.00 %),368470,33057035000,0,0,90000,91500,89000
2014-11-19,50.43,88500,-1.5(-1.67 %),357780,31788775000,0,0,90000,90000,88000
2014-11-20,51.28,90000,1.5(1.69 %),329530,29335790000,0,0,88500,90000,88000
2014-11-21,49.57,87000,-3(-3.33 %),587540,51708390000,0,0,90000,90000,86500
2014-11-24,48.72,85500,-1.5(-1.72 %),476660,40988500000,0,0,87000,87000,85500
2014-11-25,49.0,86000,0.5(0.58 %),492170,42532830000,1460319,116825520000,86000,87500,86000
2014-11-26,47.3,83000,-3(-3.49 %),1399350,116487890000,28890,2404804000,86000,86000,80500
2014-11-27,45.87,80500,-2.5(-3.01 %),1253050,100514150000,0,0,81500,83000,79000
2014-11-28,43.02,75500,-5(-6.21 %),2295740,174634770000,0,0,76500,78500,75000
2014-12-01,42.17,74000,-1.5(-1.99 %),1961710,147311470000,30300,2275227000,75000,76500,74000
2014-12-02,43.02,75500,1.5(2.03 %),505830,38099860000,0,0,76000,76500,74500
2014-12-03,43.59,76500,1(1.32 %),714950,54330120000,0,0,76000,76500,75500
2014-12-04,43.31,76000,-0.5(-0.65 %),574730,44006630000,0,0,76500,77500,76000
2014-12-05,42.45,74500,-1.5(-1.97 %),621680,46474830000,700000,53200000000,76000,76000,74000
2014-12-08,39.6,69500,-5(-6.71 %),1295650,91759280000,0,0,74000,74500,69500
2014-12-09,37.04,65000,-4.5(-6.47 %),1795040,117116420000,0,0,66000,66500,65000
2014-12-10,38.46,67500,2.5(3.85 %),1830480,114546970000,700000,45500000000,61500,67500,60500
2014-12-11,37.04,65000,-2.5(-3.70 %),1086010,70501900000,0,0,64500,67000,63000
2014-12-12,35.9,63000,-2(-3.08 %),1160630,73477730000,40000,2520000000,62500,64500,62000
2014-12-15,34.76,61000,-2(-3.17 %),956180,58880130000,0,0,60500,62500,60500
2014-12-16,32.76,57500,-3.5(-5.74 %),1759100,102136660000,243500,14276410000,60000,60500,57000
2014-12-17,31.34,55000,-2.5(-4.35 %),2509570,138786510000,0,0,57500,58500,53500
2014-12-18,33.33,58500,3.5(6.36 %),1047190,60763070000,100000,5802000000,56500,58500,56500
2014-12-19,34.76,61000,2.5(4.27 %),3092270,189315750000,0,0,59500,62500,59500
2014-12-22,37.04,65000,4(6.56 %),1318750,84248990000,20000,1170000000,62500,65000,61500
2014-12-23,36.47,64000,-1(-1.54 %),933820,60709060000,1799160,115399698000,64500,66500,63500
2014-12-24,37.32,65500,1.5(2.34 %),757520,49124210000,0,0,65000,66000,64000
2014-12-25,35.9,63000,-2.5(-3.82 %),540160,34460180000,0,0,64500,65000,63000
2014-12-26,36.18,63500,0.5(0.79 %),532800,33734560000,0,0,63000,65500,61500
2014-12-29,35.33,62000,-1.5(-2.36 %),467850,29179870000,0,0,63500,64000,61500
2014-12-30,36.18,63500,1.5(2.42 %),385900,23605985000,0,0,60500,63500,60000
2014-12-31,36.75,64500,1(1.57 %),311330,19920110000,0,0,63000,64500,62500
2015-01-05,34.76,61000,-3.5(-5.43 %),543540,33663680000,0,0,63500,63500,61000
2015-01-06,33.9,59500,-1.5(-2.46 %),415900,24651170000,0,0,58000,60000,58000
2015-01-07,33.9,59500,0(0.00 %),1151000,67974800000,0,0,58500,60500,58000
2015-01-08,33.9,59500,0(0.00 %),423890,25549590000,22860,1377864000,60500,61500,59500
2015-01-09,35.61,62500,3(5.04 %),1145850,70737850000,0,0,60000,63000,60000
2015-01-12,35.33,62000,-0.5(-0.80 %),902520,55987375000,22860,1418097000,62000,63000,61500
2015-01-13,34.76,61000,-1(-1.61 %),734860,44996555000,0,0,61000,62000,60500
2015-01-14,34.19,60000,-1(-1.64 %),763750,46004140000,0,0,61500,61500,59500
2015-01-15,35.61,62500,2.5(4.17 %),818270,51118570000,20000,1270000000,62000,64000,60500
2015-01-16,35.33,62000,-0.5(-0.80 %),252090,15649915000,0,0,62000,63000,61500
2015-01-19,35.61,62500,0.5(0.81 %),435420,27296635000,0,0,63000,64000,62000
2015-01-20,35.04,61500,-1(-1.60 %),296810,18356610000,0,0,61500,63000,61500
2015-01-21,34.76,61000,-0.5(-0.81 %),221430,13521785000,0,0,61500,62000,61000
2015-01-22,35.04,61500,0.5(0.82 %),432670,26760845000,0,0,61500,62500,61500
2015-01-23,35.33,62000,0.5(0.81 %),395160,24512510000,0,0,62000,62500,61500
2015-01-26,35.04,61500,-0.5(-0.81 %),326840,20121185000,0,0,61500,62500,61000
2015-01-27,34.47,60500,-1(-1.63 %),885950,53961340000,0,0,61500,62000,60000
2015-01-28,34.19,60000,-0.5(-0.83 %),750520,45273610000,20000,1200000000,61000,61500,60000
2015-01-29,33.62,59000,-1(-1.67 %),537570,31847680000,0,0,59500,60500,58500
2015-01-30,32.76,57500,-1.5(-2.54 %),758470,44034445000,0,0,59000,59500,57500
2015-02-02,32.48,57000,-0.5(-0.87 %),251570,14508000000,0,0,58500,58500,57000
2015-02-03,33.33,58500,1.5(2.63 %),539970,31873000000,0,0,58500,60000,58500
2015-02-04,34.19,60000,1.5(2.56 %),1123100,67472000000,0,0,60000,61000,59000
2015-02-05,33.9,59500,-0.5(-0.83 %),379830,22548000000,85430,5083085000,58500,60000,58500
2015-02-06,34.19,60000,0.5(0.84 %),495240,29784000000,330000,19800000000,60500,61000,59500
2015-02-09,34.19,60000,0(0.00 %),664750,39838000000,176240,10574400000,60000,60500,59000
2015-02-10,33.9,59500,-0.5(-0.83 %),426340,25396000000,1000000,59750000000,59500,60000,59500
2015-02-11,33.33,58500,-1(-1.68 %),499810,29372000000,0,0,59000,59500,58000
2015-02-12,33.9,59500,1(1.71 %),430360,25260000000,380000,22420000000,59000,59500,57500
2015-02-13,33.9,59500,0(0.00 %),359930,21479000000,0,0,60000,60000,59000
2015-02-24,33.33,58500,-1(-1.68 %),218060,12897000000,0,0,59500,59500,58500
2015-02-25,32.76,57500,-1(-1.71 %),524980,30434000000,0,0,59000,59000,57000
2015-02-26,33.05,58000,0.5(0.87 %),450220,26077000000,0,0,58500,58500,57500
2015-02-27,33.05,58000,0(0.00 %),285380,16541000000,0,0,58000,58000,57500
2015-03-02,32.76,57500,-0.5(-0.86 %),182510,10536000000,0,0,58500,58500,57500
2015-03-03,33.05,58000,0.5(0.87 %),361370,20937000000,0,0,58500,58500,57500
2015-03-04,33.05,58000,0(0.00 %),258630,15025000000,20000,1160000000,58500,58500,58000
2015-03-05,33.62,59000,1(1.72 %),1170380,69228000000,0,0,58500,60500,58500
2015-03-06,33.33,58500,-0.5(-0.85 %),480200,28453000000,0,0,59000,60000,58500
2015-03-09,33.05,58000,-0.5(-0.85 %),262430,15246000000,0,0,58500,59000,58000
2015-03-10,32.76,57500,-0.5(-0.86 %),396320,22851000000,0,0,58000,58000,57500
2015-03-11,32.48,57000,-0.5(-0.87 %),548920,31211000000,0,0,57500,57500,56500
2015-03-12,31.91,56000,-1(-1.75 %),396860,22386000000,0,0,57000,57000,56000
2015-03-13,31.34,55000,-1(-1.79 %),791320,43750000000,25000,1487500000,56000,56000,55000
2015-03-16,30.2,53000,-2(-3.64 %),1080900,58049000000,0,0,55000,55000,53000
2015-03-17,29.92,52500,-0.5(-0.94 %),637770,33513000000,0,0,53000,53000,52000
2015-03-18,28.78,50500,-2(-3.81 %),1601350,81059000000,0,0,52500,52500,49800
2015-03-19,28.78,50500,0(0.00 %),501370,25471000000,0,0,52500,52500,50000
2015-03-20,28.49,50000,-0.5(-0.99 %),2185770,109289000000,60000,3000000000,51000,51000,49700
2015-03-23,27.92,49000,-1(-2.00 %),950660,47871000000,0,0,50000,51000,49000
2015-03-24,26.84,47100,-1.9(-3.88 %),1118440,53035000000,77000,3650570000,48500,48500,46800
2015-03-25,25.07,44000,-3.1(-6.58 %),2683790,120711000000,0,0,47000,47000,44000
2015-03-26,25.93,45500,1.5(3.41 %),1568530,70948000000,59000,2655000000,44000,46100,44000
2015-03-27,25.81,45300,-0.2(-0.44 %),949020,43850000000,288000,13326000000,46200,47200,45300
2015-03-30,25.24,44300,-1(-2.21 %),1300390,58085000000,0,0,45000,45200,44100
2015-03-31,25.53,44800,0.5(1.13 %),902110,40548000000,0,0,45000,45400,44300
2015-04-01,24.39,42800,-2(-4.46 %),1662680,72153000000,0,0,44300,44800,42500
2015-04-02,25.02,43900,1.1(2.57 %),1600210,69506000000,0,0,43500,44300,42600
2015-04-03,25.64,45000,1.1(2.51 %),975210,43788000000,0,0,44200,45400,44000
2015-04-06,25.64,45000,0(0.00 %),727910,33021000000,0,0,45000,45900,45000
2015-04-07,26.21,46000,1(2.22 %),1403800,63696000000,0,0,45400,46000,44600
2015-04-08,25.98,45600,-0.4(-0.87 %),1195760,55363000000,75010,3436460000,46300,46800,45600
2015-04-09,26.15,45900,0.3(0.66 %),594890,27260000000,0,0,45500,46200,45100
2015-04-10,25.87,45400,-0.5(-1.09 %),659010,30158000000,0,0,45800,46200,45400
2015-04-13,26.33,46200,0.8(1.76 %),610420,28054000000,0,0,45400,46400,45400
2015-04-14,26.84,47100,0.9(1.95 %),1374150,64382000000,0,0,46400,47400,46100
2015-04-15,28.49,50000,2.9(6.16 %),1430420,70339000000,0,0,47500,50000,47500
2015-04-16,30.49,53500,3.5(7.00 %),2112660,112774000000,20000,1070000000,53000,53500,53000
2015-04-17,30.2,53000,-0.5(-0.93 %),3521750,193297000000,0,0,54000,56500,53000
2015-04-20,30.77,54000,1(1.89 %),1300940,69812000000,0,0,53000,55000,52500
2015-04-21,31.06,54500,0.5(0.93 %),1427090,78590000000,100000,5507000000,54000,56000,54000
2015-04-22,31.63,55500,1(1.83 %),1498530,82622000000,0,0,54500,56000,54500
2015-04-23,31.91,56000,0.5(0.90 %),1221470,67729000000,0,0,56000,56500,54500
2015-04-24,32.48,57000,1(1.79 %),1020450,57734000000,0,0,56500,57500,55500
2015-04-27,31.06,54500,-2.5(-4.39 %),736780,41214000000,0,0,57000,57000,54500
2015-05-04,30.49,53500,-1(-1.83 %),952510,51490000000,0,0,56000,56000,52000
2015-05-05,31.34,55000,1.5(2.80 %),807380,43111000000,0,0,53000,55500,51500
2015-05-06,32.2,56500,1.5(2.73 %),1125610,63820000000,0,0,56000,58000,55500
2015-05-07,31.91,56000,-0.5(-0.88 %),372740,20869000000,0,0,56000,57000,55000
2015-05-08,31.34,55000,-1(-1.79 %),580800,31768000000,0,0,55000,55500,54000
2015-05-11,30.49,53500,-1.5(-2.73 %),527710,28447000000,0,0,55000,55000,53000
2015-05-12,30.49,53500,0(0.00 %),906410,48900000000,0,0,54000,55000,53000
2015-05-13,29.92,52500,-1(-1.87 %),615070,32750000000,0,0,54500,55000,52500
2015-05-14,29.92,52500,0(0.00 %),682810,35906000000,0,0,52500,53500,52000
2015-05-15,28.78,50500,-2(-3.81 %),431450,22213000000,0,0,52500,52500,50500
2015-05-18,27.92,49000,-1.5(-2.97 %),765350,37991000000,0,0,50500,50500,49000
2015-05-19,28.09,49300,0.3(0.61 %),487730,23997000000,0,0,49000,49800,48700
2015-05-20,28.78,50500,1.2(2.43 %),441840,22048000000,0,0,49300,51500,48900
2015-05-21,30.2,53000,2.5(4.95 %),800720,41817000000,0,0,51500,54000,51000
2015-05-22,30.77,54000,1(1.89 %),748720,40227000000,0,0,53500,54500,53000
2015-05-25,30.49,53500,-0.5(-0.93 %),457330,24398000000,0,0,54000,54000,52500
2015-05-26,30.49,53500,0(0.00 %),646550,34479000000,0,0,53000,54000,53000
2015-05-27,29.92,52500,-1(-1.87 %),448340,23567000000,0,0,53000,53000,52000
2015-05-28,29.92,52500,0(0.00 %),367630,19385000000,0,0,52500,53500,52000
2015-05-29,29.35,51500,-1(-1.90 %),791520,40855000000,56000,2879630000,52500,52500,51000
2015-06-01,29.35,51500,0(0.00 %),610780,31837000000,50000,2606000000,52500,53000,51500
2015-06-02,29.35,51500,0(0.00 %),652870,33927000000,25710,1335892000,52000,52500,51500
2015-06-03,29.63,52000,0.5(0.97 %),732040,38466000000,216040,11350742000,52500,53000,52000
2015-06-04,29.63,52000,0(0.00 %),447390,23388000000,0,0,52500,52500,51500
2015-06-05,29.63,52000,0(0.00 %),938280,48695000000,0,0,51000,53000,51000
2015-06-08,30.2,53000,1(1.92 %),1129920,59958000000,0,0,52500,54000,52000
2015-06-09,30.2,53000,0(0.00 %),552500,29078000000,0,0,53000,53500,51500
2015-06-10,30.49,53500,0.5(0.94 %),979880,52127000000,0,0,53500,54000,52000
2015-06-11,31.34,55000,1.5(2.80 %),1654660,91003000000,100000,5500000000,54500,55500,54500
2015-06-12,31.34,55000,0(0.00 %),529200,29110000000,0,0,55500,55500,54000
2015-06-15,30.77,54000,-1(-1.82 %),496710,26954000000,0,0,55000,55000,53500
2015-06-16,30.2,53000,-1(-1.85 %),722810,38547000000,0,0,53500,54000,53000
2015-06-17,29.92,52500,-0.5(-0.94 %),578450,30454000000,25740,1354954000,53000,53500,52000
2015-06-18,29.92,52500,0(0.00 %),472660,24992000000,0,0,52500,53500,52500
2015-06-19,30.2,53000,0.5(0.95 %),1272360,67410000000,0,0,53000,53500,52500
2015-06-22,31.06,54500,1.5(2.83 %),697070,37283000000,0,0,52500,54500,52500
2015-06-23,30.77,54000,-0.5(-0.92 %),328790,17792000000,114610,6201547000,54500,54500,53500
2015-06-24,30.2,53000,-1(-1.85 %),305440,16347000000,0,0,54500,54500,53000
2015-06-25,29.92,52500,-0.5(-0.94 %),385880,20304000000,0,0,53000,53500,52500
2015-06-26,29.63,52000,-0.5(-0.95 %),652350,34135000000,0,0,52000,53000,52000
2015-06-29,30.49,53500,1.5(2.88 %),1084650,57039000000,0,0,52000,54000,51500
2015-06-30,29.92,52500,-1(-1.87 %),467890,24721000000,0,0,53000,53500,52500
2015-07-01,30.2,53000,0.5(0.95 %),298040,15711000000,0,0,52500,53500,52000
2015-07-02,30.77,54000,1(1.89 %),758180,40450000000,0,0,53000,54000,52500
2015-07-03,31.06,54500,0.5(0.93 %),785700,42480000000,0,0,54500,54500,53500
2015-07-06,33.05,58000,3.5(6.42 %),2544920,145357000000,0,0,55000,58000,55000
2015-07-07,32.48,57000,-1(-1.72 %),1168920,67662000000,0,0,58000,59000,57000
2015-07-08,31.34,55000,-2(-3.51 %),1228530,68330000000,31080,1728359000,56500,57000,55000
2015-07-09,31.34,55000,0(0.00 %),945840,51357000000,137830,7540918000,54500,55500,53500
2015-07-10,31.63,55500,0.5(0.91 %),637470,35404000000,0,0,55500,56500,54500
2015-07-13,33.33,58500,3(5.41 %),1662730,94780000000,0,0,55500,58500,55000
2015-07-14,31.63,55500,-3(-5.13 %),828280,46775000000,0,0,58000,58000,55500
2015-07-15,31.52,51600,-0.1(-0.21 %),917660,43633000000,0,0,51600,51600,51600
2015-07-16,30.84,45800,-1(-2.14 %),518270,23823000000,35730,1642151000,46600,46700,45600
2015-07-17,30.31,45000,-0.8(-1.75 %),589950,26717000000,0,0,46000,46200,44900
2015-07-20,29.5,43800,-1.2(-2.67 %),722010,31687000000,0,0,44300,44500,43300
2015-07-21,29.57,43900,0.1(0.23 %),348130,15325000000,0,0,43500,44400,43500
2015-07-22,29.7,44100,0.2(0.46 %),294940,12951000000,20000,878200000,43800,44100,43700
2015-07-23,30.31,45000,0.9(2.04 %),491900,21904000000,0,0,44100,45300,44000
2015-07-24,30.71,45600,0.6(1.33 %),533090,24314000000,0,0,45000,46000,45000
2015-07-27,30.64,45500,-0.1(-0.22 %),642110,29212000000,28610,1301468900,45600,45800,45300
2015-07-28,29.83,44300,-1.2(-2.64 %),730070,32459000000,0,0,45100,45100,44200
2015-07-29,29.7,44100,-0.2(-0.45 %),727150,32163000000,0,0,44000,44500,44000
2015-07-30,29.83,44300,0.2(0.45 %),318690,14094000000,25060,1108300000,44600,44600,44100
2015-07-31,29.57,43900,-0.4(-0.90 %),398830,17589000000,0,0,44300,44600,43900
2015-08-03,29.03,43100,-0.8(-1.82 %),698860,30111000000,0,0,43500,43500,42700
2015-08-04,28.89,42900,-0.2(-0.46 %),423980,18123000000,0,0,42600,43100,42500
2015-08-05,29.16,43300,0.4(0.93 %),245970,10587000000,0,0,43300,43300,42600
2015-08-06,29.16,43300,0(0.00 %),247200,10685000000,0,0,43000,43300,43000
2015-08-07,28.89,42900,-0.4(-0.92 %),311220,13361000000,269330,11562880000,43100,43200,42800
2015-08-10,28.82,42800,-0.1(-0.23 %),321470,13744000000,300000,12826500000,42700,42900,42600
2015-08-11,28.76,42700,-0.1(-0.23 %),881330,37723000000,200000,8560400000,43000,43100,42600
2015-08-12,28.02,41600,-1.1(-2.58 %),789130,33241000000,0,0,42700,42700,41600
2015-08-13,27.01,40100,-1.5(-3.61 %),766480,31041000000,206660,8356562800,41600,41600,40000
2015-08-14,26.53,39400,-0.7(-1.75 %),597750,23708000000,36060,1430139600,40000,40400,39200
2015-08-17,25.66,38100,-1.3(-3.30 %),950400,35974000000,113100,4280835000,39400,39600,37000
2015-08-18,25.66,38100,0(0.00 %),416850,15765000000,104230,3940936300,37600,38100,37500
2015-08-19,24.78,36800,-1.3(-3.41 %),1251210,46217000000,0,0,37800,37800,36300
2015-08-20,23.1,34300,-2.5(-6.79 %),2058590,71723000000,0,0,36400,36500,34300
2015-08-21,22.29,33100,-1.2(-3.50 %),1354530,44058000000,104210,3388909200,34000,34100,32000
2015-08-24,20.74,30800,-2.3(-6.95 %),1047380,32835000000,60050,1882567500,32500,32500,30800
2015-08-25,21.21,31500,0.7(2.27 %),1669010,51735000000,0,0,29900,31800,29900
2015-08-26,22.7,33700,2.2(6.98 %),1117430,36773000000,0,0,31500,33700,31500
2015-08-27,23.84,35400,1.7(5.04 %),1535450,54080000000,0,0,34500,35900,34300
2015-08-28,25.46,37800,2.4(6.78 %),2118560,78570000000,54625,1802625000,37100,37800,36200
2015-08-31,24.45,36300,-1.5(-3.97 %),1276040,47405000000,0,0,38000,38400,35700
2015-09-01,24.04,35700,-0.6(-1.65 %),1232940,44916000000,535470,19507172100,37200,37500,35700
2015-09-03,23.44,34800,-0.9(-2.52 %),1039860,36170000000,475000,16520500000,35000,35800,34300
2015-09-04,23.57,35000,0.2(0.57 %),712930,25168000000,0,0,35000,35600,34900
2015-09-07,23.23,34500,-0.5(-1.43 %),486440,16859000000,0,0,34800,35000,34400
2015-09-08,23.23,34500,0(0.00 %),600840,20703000000,0,0,34200,34900,34000
2015-09-09,23.57,35000,0.5(1.45 %),664320,23519000000,0,0,35300,35900,35000
2015-09-10,23.37,34700,-0.3(-0.86 %),352330,12216000000,0,0,34600,34900,34500
2015-09-11,23.5,34900,0.2(0.58 %),571930,20118000000,0,0,35000,35500,34700
2015-09-14,23.1,34300,-0.6(-1.72 %),512030,17612000000,0,0,34600,34800,34200
2015-09-15,23.17,34400,0.1(0.29 %),363130,12557000000,72120,2493188400,34000,35000,34000
2015-09-16,23.37,34700,0.3(0.87 %),401290,13981000000,0,0,35000,35100,34500
2015-09-17,23.98,35600,0.9(2.59 %),1481180,52891000000,25000,892500000,35500,36200,35300
2015-09-18,24.18,35900,0.3(0.84 %),1434910,51470000000,0,0,36000,36500,35400
2015-09-21,24.18,35900,0(0.00 %),637790,22757000000,0,0,35900,36000,35200
2015-09-22,23.98,35600,-0.3(-0.84 %),1083020,38872000000,0,0,36100,36300,35500
2015-09-23,24.24,36000,0.4(1.12 %),605940,21608000000,0,0,35400,36100,35300
2015-09-24,23.84,35400,-0.6(-1.67 %),725370,25777000000,0,0,35900,35900,35300
2015-09-25,23.64,35100,-0.3(-0.85 %),1014230,35602000000,0,0,35300,35600,34900
2015-09-28,23.17,34400,-0.7(-1.99 %),731550,25356000000,0,0,35100,35200,34400
2015-09-29,23.03,34200,-0.2(-0.58 %),735680,25108000000,0,0,34200,34400,33700
2015-09-30,23.03,34200,0(0.00 %),439560,15140000000,0,0,34500,34600,34200
2015-10-01,23.17,34400,0.2(0.58 %),269500,9300000000,0,0,34200,34700,34200
2015-10-02,22.97,34100,-0.3(-0.87 %),457090,15622000000,200000,6834000000,34400,34400,34000
2015-10-05,23.5,34900,0.8(2.35 %),708880,24633000000,382945,13303509300,34100,35300,34100
2015-10-06,24.24,36000,1.1(3.15 %),1466580,52564000000,0,0,35500,36300,35400
2015-10-07,25.19,37400,1.4(3.89 %),2687700,100766000000,0,0,37000,38300,37000
2015-10-08,25.12,37300,-0.1(-0.27 %),1204820,44916000000,0,0,37400,37500,36900
2015-10-09,25.52,37900,0.6(1.61 %),1638040,62380000000,176000,6634480000,38200,38500,37900
2015-10-12,25.86,38400,0.5(1.32 %),1173820,44842000000,106330,4003806000,37900,38600,37600
2015-10-13,25.26,37500,-0.9(-2.34 %),1469960,55303000000,90000,3378600000,37700,37900,37400
2015-10-14,25.19,37400,-0.1(-0.27 %),1361740,50810000000,0,0,37400,38000,36900
2015-10-15,25.12,37300,-0.1(-0.27 %),404070,15072000000,0,0,37200,37500,37100
2015-10-16,24.99,37100,-0.2(-0.54 %),656930,24555000000,96500,3526105000,37100,37800,37100
2015-10-19,24.99,37100,0(0.00 %),483850,17978000000,0,0,37000,37500,37000
2015-10-20,24.58,36500,-0.6(-1.62 %),948120,34745000000,0,0,37000,37000,36400
2015-10-21,24.58,36500,0(0.00 %),784930,28755000000,0,0,36300,36900,36200
2015-10-22,24.58,36500,0(0.00 %),352560,12911000000,0,0,36400,36800,36400
2015-10-23,24.85,36900,0.4(1.10 %),725750,26808000000,0,0,36500,37200,36500
2015-10-26,24.58,36500,-0.4(-1.08 %),500490,18288000000,40380,1475485200,36800,36800,36400
2015-10-27,24.24,36000,-0.5(-1.37 %),562020,20290000000,0,0,36100,36400,36000
2015-10-28,24.04,35700,-0.3(-0.83 %),632640,22745000000,0,0,36100,36200,35600
2015-10-29,24.24,36000,0.3(0.84 %),842570,30474000000,0,0,36500,36700,35900
2015-10-30,24.78,36800,0.8(2.22 %),874700,31754000000,0,0,36300,36800,35800
2015-11-02,24.38,36200,-0.6(-1.63 %),332370,12097000000,0,0,36800,36800,36200
2015-11-03,24.31,36100,-0.1(-0.28 %),329970,11923000000,0,0,36200,36400,35900
2015-11-04,24.45,36300,0.2(0.55 %),673690,24581000000,0,0,36800,36800,36200
2015-11-05,24.31,36100,-0.2(-0.55 %),478690,17275000000,0,0,36000,36300,36000
2015-11-06,24.04,35700,-0.4(-1.11 %),508830,18232000000,0,0,35900,36300,35600
2015-11-09,23.71,35200,-0.5(-1.40 %),429060,15193000000,0,0,35600,35700,35200
2015-11-10,23.37,34700,-0.5(-1.42 %),485780,16924000000,0,0,35000,35200,34700
2015-11-11,23.1,34300,-0.4(-1.15 %),465120,16024000000,0,0,34600,34600,34200
2015-11-12,22.76,33800,-0.5(-1.46 %),1276260,43270000000,0,0,34200,34300,33600
2015-11-13,22.36,33200,-0.6(-1.78 %),1040200,34425000000,0,0,33200,33300,32800
2015-11-16,21.89,32500,-0.7(-2.11 %),673700,21970000000,0,0,33000,33000,32500
2015-11-17,22.43,33300,0.8(2.46 %),378240,12624000000,0,0,33000,33800,33000
2015-11-18,22.22,33000,-0.3(-0.90 %),158580,5240000000,0,0,33100,33200,32900
2015-11-19,22.56,33500,0.5(1.52 %),497580,16603000000,0,0,33300,33700,33000
2015-11-20,22.56,33500,0(0.00 %),166110,5552000000,0,0,33200,33600,33200
2015-11-23,22.22,33000,-0.5(-1.49 %),366300,12122000000,0,0,33300,33300,33000
2015-11-24,22.16,32900,-0.1(-0.30 %),474520,15694000000,200000,6600000000,33400,33400,32900
2015-11-25,22.16,32900,0(0.00 %),720650,23748000000,0,0,33100,33400,32800
2015-11-26,21.82,32400,-0.5(-1.52 %),490150,16040000000,0,0,33000,33000,32400
2015-11-27,21.69,32200,-0.2(-0.62 %),439250,14200000000,0,0,32400,32700,32200
2015-11-30,21.08,31300,-0.9(-2.80 %),826390,26091000000,0,0,32200,32200,31300
2015-12-01,20.61,30600,-0.7(-2.24 %),381510,11897000000,0,0,31200,31600,30600
2015-12-02,20.68,30700,0.1(0.33 %),346150,10662000000,0,0,30700,31000,30600
2015-12-03,20.34,30200,-0.5(-1.63 %),498170,15106000000,0,0,30600,30600,30200
2015-12-04,20.81,30900,0.7(2.32 %),469730,14354000000,0,0,30200,30900,30200
2015-12-07,20.2,30000,-0.9(-2.91 %),942820,28496000000,65000,1964300000,30600,30600,30000
2015-12-08,20.2,30000,0(0.00 %),1494270,43785000000,0,0,29500,30000,28900
2015-12-09,19.53,29000,-1(-3.33 %),1320680,38589000000,0,0,30000,30100,29000
2015-12-10,19.19,28500,-0.5(-1.72 %),805190,23030000000,0,0,29000,29000,28400
2015-12-11,19.26,28600,0.1(0.35 %),477980,13612000000,0,0,28300,29000,28200
2015-12-14,18.66,27700,-0.9(-3.15 %),1020630,28490000000,0,0,27700,28300,27700
2015-12-15,19.26,28600,0.9(3.25 %),821980,23469000000,0,0,28300,28800,28200
2015-12-16,19.26,28600,0(0.00 %),1041830,30246000000,0,0,29000,29400,28600
2015-12-17,18.92,28100,-0.5(-1.75 %),669450,18843000000,0,0,28400,28500,28000
2015-12-18,17.64,26200,-1.9(-6.76 %),2787310,73880000000,0,0,27600,28000,26200
2015-12-21,17.85,26500,0.3(1.15 %),1292840,34478000000,0,0,26400,27200,26300
2015-12-22,18.32,27200,0.7(2.64 %),828840,22689000000,0,0,26500,27700,26500
2015-12-23,18.66,27700,0.5(1.84 %),1072390,29587000000,0,0,27200,27800,27200
2015-12-24,18.86,28000,0.3(1.08 %),1042080,29583000000,0,0,28300,28900,27900
2015-12-25,18.45,27400,-0.6(-2.14 %),435910,12090000000,0,0,28200,28400,27400
2015-12-28,17.91,26600,-0.8(-2.92 %),598180,16150000000,0,0,27400,27600,26600
2015-12-29,18.12,26900,0.3(1.13 %),361050,9643000000,0,0,26300,27200,26200
2015-12-30,18.12,26900,0(0.00 %),498080,13365000000,0,0,26900,27200,26700
2015-12-31,17.85,26500,-0.4(-1.49 %),412390,10937000000,0,0,26500,26800,26400
2016-01-04,17.71,26300,-0.2(-0.75 %),245890,6526000000,90000,2391600000,26300,26900,26300
2016-01-05,16.84,25000,-1.3(-4.94 %),1277970,32386000000,40000,1013600000,25800,26000,24900
2016-01-06,16.63,24700,-0.3(-1.20 %),960710,23656000000,33000,812460000,25000,25000,24400
2016-01-07,15.49,23000,-1.7(-6.88 %),1838510,42895000000,30000,699900000,24000,24100,23000
2016-01-08,15.42,22900,-0.1(-0.43 %),1244930,28758000000,86300,1988530000,23000,23700,22600
2016-01-11,15.36,22800,-0.1(-0.44 %),1054150,24166000000,174200,3992664000,22600,23200,22600
2016-01-12,15.15,22500,-0.3(-1.32 %),1331570,30089000000,0,0,22500,22900,22300
2016-01-13,15.56,23100,0.6(2.67 %),2503730,58174000000,0,0,22600,24000,22600
2016-01-14,15.15,22500,-0.6(-2.60 %),1295050,29347000000,0,0,22900,23100,22400
2016-01-15,14.95,22200,-0.3(-1.33 %),1191020,26865000000,0,0,22700,22800,22200
2016-01-18,14.01,20800,-1.4(-6.31 %),2846030,59857000000,0,0,21500,21500,20800
2016-01-19,13.81,20500,-0.3(-1.44 %),1324600,27292000000,0,0,21000,21300,20200
2016-01-20,13.07,19400,-1.1(-5.37 %),1762530,34258000000,0,0,20000,20300,19100
2016-01-21,12.32,18300,-1.1(-5.67 %),1475460,27890000000,0,0,18300,19500,18300
2016-01-22,13.13,19500,1.2(6.56 %),1521910,29153000000,125000,2400750000,19000,19500,18600
2016-01-25,14.01,20800,1.3(6.67 %),332330,6912000000,0,0,20800,20800,20800
2016-01-26,14.28,21200,0.4(1.92 %),2514230,52743000000,0,0,20400,21800,20300
2016-01-27,14.48,21500,0.3(1.42 %),1886810,41347000000,0,0,21900,22300,21500
2016-01-28,14.48,21500,0(0.00 %),1572800,34266000000,0,0,21900,22000,21400
2016-01-29,15.49,23000,1.5(6.98 %),1953150,44065000000,0,0,22500,23000,22000
2016-02-01,15.56,23100,0.1(0.43 %),1922980,45405000000,0,0,23700,24000,23000
2016-02-02,14.88,22100,-1(-4.33 %),1409330,30967000000,0,0,22300,22500,21500
2016-02-03,14.82,22000,-0.1(-0.45 %),964110,20478000000,0,0,21000,22000,20900
2016-02-04,15.15,22500,0.5(2.27 %),898770,20363000000,0,0,23000,23000,22200
2016-02-05,15.02,22300,-0.2(-0.89 %),402100,8979000000,0,0,22000,22500,22000
2016-02-15,14.68,21800,-0.5(-2.24 %),795260,17259000000,0,0,21700,22000,21400
2016-02-16,15.36,22800,1(4.59 %),1710090,38306000000,0,0,22100,22900,22000
2016-02-17,15.02,22300,-0.5(-2.19 %),1274560,28554000000,0,0,22600,22600,22100
2016-02-18,15.83,23500,1.2(5.38 %),3498170,81356000000,0,0,23000,23800,22800
2016-02-19,16.7,24800,1.3(5.53 %),3588140,88058000000,0,0,23200,25100,23000
2016-02-22,17.11,25400,0.6(2.42 %),1658850,42060000000,0,0,24700,25600,24700
2016-02-23,16.63,24700,-0.7(-2.76 %),2942400,74947000000,0,0,26000,26000,24700
2016-02-24,16.3,24200,-0.5(-2.02 %),2431920,58697000000,0,0,24000,24700,23800
2016-02-25,16.03,23800,-0.4(-1.65 %),1669220,40494000000,0,0,24500,24700,23700
2016-02-26,16.57,24600,0.8(3.36 %),1588380,38716000000,50000,1270000000,24400,24700,23900
2016-02-29,16.84,25000,0.4(1.63 %),1862240,46594000000,0,0,24600,25200,24600
2016-03-01,17.24,25600,0.6(2.40 %),2711390,69043000000,0,0,25000,25900,25000
2016-03-02,17.17,25500,-0.1(-0.39 %),1919780,48887000000,0,0,25600,25800,25200
2016-03-03,17.24,25600,0.1(0.39 %),1309590,33491000000,0,0,25600,26000,25100
2016-03-04,17.04,25300,-0.3(-1.17 %),1754950,44721000000,0,0,25300,25900,25200
2016-03-07,18.12,26900,1.6(6.32 %),3655490,97769000000,0,0,26900,27000,26000
2016-03-08,17.78,26400,-0.5(-1.86 %),5009750,135953000000,0,0,27400,27900,26200
2016-03-09,17.58,26100,-0.3(-1.14 %),1888380,49316000000,0,0,26000,26400,25800
2016-03-10,18.12,26900,0.8(3.07 %),2123080,57207000000,0,0,26900,27200,26800
2016-03-11,17.85,26500,-0.4(-1.49 %),1578840,42145000000,0,0,26800,27000,26300
2016-03-14,18.05,26800,0.3(1.13 %),1361750,36517000000,190000,4693000000,26700,27000,26500
2016-03-15,17.17,25500,-1.3(-4.85 %),2523190,65576000000,0,0,26200,26600,25500
2016-03-16,17.11,25400,-0.1(-0.39 %),1214820,31005000000,0,0,25500,26100,25100
2016-03-17,17.78,26400,1(3.94 %),1859920,49304000000,0,0,26400,26800,26300
2016-03-18,17.91,26600,0.2(0.76 %),3167990,84395000000,0,0,26900,26900,26500
2016-03-21,17.58,26100,-0.5(-1.88 %),1167740,30536000000,0,0,26300,26400,25900
2016-03-22,17.71,26300,0.2(0.77 %),1301050,34157000000,0,0,26200,26700,26000
2016-03-23,17.58,26100,-0.2(-0.76 %),826170,21684000000,0,0,26300,26500,26100
2016-03-24,17.04,25300,-0.8(-3.07 %),1881510,47928000000,0,0,25700,25900,25100
2016-03-25,16.7,24800,-0.5(-1.98 %),1589770,39374000000,0,0,24900,25300,24400
2016-03-28,17.11,25400,0.6(2.42 %),720130,18109000000,0,0,24800,25400,24700
2016-03-29,16.43,24400,-1(-3.94 %),1013110,25001000000,0,0,25200,25200,24400
2016-03-30,16.5,24500,0.1(0.41 %),960490,23371000000,30180,734279400,24500,24600,24000
2016-03-31,15.96,23700,-0.8(-3.27 %),1476600,35254000000,310000,7068000000,24100,24200,23600
2016-04-01,15.89,23600,-0.1(-0.42 %),620690,14724000000,0,0,24000,24000,23500
2016-04-04,15.09,22400,-1.2(-5.08 %),845570,19129000000,0,0,23000,23100,22200
2016-04-05,15.15,22500,0.1(0.45 %),873480,19164000000,55000,1314500000,21600,22500,21600
2016-04-06,15.49,23000,0.5(2.22 %),1063110,24447000000,0,0,22900,23200,22800
2016-04-07,15.76,23400,0.4(1.74 %),766280,18145000000,0,0,24000,24000,23400
2016-04-08,15.76,23400,0(0.00 %),602740,14040000000,0,0,23200,23600,22800
2016-04-11,16.16,24000,0.6(2.56 %),1928810,46391000000,0,0,24000,24300,23900
2016-04-12,16.43,24400,0.4(1.67 %),1751260,42649000000,450000,10962000000,24300,24700,24100
2016-04-13,16.57,24600,0.2(0.82 %),1202790,29924000000,0,0,24600,25400,24400
2016-04-14,16.16,24000,-0.6(-2.44 %),887130,21572000000,0,0,24300,24600,24000
2016-04-15,16.16,24000,0(0.00 %),750240,18103000000,0,0,24200,24500,24000
2016-04-19,15.29,22700,-1.3(-5.42 %),2109010,48450000000,0,0,23000,23700,22600
2016-04-20,15.22,22600,-0.1(-0.44 %),708430,16195000000,0,0,23000,23200,22600
2016-04-21,16.1,23900,1.3(5.75 %),1581360,37293000000,0,0,23200,24100,23200
2016-04-22,16.7,24800,0.9(3.77 %),2970500,73004000000,0,0,23700,25100,23700
2016-04-25,16.43,24400,-0.4(-1.61 %),982960,24075000000,0,0,24800,24900,24300
2016-04-26,16.43,24400,0(0.00 %),1155320,27883000000,30800,751520000,24100,24400,24000
2016-04-27,16.63,24700,0.3(1.23 %),1322330,33056000000,0,0,25000,25400,24600
2016-04-28,16.57,24600,-0.1(-0.40 %),1152420,28696000000,0,0,25200,25200,24600
2016-04-29,16.43,24400,-0.2(-0.81 %),1320390,32534000000,0,0,24800,24900,24400
2016-05-04,16.3,24200,-0.2(-0.82 %),1201010,28485000000,0,0,23400,24200,23300
2016-05-05,16.37,24300,0.1(0.41 %),1008490,24638000000,0,0,24200,24900,24000
2016-05-06,16.37,24300,0(0.00 %),701580,16970000000,0,0,24300,24500,23900
2016-05-09,16.23,24100,-0.2(-0.82 %),1034540,25187000000,0,0,24500,24800,24100
2016-05-10,16.1,23900,-0.2(-0.83 %),975900,23238000000,0,0,23900,24100,23600
2016-05-11,16.1,23900,0(0.00 %),349250,8369000000,0,0,24000,24200,23900
2016-05-12,16.63,24700,0.8(3.35 %),1644060,40345000000,0,0,24300,24700,24300
2016-05-13,17.31,25700,1(4.05 %),3250750,82639000000,0,0,24700,26000,24600
2016-05-16,18.18,27000,1.3(5.06 %),2724500,72169000000,90000,2404800000,26100,27000,26000
2016-05-17,19.4,28800,1.8(6.67 %),4085250,116344000000,0,0,28000,28800,28000
2016-05-18,20.0,29700,0.9(3.12 %),5145750,153910000000,201480,6034240000,29800,30500,29200
2016-05-19,19.4,28800,-0.9(-3.03 %),3133280,91023000000,0,0,29000,29600,28500
2016-05-20,19.73,29300,0.5(1.74 %),2032580,59689000000,0,0,29700,29900,28900
2016-05-23,18.99,28200,-1.1(-3.75 %),1813100,52005000000,0,0,29100,29200,28200
2016-05-24,19.46,28900,0.7(2.48 %),2388320,68077000000,0,0,28300,28900,28100
2016-05-25,19.8,29400,0.5(1.73 %),2047530,60929000000,0,0,29900,30300,29400
2016-05-26,20.07,29800,0.4(1.36 %),2482590,73719000000,0,0,29600,30000,29300
2016-05-27,19.67,29200,-0.6(-2.01 %),1474020,43335000000,0,0,29400,29800,29200
2016-05-30,20.0,29700,0.5(1.71 %),1306880,38662000000,0,0,29500,29900,29200
2016-05-31,21.28,31600,1.9(6.40 %),3372940,104727000000,0,0,30200,31700,29700
2016-06-01,21.28,31600,0(0.00 %),1703930,53944000000,0,0,31200,32200,31200
2016-06-02,21.55,32000,0.4(1.27 %),1117970,35442000000,0,0,31600,32000,31400
2016-06-03,21.89,32500,0.5(1.56 %),2012630,66070000000,0,0,32700,33400,32500
2016-06-06,21.55,32000,-0.5(-1.54 %),1568690,50245000000,0,0,32000,32700,31600
2016-06-07,22.16,32900,0.9(2.81 %),1057110,34469000000,0,0,32800,32900,32200
2016-06-08,22.7,33700,0.8(2.43 %),1874310,64036000000,0,0,34000,34600,33700
2016-06-09,23.37,34700,1(2.97 %),1901110,65831000000,0,0,34500,34900,34300
2016-06-10,22.9,34000,-0.7(-2.02 %),2576320,87707000000,0,0,34200,34400,33700
2016-06-13,21.55,32000,-2(-5.88 %),2796620,89940000000,0,0,32000,33000,31800
2016-06-14,21.75,32300,0.3(0.94 %),1599860,50947000000,0,0,31800,32900,31200
2016-06-15,21.75,32300,0(0.00 %),1451340,46063000000,0,0,31700,32300,31400
2016-06-16,20.94,31100,-1.2(-3.72 %),1297860,41081000000,0,0,32000,32100,31100
2016-06-17,20.2,30000,-1.1(-3.54 %),3373330,101960000000,0,0,30500,30900,30000
2016-06-20,21.62,32100,2.1(7.00 %),1789960,56753000000,34540,1094918000,31400,32100,31200
2016-06-21,21.55,32000,-0.1(-0.31 %),2119700,68978000000,0,0,32600,32900,32000
2016-06-22,21.82,32400,0.4(1.25 %),1595610,51932000000,0,0,32100,33000,32100
2016-06-23,21.55,32000,-0.4(-1.23 %),1365530,43672000000,0,0,32300,32500,31800
2016-06-24,20.41,30300,-1.7(-5.31 %),6279690,189798000000,0,0,31600,31800,29800
2016-06-27,20.88,31000,0.7(2.31 %),2028360,60918000000,0,0,29500,31200,29100
2016-06-28,20.74,30800,-0.2(-0.65 %),944250,29149000000,0,0,30500,31100,30400
2016-06-29,21.08,31300,0.5(1.62 %),1524180,47713000000,0,0,31500,31600,31100
2016-06-30,20.88,31000,-0.3(-0.96 %),1419080,45009000000,0,0,32000,32400,31000
2016-07-01,21.01,31200,0.2(0.65 %),1495330,46807000000,0,0,30800,32000,30700
2016-07-04,21.21,31500,0.3(0.96 %),1522170,48138000000,0,0,31300,32200,31300
2016-07-05,20.88,31000,-0.5(-1.59 %),2204040,68538000000,0,0,31200,31400,30900
2016-07-06,20.47,30400,-0.6(-1.94 %),1535570,46527000000,0,0,30000,30600,29900
2016-07-07,20.74,30800,0.4(1.32 %),1168430,35940000000,0,0,30800,31100,30600
2016-07-08,20.27,30100,-0.7(-2.27 %),2298560,69026000000,0,0,30100,30300,29800
2016-07-11,19.4,28800,-1.3(-4.32 %),1866220,54719000000,0,0,29700,30000,28800
2016-07-12,19.87,29500,0.7(2.43 %),1754900,51310000000,0,0,28800,29500,28800
2016-07-13,20.34,30200,0.7(2.37 %),2241010,67927000000,0,0,30700,30700,30000
2016-07-14,19.87,29500,-0.7(-2.32 %),1258330,37445000000,0,0,29800,30000,29500
2016-07-15,19.53,29000,-0.5(-1.69 %),945310,27572000000,0,0,29400,29600,28900
2016-07-18,19.6,29100,0.1(0.34 %),883010,25699000000,55200,1711200000,28900,29400,28900
2016-07-19,19.13,28400,-0.7(-2.41 %),1812640,51837000000,0,0,28900,28900,28100
2016-07-20,18.45,27400,-1(-3.52 %),1514060,42098000000,0,0,28200,28400,27400
2016-07-21,18.66,27700,0.3(1.09 %),620420,17237000000,0,0,27500,28200,27400
2016-07-22,18.18,27000,-0.7(-2.53 %),1220170,32895000000,0,0,27300,27500,26700
2016-07-25,17.71,26300,-0.7(-2.59 %),809360,21498000000,0,0,26800,27000,26300
2016-07-26,17.31,25700,-0.6(-2.28 %),1343880,34246000000,0,0,25600,25900,25200
2016-07-27,17.58,26100,0.4(1.56 %),1026100,26603000000,0,0,26100,26300,25400
2016-07-28,17.31,25700,-0.4(-1.53 %),1055070,27192000000,0,0,25900,26100,25600
2016-07-29,17.24,25600,-0.1(-0.39 %),536440,13724000000,0,0,25400,25800,25100
2016-08-01,17.71,26300,0.7(2.73 %),1047780,27517000000,0,0,25900,26500,25900
2016-08-02,17.04,25300,-1(-3.80 %),1255630,32023000000,100000,2566000000,25800,25800,25300
2016-08-03,16.57,24600,-0.7(-2.77 %),585190,14521000000,0,0,25000,25200,24600
2016-08-04,16.97,25200,0.6(2.44 %),941770,24028000000,0,0,25600,25800,25100
2016-08-05,16.77,24900,-0.3(-1.19 %),707480,17804000000,0,0,25300,25500,24600
2016-08-08,17.04,25300,0.4(1.61 %),510220,12822000000,0,0,25000,25300,24800
2016-08-09,17.64,26200,0.9(3.56 %),1179700,30832000000,0,0,25900,26300,25800
2016-08-10,18.12,26900,0.7(2.67 %),1526530,40431000000,0,0,26000,26900,26000
2016-08-11,18.32,27200,0.3(1.12 %),1645290,44066000000,0,0,26500,27400,26400
2016-08-12,18.79,27900,0.7(2.57 %),1779990,50127000000,0,0,28200,28800,27700
2016-08-15,19.4,28800,0.9(3.23 %),1562310,44915000000,0,0,28800,28900,28500
2016-08-16,18.92,28100,-0.7(-2.43 %),2387510,67349000000,0,0,29000,29000,27500
2016-08-17,18.92,28100,0(0.00 %),1524630,43029000000,0,0,28300,28600,28100
2016-08-18,18.79,27900,-0.2(-0.71 %),1559020,43508000000,200000,5570000000,28100,28500,27600
2016-08-19,18.86,28000,0.1(0.36 %),2308520,65508000000,0,0,28700,28900,28000
2016-08-22,18.25,27100,-0.9(-3.21 %),1126020,31185000000,0,0,28000,28200,27100
2016-08-23,17.71,26300,-0.8(-2.95 %),2207830,58086000000,0,0,26100,26600,26100
2016-08-24,17.51,26000,-0.3(-1.14 %),1531410,40178000000,0,0,26200,26800,25800
2016-08-25,17.64,26200,0.2(0.77 %),2464620,64817000000,0,0,25800,26800,25600
2016-08-26,17.71,26300,0.1(0.38 %),1278960,33800000000,0,0,26400,26700,26300
2016-08-29,17.11,25400,-0.9(-3.42 %),2274810,58844000000,0,0,26300,26300,25400
2016-08-30,17.17,25500,0.1(0.39 %),1352260,34547000000,0,0,25600,25900,25100
2016-08-31,17.04,25300,-0.2(-0.78 %),1178700,29843000000,0,0,25300,25600,25000
2016-09-01,17.31,25700,0.4(1.58 %),1825100,46831000000,0,0,25100,26000,25100
2016-09-05,17.58,26100,0.4(1.56 %),2655480,68948000000,0,0,25800,26200,25700
2016-09-06,18.25,27100,1(3.83 %),2780960,74511000000,0,0,26500,27200,26400
2016-09-07,17.98,26700,-0.4(-1.48 %),2108300,56423000000,0,0,27000,27100,26400
2016-09-08,17.98,26700,0(0.00 %),1760660,47115000000,0,0,26900,27100,26500
2016-09-09,18.05,26800,0.1(0.37 %),2473210,67004000000,0,0,27000,27400,26800
2016-09-12,17.38,25800,-1(-3.73 %),1790570,46491000000,0,0,26200,26400,25600
2016-09-13,17.21,25550,-0.25(-0.97 %),2063440,53037000000,0,0,25750,25900,25550
2016-09-14,17.11,25400,-0.15(-0.59 %),965970,24555000000,0,0,25450,25700,25300
2016-09-15,16.97,25200,-0.2(-0.79 %),987950,24932000000,0,0,25350,25500,25100
2016-09-16,16.97,25200,0(0.00 %),3387160,85367000000,0,0,25200,25500,25000
2016-09-19,17.24,25600,0.4(1.59 %),519750,13310000000,0,0,25500,25850,25400
2016-09-20,17.07,25350,-0.25(-0.98 %),772070,19576000000,0,0,25300,25600,25250
2016-09-21,17.51,26000,0.65(2.56 %),1460170,37723000000,0,0,25350,26150,25350
2016-09-22,17.44,25900,-0.1(-0.38 %),1676080,44058000000,0,0,26600,26600,25900
2016-09-23,17.24,25600,-0.3(-1.16 %),1147900,29679000000,0,0,26000,26200,25600
2016-09-26,16.84,25000,-0.6(-2.34 %),2261570,56920000000,0,0,25600,25600,24950
2016-09-27,17.31,25700,0.7(2.80 %),1071330,27326000000,0,0,25300,25700,25200
2016-09-28,17.11,25400,-0.3(-1.17 %),1213670,30812000000,0,0,25700,25700,25250
2016-09-29,18.28,27150,1.75(6.89 %),6039460,163889000000,25630,695854500,27150,27150,26900
2016-09-30,17.91,26600,-0.55(-2.03 %),3442970,92745000000,0,0,27200,27300,26550
2016-10-03,17.98,26700,0.1(0.38 %),1244700,33211000000,0,0,26700,27000,26600
2016-10-04,17.58,26100,-0.6(-2.25 %),1964650,52171000000,0,0,27000,27000,26100
2016-10-05,17.64,26200,0.1(0.38 %),1315200,34634000000,0,0,26600,26700,26100
2016-10-06,18.32,27200,1(3.82 %),3649930,98033000000,0,0,26400,27300,26400
2016-10-07,18.89,28050,0.85(3.12 %),3788430,105362000000,0,0,27600,28200,27500
2016-10-10,18.32,27200,-0.85(-3.03 %),1760120,48187000000,0,0,27400,27700,27100
2016-10-11,18.92,28100,0.9(3.31 %),2781990,77667000000,0,0,28000,28300,27550
2016-10-12,18.79,27900,-0.2(-0.71 %),929480,25868000000,20000,601000000,27800,28150,27600
2016-10-13,18.52,27500,-0.4(-1.43 %),1396530,38243000000,0,0,27400,27550,27200
2016-10-14,18.45,27400,-0.1(-0.36 %),1585390,43655000000,0,0,27600,28000,27300
2016-10-17,18.05,26800,-0.6(-2.19 %),1589330,42792000000,25630,697136000,27200,27300,26700
2016-10-18,18.15,26950,0.15(0.56 %),919520,24698000000,0,0,26950,27150,26700
2016-10-19,18.12,26900,-0.05(-0.19 %),581830,15730000000,0,0,27400,27400,26850
2016-10-20,18.02,26750,-0.15(-0.56 %),1186170,31988000000,0,0,27200,27350,26700
2016-10-21,17.78,26400,-0.35(-1.31 %),1232130,32587000000,0,0,26550,26650,26300
2016-10-24,17.51,26000,-0.4(-1.52 %),790880,20741000000,0,0,26300,26400,26000
2016-10-25,17.58,26100,0.1(0.38 %),933560,24301000000,0,0,26100,26300,25800
2016-10-26,17.38,25800,-0.3(-1.15 %),722410,18655000000,0,0,26000,26000,25700
2016-10-27,17.38,25800,0(0.00 %),549490,14197000000,0,0,25800,26000,25700
2016-10-28,17.44,25900,0.1(0.39 %),651860,16936000000,0,0,25800,26100,25800
2016-10-31,16.33,24250,-1.65(-6.37 %),3427480,85011000000,0,0,24250,25650,24100
2016-11-01,16.23,24100,-0.15(-0.62 %),1296110,30782000000,0,0,23250,24100,23250
2016-11-02,16.03,23800,-0.3(-1.24 %),825160,19580000000,0,0,23700,23950,23250
2016-11-03,16.37,24300,0.5(2.10 %),1120080,26355000000,0,0,23500,24300,23100
2016-11-04,15.86,23550,-0.75(-3.09 %),646720,15390000000,0,0,24000,24000,23550
2016-11-07,16.03,23800,0.25(1.06 %),967980,23011000000,0,0,23550,24100,23550
2016-11-08,16.63,22450,0.81(3.74 %),1317100,29582000000,0,0,22600,22700,22350
2016-11-09,16.26,21950,-0.5(-2.23 %),1616710,35221000000,0,0,22500,22500,21100
2016-11-10,16.37,22100,0.15(0.68 %),1605090,35777000000,0,0,22400,22650,22100
2016-11-11,16.11,21750,-0.35(-1.58 %),1336690,29157000000,300000,6543000000,21900,22000,21700
2016-11-14,15.93,21500,-0.25(-1.15 %),1085180,23299000000,110240,2366852800,21500,21600,21400
2016-11-15,16.0,21600,0.1(0.47 %),476710,10344000000,0,0,21500,21850,21500
2016-11-16,16.52,22300,0.7(3.24 %),1208840,26812000000,0,0,22000,22350,21900
2016-11-17,16.08,21700,-0.6(-2.69 %),688910,15048000000,0,0,22200,22200,21700
2016-11-18,15.93,21500,-0.2(-0.92 %),1102300,23685000000,0,0,21600,21700,21350
2016-11-21,16.37,22100,0.6(2.79 %),1325060,29274000000,0,0,21800,22300,21700
2016-11-22,16.93,22850,0.75(3.39 %),1534930,35218000000,0,0,23000,23200,22800
2016-11-23,16.85,22750,-0.1(-0.44 %),923060,20992000000,0,0,22850,22850,22650
2016-11-24,17.19,23200,0.45(1.98 %),1554840,35973000000,0,0,22700,23500,22700
2016-11-25,16.89,22800,-0.4(-1.72 %),763440,17417000000,0,0,23100,23100,22700
2016-11-28,16.22,21900,-0.9(-3.95 %),1104860,24373000000,0,0,22300,22300,21850
2016-11-29,16.22,21900,0(0.00 %),766910,16872000000,0,0,22200,22350,21850
2016-11-30,16.22,21900,0(0.00 %),766540,16647000000,55200,1126080000,21750,22000,21600
2016-12-01,17.34,23400,1.5(6.85 %),3815810,89264000000,400000,9360000000,23400,23400,23200
2016-12-02,17.19,23200,-0.2(-0.85 %),1554200,36593000000,0,0,24000,24000,23200
2016-12-05,16.52,22300,-0.9(-3.88 %),1417870,32311000000,152990,3485112200,23300,23400,22300
2016-12-06,16.19,21850,-0.45(-2.02 %),1736080,38504000000,0,0,22500,22700,21600
2016-12-07,16.0,21600,-0.25(-1.14 %),1032480,22418000000,0,0,21600,21950,21600
2016-12-08,16.0,21600,0(0.00 %),695220,14989000000,0,0,21700,21700,21450
2016-12-09,16.08,21700,0.1(0.46 %),603220,13126000000,0,0,22000,22150,21550
2016-12-12,16.45,22200,0.5(2.30 %),1351440,30124000000,0,0,22300,22700,22000
2016-12-13,16.0,21600,-0.6(-2.70 %),1155150,25212000000,0,0,22300,22300,21550
2016-12-14,15.96,21550,-0.05(-0.23 %),922220,19791000000,0,0,21600,21600,21200
2016-12-15,15.78,21300,-0.25(-1.16 %),790110,16828000000,0,0,21250,21600,21100
2016-12-16,15.89,21450,0.15(0.70 %),1499910,32135000000,0,0,21300,21700,21250
2016-12-19,15.93,21500,0.05(0.23 %),1392750,30269000000,0,0,22000,22000,21500
2016-12-20,15.93,21500,0(0.00 %),1520000,32738000000,0,0,21600,21850,21400
2016-12-21,16.19,21850,0.35(1.63 %),918240,19992000000,0,0,21750,21900,21600
2016-12-22,15.89,21450,-0.4(-1.83 %),773120,16699000000,0,0,21800,21800,21450
2016-12-23,15.82,21350,-0.1(-0.47 %),597250,12759000000,0,0,21500,21500,21250
2016-12-26,15.71,21200,-0.15(-0.70 %),533970,11379000000,0,0,21400,21450,21200
2016-12-27,15.26,20600,-0.6(-2.83 %),1569700,32669000000,0,0,21000,21200,20400
2016-12-28,14.89,20100,-0.5(-2.43 %),1134820,23122000000,0,0,20650,20950,20100
2016-12-29,14.96,20200,0.1(0.50 %),906450,18254000000,0,0,20250,20500,19900
2016-12-30,15.33,20700,0.5(2.48 %),861360,17575000000,0,0,20300,20700,20000
2017-01-03,15.41,20800,0.1(0.48 %),1392330,28994000000,0,0,20800,20900,20600
2017-01-04,15.85,21400,0.6(2.88 %),2102840,44970000000,0,0,20750,21900,20550
2017-01-05,15.82,21350,-0.05(-0.23 %),1103800,23582000000,0,0,21400,21600,21200
2017-01-06,15.78,21300,-0.05(-0.23 %),1125130,24024000000,0,0,21400,21550,21150
2017-01-09,15.93,21500,0.2(0.94 %),1225570,26332000000,34800,747504000,21400,21600,21300
2017-01-10,15.71,21200,-0.3(-1.40 %),746040,15825000000,23200,492072000,21300,21300,21100
2017-01-11,15.78,21300,0.1(0.47 %),1138310,23962000000,59000,1241950000,21000,21300,20950
2017-01-12,16.0,21600,0.3(1.41 %),1935660,41929000000,0,0,21500,21800,21500
2017-01-13,15.78,21300,-0.3(-1.39 %),1053640,22843000000,350000,7588000000,21700,21900,21300
2017-01-16,15.56,21000,-0.3(-1.41 %),864490,18273000000,160000,3408000000,21150,21350,21000
2017-01-17,15.45,20850,-0.15(-0.71 %),1002880,21004000000,140000,2940000000,21000,21150,20850
2017-01-18,15.11,20400,-0.45(-2.16 %),1541410,31801000000,0,0,20950,21000,20400
2017-01-19,14.89,20100,-0.3(-1.47 %),1428140,28898000000,27000,550800000,20300,20450,20100
2017-01-20,14.96,20200,0.1(0.50 %),542640,11017000000,0,0,20100,20500,20100
2017-01-23,14.85,20050,-0.15(-0.74 %),1140920,23152000000,0,0,20500,20550,20050
2017-01-24,15.37,20750,0.7(3.49 %),1449920,29734000000,0,0,20200,21000,20100
2017-01-25,15.56,21000,0.25(1.20 %),1117440,23305000000,315565,6124404500,20800,21000,20700
2017-02-02,15.48,20900,-0.1(-0.48 %),724890,15157000000,20000,404000000,21100,21100,20700
2017-02-03,15.52,20950,0.05(0.24 %),1518460,31912000000,33000,726000000,21000,21200,20850
2017-02-06,15.85,21400,0.45(2.15 %),2502720,53104000000,20000,448000000,20800,21850,20700
2017-02-07,15.85,21400,0(0.00 %),1520560,32618000000,0,0,21400,21650,21300
2017-02-08,15.71,21200,-0.2(-0.93 %),1481280,31455000000,0,0,21200,21500,21100
2017-02-09,15.52,20950,-0.25(-1.18 %),1636100,34596000000,0,0,21200,21400,20950
2017-02-10,15.78,21300,0.35(1.67 %),1619620,34465000000,0,0,21100,21450,21100
2017-02-13,16.82,22700,1.4(6.57 %),4247160,93586000000,0,0,21700,22700,21600
2017-02-14,16.89,22800,0.1(0.44 %),3598590,81988000000,0,0,22450,23350,22300
2017-02-15,16.63,22450,-0.35(-1.54 %),1942230,43899000000,0,0,22700,22900,22400
2017-02-16,16.3,22000,-0.45(-2.00 %),3392530,76065000000,0,0,22500,22750,21950
2017-02-17,16.45,22200,0.2(0.91 %),2787350,61638000000,0,0,22000,22300,21800
2017-02-20,17.08,23050,0.85(3.83 %),2864890,65067000000,0,0,22200,23100,22200
2017-02-21,17.04,23000,-0.05(-0.22 %),3082120,71716000000,0,0,23100,23600,23000
2017-02-22,17.26,23300,0.3(1.30 %),3181200,74356000000,70000,1631000000,23500,23700,23200
2017-02-23,16.93,22850,-0.45(-1.93 %),2856340,65676000000,0,0,23150,23300,22700
2017-02-24,17.08,23050,0.2(0.88 %),2160310,49705000000,0,0,23000,23300,22750
2017-02-27,16.78,22650,-0.4(-1.74 %),2720940,61637000000,0,0,22650,22900,22450
2017-02-28,16.45,22200,-0.45(-1.99 %),1305560,29399000000,0,0,22650,22850,22200
2017-03-01,16.45,22200,0(0.00 %),1999230,44493000000,0,0,22200,22550,22050
2017-03-02,16.3,22000,-0.2(-0.90 %),1792760,39597000000,500000,11030000000,22200,22400,22000
2017-03-03,15.93,21500,-0.5(-2.27 %),3087940,66485000000,0,0,21950,21950,21300
2017-03-06,15.78,21300,-0.2(-0.93 %),1897500,40688000000,0,0,21600,21800,21300
2017-03-07,16.11,21750,0.45(2.11 %),1376980,29555000000,357220,7650541200,21300,21750,21200
2017-03-08,16.04,21650,-0.1(-0.46 %),1002340,21730000000,72160,1563707200,21600,21850,21450
2017-03-09,15.67,21150,-0.5(-2.31 %),2405460,51009000000,0,0,21250,21400,21000
2017-03-10,15.67,21150,0(0.00 %),1747910,36706000000,0,0,21150,21150,20850
2017-03-13,15.41,20800,-0.35(-1.65 %),1352040,28171000000,0,0,20800,20900,20750
2017-03-14,15.48,20900,0.1(0.48 %),1058720,22222000000,0,0,20700,21150,20700
2017-03-15,15.3,20650,-0.25(-1.20 %),1591740,33000000000,0,0,21000,21000,20550
2017-03-16,15.59,21050,0.4(1.94 %),1025660,21493000000,0,0,20950,21100,20800
2017-03-17,15.41,20800,-0.25(-1.19 %),2453550,51248000000,0,0,20900,21150,20800
2017-03-20,15.41,20800,0(0.00 %),1230520,25676000000,0,0,20700,21050,20700
2017-03-21,15.3,20650,-0.15(-0.72 %),1391230,28877000000,0,0,20900,20900,20650
2017-03-22,15.04,20300,-0.35(-1.69 %),2610490,53456000000,0,0,20650,20700,20300
2017-03-23,15.11,20400,0.1(0.49 %),1081090,22092000000,0,0,20300,20600,20300
2017-03-24,15.19,20500,0.1(0.49 %),2775590,56379000000,0,0,20500,20650,20100
2017-03-27,14.93,20150,-0.35(-1.71 %),1780530,36096000000,0,0,20500,20500,20150
2017-03-28,15.04,20300,0.15(0.74 %),2766280,55657000000,0,0,20200,20300,19950
2017-03-29,15.08,20350,0.05(0.25 %),1543020,31576000000,100000,2046000000,20550,20700,20300
2017-03-30,15.11,20400,0.05(0.25 %),1302630,26702000000,0,0,20700,20700,20400
2017-03-31,14.85,20050,-0.35(-1.72 %),3517090,70964000000,81370,1631468500,20500,20550,20000
2017-04-03,14.59,19700,-0.35(-1.75 %),3391930,67167000000,0,0,20200,20250,19650
2017-04-04,14.59,19700,0(0.00 %),2275080,44431000000,0,0,19700,20050,19250
2017-04-05,14.56,19650,-0.05(-0.25 %),1698080,33676000000,40000,788000000,19900,20050,19600
2017-04-07,14.85,20050,0.4(2.04 %),2714170,54090000000,0,0,20000,20150,19750
2017-04-10,14.71,19850,-0.2(-1.00 %),1827760,36359000000,357450,7106106000,20000,20050,19750
2017-04-11,14.85,20050,0.2(1.01 %),2105750,42457000000,0,0,20150,20500,19950
2017-04-12,15.0,20250,0.2(1.00 %),2742770,55508000000,0,0,20200,20450,19950
2017-04-13,14.82,20000,-0.25(-1.23 %),1301100,26076000000,0,0,20100,20250,19950
2017-04-14,14.56,19650,-0.35(-1.75 %),1874620,36773000000,0,0,19900,20000,19400
2017-04-17,14.22,19200,-0.45(-2.29 %),1481180,28800000000,0,0,19650,19800,19200
2017-04-18,14.26,19250,0.05(0.26 %),1250390,23901000000,0,0,19200,19400,18900
2017-04-19,14.04,18950,-0.3(-1.56 %),1105420,20944000000,0,0,19250,19250,18800
2017-04-20,13.78,18600,-0.35(-1.85 %),1471350,27355000000,0,0,18800,18800,18500
2017-04-21,13.78,18600,0(0.00 %),1029800,19181000000,0,0,18550,18900,18450
2017-04-24,13.93,18800,0.2(1.08 %),2449160,45057000000,0,0,18500,18850,18200
2017-04-25,13.7,18500,-0.3(-1.60 %),619700,11480000000,0,0,18500,18750,18400
2017-04-26,13.78,18600,0.1(0.54 %),1084130,20113000000,0,0,18500,18800,18350
2017-04-27,13.74,18550,-0.05(-0.27 %),2081120,39112000000,0,0,18800,19100,18550
2017-04-28,13.11,17700,-0.85(-4.58 %),4924960,88140000000,0,0,18000,18300,17300
2017-05-03,12.22,16500,-1.2(-6.78 %),6147280,102905000000,35000,609000000,17400,17500,16500
2017-05-04,11.41,15400,-1.1(-6.67 %),8337300,130166000000,65470,1053264500,15900,16300,15350
2017-05-05,12.19,16450,1.05(6.82 %),3072660,49018000000,0,0,15350,16450,15000
2017-05-08,12.08,16300,-0.15(-0.91 %),3030410,50831000000,100000,1540000000,17000,17250,16200
2017-05-09,11.96,16150,-0.15(-0.92 %),1915690,30899000000,0,0,16000,16350,15800
2017-05-10,12.08,16300,0.15(0.93 %),1960440,31787000000,0,0,16200,16450,16100
2017-05-11,11.85,16000,-0.3(-1.84 %),2976090,48120000000,100000,1520000000,16500,16650,15600
2017-05-12,11.85,16000,0(0.00 %),1445770,23151000000,0,0,16100,16200,15850
2017-05-15,11.85,16000,0(0.00 %),1356970,21632000000,0,0,16100,16100,15800
2017-05-16,11.96,16150,0.15(0.94 %),1995380,32517000000,0,0,16200,16500,16150
2017-05-17,11.85,16000,-0.15(-0.93 %),919210,14681000000,0,0,16000,16100,15900
2017-05-18,11.67,15750,-0.25(-1.56 %),1481060,23447000000,0,0,15850,16000,15700
2017-05-19,11.7,15800,0.05(0.32 %),1113920,17697000000,0,0,15900,16000,15800
2017-05-22,12.0,16200,0.4(2.53 %),1784760,28954000000,0,0,16300,16400,16100
2017-05-23,11.78,15900,-0.3(-1.85 %),1500930,24138000000,0,0,16300,16300,15900
2017-05-24,11.89,16050,0.15(0.94 %),1312390,21021000000,0,0,16000,16150,15900
2017-05-25,12.41,16750,0.7(4.36 %),4078800,68319000000,0,0,16350,16900,16300
2017-05-26,12.11,16350,-0.4(-2.39 %),2062420,33640000000,0,0,16300,16450,16200
2017-05-29,12.08,16300,-0.05(-0.31 %),1096180,17788000000,0,0,16300,16400,16150
2017-05-30,11.78,15900,-0.4(-2.45 %),1837000,29427000000,0,0,16250,16250,15900
2017-05-31,11.56,15600,-0.3(-1.89 %),2031930,31985000000,0,0,15850,15900,15600
2017-06-01,11.45,15450,-0.15(-0.96 %),1858720,28817000000,0,0,15600,15800,15350
2017-06-02,11.41,15400,-0.05(-0.32 %),1977770,30389000000,0,0,15450,15600,15200
2017-06-05,11.33,15300,-0.1(-0.65 %),1110730,17061000000,73870,1094243200,15450,15500,15300
2017-06-06,11.22,15150,-0.15(-0.98 %),1520400,23110000000,0,0,15300,15300,15150
2017-06-07,11.26,15200,0.05(0.33 %),1478480,22642000000,0,0,15200,15500,15200
2017-06-08,10.74,14500,-0.7(-4.61 %),3835290,56186000000,0,0,15000,15050,14400
2017-06-09,10.78,14550,0.05(0.34 %),854160,12458000000,0,0,14500,14800,14500
2017-06-12,10.33,13950,-0.6(-4.12 %),2894400,40872000000,0,0,14500,14500,13900
2017-06-13,10.59,14300,0.35(2.51 %),1848520,25984000000,0,0,13900,14350,13800
2017-06-14,10.74,14500,0.2(1.40 %),2170080,31209000000,0,0,14300,14500,14300
2017-06-15,10.59,14300,-0.2(-1.38 %),1824430,26026000000,0,0,14150,14400,14100
2017-06-16,10.56,14250,-0.05(-0.35 %),6360770,90744000000,0,0,14100,14450,14100
2017-06-19,10.63,14350,0.1(0.70 %),1796660,25811000000,0,0,14550,14550,14300
2017-06-20,10.41,14050,-0.3(-2.09 %),1714630,24319000000,0,0,14350,14350,14050
2017-06-21,9.89,13350,-0.7(-4.98 %),3906050,53166000000,0,0,13850,13900,13350
2017-06-22,9.63,13000,-0.35(-2.62 %),3249630,42513000000,0,0,13350,13350,12900
2017-06-23,9.7,13100,0.1(0.77 %),1435510,18959000000,0,0,13100,13550,13050
2017-06-26,10.37,14000,0.9(6.87 %),5612600,78047000000,0,0,13600,14000,13500
2017-06-27,10.15,13700,-0.3(-2.14 %),1988700,27469000000,0,0,14100,14250,13650
2017-06-28,10.41,14050,0.35(2.55 %),1842440,25755000000,0,0,13850,14100,13800
2017-06-29,10.37,14000,-0.05(-0.36 %),2538730,36143000000,0,0,14150,14450,14000
2017-06-30,10.26,13850,-0.15(-1.07 %),1432080,19947000000,0,0,14050,14100,13750
2017-07-03,10.41,14050,0.2(1.44 %),1751410,24763000000,0,0,14000,14350,13950
2017-07-04,10.41,14050,0(0.00 %),1705220,24176000000,0,0,14250,14450,14050
2017-07-05,10.37,14000,-0.05(-0.36 %),1805080,25308000000,0,0,14200,14200,13900
2017-07-06,10.26,13850,-0.15(-1.07 %),3239670,45044000000,0,0,13700,14050,13650
2017-07-07,9.93,13400,-0.45(-3.25 %),3237460,43943000000,0,0,13700,13800,13300
2017-07-10,10.0,13500,0.1(0.75 %),1034290,13850000000,0,0,13300,13500,13300
2017-07-11,10.0,13500,0(0.00 %),1299680,17442000000,411370,5553495000,13450,13550,13300
2017-07-12,10.11,13650,0.15(1.11 %),1896400,25808000000,0,0,13700,13800,13500
2017-07-13,10.04,13550,-0.1(-0.73 %),1051720,14319000000,0,0,13700,13700,13550
2017-07-14,10.0,13500,-0.05(-0.37 %),1475150,19902000000,0,0,13650,13650,13400
2017-07-17,9.78,13200,-0.3(-2.22 %),1501600,19999000000,409630,5407116000,13550,13550,13150
2017-07-18,9.63,13000,-0.2(-1.52 %),1504150,19602000000,408810,5314530000,13150,13150,12950
2017-07-19,9.82,13250,0.25(1.92 %),894190,11766000000,414450,5491462500,13100,13250,13050
2017-07-20,10.0,13500,0.25(1.89 %),2297920,31516000000,0,0,13400,13950,13300
2017-07-21,9.78,13200,-0.3(-2.22 %),1262240,16891000000,0,0,13500,13600,13200
2017-07-24,9.67,13050,-0.15(-1.14 %),930060,12160000000,0,0,13000,13200,13000
2017-07-25,9.7,13100,0.05(0.38 %),883560,11539000000,0,0,13000,13150,13000
2017-07-26,9.78,13200,0.1(0.76 %),1257500,16750000000,0,0,13350,13450,13200
2017-07-27,9.74,13150,-0.05(-0.38 %),1061330,13949000000,0,0,13300,13350,13050
2017-07-28,9.78,13200,0.05(0.38 %),2420740,32655000000,0,0,13200,13800,13200
2017-07-31,9.85,13300,0.1(0.76 %),2669000,35627000000,222550,2959915000,13400,13550,13200
2017-08-01,10.52,14200,0.9(6.77 %),8068990,113479000000,0,0,13350,14200,13350
2017-08-02,10.74,14500,0.3(2.11 %),5393780,78521000000,0,0,14200,14800,14100
2017-08-03,10.89,14700,0.2(1.38 %),3913390,57289000000,0,0,14450,14850,14250
2017-08-04,11.52,15550,0.85(5.78 %),7167000,108443000000,0,0,14550,15600,14500
2017-08-07,11.78,15900,0.35(2.25 %),7971790,125364000000,70000,1017800000,15700,16000,15450
2017-08-08,11.26,15200,-0.7(-4.40 %),3610730,56077000000,0,0,15700,15900,15200
2017-08-09,10.93,14750,-0.45(-2.96 %),4934800,73463000000,20000,284000000,14950,15250,14700
2017-08-10,11.37,15350,0.6(4.07 %),3856410,58122000000,0,0,14700,15350,14650
2017-08-11,11.19,15100,-0.25(-1.63 %),4126600,63029000000,0,0,15300,15600,15000
2017-08-14,11.11,15000,-0.1(-0.66 %),2246230,33639000000,0,0,15100,15300,14700
2017-08-15,11.11,15000,0(0.00 %),3075570,45390000000,0,0,14850,15000,14600
2017-08-16,11.56,15600,0.6(4.00 %),4477470,67910000000,0,0,15000,15600,14800
2017-08-17,11.26,15200,-0.4(-2.56 %),6361230,99408000000,0,0,15750,15950,15200
2017-08-18,11.08,14950,-0.25(-1.64 %),3295780,49908000000,0,0,15200,15350,14950
2017-08-21,10.93,14750,-0.2(-1.34 %),3607550,54081000000,0,0,15050,15350,14750
2017-08-22,10.74,14500,-0.25(-1.69 %),2532520,36981000000,0,0,14750,14850,14450
2017-08-23,10.52,14200,-0.3(-2.07 %),2173320,31151000000,0,0,14500,14700,14150
2017-08-24,10.56,14250,0.05(0.35 %),1741320,24817000000,0,0,14350,14400,14050
2017-08-25,10.82,14600,0.35(2.46 %),2371220,34192000000,0,0,14300,14700,14200
2017-08-28,10.78,14550,-0.05(-0.34 %),1458670,21491000000,0,0,14700,14900,14550
2017-08-29,10.45,14100,-0.45(-3.09 %),4114560,58589000000,0,0,14450,14500,14100
2017-08-30,10.22,13800,-0.3(-2.13 %),4352360,60307000000,0,0,14150,14250,13600
2017-08-31,10.22,13800,0(0.00 %),4675130,63092000000,0,0,13450,13800,13300
2017-09-01,10.0,13500,-0.3(-2.17 %),1857050,25717000000,0,0,14000,14150,13500
2017-09-05,10.07,13600,0.1(0.74 %),2127500,28841000000,0,0,13500,13800,13200
2017-09-06,10.11,13650,0.05(0.37 %),1949370,26799000000,0,0,13700,14000,13600
2017-09-07,10.22,13800,0.15(1.10 %),1904710,26462000000,0,0,13800,14050,13800
2017-09-08,10.07,13600,-0.2(-1.45 %),1675920,22978000000,0,0,13800,13850,13600
2017-09-11,9.93,13400,-0.2(-1.47 %),1553950,20997000000,300000,4050000000,13500,13650,13400
2017-09-12,9.89,13350,-0.05(-0.37 %),2493610,33273000000,0,0,13400,13500,13250
2017-09-13,10.11,13650,0.3(2.25 %),2332310,31301000000,0,0,13400,13700,13300
2017-09-14,10.15,13700,0.05(0.37 %),1801820,24722000000,200000,2750000000,13750,13900,13550
2017-09-15,10.04,13550,-0.15(-1.09 %),1369300,18618000000,0,0,13650,13800,13500
2017-09-18,10.33,13950,0.4(2.95 %),5178860,72349000000,0,0,13700,14200,13700
2017-09-19,10.41,14050,0.1(0.72 %),4648890,65879000000,420003,5938040500,14000,14300,14000
2017-09-20,10.3,13900,-0.15(-1.07 %),1687900,23574000000,0,0,14200,14200,13850
2017-09-21,10.3,13900,0(0.00 %),2106200,29579000000,0,0,14100,14250,13900
2017-09-22,10.15,13700,-0.2(-1.44 %),1845470,25450000000,20000,297000000,14000,14000,13700
2017-09-25,10.26,13850,0.15(1.09 %),1291340,17864000000,0,0,13750,14000,13700
2017-09-26,10.96,14800,0.95(6.86 %),7444130,109295000000,0,0,14250,14800,14250
2017-09-27,10.74,14500,-0.3(-2.03 %),4402240,65132000000,20000,276000000,14850,15150,14500
2017-09-28,10.82,14600,0.1(0.69 %),4144320,60716000000,0,0,14450,14850,14400
2017-09-29,10.48,14150,-0.45(-3.08 %),2051960,29464000000,0,0,14500,14650,14150
2017-10-02,10.56,14250,0.1(0.71 %),2430520,34769000000,0,0,14200,14450,14100
2017-10-03,10.3,13900,-0.35(-2.46 %),2784240,38727000000,0,0,14200,14200,13700
2017-10-04,10.33,13950,0.05(0.36 %),1123930,15625000000,0,0,13800,14000,13750
2017-10-05,10.33,13950,0(0.00 %),1851700,25646000000,0,0,13850,14000,13700
2017-10-06,10.37,14000,0.05(0.36 %),1759020,24808000000,0,0,14100,14250,13950
2017-10-09,10.26,13850,-0.15(-1.07 %),1695100,23391000000,0,0,13800,13900,13750
2017-10-10,10.3,13900,0.05(0.36 %),1349050,18782000000,0,0,13900,14050,13800
2017-10-11,10.56,14250,0.35(2.52 %),2434170,34512000000,0,0,14100,14300,14000
2017-10-12,10.45,14100,-0.15(-1.05 %),1666950,23701000000,0,0,14250,14350,14100
2017-10-13,10.67,14400,0.3(2.13 %),1683950,23938000000,0,0,14050,14400,14000
2017-10-16,10.89,14700,0.3(2.08 %),3386680,49743000000,60000,810000000,14700,14850,14600
2017-10-17,10.82,14600,-0.1(-0.68 %),1663340,24346000000,0,0,14750,14750,14550
2017-10-18,10.96,14800,0.2(1.37 %),3062150,45376000000,0,0,14700,15100,14600
2017-10-19,11.19,15100,0.3(2.03 %),2589790,38776000000,0,0,14900,15250,14700
2017-10-20,11.0,14850,-0.25(-1.66 %),2993080,44912000000,0,0,15150,15150,14800
2017-10-23,10.59,14300,-0.55(-3.70 %),2226900,32403000000,0,0,14300,14900,14200
2017-10-24,10.59,14300,0(0.00 %),1042360,14938000000,0,0,14300,14450,14250
2017-10-25,10.63,14350,0.05(0.35 %),1491820,21637000000,0,0,14650,14700,14300
2017-10-26,10.7,14450,0.1(0.70 %),1749460,25259000000,0,0,14400,14650,14300
2017-10-27,10.96,14800,0.35(2.42 %),1841620,27073000000,0,0,14700,14800,14600
2017-10-30,11.0,14850,0.05(0.34 %),3471400,52414000000,1440000,21799700000,15300,15300,14800
2017-10-31,11.04,14900,0.05(0.34 %),2925450,43775000000,0,0,14850,15150,14750
2017-11-01,11.59,15650,0.75(5.03 %),7452410,115800000000,0,0,15100,15900,15000
2017-11-02,11.41,15400,-0.25(-1.60 %),4388050,67904000000,0,0,15600,15700,15250
2017-11-03,11.85,16000,0.6(3.90 %),4389110,69215000000,0,0,15550,16000,15350
2017-11-06,11.93,16100,0.1(0.62 %),7702940,125835000000,22000,341000000,16450,16650,16100
2017-11-07,12.52,16900,0.8(4.97 %),8715810,146012000000,0,0,16400,17150,16350
2017-11-08,12.45,16800,-0.1(-0.59 %),4033130,68061000000,0,0,16700,17200,16650
2017-11-09,12.45,16800,0(0.00 %),3824550,63658000000,100000,1565000000,16600,16800,16400
2017-11-10,12.67,17100,0.3(1.79 %),4524960,77859000000,0,0,16900,17500,16800
2017-11-13,13.19,17800,0.7(4.09 %),4553140,78864000000,0,0,17100,17900,16900
2017-11-14,12.96,17500,-0.3(-1.69 %),5252720,92531000000,0,0,17850,18100,17300
2017-11-15,12.74,17200,-0.3(-1.71 %),5398860,92322000000,0,0,17200,17300,16800
2017-11-16,13.22,17850,0.65(3.78 %),3480990,61175000000,0,0,17100,17900,17100
2017-11-17,12.89,17400,-0.45(-2.52 %),3740480,66116000000,130810,2303564100,17850,18100,17300
2017-11-20,13.08,17650,0.25(1.44 %),3025320,53144000000,0,0,17700,17900,17250
2017-11-21,12.74,17200,-0.45(-2.55 %),3512150,61387000000,0,0,17500,17700,17150
2017-11-22,13.11,17700,0.5(2.91 %),3886810,68067000000,0,0,17500,17750,17250
2017-11-23,13.48,18200,0.5(2.82 %),6692870,121417000000,0,0,18100,18600,17750
2017-11-24,14.19,19150,0.95(5.22 %),4045720,76015000000,0,0,18200,19150,18150
2017-11-27,14.15,19100,-0.05(-0.26 %),3155580,60926000000,0,0,19300,19550,19100
2017-11-28,13.78,18600,-0.5(-2.62 %),4121990,76796000000,0,0,18800,18900,18350
2017-11-29,14.08,19000,0.4(2.15 %),3100080,57394000000,0,0,18400,19000,18200
2017-11-30,13.89,18750,-0.25(-1.32 %),2296070,43285000000,0,0,19000,19200,18650
2017-12-01,14.0,18900,0.15(0.80 %),2758830,52935000000,0,0,19300,19450,18900
2017-12-04,14.96,20200,1.3(6.88 %),4868760,94993000000,0,0,19400,20200,18900
2017-12-05,14.41,19450,-0.75(-3.71 %),4038160,80283000000,0,0,20000,20150,19450
2017-12-06,14.82,20000,0.55(2.83 %),4884720,95327000000,0,0,19400,20150,19000
2017-12-07,14.3,19300,-0.7(-3.50 %),3620120,70619000000,0,0,19800,19900,19200
2017-12-08,14.41,19450,0.15(0.78 %),2178850,42359000000,0,0,19500,19600,19300
2017-12-11,14.41,19450,0(0.00 %),3442210,66636000000,0,0,19050,19600,18950
2017-12-12,15.37,20750,1.3(6.68 %),5798230,115946000000,80000,1536000000,19900,20750,18900
2017-12-13,15.85,21400,0.65(3.13 %),4014780,85403000000,120000,2538000000,20750,21700,20600
2017-12-14,15.71,21200,-0.2(-0.93 %),2392340,50704000000,0,0,21100,21450,21000
2017-12-15,16.3,22000,0.8(3.77 %),3490430,75722950000,70000,1400000000,21200,22000,21200
2017-12-18,16.37,22100,0.1(0.45 %),3887970,87030000000,53000,1203100000,22300,22800,22050
2017-12-19,17.11,23100,1(4.52 %),3619030,81242000000,0,0,22050,23100,21800
2017-12-20,17.56,23700,0.6(2.60 %),6540450,156534000000,60000,1310000000,23300,24650,23100
2017-12-21,16.89,22800,-0.9(-3.80 %),3832330,89743000000,0,0,23800,24100,22800
2017-12-22,17.08,23050,0.25(1.10 %),2745890,63388000000,0,0,22800,23500,22700
2017-12-25,17.3,23350,0.3(1.30 %),1900420,44486000000,0,0,23200,23750,23100
2017-12-26,17.67,23850,0.5(2.14 %),1743660,41265000000,0,0,23700,23850,23450
2017-12-27,17.78,24000,0.15(0.63 %),2217930,53947000000,0,0,24500,24700,24000
2017-12-28,17.78,24000,0(0.00 %),1780800,42643000000,0,0,24000,24200,23750
2017-12-29,17.3,23350,-0.65(-2.71 %),3602210,84772000000,100000,2235000000,24000,24100,23050
2018-01-02,17.04,23000,-0.35(-1.50 %),4180640,96689920000,0,0,23500,24000,22600
2018-01-03,18.08,24400,1.4(6.09 %),2497750,59187000000,0,0,23150,24400,23150
2018-01-04,18.52,25000,0.6(2.46 %),3405050,85552000000,50000,1144000000,25200,25450,24700
2018-01-05,18.48,24950,-0.05(-0.20 %),2548600,63635000000,0,0,25050,25600,24500
2018-01-08,18.52,25000,0.05(0.20 %),3221890,79748000000,0,0,24600,25200,24350
2018-01-09,19.63,26500,1.5(6.00 %),3595620,93373000000,0,0,25500,26500,25200
2018-01-10,21.0,28350,1.85(6.98 %),5252120,147348000000,0,0,27600,28350,27300
2018-01-11,20.82,28100,-0.25(-0.88 %),3852210,108139000000,0,0,27600,28500,27600
2018-01-12,20.52,27700,-0.4(-1.42 %),4640650,131047040000,120000,3387600000,28900,28900,27350
2018-01-15,20.67,27900,0.2(0.72 %),2321410,64706260000,160000,4128000000,28000,28300,27400
2018-01-16,20.96,28300,0.4(1.43 %),2932920,82341000000,50000,1350000000,27800,28700,27500
2018-01-17,20.0,27000,-1.3(-4.59 %),2804910,78410000000,0,0,28200,28500,27000
2018-01-18,20.15,27200,0.2(0.74 %),3859030,103127000000,0,0,26900,27300,26000
2018-01-19,19.41,26200,-1(-3.68 %),6295170,166985000000,0,0,27200,27200,26200
2018-01-22,20.52,27700,1.5(5.73 %),4177420,113250000000,0,0,26500,27850,26200
2018-01-25,21.93,29600,1.9(6.86 %),8185640,241995000000,691520,18756107200,29600,29600,29200
2018-01-26,21.93,29600,0(0.00 %),3680120,109094000000,160000,4408000000,29900,30450,29100
2018-01-29,22.67,30600,1(3.38 %),3575430,107512000000,0,0,29600,31000,29300
2018-01-30,21.85,29500,-1.1(-3.59 %),4619380,137425000000,0,0,29800,30400,29300
2018-01-31,20.34,27450,-2.05(-6.95 %),9205020,257785000000,0,0,29000,29000,27450
2018-02-01,18.93,25550,-1.9(-6.92 %),7169800,185199000000,0,0,27450,27600,25550
2018-02-02,19.63,26500,0.95(3.72 %),3865260,99426000000,0,0,25550,26850,24300
2018-02-05,18.26,24650,-1.85(-6.98 %),2050790,50578210000,20000,493000000,24700,25200,24650
2018-02-06,17.0,22950,-1.7(-6.90 %),534460,12266000000,0,0,22950,22950,22950
2018-02-07,16.3,22000,-0.95(-4.14 %),5892910,133508720000,0,0,23100,23900,21900
2018-02-08,15.19,20500,-1.5(-6.82 %),3711730,76214000000,150000,3082500000,20500,21000,20500
2018-02-09,14.74,19900,-0.6(-2.93 %),5370130,103026000000,20000,382000000,19100,20000,19100
2018-02-12,15.74,21250,1.35(6.78 %),2035110,40814000000,0,0,20000,21250,19100
2018-02-13,15.93,21500,0.25(1.18 %),2077870,45193000000,0,0,21400,22200,21400
2018-02-21,15.33,20700,-0.8(-3.72 %),3202760,68697000000,40000,860000000,22000,22000,20700
2018-02-22,14.37,19400,-1.3(-6.28 %),5146350,101530000000,0,0,20300,20600,19300
2018-02-23,15.37,20750,1.35(6.96 %),1770730,35958000000,0,0,20100,20750,19900
2018-02-26,15.71,21200,0.45(2.17 %),2415540,52349000000,0,0,21500,22000,21050
2018-02-27,16.3,22000,0.8(3.77 %),2858380,61359000000,0,0,21200,22100,21000
2018-02-28,17.04,23000,1(4.55 %),3186410,71023000000,0,0,21800,23000,21500
2018-03-01,16.3,22000,-1(-4.35 %),2209810,49459000000,0,0,22400,22850,21800
2018-03-02,16.45,22200,0.2(0.91 %),1595730,34567000000,0,0,21500,22200,21200
2018-03-05,16.3,22000,-0.2(-0.90 %),2234750,49637000000,0,0,22750,22750,21900
2018-03-06,16.3,22000,0(0.00 %),1208610,26568000000,0,0,22300,22350,21750
2018-03-07,16.52,22300,0.3(1.36 %),2205570,48894000000,0,0,21900,22650,21850
2018-03-08,16.45,22200,-0.1(-0.45 %),661300,14709000000,250000,5187500000,22300,22400,22100
2018-03-09,15.85,21400,-0.8(-3.60 %),1287660,27804000000,0,0,22000,22000,21350
2018-03-12,15.93,21500,0.1(0.47 %),894840,19294000000,0,0,21500,21950,21350
2018-03-13,15.33,20700,-0.8(-3.72 %),2806980,57330000000,0,0,21500,21500,20000
2018-03-14,15.63,21100,0.4(1.93 %),2059250,42605000000,70000,1351000000,20600,21500,20000
2018-03-15,15.41,20800,-0.3(-1.42 %),690070,14430000000,0,0,20800,21100,20750
2018-03-16,15.41,20800,0(0.00 %),1947860,40709000000,0,0,20800,21350,20600
2018-03-19,15.89,21450,0.65(3.12 %),1662990,35644000000,0,0,21450,21700,21000
2018-03-20,15.56,21000,-0.45(-2.10 %),691690,14683000000,0,0,21200,21500,21000
2018-03-21,16.37,22100,1.1(5.24 %),3103240,68216000000,0,0,21600,22200,21600
2018-03-22,16.78,22650,0.55(2.49 %),2769100,63427000000,0,0,23100,23100,22600
2018-03-23,16.52,22300,-0.35(-1.55 %),1553780,34097000000,0,0,21500,22500,21500
2018-03-26,15.37,20750,-1.55(-6.95 %),2774880,58770000000,0,0,22300,22300,20750
2018-03-27,14.37,19400,-1.35(-6.51 %),3267280,64606000000,0,0,20200,20450,19300
2018-03-28,14.15,19100,-0.3(-1.55 %),1652040,31198000000,0,0,19000,19500,18400
2018-03-29,14.08,19000,-0.1(-0.52 %),920090,17687000000,0,0,19100,19800,18800
2018-03-30,14.15,19100,0.1(0.53 %),607850,11592000000,0,0,19000,19350,18850
2018-04-02,14.08,19000,-0.1(-0.52 %),1384970,26043000000,0,0,19500,19500,18400
2018-04-03,13.74,18550,-0.45(-2.37 %),2102530,38497000000,0,0,18500,18800,18000
2018-04-04,13.41,18100,-0.45(-2.43 %),1413310,25792000000,0,0,18600,18800,18050
2018-04-05,13.7,18500,0.4(2.21 %),1296330,23375000000,0,0,18100,18550,17800
2018-04-06,13.63,18400,-0.1(-0.54 %),590030,10786000000,0,0,18250,18500,18150
2018-04-09,13.56,18300,-0.1(-0.54 %),864260,15703000000,0,0,18050,18350,18050
2018-04-10,13.56,18300,0(0.00 %),852440,15544000000,0,0,18300,18400,18100
2018-04-11,13.82,18650,0.35(1.91 %),1655630,31160000000,0,0,19300,19300,18450
2018-04-12,14.78,19950,1.3(6.97 %),2318320,44988000000,0,0,18800,19950,18650
2018-04-13,14.45,19500,-0.45(-2.26 %),1586070,31835000000,0,0,20000,20450,19450
2018-04-16,14.45,19500,0(0.00 %),984240,19204000000,0,0,20050,20050,19150
2018-04-17,13.89,18750,-0.75(-3.85 %),1054970,20019000000,256390,4653478500,19150,19200,18700
2018-04-18,13.59,18350,-0.4(-2.13 %),721650,13361000000,0,0,18650,18900,18350
2018-04-19,13.56,18300,-0.05(-0.27 %),1073900,19884000000,0,0,18800,19000,18300
2018-04-20,13.52,18250,-0.05(-0.27 %),1234450,22537000000,0,0,18300,18700,18150
2018-04-23,13.33,18000,-0.25(-1.37 %),996380,18222000000,0,0,18000,18650,17800
2018-04-24,13.67,18450,0.45(2.50 %),1044930,19307000000,0,0,18000,18700,18000
2018-04-26,13.04,17600,-0.85(-4.61 %),738070,13330000000,0,0,18750,18750,17600
2018-04-27,12.59,17000,-0.6(-3.41 %),993700,17004000000,22860,424053000,17400,17600,16900
2018-05-02,11.74,15850,-1.15(-6.76 %),3060570,48556000000,220000,3487000000,15850,16100,15850
2018-05-03,10.96,14800,-1.05(-6.62 %),1422260,21050000000,0,0,15400,15400,14750
2018-05-04,10.93,14750,-0.05(-0.34 %),1074330,16064000000,0,0,15000,15300,14650
2018-05-07,11.45,15450,0.7(4.75 %),994100,15082000000,0,0,15000,15450,14850
2018-05-08,11.41,15400,-0.05(-0.32 %),1245890,19500000000,2199686,34248785900,15450,16150,15200
2018-05-09,11.56,15600,0.2(1.30 %),721620,11329000000,0,0,15950,15950,15500
2018-05-10,11.48,15500,-0.1(-0.64 %),1052030,16723000000,0,0,16100,16100,15500
2018-05-11,11.19,15100,-0.4(-2.58 %),582480,8830000000,0,0,15500,15500,15000
2018-05-14,11.45,15450,0.35(2.32 %),421650,6464000000,632000,9688560000,15100,15500,15100
2018-05-15,11.67,15750,0.3(1.94 %),971820,15341000000,0,0,15550,15950,15500
2018-05-16,12.15,16400,0.65(4.13 %),1702510,27791000000,0,0,15800,16600,15700
2018-05-17,12.67,17100,0.7(4.27 %),2271960,38859000000,680000,11780000000,16600,17500,16600
2018-05-18,12.52,16900,-0.2(-1.17 %),1395280,23873000000,0,0,17500,17700,16600
2018-05-21,12.08,16300,-0.6(-3.55 %),847010,14031000000,0,0,17000,17000,16200
2018-05-22,11.37,15350,-0.95(-5.83 %),1437380,22882000000,0,0,16100,16400,15350
2018-05-23,11.37,15350,0(0.00 %),1403540,21350000000,0,0,15300,15750,14700
2018-05-24,11.11,15000,-0.35(-2.28 %),469200,7094000000,0,0,15500,15600,14850
2018-05-25,10.33,13950,-1.05(-7.00 %),1882940,26769000000,0,0,14900,15000,13950
2018-05-28,9.63,13000,-0.95(-6.81 %),1363400,17823000000,0,0,13100,13450,13000
2018-05-29,10.0,13500,0.5(3.85 %),1039890,13699000000,0,0,13300,13900,12500
2018-05-30,10.0,13500,0(0.00 %),706890,9528000000,0,0,13500,13900,13150
2018-05-31,9.96,13450,-0.05(-0.37 %),606280,8240000000,0,0,13600,13800,13400
2018-06-01,9.93,13400,-0.05(-0.37 %),1085370,14429000000,0,0,13450,13650,13100
2018-06-04,10.15,13700,0.3(2.24 %),1331970,18285000000,0,0,13500,13850,13500
2018-06-05,10.85,14650,0.95(6.93 %),1333590,19180000000,0,0,13700,14650,13600
2018-06-06,11.26,15200,0.55(3.75 %),860100,12908000000,0,0,14700,15200,14650
2018-06-07,10.96,14800,-0.4(-2.63 %),1157370,17225000000,380000,6175000000,15200,15300,14600
2018-06-08,10.93,14750,-0.05(-0.34 %),813460,11902000000,0,0,14700,14800,14450
2018-06-11,10.56,14250,-0.5(-3.39 %),566490,8126000000,0,0,14500,14600,14250
2018-06-12,10.19,13750,-0.5(-3.51 %),1100440,15085000000,0,0,14000,14200,13400
2018-06-13,10.67,14400,0.65(4.73 %),431080,6057000000,0,0,13700,14400,13700
2018-06-14,10.33,13950,-0.45(-3.12 %),544270,7688000000,0,0,14400,14400,13900
2018-06-15,10.37,14000,0.05(0.36 %),488770,6825000000,0,0,13850,14100,13800
2018-06-18,9.93,13400,-0.6(-4.29 %),1308680,17697000000,0,0,13800,13800,13300
2018-06-19,9.56,12900,-0.5(-3.73 %),1062500,13888000000,69575,869687500,13500,13500,12750
2018-06-20,9.85,13300,0.4(3.10 %),1155670,15046000000,185955,2231460000,13000,13300,12900
2018-06-21,9.52,12850,-0.45(-3.38 %),672240,8716000000,0,0,13300,13300,12850
2018-06-22,9.78,13200,0.35(2.72 %),668340,8720000000,0,0,12900,13200,12850
2018-06-25,10.22,13800,0.6(4.55 %),811390,11253000000,0,0,14050,14050,13650
2018-06-26,10.0,13500,-0.3(-2.17 %),444960,6041000000,255530,3769067500,13600,13700,13500
2018-06-27,10.11,13650,0.15(1.11 %),1219940,16978000000,0,0,13800,14100,13600
2018-06-28,9.96,13450,-0.2(-1.47 %),545720,7416000000,0,0,13850,13850,13400
2018-06-29,10.11,13650,0.2(1.49 %),624720,8634000000,64680,882882000,13800,14100,13450
2018-07-02,9.82,13250,-0.4(-2.93 %),738610,9861000000,0,0,13650,13650,13100
2018-07-03,9.63,13000,-0.25(-1.89 %),840550,11054000000,510000,6757500000,13250,13550,12800
2018-07-04,9.45,12750,-0.25(-1.92 %),876820,11272000000,717747,8684738700,13200,13500,12650
2018-07-05,9.41,12700,-0.05(-0.39 %),531780,6691000000,0,0,12700,13000,12200
2018-07-06,9.56,12900,0.2(1.57 %),587900,7510000000,0,0,12700,13000,12400
2018-07-09,9.56,12900,0(0.00 %),661790,8692000000,0,0,13100,13400,12900
2018-07-10,9.48,12800,-0.1(-0.78 %),657360,8449000000,0,0,12900,13100,12750
2018-07-11,9.33,12600,-0.2(-1.56 %),342540,4307000000,0,0,12800,12800,12500
2018-07-12,9.11,12300,-0.3(-2.38 %),565910,6986000000,0,0,12300,12550,12200
2018-07-13,9.11,12300,0(0.00 %),742600,9132000000,0,0,12350,12500,12200
2018-07-16,9.11,12300,0(0.00 %),575950,7149000000,0,0,12300,12600,12300
2018-07-17,9.04,12200,-0.1(-0.81 %),675650,8226000000,0,0,12300,12400,11950
2018-07-18,9.67,13050,0.85(6.97 %),2146160,27173000000,0,0,12450,13050,12100
2018-07-19,9.41,12700,-0.35(-2.68 %),705530,9155000000,0,0,13100,13250,12700
2018-07-20,9.37,12650,-0.05(-0.39 %),971920,12339000000,2000000,26000000000,12650,12900,12600
2018-07-23,9.41,12700,0.05(0.40 %),925170,11880000000,0,0,12700,13200,12600
2018-07-24,9.63,13000,0.3(2.36 %),2374100,30667000000,0,0,12700,13150,12600
2018-07-25,10.0,13500,0.5(3.85 %),3890640,52852000000,0,0,13300,13750,13200
2018-07-26,9.63,13000,-0.5(-3.70 %),1036790,13749000000,0,0,13600,13600,12950
2018-07-27,9.59,12950,-0.05(-0.38 %),1431360,18747000000,0,0,13100,13400,12800
2018-07-30,9.67,13050,0.1(0.77 %),1292390,16665000000,0,0,12850,13100,12700
2018-07-31,9.74,13150,0.1(0.77 %),1694510,22288000000,112430,1478454500,12950,13350,12850
2018-08-01,10.33,13950,0.8(6.08 %),6993540,97661000000,0,0,13350,14050,13300
2018-08-02,10.45,14100,0.15(1.08 %),3419090,47816000000,0,0,13700,14500,13600
2018-08-03,11.11,15000,0.9(6.38 %),5756990,86241000000,0,0,15000,15050,14600
2018-08-06,10.96,14800,-0.2(-1.33 %),5022680,75974000000,717747,11519839350,14900,15550,14750
2018-08-07,10.78,14550,-0.25(-1.69 %),3467200,50967000000,0,0,14800,14900,14550
2018-08-08,11.52,15550,1(6.87 %),3262950,49844000000,0,0,14750,15550,14700
2018-08-09,11.48,15500,-0.05(-0.32 %),5609620,88722000000,0,0,15900,16350,15350
2018-08-10,12.11,16350,0.85(5.48 %),3795520,60089000000,0,0,15500,16350,15450
2018-08-13,12.19,16450,0.1(0.61 %),3696180,60590000000,0,0,16350,16600,16050
2018-08-14,12.0,16200,-0.25(-1.52 %),3234100,52337000000,0,0,16300,16350,16000
2018-08-15,11.19,15100,-1.1(-6.79 %),6506050,100513000000,0,0,16400,16450,15100
2018-08-16,10.93,14750,-0.35(-2.32 %),5523480,79573000000,0,0,14550,14900,14050
2018-08-17,10.37,14000,-0.75(-5.08 %),3512120,49930000000,0,0,15100,15100,14000
2018-08-20,10.45,14100,0.1(0.71 %),1733270,24506000000,0,0,13850,14400,13850
2018-08-21,10.82,14600,0.5(3.55 %),1755690,25239000000,0,0,14100,14600,14100
2018-08-22,10.63,14350,-0.25(-1.71 %),2726200,39734000000,0,0,14900,14900,14300
2018-08-23,10.96,14800,0.45(3.14 %),2357700,34389000000,156000,2308800000,14550,14800,14400
2018-08-24,11.52,15550,0.75(5.07 %),5292260,80430000000,0,0,14600,15600,14550
2018-08-27,11.26,15200,-0.35(-2.25 %),5030630,78859000000,0,0,15800,15950,15200
2018-08-28,11.48,15500,0.3(1.97 %),2315140,35674000000,0,0,15300,15550,15250
2018-08-29,11.3,15250,-0.25(-1.61 %),2468520,37790000000,0,0,15400,15550,15150
2018-08-30,11.67,15750,0.5(3.28 %),3535720,55329000000,0,0,15400,16000,15300
2018-08-31,11.45,15450,-0.3(-1.90 %),2626910,41263000000,0,0,15800,16000,15400
2018-09-04,11.19,15100,-0.35(-2.27 %),4038470,61009000000,0,0,15400,15450,14800
2018-09-05,10.67,14400,-0.7(-4.64 %),3061570,44886000000,0,0,14800,15100,14200
2018-09-06,10.7,14450,0.05(0.35 %),2125920,30750000000,0,0,14400,14600,14350
2018-09-07,10.89,14700,0.25(1.73 %),1975390,28822000000,0,0,14450,14850,14450
2018-09-10,10.96,14800,0.1(0.68 %),2158400,32350000000,0,0,14600,15200,14600
2018-09-11,11.26,15200,0.4(2.70 %),2176500,32813000000,175000,2415000000,14700,15300,14700
2018-09-12,11.78,15900,0.7(4.61 %),7662870,122128000000,130000,1846000000,15800,16250,15500
2018-09-13,11.96,16150,0.25(1.57 %),4994360,82178000000,0,0,16100,16700,16000
2018-09-14,12.11,16350,0.2(1.24 %),2937650,48203000000,80000,1216000000,16150,16550,16150
2018-09-17,12.78,17250,0.9(5.50 %),4762430,80603000000,80000,1220000000,16500,17300,16500
2018-09-18,13.0,17550,0.3(1.74 %),4190460,72762000000,0,0,16900,17700,16750
2018-09-19,12.96,17500,-0.05(-0.28 %),5822110,103154000000,50000,880000000,17800,18250,17100
2018-09-20,13.48,18200,0.7(4.00 %),4265390,76145000000,0,0,17800,18200,17500
2018-09-21,13.19,17800,-0.4(-2.20 %),4492080,80953000000,0,0,18200,18450,17500
2018-09-24,14.04,18950,1.15(6.46 %),3374840,62068000000,0,0,18000,18950,17900
2018-09-25,14.74,19900,0.95(5.01 %),4745210,93172000000,70000,1260000000,19900,20100,19150
2018-09-26,14.48,19550,-0.35(-1.76 %),3492440,68787000000,29000,537950000,19600,20000,19450
2018-09-27,15.48,20900,1.35(6.91 %),5824390,118231000000,180000,3294000000,19700,20900,19600
2018-09-28,15.33,20700,-0.2(-0.96 %),3833320,80974000000,175870,3640509000,21200,21500,20600
2018-10-01,16.08,21700,1(4.83 %),3885950,83994000000,50000,965000000,21250,22100,20900
2018-10-02,15.56,21000,-0.7(-3.23 %),7302420,158881000000,0,0,22300,22550,20300
2018-10-03,15.56,21000,0(0.00 %),5188810,108571000000,0,0,20950,21500,20550
2018-10-04,16.22,21900,0.9(4.29 %),4001500,87462000000,50000,1050000000,22000,22200,21650
2018-10-05,15.11,20400,-1.5(-6.85 %),7415290,155629000000,0,0,21200,21650,20400
2018-10-08,14.45,19500,-0.9(-4.41 %),6662480,130209000000,0,0,19550,20100,19100
2018-10-09,15.08,20350,0.85(4.36 %),2563800,51531000000,0,0,19800,20350,19800
2018-10-10,14.45,19500,-0.85(-4.18 %),3728390,73781000000,0,0,20400,20400,19400
2018-10-11,13.45,18150,-1.35(-6.92 %),6512850,118577000000,0,0,18150,18500,18150
2018-10-12,13.52,18250,0.1(0.55 %),5878190,106196000000,0,0,18000,18700,17250
2018-10-15,13.19,17800,-0.45(-2.47 %),3026560,55168000000,119610,2188863000,18300,18500,17800
2018-10-16,13.7,18500,0.7(3.93 %),1784650,32396000000,100000,1800000000,18150,18500,17850
2018-10-17,14.33,19350,0.85(4.59 %),3678530,70423000000,0,0,19350,19550,18900
2018-10-18,14.08,19000,-0.35(-1.81 %),3038060,57961000000,0,0,18950,19350,18900
2018-10-19,13.85,18700,-0.3(-1.58 %),5347510,97274000000,0,0,18500,18700,18000
2018-10-22,13.63,18400,-0.3(-1.60 %),2626090,49410000000,0,0,18700,19100,18400
2018-10-23,13.0,17550,-0.85(-4.62 %),5218550,91287000000,0,0,18350,18400,17150
2018-10-24,12.11,16350,-1.2(-6.84 %),3965740,65689000000,0,0,16800,17250,16350
2018-10-25,12.0,16200,-0.15(-0.92 %),4161470,64858000000,0,0,15300,16350,15250
2018-10-26,11.19,15100,-1.1(-6.79 %),3332060,52268000000,0,0,16500,16500,15100
2018-10-29,11.33,15300,0.2(1.32 %),2563020,39396000000,0,0,15300,15750,15050
2018-10-30,11.56,15600,0.3(1.96 %),3765030,58889000000,0,0,15000,16150,14750
2018-10-31,12.33,16650,1.05(6.73 %),3505260,57500000000,0,0,16200,16650,16050
2018-11-01,11.82,15950,-0.7(-4.20 %),3742380,60905000000,896000,13888000000,16500,16700,15800
2018-11-02,12.08,16300,0.35(2.19 %),3668640,58857000000,0,0,15900,16350,15600
2018-11-05,12.56,16950,0.65(3.99 %),4330210,71640000000,0,0,16000,17150,16000
2018-11-06,12.33,16650,-0.3(-1.77 %),3483980,59470000000,100000,1810000000,17100,17450,16650
2018-11-07,12.3,16600,-0.05(-0.30 %),2984800,49370000000,0,0,16500,16800,16300
2018-11-08,12.19,16450,-0.15(-0.90 %),2057830,34435000000,150000,2317500000,16850,17050,16450
2018-11-09,11.63,15700,-0.75(-4.56 %),3611060,57373000000,100000,1760000000,16100,16200,15600
2018-11-12,12.08,16300,0.6(3.82 %),3308890,52679000000,0,0,15700,16300,15450
2018-11-13,11.78,15900,-0.4(-2.45 %),2248410,35618000000,0,0,15650,16100,15600
2018-11-14,11.33,15300,-0.6(-3.77 %),3070490,47058000000,0,0,15400,15600,15100
2018-11-15,11.59,15650,0.35(2.29 %),2031260,31585000000,0,0,15500,15700,15300
2018-11-16,11.96,16150,0.5(3.19 %),2296790,37095000000,0,0,16100,16400,15950
2018-11-19,12.19,16450,0.3(1.86 %),3044540,50138000000,0,0,16500,16600,16300
2018-11-20,12.22,16500,0.05(0.30 %),2492790,40810000000,0,0,16300,16700,16100
2018-11-21,12.04,16250,-0.25(-1.52 %),1205810,19377000000,0,0,16000,16250,15850
2018-11-22,11.63,15700,-0.55(-3.38 %),1493160,24122000000,0,0,16500,16600,15700
2018-11-23,11.48,15500,-0.2(-1.27 %),2574430,40170000000,0,0,15800,15900,15450
2018-11-26,11.33,15300,-0.2(-1.29 %),1501680,23033000000,0,0,15200,15450,15200
2018-11-27,11.45,15450,0.15(0.98 %),2151830,33259000000,0,0,15500,15700,15300
2018-11-28,11.7,15800,0.35(2.27 %),1697890,26516000000,0,0,15350,15800,15350
2018-11-29,11.41,15400,-0.4(-2.53 %),1432010,22323000000,59000,915680000,15800,15800,15400
2018-11-30,11.74,15850,0.45(2.92 %),1526670,23944000000,973277,13966524950,15550,15850,15400
2018-12-03,12.45,16800,0.95(5.99 %),3512610,57942000000,0,0,16300,16800,16200
2018-12-04,12.37,16700,-0.1(-0.60 %),2490900,41739000000,0,0,16650,16950,16600
2018-12-05,12.22,16500,-0.2(-1.20 %),2657980,43877000000,0,0,16350,16650,16250
2018-12-06,12.26,16550,0.05(0.30 %),1828250,30354000000,1322000,22266000000,16300,16950,16300
2018-12-07,12.0,16200,-0.35(-2.11 %),3325910,54282000000,0,0,16550,16600,16050
2018-12-10,12.33,16650,0.45(2.78 %),2403020,39928000000,0,0,16500,16750,16300
2018-12-11,12.37,16700,0.05(0.30 %),2736330,45599000000,0,0,16600,16850,16450
2018-12-12,12.89,17400,0.7(4.19 %),4817520,83161000000,120000,1962000000,16800,17500,16800
2018-12-13,12.82,17300,-0.1(-0.57 %),1544470,26850000000,175690,3065790500,17500,17650,17250
2018-12-14,12.74,17200,-0.1(-0.58 %),3019040,52714000000,345000,6382500000,17500,17700,17200
2018-12-17,12.48,16850,-0.35(-2.03 %),4106280,69140000000,0,0,17100,17100,16600
2018-12-18,12.26,16550,-0.3(-1.78 %),3628350,59505000000,0,0,16100,16550,16100
2018-12-19,11.7,15800,-0.75(-4.53 %),3477800,55215000000,0,0,16200,16300,15750
2018-12-20,11.85,16000,0.2(1.27 %),1802350,28634000000,0,0,15800,16100,15700
2018-12-21,11.82,15950,-0.05(-0.31 %),686220,10831000000,0,0,15650,16050,15550
2018-12-24,11.11,15000,-0.95(-5.96 %),1290470,19969000000,0,0,15600,15850,15000
2018-12-25,10.48,14150,-0.85(-5.67 %),4468630,62906000000,295000,4600500000,14200,14700,13950
2018-12-26,10.59,14300,0.15(1.06 %),1488150,21239000000,0,0,14150,14400,14100
2018-12-27,11.11,15000,0.7(4.90 %),1930190,29035000000,0,0,14950,15300,14800
2018-12-28,10.82,14600,-0.4(-2.67 %),1213140,17930000000,0,0,14800,15100,14600
2019-01-02,10.52,14200,-0.4(-2.74 %),1038130,15015000000,0,0,14200,15000,14200
2019-01-03,10.3,13900,-0.3(-2.11 %),1501000,21069000000,0,0,14200,14500,13900
2019-01-04,10.59,14300,0.4(2.88 %),1169010,16645000000,0,0,13900,14500,13850
2019-01-07,10.89,14700,0.4(2.80 %),791640,11603000000,0,0,14800,14800,14500
2019-01-08,11.26,15200,0.5(3.40 %),2801390,42116000000,0,0,14800,15300,14500
2019-01-09,11.48,15500,0.3(1.97 %),2275020,35544000000,0,0,15100,15800,15100
2019-01-10,11.37,15350,-0.15(-0.97 %),1681450,26245000000,0,0,15750,15850,15300
2019-01-11,11.26,15200,-0.15(-0.98 %),1372650,21069000000,0,0,15500,15500,15150
2019-01-14,11.0,14850,-0.35(-2.30 %),1115400,16764000000,0,0,15100,15200,14850
2019-01-15,11.3,15250,0.4(2.69 %),877070,13289000000,0,0,14850,15300,14850
2019-01-16,11.45,15450,0.2(1.31 %),1253550,19242000000,0,0,15450,15550,15250
2019-01-17,11.48,15500,0.05(0.32 %),1248260,19489000000,0,0,15400,15800,15300
2019-01-18,11.22,15150,-0.35(-2.26 %),1039310,15894000000,0,0,15650,15650,15150
2019-01-21,11.48,15500,0.35(2.31 %),937260,14470000000,0,0,15250,15650,15150
2019-01-22,11.56,15600,0.1(0.65 %),2749630,43242000000,0,0,15450,15900,15450
2019-01-23,11.56,15600,0(0.00 %),1452910,22593000000,0,0,15500,15650,15450
2019-01-24,11.74,15850,0.25(1.60 %),1572170,24958000000,0,0,15700,16050,15600
2019-01-25,11.7,15800,-0.05(-0.32 %),942870,14945000000,0,0,15900,16000,15700
2019-01-28,12.04,16250,0.45(2.85 %),2543110,41291000000,0,0,16050,16400,15900
2019-01-29,12.0,16200,-0.05(-0.31 %),1084650,17454000000,0,0,16050,16200,16000
2019-01-30,12.08,16300,0.1(0.62 %),1250170,20536000000,0,0,16200,16550,16200
2019-01-31,12.08,16300,0(0.00 %),1736690,28684000000,0,0,16900,16900,16300
2019-02-01,12.08,16300,0(0.00 %),1090940,17712000000,0,0,16150,16450,16100
2019-02-11,12.33,16650,0.35(2.15 %),1945730,32264000000,0,0,16500,16750,16400
2019-02-12,12.15,16400,-0.25(-1.50 %),3419290,56662000000,500000,8335000000,16700,16900,16300
2019-02-13,12.7,17150,0.75(4.57 %),3401270,57587000000,0,0,16600,17200,16600
2019-02-14,12.48,16850,-0.3(-1.75 %),1126440,19129000000,0,0,17150,17200,16850
2019-02-15,12.63,17050,0.2(1.19 %),3361310,57606000000,0,0,16900,17300,16800
2019-02-18,13.22,17850,0.8(4.69 %),3531110,62123000000,43600,766924000,17500,17950,17350
2019-02-19,12.85,17350,-0.5(-2.80 %),2933790,51942000000,0,0,17850,18050,17350
2019-02-20,12.89,17400,0.05(0.29 %),1567600,27293000000,0,0,17450,17700,17300
2019-02-21,13.04,17600,0.2(1.15 %),2514020,44313000000,0,0,17650,17850,17400
2019-02-22,13.08,17650,0.05(0.28 %),1856080,32836000000,0,0,17400,18000,17350
2019-02-25,13.04,17600,-0.05(-0.28 %),1976420,35037000000,0,0,17900,17950,17600
2019-02-26,12.82,17300,-0.3(-1.70 %),5210570,89646000000,0,0,17300,17450,17000
2019-02-27,12.74,17200,-0.1(-0.58 %),2179110,38022000000,1845000,31908800000,17500,17700,17200
2019-02-28,12.59,17000,-0.2(-1.16 %),3276110,56666000000,0,0,17450,17650,17000
2019-03-01,12.93,17450,0.45(2.65 %),2312530,39983000000,0,0,17200,17500,17150
2019-03-04,13.63,18400,0.95(5.44 %),5259700,95341000000,0,0,17900,18450,17800
2019-03-05,13.56,18300,-0.1(-0.54 %),4250240,78485000000,0,0,18100,18700,18100
2019-03-06,14.22,19200,0.9(4.92 %),3728800,68549000000,0,0,18250,19200,18000
2019-03-07,14.0,18900,-0.3(-1.56 %),2663760,50891000000,0,0,19100,19300,18900
2019-03-08,13.7,18500,-0.4(-2.12 %),2962910,55006000000,0,0,18800,18800,18300
2019-03-11,13.63,18400,-0.1(-0.54 %),2543440,46452000000,0,0,18500,18550,17950
2019-03-12,13.93,18800,0.4(2.17 %),2244540,41954000000,0,0,18800,18900,18500
2019-03-13,13.7,18500,-0.3(-1.60 %),1607990,29958000000,0,0,18900,18950,18450
2019-03-14,13.67,18450,-0.05(-0.27 %),1772540,32888000000,0,0,18800,18800,18450
2019-03-15,13.82,18650,0.2(1.08 %),1726070,31976000000,0,0,18500,18750,18300
2019-03-18,13.96,18850,0.2(1.07 %),1921530,36358000000,0,0,18800,19050,18750
2019-03-19,14.0,18900,0.05(0.27 %),2877300,55183000000,0,0,19100,19400,18850
2019-03-20,13.78,18600,-0.3(-1.59 %),2220530,41190000000,0,0,18750,18900,18150
2019-03-21,12.82,17300,-1.3(-6.99 %),3771070,67944000000,0,0,18800,18950,17300
2019-03-22,13.04,17600,0.3(1.73 %),3818910,66938000000,0,0,17600,17800,17300
2019-03-25,12.52,16900,-0.7(-3.98 %),5047310,84945000000,0,0,16800,17000,16700
2019-03-26,13.0,17550,0.65(3.85 %),2244530,38438000000,0,0,17150,17600,16800
2019-03-27,13.0,17550,0(0.00 %),1516180,26821000000,0,0,17800,17850,17550
2019-03-28,13.11,17700,0.15(0.85 %),1855930,32523000000,0,0,17450,17750,17300
2019-03-29,13.26,17900,0.2(1.13 %),2789710,50322000000,0,0,18000,18300,17850
2019-04-01,13.63,18400,0.5(2.79 %),2116610,38602000000,238500,4269150000,18250,18400,18100
2019-04-02,13.78,18600,0.2(1.09 %),3548500,66301000000,0,0,18900,18900,18450
2019-04-03,14.22,19200,0.6(3.23 %),6347630,120697000000,0,0,18750,19200,18500
2019-04-04,14.22,19200,0(0.00 %),3757750,72938000000,0,0,19300,19700,19150
2019-04-05,14.45,19500,0.3(1.56 %),2937510,56802000000,0,0,19250,19600,19050
2019-04-08,15.04,20300,0.8(4.10 %),5698410,114655000000,0,0,19950,20350,19850
2019-04-09,14.59,19700,-0.6(-2.96 %),6109170,122393000000,0,0,20300,20450,19700
2019-04-10,14.59,19700,0(0.00 %),5296730,104535000000,0,0,19600,20100,19350
2019-04-11,14.19,19150,-0.55(-2.79 %),2906370,56524000000,0,0,19800,19950,19150
2019-04-12,14.33,19350,0.2(1.04 %),2292210,43663000000,0,0,19000,19600,18600
2019-04-16,14.33,19350,0(0.00 %),2255280,42927000000,0,0,18900,19350,18650
2019-04-17,14.22,19200,-0.15(-0.78 %),3633580,71394000000,0,0,19600,19900,19200
2019-04-18,13.93,18800,-0.4(-2.08 %),3120360,58553000000,0,0,19050,19350,18450
2019-04-19,13.93,18800,0(0.00 %),1193740,22444000000,0,0,18950,19050,18600
2019-04-22,14.15,19100,0.3(1.60 %),2822490,53783000000,0,0,18950,19400,18800
2019-04-23,14.15,19100,0(0.00 %),2892680,55824000000,0,0,19400,19450,19100
2019-04-24,14.08,19000,-0.1(-0.52 %),3208920,61204000000,0,0,19200,19400,18850
2019-04-25,14.11,19050,0.05(0.26 %),2031600,38508000000,0,0,18800,19100,18650
2019-04-26,14.04,18950,-0.1(-0.52 %),2231960,42162000000,0,0,18800,19050,18800
2019-05-02,14.45,19500,0.55(2.90 %),4904560,94335000000,0,0,19100,19550,18800
2019-05-03,14.22,19200,-0.3(-1.54 %),2124300,41000000000,0,0,19250,19500,19100
2019-05-06,13.74,18550,-0.65(-3.39 %),2703870,50280000000,0,0,18700,18800,18400
2019-05-07,14.26,19250,0.7(3.77 %),3505550,65682000000,0,0,18750,19250,18500
2019-05-08,14.71,19850,0.6(3.12 %),6918830,135620000000,0,0,18900,20150,18850
2019-05-09,14.67,19800,-0.05(-0.25 %),4265430,84787000000,0,0,19900,20100,19700
2019-05-10,15.0,20250,0.45(2.27 %),6464550,129706000000,0,0,19950,20500,19700
2019-05-13,14.89,20100,-0.15(-0.74 %),3584830,72804000000,0,0,20200,20600,20100
2019-05-14,15.71,21200,1.1(5.47 %),6336840,130210000000,0,0,20000,21200,20000
2019-05-15,15.33,20700,-0.5(-2.36 %),5577380,117336000000,0,0,21200,21400,20700
2019-05-16,15.3,20650,-0.05(-0.24 %),3542970,73912000000,0,0,20950,21100,20650
2019-05-17,15.45,20850,0.2(0.97 %),6112600,127275000000,0,0,20950,21050,20600
2019-05-20,15.85,21400,0.55(2.64 %),6456480,137537000000,0,0,21200,21600,20950
2019-05-21,15.71,21200,-0.2(-0.93 %),2580650,54794000000,0,0,21400,21400,21050
2019-05-22,15.41,20800,-0.4(-1.89 %),5292890,111119000000,0,0,20800,21350,20700
2019-05-23,15.26,20600,-0.2(-0.96 %),10717190,218276000000,0,0,20600,20750,19900
2019-05-24,14.56,19650,-0.95(-4.61 %),6721800,134530000000,0,0,20100,20550,19600
2019-05-27,14.48,19550,-0.1(-0.51 %),3194430,62543000000,0,0,19650,19750,19450
2019-05-28,15.04,20300,0.75(3.84 %),3290680,65628000000,0,0,19700,20300,19700
2019-05-29,14.59,19700,-0.6(-2.96 %),2502740,49754000000,0,0,20150,20250,19700
2019-05-30,14.59,19700,0(0.00 %),2287190,45423000000,0,0,19850,20100,19600
2019-05-31,13.85,18700,-1(-5.08 %),7582050,144040000000,24840,464508000,19250,19400,18550
2019-06-03,13.15,17750,-0.95(-5.08 %),6551290,118157000000,0,0,18000,18400,17650
2019-06-04,13.45,18150,0.4(2.25 %),2672550,48400000000,0,0,18000,18300,17900
2019-06-05,13.48,18200,0.05(0.28 %),3179460,58524000000,0,0,18450,18600,18200
2019-06-06,13.63,18400,0.2(1.10 %),3101390,56254000000,0,0,18000,18400,17900
2019-06-07,13.96,18850,0.45(2.45 %),3066500,57398000000,0,0,18650,18850,18600
2019-06-10,13.96,18850,0(0.00 %),1821810,34518000000,0,0,19200,19200,18800
2019-06-11,13.89,18750,-0.1(-0.53 %),1269490,23850000000,70000,1274000000,18750,18950,18600
2019-06-12,13.48,18200,-0.55(-2.93 %),2673900,49028000000,0,0,18650,18650,18150
2019-06-13,13.56,18300,0.1(0.55 %),2126320,38662000000,0,0,17900,18500,17900
2019-06-14,13.41,18100,-0.2(-1.09 %),1363870,24953000000,0,0,18500,18500,18050
2019-06-17,13.33,18000,-0.1(-0.55 %),1741580,31541000000,0,0,18100,18350,17900
2019-06-18,13.11,17700,-0.3(-1.67 %),2898730,51629000000,0,0,18000,18100,17650
2019-06-19,13.45,18150,0.45(2.54 %),3142410,57152000000,0,0,18150,18400,18050
2019-06-20,13.82,18650,0.5(2.75 %),3465940,64052000000,0,0,18300,18700,18150
2019-06-21,13.93,18800,0.15(0.80 %),3047710,57586000000,0,0,18800,19100,18750
2019-06-24,14.04,18950,0.15(0.80 %),3074600,58117000000,0,0,18900,19100,18700
2019-06-25,13.96,18850,-0.1(-0.53 %),2581840,48925000000,0,0,18800,19050,18800
2019-06-26,14.22,19200,0.35(1.86 %),3709050,71145000000,0,0,19200,19400,18850
2019-06-27,13.78,18600,-0.6(-3.12 %),3884290,73502000000,0,0,18600,19300,18600
2019-06-28,13.82,18650,0.05(0.27 %),3226350,59978000000,34290,639508500,18650,18800,18250
2019-07-01,14.08,19000,0.35(1.88 %),2012310,38276000000,0,0,19000,19150,18900
2019-07-02,14.0,18900,-0.1(-0.53 %),1547040,29293000000,0,0,18900,19000,18800
2019-07-03,13.78,18600,-0.3(-1.59 %),2900160,54088000000,0,0,18700,18750,18600
2019-07-04,13.82,18650,0.05(0.27 %),2135930,40018000000,0,0,18700,18850,18650
2019-07-05,13.82,18650,0(0.00 %),1679490,31513000000,0,0,18650,18900,18650
2019-07-08,13.7,18500,-0.15(-0.80 %),3162500,59105000000,0,0,18800,18900,18500
2019-07-09,13.67,18450,-0.05(-0.27 %),2349570,43197000000,0,0,18500,18550,18200
2019-07-10,13.93,18800,0.35(1.90 %),2302310,43062000000,40000,740000000,18700,18800,18600
2019-07-11,14.08,19000,0.2(1.06 %),3283970,62609000000,0,0,19000,19150,18950
2019-07-12,13.96,18850,-0.15(-0.79 %),2505080,47541000000,0,0,19000,19150,18800
2019-07-15,13.93,18800,-0.05(-0.27 %),2010670,37804000000,200000,3738000000,19000,19000,18700
2019-07-16,13.82,18650,-0.15(-0.80 %),2414760,45012000000,0,0,18800,18800,18550
2019-07-17,13.89,18750,0.1(0.54 %),2366760,44289000000,54740,985320000,18550,18950,18450
2019-07-18,13.82,18650,-0.1(-0.53 %),1915330,35829000000,0,0,18700,18900,18550
2019-07-19,13.7,18500,-0.15(-0.80 %),2256240,41790000000,0,0,18700,18750,18350
2019-07-22,13.56,18300,-0.2(-1.08 %),2003140,36835000000,0,0,18400,18550,18200
2019-07-23,13.37,18050,-0.25(-1.37 %),2315560,42199000000,0,0,18300,18450,18050
2019-07-24,13.59,18350,0.3(1.66 %),2788710,50824000000,0,0,18150,18400,18100
2019-07-25,13.48,18200,-0.15(-0.82 %),1995330,36282000000,0,0,18400,18400,18100
2019-07-26,13.67,18450,0.25(1.37 %),3992140,74045000000,0,0,18500,18700,18400
2019-07-29,12.52,17150,-1.55(-8.40 %),2840140,48361000000,0,0,17200,17200,17150
2019-07-30,12.48,16850,-0.05(-0.30 %),1971030,33404000000,0,0,17000,17100,16850
2019-07-31,12.48,16850,0(0.00 %),1633350,27574000000,0,0,17100,17100,16750
2019-08-01,12.3,16600,-0.25(-1.48 %),1217710,20306000000,0,0,16850,16900,16550
2019-08-02,12.0,16200,-0.4(-2.41 %),3307180,53445000000,0,0,16200,16300,16050
2019-08-05,11.93,16100,-0.1(-0.62 %),1922930,31108000000,317800,4798780000,16200,16350,16100
2019-08-06,11.48,15500,-0.6(-3.73 %),2872430,44811000000,0,0,15700,15850,15500
2019-08-07,11.45,15450,-0.05(-0.32 %),1904010,29569000000,0,0,15700,15700,15450
2019-08-08,12.0,16200,0.75(4.85 %),2385880,37849000000,0,0,15550,16300,15400
2019-08-09,11.93,16100,-0.1(-0.62 %),1238370,20053000000,0,0,16200,16300,16100
2019-08-12,11.93,16100,0(0.00 %),1328600,21420000000,290000,4666100000,16150,16250,16000
2019-08-13,11.67,15750,-0.35(-2.17 %),1487930,23520000000,0,0,15900,15950,15750
2019-08-14,11.63,15700,-0.05(-0.32 %),882910,14032000000,0,0,16150,16200,15700
2019-08-15,11.59,15650,-0.05(-0.32 %),1120150,17305000000,0,0,15250,15650,15250
2019-08-16,11.89,16050,0.4(2.56 %),2603160,41463000000,0,0,15700,16200,15500
2019-08-19,11.85,16000,-0.05(-0.31 %),1111730,17904000000,321591,4807785450,16250,16300,16000
2019-08-20,12.11,16350,0.35(2.19 %),1998440,32527000000,0,0,16000,16400,16000
2019-08-21,12.93,17450,1.1(6.73 %),6991130,120244000000,27114,443313900,16700,17450,16700
2019-08-22,13.26,17900,0.45(2.58 %),6366150,114992000000,80000,1492000000,18300,18350,17800
2019-08-23,13.41,18100,0.2(1.12 %),3042180,54771000000,0,0,17700,18300,17700
2019-08-26,13.3,17950,-0.15(-0.83 %),4244090,75421000000,0,0,17700,17950,17600
2019-08-27,13.63,18400,0.45(2.51 %),5857900,107848000000,0,0,18100,18850,17950
2019-08-28,13.7,18500,0.1(0.54 %),3853180,71498000000,0,0,18600,18800,18350
2019-08-29,13.74,18550,0.05(0.27 %),3194140,59469000000,0,0,18700,18800,18500
2019-08-30,13.82,18650,0.1(0.54 %),3141470,58667000000,0,0,18600,18950,18450
2019-09-03,13.11,17700,-0.95(-5.09 %),2736830,49638000000,0,0,18650,18650,17700
2019-09-04,13.3,17950,0.25(1.41 %),2490920,44344000000,100000,1870000000,18650,18650,17400
2019-09-05,13.22,17850,-0.1(-0.56 %),1574010,28328000000,0,0,18200,18200,17700
2019-09-06,13.22,17850,0(0.00 %),591240,10553000000,0,0,17850,18000,17750
2019-09-09,13.19,17800,-0.05(-0.28 %),2957290,53106000000,29000,517650000,17850,18250,17750
2019-09-10,12.67,17100,-0.7(-3.93 %),4081420,71293000000,0,0,17900,18000,17000
2019-09-11,12.78,17250,0.15(0.88 %),1309470,22564000000,0,0,17100,17350,17050
2019-09-12,13.11,17700,0.45(2.61 %),1333820,23421000000,29000,517650000,17500,17800,17250
2019-09-13,13.04,17600,-0.1(-0.56 %),1471910,25999000000,0,0,17600,17800,17500
2019-09-16,13.37,18050,0.45(2.56 %),3864860,70455000000,0,0,17600,18400,17600
2019-09-17,13.7,18500,0.45(2.49 %),4680080,86231000000,0,0,17600,18700,17600
2019-09-18,13.52,18250,-0.25(-1.35 %),1671500,30642000000,0,0,17600,18450,17600
2019-09-19,13.41,18100,-0.15(-0.82 %),1428640,26000000000,20000,364000000,18100,18300,18100
2019-09-20,13.48,18200,0.1(0.55 %),2268270,41510000000,0,0,18250,18450,18100
2019-09-23,13.41,18100,-0.1(-0.55 %),1786760,32548000000,0,0,18300,18400,18100
2019-09-24,13.15,17750,-0.35(-1.93 %),2464880,44062000000,20000,364000000,18150,18200,17700
2019-09-25,13.33,18000,0.25(1.41 %),1116430,19890000000,0,0,17750,18100,17600
2019-09-26,13.19,17800,-0.2(-1.11 %),1342110,23965000000,0,0,18000,18050,17750
2019-09-27,13.48,18200,0.4(2.25 %),1906710,34396000000,0,0,17800,18200,17800
2019-09-30,13.45,18150,-0.05(-0.27 %),2991650,55111000000,113939,2043766050,18500,18600,18150
2019-10-01,13.19,17800,-0.35(-1.93 %),4410930,79126000000,20000,356000000,18300,18350,17700
2019-10-02,12.89,17400,-0.4(-2.25 %),2443030,42950000000,0,0,17800,17800,17400
2019-10-03,12.96,17500,0.1(0.57 %),2152370,37386000000,0,0,17100,17600,17050
2019-10-04,12.59,17000,-0.5(-2.86 %),3184790,54721000000,60000,1096000000,17500,17500,16950
2019-10-07,12.45,16800,-0.2(-1.18 %),1441940,24501000000,0,0,17050,17150,16800
2019-10-08,12.3,16600,-0.2(-1.19 %),2746390,45652000000,0,0,16800,16950,16350
2019-10-09,12.45,16800,0.2(1.20 %),1202170,20044000000,0,0,16550,16800,16550
2019-10-10,12.52,16900,0.1(0.60 %),1283930,21851000000,0,0,16950,17200,16850
2019-10-11,12.63,17050,0.15(0.89 %),1863330,31638000000,0,0,17100,17150,16700
2019-10-14,12.41,16750,-0.3(-1.76 %),1598960,27149000000,0,0,17200,17250,16750
2019-10-15,12.37,16700,-0.05(-0.30 %),957860,16050000000,0,0,16750,16900,16650
2019-10-16,12.41,16750,0.05(0.30 %),708910,11896000000,20000,335000000,16750,16900,16650
2019-10-17,12.33,16650,-0.1(-0.60 %),559690,9357000000,0,0,16750,16800,16650
2019-10-18,12.26,16550,-0.1(-0.60 %),701650,11677000000,22000,365640000,16650,16750,16550
2019-10-21,12.11,16350,-0.2(-1.21 %),1156700,19002000000,110000,1809500000,16650,16650,16350
2019-10-22,12.08,16300,-0.05(-0.31 %),2409850,38955000000,0,0,16400,16500,15900
2019-10-23,11.78,15900,-0.4(-2.45 %),2550530,40830000000,0,0,16300,16350,15900
2019-10-24,12.0,16200,0.3(1.89 %),1153700,18676000000,120000,1974000000,16100,16300,16100
2019-10-25,12.15,16400,0.2(1.23 %),1171730,19201000000,0,0,16400,16500,16250
2019-10-28,12.15,16400,0(0.00 %),1098380,18042000000,0,0,16400,16500,16300
2019-10-29,12.11,16350,-0.05(-0.30 %),919290,15012000000,120000,1962000000,16350,16400,16200
2019-10-30,12.26,16550,0.2(1.22 %),2056620,33953000000,0,0,16350,16700,16150
2019-10-31,12.15,16400,-0.15(-0.91 %),1238190,20378000000,0,0,16650,16700,16250
2019-11-01,12.15,16400,0(0.00 %),1437510,23503000000,120000,1964000000,16300,16500,16200
2019-11-04,12.11,16350,-0.05(-0.30 %),2051090,33746000000,0,0,16600,16700,16300
2019-11-05,12.56,16950,0.6(3.67 %),3888050,65376000000,0,0,16500,17050,16350
2019-11-06,12.45,16800,-0.15(-0.88 %),1255880,21182000000,0,0,17000,17000,16800
2019-11-07,12.41,16750,-0.05(-0.30 %),1293640,21686000000,175000,2979250000,16750,16900,16650
2019-11-08,12.3,16600,-0.15(-0.90 %),1675560,28065000000,0,0,16950,16950,16600
2019-11-11,12.22,16500,-0.1(-0.60 %),1031040,17059000000,0,0,16600,16700,16450
2019-11-12,12.3,16600,0.1(0.61 %),749900,12392000000,130000,2171500000,16500,16650,16450
2019-11-13,12.04,16250,-0.35(-2.11 %),2355420,38586000000,318400,4919280000,16600,16650,16250
2019-11-14,12.08,16300,0.05(0.31 %),1425550,23299000000,420000,6858600000,16500,16500,16250
2019-11-15,12.15,16400,0.1(0.61 %),1051900,17295000000,0,0,16350,16550,16300
2019-11-18,12.19,16450,0.05(0.30 %),1121660,18565000000,105000,1730400000,16700,16750,16400
2019-11-19,12.15,16400,-0.05(-0.30 %),639800,10545000000,0,0,16450,16600,16400
2019-11-20,11.96,16150,-0.25(-1.52 %),1419060,23047000000,0,0,16350,16400,16150
2019-11-21,11.89,16050,-0.1(-0.62 %),1734800,27954000000,0,0,16150,16300,16050
2019-11-22,11.59,15650,-0.4(-2.49 %),3311770,52312000000,0,0,16050,16250,15300
2019-11-25,11.48,15500,-0.15(-0.96 %),1261410,19708000000,0,0,15650,15850,15500
2019-11-26,11.48,15500,0(0.00 %),1762440,27358000000,0,0,15650,15650,15450
2019-11-27,11.48,15500,0(0.00 %),1119170,17406000000,0,0,15600,15650,15500
2019-11-28,11.45,15450,-0.05(-0.32 %),1312700,20191000000,0,0,15400,15500,15300
2019-11-29,11.45,15450,0(0.00 %),1052860,16364000000,0,0,15400,15700,15400
2019-12-02,11.15,15050,-0.4(-2.59 %),1863960,28232000000,270000,4441500000,15500,15500,14850
2019-12-03,11.0,14850,-0.2(-1.33 %),1934620,28991000000,490000,7534000000,14900,15200,14700
2019-12-04,11.26,15200,0.35(2.36 %),1797740,26787000000,0,0,14850,15200,14700
2019-12-05,11.11,15000,-0.2(-1.32 %),1793470,27428000000,100000,1620000000,15400,15600,15000
2019-12-06,11.11,15000,0(0.00 %),682630,10281000000,0,0,15150,15200,14950
2019-12-09,11.04,14900,-0.1(-0.67 %),1379500,20645000000,0,0,15000,15200,14850
2019-12-10,10.85,14650,-0.25(-1.68 %),2255400,33025000000,0,0,14850,14900,14500
2019-12-11,10.7,14450,-0.2(-1.37 %),2589570,37183000000,0,0,14700,14700,14100
2019-12-12,10.85,14650,0.2(1.38 %),2027220,29535000000,0,0,14450,14900,14300
2019-12-13,11.0,14850,0.2(1.37 %),1739690,25726000000,0,0,14800,14900,14700
2019-12-16,11.15,15050,0.2(1.35 %),2236660,33762000000,0,0,14850,15250,14800
2019-12-17,11.04,14900,-0.15(-1.00 %),1727180,25864000000,0,0,15100,15150,14850
2019-12-18,11.22,15150,0.25(1.68 %),2721060,41370000000,0,0,14950,15450,14850
2019-12-19,11.26,15200,0.05(0.33 %),1364830,20860000000,0,0,15200,15450,15100
2019-12-20,11.22,15150,-0.05(-0.33 %),1288680,19619000000,30420,460863000,15300,15450,15100
2019-12-23,11.04,14900,-0.25(-1.65 %),2042440,30512000000,30000,486000000,15200,15200,14800
2019-12-24,11.04,14900,0(0.00 %),1102050,16338000000,0,0,14800,14900,14750
2019-12-25,11.0,14850,-0.05(-0.34 %),863390,12894000000,0,0,14900,15050,14850
2019-12-26,11.04,14900,0.05(0.34 %),1526360,22845000000,0,0,14950,15150,14850
2019-12-27,11.11,15000,0.1(0.67 %),1068270,15991000000,0,0,14950,15050,14900
2019-12-30,11.26,15200,0.2(1.33 %),2702300,41111000000,0,0,15100,15400,15000
2019-12-31,11.15,15050,-0.15(-0.99 %),1229970,18574000000,0,0,15200,15250,15000
2020-01-02,11.15,15050,0(0.00 %),1184670,17793000000,505000,8080000000,15050,15100,14950
2020-01-03,11.26,15200,0.15(1.00 %),4776940,73499000000,30000,423000000,15300,15600,15200
2020-01-06,11.74,15850,0.65(4.28 %),6008080,95271000000,55000,833250000,15750,16000,15650
2020-01-07,11.59,15650,-0.2(-1.26 %),1697580,26587000000,0,0,15700,15800,15550
2020-01-08,11.59,15650,0(0.00 %),4315660,68599000000,0,0,16000,16200,15600
2020-01-09,11.26,15200,-0.45(-2.88 %),3150280,48080000000,0,0,15250,15400,15150
2020-01-10,11.22,15150,-0.05(-0.33 %),2240000,33858000000,0,0,15250,15300,14950
2020-01-13,11.08,14950,-0.2(-1.32 %),2762860,41375000000,0,0,15050,15050,14900
2020-01-14,10.89,14700,-0.25(-1.67 %),3108720,45826000000,300000,4422000000,14900,14900,14600
2020-01-15,10.82,14600,-0.1(-0.68 %),1379250,20205000000,110920,1713714000,14900,14900,14550
2020-01-16,10.89,14700,0.1(0.68 %),3924160,57491000000,220000,3388000000,14550,14950,14400
2020-01-17,10.85,14650,-0.05(-0.34 %),1366970,20175000000,0,0,14800,14850,14650
2020-01-20,10.74,14500,-0.15(-1.02 %),1878050,27227000000,0,0,14700,14700,14400
2020-01-21,10.96,14800,0.3(2.07 %),2648330,38931000000,0,0,14600,15000,14400
2020-01-22,11.08,14950,0.15(1.01 %),2436380,36467000000,70000,1015000000,14800,15100,14750
2020-01-30,10.56,14250,-0.7(-4.68 %),4054680,58248000000,0,0,14550,14550,14100
2020-01-31,9.85,13300,-0.95(-6.67 %),4474300,61255000000,503810,7423768000,14200,14300,13300
2020-02-03,9.26,12500,-0.8(-6.02 %),6494050,80882000000,360000,5112000000,12500,12750,12400
2020-02-04,9.04,12200,-0.3(-2.40 %),3087330,38094000000,236680,3147844000,12700,12750,12150
2020-02-05,9.26,12500,0.3(2.46 %),4838490,60428000000,0,0,12350,12850,12150
2020-02-06,9.89,13350,0.85(6.80 %),4844650,63190000000,260000,3172000000,12650,13350,12650
2020-02-07,9.82,13250,-0.1(-0.75 %),3196760,42871000000,0,0,13400,13550,13250
2020-02-10,9.63,13000,-0.25(-1.89 %),2609730,34176000000,150000,2115000000,12900,13350,12800
2020-02-11,9.89,13350,0.35(2.69 %),3431520,45471000000,0,0,13050,13500,13000
2020-02-12,10.04,13550,0.2(1.50 %),3214200,43534000000,0,0,13350,13700,13350
2020-02-13,10.0,13500,-0.05(-0.37 %),2123630,28784000000,170000,2422500000,13600,13700,13450
2020-02-14,9.89,13350,-0.15(-1.11 %),2601780,34755000000,0,0,13400,13550,13250
2020-02-17,9.96,13450,0.1(0.75 %),2732630,36799000000,0,0,13350,13600,13350
2020-02-18,9.89,13350,-0.1(-0.74 %),1791080,24083000000,0,0,13500,13550,13350
2020-02-19,9.85,13300,-0.05(-0.37 %),1981480,26410000000,0,0,13350,13450,13250
2020-02-20,9.89,13350,0.05(0.38 %),3491190,46813000000,0,0,13600,13650,13300
2020-02-21,9.78,13200,-0.15(-1.12 %),2973540,39642000000,0,0,13450,13500,13200
2020-02-24,9.11,12300,-0.9(-6.82 %),6759290,84059000000,0,0,12600,12700,12300
2020-02-25,9.3,12550,0.25(2.03 %),2792780,34331000000,0,0,12100,12650,12100
2020-02-26,9.04,12200,-0.35(-2.79 %),1986760,24330000000,0,0,12200,12500,12150
2020-02-27,9.19,12400,0.2(1.64 %),1446710,17773000000,100000,1305000000,12250,12400,12150
2020-02-28,8.7,11750,-0.65(-5.24 %),4896390,58154000000,30000,372000000,12000,12150,11650
2020-03-02,8.78,11850,0.1(0.85 %),3063000,36453000000,0,0,11900,12000,11750
2020-03-03,8.96,12100,0.25(2.11 %),2095870,25601000000,20000,230000000,12350,12350,12000
2020-03-04,9.3,12550,0.45(3.72 %),4791830,59004000000,0,0,12000,12700,12000
2020-03-05,9.19,12400,-0.15(-1.20 %),3050390,38652000000,0,0,12700,12850,12400
2020-03-06,9.07,12250,-0.15(-1.21 %),1783630,21842000000,0,0,12250,12400,12100
2020-03-09,8.45,11400,-0.85(-6.94 %),977950,11149000000,0,0,11400,11400,11400
2020-03-10,8.0,10800,-0.6(-5.26 %),7706030,82667000000,45000,513000000,10650,11050,10650
2020-03-11,7.45,10050,-0.75(-6.94 %),8164930,84130000000,0,0,11100,11100,10050
2020-03-12,6.93,9350,-0.7(-6.97 %),5177370,48672000000,0,0,9500,9800,9350
2020-03-13,6.89,9300,-0.05(-0.53 %),5893460,52061000000,0,0,8700,9300,8700
2020-03-16,6.83,9220,-0.08(-0.86 %),4036890,37201000000,0,0,9200,9500,8900
2020-03-17,6.89,9300,0.08(0.87 %),3458490,31414000000,0,0,9300,9300,8720
2020-03-18,6.45,8700,-0.6(-6.45 %),5532080,49710000000,0,0,9300,9350,8700
2020-03-19,6.07,8200,-0.5(-5.75 %),6030340,49673000000,0,0,8500,8660,8130
2020-03-20,6.5,8770,0.57(6.95 %),3792870,32502000000,0,0,8500,8770,8410
2020-03-23,6.04,8160,-0.61(-6.96 %),7464240,60976000000,0,0,8180,8500,8160
2020-03-24,6.06,8180,0.02(0.25 %),4381080,35994000000,0,0,8160,8390,8000
2020-03-25,6.27,8460,0.28(3.42 %),3704500,31622000000,0,0,8600,8730,8340
2020-03-26,6.04,8150,-0.31(-3.66 %),2795430,23154000000,0,0,8300,8460,8150
2020-03-27,5.75,7760,-0.39(-4.79 %),3495910,27801000000,0,0,8150,8150,7700
2020-03-30,5.35,7220,-0.54(-6.96 %),2812810,20314000000,20000,166000000,7240,7250,7220
2020-03-31,5.0,6750,-0.47(-6.51 %),7211710,50422000000,0,0,7300,7400,6720
2020-04-01,5.22,7050,0.3(4.44 %),3630560,25599000000,0,0,6750,7200,6750
2020-04-03,5.59,7540,0.49(6.95 %),1178380,8885000000,0,0,7540,7540,7540
2020-04-06,5.97,8060,0.52(6.90 %),1337280,10778000000,182240,1468854400,8060,8060,8060
2020-04-07,6.39,8620,0.56(6.95 %),14124290,121104000000,0,0,8620,8620,8250
2020-04-08,6.77,9140,0.52(6.03 %),5859970,51869000000,0,0,8500,9190,8400
2020-04-09,7.09,9570,0.43(4.70 %),8974900,86082000000,0,0,9300,9770,9250
2020-04-10,6.91,9330,-0.24(-2.51 %),7279340,67500000000,0,0,9300,9430,9000
2020-04-13,7.33,9900,0.57(6.11 %),7208840,71099000000,0,0,9700,9970,9550
2020-04-14,7.19,9700,-0.2(-2.02 %),5252310,50415000000,0,0,9900,9910,9310
2020-04-15,7.02,9470,-0.23(-2.37 %),5227150,49663000000,0,0,9360,9700,9350
2020-04-16,7.11,9600,0.13(1.37 %),5462140,51592000000,0,0,9350,9790,9160
2020-04-17,7.26,9800,0.2(2.08 %),8510590,83269000000,0,0,9860,9860,9680
2020-04-20,7.74,10450,0.65(6.63 %),12178830,123893000000,0,0,9850,10450,9700
2020-04-21,7.2,9720,-0.73(-6.99 %),10487880,102495000000,0,0,9720,10300,9720
2020-04-22,6.96,9390,-0.33(-3.40 %),7479040,68475000000,0,0,9040,9520,9040
2020-04-23,7.1,9590,0.2(2.13 %),4500870,42936000000,0,0,9600,9700,9400
2020-04-24,6.96,9390,-0.2(-2.09 %),4040570,38313000000,0,0,9670,9690,9290
2020-04-27,6.68,9020,-0.37(-3.94 %),6192430,56533000000,25000,234750000,9390,9450,9000
2020-04-28,6.49,8760,-0.26(-2.88 %),5527860,48205000000,0,0,8800,8900,8550
2020-04-29,6.78,9150,0.39(4.45 %),2947270,26742000000,0,0,9150,9230,8900
2020-05-04,6.84,9230,0.08(0.87 %),4855470,46019000000,0,0,9700,9700,9200
2020-05-05,7.05,9510,0.28(3.03 %),3631780,34184000000,0,0,9450,9590,9260
2020-05-06,7.19,9710,0.2(2.10 %),4959750,48115000000,0,0,9690,9800,9610
2020-05-07,7.09,9570,-0.14(-1.44 %),4082290,39097000000,0,0,9650,9650,9500
2020-05-08,7.18,9690,0.12(1.25 %),7301050,70980000000,0,0,9650,9840,9630
2020-05-11,7.67,10350,0.66(6.81 %),13475920,136643000000,0,0,10350,10350,9740
2020-05-12,7.78,10500,0.15(1.45 %),7489770,78251000000,0,0,10350,10750,10050
2020-05-13,7.89,10650,0.15(1.43 %),7672280,80994000000,45000,439650000,10400,10800,10200
2020-05-14,7.67,10350,-0.3(-2.82 %),6783660,70996000000,0,0,10500,10600,10350
2020-05-15,7.74,10450,0.1(0.97 %),7270410,76429000000,0,0,10600,10750,10300
2020-05-18,8.07,10900,0.45(4.31 %),7832680,84575000000,0,0,10600,10950,10600
2020-05-19,8.26,11150,0.25(2.29 %),7719890,86493000000,0,0,11300,11400,11000
2020-05-20,8.11,10950,-0.2(-1.79 %),4449950,48780000000,0,0,11000,11150,10900
2020-05-21,8.0,10800,-0.15(-1.37 %),6474140,70918000000,0,0,11100,11150,10800
2020-05-22,7.96,10750,-0.05(-0.46 %),7404370,80610000000,0,0,10800,11200,10700
2020-05-25,8.11,10950,0.2(1.86 %),3854050,41774000000,0,0,10800,11000,10650
2020-05-26,8.26,11150,0.2(1.83 %),7062640,78296000000,0,0,11100,11200,10950
2020-05-27,8.0,10800,-0.35(-3.14 %),7257150,80724000000,0,0,11200,11300,10800
2020-05-28,7.93,10700,-0.1(-0.93 %),4303140,46463000000,0,0,10800,10950,10700
2020-05-29,7.85,10600,-0.1(-0.93 %),4663800,49594000000,0,0,10700,10800,10550
2020-06-01,8.07,10900,0.3(2.83 %),3785940,41220000000,0,0,10800,11000,10800
2020-06-02,8.3,11200,0.3(2.75 %),12785380,143136000000,0,0,11000,11600,10800
2020-06-03,8.45,11400,0.2(1.79 %),6078900,69271000000,0,0,11500,11500,11300
2020-06-04,8.3,11200,-0.2(-1.75 %),5664430,64330000000,0,0,11400,11600,11200
2020-06-05,8.41,11350,0.15(1.34 %),6133140,68674000000,0,0,11100,11350,11000
2020-06-08,8.89,12000,0.65(5.73 %),12619130,149329000000,0,0,11800,12100,11600
2020-06-09,8.7,11750,-0.25(-2.08 %),6511690,77154000000,0,0,12000,12000,11700
2020-06-10,8.67,11700,-0.05(-0.43 %),5912570,69066000000,0,0,11650,11850,11500
2020-06-11,8.07,10900,-0.8(-6.84 %),11099440,126526000000,0,0,11800,11850,10900
2020-06-12,7.96,10750,-0.15(-1.38 %),8957840,93616000000,0,0,10200,10750,10200
2020-06-15,7.52,10150,-0.6(-5.58 %),7499440,77391000000,0,0,10700,10750,10000
2020-06-16,7.85,10600,0.45(4.43 %),3090220,32389000000,50000,510000000,10400,10650,10350
2020-06-17,7.82,10550,-0.05(-0.47 %),2515280,26517000000,0,0,10650,10700,10400
2020-06-18,7.74,10450,-0.1(-0.95 %),1807130,18769000000,0,0,10400,10500,10250
2020-06-19,7.93,10700,0.25(2.39 %),3099330,32899000000,0,0,10650,10700,10500
2020-06-22,7.93,10700,0(0.00 %),2974240,32016000000,0,0,10800,10900,10600
2020-06-23,8.07,10900,0.2(1.87 %),4944590,53762000000,0,0,10850,11000,10650
2020-06-24,7.89,10650,-0.25(-2.29 %),2769460,29953000000,0,0,10950,10950,10650
2020-06-25,7.74,10450,-0.2(-1.88 %),2861890,29864000000,0,0,10400,10550,10300
2020-06-26,7.74,10450,0(0.00 %),1997590,20985000000,0,0,10600,10650,10400
2020-06-29,7.48,10100,-0.35(-3.35 %),4470720,45171000000,0,0,10400,10450,9950
2020-06-30,7.39,9980,-0.12(-1.19 %),2972340,29884000000,35780,357084400,10250,10350,9850
2020-07-01,7.63,10300,0.32(3.21 %),2278720,23015000000,0,0,9980,10350,9960
2020-07-02,7.56,10200,-0.1(-0.97 %),1172410,11983000000,0,0,10300,10350,10100
2020-07-03,7.56,10200,0(0.00 %),2036500,20850000000,0,0,10350,10350,10150
2020-07-06,7.56,10200,0(0.00 %),2244240,23000000000,0,0,10300,10350,10150
2020-07-07,7.67,10350,0.15(1.47 %),2706180,28195000000,0,0,10350,10550,10300
2020-07-08,7.63,10300,-0.05(-0.48 %),1445750,14883000000,0,0,10350,10350,10200
2020-07-09,7.85,10600,0.3(2.91 %),4490760,47231000000,0,0,10400,10700,10300
2020-07-10,7.7,10400,-0.2(-1.89 %),2506480,26216000000,0,0,10500,10550,10350
2020-07-13,7.82,10550,0.15(1.44 %),2810710,29615000000,0,0,10550,10700,10450
2020-07-14,7.78,10500,-0.05(-0.47 %),1729280,18095000000,0,0,10450,10550,10400
2020-07-15,7.78,10500,0(0.00 %),1661980,17502000000,0,0,10650,10650,10450
2020-07-16,7.85,10600,0.1(0.95 %),4941870,52951000000,0,0,10800,10850,10550
2020-07-17,7.78,10500,-0.1(-0.94 %),1950220,20555000000,0,0,10550,10600,10500
2020-07-20,7.63,10300,-0.2(-1.90 %),2583900,26824000000,0,0,10300,10500,10250
2020-07-21,7.67,10350,0.05(0.49 %),1941400,19997000000,0,0,10350,10400,10250
2020-07-22,7.63,10300,-0.05(-0.48 %),2185400,22809000000,0,0,10550,10600,10300
2020-07-23,7.7,10400,0.1(0.97 %),2425000,24974000000,0,0,10250,10450,10150
2020-07-24,7.19,9700,-0.7(-6.73 %),6046130,60011000000,0,0,10250,10350,9680
2020-07-27,6.69,9030,-0.67(-6.91 %),5769240,52552000000,0,0,9110,9390,9030
2020-07-28,6.96,9390,0.36(3.99 %),4007570,36932000000,0,0,9100,9450,9000
2020-07-29,6.59,8900,-0.49(-5.22 %),4866170,43152000000,0,0,9150,9150,8740
2020-07-30,6.73,9090,0.19(2.13 %),1498810,13692000000,0,0,9000,9260,9000
2020-07-31,6.66,8990,-0.1(-1.10 %),1754160,15756000000,0,0,9000,9080,8800
2020-08-03,6.97,9410,0.42(4.67 %),3843050,35746000000,0,0,9030,9520,9030
2020-08-04,7.01,9460,0.05(0.53 %),2877150,27440000000,0,0,9600,9670,9430
2020-08-05,7.26,9800,0.34(3.59 %),4144460,40154000000,0,0,9460,9890,9420
2020-08-06,7.56,10200,0.4(4.08 %),8811190,89100000000,50000,520000000,10000,10300,9880
2020-08-07,7.48,10100,-0.1(-0.98 %),3135450,31780000000,0,0,10300,10300,10000
2020-08-10,7.67,10350,0.25(2.48 %),5031810,52132000000,0,0,10200,10450,10200
2020-08-11,7.63,10300,-0.05(-0.48 %),2817890,28982000000,0,0,10400,10400,10200
2020-08-12,7.93,10700,0.4(3.88 %),6723930,70777000000,0,0,10300,10800,10250
2020-08-13,7.93,10700,0(0.00 %),4513510,48457000000,0,0,10800,10900,10650
2020-08-14,7.67,10350,-0.35(-3.27 %),5022780,52637000000,0,0,10650,10650,10300
2020-08-17,8.04,10850,0.5(4.83 %),9480710,100622000000,0,0,10850,10900,10350
2020-08-18,7.93,10700,-0.15(-1.38 %),3383710,36469000000,0,0,10850,10900,10600
2020-08-19,7.93,10700,0(0.00 %),2832170,30173000000,0,0,10650,10750,10600
2020-08-20,7.74,10450,-0.25(-2.34 %),5061100,53165000000,0,0,10600,10700,10400
2020-08-21,7.74,10450,0(0.00 %),3602810,37785000000,0,0,10500,10600,10400
2020-08-24,7.96,10750,0.3(2.87 %),8189030,88081000000,0,0,10600,10950,10550
2020-08-25,7.93,10700,-0.05(-0.47 %),4740580,51024000000,0,0,10900,10900,10650
2020-08-26,8.45,11400,0.7(6.54 %),17339630,193850000000,63939,638103640,10800,11400,10750
2020-08-27,8.41,11350,-0.05(-0.44 %),5901140,66930000000,0,0,11350,11500,11250
2020-08-28,8.26,11150,-0.2(-1.76 %),5591500,63020000000,0,0,11350,11400,11150
2020-08-31,8.33,11250,0.1(0.90 %),8765070,98433000000,0,0,11200,11450,11100
2020-09-01,8.48,11450,0.2(1.78 %),6537210,74658000000,0,0,11300,11650,11200
2020-09-03,8.37,11300,-0.15(-1.31 %),5648980,64172000000,0,0,11450,11550,11250
2020-09-04,8.3,11200,-0.1(-0.88 %),5662820,63034000000,0,0,11050,11250,11000
2020-09-07,8.0,10800,-0.4(-3.57 %),9095550,100140000000,0,0,11050,11150,10800
2020-09-08,8.15,11000,0.2(1.85 %),3704600,40289000000,0,0,10900,11000,10750
2020-09-09,8.07,10900,-0.1(-0.91 %),4924570,53099000000,0,0,10750,10900,10700
2020-09-10,8.04,10850,-0.05(-0.46 %),2085970,22826000000,0,0,11000,11050,10850
2020-09-11,8.07,10900,0.05(0.46 %),2119750,22981000000,0,0,10850,10900,10750
2020-09-14,8.26,11150,0.25(2.29 %),4765480,52608000000,0,0,10950,11150,10850
2020-09-15,8.22,11100,-0.05(-0.45 %),4413630,49128000000,0,0,11150,11250,11000
2020-09-16,8.41,11350,0.25(2.25 %),9262100,105090000000,0,0,11200,11500,11150
2020-09-17,8.3,11200,-0.15(-1.32 %),5153810,58214000000,0,0,11450,11450,11150
2020-09-18,8.33,11250,0.05(0.45 %),2512120,28304000000,0,0,11300,11300,11200
2020-09-21,8.33,11250,0(0.00 %),6336790,72183000000,140000,1470000000,11300,11500,11250
2020-09-22,8.48,11450,0.2(1.78 %),8662870,98669000000,130000,1365000000,11200,11550,11150
2020-09-23,8.52,11500,0.05(0.44 %),7910200,91852000000,0,0,11550,11750,11500
2020-09-24,8.45,11400,-0.1(-0.87 %),4949450,56792000000,0,0,11450,11550,11400
2020-09-25,8.59,11600,0.2(1.75 %),10216640,118131000000,0,0,11450,11750,11350
2020-09-28,8.7,11750,0.15(1.29 %),6966880,81707000000,0,0,11800,11850,11600
2020-09-29,8.52,11500,-0.25(-2.13 %),9663240,114577000000,0,0,11850,12050,11500
2020-09-30,8.56,11550,0.05(0.43 %),5418030,62098000000,34340,396627000,11500,11550,11350
2020-10-01,8.63,11650,0.1(0.87 %),4809220,55933000000,0,0,11650,11750,11550
2020-10-02,8.56,11550,-0.1(-0.86 %),11211910,129147000000,0,0,11600,11700,11250
2020-10-05,9.11,12300,0.75(6.49 %),15719190,188500000000,50000,537500000,11650,12300,11600
2020-10-06,9.07,12250,-0.05(-0.41 %),7132070,87689000000,0,0,12450,12550,12100
2020-10-07,8.89,12000,-0.25(-2.04 %),9045000,109752000000,0,0,12100,12250,12000
2020-10-08,8.96,12100,0.1(0.83 %),9054770,109151000000,0,0,12100,12200,11900
2020-10-09,8.96,12100,0(0.00 %),3826640,46718000000,0,0,12200,12400,12100
2020-10-12,8.63,11650,-0.45(-3.72 %),11312100,134618000000,0,0,12100,12150,11600
2020-10-13,8.56,11550,-0.1(-0.86 %),4272690,49638000000,200000,2170000000,11600,11700,11550
2020-10-14,8.52,11500,-0.05(-0.43 %),5311850,61410000000,0,0,11650,11700,11500
2020-10-15,8.56,11550,0.05(0.43 %),4978240,57543000000,300000,3690000000,11600,11700,11450
2020-10-16,8.56,11550,0(0.00 %),4508880,52194000000,0,0,11600,11700,11500
2020-10-19,8.45,11400,-0.15(-1.30 %),4658100,53577000000,0,0,11600,11650,11400
2020-10-20,8.56,11550,0.15(1.32 %),4810270,55470000000,0,0,11500,11650,11450
2020-10-21,8.45,11400,-0.15(-1.30 %),4354930,50005000000,0,0,11600,11600,11400
2020-10-22,8.45,11400,0(0.00 %),3220510,36474000000,0,0,11350,11400,11250
2020-10-23,8.45,11400,0(0.00 %),2361150,26989000000,0,0,11500,11550,11350
2020-10-26,8.15,11000,-0.4(-3.51 %),7698480,86493000000,0,0,11400,11400,11000
2020-10-27,8.0,10800,-0.2(-1.82 %),5581180,60937000000,0,0,11050,11100,10750
2020-10-28,7.96,10750,-0.05(-0.46 %),4310880,46502000000,0,0,10700,11000,10700
2020-10-29,7.96,10750,0(0.00 %),2415310,25784000000,0,0,10750,10800,10550
2020-10-30,8.04,10850,0.1(0.93 %),2715390,29421000000,0,0,11000,11000,10650
2020-11-02,7.96,10750,-0.1(-0.92 %),1347920,14548000000,0,0,10850,10900,10700
2020-11-03,8.07,10900,0.15(1.40 %),2222420,24153000000,0,0,11000,11000,10800
2020-11-04,8.3,11200,0.3(2.75 %),3828560,42754000000,0,0,10950,11300,10900
2020-11-05,8.15,11000,-0.2(-1.79 %),1948250,21665000000,0,0,11250,11250,11000
2020-11-06,8.15,11000,0(0.00 %),1490380,16333000000,250000,2562500000,11000,11100,10850
2020-11-09,8.41,11350,0.35(3.18 %),3946670,44133000000,0,0,11050,11350,11000
2020-11-10,8.63,11650,0.3(2.64 %),9522940,111964000000,0,0,11800,11850,11600
2020-11-11,8.93,12050,0.4(3.43 %),13230970,158100000000,520000,6154000000,11750,12200,11750
2020-11-12,8.82,11900,-0.15(-1.24 %),5132230,61318000000,0,0,12050,12100,11850
2020-11-13,8.78,11850,-0.05(-0.42 %),4994540,59220000000,0,0,11850,12000,11750
2020-11-16,8.63,11650,-0.2(-1.69 %),8188280,96671000000,320000,3536000000,12000,12000,11600
2020-11-17,9.11,12300,0.65(5.58 %),17234050,207748000000,60000,651000000,11800,12300,11700
2020-11-18,9.3,12550,0.25(2.03 %),12700880,158376000000,0,0,12300,12650,12150
2020-11-19,9.41,12700,0.15(1.20 %),10842550,138810000000,0,0,12600,13000,12500
2020-11-20,9.37,12650,-0.05(-0.39 %),8957510,112300000000,0,0,12600,12750,12350
2020-11-23,9.33,12600,-0.05(-0.40 %),7010980,88447000000,0,0,12750,12750,12500
2020-11-24,9.63,13000,0.4(3.17 %),14601780,187809000000,0,0,12650,13100,12600
2020-11-25,9.82,13250,0.25(1.92 %),11258080,150417000000,0,0,13250,13500,13200
2020-11-26,9.82,13250,0(0.00 %),6444880,85443000000,0,0,13200,13450,13150
2020-11-27,9.78,13200,-0.05(-0.38 %),7194340,94488000000,0,0,13250,13250,13000
2020-11-30,9.59,12950,-0.25(-1.89 %),9146560,119293000000,84010,1033323000,13100,13200,12900
2020-12-01,9.74,13150,0.2(1.54 %),9046590,116481000000,0,0,12700,13150,12650
2020-12-02,9.63,13000,-0.15(-1.14 %),7988630,104461000000,0,0,13100,13300,12950
2020-12-03,9.82,13250,0.25(1.92 %),7597870,100381000000,0,0,13100,13400,13050
2020-12-04,10.0,13500,0.25(1.89 %),11141900,151043000000,0,0,13400,13750,13350
2020-12-07,10.04,13550,0.05(0.37 %),5727180,77460000000,0,0,13550,13650,13450
2020-12-08,9.93,13400,-0.15(-1.11 %),6710250,90397000000,0,0,13500,13600,13400
2020-12-09,10.0,13500,0.1(0.75 %),8089420,109956000000,0,0,13400,13750,13400
2020-12-10,9.74,13150,-0.35(-2.59 %),7926400,106114000000,0,0,13650,13650,13100
2020-12-11,10.04,13550,0.4(3.04 %),5411950,72725000000,0,0,13500,13550,13300
2020-12-14,10.22,13800,0.25(1.85 %),11710020,161339000000,0,0,13600,13950,13550
2020-12-15,10.11,13650,-0.15(-1.09 %),6986460,95751000000,0,0,13700,13850,13550
2020-12-16,10.52,14200,0.55(4.03 %),11871390,166346000000,0,0,13800,14250,13750
2020-12-17,10.52,14200,0(0.00 %),11049360,158102000000,0,0,14200,14550,14050
2020-12-18,10.63,14350,0.15(1.06 %),5508190,78796000000,0,0,14300,14400,14200
2020-12-21,10.89,14700,0.35(2.44 %),14160130,207019000000,0,0,14500,14950,14300
2020-12-22,10.85,14650,-0.05(-0.34 %),10035240,146383000000,0,0,14550,14800,14450
2020-12-23,10.74,14500,-0.15(-1.02 %),7322350,106421000000,0,0,14550,14650,14400
2020-12-24,10.59,14300,-0.2(-1.38 %),8218310,116874000000,0,0,14650,14750,13700
2020-12-25,10.67,14400,0.1(0.70 %),5806120,82560000000,0,0,14300,14450,13900
2020-12-28,11.41,15400,1(6.94 %),19667390,298186000000,0,0,14600,15400,14450
2020-12-29,11.7,15800,0.4(2.60 %),12156560,192269000000,0,0,15600,16100,15400
2020-12-30,11.78,15900,0.1(0.63 %),6998440,110714000000,0,0,15900,16100,15650
2020-12-31,12.0,16200,0.3(1.89 %),12039840,192818000000,0,0,15900,16400,15650
2021-01-04,12.82,17300,1.1(6.79 %),10631200,180316000000,0,0,16800,17300,16400
2021-01-05,12.89,17400,0.1(0.58 %),10011200,176276000000,20000,324000000,17000,18000,17000
2021-01-06,13.0,17550,0.15(0.86 %),12709900,227693000000,0,0,18000,18250,17450
2021-01-07,13.89,18750,1.2(6.84 %),14500900,262533000000,0,0,17800,18750,17550
2021-01-08,14.56,19650,0.9(4.80 %),12165800,239040000000,0,0,19000,20050,19000
2021-01-11,15.56,21000,1.35(6.87 %),10506700,218521000000,0,0,20450,21000,20200
2021-01-12,15.85,21400,0.4(1.90 %),11307900,238481000000,0,0,20950,22000,20500
2021-01-13,15.56,21000,-0.4(-1.87 %),13054100,277388000000,0,0,21800,21900,20650
2021-01-14,15.82,21350,0.35(1.67 %),13235300,277683000000,0,0,20800,21450,20600
2021-01-15,16.89,22800,1.45(6.79 %),9774600,219520000000,0,0,21900,22800,21450
2021-01-18,17.15,23150,0.35(1.54 %),9677500,226239000000,0,0,22800,23900,22500
2021-01-19,15.96,21550,-1.6(-6.91 %),13831500,309208000000,200000,4740000000,23000,23400,21550
2021-01-20,15.82,21350,-0.2(-0.93 %),18361300,379220000000,250000,5387500000,21600,21950,20050
2021-01-21,16.45,22200,0.85(3.98 %),11931500,259417000000,0,0,21800,22350,20950
2021-01-22,15.78,21300,-0.9(-4.05 %),11595800,252974000000,0,0,22200,22300,21250
2021-01-25,15.41,20800,-0.5(-2.35 %),11094600,232097000000,0,0,20700,21500,20500
2021-01-26,14.33,19350,-1.45(-6.97 %),15063500,298808000000,0,0,21000,21150,19350
2021-01-27,13.52,18250,-1.1(-5.68 %),13499800,255784000000,0,0,19050,19900,18050
2021-01-28,12.59,17000,-1.25(-6.85 %),10022200,171697000000,0,0,17000,17600,17000
2021-01-29,13.11,17700,0.7(4.12 %),10623600,182852000000,0,0,16050,18000,16050
2021-02-01,12.22,16500,-1.2(-6.78 %),9358800,157706000000,0,0,17300,17900,16500
2021-02-02,12.96,17500,1(6.06 %),9162900,154534000000,0,0,16800,17500,16200
2021-02-03,13.85,18700,1.2(6.86 %),7709400,142768000000,0,0,18200,18700,18050
2021-02-04,14.52,19600,0.9(4.81 %),11717300,230436000000,0,0,19300,20000,19200
2021-02-05,14.78,19950,0.35(1.79 %),9395300,188952000000,0,0,20000,20450,19800
2021-02-08,15.04,20300,0.35(1.75 %),14838700,303394000000,200000,3800000000,20300,21300,19500
2021-02-09,15.71,21200,0.9(4.43 %),11796300,248552000000,0,0,21200,21500,20400
2021-02-17,16.78,22650,1.45(6.84 %),9538200,215918000000,34800,687300000,22650,22650,22500
2021-02-18,17.34,23400,0.75(3.31 %),28385400,677447000000,0,0,24200,24200,22800
2021-02-19,16.78,22650,-0.75(-3.21 %),19485300,446203000000,0,0,22750,23550,22300
2021-02-22,17.26,23300,0.65(2.87 %),12368100,284541000000,0,0,22800,23500,22550
2021-02-23,17.56,23700,0.4(1.72 %),11740100,282614000000,0,0,24200,24400,23700
2021-02-24,16.96,22900,-0.8(-3.38 %),14005300,322483000000,0,0,23500,23650,22400
2021-02-25,17.37,23450,0.55(2.40 %),12003900,280869000000,0,0,23500,23800,23000
2021-02-26,17.34,23400,-0.05(-0.21 %),11418100,263290000000,0,0,22800,23450,22750
2021-03-01,18.08,24400,1(4.27 %),14566500,347065000000,968800,23638720000,23800,24600,23450
2021-03-02,17.74,23950,-0.45(-1.84 %),11601500,278410000000,60000,1485000000,24000,24350,23800
2021-03-03,17.45,23550,-0.4(-1.67 %),8640700,203689000000,0,0,23600,23750,23400
2021-03-04,17.93,24200,0.65(2.76 %),13326600,313783000000,0,0,24000,24200,22400
2021-03-05,18.71,25250,1.05(4.34 %),15886900,395328000000,0,0,25000,25300,24400
2021-03-08,19.04,25700,0.45(1.78 %),13616700,353395000000,0,0,26300,26300,25150
2021-03-09,18.15,24500,-1.2(-4.67 %),9631700,238990000000,0,0,25000,25100,24500
2021-03-10,17.67,23850,-0.65(-2.65 %),11687600,279236000000,0,0,24200,24300,23600
2021-03-11,17.89,24150,0.3(1.26 %),5304900,128502000000,0,0,24200,24500,24000
2021-03-12,17.78,24000,-0.15(-0.62 %),6453800,156230000000,0,0,24500,24600,23900
2021-03-15,17.74,23950,-0.05(-0.21 %),7051400,169706000000,0,0,24000,24300,23900
2021-03-16,17.45,23550,-0.4(-1.67 %),9810000,231839000000,0,0,23850,23900,23400
2021-03-17,17.93,24200,0.7(2.98 %),8267900,196119000000,0,0,23500,24400,23300
2021-03-18,17.71,23900,-0.3(-1.24 %),4605200,110585000000,0,0,24200,24450,23850
2021-03-19,17.26,23300,-0.6(-2.51 %),13928100,323189000000,0,0,23000,23500,22900
2021-03-22,17.37,23450,0.15(0.64 %),4760000,111772000000,0,0,23650,23750,23250
2021-03-23,17.11,23100,-0.35(-1.49 %),5058100,117378000000,0,0,23450,23500,22900
2021-03-24,16.19,21850,-1.25(-5.41 %),12655500,280543000000,0,0,22450,22700,21550
2021-03-25,16.08,21700,-0.15(-0.69 %),6904600,151922000000,0,0,22400,22400,21700
2021-03-26,16.15,21800,0.1(0.46 %),8520900,179732000000,0,0,21500,22000,20200
2021-03-29,16.26,21950,0.15(0.69 %),5646700,124568000000,0,0,22200,22400,21700
2021-03-30,16.71,22550,0.6(2.73 %),6061200,134592000000,0,0,22200,22700,21900
2021-03-31,16.74,22600,0.05(0.22 %),4798300,108098000000,0,0,22500,22850,22250
2021-04-01,17.19,23200,0.6(2.65 %),6850500,156005000000,0,0,22600,23350,22450
2021-04-02,17.08,23050,-0.15(-0.65 %),5746200,133454000000,0,0,23500,23500,23000
2021-04-05,16.96,22900,-0.15(-0.65 %),5250900,120638000000,0,0,23050,23350,22650
2021-04-06,17.04,23000,0.1(0.44 %),7885100,177833000000,0,0,22700,23000,22350
2021-04-07,17.04,23000,0(0.00 %),5774900,133423000000,0,0,23200,23200,22900
2021-04-08,16.96,22900,-0.1(-0.43 %),3709900,85019000000,0,0,23050,23100,22750
2021-04-09,16.74,22600,-0.3(-1.31 %),9827700,223024000000,200000,4260000000,22600,22900,22600
2021-04-12,16.48,22250,-0.35(-1.55 %),8762000,195331000000,0,0,22500,22500,22150
2021-04-13,16.22,21900,-0.35(-1.57 %),5155600,114382000000,0,0,22450,22550,21700
2021-04-14,16.59,22400,0.5(2.28 %),5563400,122921000000,100000,2090000000,21800,22550,21550
2021-04-15,16.52,22300,-0.1(-0.45 %),5705100,129113000000,0,0,22900,23000,22250
2021-04-16,16.19,21850,-0.45(-2.02 %),5043800,110564000000,0,0,22250,22350,21600
2021-04-19,16.19,21850,0(0.00 %),4577400,99316000000,0,0,21850,22050,21450
2021-04-20,16.19,21850,0(0.00 %),5981600,132011000000,0,0,22000,22400,21600
2021-04-22,15.08,20350,-1.5(-6.86 %),6100500,129086000000,909259,18503420650,21800,21850,20350
2021-04-23,15.19,20500,0.15(0.74 %),5803400,117629000000,0,0,20400,20750,19700
2021-04-26,14.19,19150,-1.35(-6.59 %),8415700,164748000000,0,0,20450,20450,19100
2021-04-27,13.85,18700,-0.45(-2.35 %),4319400,82301000000,0,0,19200,19500,18700
2021-04-28,14.19,19150,0.45(2.41 %),3756300,72183000000,0,0,18800,19500,18800
2021-04-29,14.19,19150,0(0.00 %),3599900,69784000000,0,0,19500,19650,19150
2021-05-04,13.74,18550,-0.6(-3.13 %),5181200,95591000000,0,0,18200,19000,18000
2021-05-05,14.67,19800,1.25(6.74 %),4768500,93065000000,0,0,19400,19800,19100
2021-05-06,14.89,20100,0.3(1.52 %),7384200,150917000000,0,0,20150,20800,20000
2021-05-07,14.45,19500,-0.6(-2.99 %),4821800,95648000000,0,0,20000,20300,19450
2021-05-10,14.96,20200,0.7(3.59 %),5214600,103401000000,0,0,19500,20400,19400
2021-05-11,15.22,20550,0.35(1.73 %),7589900,156070000000,0,0,20200,21200,19900
2021-05-12,15.63,21100,0.55(2.68 %),5138400,108275000000,0,0,20700,21300,20700
2021-05-13,15.33,20700,-0.4(-1.90 %),5633600,119049000000,0,0,21400,21550,20700
2021-05-14,14.89,20100,-0.6(-2.90 %),5903500,120159000000,0,0,20700,20700,20050
2021-05-17,14.67,19800,-0.3(-1.49 %),4437800,89566000000,0,0,20500,20700,19800
2021-05-18,15.41,20800,1(5.05 %),5793600,116885000000,0,0,20000,20800,19650
2021-05-19,14.82,20000,-0.8(-3.85 %),3378100,68347000000,0,0,20500,20500,20000
2021-05-20,14.33,19350,-0.65(-3.25 %),4730700,91872000000,30000,615000000,19700,19850,19200
2021-05-21,14.45,19500,0.15(0.78 %),5188200,100506000000,0,0,18800,20000,18750
2021-05-24,14.89,20100,0.6(3.08 %),5544300,111371000000,277000,5401500000,20100,20400,19800
2021-05-25,15.26,20600,0.5(2.49 %),6790900,140746000000,0,0,20700,20950,20500
2021-05-26,15.04,20300,-0.3(-1.46 %),4688000,95134000000,0,0,20500,20550,20150
2021-05-27,14.59,19700,-0.6(-2.96 %),4780000,95435000000,0,0,20300,20450,19500
2021-05-28,15.3,20650,0.95(4.82 %),9585300,196687000000,0,0,20200,20900,19700
2021-05-31,16.15,21800,1.15(5.57 %),9836300,207709000000,0,0,21000,21800,20450
2021-06-01,16.59,22400,0.6(2.75 %),9863100,224817000000,0,0,22700,23100,22300
2021-06-02,16.74,22600,0.2(0.89 %),13375700,303265000000,0,0,22400,23000,22300
2021-06-03,16.82,22700,0.1(0.44 %),12216000,280731000000,135000,2841750000,23100,23250,22600
2021-06-04,17.96,24250,1.55(6.83 %),24263200,565283000000,0,0,22700,24250,22350
2021-06-07,18.82,25400,1.15(4.74 %),16290000,414748000000,0,0,25500,25900,24500
2021-06-08,17.52,23650,-1.75(-6.89 %),14257700,346442000000,0,0,24700,25400,23650
2021-06-09,17.67,23850,0.2(0.85 %),16095600,381270000000,50000,1100000000,23700,24400,22600
2021-06-10,16.45,22200,-1.65(-6.92 %),18618200,422444000000,45000,1147500000,23450,23700,22200
2021-06-11,16.67,22500,0.3(1.35 %),14332600,316984000000,72000,1641800000,22200,22750,21550
2021-06-14,16.96,22900,0.4(1.78 %),7902800,182459000000,0,0,22800,23450,22700
2021-06-15,16.63,22450,-0.45(-1.97 %),7383300,167373000000,0,0,22900,23100,22300
2021-06-16,16.96,22900,0.45(2.00 %),14067100,326237000000,0,0,23000,23550,22800
2021-06-17,17.48,23600,0.7(3.06 %),11981600,280713000000,0,0,22600,23950,22100
2021-06-18,17.15,23150,-0.45(-1.91 %),7450200,173575000000,0,0,23600,23600,23150
2021-06-21,17.22,23250,0.1(0.43 %),7219800,168968000000,0,0,23300,23800,23100
2021-06-22,17.67,23850,0.6(2.58 %),13799000,333531000000,0,0,23850,24700,23650
2021-06-23,17.37,23450,-0.4(-1.68 %),6649200,156729000000,20000,444000000,23900,23900,23100
2021-06-24,17.04,23000,-0.45(-1.92 %),7532700,175115000000,0,0,23500,23650,22800
2021-06-25,17.04,23000,0(0.00 %),9040500,207420000000,0,0,23200,23400,22550
2021-06-28,17.04,23000,0(0.00 %),5250000,121905000000,0,0,23500,23600,23000
2021-06-29,16.41,22150,-0.85(-3.70 %),11343000,254192000000,0,0,22800,22850,22000
2021-06-30,16.3,22000,-0.15(-0.68 %),5952700,132033000000,0,0,22100,22450,21950
2021-07-01,16.48,22250,0.25(1.14 %),6490500,142855000000,50000,1175000000,22800,22800,21500
2021-07-02,16.48,22250,0(0.00 %),5211000,117328000000,0,0,22700,22800,22250
2021-07-05,15.96,21550,-0.7(-3.15 %),8282800,179000000000,0,0,22200,22200,21000
2021-07-06,14.85,20050,-1.5(-6.96 %),6519700,138308000000,0,0,21900,22100,20050
2021-07-07,14.52,19600,-0.45(-2.24 %),7505700,146709000000,100000,2145000000,19900,20100,19000
2021-07-08,14.33,19350,-0.25(-1.28 %),3949500,77663000000,0,0,19700,20000,19300
2021-07-09,13.7,18500,-0.85(-4.39 %),6777800,128970000000,0,0,19350,19650,18300
2021-07-12,14.08,19000,0.5(2.70 %),9088500,168739000000,0,0,18450,19200,18000
2021-07-13,14.33,19350,0.35(1.84 %),4539200,87422000000,0,0,19300,19550,18950
2021-07-14,14.37,19400,0.05(0.26 %),4276700,83728000000,0,0,19600,19950,19150
2021-07-15,14.37,19400,0(0.00 %),4455000,85847000000,0,0,19050,19500,18800
2021-07-16,14.19,19150,-0.25(-1.29 %),3567500,68760000000,0,0,19300,19750,19000
2021-07-19,13.22,17850,-1.3(-6.79 %),9874400,177855000000,70000,1431500000,18300,18700,17850
2021-07-20,13.11,17700,-0.15(-0.84 %),6922200,118379000000,0,0,17500,17750,16650
2021-07-21,12.96,17500,-0.2(-1.13 %),3682500,65698000000,30000,546000000,17700,18200,17500
2021-07-22,13.26,17900,0.4(2.29 %),5347000,95902000000,0,0,17900,18300,17700
2021-07-23,12.74,17200,-0.7(-3.91 %),4213900,74886000000,20000,360000000,17900,18250,17200
2021-07-26,12.89,17400,0.2(1.16 %),3188500,55262000000,0,0,17200,17600,17050
2021-07-27,13.33,18000,0.6(3.45 %),5388600,97591000000,0,0,17800,18450,17500
2021-07-28,13.22,17850,-0.15(-0.83 %),2444200,44100000000,0,0,18000,18350,17850
2021-07-29,13.56,18300,0.45(2.52 %),5156600,93296000000,0,0,18100,18300,17800
2021-07-30,13.45,18150,-0.15(-0.82 %),4802900,87624000000,0,0,18350,18400,18150
2021-08-02,13.59,18350,0.2(1.10 %),5426500,100149000000,0,0,18150,18800,18050
2021-08-03,13.52,18250,-0.1(-0.54 %),6011200,108600000000,0,0,18350,18350,17800
2021-08-04,14.0,18900,0.65(3.56 %),9321700,174267000000,0,0,18300,19150,18200
2021-08-05,13.89,18750,-0.15(-0.79 %),5049100,94513000000,0,0,18700,18900,18500
2021-08-06,13.78,18600,-0.15(-0.80 %),6123800,115129000000,0,0,18950,19050,18550
2021-08-09,13.63,18400,-0.2(-1.08 %),7631000,139360000000,0,0,18150,18500,18050
2021-08-10,14.52,19600,1.2(6.52 %),11880100,224896000000,20000,343000000,18400,19600,18300
2021-08-11,14.56,19650,0.05(0.26 %),8197300,163974000000,0,0,19900,20300,19650
2021-08-12,14.56,19650,0(0.00 %),5569900,110088000000,0,0,19550,20200,19450
2021-08-13,14.45,19500,-0.15(-0.76 %),8210100,157805000000,0,0,19350,19500,18850
2021-08-16,14.37,19400,-0.1(-0.51 %),6702700,130940000000,0,0,19500,19800,19200
2021-08-17,14.67,19800,0.4(2.06 %),7918100,155804000000,0,0,19400,20050,19300
2021-08-18,14.82,20000,0.2(1.01 %),6763900,134893000000,0,0,19600,20300,19550
2021-08-19,14.45,19500,-0.5(-2.50 %),5890600,115663000000,0,0,19750,19800,19500
2021-08-20,13.56,18300,-1.2(-6.15 %),11024500,208391000000,20080,372283200,19350,19500,18150
2021-08-23,12.74,17200,-1.1(-6.01 %),6922300,123071000000,0,0,18100,18400,17200
2021-08-24,13.04,17600,0.4(2.33 %),5614900,98464000000,0,0,17500,17950,17200
2021-08-25,13.33,18000,0.4(2.27 %),2415800,43069000000,0,0,17800,18000,17600
2021-08-26,13.19,17800,-0.2(-1.11 %),2543100,45776000000,0,0,18050,18300,17600
2021-08-27,13.52,18250,0.45(2.53 %),3672000,65903000000,0,0,17550,18300,17550
2021-08-30,13.93,18800,0.55(3.01 %),4095400,76522000000,24000,438000000,18700,18800,18550
2021-08-31,14.41,19450,0.65(3.46 %),8979600,173479000000,0,0,19200,19800,18850
2021-09-01,14.22,19200,-0.25(-1.29 %),5035400,97389000000,100000,2050000000,19300,19600,19100
2021-09-06,14.26,19250,0.05(0.26 %),11763400,224231000000,320000,6400000000,18900,19750,18650
2021-09-07,13.7,18500,-0.75(-3.90 %),5477700,103016000000,90000,1800000000,19250,19250,18500
2021-09-08,13.59,18350,-0.15(-0.81 %),4196600,77135000000,0,0,18400,18650,18150
2021-09-09,13.56,18300,-0.05(-0.27 %),3170800,58103000000,126500,2277000000,18250,18600,18100
2021-09-10,13.48,18200,-0.1(-0.55 %),3537900,64620000000,0,0,18400,18500,18100
2021-09-13,13.59,18350,0.15(0.82 %),4777800,88915000000,20000,388000000,18500,18800,18350
2021-09-14,13.56,18300,-0.05(-0.27 %),2783400,51371000000,91000,1683500000,18750,18750,18300
2021-09-15,14.48,19550,1.25(6.83 %),10251300,196305000000,0,0,18350,19550,18350
2021-09-16,14.78,19950,0.4(2.05 %),10116400,204054000000,0,0,20200,20500,19900
2021-09-17,15.08,20350,0.4(2.01 %),9393800,192492000000,0,0,20100,20800,19950
2021-09-20,15.11,20400,0.05(0.25 %),15774000,327748000000,0,0,20350,21200,20350
2021-09-21,16.08,21700,1.3(6.37 %),15456000,322868000000,0,0,20000,21700,20000
2021-09-22,16.15,21800,0.1(0.46 %),7734500,170037000000,0,0,21950,22300,21800
2021-09-23,16.11,21750,-0.05(-0.23 %),9107300,199227000000,0,0,21900,22500,21600
2021-09-24,15.78,21300,-0.45(-2.07 %),9574600,207139000000,0,0,22000,22250,21000
2021-09-27,15.41,20800,-0.5(-2.35 %),9126400,196619000000,0,0,21800,22200,20800
2021-09-28,16.48,22250,1.45(6.97 %),9081800,197453000000,0,0,21150,22250,20900
2021-09-29,16.45,22200,-0.05(-0.22 %),10894300,245822000000,0,0,22500,23100,21700
2021-09-30,16.89,22800,0.6(2.70 %),10232700,231234000000,0,0,22250,23150,22150
2021-10-01,17.48,23600,0.8(3.51 %),12976500,303140000000,360884,7668785000,22800,24000,22500
2021-10-04,17.04,23000,-0.6(-2.54 %),15013400,356236000000,0,0,23900,24250,23000
2021-10-05,17.78,24000,1(4.35 %),10636400,249487000000,0,0,23600,24150,23050
2021-10-06,17.82,24050,0.05(0.21 %),7818600,189305000000,0,0,24350,24500,23800
2021-10-07,17.59,23750,-0.3(-1.25 %),9518600,226588000000,50000,1202500000,23800,24100,23600
2021-10-08,17.48,23600,-0.15(-0.63 %),8340300,199267000000,0,0,23950,24250,23600
2021-10-11,17.67,23850,0.25(1.06 %),8728700,210084000000,0,0,24100,24400,23800
2021-10-12,18.34,24750,0.9(3.77 %),14397000,354312000000,0,0,24050,25100,23850
2021-10-13,18.22,24600,-0.15(-0.61 %),4278600,105571000000,850000,21250000000,24800,24900,24500
2021-10-14,18.37,24800,0.2(0.81 %),8177500,204872000000,0,0,24700,25400,24700
2021-10-15,18.41,24850,0.05(0.20 %),6997700,174549000000,25000,587500000,25000,25300,24600
2021-10-18,19.19,25900,1.05(4.23 %),12642300,327512000000,23000,586500000,25100,26350,25000
2021-10-19,19.04,25700,-0.2(-0.77 %),5811400,149748000000,0,0,25800,25950,25450
2021-10-20,19.11,25800,0.1(0.39 %),7235400,186278000000,0,0,26100,26250,25100
2021-10-21,19.78,26700,0.9(3.49 %),9154500,240904000000,32000,832000000,26000,26900,25700
2021-10-22,20.26,27350,0.65(2.43 %),7724900,209365000000,0,0,26550,27650,26400
2021-10-25,20.15,27200,-0.15(-0.55 %),10757700,300051000000,0,0,28150,28450,26900
2021-10-26,20.67,27900,0.7(2.57 %),9075600,248236000000,0,0,27200,27900,27000
2021-10-27,21.08,28450,0.55(1.97 %),8523300,242157000000,90000,2367000000,28500,28800,27950
2021-10-28,20.74,28000,-0.45(-1.58 %),10808900,302990000000,0,0,28050,28450,27800
2021-10-29,20.78,28050,0.05(0.18 %),7335900,206360000000,20000,521000000,28000,28500,27900
2021-11-01,20.37,27500,-0.55(-1.96 %),10888100,303481000000,0,0,28250,28500,27200
2021-11-02,20.89,28200,0.7(2.55 %),13201900,363975000000,0,0,27500,28700,27000
2021-11-03,20.82,28100,-0.1(-0.35 %),10860200,307710000000,0,0,28200,28950,27900
2021-11-04,20.78,28050,-0.05(-0.18 %),7219200,201245000000,0,0,27800,28200,27300
2021-11-05,21.85,29500,1.45(5.17 %),13794100,402305000000,0,0,28200,29850,28150
2021-11-08,22.52,30400,0.9(3.05 %),6305400,190698000000,248000,7605200000,29950,30750,29550
2021-11-09,23.11,31200,0.8(2.63 %),6878200,210954000000,0,0,30700,31500,30050
2021-11-10,23.48,31700,0.5(1.60 %),6072100,191706000000,0,0,31400,32100,31000
2021-11-11,23.22,31350,-0.35(-1.10 %),7182000,225032000000,0,0,31700,31900,30900
2021-11-12,22.74,30700,-0.65(-2.07 %),9639300,296583000000,0,0,31300,31500,30000
2021-11-15,23.0,31050,0.35(1.14 %),9936300,303668000000,0,0,30350,31800,29900
2021-11-16,23.78,32100,1.05(3.38 %),6676100,212279000000,0,0,30900,32350,30850
2021-11-17,23.71,32000,-0.1(-0.31 %),3986700,128320000000,0,0,32150,32700,31900
2021-11-18,22.67,30600,-1.4(-4.38 %),10781800,336873000000,0,0,31800,31900,30600
2021-11-19,21.11,28500,-2.1(-6.86 %),22088900,645494000000,0,0,30700,30850,28500
2021-11-22,19.67,26550,-1.95(-6.84 %),11827800,317929000000,0,0,27600,27900,26550
2021-11-23,20.45,27600,1.05(3.95 %),6195400,168346000000,0,0,26900,27900,26800
2021-11-24,20.56,27750,0.15(0.54 %),4514800,126371000000,0,0,28500,28500,27500
2021-11-25,20.56,27750,0(0.00 %),4159700,115793000000,0,0,27800,28400,27500
2021-11-26,19.48,26300,-1.45(-5.23 %),10377700,277468000000,0,0,27500,27600,26000
2021-11-29,19.04,25700,-0.6(-2.28 %),8683000,219012000000,88200,2478420000,24800,25900,24800
2021-11-30,20.15,27200,1.5(5.84 %),6699200,180846000000,0,0,26300,27450,26200
2021-12-01,20.56,27750,0.55(2.02 %),5260800,144243000000,0,0,27000,28200,26700
2021-12-02,20.52,27700,-0.05(-0.18 %),3598600,99666000000,0,0,27400,28150,27100
2021-12-03,19.26,26000,-1.7(-6.14 %),5458000,148078000000,20000,592000000,28000,28000,26000
2021-12-06,19.59,26450,0.45(1.73 %),4888800,128497000000,70000,1946000000,26700,26800,25800
2021-12-07,20.96,28300,1.85(6.99 %),7660900,213155000000,50000,1230000000,27300,28300,26800
2021-12-08,21.11,28500,0.2(0.71 %),5827000,168182000000,0,0,28900,29250,28500
2021-12-09,21.63,29200,0.7(2.46 %),4623900,134193000000,120000,3648000000,28500,29350,28500
2021-12-10,21.41,28900,-0.3(-1.03 %),6350400,183739000000,0,0,28800,29250,28600
2021-12-13,21.48,29000,0.1(0.35 %),4795300,139937000000,68000,1999200000,29100,29600,28900
2021-12-14,21.26,28700,-0.3(-1.03 %),4767300,136950000000,0,0,28700,29200,28450
2021-12-15,20.67,27900,-0.8(-2.79 %),5559800,157703000000,142000,3930400000,28500,28850,27800
2021-12-16,20.89,28200,0.3(1.08 %),3029700,85345000000,68000,1764600000,28400,28500,27950
2021-12-17,20.59,27800,-0.4(-1.42 %),5286800,149054000000,80000,2100000000,28800,28900,27800
2021-12-20,19.82,26750,-1.05(-3.78 %),8479300,227928000000,0,0,27200,27500,26500
2021-12-21,20.3,27400,0.65(2.43 %),3454900,93685000000,0,0,26900,27700,26800
2021-12-22,19.78,26700,-0.7(-2.55 %),4171100,113499000000,0,0,27800,28100,26700
2021-12-23,21.15,28550,1.85(6.93 %),8375700,231912000000,32000,796800000,27000,28550,26500
2021-12-24,21.41,28900,0.3(1.05 %),7505200,220858000000,0,0,29300,30200,28700
2021-12-27,21.96,29650,0.75(2.60 %),5645100,165949000000,0,0,29250,29950,28550
2021-12-28,21.96,29650,-0.05(-0.17 %),7841600,236721000000,0,0,30100,30650,29600
2021-12-29,22.3,30100,0.4(1.35 %),5922100,177303000000,0,0,29800,30700,29400
2021-12-30,22.34,30150,0.05(0.17 %),4624200,141301000000,0,0,30500,30950,30100
2021-12-31,21.96,29650,-0.55(-1.82 %),4654400,139587000000,50000,1500000000,30400,30650,29100
2022-01-04,23.04,31100,1.4(4.71 %),8257000,254291000000,0,0,30100,31500,29750
2022-01-05,23.0,31050,-0.05(-0.16 %),6118700,192096000000,0,0,31600,31750,31000
2022-01-06,22.97,31000,-0.1(-0.32 %),6041800,187854000000,0,0,31100,31600,30650
2022-01-07,23.37,31550,0.55(1.77 %),9806500,313918000000,0,0,32000,32450,31400
2022-01-10,21.78,29400,-2.2(-6.96 %),13807400,421020000000,204000,6180900000,31200,31800,29400
2022-01-11,21.85,29500,0.1(0.34 %),5553500,163844000000,230000,7000000000,29700,29950,29000
2022-01-12,23.37,31550,2.05(6.95 %),13690200,429049000000,0,0,30300,31550,30100
2022-01-13,23.04,31100,-0.5(-1.58 %),11288600,363972000000,90000,2835000000,32500,33300,31100
2022-01-14,23.26,31400,0.3(0.96 %),5987200,187483000000,230000,7422500000,30900,31850,30500
2022-01-17,23.71,32000,0.6(1.91 %),15883200,520347000000,0,0,32500,33300,31800
2022-01-18,25.04,33800,1.8(5.62 %),11121400,370093000000,0,0,32200,33950,31950
2022-01-19,24.11,32550,-1.25(-3.70 %),10145500,340011000000,130000,4485000000,34900,34900,32200
2022-01-20,24.48,33050,0.25(0.76 %),5896100,192359000000,60000,2088000000,32600,33500,31950
2022-01-21,25.08,33850,0.55(1.65 %),13395500,444722000000,0,0,32800,34750,32400
2022-01-24,24.11,32550,-1.35(-3.98 %),8929800,300474000000,0,0,34050,34500,32100
2022-01-25,24.37,32900,0.3(0.92 %),7997500,258665000000,0,0,32500,33000,31600
2022-01-26,24.08,32500,-0.4(-1.22 %),5472900,180109000000,0,0,33200,33400,32500
2022-01-27,24.26,32750,0.25(0.77 %),5118200,169005000000,0,0,32950,33500,32500
2022-01-28,22.59,30500,-2.3(-7.01 %),16192300,505282000000,0,0,32550,33100,30500
2022-02-07,23.11,31200,0.7(2.30 %),6349300,201166000000,0,0,31500,32300,31200
2022-02-08,22.74,30700,-0.5(-1.60 %),6413000,198590000000,0,0,31000,31450,30550
2022-02-09,22.11,29850,-0.85(-2.77 %),10728400,324563000000,0,0,30400,30950,29800
2022-02-10,22.74,30700,0.8(2.68 %),5912000,180674000000,0,0,30200,30850,30100
2022-02-11,22.85,30850,0.15(0.49 %),5200100,162315000000,0,0,31000,31700,30700
2022-02-14,22.97,31000,0.1(0.32 %),7719400,243463000000,0,0,31500,32050,31000
2022-02-15,22.67,30600,-0.4(-1.29 %),4176800,128453000000,0,0,31000,31300,30450
2022-02-16,23.04,31100,0.5(1.63 %),8691700,264064000000,0,0,30300,31500,29850
2022-02-17,23.0,31050,-0.05(-0.16 %),3891500,121460000000,0,0,31100,31600,30900
2022-02-18,22.85,30850,-0.25(-0.80 %),4226500,130250000000,0,0,30900,31200,30600
2022-02-21,23.11,31200,0.3(0.97 %),7024000,220226000000,0,0,31000,31800,31000
2022-02-22,23.74,32050,0.85(2.72 %),9530000,304990000000,0,0,31800,32400,31650
2022-02-23,24.82,33500,1.4(4.36 %),20563300,693973000000,0,0,32450,34250,32400
2022-02-24,26.37,35600,2.1(6.27 %),17415100,603636000000,180000,6336000000,33900,35800,33500
2022-02-25,25.34,34200,-1.4(-3.93 %),12708500,443911000000,60005,2052171000,35000,35800,34200
2022-02-28,25.85,34900,0.7(2.05 %),9155100,318435000000,0,0,34850,35400,34100
2022-03-01,25.85,34900,0(0.00 %),8055200,279938000000,0,0,35000,35300,34300
2022-03-02,26.89,36300,1.4(4.01 %),10234200,373107000000,40000,1460000000,37000,37000,35700
2022-03-03,26.67,36000,-0.3(-0.83 %),9285300,336496000000,530000,20405000000,36650,37000,35750
2022-03-04,26.0,35100,-0.9(-2.50 %),9997500,354274000000,0,0,35600,36000,35100
2022-03-07,27.82,37550,2.45(6.98 %),9678800,358870000000,40000,1460000000,36600,37550,36100
2022-03-08,27.93,37700,0.1(0.27 %),11395500,430655000000,0,0,37500,38500,37000
2022-03-09,29.6,39950,2.25(5.97 %),16938900,667738000000,0,0,38700,40300,37800
2022-03-10,28.74,38800,-1.2(-3.00 %),12725300,490191000000,200000,7900000000,38600,39450,37850
2022-03-11,27.48,37100,-1.7(-4.38 %),20216800,751206000000,0,0,38000,38250,36350
2022-03-14,26.41,35650,-1.45(-3.91 %),12596100,454065000000,40042,1433503600,36450,37100,35500
2022-03-15,26.67,36000,0.3(0.84 %),10029200,349273000000,200000,7620000000,34200,36150,34150
2022-03-16,26.26,35450,-0.55(-1.53 %),4186700,148908000000,0,0,35500,36100,35150
2022-03-17,25.48,34400,-1.1(-3.10 %),6573300,228305000000,80000,2816000000,35400,35400,34350
2022-03-18,26.3,35500,1.1(3.20 %),6608900,234314000000,200000,7360000000,35500,35850,35200
2022-03-21,26.89,36300,0.8(2.25 %),5945600,212498000000,0,0,35900,36300,35200
2022-03-22,27.08,36550,0.25(0.69 %),6367100,235184000000,100000,3500000000,37200,37300,36550
2022-03-23,26.6,35900,-0.7(-1.91 %),5198900,188443000000,960000,37000000000,36400,36800,35750
2022-03-24,26.45,35700,-0.2(-0.56 %),4824300,174673000000,70500,2707200000,36600,36850,35700
2022-03-25,26.11,35250,-0.45(-1.26 %),4886700,173047000000,0,0,35500,35950,35100
2022-03-28,26.6,35900,0.6(1.70 %),6340900,224693000000,200000,7360000000,34900,36150,34850
2022-03-29,27.08,36550,0.65(1.81 %),8521000,310018000000,0,0,35600,37200,35250
2022-03-30,26.15,35300,-1.3(-3.55 %),5263800,188686000000,80000,2928000000,36200,36800,35050
2022-03-31,25.34,34200,-1.1(-3.12 %),5459100,189683000000,200000,7360000000,35200,35750,34150
2022-04-01,24.67,33300,-0.9(-2.63 %),9852800,325541000000,0,0,33800,33800,32500
2022-04-04,25.04,33800,0.5(1.50 %),4359100,145459000000,0,0,33600,33950,33000
2022-04-05,25.22,34050,0.25(0.74 %),2388900,81828000000,200000,7230000000,34100,34500,34050
2022-04-06,25.08,33850,-0.25(-0.73 %),3094700,104928000000,0,0,33500,34200,33350
2022-04-07,24.59,33200,-0.7(-2.06 %),5741100,191751000000,0,0,33500,33950,32800
2022-04-08,23.04,31100,-2.1(-6.33 %),5460700,176131000000,0,0,33350,33350,31100
2022-04-12,21.45,28950,-2.15(-6.91 %),9207400,273939000000,0,0,31150,31500,28950
2022-04-13,22.08,29800,0.8(2.76 %),4218300,123820000000,860000,23650000000,29800,29850,28500
2022-04-14,22.45,30300,0.5(1.68 %),3187500,96825000000,0,0,30100,30900,29900
2022-04-15,22.41,30250,-0.05(-0.17 %),4643300,142181000000,0,0,30750,31200,29700
2022-04-18,21.26,28700,-1.6(-5.28 %),5205900,154366000000,0,0,30300,30500,28700
2022-04-19,21.45,28950,0.25(0.87 %),5884100,173702000000,0,0,29100,30300,28800
2022-04-20,19.96,26950,-2(-6.91 %),7143900,199403000000,0,0,29000,29400,26950
2022-04-21,18.59,25100,-1.9(-7.04 %),9871300,253619000000,0,0,26200,26900,25100
2022-04-22,17.3,23350,-1.75(-6.97 %),15646300,372773000000,0,0,25000,25050,23350
2022-04-25,16.11,21750,-1.65(-7.05 %),9802200,222555000000,0,0,24000,24000,21750
2022-04-26,17.22,23250,1.45(6.65 %),10968200,234674000000,0,0,20400,23250,20250
2022-04-27,17.22,23250,-0.05(-0.21 %),5601100,130152000000,0,0,23000,23750,22600
2022-04-28,17.34,21600,0.1(0.52 %),6285700,125886000000,0,0,21600,21600,21600
2022-04-29,18.05,20300,0.8(4.10 %),4992900,100798000000,0,0,19700,20400,19700
2022-05-04,18.22,20500,0.2(0.99 %),6623900,135264000000,0,0,20300,21100,19650
2022-05-05,18.22,20500,0(0.00 %),5208900,108460000000,0,0,21000,21400,20250
2022-05-06,16.98,19100,-1.4(-6.83 %),5885400,116792000000,0,0,20300,20400,19100
2022-05-09,15.82,17800,-1.3(-6.81 %),5873100,105981000000,0,0,18900,19000,17800
2022-05-10,16.89,19000,1.2(6.74 %),7967200,144671000000,0,0,16750,19000,16750
2022-05-11,16.89,19000,0(0.00 %),2940700,56818000000,0,0,19500,19650,19000
2022-05-12,15.74,17700,-1.3(-6.84 %),5450600,99867000000,0,0,19100,19250,17700
2022-05-13,14.67,16500,-1.2(-6.78 %),9070800,154584000000,0,0,18100,18100,16500
2022-05-16,15.38,17300,0.8(4.85 %),5857300,102561000000,0,0,17650,17650,17150
2022-05-17,16.45,18500,1.2(6.94 %),4011100,73002000000,0,0,17350,18500,17350
2022-05-18,16.76,18850,0.35(1.89 %),7553200,144750000000,0,0,19000,19700,18800
2022-05-19,17.91,20150,1.25(6.61 %),10230200,198770000000,0,0,18300,20150,18250
2022-05-20,17.91,20150,-0.05(-0.25 %),7316800,150086000000,0,0,20500,21100,20100
2022-05-23,18.45,20750,0.55(2.72 %),7572200,155275000000,0,0,20300,21400,20000
2022-05-24,18.31,20600,-0.2(-0.96 %),8160400,164095000000,0,0,20400,20750,19500
2022-05-25,19.56,22000,1.4(6.80 %),11275500,242684000000,0,0,21050,22000,20850
2022-05-26,19.47,21900,-0.1(-0.45 %),7903800,174930000000,0,0,22300,22600,21700
2022-05-27,19.65,22100,0.2(0.91 %),6011000,133189000000,0,0,22300,22550,21650
2022-05-30,19.74,22200,0.1(0.45 %),10652800,242777000000,0,0,22600,23400,22200
2022-05-31,20.36,22900,0.7(3.15 %),10372300,235680000000,0,0,22250,23200,22200
2022-06-01,21.07,23700,0.8(3.49 %),10045200,232159000000,0,0,22900,24000,22300
2022-06-02,20.45,23000,-0.7(-2.95 %),10915700,254792000000,0,0,23200,23800,22800
2022-06-03,20.45,23000,0(0.00 %),6902400,158207000000,0,0,22600,23300,22600
2022-06-06,20.09,22600,-0.4(-1.74 %),10003300,234427000000,0,0,23750,23900,22550
2022-06-07,20.89,23500,0.9(3.98 %),9524300,214360000000,0,0,22550,23500,21800
2022-06-08,21.47,24150,0.65(2.77 %),19013700,464196000000,0,0,24000,25000,23600
2022-06-09,21.47,24150,-0.05(-0.21 %),5992700,146297000000,0,0,24500,24750,24100
2022-06-10,20.27,22800,-1.4(-5.79 %),12170600,286394000000,0,0,23800,24050,22800
2022-06-13,18.89,21250,-1.55(-6.80 %),13161300,282774000000,30000,639000000,21600,22400,21250
2022-06-14,19.74,22200,0.9(4.23 %),9452200,205668000000,20000,454000000,21400,22200,21250
2022-06-15,18.62,20950,-1.25(-5.63 %),6295600,134298000000,0,0,22150,22300,20750
2022-06-16,18.67,21000,0(0.00 %),9369200,199586000000,0,0,21150,21950,20700
2022-06-17,17.78,20000,-1(-4.76 %),14598400,289862000000,0,0,20200,20900,19550
2022-06-20,16.54,18600,-1.4(-7.00 %),9781000,183035000000,20020,372372000,19150,19500,18600
2022-06-21,15.38,17300,-1.3(-6.99 %),9360700,165978000000,0,0,17700,18500,17300
2022-06-22,14.31,16100,-1.2(-6.94 %),13129600,213444000000,26000,418600000,16750,17200,16100
2022-06-23,15.29,17200,1.1(6.83 %),6284300,103917000000,0,0,15600,17200,15600
2022-06-24,15.11,17000,-0.2(-1.16 %),5292300,92670000000,0,0,17800,17800,17000
2022-06-27,15.47,17400,0.4(2.35 %),4244800,73332000000,0,0,17200,17650,16950
2022-06-28,15.74,17700,0.3(1.72 %),5292800,94981000000,0,0,17900,18300,17650
2022-06-29,15.47,17400,-0.3(-1.69 %),4466800,78279000000,0,0,17700,17850,17250
2022-06-30,14.76,16600,-0.8(-4.60 %),4342600,74583000000,180000,3150000000,17450,17600,16600
2022-07-01,14.94,16800,0.2(1.20 %),6003800,97981000000,0,0,16400,17150,15700
2022-07-04,15.2,17100,0.3(1.79 %),2774000,47570000000,0,0,17300,17300,16900
2022-07-05,14.76,16600,-0.5(-2.92 %),3638600,61774000000,180000,3150000000,17300,17400,16600
2022-07-06,13.74,15450,-1.15(-6.93 %),7525900,119259000000,0,0,15900,16300,15450
2022-07-07,13.34,15000,-0.5(-3.23 %),5082800,76599000000,0,0,15300,15750,14700
2022-07-08,13.78,15500,0.5(3.33 %),2879200,44768000000,0,0,15500,15800,15400
2022-07-11,13.82,15550,0.05(0.32 %),4062700,63449000000,0,0,15400,15950,15200
2022-07-12,14.76,16600,1(6.41 %),4947900,80180000000,0,0,15550,16600,15550
2022-07-13,14.85,16700,0.1(0.60 %),4759700,79098000000,0,0,16400,16900,16200
2022-07-14,15.2,17100,0.4(2.40 %),5359100,92339000000,0,0,16750,17600,16750
2022-07-15,15.02,16900,-0.2(-1.17 %),4987400,84687000000,0,0,17000,17200,16700
2022-07-18,15.16,17050,0.15(0.89 %),2847400,48521000000,0,0,17000,17300,16900
2022-07-19,15.29,17200,0.1(0.58 %),6050300,105362000000,0,0,17500,17700,17050
2022-07-20,15.38,17300,0.1(0.58 %),4947700,86387000000,48000,768000000,17450,17850,17250
2022-07-21,15.16,17050,-0.25(-1.45 %),3944200,67579000000,0,0,17350,17400,16900
2022-07-22,15.11,17000,-0.1(-0.58 %),4870900,83891000000,0,0,17000,17500,17000
2022-07-25,14.45,16250,-0.75(-4.41 %),4610100,76263000000,0,0,16800,16900,16200
2022-07-26,14.76,16600,0.3(1.84 %),3162300,52210000000,0,0,16700,16750,16250
2022-07-27,14.76,16600,0(0.00 %),2187900,35748000000,0,0,16500,16600,15900
2022-07-28,15.2,17100,0.5(3.01 %),4684900,79744000000,0,0,16950,17250,16800
2022-07-29,14.98,16850,-0.25(-1.46 %),4916200,84260000000,0,0,17200,17400,16800
2022-08-01,15.56,17500,0.6(3.55 %),6256400,108095000000,100000,1800000000,16950,17700,16900
2022-08-02,15.82,17800,0.3(1.71 %),10361800,184266000000,0,0,17250,18200,17150
2022-08-03,15.82,17800,0(0.00 %),5971800,106789000000,0,0,17800,18200,17650
2022-08-04,15.42,17350,-0.45(-2.53 %),8647300,151752000000,100000,1800000000,17700,17850,17300
2022-08-05,16.48,16850,1.05(6.65 %),9509600,157758000000,0,0,16150,16850,16150
2022-08-08,17.6,18000,1.1(6.51 %),9277800,162405000000,0,0,17000,18000,17000
2022-08-09,17.36,17750,-0.25(-1.39 %),8512300,152096000000,0,0,18000,18100,17500
2022-08-10,18.38,18800,1(5.62 %),16091100,292372000000,20000,331000000,17550,18800,17450
2022-08-11,18.29,18700,-0.1(-0.53 %),11182600,211854000000,0,0,19000,19300,18500
2022-08-12,18.48,18900,0.2(1.07 %),7363300,138591000000,0,0,18750,19200,18500
2022-08-15,18.78,19200,0.3(1.59 %),8015000,153503000000,0,0,18900,19600,18650
2022-08-16,18.82,19250,0.05(0.26 %),8722000,168066000000,0,0,18750,19700,18750
2022-08-17,18.68,19100,-0.2(-1.04 %),10873000,208196000000,0,0,19200,19600,18700
2022-08-18,18.58,19000,-0.1(-0.52 %),8249100,159763000000,0,0,19300,19700,19000
2022-08-19,19.36,19800,0.8(4.21 %),12597400,248254000000,0,0,19200,20100,19200
2022-08-22,19.9,20350,0.55(2.78 %),10775700,217661000000,0,0,19750,20600,19600
2022-08-23,20.19,20650,0.25(1.23 %),10329200,213747000000,0,0,20300,21100,20250
2022-08-24,20.83,21300,0.6(2.90 %),11453700,240387000000,0,0,20900,21450,20400
2022-08-25,20.54,21000,-0.3(-1.41 %),8947700,190182000000,0,0,21500,21650,21000
2022-08-26,19.66,20100,-0.9(-4.29 %),12893500,264940000000,0,0,20850,21050,20050
2022-08-29,21.02,21500,1.4(6.97 %),18585400,384505000000,0,0,19750,21500,19750
2022-08-30,21.12,21600,0.1(0.47 %),11955500,261145000000,0,0,22000,22300,21500
2022-08-31,20.24,20700,-0.9(-4.17 %),13962900,294928000000,0,0,21250,21600,20700
2022-09-05,21.02,21500,0.8(3.86 %),14561000,303944000000,0,0,20400,21700,20150
2022-09-06,20.73,21200,-0.3(-1.40 %),9562700,205001000000,0,0,21550,21800,21200
2022-09-07,19.31,19750,-1.45(-6.84 %),12538600,254338000000,0,0,20800,21000,19750
2022-09-08,18.78,19200,-0.6(-3.03 %),11227500,218477000000,0,0,19900,20100,18800
2022-09-09,20.05,20500,1.3(6.77 %),8323000,163568000000,1100000,22550000000,19350,20500,19000
2022-09-12,20.63,21100,0.6(2.93 %),13371400,285824000000,0,0,20800,21900,20700
2022-09-13,21.66,22150,1.05(4.98 %),15211300,328509000000,0,0,21300,22200,21000
2022-09-14,22.79,23300,1.1(4.95 %),17149000,389632000000,0,0,22000,23350,21900
2022-09-15,22.2,22700,-0.6(-2.58 %),10618900,244081000000,0,0,23400,23750,22700
2022-09-16,22.49,23000,0.3(1.32 %),13199400,299092000000,0,0,22500,23250,22250
2022-09-19,20.93,21400,-1.6(-6.96 %),13468800,296013000000,0,0,22750,22750,21400
2022-09-20,21.27,21750,0.35(1.64 %),10026800,212239000000,0,0,21700,21750,20300
2022-09-21,21.86,22350,0.55(2.52 %),8875900,192906000000,0,0,21350,22350,21000
2022-09-22,21.71,22200,-0.2(-0.89 %),8264900,183598000000,0,0,22000,22650,21800
2022-09-23,21.71,22200,0(0.00 %),10043700,225113000000,0,0,22300,22850,22000
2022-09-26,20.19,20650,-1.55(-6.98 %),14877100,311001000000,0,0,21500,21900,20650
2022-09-27,18.87,19300,-1.4(-6.76 %),10684100,214075000000,0,0,20700,21050,19250
2022-09-28,19.12,19550,0.25(1.30 %),11057400,216557000000,0,0,19300,20250,18800
2022-09-29,18.38,18800,-0.8(-4.08 %),5671100,111035000000,0,0,20250,20300,18750
2022-09-30,19.36,19800,1(5.32 %),12072300,227248000000,0,0,18500,20100,17900
2022-10-03,18.04,18450,-1.35(-6.82 %),6263300,118623000000,0,0,19650,19800,18450
2022-10-04,18.29,18700,0.2(1.08 %),8259100,156583000000,0,0,19100,19300,18500
2022-10-05,19.56,20000,1.3(6.95 %),9745700,192607000000,0,0,19300,20000,19250
2022-10-06,19.17,19600,-0.4(-2.00 %),9713500,194855000000,0,0,20200,20700,19500
2022-10-07,19.56,20000,0.4(2.04 %),15266800,295832000000,0,0,19000,20600,18500
2022-10-10,20.14,20600,0.6(3.00 %),8695100,180659000000,0,0,20400,21200,20350
2022-10-11,18.78,19200,-1.4(-6.80 %),12542000,247421000000,20000,412000000,20550,20800,19200
2022-10-12,19.41,19850,0.65(3.39 %),8015600,159042000000,0,0,19300,20500,18800
2022-10-13,19.17,19600,-0.3(-1.51 %),5035900,98508000000,20000,392000000,19800,20000,19200
2022-10-14,19.66,20100,0.5(2.55 %),8013500,161419000000,0,0,20050,20600,19750
2022-10-17,21.02,21500,1.4(6.97 %),13489800,279584000000,0,0,19850,21500,19550
2022-10-18,20.63,21100,-0.4(-1.86 %),9649400,206976000000,0,0,21900,22050,20900
2022-10-19,20.93,21400,0.3(1.42 %),8740200,188373000000,0,0,21200,22000,20900
2022-10-20,20.98,21450,0.05(0.23 %),6195000,133156000000,80,1596000,21550,21800,21200
2022-10-21,19.51,19950,-1.55(-7.21 %),23900900,495801000000,0,0,21500,22200,19950
2022-10-24,18.19,18600,-1.4(-7.00 %),10596300,202549000000,0,0,20000,20300,18600
2022-10-25,18.53,18950,0.35(1.88 %),8605400,161987000000,0,0,18800,19800,17450
2022-10-26,17.26,17650,-1.35(-7.11 %),6479900,118539000000,0,0,19000,19200,17650
2022-10-27,18.43,18850,1.15(6.50 %),10049600,181851000000,0,0,17900,18850,17550
2022-10-28,18.04,18450,-0.45(-2.38 %),5606500,104928000000,0,0,18900,19100,18300
2022-10-31,16.82,17200,-1.3(-7.03 %),15515600,268881000000,0,0,17800,18250,17200
2022-11-01,15.84,16200,-1(-5.81 %),9305500,155684000000,0,0,17450,17600,16000
2022-11-02,16.92,17300,1.1(6.79 %),6167000,104036000000,60000,1038000000,16700,17300,16300
2022-11-03,16.97,17350,0.05(0.29 %),5707000,99176000000,0,0,17450,17800,16900
2022-11-04,16.58,16950,-0.45(-2.59 %),5878200,98460000000,0,0,17300,17300,16200
2022-11-07,15.99,16350,-0.65(-3.82 %),5727000,95503000000,0,0,17300,17300,16200
2022-11-08,16.62,17000,0.6(3.66 %),4527900,75918000000,0,0,16200,17100,16200
2022-11-09,16.58,16950,-0.05(-0.29 %),5643400,95306000000,0,0,17050,17250,16400
2022-11-10,15.45,15800,-1.2(-7.06 %),5728000,91710000000,0,0,16700,16900,15800
2022-11-11,14.38,14700,-1.1(-6.96 %),8817100,135751000000,0,0,15900,16150,14700
2022-11-14,13.4,13700,-1(-6.80 %),5027700,69078000000,845000,11576500000,13850,14500,13700
2022-11-15,12.47,12750,-0.95(-6.93 %),782700,9979000000,29000,345100000,12750,12750,12750
2022-11-16,13.3,13600,0.8(6.25 %),17590000,216408000000,29000,345100000,11900,13600,11900
2022-11-17,13.59,13900,0.3(2.21 %),5580900,76126000000,100000,1350000000,13600,14050,13100
2022-11-18,12.66,12950,-0.95(-6.83 %),11163700,146270000000,40000,520000000,13500,13700,12950
2022-11-21,13.06,13350,0.35(2.69 %),4859700,63983000000,0,0,13000,13450,12700
2022-11-22,13.89,14200,0.8(5.97 %),11845100,167815000000,0,0,13450,14250,13200
2022-11-23,13.3,13600,-0.6(-4.23 %),4794400,66960000000,0,0,14300,14500,13500
2022-11-24,12.71,13000,-0.6(-4.41 %),7244100,94000000000,0,0,13400,13650,12650
2022-11-25,13.2,13500,0.5(3.85 %),4463700,58918000000,40000,520000000,13350,13500,12900
2022-11-28,13.98,14300,0.8(5.93 %),8532900,120227000000,0,0,13600,14400,13500
2022-11-29,14.96,15300,1(6.99 %),11314900,166853000000,0,0,14300,15300,14000
2022-11-30,15.45,15800,0.5(3.27 %),9330400,148261000000,0,0,15850,16100,15300
2022-12-01,14.96,15300,-0.5(-3.16 %),11651500,182778000000,0,0,16150,16400,14900
2022-12-02,15.99,16350,1.05(6.86 %),8676700,138000000000,0,0,15500,16350,15350
2022-12-05,16.43,16800,0.4(2.44 %),8493000,145336000000,0,0,17450,17450,16650
2022-12-06,16.14,16500,-0.3(-1.79 %),12148400,204521000000,0,0,16550,17400,16300
2022-12-07,16.23,16600,0.1(0.61 %),6249000,104196000000,0,0,16500,17100,16300
2022-12-08,16.62,17000,0.4(2.41 %),7152900,119761000000,0,0,16800,17250,16200
2022-12-09,16.48,16850,-0.15(-0.88 %),4371400,73318000000,0,0,17000,17050,16600
2022-12-12,16.14,16500,-0.4(-2.37 %),8601700,148121000000,0,0,17000,17700,16500
2022-12-13,16.62,17000,0.5(3.03 %),4715200,78149000000,0,0,16700,17000,16250
2022-12-14,17.31,17700,0.7(4.12 %),8231200,145008000000,165000,2986500000,17450,17950,17050
2022-12-15,17.31,17700,0(0.00 %),4669300,83040000000,0,0,18000,18100,17400
2022-12-16,17.36,17750,0.05(0.28 %),6014300,106575000000,0,0,17400,18250,17250
2022-12-19,16.62,17000,-0.8(-4.49 %),5235200,91791000000,0,0,17750,17950,17000
2022-12-20,17.11,17500,0.5(2.94 %),8767200,147465000000,0,0,17000,17500,16300
2022-12-21,17.21,17600,0.1(0.57 %),5944300,104334000000,0,0,17600,18150,16950
2022-12-22,17.31,17700,0.1(0.57 %),3601400,63756000000,0,0,18100,18100,17400
2022-12-23,17.5,17900,0.2(1.13 %),5202600,92450000000,0,0,17700,18100,17300
2022-12-26,17.21,17600,-0.3(-1.68 %),7246200,130602000000,0,0,18150,18450,17450
2022-12-27,17.55,17950,0.35(1.99 %),6454900,112253000000,20000,376000000,17700,17950,16500
2022-12-28,17.9,18300,0.3(1.67 %),4835100,87316000000,0,0,17950,18400,17650
2022-12-29,17.5,17900,-0.4(-2.19 %),3229800,58031000000,0,0,18150,18250,17550
2022-12-30,17.46,17850,-0.05(-0.28 %),3083700,55202000000,0,0,18000,18100,17700
2023-01-03,18.14,18550,0.65(3.63 %),7108700,132099000000,0,0,18100,18900,18000
2023-01-04,18.73,19150,0.55(2.96 %),6221500,117986000000,0,0,18550,19450,18300
2023-01-05,18.58,19000,-0.2(-1.04 %),3673400,69788000000,0,0,19100,19200,18750
2023-01-06,17.99,18400,-0.6(-3.16 %),4907500,92880000000,0,0,19000,19400,18400
2023-01-09,18.24,18650,0.25(1.36 %),3552900,66101000000,0,0,18600,19000,18300
2023-01-10,18.43,18850,0.15(0.80 %),3952300,75160000000,0,0,18800,19200,18650
2023-01-11,18.48,18900,0(0.00 %),3276100,62381000000,0,0,19100,19200,18800
2023-01-12,19.75,20200,1.3(6.88 %),10071900,198924000000,0,0,19200,20200,19100
2023-01-13,19.51,19950,-0.25(-1.24 %),3045500,61113000000,0,0,20250,20400,19750
2023-01-16,19.56,20000,0(0.00 %),3276300,65844000000,0,0,20100,20350,19900
2023-01-17,20.49,20950,0.95(4.75 %),4802000,99154000000,0,0,20000,21000,19950
2023-01-18,20.39,20850,-0.15(-0.71 %),3086200,64896000000,80000,1672000000,21450,21500,20800
2023-01-19,20.54,21000,0.1(0.48 %),3185800,66496000000,0,0,20800,21100,20600
2023-01-27,20.44,20900,-0.1(-0.48 %),3788600,81116000000,0,0,21600,21900,20900
2023-01-30,20.1,20550,-0.35(-1.67 %),3625500,75387000000,0,0,20900,21350,20450
2023-01-31,20.54,21000,0.4(1.94 %),4179100,86637000000,0,0,20600,21000,20450
2023-02-01,19.26,19700,-1.3(-6.19 %),6665500,136945000000,0,0,21000,21200,19700
2023-02-02,19.22,19650,-0.05(-0.25 %),4769900,93932000000,0,0,19900,20000,19350
2023-02-03,18.87,19300,-0.4(-2.03 %),2524700,49222000000,0,0,19850,19900,19200
2023-02-06,18.92,19350,0.05(0.26 %),3088500,59263000000,0,0,19100,19500,18750
2023-02-07,18.92,19350,-0.05(-0.26 %),2588100,50232000000,0,0,19700,19700,19150
2023-02-08,19.07,19500,0.1(0.52 %),3300300,64186000000,0,0,19450,19800,19000
2023-02-09,20.39,20850,1.35(6.92 %),6237800,127477000000,0,0,19650,20850,19550
2023-02-10,19.85,20300,-0.6(-2.87 %),2889700,59124000000,0,0,20850,20850,20100
2023-02-13,20.14,20600,0.3(1.48 %),7262600,148643000000,0,0,20200,20950,19800
2023-02-14,20.14,20600,0(0.00 %),3033000,62764000000,0,0,20850,21000,20500
2023-02-15,20.68,21150,0.55(2.67 %),5022800,105918000000,0,0,20750,21500,20600
2023-02-16,21.61,22100,0.9(4.25 %),6707900,147024000000,0,0,21400,22300,21200
2023-02-17,21.56,22050,-0.05(-0.23 %),3873700,85237000000,0,0,22100,22200,21800
2023-02-20,22.0,22500,0.4(1.81 %),4600000,102545000000,0,0,21950,22600,21900
2023-02-21,21.71,22200,-0.3(-1.33 %),6085900,136890000000,0,0,22600,22900,22200
2023-02-22,20.83,21300,-0.9(-4.05 %),8975500,199485000000,0,0,21700,22950,21300
2023-02-23,21.32,21800,0.5(2.35 %),6745100,141794000000,0,0,21300,21800,20200
2023-02-24,20.34,20800,-1(-4.59 %),3611300,77242000000,0,0,21850,22300,20800
2023-02-27,20.54,21000,0.2(0.96 %),4274100,89347000000,0,0,20650,21300,20250
2023-02-28,20.73,21200,0.2(0.95 %),2184200,46342000000,500000,10605000000,21400,21450,20950
2023-03-01,21.51,22000,0.8(3.77 %),5697000,123971000000,0,0,21200,22100,21100
2023-03-02,21.22,21700,-0.3(-1.36 %),4602100,99535000000,0,0,22000,22200,21350
2023-03-03,21.17,21650,-0.05(-0.23 %),3953200,86540000000,0,0,21800,22250,21500
2023-03-06,21.12,21600,-0.1(-0.46 %),2872600,62210000000,0,0,21950,22000,21350
2023-03-07,21.42,21900,0.3(1.39 %),2623700,57067000000,0,0,21800,22100,21450
2023-03-08,22.15,22650,0.75(3.42 %),6672900,148518000000,0,0,21700,22700,21600
2023-03-09,21.9,22400,-0.3(-1.32 %),3817600,85873000000,0,0,22500,22750,22300
2023-03-10,21.42,21900,-0.5(-2.23 %),5396100,118381000000,0,0,22100,22400,21600
2023-03-13,21.42,21900,0(0.00 %),2883300,62724000000,0,0,21650,21950,21550
2023-03-14,20.14,20600,-1.3(-5.94 %),6809300,143058000000,0,0,21850,21850,20600
2023-03-15,20.98,21450,0.85(4.13 %),3258500,68885000000,300000,6411000000,21000,21500,20750
2023-03-16,20.14,20600,-0.9(-4.19 %),4911400,101552000000,430000,8888100000,20650,21000,20450
2023-03-17,20.34,20800,0.2(0.97 %),2475400,51501000000,0,0,21000,21000,20700
2023-03-20,19.12,19550,-1.25(-6.01 %),6616500,131781000000,0,0,20250,20500,19500
2023-03-21,19.26,19700,0.1(0.51 %),2575300,50495000000,0,0,19850,19850,19350
2023-03-22,19.31,19750,0.05(0.25 %),2157400,43008000000,0,0,20000,20150,19750
2023-03-23,19.56,20000,0.2(1.01 %),2383100,47475000000,0,0,19550,20200,19550
2023-03-24,19.61,20050,0.05(0.25 %),2944800,59103000000,0,0,20200,20250,20000
2023-03-27,19.75,20200,0.1(0.50 %),3185700,63794000000,0,0,20050,20200,19850
2023-03-28,19.8,20250,0.05(0.25 %),2567700,52479000000,0,0,20600,20750,20200
2023-03-29,19.8,20250,-0.05(-0.25 %),1752700,35615000000,0,0,20350,20600,20150
2023-03-30,19.66,20100,-0.2(-0.99 %),2742400,55441000000,0,0,20350,20500,20100
2023-03-31,19.85,20300,0.2(1.00 %),3106300,62561000000,0,0,20300,20400,19950
2023-04-03,20.68,21150,0.85(4.19 %),6941200,146137000000,0,0,21200,21200,20850
2023-04-04,20.63,21100,-0.1(-0.47 %),3261300,69140000000,0,0,21300,21350,21100
2023-04-05,20.93,21400,0.3(1.42 %),3285100,70232000000,0,0,21150,21750,21150
2023-04-06,20.54,21000,-0.4(-1.87 %),4417700,93289000000,0,0,21400,21450,21000
2023-04-07,20.34,20800,-0.2(-0.95 %),3539200,73724000000,0,0,20900,21050,20700
2023-04-10,20.34,20800,0(0.00 %),2632200,55095000000,0,0,21200,21250,20700
2023-04-11,20.68,21150,0.35(1.68 %),5889700,125212000000,0,0,20800,21500,20800
2023-04-12,20.68,21150,-0.05(-0.24 %),3709600,79232000000,0,0,21400,21650,21000
2023-04-13,20.54,21000,-0.2(-0.94 %),7702600,165493000000,0,0,21450,21850,21000
2023-04-14,20.05,20500,-0.5(-2.38 %),6248800,130135000000,0,0,21200,21350,20500
2023-04-17,19.9,20350,-0.15(-0.73 %),2578100,52734000000,0,0,20500,20650,20300
2023-04-18,20.14,20600,0.2(0.98 %),2232100,45762000000,0,0,20450,20600,20400
2023-04-19,20.14,20600,0(0.00 %),1940400,39995000000,0,0,20650,20800,20450
2023-04-20,20.05,20500,-0.1(-0.49 %),2045000,41819000000,0,0,20600,20600,20300
2023-04-21,19.85,20300,-0.2(-0.98 %),2446800,50007000000,0,0,20500,20650,20300
2023-04-24,19.95,20400,0.1(0.49 %),1121800,22803000000,0,0,20300,20400,20150
2023-04-25,20.05,20500,0.1(0.49 %),1660300,33971000000,0,0,20550,20700,20300
2023-04-26,20.24,20700,0.2(0.98 %),1788000,36500000000,0,0,20600,20700,20200
2023-04-27,20.29,20750,0.05(0.24 %),3845800,80631000000,0,0,20900,21300,20750
2023-04-28,20.49,20950,0.2(0.96 %),2351100,49159000000,0,0,20800,21150,20750
2023-05-04,19.85,20300,-0.65(-3.10 %),3019500,61780000000,0,0,20600,20700,20300
2023-05-05,20.1,20550,0.25(1.23 %),1607100,32846000000,0,0,20350,20550,20350
2023-05-08,20.73,21200,0.65(3.16 %),5215300,110365000000,0,0,20850,21450,20700
2023-05-09,21.42,21900,0.7(3.30 %),11280100,247112000000,0,0,21200,22400,21200
2023-05-10,21.37,21850,-0.05(-0.23 %),3567000,77966000000,0,0,21900,22100,21800
2023-05-11,21.81,22300,0.4(1.83 %),8778900,197156000000,0,0,21950,23000,21950
2023-05-12,21.95,22450,0.15(0.67 %),3952600,88216000000,0,0,22300,22600,22050
2023-05-15,21.37,21850,-0.6(-2.67 %),7367900,163200000000,0,0,22550,22600,21850
2023-05-16,21.86,22350,0.5(2.29 %),5483700,122579000000,0,0,22200,22750,22050
2023-05-17,21.46,21950,-0.4(-1.79 %),4404000,98023000000,67000,1393600000,22400,22600,21900
2023-05-18,21.9,22400,0.45(2.05 %),5799800,129558000000,0,0,22100,22700,21950
2023-05-19,22.93,23450,1.05(4.69 %),11780300,274720000000,0,0,22700,23700,22700
2023-05-22,23.08,23600,0.15(0.64 %),4309800,101959000000,130000,2840500000,23900,24000,23500
2023-05-23,23.27,23800,0.2(0.85 %),6584100,155188000000,0,0,23700,24100,23250
2023-05-24,22.88,23400,-0.4(-1.68 %),4210900,99531000000,0,0,24000,24000,23400
2023-05-25,23.42,23950,0.55(2.35 %),10037900,236063000000,0,0,23400,24300,22850
2023-05-26,23.32,23850,-0.1(-0.42 %),4041200,96654000000,0,0,24100,24100,23750
2023-05-29,23.18,23700,-0.15(-0.63 %),5465600,130453000000,0,0,24050,24200,23600
2023-05-30,23.52,24050,0.35(1.48 %),5376600,128230000000,0,0,23750,24100,23650
2023-05-31,23.67,24200,0.15(0.62 %),6583800,158662000000,0,0,24000,24400,23800
2023-06-01,23.37,23900,-0.3(-1.24 %),4033900,96092000000,0,0,24000,24050,23650
2023-06-02,23.76,24300,0.4(1.67 %),5935000,142964000000,0,0,24100,24400,23800
2023-06-05,23.67,24200,-0.1(-0.41 %),5161800,126321000000,0,0,24900,24900,24150
2023-06-06,23.67,24200,0(0.00 %),3724200,90123000000,0,0,24200,24650,23950
2023-06-07,23.91,24450,0.25(1.03 %),3697400,89707000000,0,0,24300,24500,24100
2023-06-08,23.13,23650,-0.8(-3.27 %),6266200,152933000000,0,0,24900,24950,23650
2023-06-09,23.08,23600,-0.05(-0.21 %),5399900,126707000000,0,0,23650,23750,23050
2023-06-12,22.88,23400,-0.2(-0.85 %),4827800,111960000000,0,0,23550,23600,23000
2023-06-13,23.32,23850,0.45(1.92 %),3982300,94079000000,110000,2398000000,23400,23850,23300
2023-06-14,22.88,23400,-0.45(-1.89 %),3419700,81223000000,0,0,24000,24150,23400
2023-06-15,23.86,24400,1(4.27 %),7133000,170360000000,0,0,23300,24400,23300
2023-06-16,23.32,23850,-0.55(-2.25 %),5866200,142193000000,0,0,24650,24650,23850
2023-06-19,23.47,24000,0.1(0.42 %),4907300,118322000000,0,0,23900,24400,23800
2023-06-20,23.91,24450,0.45(1.88 %),3748500,91011000000,0,0,24200,24600,23900
2023-06-21,24.35,24900,0.4(1.63 %),8034600,200152000000,0,0,24600,25300,24450
2023-06-22,24.45,25000,0.1(0.40 %),6771000,169483000000,0,0,25050,25500,24750
2023-06-23,23.62,24150,-0.85(-3.40 %),13808600,335778000000,0,0,24900,25000,24000
2023-06-26,23.96,24500,0.3(1.24 %),5567900,134388000000,0,0,24200,24500,23800
2023-06-27,24.2,24750,0.25(1.02 %),4162200,103478000000,0,0,24700,25300,24500
2023-06-28,24.06,24600,-0.2(-0.81 %),3330900,81943000000,0,0,24900,24950,24400
2023-06-29,23.96,24500,-0.1(-0.41 %),5794400,143102000000,0,0,24800,24900,24500
2023-06-30,23.96,24500,0(0.00 %),2740900,67042000000,0,0,24500,24600,24300
2023-07-03,24.3,24850,0.35(1.43 %),3060500,75595000000,0,0,24650,24950,24450
2023-07-04,25.28,25850,0.95(3.82 %),10151900,257936000000,0,0,24900,25950,24750
2023-07-05,24.94,25500,-0.4(-1.54 %),3884600,99522000000,0,0,25800,25900,25500
2023-07-06,24.45,25000,-0.5(-1.96 %),6605000,165041000000,0,0,25500,25650,24600
2023-07-07,24.3,24850,-0.15(-0.60 %),3910900,97278000000,0,0,24800,25050,24600
2023-07-10,24.35,24900,0(0.00 %),6552800,164006000000,0,0,25300,25450,24850
2023-07-11,24.3,24850,-0.05(-0.20 %),4751200,118701000000,0,0,25000,25200,24800
2023-07-12,24.69,25250,0.35(1.41 %),4254300,107425000000,0,0,25050,25450,25000
2023-07-13,24.74,25300,0(0.00 %),3774800,95605000000,0,0,25450,25650,25100
2023-07-14,24.59,25150,-0.15(-0.59 %),5145500,129500000000,0,0,25300,25550,24850
2023-07-17,24.89,25450,0.25(0.99 %),5517600,139607000000,0,0,25200,25700,25000
2023-07-18,24.79,25350,-0.15(-0.59 %),3225900,82502000000,0,0,25600,25900,25300
2023-07-19,24.4,24950,-0.45(-1.77 %),5832800,146236000000,0,0,25450,25450,24800
2023-07-20,24.25,24800,-0.2(-0.80 %),3243700,80316000000,0,0,25000,25000,24550
2023-07-21,24.55,25100,0.3(1.21 %),2389600,59713000000,0,0,24900,25150,24800
2023-07-24,25.13,25700,0.6(2.39 %),6756900,172767000000,0,0,25300,26000,25150
2023-07-25,25.13,25700,0(0.00 %),3926700,100538000000,0,0,25900,25900,25400
2023-07-26,25.33,25900,0.2(0.78 %),5113900,131921000000,300000,7746000000,25700,26100,25500
2023-07-27,25.23,25800,-0.1(-0.39 %),5196700,134451000000,0,0,26050,26250,25450
2023-07-28,25.87,26450,0.65(2.52 %),8425800,221545000000,100000,2750000000,25850,26700,25750
2023-07-31,25.62,26200,-0.3(-1.13 %),5281500,139546000000,0,0,26850,26850,26200
2023-08-01,24.94,25500,-0.7(-2.67 %),6487300,168156000000,0,0,26250,26400,25500
2023-08-02,25.33,25900,0.4(1.57 %),5480700,140682000000,0,0,25550,26050,25300
2023-08-03,24.64,25200,-0.7(-2.70 %),5286700,134607000000,122400,2949840000,25850,25850,25200
2023-08-04,25.28,25850,0.65(2.58 %),5324600,136379000000,0,0,25450,26100,25150
2023-08-07,25.33,25900,0.05(0.19 %),3598200,93023000000,0,0,26050,26050,25700
2023-08-08,25.52,26100,0.2(0.77 %),7492100,197180000000,0,0,26250,26600,26000
2023-08-09,25.23,25800,-0.3(-1.15 %),3559600,92090000000,0,0,26100,26150,25650
2023-08-10,25.08,25650,-0.15(-0.58 %),3940700,102153000000,0,0,26050,26350,25550
2023-08-11,24.94,25500,-0.15(-0.58 %),4384800,111293000000,0,0,25850,25850,25150
2023-08-14,25.08,25650,0.15(0.59 %),3988100,101875000000,0,0,25650,25750,25400
2023-08-15,24.99,25550,-0.15(-0.58 %),3106600,79674000000,0,0,25850,25850,25550
2023-08-16,25.18,25750,0.15(0.59 %),6296300,163370000000,0,0,25800,26350,25600
2023-08-17,24.94,25500,-0.3(-1.16 %),4703100,120954000000,0,0,25700,25900,25500
2023-08-18,23.23,23750,-1.75(-6.86 %),7333100,179981000000,0,0,25450,25600,23750
2023-08-21,23.47,24000,0.2(0.84 %),4262900,102097000000,0,0,23550,24550,23500
2023-08-22,23.47,24000,0(0.00 %),3224800,75760000000,0,0,24100,24250,22850
2023-08-23,23.76,24300,0.3(1.25 %),2302300,55361000000,0,0,24000,24350,23600
2023-08-24,23.96,24500,0.2(0.82 %),2345600,56844000000,0,0,24100,24500,24000
2023-08-25,24.11,24650,0.15(0.61 %),2659100,65114000000,0,0,24450,24750,24150
2023-08-28,24.06,24600,-0.05(-0.20 %),2072500,50960000000,0,0,24850,24850,24500
2023-08-29,24.55,25100,0.5(2.03 %),4240300,105723000000,0,0,24900,25200,24650
2023-08-30,24.55,25100,0(0.00 %),1501100,37536000000,0,0,25100,25200,24800
2023-08-31,24.94,25500,0.4(1.59 %),4280100,108271000000,0,0,25200,25500,25000
2023-09-05,25.33,25900,0.4(1.57 %),5413300,140527000000,0,0,26100,26250,25800
2023-09-06,25.47,26050,0.15(0.58 %),4262200,110984000000,0,0,26150,26300,25850
2023-09-07,25.91,26500,0.45(1.73 %),8389300,220036000000,0,0,26100,26600,25750
2023-09-08,25.87,26450,-0.05(-0.19 %),4069900,107592000000,0,0,26500,26600,26250
2023-09-11,25.43,26000,-0.45(-1.70 %),8476500,226256000000,0,0,26600,27200,26000
2023-09-12,25.87,26450,0.45(1.73 %),3616500,94698000000,0,0,26050,26450,25850
2023-09-13,25.91,26500,0.05(0.19 %),6796700,182216000000,0,0,26700,27150,26250
2023-09-14,26.21,26800,0.3(1.13 %),6526800,174685000000,0,0,26300,27100,26250
2023-09-15,26.6,27200,0.4(1.49 %),6368900,175685000000,0,0,27100,28200,27000
2023-09-18,26.06,26650,-0.55(-2.02 %),3910700,105356000000,0,0,27000,27500,26550
2023-09-19,26.06,26650,0(0.00 %),3895600,103733000000,0,0,26800,27000,26100
2023-09-20,26.4,27000,0.35(1.31 %),3095000,83394000000,0,0,26750,27050,26750
2023-09-21,25.91,26500,-0.5(-1.85 %),3447600,92377000000,0,0,27200,27200,26500
2023-09-22,24.89,25450,-1.05(-3.96 %),7738200,198318000000,0,0,26050,26150,24900
2023-09-25,23.47,24000,-1.45(-5.70 %),3626000,90800000000,4,101800,25450,26050,24000
2023-09-26,23.47,24000,0(0.00 %),3500800,84890000000,0,0,24150,24950,23700
2023-09-27,24.64,25200,1.2(5.00 %),3114700,76008000000,0,0,24250,25200,23950
2023-09-28,25.57,26150,0.95(3.77 %),4507300,115349000000,0,0,25500,26150,25100
2023-09-29,25.23,25800,-0.35(-1.34 %),2401000,62071000000,0,0,26200,26300,25600
2023-10-02,25.43,26000,0.2(0.78 %),2759800,71946000000,0,0,25800,26500,25400
2023-10-03,24.01,24550,-1.45(-5.58 %),3544800,88334000000,0,0,25550,25550,24500
2023-10-04,24.89,25450,0.9(3.67 %),3612200,90477000000,0,0,24400,25750,24200
2023-10-05,25.28,25850,0.4(1.57 %),5525000,142828000000,0,0,25300,26300,25250
2023-10-06,25.23,25800,-0.05(-0.19 %),2152700,55324000000,0,0,25950,25950,25200
2023-10-09,25.91,26500,0.7(2.71 %),5719100,152125000000,0,0,26500,26900,26350
2023-10-10,25.62,26200,-0.3(-1.13 %),5478500,145197000000,0,0,26600,26750,26100
2023-10-11,27.19,27800,1.6(6.11 %),15292100,420863000000,0,0,26100,28000,26100
2023-10-12,27.38,28000,0.2(0.72 %),9743200,273123000000,0,0,27600,28600,27600
2023-10-13,27.82,28450,0.45(1.61 %),8014000,227023000000,0,0,27800,28700,27700
2023-10-16,28.07,28700,0.25(0.88 %),11817500,345546000000,100000,2759000000,28950,29900,28400
2023-10-17,26.4,27000,-1.7(-5.92 %),7673400,214962000000,100000,2894000000,28800,28850,27000
2023-10-18,27.19,27800,0.8(2.96 %),13617300,373325000000,50000,1442500000,27400,28200,26350
2023-10-19,27.19,27800,0(0.00 %),7221800,201500000000,0,0,27700,28300,27500
2023-10-20,27.67,28300,0.5(1.80 %),8846500,243572000000,100000,2860000000,28000,28300,26650
2023-10-23,27.28,27900,-0.4(-1.41 %),6585600,182177000000,100000,2835000000,28250,28250,27000
2023-10-24,26.99,27600,-0.3(-1.08 %),4362900,119839000000,0,0,27800,27900,27050
2023-10-25,26.4,27000,-0.6(-2.17 %),4797900,130969000000,0,0,27600,27800,27000
2023-10-26,24.59,25150,-1.85(-6.85 %),13804400,349146000000,100000,2850000000,26150,26300,25150
2023-10-27,25.23,25800,0.65(2.58 %),7641800,195426000000,0,0,25200,26100,24850
2023-10-30,23.96,24500,-1.3(-5.04 %),3226000,83229000000,0,0,26000,26600,24500
2023-10-31,23.03,23550,-0.95(-3.88 %),10709100,250880000000,0,0,24700,24800,22800
2023-11-01,24.15,24700,1.15(4.88 %),3897300,92347000000,0,0,23550,24700,23100
2023-11-02,25.08,25650,0.95(3.85 %),4679100,118450000000,0,0,24900,25900,24800
2023-11-03,25.18,25750,0.1(0.39 %),4243900,108244000000,0,0,25850,25850,25150
2023-11-06,25.28,25850,0.1(0.39 %),3041200,78052000000,0,0,25750,25950,25350
2023-11-07,25.72,26300,0.45(1.74 %),5312400,140271000000,0,0,25850,26850,25450
2023-11-08,26.75,27350,1.05(3.99 %),5016700,133334000000,0,0,26000,27350,25850
2023-11-09,26.55,27150,-0.2(-0.73 %),7637100,206705000000,0,0,27050,27450,26800
2023-11-10,26.21,26800,-0.35(-1.29 %),5559700,150699000000,0,0,27000,27500,26800
2023-11-13,26.75,27350,0.55(2.05 %),4844400,131009000000,50000,1247500000,26900,27450,26750
2023-11-14,26.79,27400,0.05(0.18 %),3746100,102870000000,0,0,27800,27800,27100
2023-11-15,26.35,26950,-0.45(-1.64 %),5037000,137575000000,0,0,27700,27800,26950
2023-11-16,26.7,27300,0.35(1.30 %),2519200,68192000000,0,0,26800,27300,26750
2023-11-17,25.82,26400,-0.9(-3.30 %),8466800,225366000000,0,0,27200,27250,26000
2023-11-20,26.11,26700,0.3(1.14 %),2804700,74634000000,0,0,26100,26950,26100
2023-11-21,27.19,27800,1.1(4.12 %),7375600,202154000000,0,0,27100,27800,26800
2023-11-22,27.09,27700,-0.1(-0.36 %),3895600,107399000000,145000,3755500000,27800,27800,27350
2023-11-23,26.01,26600,-1.1(-3.97 %),6999100,193570000000,0,0,27700,28300,26600
2023-11-24,26.4,27000,0.4(1.50 %),4064500,107889000000,0,0,26800,27000,26050
2023-11-27,26.75,27350,0.35(1.30 %),4919300,133935000000,0,0,27150,27550,26700
2023-11-28,26.7,27300,-0.05(-0.18 %),2460100,66597000000,0,0,27350,27450,26700
2023-11-29,27.92,28550,1.25(4.58 %),10971600,309384000000,0,0,27700,28650,27400
2023-11-30,27.38,28000,-0.55(-1.93 %),5420200,153462000000,60000,1650000000,28600,28850,28000
2023-12-01,27.72,28350,0.35(1.25 %),3944500,111301000000,0,0,28200,28650,27850
2023-12-04,28.16,28800,0.45(1.59 %),6103400,174922000000,0,0,28650,29000,28400
2023-12-05,28.11,28750,-0.05(-0.17 %),7871100,230319000000,0,0,28800,29800,28700
2023-12-06,28.46,29100,0.35(1.22 %),5331400,152806000000,0,0,28800,29150,28300
2023-12-07,27.63,28250,-0.85(-2.92 %),7681300,216563000000,0,0,28600,28900,27700
2023-12-08,27.87,28500,0.25(0.88 %),3989900,112769000000,0,0,28350,28500,27800
2023-12-11,27.82,28450,-0.05(-0.18 %),2235800,63832000000,0,0,28900,28900,28300
2023-12-12,27.92,28550,0.1(0.35 %),2041000,57977000000,0,0,28450,28600,28200
2023-12-13,26.89,27500,-1.05(-3.68 %),6997400,194720000000,0,0,28550,28600,27050
2023-12-14,26.6,27200,-0.3(-1.09 %),2620500,71840000000,0,0,27850,27850,27200
2023-12-15,26.4,27000,-0.2(-0.74 %),2754200,74837000000,0,0,27400,27600,27000
2023-12-18,26.4,27000,0(0.00 %),1635100,44203000000,0,0,27050,27350,26800
2023-12-19,26.89,27500,0.5(1.85 %),2665100,72553000000,0,0,27000,27500,27000
2023-12-20,27.38,28000,0.5(1.82 %),2421600,67163000000,60000,1536000000,27600,28000,27400
2023-12-21,27.43,28050,0.05(0.18 %),2161300,60415000000,0,0,27700,28100,27600
2023-12-22,27.19,27800,-0.25(-0.89 %),1788600,49971000000,0,0,28100,28150,27700
2023-12-25,27.67,28300,0.5(1.80 %),2634000,73938000000,0,0,27900,28300,27800
2023-12-26,27.48,28100,-0.2(-0.71 %),1947600,55059000000,0,0,28400,28650,28100
2023-12-27,27.67,28300,0.2(0.71 %),2028000,57187000000,400000,11280000000,28400,28400,28050
2023-12-28,27.38,28000,-0.3(-1.06 %),2937400,82140000000,0,0,28250,28300,27800
2023-12-29,27.67,28300,0.3(1.07 %),3265400,91764000000,0,0,27900,28300,27850
2024-01-02,27.38,28000,-0.3(-1.06 %),2793300,78612000000,0,0,28500,28500,28000
2024-01-03,27.58,28200,0.2(0.71 %),2960600,82810000000,0,0,27950,28200,27850
2024-01-04,27.48,28100,-0.1(-0.35 %),4302700,121629000000,0,0,28350,28550,28100
2024-01-05,27.19,27800,-0.3(-1.07 %),2793300,78061000000,0,0,28200,28200,27800
2024-01-08,26.75,27350,-0.45(-1.62 %),5211800,143953000000,0,0,27850,28000,27300
2024-01-09,26.16,26750,-0.6(-2.19 %),9948800,267720000000,0,0,27250,27350,26500
2024-01-10,26.35,26950,0.2(0.75 %),4480600,120585000000,0,0,26900,27050,26700
2024-01-11,26.4,27000,0.05(0.19 %),3921700,105165000000,0,0,27100,27100,26600
2024-01-12,26.31,26900,-0.1(-0.37 %),5376400,144877000000,0,0,27150,27200,26650
2024-01-15,26.7,27300,0.4(1.49 %),6363700,173869000000,0,0,27000,27450,27000
2024-01-16,26.89,27500,0.2(0.73 %),2419600,66090000000,0,0,27300,27500,27150
2024-01-17,26.94,27550,0.05(0.18 %),4607900,127532000000,0,0,27600,27900,27450
2024-01-18,26.75,27350,-0.2(-0.73 %),3449700,94035000000,0,0,27500,27650,27150
2024-01-19,26.75,27350,0(0.00 %),2119800,58069000000,0,0,27500,27600,27250
2024-01-22,26.65,27250,-0.1(-0.37 %),2448100,66536000000,0,0,27400,27500,27050
2024-01-23,27.28,27900,0.65(2.39 %),6998000,193754000000,0,0,27300,28000,27300
2024-01-24,27.09,27700,-0.2(-0.72 %),1718900,47690000000,0,0,27900,27950,27600
2024-01-25,26.94,27550,-0.15(-0.54 %),2061900,56900000000,0,0,27650,27800,27350
2024-01-26,27.04,27650,0.1(0.36 %),2422800,67206000000,0,0,27800,27900,27650
2024-01-29,26.99,27600,-0.05(-0.18 %),1617300,44773000000,0,0,27800,27900,27550
2024-01-30,27.33,27950,0.35(1.27 %),5454700,153149000000,0,0,28100,28300,27950
2024-01-31,26.94,27550,-0.4(-1.43 %),3896400,107663000000,0,0,28050,28050,27350
2024-02-01,26.94,27550,0(0.00 %),2252900,62294000000,0,0,27650,27900,27400
2024-02-02,27.19,27800,0.25(0.91 %),3316000,91838000000,0,0,27600,27850,27450
2024-02-05,27.63,28250,0.45(1.62 %),6723300,189362000000,0,0,27800,28450,27700
2024-02-06,28.11,28750,0.5(1.77 %),4908500,140597000000,0,0,28350,28800,28300
2024-02-07,28.11,28750,0(0.00 %),3086600,88781000000,0,0,28750,29000,28600
2024-02-15,27.97,28600,-0.15(-0.52 %),4521300,129158000000,0,0,28850,28950,28400
2024-02-16,27.87,28500,-0.1(-0.35 %),4167100,119257000000,0,0,28700,28850,28400
2024-02-19,28.11,28750,0.25(0.88 %),7262000,209781000000,0,0,28500,29250,28500
2024-02-20,28.07,28700,-0.05(-0.17 %),3268200,94069000000,0,0,28950,29100,28600
2024-02-21,27.87,28500,-0.2(-0.70 %),3493800,100138000000,0,0,28700,28950,28400
2024-02-22,28.65,29300,0.8(2.81 %),10433600,306695000000,0,0,28550,29850,28550
2024-02-23,27.72,28350,-0.95(-3.24 %),6007700,172908000000,0,0,29400,29450,28100
2024-02-26,27.48,28100,-0.25(-0.88 %),6084300,169943000000,0,0,28400,28450,27600
2024-02-27,28.16,28800,0.7(2.49 %),6459000,183428000000,0,0,28300,28850,28000
2024-02-28,30.12,30800,2(6.94 %),22282100,681219000000,0,0,29150,30800,29100
2024-02-29,30.22,30900,0.1(0.32 %),6362800,195376000000,0,0,30900,31200,30350
2024-03-01,31.1,31800,0.9(2.91 %),7434600,232946000000,0,0,30900,31900,30600
2024-03-04,30.8,31500,-0.3(-0.94 %),8859100,279494000000,0,0,32000,32200,31150
2024-03-05,31.05,31750,0.25(0.79 %),5327700,167708000000,0,0,31350,32000,31150
2024-03-06,29.97,30650,-1.1(-3.46 %),4583300,143174000000,0,0,31700,31900,30500
2024-03-07,30.9,31600,0.4(1.28 %),6192500,196062000000,0,0,31500,32200,31200
2024-03-08,30.12,30800,-0.8(-2.53 %),6983400,217251000000,0,0,31700,32000,30800
2024-03-11,29.39,30050,-0.75(-2.44 %),8490400,257255000000,0,0,30800,30800,29900
2024-03-12,29.63,30300,0.25(0.83 %),5784300,175605000000,0,0,30200,30650,30050
2024-03-13,30.66,31350,1.05(3.47 %),7366400,227974000000,0,0,30500,31400,30250
2024-03-14,32.17,32900,1.55(4.94 %),16354900,536694000000,0,0,31800,33500,31700
2024-03-15,32.08,32800,-0.1(-0.30 %),5093000,167277000000,0,0,33300,33600,32250
2024-03-18,30.56,31250,-1.55(-4.73 %),14286900,449383000000,0,0,33000,33250,30750
2024-03-19,30.76,31450,0.2(0.64 %),7495100,237916000000,0,0,31500,32400,30950
2024-03-20,31.54,32250,0.8(2.54 %),4752400,151835000000,0,0,31750,32250,31500
2024-03-21,31.64,32350,0.1(0.31 %),8497400,273328000000,0,0,32400,32600,31750
2024-03-22,31.24,31950,-0.4(-1.24 %),7423300,237995000000,0,0,32350,32500,31850
2024-03-25,31.05,31750,-0.2(-0.63 %),7721300,248872000000,0,0,32350,32900,31600
2024-03-26,31.98,32700,0.95(2.99 %),4067100,131182000000,0,0,31800,32700,31750
2024-03-27,31.78,32500,-0.2(-0.61 %),5074200,166426000000,0,0,33400,33400,32350
2024-03-28,31.49,32200,-0.3(-0.92 %),3869800,125068000000,0,0,32600,32600,32150
2024-03-29,31.64,32350,0.15(0.47 %),6651700,217251000000,50000,1497500000,32600,33300,32300
2024-04-01,32.12,32850,0.5(1.55 %),6560400,214823000000,0,0,32400,33200,32300
2024-04-02,34.13,34900,2.05(6.24 %),15201400,513186000000,0,0,32900,34900,32300
2024-04-03,33.15,33900,-1(-2.87 %),5738400,197248000000,0,0,34900,34900,33900
2024-04-04,32.81,33550,-0.35(-1.03 %),7512600,255307000000,0,0,34050,34450,33550
2024-04-05,32.17,32900,-0.65(-1.94 %),11495900,386633000000,200000,6260000000,33550,34300,32800
2024-04-08,32.17,32900,0(0.00 %),5207500,172286000000,0,0,33000,33500,32600
2024-04-09,32.47,33200,0.3(0.91 %),4375900,144369000000,0,0,33000,33400,32700
2024-04-10,31.1,31800,-1.4(-4.22 %),10029200,325767000000,0,0,33250,33300,31800
2024-04-11,31.24,31950,0.15(0.47 %),5663500,180947000000,0,0,31600,32250,31400
2024-04-12,32.08,32800,0.85(2.66 %),3333100,107298000000,0,0,32100,32800,31850
2024-04-15,29.87,30550,-2.25(-6.86 %),13390100,427790000000,0,0,33250,33450,30550
2024-04-16,30.12,30800,0.25(0.82 %),9195100,278633000000,0,0,30650,30900,29550
2024-04-17,28.7,29350,-1.45(-4.71 %),4591700,137797000000,0,0,31000,31000,29350
2024-04-19,28.65,29300,-0.05(-0.17 %),7167600,211703000000,0,0,29100,30300,28800
2024-04-22,28.95,29600,0.3(1.02 %),3089200,90942000000,0,0,29550,29750,29150
2024-04-23,28.46,29100,-0.5(-1.69 %),5208000,150977000000,0,0,29700,29700,28550
2024-04-24,29.53,30200,1.1(3.78 %),4396500,131080000000,0,0,29200,30250,29150
2024-04-25,29.24,29900,-0.3(-0.99 %),2602300,77585000000,0,0,30000,30250,29550
2024-04-26,29.09,29750,-0.15(-0.50 %),3120200,92975000000,800000,24000000000,29500,30150,29500
2024-05-02,28.9,29550,-0.2(-0.67 %),2762300,81381000000,0,0,29750,29900,29050
2024-05-03,29.14,29800,0.25(0.85 %),3730000,111541000000,0,0,29700,30200,29600
2024-05-06,29.92,30600,0.8(2.68 %),4149600,125814000000,0,0,30200,30750,29900
2024-05-07,29.87,30550,-0.05(-0.16 %),2860500,87443000000,0,0,30800,30800,30400
2024-05-08,30.9,31600,1.05(3.44 %),9617700,304042000000,40000,1304000000,30550,32400,30200
2024-05-09,31.0,31700,0.1(0.32 %),3498700,109885000000,0,0,31650,31800,31100
2024-05-10,31.44,32150,0.45(1.42 %),7192200,229077000000,0,0,31500,32550,31100
2024-05-13,31.39,32100,-0.05(-0.16 %),4038700,129404000000,0,0,32300,32400,31700
2024-05-14,31.2,31900,-0.2(-0.62 %),2490900,79302000000,0,0,32150,32200,31600
2024-05-15,31.2,31900,0(0.00 %),4134600,132291000000,0,0,31950,32400,31750
2024-05-16,31.88,32600,0.7(2.19 %),10103000,328697000000,125000,3987500000,32150,32950,31950
2024-05-17,31.88,32600,0(0.00 %),6441000,211775000000,0,0,32800,33300,32550
2024-05-20,31.64,32350,-0.25(-0.77 %),5790400,188604000000,125000,3987500000,32800,33000,32300
2024-05-21,32.17,32900,0.55(1.70 %),5570600,181076000000,0,0,32350,32900,32150
2024-05-22,31.78,32500,-0.4(-1.22 %),6518300,214760000000,0,0,33200,33450,32400
2024-05-23,32.27,33000,0.5(1.54 %),5996900,197403000000,0,0,32600,33250,32300
2024-05-24,31.0,31700,-1.3(-3.94 %),11273600,367374000000,0,0,32700,33900,31100
2024-05-27,31.24,31950,0.25(0.79 %),3728300,118417000000,0,0,32000,32000,31400
2024-05-28,31.39,32100,0.15(0.47 %),4676100,149661000000,0,0,32200,32350,31750
2024-05-29,30.95,31650,-0.45(-1.40 %),5738800,183404000000,0,0,32200,32350,31300
2024-05-30,31.29,32000,0.35(1.11 %),6355400,199259000000,0,0,31400,32000,30800
2024-05-31,30.95,31650,-0.35(-1.09 %),2664300,84510000000,0,0,31950,32000,31500
2024-06-03,31.59,32300,0.65(2.05 %),5585400,178853000000,0,0,31900,32300,31700
2024-06-04,31.54,32250,-0.05(-0.15 %),7653800,248667000000,20000,690000000,32400,32800,32200
2024-06-05,31.0,31700,-0.55(-1.71 %),4915000,157543000000,0,0,32250,32600,31700
2024-06-06,31.1,31800,0.1(0.32 %),3585400,113758000000,0,0,31850,32150,31400
2024-06-07,31.0,31700,-0.1(-0.31 %),3210200,102202000000,0,0,31900,32150,31650
2024-06-10,31.1,31800,0.1(0.32 %),4982700,159509000000,0,0,31800,32400,31650
2024-06-11,31.39,32100,0.3(0.94 %),4732800,151776000000,0,0,32200,32300,31850
2024-06-12,31.73,32450,0.35(1.09 %),4996700,162464000000,0,0,32350,32800,32300
2024-06-13,31.49,32200,-0.25(-0.77 %),3620800,117183000000,0,0,32800,32800,32200
2024-06-14,30.51,31200,-1(-3.11 %),6359700,202941000000,0,0,32350,32450,31200
2024-06-17,30.36,31050,-0.15(-0.48 %),4326700,135051000000,112800,3587040000,31450,31500,31000
2024-06-18,30.71,31400,0.35(1.13 %),2455700,77190000000,0,0,31600,31600,31250
2024-06-19,30.76,31450,0.05(0.16 %),2338100,73375000000,0,0,31600,31600,31200
2024-06-20,30.66,31350,-0.1(-0.32 %),2079600,65401000000,0,0,31550,31750,31150
2024-06-21,30.76,31450,0.1(0.32 %),2965100,92909000000,0,0,31600,31650,31100
2024-06-24,28.95,29600,-1.85(-5.88 %),6942600,209540000000,0,0,31400,31400,29600
2024-06-25,29.24,29900,0.3(1.01 %),2857400,85077000000,0,0,29700,30000,29500
2024-06-26,29.09,29750,-0.15(-0.50 %),2898800,85728000000,0,0,29800,29900,29200
2024-06-27,29.09,29750,0(0.00 %),1257800,37252000000,0,0,29800,29800,29500
2024-06-28,28.16,28800,-0.95(-3.19 %),4460600,130442000000,0,0,29800,29900,28800
2024-07-01,28.75,29400,0.6(2.08 %),1770100,51328000000,0,0,28950,29400,28750
2024-07-02,29.09,29750,0.35(1.19 %),2334100,69078000000,0,0,29550,29850,29350
2024-07-03,29.34,30000,0.25(0.84 %),1750100,52252000000,591000,17493600000,29800,30100,29600
2024-07-04,29.24,29900,-0.1(-0.33 %),1826000,54782000000,0,0,29950,30250,29650
2024-07-05,29.24,29900,0(0.00 %),1484200,44262000000,591000,17434500000,29900,30050,29600
2024-07-08,29.63,30300,0.4(1.34 %),4669600,141250000000,0,0,30000,30650,29900
2024-07-09,29.87,30550,0.25(0.83 %),2909600,88567000000,0,0,30400,30750,30150
2024-07-10,29.39,30050,-0.5(-1.64 %),2580500,78271000000,0,0,30700,30700,30000
2024-07-11,29.14,29800,-0.25(-0.83 %),1899100,56989000000,0,0,30150,30300,29800
2024-07-12,29.19,29850,0.05(0.17 %),1797300,53691000000,0,0,30000,30050,29700
2024-07-15,29.09,29750,-0.1(-0.34 %),2358000,70135000000,0,0,29900,30000,29600
2024-07-16,29.04,29700,-0.05(-0.17 %),2326600,69040000000,0,0,29850,29900,29550
2024-07-17,27.87,28500,-1.2(-4.04 %),5150800,149314000000,0,0,29700,29700,27900
2024-07-18,28.11,28750,0.25(0.88 %),3569300,100962000000,0,0,28800,28850,27900
2024-07-19,27.43,28050,-0.7(-2.43 %),2604100,73388000000,0,0,28750,28800,28000
2024-07-22,26.7,27300,-0.75(-2.67 %),4951500,135749000000,0,0,28050,28050,27150
2024-07-23,26.84,27450,0.15(0.55 %),3265600,90506000000,134600,3418840000,27400,28000,27400
2024-07-24,26.99,27600,0.15(0.55 %),3613400,98939000000,0,0,27450,27900,27000
2024-07-25,27.09,27700,0.1(0.36 %),1355300,37295000000,0,0,27500,27750,27200
2024-07-26,27.33,27950,0.25(0.90 %),2440600,67829000000,0,0,27900,28000,27650
2024-07-29,27.14,27750,-0.2(-0.72 %),2071400,57557000000,130000,3835000000,28100,28150,27450
2024-07-30,26.79,27400,-0.35(-1.26 %),1799300,49553000000,0,0,27700,27850,27300
2024-07-31,27.09,27700,0.3(1.09 %),2273200,63248000000,0,0,27500,28200,27450
2024-08-01,27.23,27850,0.15(0.54 %),6717300,189167000000,0,0,27900,28600,27400
2024-08-02,27.28,27900,0.05(0.18 %),3881200,106639000000,0,0,27700,28900,26950
2024-08-05,25.38,25950,-1.95(-6.99 %),7587600,199808000000,0,0,27500,27700,25950
2024-08-06,25.77,26350,0.4(1.54 %),4473700,115687000000,0,0,26400,26450,25200
2024-08-07,25.96,26550,0.2(0.76 %),3229700,84319000000,0,0,26400,26550,25800
2024-08-08,25.57,26150,-0.4(-1.51 %),3527400,92269000000,0,0,26500,26500,25800
2024-08-09,26.01,26600,0.45(1.72 %),3706100,97644000000,0,0,26350,26600,25950
2024-08-12,26.26,26850,0.25(0.94 %),1810500,48498000000,0,0,26800,26900,26500
2024-08-13,26.16,26750,-0.1(-0.37 %),2574800,69283000000,0,0,26900,27300,26600
2024-08-14,26.11,26700,-0.05(-0.19 %),2942200,78007000000,0,0,26950,26950,26150
2024-08-15,25.82,26400,-0.3(-1.12 %),2648200,69588000000,0,0,26600,26600,26100
2024-08-16,26.6,27200,0.8(3.03 %),4909200,132757000000,0,0,26600,27300,26450
2024-08-19,26.79,27400,0.2(0.74 %),3404000,93331000000,0,0,27300,27600,27250
2024-08-20,27.04,27650,0.25(0.91 %),4395700,120456000000,0,0,27300,27700,27100
2024-08-21,27.38,28000,0.35(1.27 %),4878900,136496000000,0,0,27850,28250,27800
2024-08-22,27.19,27800,-0.2(-0.71 %),4174000,115690000000,0,0,28150,28150,27600
2024-08-23,27.28,27900,0.1(0.36 %),2481000,68683000000,0,0,27550,27900,27550
2024-08-26,26.99,27600,-0.3(-1.08 %),5283600,146671000000,0,0,28450,28450,27450
2024-08-27,26.79,27400,-0.2(-0.72 %),2891500,79562000000,0,0,27700,27750,27400
2024-08-28,26.99,27600,0.2(0.73 %),2568900,70660000000,0,0,27500,27750,27350
2024-08-29,26.7,27300,-0.3(-1.09 %),2919600,80051000000,0,0,27600,27700,27250
2024-08-30,26.84,27450,0.15(0.55 %),1761700,48200000000,0,0,27500,27500,27250
2024-09-04,26.11,26700,-0.75(-2.73 %),4934600,132328000000,0,0,26950,27100,26650
2024-09-05,25.67,26250,-0.45(-1.69 %),2901900,76903000000,0,0,26750,26950,26100
2024-09-06,26.01,26600,0.35(1.33 %),3236900,85643000000,0,0,26400,26750,26100
2024-09-09,26.21,26800,0.2(0.75 %),2385600,63970000000,200000,5360000000,26500,27100,26450
2024-09-10,26.06,26650,-0.15(-0.56 %),2353200,62714000000,200000,5322000000,27000,27000,26300
2024-09-11,25.82,26400,-0.25(-0.94 %),2888200,75783000000,0,0,26250,26500,26100
2024-09-12,25.82,26400,0(0.00 %),1598000,42135000000,330000,8580000000,26700,26700,26150
2024-09-13,25.43,26000,-0.4(-1.52 %),3328900,86855000000,0,0,26550,26550,25900
2024-09-16,24.84,25400,-0.6(-2.31 %),3597500,92024000000,0,0,26000,26300,25100
2024-09-17,24.84,25400,0(0.00 %),3697600,93562000000,0,0,25550,25550,25050
2024-09-18,25.03,25600,0.2(0.79 %),3050000,78696000000,0,0,25600,26050,25600
2024-09-19,25.18,25750,0.15(0.59 %),2155700,55529000000,0,0,25750,25950,25600
2024-09-20,26.45,27050,1.3(5.05 %),11017100,293244000000,0,0,25900,27100,25900
2024-09-23,26.26,26850,-0.2(-0.74 %),2838300,76669000000,0,0,27150,27200,26800
2024-09-24,26.94,27550,0.7(2.61 %),6765900,183845000000,60000,1596000000,26900,27550,26800
2024-09-25,26.99,27600,0.05(0.18 %),4968300,136873000000,100000,2700000000,27700,27700,27400
2024-09-26,27.09,27700,0.1(0.36 %),5720100,157520000000,70000,1921500000,27600,28000,27150
2024-09-27,26.65,27250,-0.45(-1.62 %),3876100,105803000000,0,0,27450,27500,27150
2024-09-30,27.09,27700,0.45(1.65 %),4697100,129081000000,26400,719400000,27450,27750,27200
2024-10-01,26.79,27400,-0.3(-1.08 %),4242900,116981000000,0,0,27750,27850,27400
2024-10-02,26.94,27550,0.15(0.55 %),3877700,107323000000,0,0,27750,27850,27550
2024-10-03,26.65,27250,-0.3(-1.09 %),4894500,133535000000,0,0,27700,27800,26900
2024-10-04,27.09,27700,0.45(1.65 %),9041100,251906000000,0,0,27400,28100,27300
2024-10-07,27.33,27950,0.25(0.90 %),2876900,80315000000,0,0,28000,28200,27700
2024-10-08,27.43,28050,0.1(0.36 %),6923000,195449000000,100000,2735000000,28200,28550,27800
2024-10-09,27.09,27700,-0.35(-1.25 %),4810900,132819000000,0,0,28000,28000,27450
2024-10-10,26.75,27350,-0.35(-1.26 %),4092700,112528000000,0,0,27700,27800,27300
2024-10-11,26.94,27550,0.2(0.73 %),2490400,68477000000,0,0,27600,27750,27350
2024-10-14,26.5,27100,-0.45(-1.63 %),3957600,107915000000,0,0,27550,27600,27100
2024-10-15,26.01,26600,-0.5(-1.85 %),7649300,203760000000,500000,13800000000,27050,27150,26100
2024-10-16,25.72,26300,-0.3(-1.13 %),1705000,45049000000,0,0,26550,26650,26250
2024-10-17,25.96,26550,0.25(0.95 %),3417100,89242000000,800000,21900000000,26400,26550,25850
2024-10-18,25.67,26250,-0.3(-1.13 %),2185600,57704000000,100000,2700000000,26600,26650,26250
2024-10-21,25.23,25800,-0.45(-1.71 %),3072500,79876000000,740000,19700000000,26150,26250,25800
2024-10-22,25.03,25600,-0.2(-0.78 %),2652300,68457000000,200000,5350000000,25850,25950,25500
2024-10-23,25.28,25850,0.25(0.98 %),1866600,48119000000,600000,16050000000,25900,26000,25550
2024-10-24,25.33,25900,0.05(0.19 %),2752200,71716000000,200000,5300000000,25950,26300,25900
2024-10-25,25.08,25650,-0.25(-0.97 %),2771800,71402000000,600800,15919280000,26150,26150,25600
2024-10-28,25.23,25800,0.15(0.58 %),2076400,53548000000,200000,5300000000,25400,26150,25400
2024-10-29,25.18,25750,-0.05(-0.19 %),1947600,50271000000,600000,15900000000,25900,26000,25700
2024-10-30,25.03,25600,-0.15(-0.58 %),3256700,83753000000,100000,2650000000,25800,26000,25600
2024-10-31,25.08,25650,0.05(0.20 %),1937300,49833000000,300000,7950000000,25850,25900,25600
2024-11-01,25.18,25750,0.1(0.39 %),2817100,72752000000,0,0,25700,26150,25550
2024-11-04,24.64,25200,-0.55(-2.14 %),3248000,82275000000,0,0,25900,25900,25100
2024-11-05,24.59,25150,-0.05(-0.20 %),1978600,49858000000,0,0,25300,25400,25100
2024-11-06,24.79,25350,0.2(0.80 %),2881100,72770000000,0,0,25500,25500,25100
2024-11-07,24.94,25500,0.15(0.59 %),2454600,62871000000,81300,1918680000,25450,25750,25400
2024-11-08,24.94,25500,0(0.00 %),3602600,92343000000,0,0,25700,25950,25400
2024-11-11,24.79,25350,-0.15(-0.59 %),2404600,60863000000,0,0,25550,25650,25100
2024-11-12,23.67,24200,-1.15(-4.54 %),9291000,229770000000,0,0,25400,25450,24100
2024-11-13,23.27,23800,-0.4(-1.65 %),8253400,194436000000,0,0,24200,24200,23200
2024-11-14,22.69,23200,-0.6(-2.52 %),2559800,60215000000,0,0,23700,23750,23200
2024-11-15,22.69,23200,0(0.00 %),4622500,107563000000,0,0,23100,23550,23000
2024-11-18,22.88,23400,0.2(0.86 %),2171800,50523000000,0,0,23200,23550,23000
2024-11-19,22.59,23100,-0.3(-1.28 %),2323700,54509000000,0,0,23650,23700,23100
2024-11-20,22.69,23200,0.1(0.43 %),3635000,83987000000,0,0,23200,23500,22550
2024-11-21,23.08,23600,0.4(1.72 %),3000000,70360000000,0,0,23300,23750,23150
2024-11-22,23.03,23550,-0.05(-0.21 %),2749600,65039000000,0,0,23500,23950,23500
2024-11-25,23.37,23900,0.35(1.49 %),2507000,59584000000,0,0,23700,23950,23500
2024-11-26,23.32,23850,-0.05(-0.21 %),2525300,60074000000,0,0,23650,23950,23500
2024-11-27,22.98,23500,-0.35(-1.47 %),2135700,50397000000,20000,510000000,23750,23800,23500
2024-11-28,23.08,23600,0.1(0.43 %),2898100,68718000000,0,0,23700,24000,23450
2024-11-29,23.18,23700,0.1(0.42 %),2020800,47734000000,20000,499800000,23750,23750,23500
2024-12-02,23.03,23550,-0.15(-0.63 %),2601800,61285000000,0,0,23800,23800,23400
2024-12-03,22.74,23250,-0.3(-1.27 %),2670700,62435000000,0,0,23600,23600,23250
2024-12-04,22.64,23150,-0.1(-0.43 %),2536100,59179000000,0,0,23400,23600,23100
2024-12-05,23.27,23800,0.65(2.81 %),3564600,83628000000,20000,495000000,23150,23800,23000
2024-12-06,23.47,24000,0.2(0.84 %),3628700,87205000000,0,0,23950,24300,23850
2024-12-09,23.57,24100,0.1(0.42 %),1810000,43600000000,20000,447400000,24000,24200,24000
2024-12-10,23.37,23900,-0.2(-0.83 %),2622900,62981000000,0,0,24200,24200,23800
2024-12-11,23.23,23750,-0.15(-0.63 %),1796300,42832000000,1500000,38025000000,23900,24050,23700
2024-12-12,23.42,23950,0.2(0.84 %),2114800,50636000000,0,0,23850,24100,23800
2024-12-13,23.08,23600,-0.35(-1.46 %),1570900,37201000000,0,0,23300,23900,23300
2024-12-16,23.37,23900,0.3(1.27 %),2224600,52959000000,0,0,23600,24000,23600
2024-12-17,22.93,23450,-0.45(-1.88 %),3156800,74170000000,0,0,23900,23950,23350
2024-12-18,23.62,24150,0.7(2.99 %),3391600,81348000000,0,0,23450,24350,23400
2024-12-19,23.67,24200,0.05(0.21 %),4597500,110716000000,850000,21845000000,23800,24400,23650
2024-12-20,23.37,23900,-0.3(-1.24 %),2328700,55742000000,0,0,24200,24200,23850
2024-12-23,23.18,23700,-0.2(-0.84 %),2342600,56082000000,0,0,24000,24200,23700
2024-12-24,23.08,23600,-0.1(-0.42 %),2630000,61942000000,0,0,23700,23800,23450
2024-12-25,23.42,23950,0.35(1.48 %),3549400,85115000000,0,0,23750,24200,23750
2024-12-26,23.52,24050,0.1(0.42 %),3791000,92055000000,0,0,24100,24500,24050
2024-12-27,23.57,24100,0.05(0.21 %),3087900,73722000000,0,0,24150,24200,23650
2024-12-30,23.18,23700,-0.4(-1.66 %),2306200,54805000000,0,0,24100,24100,23600
2024-12-31,22.88,23400,-0.3(-1.27 %),2082600,49065000000,980000,24794000000,23750,23900,23400
2025-01-02,22.93,23450,0.05(0.21 %),1618100,37967000000,0,0,23500,23650,23400
2025-01-03,22.98,23500,0.05(0.21 %),3512100,83000000000,0,0,23650,23900,23400
2025-01-06,22.44,22950,-0.55(-2.34 %),3178300,74182000000,0,0,23650,23800,22900
2025-01-07,21.66,22150,-0.8(-3.49 %),5499300,123694000000,0,0,23000,23150,21950
2025-01-08,21.66,22150,0(0.00 %),3840400,84377000000,0,0,22150,22400,21700
2025-01-09,21.66,22150,0(0.00 %),2175200,48465000000,0,0,22200,22450,22150
2025-01-10,21.66,22150,0(0.00 %),3918200,87829000000,0,0,22200,22800,22100
2025-01-13,22.25,22750,0.6(2.71 %),2567300,58186000000,0,0,22450,22850,22450
2025-01-14,21.9,22400,-0.35(-1.54 %),1912900,43049000000,0,0,22850,22900,22350
2025-01-15,21.9,22400,0(0.00 %),2454600,54823000000,850000,19040000000,22400,22550,22100
2025-01-16,22.05,22550,0.15(0.67 %),2036700,46087000000,0,0,22700,22900,22350
2025-01-17,22.79,23300,0.75(3.33 %),4046100,93354000000,0,0,22650,23300,22450
2025-01-20,22.93,23450,0.15(0.64 %),2718000,63802000000,0,0,23300,23600,23200
2025-01-21,22.98,23500,0.05(0.21 %),4150400,97430000000,77370,1818195000,23450,23700,23150
2025-01-22,22.64,23150,-0.35(-1.49 %),2401200,55994000000,0,0,23500,23600,23100
2025-01-23,23.03,23550,0.4(1.73 %),2008400,47063000000,0,0,23100,23600,23100
2025-01-24,23.08,23600,0.05(0.21 %),2188800,51353000000,0,0,23550,23600,23250
2025-02-04,23.08,23600,0.2(0.85 %),2540300,59554000000,0,0,23400,23600,23250
2025-02-05,23.13,23650,0.05(0.21 %),4008000,95541000000,0,0,23750,24100,23650
2025-02-06,23.23,23750,0.1(0.42 %),3263400,77569000000,0,0,23650,24000,23600
2025-02-07,23.13,23650,-0.1(-0.42 %),2017400,47556000000,791400,18795750000,23750,23850,23450
2025-02-10,22.88,23400,-0.25(-1.06 %),2437000,57104000000,0,0,23650,23700,23300
2025-02-11,22.74,23250,-0.15(-0.64 %),2310100,53684000000,427350,9999990000,23550,23600,23150
2025-02-12,22.93,23450,0.2(0.86 %),2311600,54160000000,273250,6353062500,23450,23600,23250
2025-02-13,22.98,23500,0.05(0.21 %),1799700,42117000000,0,0,23450,23550,23250
2025-02-14,23.71,24250,0.75(3.19 %),11694600,283274000000,0,0,23600,24650,23550
2025-02-17,23.81,24350,0.1(0.41 %),5677000,138426000000,1202600,27178760000,24250,24600,24050
2025-02-18,23.86,24400,0.05(0.21 %),3736300,91297000000,0,0,24450,24600,24300
2025-02-19,23.96,24500,0.1(0.41 %),4571800,111522000000,0,0,24550,24550,24300
2025-02-20,23.81,24350,-0.15(-0.61 %),4492300,109967000000,0,0,24550,24800,24250
2025-02-21,23.57,24100,-0.25(-1.03 %),3416600,82535000000,0,0,24350,24400,24050
2025-02-24,24.06,24600,0.5(2.07 %),4061300,98716000000,0,0,24100,24600,24000
2025-02-25,24.06,24600,0(0.00 %),4015000,99013000000,0,0,24750,24900,24500
2025-02-26,23.71,24250,-0.35(-1.42 %),3150000,76847000000,0,0,24650,24650,24250
2025-02-27,24.01,24550,0.3(1.24 %),4265900,103259000000,0,0,24250,24550,24000
2025-02-28,24.2,24750,0.2(0.81 %),7419600,185067000000,0,0,24900,25200,24700
2025-03-03,24.06,24600,-0.15(-0.61 %),4120700,102000000000,0,0,24750,24950,24600
2025-03-04,23.81,24350,-0.25(-1.02 %),3335600,81457000000,0,0,24550,24750,24250
2025-03-05,23.32,23850,-0.5(-2.05 %),4501000,108651000000,0,0,24450,24450,23850
2025-03-06,23.18,23700,-0.15(-0.63 %),5255200,124444000000,0,0,23850,23900,23500
2025-03-07,23.18,23700,0(0.00 %),2771900,66000000000,0,0,23900,24000,23700
2025-03-10,23.32,23850,0.15(0.63 %),3689700,87847000000,0,0,23700,24000,23650
2025-03-11,23.13,23650,-0.2(-0.84 %),2907900,68704000000,0,0,23700,23850,23350
2025-03-12,23.18,23700,0.05(0.21 %),4267800,101516000000,0,0,23700,24050,23550
2025-03-13,22.98,23500,-0.2(-0.84 %),3317700,78197000000,0,0,23800,23800,23400
2025-03-14,22.54,23050,-0.45(-1.91 %),6444500,149060000000,650000,16282500000,23400,23500,23000
2025-03-17,22.54,23050,0(0.00 %),3668100,84862000000,0,0,23150,23500,23000
2025-03-18,22.93,23450,0.4(1.74 %),5765100,135319000000,1150000,28347500000,23200,23800,23100
2025-03-19,22.69,23200,-0.25(-1.07 %),2463600,57344000000,0,0,23450,23450,23150
2025-03-20,22.74,23250,0.05(0.22 %),2637100,61202000000,0,0,23200,23450,23000
2025-03-21,22.74,23250,0(0.00 %),2601200,60550000000,1,21650,23400,23650,23100
2025-03-24,22.3,22800,-0.45(-1.94 %),5211000,119023000000,100000,2350000000,23200,23250,22700
2025-03-25,22.34,22850,0.05(0.22 %),2602000,59522000000,0,0,23000,23000,22800
2025-03-26,22.44,22950,0.1(0.44 %),3926000,90663000000,100000,2265000000,23000,23350,22850
2025-03-27,22.3,22800,-0.15(-0.65 %),1737000,39676000000,100000,2330000000,22950,23150,22750
2025-03-28,22.0,22500,-0.3(-1.32 %),3419200,77484000000,0,0,22900,23050,22500
2025-03-31,21.51,22000,-0.5(-2.22 %),4898800,107936000000,266600,6316650000,22100,22400,21850
2025-04-01,21.71,22200,0.2(0.91 %),2567700,57085000000,0,0,22200,22600,22000
2025-04-02,21.61,22100,-0.1(-0.45 %),1803700,40071000000,301600,6776020000,22300,22500,22050
2025-04-03,20.14,20600,-1.5(-6.79 %),5336800,110560000000,50000,1150000000,21300,21300,20600
2025-04-04,18.78,19200,-1.4(-6.80 %),9631900,185051000000,135000,2970000000,19200,19400,19200
2025-04-08,17.5,17900,-1.3(-6.77 %),3052800,54801000000,20000,358000000,17900,18300,17900
2025-04-09,16.28,16650,-1.25(-6.98 %),6222900,103814000000,125000,2222500000,16650,17350,16650
2025-04-10,17.41,17800,1.15(6.91 %),1286000,22890000000,100000,1750000000,17800,17800,17800
2025-04-11,17.6,18000,0.2(1.12 %),9241300,162939000000,0,0,17800,18050,17150
2025-04-14,18.48,18900,0.9(5.00 %),5893800,108601000000,0,0,18100,19000,18000
2025-04-15,17.21,17600,-1.3(-6.88 %),7232100,130680000000,150000,2850000000,18850,18850,17600
2025-04-16,17.36,17750,0.15(0.85 %),5525100,96994000000,120000,2064000000,17600,18100,17000
2025-04-17,17.41,17800,0.05(0.28 %),3175000,55757000000,100000,1800000000,17500,17850,17300
2025-04-18,17.55,17950,0.15(0.84 %),4213200,76376000000,0,0,18150,18250,17900
2025-04-21,17.41,17800,-0.15(-0.84 %),4246900,76214000000,0,0,18600,18600,17600
2025-04-22,16.53,16900,-0.9(-5.06 %),10032600,169313000000,0,0,17750,17750,16600
2025-04-23,17.11,17500,0.6(3.55 %),3625500,62828000000,316000,5595000000,17300,17550,17050
2025-04-24,17.41,17800,0.3(1.71 %),5198500,92932000000,0,0,17600,18200,17550
2025-04-25,17.36,17750,-0.05(-0.28 %),4633300,82584000000,186000,3255000000,17900,18100,17650
2025-04-28,17.36,17750,0(0.00 %),2774600,49580000000,0,0,17900,18100,17700
2025-04-29,17.11,17500,-0.25(-1.41 %),2850400,50007000000,0,0,17800,17800,17450
2025-05-05,17.26,17650,0.15(0.86 %),5047100,87321965000,0,0,17500,17650,16800
2025-05-06,17.65,18050,0.4(2.27 %),7367300,133916390000,0,0,17750,18500,17750
2025-05-07,17.85,18250,0.2(1.11 %),6375600,116589635000,0,0,18200,18600,18050
2025-05-08,18.04,18450,0.2(1.10 %),8213000,151426525000,1218750,22242187500,18350,18900,18050
2025-05-09,17.9,18300,-0.15(-0.81 %),4038200,74374695000,341250,6323562500,18700,18700,18250
2025-05-12,18.38,18800,0.5(2.73 %),5592700,103820465000,0,0,18450,18800,18300
2025-05-13,18.34,18750,-0.05(-0.27 %),5713200,108338375000,0,0,19300,19300,18700
2025-05-14,18.43,18850,0.1(0.53 %),5059300,95244235000,0,0,18850,19050,18700
2025-05-15,18.53,18950,0.1(0.53 %),4858900,91492190000,0,0,19000,19050,18600
2025-05-16,18.29,18700,-0.25(-1.32 %),3477500,65795255000,0,0,18900,19100,18700
2025-05-19,18.04,18450,-0.25(-1.34 %),4217900,78420525000,0,0,18650,18850,18400
2025-05-20,18.04,18450,0(0.00 %),3149400,58026005000,0,0,18450,18600,18300
2025-05-21,17.94,18350,-0.1(-0.54 %),4940800,90516655000,0,0,18550,18600,18150
2025-05-22,17.7,18100,-0.25(-1.36 %),8981300,162275020000,50000,980000000,17800,18250,17800
2025-05-23,17.6,18000,-0.1(-0.55 %),2225400,40160805000,0,0,18150,18200,17950
2025-05-26,18.14,18550,0.55(3.06 %),6291200,114453575000,0,0,18100,18600,17700
2025-05-27,18.48,18900,0.35(1.89 %),7407200,138515070000,0,0,18600,18900,18550
2025-05-28,18.68,19100,0.2(1.06 %),11254400,217988295000,0,0,19200,19700,19050
2025-05-29,18.38,18800,-0.3(-1.57 %),5073600,96114410000,0,0,19300,19400,18800
2025-05-30,17.94,18350,-0.45(-2.39 %),7022000,129985910000,0,0,18800,18800,18350
2025-06-02,18.73,19150,0.8(4.36 %),8343100,157093535000,449900,8098200000,18650,19300,18300
2025-06-03,18.68,19100,-0.05(-0.26 %),9065100,174689630000,0,0,19400,19550,19050
2025-06-04,18.97,19400,0.3(1.57 %),12801300,249378150000,0,0,19250,19750,19200
2025-06-05,18.97,19400,0(0.00 %),6217200,119927085000,0,0,19450,19700,19050
2025-06-06,19.07,19500,0.1(0.52 %),14087000,278663320000,0,0,19400,20200,19400
2025-06-09,18.73,19150,-0.35(-1.79 %),6073300,117041015000,0,0,19600,19650,19100
2025-06-10,18.58,19000,-0.15(-0.78 %),5599800,106931840000,0,0,19350,19350,18900
2025-06-11,18.58,19000,0(0.00 %),3961900,75038600000,0,0,19150,19150,18800
2025-06-12,18.92,19350,0.35(1.84 %),11124800,217499760000,0,0,19500,19800,19300
2025-06-13,20.0,20450,1.1(5.68 %),22474000,455815290000,0,0,20150,20500,20000
2025-06-16,21.37,21850,1.4(6.85 %),20379100,441836525000,88000,1799600000,21500,21850,21350
2025-06-17,20.83,21300,-0.55(-2.52 %),16905700,359234680000,0,0,21850,21850,20900
2025-06-18,20.88,21350,0.05(0.23 %),10287900,221110455000,55000,1171500000,21750,21850,21250
2025-06-19,20.83,21300,-0.05(-0.23 %),7840600,165576910000,0,0,21400,21500,20850
2025-06-20,20.58,21050,-0.25(-1.17 %),6759000,142565340000,0,0,21500,21600,20900
2025-06-23,21.22,21700,0.65(3.09 %),13361100,292741405000,2000000,44000000000,22200,22200,21700
2025-06-24,20.0,20450,-1.25(-5.76 %),16768200,345161875000,0,0,20500,20850,20300
2025-06-25,19.7,20150,-0.3(-1.47 %),6713800,136008670000,4710000,100610000000,20400,20550,20050
2025-06-26,19.56,20000,-0.15(-0.74 %),5722100,114487640000,1000000,18750000000,20150,20250,19850
2025-06-27,19.36,19800,-0.2(-1.00 %),4635900,92174585000,0,0,20050,20150,19750
2025-06-30,19.61,20050,0.25(1.26 %),5355000,106274505000,2710000,56663460000,19950,20200,19650
2025-07-01,19.31,19750,-0.3(-1.50 %),4925700,98435520000,0,0,20200,20200,19750
2025-07-02,19.31,19750,0(0.00 %),4165500,82432310000,0,0,19800,19900,19700
2025-07-03,19.46,19900,0.15(0.76 %),4220000,84258215000,50000,1050000000,19950,20150,19750
2025-07-04,19.7,20150,0.25(1.26 %),4980100,100270925000,0,0,20000,20250,19950
2025-07-07,19.56,20000,-0.15(-0.74 %),5089100,102103235000,110000,2370500000,20200,20250,20000
2025-07-08,19.9,20350,0.35(1.75 %),6773800,137123995000,0,0,20150,20350,20100
2025-07-09,19.95,20400,0.05(0.25 %),7313600,149263315000,0,0,20400,20600,20250
2025-07-10,20.24,20700,0.3(1.47 %),8529700,175756830000,30000,612000000,20500,20900,20250
2025-07-11,19.95,20400,-0.3(-1.45 %),5693100,116305690000,0,0,20700,20750,20300
2025-07-14,20.05,20500,0.1(0.49 %),4660600,95310315000,0,0,20600,20650,20300
2025-07-15,19.95,20400,-0.1(-0.49 %),7967600,164151110000,0,0,20500,20900,20400
2025-07-16,19.95,20400,0(0.00 %),4852100,98963815000,0,0,20350,20450,20300
2025-07-17,19.95,20400,0(0.00 %),8881500,182237950000,0,0,20500,20750,20350
2025-07-18,20.39,20850,0.45(2.21 %),14312900,297546770000,0,0,20650,21100,20450
2025-07-21,20.14,20600,-0.25(-1.20 %),6056700,126043610000,0,0,21100,21200,20550
2025-07-22,20.05,20500,-0.1(-0.49 %),5557400,114015255000,0,0,20550,20700,20400
2025-07-23,20.44,20900,0.4(1.95 %),11777200,244810110000,0,0,20700,21100,20500
2025-07-24,20.78,21250,0.35(1.67 %),9939400,210174910000,0,0,21000,21300,21000
2025-07-25,20.63,21100,-0.15(-0.71 %),8947200,190869520000,0,0,21400,21600,21100
2025-07-28,20.98,21450,0.35(1.66 %),10030800,213431665000,0,0,21400,21450,21050
2025-07-29,20.73,21200,-0.25(-1.17 %),20015800,436611355000,0,0,21900,22200,21200
2025-07-30,20.68,21150,-0.05(-0.24 %),6530300,139112600000,0,0,21750,21750,21100
2025-07-31,20.68,21150,0(0.00 %),9117500,194013120000,0,0,21700,21750,21050
2025-08-01,20.83,21300,0.15(0.71 %),7837600,167867095000,0,0,21250,21700,21250
2025-08-04,20.63,21100,-0.2(-0.94 %),6901800,145807875000,0,0,21200,21400,21000
2025-08-05,20.49,20950,-0.15(-0.71 %),12625200,267591825000,0,0,21250,21500,20800
2025-08-06,21.02,21500,0.55(2.63 %),10741400,229463295000,0,0,20900,21800,20900
2025-08-07,21.02,21500,0(0.00 %),6320300,135897585000,0,0,21650,21800,21350
2025-08-08,22.49,23000,1.5(6.98 %),31358600,704230095000,0,0,21650,23000,21650
2025-08-11,22.49,23000,0(0.00 %),11632500,270448350000,0,0,23500,23800,22900
2025-08-12,22.49,23000,0(0.00 %),13624100,312858970000,1400000,32200000000,23150,23400,22650
2025-08-13,22.25,22750,-0.25(-1.09 %),15983900,360858205000,0,0,23050,23100,22250
2025-08-14,22.39,22900,0.15(0.66 %),9514400,215634490000,1400000,31920000000,22800,22950,22450
2025-08-15,22.25,22750,-0.15(-0.66 %),15637700,362520055000,47000,1102150000,23100,23750,22750
2025-08-18,22.34,22850,0.1(0.44 %),6766200,155216255000,3500000,74200000000,23000,23300,22700
2025-08-19,22.44,22950,0.1(0.44 %),8925000,207295265000,0,0,23150,23650,22950
2025-08-20,21.71,22200,-0.75(-3.27 %),12728300,283855795000,0,0,23000,23000,21600
2025-08-21,21.37,21850,-0.35(-1.58 %),7886400,174141930000,0,0,22500,22500,21850
2025-08-22,20.78,21250,-0.6(-2.75 %),8883400,191545235000,0,0,21650,22400,21200
2025-08-25,20.29,20750,-0.5(-2.35 %),5730200,120758335000,0,0,21400,21550,20700
2025-08-26,20.93,21400,0.65(3.13 %),3205400,67553095000,495000,9578250000,21000,21450,20850
2025-08-27,20.93,21400,0(0.00 %),6101100,130858675000,1800000,39600000000,21500,21800,21200
2025-08-28,21.02,21500,0.1(0.47 %),2185000,46830165000,0,0,21500,21600,21250
2025-08-29,20.83,21300,-0.2(-0.93 %),4274900,91828745000,0,0,21600,21700,21300
2025-09-03,21.51,22000,0.7(3.29 %),6582700,144729195000,2280000,48605000000,21600,22250,21550
2025-09-04,21.95,22450,0.45(2.05 %),8385700,188762130000,0,0,22300,22700,22150
2025-09-05,22.15,22650,0.2(0.89 %),16992300,390427625000,0,0,22600,23500,22400
2025-09-08,21.71,22200,-0.45(-1.99 %),10013400,227979145000,0,0,22700,23300,22200
2025-09-09,21.66,22150,-0.05(-0.23 %),4467400,98954325000,0,0,22550,22600,21800
2025-09-10,22.2,22700,0.55(2.48 %),6347200,143287630000,0,0,22350,22900,22250
2025-09-11,22.34,22850,0.15(0.66 %),11681300,268163450000,0,0,22800,23400,22600
2025-09-12,23.37,23900,1.05(4.60 %),21699100,513398240000,0,0,22950,24200,22650
2025-09-15,23.32,23850,-0.05(-0.21 %),8797600,210264465000,0,0,24350,24350,23700
2025-09-16,23.32,23850,0(0.00 %),12722600,305547455000,0,0,24000,24500,23650
2025-09-17,22.98,23500,-0.35(-1.47 %),8722500,208422170000,0,0,24100,24200,23500
2025-09-18,22.49,23000,-0.5(-2.13 %),7739600,178986500000,0,0,23400,23550,22850
2025-09-19,22.25,22750,-0.25(-1.09 %),3918800,89800660000,0,0,23100,23350,22750
2025-09-22,21.56,22050,-0.7(-3.08 %),9586300,214506350000,0,0,22700,22850,22050
2025-09-23,22.0,22500,0.45(2.04 %),3192600,71594565000,0,0,22350,22600,22200
2025-09-24,22.25,22750,0.25(1.11 %),3815400,86416225000,0,0,22550,22850,22450
2025-09-25,22.49,23000,0.25(1.10 %),4782600,110155660000,0,0,22950,23200,22900
2025-09-26,22.15,22650,-0.35(-1.52 %),4849400,110677375000,0,0,23100,23200,22600
2025-09-29,22.15,22650,0(0.00 %),3724800,84770675000,745200,17379320000,22800,23050,22500
2025-09-30,22.05,22050,-0.1(-0.45 %),4406400,96353835000,0,0,22450,22450,21600
2025-10-01,21.75,21750,-0.3(-1.36 %),3364400,73264335000,545200,11231120000,22100,22100,21650
2025-10-02,21.45,21450,-0.3(-1.38 %),3448600,74481635000,90000,2092500000,21800,21850,21350
2025-10-03,20.8,20800,-0.65(-3.03 %),4952000,103857950000,0,0,21200,21400,20700
2025-10-06,21.4,21400,0.6(2.88 %),2802500,59450890000,300000,5820000000,21000,21400,20850
2025-10-07,21.05,21050,-0.35(-1.64 %),3020400,64411550000,0,0,21550,21650,21000
2025-10-08,21.35,21350,0.3(1.43 %),2885700,61247690000,0,0,21450,21500,21000
2025-10-09,21.85,21850,0.5(2.34 %),3997700,86479480000,2200000,49720000000,21400,22100,21250
2025-10-10,21.6,20300,-21.85(-100.00 %),3537900,21600,0,0,21850,21950,20300
