Date,GiaDieuChinh,Close,ThayDoi,Volume,GiaTriKhopLenh,KLThoaThuan,GtThoaThuan,Open,High,Low
2010-10-20,6.75,14300,-0.7(-4.67 %),11060,158160000,0,0,14300,14500,14300
2010-10-21,6.42,13600,-0.7(-4.90 %),25350,344760000,0,0,13600,13600,13600
2010-10-22,6.42,13600,0(0.00 %),127930,1703326000,0,0,13000,13600,13000
2010-10-25,6.47,13700,0.1(0.74 %),45460,619873000,0,0,13600,13700,13200
2010-10-26,6.56,13900,0.2(1.46 %),68810,947518000,0,0,13700,14000,13400
2010-10-27,6.28,13300,-0.6(-4.32 %),30300,406408000,0,0,13900,13900,13300
2010-10-28,6.38,13500,0.2(1.50 %),2720,36220000,0,0,13300,13500,13300
2010-10-29,6.52,13800,0.3(2.22 %),35260,492421000,0,0,13600,14000,13600
2010-11-01,6.38,13500,-0.3(-2.17 %),38460,524363000,0,0,13600,13800,13200
2010-11-02,6.19,13100,-0.4(-2.96 %),7800,103490000,0,0,13400,13400,13100
2010-11-03,5.9,12500,-0.6(-4.58 %),46990,599137000,0,0,13100,13100,12500
2010-11-04,6.0,12700,0.2(1.60 %),33740,429100000,0,0,12500,12800,12500
2010-11-05,6.23,13200,0.5(3.94 %),10540,137490000,0,0,13000,13200,13000
2010-11-08,6.0,12700,-0.5(-3.79 %),37330,473531000,0,0,13100,13100,12600
2010-11-09,5.76,12200,-0.5(-3.94 %),6750,82400000,0,0,12200,12300,12200
2010-11-10,5.86,12400,0.2(1.64 %),17040,210446000,0,0,12200,12500,12100
2010-11-11,5.62,11900,-0.5(-4.03 %),24860,303699000,0,0,12900,12900,11900
2010-11-12,5.57,11800,-0.1(-0.84 %),46570,553721000,0,0,12300,12300,11600
2010-11-15,5.43,11500,-0.3(-2.54 %),9000,102208000,0,0,11500,11500,11300
2010-11-16,5.24,11100,-0.4(-3.48 %),15980,183568000,0,0,11600,11600,11100
2010-11-17,5.19,11000,-0.1(-0.90 %),29740,328844000,0,0,11400,11400,10600
2010-11-18,5.29,11200,0.2(1.82 %),19030,211236000,0,0,11000,11200,11000
2010-11-19,5.29,11200,0(0.00 %),3180,34466000,37560,401892000,10900,11200,10700
2010-11-22,5.05,10700,-0.5(-4.46 %),43650,468510000,0,0,11000,11000,10700
2010-11-23,5.05,10700,0(0.00 %),7920,83744000,0,0,10700,10700,10500
2010-11-24,4.96,10500,-0.2(-1.87 %),30750,322525000,0,0,10600,10600,10200
2010-11-25,5.15,10900,0.4(3.81 %),44500,480678000,0,0,10600,11000,10600
2010-11-26,5.01,10600,-0.3(-2.75 %),22010,231706000,0,0,10700,10700,10400
2010-11-29,4.96,10500,-0.1(-0.94 %),29000,303500000,0,0,10500,10500,10400
2010-11-30,5.19,11000,0.5(4.76 %),93580,1023020000,0,0,10700,11000,10700
2010-12-01,5.43,11500,0.5(4.55 %),113900,1306068000,0,0,10900,11500,10900
2010-12-02,5.67,12000,0.5(4.35 %),25670,307359000,0,0,11900,12000,11900
2010-12-03,5.95,12600,0.6(5.00 %),29820,375432000,0,0,12600,12600,12500
2010-12-06,5.95,12600,0(0.00 %),34800,447929000,0,0,13100,13100,12600
2010-12-07,5.67,12000,-0.6(-4.76 %),17790,217868000,0,0,12600,12700,12000
2010-12-08,5.38,11400,-0.6(-5.00 %),105250,1212248000,0,0,12000,12000,11400
2010-12-09,5.15,10900,-0.5(-4.39 %),84770,933282000,0,0,11400,11400,10900
2010-12-10,5.38,11400,0.5(4.59 %),105750,1200450000,0,0,11400,11400,11000
2010-12-13,5.62,11900,0.5(4.39 %),2200,26180000,0,0,11900,11900,11900
2010-12-14,5.76,12200,0.3(2.52 %),222150,2746659000,0,0,12400,12400,12000
2010-12-15,5.81,12300,0.1(0.82 %),52600,646950000,0,0,12700,12700,12100
2010-12-16,5.53,11700,-0.6(-4.88 %),36500,428040000,0,0,11800,12000,11700
2010-12-17,5.53,11700,0(0.00 %),23050,269067000,0,0,11400,11700,11200
2010-12-20,5.29,11200,-0.5(-4.27 %),90210,1021179000,0,0,11800,11900,11200
2010-12-21,5.53,11700,0.5(4.46 %),58950,666321000,0,0,11200,11700,11000
2010-12-22,5.48,11600,-0.1(-0.85 %),26470,309088000,0,0,11500,11800,11400
2010-12-23,5.48,11600,0(0.00 %),2730,30642000,0,0,11800,11800,11200
2010-12-24,5.43,11500,-0.1(-0.86 %),14390,164030000,0,0,11600,11600,11200
2010-12-27,5.34,11300,-0.2(-1.74 %),55070,614706000,0,0,11400,11400,11100
2010-12-28,5.43,11500,0.2(1.77 %),36240,406906000,0,0,11300,11500,11000
2010-12-29,5.34,11300,-0.2(-1.74 %),31230,353602000,0,0,11500,11600,11200
2010-12-30,5.34,11300,0(0.00 %),29100,327143000,0,0,11500,11500,11000
2010-12-31,5.34,11300,0(0.00 %),6320,71415000,0,0,11300,11300,11200
2011-01-04,5.53,11700,0.4(3.54 %),21120,245429000,0,0,11300,11800,11300
2011-01-05,5.53,11700,0(0.00 %),42200,498240000,0,0,11700,12000,11600
2011-01-06,5.57,11800,0.1(0.85 %),25790,302834000,0,0,11700,11900,11700
2011-01-07,5.57,11800,0(0.00 %),12180,142931000,0,0,12100,12100,11600
2011-01-10,5.43,11500,-0.3(-2.54 %),18940,218180000,0,0,11700,11700,11400
2011-01-11,5.38,11400,-0.1(-0.87 %),2780,31497000,0,0,11600,11600,11300
2011-01-12,5.38,11400,0(0.00 %),33010,379417000,0,0,11700,11700,11400
2011-01-13,5.38,11400,0(0.00 %),6610,75354000,0,0,11400,11400,11400
2011-01-14,5.38,11400,0(0.00 %),10100,115210000,0,0,11400,11600,11400
2011-01-17,5.34,11300,-0.1(-0.88 %),21190,239698000,0,0,11400,11400,11200
2011-01-18,5.38,11400,0.1(0.88 %),11110,126676000,0,0,11400,11500,11300
2011-01-19,5.38,11400,0(0.00 %),23770,272883000,0,0,11400,11600,11400
2011-01-20,5.62,11900,0.5(4.39 %),74650,880394000,0,0,11300,11900,11300
2011-01-21,5.67,12000,0.1(0.84 %),53960,660898000,0,0,12200,12400,12000
2011-01-24,5.67,12000,0(0.00 %),8490,100988000,0,0,12200,12200,11600
2011-01-25,5.62,11900,-0.1(-0.83 %),13200,153097000,0,0,11500,11900,11500
2011-01-26,5.67,12000,0.1(0.84 %),6800,81685000,0,0,12300,12300,11900
2011-01-27,5.62,11900,-0.1(-0.83 %),21790,259852000,0,0,12100,12100,11800
2011-01-28,5.67,12000,0.1(0.84 %),17520,208266000,0,0,11800,12100,11700
2011-02-08,5.71,12100,0.1(0.83 %),25110,301330000,0,0,12400,12400,12000
2011-02-09,5.67,12000,-0.1(-0.83 %),11090,132848000,0,0,12100,12100,11800
2011-02-10,5.62,11900,-0.1(-0.83 %),13250,155815000,0,0,11900,11900,11600
2011-02-11,5.62,11900,0(0.00 %),17420,204369000,0,0,11700,11900,11700
2011-02-14,5.62,11900,0(0.00 %),15030,178101000,0,0,11700,11900,11700
2011-02-15,5.53,11700,-0.2(-1.68 %),15520,183390000,0,0,11900,12000,11700
2011-02-16,5.57,11800,0.1(0.85 %),8030,93959000,0,0,11800,11800,11700
2011-02-17,5.57,11800,0(0.00 %),29080,335647000,0,0,11800,11800,11400
2011-02-18,5.53,11700,-0.1(-0.85 %),6860,79948000,0,0,11400,11800,11400
2011-02-21,5.29,11200,-0.5(-4.27 %),8150,91677000,0,0,11400,11600,11200
2011-02-22,5.05,10700,-0.5(-4.46 %),9000,97540000,0,0,11200,11400,10700
2011-02-23,4.86,10300,-0.4(-3.74 %),103180,1107040000,0,0,10900,11000,10300
2011-02-24,4.86,10300,0(0.00 %),14260,146518000,0,0,10500,10500,10000
2011-02-25,4.96,10500,0.2(1.94 %),20120,209560000,0,0,10500,10500,10400
2011-02-28,4.77,10100,-0.4(-3.81 %),23910,247947000,0,0,10500,10600,10100
2011-03-01,4.82,10200,0.1(0.99 %),21870,221944000,0,0,10100,10500,10100
2011-03-02,4.72,10000,-0.2(-1.96 %),24700,248746000,0,0,10400,10400,9900
2011-03-03,4.72,10000,0(0.00 %),4470,44596000,0,0,10000,10000,9900
2011-03-04,4.82,10200,0.2(2.00 %),9460,94987000,0,0,10100,10200,10000
2011-03-07,4.82,9500,0(0.00 %),25890,239593000,0,0,9500,9500,9500
2011-03-08,4.61,8900,-0.4(-4.30 %),8500,76650000,0,0,9300,9300,8900
2011-03-09,4.56,8800,-0.1(-1.12 %),7270,63654000,0,0,9000,9000,8700
2011-03-10,4.66,9000,0.2(2.27 %),33910,300203000,0,0,8900,9000,8800
2011-03-11,4.77,9200,0.2(2.22 %),17770,166399000,0,0,9300,9400,9200
2011-03-14,4.71,9100,-0.1(-1.09 %),24780,233754000,0,0,9500,9500,9100
2011-03-15,4.66,9000,-0.1(-1.10 %),35230,318110000,0,0,9100,9300,8900
2011-03-16,4.66,9000,0(0.00 %),4830,43470000,0,0,9000,9000,9000
2011-03-17,4.66,9000,0(0.00 %),600,5450000,0,0,9100,9100,9000
2011-03-18,4.82,9300,0.3(3.33 %),9540,86674000,0,0,9000,9300,9000
2011-03-21,4.82,9300,0(0.00 %),7130,65903000,20000,178000000,9500,9600,9100
2011-03-22,4.82,9300,0(0.00 %),28010,257967000,0,0,9400,9400,9100
2011-03-23,4.82,9300,0(0.00 %),23020,211883000,0,0,9300,9300,9000
2011-03-24,4.66,9000,-0.3(-3.23 %),12890,116242000,0,0,9100,9100,9000
2011-03-25,4.82,9300,0.3(3.33 %),5040,45373000,0,0,9300,9300,9000
2011-03-28,4.82,9300,0(0.00 %),1820,16926000,0,0,9300,9300,9300
2011-03-29,4.77,9200,-0.1(-1.08 %),1900,17370000,0,0,9200,9200,9100
2011-03-30,4.66,9000,-0.2(-2.17 %),2610,23501000,0,0,9100,9100,9000
2011-03-31,4.61,8900,-0.1(-1.11 %),1150,10231000,0,0,9100,9100,8800
2011-04-01,4.66,9000,0.1(1.12 %),110,990000,0,0,9000,9000,9000
2011-04-04,4.66,9000,0(0.00 %),22100,198910000,0,0,9100,9100,9000
2011-04-05,4.61,8900,-0.1(-1.11 %),1870,16723000,0,0,9000,9000,8900
2011-04-06,4.66,9000,0.1(1.12 %),6740,59769000,0,0,9000,9000,8700
2011-04-07,4.61,8900,-0.1(-1.11 %),9530,84005000,0,0,8900,8900,8800
2011-04-08,4.66,9000,0.1(1.12 %),27610,243581000,0,0,8800,9000,8700
2011-04-13,4.61,8900,-0.1(-1.11 %),1570,14010000,0,0,8900,9000,8900
2011-04-14,4.61,8900,0(0.00 %),20460,182094000,0,0,8900,8900,8900
2011-04-15,4.61,8900,0(0.00 %),31120,272332000,0,0,8900,8900,8600
2011-04-18,4.56,8800,-0.1(-1.12 %),70000,617420000,0,0,8800,8900,8700
2011-04-19,4.51,8700,-0.1(-1.14 %),12100,105270000,0,0,8700,8700,8700
2011-04-20,4.51,8700,0(0.00 %),5150,44340000,0,0,8600,8700,8600
2011-04-21,4.35,8400,-0.3(-3.45 %),15580,132037000,0,0,8600,8600,8400
2011-04-22,4.4,8500,0.1(1.19 %),12820,104362000,0,0,8100,8500,8100
2011-04-25,4.4,8500,0(0.00 %),20420,177252000,0,0,8500,8900,8500
2011-04-26,4.45,8600,0.1(1.18 %),15350,130575000,0,0,8500,8700,8300
2011-04-27,4.45,8600,0(0.00 %),64540,554614000,0,0,8600,8700,8500
2011-04-28,4.51,8700,0.1(1.16 %),19250,166905000,0,0,8500,8700,8500
2011-04-29,4.4,8500,-0.2(-2.30 %),30740,264088000,0,0,8600,8700,8500
2011-05-04,4.45,8600,0.1(1.18 %),42500,363952000,0,0,8500,8600,8400
2011-05-05,4.3,8300,-0.3(-3.49 %),9970,83546000,0,0,8400,8400,8300
2011-05-06,4.3,8300,0(0.00 %),2800,23240000,0,0,8300,8300,8300
2011-05-09,4.4,8500,0.2(2.41 %),32520,278991000,0,0,8600,8700,8300
2011-05-10,4.3,8300,-0.2(-2.35 %),30400,258324000,0,0,8700,8700,8300
2011-05-11,4.35,8400,0.1(1.20 %),22000,182800000,0,0,8300,8400,8300
2011-05-12,4.25,8200,-0.2(-2.38 %),9300,77600000,0,0,8400,8400,8200
2011-05-13,4.3,8300,0.1(1.22 %),6040,49558000,0,0,8200,8300,8200
2011-05-16,4.14,8000,-0.3(-3.61 %),9630,77470000,0,0,8200,8200,8000
2011-05-17,4.04,7800,-0.2(-2.50 %),2750,21560000,0,0,8000,8000,7800
2011-05-18,3.88,7500,-0.3(-3.85 %),1940,14933000,0,0,7700,7800,7500
2011-05-19,3.99,7700,0.2(2.67 %),1120,8115000,0,0,7200,7700,7200
2011-05-20,3.88,7500,-0.2(-2.60 %),2010,14889000,0,0,7500,7500,7400
2011-05-23,3.73,7200,-0.3(-4.00 %),7830,56376000,0,0,7200,7200,7200
2011-05-24,3.68,7100,-0.1(-1.39 %),1010,7222000,0,0,7200,7200,7100
2011-05-25,3.52,6800,-0.3(-4.23 %),5730,39032000,0,0,7400,7400,6800
2011-05-26,3.63,7000,0.2(2.94 %),8450,55674000,0,0,6600,7000,6500
2011-05-27,3.68,7100,0.1(1.43 %),31100,221390000,0,0,7100,7300,7100
2011-05-30,3.63,7000,-0.1(-1.41 %),11020,77146000,0,0,7300,7300,7000
2011-05-31,3.63,7000,0(0.00 %),910,6248000,0,0,6800,7000,6800
2011-06-01,3.73,7200,0.2(2.86 %),108620,771832000,0,0,7000,7200,7000
2011-06-02,3.83,7400,0.2(2.78 %),78300,577688000,0,0,7200,7400,7200
2011-06-03,3.68,7100,-0.3(-4.05 %),71880,524708000,0,0,7700,7700,7100
2011-06-06,3.73,7200,0.1(1.41 %),180,1280000,0,0,7000,7200,7000
2011-06-07,3.83,7400,0.2(2.78 %),4410,32262000,0,0,7200,7400,7200
2011-06-08,3.68,7100,-0.3(-4.05 %),12210,87123000,0,0,7200,7300,7100
2011-06-09,3.52,6800,-0.3(-4.23 %),21100,145340000,0,0,7000,7100,6800
2011-06-10,3.68,7100,0.3(4.41 %),38770,272723000,0,0,7000,7100,7000
2011-06-13,3.83,7400,0.3(4.23 %),21770,159903000,0,0,7300,7400,7200
2011-06-14,3.94,7600,0.2(2.70 %),14260,107216000,0,0,7400,7700,7400
2011-06-15,3.78,7300,-0.3(-3.95 %),11500,83950000,0,0,7300,7300,7300
2011-06-16,3.73,7200,-0.1(-1.37 %),11550,83667000,0,0,7300,7300,7100
2011-06-17,3.63,7000,-0.2(-2.78 %),15750,111045000,0,0,7200,7200,7000
2011-06-20,3.73,7200,0.2(2.86 %),2020,14060000,0,0,7000,7200,6900
2011-06-21,3.83,7400,0.2(2.78 %),1780,12864000,0,0,7100,7400,7100
2011-06-22,3.68,7100,-0.3(-4.05 %),2920,20822000,0,0,7500,7500,7100
2011-06-23,3.52,6800,-0.3(-4.23 %),15300,104570000,0,0,7000,7000,6800
2011-06-24,3.63,7000,0.2(2.94 %),650,4486000,0,0,6900,7000,6900
2011-06-27,3.63,7000,0(0.00 %),0,0,0,0,7000,7000,7000
2011-06-28,3.57,6900,-0.1(-1.43 %),2160,14804000,0,0,6900,6900,6800
2011-06-29,3.57,6900,0(0.00 %),0,0,0,0,6900,6900,6900
2011-06-30,3.73,7200,0.3(4.35 %),120,864000,0,0,7200,7200,7200
2011-07-01,3.68,7100,-0.1(-1.39 %),2200,15800000,0,0,7200,7200,6900
2011-07-04,3.68,7100,0(0.00 %),0,0,0,0,7100,7100,7100
2011-07-05,3.68,7100,0(0.00 %),110,781000,0,0,7100,7100,7100
2011-07-06,3.52,6800,-0.3(-4.23 %),7210,49428000,0,0,7000,7000,6800
2011-07-07,3.52,6800,0(0.00 %),11200,76160000,0,0,6800,6800,6800
2011-07-08,3.52,6800,0(0.00 %),210,1428000,0,0,6800,6800,6800
2011-07-11,3.42,6600,-0.2(-2.94 %),1010,6866000,0,0,6800,6800,6600
2011-07-12,3.26,6300,-0.3(-4.55 %),17280,110428000,0,0,6600,6600,6300
2011-07-13,3.21,6200,-0.1(-1.59 %),180,1137000,0,0,6500,6500,6200
2011-07-14,3.26,6300,0.1(1.61 %),1530,9639000,0,0,6300,6300,6300
2011-07-15,3.21,6200,-0.1(-1.59 %),2810,17422000,0,0,6200,6200,6200
2011-07-18,3.11,6000,-0.2(-3.23 %),1510,9060000,0,0,6000,6000,6000
2011-07-19,2.95,5700,-0.3(-5.00 %),2100,11970000,0,0,5700,5700,5700
2011-07-20,3.0,5800,0.1(1.75 %),2140,12427000,0,0,5900,5900,5800
2011-07-21,2.9,5600,-0.2(-3.45 %),15250,85663000,0,0,5800,5900,5600
2011-07-22,2.9,5600,0(0.00 %),3110,17422000,0,0,5600,5700,5600
2011-07-25,3.0,5800,0.2(3.57 %),2010,10958000,0,0,5500,5800,5400
2011-07-26,3.0,5800,0(0.00 %),1570,8833000,0,0,5600,5800,5600
2011-07-27,2.95,5700,-0.1(-1.72 %),1890,10717000,0,0,5600,5800,5600
2011-07-28,2.95,5700,0(0.00 %),710,4047000,0,0,5700,5700,5700
2011-07-29,3.06,5900,0.2(3.51 %),1090,6331000,0,0,5800,5900,5800
2011-08-01,2.95,5700,-0.2(-3.39 %),1100,6270000,0,0,5700,5700,5700
2011-08-02,2.95,5700,0(0.00 %),520,2865000,0,0,5700,5700,5500
2011-08-03,2.95,5700,0(0.00 %),9410,51793000,0,0,5800,5800,5500
2011-08-04,3.06,5900,0.2(3.51 %),1030,6065000,0,0,5800,5900,5800
2011-08-05,2.95,5700,-0.2(-3.39 %),700,4010000,0,0,5800,5800,5700
2011-08-08,3.0,5800,0.1(1.75 %),50,0,0,0,5700,5800,5700
2011-08-09,2.9,5600,-0.2(-3.45 %),16670,93432000,0,0,5600,5700,5600
2011-08-10,2.85,5500,-0.1(-1.79 %),1910,10686000,0,0,5600,5600,5500
2011-08-11,2.85,5500,0(0.00 %),2090,11694000,0,0,5600,5600,5500
2011-08-12,2.85,5500,0(0.00 %),0,0,0,0,5500,5500,5500
2011-08-15,2.95,5700,0.2(3.64 %),17760,101152000,0,0,5700,5700,5600
2011-08-16,2.95,5700,0(0.00 %),1190,6889000,0,0,5900,5900,5700
2011-08-17,3.06,5900,0.2(3.51 %),2040,11886000,0,0,5800,5900,5800
2011-08-18,3.11,6000,0.1(1.69 %),13450,79411000,0,0,6100,6100,5900
2011-08-19,3.0,5800,-0.2(-3.33 %),10470,62257000,0,0,6000,6100,5800
2011-08-22,3.11,6000,0.2(3.45 %),7520,42962000,0,0,5800,6000,5600
2011-08-23,2.95,5700,-0.3(-5.00 %),16810,101505000,0,0,6000,6300,5700
2011-08-24,2.95,5700,0(0.00 %),1500,8550000,0,0,5700,5700,5700
2011-08-25,2.9,5600,-0.1(-1.75 %),2200,12320000,0,0,5600,5600,5600
2011-08-26,3.0,5800,0.2(3.57 %),118590,682345000,0,0,5600,5800,5600
2011-08-29,3.11,6000,0.2(3.45 %),5540,32854000,0,0,5800,6000,5800
2011-08-30,3.16,6100,0.1(1.67 %),2890,17476000,0,0,6000,6300,6000
2011-08-31,3.26,6300,0.2(3.28 %),104050,643342000,0,0,6100,6300,6100
2011-09-01,3.26,6300,0(0.00 %),80600,512661000,0,0,6400,6500,6300
2011-09-05,3.21,6200,-0.1(-1.59 %),77200,478240000,0,0,6200,6200,6100
2011-09-06,3.26,6300,0.1(1.61 %),3620,22456000,0,0,6200,6300,6200
2011-09-07,3.21,6200,-0.1(-1.59 %),65490,412427000,0,0,6300,6300,6200
2011-09-08,3.26,6300,0.1(1.61 %),3580,22555000,0,0,6400,6400,6300
2011-09-09,3.26,6300,0(0.00 %),11860,74361000,0,0,6300,6400,6100
2011-09-12,3.31,6400,0.1(1.59 %),12860,81218000,0,0,6300,6400,6300
2011-09-13,3.47,6700,0.3(4.69 %),50700,332235000,0,0,6500,6700,6400
2011-09-14,3.63,7000,0.3(4.48 %),23790,165476000,0,0,6900,7000,6700
2011-09-15,3.57,6900,-0.1(-1.43 %),34530,241340000,0,0,7100,7200,6900
2011-09-16,3.57,6900,0(0.00 %),4440,30391000,0,0,7100,7100,6700
2011-09-19,3.42,6600,-0.3(-4.35 %),13770,91012000,0,0,6800,6800,6600
2011-09-20,3.31,6400,-0.2(-3.03 %),3900,25236000,0,0,6700,6700,6400
2011-09-21,3.42,6600,0.2(3.12 %),3160,20560000,0,0,6400,6600,6400
2011-09-22,3.52,6800,0.2(3.03 %),10410,70348000,0,0,6700,6800,6700
2011-09-23,3.52,6800,0(0.00 %),70,476000,0,0,6800,6800,6800
2011-09-26,3.47,6700,-0.1(-1.47 %),110,738000,0,0,6800,6800,6700
2011-09-27,3.42,6600,-0.1(-1.49 %),100,660000,0,0,6600,6600,6600
2011-09-28,3.37,6500,-0.1(-1.52 %),410,2725000,0,0,6500,6700,6500
2011-09-29,3.47,6700,0.2(3.08 %),460,2993000,0,0,6500,6700,6500
2011-09-30,3.31,6400,-0.3(-4.48 %),560,3630000,0,0,6500,6500,6400
2011-10-03,3.42,6600,0.2(3.12 %),130,858000,0,0,6600,6600,6600
2011-10-04,3.26,6300,-0.3(-4.55 %),10960,69048000,0,0,6300,6300,6300
2011-10-05,3.21,6200,-0.1(-1.59 %),1820,11338000,0,0,6600,6600,6200
2011-10-06,3.21,6200,0(0.00 %),3840,23810000,0,0,6100,6500,6100
2011-10-07,3.21,6200,0(0.00 %),8380,51890000,0,0,6200,6200,6100
2011-10-10,3.16,6100,-0.1(-1.61 %),120,734000,0,0,6200,6200,6100
2011-10-11,3.21,6200,0.1(1.64 %),3000,18700000,0,0,6300,6300,6200
2011-10-12,3.06,5900,-0.3(-4.84 %),10070,59866000,0,0,6000,6000,5900
2011-10-13,3.11,6000,0.1(1.69 %),1020,6120000,0,0,6000,6000,6000
2011-10-14,3.21,6200,0.2(3.33 %),5010,30962000,0,0,6100,6200,6100
2011-10-17,3.11,6000,-0.2(-3.23 %),3000,18302000,0,0,6200,6200,6000
2011-10-18,3.06,5900,-0.1(-1.67 %),550,3250000,0,0,6000,6000,5900
2011-10-19,3.16,6100,0.2(3.39 %),5250,31891000,0,0,5900,6100,5900
2011-10-20,3.16,6100,0(0.00 %),1020,6121000,0,0,6000,6100,6000
2011-10-21,3.21,6200,0.1(1.64 %),2560,15766000,0,0,6100,6200,6100
2011-10-24,3.31,6400,0.2(3.23 %),2110,13294000,0,0,6300,6400,6200
2011-10-25,3.21,6200,-0.2(-3.12 %),9880,60861000,0,0,6300,6300,6100
2011-10-26,3.11,6000,-0.2(-3.23 %),6070,36115000,0,0,6000,6000,5900
2011-10-27,3.11,6000,0(0.00 %),8090,48540000,0,0,6000,6000,6000
2011-10-28,3.16,6100,0.1(1.67 %),6330,38613000,0,0,6100,6100,6100
2011-10-31,3.21,6200,0.1(1.64 %),10,62000,0,0,6200,6200,6200
2011-11-01,3.06,5900,-0.3(-4.84 %),4600,27292000,0,0,6000,6000,5900
2011-11-02,2.95,5700,-0.2(-3.39 %),5100,29463000,0,0,6000,6000,5700
2011-11-03,2.85,5500,-0.2(-3.51 %),20730,114235000,0,0,5700,5700,5500
2011-11-04,2.8,5400,-0.1(-1.82 %),6260,34004000,0,0,5500,5500,5400
2011-11-07,2.85,5500,0.1(1.85 %),7750,40665000,0,0,5300,5500,5200
2011-11-08,2.9,5600,0.1(1.82 %),11390,60545000,0,0,5300,5600,5300
2011-11-09,2.8,5400,-0.2(-3.57 %),5590,30193000,0,0,5400,5600,5400
2011-11-10,2.8,5400,0(0.00 %),3070,15968000,0,0,5200,5400,5200
2011-11-11,2.69,5200,-0.2(-3.70 %),6790,35358000,0,0,5200,5300,5200
2011-11-14,2.59,5000,-0.2(-3.85 %),3600,18000000,0,0,5000,5000,5000
2011-11-15,2.69,5200,0.2(4.00 %),1430,7436000,0,0,5200,5200,5200
2011-11-16,2.59,5000,-0.2(-3.85 %),940,4865000,0,0,5200,5300,5000
2011-11-17,2.69,5200,0.2(4.00 %),1450,7280000,0,0,5200,5200,5000
2011-11-18,2.59,5000,-0.2(-3.85 %),4720,23600000,0,0,5000,5000,5000
2011-11-21,2.49,4800,-0.2(-4.00 %),240,1156000,0,0,5200,5200,4800
2011-11-22,2.59,5000,0.2(4.17 %),6560,31210000,0,0,4700,5000,4700
2011-11-23,2.54,4900,-0.1(-2.00 %),5630,28095000,0,0,4900,5000,4900
2011-11-24,2.43,4700,-0.2(-4.08 %),12500,58753000,0,0,4700,4800,4700
2011-11-25,2.49,4800,0.1(2.13 %),200,960000,0,0,4800,4800,4800
2011-11-28,2.43,4700,-0.1(-2.08 %),230,1084000,0,0,5000,5000,4700
2011-11-29,2.38,4600,-0.1(-2.13 %),70,322000,0,0,4600,4600,4600
2011-11-30,2.33,4500,-0.1(-2.17 %),560,2520000,0,0,4500,4500,4500
2011-12-01,2.43,4700,0.2(4.44 %),220,1024000,0,0,4600,4700,4600
2011-12-02,2.33,4500,-0.2(-4.26 %),150,701000,0,0,4800,4800,4500
2011-12-05,2.43,4700,0.2(4.44 %),1700,7835000,0,0,4600,4700,4600
2011-12-06,2.54,4900,0.2(4.26 %),1720,8428000,0,0,4900,4900,4900
2011-12-07,2.43,4700,-0.2(-4.08 %),560,2770000,0,0,5000,5000,4700
2011-12-08,2.43,4700,0(0.00 %),180,863000,0,0,4800,4900,4700
2011-12-09,2.43,4700,0(0.00 %),8200,38860000,88410,433209000,4800,4800,4700
2011-12-12,2.43,4700,0(0.00 %),4460,20847000,0,0,4700,4800,4600
2011-12-13,2.33,4500,-0.2(-4.26 %),4200,19120000,0,0,4800,4800,4500
2011-12-14,2.23,4300,-0.2(-4.44 %),2180,9532000,0,0,4300,4500,4300
2011-12-15,2.28,4400,0.1(2.33 %),6470,27068000,0,0,4400,4400,4100
2011-12-16,2.38,4600,0.2(4.55 %),150,676000,20000,88000000,4500,4600,4400
2011-12-19,2.28,4400,-0.2(-4.35 %),1810,7973000,0,0,4800,4800,4400
2011-12-20,2.23,4300,-0.1(-2.27 %),760,3272000,0,0,4500,4500,4300
2011-12-21,2.18,4200,-0.1(-2.33 %),1190,5100000,0,0,4300,4500,4200
2011-12-22,2.12,4100,-0.1(-2.38 %),3160,13238000,0,0,4300,4300,4100
2011-12-23,2.23,4300,0.2(4.88 %),2850,12235000,0,0,4100,4300,4100
2011-12-26,2.12,4100,-0.2(-4.65 %),1540,6314000,0,0,4100,4100,4100
2011-12-27,2.02,3900,-0.2(-4.88 %),6880,27726000,0,0,4300,4300,3900
2011-12-28,2.07,4000,0.1(2.56 %),5510,21836000,0,0,4000,4000,3900
2011-12-29,2.02,3900,-0.1(-2.50 %),14350,55799000,0,0,4100,4100,3800
2011-12-30,2.02,3900,0(0.00 %),2550,9947000,0,0,4000,4000,3900
2012-01-03,2.02,3900,0(0.00 %),2600,10390000,0,0,4000,4000,3900
2012-01-04,2.02,3900,0(0.00 %),11030,44119000,0,0,4000,4000,3900
2012-01-05,2.07,4000,0.1(2.56 %),4780,19120000,0,0,4000,4000,4000
2012-01-06,2.02,3900,-0.1(-2.50 %),5150,19796000,0,0,4000,4000,3800
2012-01-09,2.07,4000,0.1(2.56 %),20,80000,49600,188480000,4000,4000,4000
2012-01-10,2.02,3900,-0.1(-2.50 %),110,431000,0,0,4100,4100,3900
2012-01-11,2.02,3900,0(0.00 %),2160,8628000,0,0,4000,4000,3900
2012-01-12,2.07,4000,0.1(2.56 %),130,520000,0,0,4000,4000,4000
2012-01-13,2.18,4200,0.2(5.00 %),40,164000,0,0,4000,4200,4000
2012-01-16,2.07,4000,-0.2(-4.76 %),18990,76162000,0,0,4100,4100,4000
2012-01-17,2.12,4100,0.1(2.50 %),400,1640000,0,0,4100,4100,4100
2012-01-18,2.07,4000,-0.1(-2.44 %),1060,4346000,0,0,4200,4200,4000
2012-01-19,2.18,4200,0.2(5.00 %),3780,15757000,0,0,4100,4200,4100
2012-01-20,2.18,4200,0(0.00 %),6050,25425000,0,0,4300,4300,4100
2012-01-30,2.12,4100,-0.1(-2.38 %),1080,4648000,0,0,4400,4400,4100
2012-01-31,2.23,4300,0.2(4.88 %),3180,13566000,0,0,4100,4300,4100
2012-02-01,2.18,4200,-0.1(-2.33 %),14370,60537000,0,0,4400,4400,4100
2012-02-02,2.28,4400,0.2(4.76 %),10250,44892000,0,0,4200,4400,4200
2012-02-03,2.18,4200,-0.2(-4.55 %),5510,23880000,0,0,4400,4600,4200
2012-02-06,2.18,4200,0(0.00 %),1960,8234000,0,0,4300,4300,4200
2012-02-07,2.28,4400,0.2(4.76 %),4120,17717000,0,0,4300,4400,4300
2012-02-08,2.38,4600,0.2(4.55 %),11250,51447000,0,0,4500,4600,4400
2012-02-09,2.33,4500,-0.1(-2.17 %),3150,14065000,0,0,4400,4500,4400
2012-02-10,2.38,4600,0.1(2.22 %),7050,31327000,0,0,4400,4600,4300
2012-02-13,2.33,4500,-0.1(-2.17 %),2530,11337000,338148,1521666000,4600,4600,4400
2012-02-14,2.38,4600,0.1(2.22 %),3010,13846000,0,0,4600,4600,4600
2012-02-15,2.33,4500,-0.1(-2.17 %),2010,9046000,0,0,4600,4600,4500
2012-02-16,2.38,4600,0.1(2.22 %),10,46000,0,0,4600,4600,4600
2012-02-17,2.43,4700,0.1(2.17 %),1010,4747000,0,0,4700,4700,4700
2012-02-20,2.43,4700,0(0.00 %),13910,63756000,0,0,4500,4700,4500
2012-02-21,2.38,4600,-0.1(-2.13 %),15690,72674000,0,0,4800,4800,4600
2012-02-22,2.49,4800,0.2(4.35 %),9510,44998000,0,0,4700,4800,4600
2012-02-23,2.54,4900,0.1(2.08 %),8580,42645000,0,0,4900,5000,4800
2012-02-24,2.64,5100,0.2(4.08 %),8670,42787000,0,0,4900,5100,4900
2012-02-27,2.69,5200,0.1(1.96 %),1430,7255000,0,0,5100,5200,5000
2012-02-28,2.59,5000,-0.2(-3.85 %),13040,65612000,0,0,5100,5100,5000
2012-02-29,2.59,5000,0(0.00 %),23520,114354000,0,0,5100,5100,4800
2012-03-01,2.54,4900,-0.1(-2.00 %),3040,14897000,0,0,4900,5000,4900
2012-03-02,2.59,5000,0.1(2.04 %),25040,125901000,0,0,5000,5100,5000
2012-03-05,2.69,5200,0.2(4.00 %),18870,97525000,0,0,5100,5200,5100
2012-03-06,2.69,5200,0(0.00 %),82580,436410000,0,0,5400,5400,5200
2012-03-07,2.69,5200,0(0.00 %),22380,112697000,0,0,5000,5300,5000
2012-03-08,2.59,5000,-0.2(-3.85 %),177330,887157000,0,0,5000,5200,5000
2012-03-09,2.59,5000,0(0.00 %),78020,389412000,0,0,5000,5000,4900
2012-03-12,2.59,5000,0(0.00 %),30300,153915000,0,0,5200,5200,5000
2012-03-13,2.69,5200,0.2(4.00 %),135390,700036000,0,0,5000,5200,5000
2012-03-14,2.8,5400,0.2(3.85 %),4900,26460000,0,0,5400,5400,5400
2012-03-15,2.9,5600,0.2(3.70 %),114760,642550000,0,0,5600,5600,5500
2012-03-16,3.0,5800,0.2(3.57 %),62290,360782000,0,0,5800,5800,5700
2012-03-19,3.11,6000,0.2(3.45 %),65610,392081000,0,0,5800,6000,5800
2012-03-20,3.06,5900,-0.1(-1.67 %),42590,251801000,0,0,5700,6000,5700
2012-03-21,3.16,6100,0.2(3.39 %),112930,672229000,0,0,5800,6100,5700
2012-03-22,3.16,6100,0(0.00 %),40400,246031000,0,0,5800,6100,5800
2012-03-23,3.16,6100,0(0.00 %),42350,258242000,0,0,6100,6200,6000
2012-03-26,3.31,6400,0.3(4.92 %),147500,939071000,0,0,6200,6400,6100
2012-03-27,3.21,6200,-0.2(-3.12 %),76320,497149000,0,0,6700,6700,6200
2012-03-28,3.37,6500,0.3(4.84 %),33090,209099000,0,0,6200,6500,6000
2012-03-29,3.37,6500,0(0.00 %),38400,240995000,0,0,6300,6600,6200
2012-03-30,3.21,6200,-0.3(-4.62 %),35520,220224000,0,0,6200,6200,6200
2012-04-03,3.16,6100,-0.1(-1.61 %),220,1354000,0,0,6000,6400,6000
2012-04-04,3.16,6100,0(0.00 %),26260,160201000,0,0,6100,6200,6000
2012-04-05,3.16,6100,0(0.00 %),22390,135799000,0,0,6200,6200,6000
2012-04-06,3.06,5900,-0.2(-3.28 %),10900,65650000,0,0,6100,6100,5900
2012-04-09,3.11,6000,0.1(1.69 %),49460,299732000,0,0,5900,6100,5900
2012-04-10,3.26,6300,0.3(5.00 %),40970,257609000,0,0,6300,6300,6200
2012-04-11,3.42,6600,0.3(4.76 %),29100,187292000,0,0,6300,6600,6300
2012-04-12,3.42,6600,0(0.00 %),14220,92352000,0,0,6600,6600,6400
2012-04-13,3.31,6400,-0.2(-3.03 %),47860,306504000,0,0,6600,6600,6400
2012-04-16,3.37,6500,0.1(1.56 %),26030,166893000,0,0,6500,6500,6400
2012-04-17,3.42,6600,0.1(1.54 %),59000,384800000,0,0,6500,6600,6500
2012-04-18,3.47,6700,0.1(1.52 %),47820,311730000,0,0,6500,6700,6400
2012-04-19,3.31,6400,-0.3(-4.48 %),37720,242419000,0,0,6500,6500,6400
2012-04-20,3.31,6400,0(0.00 %),7400,47360000,0,0,6400,6400,6400
2012-04-23,3.37,6500,0.1(1.56 %),30600,196020000,0,0,6300,6500,6300
2012-04-24,3.52,6800,0.3(4.62 %),25610,173503000,0,0,6300,6800,6300
2012-04-25,3.57,6900,0.1(1.47 %),138300,924599000,0,0,6500,6900,6500
2012-04-26,3.57,6900,0(0.00 %),21840,150696000,0,0,6900,6900,6900
2012-04-27,3.52,6800,-0.1(-1.45 %),16840,114508000,0,0,6800,6800,6600
2012-05-02,3.63,7000,0.2(2.94 %),51220,346761000,0,0,6900,7000,6700
2012-05-03,3.63,7000,0(0.00 %),120140,832806000,0,0,7000,7100,6800
2012-05-04,3.78,7300,0.3(4.29 %),195210,1414836000,0,0,7000,7300,7000
2012-05-07,3.94,7600,0.3(4.11 %),91090,692224000,0,0,7600,7600,7500
2012-05-08,4.09,7900,0.3(3.95 %),155520,1213748000,0,0,7900,7900,7600
2012-05-09,4.25,8200,0.3(3.80 %),131630,1079366000,0,0,8200,8200,8200
2012-05-10,4.4,8500,0.3(3.66 %),113990,979513000,0,0,8600,8600,8500
2012-05-11,4.3,8300,-0.2(-2.35 %),88450,724658000,0,0,8500,8500,8100
2012-05-14,4.09,7900,-0.4(-4.82 %),64470,517410000,0,0,8000,8200,7900
2012-05-15,3.94,7600,-0.3(-3.80 %),128500,991010000,0,0,7600,8000,7600
2012-05-16,4.04,7800,0.2(2.63 %),159230,1193046000,0,0,7400,7800,7300
2012-05-17,4.09,7900,0.1(1.28 %),95170,734695000,0,0,7600,7900,7500
2012-05-18,4.09,7900,0(0.00 %),60930,470875000,0,0,7600,7900,7600
2012-05-21,4.14,8000,0.1(1.27 %),29980,235089000,0,0,7900,8000,7800
2012-05-22,3.99,7700,-0.3(-3.75 %),55330,435297000,0,0,7900,8000,7700
2012-05-23,3.83,7400,-0.3(-3.90 %),11110,82224000,0,0,7500,7500,7400
2012-05-24,3.88,7500,0.1(1.35 %),66920,485039000,0,0,7300,7500,7100
2012-05-25,3.94,7600,0.1(1.33 %),84290,624718000,0,0,7700,7700,7400
2012-05-28,3.99,7700,0.1(1.32 %),90380,685335000,0,0,7700,7800,7500
2012-05-29,3.94,7600,-0.1(-1.30 %),159680,1204238000,0,0,7700,7700,7400
2012-05-30,3.83,7400,-0.2(-2.63 %),171170,1284034000,0,0,7400,7600,7400
2012-05-31,3.73,7200,-0.2(-2.70 %),8180,59812000,0,0,7500,7500,7100
2012-06-01,3.88,7500,0.3(4.17 %),137440,1006200000,0,0,7300,7500,7300
2012-06-04,3.73,7200,-0.3(-4.00 %),3470,25146000,0,0,7500,7500,7200
2012-06-05,3.88,7500,0.3(4.17 %),8110,60426000,0,0,7300,7500,7100
2012-06-06,3.94,7600,0.1(1.33 %),17030,127726000,0,0,7500,7600,7500
2012-06-07,3.94,7600,0(0.00 %),25820,194082000,0,0,7500,7600,7500
2012-06-08,3.78,7300,-0.3(-3.95 %),17350,128993000,0,0,7500,7600,7300
2012-06-11,3.88,7500,0.2(2.74 %),14030,102756000,0,0,7300,7500,7300
2012-06-12,3.88,7500,0(0.00 %),5110,37315000,0,0,7300,7500,7300
2012-06-13,3.88,7500,0(0.00 %),180,1318000,0,0,7300,7500,7300
2012-06-14,3.88,7500,0(0.00 %),20,147000,0,0,7200,7500,7200
2012-06-15,3.83,7400,-0.1(-1.33 %),13500,98730000,0,0,7400,7400,7200
2012-06-18,3.94,7600,0.2(2.70 %),46420,350587000,0,0,7300,7700,7300
2012-06-19,3.88,7500,-0.1(-1.32 %),9510,70877000,0,0,7600,7600,7400
2012-06-20,4.04,7800,0.3(4.00 %),109680,841901000,0,0,7500,7800,7400
2012-06-21,4.2,8100,0.3(3.85 %),132750,1066274000,0,0,7900,8100,7900
2012-06-22,4.25,8200,0.1(1.23 %),50620,407024000,0,0,8100,8200,8000
2012-06-25,4.04,7800,-0.4(-4.88 %),25380,201174000,0,0,8200,8200,7800
2012-06-26,3.88,7500,-0.3(-3.85 %),31370,235880000,0,0,7600,7600,7500
2012-06-27,3.94,7600,0.1(1.33 %),40310,303861000,0,0,7500,7800,7300
2012-06-28,3.83,7400,-0.2(-2.63 %),21810,164028000,0,0,7800,7800,7400
2012-06-29,3.94,7600,0.2(2.70 %),10110,76846000,0,0,7700,7700,7600
2012-07-02,3.78,7300,-0.3(-3.95 %),32340,236095000,0,0,7300,7400,7300
2012-07-03,3.78,7300,0(0.00 %),50090,355923000,0,0,7300,7300,7000
2012-07-04,3.94,7600,0.3(4.11 %),97550,741380000,0,0,7600,7600,7600
2012-07-05,4.04,7800,0.2(2.63 %),226210,1736484000,0,0,7600,7900,7600
2012-07-06,3.88,7500,-0.3(-3.85 %),59720,453457000,0,0,7800,7800,7500
2012-07-09,3.88,7500,0(0.00 %),15130,110408000,0,0,7700,7700,7200
2012-07-10,4.04,7800,0.3(4.00 %),349480,2668000000,0,0,7300,7800,7200
2012-07-11,4.2,8100,0.3(3.85 %),411360,3302937000,0,0,8000,8100,8000
2012-07-12,4.25,8200,0.1(1.23 %),123640,1017276000,0,0,8300,8300,8100
2012-07-13,4.3,8300,0.1(1.22 %),147800,1220546000,0,0,8300,8400,8200
2012-07-16,4.09,7900,-0.4(-4.82 %),115430,927106000,0,0,8300,8300,7900
2012-07-17,4.09,7900,0(0.00 %),188900,1483921000,0,0,7900,8000,7600
2012-07-18,4.14,8000,0.1(1.27 %),110930,886355000,0,0,8000,8100,7900
2012-07-19,4.14,8000,0(0.00 %),83310,669119000,0,0,8000,8200,7900
2012-07-20,4.04,7800,-0.2(-2.50 %),142080,1130074000,0,0,7900,8100,7800
2012-07-23,4.04,7800,0(0.00 %),120760,938294000,0,0,7800,7900,7700
2012-07-24,3.94,7600,-0.2(-2.56 %),316740,2405405000,0,0,7700,7800,7500
2012-07-25,3.56,7070,0(0.00 %),23000,130280000,0,0,7070,7070,7070
2012-07-26,3.69,5900,0.2(3.51 %),89700,529230000,0,0,5900,5900,5900
2012-07-27,3.81,6100,0.2(3.39 %),81910,485906000,0,0,6000,6100,5700
2012-07-30,3.75,6000,-0.1(-1.64 %),72290,432377000,0,0,6100,6100,5900
2012-07-31,3.69,5900,-0.1(-1.67 %),50310,294409000,0,0,6100,6100,5800
2012-08-01,3.69,5900,0(0.00 %),73600,425680000,0,0,5800,6000,5700
2012-08-02,3.69,5900,0(0.00 %),22940,131182000,0,0,5700,5900,5700
2012-08-03,3.56,5700,-0.2(-3.39 %),65160,376055000,0,0,5700,5900,5700
2012-08-06,3.56,5700,0(0.00 %),39330,217654000,0,0,5800,5800,5500
2012-08-07,3.5,5600,-0.1(-1.75 %),45160,248431000,0,0,5700,5800,5500
2012-08-08,3.37,5400,-0.2(-3.57 %),34110,185797000,0,0,5600,5600,5400
2012-08-09,3.37,5400,0(0.00 %),12120,65658000,0,0,5500,5600,5400
2012-08-10,3.37,5400,0(0.00 %),37120,198633000,0,0,5400,5500,5300
2012-08-13,3.37,5400,0(0.00 %),16850,90990000,0,0,5400,5400,5400
2012-08-14,3.44,5500,0.1(1.85 %),13010,71173000,0,0,5300,5500,5300
2012-08-15,3.5,5600,0.1(1.82 %),68640,373462000,0,0,5500,5600,5300
2012-08-16,3.56,5700,0.1(1.79 %),11980,68027000,0,0,5500,5700,5400
2012-08-17,3.5,5600,-0.1(-1.75 %),10390,58153000,0,0,5500,5700,5500
2012-08-20,3.56,5700,0.1(1.79 %),23650,133664000,0,0,5600,5700,5600
2012-08-21,3.44,5500,-0.2(-3.51 %),7710,43305000,0,0,5700,5700,5500
2012-08-22,3.31,5300,-0.2(-3.64 %),10800,57286000,0,0,5300,5400,5300
2012-08-23,3.19,5100,-0.2(-3.77 %),7820,39882000,0,0,5100,5100,5100
2012-08-24,3.06,4900,-0.2(-3.92 %),20640,101207000,0,0,4900,5000,4900
2012-08-27,3.0,4800,-0.1(-2.04 %),49910,235782000,0,0,4900,4900,4700
2012-08-28,3.0,4800,0(0.00 %),1020,4695000,0,0,4700,4800,4600
2012-08-29,3.06,4900,0.1(2.08 %),47730,233585000,86410,414768000,4800,5000,4800
2012-08-30,3.12,5000,0.1(2.04 %),8990,44612000,0,0,5000,5000,4900
2012-08-31,3.12,5000,0(0.00 %),45170,220982000,0,0,5000,5000,4800
2012-09-04,3.12,5000,0(0.00 %),14470,70707000,0,0,5000,5000,4800
2012-09-05,3.0,4800,-0.2(-4.00 %),10010,48248000,0,0,5000,5000,4800
2012-09-06,2.94,4700,-0.1(-2.08 %),7010,32271000,0,0,4600,4700,4600
2012-09-07,2.81,4500,-0.2(-4.26 %),8200,36900000,0,0,4500,4500,4500
2012-09-10,2.69,4300,-0.2(-4.44 %),2700,11910000,0,0,4600,4600,4300
2012-09-11,2.56,4100,-0.2(-4.65 %),20400,83840000,0,0,4300,4300,4100
2012-09-12,2.69,4300,0.2(4.88 %),23600,99686000,0,0,4200,4300,4200
2012-09-13,2.69,4300,0(0.00 %),6320,26536000,0,0,4200,4300,4100
2012-09-14,2.81,4500,0.2(4.65 %),19820,87150000,0,0,4500,4500,4300
2012-09-17,2.75,4400,-0.1(-2.22 %),9380,41517000,0,0,4400,4600,4400
2012-09-18,2.62,4200,-0.2(-4.55 %),17810,75822000,0,0,4400,4400,4200
2012-09-19,2.56,4100,-0.1(-2.38 %),11690,46900000,0,0,4000,4200,4000
2012-09-20,2.56,4100,0(0.00 %),60950,241861000,0,0,4200,4200,3900
2012-09-21,2.62,4200,0.1(2.44 %),3620,14851000,0,0,4100,4200,4100
2012-09-24,2.5,4000,-0.2(-4.76 %),160,642000,0,0,4000,4200,4000
2012-09-25,2.44,3900,-0.1(-2.50 %),37060,145113000,0,0,3900,4100,3800
2012-09-26,2.44,3900,0(0.00 %),44280,175916000,300000,1140000000,4000,4000,3800
2012-09-27,2.44,3900,0(0.00 %),7210,28137000,0,0,3900,4000,3900
2012-09-28,2.37,3800,-0.1(-2.56 %),57320,219616000,0,0,3800,3900,3800
2012-10-01,2.37,3800,0(0.00 %),37730,143919000,0,0,3800,3900,3800
2012-10-02,2.37,3800,0(0.00 %),13740,51053000,0,0,3800,3800,3700
2012-10-03,2.37,3800,0(0.00 %),9210,34996000,0,0,3700,3800,3700
2012-10-04,2.37,3800,0(0.00 %),14510,53739000,0,0,3800,3800,3700
2012-10-05,2.37,3800,0(0.00 %),1490,5657000,0,0,3800,3800,3700
2012-10-08,2.37,3800,0(0.00 %),19430,71905000,0,0,3800,3800,3700
2012-10-09,2.37,3800,0(0.00 %),45420,168056000,0,0,3700,3800,3700
2012-10-10,2.37,3800,0(0.00 %),24750,91950000,0,0,3700,3800,3700
2012-10-11,2.44,3900,0.1(2.63 %),100090,386944000,0,0,3800,3900,3800
2012-10-12,2.5,4000,0.1(2.56 %),59270,237080000,0,0,4000,4000,4000
2012-10-15,2.62,4200,0.2(5.00 %),20700,86940000,0,0,4200,4200,4200
2012-10-16,2.75,4400,0.2(4.76 %),88240,376246000,0,0,4000,4400,4000
2012-10-17,2.62,4200,-0.2(-4.55 %),53550,225078000,0,0,4200,4400,4200
2012-10-18,2.62,4200,0(0.00 %),75990,308447000,0,0,4000,4300,4000
2012-10-19,2.5,4000,-0.2(-4.76 %),21320,85480000,0,0,4200,4200,4000
2012-10-22,2.44,3900,-0.1(-2.50 %),8600,33340000,0,0,3800,3900,3800
2012-10-23,2.44,3900,0(0.00 %),9120,36143000,0,0,3900,4000,3900
2012-10-24,2.5,4000,0.1(2.56 %),27530,110120000,0,0,4000,4000,4000
2012-10-25,2.5,4000,0(0.00 %),22440,90570000,0,0,4100,4100,3900
2012-10-26,2.44,3900,-0.1(-2.50 %),20770,81504000,0,0,3900,4000,3900
2012-10-29,2.5,4000,0.1(2.56 %),2180,8517000,0,0,4000,4000,3900
2012-10-30,2.44,3900,-0.1(-2.50 %),26210,103544000,0,0,4000,4000,3800
2012-10-31,2.44,3900,0(0.00 %),95570,363905000,0,0,3800,3900,3800
2012-11-01,2.5,4000,0.1(2.56 %),125480,486728000,0,0,3900,4000,3800
2012-11-02,2.37,3800,-0.2(-5.00 %),90290,343102000,0,0,3800,3800,3800
2012-11-05,2.44,3900,0.1(2.63 %),163390,614755000,0,0,3700,3900,3700
2012-11-06,2.37,3800,-0.1(-2.56 %),144170,552746000,0,0,3900,3900,3800
2012-11-07,2.37,3800,0(0.00 %),53180,204081000,0,0,3700,3900,3700
2012-11-08,2.31,3700,-0.1(-2.63 %),54180,200666000,0,0,3800,3800,3700
2012-11-09,2.25,3600,-0.1(-2.70 %),95870,354510000,0,0,3700,3800,3600
2012-11-12,2.31,3700,0.1(2.78 %),48220,178414000,0,0,3700,3700,3700
2012-11-13,2.37,3800,0.1(2.70 %),160450,609710000,0,0,3800,3800,3800
2012-11-14,2.37,3800,0(0.00 %),58390,219873000,0,0,3900,3900,3700
2012-11-15,2.31,3700,-0.1(-2.63 %),110860,415483000,0,0,3700,3900,3700
2012-11-16,2.25,3600,-0.1(-2.70 %),25400,92440000,0,0,3600,3700,3600
2012-11-19,2.31,3700,0.1(2.78 %),7650,28305000,0,0,3700,3700,3700
2012-11-20,2.31,3700,0(0.00 %),18220,68314000,0,0,3700,3800,3700
2012-11-21,2.31,3700,0(0.00 %),6060,22422000,0,0,3700,3700,3700
2012-11-22,2.31,3700,0(0.00 %),15640,57859000,0,0,3700,3800,3600
2012-11-23,2.31,3700,0(0.00 %),112060,412522000,0,0,3600,3700,3600
2012-11-26,2.25,3600,-0.1(-2.70 %),100110,360697000,0,0,3600,3700,3600
2012-11-27,2.19,3500,-0.1(-2.78 %),21300,74752000,0,0,3600,3600,3500
2012-11-28,2.19,3500,0(0.00 %),133840,479640000,0,0,3600,3600,3400
2012-11-29,2.19,3500,0(0.00 %),104110,364795000,0,0,3500,3600,3500
2012-11-30,2.12,3400,-0.1(-2.86 %),148920,519536000,0,0,3400,3500,3400
2012-12-03,2.12,3400,0(0.00 %),86010,292835000,20000,66000000,3500,3500,3400
2012-12-04,2.12,3400,0(0.00 %),48210,163916000,0,0,3500,3500,3400
2012-12-05,2.19,3500,0.1(2.94 %),156690,548415000,0,0,3500,3500,3500
2012-12-06,2.25,3600,0.1(2.86 %),148760,521366000,0,0,3500,3600,3500
2012-12-07,2.31,3700,0.1(2.78 %),201520,727221000,0,0,3600,3700,3600
2012-12-10,2.37,3800,0.1(2.70 %),12930,48174000,0,0,3700,3800,3700
2012-12-11,2.37,3800,0(0.00 %),50190,188332000,0,0,3800,3800,3700
2012-12-12,2.37,3800,0(0.00 %),61980,234646000,0,0,3700,3800,3700
2012-12-13,2.31,3700,-0.1(-2.63 %),34830,130796000,0,0,3700,3800,3700
2012-12-14,2.37,3800,0.1(2.70 %),20770,77399000,0,0,3700,3800,3700
2012-12-17,2.31,3700,-0.1(-2.63 %),9460,35607000,0,0,3800,3800,3700
2012-12-18,2.31,3700,0(0.00 %),62870,230674000,707528,2617854000,3700,3800,3600
2012-12-19,2.37,3800,0.1(2.70 %),25790,93643000,0,0,3600,3800,3600
2012-12-20,2.31,3700,-0.1(-2.63 %),3510,12987000,0,0,3700,3700,3700
2012-12-21,2.25,3600,-0.1(-2.70 %),20450,73620000,0,0,3600,3600,3600
2012-12-24,2.19,3500,-0.1(-2.78 %),6880,24080000,0,0,3500,3500,3500
2012-12-25,2.25,3600,0.1(2.86 %),441000,1569798000,0,0,3500,3600,3500
2012-12-26,2.31,3700,0.1(2.78 %),274000,1013800000,0,0,3700,3700,3700
2012-12-27,2.37,3800,0.1(2.70 %),142630,541994000,0,0,3800,3800,3800
2012-12-28,2.37,3800,0(0.00 %),126380,481259000,0,0,3800,3900,3800
2013-01-02,2.44,3900,0.1(2.63 %),194780,752548000,0,0,3800,3900,3700
2013-01-03,2.44,3900,0(0.00 %),192650,757126000,0,0,4000,4000,3800
2013-01-04,2.44,3900,0(0.00 %),51090,199343000,0,0,3900,4000,3900
2013-01-07,2.5,4000,0.1(2.56 %),154920,605423000,0,0,3900,4000,3900
2013-01-08,2.37,3800,-0.2(-5.00 %),182220,692447000,0,0,3800,3900,3800
2013-01-09,2.37,3800,0(0.00 %),291200,1122461000,0,0,3700,3900,3700
2013-01-10,2.44,3900,0.1(2.63 %),40430,152957000,0,0,3800,3900,3700
2013-01-11,2.5,4000,0.1(2.56 %),39490,154342000,0,0,3900,4000,3900
2013-01-14,2.44,3900,-0.1(-2.50 %),79680,310542000,0,0,4000,4000,3800
2013-01-15,2.5,4000,0.1(2.56 %),138860,547816000,0,0,3800,4100,3800
2013-01-16,2.62,4200,0.2(5.00 %),324250,1340675000,0,0,4000,4200,4000
2013-01-17,2.75,4400,0.2(4.76 %),399220,1756568000,0,0,4400,4400,4400
2013-01-18,2.75,4400,0(0.00 %),298320,1335634000,0,0,4500,4600,4400
2013-01-21,2.69,4300,-0.1(-2.27 %),268530,1174696000,0,0,4500,4500,4300
2013-01-22,2.5,4000,-0.3(-6.98 %),221590,904329000,0,0,4200,4300,4000
2013-01-23,2.5,4000,0(0.00 %),98030,384057000,0,0,4000,4100,3900
2013-01-24,2.56,4100,0.1(2.50 %),143260,573370000,0,0,4000,4100,4000
2013-01-25,2.56,4100,0(0.00 %),241120,975458000,0,0,4100,4100,3900
2013-01-28,2.56,4100,0(0.00 %),141720,577250000,0,0,4100,4200,4000
2013-01-29,2.44,3900,-0.2(-4.88 %),140510,552468000,0,0,4100,4100,3900
2013-01-30,2.5,4000,0.1(2.56 %),207620,830472000,0,0,4000,4000,3900
2013-01-31,2.44,3900,-0.1(-2.50 %),78710,309469000,0,0,3900,4000,3900
2013-02-01,2.5,4000,0.1(2.56 %),74300,289970000,0,0,3900,4000,3900
2013-02-04,2.5,4000,0(0.00 %),120400,481600000,0,0,4000,4000,4000
2013-02-05,2.5,4000,0(0.00 %),33440,133740000,0,0,4000,4000,3900
2013-02-06,2.5,4000,0(0.00 %),53350,211400000,0,0,4000,4000,3900
2013-02-07,2.5,4000,0(0.00 %),83700,334800000,0,0,4000,4000,4000
2013-02-08,2.56,4100,0.1(2.50 %),217210,873441000,0,0,4000,4200,3900
2013-02-18,2.56,4100,0(0.00 %),116780,477838000,0,0,4100,4200,4000
2013-02-19,2.69,4300,0.2(4.88 %),380210,1612072000,0,0,4100,4300,4100
2013-02-20,2.81,4500,0.2(4.65 %),184200,819940000,0,0,4400,4500,4400
2013-02-21,2.62,4200,-0.3(-6.67 %),256250,1136897000,0,0,4500,4600,4200
2013-02-22,2.69,4300,0.1(2.38 %),291450,1234864000,0,0,4300,4300,4100
2013-02-25,2.62,4200,-0.1(-2.33 %),49650,208531000,0,0,4200,4300,4200
2013-02-26,2.5,4000,-0.2(-4.76 %),215700,876389000,0,0,4200,4200,4000
2013-02-27,2.5,4000,0(0.00 %),55570,221081000,0,0,4000,4100,3900
2013-02-28,2.5,4000,0(0.00 %),103420,414786000,0,0,4100,4100,4000
2013-03-01,2.5,4000,0(0.00 %),78240,312959000,0,0,4000,4000,3900
2013-03-04,2.5,4000,0(0.00 %),45930,181130000,0,0,4000,4100,3900
2013-03-05,2.5,4000,0(0.00 %),71750,279556000,0,0,3900,4000,3800
2013-03-06,2.5,4000,0(0.00 %),119190,476460000,0,0,3900,4000,3900
2013-03-07,2.5,4000,0(0.00 %),62540,250959000,0,0,4000,4100,3900
2013-03-08,2.56,4100,0.1(2.50 %),29650,119042000,0,0,4100,4100,4000
2013-03-11,2.56,4100,0(0.00 %),78190,320129000,0,0,4100,4100,4000
2013-03-12,2.5,4000,-0.1(-2.44 %),128920,506132000,0,0,4000,4100,3900
2013-03-13,2.56,4100,0.1(2.50 %),4090,16538000,0,0,4000,4100,4000
2013-03-14,2.44,3900,-0.2(-4.88 %),15010,59414000,0,0,4000,4100,3900
2013-03-15,2.5,4000,0.1(2.56 %),72890,290407000,0,0,3900,4000,3900
2013-03-18,2.5,4000,0(0.00 %),14160,56540000,0,0,4000,4000,3900
2013-03-19,2.5,4000,0(0.00 %),4050,15899000,0,0,4000,4000,3900
2013-03-20,2.44,3900,-0.1(-2.50 %),62510,243799000,0,0,3900,4000,3900
2013-03-21,2.5,4000,0.1(2.56 %),5010,19540000,0,0,3900,4000,3900
2013-03-22,2.44,3900,-0.1(-2.50 %),9320,36348000,0,0,3900,3900,3900
2013-03-25,2.37,3800,-0.1(-2.56 %),11660,44468000,0,0,3900,3900,3800
2013-03-26,2.44,3900,0.1(2.63 %),7810,29959000,0,0,3800,3900,3800
2013-03-27,2.37,3800,-0.1(-2.56 %),52260,196689000,0,0,3800,3900,3700
2013-03-28,2.37,3800,0(0.00 %),35020,133076000,0,0,3800,3800,3800
2013-03-29,2.37,3800,0(0.00 %),24560,92223000,0,0,3700,3800,3700
2013-04-01,2.37,3800,0(0.00 %),7200,26860000,0,0,3700,3800,3700
2013-04-02,2.44,3900,0.1(2.63 %),9130,34797000,0,0,3800,3900,3800
2013-04-03,2.31,3700,-0.2(-5.13 %),7090,26633000,0,0,3800,3800,3700
2013-04-04,2.37,3800,0.1(2.70 %),11920,44135000,0,0,3700,3800,3700
2013-04-05,2.31,3700,-0.1(-2.63 %),30500,115250000,0,0,3800,3800,3700
2013-04-08,2.44,3900,0.2(5.41 %),17400,65414000,0,0,3700,3900,3700
2013-04-09,2.44,3900,0(0.00 %),7460,29092000,0,0,3900,3900,3800
2013-04-10,2.37,3800,-0.1(-2.56 %),35990,133762000,0,0,3800,3800,3700
2013-04-11,2.31,3700,-0.1(-2.63 %),35100,129870000,0,0,3700,3700,3700
2013-04-12,2.31,3700,0(0.00 %),4020,14874000,0,0,3700,3700,3700
2013-04-15,2.19,3500,-0.2(-5.41 %),64540,229545000,0,0,3700,3700,3500
2013-04-16,2.19,3500,0(0.00 %),29300,102020000,0,0,3500,3500,3400
2013-04-17,2.25,3600,0.1(2.86 %),2520,8822000,0,0,3500,3600,3500
2013-04-18,2.19,3500,-0.1(-2.78 %),31920,110611000,0,0,3600,3600,3400
2013-04-22,2.06,3300,-0.2(-5.71 %),19740,66716000,0,0,3400,3400,3300
2013-04-23,2.12,3400,0.1(3.03 %),20450,65645000,0,0,3200,3400,3200
2013-04-24,2.12,3400,0(0.00 %),17350,58988000,0,0,3300,3500,3300
2013-04-25,2.19,3500,0.1(2.94 %),3020,10340000,0,0,3400,3500,3400
2013-04-26,2.12,3400,-0.1(-2.86 %),9000,30600000,0,0,3400,3400,3400
2013-05-02,2.12,3400,0(0.00 %),27000,91800000,0,0,3400,3400,3400
2013-05-03,2.19,3500,0.1(2.94 %),8600,30050000,0,0,3400,3500,3400
2013-05-06,2.25,3600,0.1(2.86 %),59520,211239000,0,0,3500,3600,3500
2013-05-07,2.25,3600,0(0.00 %),6000,21600000,0,0,3600,3600,3600
2013-05-08,2.25,3600,0(0.00 %),6170,21597000,0,0,3600,3600,3500
2013-05-09,2.19,3500,-0.1(-2.78 %),2010,7135000,0,0,3500,3600,3500
2013-05-10,2.25,3600,0.1(2.86 %),620,2172000,0,0,3500,3600,3500
2013-05-13,2.25,3600,0(0.00 %),18950,66785000,0,0,3500,3600,3500
2013-05-14,2.19,3500,-0.1(-2.78 %),27810,97335000,0,0,3500,3500,3500
2013-05-15,2.19,3500,0(0.00 %),20430,71235000,0,0,3500,3500,3400
2013-05-16,2.12,3400,-0.1(-2.86 %),170,579000,0,0,3400,3500,3400
2013-05-17,2.19,3500,0.1(2.94 %),10030,34105000,0,0,3500,3500,3400
2013-05-20,2.12,3400,-0.1(-2.86 %),1000,3400000,0,0,3400,3400,3400
2013-05-21,2.12,3400,0(0.00 %),20990,71366000,0,0,3400,3400,3400
2013-05-22,2.12,3400,0(0.00 %),87750,298450000,0,0,3500,3500,3400
2013-05-23,2.06,3300,-0.1(-2.94 %),44780,151752000,0,0,3400,3400,3300
2013-05-24,2.19,3500,0.2(6.06 %),36460,125380000,0,0,3400,3500,3400
2013-05-27,2.19,3500,0(0.00 %),41520,145269000,0,0,3500,3500,3400
2013-05-28,2.31,3700,0.2(5.71 %),268800,979657000,0,0,3600,3700,3500
2013-05-29,2.44,3900,0.2(5.41 %),181940,705814000,0,0,3800,3900,3800
2013-05-30,2.44,3900,0(0.00 %),140740,549187000,0,0,3900,4000,3900
2013-05-31,2.5,4000,0.1(2.56 %),321670,1262851000,0,0,3900,4100,3900
2013-06-03,2.44,3900,-0.1(-2.50 %),182450,724354000,0,0,3900,4100,3900
2013-06-04,2.5,4000,0.1(2.56 %),171790,688768000,0,0,4000,4100,4000
2013-06-05,2.5,4000,0(0.00 %),183810,735247000,0,0,4000,4100,4000
2013-06-06,2.56,4100,0.1(2.50 %),225260,908605000,0,0,4000,4100,4000
2013-06-07,2.62,4200,0.1(2.44 %),127180,521491000,0,0,4100,4200,4100
2013-06-10,2.62,4200,0(0.00 %),320250,1321619000,0,0,4200,4200,4100
2013-06-11,2.56,4100,-0.1(-2.38 %),197440,815237000,0,0,4200,4200,4100
2013-06-12,2.56,4100,0(0.00 %),136400,559244000,0,0,4100,4200,4100
2013-06-13,2.56,4100,0(0.00 %),193230,784244000,0,0,4100,4200,4000
2013-06-14,2.56,4100,0(0.00 %),120730,495000000,0,0,4100,4200,4100
2013-06-17,2.56,4100,0(0.00 %),122430,502053000,0,0,4200,4200,4100
2013-06-18,2.56,4100,0(0.00 %),35850,146485000,0,0,4100,4100,4000
2013-06-19,2.56,4100,0(0.00 %),54700,224200000,0,0,4100,4100,4000
2013-06-20,2.44,3900,-0.2(-4.88 %),93790,375096000,0,0,4100,4100,3900
2013-06-21,2.44,3900,0(0.00 %),120590,470162000,0,0,3900,4000,3800
2013-06-24,2.37,3800,-0.1(-2.56 %),37600,143881000,20000,76000000,3900,3900,3800
2013-06-25,2.37,3800,0(0.00 %),83530,311956000,0,0,3900,3900,3700
2013-06-26,2.37,3800,0(0.00 %),117010,444639000,0,0,3800,3900,3800
2013-06-27,2.44,3900,0.1(2.63 %),70710,272269000,0,0,3900,3900,3800
2013-06-28,2.5,4000,0.1(2.56 %),36520,142879000,0,0,3900,4000,3800
2013-07-01,2.56,4100,0.1(2.50 %),84820,341948000,0,0,4100,4100,4000
2013-07-02,2.5,4000,-0.1(-2.44 %),63810,255437000,0,0,4000,4100,3900
2013-07-03,2.5,4000,0(0.00 %),47280,189120000,0,0,4000,4000,4000
2013-07-04,2.44,3900,-0.1(-2.50 %),69000,274260000,0,0,4000,4000,3900
2013-07-05,2.44,3900,0(0.00 %),9960,38854000,20000,78000000,3900,4000,3900
2013-07-08,2.5,4000,0.1(2.56 %),5000,19803000,0,0,4000,4000,3900
2013-07-09,2.5,4000,0(0.00 %),161490,645972000,0,0,4000,4100,4000
2013-07-10,2.44,3900,-0.1(-2.50 %),27130,108283000,0,0,4100,4100,3900
2013-07-11,2.5,4000,0.1(2.56 %),113620,448270000,0,0,4000,4000,3900
2013-07-12,2.56,4100,0.1(2.50 %),23660,94694000,0,0,4000,4100,4000
2013-07-15,2.5,4000,-0.1(-2.44 %),28740,115014000,0,0,4100,4100,4000
2013-07-16,2.56,4100,0.1(2.50 %),55010,224341000,0,0,4000,4100,4000
2013-07-17,2.5,4000,-0.1(-2.44 %),27180,108750000,0,0,4100,4100,4000
2013-07-18,2.44,3900,-0.1(-2.50 %),150500,601702000,0,0,4000,4100,3900
2013-07-19,2.5,4000,0.1(2.56 %),78070,310189000,0,0,4000,4100,3900
2013-07-22,2.5,4000,0(0.00 %),160620,642512000,0,0,4000,4100,4000
2013-07-23,2.5,4000,0(0.00 %),12500,49950000,20000,78000000,4000,4000,3900
2013-07-24,2.44,3900,-0.1(-2.50 %),8000,31700000,0,0,3900,4000,3900
2013-07-25,2.44,3900,0(0.00 %),61470,239733000,0,0,3900,3900,3900
2013-07-26,2.5,4000,0.1(2.56 %),44730,171840000,0,0,3900,4000,3800
2013-07-29,2.37,3800,-0.2(-5.00 %),35030,136615000,0,0,3900,3900,3800
2013-07-30,2.37,3800,0(0.00 %),32560,123728000,0,0,3800,3800,3800
2013-07-31,2.37,3800,0(0.00 %),10270,38678000,0,0,3800,3800,3700
2013-08-01,2.37,3800,0(0.00 %),11000,41800000,0,0,3800,3800,3800
2013-08-02,2.44,3900,0.1(2.63 %),10010,38039000,0,0,3800,3900,3800
2013-08-05,2.37,3800,-0.1(-2.56 %),9000,34200000,0,0,3800,3800,3800
2013-08-06,2.44,3900,0.1(2.63 %),1450,5520000,0,0,3800,3900,3800
2013-08-07,2.44,3900,0(0.00 %),8490,32263000,0,0,3800,3900,3800
2013-08-08,2.37,3800,-0.1(-2.56 %),8120,30866000,0,0,3800,3900,3800
2013-08-09,2.31,3700,-0.1(-2.63 %),41840,154808000,0,0,3700,3700,3700
2013-08-12,2.31,3700,0(0.00 %),11970,44000000,0,0,3700,3700,3600
2013-08-13,2.25,3600,-0.1(-2.70 %),17200,62420000,0,0,3700,3700,3600
2013-08-14,2.37,3800,0.2(5.56 %),16610,60018000,0,0,3600,3800,3600
2013-08-15,2.31,3700,-0.1(-2.63 %),55690,207155000,0,0,3800,3800,3600
2013-08-16,2.37,3800,0.1(2.70 %),5010,18538000,0,0,3700,3800,3700
2013-08-19,2.37,3800,0(0.00 %),6480,24625000,0,0,3800,3900,3800
2013-08-20,2.44,3900,0.1(2.63 %),5020,19077000,0,0,3800,3900,3800
2013-08-21,2.44,3900,0(0.00 %),70500,267518000,0,0,3700,3900,3700
2013-08-22,2.44,3900,0(0.00 %),135550,528646000,0,0,3900,4000,3900
2013-08-23,2.44,3900,0(0.00 %),132830,516537000,0,0,3900,4000,3800
2013-08-26,2.44,3900,0(0.00 %),55110,214931000,0,0,3900,4000,3900
2013-08-27,2.44,3900,0(0.00 %),15310,59714000,0,0,3900,4000,3900
2013-08-28,2.44,3900,0(0.00 %),29450,114857000,0,0,4000,4000,3900
2013-08-29,2.44,3900,0(0.00 %),30,117000,0,0,3900,3900,3900
2013-08-30,2.37,3800,-0.1(-2.56 %),16620,63166000,0,0,3800,3900,3800
2013-09-03,2.37,3800,0(0.00 %),127030,482683000,0,0,3900,3900,3700
2013-09-04,2.44,3900,0.1(2.63 %),70910,269459000,0,0,3800,3900,3800
2013-09-05,2.44,3900,0(0.00 %),217600,828609000,0,0,3800,3900,3800
2013-09-06,2.44,3900,0(0.00 %),114500,436450000,0,0,3900,3900,3800
2013-09-09,2.44,3900,0(0.00 %),251220,954658000,0,0,3900,3900,3800
2013-09-10,2.37,3800,-0.1(-2.56 %),11200,42560000,0,0,3800,3800,3800
2013-09-11,2.44,3900,0.1(2.63 %),10430,38911000,0,0,3700,3900,3700
2013-09-12,2.37,3800,-0.1(-2.56 %),24510,93139000,0,0,3900,3900,3800
2013-09-13,2.37,3800,0(0.00 %),20100,75030000,0,0,3800,3800,3700
2013-09-16,2.44,3900,0.1(2.63 %),12350,46940000,0,0,3800,3900,3800
2013-09-17,2.37,3800,-0.1(-2.56 %),10210,38788000,0,0,3800,3800,3700
2013-09-18,2.37,3800,0(0.00 %),28000,106400000,0,0,3800,3800,3800
2013-09-19,2.25,3600,-0.2(-5.26 %),1010,3638000,0,0,3600,3800,3600
2013-09-20,2.37,3800,0.2(5.56 %),34010,126738000,0,0,3700,3800,3600
2013-09-23,2.37,3800,0(0.00 %),2750,9950000,0,0,3600,3800,3600
2013-09-24,2.31,3700,-0.1(-2.63 %),68050,252795000,0,0,3800,3800,3700
2013-09-25,2.31,3700,0(0.00 %),100880,377893000,0,0,3700,3800,3700
2013-09-26,2.31,3700,0(0.00 %),80710,305727000,0,0,3800,3800,3700
2013-09-27,2.31,3700,0(0.00 %),70350,261396000,0,0,3800,3800,3700
2013-09-30,2.37,3800,0.1(2.70 %),11010,40758000,0,0,3700,3800,3700
2013-10-01,2.31,3700,-0.1(-2.63 %),37010,136836000,0,0,3800,3800,3600
2013-10-02,2.37,3800,0.1(2.70 %),20100,75380000,0,0,3700,3800,3700
2013-10-03,2.31,3700,-0.1(-2.63 %),15510,57387000,0,0,3700,3700,3700
2013-10-04,2.31,3700,0(0.00 %),210,777000,0,0,3700,3700,3700
2013-10-07,2.37,3800,0.1(2.70 %),10420,38564000,0,0,3700,3800,3700
2013-10-08,2.31,3700,-0.1(-2.63 %),3000,11100000,0,0,3700,3700,3700
2013-10-09,2.31,3700,0(0.00 %),25510,94388000,0,0,3800,3800,3700
2013-10-10,2.31,3700,0(0.00 %),9450,34965000,0,0,3700,3700,3700
2013-10-11,2.31,3700,0(0.00 %),3120,11544000,0,0,3700,3700,3700
2013-10-14,2.31,3700,0(0.00 %),1010,3737000,0,0,3700,3700,3700
2013-10-15,2.31,3700,0(0.00 %),420,1545000,0,0,3600,3700,3600
2013-10-16,2.37,3800,0.1(2.70 %),1010,3738000,0,0,3700,3800,3700
2013-10-17,2.31,3700,-0.1(-2.63 %),4000,14900000,0,0,3800,3800,3700
2013-10-18,2.37,3800,0.1(2.70 %),1710,6329000,0,0,3700,3800,3700
2013-10-21,2.44,3900,0.1(2.63 %),100810,392459000,0,0,3800,3900,3800
2013-10-22,2.44,3900,0(0.00 %),7960,30908000,0,0,3900,3900,3800
2013-10-23,2.44,3900,0(0.00 %),21200,82460000,0,0,3900,3900,3800
2013-10-24,2.5,4000,0.1(2.56 %),49870,193693000,0,0,3800,4000,3800
2013-10-25,2.5,4000,0(0.00 %),79850,316280000,0,0,3900,4100,3900
2013-10-28,2.62,4200,0.2(5.00 %),506510,2122023000,0,0,4100,4200,4100
2013-10-29,2.69,4300,0.1(2.38 %),87360,369827000,0,0,4300,4300,4200
2013-10-30,2.62,4200,-0.1(-2.33 %),49160,204192000,0,0,4300,4300,4100
2013-10-31,2.56,4100,-0.1(-2.38 %),123340,495395000,0,0,4100,4200,4000
2013-11-01,2.5,4000,-0.1(-2.44 %),69500,278000000,0,0,4000,4000,4000
2013-11-04,2.62,4200,0.2(5.00 %),255160,1067861000,0,0,4100,4200,4100
2013-11-05,2.69,4300,0.1(2.38 %),213050,916165000,0,0,4300,4400,4300
2013-11-06,2.69,4300,0(0.00 %),133630,560725000,0,0,4100,4300,4100
2013-11-07,2.69,4300,0(0.00 %),195430,822268000,0,0,4300,4300,4200
2013-11-08,2.62,4200,-0.1(-2.33 %),67370,283194000,0,0,4200,4300,4200
2013-11-11,2.75,4400,0.2(4.76 %),318110,1364274000,0,0,4300,4400,4200
2013-11-12,2.94,4700,0.3(6.82 %),759910,3457639000,0,0,4400,4700,4400
2013-11-13,2.94,4700,0(0.00 %),179280,839971000,0,0,4600,4800,4600
2013-11-14,2.81,4500,-0.2(-4.26 %),160890,727373000,0,0,4600,4700,4500
2013-11-15,2.87,4600,0.1(2.22 %),210250,955196000,0,0,4500,4600,4500
2013-11-18,2.87,4600,0(0.00 %),212350,975581000,0,0,4500,4700,4500
2013-11-19,2.87,4600,0(0.00 %),75110,340271000,0,0,4700,4700,4500
2013-11-20,3.06,4900,0.3(6.52 %),452810,2154786000,0,0,4600,4900,4500
2013-11-21,3.0,4800,-0.1(-2.04 %),361660,1810092000,0,0,5100,5200,4800
2013-11-22,3.06,4900,0.1(2.08 %),137340,668709000,0,0,4800,5000,4800
2013-11-25,2.94,4700,-0.2(-4.08 %),241090,1157559000,0,0,4900,5000,4700
2013-11-26,3.0,4800,0.1(2.13 %),67320,322135000,0,0,4600,4900,4600
2013-11-27,3.0,4800,0(0.00 %),67330,320739000,0,0,4700,4900,4700
2013-11-28,3.0,4800,0(0.00 %),64760,310850000,0,0,4800,4900,4700
2013-11-29,2.94,4700,-0.1(-2.08 %),174750,819955000,0,0,4800,4800,4600
2013-12-02,2.87,4600,-0.1(-2.13 %),71270,328208000,0,0,4700,4700,4500
2013-12-03,2.94,4700,0.1(2.17 %),292920,1365202000,0,0,4500,4700,4500
2013-12-04,2.87,4600,-0.1(-2.13 %),64050,296589000,0,0,4700,4800,4600
2013-12-05,2.94,4700,0.1(2.17 %),174260,814263000,0,0,4500,4700,4500
2013-12-06,2.94,4700,0(0.00 %),24070,110728000,0,0,4600,4700,4600
2013-12-09,2.87,4600,-0.1(-2.13 %),54100,253220000,0,0,4700,4700,4600
2013-12-10,2.87,4600,0(0.00 %),80640,370944000,0,0,4600,4600,4600
2013-12-11,2.81,4500,-0.1(-2.17 %),84550,379375000,0,0,4600,4600,4400
2013-12-12,2.75,4400,-0.1(-2.22 %),233900,1014004000,0,0,4500,4500,4300
2013-12-13,2.75,4400,0(0.00 %),46090,206253000,0,0,4400,4500,4400
2013-12-16,2.81,4500,0.1(2.27 %),18220,80170000,0,0,4400,4500,4400
2013-12-17,2.81,4500,0(0.00 %),66960,299141000,0,0,4500,4500,4400
2013-12-18,2.75,4400,-0.1(-2.22 %),29100,128640000,0,0,4500,4500,4400
2013-12-19,2.81,4500,0.1(2.27 %),169940,764944000,0,0,4500,4600,4500
2013-12-20,2.81,4500,0(0.00 %),51920,228875000,0,0,4500,4600,4400
2013-12-23,2.87,4600,0.1(2.22 %),201270,907861000,0,0,4600,4600,4500
2013-12-24,2.81,4500,-0.1(-2.17 %),69680,311562000,0,0,4500,4600,4400
2013-12-25,2.87,4600,0.1(2.22 %),45880,206462000,0,0,4500,4600,4500
2013-12-26,2.87,4600,0(0.00 %),89220,401746000,0,0,4600,4600,4500
2013-12-27,2.81,4500,-0.1(-2.17 %),87610,394306000,0,0,4500,4600,4500
2013-12-30,2.75,4400,-0.1(-2.22 %),40800,179531000,0,0,4400,4500,4400
2013-12-31,2.81,4500,0.1(2.27 %),38970,172889000,0,0,4400,4500,4400
2014-01-02,2.81,4500,0(0.00 %),89740,395208000,0,0,4500,4500,4300
2014-01-03,2.75,4400,-0.1(-2.22 %),109640,482418000,0,0,4400,4500,4300
2014-01-06,2.69,4300,-0.1(-2.27 %),70680,303932000,0,0,4400,4400,4300
2014-01-07,2.75,4400,0.1(2.33 %),139830,612400000,0,0,4300,4500,4300
2014-01-08,2.81,4500,0.1(2.27 %),85520,376289000,0,0,4400,4500,4400
2014-01-09,2.75,4400,-0.1(-2.22 %),64910,285864000,0,0,4500,4500,4400
2014-01-10,2.81,4500,0.1(2.27 %),92850,412411000,0,0,4400,4500,4400
2014-01-13,2.69,4300,-0.2(-4.44 %),38870,171278000,0,0,4400,4500,4300
2014-01-14,2.75,4400,0.1(2.33 %),46550,201356000,0,0,4400,4400,4300
2014-01-15,2.69,4300,-0.1(-2.27 %),49450,217441000,0,0,4400,4500,4300
2014-01-16,2.69,4300,0(0.00 %),58010,249449000,0,0,4400,4400,4300
2014-01-17,2.69,4300,0(0.00 %),35480,153364000,0,0,4300,4400,4300
2014-01-20,2.87,4600,0.3(6.98 %),217790,999384000,0,0,4400,4600,4400
2014-01-21,2.87,4600,0(0.00 %),221920,1022473000,0,0,4800,4800,4600
2014-01-22,2.87,4600,0(0.00 %),89800,414164000,0,0,4700,4700,4500
2014-01-23,2.87,4600,0(0.00 %),75130,344699000,0,0,4600,4700,4500
2014-01-24,2.94,4700,0.1(2.17 %),175220,830804000,0,0,4600,4900,4500
2014-01-27,2.94,4700,0(0.00 %),21930,100880000,0,0,4700,4700,4600
2014-02-06,2.94,4700,0(0.00 %),34640,161355000,0,0,4700,4800,4600
2014-02-07,2.94,4700,0(0.00 %),82090,378711000,0,0,4700,4700,4600
2014-02-10,2.94,4700,0(0.00 %),122640,564646000,0,0,4600,4700,4600
2014-02-11,2.94,4700,0(0.00 %),109600,506510000,0,0,4700,4700,4600
2014-02-12,3.0,4800,0.1(2.13 %),110220,519855000,0,0,4600,4800,4600
2014-02-13,2.94,4700,-0.1(-2.08 %),106180,496696000,0,0,4700,4800,4600
2014-02-14,3.06,4900,0.2(4.26 %),192430,922554000,0,0,4700,4900,4600
2014-02-17,3.12,5000,0.1(2.04 %),82590,401572000,0,0,4800,5000,4800
2014-02-18,3.12,5000,0(0.00 %),128300,629400000,0,0,5100,5100,4900
2014-02-19,3.12,5000,0(0.00 %),152430,749088000,0,0,5000,5000,4900
2014-02-20,3.0,4800,-0.2(-4.00 %),254010,1232312000,0,0,5000,5000,4800
2014-02-21,3.06,4900,0.1(2.08 %),173800,826560000,0,0,4800,4900,4700
2014-02-24,3.06,4900,0(0.00 %),26960,128550000,0,0,4900,4900,4700
2014-02-25,3.0,4800,-0.1(-2.04 %),306290,1462505000,0,0,4800,4800,4700
2014-02-26,3.0,4800,0(0.00 %),239860,1151922000,0,0,4800,4900,4700
2014-02-27,3.0,4800,0(0.00 %),187190,898757000,0,0,4800,4900,4700
2014-02-28,3.06,4900,0.1(2.08 %),78090,376834000,0,0,4800,4900,4800
2014-03-03,3.25,5200,0.3(6.12 %),1328770,6799930000,0,0,4900,5200,4900
2014-03-04,3.37,5400,0.2(3.85 %),666490,3577160000,0,0,5300,5500,5300
2014-03-05,3.44,5500,0.1(1.85 %),189740,1028217000,0,0,5400,5500,5300
2014-03-06,3.37,5400,-0.1(-1.82 %),449110,2415615000,0,0,5300,5500,5300
2014-03-07,3.56,5700,0.3(5.56 %),1187180,6615339000,0,0,5400,5700,5300
2014-03-10,3.75,6000,0.3(5.26 %),860770,5093228000,0,0,5800,6000,5700
2014-03-11,3.69,5900,-0.1(-1.67 %),574150,3343907000,0,0,6000,6100,5600
2014-03-12,3.62,5800,-0.1(-1.69 %),575590,3373777000,0,0,5800,6000,5700
2014-03-13,3.87,6200,0.4(6.90 %),763940,4662624000,0,0,5700,6200,5700
2014-03-14,4.12,6600,0.4(6.45 %),991940,6529237000,0,0,6500,6600,6500
2014-03-17,4.37,7000,0.4(6.06 %),1060930,7395939000,0,0,6900,7000,6800
2014-03-18,4.25,6800,-0.2(-2.86 %),806510,5620062000,0,0,7100,7200,6800
2014-03-19,4.5,7200,0.4(5.88 %),813870,5856262000,0,0,7200,7200,7100
2014-03-20,4.81,7700,0.5(6.94 %),816540,6195276000,0,0,7700,7700,7400
2014-03-21,4.75,7600,-0.1(-1.30 %),649640,5000956000,0,0,7800,7800,7600
2014-03-24,4.94,7900,0.3(3.95 %),805420,6271929000,0,0,7500,8100,7500
2014-03-25,4.87,7800,-0.1(-1.27 %),1343140,10383673000,0,0,7900,7900,7500
2014-03-26,4.56,7300,-0.5(-6.41 %),772400,5835259000,0,0,7800,7900,7300
2014-03-27,4.37,7000,-0.3(-4.11 %),641240,4383014000,0,0,7100,7100,6800
2014-03-28,4.25,6800,-0.2(-2.86 %),286250,1982488000,0,0,7000,7300,6700
2014-03-31,4.19,6700,-0.1(-1.47 %),241250,1643363000,0,0,7000,7000,6700
2014-04-01,4.0,6400,-0.3(-4.48 %),773510,4973754000,0,0,6600,6600,6300
2014-04-02,3.75,6000,-0.4(-6.25 %),392440,2375960000,0,0,6200,6400,6000
2014-04-03,4.0,6400,0.4(6.67 %),280520,1771561000,0,0,6300,6400,6100
2014-04-04,4.06,6500,0.1(1.56 %),174920,1118419000,0,0,6500,6600,6300
2014-04-07,4.06,6500,0(0.00 %),141090,903046000,0,0,6300,6700,6300
2014-04-08,4.19,6700,0.2(3.08 %),155210,1032876000,0,0,6400,6800,6400
2014-04-10,4.19,6700,0(0.00 %),125440,831143000,0,0,6700,6800,6600
2014-04-11,4.19,6700,0(0.00 %),193640,1279387000,0,0,6500,6700,6400
2014-04-14,4.12,6600,-0.1(-1.49 %),215470,1412973000,0,0,6700,6700,6500
2014-04-15,3.87,6200,-0.4(-6.06 %),291360,1854189000,0,0,6500,6500,6200
2014-04-16,3.81,6100,-0.1(-1.61 %),297610,1798271000,0,0,6000,6400,6000
2014-04-17,3.94,6300,0.2(3.28 %),59300,372622000,0,0,6300,6300,6200
2014-04-18,3.75,6000,-0.3(-4.76 %),160590,973638000,0,0,6300,6300,5900
2014-04-21,3.5,5600,-0.4(-6.67 %),101140,578670000,0,0,5900,6000,5600
2014-04-22,3.62,5800,0.2(3.57 %),89010,500849000,0,0,5700,5900,5500
2014-04-23,3.5,5600,-0.2(-3.45 %),80810,463358000,0,0,5800,5900,5500
2014-04-24,3.69,5900,0.3(5.36 %),181770,1069303000,0,0,5600,5900,5600
2014-04-25,3.81,6100,0.2(3.39 %),108990,673926000,0,0,6100,6300,6100
2014-04-28,3.62,5800,-0.3(-4.92 %),102080,601915000,0,0,6100,6100,5800
2014-04-29,3.69,5900,0.1(1.72 %),51380,297507000,0,0,5700,5900,5700
2014-05-05,3.5,5600,-0.3(-5.08 %),65340,366354000,0,0,5800,6000,5500
2014-05-06,3.37,5400,-0.2(-3.57 %),151700,813546000,0,0,5400,5500,5300
2014-05-07,3.31,5300,-0.1(-1.85 %),52060,279038000,0,0,5400,5400,5200
2014-05-08,3.12,5000,-0.3(-5.66 %),225550,1128450000,0,0,5100,5100,5000
2014-05-09,3.12,5000,0(0.00 %),89020,436379000,0,0,4900,5000,4800
2014-05-12,2.94,4700,-0.3(-6.00 %),154160,724754000,0,0,4800,4800,4700
2014-05-13,2.81,4500,-0.2(-4.26 %),283020,1247848000,0,0,4500,4600,4400
2014-05-14,2.87,4600,0.1(2.22 %),122510,553214000,0,0,4200,4800,4200
2014-05-15,2.81,4500,-0.1(-2.17 %),189490,862030000,0,0,4700,4800,4300
2014-05-16,3.0,4800,0.3(6.67 %),136820,640952000,0,0,4600,4800,4500
2014-05-19,3.19,5100,0.3(6.25 %),212360,1068833000,0,0,4800,5100,4800
2014-05-20,3.37,5400,0.3(5.88 %),131100,696708000,0,0,5100,5400,5000
2014-05-21,3.56,5700,0.3(5.56 %),218690,1228521000,0,0,5500,5700,5500
2014-05-22,3.37,5400,-0.3(-5.26 %),356980,1935941000,0,0,5700,5700,5400
2014-05-23,3.37,5400,0(0.00 %),76590,404357000,0,0,5300,5400,5200
2014-05-26,3.44,5500,0.1(1.85 %),74110,403156000,0,0,5300,5700,5200
2014-05-27,3.44,5500,0(0.00 %),191400,1023312000,0,0,5300,5600,5200
2014-05-28,3.44,5500,0(0.00 %),136480,744419000,0,0,5500,5600,5400
2014-05-29,3.25,5200,-0.3(-5.45 %),163310,862340000,0,0,5400,5400,5200
2014-05-30,3.25,5200,0(0.00 %),83690,431359000,0,0,5200,5300,5100
2014-06-02,3.06,4900,-0.3(-5.77 %),92970,464667000,0,0,5100,5100,4900
2014-06-03,3.25,5200,0.3(6.12 %),31180,158024000,0,0,5200,5200,5000
2014-06-04,3.19,5100,-0.1(-1.92 %),111640,560500000,0,0,5100,5100,5000
2014-06-05,3.25,5200,0.1(1.96 %),93370,471074000,0,0,5000,5200,4900
2014-06-06,3.25,5200,0(0.00 %),46460,235322000,0,0,5000,5200,5000
2014-06-09,3.25,5200,0(0.00 %),48920,250927000,0,0,5000,5200,5000
2014-06-10,3.12,5000,-0.2(-3.85 %),118760,583667000,0,0,5000,5000,4900
2014-06-11,3.19,5100,0.1(2.00 %),26870,134513000,0,0,5000,5100,5000
2014-06-12,3.19,5100,0(0.00 %),85460,427705000,0,0,5000,5100,5000
2014-06-13,3.25,5200,0.1(1.96 %),93130,474316000,0,0,5000,5200,5000
2014-06-16,3.19,5100,-0.1(-1.92 %),9010,45811000,0,0,5100,5100,5000
2014-06-17,3.19,5100,0(0.00 %),120900,611292000,0,0,5000,5200,5000
2014-06-18,3.31,5300,0.2(3.92 %),526500,2820702000,0,0,5100,5400,5100
2014-06-19,3.19,5100,-0.2(-3.77 %),83180,420831000,0,0,5300,5300,5000
2014-06-20,3.19,5100,0(0.00 %),28450,148450000,0,0,5200,5300,5100
2014-06-23,3.12,5000,-0.1(-1.96 %),61850,310746000,0,0,5100,5100,5000
2014-06-24,3.19,5100,0.1(2.00 %),42850,214355000,0,0,5100,5100,5000
2014-06-25,3.25,5200,0.1(1.96 %),150100,779795000,54420,261216000,5100,5300,5100
2014-06-26,3.25,5200,0(0.00 %),140430,723837000,0,0,5100,5300,5100
2014-06-27,3.19,5100,-0.1(-1.92 %),32420,165455000,0,0,5200,5200,5100
2014-06-30,3.12,5000,-0.1(-1.96 %),177500,903770000,0,0,5000,5100,5000
2014-07-01,3.25,5200,0.2(4.00 %),120350,615963000,0,0,5100,5200,5000
2014-07-02,3.25,5200,0(0.00 %),80480,414244000,0,0,5100,5200,5100
2014-07-03,3.37,5400,0.2(3.85 %),472880,2517834000,0,0,5200,5400,5200
2014-07-04,3.44,5500,0.1(1.85 %),150130,811660000,0,0,5500,5500,5400
2014-07-07,3.44,5500,0(0.00 %),80980,438459000,0,0,5400,5500,5300
2014-07-08,3.37,5400,-0.1(-1.82 %),63610,341495000,0,0,5400,5500,5300
2014-07-09,3.44,5500,0.1(1.85 %),348330,1897635000,0,0,5400,5600,5400
2014-07-10,3.5,5600,0.1(1.82 %),529460,2934063000,0,0,5500,5700,5400
2014-07-11,3.62,5800,0.2(3.57 %),732250,4254951000,0,0,5600,5900,5600
2014-07-14,3.62,5800,0(0.00 %),137140,795413000,0,0,5800,5900,5800
2014-07-15,3.56,5700,-0.1(-1.72 %),166910,949297000,0,0,5900,5900,5600
2014-07-16,3.44,5500,-0.2(-3.51 %),339570,1884537000,0,0,5700,5900,5400
2014-07-17,3.44,5500,0(0.00 %),113660,617949000,0,0,5400,5500,5400
2014-07-18,3.56,5700,0.2(3.64 %),125230,687000000,0,0,5400,5700,5400
2014-07-21,3.37,5400,-0.3(-5.26 %),344960,1867000000,0,0,5500,5600,5400
2014-07-22,3.37,5400,0(0.00 %),75560,403000000,0,0,5400,5500,5300
2014-07-23,3.37,5400,0(0.00 %),203900,1081000000,0,0,5300,5400,5200
2014-07-24,3.37,5400,0(0.00 %),133480,703201000,0,0,5300,5400,5200
2014-07-25,3.19,5100,-0.3(-5.56 %),327810,1701000000,0,0,5300,5400,5100
2014-07-28,3.06,4900,-0.2(-3.92 %),137570,686000000,23000,124200000,5100,5100,4900
2014-07-29,3.19,5100,0.2(4.08 %),82280,411000000,0,0,4900,5100,4900
2014-07-30,3.19,5100,0(0.00 %),72100,368000000,0,0,5200,5200,5000
2014-07-31,3.25,5200,0.1(1.96 %),12150,62000000,0,0,5000,5200,5000
2014-08-01,3.19,5100,-0.1(-1.92 %),195730,985000000,0,0,5100,5100,5000
2014-08-04,3.19,5100,0(0.00 %),87130,444000000,0,0,5100,5200,5100
2014-08-05,3.31,5300,0.2(3.92 %),116040,601000000,0,0,5200,5300,5100
2014-08-06,3.25,5200,-0.1(-1.89 %),158840,826000000,0,0,5200,5300,5200
2014-08-07,3.31,5300,0.1(1.92 %),52920,278000000,0,0,5200,5300,5200
2014-08-08,3.31,5300,0(0.00 %),94370,488000000,0,0,5200,5300,5100
2014-08-11,3.31,5300,0(0.00 %),99240,525000000,0,0,5300,5300,5200
2014-08-12,3.31,5300,0(0.00 %),57460,302000000,0,0,5200,5300,5200
2014-08-13,3.37,5400,0.1(1.89 %),62210,328000000,0,0,5200,5400,5200
2014-08-14,3.31,5300,-0.1(-1.85 %),42150,223400000,0,0,5300,5400,5200
2014-08-15,3.19,5100,-0.2(-3.77 %),63300,326000000,0,0,5200,5300,5100
2014-08-18,3.19,5100,0(0.00 %),70060,361000000,0,0,5100,5300,5100
2014-08-19,3.25,5200,0.1(1.96 %),80600,419000000,0,0,5200,5300,5200
2014-08-20,3.31,5300,0.1(1.92 %),18360,95000000,0,0,5200,5300,5100
2014-08-21,3.25,5200,-0.1(-1.89 %),62420,325000000,0,0,5200,5300,5200
2014-08-22,3.31,5300,0.1(1.92 %),117750,619680000,0,0,5200,5400,5200
2014-08-25,3.37,5400,0.1(1.89 %),118640,630000000,0,0,5400,5400,5300
2014-08-26,3.31,5300,-0.1(-1.85 %),72730,385000000,0,0,5400,5400,5200
2014-08-27,3.25,5200,-0.1(-1.89 %),113810,600150000,0,0,5300,5400,5200
2014-08-28,3.31,5300,0.1(1.92 %),80940,428980000,0,0,5200,5300,5200
2014-08-29,3.31,5300,0(0.00 %),143130,753000000,0,0,5300,5400,5200
2014-09-03,3.44,5500,0.2(3.77 %),137120,741000000,0,0,5400,5500,5400
2014-09-04,3.37,5400,-0.1(-1.82 %),132150,714000000,0,0,5400,5500,5400
2014-09-05,3.5,5600,0.2(3.70 %),214580,1175000000,0,0,5400,5600,5400
2014-09-08,3.5,5600,0(0.00 %),240470,1346520000,0,0,5600,5700,5500
2014-09-09,3.37,5400,-0.2(-3.57 %),340350,1816580000,0,0,5700,5700,5300
2014-09-10,3.44,5500,0.1(1.85 %),59260,316773000,0,0,5300,5500,5200
2014-09-11,3.44,5500,0(0.00 %),95580,512943000,0,0,5300,5500,5300
2014-09-12,3.5,5600,0.1(1.82 %),290360,1594490000,0,0,5300,5600,5300
2014-09-15,3.62,5800,0.2(3.57 %),723590,4235296000,0,0,5600,5900,5600
2014-09-16,3.69,5900,0.1(1.72 %),172830,996603000,0,0,5800,5900,5700
2014-09-17,3.62,5800,-0.1(-1.69 %),104680,601701000,0,0,5900,6000,5600
2014-09-18,3.5,5600,-0.2(-3.45 %),173020,964266000,0,0,5700,5800,5500
2014-09-19,3.44,5500,-0.1(-1.79 %),56330,314746000,0,0,5600,5700,5500
2014-09-22,3.44,5500,0(0.00 %),131300,729762000,0,0,5600,5800,5500
2014-09-23,3.44,5500,0(0.00 %),47980,263662000,0,0,5400,5600,5400
2014-09-24,3.5,5600,0.1(1.82 %),91430,504027000,0,0,5600,5600,5500
2014-09-25,3.56,5700,0.1(1.79 %),90530,503405000,0,0,5500,5700,5500
2014-09-26,3.44,5500,-0.2(-3.51 %),91450,510921000,0,0,5700,5700,5500
2014-09-29,3.37,5400,-0.1(-1.82 %),55620,305110000,0,0,5500,5600,5400
2014-09-30,3.5,5600,0.2(3.70 %),33560,185090000,0,0,5500,5600,5400
2014-10-01,3.5,5600,0(0.00 %),95060,531370000,0,0,5600,5700,5500
2014-10-02,3.5,5600,0(0.00 %),251270,1397610000,0,0,5600,5600,5500
2014-10-03,3.69,5900,0.3(5.36 %),369770,2174880000,0,0,5700,5900,5700
2014-10-06,3.94,6300,0.4(6.78 %),616890,3879460000,0,0,6200,6300,6200
2014-10-07,3.94,6300,0(0.00 %),155120,968030000,0,0,6400,6400,6100
2014-10-08,3.81,6100,-0.2(-3.17 %),256820,1557200000,0,0,6200,6200,6000
2014-10-09,3.69,5900,-0.2(-3.28 %),219510,1303900000,0,0,6000,6100,5900
2014-10-10,3.62,5800,-0.1(-1.69 %),129640,754570000,0,0,5900,6000,5800
2014-10-13,3.81,6100,0.3(5.17 %),99040,589746000,0,0,5900,6100,5800
2014-10-14,3.69,5900,-0.2(-3.28 %),297070,1765598000,0,0,6000,6100,5900
2014-10-15,3.56,5700,-0.2(-3.39 %),390720,2236771000,0,0,6000,6000,5700
2014-10-16,3.5,5600,-0.1(-1.75 %),199400,1138608000,0,0,5800,5900,5600
2014-10-17,3.69,5900,0.3(5.36 %),139680,790585000,0,0,5500,5900,5500
2014-10-20,3.44,5500,-0.4(-6.78 %),121040,685178000,0,0,5800,5800,5500
2014-10-21,3.5,5600,0.1(1.82 %),267590,1490704000,0,0,5500,5600,5500
2014-10-22,3.62,5800,0.2(3.57 %),446380,2530382000,0,0,5600,5800,5600
2014-10-23,3.5,5600,-0.2(-3.45 %),256740,1450666000,0,0,5700,5800,5600
2014-10-24,3.5,5600,0(0.00 %),126000,695441000,0,0,5500,5600,5500
2014-10-27,3.5,5600,0(0.00 %),308540,1716380000,0,0,5600,5600,5400
2014-10-28,3.5,5600,0(0.00 %),237320,1307492000,0,0,5500,5600,5500
2014-10-29,3.56,5700,0.1(1.79 %),308610,1732617000,0,0,5600,5700,5500
2014-10-30,3.56,5700,0(0.00 %),32010,179356000,0,0,5600,5700,5600
2014-10-31,3.56,5700,0(0.00 %),385570,2159443000,0,0,5700,5700,5500
2014-11-03,3.62,5800,0.1(1.75 %),258140,1496405000,0,0,5700,5900,5700
2014-11-04,3.62,5800,0(0.00 %),76460,441443000,0,0,5800,5800,5700
2014-11-05,3.56,5700,-0.1(-1.72 %),57240,325768000,0,0,5700,5700,5600
2014-11-06,3.62,5800,0.1(1.75 %),45330,257693000,0,0,5800,5800,5600
2014-11-07,3.56,5700,-0.1(-1.72 %),101100,573400000,0,0,5700,5800,5600
2014-11-10,3.62,5800,0.1(1.75 %),22470,128083000,0,0,5700,5800,5700
2014-11-11,3.56,5700,-0.1(-1.72 %),197250,1109935000,0,0,5800,5800,5600
2014-11-12,3.62,5800,0.1(1.75 %),121470,689101000,0,0,5600,5800,5600
2014-11-13,3.62,5800,0(0.00 %),71340,407339000,0,0,5700,5800,5700
2014-11-14,3.62,5800,0(0.00 %),371790,2100964000,0,0,5600,5800,5600
2014-11-17,3.62,5800,0(0.00 %),256710,1503750000,0,0,5800,6000,5700
2014-11-18,3.62,5800,0(0.00 %),309860,1804193000,0,0,5800,5900,5800
2014-11-19,3.62,5800,0(0.00 %),34960,201655000,0,0,5800,5800,5700
2014-11-20,3.62,5800,0(0.00 %),106090,610100000,0,0,5700,5800,5600
2014-11-21,3.5,5600,-0.2(-3.45 %),125790,715260000,0,0,5800,5800,5600
2014-11-24,3.44,5500,-0.1(-1.79 %),135240,749190000,0,0,5500,5600,5500
2014-11-25,3.44,5500,0(0.00 %),71830,395070000,0,0,5500,5600,5500
2014-11-26,3.44,5500,0(0.00 %),150040,823730000,0,0,5500,5500,5400
2014-11-27,3.5,5600,0.1(1.82 %),74630,410560000,0,0,5500,5600,5500
2014-11-28,3.56,5700,0.1(1.79 %),45420,253360000,0,0,5600,5700,5500
2014-12-01,3.56,5700,0(0.00 %),85530,483520000,0,0,5700,5700,5600
2014-12-02,3.62,5800,0.1(1.75 %),98210,559800000,0,0,5700,5800,5700
2014-12-03,3.62,5800,0(0.00 %),52950,302020000,0,0,5700,5800,5700
2014-12-04,3.5,5600,-0.2(-3.45 %),33800,190610000,0,0,5700,5700,5600
2014-12-05,3.56,5700,0.1(1.79 %),32210,180440000,0,0,5600,5700,5600
2014-12-08,3.56,5700,0(0.00 %),10900,61290000,0,0,5700,5700,5600
2014-12-09,3.37,5400,-0.3(-5.26 %),274420,1496080000,0,0,5600,5600,5400
2014-12-10,3.37,5400,0(0.00 %),92520,497610000,0,0,5400,5600,5300
2014-12-11,3.37,5400,0(0.00 %),62130,329450000,0,0,5400,5400,5300
2014-12-12,3.37,5400,0(0.00 %),41390,225422000,0,0,5400,5600,5400
2014-12-15,3.44,5500,0.1(1.85 %),43830,241670000,0,0,5600,5600,5500
2014-12-16,3.31,5300,-0.2(-3.64 %),23450,125920000,0,0,5600,5600,5300
2014-12-17,3.25,5200,-0.1(-1.89 %),30350,157670000,0,0,5300,5600,5100
2014-12-18,3.44,5500,0.3(5.77 %),10270,56420000,0,0,5200,5500,5200
2014-12-19,3.31,5300,-0.2(-3.64 %),13700,73360000,0,0,5500,5600,5300
2014-12-22,3.31,5300,0(0.00 %),20680,109100000,0,0,5200,5300,5200
2014-12-23,3.31,5300,0(0.00 %),5000,26500000,0,0,5300,5300,5300
2014-12-24,3.31,5300,0(0.00 %),59620,316990000,0,0,5400,5400,5300
2014-12-25,3.31,5300,0(0.00 %),6350,33090000,0,0,5300,5300,5200
2014-12-26,3.37,5400,0.1(1.89 %),24850,131931000,0,0,5300,5400,5200
2014-12-29,3.25,5200,-0.2(-3.70 %),10730,55947000,0,0,5100,5400,5100
2014-12-30,3.19,5100,-0.1(-1.92 %),34030,171882000,0,0,5200,5200,5000
2014-12-31,3.12,5000,-0.1(-1.96 %),49160,251531000,0,0,5100,5200,5000
2015-01-05,3.31,5300,0.3(6.00 %),51190,271060000,0,0,5200,5300,5200
2015-01-06,3.31,5300,0(0.00 %),5910,30469000,0,0,5200,5300,5100
2015-01-07,3.37,5400,0.1(1.89 %),7720,39928000,0,0,5200,5400,5000
2015-01-08,3.37,5400,0(0.00 %),1000,5400000,0,0,5400,5400,5400
2015-01-09,3.37,5400,0(0.00 %),5160,27343000,0,0,5200,5400,5200
2015-01-12,3.25,5200,-0.2(-3.70 %),34380,178499000,0,0,5200,5400,5100
2015-01-13,3.12,5000,-0.2(-3.85 %),21010,105670000,0,0,5000,5200,5000
2015-01-14,3.12,5000,0(0.00 %),8870,44387000,0,0,5100,5200,4900
2015-01-15,3.31,5300,0.3(6.00 %),58250,307002000,0,0,5100,5300,5100
2015-01-16,3.25,5200,-0.1(-1.89 %),2500,12850000,0,0,5100,5200,5100
2015-01-19,3.19,5100,-0.1(-1.92 %),18020,91403000,0,0,5000,5200,5000
2015-01-20,3.25,5200,0.1(1.96 %),18250,91450000,30000,144000000,5200,5200,5000
2015-01-21,3.25,5200,0(0.00 %),2020,10304000,0,0,5200,5200,5100
2015-01-22,3.19,5100,-0.1(-1.92 %),19820,100201000,0,0,5000,5100,5000
2015-01-23,3.19,5100,0(0.00 %),40350,205885000,0,0,5100,5200,5100
2015-01-26,3.37,5400,0.3(5.88 %),115900,624514000,0,0,5200,5400,5200
2015-01-27,3.44,5500,0.1(1.85 %),86680,472992000,0,0,5500,5600,5300
2015-01-28,3.31,5300,-0.2(-3.64 %),12500,66350000,0,0,5300,5400,5300
2015-01-29,3.25,5200,-0.1(-1.89 %),100030,532659000,0,0,5300,5400,5200
2015-01-30,3.25,5200,0(0.00 %),91460,481312000,0,0,5400,5400,5200
2015-02-02,3.25,5200,0(0.00 %),41530,214000000,0,0,5300,5300,5100
2015-02-03,3.12,5000,-0.2(-3.85 %),29460,150000000,0,0,5200,5200,5000
2015-02-04,3.06,4900,-0.1(-2.00 %),48460,241000000,0,0,5000,5000,4900
2015-02-05,3.12,5000,0.1(2.04 %),20,0,0,0,5000,5000,5000
2015-02-06,3.19,5100,0.1(2.00 %),3530,18000000,0,0,5100,5100,4900
2015-02-09,3.19,5100,0(0.00 %),4770,24000000,0,0,5200,5200,5000
2015-02-10,3.06,4900,-0.2(-3.92 %),2000,10000000,0,0,5000,5000,4900
2015-02-11,3.19,5100,0.2(4.08 %),99330,501000000,0,0,5000,5100,5000
2015-02-12,3.25,5200,0.1(1.96 %),12000,62000000,0,0,5100,5200,5100
2015-02-13,3.19,5100,-0.1(-1.92 %),200,1000000,0,0,5100,5100,5100
2015-02-24,3.25,5200,0.1(1.96 %),16330,83000000,0,0,5300,5300,5100
2015-02-25,3.25,5200,0(0.00 %),112940,579000000,0,0,5200,5200,5100
2015-02-26,3.31,5300,0.1(1.92 %),84180,438000000,0,0,5200,5300,5200
2015-02-27,3.31,5300,0(0.00 %),28510,148000000,0,0,5200,5300,5200
2015-03-02,3.25,5200,-0.1(-1.89 %),5000,26000000,0,0,5200,5200,5200
2015-03-03,3.19,5100,-0.1(-1.92 %),31620,165000000,0,0,5200,5300,5100
2015-03-04,3.25,5200,0.1(1.96 %),40370,212000000,0,0,5300,5400,5200
2015-03-05,3.25,5200,0(0.00 %),65020,338000000,0,0,5300,5300,5200
2015-03-06,3.31,5300,0.1(1.92 %),19230,101000000,0,0,5200,5300,5200
2015-03-09,3.31,5300,0(0.00 %),26960,141000000,0,0,5300,5300,5200
2015-03-10,3.25,5200,-0.1(-1.89 %),20590,107000000,0,0,5200,5300,5200
2015-03-11,3.25,5200,0(0.00 %),21440,111000000,0,0,5200,5200,5200
2015-03-12,3.31,5300,0.1(1.92 %),5010,26000000,0,0,5200,5300,5200
2015-03-13,3.31,5300,0(0.00 %),5550,29000000,0,0,5200,5300,5200
2015-03-16,3.19,5100,-0.2(-3.77 %),2500,13000000,0,0,5100,5100,5100
2015-03-17,3.31,5300,0.2(3.92 %),180,1000000,0,0,5300,5300,5300
2015-03-18,3.31,5300,0(0.00 %),260,1000000,0,0,5300,5300,5100
2015-03-19,3.19,5100,-0.2(-3.77 %),2810,14000000,0,0,5300,5300,5100
2015-03-20,3.19,5100,0(0.00 %),9010,46000000,0,0,5100,5200,5100
2015-03-23,3.06,4900,-0.2(-3.92 %),21300,108000000,0,0,5100,5100,4900
2015-03-24,3.12,5000,0.1(2.04 %),90720,452000000,0,0,5200,5200,4900
2015-03-25,3.12,5000,0(0.00 %),9450,47000000,0,0,4900,5100,4900
2015-03-26,3.12,5000,0(0.00 %),4390,22000000,0,0,5000,5000,4900
2015-03-27,3.12,5000,0(0.00 %),1100,6000000,0,0,5100,5100,5000
2015-03-30,3.12,5000,0(0.00 %),15420,76000000,0,0,5000,5000,4800
2015-03-31,2.94,4700,-0.3(-6.00 %),73180,352000000,0,0,5000,5000,4700
2015-04-01,2.87,4600,-0.1(-2.13 %),7720,36000000,0,0,4900,4900,4600
2015-04-02,3.0,4800,0.2(4.35 %),42580,200000000,0,0,4600,4800,4600
2015-04-03,3.06,4900,0.1(2.08 %),10040,47000000,0,0,4900,4900,4700
2015-04-06,3.12,5000,0.1(2.04 %),640,3000000,0,0,4900,5000,4600
2015-04-07,3.12,5000,0(0.00 %),68680,331000000,0,0,4800,5000,4700
2015-04-08,3.12,5000,0(0.00 %),60170,291000000,0,0,4800,5000,4700
2015-04-09,3.12,5000,0(0.00 %),6140,30000000,0,0,4800,5000,4800
2015-04-10,3.12,5000,0(0.00 %),29430,144000000,0,0,4900,5000,4800
2015-04-13,3.06,4900,-0.1(-2.00 %),6750,33000000,0,0,4900,4900,4900
2015-04-14,3.0,4800,-0.1(-2.04 %),2930,14000000,0,0,4800,4800,4800
2015-04-15,3.06,4900,0.1(2.08 %),49760,239000000,0,0,4800,4900,4700
2015-04-16,3.06,4900,0(0.00 %),4240,21000000,0,0,4900,4900,4900
2015-04-17,2.94,4700,-0.2(-4.08 %),20520,97000000,0,0,4800,4800,4700
2015-04-20,2.94,4700,0(0.00 %),5850,27000000,0,0,4700,4800,4700
2015-04-21,3.06,4900,0.2(4.26 %),21100,99000000,0,0,4700,4900,4700
2015-04-22,3.12,5000,0.1(2.04 %),27010,131000000,0,0,4700,5000,4700
2015-04-23,3.0,4800,-0.2(-4.00 %),30070,144000000,0,0,4800,4800,4800
2015-04-24,2.94,4700,-0.1(-2.08 %),1500,7000000,0,0,4700,4700,4700
2015-04-27,2.94,4700,0(0.00 %),2210,10000000,0,0,4700,4700,4600
2015-05-04,2.81,4500,-0.2(-4.26 %),16500,78000000,0,0,4700,4800,4400
2015-05-05,2.75,4400,-0.1(-2.22 %),6580,29000000,0,0,4300,4700,4300
2015-05-06,2.81,4500,0.1(2.27 %),99190,438000000,0,0,4400,4500,4300
2015-05-07,2.87,4600,0.1(2.22 %),18550,83000000,0,0,4400,4600,4400
2015-05-08,2.75,4400,-0.2(-4.35 %),96600,429000000,0,0,4600,4600,4400
2015-05-11,2.75,4400,0(0.00 %),186120,822000000,0,0,4500,4500,4400
2015-05-12,2.81,4500,0.1(2.27 %),127040,561000000,0,0,4400,4500,4400
2015-05-13,2.81,4500,0(0.00 %),74130,334000000,0,0,4500,4500,4500
2015-05-14,2.87,4600,0.1(2.22 %),119590,545000000,0,0,4500,4700,4500
2015-05-15,2.87,4600,0(0.00 %),54970,254000000,0,0,4700,4700,4600
2015-05-18,2.94,4700,0.1(2.17 %),116540,551000000,0,0,4600,4800,4600
2015-05-19,3.12,5000,0.3(6.38 %),161310,790000000,0,0,4800,5000,4800
2015-05-20,3.25,5200,0.2(4.00 %),107030,532000000,0,0,5000,5200,4900
2015-05-21,3.25,5200,0(0.00 %),217840,1104000000,0,0,5200,5300,4900
2015-05-22,3.25,5200,0(0.00 %),43120,223000000,0,0,5000,5200,5000
2015-05-25,3.19,5100,-0.1(-1.92 %),85380,428000000,63990,351945000,5000,5100,5000
2015-05-26,3.12,5000,-0.1(-1.96 %),192510,958000000,0,0,5000,5100,4900
2015-05-27,3.0,4800,-0.2(-4.00 %),61640,302000000,0,0,4900,5000,4800
2015-05-28,3.12,5000,0.2(4.17 %),47580,237000000,0,0,4900,5000,4800
2015-05-29,3.06,4900,-0.1(-2.00 %),10110,51000000,0,0,5100,5100,4900
2015-06-01,3.06,4900,0(0.00 %),28230,140000000,0,0,4800,5100,4700
2015-06-02,3.06,4900,0(0.00 %),33680,165000000,0,0,4900,4900,4900
2015-06-03,3.19,5100,0.2(4.08 %),175290,906000000,0,0,4900,5200,4900
2015-06-04,3.31,5300,0.2(3.92 %),54610,282000000,0,0,5200,5300,5000
2015-06-05,3.31,5300,0(0.00 %),49500,257000000,0,0,5200,5300,5200
2015-06-08,3.25,5200,-0.1(-1.89 %),59130,307000000,0,0,5300,5300,5100
2015-06-09,3.25,5200,0(0.00 %),120,1000000,0,0,5200,5200,5000
2015-06-10,3.19,5100,-0.1(-1.92 %),53760,274000000,0,0,5100,5100,5100
2015-06-11,3.25,5200,0.1(1.96 %),28750,148000000,0,0,5100,5200,5100
2015-06-12,3.19,5100,-0.1(-1.92 %),16000,82000000,0,0,5000,5200,5000
2015-06-15,3.19,5100,0(0.00 %),10690,55000000,0,0,5100,5100,5100
2015-06-16,3.19,5100,0(0.00 %),30920,157000000,0,0,5000,5100,5000
2015-06-17,3.25,5200,0.1(1.96 %),62700,320000000,0,0,5100,5200,5100
2015-06-18,3.19,5100,-0.1(-1.92 %),19770,101000000,0,0,5100,5100,5100
2015-06-19,3.12,5000,-0.1(-1.96 %),10000,51000000,0,0,5100,5200,5000
2015-06-22,3.19,5100,0.1(2.00 %),28630,146000000,0,0,5300,5300,5100
2015-06-23,3.25,5200,0.1(1.96 %),14140,72000000,0,0,5100,5200,5000
2015-06-24,3.12,5000,-0.2(-3.85 %),33400,168000000,0,0,5100,5100,5000
2015-06-25,3.19,5100,0.1(2.00 %),28380,142000000,0,0,5100,5100,5000
2015-06-26,3.19,5100,0(0.00 %),31010,158000000,0,0,5000,5200,5000
2015-06-29,3.19,5100,0(0.00 %),25270,124000000,0,0,5200,5200,4900
2015-06-30,3.06,4900,-0.2(-3.92 %),24560,123000000,0,0,4900,5100,4900
2015-07-01,3.12,5000,0.1(2.04 %),20520,101000000,0,0,4900,5000,4900
2015-07-02,3.06,4900,-0.1(-2.00 %),33590,165000000,0,0,4900,4900,4900
2015-07-03,3.12,5000,0.1(2.04 %),39010,194000000,0,0,4900,5100,4900
2015-07-06,3.19,5100,0.1(2.00 %),43530,218000000,0,0,5000,5100,5000
2015-07-07,3.12,5000,-0.1(-1.96 %),39950,200000000,0,0,5000,5100,5000
2015-07-08,3.12,5000,0(0.00 %),67020,334000000,0,0,4900,5000,4900
2015-07-09,3.12,5000,0(0.00 %),156630,781000000,0,0,5000,5000,4900
2015-07-10,3.12,5000,0(0.00 %),67310,337000000,0,0,5200,5200,5000
2015-07-13,3.06,4900,-0.1(-2.00 %),3180,16000000,0,0,4900,4900,4900
2015-07-14,2.87,4600,-0.3(-6.12 %),42050,202000000,0,0,4900,4900,4600
2015-07-15,3.06,4900,0.3(6.52 %),117930,577000000,0,0,4900,4900,4800
2015-07-16,3.19,5100,0.2(4.08 %),69010,344000000,0,0,4900,5100,4900
2015-07-17,3.12,5000,-0.1(-1.96 %),62520,312000000,0,0,5000,5000,4900
2015-07-20,3.0,4800,-0.2(-4.00 %),116780,578000000,0,0,5000,5000,4800
2015-07-21,3.06,4900,0.1(2.08 %),51670,253000000,0,0,4900,4900,4800
2015-07-22,3.06,4900,0(0.00 %),0,0,0,0,4900,4900,4900
2015-07-23,3.0,4800,-0.1(-2.04 %),27900,137000000,0,0,4900,4900,4800
2015-07-24,3.12,5000,0.2(4.17 %),32030,157000000,0,0,4900,5000,4800
2015-07-27,3.12,5000,0(0.00 %),29600,146000000,0,0,5000,5000,4900
2015-07-28,3.06,4900,-0.1(-2.00 %),57100,280000000,0,0,4900,4900,4900
2015-07-29,3.12,5000,0.1(2.04 %),19510,96000000,0,0,4900,5000,4900
2015-07-30,3.12,5000,0(0.00 %),30750,151000000,0,0,4900,5000,4900
2015-07-31,3.19,5100,0.1(2.00 %),38000,190000000,0,0,5000,5100,5000
2015-08-03,3.12,5000,-0.1(-1.96 %),31010,153000000,0,0,5000,5000,4900
2015-08-04,3.12,5000,0(0.00 %),26610,130000000,0,0,4900,5000,4800
2015-08-05,3.12,5000,0(0.00 %),46600,233000000,0,0,5000,5000,5000
2015-08-06,3.19,5100,0.1(2.00 %),376440,1882000000,0,0,5000,5100,4900
2015-08-07,3.31,5300,0.2(3.92 %),293880,1539000000,0,0,5100,5400,4800
2015-08-10,3.31,5300,0(0.00 %),24430,130000000,0,0,5300,5400,5300
2015-08-11,3.31,5300,0(0.00 %),90550,467000000,0,0,5200,5300,5100
2015-08-12,3.25,5200,-0.1(-1.89 %),33090,169000000,0,0,5100,5200,5100
2015-08-13,3.12,5000,-0.2(-3.85 %),60690,313000000,0,0,5000,5300,5000
2015-08-14,3.19,5100,0.1(2.00 %),80870,413000000,0,0,5000,5300,5000
2015-08-17,3.25,5200,0.1(1.96 %),98600,513000000,0,0,5200,5200,5100
2015-08-18,3.31,5300,0.1(1.92 %),5910,31000000,0,0,5200,5300,5200
2015-08-19,3.25,5200,-0.1(-1.89 %),53960,278000000,0,0,5200,5200,5100
2015-08-20,3.31,5300,0.1(1.92 %),62760,327000000,0,0,5300,5300,5200
2015-08-21,3.19,5100,-0.2(-3.77 %),21100,108000000,0,0,5200,5200,5000
2015-08-24,3.0,4800,-0.3(-5.88 %),36910,178000000,0,0,5000,5000,4800
2015-08-25,3.0,4800,0(0.00 %),6480,31000000,167550,837750000,4900,5000,4700
2015-08-26,3.12,5000,0.2(4.17 %),4730,23000000,0,0,5100,5100,4900
2015-08-27,3.25,5200,0.2(4.00 %),120,1000000,0,0,5100,5200,5100
2015-08-28,3.19,5100,-0.1(-1.92 %),1760,9000000,0,0,4900,5100,4900
2015-08-31,3.12,5000,-0.1(-1.96 %),40010,200000000,0,0,5000,5000,5000
2015-09-01,3.12,5000,0(0.00 %),1340,7000000,0,0,5000,5000,5000
2015-09-03,3.19,5100,0.1(2.00 %),3010,15000000,0,0,5000,5100,4900
2015-09-04,3.19,5100,0(0.00 %),6010,30000000,0,0,5000,5100,5000
2015-09-07,3.12,5000,-0.1(-1.96 %),6040,30000000,0,0,5000,5000,5000
2015-09-08,3.19,5100,0.1(2.00 %),123740,637000000,0,0,5000,5300,5000
2015-09-09,3.25,5200,0.1(1.96 %),34010,173000000,0,0,5100,5200,5100
2015-09-10,3.12,5000,-0.2(-3.85 %),2300,12000000,0,0,5000,5000,5000
2015-09-11,3.19,5100,0.1(2.00 %),2010,10000000,0,0,5000,5100,5000
2015-09-14,3.19,5100,0(0.00 %),85200,435000000,0,0,5100,5100,5100
2015-09-15,3.25,5200,0.1(1.96 %),810,4000000,0,0,5200,5200,5100
2015-09-16,3.19,5100,-0.1(-1.92 %),9210,46000000,0,0,5000,5100,5000
2015-09-17,3.25,5200,0.1(1.96 %),191340,970000000,0,0,5000,5200,5000
2015-09-18,3.25,5200,0(0.00 %),13110,68000000,0,0,5200,5200,5100
2015-09-21,3.25,5200,0(0.00 %),12010,62000000,0,0,5200,5200,5200
2015-09-22,3.25,5200,0(0.00 %),9740,50000000,0,0,5100,5200,5100
2015-09-23,3.19,5100,-0.1(-1.92 %),17520,90000000,0,0,5200,5200,5100
2015-09-24,3.25,5200,0.1(1.96 %),88110,458000000,0,0,5100,5200,5100
2015-09-25,3.25,5200,0(0.00 %),102230,532000000,0,0,5200,5200,5100
2015-09-28,3.25,5200,0(0.00 %),10510,54000000,0,0,5200,5200,5100
2015-09-29,3.25,5200,0(0.00 %),19750,102000000,0,0,5200,5200,5100
2015-09-30,3.25,5200,0(0.00 %),31570,164000000,0,0,5100,5200,5100
2015-10-01,3.25,5200,0(0.00 %),107050,557000000,0,0,5200,5200,5200
2015-10-02,3.25,5200,0(0.00 %),2050,11000000,0,0,5200,5200,5100
2015-10-05,3.25,5200,0(0.00 %),11380,59000000,0,0,5200,5200,5200
2015-10-06,3.31,5300,0.1(1.92 %),22520,117000000,0,0,5200,5300,5200
2015-10-07,3.25,5200,-0.1(-1.89 %),1000,5000000,0,0,5200,5200,5200
2015-10-08,3.19,5100,-0.1(-1.92 %),5010,26000000,0,0,5200,5200,5100
2015-10-09,3.25,5200,0.1(1.96 %),109550,579000000,0,0,5100,5300,5100
2015-10-12,3.37,5400,0.2(3.85 %),48870,261000000,0,0,5200,5500,5200
2015-10-13,3.37,5400,0(0.00 %),2420,13000000,0,0,5300,5400,5300
2015-10-14,3.31,5300,-0.1(-1.85 %),25100,134000000,466500,2565750000,5300,5400,5300
2015-10-15,3.31,5300,0(0.00 %),34040,182000000,0,0,5300,5400,5300
2015-10-16,3.31,5300,0(0.00 %),19220,101000000,0,0,5300,5300,5200
2015-10-19,3.31,5300,0(0.00 %),3990,21000000,0,0,5300,5300,5300
2015-10-20,3.31,5300,0(0.00 %),154320,842000000,0,0,5300,5500,5300
2015-10-21,3.5,5600,0.3(5.66 %),211420,1182000000,0,0,5400,5600,5300
2015-10-22,3.62,5800,0.2(3.57 %),232580,1335000000,0,0,5500,5900,5500
2015-10-23,3.5,5600,-0.2(-3.45 %),6360,36000000,0,0,5600,5800,5600
2015-10-26,3.5,5600,0(0.00 %),8540,48000000,482340,2652870000,5600,5600,5500
2015-10-27,3.56,5700,0.1(1.79 %),11350,65000000,0,0,5600,5700,5600
2015-10-28,3.5,5600,-0.1(-1.75 %),14500,82000000,0,0,5800,5800,5600
2015-10-29,3.5,5600,0(0.00 %),26000,146000000,0,0,5600,5600,5600
2015-10-30,3.56,5700,0.1(1.79 %),83580,469000000,0,0,5600,5700,5600
2015-11-02,3.5,5600,-0.1(-1.75 %),36610,207000000,0,0,5700,5700,5600
2015-11-03,3.5,5600,0(0.00 %),17180,96000000,0,0,5800,5800,5600
2015-11-04,3.5,5600,0(0.00 %),20500,115000000,0,0,5600,5600,5600
2015-11-05,3.56,5700,0.1(1.79 %),119100,678000000,0,0,5600,5700,5600
2015-11-06,3.56,5700,0(0.00 %),30220,172000000,0,0,5700,5700,5600
2015-11-09,3.5,5600,-0.1(-1.75 %),35950,202000000,0,0,5700,5700,5600
2015-11-10,3.37,5400,-0.2(-3.57 %),38700,217000000,0,0,5700,5700,5400
2015-11-11,3.5,5600,0.2(3.70 %),30990,174000000,0,0,5600,5600,5600
2015-11-12,3.44,5500,-0.1(-1.79 %),3070,17000000,0,0,5500,5500,5500
2015-11-13,3.37,5400,-0.1(-1.82 %),20220,110000000,0,0,5400,5600,5400
2015-11-16,3.56,5700,0.3(5.56 %),12160,68000000,0,0,5500,5700,5500
2015-11-17,3.5,5600,-0.1(-1.75 %),47530,269000000,0,0,5700,5800,5600
2015-11-18,3.5,5600,0(0.00 %),34400,193000000,0,0,5600,5700,5600
2015-11-19,3.5,5600,0(0.00 %),12600,71000000,0,0,5600,5600,5600
2015-11-20,3.56,5700,0.1(1.79 %),12810,73000000,0,0,5600,5700,5500
2015-11-23,3.56,5700,0(0.00 %),3130,18000000,0,0,5700,5700,5700
2015-11-24,3.56,5700,0(0.00 %),121560,700000000,0,0,5600,5800,5600
2015-11-25,3.62,5800,0.1(1.75 %),64080,368000000,0,0,5700,5800,5600
2015-11-26,3.56,5700,-0.1(-1.72 %),13880,79000000,0,0,5700,5800,5400
2015-11-27,3.56,5700,0(0.00 %),32600,186000000,0,0,5700,5700,5700
2015-11-30,3.56,5700,0(0.00 %),46660,266000000,0,0,5500,5800,5500
2015-12-01,3.5,5600,-0.1(-1.75 %),31630,183000000,0,0,5700,5800,5600
2015-12-02,3.62,5800,0.2(3.57 %),24530,141000000,0,0,5800,5800,5700
2015-12-03,3.62,5800,0(0.00 %),0,0,0,0,5800,5800,5800
2015-12-04,3.56,5700,-0.1(-1.72 %),60710,346000000,0,0,5700,5700,5700
2015-12-07,3.5,5600,-0.1(-1.75 %),12550,71000000,0,0,5700,5700,5600
2015-12-08,3.56,5700,0.1(1.79 %),28000,160000000,0,0,5700,5800,5700
2015-12-09,3.5,5600,-0.1(-1.75 %),22100,125000000,0,0,5700,5700,5600
2015-12-10,3.56,5700,0.1(1.79 %),28200,161000000,0,0,5700,5700,5700
2015-12-11,3.56,5700,0(0.00 %),13400,76000000,0,0,5700,5700,5600
2015-12-14,3.56,5700,0(0.00 %),21600,121000000,0,0,5700,5700,5600
2015-12-15,3.5,5600,-0.1(-1.75 %),75040,424000000,0,0,5700,5800,5600
2015-12-16,3.5,5600,0(0.00 %),5000,28000000,0,0,5600,5600,5600
2015-12-17,3.56,5700,0.1(1.79 %),40860,233000000,0,0,5700,5700,5700
2015-12-18,3.5,5600,-0.1(-1.75 %),82720,470000000,0,0,5600,5800,5600
2015-12-21,3.5,5600,0(0.00 %),3560,20000000,0,0,5600,5600,5600
2015-12-22,3.69,5900,0.3(5.36 %),50,0,0,0,5800,5900,5800
2015-12-23,3.62,5800,-0.1(-1.69 %),12040,68000000,0,0,5800,5800,5600
2015-12-24,3.56,5700,-0.1(-1.72 %),1180,7000000,0,0,5700,5700,5700
2015-12-25,3.56,5700,0(0.00 %),20000,114000000,0,0,5700,5700,5700
2015-12-28,3.56,5700,0(0.00 %),44460,253000000,0,0,5700,5700,5700
2015-12-29,3.62,5800,0.1(1.75 %),40440,231000000,0,0,5700,5800,5700
2015-12-30,3.62,5800,0(0.00 %),1230,7000000,0,0,5800,6000,5700
2015-12-31,3.5,5600,-0.2(-3.45 %),23210,132000000,0,0,5600,5700,5600
2016-01-04,3.56,5700,0.1(1.79 %),34900,199000000,0,0,5600,5800,5600
2016-01-05,3.56,5700,0(0.00 %),0,0,0,0,5700,5700,5700
2016-01-06,3.62,5800,0.1(1.75 %),25070,143000000,0,0,5600,5800,5600
2016-01-07,3.56,5700,-0.1(-1.72 %),23910,134000000,0,0,5600,5700,5600
2016-01-08,3.44,5500,-0.2(-3.51 %),48910,270000000,0,0,5500,5700,5500
2016-01-11,3.5,5600,0.1(1.82 %),23740,133000000,0,0,5600,5600,5600
2016-01-12,3.5,5600,0(0.00 %),3940,22000000,0,0,5500,5600,5500
2016-01-13,3.5,5600,0(0.00 %),10310,59000000,0,0,5700,5700,5600
2016-01-14,3.5,5600,0(0.00 %),89700,502000000,0,0,5600,5600,5500
2016-01-15,3.44,5500,-0.1(-1.79 %),11900,66000000,0,0,5600,5600,5500
2016-01-18,3.5,5600,0.1(1.82 %),37020,200000000,43000,223600000,5500,5600,5300
2016-01-19,3.31,5300,-0.3(-5.36 %),14820,79000000,127450,675485000,5400,5400,5300
2016-01-20,3.5,5600,0.3(5.66 %),3150,17000000,0,0,5300,5600,5300
2016-01-21,3.31,5300,-0.3(-5.36 %),87080,465000000,199090,1055177000,5300,5600,5300
2016-01-22,3.25,5200,-0.1(-1.89 %),174350,888000000,0,0,5200,5200,5000
2016-01-25,3.44,5500,0.3(5.77 %),25630,135000000,0,0,5200,5500,5200
2016-01-26,3.44,5500,0(0.00 %),5020,26000000,177800,924560000,5300,5500,5200
2016-01-27,3.37,5400,-0.1(-1.82 %),5520,30000000,0,0,5200,5500,5200
2016-01-28,3.31,5300,-0.1(-1.85 %),1700,9000000,0,0,5400,5600,5300
2016-01-29,3.44,5500,0.2(3.77 %),10440,54000000,0,0,5200,5500,5000
2016-02-01,3.5,5600,0.1(1.82 %),15850,82000000,0,0,5200,5600,5200
2016-02-02,3.44,5500,-0.1(-1.79 %),9770,54000000,0,0,5300,5500,5300
2016-02-03,3.5,5600,0.1(1.82 %),10,0,0,0,5600,5600,5600
2016-02-04,3.56,5700,0.1(1.79 %),10,0,0,0,5700,5700,5700
2016-02-05,3.69,5900,0.2(3.51 %),20,0,0,0,5800,5900,5800
2016-02-15,3.69,5900,0(0.00 %),0,0,0,0,5900,5900,5900
2016-02-16,3.44,5500,-0.4(-6.78 %),1020,6000000,0,0,5500,5500,5500
2016-02-17,3.25,5200,-0.3(-5.45 %),4030,21000000,0,0,5400,5400,5200
2016-02-18,3.31,5300,0.1(1.92 %),5000,26000000,0,0,5200,5300,5200
2016-02-19,3.37,5400,0.1(1.89 %),22340,119000000,0,0,5100,5400,5100
2016-02-22,3.31,5300,-0.1(-1.85 %),14160,74000000,0,0,5500,5500,5200
2016-02-23,3.31,5300,0(0.00 %),18570,97000000,0,0,5200,5300,5200
2016-02-24,3.37,5400,0.1(1.89 %),60,0,0,0,5400,5400,5400
2016-02-25,3.25,5200,-0.2(-3.70 %),11020,57000000,0,0,5200,5200,5200
2016-02-26,3.25,5200,0(0.00 %),6040,31000000,0,0,5400,5400,5200
2016-02-29,3.25,5200,0(0.00 %),32000,165000000,0,0,5200,5200,5100
2016-03-01,3.25,5200,0(0.00 %),38700,198000000,0,0,5200,5200,5100
2016-03-02,3.25,5200,0(0.00 %),47670,243000000,0,0,5100,5200,5100
2016-03-03,3.25,5200,0(0.00 %),19410,98000000,0,0,5200,5200,5000
2016-03-04,3.25,5200,0(0.00 %),47870,240000000,0,0,5000,5200,5000
2016-03-07,3.25,5200,0(0.00 %),19130,98000000,0,0,5200,5200,5100
2016-03-08,3.25,5200,0(0.00 %),1620,8000000,0,0,5000,5200,5000
2016-03-09,3.25,5200,0(0.00 %),1000,5000000,0,0,5200,5200,5200
2016-03-10,3.25,5200,0(0.00 %),2940,15000000,0,0,5200,5200,5200
2016-03-11,3.31,5300,0.1(1.92 %),10,0,0,0,5300,5300,5300
2016-03-14,3.25,5200,-0.1(-1.89 %),26220,135000000,0,0,5200,5200,5100
2016-03-15,3.25,5200,0(0.00 %),40130,207000000,0,0,5200,5200,5000
2016-03-16,3.19,5100,-0.1(-1.92 %),7950,41000000,0,0,5000,5100,5000
2016-03-17,3.25,5200,0.1(1.96 %),10020,51000000,0,0,5100,5200,5100
2016-03-18,3.25,5200,0(0.00 %),48090,245000000,0,0,5100,5200,5100
2016-03-21,3.25,5200,0(0.00 %),0,0,0,0,5200,5200,5200
2016-03-22,3.19,5100,-0.1(-1.92 %),7470,37000000,0,0,5000,5200,4900
2016-03-23,3.25,5200,0.1(1.96 %),5010,25000000,0,0,5000,5200,5000
2016-03-24,3.25,5200,0(0.00 %),8180,43000000,0,0,5200,5200,5200
2016-03-25,3.19,5100,-0.1(-1.92 %),15500,78000000,0,0,5000,5100,5000
2016-03-28,3.12,5000,-0.1(-1.96 %),15000,75000000,0,0,5000,5000,5000
2016-03-29,3.06,4900,-0.1(-2.00 %),10810,54000000,0,0,5000,5100,4900
2016-03-30,3.19,5100,0.2(4.08 %),26590,133000000,0,0,5100,5100,5000
2016-03-31,3.25,5200,0.1(1.96 %),29900,155000000,0,0,5200,5200,5100
2016-04-01,3.31,5300,0.1(1.92 %),39390,206000000,0,0,5200,5300,5100
2016-04-04,3.31,5300,0(0.00 %),15920,84000000,0,0,5300,5400,5300
2016-04-05,3.37,5400,0.1(1.89 %),19050,103000000,0,0,5300,5400,5300
2016-04-06,3.37,5400,0(0.00 %),0,0,0,0,5400,5400,5400
2016-04-07,3.37,5400,0(0.00 %),5010,27000000,0,0,5300,5400,5300
2016-04-08,3.25,5200,-0.2(-3.70 %),5000,26000000,0,0,5300,5300,5200
2016-04-11,3.31,5300,0.1(1.92 %),66150,351000000,0,0,5300,5300,5300
2016-04-12,3.25,5200,-0.1(-1.89 %),10,0,0,0,5200,5200,5200
2016-04-13,3.37,5400,0.2(3.85 %),5070,26000000,0,0,5400,5400,5200
2016-04-14,3.31,5300,-0.1(-1.85 %),17500,93000000,0,0,5300,5300,5300
2016-04-15,3.31,5300,0(0.00 %),2000,11000000,0,0,5300,5300,5300
2016-04-19,3.37,5400,0.1(1.89 %),4010,21000000,0,0,5400,5400,5100
2016-04-20,3.31,5300,-0.1(-1.85 %),21000,110000000,0,0,5200,5300,5200
2016-04-21,3.25,5200,-0.1(-1.89 %),36210,187000000,0,0,5100,5200,5100
2016-04-22,3.31,5300,0.1(1.92 %),122010,634000000,0,0,5100,5300,5100
2016-04-25,3.37,5400,0.1(1.89 %),3010,16000000,0,0,5300,5400,5300
2016-04-26,3.31,5300,-0.1(-1.85 %),15470,82000000,0,0,5300,5300,5300
2016-04-27,3.31,5300,0(0.00 %),48020,257000000,0,0,5400,5400,5300
2016-04-28,3.25,5200,-0.1(-1.89 %),50040,265000000,0,0,5300,5300,5200
2016-04-29,3.44,5500,0.3(5.77 %),200170,1087000000,0,0,5300,5500,5300
2016-05-04,3.56,5700,0.2(3.64 %),58520,333000000,0,0,5800,5800,5600
2016-05-05,3.56,5700,0(0.00 %),76100,433000000,0,0,5700,5800,5600
2016-05-06,3.56,5700,0(0.00 %),590,3000000,0,0,5600,5700,5600
2016-05-09,3.5,5600,-0.1(-1.75 %),40340,225000000,0,0,5700,5700,5500
2016-05-10,3.44,5500,-0.1(-1.79 %),14530,83000000,0,0,5700,5700,5500
2016-05-11,3.56,5700,0.2(3.64 %),5510,31000000,0,0,5700,5700,5600
2016-05-12,3.56,5700,0(0.00 %),12010,68000000,0,0,5800,5800,5700
2016-05-13,3.56,5700,0(0.00 %),16400,93000000,0,0,5700,5700,5700
2016-05-16,3.56,5700,0(0.00 %),44530,254000000,0,0,5700,5700,5700
2016-05-17,3.62,5800,0.1(1.75 %),49960,285000000,0,0,5700,5800,5700
2016-05-18,3.62,5800,0(0.00 %),46540,265000000,200000,1100000000,5700,5800,5700
2016-05-19,3.62,5800,0(0.00 %),13110,75000000,0,0,5900,5900,5700
2016-05-20,3.62,5800,0(0.00 %),26280,152000000,0,0,5800,5800,5800
2016-05-23,3.44,5500,-0.3(-5.17 %),42310,244000000,0,0,5800,5800,5500
2016-05-24,3.56,5700,0.2(3.64 %),20610,120000000,0,0,5800,5800,5700
2016-05-25,3.69,5900,0.2(3.51 %),21120,124000000,0,0,5800,5900,5800
2016-05-26,3.69,5900,0(0.00 %),10060,59000000,0,0,5900,5900,5800
2016-05-27,3.81,6100,0.2(3.39 %),61210,361000000,0,0,5700,6100,5700
2016-05-30,3.75,6000,-0.1(-1.64 %),37420,226000000,0,0,6100,6100,6000
2016-05-31,3.87,6200,0.2(3.33 %),35420,213000000,109550,635390000,6200,6200,6000
2016-06-01,3.81,6100,-0.1(-1.61 %),42970,262000000,0,0,6000,6100,6000
2016-06-02,3.81,6100,0(0.00 %),22170,130000000,0,0,6000,6100,5800
2016-06-03,3.62,5800,-0.3(-4.92 %),20710,124000000,0,0,6000,6100,5800
2016-06-06,3.62,5800,0(0.00 %),31400,182000000,0,0,5800,5900,5800
2016-06-07,3.62,5800,0(0.00 %),12980,75000000,0,0,5800,5900,5800
2016-06-08,3.69,5900,0.1(1.72 %),30010,174000000,162970,945226000,5800,5900,5800
2016-06-09,3.62,5800,-0.1(-1.69 %),540,3000000,0,0,5800,5900,5800
2016-06-10,3.81,6100,0.3(5.17 %),53390,319000000,0,0,5800,6100,5800
2016-06-13,3.69,5900,-0.2(-3.28 %),50450,298000000,0,0,6000,6000,5800
2016-06-14,3.62,5800,-0.1(-1.69 %),22030,129000000,0,0,5800,5900,5800
2016-06-15,3.69,5900,0.1(1.72 %),45510,266000000,0,0,5800,5900,5800
2016-06-16,3.81,6100,0.2(3.39 %),193980,1177000000,0,0,5900,6100,5900
2016-06-17,3.81,6100,0(0.00 %),106910,652000000,0,0,6100,6300,6000
2016-06-20,3.94,6300,0.2(3.28 %),105420,655000000,0,0,6000,6300,6000
2016-06-21,3.94,6300,0(0.00 %),29410,185000000,0,0,6200,6400,6200
2016-06-22,4.0,6400,0.1(1.59 %),29900,190000000,0,0,6300,6400,6200
2016-06-23,4.0,6400,0(0.00 %),55620,361000000,0,0,6400,6500,6400
2016-06-24,4.0,6400,0(0.00 %),56700,347000000,0,0,6300,6400,6000
2016-06-27,4.0,6400,0(0.00 %),42600,272000000,0,0,6500,6500,6300
2016-06-28,4.0,6400,0(0.00 %),35080,226000000,0,0,6300,6500,6300
2016-06-29,4.0,6400,0(0.00 %),26300,171000000,0,0,6800,6800,6400
2016-06-30,4.06,6500,0.1(1.56 %),21510,140000000,0,0,6400,6500,6400
2016-07-01,4.19,6700,0.2(3.08 %),5120,34000000,0,0,6600,6700,6500
2016-07-04,4.12,6600,-0.1(-1.49 %),6360,41000000,0,0,6500,6600,6400
2016-07-05,3.94,6300,-0.3(-4.55 %),20910,135000000,0,0,6500,6600,6300
2016-07-06,3.75,6000,-0.3(-4.76 %),2800,17000000,0,0,6400,6500,6000
2016-07-07,3.94,6300,0.3(5.00 %),2200,14000000,0,0,6200,6300,6200
2016-07-08,3.94,6300,0(0.00 %),22310,146000000,0,0,6400,6600,6300
2016-07-11,3.94,6300,0(0.00 %),6230,40000000,0,0,6500,6500,6200
2016-07-12,4.12,6600,0.3(4.76 %),14760,95000000,0,0,6500,6600,6400
2016-07-13,3.94,6300,-0.3(-4.55 %),1090,7000000,0,0,6300,6500,6300
2016-07-14,4.06,6500,0.2(3.17 %),190690,1271000000,0,0,6400,6700,6400
2016-07-15,4.06,6500,0(0.00 %),100,1000000,0,0,6300,6800,6200
2016-07-18,4.25,6800,0.3(4.62 %),18570,119000000,0,0,6300,6800,6300
2016-07-19,4.25,6800,0(0.00 %),35460,240000000,0,0,6500,6900,6500
2016-07-20,4.25,6800,0(0.00 %),4230,28000000,0,0,6700,6800,6500
2016-07-21,4.06,6500,-0.3(-4.41 %),110780,721000000,0,0,6800,6800,6400
2016-07-22,4.06,6500,0(0.00 %),32720,217000000,0,0,6500,6700,6400
2016-07-25,4.12,6600,0.1(1.54 %),56100,366000000,0,0,6400,6700,6400
2016-07-26,4.12,6600,0(0.00 %),5100,34000000,0,0,6700,6700,6600
2016-07-27,4.12,6600,0(0.00 %),43690,292000000,0,0,6600,6900,6600
2016-07-28,4.06,6500,-0.1(-1.52 %),50190,327000000,0,0,6500,6600,6500
2016-07-29,4.06,6500,0(0.00 %),63600,415000000,0,0,6500,6600,6400
2016-08-01,4.12,6600,0.1(1.54 %),39850,262000000,0,0,6500,6600,6500
2016-08-02,4.12,6600,0(0.00 %),152110,1027000000,0,0,6600,6800,6600
2016-08-03,4.06,6500,-0.1(-1.52 %),43810,289000000,0,0,6800,6800,6500
2016-08-04,4.19,6700,0.2(3.08 %),26310,174000000,0,0,6600,6700,6600
2016-08-05,4.06,6500,-0.2(-2.99 %),26030,170000000,0,0,6300,6600,6300
2016-08-08,4.06,6500,0(0.00 %),1100,7000000,0,0,6500,6500,6500
2016-08-09,4.06,6500,0(0.00 %),2610,17000000,0,0,6300,6500,6300
2016-08-10,4.06,6500,0(0.00 %),4670,30000000,0,0,6400,6500,6400
2016-08-11,4.06,6500,0(0.00 %),11210,71000000,0,0,6400,6700,6200
2016-08-12,4.0,6400,-0.1(-1.54 %),15090,97000000,0,0,6500,6500,6400
2016-08-15,4.0,6400,0(0.00 %),48530,315000000,0,0,6400,6500,6400
2016-08-16,4.0,6400,0(0.00 %),19100,121000000,0,0,6400,6400,6300
2016-08-17,3.87,6200,-0.2(-3.12 %),2000,13000000,0,0,6300,6300,6200
2016-08-18,3.87,6200,0(0.00 %),5030,31000000,0,0,6600,6600,6200
2016-08-19,3.94,6300,0.1(1.61 %),3000,19000000,0,0,6300,6300,6300
2016-08-22,3.94,6300,0(0.00 %),18550,118000000,0,0,6400,6500,6300
2016-08-23,3.94,6300,0(0.00 %),134300,839000000,0,0,6200,6400,6000
2016-08-24,3.81,6100,-0.2(-3.17 %),41090,254000000,0,0,6200,6300,6100
2016-08-25,3.75,6000,-0.1(-1.64 %),82320,492000000,0,0,6100,6100,5900
2016-08-26,3.69,5900,-0.1(-1.67 %),37650,223000000,0,0,5900,6000,5900
2016-08-29,3.75,6000,0.1(1.69 %),11450,69000000,0,0,6000,6000,5900
2016-08-30,3.75,6000,0(0.00 %),9350,56000000,247238,1384532800,6000,6000,6000
2016-08-31,3.69,5900,-0.1(-1.67 %),4680,28000000,0,0,5800,5900,5800
2016-09-01,3.62,5800,-0.1(-1.69 %),120,1000000,0,0,5800,5800,5800
2016-09-05,3.87,6200,0.4(6.90 %),10,0,0,0,6200,6200,6200
2016-09-06,3.62,5800,-0.4(-6.45 %),21710,126000000,0,0,5800,6100,5800
2016-09-07,3.44,5500,-0.3(-5.17 %),51570,280000000,0,0,5500,5500,5400
2016-09-08,3.62,5800,0.3(5.45 %),20,0,0,0,5500,5800,5500
2016-09-09,3.5,5600,-0.2(-3.45 %),960,5000000,0,0,5500,5700,5500
2016-09-12,3.26,5210,-0.39(-6.96 %),17280,92000000,0,0,5500,5620,5210
2016-09-13,3.48,5570,0.36(6.91 %),2110,12000000,0,0,5550,5570,5550
2016-09-14,3.72,5950,0.38(6.82 %),16940,100000000,0,0,5800,5950,5800
2016-09-15,3.69,5900,-0.05(-0.84 %),12190,73000000,0,0,6320,6320,5900
2016-09-16,3.56,5700,-0.2(-3.39 %),2110,12000000,0,0,5780,5780,5700
2016-09-19,3.56,5700,0(0.00 %),210,1000000,0,0,5900,5900,5700
2016-09-20,3.53,5650,-0.05(-0.88 %),3150,18000000,0,0,5700,5700,5650
2016-09-21,3.69,5900,0.25(4.42 %),1010,6000000,0,0,5550,5900,5550
2016-09-22,3.68,5890,-0.01(-0.17 %),210,1000000,0,0,5600,5890,5600
2016-09-23,3.68,5890,0(0.00 %),3000,17000000,0,0,5600,5890,5600
2016-09-26,3.44,5500,-0.39(-6.62 %),300,2000000,0,0,5890,5890,5500
2016-09-27,3.66,5850,0.35(6.36 %),20020,115000000,0,0,5500,5850,5500
2016-09-28,3.56,5700,-0.15(-2.56 %),31990,186000000,0,0,5800,6200,5700
2016-09-29,3.44,5500,-0.2(-3.51 %),7940,48000000,0,0,5600,6090,5500
2016-09-30,3.56,5700,0.2(3.64 %),8410,48000000,0,0,5880,5880,5700
2016-10-03,3.5,5600,-0.1(-1.75 %),130,1000000,389970,2183832000,5600,5600,5600
2016-10-04,3.62,5800,0.2(3.57 %),18540,105000000,0,0,5990,5990,5500
2016-10-05,3.69,5900,0.1(1.72 %),220,1000000,0,0,5500,6200,5500
2016-10-06,3.62,5800,-0.1(-1.69 %),870,5000000,0,0,5600,5800,5600
2016-10-07,3.62,5800,0(0.00 %),0,0,0,0,5800,5800,5800
2016-10-10,3.69,5900,0.1(1.72 %),5510,31000000,0,0,5560,5900,5550
2016-10-11,3.69,5900,0(0.00 %),18200,103000000,0,0,5600,5900,5600
2016-10-12,3.62,5800,-0.1(-1.69 %),25430,145000000,0,0,5650,5800,5650
2016-10-13,3.62,5800,0(0.00 %),340,2000000,0,0,5610,5800,5610
2016-10-14,3.87,6200,0.4(6.90 %),3000,19000000,0,0,6200,6200,6200
2016-10-17,3.81,6100,-0.1(-1.61 %),11000,66000000,0,0,6000,6100,6000
2016-10-18,3.81,6100,0(0.00 %),850,5000000,0,0,6100,6100,6100
2016-10-19,3.81,6100,0(0.00 %),0,0,0,0,6100,6100,6100
2016-10-20,3.75,6000,-0.1(-1.64 %),500,3000000,0,0,6000,6000,6000
2016-10-21,3.75,6000,0(0.00 %),30150,172000000,0,0,5900,6000,5580
2016-10-24,3.57,5720,-0.28(-4.67 %),2990,17000000,0,0,5900,5900,5720
2016-10-25,3.57,5720,0(0.00 %),10940,62000000,0,0,5700,5720,5700
2016-10-26,3.57,5720,0(0.00 %),0,0,0,0,5720,5720,5720
2016-10-27,3.57,5720,0(0.00 %),0,0,0,0,5720,5720,5720
2016-10-28,3.56,5700,-0.02(-0.35 %),70,0,0,0,5700,5700,5700
2016-10-31,3.75,6000,0.3(5.26 %),100,1000000,0,0,6000,6000,6000
2016-11-01,3.62,5800,-0.2(-3.33 %),5190,30000000,300000,1800000000,5700,5800,5700
2016-11-02,3.62,5800,0(0.00 %),322110,1829000000,0,0,5630,5800,5600
2016-11-03,3.5,5600,-0.2(-3.45 %),5010,28000000,0,0,5600,5600,5600
2016-11-04,3.44,5500,-0.1(-1.79 %),5000,28000000,0,0,5500,5500,5500
2016-11-07,3.44,5510,0.01(0.18 %),14790,82000000,0,0,5550,5550,5510
2016-11-08,3.45,5520,0.01(0.18 %),2000,11000000,0,0,5530,5530,5520
2016-11-09,3.25,5200,-0.32(-5.80 %),150,1000000,0,0,5400,5400,5200
2016-11-10,3.25,5200,0(0.00 %),0,0,0,0,5200,5200,5200
2016-11-11,3.44,5500,0.3(5.77 %),19710,108000000,0,0,5500,5500,5500
2016-11-14,3.5,5600,0.1(1.82 %),16000,90000000,0,0,5500,5600,5500
2016-11-15,3.69,5900,0.3(5.36 %),10,0,0,0,5900,5900,5900
2016-11-16,3.75,6000,0.1(1.69 %),10,0,0,0,6000,6000,6000
2016-11-17,3.69,5900,-0.1(-1.67 %),1900,11000000,0,0,5800,5900,5800
2016-11-18,3.62,5800,-0.1(-1.69 %),14600,84000000,231070,1363313000,5600,5800,5600
2016-11-21,3.62,5800,0(0.00 %),0,0,0,0,5800,5800,5800
2016-11-22,3.69,5900,0.1(1.72 %),10,0,0,0,5900,5900,5900
2016-11-23,3.69,5900,0(0.00 %),0,0,0,0,5900,5900,5900
2016-11-24,3.69,5900,0(0.00 %),0,0,0,0,5900,5900,5900
2016-11-25,3.69,5900,0(0.00 %),0,0,0,0,5900,5900,5900
2016-11-28,3.74,5990,0.09(1.53 %),51820,317000000,0,0,6000,6200,5600
2016-11-29,3.74,5990,0(0.00 %),0,0,0,0,5990,5990,5990
2016-11-30,3.5,5600,-0.39(-6.51 %),8000,45000000,0,0,5600,5600,5600
2016-12-01,3.74,5980,0.38(6.79 %),10100,60000000,0,0,5500,5980,5500
2016-12-02,3.74,5980,0(0.00 %),0,0,0,0,5980,5980,5980
2016-12-05,3.5,5600,-0.38(-6.35 %),15510,91000000,0,0,5600,6000,5600
2016-12-06,3.62,5800,0.2(3.57 %),34130,204000000,0,0,5970,5980,5800
2016-12-07,3.87,6190,0.39(6.72 %),48780,293000000,0,0,5980,6190,5970
2016-12-08,3.87,6200,0.01(0.16 %),19220,120000000,0,0,6300,6500,6190
2016-12-09,3.87,6200,0(0.00 %),12320,76000000,0,0,6200,6200,6200
2016-12-12,4.06,6500,0.3(4.84 %),16530,99000000,0,0,5900,6500,5900
2016-12-13,3.78,6050,-0.45(-6.92 %),5330,34000000,0,0,6500,6500,6050
2016-12-14,3.94,6300,0.25(4.13 %),35230,219000000,0,0,5870,6470,5870
2016-12-15,3.94,6300,0(0.00 %),9950,62000000,0,0,6300,6300,6150
2016-12-16,3.94,6300,0(0.00 %),23400,148000000,0,0,6300,6400,6300
2016-12-19,4.03,6450,0.15(2.38 %),3400,22000000,0,0,6300,6450,6300
2016-12-20,3.99,6390,-0.06(-0.93 %),25400,161000000,0,0,6000,6450,6000
2016-12-21,4.03,6450,0.06(0.94 %),17620,115000000,0,0,6390,6600,6170
2016-12-22,3.94,6300,-0.15(-2.33 %),4350,28000000,0,0,6400,6400,6300
2016-12-23,3.92,6280,-0.02(-0.32 %),2490,16000000,0,0,6260,6280,6260
2016-12-26,4.12,6600,0.32(5.10 %),29500,190000000,0,0,6310,6600,6310
2016-12-27,4.18,6690,0.09(1.36 %),120,1000000,0,0,6690,6690,6690
2016-12-28,4.13,6610,-0.08(-1.20 %),28790,190000000,0,0,6600,6650,6600
2016-12-29,4.12,6600,-0.01(-0.15 %),40320,250000000,0,0,6350,6600,6150
2016-12-30,4.12,6600,0(0.00 %),48410,311000000,0,0,6180,6700,6140
2017-01-03,4.19,6700,0.1(1.52 %),520,3000000,0,0,6200,6700,6200
2017-01-04,4.25,6800,0.1(1.49 %),22320,149000000,0,0,6690,6800,6690
2017-01-05,4.19,6700,-0.1(-1.47 %),6010,40000000,70000,476000000,6700,6700,6700
2017-01-06,4.12,6600,-0.1(-1.49 %),10000,66000000,0,0,6600,6600,6600
2017-01-09,4.25,6800,0.2(3.03 %),10,0,0,0,6800,6800,6800
2017-01-10,4.03,6450,-0.35(-5.15 %),7480,48000000,0,0,6600,6900,6420
2017-01-11,4.19,6700,0.25(3.88 %),34480,229000000,0,0,6460,6700,6460
2017-01-12,4.19,6700,0(0.00 %),0,0,0,0,6700,6700,6700
2017-01-13,4.19,6700,0(0.00 %),0,0,0,0,6700,6700,6700
2017-01-16,4.06,6500,-0.2(-2.99 %),1250,8000000,0,0,6900,6900,6500
2017-01-17,4.19,6700,0.2(3.08 %),21900,147000000,0,0,6750,6750,6700
2017-01-18,4.25,6800,0.1(1.49 %),62370,432000000,0,0,6900,7000,6800
2017-01-19,4.34,6950,0.15(2.21 %),17660,121000000,0,0,7000,7000,6500
2017-01-20,4.06,6500,-0.45(-6.47 %),5480,36000000,0,0,6500,6500,6500
2017-01-23,4.31,6900,0.4(6.15 %),30620,207000000,0,0,6500,6900,6050
2017-01-24,4.37,7000,0.1(1.45 %),350,2000000,0,0,6900,7000,6900
2017-01-25,4.31,6900,-0.1(-1.43 %),460,3000000,0,0,7030,7030,6900
2017-02-02,4.31,6900,0(0.00 %),0,0,0,0,6900,6900,6900
2017-02-03,4.56,7300,0.4(5.80 %),10,0,0,0,7300,7300,7300
2017-02-06,4.37,7000,-0.3(-4.11 %),1100,7000000,0,0,6790,7000,6790
2017-02-07,4.37,7000,0(0.00 %),1090,7000000,0,0,7000,7000,6620
2017-02-08,4.34,6950,-0.05(-0.71 %),37350,261000000,0,0,6680,7460,6680
2017-02-09,4.25,6800,-0.15(-2.16 %),1630,11000000,648840,4509438000,7000,7000,6800
2017-02-10,4.53,7250,0.45(6.62 %),10,0,0,0,7250,7250,7250
2017-02-13,4.53,7250,0(0.00 %),15100,104000000,0,0,6750,7250,6750
2017-02-14,4.53,7250,0(0.00 %),8710,62000000,0,0,7250,7400,7100
2017-02-15,4.53,7250,0(0.00 %),5000,36000000,0,0,7250,7250,7250
2017-02-16,4.84,7750,0.5(6.90 %),1230,9000000,0,0,6900,7750,6900
2017-02-17,4.51,7210,-0.54(-6.97 %),10,0,0,0,7210,7210,7210
2017-02-20,4.44,7100,-0.11(-1.53 %),1200,8000000,0,0,6870,7100,6860
2017-02-21,4.56,7300,0.2(2.82 %),8870,65000000,0,0,6880,7350,6880
2017-02-22,4.56,7300,0(0.00 %),0,0,0,0,7300,7300,7300
2017-02-23,4.44,7100,-0.2(-2.74 %),8710,61000000,0,0,7350,7350,6880
2017-02-24,4.44,7100,0(0.00 %),0,0,0,0,7100,7100,7100
2017-02-27,4.37,7000,-0.1(-1.41 %),15300,107000000,0,0,7000,7000,7000
2017-02-28,4.37,7000,0(0.00 %),1560,11000000,0,0,7000,7000,7000
2017-03-01,4.39,7020,0.02(0.29 %),19000,135000000,0,0,7000,7300,7000
2017-03-02,4.39,7020,0(0.00 %),13100,92000000,0,0,7050,7050,7010
2017-03-03,4.39,7020,0(0.00 %),6900,48000000,0,0,7010,7020,7010
2017-03-06,4.44,7100,0.08(1.14 %),20550,146000000,0,0,7100,7100,7100
2017-03-07,4.74,7590,0.49(6.90 %),53870,397000000,0,0,7110,7590,7110
2017-03-08,4.81,7700,0.11(1.45 %),21910,170000000,0,0,7600,7900,7300
2017-03-09,4.69,7500,-0.2(-2.60 %),3040,23000000,0,0,7300,7700,7300
2017-03-10,4.75,7600,0.1(1.33 %),13450,102000000,299930,2099510000,7500,7700,7500
2017-03-13,4.69,7500,-0.1(-1.32 %),1100,8000000,0,0,7880,7880,7500
2017-03-14,4.87,7800,0.3(4.00 %),24500,192000000,87700,657750000,7800,7900,7800
2017-03-15,4.94,7900,0.1(1.28 %),48490,377000000,0,0,7800,7900,7600
2017-03-16,4.97,7950,0.05(0.63 %),64120,507000000,93440,700800000,7890,7950,7890
2017-03-17,4.75,7600,-0.35(-4.40 %),1510,11000000,0,0,8100,8100,7420
2017-03-20,4.78,7650,0.05(0.66 %),5240,41000000,0,0,7800,7800,7650
2017-03-21,4.91,7850,0.2(2.61 %),13720,107000000,0,0,7800,7890,7800
2017-03-22,4.91,7850,0(0.00 %),11300,89000000,0,0,7950,7950,7800
2017-03-23,4.94,7900,0.05(0.64 %),20170,156000000,0,0,7710,7900,7710
2017-03-24,4.84,7750,-0.15(-1.90 %),21810,171000000,0,0,7900,7900,7750
2017-03-27,4.93,7890,0.14(1.81 %),4810,37000000,0,0,7710,7890,7710
2017-03-28,4.91,7850,-0.04(-0.51 %),4800,37000000,0,0,7720,7850,7630
2017-03-29,4.91,7850,0(0.00 %),57450,450000000,0,0,7710,7850,7700
2017-03-30,4.91,7850,0(0.00 %),37600,295000000,0,0,7830,7850,7800
2017-03-31,4.91,7850,0(0.00 %),10100,79000000,0,0,7800,7850,7770
2017-04-03,4.91,7850,0(0.00 %),22130,174000000,0,0,7840,7850,7840
2017-04-04,4.9,7840,-0.01(-0.13 %),3810,29000000,0,0,7600,7840,7600
2017-04-05,4.84,7750,-0.09(-1.15 %),10950,85000000,0,0,7800,7800,7750
2017-04-07,4.84,7750,0(0.00 %),2060,16000000,0,0,7750,7750,7750
2017-04-10,4.85,7760,0.01(0.13 %),9550,74000000,150000,1162500000,7770,7850,7750
2017-04-11,4.81,7700,-0.06(-0.77 %),2410,19000000,227420,1751134000,7800,8300,7700
2017-04-12,4.94,7900,0.2(2.60 %),15990,126000000,0,0,7700,7900,7700
2017-04-13,5.19,8300,0.4(5.06 %),45580,373000000,0,0,8000,8450,8000
2017-04-14,5.12,8200,-0.1(-1.20 %),25540,212000000,0,0,8450,8450,7800
2017-04-17,5.06,8100,-0.1(-1.22 %),2140,17000000,0,0,8100,8350,7800
2017-04-18,5.06,8100,0(0.00 %),3810,31000000,0,0,8000,8500,7930
2017-04-19,5.0,8000,-0.1(-1.23 %),11010,88000000,0,0,8000,8000,8000
2017-04-20,5.0,8000,0(0.00 %),11850,93000000,0,0,8000,8400,7800
2017-04-21,4.76,7610,-0.39(-4.88 %),5200,40000000,0,0,7630,7630,7600
2017-04-24,4.99,7990,0.38(4.99 %),3100,24000000,0,0,7990,7990,7650
2017-04-25,5.0,8000,0.01(0.13 %),1000,8000000,0,0,8000,8000,8000
2017-04-26,5.0,8000,0(0.00 %),1110,9000000,0,0,8100,8200,7700
2017-04-27,5.12,8200,0.2(2.50 %),8560,70000000,0,0,8200,8200,8150
2017-04-28,5.19,8300,0.1(1.22 %),40,0,0,0,8000,8300,7700
2017-05-03,5.12,8200,-0.1(-1.20 %),60,0,0,0,8300,8300,8150
2017-05-04,4.94,7900,-0.3(-3.66 %),200,2000000,0,0,8000,8000,7900
2017-05-05,5.0,8000,0.1(1.27 %),1340,11000000,0,0,7900,8000,7900
2017-05-08,5.06,8100,0.1(1.25 %),5930,48000000,0,0,8000,8100,8000
2017-05-09,5.34,8550,0.45(5.56 %),3520,29000000,0,0,7900,8560,7900
2017-05-10,5.12,8200,-0.35(-4.09 %),3000,24000000,0,0,8100,8300,8100
2017-05-11,5.19,8300,0.1(1.22 %),1280,11000000,0,0,7800,8300,7800
2017-05-12,5.12,8200,-0.1(-1.20 %),1010,8000000,0,0,7900,8200,7900
2017-05-15,5.12,8200,0(0.00 %),3500,29000000,0,0,8200,8200,8200
2017-05-16,5.19,8300,0.1(1.22 %),3380,27000000,0,0,8200,8300,8000
2017-05-17,5.25,8400,0.1(1.20 %),360,3000000,0,0,8300,8400,8300
2017-05-18,4.94,7900,-0.5(-5.95 %),290,2000000,0,0,7900,7900,7900
2017-05-19,4.94,7900,0(0.00 %),25000,194000000,0,0,7900,7900,7600
2017-05-22,4.84,7750,-0.15(-1.90 %),6240,49000000,0,0,7900,7900,7750
2017-05-23,4.84,7750,0(0.00 %),0,0,0,0,7750,7750,7750
2017-05-24,5.16,8250,0.5(6.45 %),500,4000000,0,0,8250,8250,8250
2017-05-25,4.94,7900,-0.35(-4.24 %),460,4000000,0,0,7900,7900,7900
2017-05-26,5.15,8240,0.34(4.30 %),300,2000000,0,0,8240,8240,8240
2017-05-29,4.88,7810,-0.43(-5.22 %),6000,47000000,0,0,7900,7900,7670
2017-05-30,4.75,7600,-0.21(-2.69 %),10,0,0,0,7600,7600,7600
2017-05-31,5.0,8000,0.4(5.26 %),10020,80000000,0,0,8000,8000,7400
2017-06-01,5.12,8200,0.2(2.50 %),100,1000000,0,0,7550,8200,7440
2017-06-02,4.77,7630,-0.57(-6.95 %),10,0,0,0,7630,7630,7630
2017-06-05,5.0,8000,0.37(4.85 %),10,0,0,0,8000,8000,8000
2017-06-06,4.94,7900,-0.1(-1.25 %),1470,12000000,0,0,8000,8000,7600
2017-06-07,5.0,8000,0.1(1.27 %),50,0,0,0,8000,8000,8000
2017-06-08,4.75,7600,-0.4(-5.00 %),690,5000000,0,0,7600,7600,7600
2017-06-09,5.08,8130,0.53(6.97 %),71070,576000000,0,0,8000,8130,8000
2017-06-12,5.09,8150,0.02(0.25 %),10980,89000000,0,0,8130,8550,8130
2017-06-13,4.82,7710,-0.44(-5.40 %),2170,17000000,0,0,7700,8150,7700
2017-06-14,5.06,8100,0.39(5.06 %),5010,40000000,0,0,8100,8100,8000
2017-06-15,4.83,7730,-0.37(-4.57 %),12040,96000000,0,0,7550,8100,7550
2017-06-16,5.17,8270,0.54(6.99 %),82660,682000000,0,0,8000,8270,7900
2017-06-19,5.12,8200,-0.07(-0.85 %),4220,36000000,389970,3002769000,8500,8500,8200
2017-06-20,5.14,8220,0.02(0.24 %),3030,25000000,0,0,8200,8220,8200
2017-06-21,5.14,8220,0(0.00 %),71900,619000000,0,0,8400,8780,8220
2017-06-22,5.49,8790,0.57(6.93 %),75040,653000000,0,0,8230,8790,8230
2017-06-23,5.2,8320,-0.47(-5.35 %),1410,12000000,0,0,8880,9000,8320
2017-06-26,5.31,8500,0.18(2.16 %),125770,1109000000,0,0,8020,8900,8020
2017-06-27,5.31,8500,0(0.00 %),2400,21000000,274000,2192000000,8800,8800,8500
2017-06-28,5.31,8500,0(0.00 %),1190,10000000,0,0,8800,8900,8500
2017-06-29,5.62,9000,0.5(5.88 %),37300,334000000,0,0,9090,9090,8320
2017-06-30,5.87,9390,0.39(4.33 %),20460,190000000,0,0,9630,9630,9000
2017-07-03,5.87,9390,0(0.00 %),80970,776000000,0,0,10000,10000,9350
2017-07-04,5.5,8800,-0.59(-6.28 %),41740,378000000,0,0,9300,9300,8800
2017-07-05,5.78,9250,0.45(5.11 %),6050,55000000,0,0,8630,9400,8630
2017-07-06,5.39,8630,-0.62(-6.70 %),7060,65000000,0,0,9400,9400,8620
2017-07-07,5.19,8310,-0.32(-3.71 %),340,3000000,0,0,9230,9230,8310
2017-07-10,5.01,8020,-0.29(-3.49 %),8900,73000000,0,0,7750,8310,7750
2017-07-11,5.36,8580,0.56(6.98 %),55000,459000000,201950,1514625000,8020,8580,8000
2017-07-12,5.74,9180,0.6(6.99 %),50670,461000000,0,0,9000,9180,8800
2017-07-13,5.87,9400,0.22(2.40 %),8600,76000000,0,0,9200,9500,8610
2017-07-14,6.0,9600,0.2(2.13 %),81090,785000000,1443230,13855008000,9400,10000,9000
2017-07-17,6.06,9700,0.1(1.04 %),24990,242000000,0,0,9110,10250,9110
2017-07-18,6.06,9700,0(0.00 %),9750,97000000,0,0,9100,10100,9100
2017-07-19,5.81,9300,-0.4(-4.12 %),22200,216000000,0,0,10000,10000,9300
2017-07-20,6.22,9950,0.65(6.99 %),167820,1670000000,0,0,9800,9950,9800
2017-07-21,5.87,9400,-0.55(-5.53 %),6880,69000000,0,0,10100,10150,9400
2017-07-24,6.09,9750,0.35(3.72 %),530,5000000,0,0,9850,9850,9750
2017-07-25,5.67,9080,-0.67(-6.87 %),93040,902000000,0,0,9750,9750,9080
2017-07-26,5.72,9160,0.08(0.88 %),13420,123000000,0,0,9390,9390,9080
2017-07-27,6.06,9700,0.54(5.90 %),13350,127000000,1007280,9226684800,9210,9700,9210
2017-07-28,6.0,9600,-0.1(-1.03 %),1000,10000000,0,0,9600,9600,9600
2017-07-31,5.75,9200,-0.4(-4.17 %),77860,706000000,0,0,9250,9500,9000
2017-08-01,5.76,9220,0.02(0.22 %),31710,293000000,0,0,9200,9400,9200
2017-08-02,5.87,9400,0.18(1.95 %),48110,445000000,45000,414900000,9230,9400,9230
2017-08-03,5.75,9210,-0.19(-2.02 %),1140,11000000,0,0,9300,9400,9210
2017-08-04,5.77,9230,0.02(0.22 %),6280,58000000,245000,2254000000,9210,9400,9210
2017-08-07,5.77,9230,0(0.00 %),3100,29000000,200000,1840000000,9230,9230,9230
2017-08-08,5.72,9160,-0.07(-0.76 %),60,1000000,0,0,9230,9230,9160
2017-08-09,5.6,8960,-0.2(-2.18 %),8100,73000000,0,0,9160,9400,8900
2017-08-10,5.87,9400,0.44(4.91 %),61720,580000000,0,0,9040,9450,9040
2017-08-11,5.94,9500,0.1(1.06 %),41900,400000000,0,0,9400,9700,9400
2017-08-14,5.94,9500,0(0.00 %),52370,514000000,0,0,9500,10000,9500
2017-08-15,6.22,9950,0.45(4.74 %),101220,997000000,0,0,9400,10000,9400
2017-08-16,6.44,10300,0.35(3.52 %),28020,283000000,0,0,9950,10300,9900
2017-08-17,6.34,10150,-0.15(-1.46 %),74600,744000000,299930,2873329400,10050,10150,9900
2017-08-18,6.25,10000,-0.15(-1.48 %),22080,221000000,0,0,10000,10000,9650
2017-08-21,6.31,10100,0.1(1.00 %),51250,514000000,0,0,9700,10400,9700
2017-08-22,6.25,10000,-0.1(-0.99 %),21700,217000000,0,0,10000,10000,10000
2017-08-23,6.25,10000,0(0.00 %),43040,430000000,203840,1936480000,10000,10000,9800
2017-08-24,6.31,10100,0.1(1.00 %),3000,30000000,332160,3122304000,10000,10100,10000
2017-08-25,6.25,10000,-0.1(-0.99 %),4500,45000000,41000,389500000,10000,10000,10000
2017-08-28,6.13,9810,-0.19(-1.90 %),23300,233000000,117700,1118150000,10000,10000,9810
2017-08-29,6.12,9800,-0.01(-0.10 %),9430,93000000,0,0,10000,10000,9790
2017-08-30,6.25,10000,0.2(2.04 %),530,5000000,0,0,10000,10000,9120
2017-08-31,6.19,9900,-0.1(-1.00 %),13500,134000000,0,0,10000,10000,9900
2017-09-01,6.19,9900,0(0.00 %),0,0,0,0,9900,9900,9900
2017-09-05,6.0,9600,-0.3(-3.03 %),150,1000000,0,0,9600,9600,9600
2017-09-06,5.87,9400,-0.2(-2.08 %),450,4000000,0,0,9400,9400,9400
2017-09-07,5.87,9400,0(0.00 %),0,0,0,0,9400,9400,9400
2017-09-08,6.25,10000,0.6(6.38 %),10,0,276930,2603142000,10000,10000,10000
2017-09-11,5.87,9400,-0.6(-6.00 %),100,1000000,0,0,9400,9400,9400
2017-09-12,6.24,9990,0.59(6.28 %),10,0,0,0,9990,9990,9990
2017-09-13,5.87,9400,-0.59(-5.91 %),80,1000000,0,0,9400,9400,9400
2017-09-14,5.62,9000,-0.4(-4.26 %),18300,170000000,0,0,9500,9500,9000
2017-09-15,6.0,9600,0.6(6.67 %),650,6000000,0,0,9600,9600,9300
2017-09-18,6.0,9600,0(0.00 %),390,4000000,0,0,9600,9600,9600
2017-09-19,6.0,9600,0(0.00 %),0,0,0,0,9600,9600,9600
2017-09-20,5.75,9200,-0.4(-4.17 %),10,0,0,0,9200,9200,9200
2017-09-21,5.37,8600,-0.6(-6.52 %),5300,48000000,0,0,9800,9800,8600
2017-09-22,5.37,8600,0(0.00 %),30,0,0,0,8600,8600,8600
2017-09-25,5.75,9200,0.6(6.98 %),650,6000000,0,0,9200,9200,9200
2017-09-26,5.36,8580,-0.62(-6.74 %),1910,16000000,0,0,9840,9840,8580
2017-09-27,5.36,8580,0(0.00 %),0,0,0,0,8580,8580,8580
2017-09-28,5.02,8030,-0.55(-6.41 %),1100,10000000,0,0,9180,9180,8030
2017-09-29,5.37,8590,0.56(6.97 %),5180,44000000,0,0,7780,8590,7780
2017-10-02,5.74,9190,0.6(6.98 %),20,0,0,0,9190,9190,9190
2017-10-03,6.12,9790,0.6(6.53 %),720,6000000,0,0,9800,9800,8600
2017-10-04,5.7,9120,-0.67(-6.84 %),420,4000000,0,0,9110,9800,9110
2017-10-05,6.09,9750,0.63(6.91 %),38820,378000000,0,0,9690,9750,9500
2017-10-06,6.25,10000,0.25(2.56 %),16310,165000000,0,0,9950,10200,9950
2017-10-09,6.12,9800,-0.2(-2.00 %),17210,172000000,0,0,9500,10500,9500
2017-10-10,6.25,10000,0.2(2.04 %),62100,625000000,0,0,9800,10300,9800
2017-10-11,6.56,10500,0.5(5.00 %),317240,3284000000,0,0,10000,10700,10000
2017-10-12,6.25,10000,-0.5(-4.76 %),8900,89000000,0,0,10000,10100,10000
2017-10-13,6.19,9900,-0.1(-1.00 %),2950,29000000,0,0,10000,10000,9900
2017-10-16,6.0,9600,-0.3(-3.03 %),5800,56000000,0,0,10100,10100,9600
2017-10-17,6.4,10250,0.65(6.77 %),44500,456000000,0,0,10200,10250,10200
2017-10-18,6.59,10550,0.3(2.93 %),38530,406000000,0,0,10500,10700,10500
2017-10-19,6.25,10000,-0.55(-5.21 %),25840,263000000,0,0,10200,10500,10000
2017-10-20,6.69,10700,0.7(7.00 %),204110,2176000000,0,0,10300,10700,10300
2017-10-23,6.62,10600,-0.1(-0.93 %),7190,77000000,0,0,10700,10800,10600
2017-10-24,6.44,10300,-0.3(-2.83 %),14610,153000000,0,0,10600,10700,10300
2017-10-25,6.34,10150,-0.15(-1.46 %),1400,14000000,0,0,10250,10250,10150
2017-10-26,6.34,10150,0(0.00 %),0,0,0,0,10150,10150,10150
2017-10-27,6.62,10600,0.45(4.43 %),6760,69000000,0,0,10100,10600,9900
2017-10-30,6.69,10700,0.1(0.94 %),12700,135000000,0,0,9900,10700,9900
2017-10-31,6.5,10400,-0.3(-2.80 %),5030,52000000,0,0,10400,10400,10400
2017-11-01,6.5,10400,0(0.00 %),7510,78000000,0,0,10600,10600,10400
2017-11-02,6.5,10400,0(0.00 %),3000,31000000,0,0,9800,10400,9700
2017-11-03,6.13,9810,-0.59(-5.67 %),78000,833000000,0,0,9680,11000,9680
2017-11-06,6.25,10000,0.19(1.94 %),1520,16000000,0,0,10450,10450,10000
2017-11-07,6.69,10700,0.7(7.00 %),16020,171000000,0,0,10700,10700,10700
2017-11-08,6.87,11000,0.3(2.80 %),800,9000000,0,0,11000,11000,10500
2017-11-09,6.65,10650,-0.35(-3.18 %),7280,78000000,0,0,10700,10700,10650
2017-11-10,6.81,10900,0.25(2.35 %),10,0,0,0,10900,10900,10900
2017-11-13,6.75,10800,-0.1(-0.92 %),32980,357000000,850000,9520000000,10700,10900,10700
2017-11-14,6.87,11000,0.2(1.85 %),20,0,0,0,11000,11000,11000
2017-11-15,6.87,11000,0(0.00 %),0,0,0,0,11000,11000,11000
2017-11-16,6.62,10600,-0.4(-3.64 %),9600,103000000,0,0,10700,10700,10600
2017-11-17,6.5,10400,-0.2(-1.89 %),10,0,0,0,10400,10400,10400
2017-11-20,6.5,10400,0(0.00 %),11010,116000000,0,0,10600,10600,10400
2017-11-21,6.5,10400,0(0.00 %),115780,1213000000,0,0,10400,10600,10300
2017-11-22,6.5,10400,0(0.00 %),82530,871000000,0,0,10500,10600,10400
2017-11-23,6.69,10700,0.3(2.88 %),15320,163000000,0,0,10400,10700,9690
2017-11-24,6.62,10600,-0.1(-0.93 %),67490,722000000,0,0,10600,10800,10600
2017-11-27,6.19,9900,-0.7(-6.60 %),1760,18000000,538200,5414292000,10500,10500,9900
2017-11-28,6.0,9600,-0.3(-3.03 %),1510,15000000,0,0,10550,10550,9600
2017-11-29,5.83,9330,-0.27(-2.81 %),2650,27000000,0,0,10250,10250,9300
2017-11-30,6.24,9980,0.65(6.97 %),600,6000000,0,0,9980,9980,9980
2017-12-01,6.56,10500,0.52(5.21 %),32150,334000000,0,0,10650,10650,10200
2017-12-04,6.56,10500,0(0.00 %),1020,11000000,0,0,10000,10500,10000
2017-12-05,6.56,10500,0(0.00 %),0,0,0,0,10500,10500,10500
2017-12-06,6.23,9970,-0.53(-5.05 %),11470,117000000,0,0,10000,10500,9970
2017-12-07,6.37,10200,0.23(2.31 %),5000,51000000,0,0,10000,10200,10000
2017-12-08,6.56,10500,0.3(2.94 %),10,0,0,0,10500,10500,10500
2017-12-11,6.81,10900,0.4(3.81 %),6570,70000000,0,0,10600,11000,10500
2017-12-12,6.59,10550,-0.35(-3.21 %),30,0,0,0,10650,10650,10550
2017-12-13,6.53,10450,-0.1(-0.95 %),3000,32000000,0,0,10600,10600,10450
2017-12-14,6.56,10500,0.05(0.48 %),20,0,0,0,10500,10500,10500
2017-12-15,6.75,10800,0.3(2.86 %),6000,63900000,0,0,10700,10800,10600
2017-12-18,6.69,10700,-0.1(-0.93 %),14110,158000000,0,0,10700,11550,10700
2017-12-19,6.69,10700,0(0.00 %),0,0,0,0,10700,10700,10700
2017-12-20,6.75,10800,0.1(0.93 %),14850,157000000,0,0,10700,10800,10500
2017-12-21,6.56,10500,-0.3(-2.78 %),16870,178000000,0,0,10800,10800,10500
2017-12-22,6.75,10800,0.3(2.86 %),3110,34000000,0,0,10900,10900,10500
2017-12-25,6.56,10500,-0.3(-2.78 %),14320,155000000,380000,4294000000,10700,11000,10500
2017-12-26,6.53,10450,-0.05(-0.48 %),15530,168000000,0,0,10500,10900,10450
2017-12-27,6.87,11000,0.55(5.26 %),15830,173000000,0,0,10900,11000,10900
2017-12-28,6.56,10500,-0.5(-4.55 %),10100,111000000,0,0,11200,11350,10500
2017-12-29,6.94,11100,0.6(5.71 %),17600,193000000,0,0,10900,11100,10900
2018-01-02,6.62,10600,-0.5(-4.50 %),53740,609730000,0,0,11300,11600,10600
2018-01-03,7.03,11250,0.65(6.13 %),177940,2011000000,0,0,10800,11300,10800
2018-01-04,7.25,11600,0.35(3.11 %),80930,920000000,0,0,11400,11800,11000
2018-01-05,6.94,11100,-0.5(-4.31 %),3500,40000000,0,0,11500,11700,11100
2018-01-08,7.4,11850,0.75(6.76 %),92390,1092000000,0,0,11550,11850,10800
2018-01-09,7.81,12500,0.65(5.49 %),26260,326000000,0,0,12550,12550,12000
2018-01-10,8.0,12800,0.3(2.40 %),11010,140000000,0,0,12000,13200,12000
2018-01-11,7.69,12300,-0.5(-3.91 %),13420,168000000,0,0,12800,12800,12300
2018-01-12,7.69,12300,0(0.00 %),1570,19040000,0,0,11500,12300,11500
2018-01-15,7.19,11500,-0.8(-6.50 %),16950,203390000,0,0,11800,13150,11500
2018-01-16,7.5,12000,0.5(4.35 %),1310,15000000,0,0,11500,12000,11500
2018-01-17,7.75,12400,0.4(3.33 %),60,1000000,0,0,11500,12400,11500
2018-01-18,7.5,12000,-0.4(-3.23 %),4750,57000000,0,0,11600,12100,11600
2018-01-19,7.5,12000,0(0.00 %),0,0,0,0,12000,12000,12000
2018-01-22,7.5,12000,0(0.00 %),5900,71000000,0,0,12000,12000,12000
2018-01-25,8.0,12800,0.8(6.67 %),17200,209000000,0,0,12100,12800,12100
2018-01-26,8.19,13100,0.3(2.34 %),200,3000000,0,0,12900,13100,12900
2018-01-29,8.12,13000,-0.1(-0.76 %),63000,842000000,0,0,13000,13500,13000
2018-01-30,8.5,13600,0.6(4.62 %),1520,21000000,0,0,13600,13600,12100
2018-01-31,8.44,13500,-0.1(-0.74 %),4000,55000000,0,0,13800,13800,13500
2018-02-01,8.44,13500,0(0.00 %),7100,97000000,0,0,14000,14200,13500
2018-02-02,8.62,13800,0.3(2.22 %),10,0,0,0,13800,13800,13800
2018-02-05,8.62,13800,0(0.00 %),3350,46910000,0,0,14700,14700,13000
2018-02-06,8.03,12850,-0.95(-6.88 %),7890,102000000,0,0,12850,13000,12850
2018-02-07,8.56,13700,0.85(6.61 %),500,6850000,0,0,13700,13700,13700
2018-02-08,8.56,13700,0(0.00 %),0,0,0,0,13700,13700,13700
2018-02-09,8.56,13700,0(0.00 %),90,1000000,0,0,12750,13700,12750
2018-02-12,8.56,13700,0(0.00 %),0,0,0,0,13700,13700,13700
2018-02-13,9.13,13550,0.85(6.69 %),10,0,0,0,13550,13550,13550
2018-02-21,8.63,12800,-0.75(-5.54 %),30,0,0,0,14450,14450,12800
2018-02-22,9.17,13600,0.8(6.25 %),1000,13000000,756020,9034439000,12500,13600,11950
2018-02-23,8.53,12650,-0.95(-6.99 %),340,4000000,258350,3513560000,12700,13400,12650
2018-02-26,7.95,11800,-0.85(-6.72 %),910,11000000,0,0,11850,11900,11800
2018-02-27,8.49,12600,0.8(6.78 %),1500,19000000,0,0,12600,12600,12600
2018-02-28,7.95,11800,-0.8(-6.35 %),90,1000000,0,0,11800,11800,11800
2018-03-01,7.58,11250,-0.55(-4.66 %),10,0,0,0,11250,11250,11250
2018-03-02,7.14,10600,-0.65(-5.78 %),20,0,0,0,12000,12000,10600
2018-03-05,7.14,10600,0(0.00 %),30,0,0,0,10600,10600,10600
2018-03-06,7.14,10600,0(0.00 %),810,9000000,0,0,10600,10600,10600
2018-03-07,7.62,11300,0.7(6.60 %),180,2000000,0,0,11300,11300,11300
2018-03-08,7.75,11500,0.2(1.77 %),500,6000000,0,0,11500,11500,11500
2018-03-09,7.75,11500,0(0.00 %),50,1000000,0,0,11500,11500,11500
2018-03-12,8.09,12000,0.5(4.35 %),1600,19000000,0,0,12000,12000,11500
2018-03-13,7.62,11300,-0.7(-5.83 %),1810,21000000,0,0,11500,11500,11300
2018-03-14,7.62,11300,0(0.00 %),50,1000000,0,0,11300,11300,11300
2018-03-15,7.62,11300,0(0.00 %),0,0,0,0,11300,11300,11300
2018-03-16,7.62,11300,0(0.00 %),1500,17000000,0,0,11300,11300,11300
2018-03-19,7.62,11300,0(0.00 %),0,0,0,0,11300,11300,11300
2018-03-20,7.75,11500,0.2(1.77 %),40,0,0,0,11500,11500,11500
2018-03-21,7.75,11500,0(0.00 %),0,0,0,0,11500,11500,11500
2018-03-22,7.75,11500,0(0.00 %),0,0,0,0,11500,11500,11500
2018-03-23,7.75,11500,0(0.00 %),0,0,0,0,11500,11500,11500
2018-03-26,7.21,10700,-0.8(-6.96 %),12020,146000000,0,0,11950,12300,10700
2018-03-27,7.68,11400,0.7(6.54 %),150,2000000,0,0,11400,11400,11400
2018-03-28,7.95,11800,0.4(3.51 %),200,2000000,0,0,11800,11800,11800
2018-03-29,8.49,12600,0.8(6.78 %),400,5000000,0,0,12500,12600,12500
2018-03-30,9.03,13400,0.8(6.35 %),1000,13000000,0,0,13200,13400,13200
2018-04-02,9.37,13900,0.5(3.73 %),1440,19000000,0,0,13400,14000,13400
2018-04-03,9.1,13500,-0.4(-2.88 %),230,3000000,0,0,13500,13500,13500
2018-04-04,9.44,14000,0.5(3.70 %),10,0,0,0,14000,14000,14000
2018-04-05,9.44,14000,0(0.00 %),0,0,0,0,14000,14000,14000
2018-04-06,9.1,13500,-0.5(-3.57 %),7800,107000000,0,0,13800,13800,13500
2018-04-09,9.1,13500,0(0.00 %),0,0,0,0,13500,13500,13500
2018-04-10,8.76,13000,-0.5(-3.70 %),7000,91000000,0,0,13000,13000,13000
2018-04-11,8.76,13000,0(0.00 %),0,0,0,0,13000,13000,13000
2018-04-12,8.9,13200,0.2(1.54 %),35300,463000000,0,0,12100,13400,12100
2018-04-13,8.43,12500,-0.7(-5.30 %),2500,31000000,0,0,12800,12800,12500
2018-04-16,8.16,12100,-0.4(-3.20 %),22030,292000000,0,0,13300,13350,12100
2018-04-17,8.7,12900,0.8(6.61 %),18000,232000000,0,0,12900,12900,12900
2018-04-18,8.7,12900,0(0.00 %),0,0,20000,258000000,12900,12900,12900
2018-04-19,8.7,12900,0(0.00 %),0,0,0,0,12900,12900,12900
2018-04-20,8.7,12900,0(0.00 %),0,0,0,0,12900,12900,12900
2018-04-23,8.7,12900,0(0.00 %),0,0,0,0,12900,12900,12900
2018-04-24,8.7,12900,0(0.00 %),0,0,0,0,12900,12900,12900
2018-04-26,8.09,12000,-0.9(-6.98 %),7200,97000000,0,0,13000,13700,12000
2018-04-27,7.55,11200,-0.8(-6.67 %),10,0,0,0,11200,11200,11200
2018-05-02,8.02,11900,0.7(6.25 %),12950,149000000,0,0,11200,11900,11200
2018-05-03,7.62,11300,-0.6(-5.04 %),24590,310000000,0,0,12200,12700,11300
2018-05-04,8.12,12050,0.75(6.64 %),1030,12000000,0,0,11300,12050,11300
2018-05-07,8.66,12850,0.8(6.64 %),5600,72000000,0,0,12850,12850,11500
2018-05-08,9.23,13700,0.85(6.61 %),40330,551000000,0,0,13450,13700,13450
2018-05-09,9.88,14650,0.95(6.93 %),44620,654000000,0,0,14650,14650,13800
2018-05-10,9.34,13850,-0.8(-5.46 %),1220,18000000,0,0,15000,15000,13850
2018-05-11,8.76,13000,-0.85(-6.14 %),130,2000000,0,0,13550,13550,13000
2018-05-14,8.83,13100,0.1(0.77 %),2000,26000000,0,0,13200,13200,13100
2018-05-15,9.44,14000,0.9(6.87 %),16190,226000000,0,0,14000,14000,13600
2018-05-16,8.83,13100,-0.9(-6.43 %),30,0,190000,2660000000,14500,14800,13100
2018-05-17,8.36,12400,-0.7(-5.34 %),2200,28000000,250000,3500000000,12400,13000,12400
2018-05-18,8.93,13250,0.85(6.85 %),700,9000000,30000,360000000,13250,13250,13250
2018-05-21,9.37,13900,0.65(4.91 %),16870,235000000,0,0,14150,14150,13900
2018-05-22,9.37,13900,0(0.00 %),100,1000000,0,0,13900,13900,13900
2018-05-23,9.2,13650,-0.25(-1.80 %),24090,329000000,0,0,13900,13900,13500
2018-05-24,9.44,14000,0.35(2.56 %),17000,229000000,0,0,13300,14000,12700
2018-05-25,9.44,14000,0(0.00 %),6920,94000000,0,0,13500,14000,13500
2018-05-28,9.64,14000,0.3(2.19 %),7240,94000000,0,0,13100,14000,13000
2018-05-29,9.3,13500,-0.5(-3.57 %),3240,43000000,110000,1595000000,13100,13500,13100
2018-05-30,8.75,12700,-0.8(-5.93 %),7740,100000000,0,0,12850,13500,12600
2018-05-31,9.33,13550,0.85(6.69 %),1110,15000000,0,0,13550,13550,12500
2018-06-01,8.75,12700,-0.85(-6.27 %),1210,15000000,0,0,12700,12700,12700
2018-06-04,9.33,13550,0.85(6.69 %),1000,14000000,0,0,13550,13550,13550
2018-06-05,8.82,12800,-0.75(-5.54 %),5000,64000000,0,0,13050,13050,12800
2018-06-06,9.4,13650,0.85(6.64 %),11500,151000000,0,0,13100,13650,13000
2018-06-07,9.02,13100,-0.55(-4.03 %),4100,54000000,0,0,14000,14000,13100
2018-06-08,9.02,13100,0(0.00 %),380,5000000,0,0,13100,13100,13100
2018-06-11,9.64,14000,0.9(6.87 %),1020,13000000,0,0,13000,14000,13000
2018-06-12,9.85,14300,0.3(2.14 %),2050,27000000,0,0,13100,14300,13100
2018-06-13,9.26,13450,-0.85(-5.94 %),500,7000000,0,0,13300,13500,13300
2018-06-14,9.78,14200,0.75(5.58 %),1120,14000000,0,0,12600,14200,12600
2018-06-15,9.13,13250,-0.95(-6.69 %),4120,57000000,0,0,14000,14000,13250
2018-06-18,8.95,13000,-0.25(-1.89 %),4800,62000000,0,0,13000,13000,13000
2018-06-19,9.23,13400,0.4(3.08 %),29330,373000000,0,0,13000,13400,12500
2018-06-20,9.23,13400,0(0.00 %),0,0,0,0,13400,13400,13400
2018-06-21,8.64,12550,-0.85(-6.34 %),90,1000000,0,0,12550,12550,12550
2018-06-22,8.64,12550,0(0.00 %),0,0,0,0,12550,12550,12550
2018-06-25,8.61,12500,-0.05(-0.40 %),310,4000000,0,0,12500,12500,12500
2018-06-26,8.61,12500,0(0.00 %),0,0,0,0,12500,12500,12500
2018-06-27,8.61,12500,0(0.00 %),0,0,0,0,12500,12500,12500
2018-06-28,8.95,13000,0.5(4.00 %),2290,30000000,0,0,13000,13000,13000
2018-06-29,9.57,13900,0.9(6.92 %),13990,185000000,0,0,12200,13900,12100
2018-07-02,9.57,13900,0(0.00 %),4970,67000000,0,0,13500,13900,13500
2018-07-03,9.71,14100,0.2(1.44 %),11170,151000000,0,0,13700,14100,13500
2018-07-04,9.09,13200,-0.9(-6.38 %),10,0,130000,1820000000,13200,13200,13200
2018-07-05,9.64,14000,0.8(6.06 %),2110,30000000,565250,7461300000,14000,14000,14000
2018-07-06,9.64,14000,0(0.00 %),90,1000000,110680,1549520000,14000,14000,14000
2018-07-09,9.3,13500,-0.5(-3.57 %),10000,135000000,72710,1017940000,13500,13500,13500
2018-07-10,9.3,13500,0(0.00 %),0,0,0,0,13500,13500,13500
2018-07-11,9.3,13500,0(0.00 %),0,0,0,0,13500,13500,13500
2018-07-12,9.23,13400,-0.1(-0.74 %),20,0,0,0,13500,13500,13400
2018-07-13,9.3,13500,0.1(0.75 %),10,0,0,0,13500,13500,13500
2018-07-16,9.3,13500,0(0.00 %),370,5000000,0,0,13500,13500,13500
2018-07-17,9.23,13400,-0.1(-0.74 %),6010,79000000,0,0,13000,13400,12800
2018-07-18,9.23,13400,0(0.00 %),10,0,0,0,13400,13400,13400
2018-07-19,9.16,13300,-0.1(-0.75 %),11030,143000000,0,0,13000,13400,13000
2018-07-20,9.16,13300,0(0.00 %),0,0,0,0,13300,13300,13300
2018-07-23,9.18,12850,0.02(0.16 %),10,0,0,0,12830,12850,12830
2018-07-24,8.57,12000,-0.85(-6.61 %),280,3000000,0,0,12000,13350,12000
2018-07-25,8.0,11200,-0.8(-6.67 %),200,2000000,0,0,11200,11200,11200
2018-07-26,8.0,11200,0(0.00 %),0,0,0,0,11200,11200,11200
2018-07-27,8.53,11950,0.75(6.70 %),500,6000000,0,0,11950,11950,11950
2018-07-30,9.0,12600,0.65(5.44 %),10000,126000000,0,0,12500,12600,12500
2018-07-31,9.42,13200,0.6(4.76 %),10,0,0,0,13200,13200,13200
2018-08-01,9.42,13200,0(0.00 %),0,0,0,0,13200,13200,13200
2018-08-02,9.64,13500,0.3(2.27 %),22100,295000000,863960,11465943000,12500,13500,12500
2018-08-03,9.64,13500,0(0.00 %),2960,39000000,0,0,13600,13600,12700
2018-08-06,9.57,13400,-0.1(-0.74 %),3070,40000000,0,0,13500,13500,13000
2018-08-07,9.57,13400,0(0.00 %),0,0,0,0,13400,13400,13400
2018-08-08,9.28,13000,-0.4(-2.99 %),22700,295000000,0,0,13000,13400,13000
2018-08-09,9.64,13500,0.5(3.85 %),3820,50000000,0,0,13500,13500,13000
2018-08-10,9.64,13500,0(0.00 %),6520,86000000,0,0,13500,13500,13100
2018-08-13,9.85,13800,0.3(2.22 %),25290,341000000,0,0,13500,13800,13500
2018-08-14,10.11,12850,0.3(2.57 %),1100,13000000,0,0,12850,12850,12850
2018-08-15,9.44,11200,-0.8(-6.67 %),1010,11000000,0,0,11200,11200,11200
2018-08-16,8.85,10500,-0.7(-6.25 %),20,0,0,0,10500,10500,10500
2018-08-17,8.42,10000,-0.5(-4.76 %),8760,88000000,0,0,10950,10950,10000
2018-08-20,9.01,10700,0.7(7.00 %),470,5000000,1003300,10238450000,10000,10700,10000
2018-08-21,9.6,11400,0.7(6.54 %),22910,236000000,0,0,11400,11400,10100
2018-08-22,10.24,12150,0.75(6.58 %),24610,298000000,0,0,11500,12150,11500
2018-08-23,10.95,13000,0.85(7.00 %),18600,242000000,0,0,13000,13000,12900
2018-08-24,11.71,13900,0.9(6.92 %),110560,1519000000,0,0,13200,13900,12900
2018-08-27,12.17,14450,0.55(3.96 %),36200,528000000,0,0,14850,14850,14450
2018-08-28,11.67,13850,-0.6(-4.15 %),19520,289000000,0,0,14500,15000,13850
2018-08-29,10.87,12900,-0.95(-6.86 %),20960,270000000,0,0,13000,13000,12900
2018-08-30,11.42,13550,0.65(5.04 %),10,0,0,0,13550,13550,13550
2018-08-31,10.66,12650,-0.9(-6.64 %),10,0,0,0,12650,12650,12650
2018-09-04,10.19,12100,-0.55(-4.35 %),100,1000000,0,0,12100,12100,12100
2018-09-05,9.6,11400,-0.7(-5.79 %),500,6000000,0,0,11400,11400,11400
2018-09-06,8.97,10650,-0.75(-6.58 %),200,2000000,0,0,10650,10650,10650
2018-09-07,9.56,11350,0.7(6.57 %),10,0,0,0,11350,11350,11350
2018-09-10,10.19,12100,0.75(6.61 %),3190,39000000,0,0,12100,12100,12100
2018-09-11,10.87,12900,0.8(6.61 %),1800,23000000,0,0,12900,12900,12900
2018-09-12,11.63,13800,0.9(6.98 %),46540,642000000,0,0,13800,13800,13800
2018-09-13,12.43,14750,0.95(6.88 %),48560,715000000,0,0,14500,14750,12850
2018-09-14,12.38,14700,-0.05(-0.34 %),5260,77000000,0,0,14950,14950,13850
2018-09-17,11.54,13700,-1(-6.80 %),1960,27000000,0,0,13900,14750,13700
2018-09-18,10.95,13000,-0.7(-5.11 %),110,2000000,0,0,14600,14600,13000
2018-09-19,10.53,12500,-0.5(-3.85 %),1420,18000000,0,0,12500,12500,12500
2018-09-20,11.25,13350,0.85(6.80 %),1510,19000000,0,0,13000,13350,12100
2018-09-21,11.79,14000,0.65(4.87 %),300,4000000,0,0,13950,14000,13950
2018-09-24,10.99,13050,-0.95(-6.79 %),170,2000000,0,0,13050,13050,13050
2018-09-25,10.28,12200,-0.85(-6.51 %),1410,17000000,0,0,12200,13000,12200
2018-09-26,10.28,12200,0(0.00 %),0,0,0,0,12200,12200,12200
2018-09-27,9.6,11400,-0.8(-6.56 %),10,0,0,0,11400,11400,11400
2018-09-28,10.24,12150,0.75(6.58 %),1060,13000000,0,0,12150,12150,12150
2018-10-01,10.95,13000,0.85(7.00 %),11170,145000000,0,0,13000,13000,13000
2018-10-02,11.71,13900,0.9(6.92 %),24060,333000000,0,0,12200,13900,12200
2018-10-03,12.51,14850,0.95(6.83 %),32200,478000000,0,0,14800,14850,14800
2018-10-04,11.75,13950,-0.9(-6.06 %),64600,1023000000,0,0,15750,15850,13950
2018-10-05,12.55,14900,0.95(6.81 %),1780,27000000,0,0,14900,14900,14900
2018-10-08,13.4,15900,1(6.71 %),41480,659000000,0,0,15800,15900,15800
2018-10-09,13.48,16000,0.1(0.63 %),9500,155000000,0,0,16450,16950,16000
2018-10-10,13.9,16500,0.5(3.12 %),1500,25000000,0,0,16400,16500,16400
2018-10-11,12.93,15350,-1.15(-6.97 %),1090,17000000,0,0,16500,16500,15350
2018-10-12,13.4,15900,0.55(3.58 %),100,2000000,0,0,15900,15900,15900
2018-10-15,13.4,15900,0(0.00 %),1000,16000000,0,0,15900,15900,15900
2018-10-16,13.4,15900,0(0.00 %),0,0,0,0,15900,15900,15900
2018-10-17,14.07,16700,0.8(5.03 %),4220,71000000,0,0,15900,16900,15900
2018-10-18,13.99,16600,-0.1(-0.60 %),12310,204000000,0,0,16600,16700,16600
2018-10-19,13.9,16500,-0.1(-0.60 %),2500,41000000,0,0,16500,16500,16500
2018-10-22,13.48,16000,-0.5(-3.03 %),3000,49000000,0,0,16500,16500,16000
2018-10-23,13.52,16050,0.05(0.31 %),10,0,0,0,16050,16050,16050
2018-10-24,13.52,16050,0(0.00 %),230,4000000,0,0,16050,16100,16050
2018-10-25,13.48,16000,-0.05(-0.31 %),3000,48000000,0,0,16000,16000,16000
2018-10-26,13.4,15900,-0.1(-0.62 %),1000,16000000,0,0,15900,15900,15900
2018-10-29,13.4,15401,0(0.00 %),0,0,0,0,15401,15401,15401
2018-10-30,13.48,15500,-0.4(-2.52 %),3480,55000000,0,0,15800,15800,15500
2018-10-31,13.48,15500,0(0.00 %),1000,16000000,0,0,15800,15800,15500
2018-11-01,13.48,15500,0(0.00 %),420,6000000,0,0,14450,15800,14450
2018-11-02,13.57,15600,0.1(0.65 %),1210,19000000,0,0,15700,15700,15200
2018-11-05,13.57,15600,0(0.00 %),10,0,0,0,15600,15600,15600
2018-11-06,14.48,16650,1.05(6.73 %),160500,2640000000,0,0,16300,16650,16100
2018-11-07,14.79,17000,0.35(2.10 %),156600,2678000000,0,0,17300,17300,16650
2018-11-08,14.7,16900,-0.1(-0.59 %),22220,376000000,0,0,17000,17000,15850
2018-11-09,14.35,16500,-0.4(-2.37 %),2090,36000000,0,0,17000,17000,16000
2018-11-12,14.53,16700,0.2(1.21 %),7020,117000000,0,0,16000,16800,16000
2018-11-13,13.92,16000,-0.7(-4.19 %),2310,37000000,0,0,16750,16750,16000
2018-11-14,13.05,15000,-1(-6.25 %),220,3000000,0,0,16700,16700,15000
2018-11-15,12.26,14100,-0.9(-6.00 %),450,6000000,0,0,14100,14100,14100
2018-11-16,11.66,13400,-0.7(-4.96 %),690,10000000,0,0,13300,15000,13300
2018-11-19,12.26,14100,0.7(5.22 %),260,4000000,0,0,14100,14100,14100
2018-11-20,12.79,14700,0.6(4.26 %),6120,90000000,0,0,15000,15000,14700
2018-11-21,13.05,15000,0.3(2.04 %),5810,85000000,0,0,14700,15000,14700
2018-11-22,13.92,16000,1(6.67 %),2200,33000000,0,0,15000,16000,15000
2018-11-23,14.31,16450,0.45(2.81 %),10010,164000000,0,0,16000,16450,16000
2018-11-26,14.48,16650,0.2(1.22 %),5000,83000000,0,0,16700,16700,16650
2018-11-27,13.57,15600,-1.05(-6.31 %),1090,17000000,0,0,16500,16650,15600
2018-11-28,14.35,16500,0.9(5.77 %),10,0,0,0,16500,16500,16500
2018-11-29,14.26,16400,-0.1(-0.61 %),15000,246000000,0,0,16400,16400,16400
2018-11-30,14.26,16400,0(0.00 %),0,0,0,0,16400,16400,16400
2018-12-03,14.48,16650,0.25(1.52 %),4800,80000000,0,0,16400,16650,16400
2018-12-04,14.48,16650,0(0.00 %),0,0,0,0,16650,16650,16650
2018-12-05,14.48,16650,0(0.00 %),0,0,0,0,16650,16650,16650
2018-12-06,14.48,16650,0(0.00 %),0,0,0,0,16650,16650,16650
2018-12-07,13.66,15700,-0.95(-5.71 %),20,0,0,0,16600,16600,15700
2018-12-10,12.79,14700,-1(-6.37 %),1190,18000000,0,0,15000,15000,14700
2018-12-11,13.53,15550,0.85(5.78 %),16740,260000000,0,0,14700,15550,14700
2018-12-12,13.53,15550,0(0.00 %),0,0,0,0,15550,15550,15550
2018-12-13,13.53,15550,0(0.00 %),0,0,0,0,15550,15550,15550
2018-12-14,13.53,15550,0(0.00 %),50,1000000,0,0,15550,15550,15550
2018-12-17,13.53,15550,0(0.00 %),0,0,0,0,15550,15550,15550
2018-12-18,13.57,15600,0.05(0.32 %),500,8000000,0,0,15600,15600,15600
2018-12-19,13.57,15600,0(0.00 %),0,0,0,0,15600,15600,15600
2018-12-20,12.66,14550,-1.05(-6.73 %),1000,15000000,0,0,14550,14550,14550
2018-12-21,13.48,15500,0.95(6.53 %),2540,37000000,0,0,13600,15500,13600
2018-12-24,12.61,14500,-1(-6.45 %),3530,51000000,0,0,14500,14500,14500
2018-12-25,13.05,15000,0.5(3.45 %),11350,161000000,0,0,15000,15000,13500
2018-12-26,13.05,15000,0(0.00 %),0,0,0,0,15000,15000,15000
2018-12-27,12.18,14000,-1(-6.67 %),1060,15000000,0,0,13950,14000,13950
2018-12-28,11.39,13100,-0.9(-6.43 %),2090,27000000,0,0,13100,13100,13100
2019-01-02,10.74,12350,-0.75(-5.73 %),2460,31000000,0,0,12350,13100,12350
2019-01-03,10.13,11650,-0.7(-5.67 %),11200,131000000,0,0,11650,13000,11650
2019-01-04,10.71,12000,0.65(5.73 %),8030,96000000,0,0,12000,12000,12000
2019-01-07,11.43,12800,0.8(6.67 %),34050,415000000,0,0,12000,12800,12000
2019-01-08,11.25,12600,-0.2(-1.56 %),26610,330000000,0,0,13650,13650,12200
2019-01-09,11.25,12600,0(0.00 %),100510,1226000000,0,0,12200,12600,12200
2019-01-10,10.89,12200,-0.4(-3.17 %),17000,207000000,0,0,12200,12200,12200
2019-01-11,10.45,11700,-0.5(-4.10 %),760,9000000,0,0,11700,11700,11700
2019-01-14,11.07,12400,0.7(5.98 %),1200,15000000,0,0,12400,12400,12400
2019-01-15,11.16,12500,0.1(0.81 %),2100,26000000,0,0,12400,12500,12400
2019-01-16,11.79,13200,0.7(5.60 %),107050,1348000000,0,0,12500,13200,12300
2019-01-17,12.05,13500,0.3(2.27 %),75000,964000000,220000,2970000000,12600,13500,12600
2019-01-18,12.05,13500,0(0.00 %),0,0,186000,2511000000,13500,13500,13500
2019-01-21,12.05,13500,0(0.00 %),0,0,0,0,13500,13500,13500
2019-01-22,11.34,12700,-0.8(-5.93 %),73520,1014000000,0,0,12700,13800,12700
2019-01-23,11.61,13000,0.3(2.36 %),10,0,0,0,13000,13000,13000
2019-01-24,11.43,12800,-0.2(-1.54 %),28230,362000000,0,0,12800,13000,12800
2019-01-25,11.43,12800,0(0.00 %),0,0,0,0,12800,12800,12800
2019-01-28,11.38,12750,-0.05(-0.39 %),5090,66000000,0,0,12900,12900,12750
2019-01-29,11.38,12750,0(0.00 %),0,0,0,0,12750,12750,12750
2019-01-30,11.07,12400,-0.35(-2.75 %),30,0,0,0,11900,12400,11900
2019-01-31,11.79,13200,0.8(6.45 %),5100,67000000,0,0,13200,13200,13200
2019-02-01,11.79,13200,0(0.00 %),710,9000000,0,0,14000,14000,13200
2019-02-11,10.98,12300,-0.9(-6.82 %),10,0,0,0,12300,12300,12300
2019-02-12,10.71,12000,-0.3(-2.44 %),40,0,0,0,12000,13150,12000
2019-02-13,10.71,12000,0(0.00 %),33200,398000000,0,0,12800,12800,12000
2019-02-14,10.71,12000,0(0.00 %),20,0,0,0,12000,12000,12000
2019-02-15,10.71,12000,0(0.00 %),0,0,0,0,12000,12000,12000
2019-02-18,10.71,12000,0(0.00 %),0,0,0,0,12000,12000,12000
2019-02-19,10.71,12000,0(0.00 %),0,0,0,0,12000,12000,12000
2019-02-20,11.43,12800,0.8(6.67 %),1290,16000000,0,0,12700,12800,12700
2019-02-21,11.43,12800,0(0.00 %),0,0,0,0,12800,12800,12800
2019-02-22,11.43,12800,0(0.00 %),0,0,0,0,12800,12800,12800
2019-02-25,11.43,12800,0(0.00 %),0,0,0,0,12800,12800,12800
2019-02-26,11.96,13400,0.6(4.69 %),10,0,0,0,13400,13400,13400
2019-02-27,12.05,13500,0.1(0.75 %),10,0,0,0,13500,13500,13500
2019-02-28,12.05,13500,0(0.00 %),0,0,0,0,13500,13500,13500
2019-03-01,12.5,14000,0.5(3.70 %),5110,74000000,0,0,14300,14400,14000
2019-03-04,13.35,14950,0.95(6.79 %),140100,2089000000,0,0,14900,14950,14700
2019-03-05,14.24,15950,1(6.69 %),353030,5595000000,0,0,15500,15950,15200
2019-03-06,15.22,17050,1.1(6.90 %),442990,7491000000,0,0,16900,17050,15950
2019-03-07,15.8,17700,0.65(3.81 %),2000,35000000,0,0,17700,17700,17700
2019-03-08,15.27,17100,-0.6(-3.39 %),3000,51000000,0,0,17100,17100,17100
2019-03-11,14.29,16000,-1.1(-6.43 %),306100,5231000000,0,0,17100,17100,16000
2019-03-12,15.18,17000,1(6.25 %),1030,15000000,220000,3300000000,14900,17000,14900
2019-03-13,14.29,16000,-1(-5.88 %),100,2000000,0,0,16000,16000,16000
2019-03-14,14.29,16000,0(0.00 %),0,0,0,0,16000,16000,16000
2019-03-15,15.18,17000,1(6.25 %),420,7000000,0,0,16200,17000,16200
2019-03-18,15.18,17000,0(0.00 %),0,0,0,0,17000,17000,17000
2019-03-19,14.2,15900,-1.1(-6.47 %),10,0,0,0,15900,15900,15900
2019-03-20,14.2,15900,0(0.00 %),0,0,0,0,15900,15900,15900
2019-03-21,14.2,15900,0(0.00 %),0,0,0,0,15900,15900,15900
2019-03-22,13.39,15000,-0.9(-5.66 %),1720,26000000,0,0,14900,15000,14900
2019-03-25,13.84,15500,0.5(3.33 %),8330,131000000,0,0,15000,16050,15000
2019-03-26,13.84,15500,0(0.00 %),0,0,0,0,15500,15500,15500
2019-03-27,14.64,16400,0.9(5.81 %),74000,1206000000,0,0,16200,16400,16200
2019-03-28,14.37,16100,-0.3(-1.83 %),37020,596000000,0,0,16100,16100,16100
2019-03-29,14.29,16000,-0.1(-0.62 %),110,2000000,0,0,16100,16100,16000
2019-04-01,14.47,16000,0(0.00 %),0,0,0,0,16000,16000,16000
2019-04-02,14.19,15700,-0.3(-1.88 %),3120,49000000,0,0,15700,15800,15700
2019-04-03,13.56,15000,-0.7(-4.46 %),170,3000000,0,0,15000,15000,15000
2019-04-04,12.93,14300,-0.7(-4.67 %),10,0,0,0,13950,14300,13950
2019-04-05,12.93,14300,0(0.00 %),20,0,0,0,14300,14300,14300
2019-04-08,12.93,14300,0(0.00 %),120,2000000,0,0,14300,14300,14300
2019-04-09,12.48,13800,-0.5(-3.50 %),10,0,0,0,13800,13800,13800
2019-04-10,13.34,14750,0.95(6.88 %),710,10000000,0,0,14500,14750,14500
2019-04-11,14.24,15750,1(6.78 %),10,0,0,0,15750,15750,15750
2019-04-12,15.1,16700,0.95(6.03 %),10,0,2853225,44224987500,16700,16700,16700
2019-04-16,15.1,16700,0(0.00 %),0,0,0,0,16700,16700,16700
2019-04-17,15.1,16700,0(0.00 %),0,0,0,0,16700,16700,16700
2019-04-18,15.1,16700,0(0.00 %),0,0,0,0,16700,16700,16700
2019-04-19,14.92,16500,-0.2(-1.20 %),10,0,0,0,16500,16500,16500
2019-04-22,14.92,16500,0(0.00 %),0,0,0,0,16500,16500,16500
2019-04-23,15.42,17050,0.55(3.33 %),3550,60000000,0,0,16500,17050,16500
2019-04-24,16.36,18100,1.05(6.16 %),2230,40000000,0,0,18100,18100,18100
2019-04-25,16.36,18100,0(0.00 %),0,0,0,0,18100,18100,18100
2019-04-26,16.36,18100,0(0.00 %),0,0,0,0,18100,18100,18100
2019-05-02,15.28,16900,-1.2(-6.63 %),80,1000000,0,0,16900,16900,16900
2019-05-03,14.29,15800,-1.1(-6.51 %),400,6000000,0,0,15800,15800,15800
2019-05-06,14.29,15800,0(0.00 %),0,0,300000,5040000000,15800,15800,15800
2019-05-07,15.19,16800,1(6.33 %),20,0,48297,724455000,15000,16800,15000
2019-05-08,15.19,16800,0(0.00 %),0,0,0,0,16800,16800,16800
2019-05-09,15.19,16800,0(0.00 %),0,0,0,0,16800,16800,16800
2019-05-10,15.46,17100,0.3(1.79 %),830,13000000,0,0,15650,17100,15650
2019-05-13,15.46,17100,0(0.00 %),10,0,0,0,17100,17100,17100
2019-05-14,15.19,16800,-0.3(-1.75 %),10,0,0,0,16800,16800,16800
2019-05-15,15.19,16800,0(0.00 %),0,0,0,0,16800,16800,16800
2019-05-16,15.19,16800,0(0.00 %),0,0,0,0,16800,16800,16800
2019-05-17,15.19,16800,0(0.00 %),0,0,0,0,16800,16800,16800
2019-05-20,15.19,16800,0(0.00 %),0,0,0,0,16800,16800,16800
2019-05-21,15.19,16800,0(0.00 %),0,0,0,0,16800,16800,16800
2019-05-22,15.19,16800,0(0.00 %),0,0,0,0,16800,16800,16800
2019-05-23,15.19,16800,0(0.00 %),0,0,0,0,16800,16800,16800
2019-05-24,14.15,15650,-1.15(-6.85 %),2100,33000000,0,0,15650,15650,15650
2019-05-27,13.34,14750,-0.9(-5.75 %),2980,44000000,0,0,14700,15000,14600
2019-05-28,13.34,14750,0(0.00 %),0,0,0,0,14750,14750,14750
2019-05-29,14.19,15700,0.95(6.44 %),120,2000000,0,0,15750,15750,14000
2019-05-30,13.29,14700,-1(-6.37 %),7660,113000000,0,0,16700,16750,14700
2019-05-31,14.01,15500,0.8(5.44 %),10,0,300000,4710000000,15500,15500,15500
2019-06-03,13.06,14450,-1.05(-6.77 %),30010,480000000,0,0,15500,16000,14450
2019-06-04,13.92,15400,0.95(6.57 %),14000,216000000,0,0,15400,15400,15400
2019-06-05,13.92,15400,0(0.00 %),0,0,0,0,15400,15400,15400
2019-06-06,12.97,14350,-1.05(-6.82 %),100,1000000,0,0,14350,14350,14350
2019-06-07,12.07,13350,-1(-6.97 %),50,1000000,0,0,13350,13350,13350
2019-06-10,12.84,14200,0.85(6.37 %),350,5000000,3099700,38793753000,14000,14200,14000
2019-06-11,13.65,15100,0.9(6.34 %),100,2000000,0,0,15100,15100,15100
2019-06-12,14.56,16100,1(6.62 %),60,1000000,0,0,16100,16100,16100
2019-06-13,15.55,17200,1.1(6.83 %),143330,2434000000,9506710,152087570900,16200,17200,16200
2019-06-14,14.47,16000,-1.2(-6.98 %),130310,2370000000,0,0,17500,18400,16000
2019-06-17,14.47,16000,0(0.00 %),1010,17000000,0,0,16500,16500,16000
2019-06-18,13.56,15000,-1(-6.25 %),10,0,0,0,15000,15000,15000
2019-06-19,14.51,16050,1.05(7.00 %),33620,540000000,0,0,16050,16050,16000
2019-06-20,15.51,17150,1.1(6.85 %),85110,1426000000,0,0,16200,17150,16200
2019-06-21,15.6,17250,0.1(0.58 %),100,2000000,0,0,17250,17250,17250
2019-06-24,15.6,17250,0(0.00 %),0,0,0,0,17250,17250,17250
2019-06-25,15.6,17250,0(0.00 %),0,0,0,0,17250,17250,17250
2019-06-26,14.51,16050,-1.2(-6.96 %),1400,23000000,0,0,16050,16300,16050
2019-06-27,14.47,16000,-0.05(-0.31 %),5000,80000000,0,0,16000,16000,16000
2019-06-28,14.47,16000,0(0.00 %),0,0,0,0,16000,16000,16000
2019-07-01,14.47,16000,0(0.00 %),0,0,0,0,16000,16000,16000
2019-07-02,14.47,16000,0(0.00 %),0,0,0,0,16000,16000,16000
2019-07-03,14.47,16000,0(0.00 %),210,4000000,0,0,17050,17050,16000
2019-07-04,14.15,15650,-0.35(-2.19 %),10,0,0,0,17050,17050,15650
2019-07-05,14.15,15650,0(0.00 %),0,0,0,0,15650,15650,15650
2019-07-08,14.15,15650,0(0.00 %),0,0,0,0,15650,15650,15650
2019-07-09,14.15,15650,0(0.00 %),0,0,0,0,15650,15650,15650
2019-07-10,14.01,15500,-0.15(-0.96 %),10,0,0,0,15500,15500,15500
2019-07-11,13.11,14500,-1(-6.45 %),100,1000000,0,0,14500,14500,14500
2019-07-12,13.11,14500,0(0.00 %),110,2000000,0,0,14500,14500,14500
2019-07-15,13.11,14500,0(0.00 %),0,0,0,0,14500,14500,14500
2019-07-16,13.11,14500,0(0.00 %),0,0,0,0,14500,14500,14500
2019-07-17,12.48,13800,-0.7(-4.83 %),10,0,0,0,13800,13800,13800
2019-07-18,12.48,13800,0(0.00 %),0,0,0,0,13800,13800,13800
2019-07-19,11.66,12900,-0.9(-6.52 %),10,0,0,0,12900,12900,12900
2019-07-22,11.75,13000,0.1(0.78 %),8900,116000000,0,0,13000,13000,13000
2019-07-23,11.75,13000,0(0.00 %),0,0,0,0,13000,13000,13000
2019-07-24,11.75,13000,0(0.00 %),2000,26000000,0,0,13000,13000,13000
2019-07-25,10.99,12150,-0.85(-6.54 %),30,0,0,0,12150,12150,12150
2019-07-26,10.99,12150,0(0.00 %),0,0,0,0,12150,12150,12150
2019-07-29,10.99,12150,0(0.00 %),0,0,1700000,19380000000,12150,12150,12150
2019-07-30,11.03,12200,0.05(0.41 %),3000,37000000,0,0,12200,12200,12200
2019-07-31,11.3,12500,0.3(2.46 %),900,11000000,0,0,12500,12500,12500
2019-08-01,11.3,12500,0(0.00 %),0,0,0,0,12500,12500,12500
2019-08-02,11.12,12300,-0.2(-1.60 %),400,5000000,0,0,12500,12500,12300
2019-08-05,11.12,12300,0(0.00 %),1010,13000000,0,0,13150,13150,12300
2019-08-06,11.89,13150,0.85(6.91 %),770,10000000,0,0,13150,13150,13150
2019-08-07,11.89,13150,0(0.00 %),0,0,0,0,13150,13150,13150
2019-08-08,12.7,14050,0.9(6.84 %),1000,14000000,0,0,14050,14050,14050
2019-08-09,13.56,15000,0.95(6.76 %),300,5000000,0,0,15000,15000,15000
2019-08-12,13.56,15000,0(0.00 %),10,0,0,0,15000,15000,15000
2019-08-13,14.51,16050,1.05(7.00 %),2520,40000000,0,0,16050,16050,16050
2019-08-14,13.56,15000,-1.05(-6.54 %),44740,728000000,0,0,16100,16800,15000
2019-08-15,12.84,14200,-0.8(-5.33 %),620,10000000,0,0,16050,16050,14200
2019-08-16,12.84,14200,0(0.00 %),0,0,0,0,14200,14200,14200
2019-08-19,12.21,13500,-0.7(-4.93 %),160,2000000,0,0,15150,15150,13500
2019-08-20,12.21,13500,0(0.00 %),0,0,0,0,13500,13500,13500
2019-08-21,12.21,13500,0(0.00 %),0,0,0,0,13500,13500,13500
2019-08-22,13.02,14400,0.9(6.67 %),10,0,0,0,14400,14400,14400
2019-08-23,12.21,13500,-0.9(-6.25 %),10,0,0,0,13500,13500,13500
2019-08-26,12.21,13500,0(0.00 %),0,0,0,0,13500,13500,13500
2019-08-27,12.21,13500,0(0.00 %),100,1000000,0,0,13500,13500,13500
2019-08-28,13.02,14400,0.9(6.67 %),12900,185000000,0,0,14300,14400,14300
2019-08-29,13.02,14400,0(0.00 %),0,0,0,0,14400,14400,14400
2019-08-30,13.02,14400,0(0.00 %),0,0,0,0,14400,14400,14400
2019-09-03,12.93,14300,-0.1(-0.69 %),80810,1196000000,0,0,14800,14800,14300
2019-09-04,13.11,14500,0.2(1.40 %),39000,566000000,0,0,14800,14800,14500
2019-09-05,13.11,14500,0(0.00 %),0,0,0,0,14500,14500,14500
2019-09-06,13.11,14500,0(0.00 %),0,0,0,0,14500,14500,14500
2019-09-09,12.66,14000,-0.5(-3.45 %),510,8000000,0,0,15300,15300,14000
2019-09-10,12.66,14000,0(0.00 %),15000,210000000,0,0,14000,14000,14000
2019-09-11,12.66,14000,0(0.00 %),0,0,0,0,14000,14000,14000
2019-09-12,12.21,13500,-0.5(-3.57 %),3540,48000000,0,0,13500,13500,13500
2019-09-13,12.3,13600,0.1(0.74 %),13000,177000000,0,0,13600,13600,13600
2019-09-16,12.84,14200,0.6(4.41 %),1550,22000000,0,0,13600,14200,13600
2019-09-17,12.84,14200,0(0.00 %),10,0,0,0,13600,14200,13600
2019-09-18,12.84,14200,0(0.00 %),12000,170000000,0,0,13600,14200,13600
2019-09-19,12.84,14200,0(0.00 %),10300,146000000,0,0,14200,14200,14200
2019-09-20,12.66,14000,-0.2(-1.41 %),12510,189000000,0,0,15150,15150,14000
2019-09-23,12.21,13500,-0.5(-3.57 %),30,0,0,0,14500,14900,13500
2019-09-24,13.02,14400,0.9(6.67 %),3200,46000000,0,0,14400,14400,14400
2019-09-25,13.29,14700,0.3(2.08 %),11580,170000000,0,0,14700,14700,14700
2019-09-26,13.29,14700,0(0.00 %),0,0,0,0,14700,14700,14700
2019-09-27,13.29,14700,0(0.00 %),0,0,0,0,14700,14700,14700
2019-09-30,12.75,14100,-0.6(-4.08 %),13590,192000000,0,0,14100,14100,14100
2019-10-01,12.3,13600,-0.5(-3.55 %),500,7000000,0,0,13600,13600,13600
2019-10-02,12.93,14300,0.7(5.15 %),10,0,0,0,14300,14300,14300
2019-10-03,13.74,15200,0.9(6.29 %),20,0,0,0,15300,15300,15200
2019-10-04,13.74,15200,0(0.00 %),0,0,0,0,15200,15200,15200
2019-10-07,13.38,14800,-0.4(-2.63 %),30,0,0,0,14800,14800,14800
2019-10-08,14.29,15800,1(6.76 %),130,2000000,0,0,14800,15800,14400
2019-10-09,13.29,14700,-1.1(-6.96 %),100,1000000,0,0,14700,14700,14700
2019-10-10,13.29,14700,0(0.00 %),0,0,0,0,14700,14700,14700
2019-10-11,12.84,14200,-0.5(-3.40 %),30,0,0,0,14200,14200,14200
2019-10-14,13.11,14500,0.3(2.11 %),14100,204000000,0,0,14500,14500,14500
2019-10-15,12.21,13500,-1(-6.90 %),2370,32000000,0,0,15000,15000,13500
2019-10-16,11.75,13000,-0.5(-3.70 %),10,0,0,0,13000,13000,13000
2019-10-17,11.75,13000,0(0.00 %),80,1000000,0,0,13000,13000,13000
2019-10-18,11.35,12550,-0.45(-3.46 %),1780,22000000,0,0,12550,12550,12550
2019-10-21,11.93,13200,0.65(5.18 %),10,0,0,0,13200,13200,13200
2019-10-22,12.12,13400,0.2(1.52 %),10,0,0,0,13400,13400,13400
2019-10-23,12.21,13500,0.1(0.75 %),50,1000000,0,0,13500,13500,13500
2019-10-24,11.48,12700,-0.8(-5.93 %),20,0,0,0,13500,13500,12700
2019-10-25,11.35,12550,-0.15(-1.18 %),10,0,0,0,12550,12550,12550
2019-10-28,11.35,12550,0(0.00 %),0,0,0,0,12550,12550,12550
2019-10-29,11.35,12550,0(0.00 %),10,0,0,0,12550,12550,12550
2019-10-30,12.02,13300,0.75(5.98 %),60,1000000,0,0,13300,13300,13100
2019-10-31,12.02,13300,0(0.00 %),0,0,0,0,13300,13300,13300
2019-11-01,12.02,13300,0(0.00 %),0,0,0,0,13300,13300,13300
2019-11-04,11.35,12550,-0.75(-5.64 %),10,0,0,0,12550,12550,12550
2019-11-05,11.17,12350,-0.2(-1.59 %),10,0,0,0,12350,12350,12350
2019-11-06,11.17,12350,0(0.00 %),0,0,0,0,12350,12350,12350
2019-11-07,11.93,13200,0.85(6.88 %),1460,19000000,0,0,12200,13200,12200
2019-11-08,11.12,12300,-0.9(-6.82 %),10,0,0,0,12300,12300,12300
2019-11-11,10.85,12000,-0.3(-2.44 %),10,0,0,0,12000,12000,12000
2019-11-12,10.85,12000,0(0.00 %),0,0,0,0,12000,12000,12000
2019-11-13,10.85,12000,0(0.00 %),0,0,0,0,12000,12000,12000
2019-11-14,10.85,12000,0(0.00 %),0,0,0,0,12000,12000,12000
2019-11-15,10.85,12000,0(0.00 %),0,0,0,0,12000,12000,12000
2019-11-18,10.62,11750,-0.25(-2.08 %),10,0,0,0,11750,11750,11750
2019-11-19,10.62,11750,0(0.00 %),0,0,0,0,11750,11750,11750
2019-11-20,11.35,12550,0.8(6.81 %),3000,38000000,0,0,12550,12550,12550
2019-11-21,12.12,13400,0.85(6.77 %),20400,273000000,0,0,13400,13400,13400
2019-11-22,11.71,12950,-0.45(-3.36 %),130,2000000,0,0,14000,14000,12950
2019-11-25,12.52,13850,0.9(6.95 %),10,0,0,0,13850,13850,13850
2019-11-26,11.75,13000,-0.85(-6.14 %),40,1000000,0,0,14800,14800,13000
2019-11-27,11.08,12250,-0.75(-5.77 %),22910,318000000,0,0,13900,13900,12250
2019-11-28,10.31,11400,-0.85(-6.94 %),10510,138000000,0,0,13100,13100,11400
2019-11-29,10.99,12150,0.75(6.58 %),120,1000000,0,0,12150,12150,12150
2019-12-02,11.75,13000,0.85(7.00 %),120070,1555000000,0,0,12150,13000,12150
2019-12-03,12.57,13900,0.9(6.92 %),157150,2009000000,0,0,13900,13900,12400
2019-12-04,11.75,13000,-0.9(-6.47 %),100870,1432000000,0,0,14200,14200,13000
2019-12-05,12.57,13900,0.9(6.92 %),244290,3203000000,0,0,13000,13900,12100
2019-12-06,12.57,13900,0(0.00 %),1640,23000000,0,0,14200,14200,13900
2019-12-09,13.43,14850,0.95(6.83 %),4280,62000000,0,0,13900,14850,13100
2019-12-10,13.43,14850,0(0.00 %),3010,46000000,0,0,15500,15500,13850
2019-12-11,13.43,14850,0(0.00 %),0,0,0,0,14850,14850,14850
2019-12-12,13.43,14850,0(0.00 %),200,3000000,0,0,13850,14850,13850
2019-12-13,14.33,15850,1(6.73 %),3900,60000000,0,0,13850,15850,13850
2019-12-16,14.19,15700,-0.15(-0.95 %),1000,16000000,0,0,15700,15700,15700
2019-12-17,14.19,15700,0(0.00 %),0,0,0,0,15700,15700,15700
2019-12-18,14.19,15700,0(0.00 %),0,0,0,0,15700,15700,15700
2019-12-19,14.19,15700,0(0.00 %),0,0,0,0,15700,15700,15700
2019-12-20,13.56,15000,-0.7(-4.46 %),10,0,0,0,15000,15000,15000
2019-12-23,13.56,15000,0(0.00 %),0,0,0,0,15000,15000,15000
2019-12-24,12.61,13950,-1.05(-7.00 %),110,2000000,0,0,14900,14900,13950
2019-12-25,12.61,13950,0(0.00 %),270,4000000,0,0,13950,13950,13950
2019-12-26,13.25,14650,0.7(5.02 %),500,7000000,0,0,14650,14650,14650
2019-12-27,13.38,14800,0.15(1.02 %),3450,49000000,0,0,13650,14800,13650
2019-12-30,13.38,14800,0(0.00 %),1020,15000000,0,0,13800,14800,13800
2019-12-31,12.48,13800,-1(-6.76 %),220,3000000,0,0,13800,13800,13800
2020-01-02,12.57,13900,0.1(0.72 %),220,3000000,0,0,13900,13900,13900
2020-01-03,11.75,13000,-0.9(-6.47 %),200,3000000,0,0,13000,13000,13000
2020-01-06,11.35,12550,-0.45(-3.46 %),20,0,0,0,13000,13000,12550
2020-01-07,12.12,13400,0.85(6.77 %),110,1000000,0,0,13400,13400,13400
2020-01-08,12.12,13400,0(0.00 %),0,0,0,0,13400,13400,13400
2020-01-09,12.88,14250,0.85(6.34 %),10,0,0,0,14250,14250,14250
2020-01-10,12.88,14250,0(0.00 %),0,0,0,0,14250,14250,14250
2020-01-13,12.02,13300,-0.95(-6.67 %),610,8000000,0,0,13500,13500,13300
2020-01-14,12.75,14100,0.8(6.02 %),1000,14000000,0,0,14100,14100,14100
2020-01-15,12.75,14100,0(0.00 %),0,0,0,0,14100,14100,14100
2020-01-16,12.75,14100,0(0.00 %),0,0,0,0,14100,14100,14100
2020-01-17,12.75,14100,0(0.00 %),0,0,0,0,14100,14100,14100
2020-01-20,12.75,14100,0(0.00 %),0,0,0,0,14100,14100,14100
2020-01-21,12.75,14100,0(0.00 %),0,0,0,0,14100,14100,14100
2020-01-22,12.75,14100,0(0.00 %),0,0,0,0,14100,14100,14100
2020-01-30,11.89,13150,-0.95(-6.74 %),60,1000000,0,0,13150,13150,13150
2020-01-31,11.89,13150,0(0.00 %),0,0,0,0,13150,13150,13150
2020-02-03,11.3,12500,-0.65(-4.94 %),3700,46000000,0,0,12500,12500,12500
2020-02-04,11.3,12500,0(0.00 %),0,0,0,0,12500,12500,12500
2020-02-05,12.07,13350,0.85(6.80 %),10,0,0,0,13350,13350,13350
2020-02-06,12.88,14250,0.9(6.74 %),1760,25000000,0,0,14250,14250,14250
2020-02-07,12.84,14200,-0.05(-0.35 %),8680,123000000,0,0,14200,14200,14200
2020-02-10,13.56,15000,0.8(5.63 %),670,10000000,0,0,15150,15150,15000
2020-02-11,13.56,15000,0(0.00 %),0,0,0,0,15000,15000,15000
2020-02-12,13.56,15000,0(0.00 %),0,0,0,0,15000,15000,15000
2020-02-13,12.61,13950,-1.05(-7.00 %),10,0,0,0,13950,13950,13950
2020-02-14,13.47,14900,0.95(6.81 %),10,0,0,0,14900,14900,14900
2020-02-17,13.47,14900,0(0.00 %),0,0,0,0,14900,14900,14900
2020-02-18,13.47,14900,0(0.00 %),0,0,0,0,14900,14900,14900
2020-02-19,13.47,14900,0(0.00 %),0,0,0,0,14900,14900,14900
2020-02-20,13.47,14900,0(0.00 %),0,0,0,0,14900,14900,14900
2020-02-21,12.57,13900,-1(-6.71 %),510,8000000,0,0,14800,15900,13900
2020-02-24,12.57,13900,0(0.00 %),0,0,0,0,13900,13900,13900
2020-02-25,12.57,13900,0(0.00 %),0,0,0,0,13900,13900,13900
2020-02-26,13.43,14850,0.95(6.83 %),10,0,0,0,14850,14850,14850
2020-02-27,14.06,15550,0.7(4.71 %),1500,23000000,0,0,15550,15550,15550
2020-02-28,13.97,15450,-0.1(-0.64 %),10,0,0,0,15450,15450,15450
2020-03-02,14.74,16300,0.85(5.50 %),10,0,0,0,16300,16300,16300
2020-03-03,15.37,17000,0.7(4.29 %),300,5000000,0,0,17000,17000,17000
2020-03-04,15.37,17000,0(0.00 %),0,0,0,0,17000,17000,17000
2020-03-05,15.37,17000,0(0.00 %),300,5000000,0,0,17000,17000,17000
2020-03-06,15.37,17000,0(0.00 %),0,0,0,0,17000,17000,17000
2020-03-09,16.27,18000,1(5.88 %),500,9000000,0,0,18000,18000,18000
2020-03-10,16.27,18000,0(0.00 %),0,0,0,0,18000,18000,18000
2020-03-11,16.27,18000,0(0.00 %),300,5000000,0,0,18000,18000,18000
2020-03-12,15.14,16750,-1.25(-6.94 %),10,0,0,0,16750,16750,16750
2020-03-13,15.14,16750,0(0.00 %),0,0,0,0,16750,16750,16750
2020-03-16,15.14,16750,0(0.00 %),0,0,0,0,16750,16750,16750
2020-03-17,14.1,15600,-1.15(-6.87 %),70,1000000,0,0,15600,17900,15600
2020-03-18,13.16,14550,-1.05(-6.73 %),10,0,0,0,14550,14550,14550
2020-03-19,13.56,15000,0.45(3.09 %),11510,164000000,0,0,13550,15000,13550
2020-03-20,12.61,13950,-1.05(-7.00 %),420,6000000,0,0,13950,13950,13950
2020-03-23,13.47,14900,0.95(6.81 %),30,0,0,0,14900,14900,14900
2020-03-24,13.47,14900,0(0.00 %),10,0,0,0,14900,14900,14900
2020-03-25,13.47,14900,0(0.00 %),0,0,0,0,14900,14900,14900
2020-03-26,12.57,13900,-1(-6.71 %),10,0,0,0,13900,13900,13900
2020-03-27,12.57,13900,0(0.00 %),300,4000000,0,0,13900,13900,12950
2020-03-30,12.57,13900,0(0.00 %),0,0,0,0,13900,13900,13900
2020-03-31,13.43,14850,0.95(6.83 %),120,2000000,0,0,14850,14850,12950
2020-04-01,13.43,14850,0(0.00 %),0,0,0,0,14850,14850,14850
2020-04-03,13.43,14850,0(0.00 %),0,0,0,0,14850,14850,14850
2020-04-06,13.43,14850,0(0.00 %),0,0,0,0,14850,14850,14850
2020-04-07,13.43,14850,0(0.00 %),0,0,0,0,14850,14850,14850
2020-04-08,13.92,15400,0.55(3.70 %),15000,230000000,0,0,15200,15400,15200
2020-04-09,13.92,15400,0(0.00 %),60,1000000,0,0,15400,15400,15400
2020-04-10,13.92,15400,0(0.00 %),0,0,0,0,15400,15400,15400
2020-04-13,13.92,15400,0(0.00 %),0,0,0,0,15400,15400,15400
2020-04-14,14.56,16100,0.7(4.55 %),9300,150000000,0,0,16100,16100,16100
2020-04-15,14.56,16100,0(0.00 %),0,0,0,0,16100,16100,16100
2020-04-16,14.56,16100,0(0.00 %),0,0,0,0,16100,16100,16100
2020-04-17,14.56,16100,0(0.00 %),0,0,0,0,16100,16100,16100
2020-04-20,14.56,16100,0(0.00 %),0,0,0,0,16100,16100,16100
2020-04-21,14.56,16100,0(0.00 %),0,0,0,0,16100,16100,16100
2020-04-22,14.56,16100,0(0.00 %),0,0,0,0,16100,16100,16100
2020-04-23,15.55,17200,1.1(6.83 %),10,0,0,0,17200,17200,17200
2020-04-24,15.64,17300,0.1(0.58 %),10,0,0,0,17300,17300,17300
2020-04-27,15.64,17300,0(0.00 %),0,0,0,0,17300,17300,17300
2020-04-28,15.64,17300,0(0.00 %),0,0,0,0,17300,17300,17300
2020-04-29,15.64,17300,0(0.00 %),0,0,0,0,17300,17300,17300
2020-05-04,15.64,17300,0(0.00 %),0,0,0,0,17300,17300,17300
2020-05-05,14.56,16100,-1.2(-6.94 %),130,2000000,0,0,18500,18500,16100
2020-05-06,15.51,17150,1.05(6.52 %),10,0,0,0,17150,17150,17150
2020-05-07,15.51,17150,0(0.00 %),0,0,0,0,17150,17150,17150
2020-05-08,16.59,18350,1.2(7.00 %),100,2000000,0,0,17150,18350,17150
2020-05-11,16.59,18350,0(0.00 %),0,0,0,0,18350,18350,18350
2020-05-12,17.72,19600,1.25(6.81 %),100,2000000,0,0,19600,19600,19600
2020-05-13,17.72,19600,0(0.00 %),0,0,0,0,19600,19600,19600
2020-05-14,17.72,19600,0(0.00 %),0,0,0,0,19600,19600,19600
2020-05-15,17.72,19600,0(0.00 %),0,0,0,0,19600,19600,19600
2020-05-18,17.72,19600,0(0.00 %),0,0,0,0,19600,19600,19600
2020-05-19,18.53,20500,0.9(4.59 %),10,0,0,0,20500,20500,20500
2020-05-20,18.53,20500,0(0.00 %),0,0,0,0,20500,20500,20500
2020-05-21,17.27,19100,-1.4(-6.83 %),2180,42000000,0,0,20000,21900,19100
2020-05-22,16.09,17800,-1.3(-6.81 %),400,7000000,0,0,17800,17800,17800
2020-05-25,15.01,16600,-1.2(-6.74 %),1190,20000000,0,0,19000,19000,16600
2020-05-26,13.97,15450,-1.15(-6.93 %),12820,198000000,0,0,15450,15450,15450
2020-05-27,13.02,14400,-1.05(-6.80 %),6040,87000000,0,0,14400,15000,14400
2020-05-28,12.21,13500,-0.9(-6.25 %),7750,104000000,0,0,13400,14850,13400
2020-05-29,11.39,12600,-0.9(-6.67 %),2310,29000000,0,0,12600,12800,12600
2020-06-01,12.16,13450,0.85(6.75 %),57500,758000000,0,0,12300,13450,12300
2020-06-02,12.16,13450,0(0.00 %),2810,37000000,0,0,13450,13450,12550
2020-06-03,11.75,13000,-0.45(-3.35 %),13080,169000000,0,0,13000,13100,12550
2020-06-04,11.75,13000,0(0.00 %),66460,846000000,0,0,13000,13000,12600
2020-06-05,11.3,12500,-0.5(-3.85 %),410,5000000,0,0,12100,13700,12100
2020-06-08,11.48,12700,0.2(1.60 %),36180,460000000,0,0,13000,13000,12700
2020-06-09,12.02,13300,0.6(4.72 %),940,12000000,0,0,12700,13300,12700
2020-06-10,11.57,12800,-0.5(-3.76 %),36600,470000000,0,0,13300,13300,12800
2020-06-11,11.03,12200,-0.6(-4.69 %),1160,15000000,0,0,12800,12800,12200
2020-06-12,11.03,12200,0(0.00 %),790,10000000,0,0,12200,12200,12200
2020-06-15,11.03,12200,0(0.00 %),200,2000000,0,0,12200,12200,12200
2020-06-16,11.75,13000,0.8(6.56 %),1100,14000000,0,0,12200,13000,12200
2020-06-17,11.12,12300,-0.7(-5.38 %),26000,320000000,0,0,12300,12300,12300
2020-06-18,11.12,12300,0(0.00 %),19000,233000000,0,0,11850,12300,11850
2020-06-19,11.75,13000,0.7(5.69 %),3100,40000000,0,0,12300,13150,12300
2020-06-22,11.12,12300,-0.7(-5.38 %),29030,356000000,0,0,13100,13100,12200
2020-06-23,11.17,12350,0.05(0.41 %),21000,259000000,0,0,12350,12350,12350
2020-06-24,11.17,12350,0(0.00 %),0,0,0,0,12350,12350,12350
2020-06-25,11.12,12300,-0.05(-0.40 %),260,3000000,0,0,12300,12300,12300
2020-06-26,11.12,12300,0(0.00 %),10,0,0,0,12300,12300,12300
2020-06-29,11.12,12300,0(0.00 %),1270,16000000,0,0,12300,12400,12300
2020-06-30,11.12,12300,0(0.00 %),0,0,0,0,12300,12300,12300
2020-07-01,11.3,12500,0.2(1.63 %),200,3000000,0,0,12500,12500,12500
2020-07-02,11.3,12500,0(0.00 %),0,0,0,0,12500,12500,12500
2020-07-03,11.3,12500,0(0.00 %),10,0,0,0,12500,12500,12500
2020-07-06,11.3,12500,0(0.00 %),0,0,0,0,12500,12500,12500
2020-07-07,11.3,12500,0(0.00 %),320,4000000,0,0,12500,12500,12500
2020-07-08,10.58,11700,-0.8(-6.40 %),4940,58000000,0,0,11700,11700,11700
2020-07-09,9.86,10900,-0.8(-6.84 %),1820,21000000,0,0,11700,12400,10900
2020-07-10,9.18,10150,-0.75(-6.88 %),9390,104000000,964047,9785077050,11650,11650,10150
2020-07-13,8.54,9450,-0.71(-7.00 %),9350,89000000,2143918,20238585920,10200,10200,9450
2020-07-14,7.94,8780,-0.66(-6.99 %),10630,96000000,0,0,10000,10000,8780
2020-07-15,8.49,9390,0.61(6.95 %),10,0,0,0,9390,9390,9390
2020-07-16,9.04,10000,0.61(6.50 %),60,1000000,4647615,40620155100,10000,10000,10000
2020-07-17,9.67,10700,0.7(7.00 %),650,7000000,0,0,10700,10700,10700
2020-07-20,10.31,11400,0.7(6.54 %),280,3000000,0,0,11400,11400,11400
2020-07-21,10.99,12150,0.75(6.58 %),9170,111000000,0,0,12150,12150,11500
2020-07-22,11.71,12950,0.8(6.58 %),7900,102000000,0,0,13000,13000,12900
2020-07-23,11.75,13000,0.05(0.39 %),5270,69000000,0,0,13000,13000,13000
2020-07-24,10.94,12100,-0.9(-6.92 %),530,6000000,0,0,12100,12100,12100
2020-07-27,11.03,12200,0.1(0.83 %),3000,34000000,0,0,11300,12200,11300
2020-07-28,11.12,12300,0.1(0.82 %),10,0,0,0,12300,12300,12300
2020-07-29,11.3,12500,0.2(1.63 %),40,0,0,0,12300,12500,12300
2020-07-30,10.8,11950,-0.55(-4.40 %),1950,23000000,0,0,11650,11950,11650
2020-07-31,10.8,11950,0(0.00 %),70,1000000,0,0,11900,11950,11900
2020-08-03,10.85,12000,0.05(0.42 %),1300,15000000,0,0,11200,12000,11200
2020-08-04,11.26,12450,0.45(3.75 %),10,0,0,0,12450,12450,12450
2020-08-05,10.58,11700,-0.75(-6.02 %),1360,16000000,0,0,12000,12000,11700
2020-08-06,10.58,11700,0(0.00 %),0,0,0,0,11700,11700,11700
2020-08-07,10.58,11700,0(0.00 %),4040,47000000,0,0,12000,12000,11700
2020-08-10,10.85,12000,0.3(2.56 %),3380,38000000,0,0,12150,12150,11100
2020-08-11,10.85,12000,0(0.00 %),10,0,0,0,12000,12000,12000
2020-08-12,10.76,11900,-0.1(-0.83 %),880,10000000,0,0,11900,12000,11900
2020-08-13,10.58,11700,-0.2(-1.68 %),11590,135000000,0,0,11550,11700,11550
2020-08-14,10.58,11700,0(0.00 %),5000,59000000,0,0,11700,11700,11700
2020-08-17,9.86,10900,-0.8(-6.84 %),30,0,0,0,10900,10900,10900
2020-08-18,9.99,11050,0.15(1.38 %),2450,29000000,0,0,11650,11650,11050
2020-08-19,10.67,11800,0.75(6.79 %),780,9000000,0,0,11800,11800,11800
2020-08-20,9.99,11050,-0.75(-6.36 %),210,2000000,0,0,11000,12600,11000
2020-08-21,10.67,11800,0.75(6.79 %),7750,85000000,0,0,10300,11800,10300
2020-08-24,10.67,11800,0(0.00 %),0,0,0,0,11800,11800,11800
2020-08-25,10.67,11800,0(0.00 %),0,0,0,0,11800,11800,11800
2020-08-26,11.12,12300,0.5(4.24 %),80,1000000,0,0,11700,12300,11000
2020-08-27,11.12,12300,0(0.00 %),0,0,0,0,12300,12300,12300
2020-08-28,11.12,12300,0(0.00 %),0,0,0,0,12300,12300,12300
2020-08-31,11.12,12300,0(0.00 %),0,0,0,0,12300,12300,12300
2020-09-01,11.12,12300,0(0.00 %),0,0,0,0,12300,12300,12300
2020-09-03,11.03,12200,-0.1(-0.81 %),3140,36000000,0,0,11450,12200,11450
2020-09-04,10.26,11350,-0.85(-6.97 %),1660,19000000,0,0,11350,12600,11350
2020-09-07,10.26,11350,0(0.00 %),9280,100000000,0,0,12100,12100,10650
2020-09-08,10.94,12100,0.75(6.61 %),2540,27000000,0,0,12100,12100,10700
2020-09-09,11.26,12450,0.35(2.89 %),2550,30000000,0,0,12500,12500,11300
2020-09-10,10.49,11600,-0.85(-6.83 %),1090,13000000,0,0,11600,11600,11600
2020-09-11,9.95,11000,-0.6(-5.17 %),3090,34000000,0,0,10850,11000,10800
2020-09-14,9.58,10600,-0.4(-3.64 %),10,0,0,0,10600,10600,10600
2020-09-15,9.58,10600,0(0.00 %),0,0,0,0,10600,10600,10600
2020-09-16,10.22,11300,0.7(6.60 %),4750,51000000,0,0,10600,11300,10600
2020-09-17,9.9,10950,-0.35(-3.10 %),8650,92000000,0,0,10650,10950,10550
2020-09-18,9.95,11000,0.05(0.46 %),1000,11000000,0,0,11000,11000,11000
2020-09-21,9.27,10250,-0.75(-6.82 %),15660,162000000,0,0,10550,11000,10250
2020-09-22,9.49,10500,0.25(2.44 %),10,162000000,0,0,10500,10500,10500
2020-09-23,9.58,10600,0.1(0.95 %),4040,42000000,0,0,10200,10800,10100
2020-09-24,9.95,11000,0.4(3.77 %),1010,10000000,0,0,10100,11000,10100
2020-09-25,9.95,11000,0(0.00 %),3520,36000000,0,0,10250,11000,10250
2020-09-28,9.31,10300,-0.7(-6.36 %),6900,71000000,0,0,10250,10300,10250
2020-09-29,9.31,10300,0(0.00 %),0,0,0,0,10300,10300,10300
2020-09-30,9.22,10200,-0.1(-0.97 %),2100,21000000,0,0,9800,10200,9800
2020-10-01,8.87,9810,-0.39(-3.82 %),320,3000000,0,0,10850,10850,9810
2020-10-02,9.4,10400,0.59(6.01 %),1740,17000000,0,0,10300,10400,9400
2020-10-05,9.58,10600,0.2(1.92 %),1390,14000000,0,0,10000,10600,9800
2020-10-06,8.91,9860,-0.74(-6.98 %),5520,54000000,0,0,10800,10800,9860
2020-10-07,9.04,10000,0.14(1.42 %),100,1000000,0,0,9880,10000,9860
2020-10-08,8.95,9900,-0.1(-1.00 %),6460,61000000,0,0,10000,10350,9400
2020-10-09,8.35,9230,-0.67(-6.77 %),3720,35000000,0,0,9450,9500,9210
2020-10-12,8.77,9700,0.47(5.09 %),4050,40000000,0,0,9860,9870,9700
2020-10-13,8.95,9900,0.2(2.06 %),1160,11000000,0,0,10200,10200,9100
2020-10-14,8.68,9600,-0.3(-3.03 %),2870,28000000,0,0,9500,9600,9500
2020-10-15,8.41,9300,-0.3(-3.12 %),10,0,0,0,9300,9300,9300
2020-10-16,8.59,9500,0.2(2.15 %),860,8000000,0,0,9300,9940,8650
2020-10-19,9.0,9950,0.45(4.74 %),1510,13000000,0,0,8850,9950,8850
2020-10-20,8.77,9700,-0.25(-2.51 %),7830,73000000,0,0,9260,9950,9260
2020-10-21,8.91,9850,0.15(1.55 %),410,4000000,0,0,10200,10200,9030
2020-10-22,8.91,9850,0(0.00 %),10,0,0,0,9850,9850,9850
2020-10-23,8.29,9170,-0.68(-6.90 %),13020,119000000,0,0,9990,9990,9170
2020-10-26,7.82,8650,-0.52(-5.67 %),2680,23000000,0,0,9170,9170,8650
2020-10-27,7.41,8200,-0.45(-5.20 %),2960,25000000,0,0,8590,8990,8200
2020-10-28,7.14,7900,-0.3(-3.66 %),6560,52000000,0,0,8000,8100,7900
2020-10-29,7.23,8000,0.1(1.27 %),3050,24000000,0,0,8230,8230,8000
2020-10-30,7.52,8320,0.32(4.00 %),10,0,0,0,8320,8320,8320
2020-11-02,7.69,8500,0.18(2.16 %),2560,20000000,0,0,7860,8700,7860
2020-11-03,7.64,8450,-0.05(-0.59 %),4120,33000000,0,0,8000,8550,8000
2020-11-04,7.9,8740,0.29(3.43 %),220,2000000,0,0,8800,8800,8450
2020-11-05,7.36,8140,-0.6(-6.86 %),510,4000000,0,0,8140,8140,8140
2020-11-06,7.66,8470,0.33(4.05 %),1980,16000000,0,0,8160,8470,8160
2020-11-09,7.95,8790,0.32(3.78 %),770,7000000,0,0,8470,8790,8350
2020-11-10,7.71,8530,-0.26(-2.96 %),1060,9000000,0,0,8700,8700,8500
2020-11-11,7.71,8530,0(0.00 %),0,0,0,0,8530,8530,8530
2020-11-12,7.7,8520,-0.01(-0.12 %),7180,58000000,0,0,8200,8520,8020
2020-11-13,7.69,8500,-0.02(-0.23 %),2700,23000000,0,0,8500,8500,8500
2020-11-16,7.23,8000,-0.5(-5.88 %),10,0,0,0,8000,8000,8000
2020-11-17,7.55,8350,0.35(4.38 %),1040,8000000,0,0,8000,8350,8000
2020-11-18,7.5,8300,-0.05(-0.60 %),4010,33000000,0,0,8100,8310,8100
2020-11-19,7.55,8350,0.05(0.60 %),1890,16000000,0,0,8300,8500,8300
2020-11-20,7.69,8500,0.15(1.80 %),420,4000000,0,0,8350,8500,8350
2020-11-23,7.41,8200,-0.3(-3.53 %),4070,33000000,0,0,8200,8550,8200
2020-11-24,7.41,8200,0(0.00 %),2440,20000000,0,0,8200,8680,8200
2020-11-25,7.55,8350,0.15(1.83 %),30,0,0,0,8200,8350,8200
2020-11-26,7.55,8350,0(0.00 %),0,0,0,0,8350,8350,8350
2020-11-27,7.55,8350,0(0.00 %),0,0,0,0,8350,8350,8350
2020-11-30,7.59,8400,0.05(0.60 %),1000,8000000,0,0,8400,8400,8400
2020-12-01,7.59,8400,0(0.00 %),830,7000000,0,0,7840,8490,7840
2020-12-02,7.59,8400,0(0.00 %),80,1000000,0,0,8400,8400,8400
2020-12-03,7.69,8500,0.1(1.19 %),2290,19000000,0,0,8400,8650,8300
2020-12-04,7.69,8500,0(0.00 %),30,0,0,0,8500,8500,8500
2020-12-07,7.69,8500,0(0.00 %),0,0,0,0,8500,8500,8500
2020-12-08,7.82,8650,0.15(1.76 %),6310,55000000,0,0,8500,8800,8500
2020-12-09,7.82,8650,0(0.00 %),140,1000000,0,0,8650,8650,8650
2020-12-10,7.87,8700,0.05(0.58 %),420,4000000,0,0,8700,8700,8700
2020-12-11,7.69,8500,-0.2(-2.30 %),450,4000000,0,0,8100,9300,8100
2020-12-14,7.87,8700,0.2(2.35 %),140,1000000,0,0,8500,8700,8400
2020-12-15,7.87,8700,0(0.00 %),990,9000000,0,0,8700,8700,8700
2020-12-16,7.64,8450,-0.25(-2.87 %),100,1000000,0,0,8450,8450,8450
2020-12-17,7.69,8500,0.05(0.59 %),1070,9000000,0,0,8500,8500,8500
2020-12-18,7.69,8500,0(0.00 %),240,2000000,0,0,8500,8500,8500
2020-12-21,7.69,8500,0(0.00 %),90,1000000,0,0,8500,8500,8500
2020-12-22,8.14,9000,0.5(5.88 %),1010,9000000,0,0,8500,9000,8500
2020-12-23,8.14,9000,0(0.00 %),500,5000000,0,0,9630,9630,9000
2020-12-24,7.87,8700,-0.3(-3.33 %),2140,19000000,0,0,9000,9000,8700
2020-12-25,8.41,9300,0.6(6.90 %),4240,39000000,0,0,8800,9300,8800
2020-12-28,8.41,9300,0(0.00 %),0,0,0,0,9300,9300,9300
2020-12-29,8.41,9300,0(0.00 %),30,0,0,0,9300,9300,9300
2020-12-30,8.05,8900,-0.4(-4.30 %),1560,14000000,0,0,9300,9300,8810
2020-12-31,8.5,9400,0.5(5.62 %),580,5000000,0,0,8900,9400,8900
2021-01-04,9.04,10000,0.6(6.38 %),2700,26000000,0,0,9400,10050,9400
2021-01-05,9.04,10000,0(0.00 %),1100,12000000,0,0,10000,10700,10000
2021-01-06,9.67,10000,0(0.00 %),2800,27000000,0,0,9800,10000,9500
2021-01-07,9.01,9310,-0.69(-6.90 %),3000,28000000,0,0,9300,10000,9300
2021-01-08,8.51,8800,-0.51(-5.48 %),3200,28000000,0,0,8800,8800,8800
2021-01-11,8.51,8800,0(0.00 %),6600,58000000,0,0,8700,8800,8700
2021-01-12,8.22,8500,-0.3(-3.41 %),300,3000000,0,0,8400,8500,8400
2021-01-13,8.71,9000,0.5(5.88 %),2800,25000000,0,0,8500,9000,8500
2021-01-14,9.29,9600,0.6(6.67 %),7300,70000000,0,0,9500,9600,9500
2021-01-15,9.2,9510,-0.09(-0.94 %),1700,17000000,0,0,10200,10200,9510
2021-01-18,8.56,8850,-0.66(-6.94 %),3600,32000000,0,0,9400,9400,8850
2021-01-19,8.56,8850,0(0.00 %),1000,9000000,0,0,8850,8850,8850
2021-01-20,8.51,8800,-0.05(-0.56 %),6500,57000000,0,0,8800,8850,8800
2021-01-21,7.94,8210,-0.59(-6.70 %),4100,34000000,0,0,8190,9000,8190
2021-01-22,7.98,8250,0.04(0.49 %),3700,31000000,0,0,8740,8740,8250
2021-01-25,7.99,8260,0.01(0.12 %),1600,13000000,0,0,8260,8260,8260
2021-01-26,8.21,8490,0.23(2.78 %),4100,34000000,0,0,8260,8490,7690
2021-01-27,7.75,8010,-0.48(-5.65 %),12300,98000000,0,0,8000,8010,7910
2021-01-28,7.74,8000,-0.01(-0.12 %),5000,38000000,0,0,7600,8570,7460
2021-01-29,7.73,7990,-0.01(-0.12 %),200,2000000,0,0,7990,7990,7990
2021-02-01,8.12,8390,0.4(5.01 %),400,3000000,0,0,8390,8390,8390
2021-02-02,8.11,8380,-0.01(-0.12 %),7900,62000000,0,0,7810,8380,7810
2021-02-03,7.64,7900,-0.48(-5.73 %),1100,9000000,0,0,7810,8240,7800
2021-02-04,7.64,7900,0(0.00 %),2200,18000000,0,0,8000,8000,7900
2021-02-05,7.26,7500,-0.4(-5.06 %),2100,17000000,0,0,7910,7910,7500
2021-02-08,7.74,8000,0.5(6.67 %),1100,9000000,0,0,7500,8020,7500
2021-02-09,8.21,8490,0.49(6.12 %),2000,17000000,0,0,8000,8490,8000
2021-02-17,8.13,8400,-0.09(-1.06 %),4000,33000000,0,0,9050,9050,8000
2021-02-18,8.69,8980,0.58(6.90 %),11800,100000000,0,0,8400,8980,8100
2021-02-19,8.69,8980,0(0.00 %),1800,16000000,0,0,9490,9490,8360
2021-02-22,8.09,8360,-0.62(-6.90 %),100,1000000,0,0,8360,8360,8360
2021-02-23,8.6,8890,0.53(6.34 %),1100,10000000,0,0,8940,8940,8890
2021-02-24,8.04,8310,-0.58(-6.52 %),1000,8000000,0,0,8310,8310,8300
2021-02-25,7.74,8000,-0.31(-3.73 %),5000,40000000,0,0,8140,8140,8000
2021-02-26,8.28,8560,0.56(7.00 %),24100,203000000,0,0,8000,8560,8000
2021-03-01,8.13,8400,-0.16(-1.87 %),13400,114000000,0,0,8560,8560,8400
2021-03-02,8.03,8300,-0.1(-1.19 %),4300,36000000,0,0,8420,8420,8300
2021-03-03,8.03,8300,0(0.00 %),11000,91000000,0,0,8300,8300,8010
2021-03-04,8.22,8500,0.2(2.41 %),11600,98000000,0,0,8300,8500,8300
2021-03-05,8.13,8400,-0.1(-1.18 %),11900,100000000,0,0,8500,8500,8400
2021-03-08,8.32,8600,0.2(2.38 %),4600,40000000,0,0,8400,8980,8400
2021-03-09,8.13,8400,-0.2(-2.33 %),300,2000000,0,0,8050,8400,8050
2021-03-10,8.13,8400,0(0.00 %),3000,25000000,0,0,8400,8400,8150
2021-03-11,8.17,8450,0.05(0.60 %),1400,12000000,0,0,8400,8450,8400
2021-03-12,8.26,8540,0.09(1.07 %),5900,50000000,0,0,8440,8550,8440
2021-03-15,8.82,9120,0.58(6.79 %),29200,264000000,0,0,8540,9130,8540
2021-03-16,8.53,8820,-0.3(-3.29 %),500,4000000,0,0,8820,8820,8820
2021-03-17,8.29,8570,0.01(0.12 %),400,3000000,0,0,8560,8570,8560
2021-03-18,8.29,8570,0(0.00 %),5500,47000000,0,0,8570,8570,8570
2021-03-19,8.29,8570,0(0.00 %),0,0,0,0,8570,8570,8570
2021-03-22,8.22,8500,-0.07(-0.82 %),500,4000000,0,0,8500,8500,8500
2021-03-23,8.13,8400,-0.1(-1.18 %),7800,66000000,0,0,8500,8500,8400
2021-03-24,8.42,8700,0.3(3.57 %),3400,30000000,0,0,8690,8900,8690
2021-03-25,8.7,8990,0.29(3.33 %),200,2000000,0,0,8210,8990,8210
2021-03-26,8.6,8890,-0.1(-1.11 %),3900,33000000,0,0,8380,8890,8370
2021-03-29,8.59,8880,-0.01(-0.11 %),3400,29000000,0,0,8400,8880,8400
2021-03-30,8.42,8700,-0.18(-2.03 %),3700,32000000,0,0,8880,8880,8700
2021-03-31,8.58,8870,0.17(1.95 %),11300,95000000,0,0,8880,8880,8170
2021-04-01,8.51,8800,-0.07(-0.79 %),5500,46000000,0,0,8300,8800,8250
2021-04-02,8.03,8300,-0.5(-5.68 %),3000,25000000,0,0,8310,8310,8300
2021-04-05,8.03,8300,0(0.00 %),3800,32000000,0,0,8310,8310,8300
2021-04-06,8.03,8300,0(0.00 %),2100,17000000,0,0,8500,8500,8300
2021-04-07,7.9,8170,-0.13(-1.57 %),2000,17000000,0,0,8300,8300,8160
2021-04-08,8.03,8300,0.13(1.59 %),3000,25000000,0,0,8300,8350,8170
2021-04-09,8.03,8300,0(0.00 %),6400,53000000,0,0,8300,8350,8300
2021-04-12,7.93,8200,-0.1(-1.20 %),8200,69000000,0,0,8350,8500,8160
2021-04-13,8.03,8300,0.1(1.22 %),4700,40000000,0,0,8210,8480,8210
2021-04-14,8.02,8290,-0.01(-0.12 %),14500,118000000,0,0,8110,8300,8110
2021-04-15,8.03,8300,0.01(0.12 %),800,7000000,0,0,8300,8300,8200
2021-04-16,7.98,8250,-0.05(-0.60 %),5600,46000000,0,0,8200,8250,8200
2021-04-19,7.75,8010,-0.24(-2.91 %),12300,99000000,0,0,8200,8200,8000
2021-04-20,7.75,8010,0(0.00 %),3100,25000000,0,0,8010,8010,8010
2021-04-22,7.76,8020,0.01(0.12 %),10400,83000000,28130,210975000,8020,8020,8020
2021-04-23,7.93,8200,0.18(2.24 %),200,2000000,0,0,7600,8200,7600
2021-04-26,7.93,8200,0(0.00 %),200,2000000,0,0,8200,8200,8200
2021-04-27,7.93,8200,0(0.00 %),600,5000000,0,0,7800,8200,7800
2021-04-28,7.84,8100,-0.1(-1.22 %),200,2000000,0,0,8150,8150,8100
2021-04-29,7.84,8100,0(0.00 %),0,0,0,0,8100,8100,8100
2021-05-04,7.84,8100,0(0.00 %),0,0,0,0,8100,8100,8100
2021-05-05,7.84,8100,0(0.00 %),4800,39000000,0,0,8000,8100,8000
2021-05-06,7.93,8200,0.1(1.23 %),600,5000000,0,0,8100,8200,8100
2021-05-07,7.64,7900,-0.3(-3.66 %),300,2000000,0,0,7900,7900,7900
2021-05-10,7.46,7710,-0.19(-2.41 %),3000,23000000,0,0,7710,7710,7710
2021-05-11,7.64,7900,0.19(2.46 %),4800,36000000,0,0,7520,7900,7510
2021-05-12,7.64,7900,0(0.00 %),0,0,0,0,7900,7900,7900
2021-05-13,7.92,8190,0.29(3.67 %),200,2000000,0,0,7900,8190,7900
2021-05-14,7.45,7700,-0.49(-5.98 %),300,2000000,0,0,7700,7700,7700
2021-05-17,7.45,7700,0(0.00 %),0,0,0,0,7700,7700,7700
2021-05-18,7.57,7820,0.12(1.56 %),4200,33000000,0,0,7830,7860,7820
2021-05-19,7.57,7820,0(0.00 %),400,3000000,0,0,7820,7820,7820
2021-05-20,7.13,7370,-0.45(-5.75 %),12500,93000000,0,0,7820,7820,7350
2021-05-21,7.61,7870,0.5(6.78 %),4100,32000000,0,0,7880,7880,7870
2021-05-24,8.12,8390,0.52(6.61 %),3300,28000000,0,0,8240,8420,8240
2021-05-25,8.12,8390,0(0.00 %),0,0,0,0,8390,8390,8390
2021-05-26,8.24,8520,0.13(1.55 %),3300,28000000,0,0,8190,8520,8190
2021-05-27,8.24,8520,0(0.00 %),7000,58000000,0,0,7930,8520,7930
2021-05-28,7.68,7940,-0.58(-6.81 %),14000,113000000,0,0,7940,8520,7930
2021-05-31,8.19,8470,0.53(6.68 %),2100,18000000,0,0,8490,8490,8470
2021-06-01,7.64,7900,-0.57(-6.73 %),3600,28000000,0,0,7910,7920,7900
2021-06-02,8.17,8450,0.55(6.96 %),10600,89000000,0,0,8430,8450,8400
2021-06-03,8.75,9040,0.59(6.98 %),21800,197000000,0,0,8990,9040,8990
2021-06-04,9.35,9670,0.63(6.97 %),24200,234000000,0,0,9660,9670,9650
2021-06-07,9.67,10000,0.33(3.41 %),2100,21000000,0,0,9670,10000,9660
2021-06-08,9.0,9300,-0.7(-7.00 %),200,2000000,0,0,9300,9300,9300
2021-06-09,9.63,9950,0.65(6.99 %),21600,215000000,0,0,9880,9950,9880
2021-06-10,9.62,9940,-0.01(-0.10 %),8500,85000000,0,0,10000,10000,9900
2021-06-11,9.62,9940,0(0.00 %),0,0,0,0,9940,9940,9940
2021-06-14,9.0,9300,-0.64(-6.44 %),600,6000000,0,0,9300,9300,9300
2021-06-15,9.0,9300,0(0.00 %),1300,12000000,0,0,9260,9300,9260
2021-06-16,8.99,9290,-0.01(-0.11 %),800,7000000,0,0,9300,9300,9290
2021-06-17,8.36,8640,-0.65(-7.00 %),1800,16000000,0,0,9290,9300,8640
2021-06-18,8.32,8600,-0.04(-0.46 %),4000,34000000,0,0,8600,8600,8600
2021-06-21,8.9,9200,0.6(6.98 %),12700,116000000,0,0,8800,9200,8800
2021-06-22,8.9,9200,0(0.00 %),0,0,0,0,9200,9200,9200
2021-06-23,9.04,9340,0.14(1.52 %),300,3000000,0,0,9340,9340,9200
2021-06-24,9.04,9340,0(0.00 %),0,0,0,0,9340,9340,9340
2021-06-25,8.41,8690,-0.65(-6.96 %),100,1000000,0,0,8690,8690,8690
2021-06-28,8.41,8690,0(0.00 %),600,5000000,0,0,8690,8690,8690
2021-06-29,8.41,8690,0(0.00 %),2300,21000000,0,0,9270,9290,8690
2021-06-30,8.99,9290,0.6(6.90 %),2200,20000000,0,0,9290,9290,9290
2021-07-01,9.61,9930,0.64(6.89 %),21700,216000000,0,0,9940,9940,9900
2021-07-02,9.96,10300,0.37(3.73 %),45000,452000000,0,0,9930,10300,9240
2021-07-05,9.87,10200,-0.1(-0.97 %),9900,102000000,0,0,10400,10400,10200
2021-07-06,9.87,10200,0(0.00 %),0,0,0,0,10200,10200,10200
2021-07-07,9.77,10100,-0.1(-0.98 %),200,1000000,0,0,9500,10100,9500
2021-07-08,9.77,10100,0(0.00 %),0,0,0,0,10100,10100,10100
2021-07-09,9.77,10100,0(0.00 %),0,0,0,0,10100,10100,10100
2021-07-12,9.77,10100,0(0.00 %),0,0,0,0,10100,10100,10100
2021-07-13,9.77,10100,0(0.00 %),0,0,0,0,10100,10100,10100
2021-07-14,9.58,9900,-0.2(-1.98 %),600,5000000,0,0,9400,9900,9400
2021-07-15,9.58,9900,0(0.00 %),0,0,0,0,9900,9900,9900
2021-07-16,8.91,9210,-0.69(-6.97 %),1500,13000000,0,0,9210,9210,9210
2021-07-19,9.53,9850,0.64(6.95 %),1300,11000000,0,0,8580,9850,8570
2021-07-20,9.67,10000,0.15(1.52 %),2100,19000000,0,0,9180,10000,9180
2021-07-21,9.48,9800,-0.2(-2.00 %),600,5000000,0,0,10200,10200,9300
2021-07-22,9.37,9690,-0.11(-1.12 %),6100,60000000,0,0,10100,10100,9690
2021-07-23,9.58,9900,0.21(2.17 %),9900,100000000,0,0,10150,10150,9690
2021-07-26,9.67,10000,0.1(1.01 %),25900,246000000,0,0,9700,10150,9220
2021-07-27,9.67,10000,0(0.00 %),17400,174000000,0,0,10000,10000,10000
2021-07-28,9.01,9310,-0.69(-6.90 %),24300,239000000,0,0,10000,10000,9310
2021-07-29,9.53,9850,0.54(5.80 %),27200,270000000,0,0,9960,9960,9850
2021-07-30,9.45,9770,-0.08(-0.81 %),20000,188000000,0,0,9900,9900,9170
2021-08-02,9.58,9900,0.13(1.33 %),11100,101000000,0,0,10050,10050,9090
2021-08-03,9.58,9900,0(0.00 %),0,0,0,0,9900,9900,9900
2021-08-04,9.58,9900,0(0.00 %),0,0,0,0,9900,9900,9900
2021-08-05,9.58,9900,0(0.00 %),0,0,0,0,9900,9900,9900
2021-08-06,9.58,9900,0(0.00 %),0,0,0,0,9900,9900,9900
2021-08-09,8.95,9250,-0.65(-6.57 %),5700,52000000,0,0,9660,9660,9210
2021-08-10,8.9,9200,-0.05(-0.54 %),2500,23000000,0,0,9250,9250,9200
2021-08-11,9.41,9730,0.53(5.76 %),600,5000000,0,0,9730,9730,9730
2021-08-12,9.13,9440,-0.29(-2.98 %),2400,22000000,0,0,9100,9440,9100
2021-08-13,9.13,9440,0(0.00 %),0,0,0,0,9440,9440,9440
2021-08-16,8.71,9000,-0.44(-4.66 %),3200,28000000,0,0,9010,9010,9000
2021-08-17,8.71,9000,0(0.00 %),3300,29000000,0,0,9000,9000,9000
2021-08-18,8.71,9000,0(0.00 %),0,0,0,0,9000,9000,9000
2021-08-19,8.37,8650,-0.35(-3.89 %),6500,56000000,0,0,8650,8800,8600
2021-08-20,8.31,8590,-0.06(-0.69 %),6800,58000000,0,0,8650,8650,8550
2021-08-23,8.22,8500,-0.09(-1.05 %),11100,93000000,0,0,8500,8500,8300
2021-08-24,8.22,8500,0(0.00 %),0,0,0,0,8500,8500,8500
2021-08-25,8.69,8980,0.48(5.65 %),100,0,0,0,8980,8980,8980
2021-08-26,8.69,8980,0(0.00 %),0,0,0,0,8980,8980,8980
2021-08-27,8.61,8900,-0.08(-0.89 %),1700,15000000,0,0,8940,8940,8900
2021-08-30,8.61,8900,0(0.00 %),0,0,0,0,8900,8900,8900
2021-08-31,9.21,9520,0.62(6.97 %),11400,107000000,0,0,9460,9520,9390
2021-09-01,9.77,10100,0.58(6.09 %),16200,162000000,0,0,9940,10100,9700
2021-09-06,9.77,10100,0(0.00 %),200,2000000,0,0,10100,10100,10100
2021-09-07,9.29,9600,-0.5(-4.95 %),200,1000000,0,0,9600,9600,9600
2021-09-08,9.67,10000,0.4(4.17 %),3400,33000000,0,0,8950,10000,8950
2021-09-09,9.67,10000,0(0.00 %),800,7000000,0,0,9900,10000,9900
2021-09-10,9.82,10150,0.15(1.50 %),5800,58000000,0,0,9990,10150,9990
2021-09-13,9.67,10000,-0.15(-1.48 %),2500,25000000,0,0,10050,10050,10000
2021-09-14,9.67,10000,0(0.00 %),9100,91000000,0,0,10000,10000,10000
2021-09-15,9.01,9310,-0.69(-6.90 %),3100,28000000,0,0,9310,9310,9310
2021-09-16,9.09,9400,0.09(0.97 %),1100,10000000,0,0,9400,9400,9400
2021-09-17,9.67,10000,0.6(6.38 %),6000,60000000,0,0,10000,10050,10000
2021-09-20,9.67,10000,0(0.00 %),0,0,0,0,10000,10000,10000
2021-09-21,9.67,10000,0(0.00 %),0,0,0,0,10000,10000,10000
2021-09-22,9.29,9600,-0.4(-4.00 %),100,0,0,0,9600,9600,9600
2021-09-23,9.58,9900,0.3(3.12 %),7200,71000000,0,0,10000,10000,9900
2021-09-24,9.63,9950,0.05(0.51 %),1100,10000000,0,0,9990,9990,9950
2021-09-27,9.03,9330,-0.62(-6.23 %),3700,34000000,0,0,9310,9330,9310
2021-09-28,9.0,9300,-0.03(-0.32 %),600,5000000,0,0,9300,9300,9300
2021-09-29,9.01,9310,0.01(0.11 %),8300,77000000,0,0,9310,9310,9270
2021-09-30,9.01,9310,0(0.00 %),0,0,0,0,9310,9310,9310
2021-10-01,9.0,9300,-0.01(-0.11 %),100,0,0,0,9300,9300,9300
2021-10-04,9.55,9870,0.57(6.13 %),2000,19000000,0,0,9870,9870,9870
2021-10-05,9.55,9870,0(0.00 %),0,0,0,0,9870,9870,9870
2021-10-06,9.56,9880,0.01(0.10 %),900,8000000,0,0,9890,9890,9880
2021-10-07,9.48,9800,-0.08(-0.81 %),2300,22000000,0,0,9890,9890,9300
2021-10-08,9.46,9780,-0.02(-0.20 %),3300,32000000,0,0,9780,9780,9770
2021-10-11,9.46,9780,0(0.00 %),0,0,0,0,9780,9780,9780
2021-10-12,9.04,9340,-0.44(-4.50 %),1400,13000000,0,0,9310,9340,9310
2021-10-13,9.04,9340,0(0.00 %),0,0,0,0,9340,9340,9340
2021-10-14,9.04,9340,0(0.00 %),100,0,0,0,9340,9340,9340
2021-10-15,9.19,9500,0.16(1.71 %),3100,29000000,0,0,9500,9500,9500
2021-10-18,9.46,9780,0.28(2.95 %),700,6000000,0,0,9500,9780,9500
2021-10-19,9.48,9800,0.02(0.20 %),100,0,0,0,9800,9800,9800
2021-10-20,9.72,10050,0.25(2.55 %),21600,212000000,0,0,9790,10150,9500
2021-10-21,10.4,10750,0.7(6.97 %),29200,306000000,0,0,9940,10750,9700
2021-10-22,11.13,11500,0.75(6.98 %),9900,113000000,0,0,11500,11500,11500
2021-10-25,11.71,12100,0.6(5.22 %),14500,170000000,0,0,11500,12300,11300
2021-10-26,10.93,11300,-0.8(-6.61 %),16300,184000000,0,0,11300,11500,11300
2021-10-27,10.5,10850,-0.45(-3.98 %),5500,60000000,0,0,11300,11500,10550
2021-10-28,11.22,11600,0.75(6.91 %),15600,179000000,0,0,10200,11600,10200
2021-10-29,10.69,11050,-0.55(-4.74 %),2000,22000000,0,0,10950,12300,10950
2021-11-01,10.16,10500,-0.55(-4.98 %),1800,19000000,0,0,11100,11300,10500
2021-11-02,10.83,11200,0.7(6.67 %),2000,22000000,0,0,11000,11200,11000
2021-11-03,10.54,10900,-0.3(-2.68 %),7000,73000000,0,0,10500,10900,10500
2021-11-04,10.21,10550,-0.35(-3.21 %),800,8000000,0,0,10500,10550,10500
2021-11-05,10.59,10950,0.4(3.79 %),600,6000000,0,0,10600,10950,10600
2021-11-08,10.16,10500,-0.45(-4.11 %),12400,128000000,0,0,10500,10600,10200
2021-11-09,10.69,11050,0.55(5.24 %),1400,14000000,0,0,10600,11050,10500
2021-11-10,10.69,11050,0(0.00 %),100,1000000,0,0,11050,11050,11050
2021-11-11,10.25,10600,-0.45(-4.07 %),6500,67000000,0,0,10500,10950,10400
2021-11-12,10.93,11300,0.7(6.60 %),34400,382000000,0,0,10950,11300,10600
2021-11-15,11.66,12050,0.75(6.64 %),73800,887000000,0,0,12050,12050,12000
2021-11-16,12.43,12850,0.8(6.64 %),83200,1064000000,0,0,12050,12850,11900
2021-11-17,13.2,13650,0.8(6.23 %),68200,917000000,0,0,13700,13700,12600
2021-11-18,13.93,14400,0.75(5.49 %),53100,740000000,0,0,13800,14500,13700
2021-11-19,12.96,13400,-1(-6.94 %),54100,760000000,0,0,14700,14700,13400
2021-11-22,12.09,12500,-0.9(-6.72 %),36200,475000000,0,0,13400,14000,12500
2021-11-23,11.71,12100,-0.4(-3.20 %),59700,739000000,0,0,11900,13350,11800
2021-11-24,11.8,12200,0.1(0.83 %),20100,240000000,0,0,11800,12500,11300
2021-11-25,11.03,11400,-0.8(-6.56 %),60100,685000000,0,0,11500,11650,11350
2021-11-26,10.45,10800,-0.6(-5.26 %),35300,391000000,0,0,11400,11400,10800
2021-11-29,10.59,10950,0.15(1.39 %),17500,190000000,0,0,10800,11000,10700
2021-11-30,11.32,11700,0.75(6.85 %),35400,411000000,0,0,11150,11700,11150
2021-12-01,11.8,12200,0.5(4.27 %),56400,675000000,0,0,11700,12500,11000
2021-12-02,12.29,12700,0.5(4.10 %),11000,142000000,0,0,12900,13000,12700
2021-12-03,11.46,11850,-0.85(-6.69 %),33700,405000000,0,0,12700,13000,11850
2021-12-06,11.22,11600,-0.25(-2.11 %),15600,178000000,0,0,11850,11850,11050
2021-12-07,11.61,12000,0.4(3.45 %),5000,61000000,0,0,12050,12400,12000
2021-12-08,10.88,11250,-0.75(-6.25 %),30400,341000000,0,0,11250,11850,11200
2021-12-09,11.13,11500,0.25(2.22 %),22900,258000000,0,0,11250,11500,11200
2021-12-10,11.13,11500,0(0.00 %),11900,137000000,0,0,11500,12200,11050
2021-12-13,11.03,11400,-0.1(-0.87 %),5900,68000000,0,0,11950,11950,11400
2021-12-14,10.93,11300,-0.1(-0.88 %),25300,272000000,0,0,11400,11400,10650
2021-12-15,10.93,11300,0(0.00 %),10800,121000000,0,0,11350,11400,11100
2021-12-16,10.93,11300,0(0.00 %),10400,111000000,0,0,11050,11300,10550
2021-12-17,10.54,10900,-0.4(-3.54 %),30700,329000000,0,0,11100,11150,10550
2021-12-20,10.98,11350,0.45(4.13 %),21200,240000000,0,0,10900,11400,10900
2021-12-21,11.08,11450,0.1(0.88 %),11700,133000000,0,0,11400,11500,10750
2021-12-22,10.88,11250,-0.25(-2.17 %),13500,147000000,0,0,11000,11250,10850
2021-12-23,10.54,10900,-0.4(-3.54 %),5400,59000000,0,0,11000,11200,10800
2021-12-24,10.74,11100,0.2(1.83 %),9700,105000000,0,0,10900,11100,10800
2021-12-27,10.64,11000,-0.1(-0.90 %),8100,89000000,0,0,11050,11050,10900
2021-12-28,10.5,10850,-0.15(-1.36 %),9300,99000000,0,0,11000,11000,10300
2021-12-29,10.21,10550,-0.35(-3.21 %),7500,79000000,0,0,10550,10900,10550
2021-12-30,10.16,10500,-0.1(-0.94 %),19100,199000000,0,0,10400,11000,10300
2021-12-31,9.96,10300,-0.2(-1.90 %),2000,21000000,0,0,10200,10900,10200
2022-01-04,10.16,10500,0.2(1.94 %),14700,154000000,0,0,10300,10900,10300
2022-01-05,9.96,10300,-0.2(-1.90 %),3300,34000000,0,0,10900,10900,10200
2022-01-06,10.06,10400,0.1(0.97 %),4400,45000000,0,0,10800,10800,10000
2022-01-07,10.16,10500,0.1(0.96 %),27000,284000000,0,0,10400,10900,10100
2022-01-10,10.16,10500,0(0.00 %),27700,291000000,0,0,10500,10900,10000
2022-01-11,10.06,10400,-0.1(-0.95 %),9900,104000000,0,0,10800,10800,10400
2022-01-12,10.35,10700,0.3(2.88 %),4300,45000000,0,0,10400,10800,10300
2022-01-13,10.11,10450,-0.25(-2.34 %),22300,232000000,0,0,10650,10650,10250
2022-01-14,10.25,10600,0.1(0.95 %),6800,71000000,0,0,10500,10800,10050
2022-01-17,9.92,10250,-0.35(-3.30 %),7300,75000000,0,0,10600,10600,10100
2022-01-18,9.67,10000,-0.25(-2.44 %),2800,28000000,0,0,9710,10200,9710
2022-01-19,9.67,10000,0(0.00 %),14200,141000000,0,0,9510,10600,9500
2022-01-20,9.67,10000,0(0.00 %),7800,75000000,0,0,10600,10600,9300
2022-01-21,9.58,9900,-0.1(-1.00 %),8300,80000000,0,0,9510,10000,9310
2022-01-24,9.09,9400,-0.5(-5.05 %),5700,54000000,0,0,9900,9900,9300
2022-01-25,9.24,9550,0.15(1.60 %),10600,98000000,0,0,9700,9770,9000
2022-01-26,9.87,10200,0.6(6.25 %),37200,369000000,0,0,9040,10200,9040
2022-01-27,9.96,10300,0.1(0.98 %),400,4000000,0,0,10500,10500,10300
2022-01-28,9.67,10000,-0.3(-2.91 %),8000,80000000,0,0,9610,10300,9600
2022-02-07,9.77,10100,0.1(1.00 %),600,5000000,0,0,9420,10100,9410
2022-02-08,9.38,9700,-0.4(-3.96 %),1100,10000000,0,0,9600,9700,9600
2022-02-09,9.96,10300,0.6(6.19 %),800,8000000,0,0,9700,10300,9700
2022-02-10,9.92,10250,-0.05(-0.49 %),3600,36000000,0,0,10200,10250,10200
2022-02-11,9.92,10250,-0.05(-0.49 %),1700,17000000,0,0,10100,10250,10100
2022-02-14,9.77,10100,-0.2(-1.94 %),4300,43000000,0,0,10000,10500,10000
2022-02-15,9.66,9990,-0.11(-1.09 %),48400,481000000,0,0,10000,10000,9800
2022-02-16,9.4,9720,-0.28(-2.80 %),700,6000000,0,0,9550,9720,9550
2022-02-17,9.92,10250,0.55(5.67 %),5500,52000000,0,0,9600,10250,9600
2022-02-18,9.67,10000,-0.3(-2.91 %),4300,43000000,0,0,10500,10500,10000
2022-02-21,9.67,10000,0(0.00 %),4100,42000000,0,0,10500,10650,10000
2022-02-22,9.67,10000,0(0.00 %),19700,198000000,0,0,10100,10150,9950
2022-02-23,9.82,10150,0.15(1.50 %),9200,93000000,0,0,10500,10650,9910
2022-02-24,9.72,10050,-0.15(-1.47 %),34600,346000000,0,0,10000,10100,10000
2022-02-25,9.67,10000,-0.1(-0.99 %),7500,74000000,0,0,10150,10150,9920
2022-02-28,9.67,10000,0(0.00 %),800,8000000,0,0,10000,10000,10000
2022-03-01,9.55,9870,-0.13(-1.30 %),3700,36000000,0,0,10000,10000,9700
2022-03-02,9.66,9990,0.09(0.91 %),11900,118000000,0,0,10200,10200,9800
2022-03-03,9.42,9740,-0.26(-2.60 %),11200,107000000,0,0,9800,9990,9600
2022-03-04,9.44,9760,0.06(0.62 %),10500,102000000,0,0,9850,9900,9760
2022-03-07,9.29,9600,-0.2(-2.04 %),21000,203000000,0,0,9770,9900,9600
2022-03-08,9.58,9900,0.3(3.12 %),31800,303000000,0,0,9940,10000,9500
2022-03-09,9.58,9900,0(0.00 %),3400,33000000,0,0,10000,10000,9530
2022-03-10,9.58,9900,0(0.00 %),4200,40000000,0,0,9880,9900,9600
2022-03-11,9.38,9700,-0.2(-2.02 %),10300,100000000,0,0,9510,9890,9500
2022-03-14,10.01,10350,0.65(6.70 %),359100,3602000000,0,0,9700,10350,9520
2022-03-15,10.69,11050,0.65(6.25 %),48900,540000000,0,0,11050,11050,11050
2022-03-16,10.69,11050,-0.05(-0.45 %),81900,945000000,0,0,11800,11800,11050
2022-03-17,10.64,11000,-0.1(-0.90 %),48500,510000000,0,0,11050,11050,10300
2022-03-18,10.35,10700,-0.3(-2.73 %),8600,93000000,0,0,11000,11000,10500
2022-03-21,9.96,10300,-0.4(-3.74 %),29000,298000000,0,0,10500,10800,10000
2022-03-22,10.5,10850,0.55(5.34 %),44600,461000000,0,0,10300,11000,10000
2022-03-23,10.16,10500,-0.4(-3.67 %),11600,121000000,0,0,10600,10600,10400
2022-03-24,10.21,10550,0.05(0.48 %),36300,381000000,0,0,10500,10700,10400
2022-03-25,9.96,10300,-0.3(-2.83 %),68300,706000000,0,0,10550,10850,10200
2022-03-28,9.96,10300,0(0.00 %),33200,341000000,0,0,10300,10750,10200
2022-03-29,10.64,11000,0.7(6.80 %),55300,608000000,0,0,11000,11000,11000
2022-03-30,11.37,11750,0.75(6.82 %),57100,670000000,0,0,11750,11750,11750
2022-03-31,12.14,12550,0.75(6.36 %),147600,1852000000,0,0,12550,12550,12550
2022-04-01,12.96,13400,0.8(6.35 %),547200,7322000000,0,0,13400,13400,13000
2022-04-04,13.83,14300,0.9(6.72 %),172500,2463000000,0,0,14300,14300,14100
2022-04-05,12.87,13300,-1(-6.99 %),170200,2300000000,0,0,14050,14050,13300
2022-04-06,12.0,12400,-0.9(-6.77 %),103700,1285000000,0,0,12400,12500,12400
2022-04-07,11.61,12000,-0.4(-3.23 %),216100,2521000000,0,0,11550,12950,11550
2022-04-08,11.03,11400,-0.6(-5.00 %),78400,891000000,0,0,12000,12000,11200
2022-04-12,10.64,11000,-0.4(-3.51 %),39200,427000000,0,0,10900,11200,10800
2022-04-13,10.64,11000,0(0.00 %),36900,396000000,0,0,11250,11250,10400
2022-04-14,10.45,10800,-0.2(-1.82 %),26200,280000000,0,0,11050,11050,10500
2022-04-15,10.11,10450,-0.35(-3.24 %),52000,542000000,0,0,10450,11000,10100
2022-04-18,10.06,10400,-0.1(-0.95 %),66500,660000000,0,0,10100,10450,9720
2022-04-19,10.64,11000,0.6(5.77 %),9300,96000000,0,0,10450,11100,9820
2022-04-20,10.25,10600,-0.4(-3.64 %),14300,149000000,0,0,11000,11000,10250
2022-04-21,10.06,10400,-0.2(-1.89 %),23500,240000000,0,0,9860,10400,9860
2022-04-22,9.36,9680,-0.72(-6.92 %),39200,381000000,0,0,10500,10500,9680
2022-04-25,8.8,9100,-0.6(-6.19 %),19300,176000000,0,0,9550,9990,9100
2022-04-26,9.29,9600,0.5(5.49 %),29700,285000000,0,0,9500,9600,9500
2022-04-27,8.67,8960,-0.64(-6.67 %),10100,90000000,0,0,9600,9600,8960
2022-04-28,9.27,9580,0.58(6.44 %),7100,66000000,0,0,9570,9580,8730
2022-04-29,9.92,10250,0.65(6.77 %),13700,139000000,0,0,9990,10250,9310
2022-05-04,9.77,10100,-0.2(-1.94 %),7600,77000000,0,0,10250,10600,10050
2022-05-05,9.59,9910,-0.19(-1.88 %),4200,41000000,0,0,9560,10400,9560
2022-05-06,9.09,9400,-0.5(-5.05 %),2500,23000000,0,0,9460,10200,9400
2022-05-09,9.09,9400,0(0.00 %),3500,34000000,0,0,10000,10050,9400
2022-05-10,9.48,9800,0.4(4.26 %),4100,36000000,0,0,8800,9900,8770
2022-05-11,9.65,9980,0.18(1.84 %),2500,24000000,0,0,9790,10050,9160
2022-05-12,9.35,9660,-0.32(-3.21 %),6000,56000000,0,0,9310,9970,9290
2022-05-13,8.9,9200,-0.46(-4.76 %),20500,188000000,0,0,9020,9590,9020
2022-05-16,8.9,9200,0(0.00 %),10000,91000000,0,0,9090,9200,8920
2022-05-17,9.52,9840,0.64(6.96 %),6000,57000000,0,0,9010,9840,9010
2022-05-18,9.92,10250,0.45(4.59 %),4500,46000000,0,0,10350,10500,9170
2022-05-19,9.77,10100,-0.2(-1.94 %),1500,14000000,0,0,9600,10100,9550
2022-05-20,10.35,10700,0.6(5.94 %),2500,26000000,0,0,10100,10700,9430
2022-05-23,9.64,9960,-0.74(-6.92 %),400,3000000,0,0,9970,9970,9960
2022-05-24,9.1,9410,-0.59(-5.90 %),9200,85000000,0,0,9290,10250,9270
2022-05-25,9.67,10000,0.6(6.38 %),5300,49000000,0,0,9410,10000,9210
2022-05-26,9.67,10000,0(0.00 %),0,0,0,0,10000,10000,10000
2022-05-27,9.64,9960,-0.04(-0.40 %),1100,10000000,0,0,9310,9990,9310
2022-05-30,9.6,9920,-0.08(-0.80 %),16400,155000000,0,0,9310,9960,9300
2022-05-31,9.96,10300,0.4(4.04 %),4500,44000000,0,0,9310,10500,9310
2022-06-01,9.28,9600,-0.71(-6.89 %),5000,48000000,0,0,9600,10200,9600
2022-06-02,9.1,9410,-0.19(-1.98 %),1500,14000000,0,0,10100,10100,9200
2022-06-03,9.53,9850,0.45(4.79 %),4200,39000000,0,0,8820,9880,8820
2022-06-06,8.92,9220,-0.68(-6.87 %),2800,26000000,0,0,9180,9730,9180
2022-06-07,9.32,9630,0.43(4.67 %),800,7000000,0,0,9060,9650,9050
2022-06-08,9.0,9300,-0.3(-3.12 %),12800,121000000,0,0,9660,9800,9170
2022-06-09,9.48,9800,0.5(5.38 %),4600,43000000,0,0,9210,9800,9210
2022-06-10,9.29,9600,-0.2(-2.04 %),1300,12000000,0,0,9600,9700,9600
2022-06-13,9.24,9550,-0.05(-0.52 %),9500,87000000,0,0,9330,9700,9000
2022-06-14,9.24,9550,-0.05(-0.52 %),7700,70000000,0,0,9020,9600,8950
2022-06-15,8.61,8900,-0.7(-7.29 %),2600,23000000,0,0,8910,9580,8900
2022-06-16,9.17,9480,0.58(6.52 %),900,8000000,0,0,9490,9490,8520
2022-06-17,9.09,9400,-0.1(-1.05 %),6800,61000000,0,0,8830,9450,8820
2022-06-20,8.46,8750,-0.65(-6.91 %),5100,45000000,0,0,9010,9640,8750
2022-06-21,8.78,9080,0.28(3.18 %),12200,110000000,0,0,8830,9290,8190
2022-06-22,8.89,9190,0.09(0.99 %),4800,42000000,0,0,8470,9540,8450
2022-06-23,9.01,9310,0.11(1.20 %),1300,11000000,0,0,8560,9360,8560
2022-06-24,8.47,8760,-0.54(-5.81 %),6000,55000000,0,0,9220,9230,8760
2022-06-27,8.74,9030,0.23(2.61 %),5800,52000000,0,0,9050,9070,9030
2022-06-28,8.69,8980,-0.02(-0.22 %),900,8000000,0,0,8990,9030,8980
2022-06-29,8.13,8400,-0.6(-6.67 %),2000,16000000,0,0,8980,8980,8400
2022-06-30,8.22,8500,0.1(1.19 %),400,3000000,0,0,8400,8800,8400
2022-07-01,7.65,7910,-0.59(-6.94 %),41100,325000000,0,0,8020,8480,7910
2022-07-04,7.88,8150,0.25(3.16 %),1500,12000000,0,0,8320,8330,8150
2022-07-05,7.74,8000,-0.2(-2.44 %),2200,17000000,0,0,8010,8010,8000
2022-07-06,7.2,7440,-0.56(-7.00 %),56900,423000000,0,0,7670,7930,7440
2022-07-07,7.26,7500,0.1(1.35 %),900,6000000,0,0,6990,7620,6990
2022-07-08,6.81,7040,-0.46(-6.13 %),200,1000000,0,0,7500,7500,7040
2022-07-11,6.36,6570,-0.43(-6.14 %),29000,193000000,0,0,7040,7040,6570
2022-07-12,6.68,6900,0.3(4.55 %),11500,79000000,0,0,6790,6990,6790
2022-07-13,6.86,7090,0.19(2.75 %),4800,34000000,0,0,7160,7160,7090
2022-07-14,6.69,6920,-0.18(-2.54 %),900,6000000,0,0,6900,7070,6900
2022-07-15,6.76,6990,0.09(1.30 %),3400,23000000,0,0,6990,7000,6980
2022-07-18,6.76,6990,-0.01(-0.14 %),1900,13000000,0,0,7000,7050,6660
2022-07-19,6.51,6730,-0.27(-3.86 %),3200,21000000,0,0,6990,6990,6720
2022-07-20,6.76,6990,0.29(4.33 %),3400,23000000,0,0,6970,7050,6700
2022-07-21,6.76,6990,-0.01(-0.14 %),2400,16000000,0,0,6990,6990,6970
2022-07-22,7.23,7470,0.47(6.71 %),16800,123000000,0,0,7000,7470,7000
2022-07-25,7.68,7940,0.44(5.87 %),10100,77000000,0,0,7200,7940,7200
2022-07-26,7.28,7530,-0.37(-4.68 %),8400,67000000,0,0,8110,8190,7530
2022-07-27,7.79,8050,0.55(7.33 %),11000,87000000,0,0,7890,8050,7890
2022-07-28,7.98,8250,0.15(1.85 %),1600,12000000,0,0,8100,8250,8100
2022-07-29,7.96,8230,-0.07(-0.84 %),300,2000000,0,0,8240,8240,8230
2022-08-01,7.91,8180,-0.02(-0.24 %),4900,38000000,0,0,7910,8190,7740
2022-08-02,7.94,8210,0.01(0.12 %),13000,105000000,0,0,8220,8220,7730
2022-08-03,7.79,8050,-0.15(-1.83 %),4800,39000000,0,0,8010,8190,8010
2022-08-04,7.98,8250,0.15(1.85 %),3600,29000000,0,0,8050,8250,8050
2022-08-05,7.98,8250,-0.05(-0.60 %),3100,24000000,0,0,8060,8250,8000
2022-08-08,7.77,8030,-0.27(-3.25 %),1900,15000000,0,0,8000,8030,8000
2022-08-09,7.95,8220,0.22(2.75 %),4600,37000000,0,0,8030,8220,8030
2022-08-10,8.49,8780,0.58(7.07 %),7400,63000000,0,0,8220,8790,8220
2022-08-11,8.7,8990,0.19(2.16 %),2400,20000000,0,0,8310,8990,8310
2022-08-12,8.51,8800,-0.2(-2.22 %),1800,15000000,0,0,8800,8800,8600
2022-08-15,8.66,8950,0.15(1.70 %),2700,23000000,0,0,9000,9000,8300
2022-08-16,8.5,8790,-0.21(-2.33 %),400,3000000,0,0,8590,8790,8370
2022-08-17,8.5,8790,-0.01(-0.11 %),0,0,0,0,8790,8790,8790
2022-08-18,8.5,8790,-0.01(-0.11 %),0,0,0,0,8790,8790,8790
2022-08-19,8.1,8370,-0.43(-4.89 %),1500,12000000,0,0,8400,8490,8370
2022-08-22,8.04,8310,-0.09(-1.07 %),4300,35000000,0,0,8350,8370,8310
2022-08-23,8.04,8310,0.01(0.12 %),1900,15000000,0,0,7800,8790,7800
2022-08-24,8.2,8480,0.18(2.17 %),100,0,0,0,8480,8480,8480
2022-08-25,7.79,8050,-0.45(-5.29 %),300,2000000,0,0,8200,8470,8050
2022-08-26,7.93,8200,0.1(1.23 %),3800,31000000,0,0,8240,8340,8200
2022-08-29,7.93,8200,0(0.00 %),2900,23000000,0,0,8190,8200,8190
2022-08-30,7.93,8200,0(0.00 %),0,0,0,0,8200,8200,8200
2022-08-31,7.93,8200,0(0.00 %),100,0,0,0,8200,8200,8200
2022-09-05,7.74,8000,-0.2(-2.44 %),1100,8000000,0,0,8000,8000,8000
2022-09-06,8.06,8330,0.33(4.12 %),2500,20000000,0,0,8000,8330,8000
2022-09-07,8.06,8330,0.03(0.36 %),0,0,0,0,8330,8330,8330
2022-09-08,7.93,8200,-0.1(-1.20 %),18300,150000000,0,0,8200,8200,8200
2022-09-09,7.92,8190,-0.01(-0.12 %),2500,20000000,0,0,8170,8190,8170
2022-09-12,7.92,8190,-0.01(-0.12 %),0,0,0,0,8190,8190,8190
2022-09-13,7.98,8250,0.05(0.61 %),700,5000000,0,0,8200,8250,8200
2022-09-14,7.86,8120,-0.18(-2.17 %),1400,11000000,0,0,8240,8250,8120
2022-09-15,7.86,8120,0.02(0.25 %),0,0,0,0,8120,8120,8120
2022-09-16,7.86,8120,0.02(0.25 %),500,4000000,0,0,8120,8120,8120
2022-09-19,7.87,8140,0.04(0.49 %),1800,14000000,0,0,8130,8250,8130
2022-09-20,7.74,8000,-0.1(-1.23 %),3600,29000000,0,0,8090,8090,8000
2022-09-21,7.74,8000,0(0.00 %),4200,33000000,0,0,8100,8100,8000
2022-09-22,7.76,8020,0.02(0.25 %),2800,22000000,0,0,8000,8070,8000
2022-09-23,7.76,8020,0.02(0.25 %),0,0,0,0,8020,8020,8020
2022-09-26,7.64,7900,-0.1(-1.25 %),2000,15000000,0,0,7900,7900,7900
2022-09-27,7.64,7900,0(0.00 %),1100,8000000,0,0,7900,7900,7900
2022-09-28,7.26,7500,-0.4(-5.06 %),10000,75000000,0,0,7510,7510,7500
2022-09-29,7.26,7500,0(0.00 %),0,0,0,0,7500,7500,7500
2022-09-30,6.75,6980,-0.52(-6.93 %),18600,130000000,0,0,7010,7040,6980
2022-10-03,7.15,7390,0.39(5.57 %),5100,37000000,0,0,7170,7390,7170
2022-10-04,7.34,7590,0.19(2.57 %),300,2000000,0,0,7390,7590,7390
2022-10-05,6.88,7110,-0.49(-6.45 %),4100,31000000,0,0,7590,8120,7110
2022-10-06,6.77,7000,-0.1(-1.41 %),3700,25000000,0,0,7000,7000,6990
2022-10-07,6.75,6980,-0.02(-0.29 %),100,0,0,0,6980,6980,6980
2022-10-10,7.17,7410,0.41(5.86 %),5600,39000000,0,0,6970,7460,6960
2022-10-11,7.17,7410,0.01(0.14 %),1400,10000000,0,0,7410,7420,7410
2022-10-12,7.17,7410,0.01(0.14 %),5700,42000000,0,0,7410,7410,7410
2022-10-13,7.35,7600,0.2(2.70 %),1000,7000000,0,0,7600,7600,7600
2022-10-14,7.35,7600,0(0.00 %),0,0,0,0,7600,7600,7600
2022-10-17,6.84,7070,-0.53(-6.97 %),500,3000000,0,0,7070,7090,7070
2022-10-18,7.31,7560,0.46(6.48 %),6500,46000000,0,0,7100,7560,7100
2022-10-19,7.31,7560,-0.04(-0.53 %),0,0,0,0,7560,7560,7560
2022-10-20,6.81,7040,-0.56(-7.37 %),2800,20000000,0,0,7240,7330,7040
2022-10-21,6.81,7040,0.04(0.57 %),100,0,0,0,7040,7040,7040
2022-10-24,7.16,7400,0.4(5.71 %),400,2000000,0,0,7400,7400,7400
2022-10-25,7.15,7390,-0.01(-0.14 %),7700,56000000,0,0,7380,7390,7380
2022-10-26,7.15,7390,-0.01(-0.14 %),0,0,0,0,7390,7390,7390
2022-10-27,7.15,7390,-0.01(-0.14 %),0,0,0,0,7390,7390,7390
2022-10-28,7.14,7380,-0.02(-0.27 %),2000,14000000,0,0,7380,7380,7380
2022-10-31,7.14,7380,-0.02(-0.27 %),0,0,0,0,7380,7380,7380
2022-11-01,7.14,7380,-0.02(-0.27 %),200,1000000,0,0,7350,7380,7350
2022-11-02,6.77,7000,-0.4(-5.41 %),1200,8000000,0,0,7000,7000,7000
2022-11-03,7.01,7250,0.25(3.57 %),1300,9000000,0,0,7250,7250,7250
2022-11-04,6.53,6750,-0.55(-7.53 %),100,0,0,0,6750,6750,6750
2022-11-07,6.08,6280,-0.52(-7.65 %),7000,48000000,0,0,7000,7010,6280
2022-11-08,6.48,6700,0.4(6.35 %),10500,70000000,0,0,6600,6700,6600
2022-11-09,6.77,7000,0.3(4.48 %),400,2000000,0,0,6900,7000,6900
2022-11-10,6.38,6600,-0.4(-5.71 %),1600,10000000,0,0,7010,7010,6600
2022-11-11,6.77,7000,0.4(6.06 %),5600,39000000,0,0,6600,7000,6600
2022-11-14,6.38,6600,-0.4(-5.71 %),1000,6000000,0,0,6600,6600,6600
2022-11-15,6.29,6500,-0.1(-1.52 %),6000,38000000,0,0,6500,6500,6420
2022-11-16,6.29,6500,0(0.00 %),900,5000000,0,0,6500,6500,6500
2022-11-17,6.72,6950,0.45(6.92 %),400,2000000,0,0,6800,6950,6800
2022-11-18,6.72,6950,-0.05(-0.71 %),0,0,0,0,6950,6950,6950
2022-11-21,7.16,7400,0.4(5.71 %),1100,7000000,0,0,6500,7400,6500
2022-11-22,7.16,7400,0(0.00 %),100,0,0,0,7400,7400,7400
2022-11-23,7.15,7390,-0.01(-0.14 %),200,1000000,0,0,6890,7390,6890
2022-11-24,7.14,7380,-0.01(-0.14 %),100,0,0,0,7380,7380,7380
2022-11-25,7.63,7890,0.49(6.62 %),100,0,0,0,7890,7890,7890
2022-11-28,7.62,7880,-0.02(-0.25 %),500,3000000,0,0,7890,7890,7880
2022-11-29,7.63,7890,-0.01(-0.13 %),200,1000000,0,0,7880,7890,7880
2022-11-30,7.63,7890,-0.01(-0.13 %),0,0,0,0,7890,7890,7890
2022-12-01,7.63,7890,-0.01(-0.13 %),0,0,0,0,7890,7890,7890
2022-12-02,7.63,7890,-0.01(-0.13 %),0,0,0,0,7890,7890,7890
2022-12-05,7.12,7360,-0.54(-6.84 %),1400,10000000,0,0,7400,7400,7360
2022-12-06,7.12,7360,-0.04(-0.54 %),200,1000000,0,0,7360,7360,7360
2022-12-07,6.68,6910,-0.49(-6.62 %),700,5000000,0,0,7350,7350,6900
2022-12-08,7.1,7340,0.44(6.38 %),2500,18000000,0,0,7000,7340,7000
2022-12-09,6.77,7000,-0.3(-4.11 %),2600,18000000,0,0,7000,7000,7000
2022-12-12,7.23,7470,0.47(6.71 %),400,2000000,0,0,7300,7470,7010
2022-12-13,6.98,7210,-0.29(-3.87 %),1600,11000000,0,0,7150,7210,7150
2022-12-14,7.02,7260,0.06(0.83 %),200,1000000,0,0,7250,7260,7250
2022-12-15,6.92,7150,-0.15(-2.05 %),200,1000000,0,0,7100,7150,7100
2022-12-16,7.39,7640,0.44(6.11 %),1800,12000000,0,0,7650,7650,6700
2022-12-19,7.55,7800,0.2(2.63 %),2100,15000000,0,0,7120,7800,7120
2022-12-20,7.55,7800,0(0.00 %),0,0,0,0,7800,7800,7800
2022-12-21,7.03,7270,-0.53(-6.79 %),3100,22000000,0,0,7270,7270,7270
2022-12-22,7.03,7270,-0.03(-0.41 %),0,0,0,0,7270,7270,7270
2022-12-23,6.77,7000,-0.3(-4.11 %),4200,30000000,0,0,7050,7310,7000
2022-12-26,6.88,7110,0.11(1.57 %),6900,50000000,0,0,6800,7490,6800
2022-12-27,7.32,7570,0.47(6.62 %),5100,36000000,0,0,7110,7570,7110
2022-12-28,7.33,7580,-0.02(-0.26 %),5200,37000000,0,0,7140,7580,7100
2022-12-29,7.33,7580,-0.02(-0.26 %),0,0,0,0,7580,7580,7580
2022-12-30,7.35,7600,0(0.00 %),2700,19000000,0,0,7100,7600,7100
2023-01-03,7.74,8000,0.4(5.26 %),500,3000000,0,0,7600,8000,7600
2023-01-04,7.73,7990,-0.01(-0.12 %),200,1000000,0,0,7450,7990,7450
2023-01-05,7.72,7980,-0.02(-0.25 %),200,1000000,0,0,7980,7980,7980
2023-01-06,7.72,7980,-0.02(-0.25 %),0,0,0,0,7980,7980,7980
2023-01-09,7.72,7980,-0.02(-0.25 %),0,0,0,0,7980,7980,7980
2023-01-10,7.72,7980,-0.02(-0.25 %),0,0,0,0,7980,7980,7980
2023-01-11,7.72,7980,-0.02(-0.25 %),0,0,0,0,7980,7980,7980
2023-01-12,7.26,7500,-0.5(-6.25 %),2500,18000000,0,0,7430,7500,7430
2023-01-13,7.26,7500,0(0.00 %),0,0,0,0,7500,7500,7500
2023-01-16,6.77,7000,-0.5(-6.67 %),1100,8000000,0,0,7500,7500,7000
2023-01-17,6.77,7000,0(0.00 %),0,0,0,0,7000,7000,7000
2023-01-18,7.25,7490,0.49(7.00 %),600,4000000,0,0,6700,7490,6700
2023-01-19,7.25,7490,-0.01(-0.13 %),0,0,0,0,7490,7490,7490
2023-01-27,6.97,7200,-0.3(-4.00 %),5600,40000000,0,0,7200,7200,7200
2023-01-30,6.97,7200,0(0.00 %),0,0,0,0,7200,7200,7200
2023-01-31,7.21,7450,0.25(3.47 %),200,1000000,0,0,7450,7450,7450
2023-02-01,7.21,7450,-0.05(-0.67 %),100,0,0,0,7450,7450,7450
2023-02-02,7.21,7450,-0.05(-0.67 %),0,0,0,0,7450,7450,7450
2023-02-03,6.82,7050,-0.45(-6.00 %),600,4000000,0,0,7100,7100,7050
2023-02-06,6.82,7050,-0.05(-0.70 %),0,0,0,0,7050,7050,7050
2023-02-07,6.82,7050,-0.05(-0.70 %),0,0,0,0,7050,7050,7050
2023-02-08,6.82,7050,-0.05(-0.70 %),0,0,0,0,7050,7050,7050
2023-02-09,6.82,7050,-0.05(-0.70 %),0,0,0,0,7050,7050,7050
2023-02-10,6.82,7050,-0.05(-0.70 %),0,0,0,0,7050,7050,7050
2023-02-13,6.82,7050,-0.05(-0.70 %),5400,38000000,0,0,7050,7050,7050
2023-02-14,6.82,7050,-0.05(-0.70 %),0,0,0,0,7050,7050,7050
2023-02-15,6.98,7220,0.12(1.69 %),200,1000000,0,0,6600,7220,6600
2023-02-16,6.99,7230,0.03(0.42 %),500,3000000,0,0,6800,7250,6800
2023-02-17,6.99,7230,0.03(0.42 %),0,0,0,0,7230,7230,7230
2023-02-20,6.99,7230,0.03(0.42 %),1400,10000000,0,0,7220,7230,7220
2023-02-21,6.99,7230,0.03(0.42 %),0,0,0,0,7230,7230,7230
2023-02-22,6.99,7230,0.03(0.42 %),0,0,0,0,7230,7230,7230
2023-02-23,7.47,7720,0.52(7.22 %),7200,48000000,0,0,7010,7720,6730
2023-02-24,7.68,7940,0.24(3.12 %),100,0,0,0,7940,7940,7940
2023-02-27,7.15,7390,-0.51(-6.46 %),700,5000000,0,0,7390,7390,7390
2023-02-28,6.68,6900,-0.5(-6.76 %),700,4000000,0,0,6880,6930,6880
2023-03-01,6.68,6900,0(0.00 %),0,0,0,0,6900,6900,6900
2023-03-02,6.68,6900,0(0.00 %),0,0,0,0,6900,6900,6900
2023-03-03,6.69,6920,0.02(0.29 %),100,0,0,0,6920,6920,6920
2023-03-06,6.69,6920,0.02(0.29 %),0,0,0,0,6920,6920,6920
2023-03-07,6.69,6920,0.02(0.29 %),3100,21000000,0,0,6930,7000,6920
2023-03-08,6.69,6920,0.02(0.29 %),0,0,0,0,6920,6920,6920
2023-03-09,6.69,6920,0.02(0.29 %),0,0,0,0,6920,6920,6920
2023-03-10,6.69,6920,0.02(0.29 %),0,0,0,0,6920,6920,6920
2023-03-13,6.69,6920,0.02(0.29 %),0,0,0,0,6920,6920,6920
2023-03-14,6.69,6920,0.02(0.29 %),100,0,0,0,6920,6920,6920
2023-03-15,6.68,6910,0.01(0.14 %),3800,26000000,0,0,6500,6930,6500
2023-03-16,6.68,6910,0.01(0.14 %),0,0,0,0,6910,6910,6910
2023-03-17,6.68,6910,0.01(0.14 %),0,0,0,0,6910,6910,6910
2023-03-20,6.68,6910,0.01(0.14 %),0,0,0,0,6910,6910,6910
2023-03-21,6.68,6910,0.01(0.14 %),0,0,0,0,6910,6910,6910
2023-03-22,6.77,7000,0.1(1.45 %),3400,23000000,0,0,7000,7000,7000
2023-03-23,6.77,7000,0(0.00 %),100,0,0,0,7000,7000,7000
2023-03-24,6.77,7000,0(0.00 %),0,0,0,0,7000,7000,7000
2023-03-27,6.76,6990,-0.01(-0.14 %),400,2000000,0,0,6980,6990,6980
2023-03-28,6.76,6990,-0.01(-0.14 %),0,0,0,0,6990,6990,6990
2023-03-29,6.76,6990,-0.01(-0.14 %),0,0,0,0,6990,6990,6990
2023-03-30,6.34,6550,-0.45(-6.43 %),300,2000000,0,0,7470,7470,6550
2023-03-31,6.34,6550,-0.05(-0.76 %),0,0,0,0,6550,6550,6550
2023-04-03,6.77,7000,0.4(6.06 %),900,6000000,0,0,7000,7000,7000
2023-04-04,6.68,6910,-0.09(-1.29 %),2800,19000000,0,0,6560,7010,6560
2023-04-05,7.15,7390,0.49(7.10 %),6300,45000000,0,0,7390,7390,7000
2023-04-06,7.15,7390,-0.01(-0.14 %),0,0,0,0,7390,7390,7390
2023-04-07,7.15,7390,-0.01(-0.14 %),0,0,0,0,7390,7390,7390
2023-04-10,6.68,6900,-0.5(-6.76 %),20000,137000000,0,0,7000,7000,6880
2023-04-11,6.68,6900,0(0.00 %),500,3000000,0,0,6900,6900,6900
2023-04-12,6.68,6900,0(0.00 %),7800,53000000,0,0,6900,6900,6900
2023-04-13,6.68,6900,0(0.00 %),0,0,0,0,6900,6900,6900
2023-04-14,6.68,6900,0(0.00 %),5100,35000000,0,0,6900,6900,6900
2023-04-17,6.68,6900,0(0.00 %),0,0,0,0,6900,6900,6900
2023-04-18,6.68,6900,0(0.00 %),0,0,0,0,6900,6900,6900
2023-04-19,6.68,6900,0(0.00 %),100,0,0,0,6900,6900,6900
2023-04-20,6.89,7120,0.22(3.19 %),100,0,0,0,7120,7120,7120
2023-04-21,6.89,7120,0.02(0.28 %),0,0,0,0,7120,7120,7120
2023-04-24,6.89,7120,0.02(0.28 %),0,0,0,0,7120,7120,7120
2023-04-25,6.68,6900,-0.2(-2.82 %),3100,21000000,0,0,6900,6900,6650
2023-04-26,6.63,6850,-0.05(-0.72 %),1800,12000000,0,0,6840,6850,6430
2023-04-27,6.58,6800,-0.05(-0.73 %),700,4000000,0,0,6800,6800,6800
2023-04-28,6.58,6800,0(0.00 %),0,0,0,0,6800,6800,6800
2023-05-04,6.3,6510,-0.29(-4.26 %),100,0,0,0,6510,6510,6510
2023-05-05,6.38,6600,0.09(1.38 %),300,1000000,0,0,6600,6600,6600
2023-05-08,6.38,6600,0(0.00 %),0,0,0,0,6600,6600,6600
2023-05-09,6.38,6600,0(0.00 %),0,0,0,0,6600,6600,6600
2023-05-10,6.83,7060,0.46(6.97 %),26200,183000000,0,0,6620,7060,6610
2023-05-11,7.3,7550,0.45(6.34 %),5300,39000000,0,0,7150,7550,7150
2023-05-12,7.81,8070,0.47(6.18 %),15200,119000000,0,0,8000,8070,7550
2023-05-15,7.64,7900,-0.17(-2.11 %),3800,29000000,0,0,7530,8000,7510
2023-05-16,8.17,8450,0.55(6.96 %),21200,177000000,0,0,8100,8450,7520
2023-05-17,8.75,9040,0.59(6.98 %),5500,49000000,0,0,8450,9040,8010
2023-05-18,9.19,9500,0.46(5.09 %),1100,10000000,0,0,9500,9500,9490
2023-05-19,8.55,8840,-0.66(-6.95 %),19900,197000000,0,0,8850,10150,8840
2023-05-22,9.09,9400,0.56(6.33 %),8000,67000000,0,0,9400,9400,8230
2023-05-23,8.47,8760,-0.64(-6.81 %),1700,14000000,0,0,8750,8800,8750
2023-05-24,7.93,8200,-0.56(-6.39 %),3000,24000000,0,0,8300,8300,8150
2023-05-25,7.55,7800,-0.4(-4.88 %),3000,23000000,0,0,7700,8090,7640
2023-05-26,8.03,8300,0.5(6.41 %),2300,19000000,0,0,8000,8300,8000
2023-05-29,7.47,7720,-0.58(-6.99 %),22600,174000000,0,0,8280,8280,7720
2023-05-30,7.93,8200,0.48(6.22 %),9700,69000000,0,0,7180,8200,7180
2023-05-31,7.83,8090,-0.11(-1.34 %),1900,15000000,0,0,8200,8200,8090
2023-06-01,7.73,7990,-0.1(-1.24 %),4500,34000000,0,0,7560,8080,7540
2023-06-02,7.76,8020,0.03(0.38 %),17100,136000000,0,0,7990,8080,7970
2023-06-05,7.74,8000,-0.02(-0.25 %),9100,72000000,0,0,8020,8030,8000
2023-06-06,7.84,8100,0.1(1.25 %),25800,206000000,0,0,7990,8190,7990
2023-06-07,7.84,8100,0(0.00 %),10400,80000000,0,0,8000,8100,7550
2023-06-08,7.64,7900,-0.2(-2.47 %),50000,378000000,0,0,7600,8000,7540
2023-06-09,7.59,7850,-0.05(-0.63 %),2600,19000000,0,0,7900,7900,7600
2023-06-12,7.55,7800,-0.05(-0.64 %),4700,36000000,0,0,7850,7850,7670
2023-06-13,7.62,7880,0.08(1.03 %),5100,39000000,0,0,7800,7900,7600
2023-06-14,7.45,7700,-0.18(-2.28 %),12000,92000000,0,0,7790,7790,7700
2023-06-15,7.45,7700,0(0.00 %),10300,79000000,0,0,7720,7720,7700
2023-06-16,7.55,7800,0.1(1.30 %),7000,54000000,0,0,8210,8210,7700
2023-06-19,7.45,7700,-0.1(-1.28 %),8000,61000000,0,0,7790,7790,7700
2023-06-20,7.55,7800,0.1(1.30 %),500,3000000,0,0,7750,7800,7750
2023-06-21,7.55,7800,0(0.00 %),1000,7000000,0,0,7800,7800,7800
2023-06-22,7.88,8150,0.35(4.49 %),1900,15000000,0,0,8150,8150,8150
2023-06-23,7.45,7700,-0.5(-6.10 %),2300,17000000,0,0,7700,7700,7700
2023-06-26,7.69,7950,0.25(3.25 %),2700,21000000,0,0,7700,7950,7700
2023-06-27,7.59,7850,-0.15(-1.88 %),5700,44000000,0,0,7800,7850,7780
2023-06-28,7.55,7800,-0.1(-1.27 %),1800,14000000,0,0,7850,7850,7800
2023-06-29,7.56,7810,0.01(0.13 %),1700,13000000,0,0,7840,8000,7810
2023-06-30,7.63,7890,0.09(1.15 %),400,3000000,0,0,7850,7890,7850
2023-07-03,7.63,7890,-0.01(-0.13 %),0,0,0,0,7890,7890,7890
2023-07-04,7.59,7850,-0.05(-0.63 %),100,0,0,0,7850,7850,7850
2023-07-05,7.55,7800,-0.1(-1.27 %),100,0,0,0,7800,7800,7800
2023-07-06,7.59,7850,0.05(0.64 %),2000,15000000,0,0,7850,7850,7850
2023-07-07,7.55,7800,-0.1(-1.27 %),700,5000000,0,0,7800,7800,7800
2023-07-10,7.55,7800,0(0.00 %),8200,63000000,0,0,7800,7810,7800
2023-07-11,7.45,7700,-0.1(-1.28 %),6800,51000000,0,0,7820,7820,7260
2023-07-12,7.5,7750,0.05(0.65 %),9600,70000000,0,0,7250,7750,7230
2023-07-13,7.28,7530,-0.27(-3.46 %),600,4000000,0,0,7830,7830,7510
2023-07-14,7.5,7750,0.25(3.33 %),31900,245000000,0,0,7700,7750,7600
2023-07-17,7.5,7750,-0.05(-0.64 %),2200,17000000,0,0,7760,7760,7750
2023-07-18,7.55,7800,0(0.00 %),200,1000000,0,0,7800,7800,7800
2023-07-19,7.55,7800,0(0.00 %),15000,116000000,0,0,7790,7800,7790
2023-07-20,7.8,8060,0.26(3.33 %),100,0,0,0,8060,8060,8060
2023-07-21,7.93,8200,0.1(1.23 %),4100,33000000,0,0,8060,8200,8060
2023-07-24,7.42,7670,-0.53(-6.46 %),100,0,0,0,7670,7670,7670
2023-07-25,7.93,8200,0.5(6.49 %),2000,16000000,0,0,8200,8200,8180
2023-07-26,7.93,8200,0(0.00 %),0,0,0,0,8200,8200,8200
2023-07-27,7.65,7910,-0.29(-3.54 %),10800,84000000,0,0,7840,8300,7820
2023-07-28,8.0,8270,0.37(4.68 %),100,0,0,0,8270,8270,8270
2023-07-31,8.0,8270,-0.03(-0.36 %),0,0,0,0,8270,8270,8270
2023-08-01,7.84,8100,-0.2(-2.41 %),100,0,0,0,8100,8100,8100
2023-08-02,7.57,7820,-0.28(-3.46 %),19000,148000000,0,0,8100,8100,7700
2023-08-03,8.09,8360,0.56(7.18 %),10200,84000000,0,0,7460,8360,7460
2023-08-04,8.65,8940,0.58(6.94 %),2600,23000000,0,0,8940,8940,8940
2023-08-07,9.25,9560,0.62(6.94 %),21100,201000000,0,0,8940,9560,8900
2023-08-08,9.77,10100,0.54(5.65 %),36200,368000000,0,0,10200,10200,10000
2023-08-09,9.09,9400,-0.7(-6.93 %),6200,61000000,0,0,10100,10200,9400
2023-08-10,8.46,8750,-0.65(-6.91 %),25900,226000000,0,0,8750,8770,8750
2023-08-11,7.93,8200,-0.55(-6.29 %),21800,179000000,0,0,8200,8300,8190
2023-08-14,8.48,8770,0.57(6.95 %),7100,62000000,0,0,8250,8770,8250
2023-08-15,8.03,8300,-0.5(-5.68 %),8400,71000000,0,0,8780,8780,8300
2023-08-16,8.27,8550,0.25(3.01 %),1400,11000000,0,0,8210,8550,8210
2023-08-17,7.93,8200,-0.4(-4.65 %),1600,13000000,0,0,8500,8500,8200
2023-08-18,7.98,8250,0.05(0.61 %),20300,167000000,0,0,8190,8250,8180
2023-08-21,7.98,8250,-0.05(-0.60 %),7300,60000000,0,0,8250,8250,8250
2023-08-22,7.74,8000,-0.3(-3.61 %),4800,38000000,0,0,8000,8000,8000
2023-08-23,7.83,8090,0.09(1.12 %),200,1000000,0,0,8090,8090,8090
2023-08-24,7.93,8200,0.11(1.36 %),100,0,0,0,8200,8200,8200
2023-08-25,8.3,8580,0.38(4.63 %),400,3000000,0,0,8770,8770,8580
2023-08-28,8.53,8820,0.24(2.80 %),200,1000000,0,0,8010,8820,8010
2023-08-29,8.71,9000,0.18(2.04 %),300,2000000,0,0,8210,9000,8210
2023-08-30,8.7,8990,-0.01(-0.11 %),1000,8000000,0,0,8370,8990,8370
2023-08-31,8.13,8400,-0.59(-6.56 %),600,5000000,0,0,8400,8400,8400
2023-09-05,8.13,8400,0(0.00 %),400,3000000,0,0,8400,8400,8400
2023-09-06,8.42,8700,0.3(3.57 %),100,0,0,0,8700,8700,8700
2023-09-07,8.42,8700,0(0.00 %),1400,12000000,0,0,8750,8750,8700
2023-09-08,8.42,8700,0(0.00 %),800,6000000,0,0,8700,8700,8700
2023-09-11,8.41,8690,-0.01(-0.11 %),5000,40000000,0,0,8110,8770,8100
2023-09-12,8.41,8690,0(0.00 %),0,0,0,0,8690,8690,8690
2023-09-13,8.41,8690,0(0.00 %),0,0,0,0,8690,8690,8690
2023-09-14,7.93,8200,-0.49(-5.64 %),8900,73000000,0,0,8300,8300,8200
2023-09-15,7.84,8100,-0.1(-1.22 %),100,0,0,0,8100,8100,8100
2023-09-18,8.38,8660,0.56(6.91 %),3400,29000000,0,0,8400,8660,7560
2023-09-19,7.82,8080,-0.58(-6.70 %),2100,18000000,0,0,8660,9000,8080
2023-09-20,8.35,8630,0.55(6.81 %),200,1000000,0,0,8080,8630,8080
2023-09-21,8.35,8630,0(0.00 %),2100,17000000,0,0,8100,8630,8100
2023-09-22,8.42,8700,0.07(0.81 %),600,4000000,0,0,8750,8750,8030
2023-09-25,7.85,8110,-0.59(-6.78 %),2700,21000000,0,0,8160,8160,8100
2023-09-26,8.32,8600,0.49(6.04 %),100,0,0,0,8600,8600,8600
2023-09-27,7.74,8000,-0.6(-6.98 %),2100,16000000,0,0,8000,8600,8000
2023-09-28,7.74,8000,0(0.00 %),8400,66000000,0,0,8400,8400,7550
2023-09-29,8.11,8380,0.38(4.75 %),300,2000000,0,0,8400,8400,8370
2023-10-02,7.74,8000,-0.38(-4.53 %),8400,67000000,0,0,7900,8480,7900
2023-10-03,8.1,8370,0.37(4.62 %),2200,18000000,0,0,8480,8480,8100
2023-10-04,8.1,8370,0(0.00 %),0,0,0,0,8370,8370,8370
2023-10-05,8.19,8470,0.1(1.19 %),200,1000000,0,0,8480,8480,8470
2023-10-06,8.66,8950,0.48(5.67 %),5200,45000000,0,0,7880,8950,7880
2023-10-09,9.21,9520,0.57(6.37 %),9600,88000000,0,0,8950,9570,8400
2023-10-10,9.48,9800,0.28(2.94 %),13500,125000000,0,0,8860,9800,8860
2023-10-11,9.48,9800,0(0.00 %),0,0,0,0,9800,9800,9800
2023-10-12,9.19,9500,-0.3(-3.06 %),500,4000000,0,0,9120,9500,9120
2023-10-13,8.55,8840,-0.66(-6.95 %),300,2000000,0,0,8840,8840,8840
2023-10-16,7.99,8260,-0.58(-6.56 %),4100,34000000,0,0,8270,9450,8240
2023-10-17,8.54,8830,0.57(6.90 %),6100,51000000,0,0,8730,8830,7960
2023-10-18,8.73,9020,0.19(2.15 %),2200,18000000,0,0,9200,9200,8220
2023-10-19,8.6,8890,-0.13(-1.44 %),300,2000000,0,0,8390,9000,8390
2023-10-20,8.59,8880,-0.01(-0.11 %),1200,10000000,0,0,8280,8890,8270
2023-10-23,8.5,8790,-0.09(-1.01 %),2700,22000000,0,0,8270,8880,8260
2023-10-24,8.5,8790,0(0.00 %),0,0,0,0,8790,8790,8790
2023-10-25,8.5,8790,0(0.00 %),200,1000000,0,0,8850,8850,8790
2023-10-26,8.49,8780,-0.01(-0.11 %),1200,10000000,0,0,8180,8780,8180
2023-10-27,8.49,8780,0(0.00 %),0,0,0,0,8780,8780,8780
2023-10-30,8.66,8950,0.17(1.94 %),300,2000000,0,0,8170,8950,8170
2023-10-31,8.66,8950,0(0.00 %),100,0,0,0,8950,8950,8950
2023-11-01,8.98,9280,0.33(3.69 %),200,1000000,0,0,9490,9490,9280
2023-11-02,8.98,9280,0(0.00 %),0,0,0,0,9280,9280,9280
2023-11-03,9.35,9660,0.38(4.09 %),100,0,0,0,9660,9660,9660
2023-11-06,9.39,9710,0.05(0.52 %),700,6000000,0,0,9710,9710,9710
2023-11-07,9.39,9710,0(0.00 %),0,0,0,0,9710,9710,9710
2023-11-08,9.39,9710,0(0.00 %),0,0,0,0,9710,9710,9710
2023-11-09,9.39,9710,0(0.00 %),0,0,0,0,9710,9710,9710
2023-11-10,9.09,9400,-0.31(-3.19 %),100,0,0,0,9400,9400,9400
2023-11-13,9.09,9400,0(0.00 %),0,0,0,0,9400,9400,9400
2023-11-14,9.09,9400,0(0.00 %),0,0,0,0,9400,9400,9400
2023-11-15,9.09,9400,0(0.00 %),0,0,0,0,9400,9400,9400
2023-11-16,9.09,9400,0(0.00 %),0,0,0,0,9400,9400,9400
2023-11-17,9.18,9490,0.09(0.96 %),13200,121000000,0,0,8750,9800,8750
2023-11-20,8.94,9240,-0.25(-2.63 %),2100,18000000,0,0,8830,9240,8830
2023-11-21,8.66,8950,-0.29(-3.14 %),2300,20000000,0,0,8620,8950,8620
2023-11-22,8.79,9090,0.14(1.56 %),4400,36000000,0,0,9240,9240,8330
2023-11-23,8.18,8460,-0.63(-6.93 %),700,6000000,0,0,9240,9240,8460
2023-11-24,8.48,8770,0.31(3.66 %),800,6000000,0,0,8460,8930,7870
2023-11-27,8.2,8480,-0.29(-3.31 %),7600,63000000,0,0,8160,8480,8160
2023-11-28,8.67,8960,0.48(5.66 %),5100,41000000,0,0,7910,9070,7890
2023-11-29,9.19,9500,0.54(6.03 %),300,2000000,0,0,8960,9500,8960
2023-11-30,9.09,9400,-0.1(-1.05 %),1500,13000000,0,0,8840,9400,8840
2023-12-01,8.46,8750,-0.65(-6.91 %),800,7000000,0,0,8750,8750,8750
2023-12-04,8.42,8700,-0.05(-0.57 %),9400,77000000,0,0,8750,8750,8200
2023-12-05,7.86,8120,-0.58(-6.67 %),12100,98000000,0,0,8140,8140,8110
2023-12-06,8.29,8570,0.45(5.54 %),3000,25000000,0,0,8340,8600,8120
2023-12-07,8.29,8570,0(0.00 %),800,7000000,0,0,8990,8990,8570
2023-12-08,8.22,8500,-0.07(-0.82 %),700,5000000,0,0,8190,8500,8020
2023-12-11,8.17,8450,-0.05(-0.59 %),1600,13000000,0,0,8830,8830,8000
2023-12-12,8.17,8450,0(0.00 %),0,0,0,0,8450,8450,8450
2023-12-13,8.16,8430,-0.02(-0.24 %),1400,11000000,0,0,8000,8430,8000
2023-12-14,8.16,8430,0(0.00 %),0,0,0,0,8430,8430,8430
2023-12-15,8.15,8420,-0.01(-0.12 %),1500,12000000,0,0,8420,8420,8420
2023-12-18,7.76,8020,-0.4(-4.75 %),1000,8000000,0,0,8410,8410,8000
2023-12-19,7.89,8160,0.14(1.75 %),200,1000000,0,0,8160,8160,8160
2023-12-20,7.89,8160,0(0.00 %),500,4000000,0,0,8160,8160,8160
2023-12-21,7.89,8160,0(0.00 %),600,4000000,0,0,8160,8160,8160
2023-12-22,8.01,8280,0.12(1.47 %),100,0,0,0,8280,8280,8280
2023-12-25,8.01,8280,0(0.00 %),600,4000000,0,0,8280,8280,8280
2023-12-26,8.01,8280,0(0.00 %),0,0,0,0,8280,8280,8280
2023-12-27,8.03,8300,0.02(0.24 %),4200,34000000,0,0,8060,8300,8000
2023-12-28,8.51,8800,0.5(6.02 %),2200,18000000,0,0,8310,8800,8310
2023-12-29,8.51,8800,0(0.00 %),0,0,0,0,8800,8800,8800
2024-01-02,8.8,9100,0.3(3.41 %),1900,17000000,0,0,9390,9390,9100
2024-01-03,8.8,9100,0(0.00 %),0,0,0,0,9100,9100,9100
2024-01-04,9.08,9390,0.29(3.19 %),100,0,0,0,9390,9390,9390
2024-01-05,9.08,9390,0(0.00 %),0,0,0,0,9390,9390,9390
2024-01-08,9.08,9390,0(0.00 %),0,0,0,0,9390,9390,9390
2024-01-09,9.08,9390,0(0.00 %),0,0,0,0,9390,9390,9390
2024-01-10,9.08,9390,0(0.00 %),0,0,0,0,9390,9390,9390
2024-01-11,8.46,8750,-0.64(-6.82 %),600,5000000,0,0,8750,8750,8750
2024-01-12,7.88,8150,-0.6(-6.86 %),200,1000000,0,0,8900,8900,8150
2024-01-15,8.44,8720,0.57(6.99 %),100,0,0,0,8720,8720,8720
2024-01-16,8.44,8720,0(0.00 %),1600,13000000,0,0,8110,8720,8110
2024-01-17,8.85,9150,0.43(4.93 %),1200,9000000,0,0,8110,9150,8110
2024-01-18,8.37,8650,-0.5(-5.46 %),1200,10000000,0,0,8700,8700,8650
2024-01-19,8.71,9000,0.35(4.05 %),200,1000000,0,0,8950,9000,8950
2024-01-22,8.71,9000,0(0.00 %),0,0,0,0,9000,9000,9000
2024-01-23,8.12,8390,-0.61(-6.78 %),7600,63000000,0,0,8400,8400,8380
2024-01-24,8.66,8950,0.56(6.67 %),600,5000000,0,0,8680,8950,8680
2024-01-25,8.63,8920,-0.03(-0.34 %),1500,13000000,0,0,8920,8920,8920
2024-01-26,8.71,9000,0.08(0.90 %),500,4000000,0,0,8330,9000,8300
2024-01-29,8.71,9000,0(0.00 %),0,0,0,0,9000,9000,9000
2024-01-30,8.71,9000,0(0.00 %),0,0,0,0,9000,9000,9000
2024-01-31,8.42,8700,-0.3(-3.33 %),100,0,0,0,8700,8700,8700
2024-02-01,8.76,9050,0.35(4.02 %),5800,52000000,0,0,8500,9190,8500
2024-02-02,8.75,9040,-0.01(-0.11 %),5000,45000000,0,0,9040,9040,9040
2024-02-05,8.75,9040,0(0.00 %),0,0,0,0,9040,9040,9040
2024-02-06,8.16,8430,-0.61(-6.75 %),1500,12000000,0,0,8430,8430,8430
2024-02-07,8.16,8430,0(0.00 %),0,0,0,0,8430,8430,8430
2024-02-15,8.16,8430,0(0.00 %),0,0,0,0,8430,8430,8430
2024-02-16,8.32,8600,0.17(2.02 %),100,0,0,0,8600,8600,8600
2024-02-19,8.66,8950,0.35(4.07 %),100,0,0,0,8950,8950,8950
2024-02-20,8.66,8950,0(0.00 %),100,0,0,0,8950,8950,8950
2024-02-21,8.66,8950,0(0.00 %),0,0,0,0,8950,8950,8950
2024-02-22,8.66,8950,0(0.00 %),0,0,0,0,8950,8950,8950
2024-02-23,8.66,8950,0(0.00 %),0,0,0,0,8950,8950,8950
2024-02-26,8.61,8900,-0.05(-0.56 %),2100,18000000,0,0,8930,8940,8900
2024-02-27,8.61,8900,0(0.00 %),1500,13000000,0,0,8900,8900,8900
2024-02-28,8.61,8900,0(0.00 %),500,4000000,0,0,8900,8900,8900
2024-02-29,8.62,8910,0.01(0.11 %),5300,47000000,0,0,8910,8910,8910
2024-03-01,8.62,8910,0(0.00 %),3700,32000000,0,0,8910,8910,8910
2024-03-04,9.0,9300,0.39(4.38 %),4500,40000000,0,0,8930,9300,8930
2024-03-05,9.18,9490,0.19(2.04 %),900,8000000,0,0,9200,9500,9200
2024-03-06,9.14,9450,-0.04(-0.42 %),500,4000000,0,0,9450,9450,9450
2024-03-07,9.77,10100,0.65(6.88 %),20300,203000000,0,0,9450,10100,9450
2024-03-08,9.43,9750,-0.35(-3.47 %),10300,100000000,0,0,10100,10100,9400
2024-03-11,9.43,9750,0(0.00 %),5900,57000000,0,0,9750,9750,9750
2024-03-12,9.67,10000,0.25(2.56 %),6200,61000000,0,0,9080,10000,9070
2024-03-13,9.43,9750,-0.25(-2.50 %),5000,48000000,0,0,9800,9800,9750
2024-03-14,9.43,9750,0(0.00 %),6900,67000000,0,0,9750,9750,9750
2024-03-15,9.43,9750,0(0.00 %),0,0,0,0,9750,9750,9750
2024-03-18,9.43,9750,0(0.00 %),0,0,0,0,9750,9750,9750
2024-03-19,9.87,10200,0.45(4.62 %),100,1000000,0,0,10200,10200,10200
2024-03-20,9.48,9800,-0.4(-3.92 %),9100,89000000,0,0,9800,9900,9800
2024-03-21,9.48,9800,0(0.00 %),0,0,0,0,9800,9800,9800
2024-03-22,9.48,9800,0(0.00 %),100,0,0,0,9800,9800,9800
2024-03-25,9.48,9800,0(0.00 %),0,0,0,0,9800,9800,9800
2024-03-26,8.82,9120,-0.68(-6.94 %),100,0,0,0,9120,9120,9120
2024-03-27,9.43,9750,0.63(6.91 %),2000,19000000,0,0,9750,9750,9750
2024-03-28,9.43,9750,0(0.00 %),0,0,0,0,9750,9750,9750
2024-03-29,9.43,9750,0(0.00 %),0,0,0,0,9750,9750,9750
2024-04-01,9.38,9700,-0.05(-0.51 %),4100,39000000,0,0,9800,9800,9080
2024-04-02,9.38,9700,0(0.00 %),0,0,0,0,9700,9700,9700
2024-04-03,9.38,9700,0(0.00 %),0,0,0,0,9700,9700,9700
2024-04-04,9.38,9700,0(0.00 %),0,0,0,0,9700,9700,9700
2024-04-05,9.38,9700,0(0.00 %),0,0,0,0,9700,9700,9700
2024-04-08,9.38,9700,0(0.00 %),0,0,0,0,9700,9700,9700
2024-04-09,9.38,9700,0(0.00 %),0,0,0,0,9700,9700,9700
2024-04-10,9.38,9700,0(0.00 %),0,0,0,0,9700,9700,9700
2024-04-11,9.38,9700,0(0.00 %),0,0,0,0,9700,9700,9700
2024-04-12,9.38,9700,0(0.00 %),0,0,0,0,9700,9700,9700
2024-04-15,9.38,9700,0(0.00 %),0,0,0,0,9700,9700,9700
2024-04-16,8.76,9060,-0.64(-6.60 %),100,0,0,0,9060,9060,9060
2024-04-17,8.76,9060,0(0.00 %),0,0,0,0,9060,9060,9060
2024-04-19,8.76,9060,0(0.00 %),0,0,0,0,9060,9060,9060
2024-04-22,9.37,9690,0.63(6.95 %),300,2000000,0,0,9690,9690,9690
2024-04-23,9.37,9690,0(0.00 %),0,0,0,0,9690,9690,9690
2024-04-24,9.37,9690,0(0.00 %),0,0,0,0,9690,9690,9690
2024-04-25,9.37,9690,0(0.00 %),0,0,0,0,9690,9690,9690
2024-04-26,9.37,9690,0(0.00 %),0,0,0,0,9690,9690,9690
2024-05-02,9.92,10250,0.56(5.78 %),100,1000000,0,0,10250,10250,10250
2024-05-03,9.92,10250,0(0.00 %),0,0,0,0,10250,10250,10250
2024-05-06,9.92,10250,0(0.00 %),0,0,0,0,10250,10250,10250
2024-05-07,9.92,10250,0(0.00 %),0,0,0,0,10250,10250,10250
2024-05-08,9.92,10250,0(0.00 %),0,0,0,0,10250,10250,10250
2024-05-09,9.92,10250,0(0.00 %),0,0,0,0,10250,10250,10250
2024-05-10,9.23,9550,-0.71(-6.93 %),7100,67000000,0,0,9550,9550,9550
2024-05-13,9.23,9540,0(0.00 %),0,0,0,0,9540,9540,9540
2024-05-14,9.23,9540,0(0.00 %),0,0,0,0,9540,9540,9540
2024-05-15,9.23,9540,0(0.00 %),100,0,0,0,9540,9540,9540
2024-05-16,9.23,9540,0(0.00 %),0,0,0,0,9540,9540,9540
2024-05-17,9.23,9540,0(0.00 %),0,0,0,0,9540,9540,9540
2024-05-20,9.23,9540,0(0.00 %),0,0,0,0,9540,9540,9540
2024-05-21,9.87,10200,0.66(6.92 %),100,1000000,0,0,10200,10200,10200
2024-05-22,9.87,10200,0(0.00 %),0,0,0,0,10200,10200,10200
2024-05-23,9.19,9500,-0.7(-6.86 %),7400,70000000,0,0,9500,9500,9500
2024-05-24,9.19,9500,0(0.00 %),0,0,0,0,9500,9500,9500
2024-05-27,9.19,9500,0(0.00 %),0,0,0,0,9500,9500,9500
2024-05-28,9.19,9500,0(0.00 %),0,0,0,0,9500,9500,9500
2024-05-29,9.34,9650,0.15(1.58 %),1000,9000000,0,0,9650,9650,9650
2024-05-30,9.34,9650,0(0.00 %),0,0,0,0,9650,9650,9650
2024-05-31,9.34,9650,0(0.00 %),0,0,0,0,9650,9650,9650
2024-06-03,9.34,9650,0(0.00 %),0,0,0,0,9650,9650,9650
2024-06-04,9.34,9650,0(0.00 %),100,0,0,0,9650,9650,9650
2024-06-05,9.34,9650,0(0.00 %),0,0,0,0,9650,9650,9650
2024-06-06,9.34,9650,0(0.00 %),400,3000000,0,0,9650,9650,9650
2024-06-07,9.34,9650,0(0.00 %),0,0,0,0,9650,9650,9650
2024-06-10,9.34,9650,0(0.00 %),0,0,0,0,9650,9650,9650
2024-06-11,8.71,9000,-0.65(-6.74 %),10100,90000000,0,0,8980,9000,8980
2024-06-12,8.8,9100,0.1(1.11 %),100,0,0,0,9100,9100,9100
2024-06-13,8.8,9100,0(0.00 %),0,0,0,0,9100,9100,9100
2024-06-14,9.4,9720,0.62(6.81 %),100,0,0,0,9720,9720,9720
2024-06-17,9.4,9720,0(0.00 %),0,0,0,0,9720,9720,9720
2024-06-18,9.4,9720,0(0.00 %),0,0,0,0,9720,9720,9720
2024-06-19,9.4,9720,0(0.00 %),0,0,0,0,9720,9720,9720
2024-06-20,8.76,9050,-0.67(-6.89 %),100,0,0,0,9050,9050,9050
2024-06-21,9.36,9680,0.63(6.96 %),200,1000000,0,0,9680,9680,9680
2024-06-24,9.5,9820,0.14(1.45 %),61700,602000000,0,0,9680,9820,9680
2024-06-25,8.85,9150,-0.67(-6.82 %),2200,20000000,0,0,9150,9150,9150
2024-06-26,9.47,9790,0.64(6.99 %),1500,14000000,0,0,9790,9790,9790
2024-06-27,9.87,10200,0.41(4.19 %),100,1000000,0,0,10200,10200,10200
2024-06-28,9.87,10200,0(0.00 %),6200,63000000,0,0,10200,10200,10200
2024-07-01,9.87,10200,0(0.00 %),900,9000000,0,0,10200,10200,10200
2024-07-02,9.87,10200,0(0.00 %),0,0,0,0,10200,10200,10200
2024-07-03,9.87,10200,0(0.00 %),0,0,0,0,10200,10200,10200
2024-07-04,10.16,10500,0.3(2.94 %),13900,145000000,0,0,10200,10500,10200
2024-07-05,10.16,10500,0(0.00 %),5000,52000000,0,0,10500,10500,10500
2024-07-08,9.48,9800,-0.7(-6.67 %),15200,149000000,0,0,10000,10000,9800
2024-07-09,10.11,10450,0.65(6.63 %),7100,74000000,0,0,10450,10450,10400
2024-07-10,10.16,10500,0.05(0.48 %),100,1000000,0,0,10500,10500,10500
2024-07-11,10.16,10500,0(0.00 %),200,2000000,0,0,10500,10500,10500
2024-07-12,10.16,10500,0(0.00 %),2600,27000000,0,0,10500,10500,10500
2024-07-15,10.16,10500,0(0.00 %),53100,557000000,0,0,10500,10500,10500
2024-07-16,10.16,10500,0(0.00 %),1600,16000000,0,0,10500,10500,10500
2024-07-17,9.72,10050,-0.45(-4.29 %),2000,20000000,0,0,10000,10050,10000
2024-07-18,9.72,10050,0(0.00 %),0,0,0,0,10050,10050,10050
2024-07-19,9.72,10050,0(0.00 %),0,0,0,0,10050,10050,10050
2024-07-22,9.77,10100,0.05(0.50 %),3500,35000000,0,0,10100,10100,10100
2024-07-23,9.82,10150,0.05(0.50 %),800,8000000,0,0,10150,10150,10150
2024-07-24,9.15,9460,-0.69(-6.80 %),1000,9000000,0,0,9460,9460,9460
2024-07-25,9.77,10100,0.64(6.77 %),600,6000000,0,0,10100,10100,10100
2024-07-26,9.77,10100,0(0.00 %),600,6000000,0,0,10100,10100,10100
2024-07-29,9.82,10150,0.05(0.50 %),1100,11000000,0,0,10150,10150,10150
2024-07-30,9.82,10150,0(0.00 %),0,0,0,0,10150,10150,10150
2024-07-31,9.82,10150,0(0.00 %),0,0,0,0,10150,10150,10150
2024-08-01,9.82,10150,0(0.00 %),800,8000000,0,0,10150,10150,10150
2024-08-02,10.5,10850,0.7(6.90 %),1000,10000000,0,0,10000,10850,10000
2024-08-05,10.5,10850,0(0.00 %),0,0,0,0,10850,10850,10850
2024-08-06,10.5,10850,0(0.00 %),0,0,0,0,10850,10850,10850
2024-08-07,9.82,10150,-0.7(-6.45 %),6000,60000000,0,0,10150,10150,10150
2024-08-08,10.35,10700,0.55(5.42 %),8600,90000000,0,0,10150,10700,10150
2024-08-09,9.82,10150,-0.55(-5.14 %),3600,36000000,0,0,10150,10150,10150
2024-08-12,9.87,10200,0.05(0.49 %),2200,22000000,0,0,10150,10200,10150
2024-08-13,9.87,10200,0(0.00 %),4200,42000000,0,0,10200,10200,10200
2024-08-14,9.77,10100,-0.1(-0.98 %),6000,60000000,0,0,10150,10150,10100
2024-08-15,9.77,10100,0(0.00 %),0,0,0,0,10100,10100,10100
2024-08-16,9.77,10100,0(0.00 %),1000,10000000,0,0,10100,10100,10100
2024-08-19,9.77,10100,0(0.00 %),0,0,0,0,10100,10100,10100
2024-08-20,9.82,10150,0.05(0.50 %),6600,66000000,0,0,10150,10150,10150
2024-08-21,9.82,10150,0(0.00 %),0,0,0,0,10150,10150,10150
2024-08-22,9.82,10150,0(0.00 %),18900,191000000,0,0,10150,10150,10150
2024-08-23,9.82,10150,0(0.00 %),2000,20000000,0,0,10150,10150,10150
2024-08-26,9.82,10150,0(0.00 %),0,0,0,0,10150,10150,10150
2024-08-27,9.82,10150,0(0.00 %),0,0,0,0,10150,10150,10150
2024-08-28,9.82,10150,0(0.00 %),0,0,0,0,10150,10150,10150
2024-08-29,9.82,10150,0(0.00 %),0,0,0,0,10150,10150,10150
2024-08-30,9.82,10150,0(0.00 %),1000,10000000,0,0,10150,10150,10150
2024-09-04,9.77,10100,-0.05(-0.49 %),23500,237000000,0,0,10100,10100,10100
2024-09-05,9.77,10100,0(0.00 %),0,0,0,0,10100,10100,10100
2024-09-06,9.77,10100,0(0.00 %),2500,25000000,0,0,10100,10100,10100
2024-09-09,9.77,10100,0(0.00 %),2700,27000000,0,0,10100,10100,10100
2024-09-10,9.77,10100,0(0.00 %),0,0,0,0,10100,10100,10100
2024-09-11,9.82,10150,0.05(0.50 %),2000,20000000,0,0,10150,10150,10150
2024-09-12,9.82,10150,0(0.00 %),3300,33000000,0,0,10150,10150,10150
2024-09-13,9.82,10150,0(0.00 %),9000,91000000,0,0,10150,10150,10150
2024-09-16,9.82,10150,0(0.00 %),0,0,0,0,10150,10150,10150
2024-09-17,9.82,10150,0(0.00 %),3000,30000000,0,0,10150,10150,10150
2024-09-18,9.82,10150,0(0.00 %),18100,183000000,0,0,10150,10150,10150
2024-09-19,9.82,10150,0(0.00 %),1000,10000000,0,0,10150,10150,10150
2024-09-20,9.82,10150,0(0.00 %),0,0,0,0,10150,10150,10150
2024-09-23,10.35,10700,0.55(5.42 %),700,7000000,0,0,9450,10850,9450
2024-09-24,10.35,10700,0(0.00 %),0,0,0,0,10700,10700,10700
2024-09-25,10.35,10700,0(0.00 %),0,0,0,0,10700,10700,10700
2024-09-26,10.35,10700,0(0.00 %),0,0,0,0,10700,10700,10700
2024-09-27,10.35,10700,0(0.00 %),0,0,0,0,10700,10700,10700
2024-09-30,10.35,10700,0(0.00 %),0,0,0,0,10700,10700,10700
2024-10-01,10.35,10700,0(0.00 %),0,0,0,0,10700,10700,10700
2024-10-02,10.35,10700,0(0.00 %),0,0,0,0,10700,10700,10700
2024-10-03,10.35,10700,0(0.00 %),0,0,0,0,10700,10700,10700
2024-10-04,10.35,10700,0(0.00 %),0,0,0,0,10700,10700,10700
2024-10-07,10.35,10700,0(0.00 %),1000,10000000,0,0,10700,10700,10700
2024-10-08,10.35,10700,0(0.00 %),0,0,0,0,10700,10700,10700
2024-10-09,10.35,10700,0(0.00 %),0,0,0,0,10700,10700,10700
2024-10-10,10.35,10700,0(0.00 %),0,0,0,0,10700,10700,10700
2024-10-11,10.35,10700,0(0.00 %),0,0,0,0,10700,10700,10700
2024-10-14,10.35,10700,0(0.00 %),0,0,0,0,10700,10700,10700
2024-10-15,10.35,10700,0(0.00 %),0,0,0,0,10700,10700,10700
2024-10-16,10.35,10700,0(0.00 %),0,0,0,0,10700,10700,10700
2024-10-17,9.87,10200,-0.5(-4.67 %),100,1000000,0,0,10200,10200,10200
2024-10-18,9.87,10200,0(0.00 %),0,0,0,0,10200,10200,10200
2024-10-21,9.87,10200,0(0.00 %),0,0,0,0,10200,10200,10200
2024-10-22,9.87,10200,0(0.00 %),0,0,0,0,10200,10200,10200
2024-10-23,9.87,10200,0(0.00 %),0,0,0,0,10200,10200,10200
2024-10-24,9.87,10200,0(0.00 %),0,0,0,0,10200,10200,10200
2024-10-25,9.87,10200,0(0.00 %),0,0,0,0,10200,10200,10200
2024-10-28,9.87,10200,0(0.00 %),0,0,0,0,10200,10200,10200
2024-10-29,9.77,10100,-0.1(-0.98 %),100,1000000,0,0,10100,10100,10100
2024-10-30,9.77,10100,0(0.00 %),0,0,0,0,10100,10100,10100
2024-10-31,9.09,9400,-0.7(-6.93 %),100,0,0,0,9400,9400,9400
2024-11-01,9.09,9400,0(0.00 %),0,0,0,0,9400,9400,9400
2024-11-04,9.09,9400,0(0.00 %),0,0,0,0,9400,9400,9400
2024-11-05,9.72,10050,0.65(6.91 %),1100,11000000,0,0,10050,10050,10050
2024-11-06,9.72,10050,0(0.00 %),0,0,0,0,10050,10050,10050
2024-11-07,10.4,10750,0.7(6.97 %),900,9000000,0,0,10750,10750,10750
2024-11-08,10.4,10400,0(0.00 %),0,0,0,0,10400,10400,10400
2024-11-11,10.75,10750,0(0.00 %),0,0,0,0,10750,10750,10750
2024-11-12,10.75,10750,0(0.00 %),0,0,0,0,10750,10750,10750
2024-11-13,10.75,10750,0(0.00 %),0,0,0,0,10750,10750,10750
2024-11-14,10.75,10750,0(0.00 %),0,0,0,0,10750,10750,10750
2024-11-15,10.75,10750,0(0.00 %),0,0,0,0,10750,10750,10750
2024-11-18,10.75,10750,0(0.00 %),0,0,0,0,10750,10750,10750
2024-11-19,10.75,10750,0(0.00 %),0,0,0,0,10750,10750,10750
2024-11-20,10.75,10750,0(0.00 %),0,0,0,0,10750,10750,10750
2024-11-21,10.75,10750,0(0.00 %),0,0,0,0,10750,10750,10750
2024-11-22,10.75,10750,0(0.00 %),0,0,0,0,10750,10750,10750
2024-11-25,10.75,10750,0(0.00 %),0,0,0,0,10750,10750,10750
2024-11-26,10.75,10750,0(0.00 %),0,0,0,0,10750,10750,10750
2024-11-27,10.75,10750,0(0.00 %),0,0,0,0,10750,10750,10750
2024-11-28,10.15,10150,-0.6(-5.58 %),15000,152000000,0,0,10150,10150,10150
2024-11-29,10.15,10150,0(0.00 %),0,0,0,0,10150,10150,10150
2024-12-02,10.15,10150,0(0.00 %),0,0,0,0,10150,10150,10150
2024-12-03,10.15,10150,0(0.00 %),0,0,0,0,10150,10150,10150
2024-12-04,10.15,10150,0(0.00 %),0,0,0,0,10150,10150,10150
2024-12-05,10.75,10750,0.6(5.91 %),200,2000000,0,0,10750,10750,10750
2024-12-06,10.75,10750,0(0.00 %),0,0,0,0,10750,10750,10750
2024-12-09,10.75,10750,0(0.00 %),0,0,0,0,10750,10750,10750
2024-12-10,10.75,10750,0(0.00 %),0,0,0,0,10750,10750,10750
2024-12-11,10.75,10750,0(0.00 %),0,0,0,0,10750,10750,10750
2024-12-12,10.75,10750,0(0.00 %),0,0,0,0,10750,10750,10750
2024-12-13,10.9,10900,0.15(1.40 %),100600,1101000000,0,0,10750,11000,10750
2024-12-16,10.9,10900,0(0.00 %),79500,863000000,0,0,10150,10900,10150
2024-12-17,10.9,10900,0(0.00 %),0,0,0,0,10900,10900,10900
2024-12-18,11.4,11400,0.5(4.59 %),100,1000000,0,0,11400,11400,11400
2024-12-19,11.4,11400,0(0.00 %),0,0,0,0,11400,11400,11400
2024-12-20,11.4,11400,0(0.00 %),1900,21000000,0,0,11300,11400,11300
2024-12-23,11.4,11400,0(0.00 %),300,3000000,0,0,10650,11400,10650
2024-12-24,12.15,12150,0.75(6.58 %),800,9000000,0,0,12150,12150,12150
2024-12-25,13.0,13000,0.85(7.00 %),2400,31000000,0,0,13000,13000,13000
2024-12-26,13.8,13800,0.8(6.15 %),500,6000000,0,0,13000,13900,13000
2024-12-27,13.8,13800,0(0.00 %),0,0,0,0,13800,13800,13800
2024-12-30,13.8,13800,0(0.00 %),0,0,0,0,13800,13800,13800
2024-12-31,13.8,13800,0(0.00 %),0,0,0,0,13800,13800,13800
2025-01-02,13.8,13800,0(0.00 %),0,0,0,0,13800,13800,13800
2025-01-03,14.75,14750,0.95(6.88 %),800,11000000,0,0,13900,14750,13900
2025-01-06,15.7,15700,0.95(6.44 %),1300,19000000,0,0,14750,15750,14700
2025-01-07,15.7,15700,0(0.00 %),100,1000000,0,0,15700,15700,15700
2025-01-08,16.0,16000,0.3(1.91 %),100,1000000,0,0,16000,16000,16000
2025-01-09,16.0,16000,0(0.00 %),0,0,0,0,16000,16000,16000
2025-01-10,16.0,16000,0(0.00 %),0,0,0,0,16000,16000,16000
2025-01-13,16.0,16000,0(0.00 %),0,0,0,0,16000,16000,16000
2025-01-14,16.0,16000,0(0.00 %),0,0,0,0,16000,16000,16000
2025-01-15,16.0,16000,0(0.00 %),0,0,0,0,16000,16000,16000
2025-01-16,16.0,16000,0(0.00 %),0,0,0,0,16000,16000,16000
2025-01-17,16.0,16000,0(0.00 %),0,0,0,0,16000,16000,16000
2025-01-20,16.0,16000,0(0.00 %),0,0,0,0,16000,16000,16000
2025-01-21,16.0,16000,0(0.00 %),0,0,0,0,16000,16000,16000
2025-01-22,16.0,16000,0(0.00 %),100,1000000,0,0,16000,16000,16000
2025-01-23,16.0,16000,0(0.00 %),0,0,0,0,16000,16000,16000
2025-01-24,16.0,16000,0(0.00 %),0,0,0,0,16000,16000,16000
2025-02-04,15.0,15000,0(0.00 %),0,0,0,0,15000,15000,15000
2025-02-05,15.0,15000,0(0.00 %),0,0,0,0,15000,15000,15000
2025-02-06,15.0,15000,0(0.00 %),0,0,0,0,15000,15000,15000
2025-02-07,15.0,15000,0(0.00 %),0,0,0,0,15000,15000,15000
2025-02-10,15.0,15000,0(0.00 %),0,0,0,0,15000,15000,15000
2025-02-11,13.95,13950,-1.05(-7.00 %),900,12000000,0,0,13950,13950,13950
2025-02-12,13.95,13950,0(0.00 %),0,0,0,0,13950,13950,13950
2025-02-13,13.95,13950,0(0.00 %),0,0,0,0,13950,13950,13950
2025-02-14,13.0,13000,-0.95(-6.81 %),200,2000000,0,0,13000,13000,13000
2025-02-17,12.1,12100,-0.9(-6.92 %),200,2000000,0,0,12100,12100,12100
2025-02-18,12.5,12500,0.4(3.31 %),5900,66000000,0,0,11300,12500,11300
2025-02-19,12.5,12500,0(0.00 %),0,0,0,0,12500,12500,12500
2025-02-20,11.65,11650,-0.85(-6.80 %),5000,62000000,0,0,12400,13350,11650
2025-02-21,11.65,11650,0(0.00 %),0,0,0,0,11650,11650,11650
2025-02-24,11.0,11000,-0.65(-5.58 %),200,2000000,0,0,11000,11000,11000
2025-02-25,11.3,11300,0.3(2.73 %),1200,13000000,0,0,10900,11300,10900
2025-02-26,12.0,12000,0.7(6.19 %),2100,24000000,0,0,12000,12050,11700
2025-02-27,12.0,12000,0(0.00 %),0,0,0,0,12000,12000,12000
2025-02-28,11.2,11200,-0.8(-6.67 %),100,1000000,0,0,11200,11200,11200
2025-03-03,11.8,11800,0.6(5.36 %),100,1000000,0,0,11800,11800,11800
2025-03-04,11.8,11800,0(0.00 %),0,0,0,0,11800,11800,11800
2025-03-05,11.8,11800,0(0.00 %),0,0,0,0,11800,11800,11800
2025-03-06,12.3,12300,0.5(4.24 %),200,2000000,0,0,11800,12300,11800
2025-03-07,12.3,12300,0(0.00 %),0,0,0,0,12300,12300,12300
2025-03-10,12.3,12300,0(0.00 %),0,0,0,0,12300,12300,12300
2025-03-11,12.5,12500,0.2(1.63 %),1600,20000000,0,0,12500,12500,12500
2025-03-12,12.5,12500,0(0.00 %),0,0,0,0,12500,12500,12500
2025-03-13,12.5,12500,0(0.00 %),0,0,0,0,12500,12500,12500
2025-03-14,12.5,12500,0(0.00 %),0,0,0,0,12500,12500,12500
2025-03-17,12.5,12500,0(0.00 %),0,0,0,0,12500,12500,12500
2025-03-18,11.65,11650,-0.85(-6.80 %),2000,23000000,0,0,11650,11650,11650
2025-03-19,11.65,11650,0(0.00 %),0,0,0,0,11650,11650,11650
2025-03-20,11.65,11650,0(0.00 %),0,0,0,0,11650,11650,11650
2025-03-21,10.85,10850,-0.8(-6.87 %),100,1000000,0,0,10850,10850,10850
2025-03-24,10.85,10850,0(0.00 %),0,0,0,0,10850,10850,10850
2025-03-25,10.75,10750,-0.1(-0.92 %),4000,43000000,0,0,10750,10750,10750
2025-03-26,10.5,10500,-0.25(-2.33 %),200,2000000,0,0,10500,10500,10500
2025-03-27,10.5,10500,0(0.00 %),0,0,0,0,10500,10500,10500
2025-03-28,9.78,9780,-0.72(-6.86 %),400,3000000,0,0,9780,9780,9780
2025-03-31,9.78,9780,0(0.00 %),0,0,0,0,9780,9780,9780
2025-04-01,9.95,9950,0.17(1.74 %),400,3000000,0,0,9950,9950,9950
2025-04-02,9.95,9950,0(0.00 %),0,0,0,0,9950,9950,9950
2025-04-03,10.6,10600,0.65(6.53 %),8900,86000000,0,0,9500,10600,9260
2025-04-04,9.86,9860,-0.74(-6.98 %),2300,22000000,0,0,10500,10500,9860
2025-04-08,9.18,9180,-0.68(-6.90 %),200,1000000,0,0,9180,9180,9180
2025-04-09,9.18,9180,0(0.00 %),0,0,0,0,9180,9180,9180
2025-04-10,9.5,9500,0.32(3.49 %),1000,9000000,0,0,9500,9500,9500
2025-04-11,9.0,9000,-0.5(-5.26 %),100,0,0,0,9000,9000,9000
2025-04-14,9.01,9010,0.01(0.11 %),15100,135000000,0,0,9000,9010,9000
2025-04-15,9.01,9010,0(0.00 %),17100,154000000,0,0,9010,9020,9010
2025-04-16,9.01,9010,0(0.00 %),0,0,0,0,9010,9010,9010
2025-04-17,9.01,9010,0(0.00 %),3000,27000000,0,0,9010,9010,9010
2025-04-18,9.01,9010,0(0.00 %),0,0,0,0,9010,9010,9010
2025-04-21,9.01,9010,0(0.00 %),0,0,0,0,9010,9010,9010
2025-04-22,9.0,9000,-0.01(-0.11 %),1000,9000000,0,0,9000,9000,9000
2025-04-23,9.1,9100,0.1(1.11 %),2900,26000000,0,0,9000,9100,9000
2025-04-24,9.1,9100,0(0.00 %),0,0,0,0,9100,9100,9100
2025-04-25,9.1,9100,0(0.00 %),0,0,0,0,9100,9100,9100
2025-04-28,9.1,9100,0(0.00 %),0,0,0,0,9100,9100,9100
2025-04-29,9.1,9100,0(0.00 %),0,0,0,0,9100,9100,9100
2025-05-05,9.1,9100,0(0.00 %),0,0,0,0,9100,9100,9100
2025-05-06,9.1,9100,0(0.00 %),0,0,0,0,9100,9100,9100
2025-05-07,9.1,9100,0(0.00 %),0,0,0,0,9100,9100,9100
2025-05-08,9.1,9100,0(0.00 %),0,0,0,0,9100,9100,9100
2025-05-09,9.1,9100,0(0.00 %),0,0,0,0,9100,9100,9100
2025-05-12,9.1,9100,0(0.00 %),0,0,0,0,9100,9100,9100
2025-05-13,9.2,9200,0.1(1.10 %),100,920000,0,0,9200,9200,9200
2025-05-14,9.2,9200,0(0.00 %),0,0,0,0,9200,9200,9200
2025-05-15,8.6,8600,-0.6(-6.52 %),1100,9430000,0,0,8570,8600,8570
2025-05-16,9.2,9200,0.6(6.98 %),2700,24840000,0,0,9200,9200,9200
2025-05-19,9.2,9200,0(0.00 %),0,0,0,0,9200,9200,9200
2025-05-20,9.2,9200,0(0.00 %),0,0,0,0,9200,9200,9200
2025-05-21,9.2,9200,0(0.00 %),0,0,0,0,9200,9200,9200
2025-05-22,9.2,9200,0(0.00 %),0,0,0,0,9200,9200,9200
2025-05-23,9.84,9840,0.64(6.96 %),100,984000,0,0,9840,9840,9840
2025-05-26,10.5,10500,0.66(6.71 %),100,1050000,0,0,10500,10500,10500
2025-05-27,10.5,10500,0(0.00 %),0,0,0,0,10500,10500,10500
2025-05-28,10.5,10500,0(0.00 %),0,0,0,0,10500,10500,10500
2025-05-29,10.5,10500,0(0.00 %),0,0,0,0,10500,10500,10500
2025-05-30,10.0,10000,-0.5(-4.76 %),200,2050000,0,0,10500,10500,10000
2025-06-02,9.8,9800,-0.2(-2.00 %),1000,9800000,0,0,9800,9800,9800
2025-06-03,9.8,9800,0(0.00 %),0,0,0,0,9800,9800,9800
2025-06-04,9.8,9800,0(0.00 %),900,8820000,0,0,9800,9800,9800
2025-06-05,9.8,9800,0(0.00 %),0,0,0,0,9800,9800,9800
2025-06-06,9.8,9800,0(0.00 %),0,0,0,0,9800,9800,9800
2025-06-09,9.8,9800,0(0.00 %),2000,19600000,0,0,9800,9800,9800
2025-06-10,9.8,9800,0(0.00 %),100,980000,0,0,9800,9800,9800
2025-06-11,10.0,10000,0.2(2.04 %),900,9000000,0,0,10000,10000,10000
2025-06-12,10.0,10000,0(0.00 %),100,1000000,0,0,10000,10000,10000
2025-06-13,10.0,10000,0(0.00 %),0,0,0,0,10000,10000,10000
2025-06-16,10.0,10000,0(0.00 %),100,1000000,0,0,10000,10000,10000
2025-06-17,10.0,10000,0(0.00 %),0,0,0,0,10000,10000,10000
2025-06-18,10.0,10000,0(0.00 %),0,0,0,0,10000,10000,10000
2025-06-19,10.4,10400,0.4(4.00 %),400,4160000,0,0,10400,10400,10400
2025-06-20,10.4,10400,0(0.00 %),0,0,0,0,10400,10400,10400
2025-06-23,10.4,10400,0(0.00 %),0,0,0,0,10400,10400,10400
2025-06-24,10.4,10400,0(0.00 %),0,0,0,0,10400,10400,10400
2025-06-25,9.8,9800,-0.6(-5.77 %),800,7840000,0,0,9800,9800,9800
2025-06-26,9.8,9800,0(0.00 %),0,0,0,0,9800,9800,9800
2025-06-27,10.45,10450,0.65(6.63 %),100,1045000,0,0,10450,10450,10450
2025-06-30,10.2,10200,-0.25(-2.39 %),1200,12345000,0,0,10300,10300,10200
2025-07-01,10.2,10200,0(0.00 %),0,0,0,0,10200,10200,10200
2025-07-02,9.6,9600,-0.6(-5.88 %),3600,34560000,0,0,9600,9600,9600
2025-07-03,10.2,10200,0.6(6.25 %),600,6130000,0,0,10250,10250,10200
2025-07-04,10.2,10200,0(0.00 %),0,0,0,0,10200,10200,10200
2025-07-07,10.9,10900,0.7(6.86 %),200,2180000,0,0,10900,10900,10900
2025-07-08,10.2,10200,-0.7(-6.42 %),3500,35700000,0,0,10200,10200,10200
2025-07-09,9.5,9500,-0.7(-6.86 %),100,950000,0,0,9500,9500,9500
2025-07-10,10.0,10000,0.5(5.26 %),200,2000000,0,0,10000,10000,10000
2025-07-11,10.0,10000,0(0.00 %),5500,55000000,0,0,10000,10000,10000
2025-07-14,10.0,10000,0(0.00 %),0,0,0,0,10000,10000,10000
2025-07-15,9.52,9520,-0.48(-4.80 %),100,952000,0,0,9520,9520,9520
2025-07-16,9.52,9520,0(0.00 %),0,0,0,0,9520,9520,9520
2025-07-17,9.52,9520,0(0.00 %),1300,12376000,0,0,9520,9520,9520
2025-07-18,9.52,9520,0(0.00 %),0,0,0,0,9520,9520,9520
2025-07-21,10.15,10150,0.63(6.62 %),19400,196910000,0,0,10150,10150,10150
2025-07-22,9.55,9550,-0.6(-5.91 %),500,5015000,0,0,10150,10150,9550
2025-07-23,10.15,10150,0.6(6.28 %),600,6090000,0,0,10150,10150,10150
2025-07-24,9.5,9500,-0.65(-6.40 %),3400,32300000,500000,5000000000,9500,9500,9500
2025-07-25,10.15,10150,0.65(6.84 %),500,5060000,0,0,10000,10150,10000
2025-07-28,10.15,10150,0(0.00 %),800,8120000,0,0,10150,10150,10150
2025-07-29,10.15,10150,0(0.00 %),0,0,0,0,10150,10150,10150
2025-07-30,10.15,10150,0(0.00 %),0,0,0,0,10150,10150,10150
2025-07-31,10.15,10150,0(0.00 %),0,0,0,0,10150,10150,10150
2025-08-01,10.15,10150,0(0.00 %),0,0,0,0,10150,10150,10150
2025-08-04,10.15,10150,0(0.00 %),0,0,0,0,10150,10150,10150
2025-08-05,10.1,10100,-0.05(-0.49 %),7300,69075000,0,0,9450,10100,9450
2025-08-06,10.1,10100,0(0.00 %),900,9060000,0,0,10000,10100,10000
2025-08-07,9.9,9900,-0.2(-1.98 %),17800,176220000,0,0,9900,9900,9900
2025-08-08,9.9,9900,0(0.00 %),1600,15135000,0,0,9440,10000,9310
2025-08-11,9.9,9900,0(0.00 %),0,0,0,0,9900,9900,9900
2025-08-12,9.69,9690,-0.21(-2.12 %),100,969000,0,0,9690,9690,9690
2025-08-13,9.69,9690,0(0.00 %),0,0,0,0,9690,9690,9690
2025-08-14,9.69,9690,0(0.00 %),0,0,0,0,9690,9690,9690
2025-08-15,9.67,9670,-0.02(-0.21 %),900,8703000,0,0,9670,9670,9670
2025-08-18,9.67,9670,0(0.00 %),0,0,0,0,9670,9670,9670
2025-08-19,9.67,9670,0(0.00 %),0,0,0,0,9670,9670,9670
2025-08-20,9.62,9620,-0.05(-0.52 %),100,962000,0,0,9620,9620,9620
2025-08-21,9.62,9620,0(0.00 %),0,0,0,0,9620,9620,9620
2025-08-22,9.62,9620,0(0.00 %),0,0,0,0,9620,9620,9620
2025-08-25,9.62,9620,0(0.00 %),0,0,0,0,9620,9620,9620
2025-08-26,9.62,9620,0(0.00 %),0,0,0,0,9620,9620,9620
2025-08-27,9.62,9620,0(0.00 %),0,0,0,0,9620,9620,9620
2025-08-28,9.6,9600,-0.02(-0.21 %),100,960000,0,0,9600,9600,9600
2025-08-29,9.59,9590,-0.01(-0.10 %),1600,14766000,0,0,9200,9590,9120
2025-09-03,9.59,9590,0(0.00 %),0,0,0,0,9590,9590,9590
2025-09-04,9.58,9580,-0.01(-0.10 %),600,5609000,0,0,9310,9580,9020
2025-09-05,9.74,9740,0.16(1.67 %),100,974000,0,0,9740,9740,9740
2025-09-08,9.73,9730,-0.01(-0.10 %),400,3694000,0,0,9070,9730,9070
2025-09-09,9.73,9730,0(0.00 %),0,0,0,0,9730,9730,9730
2025-09-10,9.73,9730,0(0.00 %),0,0,0,0,9730,9730,9730
2025-09-11,9.73,9730,0(0.00 %),0,0,0,0,9730,9730,9730
2025-09-12,9.65,9650,-0.08(-0.82 %),1000,9164000,0,0,9110,9650,9110
2025-09-15,9.5,9500,-0.15(-1.55 %),100,950000,0,0,9500,9500,9500
2025-09-16,9.3,9300,-0.2(-2.11 %),100,930000,0,0,9300,9300,9300
2025-09-17,9.95,9950,0.65(6.99 %),13700,135247000,0,0,9400,9950,9400
2025-09-18,10.6,10600,0.65(6.53 %),27000,286200000,0,0,10600,10600,10600
2025-09-19,11.3,11300,0.7(6.60 %),81800,917625000,0,0,11300,11300,10400
2025-09-22,10.55,10550,-0.75(-6.64 %),15900,168290000,0,0,10700,11650,10550
2025-09-23,10.45,10450,-0.1(-0.95 %),15600,153349000,0,0,9900,10450,9820
2025-09-24,10.65,10650,0.2(1.91 %),20300,200459000,0,0,11000,11000,9720
2025-09-25,9.91,9910,-0.74(-6.95 %),7400,73345000,0,0,9920,9920,9910
2025-09-26,9.91,9910,0(0.00 %),100,991000,0,0,9910,9910,9910
2025-09-29,9.91,9910,0(0.00 %),4400,43641000,0,0,9910,10100,9910
2025-09-30,9.8,9800,-0.11(-1.11 %),6100,59464000,0,0,9800,9910,9230
2025-10-01,9.15,9150,-0.65(-6.63 %),3100,28325000,0,0,9130,9150,9130
2025-10-02,9.15,9150,0(0.00 %),0,0,0,0,9150,9150,9150
2025-10-03,9.6,9600,0.45(4.92 %),1900,17400000,0,0,9100,9600,9100
2025-10-06,9.59,9590,-0.01(-0.10 %),200,1919000,0,0,9600,9600,9590
2025-10-07,9.1,9100,-0.49(-5.11 %),2600,23836000,0,0,9590,9590,9100
2025-10-08,9.71,9710,0.61(6.70 %),600,5592000,0,0,9150,9710,9100
2025-10-09,9.72,9720,0.01(0.10 %),1000,9307000,0,0,9720,9720,9200
2025-10-10,10.25,9040,-9.72(-100.00 %),4400,10250,0,0,9120,10250,9040
