Date,GiaDieuChinh,Close,ThayDoi,Volume,GiaTriKhopLenh,KLThoaThuan,GtThoaThuan,Open,High,Low
2018-11-13,9.46,17100,2.2(14.77 %),14800,253080000,0,0,17100,17100,17100
2018-11-14,9.46,17100,0(0.00 %),0,0,0,0,17100,17100,17100
2018-11-15,9.46,17100,0(0.00 %),0,0,0,0,17100,17100,17100
2018-11-16,8.13,15900,-2.4(-14.04 %),3300,58810000,0,0,18300,18300,15900
2018-11-19,9.84,15750,0(0.00 %),0,0,0,0,15750,15750,15750
2018-11-20,9.84,17800,0(0.00 %),0,0,0,0,17800,17800,17800
2018-11-21,9.84,17800,0(0.00 %),0,0,0,0,17800,17800,17800
2018-11-22,9.84,17800,0(0.00 %),0,0,0,0,17800,17800,17800
2018-11-23,9.84,17800,0(0.00 %),0,0,0,0,17800,17800,17800
2018-11-26,9.84,17800,0(0.00 %),0,0,0,0,17800,17800,17800
2018-11-27,9.4,17000,-0.8(-4.49 %),3600,61320000,0,0,17400,17400,17000
2018-11-28,9.07,16400,-0.6(-3.53 %),3600,58900000,0,0,16000,16500,16000
2018-11-29,8.85,16000,-0.4(-2.44 %),2000,32000000,0,0,16000,16000,16000
2018-11-30,8.57,15500,-0.5(-3.12 %),1500,23250000,0,0,15500,15500,15500
2018-12-03,8.57,15500,0(0.00 %),1500,23250000,0,0,15500,15500,15500
2018-12-04,8.57,15500,0(0.00 %),0,0,0,0,15500,15500,15500
2018-12-05,8.35,15100,-0.4(-2.58 %),7200,108230000,100000,1500000000,15000,15200,14800
2018-12-06,8.29,15000,0(0.00 %),0,0,100000,1500000000,15000,15000,15000
2018-12-07,8.29,15000,0(0.00 %),5100,76140000,106667,1600005000,14700,15000,14700
2018-12-10,8.29,15000,0.1(0.67 %),52000,780000000,40000,600000000,15000,15000,15000
2018-12-11,8.24,14900,-0.1(-0.67 %),1000,14900000,0,0,14900,14900,14900
2018-12-12,8.18,14800,-0.1(-0.67 %),4000,59350000,34000,510000000,14900,14900,14800
2018-12-13,8.29,15000,0.2(1.35 %),2500,37500000,62000,930000000,15000,15000,15000
2018-12-14,8.29,15000,0(0.00 %),0,0,0,0,15000,15000,15000
2018-12-17,8.29,15000,0(0.00 %),0,0,0,0,15000,15000,15000
2018-12-18,8.29,15000,0(0.00 %),2000,30000000,0,0,15000,15000,15000
2018-12-19,8.18,14800,-0.2(-1.33 %),5000,74500000,0,0,15000,15000,14800
2018-12-20,8.24,14900,0(0.00 %),2600,38740000,0,0,14900,14900,14900
2018-12-21,8.29,15000,0.1(0.67 %),2500,37500000,0,0,15000,15000,15000
2018-12-24,8.29,15000,0(0.00 %),0,0,0,0,15000,15000,15000
2018-12-25,8.24,14900,-0.1(-0.67 %),4000,59600000,40000,600000000,14900,14900,14900
2018-12-26,8.24,14900,0(0.00 %),7700,115230000,0,0,15000,15000,14900
2018-12-27,8.18,14800,-0.2(-1.33 %),2600,38480000,0,0,14800,14800,14800
2018-12-28,8.07,14600,-0.2(-1.35 %),2800,40880000,0,0,14600,14600,14600
2019-01-02,8.13,14700,0.1(0.68 %),3600,52920000,0,0,14700,14700,14700
2019-01-03,8.46,15300,0.6(4.08 %),400,6120000,0,0,15300,15300,15300
2019-01-04,8.4,15200,-0.1(-0.65 %),5400,82080000,0,0,15200,15200,15200
2019-01-07,8.4,15200,0(0.00 %),0,0,0,0,15200,15200,15200
2019-01-08,8.29,15000,-0.2(-1.32 %),4200,63000000,0,0,15000,15000,15000
2019-01-09,8.29,15000,0(0.00 %),0,0,0,0,15000,15000,15000
2019-01-10,8.24,14900,-0.1(-0.67 %),3900,58000000,0,0,14900,14900,14900
2019-01-11,8.24,14900,0(0.00 %),3400,50660000,0,0,14900,14900,14900
2019-01-14,8.24,14900,0(0.00 %),0,0,0,0,14900,14900,14900
2019-01-15,8.29,15000,0.1(0.67 %),11400,169320000,0,0,13850,15000,13850
2019-01-16,8.4,15200,0.3(2.01 %),4200,63840000,0,0,15200,15200,15200
2019-01-17,9.4,16250,1.8(11.84 %),3100,52700000,0,0,16250,16250,16250
2019-01-18,9.4,17000,0(0.00 %),0,0,0,0,17000,17000,17000
2019-01-21,8.85,16000,-1(-5.88 %),5500,88750000,0,0,16300,16300,16000
2019-01-22,8.9,16100,0(0.00 %),0,0,0,0,16100,16100,16100
2019-01-23,8.9,16100,0(0.00 %),0,0,0,0,16100,16100,16100
2019-01-24,8.35,15100,-1(-6.21 %),5000,75500000,0,0,15100,15100,15100
2019-01-25,8.35,15100,0(0.00 %),0,0,0,0,15100,15100,15100
2019-01-28,8.35,15100,0(0.00 %),0,0,0,0,15100,15100,15100
2019-01-29,8.18,14800,-0.3(-1.99 %),5000,74000000,0,0,14800,14800,14800
2019-01-30,7.96,14400,-0.4(-2.70 %),2500,36000000,0,0,14400,14400,14400
2019-01-31,7.96,14400,0(0.00 %),0,0,0,0,14400,14400,14400
2019-02-01,8.79,15400,1.5(10.42 %),27500,414750000,0,0,15000,15400,15000
2019-02-11,8.35,15100,0(0.00 %),0,0,0,0,15100,15100,15100
2019-02-12,8.35,15100,0(0.00 %),0,0,0,0,15100,15100,15100
2019-02-13,8.35,15100,0(0.00 %),0,0,0,0,15100,15100,15100
2019-02-14,8.35,15100,0(0.00 %),0,0,0,0,15100,15100,15100
2019-02-15,8.35,15100,0(0.00 %),0,0,0,0,15100,15100,15100
2019-02-18,8.35,15100,0(0.00 %),0,0,0,0,15100,15100,15100
2019-02-19,8.24,14900,-0.2(-1.32 %),5000,74500000,0,0,14900,14900,14900
2019-02-20,8.24,14900,0(0.00 %),0,0,0,0,14900,14900,14900
2019-02-21,8.24,14900,0(0.00 %),0,0,0,0,14900,14900,14900
2019-02-22,8.18,14800,-0.1(-0.67 %),7300,108040000,0,0,14800,14800,14800
2019-02-25,8.18,14800,0(0.00 %),0,0,0,0,14800,14800,14800
2019-02-26,8.07,14600,-0.2(-1.35 %),3000,43800000,0,0,14600,14600,14600
2019-02-27,8.24,14900,0.3(2.05 %),36000,539700000,0,0,15000,15000,14900
2019-02-28,8.29,15000,0(0.00 %),0,0,0,0,15000,15000,15000
2019-03-01,8.24,14900,-0.1(-0.67 %),6700,99830000,0,0,14900,14900,14900
2019-03-04,8.24,14900,0(0.00 %),0,0,0,0,14900,14900,14900
2019-03-05,8.13,14700,-0.2(-1.34 %),3000,44100000,0,0,14700,14700,14700
2019-03-06,8.13,14700,0(0.00 %),3100,47970000,0,0,15500,15500,14700
2019-03-07,8.13,14700,-0.8(-5.16 %),2800,41160000,0,0,14700,14700,14700
2019-03-08,8.46,15300,0.6(4.08 %),3900,59670000,0,0,15300,15300,15300
2019-03-11,8.46,15300,0(0.00 %),0,0,0,0,15300,15300,15300
2019-03-12,8.46,15300,0(0.00 %),0,0,0,0,15300,15300,15300
2019-03-13,8.57,15500,0.2(1.31 %),5000,77500000,0,0,15500,15500,15500
2019-03-14,8.57,15500,0(0.00 %),0,0,0,0,15500,15500,15500
2019-03-15,9.4,16600,1.5(9.68 %),8500,137000000,0,0,15500,16600,15500
2019-03-18,9.12,16500,0.4(2.48 %),3100,51150000,0,0,16500,16500,16500
2019-03-19,9.12,16500,0(0.00 %),0,0,0,0,16500,16500,16500
2019-03-20,9.12,16500,0(0.00 %),0,0,0,0,16500,16500,16500
2019-03-21,9.4,17000,0.5(3.03 %),5000,84400000,0,0,16700,17000,16700
2019-03-22,9.01,16300,-0.6(-3.55 %),5800,94000000,0,0,16000,16300,16000
2019-03-25,8.96,16200,0(0.00 %),0,0,0,0,16200,16200,16200
2019-03-26,8.63,15600,-0.6(-3.70 %),5900,91740000,0,0,15500,15600,15500
2019-03-27,8.57,15500,0(0.00 %),0,0,0,0,15500,15500,15500
2019-03-28,8.57,15500,0(0.00 %),0,0,0,0,15500,15500,15500
2019-03-29,8.35,15100,-0.4(-2.58 %),100,1510000,0,0,15100,15100,15100
2019-04-01,8.35,15100,0(0.00 %),0,0,0,0,15100,15100,15100
2019-04-02,8.35,15100,0(0.00 %),0,0,0,0,15100,15100,15100
2019-04-03,8.35,15100,0(0.00 %),0,0,0,0,15100,15100,15100
2019-04-04,8.18,14800,-0.3(-1.99 %),6300,93240000,0,0,14800,14800,14800
2019-04-05,8.02,14500,-0.3(-2.03 %),6300,91350000,0,0,14500,14500,14500
2019-04-08,8.02,14500,0(0.00 %),0,0,0,0,14500,14500,14500
2019-04-09,8.29,15000,0.5(3.45 %),6200,92700000,0,0,14300,15000,14300
2019-04-10,8.52,15400,0.4(2.67 %),6000,91500000,0,0,15100,15400,15100
2019-04-11,8.46,15300,0(0.00 %),0,0,0,0,15300,15300,15300
2019-04-12,8.24,14900,-0.4(-2.61 %),5700,84330000,0,0,14700,14900,14700
2019-04-16,8.24,14900,0.1(0.68 %),6200,92380000,0,0,14900,14900,14900
2019-04-17,8.46,15300,0.4(2.68 %),6100,93070000,0,0,13850,15300,13850
2019-04-18,8.46,15300,0(0.00 %),5400,82620000,0,0,15300,15300,15300
2019-04-19,8.35,15100,-0.2(-1.31 %),6000,90200000,0,0,14900,15100,14900
2019-04-22,8.29,15000,0(0.00 %),0,0,0,0,15000,15000,15000
2019-04-23,8.29,15000,0(0.00 %),6000,89100000,0,0,14700,15000,14700
2019-04-24,8.24,14900,0(0.00 %),0,0,0,0,14900,14900,14900
2019-04-25,8.07,14600,-0.3(-2.01 %),5500,80100000,0,0,14500,14600,14500
2019-04-26,8.07,14600,0(0.00 %),0,0,0,0,14600,14600,14600
2019-05-02,8.13,14700,0.1(0.68 %),6100,89670000,0,0,14700,14700,14700
2019-05-03,8.18,14800,0.1(0.68 %),15400,229620000,0,0,15000,15000,14700
2019-05-06,8.18,14800,-0.1(-0.67 %),6200,91460000,0,0,14700,14800,14700
2019-05-07,8.29,15000,0.2(1.35 %),5300,79500000,0,0,15000,15000,15000
2019-05-08,8.29,15000,0(0.00 %),12000,181200000,0,0,15200,15200,15000
2019-05-09,8.18,14800,-0.3(-1.99 %),5300,78440000,0,0,14800,14800,14800
2019-05-10,8.18,14800,0(0.00 %),0,0,0,0,14800,14800,14800
2019-05-13,8.29,15000,0.2(1.35 %),16000,238800000,200000,3000000000,15000,15000,14800
2019-05-14,8.29,15000,0.1(0.67 %),5100,76500000,200000,3000000000,15000,15000,15000
2019-05-15,8.24,14900,-0.1(-0.67 %),5900,87910000,200000,3000000000,14900,15000,14900
2019-05-16,8.18,14800,-0.1(-0.67 %),153100,2280680000,200000,3000000000,14900,15000,14800
2019-05-17,8.18,14800,-0.1(-0.67 %),153900,2307320000,200000,3000000000,14800,15000,14800
2019-05-20,8.18,14800,-0.2(-1.33 %),9800,146510000,0,0,15100,15100,14800
2019-05-21,8.35,15100,0.1(0.67 %),5700,86070000,0,0,15100,15100,15100
2019-05-22,8.35,15100,0(0.00 %),152800,2292480000,0,0,15000,15100,15000
2019-05-23,8.35,15100,0.1(0.67 %),205700,3086070000,0,0,15000,15100,15000
2019-05-24,8.29,15000,0(0.00 %),209400,3142410000,0,0,15000,15300,15000
2019-05-27,8.29,15000,0(0.00 %),218000,3270000000,0,0,15000,15000,15000
2019-05-28,8.35,15100,0.1(0.67 %),5700,86070000,0,0,15100,15100,15100
2019-05-29,8.24,14900,-0.2(-1.32 %),4700,70030000,0,0,14900,14900,14900
2019-05-30,8.24,14900,0(0.00 %),5700,84930000,0,0,14900,14900,14900
2019-05-31,8.24,14900,0(0.00 %),0,0,0,0,14900,14900,14900
2019-06-03,8.24,14900,0(0.00 %),9200,138460000,0,0,15200,15200,14900
2019-06-04,8.18,14800,-0.3(-1.99 %),10800,162000000,0,0,15200,15200,14800
2019-06-05,8.29,15000,0(0.00 %),0,0,0,0,15000,15000,15000
2019-06-06,8.29,15000,0(0.00 %),39200,589840000,0,0,15000,15400,15000
2019-06-07,8.29,15000,0(0.00 %),4500,67500000,0,0,15000,15000,15000
2019-06-10,8.29,15000,0(0.00 %),4600,69000000,0,0,15000,15000,15000
2019-06-11,8.29,15000,0(0.00 %),4700,70500000,0,0,15000,15000,15000
2019-06-12,8.29,15000,0(0.00 %),0,0,0,0,15000,15000,15000
2019-06-13,8.29,15000,0(0.00 %),0,0,0,0,15000,15000,15000
2019-06-14,8.29,15000,0(0.00 %),4600,69000000,0,0,15000,15000,15000
2019-06-17,8.29,15000,0(0.00 %),4700,70500000,0,0,15000,15000,15000
2019-06-18,8.46,15300,0.3(2.00 %),45700,687810000,0,0,15000,15300,15000
2019-06-19,8.46,15300,0.2(1.32 %),4500,68850000,0,0,15300,15300,15300
2019-06-20,8.4,15200,-0.1(-0.65 %),45400,682520000,0,0,15000,15200,15000
2019-06-21,8.4,15200,0.2(1.33 %),5800,88160000,0,0,15200,15200,15200
2019-06-24,8.18,14800,-0.4(-2.63 %),18800,283880000,0,0,15400,15400,14800
2019-06-25,9.51,15850,2.1(13.91 %),106700,1822590000,0,0,15850,15850,14800
2019-06-26,9.62,17400,0.3(1.75 %),19800,318720000,0,0,16000,17400,16000
2019-06-27,9.57,17300,1.2(7.45 %),75900,1313070000,0,0,18500,18500,16200
2019-06-28,9.57,17300,0(0.00 %),5300,91690000,0,0,17300,17300,17300
2019-07-01,9.57,17300,0(0.00 %),5000,86500000,0,0,17300,17300,17300
2019-07-02,9.68,17500,0.2(1.16 %),143600,2499500000,0,0,16100,18000,16100
2019-07-03,9.84,17800,0.4(2.30 %),68300,1196690000,0,0,17500,17800,17500
2019-07-04,9.68,17500,0(0.00 %),70600,1193190000,0,0,17400,17500,16900
2019-07-05,9.29,16800,-0.1(-0.59 %),5100,85680000,0,0,16800,16800,16800
2019-07-08,9.23,16700,-0.1(-0.60 %),81700,1348150000,0,0,16500,16700,15600
2019-07-09,9.29,16800,0.3(1.82 %),68400,1155450000,0,0,16900,16900,16800
2019-07-10,9.68,17500,0.6(3.55 %),5800,101500000,0,0,17500,17500,17500
2019-07-11,9.68,17500,0(0.00 %),0,0,0,0,17500,17500,17500
2019-07-12,8.35,16250,-2.4(-13.71 %),200,3020000,0,0,16250,16250,16250
2019-07-15,8.24,14900,-0.2(-1.32 %),11600,186760000,0,0,16150,16150,14900
2019-07-16,8.9,15950,0(0.00 %),0,0,0,0,15950,15950,15950
2019-07-17,9.29,16800,0.7(4.35 %),5100,85680000,0,0,16800,16800,16800
2019-07-18,9.29,16800,0(0.00 %),0,0,0,0,16800,16800,16800
2019-07-19,9.4,17000,0.2(1.19 %),5000,85000000,0,0,17000,17000,17000
2019-07-22,9.4,17000,0(0.00 %),0,0,0,0,17000,17000,17000
2019-07-23,8.46,15800,-1.7(-10.00 %),10400,164320000,0,0,16300,16300,15800
2019-07-24,8.74,15800,0(0.00 %),9800,154680000,0,0,15800,15800,15000
2019-07-25,9.4,16900,1.2(7.59 %),4800,79600000,0,0,16000,16900,16000
2019-07-26,8.85,16000,-0.6(-3.61 %),8800,144760000,0,0,16900,16900,16000
2019-07-29,9.12,16500,0(0.00 %),0,0,0,0,16500,16500,16500
2019-07-30,8.85,16000,-0.5(-3.03 %),200,3200000,0,0,16000,16000,16000
2019-07-31,8.85,16000,0(0.00 %),0,0,0,0,16000,16000,16000
2019-08-01,8.85,16000,0(0.00 %),0,0,0,0,16000,16000,16000
2019-08-02,9.12,16500,0.5(3.12 %),4800,79200000,0,0,16500,16500,16500
2019-08-05,8.57,15500,-1(-6.06 %),5500,89030000,0,0,16400,16400,15500
2019-08-06,8.9,16100,-0.1(-0.62 %),5400,86940000,0,0,16100,16100,16100
2019-08-07,8.9,16100,0(0.00 %),0,0,0,0,16100,16100,16100
2019-08-08,9.12,16500,0.4(2.48 %),4100,67650000,0,0,16500,16500,16500
2019-08-09,9.18,16600,0.1(0.61 %),5200,86320000,0,0,16600,16600,16600
2019-08-12,9.23,16700,0.1(0.60 %),4000,66800000,0,0,16700,16700,16700
2019-08-13,9.01,16300,-0.4(-2.40 %),10200,169320000,0,0,16900,16900,16300
2019-08-14,9.6,15500,0.7(4.73 %),4300,66650000,0,0,15500,15500,15500
2019-08-15,9.91,16000,0.5(3.23 %),5200,83200000,0,0,16000,16000,16000
2019-08-16,10.22,16500,0.5(3.12 %),4000,66000000,0,0,16500,16500,16500
2019-08-19,10.28,16600,0.1(0.61 %),5000,83000000,0,0,16600,16600,16600
2019-08-20,10.53,17000,0.4(2.41 %),7800,127920000,0,0,15800,17000,15800
2019-08-21,10.16,16400,0(0.00 %),0,0,0,0,16400,16400,16400
2019-08-22,10.28,16600,0.2(1.22 %),5000,83000000,0,0,16600,16600,16600
2019-08-23,10.28,16600,0(0.00 %),0,0,0,0,16600,16600,16600
2019-08-26,10.22,16500,-0.1(-0.60 %),3700,61050000,0,0,16500,16500,16500
2019-08-27,10.22,16500,0(0.00 %),0,0,0,0,16500,16500,16500
2019-08-28,10.22,16500,0(0.00 %),0,0,0,0,16500,16500,16500
2019-08-29,9.91,16000,-0.5(-3.03 %),9800,161700000,0,0,17000,17000,16000
2019-08-30,10.34,16700,0.2(1.21 %),3600,60120000,0,0,16700,16700,16700
2019-09-03,10.34,16700,0(0.00 %),0,0,0,0,16700,16700,16700
2019-09-04,10.53,17000,0.3(1.80 %),4500,76500000,0,0,17000,17000,17000
2019-09-05,10.53,17000,0(0.00 %),0,0,0,0,17000,17000,17000
2019-09-06,10.47,16900,-0.1(-0.59 %),3500,59150000,0,0,16900,16900,16900
2019-09-09,10.47,16900,0(0.00 %),4500,76050000,0,0,16900,16900,16900
2019-09-10,10.47,16900,0(0.00 %),0,0,0,0,16900,16900,16900
2019-09-11,10.47,16900,0(0.00 %),0,0,0,0,16900,16900,16900
2019-09-12,9.6,15700,-1.4(-8.28 %),10400,166960000,0,0,16900,16900,15700
2019-09-13,10.16,16400,0.3(1.86 %),6000,98400000,0,0,16400,16400,16400
2019-09-16,10.09,16300,-0.1(-0.61 %),14000,225600000,0,0,16300,16300,15250
2019-09-17,10.09,16300,0.2(1.24 %),11200,175280000,0,0,15150,16300,15150
2019-09-18,9.72,15700,0(0.00 %),0,0,0,0,15700,15700,15700
2019-09-19,9.72,15700,0(0.00 %),0,0,0,0,15700,15700,15700
2019-09-20,9.72,15700,0(0.00 %),0,0,0,0,15700,15700,15700
2019-09-23,9.72,15700,0(0.00 %),0,0,0,0,15700,15700,15700
2019-09-24,9.72,15700,0(0.00 %),0,0,0,0,15700,15700,15700
2019-09-25,9.72,15700,0(0.00 %),0,0,0,0,15700,15700,15700
2019-09-26,10.4,16800,1.1(7.01 %),15700,248700000,0,0,15000,16800,15000
2019-09-27,10.28,16600,0.8(5.06 %),1300,21540000,0,0,16400,16600,16400
2019-09-30,10.28,16600,0(0.00 %),0,0,0,0,16600,16600,16600
2019-10-01,10.4,16800,0.2(1.20 %),14000,228200000,0,0,15800,16800,15800
2019-10-02,10.09,16300,0(0.00 %),0,0,0,0,16300,16300,16300
2019-10-03,10.09,16300,0(0.00 %),0,0,0,0,16300,16300,16300
2019-10-04,10.09,16300,0(0.00 %),0,0,0,0,16300,16300,16300
2019-10-07,10.09,16300,0(0.00 %),0,0,0,0,16300,16300,16300
2019-10-08,10.09,16300,0(0.00 %),0,0,0,0,16300,16300,16300
2019-10-09,10.09,16300,0(0.00 %),0,0,0,0,16300,16300,16300
2019-10-10,10.09,16300,0(0.00 %),0,0,0,0,16300,16300,16300
2019-10-11,10.53,17000,0.7(4.29 %),14800,240500000,0,0,15500,17000,15500
2019-10-14,10.09,16300,0(0.00 %),0,0,0,0,16300,16300,16300
2019-10-16,10.22,16500,0.6(3.77 %),2300,37950000,0,0,16500,16500,16500
2019-10-17,10.22,16500,0(0.00 %),0,0,0,0,16500,16500,16500
2019-10-18,10.22,16500,0(0.00 %),0,0,0,0,16500,16500,16500
2019-10-21,10.22,16500,0(0.00 %),0,0,0,0,16500,16500,16500
2019-10-22,10.22,16500,0(0.00 %),0,0,0,0,16500,16500,16500
2019-10-23,10.22,16500,0(0.00 %),0,0,0,0,16500,16500,16500
2019-10-24,10.22,16500,0(0.00 %),0,0,0,0,16500,16500,16500
2019-10-25,9.6,15500,-1(-6.06 %),2000,31000000,0,0,15500,15500,15500
2019-10-28,10.53,16600,1.5(9.68 %),16000,256000000,0,0,15000,16600,15000
2019-10-29,9.91,16000,0(0.00 %),0,0,0,0,16000,16000,16000
2019-10-30,10.53,17000,1(6.25 %),14000,227500000,0,0,15500,17000,15500
2019-10-31,10.09,16300,0(0.00 %),0,0,0,0,16300,16300,16300
2019-11-01,10.09,16300,0(0.00 %),0,0,0,0,16300,16300,16300
2019-11-04,10.09,16300,0(0.00 %),0,0,0,0,16300,16300,16300
2019-11-05,10.09,16300,0(0.00 %),0,0,0,0,16300,16300,16300
2019-11-06,10.09,16300,0(0.00 %),0,0,0,0,16300,16300,16300
2019-11-07,10.09,16300,0(0.00 %),0,0,0,0,16300,16300,16300
2019-11-08,10.53,17000,0.7(4.29 %),13200,215430000,0,0,15700,17000,15700
2019-11-11,10.09,16300,0(0.00 %),0,0,0,0,16300,16300,16300
2019-11-12,10.09,16300,0(0.00 %),0,0,0,0,16300,16300,16300
2019-11-13,10.09,16300,0(0.00 %),0,0,0,0,16300,16300,16300
2019-11-14,10.09,16300,0(0.00 %),0,0,0,0,16300,16300,16300
2019-11-15,10.09,16300,0(0.00 %),0,0,0,0,16300,16300,16300
2019-11-18,10.22,16500,0.2(1.23 %),14800,240650000,0,0,15150,17450,15150
2019-11-19,10.09,16300,0(0.00 %),0,0,0,0,16300,16300,16300
2019-11-20,10.09,16300,0(0.00 %),0,0,0,0,16300,16300,16300
2019-11-21,10.22,16500,0.2(1.23 %),11900,196350000,0,0,15500,17450,15500
2019-11-22,10.22,16500,0(0.00 %),0,0,0,0,16500,16500,16500
2019-11-25,10.22,16500,0(0.00 %),1000,15780000,0,0,15350,16500,15350
2019-11-26,9.6,15500,-0.3(-1.90 %),10900,174050000,0,0,15350,17000,15350
2019-11-27,9.91,16000,0(0.00 %),0,0,0,0,16000,16000,16000
2019-11-28,9.91,16000,0(0.00 %),15200,247460000,0,0,17100,17100,15200
2019-11-29,10.09,16300,0(0.00 %),0,0,0,0,16300,16300,16300
2019-12-02,10.09,16300,0(0.00 %),13600,219490000,0,0,17000,17000,15300
2019-12-03,10.22,16500,0.4(2.48 %),20000,330000000,0,0,16500,16500,16500
2019-12-04,9.91,16000,-0.5(-3.03 %),22300,350530000,0,0,16400,16400,15350
2019-12-05,9.72,15700,0(0.00 %),0,0,0,0,15700,15700,15700
2019-12-06,10.53,16800,1.3(8.28 %),177300,2802650000,0,0,15500,16800,15000
2019-12-09,9.29,15800,-0.8(-5.06 %),4500,67500000,0,0,15800,15800,15800
2019-12-10,10.16,16050,1.4(9.33 %),91800,1471580000,0,0,16000,16050,14500
2019-12-11,10.09,16300,0.3(1.88 %),75900,1242700000,0,0,15250,17500,15250
2019-12-12,10.34,16700,0.3(1.83 %),9000,140000000,0,0,15150,16700,15150
2019-12-13,10.53,17000,1.4(8.97 %),6500,104050000,10000,133000000,16700,17000,15550
2019-12-16,9.91,16000,0(0.00 %),0,0,0,0,16000,16000,16000
2019-12-17,9.91,16000,0(0.00 %),0,0,0,0,16000,16000,16000
2019-12-18,9.54,15400,-0.6(-3.75 %),5500,84700000,0,0,15400,15400,15400
2019-12-19,9.54,15400,0(0.00 %),0,0,0,0,15400,15400,15400
2019-12-20,9.54,15400,0(0.00 %),0,0,0,0,15400,15400,15400
2019-12-23,10.34,16500,1.3(8.44 %),77000,1285550000,0,0,14900,16500,14900
2019-12-24,10.96,17700,1(5.99 %),70000,1185000000,0,0,16700,17700,16700
2019-12-25,10.28,16600,-0.3(-1.78 %),140000,2331000000,0,0,16700,16700,16600
2019-12-26,10.34,16700,0(0.00 %),69000,1152300000,0,0,16700,16700,16700
2019-12-27,10.34,16700,0(0.00 %),0,0,0,0,16700,16700,16700
2019-12-30,10.34,16700,0(0.00 %),4500,75150000,0,0,16700,16700,16700
2019-12-31,10.34,16700,0(0.00 %),5600,92600000,0,0,16500,16700,16500
2020-01-02,10.22,16500,0(0.00 %),75800,1215200000,0,0,16000,16500,16000
2020-01-03,10.16,16400,0.4(2.50 %),40900,668680000,0,0,16400,16400,16000
2020-01-06,10.53,17000,0.7(4.29 %),35100,571700000,0,0,16200,17000,16200
2020-01-07,10.09,16300,0(0.00 %),0,0,0,0,16300,16300,16300
2020-01-08,9.91,16000,-0.3(-1.84 %),36400,580800000,0,0,15150,17450,15150
2020-01-09,9.91,16000,0(0.00 %),0,0,0,0,16000,16000,16000
2020-01-10,10.22,16500,0.5(3.12 %),149500,2452700000,0,0,16500,16500,14900
2020-01-13,8.67,15350,-2.4(-14.63 %),25100,398900000,0,0,15900,15900,15350
2020-01-14,9.85,15000,0(0.00 %),119800,1911660000,0,0,15000,15000,15000
2020-01-15,9.91,16000,0(0.00 %),36800,587880000,0,0,14900,16500,14800
2020-01-16,9.85,15900,-0.1(-0.62 %),9300,138630000,0,0,15900,15900,14900
2020-01-17,9.48,15300,0.4(2.68 %),67100,1051690000,0,0,15900,15900,15300
2020-01-20,10.34,16350,1(6.37 %),94100,1598270000,0,0,16350,16350,15300
2020-01-21,9.48,15550,-1.7(-10.00 %),39300,618210000,0,0,15900,15900,15550
2020-01-22,9.72,15700,0(0.00 %),0,0,0,0,15700,15700,15700
2020-01-30,9.72,15700,0(0.00 %),0,0,0,0,15700,15700,15700
2020-01-31,10.53,16800,1.3(8.28 %),3600,61200000,0,0,16800,16800,16800
2020-02-03,10.53,17000,0(0.00 %),0,0,0,0,17000,17000,17000
2020-02-04,10.53,17000,0(0.00 %),0,0,0,0,17000,17000,17000
2020-02-05,10.53,17000,0(0.00 %),0,0,0,0,17000,17000,17000
2020-02-06,10.53,17000,0(0.00 %),0,0,0,0,17000,17000,17000
2020-02-07,10.53,17000,0(0.00 %),0,0,0,0,17000,17000,17000
2020-02-10,10.53,17000,0(0.00 %),0,0,0,0,17000,17000,17000
2020-02-11,10.53,17000,0(0.00 %),0,0,0,0,17000,17000,17000
2020-02-12,10.53,17000,0(0.00 %),0,0,0,0,17000,17000,17000
2020-02-13,12.08,18200,2.5(14.71 %),31000,604500000,0,0,18200,18200,18200
2020-02-14,12.08,19500,0(0.00 %),0,0,0,0,19500,19500,19500
2020-02-17,12.08,19500,0(0.00 %),0,0,0,0,19500,19500,19500
2020-02-18,13.81,20850,2.8(14.36 %),5100,113560000,0,0,20850,20850,20000
2020-02-19,13.81,22300,0(0.00 %),0,0,0,0,22300,22300,22300
2020-02-20,13.75,22200,-0.1(-0.45 %),2000,44400000,0,0,22200,22200,22200
2020-02-21,13.62,22000,-0.2(-0.90 %),8100,186200000,0,0,23000,23000,22000
2020-02-24,14.24,23000,0(0.00 %),0,0,0,0,23000,23000,23000
2020-02-25,13.75,22200,-0.8(-3.48 %),10200,225920000,0,0,21400,22200,21400
2020-02-26,13.56,21900,-0.2(-0.90 %),10000,219000000,0,0,21900,21900,21900
2020-02-27,13.5,21800,-0.1(-0.46 %),4600,99660000,0,0,20350,21800,20350
2020-02-28,13.44,21700,0(0.00 %),0,0,0,0,21700,21700,21700
2020-03-02,13.44,21700,0(0.00 %),0,0,0,0,21700,21700,21700
2020-03-03,13.38,21600,-0.1(-0.46 %),400,8640000,0,0,21600,21600,21600
2020-03-04,14.18,22900,1.3(6.02 %),10500,242610000,0,0,23000,23100,22900
2020-03-05,14.31,23100,0(0.00 %),0,0,0,0,23100,23100,23100
2020-03-06,14.31,23100,0(0.00 %),0,0,0,0,23100,23100,23100
2020-03-09,14.18,22900,-0.2(-0.87 %),19000,435100000,0,0,22900,22900,22900
2020-03-10,14.18,22900,0(0.00 %),0,0,0,0,22900,22900,22900
2020-03-13,13.56,21900,-0.4(-1.79 %),14800,324120000,0,0,21900,21900,21900
2020-03-16,12.94,20900,-1(-4.57 %),15200,317680000,0,0,20900,20900,20900
2020-03-17,14.55,22350,2.6(12.44 %),12400,284700000,0,0,20000,22350,20000
2020-03-18,12.94,21850,-2.1(-9.13 %),24400,536700000,0,0,21850,23500,21850
2020-03-19,13.62,22000,0(0.00 %),0,0,0,0,22000,22000,22000
2020-03-20,13.62,22000,0(0.00 %),0,0,0,0,22000,22000,22000
2020-03-23,13.62,22000,0(0.00 %),0,0,0,0,22000,22000,22000
2020-03-24,13.62,22000,0(0.00 %),0,0,0,0,22000,22000,22000
2020-03-25,13.62,22000,0(0.00 %),0,0,0,0,22000,22000,22000
2020-03-26,13.62,22000,0(0.00 %),0,0,0,0,22000,22000,22000
2020-03-27,13.62,22000,0(0.00 %),0,0,0,0,22000,22000,22000
2020-03-30,13.62,22000,0(0.00 %),0,0,0,0,22000,22000,22000
2020-03-31,13.62,22000,0(0.00 %),0,0,0,0,22000,22000,22000
2020-04-01,13.62,22000,0(0.00 %),0,0,0,0,22000,22000,22000
2020-04-03,13.62,22000,0(0.00 %),0,0,0,0,22000,22000,22000
2020-04-06,13.62,22000,0(0.00 %),0,0,0,0,22000,22000,22000
2020-04-07,13.62,22000,0(0.00 %),0,0,0,0,22000,22000,22000
2020-04-08,13.62,22000,0(0.00 %),0,0,0,0,22000,22000,22000
2020-04-09,13.62,22000,0(0.00 %),0,0,0,0,22000,22000,22000
2020-04-10,13.62,22000,0(0.00 %),0,0,0,0,22000,22000,22000
2020-04-13,13.62,22000,0(0.00 %),0,0,0,0,22000,22000,22000
2020-04-14,11.58,20450,-3.3(-15.00 %),100,1870000,0,0,20450,20450,20450
2020-04-15,13.31,20000,2.8(14.97 %),200,4020000,0,0,18700,20000,18700
2020-04-16,14.24,23000,2.9(14.43 %),100,2300000,0,0,23000,23000,23000
2020-04-17,14.24,23000,0(0.00 %),0,0,0,0,23000,23000,23000
2020-04-20,14.24,23000,0(0.00 %),0,0,0,0,23000,23000,23000
2020-04-21,14.24,23000,0(0.00 %),0,0,0,0,23000,23000,23000
2020-04-22,14.24,23000,0(0.00 %),0,0,0,0,23000,23000,23000
2020-04-23,14.24,23000,0(0.00 %),0,0,0,0,23000,23000,23000
2020-04-24,14.24,23000,0(0.00 %),0,0,0,0,23000,23000,23000
2020-04-27,14.24,23000,0(0.00 %),0,0,0,0,23000,23000,23000
2020-04-28,14.24,23000,0(0.00 %),0,0,0,0,23000,23000,23000
2020-04-29,14.24,23000,0(0.00 %),0,0,0,0,23000,23000,23000
2020-05-04,14.24,23000,0(0.00 %),0,0,0,0,23000,23000,23000
2020-05-05,14.24,23000,0(0.00 %),0,0,0,0,23000,23000,23000
2020-05-06,14.24,23000,0(0.00 %),0,0,0,0,23000,23000,23000
2020-05-07,14.24,23000,0(0.00 %),0,0,0,0,23000,23000,23000
2020-05-08,14.24,23000,0(0.00 %),0,0,0,0,23000,23000,23000
2020-05-11,14.24,23000,0(0.00 %),0,0,0,0,23000,23000,23000
2020-05-12,14.24,23000,0(0.00 %),0,0,0,0,23000,23000,23000
2020-05-13,14.24,23000,0(0.00 %),0,0,0,0,23000,23000,23000
2020-05-14,14.24,23000,0(0.00 %),0,0,0,0,23000,23000,23000
2020-05-15,14.24,23000,0(0.00 %),0,0,0,0,23000,23000,23000
2020-05-18,14.24,23000,0(0.00 %),0,0,0,0,23000,23000,23000
2020-05-19,14.24,23000,0(0.00 %),0,0,0,0,23000,23000,23000
2020-05-20,14.24,23000,0(0.00 %),0,0,0,0,23000,23000,23000
2020-05-21,14.24,23000,0(0.00 %),0,0,0,0,23000,23000,23000
2020-05-22,14.24,23000,0(0.00 %),0,0,0,0,23000,23000,23000
2020-05-25,14.24,23000,0(0.00 %),0,0,0,0,23000,23000,23000
2020-05-26,14.24,23000,0(0.00 %),0,0,0,0,23000,23000,23000
2020-05-27,14.24,23000,0(0.00 %),0,0,0,0,23000,23000,23000
2020-05-28,14.24,23000,0(0.00 %),0,0,0,0,23000,23000,23000
2020-05-29,14.24,23000,0(0.00 %),0,0,0,0,23000,23000,23000
2020-06-01,14.24,23000,0(0.00 %),0,0,0,0,23000,23000,23000
2020-06-02,14.24,23000,0(0.00 %),0,0,0,0,23000,23000,23000
2020-06-03,14.24,23000,0(0.00 %),0,0,0,0,23000,23000,23000
2020-06-04,14.24,23000,0(0.00 %),0,0,0,0,23000,23000,23000
2020-06-05,14.24,23000,0(0.00 %),0,0,0,0,23000,23000,23000
2020-06-08,12.32,21400,-3.1(-13.48 %),33200,810240000,0,0,24600,24600,21400
2020-06-09,14.24,21300,-1.4(-5.74 %),3000,69000000,0,0,21300,21300,21300
2020-06-10,12.39,21400,-3(-13.04 %),1125000,22500000000,7875000,157500000000,21400,21400,21400
2020-06-11,10.53,18600,-3(-15.00 %),200,3400000,0,0,18600,18600,18600
2020-06-12,11.15,18000,1(5.88 %),3000,54000000,0,0,18000,18000,18000
2020-06-15,11.15,18000,0(0.00 %),0,0,0,0,18000,18000,18000
2020-06-16,11.15,18000,0(0.00 %),0,0,0,0,18000,18000,18000
2020-06-17,11.09,17900,-0.1(-0.56 %),48000,859200000,0,0,17900,17900,17900
2020-06-18,11.09,17900,0(0.00 %),0,0,0,0,17900,17900,17900
2020-06-19,11.09,17900,0(0.00 %),0,0,0,0,17900,17900,17900
2020-06-22,11.09,17900,0(0.00 %),0,0,0,0,17900,17900,17900
2020-06-23,11.09,17900,0(0.00 %),0,0,0,0,17900,17900,17900
2020-06-24,11.09,17900,0(0.00 %),0,0,0,0,17900,17900,17900
2020-06-25,11.09,17900,0(0.00 %),0,0,0,0,17900,17900,17900
2020-06-26,11.09,17900,0(0.00 %),0,0,0,0,17900,17900,17900
2020-06-29,11.09,17900,0(0.00 %),0,0,0,0,17900,17900,17900
2020-06-30,12.7,19150,2.6(14.53 %),500,10250000,0,0,19150,19150,19150
2020-07-01,14.24,21950,2.5(12.20 %),600,13850000,0,0,21950,21950,21950
2020-07-02,14.31,23100,0(0.00 %),0,0,0,0,23100,23100,23100
2020-07-03,14.31,23100,0(0.00 %),0,0,0,0,23100,23100,23100
2020-07-06,14.31,23100,0(0.00 %),0,0,0,0,23100,23100,23100
2020-07-07,12.39,21500,-3.1(-13.42 %),50800,1016400000,0,0,21500,21500,21500
2020-07-08,12.39,20000,0(0.00 %),0,0,0,0,20000,20000,20000
2020-07-09,12.39,20000,0(0.00 %),0,0,0,0,20000,20000,20000
2020-07-10,12.39,20000,0(0.00 %),0,0,0,0,20000,20000,20000
2020-07-13,12.39,20000,0(0.00 %),0,0,0,0,20000,20000,20000
2020-07-14,12.39,20000,0(0.00 %),0,0,0,0,20000,20000,20000
2020-07-15,12.39,20000,0(0.00 %),0,0,0,0,20000,20000,20000
2020-07-16,12.39,20000,0(0.00 %),0,0,0,0,20000,20000,20000
2020-07-17,12.39,20000,0(0.00 %),0,0,0,0,20000,20000,20000
2020-07-20,10.84,18600,-2.5(-12.50 %),4800,96000000,0,0,21400,21400,18600
2020-07-21,14.24,18700,3(15.00 %),200,4600000,0,0,18700,18700,18700
2020-07-22,14.24,23000,0(0.00 %),0,0,0,0,23000,23000,23000
2020-07-23,14.24,23000,0(0.00 %),0,0,0,0,23000,23000,23000
2020-07-24,14.24,23000,0(0.00 %),0,0,0,0,23000,23000,23000
2020-07-27,14.24,23000,0(0.00 %),0,0,0,0,23000,23000,23000
2020-07-28,12.14,21400,-3.4(-14.78 %),4000,85200000,0,0,23000,23000,21400
2020-07-29,13.19,20950,0(0.00 %),0,0,0,0,20950,20950,20950
2020-07-30,13.19,21300,0(0.00 %),0,0,0,0,21300,21300,21300
2020-07-31,11.27,19800,-3.1(-14.55 %),5000,98750000,0,0,21300,21300,19800
2020-10-12,15.73,19450,4.2(19.81 %),620,16000000,0,0,19450,19450,19450
2020-10-13,16.81,27150,1.75(6.89 %),2110,57000000,0,0,25400,27150,25400
2020-10-14,17.99,29050,1.9(7.00 %),44410,1290000000,0,0,29050,29050,29050
2020-10-15,18.98,30650,1.6(5.51 %),32390,993000000,0,0,31000,31050,30000
2020-10-16,20.13,32500,1.85(6.04 %),2010,62000000,0,0,31500,32750,30650
2020-10-19,18.73,30250,-2.25(-6.92 %),4200,129000000,30000,975000000,32500,32500,30250
2020-10-20,18.45,29800,-0.45(-1.49 %),100650,3012000000,0,0,28150,30200,28150
2020-10-21,18.64,30100,0.3(1.01 %),59770,1786000000,0,0,27750,30200,27750
2020-10-22,18.52,29900,-0.2(-0.66 %),23130,691000000,0,0,29900,29900,29850
2020-10-23,18.7,30200,0.3(1.00 %),80310,2423000000,0,0,30000,30200,29900
2020-10-26,18.7,30200,0(0.00 %),214080,6420000000,0,0,30000,30200,29800
2020-10-27,18.7,30200,0(0.00 %),233540,7057000000,0,0,30200,30300,30050
2020-10-28,18.58,30000,-0.2(-0.66 %),137670,4152000000,0,0,30150,30250,30000
2020-10-29,18.7,30200,0.2(0.67 %),384960,11535000000,0,0,29800,30200,29700
2020-10-30,19.14,30900,0.7(2.32 %),396600,12121000000,0,0,30200,31050,30200
2020-11-02,19.23,31050,0.15(0.49 %),292060,9121000000,0,0,31200,31700,30900
2020-11-03,18.76,30300,-0.75(-2.42 %),355030,10893000000,0,0,30700,31050,30300
2020-11-04,19.29,31150,0.85(2.81 %),518580,15753000000,0,0,30000,31200,29300
2020-11-05,20.03,32350,1.2(3.85 %),692500,22263000000,0,0,31500,32950,31300
2020-11-06,20.56,33200,0.85(2.63 %),370430,12164000000,0,0,32300,34100,32000
2020-11-09,20.1,32450,-0.75(-2.26 %),228440,7536000000,0,0,33200,33500,32350
2020-11-10,20.37,32900,0.45(1.39 %),432920,14107000000,0,0,32000,32900,31700
2020-11-11,20.0,32300,-0.6(-1.82 %),284980,9305000000,0,0,32900,33200,32300
2020-11-12,20.68,33400,1.1(3.41 %),608840,20179000000,0,0,32450,33700,32350
2020-11-13,20.37,32900,-0.5(-1.50 %),603930,20142000000,0,0,33400,33800,32500
2020-11-16,20.25,32700,-0.2(-0.61 %),382230,12489000000,0,0,32000,33000,31900
2020-11-17,20.06,32400,-0.3(-0.92 %),528060,16979000000,0,0,32500,32750,31300
2020-11-18,20.25,32700,0.3(0.93 %),352530,11642000000,0,0,33000,33600,32650
2020-11-19,20.56,33200,0.5(1.53 %),288890,9624000000,0,0,33300,33900,33000
2020-11-20,21.98,35500,2.3(6.93 %),900760,31398000000,0,0,33600,35500,33600
2020-11-23,22.6,36500,1(2.82 %),413600,15036000000,0,0,35700,36500,35200
2020-11-24,22.17,35800,-0.7(-1.92 %),468950,16860000000,0,0,36500,36800,35800
2020-11-25,22.17,35800,0(0.00 %),331140,11845000000,0,0,35800,36400,35500
2020-11-26,21.67,35000,-0.8(-2.23 %),346500,12068000000,0,0,35400,35650,34500
2020-11-27,21.85,32550,0.25(0.80 %),411430,12920000000,0,0,32550,32550,32550
2020-11-30,21.92,31600,0.1(0.32 %),519330,16424000000,0,0,32000,32000,31300
2020-12-01,21.99,31700,0.1(0.32 %),399990,12610000000,0,0,31100,31900,31100
2020-12-02,22.16,31950,0.25(0.79 %),415970,13281000000,0,0,31700,33200,31600
2020-12-03,23.23,33500,1.55(4.85 %),877800,28916000000,0,0,32200,33800,32000
2020-12-04,23.93,34500,1(2.99 %),527820,17918000000,0,0,33900,34500,33500
2020-12-07,23.96,34550,0.05(0.14 %),482000,16588000000,0,0,34550,34700,34000
2020-12-08,24.34,35100,0.55(1.59 %),654610,22711000000,0,0,34550,35100,34400
2020-12-09,24.34,35100,0(0.00 %),491470,17291000000,0,0,35300,35700,35000
2020-12-10,24.97,36000,0.9(2.56 %),525800,18889000000,0,0,36000,36500,34900
2020-12-11,25.35,36550,0.55(1.53 %),443800,16234000000,0,0,35800,37000,35800
2020-12-14,26.56,38300,1.75(4.79 %),364780,13651000000,0,0,36800,39100,36400
2020-12-15,26.01,37500,-0.8(-2.09 %),530940,20024000000,0,0,38900,38900,35650
2020-12-16,26.7,38500,1(2.67 %),577950,21962000000,0,0,37100,39000,37000
2020-12-17,26.53,38250,-0.25(-0.65 %),208090,7983000000,0,0,38500,38500,38250
2020-12-18,26.84,38700,0.45(1.18 %),793040,30814000000,0,0,37000,40000,37000
2020-12-21,25.31,36500,-2.2(-5.68 %),313260,11398000000,0,0,38700,38700,36000
2020-12-22,25.94,37400,0.9(2.47 %),373630,13971000000,0,0,34300,38800,33950
2020-12-23,24.34,35100,-2.3(-6.15 %),153020,5414000000,0,0,37600,37700,34800
2020-12-24,26.01,37500,2.4(6.84 %),87270,2893000000,0,0,34500,37500,32650
2020-12-25,24.21,34900,-2.6(-6.93 %),41760,1457000000,0,0,34900,34900,34900
2020-12-28,23.44,33800,-1.1(-3.15 %),395050,13640000000,0,0,35000,35000,32600
2020-12-29,23.72,34200,0.4(1.18 %),290930,9759000000,0,0,33800,34200,32700
2020-12-30,23.65,34100,-0.1(-0.29 %),228680,7840000000,1000000,32000000000,34200,35300,32500
2020-12-31,23.65,34100,0(0.00 %),366980,12461000000,0,0,34100,34150,33000
2021-01-04,23.44,33800,-0.3(-0.88 %),231700,7881000000,0,0,34100,34250,33800
2021-01-05,23.82,34350,0.55(1.63 %),183700,6320000000,220000,7040000000,36150,36150,31450
2021-01-06,23.44,33800,-0.55(-1.60 %),191300,6552000000,0,0,34000,34500,33700
2021-01-07,21.81,31450,-2.35(-6.95 %),94700,3075000000,0,0,33500,35000,31450
2021-01-08,22.85,32950,1.5(4.77 %),87200,2553000000,0,0,29250,32950,29250
2021-01-11,23.44,33800,0.85(2.58 %),142900,4506000000,0,0,30650,33800,30650
2021-01-12,21.81,31450,-2.35(-6.95 %),37600,1183000000,0,0,31450,31450,31450
2021-01-13,20.29,29250,-2.2(-7.00 %),36700,1073000000,0,0,29250,29250,29250
2021-01-14,21.67,31250,2(6.84 %),41400,1137000000,0,0,27250,31250,27250
2021-01-15,22.47,32400,1.15(3.68 %),182800,5751000000,0,0,29500,32600,29100
2021-01-18,20.91,30150,-2.25(-6.94 %),1700,51000000,0,0,30150,30150,30150
2021-01-19,19.45,28050,-2.1(-6.97 %),3500,98000000,0,0,28050,28050,28050
2021-01-20,18.1,26100,-1.95(-6.95 %),1700,44000000,0,0,26100,26100,26100
2021-01-21,18.69,26950,0.85(3.26 %),67600,1677000000,219800,5341140000,24300,26950,24300
2021-01-22,17.69,25500,-1.45(-5.38 %),150900,3789000000,0,0,25100,26000,25100
2021-01-25,17.27,24900,-0.6(-2.35 %),151400,3692000000,0,0,26000,26000,23750
2021-01-26,17.58,25350,0.45(1.81 %),111100,2680000000,0,0,24000,25400,23750
2021-01-27,17.55,25300,-0.05(-0.20 %),2600,66000000,0,0,25000,25400,24000
2021-01-28,17.69,25500,0.2(0.79 %),226400,5461000000,0,0,25000,25500,24000
2021-01-29,17.69,25500,0(0.00 %),233700,5660000000,0,0,26000,26000,24100
2021-02-01,17.62,25400,-0.1(-0.39 %),245400,5941000000,0,0,24000,25400,24000
2021-02-02,17.48,25200,-0.2(-0.79 %),74800,1805000000,0,0,23900,25300,23800
2021-02-03,17.55,25300,0.1(0.40 %),106400,2616000000,0,0,24300,25300,24200
2021-02-04,17.55,25300,0(0.00 %),120800,3046000000,0,0,25300,25500,25000
2021-02-05,17.55,25300,0(0.00 %),146300,3653000000,0,0,25200,25400,23600
2021-02-08,17.69,25500,0.2(0.79 %),136000,3441000000,0,0,25500,25500,25000
2021-02-09,17.34,25000,-0.5(-1.96 %),134500,3412000000,0,0,25000,25600,23800
2021-02-17,17.48,25200,0.2(0.80 %),146500,3697000000,0,0,25000,25500,25000
2021-02-18,17.69,25500,0.3(1.19 %),146200,3733000000,362812,9070300000,25000,25600,25000
2021-02-19,18.86,27200,1.7(6.67 %),161200,4138000000,0,0,25300,27200,25300
2021-02-22,17.76,25600,-1.6(-5.88 %),138200,3641000000,781726,19777667800,27200,27200,25600
2021-02-23,17.69,25500,-0.1(-0.39 %),110200,2802000000,0,0,25600,25600,25200
2021-02-24,17.69,25500,0(0.00 %),101100,2584000000,0,0,26000,26000,25400
2021-02-25,17.48,25200,-0.3(-1.18 %),99100,2502000000,0,0,25100,25500,25100
2021-02-26,17.69,25500,0.3(1.19 %),95200,2415000000,0,0,25200,25500,25200
2021-03-01,17.89,25800,0.3(1.18 %),104300,2679000000,0,0,25600,25800,25300
2021-03-02,17.89,25800,0(0.00 %),104900,2700000000,26376,633024000,25800,26000,25500
2021-03-03,18.03,26000,0.2(0.78 %),113900,2942000000,0,0,25800,26000,25600
2021-03-04,17.96,25900,-0.1(-0.38 %),110600,2863000000,0,0,26000,26000,25800
2021-03-05,18.03,26000,0.1(0.39 %),117500,3034000000,0,0,25800,26000,25500
2021-03-08,18.66,26900,0.9(3.46 %),125800,3321000000,0,0,26100,26900,26000
2021-03-09,18.73,27000,0.1(0.37 %),107000,2876000000,0,0,26900,27000,26600
2021-03-10,18.8,27100,0.1(0.37 %),120600,3254000000,0,0,27000,27300,26600
2021-03-11,18.86,27200,0.1(0.37 %),134700,3674000000,0,0,27100,27400,27100
2021-03-12,18.66,26900,-0.3(-1.10 %),110400,3022000000,0,0,27400,27700,26900
2021-03-15,18.93,27300,0.4(1.49 %),110000,3003000000,0,0,27300,27400,27300
2021-03-16,19.0,27400,0.1(0.37 %),107400,2948000000,0,0,28200,28200,27300
2021-03-17,19.35,27900,0.5(1.82 %),127700,3498000000,0,0,27400,27900,27100
2021-03-18,19.42,28000,0.1(0.36 %),100400,2802000000,0,0,27900,28000,27800
2021-03-19,19.7,28400,0.4(1.43 %),107300,3024000000,0,0,27900,28500,27900
2021-03-22,20.11,29000,0.6(2.11 %),108500,3121000000,0,0,29000,29000,28500
2021-03-23,20.39,29400,0.4(1.38 %),92300,2703000000,0,0,29000,29500,29000
2021-03-24,20.32,29300,-0.1(-0.34 %),90500,2676000000,0,0,29900,30000,29100
2021-03-25,20.81,30000,0.7(2.39 %),126300,3753000000,0,0,28100,30500,28100
2021-03-26,20.74,29900,-0.1(-0.33 %),150800,4441000000,0,0,30000,30000,27900
2021-03-29,20.39,29400,-0.5(-1.67 %),159600,4736000000,0,0,28600,29900,28600
2021-03-30,19.35,27900,-1.5(-5.10 %),194100,5549000000,0,0,29400,29400,27900
2021-03-31,19.35,27900,0(0.00 %),185700,5159000000,0,0,27600,27900,27400
2021-04-01,19.42,28000,0.1(0.36 %),172000,4763000000,0,0,27600,28000,27300
2021-04-02,19.35,27900,-0.1(-0.36 %),174900,4846000000,0,0,28000,28000,27300
2021-04-05,19.07,27500,-0.4(-1.43 %),184800,5048000000,0,0,27900,27900,27000
2021-04-06,19.0,27400,-0.1(-0.36 %),186200,5077000000,0,0,27000,27400,27000
2021-04-07,18.93,27300,-0.1(-0.36 %),191800,5243000000,0,0,27400,27400,27000
2021-04-08,19.0,27400,0.1(0.37 %),186900,5083000000,0,0,27000,27400,27000
2021-04-09,19.0,27400,0(0.00 %),185800,5066000000,0,0,27400,27400,27000
2021-04-12,18.86,27200,-0.2(-0.73 %),195100,5290000000,0,0,27000,27300,27000
2021-04-13,18.8,27100,-0.1(-0.37 %),192600,5219000000,0,0,27100,27100,26950
2021-04-14,18.8,27100,0(0.00 %),195200,5296000000,0,0,27000,27200,27000
2021-04-15,18.86,27200,0.1(0.37 %),194100,5286000000,0,0,27300,27300,27100
2021-04-16,18.83,27150,-0.05(-0.18 %),191800,5226000000,0,0,27400,27400,27150
2021-04-19,18.86,27200,0.05(0.18 %),198000,5381000000,0,0,27200,27300,27000
2021-04-20,18.86,27200,0(0.00 %),194300,5284000000,0,0,27400,27400,26900
2021-04-22,18.93,27300,0.1(0.37 %),74400,2035000000,0,0,27800,27800,27100
2021-04-23,18.9,27250,-0.05(-0.18 %),120600,3288000000,0,0,27400,27400,27100
2021-04-26,19.0,27400,0.15(0.55 %),78500,2144000000,0,0,27250,27500,27250
2021-04-27,18.97,27350,-0.05(-0.18 %),93600,2560000000,0,0,27400,27400,27350
2021-04-28,18.73,27000,-0.35(-1.28 %),89700,2443000000,72500,2003175000,27300,27300,27000
2021-04-29,18.83,27150,0.15(0.56 %),113500,3090000000,0,0,25500,27300,25500
2021-05-04,19.49,28100,0.95(3.50 %),87600,2392000000,0,0,27500,28100,26800
2021-05-05,20.32,29300,1.2(4.27 %),105100,3101000000,72500,2000275000,29900,29900,29300
2021-05-06,19.84,28600,-0.7(-2.39 %),116800,3358000000,0,0,28500,28900,28400
2021-05-07,19.63,28300,-0.3(-1.05 %),95100,2674000000,0,0,27100,28300,27000
2021-05-10,19.35,27900,-0.4(-1.41 %),118600,3322000000,0,0,27100,28200,27100
2021-05-11,19.07,27500,-0.4(-1.43 %),119800,3302000000,73200,2004216000,27700,27700,27500
2021-05-12,18.73,27000,-0.5(-1.82 %),119200,3260000000,0,0,27100,27400,26800
2021-05-13,18.86,27200,0.2(0.74 %),119600,3247000000,0,0,27000,27300,27000
2021-05-14,18.73,27000,-0.2(-0.74 %),122500,3320000000,73200,2000556000,27200,27200,27000
2021-05-17,18.66,26900,-0.1(-0.37 %),124800,3368000000,0,0,27000,27000,26900
2021-05-18,18.86,27200,0.3(1.12 %),117600,3199000000,0,0,27000,27200,27000
2021-05-19,18.8,27100,-0.1(-0.37 %),115200,3128000000,0,0,27000,27200,27000
2021-05-20,18.8,27100,0(0.00 %),108400,2937000000,77000,2086700000,27100,27100,27000
2021-05-21,18.73,27000,-0.1(-0.37 %),129300,3471000000,0,0,27000,27100,25250
2021-05-24,18.8,27100,0.1(0.37 %),120800,3273000000,60000,1620000000,27000,27100,27000
2021-05-25,18.73,27000,-0.1(-0.37 %),256000,6937000000,77000,2082850000,27000,27200,27000
2021-05-26,18.66,26900,-0.1(-0.37 %),125000,3360000000,0,0,25600,26900,25600
2021-05-27,18.8,27100,0.2(0.74 %),6600,179000000,0,0,27000,27200,27000
2021-05-28,18.93,27300,0.2(0.74 %),326700,8877000000,0,0,28800,28800,26900
2021-05-31,18.8,27100,-0.2(-0.73 %),120100,3256000000,0,0,27000,27300,26900
2021-06-01,18.73,27000,-0.1(-0.37 %),71400,1935000000,0,0,27000,27100,27000
2021-06-02,18.73,27000,0(0.00 %),117600,3180000000,485551,13109877000,27000,27100,27000
2021-06-03,18.73,27000,0(0.00 %),102200,2758000000,558987,15092649000,27100,27100,26800
2021-06-04,18.66,26900,-0.1(-0.37 %),110900,2989000000,0,0,27200,27200,26700
2021-06-07,18.66,26900,0(0.00 %),100400,2706000000,0,0,27000,27100,26900
2021-06-08,18.73,27000,0.1(0.37 %),100300,2715000000,0,0,27100,27100,27000
2021-06-09,18.59,26800,-0.2(-0.74 %),148000,3977000000,0,0,26900,26900,26800
2021-06-10,18.66,26900,0.1(0.37 %),92800,2496000000,0,0,26900,26900,26900
2021-06-11,18.59,26800,-0.1(-0.37 %),147100,3971000000,487500,13065000000,26900,27000,26800
2021-06-14,18.59,26800,0(0.00 %),159000,4293000000,0,0,26900,27000,26800
2021-06-15,18.73,27000,0.2(0.75 %),156900,4236000000,150000,4020000000,27000,27000,26900
2021-06-16,18.8,27100,0.1(0.37 %),154900,4182000000,562500,15065250000,27000,27100,27000
2021-06-17,19.07,27500,0.4(1.48 %),154100,4255000000,148600,4027060000,28300,28300,27500
2021-06-18,18.97,27350,-0.15(-0.55 %),152600,4189000000,150000,4017000000,27600,27600,27350
2021-06-21,18.93,27300,-0.05(-0.18 %),153700,4199000000,221700,6020745000,27350,27350,27100
2021-06-22,18.07,26050,-1.25(-4.58 %),143800,3917000000,148600,4024088000,27000,27300,26050
2021-06-23,18.59,26800,0.75(2.88 %),8400,225000000,0,0,26050,27400,26000
2021-06-24,18.59,26800,0(0.00 %),9900,267000000,221700,6019311000,27600,27600,26700
2021-06-25,18.93,27300,0.5(1.87 %),5700,155000000,0,0,27900,27900,26900
2021-06-28,18.93,27300,0(0.00 %),26000,705000000,221400,6044220000,27300,27300,27000
2021-06-29,18.86,27200,-0.1(-0.37 %),42600,1158000000,75000,2006250000,27000,27200,26900
2021-06-30,18.73,27000,-0.2(-0.74 %),42000,1137000000,0,0,25800,27200,25800
2021-07-01,18.86,27200,0.2(0.74 %),41300,1121000000,221400,6028722000,27000,27200,27000
2021-07-02,18.8,27100,-0.1(-0.37 %),41700,1130000000,0,0,27000,27100,26900
2021-07-05,18.86,27200,0.1(0.37 %),43200,1178000000,0,0,27400,27400,26900
2021-07-06,18.8,27100,-0.1(-0.37 %),44900,1216000000,0,0,27100,27100,27100
2021-07-07,19.0,27400,0.3(1.11 %),41200,1116000000,1000000,28800000000,27100,27400,27000
2021-07-08,19.63,28300,0.9(3.28 %),39800,1126000000,0,0,28300,28300,28300
2021-07-09,19.21,27700,-0.6(-2.12 %),47500,1314000000,0,0,28000,28000,27000
2021-07-12,18.73,27000,-0.7(-2.53 %),43400,1183000000,0,0,27300,27300,27000
2021-07-13,18.8,27100,0.1(0.37 %),71100,1904000000,0,0,26500,27900,25300
2021-07-14,19.25,27750,0.65(2.40 %),43100,1195000000,0,0,27900,27900,27100
2021-07-15,19.28,27800,0.05(0.18 %),53500,1474000000,0,0,27100,27800,27100
2021-07-16,20.58,26500,-1.3(-4.68 %),19900,522000000,0,0,25850,26500,25850
2021-07-19,21.44,27600,1.1(4.15 %),48700,1351000000,0,0,27900,27900,27000
2021-07-20,21.44,27600,0(0.00 %),51600,1431000000,0,0,27500,27800,27200
2021-07-21,21.9,28200,0.6(2.17 %),49500,1399000000,0,0,28400,28400,27800
2021-07-22,20.97,27000,-1.2(-4.26 %),46200,1293000000,0,0,28200,28200,27000
2021-07-23,21.67,27900,0.9(3.33 %),44300,1245000000,0,0,27300,28400,27300
2021-07-26,21.05,27100,-0.8(-2.87 %),33200,940000000,0,0,28400,28400,27100
2021-07-27,21.67,27900,0.8(2.95 %),2500,69000000,0,0,27900,27900,27500
2021-07-28,21.59,27800,-0.1(-0.36 %),30100,836000000,0,0,27800,27800,27800
2021-07-29,21.52,27700,-0.1(-0.36 %),30000,831000000,0,0,27700,27700,27700
2021-07-30,21.05,27100,-0.6(-2.17 %),56300,1619000000,0,0,27700,28900,27100
2021-08-02,21.52,27700,0.6(2.21 %),74300,2057000000,100000,2525000000,27200,27700,25250
2021-08-03,21.67,27900,0.2(0.72 %),74600,2076000000,0,0,25800,27900,25800
2021-08-04,21.83,28100,0.2(0.72 %),49400,1387000000,0,0,27800,28100,27800
2021-08-05,21.83,28100,0(0.00 %),69900,1997000000,0,0,28500,28600,28100
2021-08-06,21.87,28150,0.05(0.18 %),75600,2139000000,0,0,28200,28300,28150
2021-08-09,21.94,28250,0.1(0.36 %),65100,1839000000,0,0,28300,28300,27950
2021-08-10,21.94,28250,0(0.00 %),76900,2172000000,0,0,28250,28250,28250
2021-08-11,22.02,28350,0.1(0.35 %),43900,1244000000,0,0,26500,28500,26500
2021-08-12,22.02,28350,0(0.00 %),57200,1621000000,0,0,28350,28350,28000
2021-08-13,20.54,26450,-1.9(-6.70 %),54300,1536000000,0,0,28300,28350,26450
2021-08-16,21.98,28300,1.85(6.99 %),55400,1560000000,0,0,28200,28300,28000
2021-08-17,22.29,28700,0.4(1.41 %),42500,1220000000,0,0,28300,28750,28300
2021-08-18,22.29,28700,0(0.00 %),58200,1664000000,1416800,39670400000,28700,28700,28000
2021-08-19,22.37,28800,0.1(0.35 %),46900,1346000000,0,0,26700,28900,26700
2021-08-20,22.37,28800,0(0.00 %),51200,1470000000,170016,4760448000,28800,28800,28700
2021-08-23,22.37,28800,0(0.00 %),36900,1039000000,0,0,28800,28800,28000
2021-08-24,22.14,28500,-0.3(-1.04 %),30900,866000000,0,0,27500,28500,27500
2021-08-25,22.14,28500,1.7(6.34 %),24900,713000000,0,0,27700,28750,27600
2021-08-26,21.71,27950,-0.55(-1.93 %),35600,996000000,0,0,28000,28000,27900
2021-08-27,21.05,27100,-0.85(-3.04 %),34600,966000000,0,0,27950,27950,27100
2021-08-30,21.9,28200,1.1(4.06 %),37700,1039000000,0,0,27000,28500,27000
2021-08-31,21.98,28300,0.1(0.35 %),46300,1294000000,0,0,28200,28300,27000
2021-09-01,21.36,27500,-0.8(-2.83 %),61100,1700000000,0,0,28000,28000,27500
2021-09-06,21.75,28000,0.5(1.82 %),31000,845000000,0,0,27500,28500,26900
2021-09-07,22.22,28600,0.6(2.14 %),24800,685000000,0,0,28000,28600,27000
2021-09-08,22.22,28600,0(0.00 %),14000,387000000,0,0,28000,28600,27000
2021-09-09,21.9,28200,-0.4(-1.40 %),29300,814000000,0,0,27000,28200,26900
2021-09-10,21.01,27050,-1.15(-4.08 %),30900,857000000,0,0,28000,28000,27050
2021-09-13,21.05,27100,0.05(0.18 %),27300,750000000,0,0,27850,27900,27100
2021-09-14,21.71,27950,0.85(3.14 %),32300,889000000,0,0,27500,27950,27500
2021-09-15,21.52,27700,-0.25(-0.89 %),30000,817000000,0,0,26050,27700,26050
2021-09-16,21.24,27350,-0.35(-1.26 %),34400,928000000,0,0,27000,27500,26100
2021-09-17,21.71,27950,0.6(2.19 %),30200,830000000,0,0,27000,28000,27000
2021-09-20,21.05,27100,-0.85(-3.04 %),32000,879000000,0,0,27700,27700,27100
2021-09-21,20.97,27000,-0.1(-0.37 %),34800,937000000,0,0,27100,27100,26050
2021-09-22,20.97,27000,0(0.00 %),30700,828000000,0,0,27000,27900,27000
2021-09-23,21.71,27950,0.95(3.52 %),165500,4487000000,0,0,27800,27950,26900
2021-09-24,20.97,27000,-0.95(-3.40 %),55500,1534000000,0,0,28000,28100,27000
2021-09-27,21.44,27600,0.6(2.22 %),48000,1323000000,0,0,27000,27800,27000
2021-09-28,20.97,27000,-0.6(-2.17 %),51600,1400000000,0,0,27500,27500,26900
2021-09-29,20.93,26950,-0.05(-0.19 %),31200,823000000,0,0,27000,27000,26300
2021-09-30,20.97,27000,0.05(0.19 %),32600,860000000,0,0,26400,27000,26200
2021-10-01,20.82,26800,-0.2(-0.74 %),64700,1708000000,0,0,27150,27150,26100
2021-10-04,20.89,26900,0.1(0.37 %),50500,1357000000,0,0,26500,27200,26350
2021-10-05,20.23,26050,-0.85(-3.16 %),75600,1977000000,0,0,26350,26650,26050
2021-10-06,20.27,26100,0.05(0.19 %),50000,1334000000,0,0,26750,27000,26100
2021-10-07,20.89,26900,0.8(3.07 %),53800,1405000000,0,0,26150,26900,26050
2021-10-08,21.21,27300,0.4(1.49 %),20100,543000000,0,0,26750,27300,26500
2021-10-11,21.05,27100,-0.2(-0.73 %),12600,341000000,0,0,27100,27100,26950
2021-10-12,21.05,27100,0(0.00 %),8200,223000000,0,0,26950,27500,26950
2021-10-13,21.44,27600,0.5(1.85 %),13200,364000000,0,0,27500,27700,27500
2021-10-14,20.97,27000,-0.6(-2.17 %),3800,102000000,0,0,27000,27000,27000
2021-10-15,21.36,27500,0.5(1.85 %),5300,145000000,0,0,27000,27500,27000
2021-10-18,21.36,27500,0(0.00 %),12100,332000000,0,0,27500,27500,27450
2021-10-19,21.32,27450,-0.05(-0.18 %),6000,164000000,0,0,27500,27500,27450
2021-10-20,21.28,27400,-0.05(-0.18 %),6300,172000000,0,0,27450,27450,27400
2021-10-21,21.32,27450,0.05(0.18 %),8800,240000000,0,0,27000,27450,26500
2021-10-22,21.24,27350,-0.1(-0.36 %),5000,136000000,0,0,27350,27350,27350
2021-10-25,21.24,27350,0(0.00 %),0,0,0,0,27350,27350,27350
2021-10-26,20.97,27000,-0.35(-1.28 %),56300,1533000000,0,0,27300,27300,27000
2021-10-27,20.97,27000,0(0.00 %),139500,3778000000,0,0,27250,27250,26900
2021-10-28,21.17,27250,0.25(0.93 %),148400,4020000000,0,0,26350,27250,26350
2021-10-29,21.28,27400,0.15(0.55 %),98500,2660000000,0,0,26150,27500,26150
2021-11-01,20.51,26400,-1(-3.65 %),97400,2640000000,0,0,27450,27450,26400
2021-11-02,20.66,26600,0.2(0.76 %),25700,678000000,0,0,26500,26600,26400
2021-11-03,21.21,27300,0.7(2.63 %),75700,2066000000,0,0,27050,27350,27050
2021-11-04,20.74,26700,-0.6(-2.20 %),31200,844000000,0,0,27300,27450,26700
2021-11-05,21.05,27100,0.4(1.50 %),20300,551000000,2000000,50000000000,26500,27300,26500
2021-11-08,21.67,27900,0.8(2.95 %),53300,1480000000,0,0,27400,28800,27400
2021-11-09,21.63,27850,-0.05(-0.18 %),36600,1020000000,0,0,27900,28000,27550
2021-11-10,21.59,27800,-0.05(-0.18 %),23600,656000000,0,0,27700,27850,27600
2021-11-11,21.36,27500,-0.3(-1.08 %),32400,896000000,0,0,26550,27900,26550
2021-11-12,21.36,27500,0(0.00 %),200,5000000,0,0,26500,27500,26500
2021-11-15,21.36,27500,0(0.00 %),42800,1176000000,0,0,27500,27550,27100
2021-11-16,21.36,27500,0(0.00 %),71100,1953000000,0,0,27500,27500,27100
2021-11-17,20.97,27000,-0.5(-1.82 %),38000,1031000000,0,0,27400,27500,26800
2021-11-18,20.82,26800,-0.2(-0.74 %),20200,542000000,0,0,26900,27000,26800
2021-11-19,20.74,26700,-0.1(-0.37 %),21000,559000000,0,0,26800,26800,26600
2021-11-22,20.66,26600,-0.1(-0.37 %),27400,726000000,0,0,26600,26600,26300
2021-11-23,20.66,26600,0(0.00 %),11100,294000000,0,0,26600,26600,26500
2021-11-24,20.47,26350,-0.25(-0.94 %),37500,992000000,0,0,26500,26600,26300
2021-11-25,20.66,26600,0.25(0.95 %),27100,718000000,0,0,26550,26600,26500
2021-11-26,21.44,27600,1(3.76 %),26500,707000000,0,0,26600,27650,26500
2021-11-29,21.28,27400,-0.2(-0.72 %),13400,365000000,0,0,26500,27500,26500
2021-11-30,20.97,27000,-0.4(-1.46 %),27500,748000000,0,0,27000,27500,27000
2021-12-01,20.97,27000,0(0.00 %),1600,43000000,0,0,27000,27450,27000
2021-12-02,21.28,27400,0.4(1.48 %),17200,472000000,0,0,27300,27600,27300
2021-12-03,21.24,27350,-0.05(-0.18 %),34000,925000000,0,0,27550,27550,26800
2021-12-06,21.24,27350,0(0.00 %),31100,851000000,0,0,27500,27500,27350
2021-12-07,21.24,27350,0(0.00 %),31600,864000000,0,0,27500,27500,27000
2021-12-08,21.28,27400,0.05(0.18 %),36500,1001000000,0,0,27800,27800,27300
2021-12-09,21.28,27400,0(0.00 %),30300,828000000,0,0,27350,27400,27350
2021-12-10,20.97,27000,-0.4(-1.46 %),12700,348000000,0,0,27500,27500,27000
2021-12-13,21.28,27400,0.4(1.48 %),36100,985000000,0,0,27000,27500,27000
2021-12-14,21.05,27100,-0.3(-1.09 %),42000,1137000000,0,0,27000,27100,26900
2021-12-15,20.93,26950,-0.15(-0.55 %),42100,1142000000,0,0,27100,27200,26950
2021-12-16,20.97,27000,0.05(0.19 %),50000,1348000000,0,0,27000,27000,26900
2021-12-17,20.97,27000,0(0.00 %),44000,1188000000,0,0,27000,27050,26900
2021-12-20,20.97,27000,0(0.00 %),62700,1688000000,0,0,27000,27000,26550
2021-12-21,20.89,26900,-0.1(-0.37 %),80800,2176000000,0,0,27000,27000,26700
2021-12-22,21.13,27200,0.3(1.12 %),103000,2797000000,0,0,27500,27500,27000
2021-12-23,21.28,27400,0.2(0.74 %),84600,2262000000,0,0,26900,27400,26500
2021-12-24,21.05,27100,-0.3(-1.09 %),105200,2839000000,0,0,27400,27400,26100
2021-12-27,20.89,26900,-0.2(-0.74 %),146700,3913000000,0,0,27000,27500,25300
2021-12-28,20.82,26800,-0.1(-0.37 %),77100,2039000000,0,0,27100,27100,25100
2021-12-29,20.51,26400,-0.4(-1.49 %),93100,2471000000,0,0,26700,26750,25000
2021-12-30,20.2,26000,-0.4(-1.52 %),43800,1122000000,0,0,26600,27000,24700
2021-12-31,20.39,26250,0.25(0.96 %),62900,1563000000,0,0,25950,26250,24200
2022-01-04,20.78,26750,0.45(1.71 %),25000,620000000,0,0,26150,27000,24450
2022-01-05,20.12,25900,-0.9(-3.36 %),79100,2050000000,75500,2015850000,25800,26500,24900
2022-01-06,19.81,25500,-0.4(-1.54 %),44700,1119000000,0,0,25700,25800,24150
2022-01-07,19.22,24750,-0.75(-2.94 %),15300,371000000,0,0,24250,25100,24200
2022-01-10,18.18,23400,-1.4(-5.65 %),10500,249000000,0,0,24200,24650,23400
2022-01-11,17.87,23000,-0.4(-1.71 %),9800,229000000,0,0,24450,24450,23000
2022-01-12,17.52,22550,-0.45(-1.96 %),47000,1019000000,500000,12000000000,22000,23550,21400
2022-01-13,16.74,21550,-1.05(-4.65 %),29300,621000000,500000,12000000000,21100,21900,21100
2022-01-14,17.71,22800,1.2(5.56 %),26500,578000000,500000,11500000000,22450,22800,21600
2022-01-17,18.53,23850,1.05(4.61 %),16400,378000000,500000,12000000000,22800,23850,22700
2022-01-18,18.95,24400,0.55(2.31 %),7300,171000000,0,0,22250,24400,22250
2022-01-19,18.64,24000,-0.4(-1.64 %),170600,4092000000,0,0,23900,25000,22700
2022-01-20,19.77,25450,1.45(6.04 %),244600,5881000000,0,0,24500,25500,23800
2022-01-21,20.97,27000,1.5(5.88 %),125100,3206000000,0,0,25450,27100,25000
2022-01-24,20.58,26500,-0.5(-1.85 %),218200,5655000000,0,0,26900,26900,25150
2022-01-25,20.97,27000,0.5(1.89 %),40400,1030000000,0,0,24700,27500,24650
2022-01-26,21.05,27100,0.1(0.37 %),212400,5627000000,0,0,26000,27400,26000
2022-01-27,21.05,27100,0(0.00 %),18900,501000000,0,0,26500,27100,26500
2022-01-28,21.05,27100,0(0.00 %),80900,2124000000,0,0,26400,27100,25250
2022-02-07,20.74,26700,-0.4(-1.48 %),22300,594000000,0,0,26600,26700,26600
2022-02-08,20.27,26100,-0.6(-2.25 %),19400,497000000,0,0,26500,26500,24850
2022-02-09,20.97,27000,0.9(3.45 %),48700,1257000000,0,0,25150,27000,25100
2022-02-10,20.97,27000,0(0.00 %),40100,1044000000,0,0,25200,27000,25150
2022-02-11,20.89,26900,-0.1(-0.37 %),106300,2800000000,0,0,26700,26950,25250
2022-02-14,20.58,26500,-0.4(-1.49 %),75100,1984000000,0,0,27000,27000,25100
2022-02-15,20.58,26500,0(0.00 %),111500,2844000000,0,0,25200,26500,25000
2022-02-16,19.26,24800,-1.7(-6.42 %),111800,2878000000,0,0,26000,26500,24700
2022-02-17,20.43,26300,1.5(6.05 %),69900,1753000000,0,0,25000,26400,24650
2022-02-18,20.43,26300,0(0.00 %),90400,2350000000,0,0,26150,26300,25500
2022-02-21,19.57,25200,-1.1(-4.18 %),115300,2983000000,1000000,25000000000,26300,26300,25150
2022-02-22,19.96,25700,0.5(1.98 %),16300,408000000,0,0,25200,25700,24700
2022-02-23,19.85,25550,-0.15(-0.58 %),27100,652000000,0,0,24200,25550,24000
2022-02-24,19.57,25200,-0.4(-1.56 %),5500,135000000,83700,1992060000,25000,25250,24000
2022-02-25,19.03,24500,-0.7(-2.78 %),600,14000000,0,0,24100,24500,24100
2022-02-28,19.03,24500,0(0.00 %),11000,264000000,0,0,24400,24600,23550
2022-03-01,20.12,25900,1.4(5.71 %),12000,300000000,0,0,24500,25900,24200
2022-03-02,20.04,25800,-0.1(-0.39 %),2200,56000000,0,0,25850,25850,25600
2022-03-03,20.2,26000,0.2(0.78 %),116800,2948000000,0,0,25000,26500,25000
2022-03-04,20.2,26000,0(0.00 %),114100,2890000000,0,0,25000,26200,24500
2022-03-07,20.2,26000,0(0.00 %),12200,306000000,0,0,25100,26000,24600
2022-03-08,20.2,26000,0(0.00 %),79600,2030000000,724000,17738000000,25500,26000,24700
2022-03-09,19.96,25700,-0.3(-1.15 %),100500,2512000000,0,0,26000,26000,24700
2022-03-10,19.92,25650,-0.05(-0.19 %),119600,2965000000,0,0,24800,25650,24200
2022-03-11,19.88,25600,-0.1(-0.39 %),149900,3674000000,1200000,29400000000,24500,25600,24200
2022-03-14,19.81,25500,-0.1(-0.39 %),107400,2632000000,0,0,24000,25500,24000
2022-03-15,19.81,25500,0(0.00 %),91400,2253000000,0,0,24500,25550,24350
2022-03-16,19.73,25400,-0.1(-0.39 %),77800,1912000000,481000,11784500000,25000,25400,24350
2022-03-17,19.57,25200,-0.2(-0.79 %),400,10000000,0,0,25200,25200,25200
2022-03-18,19.77,25450,0.25(0.99 %),127700,3158000000,0,0,24500,25550,24500
2022-03-21,20.35,26200,0.7(2.75 %),58100,1476000000,0,0,24850,26300,24700
2022-03-22,20.93,26950,0.75(2.86 %),48700,1249000000,719000,17615500000,26100,26950,25000
2022-03-23,19.88,25600,-1.4(-5.19 %),3900,101000000,0,0,26700,26950,25600
2022-03-24,20.89,26900,1.3(5.08 %),16500,438000000,0,0,25600,26900,25600
2022-03-25,21.71,27950,1.05(3.90 %),32100,879000000,0,0,26600,27950,26500
2022-03-28,21.71,27950,-0.05(-0.18 %),2400,66000000,0,0,26500,28000,26500
2022-03-29,21.63,27850,-0.15(-0.54 %),14200,390000000,0,0,26750,27850,26000
2022-03-30,21.48,27650,-0.25(-0.90 %),9300,253000000,0,0,26500,27650,26500
2022-03-31,21.48,27650,-0.05(-0.18 %),2000,55000000,0,0,27550,27650,27550
2022-04-01,21.21,27300,-0.4(-1.44 %),3200,87000000,0,0,26200,27650,26200
2022-04-04,21.44,27600,0.3(1.10 %),11300,308000000,0,0,26400,27650,26400
2022-04-05,21.44,27600,0(0.00 %),60100,1622000000,0,0,27000,27600,26600
2022-04-06,21.44,27600,0(0.00 %),75100,2016000000,0,0,26650,27600,26650
2022-04-07,20.74,26700,-0.9(-3.26 %),72500,1945000000,0,0,27000,27600,26650
2022-04-08,21.21,27300,0.6(2.25 %),83800,2262000000,0,0,26800,27300,26600
2022-04-12,20.78,26750,-0.55(-2.01 %),83100,2283000000,0,0,27200,27750,26750
2022-04-13,21.28,27400,0.6(2.24 %),76900,2078000000,0,0,27000,27550,26750
2022-04-14,21.4,27550,0.15(0.55 %),17400,475000000,0,0,27300,27550,26700
2022-04-15,21.36,27500,-0.1(-0.36 %),65400,1755000000,0,0,26900,27500,26700
2022-04-18,21.44,27600,0.1(0.36 %),58000,1570000000,0,0,27000,27600,26600
2022-04-19,20.97,27000,-0.6(-2.17 %),43000,1159000000,0,0,27000,27000,26600
2022-04-20,21.21,27300,0.3(1.11 %),57300,1547000000,0,0,27000,27450,25200
2022-04-21,20.97,27000,-0.3(-1.10 %),19200,503000000,0,0,25800,27000,25500
2022-04-22,20.97,27000,0(0.00 %),19900,520000000,0,0,25600,27000,25400
2022-04-25,20.66,26600,-0.4(-1.48 %),50600,1340000000,390000,9828000000,25600,26800,25500
2022-04-26,20.62,26550,-0.05(-0.19 %),20600,533000000,0,0,26200,26550,25200
2022-04-27,20.97,27000,0.4(1.50 %),7500,192000000,220300,5837950000,26500,27000,24750
2022-04-28,20.97,27000,0(0.00 %),70700,1877000000,0,0,25300,27000,25200
2022-04-29,20.97,27000,0(0.00 %),86200,2228000000,0,0,26750,27000,25250
2022-05-04,20.51,26400,-0.6(-2.22 %),48900,1275000000,2000000,53000000000,25550,26700,25500
2022-05-05,19.57,25200,-1.2(-4.55 %),62000,1607000000,0,0,26000,26650,25100
2022-05-06,20.58,26500,1.3(5.16 %),15600,403000000,0,0,25100,26500,25050
2022-05-09,20.31,26150,-0.35(-1.32 %),64200,1670000000,0,0,26000,26200,26000
2022-05-10,20.12,25900,-0.3(-1.15 %),74100,1885000000,2000000,50000000000,26000,26000,24800
2022-05-11,20.16,25950,0.05(0.19 %),21400,543000000,0,0,24800,25950,24700
2022-05-12,20.2,26000,0.05(0.19 %),13800,339000000,0,0,24700,26000,24500
2022-05-13,20.08,25850,-0.15(-0.58 %),17500,432000000,0,0,24600,25850,24500
2022-05-16,19.81,25500,-0.4(-1.54 %),51900,1309000000,0,0,25500,25500,24250
2022-05-17,19.73,25400,-0.1(-0.39 %),54200,1357000000,0,0,25000,25450,24000
2022-05-18,19.73,25400,0(0.00 %),0,0,0,0,25400,25400,25400
2022-05-19,19.73,25400,0(0.00 %),0,0,0,0,25400,25400,25400
2022-05-20,19.85,25550,0.15(0.59 %),12400,308000000,0,0,25100,25850,24050
2022-05-23,20.2,26000,0.4(1.56 %),81800,2064000000,0,0,25350,26500,24300
2022-05-24,20.2,26000,0(0.00 %),100,2000000,0,0,26000,26000,26000
2022-05-25,19.57,25200,-0.8(-3.08 %),5600,136000000,0,0,24350,25200,24350
2022-05-26,19.54,25150,-0.05(-0.20 %),123400,3064000000,0,0,24900,25200,24700
2022-05-27,19.73,25400,0.2(0.79 %),128600,3232000000,0,0,25150,25450,24900
2022-05-30,20.04,25800,0.4(1.57 %),118900,2947000000,0,0,24700,25950,24600
2022-05-31,20.04,25800,0(0.00 %),131800,3314000000,0,0,26900,26900,24650
2022-06-01,19.03,24500,-1.3(-5.04 %),108400,2689000000,0,0,24900,26000,24500
2022-06-02,20.04,25800,1.3(5.31 %),63500,1601000000,0,0,25000,25800,25000
2022-06-03,20.04,25800,0(0.00 %),144700,3616000000,80000,2080000000,24950,25800,24500
2022-06-06,19.96,25700,-0.1(-0.39 %),55500,1382000000,220000,5500000000,24600,25800,24500
2022-06-07,19.69,25350,-0.35(-1.36 %),81700,2030000000,0,0,25000,25350,24600
2022-06-08,19.88,25600,0.2(0.79 %),105800,2648000000,0,0,25000,25700,24550
2022-06-09,19.81,25500,-0.1(-0.39 %),187800,4666000000,0,0,24600,25500,24550
2022-06-10,19.73,25400,-0.1(-0.39 %),165800,4130000000,0,0,25350,25750,24500
2022-06-13,19.69,25350,-0.05(-0.20 %),145000,3594000000,0,0,24500,25500,24500
2022-06-14,19.61,25250,-0.15(-0.59 %),36300,894000000,0,0,24550,25250,24100
2022-06-15,19.73,25400,0.1(0.40 %),44400,1099000000,0,0,24900,25400,24100
2022-06-16,19.5,25100,-0.3(-1.18 %),1600,40000000,0,0,25000,25100,25000
2022-06-17,19.73,25400,0.3(1.20 %),33600,847000000,0,0,25000,25500,25000
2022-06-20,19.73,25400,0(0.00 %),0,0,0,0,25400,25400,25400
2022-06-21,20.2,26000,0.6(2.36 %),18900,484000000,0,0,25000,26000,25000
2022-06-22,20.51,26400,0.4(1.54 %),5000,129000000,0,0,25900,26400,25900
2022-06-23,20.51,26400,0(0.00 %),100,2000000,0,0,26400,26400,26400
2022-06-24,19.42,25000,-1.4(-5.30 %),1800,44000000,0,0,24800,26650,24800
2022-06-27,20.58,26500,1.5(6.00 %),6600,170000000,0,0,25000,26500,25000
2022-06-28,20.58,26500,0(0.00 %),200,5000000,0,0,26500,26500,26500
2022-06-29,20.2,26000,-0.5(-1.89 %),500,12000000,0,0,24950,26000,24950
2022-06-30,20.2,26000,0(0.00 %),0,0,0,0,26000,26000,26000
2022-07-01,20.2,26000,0(0.00 %),0,0,0,0,26000,26000,26000
2022-07-04,20.16,25950,-0.05(-0.19 %),100,2000000,0,0,25950,25950,25950
2022-07-05,21.52,27700,1.7(6.54 %),26400,690000000,0,0,24500,27700,24400
2022-07-06,22.45,28900,1.2(4.33 %),2200,63000000,0,0,28900,28900,28900
2022-07-07,22.88,29450,0.55(1.90 %),3000,88000000,0,0,29450,29450,29450
2022-07-08,21.32,27450,-2.05(-6.95 %),4100,120000000,0,0,28950,29400,27450
2022-07-11,20.04,25800,-1.7(-6.18 %),74900,2124000000,0,0,28250,28500,25800
2022-07-12,21.44,27600,1.8(6.98 %),42200,1131000000,0,0,25900,27600,25900
2022-07-13,20.12,25900,-1.7(-6.16 %),25000,729000000,0,0,29200,29300,25900
2022-07-14,21.48,27650,1.75(6.76 %),82500,2252000000,0,0,27200,27650,27200
2022-07-15,22.37,28800,1.1(3.97 %),40300,1116000000,0,0,27700,28900,27650
2022-07-18,22.68,29200,0.4(1.39 %),52600,1536000000,0,0,28750,29400,28700
2022-07-19,22.76,29300,0.1(0.34 %),61300,1803000000,0,0,29700,29700,29300
2022-07-20,22.6,29100,-0.2(-0.68 %),57200,1666000000,0,0,29350,29400,27800
2022-07-21,22.8,29350,0.25(0.86 %),56200,1650000000,0,0,29450,29450,29300
2022-07-22,23.34,30050,0.65(2.21 %),57500,1685000000,0,0,29300,30050,29200
2022-07-25,23.26,29950,-0.15(-0.50 %),32600,974000000,0,0,29900,30000,29900
2022-07-26,23.22,29900,-0.1(-0.33 %),60200,1819000000,0,0,28000,30400,28000
2022-07-27,23.85,30700,0.8(2.68 %),72900,2248000000,0,0,30900,31200,30500
2022-07-28,23.81,30650,-0.05(-0.16 %),3000,91000000,0,0,30100,30650,30100
2022-07-29,23.65,30450,-0.25(-0.81 %),4000,117000000,0,0,28700,30650,28700
2022-08-01,23.3,30000,-0.5(-1.64 %),37400,1125000000,0,0,30450,30450,30000
2022-08-02,23.77,30600,0.6(2.00 %),34800,1045000000,0,0,28000,30700,27900
2022-08-03,22.29,28700,-1.9(-6.21 %),32100,945000000,0,0,30000,30000,28700
2022-08-04,23.69,30500,1.8(6.27 %),41000,1233000000,0,0,30000,30500,29900
2022-08-05,23.3,30000,-0.5(-1.64 %),48900,1463000000,0,0,29900,30800,29800
2022-08-08,22.37,28800,-1.2(-4.00 %),34000,1021000000,0,0,30000,30600,28800
2022-08-09,23.81,30650,1.85(6.42 %),33600,1008000000,0,0,30000,30650,29000
2022-08-10,23.61,30400,-0.3(-0.98 %),33600,1025000000,0,0,30500,30650,30400
2022-08-11,23.65,30450,0.05(0.16 %),34800,1054000000,0,0,30300,30700,29000
2022-08-12,23.3,30000,-0.5(-1.64 %),34400,1055000000,0,0,30700,30700,30000
2022-08-15,23.34,30050,0.05(0.17 %),31700,951000000,0,0,29000,30050,29000
2022-08-16,23.77,30600,0.5(1.66 %),36200,1089000000,0,0,30000,30800,30000
2022-08-17,23.81,30650,0.05(0.16 %),37400,1143000000,0,0,30000,30750,30000
2022-08-18,23.54,30300,-0.4(-1.30 %),34100,1030000000,0,0,30000,30550,30000
2022-08-19,23.54,30300,0(0.00 %),36600,1110000000,0,0,30650,30750,30050
2022-08-22,23.61,30400,0.1(0.33 %),33700,1027000000,0,0,30500,30500,30400
2022-08-23,23.89,30750,0.35(1.15 %),35600,1076000000,0,0,30200,30750,30150
2022-08-24,23.92,30800,0(0.00 %),35600,1080000000,0,0,30500,30900,30000
2022-08-25,23.92,30800,0(0.00 %),32200,991000000,0,0,30800,30800,30800
2022-08-26,22.33,28750,-2.05(-6.66 %),100,2000000,0,0,28750,28750,28750
2022-08-29,22.33,28750,-0.05(-0.17 %),0,0,0,0,28750,28750,28750
2022-08-30,23.57,30350,1.55(5.38 %),31700,957000000,0,0,30000,30400,30000
2022-08-31,23.57,30350,-0.05(-0.16 %),24200,734000000,0,0,30350,30350,30350
2022-09-05,23.85,30700,0.3(0.99 %),34500,1046000000,0,0,30300,30700,30300
2022-09-06,23.3,30000,-0.7(-2.28 %),30300,909000000,0,0,30000,30000,30000
2022-09-07,23.26,29950,-0.05(-0.17 %),46200,1389000000,0,0,30000,30800,29950
2022-09-08,23.89,30750,0.75(2.50 %),59200,1786000000,0,0,30000,30750,30000
2022-09-09,23.89,30750,-0.05(-0.16 %),43700,1335000000,0,0,30500,30750,30500
2022-09-12,23.92,30800,0(0.00 %),43400,1330000000,0,0,30600,30800,30600
2022-09-13,23.89,30750,-0.05(-0.16 %),39500,1208000000,0,0,30500,30750,30400
2022-09-14,23.54,30300,-0.5(-1.62 %),36000,1092000000,0,0,30400,30400,30300
2022-09-15,23.92,30800,0.5(1.65 %),43100,1315000000,332388,9971640000,30500,30800,30500
2022-09-16,23.92,30800,0(0.00 %),41900,1286000000,0,0,30700,30800,30700
2022-09-19,23.3,30000,-0.8(-2.60 %),1000,30000000,0,0,30000,30000,30000
2022-09-20,23.81,30650,0.65(2.17 %),74500,2238000000,0,0,30000,30800,30000
2022-09-21,23.73,30550,-0.15(-0.49 %),200,6000000,0,0,30550,30550,30550
2022-09-22,23.77,30600,0(0.00 %),79400,2429000000,0,0,30650,30650,30600
2022-09-23,23.81,30650,0.05(0.16 %),39900,1219000000,0,0,30600,30650,30500
2022-09-26,23.92,30800,0.1(0.33 %),46000,1405000000,0,0,30500,30800,30500
2022-09-27,23.92,30800,0(0.00 %),0,0,342728,10281840000,30800,30800,30800
2022-09-28,23.5,30250,-0.55(-1.79 %),16000,483000000,0,0,30250,30250,30100
2022-09-29,23.61,30400,0.1(0.33 %),4100,124000000,0,0,30400,30400,30400
2022-09-30,23.46,30200,-0.2(-0.66 %),100,3000000,0,0,30200,30200,30200
2022-10-03,23.89,30750,0.55(1.82 %),4500,138000000,0,0,30800,30800,30750
2022-10-04,22.8,29350,-1.45(-4.71 %),40100,1177000000,0,0,29500,29500,29350
2022-10-05,22.8,29350,-0.05(-0.17 %),51900,1519000000,0,0,29000,30800,29000
2022-10-06,22.68,29200,-0.2(-0.68 %),42000,1226000000,0,0,29200,29200,29200
2022-10-07,23.89,30750,1.55(5.31 %),48100,1416000000,0,0,29200,30800,29200
2022-10-10,22.6,29100,-1.7(-5.52 %),65200,1873000000,0,0,28600,29100,28600
2022-10-11,22.37,28800,-0.3(-1.03 %),41700,1209000000,0,0,29000,29100,28800
2022-10-12,22.53,29000,0.2(0.69 %),39900,1149000000,0,0,28800,29000,28800
2022-10-13,22.29,28700,-0.3(-1.03 %),36800,1056000000,0,0,28700,28750,28650
2022-10-14,22.25,28650,-0.05(-0.17 %),39000,1115000000,0,0,28600,28650,28600
2022-10-17,22.29,28700,0(0.00 %),48000,1377000000,0,0,28700,28700,28700
2022-10-18,22.14,28500,-0.2(-0.70 %),30200,863000000,0,0,28600,28600,28500
2022-10-19,23.61,30400,1.9(6.67 %),42000,1212000000,0,0,28500,30400,28500
2022-10-20,22.29,28700,-1.7(-5.59 %),42500,1217000000,0,0,28300,28700,28300
2022-10-21,20.97,27000,-1.7(-5.92 %),38300,1086000000,0,0,28600,28600,27000
2022-10-24,21.28,27400,0.4(1.48 %),38500,1054000000,0,0,27400,27400,27400
2022-10-25,21.36,27500,0.1(0.36 %),52600,1443000000,0,0,27400,27500,27400
2022-10-26,21.44,27600,0.1(0.36 %),57500,1587000000,0,0,27600,27800,27600
2022-10-27,21.44,27600,0(0.00 %),52000,1435000000,0,0,27600,27600,27600
2022-10-28,22.22,28600,1(3.62 %),86200,2419000000,0,0,27700,28850,27700
2022-10-31,22.25,28650,0.05(0.17 %),56300,1618000000,0,0,28600,28800,28600
2022-11-01,23.69,30500,1.8(6.27 %),34800,1003000000,0,0,28650,30600,28650
2022-11-02,23.85,30700,0.2(0.66 %),33500,1024000000,0,0,30500,30850,30500
2022-11-03,23.69,30500,-0.2(-0.65 %),35600,1040000000,0,0,29000,30500,29000
2022-11-04,23.69,30500,0(0.00 %),34800,1014000000,0,0,29000,30500,28900
2022-11-07,22.29,28700,-1.8(-5.90 %),44300,1310000000,0,0,29000,30450,28700
2022-11-08,21.98,28300,-0.4(-1.39 %),38800,1104000000,0,0,28700,28700,28300
2022-11-09,22.22,28600,0.3(1.06 %),32500,919000000,2000000,53000000000,28300,28600,28300
2022-11-10,21.83,28100,-0.5(-1.75 %),32100,900000000,0,0,28000,28100,28000
2022-11-11,21.83,28100,0(0.00 %),32000,897000000,0,0,28000,28100,28000
2022-11-14,21.9,28200,0.1(0.36 %),51700,1448000000,0,0,28100,28200,28000
2022-11-15,21.83,28100,-0.1(-0.35 %),48700,1363000000,0,0,28000,28100,28000
2022-11-16,21.79,28050,-0.05(-0.18 %),38400,1075000000,182761,5300069000,28000,28050,28000
2022-11-17,21.79,28050,-0.05(-0.18 %),32000,898000000,0,0,28100,28100,28050
2022-11-18,21.83,28100,0(0.00 %),42400,1195000000,0,0,28500,28700,28100
2022-11-21,21.83,28100,0(0.00 %),36100,1014000000,0,0,28100,28100,28100
2022-11-22,23.3,30000,1.9(6.76 %),63400,1836000000,0,0,28000,30000,28000
2022-11-23,23.81,30650,0.65(2.17 %),34100,1015000000,0,0,29500,30700,29500
2022-11-24,23.89,30750,0.1(0.33 %),33400,985000000,0,0,29500,30750,29500
2022-11-25,23.38,30100,-0.7(-2.27 %),32200,989000000,0,0,30800,30800,30100
2022-11-28,23.81,30650,0.55(1.83 %),42800,1310000000,0,0,30600,30650,30600
2022-11-29,23.85,30700,0(0.00 %),32000,982000000,0,0,30700,30700,30700
2022-11-30,25.48,32800,2.1(6.84 %),1700,54000000,0,0,30800,32800,30800
2022-12-01,24.08,31000,-1.8(-5.49 %),100,3000000,0,0,31000,31000,31000
2022-12-02,24.78,31900,0.9(2.90 %),61100,1905000000,0,0,29500,31900,29500
2022-12-05,26.41,34000,2.1(6.58 %),37600,1236000000,0,0,32400,34000,32400
2022-12-06,24.62,31700,-2.3(-6.76 %),33800,1141000000,0,0,33900,33900,31700
2022-12-07,26.14,30050,1.75(6.18 %),45200,1329000000,0,0,30000,30200,29500
2022-12-08,26.62,30600,0.5(1.66 %),38100,1145000000,0,0,29950,30650,29950
2022-12-09,26.62,30600,0(0.00 %),37300,1140000000,0,0,28500,30800,28500
2022-12-12,26.62,30600,0(0.00 %),41200,1256000000,0,0,30400,30800,29800
2022-12-13,28.45,32700,2.1(6.86 %),700,22000000,0,0,32700,32700,32700
2022-12-14,28.32,32550,-0.15(-0.46 %),67700,2206000000,0,0,32700,32700,32500
2022-12-15,28.45,32700,0.1(0.31 %),36000,1174000000,0,0,32550,32700,32550
2022-12-16,28.45,32700,0(0.00 %),0,0,0,0,32700,32700,32700
2022-12-19,28.62,32900,0.2(0.61 %),62900,2054000000,0,0,32600,32900,32600
2022-12-20,28.62,32900,0(0.00 %),37000,1213000000,0,0,32700,32900,32700
2022-12-21,28.4,32650,-0.25(-0.76 %),42000,1371000000,0,0,32600,32800,32500
2022-12-22,27.84,32000,-0.7(-2.14 %),34300,1116000000,0,0,32650,32650,32000
2022-12-23,28.27,32500,0.5(1.56 %),33600,1084000000,0,0,32000,32600,32000
2022-12-26,26.71,30700,-1.8(-5.54 %),35800,1163000000,0,0,32500,32700,30700
2022-12-27,26.71,30700,0(0.00 %),43600,1407000000,0,0,30700,32700,30700
2022-12-28,28.4,32650,1.95(6.35 %),35400,1156000000,0,0,32700,32750,32600
2022-12-29,28.36,32600,-0.1(-0.31 %),36600,1193000000,0,0,32600,32650,32600
2022-12-30,28.32,32550,-0.05(-0.15 %),37000,1204000000,0,0,32550,32550,32550
2023-01-03,28.45,32700,0.1(0.31 %),44300,1445000000,0,0,32650,32700,31700
2023-01-04,28.45,32700,0(0.00 %),64200,2099000000,0,0,32700,32900,32700
2023-01-05,28.53,32800,0.1(0.31 %),65300,2135000000,0,0,32700,32900,32700
2023-01-06,28.45,32700,-0.1(-0.30 %),49800,1628000000,0,0,32900,32900,32000
2023-01-09,28.45,32700,0(0.00 %),76200,2491000000,0,0,32700,32700,32700
2023-01-10,28.45,32700,0(0.00 %),63200,2059000000,422926,12878096700,32000,32700,32000
2023-01-11,28.27,32500,-0.2(-0.61 %),61600,2011000000,107000,3258150000,32700,32700,32500
2023-01-12,28.19,32400,-0.1(-0.31 %),84300,2738000000,662000,20157900000,32600,32600,32400
2023-01-13,28.1,32300,-0.1(-0.31 %),80000,2590000000,0,0,32500,32500,32300
2023-01-16,27.84,32000,-0.3(-0.93 %),80500,2591000000,0,0,30100,32200,30100
2023-01-17,28.36,32600,0.6(1.88 %),89000,2895000000,0,0,32200,32700,32200
2023-01-18,28.36,32600,0(0.00 %),92900,3022000000,0,0,32600,32600,31500
2023-01-19,27.84,32000,-0.6(-1.84 %),88700,2875000000,0,0,32400,32800,32000
2023-01-27,27.84,32000,0(0.00 %),92100,3016000000,0,0,32800,32800,32000
2023-01-30,28.71,33000,1(3.12 %),100000,3272000000,0,0,33200,33200,32500
2023-01-31,27.84,32000,-1(-3.03 %),100000,3210000000,0,0,32200,32200,32000
2023-02-01,27.58,31700,-0.3(-0.94 %),128100,4099000000,0,0,32000,32000,31700
2023-02-02,27.92,32100,0.4(1.26 %),128000,4105000000,0,0,32000,32100,32000
2023-02-03,27.58,31700,-0.4(-1.25 %),129200,4132000000,0,0,30100,32100,30100
2023-02-06,27.66,31800,0.1(0.32 %),132000,4174000000,0,0,31700,31800,30500
2023-02-07,27.32,31400,-0.4(-1.26 %),139600,4390000000,0,0,31800,31800,30800
2023-02-08,27.75,31900,0.5(1.59 %),93000,2957000000,0,0,31700,31900,31600
2023-02-09,27.75,31900,0(0.00 %),65300,2084000000,512276,15214597200,31900,32000,31900
2023-02-10,27.75,31900,0(0.00 %),126800,4044000000,0,0,31900,31900,31900
2023-02-13,27.66,31800,-0.1(-0.31 %),199200,6339000000,0,0,31900,31900,31800
2023-02-14,27.66,31800,0(0.00 %),343200,10913000000,748885,22166996000,31800,31900,31800
2023-02-15,28.49,32750,0.95(2.99 %),171000,5460000000,0,0,32900,32900,31000
2023-02-16,28.62,32900,0.1(0.30 %),271600,8634000000,763000,23271500000,31700,32900,31700
2023-02-17,28.62,32900,0(0.00 %),125200,3981000000,292000,8935200000,31800,32900,31800
2023-02-20,28.62,32900,0(0.00 %),40000,1316000000,0,0,32900,32900,32900
2023-02-21,28.53,32800,-0.1(-0.30 %),185000,6071000000,0,0,32900,32900,32800
2023-02-22,26.79,30800,-2(-6.10 %),218600,7197000000,0,0,32800,33000,30800
2023-02-23,28.45,32700,1.9(6.17 %),40100,1305000000,0,0,32600,32700,32500
2023-02-24,28.53,32800,0.1(0.31 %),44200,1447000000,0,0,32700,33000,32700
2023-02-27,28.45,32700,-0.1(-0.30 %),40100,1311000000,0,0,32700,32700,32600
2023-02-28,28.36,32600,-0.1(-0.31 %),40100,1307000000,0,0,32600,32600,32500
2023-03-01,28.45,32700,0.1(0.31 %),80000,2614000000,0,0,32600,32700,32600
2023-03-02,28.45,32700,0(0.00 %),80000,2616000000,0,0,32700,32700,32700
2023-03-03,28.45,32700,0(0.00 %),84000,2740000000,0,0,32500,32700,32500
2023-03-06,28.36,32600,-0.1(-0.31 %),82000,2673000000,0,0,32600,32600,32600
2023-03-07,28.19,32400,-0.2(-0.61 %),84000,2721000000,0,0,32400,32400,32400
2023-03-08,28.27,32500,0.1(0.31 %),86200,2799000000,0,0,32400,32500,32400
2023-03-09,28.19,32400,-0.1(-0.31 %),72100,2336000000,0,0,32400,32400,32300
2023-03-10,28.27,32500,0.1(0.31 %),76000,2466000000,0,0,32400,32500,32400
2023-03-13,28.27,32500,0(0.00 %),80000,2600000000,0,0,32500,32500,32500
2023-03-14,28.19,32400,-0.1(-0.31 %),80000,2596000000,0,0,32500,32500,32400
2023-03-15,28.27,32500,0.1(0.31 %),80200,2602000000,0,0,32400,32500,32400
2023-03-16,28.36,32600,0.1(0.31 %),80000,2604000000,0,0,32500,32600,32500
2023-03-17,28.27,32500,-0.1(-0.31 %),76200,2476000000,0,0,32500,32500,32400
2023-03-20,28.23,32450,-0.05(-0.15 %),121300,3844000000,0,0,32500,32500,31050
2023-03-21,28.1,32300,-0.2(-0.62 %),128100,4020000000,0,0,32000,32300,31100
2023-03-22,27.84,32000,-0.3(-0.93 %),126500,3966000000,0,0,32700,32750,31100
2023-03-23,27.84,32000,0(0.00 %),0,0,0,0,32000,32000,32000
2023-03-24,26.79,30800,-1.2(-3.75 %),101000,3128000000,0,0,31100,31100,30800
2023-03-27,26.97,31000,0.2(0.65 %),84500,2624000000,0,0,30800,31750,28650
2023-03-28,27.84,32000,1(3.23 %),82400,2562000000,0,0,31000,32000,30900
2023-03-29,27.84,32000,0(0.00 %),40400,1292000000,0,0,32000,32000,31950
2023-03-30,27.4,31500,-0.5(-1.56 %),44700,1407000000,0,0,31000,31500,31000
2023-03-31,26.97,31000,-0.5(-1.59 %),42100,1313000000,0,0,29350,32500,29350
2023-04-03,27.4,31500,0.5(1.61 %),21100,664000000,0,0,31000,31500,31000
2023-04-04,27.01,31050,-0.45(-1.43 %),61100,1931000000,0,0,31500,32500,31050
2023-04-05,28.45,32700,1.6(5.14 %),64300,2103000000,0,0,33100,33100,32600
2023-04-06,27.88,32050,-0.65(-1.99 %),83700,2687000000,0,0,32700,32900,32000
2023-04-07,28.62,32900,0.8(2.49 %),88100,2855000000,0,0,33000,33000,32200
2023-04-10,28.58,32850,-0.05(-0.15 %),86000,2802000000,0,0,32500,32850,32500
2023-04-11,28.49,32750,-0.15(-0.46 %),84100,2740000000,0,0,32500,32750,32500
2023-04-12,28.49,32750,-0.05(-0.15 %),88100,2867000000,0,0,32500,32750,32500
2023-04-13,28.49,32750,-0.05(-0.15 %),0,0,0,0,32750,32750,32750
2023-04-14,28.62,32900,0.1(0.30 %),118100,3871000000,0,0,32700,32900,32700
2023-04-17,28.53,32800,-0.1(-0.30 %),122000,3992000000,0,0,32600,32800,32600
2023-04-18,28.53,32800,0(0.00 %),88100,2871000000,0,0,32500,32800,32500
2023-04-19,28.62,32900,0.1(0.30 %),88000,2890000000,0,0,32800,32900,32800
2023-04-20,28.53,32800,-0.1(-0.30 %),85000,2771000000,0,0,32700,32800,32500
2023-04-21,28.49,32750,-0.05(-0.15 %),84000,2746000000,0,0,32700,32750,32600
2023-04-24,28.53,32800,0(0.00 %),90000,2944000000,0,0,32700,32800,32600
2023-04-25,28.62,32900,0.1(0.30 %),80100,2631000000,0,0,32800,32900,32700
2023-04-26,28.53,32800,-0.1(-0.30 %),80000,2624000000,0,0,32800,32800,32800
2023-04-27,28.53,32800,0(0.00 %),88000,2882000000,0,0,32800,32800,32700
2023-04-28,28.53,32800,0(0.00 %),0,0,0,0,32800,32800,32800
2023-05-04,28.53,32800,0(0.00 %),80000,2624000000,0,0,32800,32800,32800
2023-05-05,28.49,32750,-0.05(-0.15 %),80000,2618000000,0,0,32700,32750,32700
2023-05-08,28.36,32600,-0.15(-0.46 %),80000,2608000000,0,0,32600,32600,32600
2023-05-09,27.84,32000,-0.6(-1.84 %),151500,4913000000,0,0,32500,32500,32000
2023-05-10,27.84,32000,0(0.00 %),123500,3947000000,0,0,32000,32050,30500
2023-05-11,27.84,32000,0(0.00 %),154800,4946000000,0,0,32000,32000,30300
2023-05-12,27.84,32000,0(0.00 %),82800,2604000000,0,0,30100,32000,30100
2023-05-15,27.75,31900,-0.1(-0.31 %),106500,3389000000,0,0,31500,31900,31500
2023-05-16,27.71,31850,-0.05(-0.16 %),244200,7773000000,0,0,31800,31900,31800
2023-05-17,27.75,31900,0.05(0.16 %),222500,7097000000,0,0,31900,31900,31900
2023-05-18,27.75,31900,0(0.00 %),202200,6450000000,0,0,31900,31900,31900
2023-05-19,27.75,31900,0(0.00 %),72000,2293000000,0,0,31900,31900,31800
2023-05-22,27.75,31900,0(0.00 %),122900,3894000000,0,0,30100,31900,30100
2023-05-23,27.71,31850,-0.05(-0.16 %),134600,4292000000,0,0,31900,31900,31800
2023-05-24,27.66,31800,-0.05(-0.16 %),167900,5339000000,0,0,31800,31800,31800
2023-05-25,27.75,31900,0.1(0.31 %),118400,3772000000,0,0,30600,31900,30600
2023-05-26,27.75,31900,0(0.00 %),120200,3834000000,0,0,31900,31900,31900
2023-05-29,27.75,31900,0(0.00 %),233300,7442000000,0,0,31900,31950,31900
2023-05-30,27.75,31900,0(0.00 %),218000,6967000000,0,0,32000,32000,31900
2023-05-31,27.84,32000,0.1(0.31 %),125000,3997000000,0,0,32000,32000,31900
2023-06-01,27.92,32100,0.1(0.31 %),40000,1282000000,0,0,32100,32100,32000
2023-06-02,27.84,32000,-0.1(-0.31 %),81000,2592000000,0,0,32000,32000,32000
2023-06-05,27.84,32000,0(0.00 %),156000,4992000000,0,0,32000,32000,32000
2023-06-06,27.84,32000,0(0.00 %),106000,3392000000,0,0,32000,32000,32000
2023-06-07,27.84,32000,0(0.00 %),114000,3648000000,0,0,32000,32000,32000
2023-06-08,27.84,32000,0(0.00 %),134700,4306000000,0,0,32000,32000,31800
2023-06-09,27.84,32000,0(0.00 %),200700,6401000000,0,0,32000,32000,30200
2023-06-12,27.84,32000,0(0.00 %),111000,3552000000,0,0,32000,32100,31900
2023-06-13,27.84,32000,0(0.00 %),157100,5027000000,0,0,32000,32000,32000
2023-06-14,27.84,32000,0(0.00 %),157000,5024000000,0,0,32000,32000,32000
2023-06-15,28.1,32300,0.3(0.94 %),155800,4985000000,0,0,32000,32300,32000
2023-06-16,26.79,30800,2(6.94 %),92000,2795000000,0,0,30050,30800,30050
2023-06-19,26.79,30800,0(0.00 %),369800,10734000000,0,0,29800,30800,29000
2023-06-20,27.84,32000,1.2(3.90 %),157600,4580000000,0,0,29000,32000,29000
2023-06-21,28.45,32700,0.7(2.19 %),157800,5070000000,0,0,32000,32700,31950
2023-06-22,26.49,30450,-2.25(-6.88 %),100,3000000,0,0,30450,30450,30450
2023-06-23,28.1,32300,1.8(5.90 %),116600,3615000000,0,0,31000,32350,31000
2023-06-26,28.1,32300,0(0.00 %),0,0,0,0,32300,32300,32300
2023-06-27,28.01,32200,-0.1(-0.31 %),81400,2608000000,0,0,32200,32200,31950
2023-06-28,26.62,30600,-1.6(-4.97 %),80300,2570000000,0,0,32000,32100,30600
2023-06-29,28.36,32600,2(6.54 %),4800,154000000,0,0,32000,32600,32000
2023-06-30,30.27,34800,2.2(6.75 %),86400,2838000000,0,0,30350,34800,30350
2023-07-03,29.49,33900,-0.9(-2.59 %),81200,2757000000,0,0,34000,34000,32700
2023-07-04,27.84,32000,-1.9(-5.60 %),82900,2659000000,0,0,33900,33900,32000
2023-07-05,26.97,31000,-1(-3.12 %),82500,2673000000,0,0,33000,33000,31000
2023-07-06,26.53,30500,-0.5(-1.61 %),172300,4999000000,0,0,31100,31100,29000
2023-07-07,26.27,30200,-0.3(-0.98 %),167200,4850000000,0,0,28400,30400,28400
2023-07-10,26.27,30200,0(0.00 %),176300,5116000000,0,0,30200,31250,29000
2023-07-11,27.62,31750,1.55(5.13 %),80200,2466000000,0,0,30500,31750,30200
2023-07-12,28.71,33000,1.2(3.77 %),151700,4780000000,0,0,31500,33000,31450
2023-07-13,28.88,33200,0.2(0.61 %),146200,4624000000,0,0,33000,33200,31500
2023-07-14,28.88,33200,0(0.00 %),0,0,0,0,33200,33200,33200
2023-07-17,27.71,31850,-1.35(-4.07 %),133500,4336000000,0,0,32500,32700,31300
2023-07-18,27.23,31300,-0.6(-1.88 %),64600,2107000000,0,0,32700,32700,31300
2023-07-19,28.1,32300,1(3.19 %),82000,2659000000,0,0,32500,32500,32300
2023-07-20,27.14,31200,-1.1(-3.41 %),40100,1303000000,0,0,32500,32500,31200
2023-07-21,28.36,32600,1.4(4.49 %),102300,3288000000,0,0,31300,32700,31300
2023-07-24,28.53,32800,0.2(0.61 %),99700,3242000000,0,0,32700,32800,32400
2023-07-25,27.14,31200,-1.6(-4.88 %),127600,4175000000,0,0,32750,32750,31200
2023-07-26,27.14,31200,0(0.00 %),0,0,0,0,31200,31200,31200
2023-07-27,28.36,32600,1.4(4.49 %),116600,3794000000,0,0,32500,32700,32500
2023-07-28,28.27,32500,-0.1(-0.31 %),100100,3263000000,0,0,33000,33000,32500
2023-07-31,28.14,32350,-0.15(-0.46 %),120800,3905000000,0,0,32400,32400,32200
2023-08-01,28.19,32400,0(0.00 %),131600,4300000000,0,0,32800,32800,32400
2023-08-02,28.19,32400,0(0.00 %),100200,3213000000,0,0,32400,32400,31400
2023-08-03,28.1,32300,-0.1(-0.31 %),91600,2954000000,0,0,30200,32400,30200
2023-08-04,28.45,32700,0.4(1.24 %),219100,7168000000,0,0,32800,32800,32700
2023-08-07,28.19,32400,-0.3(-0.92 %),153100,5014000000,0,0,32700,33000,32400
2023-08-08,28.71,33000,0.6(1.85 %),149300,4818000000,0,0,34450,34450,32200
2023-08-09,28.88,33200,0.2(0.61 %),290200,9255000000,0,0,30800,33200,30800
2023-08-10,27.62,31750,-1.45(-4.37 %),168900,5580000000,0,0,32500,33200,31750
2023-08-11,28.53,32800,1.05(3.31 %),228300,7478000000,0,0,32500,32900,32500
2023-08-14,29.79,34250,1.45(4.42 %),286300,9363000000,0,0,32800,34250,32600
2023-08-15,28.1,32300,-2(-5.83 %),282900,9497000000,0,0,33000,33800,32300
2023-08-16,28.4,32650,0.35(1.08 %),209100,6647000000,0,0,32500,32700,31500
2023-08-17,28.58,32850,0.15(0.46 %),179800,5927000000,0,0,33000,33100,32800
2023-08-18,27.27,31350,-1.55(-4.71 %),175800,5770000000,0,0,32850,32950,31350
2023-08-21,26.79,30800,-0.6(-1.91 %),213700,6955000000,0,0,32500,32650,30100
2023-08-22,27.97,32150,1.35(4.38 %),144600,4639000000,0,0,32000,32150,31950
2023-08-23,29.01,33350,1.2(3.73 %),161000,5358000000,0,0,33500,33500,33000
2023-08-24,29.06,33400,0.05(0.15 %),509200,16806000000,300000,9900000000,33350,33400,31950
2023-08-25,29.19,33550,0.15(0.45 %),230500,7478000000,0,0,31950,33550,31950
2023-08-28,28.66,32950,-0.6(-1.79 %),194000,6404000000,0,0,33500,33500,32000
2023-08-29,27.4,31500,-1.45(-4.40 %),693900,21840000000,0,0,32000,32000,31200
2023-08-30,28.05,32250,0.75(2.38 %),213500,6817000000,0,0,32000,32500,31500
2023-08-31,27.92,32100,-0.15(-0.47 %),225600,7251000000,0,0,32500,32500,31950
2023-09-05,28.19,32400,0.3(0.93 %),187600,6041000000,24257,778649700,32100,32400,32100
2023-09-06,28.19,32400,0(0.00 %),215700,6920000000,0,0,32100,32400,31850
2023-09-07,28.27,32500,0.1(0.31 %),106500,3453000000,0,0,32400,32500,32300
2023-09-08,28.32,32550,0.05(0.15 %),98100,3191000000,0,0,32500,32550,32500
2023-09-11,28.53,32800,0.25(0.77 %),59800,1918000000,0,0,32600,32800,31900
2023-09-12,28.45,32700,-0.1(-0.30 %),98000,3204000000,0,0,32700,32700,32700
2023-09-13,28.32,32550,-0.15(-0.46 %),94200,3065000000,0,0,32700,32700,31650
2023-09-14,28.36,32600,0.05(0.15 %),102200,3334000000,0,0,32700,32700,32500
2023-09-15,28.27,32500,-0.1(-0.31 %),77000,2506000000,0,0,32600,32600,32500
2023-09-18,28.36,32600,0.1(0.31 %),106300,3460000000,0,0,32500,32600,32500
2023-09-19,28.19,32400,-0.2(-0.61 %),113200,3672000000,0,0,32500,32500,32400
2023-09-20,26.53,30500,-1.9(-5.86 %),100100,3243000000,0,0,32400,32400,30500
2023-09-21,28.19,32400,1.9(6.23 %),87400,2831000000,0,0,32400,32400,32400
2023-09-22,28.36,32600,0.2(0.62 %),127200,4114000000,0,0,32400,32700,32100
2023-09-25,28.23,32450,-0.15(-0.46 %),103600,3325000000,0,0,32100,32450,32000
2023-09-26,28.23,32450,0(0.00 %),113300,3667000000,0,0,32500,32500,32000
2023-09-27,28.45,32700,0.25(0.77 %),111900,3630000000,0,0,32450,32700,32000
2023-09-28,28.71,33000,0.3(0.92 %),113000,3664000000,0,0,32700,33000,32400
2023-09-29,28.71,33000,0(0.00 %),102000,3340000000,0,0,32500,33000,32500
2023-10-02,28.58,32850,-0.15(-0.45 %),121700,3978000000,0,0,32850,33000,32250
2023-10-03,28.58,32850,0(0.00 %),104600,3377000000,0,0,32000,32850,31950
2023-10-04,28.62,32900,0.05(0.15 %),113400,3699000000,0,0,32000,32900,32000
2023-10-05,28.62,32900,0(0.00 %),112800,3663000000,0,0,32500,32900,32300
2023-10-06,28.62,32900,0(0.00 %),0,0,0,0,32900,32900,32900
2023-10-09,28.19,32400,-0.5(-1.52 %),500000,16200000000,300000,10560000000,32400,32400,32400
2023-10-10,28.45,32700,0.3(0.93 %),106200,3450000000,0,0,32300,32700,32000
2023-10-11,28.62,32900,0.2(0.61 %),76400,2463000000,0,0,32300,32900,32100
2023-10-12,28.58,32850,-0.05(-0.15 %),109100,3510000000,0,0,32200,32850,32000
2023-10-13,27.84,32000,-0.85(-2.59 %),100900,3249000000,0,0,32500,32500,32000
2023-10-16,27.66,31800,-0.2(-0.62 %),104400,3335000000,0,0,32000,32000,31800
2023-10-17,29.23,33600,1.8(5.66 %),84100,2696000000,0,0,32000,33600,31750
2023-10-18,29.49,33900,0.3(0.89 %),111500,3691000000,0,0,32950,33900,32950
2023-10-19,29.49,33900,0(0.00 %),109900,3693000000,0,0,33900,33900,33000
2023-10-20,29.49,33900,0(0.00 %),59800,1958000000,0,0,33100,33900,32600
2023-10-23,29.14,33500,-0.4(-1.18 %),75200,2483000000,0,0,33000,33500,32800
2023-10-24,28.53,32800,-0.7(-2.09 %),114800,3775000000,0,0,33000,33000,32800
2023-10-25,28.53,32800,0(0.00 %),84300,2726000000,0,0,32500,32800,31600
2023-10-26,28.53,32800,0(0.00 %),72500,2308000000,0,0,32000,32800,31300
2023-10-27,28.01,32200,-0.6(-1.83 %),56300,1798000000,0,0,32000,32200,30800
2023-10-30,27.84,32000,-0.2(-0.62 %),80400,2484000000,0,0,31500,32200,30100
2023-10-31,27.66,31800,-0.2(-0.62 %),76200,2308000000,0,0,30500,31800,30000
2023-11-01,26.1,30000,-1.8(-5.66 %),62900,1909000000,0,0,30500,32200,30000
2023-11-02,26.97,31000,1(3.33 %),148500,4427000000,0,0,30000,31000,29800
2023-11-03,26.84,30850,-0.15(-0.48 %),177400,5316000000,0,0,31500,31500,29050
2023-11-06,27.32,31400,0.55(1.78 %),85900,2571000000,0,0,30000,31400,29700
2023-11-07,26.92,30950,-0.45(-1.43 %),142100,4365000000,0,0,31200,31200,29700
2023-11-08,26.18,30100,-0.85(-2.75 %),237700,7170000000,0,0,30000,30950,29750
2023-11-09,26.92,30950,0.85(2.82 %),151100,4587000000,0,0,30500,30950,30100
2023-11-10,26.84,30850,-0.1(-0.32 %),132400,4071000000,0,0,31000,32000,30500
2023-11-13,26.88,30900,0.05(0.16 %),85000,2631000000,0,0,31000,31000,30900
2023-11-14,26.75,30750,-0.15(-0.49 %),96300,2965000000,0,0,30900,30900,30700
2023-11-15,26.75,30750,0(0.00 %),500000,15375000000,0,0,30750,30750,30750
2023-11-16,26.88,30900,0.15(0.49 %),95300,2900000000,0,0,30500,30900,30050
2023-11-17,26.84,30850,-0.05(-0.16 %),88200,2686000000,0,0,30300,30850,30150
2023-11-20,26.84,30850,0(0.00 %),369300,11389000000,0,0,30900,30900,30750
2023-11-21,26.92,30950,0.1(0.32 %),139900,4316000000,0,0,30900,30950,30000
2023-11-22,26.18,30100,-0.85(-2.75 %),603800,18451000000,0,0,30900,30900,30100
2023-11-23,25.36,29150,-0.95(-3.16 %),94100,2826000000,0,0,30100,31000,29150
2023-11-24,25.84,29700,0.55(1.89 %),125300,3716000000,0,0,29200,30000,29200
2023-11-27,25.49,29300,-0.4(-1.35 %),204500,6034000000,0,0,29700,30000,29300
2023-11-28,26.36,30300,1(3.41 %),220600,6464000000,0,0,29300,30300,29200
2023-11-29,25.31,29100,-1.2(-3.96 %),122400,3557000000,0,0,29100,30000,28950
2023-11-30,25.92,29800,0.7(2.41 %),135300,3966000000,0,0,29000,30000,28800
2023-12-01,25.84,29700,-0.1(-0.34 %),72300,2105000000,0,0,28000,29800,27950
2023-12-04,26.1,30000,0.3(1.01 %),91000,2729000000,0,0,30100,30100,29900
2023-12-05,25.23,29000,-1(-3.33 %),104900,3087000000,0,0,29600,29600,29000
2023-12-06,26.1,30000,1(3.45 %),93400,2752000000,0,0,29200,30000,29000
2023-12-07,26.1,30000,0(0.00 %),92000,2755000000,0,0,30000,30000,29900
2023-12-08,26.1,30000,0(0.00 %),112000,3263000000,0,0,29000,30000,29000
2023-12-11,26.05,29950,-0.05(-0.17 %),101500,3017000000,0,0,29900,29950,29600
2023-12-12,26.18,30100,0.15(0.50 %),77200,2306000000,0,0,30100,30100,29800
2023-12-13,26.05,29950,-0.15(-0.50 %),90200,2681000000,0,0,29900,29950,29400
2023-12-14,26.05,29950,0(0.00 %),218600,6448000000,0,0,29500,29950,29450
2023-12-15,26.05,29950,0(0.00 %),188700,5435000000,0,0,29000,29950,28500
2023-12-18,26.01,29900,-0.05(-0.17 %),215100,6237000000,0,0,29000,29900,28950
2023-12-19,25.14,28900,-1(-3.34 %),161700,4689000000,0,0,29000,29050,28900
2023-12-20,25.84,29700,0.8(2.77 %),125400,3507000000,0,0,28000,29700,27900
2023-12-21,26.1,30000,0.3(1.01 %),109100,3268000000,0,0,31400,31400,29250
2023-12-22,24.97,28700,-1.3(-4.33 %),71300,2130000000,60000,1800000000,29900,29950,28700
2023-12-25,25.66,29500,0.8(2.79 %),45000,1327000000,0,0,29500,29500,29500
2023-12-26,25.45,29250,-0.25(-0.85 %),92300,2659000000,0,0,29400,29400,28200
2023-12-27,25.66,29500,0.25(0.85 %),65400,1893000000,0,0,29000,29500,28450
2023-12-28,24.97,28700,-0.8(-2.71 %),33600,973000000,0,0,29100,29100,28700
2023-12-29,24.01,27600,-1.1(-3.83 %),87100,2520000000,0,0,29000,29800,27600
2024-01-02,24.71,28400,0.8(2.90 %),62000,1767000000,0,0,28500,28600,28400
2024-01-03,25.23,29000,0.6(2.11 %),165000,4785000000,0,0,29000,29000,29000
2024-01-04,25.4,29200,0.2(0.69 %),102000,3003000000,0,0,30500,30500,29200
2024-01-05,26.1,30000,0.8(2.74 %),112000,3236000000,0,0,29000,30000,28800
2024-01-08,25.84,29700,-0.3(-1.00 %),80000,2390000000,0,0,30000,30000,29700
2024-01-09,24.23,27850,-1.85(-6.23 %),153200,4441000000,22182,643278000,29000,30500,27850
2024-01-10,25.45,29250,1.4(5.03 %),111800,3143000000,0,0,28000,29400,27650
2024-01-11,25.4,29200,-0.05(-0.17 %),113400,3260000000,0,0,29000,29200,28100
2024-01-12,25.18,28950,-0.25(-0.86 %),68000,1974000000,0,0,29100,29100,28900
2024-01-15,25.23,29000,0.05(0.17 %),105200,3048000000,0,0,29000,29000,28900
2024-01-16,25.58,29400,0.4(1.38 %),110000,3199000000,0,0,29000,29400,28800
2024-01-17,25.58,29400,0(0.00 %),102400,2972000000,0,0,29400,29400,28700
2024-01-18,25.45,29250,-0.15(-0.51 %),121800,3533000000,0,0,29350,29350,27600
2024-01-19,25.23,29000,-0.25(-0.85 %),69300,2002000000,0,0,29200,29200,27250
2024-01-22,24.36,28000,-1(-3.45 %),108800,3069000000,0,0,28500,28500,27600
2024-01-23,24.27,27900,-0.1(-0.36 %),75400,2047000000,0,0,28000,28000,27100
2024-01-24,24.27,27900,0(0.00 %),0,0,0,0,27900,27900,27900
2024-01-25,24.79,28500,0.6(2.15 %),461300,12526000000,251059,7008652000,27850,28900,26750
2024-01-26,23.09,26500,-3.1(-10.88 %),262100,7351000000,40436,1091772000,28000,28100,26500
2024-01-29,23.64,26000,0.6(2.36 %),193500,5030000000,0,0,26000,26000,25500
2024-01-30,24.55,27000,1(3.85 %),247200,6477000000,0,0,25900,27600,25900
2024-01-31,25.0,27500,0.5(1.85 %),152500,4193000000,0,0,27300,27700,27300
2024-02-01,26.36,29000,1.5(5.45 %),213300,5838000000,0,0,27300,29000,26100
2024-02-02,25.18,27700,-1.3(-4.48 %),230000,6452000000,0,0,28650,28650,27700
2024-02-05,25.55,28100,0.4(1.44 %),243500,6896000000,0,0,29200,29200,27900
2024-02-06,25.18,27700,-0.4(-1.42 %),81800,2285000000,0,0,27950,27950,27000
2024-02-07,25.45,28000,0.3(1.08 %),40600,1116000000,0,0,27500,28000,27500
2024-02-15,26.18,28800,0.8(2.86 %),301400,8234000000,0,0,27500,28900,27200
2024-02-16,27.18,29900,1.1(3.82 %),206200,5877000000,0,0,28750,29900,28500
2024-02-19,25.55,28100,-1.8(-6.02 %),340500,9830000000,0,0,28500,31000,27850
2024-02-20,27.18,29900,1.8(6.41 %),232000,6528000000,0,0,28000,29900,28000
2024-02-21,27.14,29850,-0.05(-0.17 %),454000,13214000000,0,0,29000,29850,29000
2024-02-22,27.14,29850,0(0.00 %),915000,26535000000,0,0,29000,29850,29000
2024-02-23,27.14,29850,0(0.00 %),115200,3336000000,0,0,29000,29850,28050
2024-02-26,27.95,30750,0.9(3.02 %),723000,20968000000,29357,851353000,29000,31800,29000
2024-02-27,28.91,31800,1.05(3.41 %),232600,6979000000,0,0,30600,31800,30000
2024-02-28,29.45,32400,0.6(1.89 %),174800,5554000000,0,0,33600,33600,31500
2024-02-29,29.36,32300,-0.1(-0.31 %),240000,7674000000,0,0,32000,32300,30350
2024-03-01,27.45,30200,-2.1(-6.50 %),100600,3219000000,0,0,32000,32900,30200
2024-03-04,29.0,31900,1.7(5.63 %),135200,4221000000,0,0,30000,31900,30000
2024-03-05,29.91,32900,1(3.13 %),105300,3391000000,0,0,31800,32900,31800
2024-03-06,29.91,32900,0(0.00 %),100500,3300000000,0,0,32900,33000,32800
2024-03-07,30.0,33000,0(0.00 %),114100,3723000000,0,0,32800,33000,32500
2024-03-08,30.73,33800,0.8(2.42 %),108600,3550000000,0,0,32500,33800,32500
2024-03-11,30.73,33800,0(0.00 %),100000,3324000000,0,0,33000,33800,33000
2024-03-12,30.68,33750,-0.05(-0.15 %),115300,3852000000,0,0,33800,33800,33250
2024-03-13,30.82,33900,0.15(0.44 %),143700,4822000000,0,0,32000,33900,32000
2024-03-14,30.82,33900,0(0.00 %),124600,4189000000,0,0,33500,33900,33500
2024-03-15,30.82,33900,0(0.00 %),85600,2852000000,0,0,33500,33900,33000
2024-03-18,30.73,33800,-0.1(-0.29 %),81000,2705000000,0,0,33500,33800,33250
2024-03-19,30.73,33800,0(0.00 %),80100,2679000000,0,0,33500,33800,33300
2024-03-20,30.82,33900,0.1(0.30 %),80100,2691000000,0,0,33500,33900,33500
2024-03-21,30.82,33900,0(0.00 %),80400,2681000000,0,0,33500,33900,33000
2024-03-22,30.77,33850,-0.05(-0.15 %),80100,2677000000,0,0,33500,33850,33300
2024-03-25,30.77,33850,0(0.00 %),120500,4034000000,0,0,33600,33850,33300
2024-03-26,30.77,33850,0(0.00 %),51700,1733000000,0,0,33850,33850,33400
2024-03-27,30.77,33850,0(0.00 %),20300,680000000,0,0,33500,33850,33450
2024-03-28,30.73,33800,-0.05(-0.15 %),21000,706000000,0,0,33750,33800,33450
2024-03-29,30.64,33700,-0.1(-0.30 %),10200,341000000,0,0,33500,33700,33500
2024-04-01,30.91,34000,0.3(0.89 %),40300,1362000000,0,0,34200,34400,33700
2024-04-02,30.82,33900,-0.1(-0.29 %),42600,1421000000,0,0,33200,33900,33000
2024-04-03,30.59,33650,-0.25(-0.74 %),80600,2709000000,0,0,33700,33700,33500
2024-04-04,30.64,33700,0.05(0.15 %),80300,2704000000,0,0,33750,33750,33650
2024-04-05,30.64,33700,0(0.00 %),82200,2760000000,0,0,33600,33700,33500
2024-04-08,30.64,33700,0(0.00 %),82900,2768000000,0,0,33500,33700,33000
2024-04-09,30.55,33600,-0.1(-0.30 %),95400,3169000000,0,0,33300,33600,33200
2024-04-10,30.64,33700,0.1(0.30 %),178700,5937000000,0,0,33500,33700,33150
2024-04-11,30.36,33400,-0.3(-0.89 %),83100,2761000000,0,0,33500,33500,33200
2024-04-12,30.59,33650,0.25(0.75 %),82100,2731000000,0,0,33400,33650,33200
2024-04-15,30.59,33650,0(0.00 %),98800,3279000000,0,0,33700,33700,33100
2024-04-16,30.64,33700,0.05(0.15 %),33200,1099000000,0,0,33700,33700,32700
2024-04-17,30.32,33350,-0.35(-1.04 %),68200,2267000000,0,0,33100,33600,33100
2024-04-19,30.55,33600,0.25(0.75 %),41400,1361000000,0,0,33000,33600,32700
2024-04-22,30.18,33200,-0.4(-1.19 %),102600,3385000000,0,0,33400,33400,32600
2024-04-23,30.36,33400,0.2(0.60 %),191700,6224000000,0,0,32900,33400,32300
2024-04-24,30.18,33200,-0.2(-0.60 %),158000,5119000000,0,0,32400,33400,32050
2024-04-25,30.36,33400,0.2(0.60 %),71600,2327000000,0,0,32500,33400,32450
2024-04-26,30.09,33100,-0.3(-0.90 %),71000,2308000000,0,0,32500,33100,32500
2024-05-02,30.36,33400,0.3(0.91 %),135800,4414000000,0,0,32250,33400,32250
2024-05-03,30.36,33400,0(0.00 %),49100,1591000000,0,0,32700,33400,31900
2024-05-06,28.36,31200,-2.2(-6.59 %),99100,3196000000,0,0,32100,33500,31200
2024-05-07,30.09,33100,1.9(6.09 %),142900,4579000000,0,0,32100,33100,31600
2024-05-08,28.91,31800,-1.3(-3.93 %),55300,1755000000,0,0,31700,32950,31550
2024-05-09,29.05,31950,0.15(0.47 %),48000,1515000000,0,0,32000,32000,30000
2024-05-10,28.95,31850,-0.1(-0.31 %),56000,1757000000,0,0,31500,31850,31100
2024-05-13,28.64,31500,-0.35(-1.10 %),65700,2053000000,0,0,31300,31500,31100
2024-05-14,30.27,33300,1.8(5.71 %),53400,1699000000,0,0,31450,33300,31450
2024-05-15,30.09,33100,-0.2(-0.60 %),258200,8266000000,0,0,33000,33100,32000
2024-05-16,29.09,32000,-1.1(-3.32 %),52100,1683000000,0,0,33000,33600,31700
2024-05-17,29.09,32000,0(0.00 %),60900,1970000000,0,0,32200,34000,31800
2024-05-20,30.82,33900,1.9(5.94 %),71200,2297000000,0,0,32500,33900,32100
2024-05-21,30.82,33900,0(0.00 %),126900,4152000000,0,0,32500,33900,32500
2024-05-22,30.73,33800,-0.1(-0.29 %),200100,6418000000,20730,663360000,32000,33800,32000
2024-05-23,30.91,34000,0.2(0.59 %),51000,1712000000,0,0,33300,34000,33300
2024-05-24,30.73,33800,-0.2(-0.59 %),40600,1368000000,0,0,33500,33900,33500
2024-05-27,30.77,33850,0.05(0.15 %),50500,1701000000,0,0,33500,33850,33500
2024-05-28,30.73,33800,-0.05(-0.15 %),66300,2205000000,0,0,33750,33800,32500
2024-05-29,30.64,33700,-0.1(-0.30 %),77800,2553000000,0,0,32000,33700,32000
2024-05-30,30.82,33900,0.2(0.59 %),51300,1723000000,0,0,33500,33900,33500
2024-05-31,30.55,33600,-0.3(-0.88 %),42200,1424000000,0,0,33900,33900,33500
2024-06-03,30.82,33900,0.3(0.89 %),80200,2707000000,0,0,33500,34000,33500
2024-06-04,30.0,33000,-0.9(-2.65 %),80200,2712000000,0,0,33700,34000,33000
2024-06-05,30.82,33900,0.9(2.73 %),40100,1348000000,0,0,33500,33900,33500
2024-06-06,30.91,34000,0.1(0.29 %),101100,3403000000,0,0,33700,34000,33500
2024-06-07,30.82,33900,-0.1(-0.29 %),101100,3423000000,0,0,33800,33900,33500
2024-06-10,30.82,33900,0(0.00 %),0,0,0,0,33900,33900,33900
2024-06-11,30.82,33900,0(0.00 %),100600,3403000000,0,0,33900,33900,33600
2024-06-12,30.91,34000,0.1(0.29 %),99200,3355000000,0,0,33900,34000,33500
2024-06-13,30.82,33900,-0.1(-0.29 %),5000,169000000,0,0,33900,33900,33900
2024-06-14,30.82,33900,0(0.00 %),85000,2873000000,0,0,33900,33900,33500
2024-06-17,30.86,33950,0.05(0.15 %),82800,2804000000,0,0,33900,33950,33500
2024-06-18,30.73,33800,-0.15(-0.44 %),80000,2704000000,0,0,33900,33900,33700
2024-06-19,30.73,33800,0(0.00 %),80000,2704000000,0,0,33900,33900,33700
2024-06-20,30.82,33900,0.1(0.30 %),80400,2722000000,0,0,33800,33900,33700
2024-06-21,30.82,33900,0(0.00 %),80000,2705000000,0,0,33900,33900,33700
2024-06-24,30.82,33900,0(0.00 %),83700,2823000000,0,0,33700,33900,33500
2024-06-25,30.45,33500,-0.4(-1.18 %),81500,2749000000,0,0,33900,33900,33500
2024-06-26,30.91,34000,0.5(1.49 %),47500,1606000000,0,0,33700,34000,33500
2024-06-27,30.82,33900,-0.1(-0.29 %),42700,1441000000,0,0,33900,33900,33500
2024-06-28,30.45,33500,-0.4(-1.18 %),42100,1424000000,0,0,34000,34000,33500
2024-07-01,30.91,34000,0.5(1.49 %),41800,1414000000,0,0,33700,34000,33500
2024-07-02,30.73,33800,-0.2(-0.59 %),54800,1852000000,0,0,33200,33900,33200
2024-07-03,30.55,33600,-0.2(-0.59 %),49300,1667000000,0,0,33900,33900,33600
2024-07-04,30.91,34000,0.4(1.19 %),49700,1682000000,0,0,34000,34000,33600
2024-07-05,30.82,33900,-0.1(-0.29 %),80000,2709000000,0,0,33800,33900,33700
2024-07-08,30.55,33600,-0.3(-0.88 %),81900,2777000000,0,0,33900,34500,33600
2024-07-09,30.73,33800,0.2(0.60 %),82600,2785000000,0,0,33100,33900,31350
2024-07-10,30.73,33800,0(0.00 %),82200,2777000000,0,0,33800,33800,33600
2024-07-11,30.55,33600,-0.2(-0.59 %),82100,2775000000,0,0,34200,35300,31550
2024-07-12,30.91,34000,0.4(1.19 %),80200,2712000000,0,0,33700,34000,33700
2024-07-15,30.45,33500,-0.5(-1.47 %),81200,2734000000,0,0,33900,33900,33500
2024-07-16,30.82,33900,0.4(1.19 %),82200,2782000000,0,0,34500,34500,31550
2024-07-17,30.45,33500,-0.4(-1.18 %),193600,6563000000,0,0,34100,34100,33500
2024-07-18,30.64,33700,0.2(0.60 %),84700,2857000000,0,0,33500,34200,31300
2024-07-19,30.45,33500,-0.2(-0.59 %),80100,2704000000,0,0,33700,33800,33500
2024-07-22,30.64,33700,0.2(0.60 %),130800,4383000000,0,0,33500,33700,33500
2024-07-23,30.45,33500,-0.2(-0.59 %),136000,4557000000,0,0,34500,34500,31450
2024-07-24,30.82,33900,0.4(1.19 %),138400,4650000000,0,0,33500,34200,33400
2024-07-25,30.55,33600,-0.3(-0.88 %),67000,2268000000,0,0,35000,35000,33500
2024-07-26,31.73,34900,1.3(3.87 %),66000,2271000000,0,0,34900,34900,33600
2024-07-29,31.82,35000,0.1(0.29 %),137900,4627000000,0,0,36450,36450,33500
2024-07-30,30.55,33600,-1.4(-4.00 %),185600,6251000000,0,0,33500,34000,33500
2024-07-31,31.68,34850,1.25(3.72 %),121000,4086000000,0,0,34000,34900,33000
2024-08-01,30.45,33500,-1.35(-3.87 %),109000,3662000000,0,0,33500,35500,33500
2024-08-02,30.82,33900,0.4(1.19 %),97000,3249000000,0,0,32700,33900,32700
2024-08-05,30.27,33300,-0.6(-1.77 %),89900,3038000000,0,0,34000,34000,33300
2024-08-06,31.73,34900,1.6(4.80 %),80500,2750000000,0,0,34900,34900,33600
2024-08-07,31.82,35000,0.1(0.29 %),93400,3278000000,0,0,34950,35500,34800
2024-08-08,31.82,35000,0(0.00 %),84500,2969000000,0,0,35000,35400,35000
2024-08-09,32.64,35900,0.9(2.57 %),85300,2993000000,0,0,35900,35900,34600
2024-08-12,32.64,35900,0(0.00 %),195100,7003000000,0,0,35800,35900,35800
2024-08-13,33.36,36700,0.8(2.23 %),197900,7104000000,0,0,33400,36900,33400
2024-08-14,33.59,36950,0.25(0.68 %),87000,3171000000,0,0,36700,36950,35800
2024-08-15,34.45,37900,0.95(2.57 %),88700,3230000000,0,0,36500,38000,36200
2024-08-16,34.2,35250,-0.25(-0.73 %),88000,3072000000,0,0,35250,35500,35250
2024-08-19,34.4,34400,0.2(0.58 %),100100,3480000000,0,0,35000,35000,34200
2024-08-20,35.0,35000,0.6(1.74 %),104100,3610000000,0,0,34400,35200,34400
2024-08-21,35.0,35000,0(0.00 %),101100,3546000000,0,0,35500,37450,32600
2024-08-22,35.2,35200,0.2(0.57 %),115400,4068000000,0,0,35100,35800,35000
2024-08-23,35.15,35150,-0.05(-0.14 %),88700,3138000000,0,0,35200,36300,35150
2024-08-26,35.2,35200,0.05(0.14 %),45900,1614000000,0,0,34900,35400,33000
2024-08-27,35.2,35200,0(0.00 %),43200,1527000000,0,0,35100,35500,35100
2024-08-28,35.8,35800,0.6(1.70 %),42500,1501000000,0,0,35300,35800,35200
2024-08-29,35.75,35750,-0.05(-0.14 %),4300,151000000,0,0,35300,35750,35300
2024-08-30,35.4,35400,-0.35(-0.98 %),40900,1447000000,0,0,36600,36600,35300
2024-09-04,34.7,34700,-0.7(-1.98 %),104400,3644000000,0,0,34000,35200,33200
2024-09-05,35.0,35000,0.3(0.86 %),100400,3525000000,0,0,35100,35200,35000
2024-09-06,35.5,35500,0.5(1.43 %),96500,3458000000,0,0,36000,36500,35500
2024-09-09,35.1,35100,-0.4(-1.13 %),100700,3541000000,0,0,35100,35500,33300
2024-09-10,35.2,35200,0.1(0.28 %),95200,3358000000,0,0,35200,35300,35200
2024-09-11,35.5,35500,0.3(0.85 %),28000,1000000000,0,0,35300,36200,35200
2024-09-12,35.6,35600,0.1(0.28 %),102000,3665000000,0,0,35450,36200,35400
2024-09-13,35.3,35300,-0.3(-0.84 %),99000,3509000000,0,0,35500,35600,35300
2024-09-16,35.3,35300,0(0.00 %),79000,2815000000,0,0,35300,35700,35300
2024-09-17,35.3,35300,0(0.00 %),100400,3566000000,0,0,33600,35800,33600
2024-09-18,35.3,35300,0(0.00 %),101700,3599000000,0,0,35300,35500,35300
2024-09-19,35.55,35550,0.25(0.71 %),102300,3622000000,0,0,35400,35650,35300
2024-09-20,35.55,35550,0(0.00 %),93500,3305000000,0,0,34000,35600,33300
2024-09-23,35.3,35300,-0.25(-0.70 %),105200,3726000000,0,0,35550,35600,35300
2024-09-24,35.5,35500,0.2(0.57 %),101300,3630000000,0,0,36300,36300,35300
2024-09-25,35.2,35200,-0.3(-0.85 %),62500,2190000000,0,0,35300,35300,33300
2024-09-26,35.4,35400,0.2(0.57 %),75200,2664000000,0,0,35300,35800,35300
2024-09-27,35.3,35300,-0.1(-0.28 %),46100,1633000000,0,0,35400,35500,35300
2024-09-30,36.15,36150,0.85(2.41 %),38800,1390000000,0,0,35300,36150,35300
2024-10-01,35.0,35000,-1.15(-3.18 %),74300,2617000000,0,0,33900,35500,33900
2024-10-02,34.7,34700,-0.3(-0.86 %),80800,2803000000,0,0,34700,34800,34500
2024-10-03,34.55,34550,-0.15(-0.43 %),85800,2969000000,0,0,34700,35500,34450
2024-10-04,34.1,34100,-0.45(-1.30 %),62500,2124000000,0,0,33900,34150,33900
2024-10-07,33.8,33800,-0.3(-0.88 %),83400,2843000000,0,0,33700,36200,33000
2024-10-08,34.2,34200,0.4(1.18 %),98600,3319000000,0,0,33300,35800,33100
2024-10-09,33.5,33500,-0.7(-2.05 %),99700,3381000000,0,0,34000,34500,33500
2024-10-10,33.45,33450,-0.05(-0.15 %),84800,2895000000,0,0,34000,35300,33400
2024-10-11,33.5,33500,0.05(0.15 %),109300,3704000000,0,0,33500,34500,33100
2024-10-14,33.45,33450,-0.05(-0.15 %),106100,3547000000,0,0,33500,33500,33400
2024-10-15,34.0,34000,0.55(1.64 %),268700,9038000000,0,0,33500,35700,33450
2024-10-16,33.8,33800,-0.2(-0.59 %),103500,3486000000,0,0,34000,34000,33450
2024-10-17,34.5,34500,0.7(2.07 %),283700,9695000000,0,0,33300,35450,33300
2024-10-18,34.5,34500,0(0.00 %),272900,9360000000,0,0,34000,34550,33600
2024-10-21,34.5,34500,0(0.00 %),116600,4083000000,0,0,34500,35500,34000
2024-10-22,34.4,34400,-0.1(-0.29 %),106700,3606000000,0,0,33500,34400,32600
2024-10-23,34.4,34400,0(0.00 %),124200,4216000000,0,0,34000,34400,33500
2024-10-24,35.3,35300,0.9(2.62 %),111400,3821000000,0,0,35000,35500,33700
2024-10-25,34.4,34400,-0.9(-2.55 %),46500,1587000000,0,0,33800,34500,33200
2024-10-28,33.9,33900,-0.5(-1.45 %),117900,4024000000,0,0,34400,34500,33900
2024-10-29,33.9,33900,0(0.00 %),82100,2817000000,0,0,33900,35500,33900
2024-10-30,34.0,34000,0.1(0.29 %),60500,2052000000,0,0,33500,34000,33300
2024-10-31,34.1,34100,0.1(0.29 %),33600,1139000000,0,0,34000,34100,33750
2024-11-01,34.0,34000,-0.1(-0.29 %),80200,2758000000,0,0,34100,34900,34000
2024-11-04,33.8,33800,-0.2(-0.59 %),80700,2733000000,0,0,33500,34000,33200
2024-11-05,33.8,33800,0(0.00 %),20000,676000000,0,0,33800,33800,33800
2024-11-06,33.9,33900,0.1(0.30 %),93200,3155000000,0,0,33800,34100,33800
2024-11-07,33.9,33900,0(0.00 %),203300,6877000000,0,0,33900,33900,33700
2024-11-08,33.7,33700,-0.2(-0.59 %),217800,7277000000,0,0,33500,33800,33200
2024-11-11,34.0,34000,0.3(0.89 %),110100,3624000000,0,0,33300,34300,32700
2024-11-12,33.9,33900,-0.1(-0.29 %),96900,3195000000,0,0,32100,33900,32050
2024-11-13,33.4,33400,-0.5(-1.47 %),95900,3164000000,0,0,33800,33800,32500
2024-11-14,33.4,33400,0(0.00 %),90800,3002000000,0,0,33100,33400,32800
2024-11-15,33.0,33000,-0.4(-1.20 %),85000,2801000000,0,0,32800,33000,32800
2024-11-18,33.35,33350,0.35(1.06 %),99100,3266000000,0,0,33000,33400,32200
2024-11-19,33.35,33350,0(0.00 %),101700,3367000000,0,0,33000,33350,33000
2024-11-20,33.4,33400,0.05(0.15 %),102800,3447000000,0,0,33300,33900,32500
2024-11-21,33.5,33500,0.1(0.30 %),91500,3003000000,0,0,32600,33500,32600
2024-11-22,33.8,33800,0.3(0.90 %),104400,3515000000,0,0,33500,33800,33250
2024-11-25,33.9,33900,0.1(0.30 %),91100,3115000000,0,0,33800,34500,33500
2024-11-26,34.2,34200,0.3(0.88 %),122400,4139000000,0,0,34650,34650,32700
2024-11-27,34.3,34300,0.1(0.29 %),106500,3622000000,0,0,34100,34300,33850
2024-11-28,34.5,34500,0.2(0.58 %),106000,3632000000,0,0,34100,34500,33950
2024-11-29,34.5,34500,0(0.00 %),133100,4439000000,0,0,34200,34500,32900
2024-12-02,34.4,34400,-0.1(-0.29 %),84200,2886000000,0,0,34500,34700,33000
2024-12-03,33.25,33250,-1.15(-3.34 %),88800,2963000000,0,0,33800,33800,33000
2024-12-04,33.3,33300,0.05(0.15 %),97500,3159000000,0,0,32300,33800,31850
2024-12-05,33.2,33200,-0.1(-0.30 %),96900,3192000000,0,0,32350,33200,32350
2024-12-06,32.8,32800,-0.4(-1.20 %),98000,3238000000,0,0,32500,33700,32350
2024-12-09,32.9,32900,0.1(0.30 %),94800,3079000000,0,0,32400,32900,32350
2024-12-10,33.2,33200,0.3(0.91 %),64500,2135000000,0,0,32900,33200,32900
2024-12-11,33.3,33300,0.1(0.30 %),108800,3605000000,0,0,33000,33900,33000
2024-12-12,33.3,33300,0(0.00 %),97900,3200000000,0,0,33000,33300,32350
2024-12-13,33.3,33300,0(0.00 %),102300,3392000000,0,0,33200,33300,33000
2024-12-16,33.3,33300,0(0.00 %),80200,2678000000,0,0,33300,33700,33000
2024-12-17,32.8,32800,-0.5(-1.50 %),106700,3477000000,0,0,32750,32800,32400
2024-12-18,32.9,32900,0.1(0.30 %),60800,1993000000,0,0,32800,32900,32700
2024-12-19,32.7,32700,-0.2(-0.61 %),114000,3745000000,0,0,32900,33300,32700
2024-12-20,33.2,33200,0.5(1.53 %),105400,3465000000,0,0,32700,33200,32550
2024-12-23,33.3,33300,0.1(0.30 %),114100,3780000000,0,0,33200,33300,33000
2024-12-24,33.0,33000,-0.3(-0.90 %),112000,3739000000,0,0,33300,33500,33000
2024-12-25,33.4,33400,0.4(1.21 %),130700,4339000000,0,0,33000,33400,33000
2024-12-26,33.6,33600,0.2(0.60 %),141900,4760000000,0,0,33400,33600,33000
2024-12-27,33.5,33500,-0.1(-0.30 %),72000,2386000000,0,0,33000,33500,33000
2024-12-30,33.1,33100,-0.4(-1.19 %),77400,2563000000,0,0,33500,33500,32900
2024-12-31,32.8,32800,-0.3(-0.91 %),51400,1704000000,0,0,33100,33200,32800
2025-01-02,32.8,32800,0(0.00 %),76400,2533000000,0,0,33250,33350,32800
2025-01-03,32.15,32150,-0.65(-1.98 %),62600,2014000000,0,0,32200,32200,32000
2025-01-06,32.1,32100,-0.05(-0.16 %),65000,2037000000,0,0,31000,32300,31000
2025-01-07,33.5,33500,1.4(4.36 %),71800,2246000000,0,0,32100,33500,30950
2025-01-08,32.9,32900,-0.6(-1.79 %),86200,2719000000,0,0,32000,32900,31450
2025-01-09,32.45,32450,-0.45(-1.37 %),223700,7154000000,0,0,32550,32900,31300
2025-01-10,33.4,33400,0.95(2.93 %),223600,7271000000,0,0,32400,33450,32400
2025-01-13,33.4,33400,0(0.00 %),311000,10234000000,0,0,33000,33500,32750
2025-01-14,34.0,34000,0.6(1.80 %),262600,8876000000,0,0,33800,34000,33800
2025-01-15,33.9,33900,-0.1(-0.29 %),66000,2211000000,0,0,33500,33900,33500
2025-01-16,33.9,33900,0(0.00 %),282500,9406000000,0,0,32500,33900,32400
2025-01-17,34.0,34000,0.1(0.29 %),157300,5215000000,0,0,33900,34000,33000
2025-01-20,33.7,33700,-0.3(-0.88 %),176700,5952000000,0,0,32800,34000,32800
2025-01-21,33.7,33700,0(0.00 %),190200,6357000000,0,0,32800,34000,32700
2025-01-22,33.3,33300,-0.4(-1.19 %),109700,3660000000,0,0,33400,33400,33300
2025-01-23,33.3,33300,0(0.00 %),112000,3703000000,0,0,33000,33300,33000
2025-01-24,33.3,33300,0(0.00 %),109600,3649000000,0,0,33300,33400,33200
2025-02-04,33.9,33900,0.9(2.73 %),108800,3611000000,0,0,33200,33900,33000
2025-02-05,34.1,34100,0.2(0.59 %),192500,6447000000,0,0,33500,34100,33200
2025-02-06,34.3,34300,0.2(0.59 %),218600,7338000000,0,0,33700,34300,33300
2025-02-07,34.0,34000,-0.3(-0.87 %),101800,3409000000,0,0,33500,34000,33300
2025-02-10,33.9,33900,-0.1(-0.29 %),105700,3586000000,0,0,34000,34000,33900
2025-02-11,33.5,33500,-0.4(-1.18 %),102600,3436000000,0,0,33500,33500,33300
2025-02-12,33.2,33200,-0.3(-0.90 %),88200,2954000000,0,0,33500,33500,33200
2025-02-13,33.3,33300,0.1(0.30 %),103900,3451000000,0,0,33200,33500,33200
2025-02-14,33.2,33200,-0.1(-0.30 %),102300,3406000000,0,0,33300,33300,33200
2025-02-17,33.25,33250,0.05(0.15 %),102000,3386000000,0,0,33200,33250,33200
2025-02-18,32.2,32200,-1.05(-3.16 %),101400,3365000000,0,0,33200,33300,32200
2025-02-19,33.35,33350,1.15(3.57 %),104200,3428000000,0,0,32200,33500,32100
2025-02-20,33.0,33000,-0.35(-1.05 %),123400,4118000000,0,0,33300,33400,33000
2025-02-21,33.0,33000,0(0.00 %),106200,3537000000,0,0,33500,33500,33000
2025-02-24,33.0,33000,0(0.00 %),117200,3909000000,0,0,32850,33500,32850
2025-02-25,33.0,33000,0(0.00 %),120800,3994000000,0,0,33000,33300,32950
2025-02-26,33.3,33300,0.3(0.91 %),135500,4498000000,0,0,33200,33300,33200
2025-02-27,33.4,33400,0.1(0.30 %),139800,4636000000,0,0,33300,33500,32300
2025-02-28,33.5,33500,0.1(0.30 %),120400,3988000000,0,0,33500,33500,33100
2025-03-03,33.5,33500,0(0.00 %),129900,4310000000,0,0,33300,33500,33000
2025-03-04,33.4,33400,-0.1(-0.30 %),122000,4041000000,0,0,33300,33500,33000
2025-03-05,33.4,33400,0(0.00 %),120200,4005000000,0,0,33400,33400,33200
2025-03-06,33.0,33000,-0.4(-1.20 %),98200,3240000000,0,0,33000,33150,33000
2025-03-07,33.0,33000,0(0.00 %),104400,3445000000,0,0,32850,33000,32800
2025-03-10,33.0,33000,0(0.00 %),123800,4090000000,0,0,32800,33200,32800
2025-03-11,32.9,32900,-0.1(-0.30 %),120000,3958000000,0,0,33000,33000,32900
2025-03-12,32.95,32950,0.05(0.15 %),79100,2605000000,0,0,32900,33000,32900
2025-03-13,33.1,33100,0.15(0.46 %),103300,3412000000,0,0,33000,33200,33000
2025-03-14,33.1,33100,0(0.00 %),131700,4363000000,0,0,33200,33200,33100
2025-03-17,33.3,33300,0.2(0.60 %),108500,3612000000,0,0,33200,33500,33200
2025-03-18,33.3,33300,0(0.00 %),122000,4040000000,0,0,33250,33300,33000
2025-03-19,33.0,33000,-0.3(-0.90 %),124700,4115000000,0,0,33100,33100,32900
2025-03-20,33.1,33100,0.1(0.30 %),116100,3842000000,0,0,33400,33400,33000
2025-03-21,33.1,33100,0(0.00 %),124600,4124000000,0,0,32400,33100,32400
2025-03-24,33.0,33000,-0.1(-0.30 %),117700,3888000000,600000,19800000000,33100,33200,32900
2025-03-25,33.0,33000,0(0.00 %),295700,9744000000,81550,2691150000,32900,33000,31000
2025-03-26,33.1,33100,0.1(0.30 %),194300,6420000000,0,0,32500,33200,32500
2025-03-27,33.1,33100,0(0.00 %),116000,3839000000,0,0,33000,33200,32800
2025-03-28,33.0,33000,-0.1(-0.30 %),119100,3919000000,0,0,33000,33000,32850
2025-03-31,33.0,33000,0(0.00 %),138400,4560000000,0,0,33000,33300,32900
2025-04-01,33.2,33200,0.2(0.61 %),102700,3390000000,0,0,33800,33800,33000
2025-04-02,33.7,33700,0.5(1.51 %),100500,3411000000,0,0,34500,34500,33600
2025-04-03,33.5,33500,-0.2(-0.59 %),88300,2915000000,0,0,33000,33600,32600
2025-04-04,33.4,33400,-0.1(-0.30 %),116100,3838000000,0,0,33300,33400,33000
2025-04-08,33.4,33400,0(0.00 %),111000,3684000000,0,0,33400,33400,33000
2025-04-09,33.4,33400,0(0.00 %),168900,5590000000,0,0,33000,33500,33000
2025-04-10,34.2,34200,0.8(2.40 %),214500,7282000000,0,0,34200,34600,33800
2025-04-11,34.5,34500,0.3(0.88 %),275600,9370000000,0,0,34000,34500,34000
2025-04-14,34.0,34000,-0.5(-1.45 %),212400,7101000000,0,0,34200,34200,33000
2025-04-15,34.0,34000,0(0.00 %),219400,7436000000,0,0,36350,36350,33750
2025-04-16,34.65,34650,0.65(1.91 %),324700,10866000000,0,0,32100,34700,32100
2025-04-17,34.55,34550,-0.1(-0.29 %),153600,5137000000,0,0,32300,34550,32300
2025-04-18,33.7,33700,-0.85(-2.46 %),150600,5004000000,0,0,33300,33700,33000
2025-04-21,34.0,34000,0.3(0.89 %),212200,6957000000,0,0,31700,34000,31700
2025-04-22,32.7,32700,-1.3(-3.82 %),83900,2768000000,0,0,32900,34900,32700
2025-04-23,33.6,33600,0.9(2.75 %),145000,4780000000,0,0,32700,33600,32700
2025-04-24,34.0,34000,0.4(1.19 %),112800,3722000000,0,0,32200,34000,32200
2025-04-25,34.5,34500,0.5(1.47 %),125000,4156000000,0,0,33300,34500,33000
2025-04-28,33.5,33500,-1(-2.90 %),49200,1658000000,0,0,34500,34500,33450
2025-04-29,34.1,34100,0.6(1.79 %),108100,3575000000,0,0,33000,34100,32800
2025-05-05,33.9,33900,-0.2(-0.59 %),62300,2087190000,0,0,34000,34000,33200
2025-05-06,33.2,33200,-0.7(-2.06 %),219400,7305165000,0,0,33500,33500,33050
2025-05-07,34.0,34000,0.8(2.41 %),262500,8707005000,0,0,33000,34000,33000
2025-05-08,35.4,35400,1.4(4.12 %),268800,9014840000,0,0,33500,36000,33000
2025-05-09,35.25,35250,-0.15(-0.42 %),173600,6084515000,0,0,35400,35400,34950
2025-05-12,34.9,34900,-0.35(-0.99 %),82100,2835170000,0,0,34900,34900,34500
2025-05-13,33.1,33100,-1.8(-5.16 %),211000,7016270000,0,0,32700,33300,32700
2025-05-14,33.5,33500,0.4(1.21 %),238600,7701815000,0,0,31600,33500,31600
2025-05-15,33.6,33600,0.1(0.30 %),237300,7853110000,0,0,33000,33600,32400
2025-05-16,33.9,33900,0.3(0.89 %),438000,14451985000,0,0,32550,33900,32550
2025-05-19,33.0,33000,-0.9(-2.65 %),153000,5097030000,0,0,32700,33500,32700
2025-05-20,33.1,33100,0.1(0.30 %),94300,3117370000,0,0,33000,33450,33000
2025-05-21,31.95,31950,-1.15(-3.47 %),78300,2651655000,0,0,33000,35000,31950
2025-05-22,34.0,34000,2.05(6.42 %),76000,2533180000,0,0,34000,34000,32900
2025-05-23,34.95,34950,0.95(2.79 %),28700,969675000,0,0,35000,35000,33500
2025-05-26,33.3,33300,-1.65(-4.72 %),76000,2536160000,0,0,34500,34500,33300
2025-05-27,33.0,33000,-0.3(-0.90 %),66400,2227320000,0,0,33700,34500,33000
2025-05-28,33.4,33400,0.4(1.21 %),52700,1751740000,0,0,33000,33500,32950
2025-05-29,33.0,33000,-0.4(-1.20 %),79500,2637010000,0,0,33400,33500,33000
2025-05-30,33.0,33000,0(0.00 %),59500,1963760000,0,0,33000,33100,32950
2025-06-02,33.0,33000,0(0.00 %),28100,926525000,0,0,33000,33200,32200
2025-06-03,33.6,33600,0.6(1.82 %),38800,1277760000,0,0,33000,33600,32800
2025-06-04,32.55,32550,-1.05(-3.12 %),54500,1784975000,0,0,33000,33000,32500
2025-06-05,32.7,32700,0.15(0.46 %),82900,2714510000,0,0,32550,33700,31950
2025-06-06,32.8,32800,0.1(0.31 %),88700,2886160000,0,0,32700,32800,31950
2025-06-09,32.5,32500,-0.3(-0.91 %),108200,3495925000,0,0,32500,32500,32200
2025-06-10,32.0,32000,-0.5(-1.54 %),75700,2438000000,0,0,32300,32300,32000
2025-06-11,31.75,31750,-0.25(-0.78 %),71500,2275750000,0,0,31100,32500,30600
2025-06-12,31.8,31800,0.05(0.16 %),18400,585075000,0,0,31750,31800,31750
2025-06-13,31.75,31750,-0.05(-0.16 %),90900,2881535000,0,0,31700,31750,31700
2025-06-16,31.7,31700,-0.05(-0.16 %),71700,2266640000,0,0,31600,31700,31600
2025-06-17,31.7,31700,0(0.00 %),271000,8537300000,0,0,31700,31700,31500
2025-06-18,31.7,31700,0(0.00 %),262200,8285625000,0,0,31600,31700,31600
2025-06-19,32.7,32700,1(3.15 %),51400,1624750000,0,0,31600,32700,31500
2025-06-20,31.9,31900,-0.8(-2.45 %),76100,2435190000,0,0,32000,32000,31900
2025-06-23,31.8,31800,-0.1(-0.31 %),91600,2885230000,0,0,31000,31800,31000
2025-06-24,31.5,31500,-0.3(-0.94 %),57700,1817550000,0,0,31500,31500,31500
2025-06-25,31.7,31700,0.2(0.63 %),47900,1517160000,0,0,31700,31700,29700
2025-06-26,31.5,31500,-0.2(-0.63 %),58400,1839630000,0,0,31500,31600,31500
2025-06-27,31.5,31500,0(0.00 %),1100,34650000,0,0,31500,31500,31500
2025-06-30,32.0,32000,0.5(1.59 %),86700,2753030000,0,0,31500,32000,31500
2025-07-01,31.6,31600,-0.4(-1.25 %),22300,702920000,0,0,31500,31600,31500
2025-07-02,31.5,31500,-0.1(-0.32 %),86000,2709000000,0,0,31500,31500,31500
2025-07-03,32.0,32000,0.5(1.59 %),100300,3199435000,0,0,31500,32000,31500
2025-07-04,32.9,32900,0.9(2.81 %),136700,4390235000,0,0,32450,32900,32000
2025-07-07,32.5,32500,-0.4(-1.22 %),46400,1508000000,0,0,32500,32500,32500
2025-07-08,32.4,32400,-0.1(-0.31 %),236900,7713660000,0,0,32500,32900,32400
2025-07-09,32.5,32500,0.1(0.31 %),142900,4636260000,0,0,32500,32500,32400
2025-07-10,32.5,32500,0(0.00 %),123500,4001410000,0,0,32400,32500,32400
2025-07-11,33.5,33500,1(3.08 %),129400,4192690000,0,0,32400,33500,32400
2025-07-14,33.5,33500,0(0.00 %),126900,4187330000,262200,8652600000,31600,33500,31600
2025-07-15,33.3,33300,-0.2(-0.60 %),150800,5014220000,0,0,33300,33350,33100
2025-07-16,33.0,33000,-0.3(-0.90 %),141800,4703790000,305000,10065000000,33300,33300,33000
2025-07-17,33.4,33400,0.4(1.21 %),117800,3894940000,0,0,33000,33400,32500
2025-07-18,33.0,33000,-0.4(-1.20 %),107700,3554100000,0,0,33000,33000,33000
2025-07-21,33.0,33000,0(0.00 %),84800,2798400000,0,0,33000,33000,33000
2025-07-22,33.0,33000,0(0.00 %),130700,4313100000,0,0,33000,33000,33000
2025-07-23,32.9,32900,-0.1(-0.30 %),103300,3398110000,550000,18150000000,32000,32900,32000
2025-07-24,32.8,32800,-0.1(-0.30 %),103300,3388050000,0,0,32100,32800,32100
2025-07-25,33.0,33000,0.2(0.61 %),123300,4056370000,0,0,32800,33000,32800
2025-07-28,33.4,33400,0.4(1.21 %),74400,2462130000,0,0,33100,33400,32900
2025-07-29,33.9,33900,0.5(1.50 %),301700,9801400000,0,0,33000,33950,32200
2025-07-30,34.1,34100,0.2(0.59 %),173000,5718160000,0,0,33200,34100,32950
2025-07-31,33.5,33500,-0.6(-1.76 %),500,16750000,0,0,33500,33500,33500
2025-08-01,34.9,34900,1.4(4.18 %),159300,5279980000,0,0,33000,35000,33000
2025-08-04,35.9,35900,1(2.87 %),206300,7167070000,0,0,34500,35900,34500
2025-08-05,35.95,35950,0.05(0.14 %),196700,7053470000,0,0,35500,36500,34100
2025-08-06,37.0,37000,1.05(2.92 %),264600,9265790000,0,0,34900,37000,34900
2025-08-07,35.8,35800,-1.2(-3.24 %),187600,6734450000,0,0,36000,36000,35300
2025-08-08,35.9,35900,0.1(0.28 %),159000,5682850000,0,0,35800,35900,35500
2025-08-11,36.1,36100,0.2(0.56 %),258100,9253565000,0,0,35900,36100,35500
2025-08-12,36.15,36150,0.05(0.14 %),126100,4571445000,0,0,36100,36600,36100
2025-08-13,36.2,36200,0.05(0.14 %),121500,4401940000,0,0,35100,36500,35100
2025-08-14,36.2,36200,0(0.00 %),138600,5016090000,0,0,36200,36500,36100
2025-08-15,36.5,36500,0.3(0.83 %),102800,3721155000,0,0,36000,36500,36000
2025-08-18,36.5,36500,0(0.00 %),145900,5324165000,0,0,36500,36800,36150
2025-08-19,36.1,36100,-0.4(-1.10 %),150300,5455440000,0,0,37100,37100,36000
2025-08-20,36.2,36200,0.1(0.28 %),134400,4870250000,0,0,36200,36650,36200
2025-08-21,36.2,36200,0(0.00 %),144600,5234355000,0,0,36200,36200,36100
2025-08-22,35.0,35000,-1.2(-3.31 %),141500,4897515000,0,0,36000,36000,34500
2025-08-25,33.5,33500,-1.5(-4.29 %),104000,3570415000,0,0,34900,34900,33500
2025-08-26,33.3,33300,-0.2(-0.60 %),33800,1124570000,0,0,32300,33350,32300
2025-08-27,34.5,34500,1.2(3.60 %),182100,6035660000,0,0,33200,34500,33000
2025-08-28,34.7,34700,0.2(0.58 %),174800,5823060000,0,0,33200,34700,33000
2025-08-29,34.7,34700,0(0.00 %),153700,5120110000,0,0,33500,34800,33100
2025-09-03,34.7,34700,0(0.00 %),178300,6156150000,0,0,34700,34700,34000
2025-09-04,34.0,34000,-0.7(-2.02 %),190900,6502800000,0,0,35000,35000,33900
2025-09-05,33.8,33800,-0.2(-0.59 %),165400,5569345000,0,0,33500,34000,33500
2025-09-08,33.0,33000,-0.8(-2.37 %),213200,7013400000,0,0,33100,33100,32700
2025-09-09,32.7,32700,-0.3(-0.91 %),253000,8301860000,0,0,32800,33000,32700
2025-09-10,33.6,33600,0.9(2.75 %),295300,9746800000,0,0,32900,34000,32900
2025-09-11,34.4,34400,0.8(2.38 %),189000,6336320000,0,0,33100,34600,33000
2025-09-12,34.0,34000,-0.4(-1.16 %),152700,5161225000,0,0,35000,35000,33500
2025-09-15,33.7,33700,-0.3(-0.88 %),212300,7058095000,0,0,33200,33700,33100
2025-09-16,33.1,33100,-0.6(-1.78 %),225000,7491665000,0,0,33300,33700,33100
2025-09-17,33.6,33600,0.5(1.51 %),157900,5243945000,0,0,33100,33700,33100
2025-09-18,33.6,33600,0(0.00 %),149200,5024185000,0,0,33700,34700,33250
2025-09-19,33.6,33600,0(0.00 %),137900,4696110000,0,0,33700,35000,33600
2025-09-22,34.0,34000,0.4(1.19 %),177100,5898000000,0,0,33600,34000,33100
2025-09-23,34.0,34000,0(0.00 %),155000,5220790000,0,0,33800,35000,33300
2025-09-24,34.0,34000,0(0.00 %),176200,5887930000,0,0,33800,34000,33300
2025-09-25,33.4,33400,-0.6(-1.76 %),149100,5048710000,0,0,34000,34450,33250
2025-09-26,33.9,33900,0.5(1.50 %),177400,5924985000,0,0,33200,34000,33050
2025-09-29,33.8,33800,-0.1(-0.29 %),136000,4608010000,0,0,33900,34450,33000
2025-09-30,33.2,33200,-0.6(-1.78 %),120300,4060940000,0,0,33800,34350,33200
2025-10-01,34.2,34200,1(3.01 %),162500,5602010000,0,0,33900,35000,33900
2025-10-02,34.7,34700,0.5(1.46 %),180600,6195660000,0,0,34000,35000,33900
2025-10-03,34.7,34700,0(0.00 %),141000,4871890000,0,0,34500,34700,34500
2025-10-06,34.5,34500,-0.2(-0.58 %),246900,8461150000,0,0,34000,34950,34000
2025-10-07,34.4,34400,-0.1(-0.29 %),307100,10473340000,0,0,34100,34400,34100
2025-10-08,33.2,33200,-1.2(-3.49 %),477200,16218040000,0,0,34000,34400,33000
2025-10-09,34.9,34900,1.7(5.12 %),339000,11254400000,0,0,33200,34900,33000
2025-10-10,33.1,32450,-34.9(-100.00 %),181400,33100,0,0,33100,33550,32450
