Date,GiaDieuChinh,Close,ThayDoi,Volume,GiaTriKhopLenh,KLThoaThuan,GtThoaThuan,Open,High,Low
2015-12-23,7.04,11700,0(0.00 %),17000,198900000,0,0,11700,11700,11700
2015-12-24,7.22,12000,0.3(2.56 %),109000,1285950000,0,0,11700,12000,11700
2015-12-25,7.16,11900,-0.1(-0.83 %),54300,646110000,0,0,11700,11900,11700
2015-12-28,7.22,12000,0.1(0.84 %),54300,646620000,0,0,11900,12000,11900
2015-12-29,7.22,12000,0(0.00 %),27500,329500000,0,0,12000,12000,11900
2015-12-30,7.52,12500,0.5(4.17 %),72600,890600000,0,0,12100,12500,12100
2015-12-31,8.25,13400,1.2(9.60 %),165900,2170440000,0,0,12500,13400,12500
2016-01-04,8.55,14200,0.5(3.65 %),98100,1350170000,0,0,12750,14200,12750
2016-01-05,9.03,15000,0.8(5.63 %),195500,2821320000,0,0,14200,15000,13900
2016-01-06,9.09,15100,0.1(0.67 %),189100,2843330000,0,0,15000,15100,14900
2016-01-07,9.21,15300,0.2(1.32 %),186100,2793470000,0,0,14900,15300,14600
2016-01-08,9.39,15600,0.3(1.96 %),193400,2961680000,0,0,14900,15600,14900
2016-01-11,9.51,15800,0.2(1.28 %),230900,3624410000,0,0,15600,15800,15600
2016-01-12,9.33,15500,-0.3(-1.90 %),138400,2182590000,0,0,15800,15800,15500
2016-01-13,9.27,15400,-0.1(-0.65 %),119300,1831610000,0,0,15400,15500,15000
2016-01-14,9.45,15700,0.3(1.95 %),87400,1360390000,0,0,15400,15800,15400
2016-01-15,9.57,15900,0.2(1.27 %),22800,363610000,0,0,15700,16100,15700
2016-01-18,9.27,15400,-0.5(-3.14 %),16300,250220000,0,0,15500,15500,15300
2016-01-19,10.17,16500,1.5(9.74 %),160200,2608240000,0,0,15500,16500,15500
2016-01-20,10.35,17200,0.3(1.78 %),166300,2834250000,707600,11958440000,16900,17200,16900
2016-01-21,10.35,17200,0(0.00 %),111800,1915740000,0,0,17000,17500,16800
2016-01-22,11.37,18400,1.7(9.88 %),175300,3177960000,0,0,17900,18400,17700
2016-01-25,11.43,19000,0.1(0.53 %),63400,1198320000,0,0,18800,19100,18700
2016-01-26,11.19,18600,-0.4(-2.11 %),18600,346970000,0,0,18700,18800,18500
2016-01-27,12.1,19900,1.5(8.06 %),51400,976540000,0,0,18600,19900,18600
2016-01-28,12.1,20100,0(0.00 %),92100,1849790000,0,0,20100,20200,19900
2016-01-29,11.92,19800,-0.3(-1.49 %),42500,845450000,0,0,19900,20000,19800
2016-02-01,11.31,18800,-1(-5.05 %),160300,3019660000,0,0,19700,19700,18500
2016-02-02,11.49,19100,0.3(1.60 %),107000,2013720000,0,0,18700,19100,18000
2016-02-03,11.62,19300,0.2(1.05 %),17000,325110000,0,0,19000,19300,19000
2016-02-04,11.62,19300,0(0.00 %),4100,78820000,0,0,19200,19300,19200
2016-02-05,11.49,19100,-0.2(-1.04 %),3200,61080000,0,0,19100,19100,19000
2016-02-15,11.49,19100,0(0.00 %),236500,4485760000,0,0,19200,19200,18900
2016-02-16,11.8,19600,0.5(2.62 %),201800,3887030000,0,0,19000,19700,19000
2016-02-17,11.98,19900,0.3(1.53 %),187400,3701180000,0,0,19600,19900,19600
2016-02-18,12.28,20400,0.5(2.51 %),200900,4040160000,0,0,19900,20400,19900
2016-02-19,12.34,20500,0.1(0.49 %),193400,3959180000,0,0,20400,20500,20300
2016-02-22,12.04,20000,-0.5(-2.44 %),95200,1939480000,0,0,20500,20500,20000
2016-02-23,11.86,19700,-0.3(-1.50 %),76100,1507140000,0,0,20000,20100,19600
2016-02-24,12.04,20000,0.3(1.52 %),118300,2354380000,0,0,19600,20100,19600
2016-02-25,11.86,19700,-0.3(-1.50 %),184400,3645790000,0,0,19900,20000,19600
2016-02-26,11.92,19800,0.1(0.51 %),57500,1140190000,0,0,19600,19900,19600
2016-02-29,11.49,19100,-0.7(-3.54 %),28000,544470000,0,0,19700,19700,19100
2016-03-01,10.35,17750,-1.9(-9.95 %),45500,804690000,0,0,19000,19000,17750
2016-03-02,9.99,16600,-0.6(-3.49 %),191300,3108350000,0,0,16000,16700,16000
2016-03-03,9.93,16500,-0.1(-0.60 %),463400,7431930000,0,0,16000,16600,15600
2016-03-04,10.23,17000,0.5(3.03 %),393100,6469490000,0,0,16200,17200,16000
2016-03-07,10.35,17200,0.2(1.18 %),141700,2434990000,0,0,17100,17300,17000
2016-03-08,10.35,17200,0(0.00 %),166500,2855060000,0,0,17100,17200,17000
2016-03-09,10.53,17500,0.3(1.74 %),178600,3073270000,0,0,17100,17500,17100
2016-03-10,10.95,18200,0.7(4.00 %),430800,7681980000,0,0,17500,18200,17500
2016-03-11,11.13,18500,0.3(1.65 %),325700,5892540000,0,0,18000,18500,17800
2016-03-14,10.35,17200,-1.3(-7.03 %),259700,4592560000,0,0,18000,18000,17200
2016-03-15,10.11,16800,-0.4(-2.33 %),47600,801390000,0,0,17200,17200,16300
2016-03-16,10.05,16700,-0.1(-0.60 %),474300,7877920000,0,0,16500,17000,16300
2016-03-17,10.29,17100,0.4(2.40 %),840500,14095110000,0,0,16800,17100,16500
2016-03-18,10.17,16900,-0.2(-1.17 %),177600,3016120000,0,0,17100,17100,16700
2016-03-21,10.17,16900,0(0.00 %),204400,3472150000,0,0,16900,17200,16900
2016-03-22,10.11,16800,-0.1(-0.59 %),227700,3839460000,0,0,16900,17000,16800
2016-03-23,10.47,17400,0.6(3.57 %),160200,2712880000,0,0,16800,17400,16800
2016-03-24,10.77,17900,0.5(2.87 %),326300,5606800000,0,0,17300,18000,16900
2016-03-25,10.83,18000,0.1(0.56 %),401900,7152840000,0,0,18100,18100,17300
2016-03-28,10.89,18100,0.1(0.56 %),404800,7289830000,0,0,17900,18300,17600
2016-03-29,11.19,18600,0.5(2.76 %),75900,1398880000,153100,2771110000,18100,18600,17900
2016-03-30,11.07,18400,-0.2(-1.08 %),32400,595640000,0,0,18500,18700,17800
2016-03-31,10.65,17700,-0.7(-3.80 %),33000,594760000,0,0,18200,18300,17700
2016-04-01,10.71,17800,0.1(0.56 %),104100,1822340000,0,0,17500,18000,17100
2016-04-04,11.43,19000,1.2(6.74 %),80000,1483150000,0,0,18000,19000,17900
2016-04-05,11.13,18500,-0.5(-2.63 %),248000,4427530000,0,0,18400,18600,17650
2016-04-06,11.62,19300,0.8(4.32 %),161000,2925980000,0,0,18000,19300,17500
2016-04-07,10.89,18100,-1.2(-6.22 %),236900,4392380000,0,0,19300,20000,17950
2016-04-08,10.71,17800,-0.3(-1.66 %),288000,5081880000,0,0,18100,18200,17100
2016-04-11,10.35,17200,-0.6(-3.37 %),166200,2904100000,0,0,17800,17800,17100
2016-04-12,10.47,17400,0.2(1.16 %),142400,2405950000,0,0,17000,17400,16800
2016-04-13,10.47,17400,0(0.00 %),107000,1872950000,0,0,17500,17600,17400
2016-04-14,10.11,16800,-0.6(-3.45 %),181800,3083090000,0,0,17300,17500,16800
2016-04-15,10.59,17600,0.8(4.76 %),205900,3488490000,0,0,16700,17700,16300
2016-04-19,10.17,16900,-0.7(-3.98 %),259700,4461690000,0,0,17300,17400,16900
2016-04-20,10.59,17600,0.7(4.14 %),427600,7352790000,0,0,16800,17600,16800
2016-04-21,10.29,17100,-0.5(-2.84 %),286000,5052840000,0,0,17600,18400,17100
2016-04-22,9.93,16500,-0.6(-3.51 %),327900,5473900000,0,0,17100,17400,16400
2016-04-25,9.81,16300,-0.2(-1.21 %),549700,8942020000,0,0,16500,16600,15900
2016-04-26,9.93,16500,0.2(1.23 %),672000,10648890000,0,0,16400,16500,15300
2016-04-27,9.15,15350,-1.3(-7.88 %),630500,9880400000,0,0,16300,16300,15350
2016-04-28,9.03,15000,-0.2(-1.32 %),541100,7892530000,0,0,15300,15900,14150
2016-04-29,9.03,15000,0(0.00 %),84000,1258190000,0,0,15000,15600,14600
2016-05-04,9.27,15400,0.4(2.67 %),174600,2604390000,0,0,15700,15700,14300
2016-05-05,8.97,14900,-0.5(-3.25 %),339900,5062950000,0,0,15400,16000,14300
2016-05-06,8.43,14000,-0.9(-6.04 %),216300,3033050000,0,0,14500,14500,13850
2016-05-09,7.94,13200,-0.8(-5.71 %),269100,3535700000,0,0,13900,13900,13000
2016-05-10,8.43,14000,0.8(6.06 %),109900,1485320000,0,0,13200,14000,13200
2016-05-11,8.55,14200,0.2(1.43 %),144000,2007010000,0,0,13800,14300,13800
2016-05-12,8.31,13800,-0.4(-2.82 %),97000,1330360000,0,0,14100,14100,13600
2016-05-13,8.61,14300,0.5(3.62 %),134400,1852940000,150000,2100000000,13800,14300,13400
2016-05-16,8.91,14800,0.5(3.50 %),299000,4321600000,0,0,14800,14800,14400
2016-05-17,8.97,14900,0.1(0.68 %),156200,2338720000,0,0,15300,15400,14600
2016-05-18,8.91,14800,-0.1(-0.67 %),142200,2061150000,0,0,15300,15300,14200
2016-05-19,8.91,14800,0(0.00 %),191300,2759810000,0,0,14900,15100,14000
2016-05-20,8.43,14000,-0.8(-5.41 %),123300,1755790000,0,0,14800,14800,14000
2016-05-23,8.55,14200,0.2(1.43 %),104600,1463980000,0,0,14200,14400,13800
2016-05-24,8.67,14400,0.2(1.41 %),78200,1104070000,0,0,14100,14500,13900
2016-05-25,8.43,14000,-0.4(-2.78 %),90500,1272990000,0,0,14500,14600,13900
2016-05-26,8.43,14000,0(0.00 %),38200,538450000,0,0,14100,14500,13900
2016-05-27,8.43,14000,0(0.00 %),111400,1549650000,0,0,14100,14300,13600
2016-05-30,8.49,14100,0.1(0.71 %),306000,4113540000,0,0,14500,14500,13200
2016-05-31,9.27,15100,1.3(9.22 %),174600,2515840000,0,0,14000,15100,14000
2016-06-01,9.57,15900,0.5(3.25 %),69900,1088670000,0,0,15000,16000,15000
2016-06-02,9.33,15500,-0.4(-2.52 %),209900,3223860000,0,0,15700,15900,15000
2016-06-03,8.97,14900,-0.6(-3.87 %),42600,646020000,0,0,15400,15600,14900
2016-06-06,8.85,14700,-0.2(-1.34 %),31300,461050000,0,0,14900,14900,14600
2016-06-07,8.67,14400,-0.3(-2.04 %),94000,1368910000,0,0,14700,15000,14400
2016-06-08,8.73,14500,0.1(0.69 %),119200,1735620000,0,0,14600,15000,14400
2016-06-09,8.49,14100,-0.4(-2.76 %),188800,2701950000,0,0,14600,14600,14100
2016-06-10,8.67,14400,0.3(2.13 %),126600,1808120000,0,0,14500,14500,14200
2016-06-13,8.73,14500,0.1(0.69 %),230200,3287440000,0,0,14700,14800,14100
2016-06-14,8.79,14600,0.1(0.69 %),130000,1862610000,0,0,14800,15000,14100
2016-06-15,8.67,14400,-0.2(-1.37 %),143600,2082940000,0,0,14600,14600,14400
2016-06-16,8.55,14200,-0.2(-1.39 %),101200,1448780000,0,0,14400,14700,14200
2016-06-17,8.67,14400,0.2(1.41 %),87000,1235800000,0,0,14400,14400,14100
2016-06-20,8.91,14800,0.4(2.78 %),192900,2760190000,0,0,14000,14800,14000
2016-06-21,8.91,14800,0(0.00 %),133000,1941560000,0,0,14600,14900,14300
2016-06-22,8.91,14800,0(0.00 %),144800,2136240000,0,0,14800,14900,14600
2016-06-23,8.79,14600,-0.2(-1.35 %),108600,1589490000,0,0,14800,15100,14500
2016-06-24,8.43,14000,-0.6(-4.11 %),127900,1794170000,0,0,14700,14800,13600
2016-06-27,8.67,14400,0.4(2.86 %),86600,1211990000,0,0,14100,14400,13700
2016-06-28,8.79,14600,0.2(1.39 %),312100,4452060000,0,0,14400,14600,14000
2016-06-29,8.97,14900,0.3(2.05 %),46500,682980000,0,0,14600,14900,14600
2016-06-30,8.79,14600,-0.3(-2.01 %),35900,529070000,0,0,14900,14900,14600
2016-07-01,8.91,14800,0.2(1.37 %),141000,2076750000,0,0,14700,14900,14700
2016-07-04,9.33,15500,0.7(4.73 %),301200,4525400000,0,0,14900,15700,14700
2016-07-05,9.51,15800,0.3(1.94 %),196200,3032710000,50000,700000000,15500,15800,15300
2016-07-06,10.41,16900,1.5(9.49 %),1162300,17445640000,0,0,15600,16900,14700
2016-07-07,10.89,18100,0.8(4.62 %),730900,12756990000,0,0,17300,18500,16900
2016-07-08,10.95,18200,0.1(0.55 %),728900,12695710000,0,0,18000,19000,17000
2016-07-11,9.87,16950,-1.8(-9.89 %),562800,9563510000,0,0,18000,18000,16950
2016-07-12,10.23,17000,0.6(3.66 %),458900,7353690000,0,0,16000,17200,15250
2016-07-13,9.69,16100,-0.9(-5.29 %),757300,12463270000,0,0,17400,17400,15900
2016-07-14,8.73,14950,-1.6(-9.94 %),502200,7559655000,0,0,16100,16100,14950
2016-07-15,8.73,14500,0(0.00 %),195100,2831020000,0,0,14600,15000,14100
2016-07-18,8.49,14100,-0.4(-2.76 %),224500,3226790000,0,0,14100,14600,14100
2016-07-19,7.64,13100,-1.4(-9.93 %),234600,3192930000,0,0,14300,14600,13100
2016-07-20,6.92,11800,-1.2(-9.45 %),475800,5563030000,20000,230000000,12700,12700,11800
2016-07-21,7.1,11800,0.3(2.61 %),332100,3626130000,0,0,10700,11800,10700
2016-07-22,7.04,11700,-0.1(-0.85 %),224800,2482270000,0,0,11800,11800,10950
2016-07-25,6.74,11200,-0.5(-4.27 %),236200,2652330000,0,0,11000,11400,11000
2016-07-26,7.34,12000,1(8.93 %),317200,3591530000,0,0,11400,12000,11000
2016-07-27,7.04,11700,-0.5(-4.10 %),116700,1365270000,0,0,12000,12100,11400
2016-07-28,6.8,11300,-0.4(-3.42 %),277400,3264320000,0,0,12200,12400,11300
2016-07-29,6.92,11500,0.2(1.77 %),97300,1108370000,0,0,11400,11700,11300
2016-08-01,7.22,12000,0.5(4.35 %),341800,4035960000,0,0,12000,12100,11600
2016-08-02,6.62,11150,-1(-8.33 %),172700,1959060000,0,0,11500,11700,11150
2016-08-03,5.96,10250,-1.1(-10.00 %),376800,3852980000,95000,940500000,11200,11200,10250
2016-08-04,5.42,9210,-0.9(-9.09 %),209700,2014130000,0,0,9900,9900,9210
2016-08-05,5.48,9100,0.1(1.11 %),378500,3162340000,0,0,9000,9100,8370
2016-08-08,5.42,9000,-0.1(-1.10 %),64500,581400000,0,0,8900,9300,8460
2016-08-09,5.42,9000,0(0.00 %),48000,419780000,0,0,8700,9000,8600
2016-08-10,5.42,9000,0(0.00 %),83900,736110000,0,0,8900,9200,8500
2016-08-11,5.48,9100,0.1(1.11 %),100700,893830000,50000,450000000,8900,9100,8700
2016-08-12,5.42,9000,-0.1(-1.10 %),85400,775270000,0,0,9100,9300,8900
2016-08-15,5.42,9000,0(0.00 %),101400,910230000,0,0,9000,9100,8800
2016-08-16,5.48,9100,0.1(1.11 %),167800,1499560000,0,0,9000,9100,8800
2016-08-17,5.66,9400,0.3(3.30 %),115100,1062680000,0,0,9100,9500,9000
2016-08-18,5.42,9000,-0.4(-4.26 %),67300,613720000,0,0,9400,9500,9000
2016-08-19,5.6,9300,0.3(3.33 %),201100,1852400000,0,0,9100,9500,9000
2016-08-22,5.78,9600,0.3(3.23 %),123300,1170790000,0,0,9300,9800,9300
2016-08-23,6.14,10200,0.6(6.25 %),140100,1351440000,0,0,9600,10200,9500
2016-08-24,5.84,9700,-0.5(-4.90 %),110400,1088990000,0,0,9900,10200,9700
2016-08-25,5.96,9900,0.2(2.06 %),102000,993250000,0,0,9900,9900,9600
2016-08-26,6.26,10400,0.5(5.05 %),263600,2640560000,20000,180000000,9900,10400,9800
2016-08-29,6.26,10400,0(0.00 %),135100,1387530000,0,0,10400,10600,10000
2016-08-30,6.14,10200,-0.2(-1.92 %),169500,1736860000,0,0,10400,10400,10100
2016-08-31,6.14,10200,0(0.00 %),209300,2150980000,0,0,10300,10400,10200
2016-09-01,6.02,10000,-0.2(-1.96 %),122000,1235800000,0,0,10200,10400,9900
2016-09-05,6.02,10000,0(0.00 %),92300,915400000,0,0,10000,10000,9900
2016-09-06,6.08,10100,0.1(1.00 %),129100,1293970000,0,0,10100,10400,9900
2016-09-07,5.96,9900,-0.2(-1.98 %),115050,1157305000,0,0,10000,10300,9900
2016-09-08,6.14,10200,0.3(3.03 %),103200,1035300000,0,0,10000,10200,10000
2016-09-09,6.14,10200,0(0.00 %),120700,1233130000,0,0,10200,10400,10100
2016-09-12,5.9,9800,-0.4(-3.92 %),301000,3010930000,0,0,10300,10300,9800
2016-09-13,6.02,10000,0.2(2.04 %),82400,818290000,0,0,10000,10100,9800
2016-09-14,5.96,9900,-0.1(-1.00 %),107300,1051940000,0,0,9900,9900,9500
2016-09-15,6.02,10000,0.1(1.01 %),22800,220950000,0,0,9900,10000,9400
2016-09-16,5.84,9700,-0.3(-3.00 %),9900,96230000,0,0,9900,9900,9700
2016-09-19,5.78,9600,-0.1(-1.03 %),19800,187880000,0,0,9700,9700,9400
2016-09-20,5.96,9900,0.3(3.12 %),21700,213330000,600000,6000000000,9800,10200,9500
2016-09-21,6.02,10000,0.1(1.01 %),43700,433740000,0,0,9900,10300,9700
2016-09-22,5.9,9800,-0.2(-2.00 %),29700,293710000,0,0,10000,10300,9800
2016-09-23,5.9,9800,0(0.00 %),21700,211420000,0,0,9900,9900,9600
2016-09-26,6.02,10000,0.2(2.04 %),50100,494170000,300000,3000000000,10000,10000,9600
2016-09-27,6.02,10000,0(0.00 %),24600,242560000,0,0,10000,10000,9800
2016-09-28,5.9,9800,-0.2(-2.00 %),20110,195879000,0,0,9900,10000,9600
2016-09-29,5.84,9700,-0.1(-1.02 %),15700,151500000,0,0,9800,9800,9600
2016-09-30,6.02,10000,0.3(3.09 %),356100,3488490000,0,0,9800,10000,9700
2016-10-03,6.14,10200,0.2(2.00 %),303100,3021630000,0,0,9900,10200,9800
2016-10-04,6.44,10700,0.5(4.90 %),364600,3836410000,0,0,10000,10900,10000
2016-10-05,6.68,11100,0.4(3.74 %),589200,6318190000,0,0,10500,11100,10400
2016-10-06,6.86,11400,0.3(2.70 %),710700,7866900000,0,0,11000,11800,10800
2016-10-07,6.62,11000,-0.4(-3.51 %),420900,4567620000,0,0,11400,11400,10600
2016-10-10,6.2,10300,-0.7(-6.36 %),343300,3630540000,0,0,10800,11000,10300
2016-10-11,6.14,10200,-0.1(-0.97 %),251710,2543562000,0,0,10500,10500,9800
2016-10-12,6.26,10400,0.2(1.96 %),381450,3898465000,250000,2500000000,10200,10500,10000
2016-10-13,6.02,10000,-0.4(-3.85 %),277400,2786810000,0,0,10100,10600,9700
2016-10-14,6.08,10100,0.1(1.00 %),387300,3961520000,0,0,10000,10500,9900
2016-10-17,5.9,9800,-0.3(-2.97 %),670400,6346570000,0,0,9900,9900,9400
2016-10-18,5.72,9500,-0.3(-3.06 %),274200,2634240000,0,0,9700,9800,9400
2016-10-19,5.72,9500,0(0.00 %),384800,3642230000,0,0,9500,9600,9300
2016-10-20,5.84,9700,0.2(2.11 %),179500,1704290000,0,0,9500,9700,9100
2016-10-21,5.84,9700,0(0.00 %),159800,1523180000,0,0,9400,9700,9400
2016-10-24,5.72,9500,-0.2(-2.06 %),189700,1788340000,60000,528000000,9700,9700,9200
2016-10-25,5.72,9500,0(0.00 %),137000,1290410000,600000,5160000000,9400,9600,9200
2016-10-26,5.72,9500,0(0.00 %),222400,2096250000,0,0,9500,9500,9200
2016-10-27,5.48,9100,-0.4(-4.21 %),155500,1450060000,0,0,9400,9500,9100
2016-10-28,5.66,9400,0.3(3.30 %),38400,354240000,0,0,9100,9400,9100
2016-10-31,5.6,9300,-0.1(-1.06 %),75300,699590000,0,0,9400,9400,9200
2016-11-01,5.42,9000,-0.3(-3.23 %),66400,601350000,97800,909540000,9500,9500,8900
2016-11-02,5.42,9000,0(0.00 %),28600,253970000,100000,810000000,9000,9000,8700
2016-11-03,5.36,8900,-0.1(-1.11 %),53600,475880000,20000,162000000,9000,9000,8700
2016-11-04,5.24,8700,-0.2(-2.25 %),23200,202950000,0,0,8800,8900,8600
2016-11-07,5.48,9100,0.4(4.60 %),206200,1823230000,0,0,8800,9100,8700
2016-11-08,5.42,9000,-0.1(-1.10 %),130100,1151250000,0,0,8900,9000,8700
2016-11-09,5.12,8500,-0.5(-5.56 %),66900,565880000,0,0,8900,8900,8370
2016-11-10,5.18,8600,0.1(1.18 %),239900,2059780000,40000,340000000,8600,8700,8400
2016-11-11,5.48,9100,0.5(5.81 %),322300,2814830000,50000,390000000,9000,9200,8600
2016-11-14,5.48,9100,0(0.00 %),267900,2424920000,0,0,9000,9400,8900
2016-11-15,5.18,8600,-0.5(-5.49 %),256920,2245428000,40000,340000000,8800,9100,8500
2016-11-16,5.54,9200,0.6(6.98 %),322010,2843768000,0,0,8800,9200,8600
2016-11-17,5.54,9200,0(0.00 %),203400,1837560000,0,0,9000,9200,8800
2016-11-18,5.6,9300,0.1(1.09 %),174400,1595750000,0,0,9200,9400,8900
2016-11-21,5.66,9400,0.1(1.08 %),179600,1676260000,0,0,9300,9500,9200
2016-11-22,5.84,9700,0.3(3.19 %),284300,2701520000,0,0,9400,9800,9400
2016-11-23,5.72,9500,-0.2(-2.06 %),300700,2827030000,0,0,9800,10000,9100
2016-11-24,5.72,9500,0(0.00 %),54500,502060000,0,0,9000,9500,9000
2016-11-25,5.66,9400,-0.1(-1.05 %),128200,1161330000,0,0,9000,9600,9000
2016-11-28,5.54,9200,-0.2(-2.13 %),240200,2173280000,0,0,9200,9300,8800
2016-11-29,5.42,9000,-0.2(-2.17 %),85600,771360000,0,0,9200,9200,8800
2016-11-30,5.42,9000,0(0.00 %),22800,202700000,0,0,8900,9000,8800
2016-12-01,5.24,8700,-0.3(-3.33 %),203900,1792420000,0,0,9000,9000,8600
2016-12-02,5.48,9100,0.4(4.60 %),73500,659240000,46000,414000000,8900,9300,8800
2016-12-05,5.6,9300,0.2(2.20 %),176800,1614230000,50000,450000000,9000,9300,8900
2016-12-06,5.54,9200,-0.1(-1.08 %),142300,1319200000,0,0,9200,9400,9100
2016-12-07,5.66,9400,0.2(2.17 %),110240,1051780000,0,0,9200,9700,9200
2016-12-08,6.2,10060,0.9(9.57 %),406800,4093910000,0,0,9700,10060,9400
2016-12-09,6.02,10000,-0.3(-2.91 %),137600,1397290000,80000,800000000,10200,10500,9800
2016-12-12,5.78,9600,-0.4(-4.00 %),45800,444290000,0,0,9900,9900,9500
2016-12-13,5.48,9100,-0.5(-5.21 %),41600,380640000,0,0,9500,9500,8930
2016-12-14,5.48,9100,0(0.00 %),45000,397620000,0,0,9000,9100,8800
2016-12-15,5.42,9000,-0.1(-1.10 %),36900,326440000,0,0,9000,9000,8800
2016-12-16,5.36,8900,-0.1(-1.11 %),39900,354570000,0,0,9000,9000,8700
2016-12-19,5.36,8900,0(0.00 %),27500,242790000,0,0,9000,9000,8700
2016-12-20,5.3,8800,-0.1(-1.12 %),42300,365850000,0,0,8800,8800,8500
2016-12-21,5.36,8900,0.1(1.14 %),38700,337330000,0,0,8700,8900,8700
2016-12-22,5.36,8900,0(0.00 %),44200,381600000,0,0,8600,8900,8500
2016-12-23,5.06,8400,-0.5(-5.62 %),252600,2153650000,0,0,8700,8700,8300
2016-12-26,5.24,8700,0.3(3.57 %),262900,2237720000,100000,800000000,8700,8700,8400
2016-12-27,5.18,8600,-0.1(-1.15 %),49100,415710000,0,0,8700,8700,8300
2016-12-28,5.24,8700,0.1(1.16 %),26310,224055000,0,0,8400,8700,8300
2016-12-29,4.93,8200,-0.5(-5.75 %),15600,130040000,0,0,8400,8600,8200
2016-12-30,5.12,8500,0.3(3.66 %),8800,72890000,0,0,8200,8500,8200
2017-01-03,5.12,8500,0(0.00 %),135900,1140860000,0,0,8200,8600,8100
2017-01-04,4.93,8200,-0.3(-3.53 %),94200,796350000,0,0,8500,8500,8200
2017-01-05,4.87,8100,-0.1(-1.22 %),19100,154870000,0,0,8300,8300,8100
2017-01-06,4.93,8200,0.1(1.23 %),73100,595460000,0,0,8200,8400,8000
2017-01-09,5.42,8770,0.8(9.76 %),272800,2270500000,0,0,8200,8770,8000
2017-01-10,5.6,9300,0.3(3.33 %),335500,3022000000,0,0,9000,9630,8500
2017-01-11,5.42,9000,-0.3(-3.23 %),121300,1069080000,0,0,8800,9300,8700
2017-01-12,5.18,8600,-0.4(-4.44 %),160400,1375560000,0,0,8700,8900,8370
2017-01-13,5.12,8500,-0.1(-1.16 %),51000,427990000,0,0,8600,8600,8200
2017-01-16,5.12,8500,0(0.00 %),46500,385830000,0,0,8500,8500,8000
2017-01-17,5.0,8300,-0.2(-2.35 %),11900,97700000,0,0,8500,8500,8100
2017-01-18,5.24,8700,0.4(4.82 %),230700,1965880000,0,0,8300,8880,8300
2017-01-19,5.18,8600,-0.1(-1.15 %),129700,1135240000,0,0,8800,8900,8600
2017-01-20,5.36,8900,0.3(3.49 %),85000,750160000,0,0,8800,8900,8700
2017-01-23,5.18,8600,-0.3(-3.37 %),74400,655000000,0,0,8900,8900,8600
2017-01-24,5.24,8700,0.1(1.16 %),26800,235480000,0,0,8800,8900,8400
2017-01-25,5.36,8900,0.2(2.30 %),14800,131600000,0,0,8800,8900,8700
2017-02-02,5.36,8900,0(0.00 %),16000,142340000,0,0,8800,8900,8800
2017-02-03,5.18,8600,-0.3(-3.37 %),118000,1026850000,0,0,8700,8800,8500
2017-02-06,5.06,8400,-0.2(-2.33 %),132400,1102910000,50000,430000000,8800,8800,8200
2017-02-07,5.12,8500,0.1(1.19 %),78200,652230000,0,0,8200,8500,8200
2017-02-08,5.0,8300,-0.2(-2.35 %),56900,469170000,0,0,8300,8400,8200
2017-02-09,5.48,8880,0.8(9.64 %),361700,3136430000,0,0,8300,8880,8200
2017-02-10,5.78,9600,0.5(5.49 %),508020,4798780000,0,0,9200,9740,9100
2017-02-13,5.78,9600,0(0.00 %),174430,1642849000,0,0,9600,9700,9200
2017-02-14,5.48,9100,-0.5(-5.21 %),395040,3655628000,0,0,9300,9500,9100
2017-02-15,5.42,9000,-0.1(-1.10 %),65000,578980000,0,0,9100,9300,8700
2017-02-16,5.42,9000,0(0.00 %),390000,3514450000,0,0,9000,9200,8700
2017-02-17,5.36,8900,-0.1(-1.11 %),164000,1442150000,0,0,9100,9100,8600
2017-02-20,5.48,9100,0.2(2.25 %),214800,1918460000,0,0,8900,9100,8700
2017-02-21,5.96,9740,0.8(8.79 %),521850,4926130000,0,0,9100,9740,9100
2017-02-22,6.02,10000,0.1(1.01 %),388700,3840120000,0,0,9900,10200,9600
2017-02-23,5.84,9700,-0.3(-3.00 %),441800,4322220000,0,0,9700,10200,9500
2017-02-24,5.78,9600,-0.1(-1.03 %),376000,3582350000,0,0,9700,9800,9200
2017-02-27,5.78,9600,0(0.00 %),274400,2619610000,0,0,9700,9800,9300
2017-02-28,5.66,9400,-0.2(-2.08 %),190600,1773560000,0,0,9700,9700,9000
2017-03-01,5.42,9000,-0.4(-4.26 %),132400,1201480000,0,0,9300,9300,8900
2017-03-02,5.18,8600,-0.4(-4.44 %),131700,1166820000,0,0,9000,9000,8600
2017-03-03,5.42,9000,0.4(4.65 %),284500,2513820000,0,0,8600,9200,8500
2017-03-06,5.36,8900,-0.1(-1.11 %),103500,929500000,0,0,9100,9200,8800
2017-03-07,5.36,8900,0(0.00 %),110300,959060000,0,0,8700,9000,8300
2017-03-08,5.24,8700,-0.2(-2.25 %),100500,871130000,0,0,8700,8800,8500
2017-03-09,5.18,8600,-0.1(-1.15 %),166440,1431167000,0,0,8700,8700,8500
2017-03-10,5.18,8600,0(0.00 %),158500,1375060000,0,0,8700,8900,8600
2017-03-13,5.12,8500,-0.1(-1.16 %),314100,2707230000,0,0,8700,8800,8400
2017-03-14,5.42,9000,0.5(5.88 %),161400,1406420000,0,0,8500,9000,8500
2017-03-15,5.24,8700,-0.3(-3.33 %),300900,2684900000,0,0,8900,9200,8700
2017-03-16,5.3,8800,0.1(1.15 %),382900,3318570000,0,0,8800,8900,8500
2017-03-17,5.18,8600,-0.2(-2.27 %),191100,1664430000,0,0,8800,8800,8600
2017-03-20,5.66,9200,0.8(9.30 %),1139600,10564300000,313000,2817000000,8700,9200,8700
2017-03-21,5.72,9500,0.1(1.06 %),977230,9297281000,0,0,9800,9900,9100
2017-03-22,5.48,9100,-0.4(-4.21 %),413200,3862490000,0,0,9700,9700,9100
2017-03-23,5.48,9100,0(0.00 %),164300,1486810000,0,0,9100,9200,8800
2017-03-24,5.54,9200,0.1(1.10 %),808600,7305860000,0,0,9000,9200,8800
2017-03-27,5.66,9400,0.2(2.17 %),925300,8595470000,0,0,9300,9600,9000
2017-03-28,5.36,8900,-0.5(-5.32 %),409800,3737900000,0,0,9400,9400,8900
2017-03-29,5.54,9200,0.3(3.37 %),405810,3670600000,0,0,8900,9200,8900
2017-03-30,5.3,8800,-0.4(-4.35 %),368150,3305210000,0,0,9200,9300,8800
2017-03-31,5.42,9000,0.2(2.27 %),138900,1241200000,0,0,8900,9000,8900
2017-04-03,5.42,9000,0(0.00 %),606200,5428610000,0,0,8900,9200,8800
2017-04-04,5.48,9100,0.1(1.11 %),1030630,9235585000,0,0,8900,9200,8800
2017-04-05,5.6,9300,0.2(2.20 %),790400,7272850000,0,0,9200,9400,9000
2017-04-07,5.6,9300,0(0.00 %),708830,6616409000,0,0,9400,9500,9300
2017-04-10,5.24,8700,-0.6(-6.45 %),1033320,9236470000,0,0,9300,9300,8700
2017-04-11,5.3,8800,0.1(1.15 %),500900,4417910000,0,0,8700,9100,8600
2017-04-12,5.18,8600,-0.2(-2.27 %),522700,4527420000,0,0,8900,8900,8600
2017-04-13,5.12,8500,-0.1(-1.16 %),496750,4266718000,0,0,8800,8800,8400
2017-04-14,4.87,8100,-0.4(-4.71 %),526700,4333680000,0,0,8500,8500,8000
2017-04-17,4.39,7530,-0.8(-9.88 %),1108400,8429050000,0,0,8100,8200,7530
2017-04-18,4.51,7500,0.2(2.74 %),714910,4949241000,0,0,7200,7500,6790
2017-04-19,4.39,7300,-0.2(-2.67 %),234000,1719190000,0,0,7600,7600,7100
2017-04-20,4.27,7100,-0.2(-2.74 %),189800,1349460000,0,0,7300,7300,7000
2017-04-21,4.21,7000,-0.1(-1.41 %),246500,1733790000,0,0,6900,7100,6900
2017-04-24,4.15,6900,-0.1(-1.43 %),86500,600180000,0,0,6800,7100,6800
2017-04-25,4.09,6800,-0.1(-1.45 %),208100,1399610000,0,0,6900,6900,6600
2017-04-26,4.27,7100,0.3(4.41 %),187800,1301500000,0,0,6800,7100,6700
2017-04-27,4.33,7200,0.1(1.41 %),117400,846020000,0,0,7000,7400,7000
2017-04-28,4.27,7100,-0.1(-1.39 %),260400,1837900000,0,0,7200,7200,7000
2017-05-03,4.33,7200,0.1(1.41 %),150800,1058490000,0,0,7100,7200,6900
2017-05-04,4.63,7700,0.5(6.94 %),271800,2021230000,0,0,7200,7700,7100
2017-05-05,4.81,8000,0.3(3.90 %),245500,1931000000,0,0,7800,8000,7700
2017-05-08,5.24,8560,0.7(8.75 %),877730,7477064000,0,0,8100,8560,8100
2017-05-09,5.06,8400,-0.3(-3.45 %),373800,3155230000,0,0,8700,8800,8300
2017-05-10,5.3,8800,0.4(4.76 %),723700,6463690000,0,0,8400,8990,8400
2017-05-11,5.3,8800,0(0.00 %),279500,2407970000,0,0,8800,8800,8500
2017-05-12,5.3,8800,0(0.00 %),331650,2892365000,0,0,8800,8900,8500
2017-05-15,5.66,9400,0.6(6.82 %),781100,7152652000,0,0,8900,9400,8800
2017-05-16,5.42,9000,-0.4(-4.26 %),315680,2920567000,0,0,9600,9600,9000
2017-05-17,5.36,8900,-0.1(-1.11 %),339700,3003520000,0,0,9000,9100,8700
2017-05-18,5.12,8500,-0.4(-4.49 %),399800,3444110000,0,0,8800,8800,8500
2017-05-19,5.12,8500,0(0.00 %),178320,1526232000,0,0,8400,8700,8400
2017-05-22,5.24,8700,0.2(2.35 %),324900,2837270000,450000,4050000000,8700,9000,8600
2017-05-23,5.06,8400,-0.3(-3.45 %),232100,1987950000,0,0,8800,8800,8400
2017-05-24,5.0,8300,-0.1(-1.19 %),227140,1888916000,125000,1050000000,8400,8400,8200
2017-05-25,4.81,8000,-0.3(-3.61 %),718742,5771382000,0,0,8300,8400,7720
2017-05-26,4.81,8000,0(0.00 %),273200,2168650000,0,0,8200,8200,7900
2017-05-29,4.69,7800,-0.2(-2.50 %),206631,1611694900,0,0,7900,8000,7700
2017-05-30,4.57,7600,-0.2(-2.56 %),298500,2296980000,0,0,7800,7800,7600
2017-05-31,4.69,7800,0.2(2.63 %),186200,1478190000,0,0,7700,8130,7600
2017-06-01,4.81,8000,0.2(2.56 %),85200,679210000,0,0,7800,8000,7800
2017-06-02,4.75,7900,-0.1(-1.25 %),71430,564500000,0,0,8000,8000,7800
2017-06-05,4.81,8000,0.1(1.27 %),189700,1501120000,0,0,8000,8000,7800
2017-06-06,4.69,7800,-0.2(-2.50 %),46000,361900000,0,0,8000,8000,7800
2017-06-07,4.75,7900,0.1(1.28 %),218800,1695180000,0,0,7800,7900,7700
2017-06-08,4.69,7800,-0.1(-1.27 %),103500,800770000,0,0,7800,7800,7700
2017-06-09,4.75,7900,0.1(1.28 %),160500,1238120000,0,0,7800,7900,7600
2017-06-12,5.0,8300,0.4(5.06 %),480703,3959504300,0,0,7900,8450,7700
2017-06-13,5.0,8300,0(0.00 %),178500,1489240000,0,0,8400,8600,8200
2017-06-14,5.0,8300,0(0.00 %),83100,685630000,0,0,8300,8300,8100
2017-06-15,4.75,7900,-0.4(-4.82 %),214200,1721970000,0,0,8300,8300,7900
2017-06-16,4.87,8100,0.2(2.53 %),74500,593020000,0,0,7900,8100,7900
2017-06-19,4.81,8000,-0.1(-1.23 %),301000,2388060000,0,0,8100,8100,7900
2017-06-20,4.87,8100,0.1(1.25 %),169400,1346480000,0,0,8000,8100,7900
2017-06-21,4.81,8000,-0.1(-1.23 %),76600,616060000,0,0,8000,8200,8000
2017-06-22,4.93,8200,0.2(2.50 %),371300,3049940000,0,0,7900,8400,7900
2017-06-23,5.18,8600,0.4(4.88 %),664250,5607460000,0,0,8300,8700,8100
2017-06-26,5.06,8400,-0.2(-2.33 %),249300,2112890000,0,0,8600,8700,8400
2017-06-27,5.0,8300,-0.1(-1.19 %),281100,2354820000,0,0,8300,8500,8300
2017-06-28,5.0,8300,0(0.00 %),211830,1749256000,0,0,8400,8400,8200
2017-06-29,5.0,8300,0(0.00 %),211700,1753440000,0,0,8300,8300,8200
2017-06-30,5.0,8300,0(0.00 %),223110,1846333000,0,0,8300,8300,8200
2017-07-03,5.48,8880,0.8(9.64 %),709630,6399393000,0,0,8400,8880,8400
2017-07-04,5.54,9200,0.1(1.10 %),768250,7211462000,5000,45500000,9740,9740,9000
2017-07-05,5.54,9200,0(0.00 %),300250,2724960000,0,0,9100,9200,8900
2017-07-06,5.48,9100,-0.1(-1.09 %),329200,3013970000,0,0,9000,9300,9000
2017-07-07,5.48,9100,0(0.00 %),471019,4298701900,0,0,9100,9300,9000
2017-07-10,5.36,8900,-0.2(-2.20 %),450311,4090151200,0,0,9000,9200,8900
2017-07-11,5.49,8280,0.2(2.70 %),239670,1809000000,0,0,8280,8280,8280
2017-07-12,5.34,7400,-0.2(-2.63 %),186540,1385474000,0,0,7700,7700,7300
2017-07-13,5.2,7200,-0.2(-2.70 %),184410,1333954000,0,0,7300,7400,7200
2017-07-14,5.2,7200,0(0.00 %),198900,1406070000,0,0,7200,7300,7000
2017-07-17,5.13,7100,-0.1(-1.39 %),186821,1307290200,0,0,7100,7100,6900
2017-07-18,5.06,7000,-0.1(-1.41 %),73000,507510000,0,0,7000,7100,6900
2017-07-19,4.98,6900,-0.1(-1.43 %),126250,871609400,0,0,6900,7000,6800
2017-07-20,4.84,6700,-0.2(-2.90 %),148800,1011620000,0,0,6900,6900,6700
2017-07-21,4.91,6800,0.1(1.49 %),200600,1350040000,0,0,6700,6900,6500
2017-07-24,4.84,6700,-0.1(-1.47 %),152303,1020900400,0,0,6800,6800,6700
2017-07-25,4.84,6700,0(0.00 %),119700,786420000,0,0,6700,6700,6500
2017-07-26,4.91,6800,0.1(1.49 %),121900,811300000,0,0,6600,6800,6500
2017-07-27,4.84,6700,-0.1(-1.47 %),126800,848710000,0,0,6800,6800,6600
2017-07-28,4.91,6800,0.1(1.49 %),210000,1409210000,0,0,6700,6800,6600
2017-07-31,4.91,6800,0(0.00 %),150610,1008647000,0,0,6800,6800,6600
2017-08-01,4.91,6800,0(0.00 %),131300,897570000,0,0,6800,7000,6800
2017-08-02,4.77,6600,-0.2(-2.94 %),107700,720800000,0,0,6800,6800,6600
2017-08-03,4.84,6700,0.1(1.52 %),123500,831890000,0,0,6600,6800,6600
2017-08-04,4.98,6900,0.2(2.99 %),64600,437850000,0,0,6800,6900,6700
2017-08-07,4.98,6900,0(0.00 %),138500,941870000,0,0,6900,6900,6700
2017-08-08,4.98,6900,0(0.00 %),131410,885919000,0,0,6700,6900,6700
2017-08-09,5.06,7000,0.1(1.45 %),261400,1802390000,0,0,6900,7000,6800
2017-08-10,4.98,6900,-0.1(-1.43 %),187000,1270060000,0,0,6900,6900,6700
2017-08-11,4.98,6900,0(0.00 %),147900,1005500000,0,0,6800,6900,6700
2017-08-14,4.98,6900,0(0.00 %),119200,816790000,0,0,6800,7000,6800
2017-08-15,4.91,6800,-0.1(-1.45 %),76700,521570000,0,0,6800,6900,6800
2017-08-16,4.91,6800,0(0.00 %),61800,420240000,0,0,6800,6800,6800
2017-08-17,4.91,6800,0(0.00 %),143400,968090000,0,0,6800,6800,6700
2017-08-18,4.91,6800,0(0.00 %),91800,620280000,0,0,6700,6800,6700
2017-08-21,4.91,6800,0(0.00 %),79900,538100000,0,0,6800,6800,6700
2017-08-22,4.91,6800,0(0.00 %),96600,647930000,0,0,6800,6800,6700
2017-08-23,4.98,6900,0.1(1.47 %),224600,1527320000,0,0,6700,6900,6700
2017-08-24,5.34,7380,0.5(7.25 %),489800,3467110000,0,0,6900,7380,6800
2017-08-25,5.27,7300,-0.1(-1.35 %),126400,906520000,0,0,7300,7400,7100
2017-08-28,5.2,7200,-0.1(-1.37 %),189300,1342710000,0,0,7200,7200,7000
2017-08-29,5.06,7000,-0.2(-2.78 %),107910,753887000,0,0,7000,7100,6900
2017-08-30,5.06,7000,0(0.00 %),66100,455970000,0,0,6900,7000,6800
2017-08-31,5.06,7000,0(0.00 %),159300,1088520000,0,0,6800,7000,6800
2017-09-01,4.98,6900,-0.1(-1.43 %),93600,644620000,0,0,6900,6900,6800
2017-09-05,5.06,7000,0.1(1.45 %),67400,466130000,0,0,6900,7000,6800
2017-09-06,4.98,6900,-0.1(-1.43 %),34610,238279000,0,0,6900,6900,6800
2017-09-07,4.98,6900,0(0.00 %),37800,259440000,0,0,6900,6900,6800
2017-09-08,4.84,6700,-0.2(-2.90 %),185050,1246351100,2,12600,6800,6800,6700
2017-09-11,4.69,6500,-0.2(-2.99 %),160816,1058161500,40,244000,6700,6700,6500
2017-09-12,4.91,6800,0.3(4.62 %),215610,1429169800,100,590000,6500,6800,6500
2017-09-13,4.91,6800,0(0.00 %),79930,542962000,0,0,6800,6800,6700
2017-09-14,4.84,6700,-0.1(-1.47 %),90080,605268000,0,0,6800,6800,6700
2017-09-15,4.84,6700,0(0.00 %),40360,269017000,0,0,6230,6800,6230
2017-09-18,4.84,6700,0(0.00 %),182640,1217438000,20040,134244000,6700,6700,6600
2017-09-19,4.84,6700,0(0.00 %),71160,478212000,0,0,6700,6800,6700
2017-09-20,4.84,6700,0(0.00 %),63140,420104000,0,0,6700,6700,6600
2017-09-21,4.84,6700,0(0.00 %),156740,1034814000,20,122000,6600,6700,6600
2017-09-22,4.77,6600,-0.1(-1.49 %),52530,347703000,80,488000,6600,6700,6600
2017-09-25,4.84,6700,0.1(1.52 %),138300,922280000,0,0,6700,6700,6600
2017-09-26,4.84,6700,0(0.00 %),136100,909530000,0,0,6700,6800,6600
2017-09-27,4.77,6600,-0.1(-1.49 %),160920,1062778000,0,0,6700,6700,6500
2017-09-28,4.84,6700,0.1(1.52 %),68340,456934000,0,0,6700,6800,6600
2017-09-29,4.84,6700,0(0.00 %),32600,215530000,0,0,6600,6700,6600
2017-10-02,4.77,6600,-0.1(-1.49 %),136690,905334000,0,0,6700,6700,6600
2017-10-03,4.77,6600,0(0.00 %),170639,1116417400,20,120000,6600,6600,6500
2017-10-04,4.77,6600,0(0.00 %),9819,64025400,0,0,6500,6600,6500
2017-10-05,4.77,6600,0(0.00 %),15651,101846500,0,0,6500,6600,6500
2017-10-06,4.77,6600,0(0.00 %),56820,369340000,0,0,6500,6600,6500
2017-10-09,4.69,6500,-0.1(-1.52 %),69800,453081200,40,240000,6500,6500,6400
2017-10-10,4.69,6500,0(0.00 %),21424,138054000,0,0,6500,6500,6400
2017-10-11,4.69,6500,0(0.00 %),80110,515045000,0,0,6500,6600,6400
2017-10-12,4.69,6500,0(0.00 %),94002,607664000,0,0,6500,6600,6400
2017-10-13,4.69,6500,0(0.00 %),62900,403300000,0,0,6400,6500,6400
2017-10-16,4.69,6500,0(0.00 %),34704,222026000,0,0,6400,6500,6300
2017-10-17,4.69,6500,0(0.00 %),56060,356404000,0,0,6400,6500,6300
2017-10-18,4.69,6500,0(0.00 %),54170,342031000,0,0,6400,6500,6300
2017-10-19,4.69,6500,0(0.00 %),75681,479062600,0,0,6400,6500,6300
2017-10-20,4.55,6300,-0.2(-3.08 %),35026,220986400,0,0,6400,6400,6300
2017-10-23,4.55,6300,0(0.00 %),130019,801721200,0,0,6300,6300,6000
2017-10-24,4.55,6300,0(0.00 %),94250,579910000,0,0,6000,6300,6000
2017-10-25,4.48,6200,-0.1(-1.59 %),91120,566936000,80,456000,6200,6300,6100
2017-10-26,4.55,6300,0.1(1.61 %),192000,1186100000,0,0,6200,6300,6100
2017-10-27,4.48,6200,-0.1(-1.59 %),121290,744029000,0,0,6200,6200,6100
2017-10-30,4.48,6200,0(0.00 %),67520,412239900,0,0,6200,6200,6000
2017-10-31,4.33,6000,-0.2(-3.23 %),134900,814810000,80,448000,6100,6100,6000
2017-11-01,4.19,5800,-0.2(-3.33 %),79190,471661000,60000,360000000,5900,6000,5800
2017-11-02,4.26,5900,0.1(1.72 %),91636,539150800,0,0,5800,5900,5800
2017-11-03,4.33,6000,0.1(1.69 %),58340,344206000,0,0,5900,6000,5800
2017-11-06,4.33,6000,0(0.00 %),33559,201346100,0,0,6000,6000,6000
2017-11-07,4.41,6100,0.1(1.67 %),62570,375525000,0,0,6000,6100,6000
2017-11-08,4.41,6100,0(0.00 %),47500,285110000,0,0,6000,6100,6000
2017-11-09,4.41,6100,0(0.00 %),15600,93630000,0,0,6000,6100,6000
2017-11-10,4.41,6100,0(0.00 %),65520,393140000,0,0,6100,6100,6000
2017-11-13,4.41,6100,0(0.00 %),65380,389912000,0,0,5900,6100,5900
2017-11-14,4.41,6100,0(0.00 %),78100,468210000,0,0,6100,6100,5900
2017-11-15,4.41,6100,0(0.00 %),68300,409860000,0,0,6000,6100,6000
2017-11-16,4.41,6100,0(0.00 %),140000,840040000,0,0,6100,6100,6000
2017-11-17,4.26,5900,-0.2(-3.28 %),101800,610860000,0,0,6000,6100,5900
2017-11-20,4.33,6000,0.1(1.69 %),57656,345084000,0,0,6100,6100,5900
2017-11-21,4.33,6000,0(0.00 %),64900,387830000,144000,885600000,6000,6000,5900
2017-11-22,4.41,6100,0.1(1.67 %),84225,511280500,0,0,6000,6100,6000
2017-11-23,4.41,6100,0(0.00 %),34900,209780000,0,0,6100,6100,6000
2017-11-24,4.41,6100,0(0.00 %),52200,315780000,20,110000,6000,6100,6000
2017-11-27,4.62,6400,0.3(4.92 %),176256,1115656000,40,220000,6100,6500,6100
2017-11-28,4.69,6500,0.1(1.56 %),26120,167174000,40,232000,6400,6500,6300
2017-11-29,4.77,6600,0.1(1.54 %),51200,332830000,0,0,6500,6600,6500
2017-11-30,4.69,6500,-0.1(-1.52 %),89850,584405000,0,0,6600,6600,6400
2017-12-01,4.69,6500,0(0.00 %),83700,544040000,0,0,6500,6500,6400
2017-12-04,4.69,6500,0(0.00 %),38400,248500000,0,0,6500,6500,6400
2017-12-05,4.62,6400,-0.1(-1.54 %),95950,621387000,0,0,6500,6500,6400
2017-12-06,4.69,6500,0.1(1.56 %),33536,215140400,0,0,6400,6500,6400
2017-12-07,4.62,6400,-0.1(-1.54 %),79600,512940000,0,0,6500,6500,6400
2017-12-08,4.55,6300,-0.1(-1.56 %),94599,604283600,0,0,6500,6500,6300
2017-12-11,4.55,6300,0(0.00 %),39140,246578000,0,0,6300,6300,6300
2017-12-12,4.55,6300,0(0.00 %),84510,530363000,0,0,6300,6300,6200
2017-12-13,4.69,6500,0.2(3.17 %),29100,186270000,0,0,6400,6500,6400
2017-12-14,4.69,6500,0(0.00 %),41700,271050000,0,0,6500,6500,6500
2017-12-15,4.69,6500,0(0.00 %),22822,148543000,0,0,6500,6600,6500
2017-12-18,4.77,6600,0.1(1.54 %),172230,1164551000,0,0,6600,6900,6600
2017-12-19,4.84,6700,0.1(1.52 %),109632,746660800,0,0,6600,6900,6600
2017-12-20,4.91,6800,0.1(1.49 %),78642,533051500,0,0,6700,6900,6700
2017-12-21,4.77,6600,-0.2(-2.94 %),22500,150650000,0,0,6700,6700,6600
2017-12-22,4.84,6700,0.1(1.52 %),38000,249260000,0,0,6600,6700,6500
2017-12-25,4.69,6500,-0.2(-2.99 %),40200,264720000,0,0,6600,6600,6500
2017-12-26,4.84,6700,0.2(3.08 %),52432,343184800,0,0,6600,6700,6400
2017-12-27,4.77,6600,-0.1(-1.49 %),111980,760388000,0,0,6700,6800,6600
2017-12-28,4.77,6600,0(0.00 %),98400,667860000,0,0,6800,6800,6600
2017-12-29,4.91,6800,0.2(3.03 %),46200,313650000,0,0,6600,6800,6600
2018-01-02,4.98,6900,0.1(1.47 %),40120,272820000,0,0,6800,6900,6800
2018-01-03,4.91,6800,-0.1(-1.45 %),93390,636050000,0,0,6900,6900,6800
2018-01-04,5.06,7000,0.2(2.94 %),189640,1297169000,0,0,6800,7000,6700
2018-01-05,4.98,6900,-0.1(-1.43 %),35350,245291000,564400,4233000000,7000,7000,6900
2018-01-08,5.13,7100,0.2(2.90 %),87572,611836800,40,252000,6900,7100,6900
2018-01-09,5.06,7000,-0.1(-1.41 %),65140,457558000,0,0,7100,7100,7000
2018-01-10,4.98,6900,-0.1(-1.43 %),129610,899489000,0,0,7000,7000,6900
2018-01-11,5.06,7000,0.1(1.45 %),124350,867228000,0,0,6800,7000,6800
2018-01-12,5.34,7400,0.4(5.71 %),248610,1834858000,0,0,7100,7490,7100
2018-01-15,5.78,7920,0.6(8.11 %),274880,2137967000,1423600,11388800000,7500,7920,7400
2018-01-16,5.78,8000,0(0.00 %),243400,1932132000,3,21600,8000,8000,7800
2018-01-17,5.42,7500,-0.5(-6.25 %),129214,998803000,0,0,8000,8000,7500
2018-01-18,5.56,7700,0.2(2.67 %),90566,677371800,1599920,12799336000,7400,7700,7100
2018-01-19,5.63,7800,0.1(1.30 %),35800,273540000,0,0,7300,7800,7300
2018-01-22,5.78,8000,0.2(2.56 %),142980,1111910000,0,0,7700,8000,7500
2018-01-23,6.21,8560,0.6(7.50 %),379790,3268274000,20,144000,8000,8560,8000
2018-01-24,6.14,8500,-0.1(-1.16 %),45818,381955900,20,156000,8600,8600,8000
2018-01-25,5.92,8200,-0.3(-3.53 %),128143,1041696900,0,0,8300,8400,8000
2018-01-26,5.78,8000,-0.2(-2.44 %),104100,826300000,0,0,7900,8000,7800
2018-01-29,5.56,7700,-0.3(-3.75 %),66680,519084000,0,0,7900,7900,7700
2018-01-30,5.78,8000,0.3(3.90 %),46800,369364000,20,140000,7700,8200,7700
2018-01-31,5.85,8100,0.1(1.25 %),43930,348598000,0,0,8000,8100,7800
2018-02-01,5.78,8000,-0.1(-1.23 %),81900,650860000,0,0,8000,8100,7900
2018-02-02,5.78,8000,0(0.00 %),7200,56230000,0,0,7800,8000,7800
2018-02-05,5.63,7800,-0.2(-2.50 %),72270,558279000,2054100,16432800000,7900,7900,7700
2018-02-06,5.34,7400,-0.4(-5.13 %),133960,958449000,0,0,7250,7400,7250
2018-02-07,5.56,7700,0.3(4.05 %),44530,338230000,0,0,7600,7800,7500
2018-02-08,5.63,7800,0.1(1.30 %),9320,72310000,0,0,7700,7800,7700
2018-02-09,5.56,7700,-0.1(-1.28 %),48920,361104000,0,0,7400,7700,7250
2018-02-12,5.71,7900,0.2(2.60 %),12800,99200000,0,0,7700,7900,7600
2018-02-13,5.92,8200,0.3(3.80 %),51911,408863600,7,50400,7600,8200,7600
2018-02-21,5.85,8100,-0.1(-1.22 %),21500,168440000,0,0,7630,8200,7630
2018-02-22,5.71,7900,-0.2(-2.47 %),23200,179860000,0,0,8000,8000,7700
2018-02-23,5.63,7800,-0.1(-1.27 %),56010,428658000,0,0,7800,7900,7600
2018-02-26,5.78,8000,0.2(2.56 %),24600,191030000,0,0,7800,8000,7700
2018-02-27,5.99,8300,0.3(3.75 %),157840,1276290000,0,0,8000,8300,8000
2018-02-28,5.99,8300,0.3(3.75 %),157840,1276290000,0,0,8000,8300,8000
2018-03-01,5.99,8300,0.3(3.75 %),157840,1276290000,0,0,8000,8300,8000
2018-03-02,5.99,8300,0.3(3.75 %),157840,1276290000,0,0,8000,8300,8000
2018-03-05,5.99,8300,0.3(3.75 %),157840,1276290000,0,0,8000,8300,8000
2018-03-06,5.99,8300,0.3(3.75 %),157840,1276290000,0,0,8000,8300,8000
2018-03-07,5.99,8300,0.3(3.75 %),157840,1276290000,0,0,8000,8300,8000
2018-03-08,5.99,8300,0.3(3.75 %),157840,1276290000,0,0,8000,8300,8000
2018-03-09,6.72,8880,1.35(16.98 %),565440,5305000000,0,0,8880,8880,8880
2018-03-12,6.64,9200,-0.1(-1.08 %),229670,2174000000,0,0,9200,9600,9200
2018-03-13,6.79,9400,0.2(2.17 %),135960,1253000000,0,0,9150,9400,8900
2018-03-14,6.5,9000,-0.4(-4.26 %),165630,1501000000,0,0,9400,9400,8900
2018-03-15,6.28,8700,-0.3(-3.33 %),163520,1423000000,0,0,8900,8900,8600
2018-03-16,6.21,8600,-0.1(-1.15 %),55300,475000000,0,0,8600,8800,8550
2018-03-19,6.43,8900,0.3(3.49 %),145970,1296000000,0,0,8900,9000,8600
2018-03-20,6.43,8900,0(0.00 %),93410,822000000,0,0,8900,8900,8750
2018-03-21,6.36,8800,-0.1(-1.12 %),21860,191000000,0,0,9000,9000,8600
2018-03-22,6.21,8600,-0.2(-2.27 %),41510,359000000,0,0,8600,8900,8600
2018-03-23,6.28,8700,0.1(1.16 %),72310,614000000,0,0,8500,8700,8300
2018-03-26,6.72,9300,0.6(6.90 %),81050,752000000,1242300,10559550000,8500,9300,8500
2018-03-27,6.5,9000,-0.3(-3.23 %),24080,213000000,0,0,9300,9300,8700
2018-03-28,6.64,9200,0.2(2.22 %),14300,131000000,0,0,8700,9200,8700
2018-03-29,6.5,9000,-0.2(-2.17 %),3480,31000000,0,0,9100,9100,8900
2018-03-30,6.5,9000,0(0.00 %),5290,47000000,0,0,8610,9000,8610
2018-04-02,6.5,9000,0(0.00 %),4600,41000000,0,0,8630,9000,8630
2018-04-03,6.49,8980,-0.02(-0.22 %),19150,164000000,0,0,8900,9000,8410
2018-04-04,6.5,9000,0.02(0.22 %),57020,488000000,0,0,8980,9000,8420
2018-04-05,6.49,8990,-0.01(-0.11 %),57190,510000000,0,0,8470,9000,8470
2018-04-06,6.23,8630,-0.36(-4.00 %),6800,59000000,0,0,8570,9000,8570
2018-04-09,6.36,8800,0.17(1.97 %),20930,183000000,0,0,8900,9000,8700
2018-04-10,6.43,8900,0.1(1.14 %),3200,28000000,0,0,8900,8900,8600
2018-04-11,6.28,8700,-0.2(-2.25 %),18270,156000000,0,0,8700,8700,8400
2018-04-12,6.43,8900,0.2(2.30 %),10830,95000000,0,0,8900,8900,8500
2018-04-13,6.11,8460,-0.44(-4.94 %),8490,72000000,0,0,8970,8970,8460
2018-04-16,5.71,7900,-0.56(-6.62 %),25300,203000000,0,0,8350,8350,7900
2018-04-17,5.71,7900,0(0.00 %),62320,470000000,0,0,7500,7900,7400
2018-04-18,5.63,7800,-0.1(-1.27 %),3720,28000000,30000,234000000,7800,7800,7400
2018-04-19,5.92,8200,0.4(5.13 %),720,5000000,0,0,8330,8330,7280
2018-04-20,6.28,8690,0.49(5.98 %),11990,103000000,0,0,7800,8690,7650
2018-04-23,5.84,8090,-0.6(-6.90 %),2510,21000000,0,0,8090,8690,8090
2018-04-24,5.76,7980,-0.11(-1.36 %),160520,1223000000,0,0,8280,8280,7530
2018-04-26,5.69,7880,-0.1(-1.25 %),17630,138000000,0,0,7950,8000,7460
2018-04-27,5.31,7350,-0.53(-6.73 %),24650,182000000,0,0,7500,7880,7350
2018-05-02,5.64,7810,0.46(6.26 %),9010,71000000,0,0,7810,7830,7810
2018-05-03,5.25,7270,-0.54(-6.91 %),53690,390000000,0,0,7510,7510,7270
2018-05-04,4.9,6780,-0.49(-6.74 %),13240,93000000,0,0,7270,7300,6780
2018-05-07,5.24,7250,0.47(6.93 %),9790,71000000,0,0,6320,7250,6320
2018-05-08,5.12,7090,-0.16(-2.21 %),50270,346000000,0,0,6760,7200,6750
2018-05-09,5.06,7000,-0.09(-1.27 %),5550,39000000,0,0,7080,7080,7000
2018-05-10,5.13,7100,0.1(1.43 %),10,0,0,0,7100,7100,7100
2018-05-11,5.06,7000,-0.1(-1.41 %),18030,122000000,0,0,7000,7000,6620
2018-05-14,4.91,6800,-0.2(-2.86 %),23810,159000000,0,0,6900,6900,6600
2018-05-15,5.06,7000,0.2(2.94 %),60,0,0,0,6710,7000,6330
2018-05-16,5.05,6990,-0.01(-0.14 %),38330,250000000,0,0,7080,7080,6510
2018-05-17,5.06,7000,0.01(0.14 %),1480,10000000,0,0,6540,7000,6530
2018-05-18,5.05,6990,-0.01(-0.14 %),34690,229000000,0,0,6600,6990,6600
2018-05-21,5.02,6950,-0.04(-0.57 %),10740,71000000,0,0,6560,6950,6550
2018-05-22,5.02,6950,0(0.00 %),0,0,0,0,6950,6950,6950
2018-05-23,4.98,6890,-0.06(-0.86 %),1010,7000000,0,0,6510,6890,6510
2018-05-24,4.66,6450,-0.44(-6.39 %),8120,52000000,0,0,6430,6880,6420
2018-05-25,4.97,6880,0.43(6.67 %),38020,248000000,0,0,6250,6880,6250
2018-05-28,4.66,6450,-0.43(-6.25 %),30930,200000000,0,0,6500,6800,6450
2018-05-29,4.83,6690,0.24(3.72 %),2880,19000000,0,0,6450,6690,6450
2018-05-30,4.93,6820,0.13(1.94 %),2080,13000000,0,0,7100,7100,6250
2018-05-31,5.04,6980,0.16(2.35 %),9610,64000000,0,0,7170,7170,6500
2018-06-01,5.04,6980,0(0.00 %),11360,75000000,0,0,6610,6980,6600
2018-06-04,5.06,7000,0.02(0.29 %),6750,47000000,0,0,6630,7000,6630
2018-06-05,5.06,7000,0(0.00 %),4010,27000000,0,0,6700,7000,6700
2018-06-06,4.81,6660,-0.34(-4.86 %),9210,61000000,0,0,6660,6670,6650
2018-06-07,5.03,6960,0.3(4.50 %),4220,28000000,0,0,6660,6960,6370
2018-06-08,5.06,7000,0.04(0.57 %),2270,16000000,0,0,6550,7000,6550
2018-06-11,5.06,7000,0(0.00 %),1300,9000000,0,0,7000,7000,7000
2018-06-12,5.04,6980,-0.02(-0.29 %),10540,69000000,0,0,6560,6980,6550
2018-06-13,5.04,6980,0(0.00 %),18210,127000000,0,0,6980,6980,6590
2018-06-14,5.04,6980,0(0.00 %),18190,127000000,0,0,6980,6980,6980
2018-06-15,5.04,6980,0(0.00 %),1300,9000000,0,0,6980,6980,6980
2018-06-18,5.04,6980,0(0.00 %),170,1000000,0,0,6510,6980,6510
2018-06-19,5.01,6940,-0.04(-0.57 %),130,1000000,0,0,6900,6940,6900
2018-06-20,5.04,6980,0.04(0.58 %),4180,29000000,0,0,6620,6980,6620
2018-06-21,5.04,6980,0(0.00 %),0,0,0,0,6980,6980,6980
2018-06-22,5.04,6980,0(0.00 %),2500,17000000,0,0,6980,6980,6980
2018-06-25,4.98,6890,-0.09(-1.29 %),540,4000000,0,0,6570,6890,6570
2018-06-26,4.64,6430,-0.46(-6.68 %),1480,10000000,0,0,6430,6430,6430
2018-06-27,4.97,6880,0.45(7.00 %),30,0,0,0,6880,6880,6880
2018-06-28,4.97,6880,0(0.00 %),5110,33000000,0,0,6880,6880,6500
2018-06-29,4.96,6870,-0.01(-0.15 %),12640,82000000,0,0,6870,6870,6400
2018-07-02,4.98,6890,0.02(0.29 %),20,0,0,0,6890,6890,6890
2018-07-03,4.9,6790,-0.1(-1.45 %),300,2000000,0,0,6790,6790,6790
2018-07-04,4.77,6600,-0.19(-2.80 %),2860,19000000,0,0,6600,6870,6600
2018-07-05,4.69,6500,-0.1(-1.52 %),8810,56000000,0,0,6430,6780,6160
2018-07-06,4.9,6780,0.28(4.31 %),3000,20000000,0,0,6780,6780,6780
2018-07-09,4.94,6840,0.06(0.88 %),10,0,0,0,6840,6840,6840
2018-07-10,4.94,6840,0(0.00 %),700,5000000,0,0,6800,6840,6800
2018-07-11,4.98,6900,0.06(0.88 %),8490,58000000,0,0,6800,6900,6800
2018-07-12,4.98,6900,0(0.00 %),4930,34000000,0,0,6900,6900,6900
2018-07-13,5.06,7000,0.1(1.45 %),6960,48000000,0,0,7000,7000,6900
2018-07-16,5.2,7200,0.2(2.86 %),10,0,0,0,7200,7200,7200
2018-07-17,5.24,7250,0.05(0.69 %),1000,7000000,460000,3128000000,7000,7250,7000
2018-07-18,5.13,7100,-0.15(-2.07 %),4040,29000000,0,0,7100,7100,7100
2018-07-19,5.48,7590,0.49(6.90 %),6690,48000000,0,0,7100,7590,7000
2018-07-20,5.54,7100,0.07(1.00 %),110,1000000,0,0,7060,7100,7060
2018-07-23,5.54,7100,0(0.00 %),5300,37000000,0,0,7100,7100,7000
2018-07-24,5.5,7050,-0.05(-0.70 %),1230,8000000,0,0,6800,7050,6800
2018-07-25,5.5,7050,0(0.00 %),23000,162000000,0,0,7050,7050,7050
2018-07-26,5.38,6900,-0.15(-2.13 %),34610,245000000,0,0,7090,7200,6900
2018-07-27,5.54,7100,0.2(2.90 %),25600,179000000,0,0,6900,7100,6900
2018-07-30,5.54,7100,0(0.00 %),45080,314000000,0,0,6900,7100,6900
2018-07-31,5.38,6900,-0.2(-2.82 %),60140,415000000,0,0,6910,6910,6700
2018-08-01,5.46,7000,0.1(1.45 %),101000,698000000,0,0,6900,7000,6900
2018-08-02,5.46,7000,0(0.00 %),108350,748000000,0,0,6900,7000,6890
2018-08-03,5.38,6900,-0.1(-1.43 %),46750,322000000,0,0,6920,6920,6850
2018-08-06,5.23,6700,-0.2(-2.90 %),8110,56000000,0,0,6900,7000,6700
2018-08-07,5.34,6850,0.15(2.24 %),27530,187000000,0,0,6700,7000,6700
2018-08-08,5.54,7100,0.25(3.65 %),81710,574000000,0,0,6900,7100,6900
2018-08-09,5.38,6900,-0.2(-2.82 %),4400,30000000,0,0,6900,6900,6900
2018-08-10,5.69,7300,0.4(5.80 %),5500,39000000,0,0,6900,7300,6900
2018-08-13,5.69,7290,-0.01(-0.14 %),66220,464000000,0,0,7100,7290,6950
2018-08-14,5.77,7400,0.11(1.51 %),202700,1436000000,0,0,7000,7400,7000
2018-08-15,5.38,6900,-0.5(-6.76 %),10630,75000000,0,0,7120,7120,6900
2018-08-16,5.38,6900,0(0.00 %),10730,74000000,0,0,7000,7000,6900
2018-08-17,5.54,7100,0.2(2.90 %),31990,223000000,0,0,6950,7100,6950
2018-08-20,5.46,7000,-0.1(-1.41 %),70510,493000000,0,0,6910,7000,6900
2018-08-21,5.46,7000,0(0.00 %),83750,586000000,0,0,7000,7050,7000
2018-08-22,5.69,7300,0.3(4.29 %),122920,861000000,0,0,7000,7300,6950
2018-08-23,5.47,7010,-0.29(-3.97 %),14260,101000000,0,0,7300,7300,7010
2018-08-24,5.58,7150,0.14(2.00 %),14290,101000000,0,0,7100,7200,7030
2018-08-27,5.54,7100,-0.05(-0.70 %),86420,610000000,0,0,7050,7100,7050
2018-08-28,5.5,7050,-0.05(-0.70 %),3500,25000000,0,0,7050,7050,7050
2018-08-29,5.53,7090,0.04(0.57 %),80,1000000,0,0,6560,7090,6560
2018-08-30,5.46,7000,-0.09(-1.27 %),380,3000000,0,0,6620,7000,6620
2018-08-31,5.46,7000,0(0.00 %),0,0,0,0,7000,7000,7000
2018-09-04,5.41,6930,-0.07(-1.00 %),120,1000000,0,0,6810,6930,6800
2018-09-05,5.61,7190,0.26(3.75 %),64620,454000000,0,0,6950,7190,6900
2018-09-06,5.62,7200,0.01(0.14 %),14910,106000000,0,0,7000,7200,6960
2018-09-07,5.72,7330,0.13(1.81 %),27250,199000000,0,0,7000,7340,7000
2018-09-10,5.69,7300,-0.03(-0.41 %),19060,139000000,0,0,7390,7390,6850
2018-09-11,6.09,7810,0.51(6.99 %),58170,427000000,0,0,6850,7810,6850
2018-09-12,6.24,8000,0.19(2.43 %),83370,657000000,0,0,7900,8000,7400
2018-09-13,6.01,7700,-0.3(-3.75 %),25500,197000000,0,0,8000,8000,7700
2018-09-14,6.41,8220,0.52(6.75 %),90560,735000000,0,0,7800,8220,7600
2018-09-17,6.42,8230,0.01(0.12 %),74550,604000000,0,0,8000,8230,7850
2018-09-18,6.44,8250,0.02(0.24 %),108150,890000000,0,0,8000,8250,8000
2018-09-19,6.43,8240,-0.01(-0.12 %),42720,349000000,0,0,8250,8250,8000
2018-09-20,6.59,8450,0.21(2.55 %),122080,1026000000,0,0,8200,8450,8190
2018-09-21,6.13,7860,-0.59(-6.98 %),25310,201000000,2422110,21798990000,8450,8450,7860
2018-09-24,5.97,7650,-0.21(-2.67 %),10560,83000000,0,0,8100,8100,7650
2018-09-25,6.01,7700,0.05(0.65 %),410,3000000,0,0,7700,7700,7650
2018-09-26,5.59,7170,-0.53(-6.88 %),7220,52000000,0,0,7700,7700,7170
2018-09-27,5.77,7400,0.23(3.21 %),15850,116000000,0,0,7170,7490,7170
2018-09-28,5.93,7600,0.2(2.70 %),1280,10000000,0,0,7670,7670,7400
2018-10-01,5.97,7650,0.05(0.66 %),100,1000000,0,0,7650,7650,7650
2018-10-02,5.97,7650,0(0.00 %),0,0,0,0,7650,7650,7650
2018-10-03,5.93,7600,-0.05(-0.65 %),21610,162000000,0,0,7400,7600,7350
2018-10-04,5.92,7590,-0.01(-0.13 %),640,5000000,0,0,7300,7590,7300
2018-10-05,5.85,7500,-0.09(-1.19 %),7320,53000000,0,0,7100,7500,7100
2018-10-08,5.85,7500,0(0.00 %),0,0,0,0,7500,7500,7500
2018-10-09,5.97,7650,0.15(2.00 %),3850,29000000,0,0,7200,7650,7200
2018-10-10,5.62,7210,-0.44(-5.75 %),1060,8000000,0,0,7350,7350,7210
2018-10-11,5.46,7000,-0.21(-2.91 %),16100,110000000,0,0,7000,7490,6710
2018-10-12,5.69,7300,0.3(4.29 %),15500,109000000,0,0,6800,7300,6800
2018-10-15,5.77,7400,0.1(1.37 %),109170,774000000,0,0,7150,7400,7000
2018-10-16,5.58,7160,-0.24(-3.24 %),9550,68000000,0,0,7160,7160,7160
2018-10-17,5.77,7400,0.24(3.35 %),27600,197000000,0,0,7400,7400,7100
2018-10-18,5.82,7460,0.06(0.81 %),18420,133000000,0,0,7180,7460,7180
2018-10-19,5.81,7450,-0.01(-0.13 %),47600,334000000,0,0,7460,7460,7000
2018-10-22,5.93,7600,0.15(2.01 %),10,0,0,0,7600,7600,7600
2018-10-23,5.93,7600,0(0.00 %),0,0,0,0,7600,7600,7600
2018-10-24,5.85,7500,-0.1(-1.32 %),18910,136000000,0,0,7090,7500,7090
2018-10-25,5.69,7300,-0.2(-2.67 %),4010,29000000,0,0,7200,7300,7150
2018-10-26,5.76,7390,0.09(1.23 %),1280,9000000,0,0,7300,7390,7200
2018-10-29,5.68,7280,-0.11(-1.49 %),38100,271000000,0,0,7250,7280,7000
2018-10-30,5.46,7000,-0.28(-3.85 %),37500,263000000,0,0,7050,7050,7000
2018-10-31,5.69,7300,0.3(4.29 %),1220,9000000,0,0,7000,7300,7000
2018-11-01,5.84,7490,0.19(2.60 %),10,0,0,0,7490,7490,7490
2018-11-02,5.46,7000,-0.49(-6.54 %),27900,196000000,0,0,7100,7300,7000
2018-11-05,5.62,7200,0.2(2.86 %),10,0,0,0,7200,7200,7200
2018-11-06,5.76,7390,0.19(2.64 %),2510,19000000,0,0,7500,7500,7390
2018-11-07,5.68,7280,-0.11(-1.49 %),5510,39000000,0,0,6920,7280,6900
2018-11-08,5.68,7280,0(0.00 %),3000,22000000,0,0,7280,7280,7280
2018-11-09,5.69,7300,0.02(0.27 %),50,0,0,0,7300,7300,7300
2018-11-12,5.33,6830,-0.47(-6.44 %),5950,41000000,0,0,6810,6830,6810
2018-11-13,5.68,7280,0.45(6.59 %),14560,106000000,0,0,6990,7300,6990
2018-11-14,5.68,7280,0(0.00 %),360,3000000,0,0,7280,7280,7280
2018-11-15,6.01,7700,0.42(5.77 %),104070,730000000,0,0,7000,7700,7000
2018-11-16,6.2,7950,0.25(3.25 %),3620,28000000,0,0,8190,8190,7400
2018-11-19,6.27,8040,0.09(1.13 %),2990,24000000,0,0,7600,8180,7600
2018-11-20,6.16,7900,-0.14(-1.74 %),530,4000000,0,0,7500,7900,7500
2018-11-21,6.16,7900,0(0.00 %),1010,8000000,0,0,7600,7900,7600
2018-11-22,5.73,7350,-0.55(-6.96 %),3230,24000000,0,0,7600,7890,7350
2018-11-23,5.38,6900,-0.45(-6.12 %),17020,125000000,0,0,7350,7400,6900
2018-11-26,5.09,6520,-0.38(-5.51 %),7020,50000000,0,0,7310,7310,6520
2018-11-27,5.44,6970,0.45(6.90 %),610,4000000,0,0,6560,6970,6560
2018-11-28,5.69,7300,0.33(4.73 %),100,1000000,0,0,7300,7300,7300
2018-11-29,5.62,7200,-0.1(-1.37 %),700,5000000,0,0,7200,7200,7200
2018-11-30,5.61,7190,-0.01(-0.14 %),11130,80000000,0,0,7000,7190,7000
2018-12-03,5.93,7600,0.41(5.70 %),2110,15000000,0,0,7200,7600,7200
2018-12-04,5.93,7600,0(0.00 %),16020,122000000,0,0,7500,7600,7500
2018-12-05,5.54,7100,-0.5(-6.58 %),2030,14000000,0,0,7070,7500,7070
2018-12-06,5.69,7300,0.2(2.82 %),10,0,0,0,7300,7300,7300
2018-12-07,5.93,7600,0.3(4.11 %),10,0,0,0,7600,7600,7600
2018-12-10,5.84,7490,-0.11(-1.45 %),32290,233000000,0,0,7300,7490,7110
2018-12-11,5.62,7200,-0.29(-3.87 %),21110,152000000,0,0,7400,8000,7000
2018-12-12,5.76,7390,0.19(2.64 %),12850,95000000,0,0,7200,7390,7200
2018-12-13,5.62,7200,-0.19(-2.57 %),37130,267000000,0,0,7200,7200,7200
2018-12-14,5.85,7500,0.3(4.17 %),83640,610000000,0,0,7630,7630,7200
2018-12-17,6.24,8000,0.5(6.67 %),200,2000000,0,0,7920,8000,7920
2018-12-18,5.8,7440,-0.56(-7.00 %),1000,7000000,0,0,7500,7500,7440
2018-12-19,5.92,7590,0.15(2.02 %),3780,29000000,0,0,7590,7590,7590
2018-12-20,5.85,7500,-0.09(-1.19 %),80,1000000,0,0,7600,7600,7100
2018-12-21,5.85,7500,0(0.00 %),0,0,0,0,7500,7500,7500
2018-12-24,5.85,7500,0(0.00 %),2300,16000000,0,0,7070,7500,7010
2018-12-25,5.85,7500,0(0.00 %),10,0,0,0,7500,7500,7500
2018-12-26,5.85,7500,0(0.00 %),2020,14000000,0,0,7150,7500,7150
2018-12-27,5.75,7370,-0.13(-1.73 %),2000,14000000,0,0,7680,7680,7000
2018-12-28,6.0,7690,0.32(4.34 %),9940,74000000,0,0,6900,7690,6900
2019-01-02,5.85,7500,-0.19(-2.47 %),3510,26000000,0,0,7500,8000,7300
2019-01-03,5.81,7450,-0.05(-0.67 %),9500,68000000,0,0,7200,7450,7000
2019-01-04,6.04,7740,0.29(3.89 %),11600,84000000,0,0,7930,7930,7100
2019-01-07,6.08,7800,0.06(0.78 %),6120,45000000,0,0,8000,8000,7300
2019-01-08,5.85,7500,-0.3(-3.85 %),4950,37000000,0,0,7500,7500,7400
2019-01-09,5.85,7500,0(0.00 %),16300,121000000,0,0,7500,7600,7200
2019-01-10,5.85,7500,0(0.00 %),8740,63000000,0,0,7400,7500,7200
2019-01-11,5.69,7300,-0.2(-2.67 %),2010,15000000,0,0,7050,7300,7050
2019-01-14,5.93,7600,0.3(4.11 %),70,1000000,0,0,7600,7600,7600
2019-01-15,6.01,7700,0.1(1.32 %),5110,38000000,0,0,7400,7700,7300
2019-01-16,5.92,7590,-0.11(-1.43 %),320,2000000,0,0,7590,7590,7200
2019-01-17,5.91,7580,-0.01(-0.13 %),10300,75000000,0,0,7360,7580,7300
2019-01-18,5.93,7600,0.02(0.26 %),1130,8000000,0,0,7300,7600,7300
2019-01-21,5.93,7600,0(0.00 %),17210,124000000,0,0,7400,7600,7100
2019-01-22,6.05,7750,0.15(1.97 %),10,0,0,0,7750,7750,7750
2019-01-23,6.05,7750,0(0.00 %),0,0,0,0,7750,7750,7750
2019-01-24,6.05,7750,0(0.00 %),39960,300000000,0,0,7600,7750,7220
2019-01-25,5.98,7670,-0.08(-1.03 %),5040,36000000,0,0,7800,7800,7230
2019-01-28,5.98,7670,0(0.00 %),0,0,0,0,7670,7670,7670
2019-01-29,5.98,7670,0(0.00 %),0,0,0,0,7670,7670,7670
2019-01-30,5.85,7500,-0.17(-2.22 %),3610,27000000,0,0,7140,7500,7140
2019-01-31,5.81,7450,-0.05(-0.67 %),4100,30000000,0,0,7300,7450,7110
2019-02-01,5.81,7450,0(0.00 %),0,0,0,0,7450,7450,7450
2019-02-11,5.88,7540,0.09(1.21 %),2000,15000000,0,0,7540,7540,7540
2019-02-12,5.83,7480,-0.06(-0.80 %),2450,18000000,0,0,7200,7480,7030
2019-02-13,5.62,7200,-0.28(-3.74 %),2020,15000000,0,0,7200,7200,7200
2019-02-14,5.83,7480,0.28(3.89 %),1690,12000000,0,0,7200,7480,7200
2019-02-15,5.83,7470,-0.01(-0.13 %),5310,37000000,0,0,6960,7470,6960
2019-02-18,5.62,7200,-0.27(-3.61 %),1860,13000000,0,0,7100,7200,7000
2019-02-19,5.62,7200,0(0.00 %),100,1000000,0,0,7200,7200,7200
2019-02-20,5.61,7190,-0.01(-0.14 %),12500,89000000,0,0,7000,7190,7000
2019-02-21,5.59,7170,-0.02(-0.28 %),780,6000000,0,0,6910,7170,6910
2019-02-22,5.59,7170,0(0.00 %),0,0,0,0,7170,7170,7170
2019-02-25,5.61,7190,0.02(0.28 %),6630,45000000,0,0,6710,7190,6700
2019-02-26,5.38,6900,-0.29(-4.03 %),3080,21000000,0,0,6690,7180,6690
2019-02-27,5.53,7090,0.19(2.75 %),3770,25000000,0,0,7100,7100,6600
2019-02-28,5.48,7030,-0.06(-0.85 %),110,1000000,0,0,6900,7030,6900
2019-03-01,5.61,7190,0.16(2.28 %),21500,145000000,0,0,6880,7190,6700
2019-03-04,5.45,6990,-0.2(-2.78 %),4200,29000000,0,0,6750,6990,6720
2019-03-05,5.52,7080,0.09(1.29 %),1750,12000000,0,0,6750,7080,6600
2019-03-06,5.61,7190,0.11(1.55 %),110,1000000,0,0,6590,7190,6590
2019-03-07,5.87,7530,0.34(4.73 %),30,0,0,0,7530,7530,7530
2019-03-08,5.87,7530,0(0.00 %),0,0,0,0,7530,7530,7530
2019-03-11,5.58,7160,-0.37(-4.91 %),6890,49000000,0,0,7100,7160,7090
2019-03-12,5.84,7490,0.33(4.61 %),2800,20000000,0,0,6700,7490,6700
2019-03-13,5.84,7490,0(0.00 %),0,0,0,0,7490,7490,7490
2019-03-14,5.84,7490,0(0.00 %),0,0,0,0,7490,7490,7490
2019-03-15,5.84,7490,0(0.00 %),0,0,0,0,7490,7490,7490
2019-03-18,5.83,7470,-0.02(-0.27 %),1050,7000000,0,0,7580,7580,6980
2019-03-19,5.81,7450,-0.02(-0.27 %),11570,83000000,0,0,7480,7480,7000
2019-03-20,5.81,7450,0(0.00 %),10,0,0,0,7450,7450,7450
2019-03-21,5.41,6940,-0.51(-6.85 %),4840,34000000,0,0,6950,6960,6940
2019-03-22,5.41,6940,0(0.00 %),220,2000000,0,0,6940,6940,6940
2019-03-25,5.46,7000,0.06(0.86 %),30,0,0,0,6940,7390,6940
2019-03-26,5.6,7180,0.18(2.57 %),10,0,0,0,7180,7180,7180
2019-03-27,5.74,7360,0.18(2.51 %),70,1000000,25440,169939200,7180,7590,7180
2019-03-28,5.83,7470,0.11(1.49 %),60,0,0,0,7450,7470,7450
2019-03-29,5.66,7260,-0.21(-2.81 %),3680,26000000,0,0,7470,7470,6950
2019-04-01,5.77,7400,0.14(1.93 %),10,0,0,0,7400,7400,7400
2019-04-02,5.37,6890,-0.51(-6.89 %),90,1000000,0,0,6890,7360,6890
2019-04-03,5.73,7340,0.45(6.53 %),10,0,0,0,7340,7340,7340
2019-04-04,5.83,7480,0.14(1.91 %),510,4000000,0,0,6830,7640,6830
2019-04-05,5.68,7280,-0.2(-2.67 %),800,6000000,0,0,7670,7670,6960
2019-04-08,5.76,7390,0.11(1.51 %),20,0,0,0,7400,7400,7390
2019-04-09,5.52,7080,-0.31(-4.19 %),2110,15000000,0,0,7280,7280,7080
2019-04-10,5.23,6700,-0.38(-5.37 %),20,0,0,0,7400,7400,6700
2019-04-11,5.46,7000,0.3(4.48 %),11260,79000000,0,0,6800,7000,6800
2019-04-12,5.62,7200,0.2(2.86 %),10,0,0,0,7200,7200,7200
2019-04-16,5.58,7150,-0.05(-0.69 %),1120,8000000,0,0,6710,7150,6700
2019-04-17,5.46,7000,-0.15(-2.10 %),2020,14000000,0,0,7350,7350,7000
2019-04-18,5.38,6900,-0.1(-1.43 %),50250,347000000,0,0,7350,7350,6800
2019-04-19,5.44,6980,0.08(1.16 %),3050,21000000,0,0,6800,6980,6800
2019-04-22,5.38,6900,-0.08(-1.15 %),3410,24000000,0,0,6980,6980,6800
2019-04-23,5.37,6890,-0.01(-0.14 %),3480,24000000,0,0,7200,7200,6800
2019-04-24,5.3,6800,-0.09(-1.31 %),1010,7000000,0,0,7100,7100,6800
2019-04-25,5.46,7000,0.2(2.94 %),270,2000000,0,0,7090,7090,6990
2019-04-26,5.19,6650,-0.35(-5.00 %),10,0,0,0,6650,6650,6650
2019-05-02,5.45,6990,0.34(5.11 %),11890,80000000,0,0,6700,6990,6700
2019-05-03,5.69,7300,0.31(4.43 %),10,0,0,0,7300,7300,7300
2019-05-06,5.54,7100,-0.2(-2.74 %),20,0,0,0,7100,7100,7100
2019-05-07,5.59,7170,0.07(0.99 %),10,0,0,0,7170,7170,7170
2019-05-08,5.3,6800,-0.37(-5.16 %),580,4000000,0,0,6700,7090,6700
2019-05-09,4.95,6350,-0.45(-6.62 %),920,6000000,0,0,6350,6800,6350
2019-05-10,5.21,6680,0.33(5.20 %),3040,20000000,0,0,6500,6680,6500
2019-05-13,5.54,7100,0.42(6.29 %),3390,23000000,0,0,6750,7100,6600
2019-05-14,5.46,7000,-0.1(-1.41 %),1070,7000000,0,0,6990,7000,6990
2019-05-15,5.61,7190,0.19(2.71 %),430,3000000,0,0,7190,7190,7190
2019-05-16,5.62,7200,0.01(0.14 %),3980,27000000,0,0,6850,7200,6710
2019-05-17,5.38,6900,-0.3(-4.17 %),980,7000000,0,0,7200,7200,6800
2019-05-20,5.52,7080,0.18(2.61 %),24260,169000000,0,0,6700,7080,6700
2019-05-21,5.46,7000,-0.08(-1.13 %),24020,167000000,0,0,7000,7100,6600
2019-05-22,5.62,7200,0.2(2.86 %),300,2000000,0,0,7200,7200,7200
2019-05-23,5.57,7140,-0.06(-0.83 %),40,0,0,0,7440,7440,6800
2019-05-24,5.52,7080,-0.06(-0.84 %),10,0,0,0,7080,7080,7080
2019-05-27,5.53,7090,0.01(0.14 %),740,5000000,0,0,6700,7090,6660
2019-05-28,5.41,6930,-0.16(-2.26 %),60,0,0,0,6930,6930,6930
2019-05-29,5.42,6950,0.02(0.29 %),1000,7000000,0,0,6970,6970,6460
2019-05-30,5.42,6950,0(0.00 %),0,0,0,0,6950,6950,6950
2019-05-31,5.42,6950,0(0.00 %),0,0,0,0,6950,6950,6950
2019-06-03,5.42,6950,0(0.00 %),0,0,0,0,6950,6950,6950
2019-06-04,5.44,6970,0.02(0.29 %),90,1000000,0,0,6980,6980,6520
2019-06-05,5.45,6990,0.02(0.29 %),50,0,0,0,6990,6990,6990
2019-06-06,5.49,7040,0.05(0.72 %),20,0,0,0,7040,7040,7040
2019-06-07,5.49,7040,0(0.00 %),50,0,0,0,7040,7040,7040
2019-06-10,5.49,7040,0(0.00 %),0,0,0,0,7040,7040,7040
2019-06-11,5.11,6550,-0.49(-6.96 %),10,0,0,0,6550,6550,6550
2019-06-12,5.29,6780,0.23(3.51 %),1570,10000000,0,0,6550,6790,6500
2019-06-13,5.29,6780,0(0.00 %),0,0,0,0,6780,6780,6780
2019-06-14,5.29,6780,0(0.00 %),0,0,0,0,6780,6780,6780
2019-06-17,5.33,6830,0.05(0.74 %),10,0,0,0,6830,6830,6830
2019-06-18,5.33,6830,0(0.00 %),0,0,0,0,6830,6830,6830
2019-06-19,5.37,6880,0.05(0.73 %),10,0,0,0,6880,6880,6880
2019-06-20,5.59,6510,-0.37(-5.38 %),510,3000000,0,0,6400,6510,6400
2019-06-21,5.82,6780,0.27(4.15 %),60,0,0,0,6780,6780,6780
2019-06-24,5.9,6880,0.1(1.47 %),50,0,0,0,6800,6880,6800
2019-06-25,5.9,6880,0(0.00 %),0,0,0,0,6880,6880,6880
2019-06-26,5.9,6880,0(0.00 %),0,0,0,0,6880,6880,6880
2019-06-27,5.83,6790,-0.09(-1.31 %),1050,7000000,0,0,6790,6790,6400
2019-06-28,5.99,6980,0.19(2.80 %),10,0,0,0,6980,6980,6980
2019-07-01,5.99,6980,0(0.00 %),0,0,0,0,6980,6980,6980
2019-07-02,5.99,6980,0(0.00 %),0,0,0,0,6980,6980,6980
2019-07-03,5.99,6980,0(0.00 %),0,0,0,0,6980,6980,6980
2019-07-04,5.58,6500,-0.48(-6.88 %),1400,9000000,0,0,6500,6500,6500
2019-07-05,5.49,6400,-0.1(-1.54 %),5340,33000000,0,0,6060,6400,6060
2019-07-08,5.49,6400,0(0.00 %),0,0,0,0,6400,6400,6400
2019-07-09,5.48,6390,-0.01(-0.16 %),24390,155000000,0,0,6100,6390,6100
2019-07-10,5.48,6390,0(0.00 %),0,0,0,0,6390,6390,6390
2019-07-11,5.48,6390,0(0.00 %),0,0,0,0,6390,6390,6390
2019-07-12,5.48,6390,0(0.00 %),0,0,0,0,6390,6390,6390
2019-07-15,5.11,5950,-0.44(-6.89 %),8510,51000000,0,0,5950,6300,5950
2019-07-16,4.75,5540,-0.41(-6.89 %),90680,503000000,0,0,5540,6200,5540
2019-07-17,5.06,5900,0.36(6.50 %),110,1000000,0,0,5900,5900,5900
2019-07-18,5.01,5840,-0.06(-1.02 %),16390,92000000,0,0,5900,5900,5500
2019-07-19,4.72,5500,-0.34(-5.82 %),14560,81000000,0,0,5900,5900,5450
2019-07-22,4.72,5500,0(0.00 %),17210,95000000,929570,5465871600,5650,5650,5500
2019-07-23,4.76,5550,0.05(0.91 %),13060,73000000,0,0,5500,5600,5130
2019-07-24,4.8,5600,0.05(0.90 %),1130,6000000,0,0,5400,5600,5400
2019-07-25,4.76,5550,-0.05(-0.89 %),18560,103000000,0,0,5550,5630,5500
2019-07-26,4.73,5510,-0.04(-0.72 %),9570,54000000,60000,330000000,5600,5700,5510
2019-07-29,4.73,5510,0(0.00 %),0,0,0,0,5510,5510,5510
2019-07-30,4.76,5550,0.04(0.73 %),7290,40000000,0,0,5500,5700,5500
2019-07-31,4.76,5550,0(0.00 %),10910,60000000,0,0,5550,5680,5520
2019-08-01,4.87,5680,0.13(2.34 %),40,0,0,0,5550,5680,5550
2019-08-02,4.72,5500,-0.18(-3.17 %),17460,96000000,0,0,5550,5560,5500
2019-08-05,4.8,5590,0.09(1.64 %),10,0,0,0,5590,5590,5590
2019-08-06,4.76,5550,-0.04(-0.72 %),5330,30000000,0,0,5500,5650,5500
2019-08-07,4.8,5600,0.05(0.90 %),3170,18000000,0,0,5500,5600,5500
2019-08-08,4.83,5630,0.03(0.54 %),11110,62000000,0,0,5650,5650,5550
2019-08-09,4.83,5630,0(0.00 %),19770,110000000,0,0,5610,5630,5550
2019-08-12,4.8,5590,-0.04(-0.71 %),23270,128000000,0,0,5600,5600,5400
2019-08-13,4.8,5600,0.01(0.18 %),17420,96000000,0,0,5590,5600,5500
2019-08-14,4.84,5640,0.04(0.71 %),25870,140000000,0,0,5550,5640,5210
2019-08-15,4.85,5650,0.01(0.18 %),9360,52000000,0,0,5600,5650,5500
2019-08-16,4.87,5680,0.03(0.53 %),10810,61000000,0,0,5650,5720,5550
2019-08-19,4.89,5700,0.02(0.35 %),13320,76000000,0,0,5680,5700,5600
2019-08-20,4.89,5700,0(0.00 %),15260,85000000,0,0,5550,5700,5500
2019-08-21,4.76,5550,-0.15(-2.63 %),17320,96000000,0,0,5600,5700,5500
2019-08-22,4.85,5650,0.1(1.80 %),15120,85000000,0,0,5600,5650,5500
2019-08-23,4.92,5740,0.09(1.59 %),45650,262000000,0,0,5700,5850,5600
2019-08-26,5.02,5850,0.11(1.92 %),21800,126000000,0,0,5600,5850,5600
2019-08-27,4.91,5720,-0.13(-2.22 %),19090,109000000,0,0,5850,5850,5700
2019-08-28,5.02,5850,0.13(2.27 %),22110,127000000,0,0,5720,5850,5650
2019-08-29,5.06,5900,0.05(0.85 %),20400,119000000,0,0,5800,5900,5600
2019-08-30,5.06,5900,0(0.00 %),24210,144000000,0,0,5950,6050,5850
2019-09-03,5.06,5900,0(0.00 %),18380,107000000,0,0,5900,5930,5700
2019-09-04,5.28,6150,0.25(4.24 %),34780,209000000,0,0,5900,6250,5750
2019-09-05,5.44,6340,0.19(3.09 %),32180,201000000,0,0,6200,6340,6150
2019-09-06,5.42,6320,-0.02(-0.32 %),8630,54000000,0,0,6260,6370,6260
2019-09-09,5.32,6200,-0.12(-1.90 %),28250,178000000,0,0,6300,6360,6200
2019-09-10,5.4,6290,0.09(1.45 %),42370,263000000,0,0,6160,6320,6100
2019-09-11,5.45,6350,0.06(0.95 %),19850,126000000,0,0,6300,6400,6260
2019-09-12,5.45,6350,0(0.00 %),20120,128000000,0,0,6270,6390,6270
2019-09-13,5.53,6450,0.1(1.57 %),33000,211000000,0,0,6390,6480,6350
2019-09-16,5.56,6480,0.03(0.47 %),33420,216000000,0,0,6390,6480,6390
2019-09-17,5.49,6400,-0.08(-1.23 %),13930,89000000,0,0,6390,6480,6350
2019-09-18,5.53,6450,0.05(0.78 %),27530,176000000,0,0,6390,6450,6320
2019-09-19,5.46,6360,-0.09(-1.40 %),12910,82000000,0,0,6400,6400,6300
2019-09-20,5.46,6360,0(0.00 %),30520,192000000,0,0,6300,6360,6160
2019-09-23,5.45,6350,-0.01(-0.16 %),1780,11000000,0,0,6210,6350,6180
2019-09-24,5.44,6340,-0.01(-0.16 %),9950,63000000,0,0,6350,6350,6340
2019-09-25,5.58,6500,0.16(2.52 %),27790,179000000,0,0,6350,6500,6210
2019-09-26,5.56,6480,-0.02(-0.31 %),12720,83000000,0,0,6500,6500,6480
2019-09-27,5.53,6450,-0.03(-0.46 %),4500,29000000,0,0,6480,6480,6450
2019-09-30,5.46,6360,-0.09(-1.40 %),2510,16000000,897948,5791764600,6450,6450,6360
2019-10-01,5.45,6350,-0.01(-0.16 %),63160,376000000,0,0,5920,6350,5920
2019-10-02,5.45,6350,0(0.00 %),5160,33000000,0,0,6350,6350,6300
2019-10-03,5.36,6250,-0.1(-1.57 %),31030,185000000,0,0,5910,6320,5910
2019-10-04,5.23,6100,-0.15(-2.40 %),19300,114000000,0,0,5820,6200,5820
2019-10-07,5.23,6100,0(0.00 %),8100,50000000,0,0,6200,6200,6090
2019-10-08,5.23,6100,0(0.00 %),11470,69000000,0,0,6200,6200,6000
2019-10-09,5.19,6050,-0.05(-0.82 %),11310,67000000,0,0,5900,6100,5800
2019-10-10,5.18,6040,-0.01(-0.17 %),4150,25000000,0,0,5920,6040,5920
2019-10-11,5.45,6350,0.31(5.13 %),22740,141000000,0,0,6000,6400,5910
2019-10-14,5.4,6290,-0.06(-0.94 %),15500,97000000,0,0,6330,6350,6200
2019-10-15,5.36,6250,-0.04(-0.64 %),8700,54000000,0,0,6200,6270,6200
2019-10-16,5.36,6250,0(0.00 %),4610,29000000,0,0,6250,6250,6250
2019-10-17,5.31,6190,-0.06(-0.96 %),9200,57000000,0,0,6240,6250,6190
2019-10-18,5.29,6160,-0.03(-0.48 %),6970,43000000,0,0,6190,6190,6160
2019-10-21,5.29,6160,0(0.00 %),1750,11000000,0,0,6160,6160,6160
2019-10-22,5.36,6250,0.09(1.46 %),12800,80000000,0,0,6120,6310,6120
2019-10-23,5.4,6290,0.04(0.64 %),17480,110000000,0,0,6300,6300,6250
2019-10-24,5.4,6290,0(0.00 %),3110,19000000,0,0,6290,6290,6200
2019-10-25,5.32,6200,-0.09(-1.43 %),15940,98000000,0,0,6290,6300,6000
2019-10-28,5.31,6190,-0.01(-0.16 %),3010,19000000,0,0,6200,6200,6150
2019-10-29,5.31,6190,0(0.00 %),4130,25000000,0,0,6190,6190,6050
2019-10-30,5.2,6060,-0.13(-2.10 %),4100,25000000,0,0,6190,6190,6060
2019-10-31,5.2,6060,0(0.00 %),5080,31000000,0,0,6060,6060,6060
2019-11-01,5.2,6060,0(0.00 %),12880,78000000,0,0,6000,6160,5950
2019-11-04,5.15,6000,-0.06(-0.99 %),11460,69000000,0,0,6060,6100,5800
2019-11-05,5.06,5900,-0.1(-1.67 %),1520,9000000,0,0,6000,6000,5900
2019-11-06,5.02,5850,-0.05(-0.85 %),36480,208000000,0,0,5900,6000,5490
2019-11-07,5.15,6000,0.15(2.56 %),2650,16000000,0,0,5850,6000,5850
2019-11-08,5.11,5950,-0.05(-0.83 %),6100,35000000,0,0,5900,5950,5600
2019-11-11,5.06,5900,-0.05(-0.84 %),720,4000000,0,0,5900,5900,5900
2019-11-12,5.05,5890,-0.01(-0.17 %),310,2000000,0,0,5950,5950,5800
2019-11-13,5.05,5890,0(0.00 %),10,0,0,0,5890,5890,5890
2019-11-14,5.03,5860,-0.03(-0.51 %),4670,26000000,0,0,5880,5880,5610
2019-11-15,4.98,5800,-0.06(-1.02 %),420,2000000,0,0,5800,5800,5800
2019-11-18,4.89,5700,-0.1(-1.72 %),3320,19000000,0,0,5800,5800,5570
2019-11-19,4.89,5700,0(0.00 %),9240,51000000,0,0,5700,5700,5500
2019-11-20,4.88,5690,-0.01(-0.18 %),560,3000000,0,0,5700,5700,5690
2019-11-21,4.88,5690,0(0.00 %),0,0,0,0,5690,5690,5690
2019-11-22,4.88,5690,0(0.00 %),100,1000000,963153,5104710900,5690,5690,5690
2019-11-25,4.88,5690,0(0.00 %),120,1000000,0,0,5690,5690,5690
2019-11-26,4.88,5690,0(0.00 %),720,4000000,0,0,5690,5690,5610
2019-11-27,4.87,5680,-0.01(-0.18 %),4920,27000000,0,0,5690,5690,5460
2019-11-28,4.87,5680,0(0.00 %),150,1000000,0,0,5680,5680,5680
2019-11-29,4.87,5680,0(0.00 %),100,1000000,0,0,5680,5680,5680
2019-12-02,4.82,5620,-0.06(-1.06 %),310,2000000,0,0,5680,5680,5620
2019-12-03,4.87,5680,0.06(1.07 %),2300,13000000,0,0,5600,5680,5300
2019-12-04,4.76,5550,-0.13(-2.29 %),430,2000000,0,0,5680,5680,5550
2019-12-05,5.05,5880,0.33(5.95 %),10,0,0,0,5880,5880,5880
2019-12-06,5.05,5880,0(0.00 %),0,0,0,0,5880,5880,5880
2019-12-09,5.03,5860,-0.02(-0.34 %),1000,6000000,0,0,5860,5860,5860
2019-12-10,5.25,6120,0.26(4.44 %),30,0,0,0,6120,6120,6120
2019-12-11,5.49,6400,0.28(4.58 %),8060,46000000,0,0,5700,6400,5700
2019-12-12,5.23,6100,-0.3(-4.69 %),7760,47000000,0,0,6400,6400,5960
2019-12-13,5.15,6000,-0.1(-1.64 %),4490,26000000,0,0,5700,6000,5680
2019-12-16,5.15,6000,0(0.00 %),0,0,0,0,6000,6000,6000
2019-12-17,5.11,5950,-0.05(-0.83 %),16890,94000000,0,0,5580,5950,5580
2019-12-18,5.11,5950,0(0.00 %),0,0,0,0,5950,5950,5950
2019-12-19,4.96,5780,-0.17(-2.86 %),2720,15000000,0,0,5540,5780,5540
2019-12-20,4.92,5740,-0.04(-0.69 %),4950,27000000,0,0,5380,5740,5380
2019-12-23,4.9,5710,-0.03(-0.52 %),10,0,0,0,5710,5710,5710
2019-12-24,4.83,5630,-0.08(-1.40 %),2620,14000000,0,0,5320,5630,5320
2019-12-25,4.5,5240,-0.39(-6.93 %),4910,26000000,0,0,5240,5240,5240
2019-12-26,4.5,5240,0(0.00 %),0,0,0,0,5240,5240,5240
2019-12-27,4.3,5010,-0.23(-4.39 %),1000,5000000,0,0,5010,5010,5010
2019-12-30,4.37,5090,0.08(1.60 %),110,1000000,0,0,4660,5090,4660
2019-12-31,4.45,5190,0.1(1.96 %),10,0,0,0,5190,5190,5190
2020-01-02,4.38,5100,-0.09(-1.73 %),510,2000000,0,0,4830,5100,4830
2020-01-03,4.62,5390,0.29(5.69 %),980,5000000,0,0,5100,5390,5100
2020-01-06,4.31,5020,-0.37(-6.86 %),1400,7000000,0,0,5020,5020,5020
2020-01-07,4.58,5340,0.32(6.37 %),10,0,0,0,5340,5340,5340
2020-01-08,4.72,5500,0.16(3.00 %),10,0,0,0,5500,5500,5500
2020-01-09,4.72,5500,0(0.00 %),0,0,0,0,5500,5500,5500
2020-01-10,4.72,5500,0(0.00 %),0,0,0,0,5500,5500,5500
2020-01-13,4.72,5500,0(0.00 %),0,0,0,0,5500,5500,5500
2020-01-14,4.72,5500,0(0.00 %),0,0,0,0,5500,5500,5500
2020-01-15,4.72,5500,0(0.00 %),0,0,0,0,5500,5500,5500
2020-01-16,4.39,5120,-0.38(-6.91 %),4350,22000000,0,0,5120,5130,5120
2020-01-17,4.62,5390,0.27(5.27 %),10,0,0,0,5390,5390,5390
2020-01-20,4.72,5500,0.11(2.04 %),2110,11000000,0,0,5020,5500,5020
2020-01-21,4.7,5480,-0.02(-0.36 %),50,0,0,0,5480,5480,5480
2020-01-22,4.7,5480,0(0.00 %),0,0,0,0,5480,5480,5480
2020-01-30,4.7,5480,0(0.00 %),0,0,0,0,5480,5480,5480
2020-01-31,4.7,5480,0(0.00 %),0,0,0,0,5480,5480,5480
2020-02-03,4.7,5480,0(0.00 %),0,0,0,0,5480,5480,5480
2020-02-04,4.38,5100,-0.38(-6.93 %),100,1000000,0,0,5100,5100,5100
2020-02-05,4.38,5100,0(0.00 %),100,1000000,0,0,5100,5100,5100
2020-02-06,4.46,5200,0.1(1.96 %),10,0,0,0,5200,5200,5200
2020-02-07,4.46,5200,0(0.00 %),2880,14000000,0,0,5000,5200,4850
2020-02-10,4.38,5100,-0.1(-1.92 %),910,4000000,0,0,5000,5100,4840
2020-02-11,4.29,5000,-0.1(-1.96 %),210,1000000,0,0,4750,5000,4750
2020-02-12,4.38,5100,0.1(2.00 %),900,4000000,0,0,4800,5100,4800
2020-02-13,4.38,5100,0(0.00 %),0,0,0,0,5100,5100,5100
2020-02-14,4.38,5100,0(0.00 %),100,1000000,0,0,5100,5100,5100
2020-02-17,4.38,5100,0(0.00 %),20,0,0,0,4800,5100,4800
2020-02-18,4.38,5100,0(0.00 %),0,0,0,0,5100,5100,5100
2020-02-19,4.38,5100,0(0.00 %),0,0,0,0,5100,5100,5100
2020-02-20,4.38,5100,0(0.00 %),30,0,0,0,5100,5100,5100
2020-02-21,4.2,4900,-0.2(-3.92 %),4500,22000000,0,0,4900,4900,4800
2020-02-24,4.2,4900,0(0.00 %),0,0,0,0,4900,4900,4900
2020-02-25,3.91,4560,-0.34(-6.94 %),650,3000000,0,0,4600,4600,4560
2020-02-26,3.69,4300,-0.26(-5.70 %),1010,4000000,0,0,4260,4300,4260
2020-02-27,3.43,4000,-0.3(-6.98 %),1490,6000000,0,0,4020,4020,4000
2020-02-28,3.43,4000,0(0.00 %),5730,24000000,0,0,3730,4280,3730
2020-03-02,3.43,4000,0(0.00 %),0,0,0,0,4000,4000,4000
2020-03-03,3.51,4090,0.09(2.25 %),10,0,0,0,4090,4090,4090
2020-03-04,3.35,3900,-0.19(-4.65 %),10010,40000000,0,0,4000,4000,3810
2020-03-05,3.22,3750,-0.15(-3.85 %),150,1000000,0,0,3750,3750,3750
2020-03-06,3.22,3750,0(0.00 %),3010,11000000,0,0,3700,3750,3490
2020-03-09,2.99,3490,-0.26(-6.93 %),210,1000000,0,0,3550,3550,3490
2020-03-10,2.85,3320,-0.17(-4.87 %),1350,4000000,0,0,3250,3320,3250
2020-03-11,2.65,3090,-0.23(-6.93 %),210,1000000,0,0,3500,3500,3090
2020-03-12,2.47,2880,-0.21(-6.80 %),11670,34000000,0,0,2900,3100,2880
2020-03-13,2.49,2900,0.02(0.69 %),430,1000000,0,0,2680,3000,2680
2020-03-16,2.57,3000,0.1(3.45 %),530,2000000,0,0,3100,3100,3000
2020-03-17,2.75,3210,0.21(7.00 %),2040,7000000,0,0,3210,3210,3000
2020-03-18,2.75,3200,-0.01(-0.31 %),4000,13000000,0,0,3400,3400,3000
2020-03-19,2.92,3400,0.2(6.25 %),210,1000000,0,0,3000,3400,3000
2020-03-20,2.72,3170,-0.23(-6.76 %),2610,8000000,0,0,3170,3170,3170
2020-03-23,2.72,3170,0(0.00 %),20,0,0,0,3170,3170,3170
2020-03-24,2.72,3170,0(0.00 %),0,0,0,0,3170,3170,3170
2020-03-25,2.75,3200,0.03(0.95 %),1010,3000000,0,0,3200,3200,3200
2020-03-26,2.75,3200,0(0.00 %),0,0,0,0,3200,3200,3200
2020-03-27,2.75,3200,0(0.00 %),0,0,0,0,3200,3200,3200
2020-03-30,2.75,3200,0(0.00 %),0,0,0,0,3200,3200,3200
2020-03-31,2.75,3200,0(0.00 %),0,0,0,0,3200,3200,3200
2020-04-01,2.66,3100,-0.1(-3.12 %),2920,9000000,0,0,2980,3100,2980
2020-04-03,2.75,3200,0.1(3.23 %),10,0,0,0,3200,3200,3200
2020-04-06,2.83,3300,0.1(3.12 %),1680,5000000,0,0,3200,3300,3050
2020-04-07,2.66,3100,-0.2(-6.06 %),100,0,0,0,3070,3100,3070
2020-04-08,2.66,3100,0(0.00 %),510,2000000,0,0,3100,3100,3050
2020-04-09,2.52,2940,-0.16(-5.16 %),11740,35000000,0,0,2890,3100,2890
2020-04-10,2.49,2900,-0.04(-1.36 %),15720,46000000,0,0,2910,3000,2900
2020-04-13,2.49,2900,0(0.00 %),20710,59000000,0,0,2900,2900,2820
2020-04-14,2.49,2900,0(0.00 %),200,1000000,0,0,2900,2900,2900
2020-04-15,2.49,2900,0(0.00 %),120,0,0,0,2900,2900,2900
2020-04-16,2.53,2950,0.05(1.72 %),1180,3000000,0,0,3000,3000,2900
2020-04-17,2.57,3000,0.05(1.69 %),1250,4000000,0,0,3100,3100,3000
2020-04-20,2.7,3150,0.15(5.00 %),1730,5000000,0,0,3200,3200,2840
2020-04-21,2.7,3150,0(0.00 %),2650,8000000,0,0,3100,3150,2930
2020-04-22,2.7,3150,0(0.00 %),0,0,0,0,3150,3150,3150
2020-04-23,2.66,3100,-0.05(-1.59 %),3940,12000000,0,0,3000,3100,2930
2020-04-24,2.66,3100,0(0.00 %),0,0,0,0,3100,3100,3100
2020-04-27,2.66,3100,0(0.00 %),0,0,0,0,3100,3100,3100
2020-04-28,2.66,3100,0(0.00 %),0,0,0,0,3100,3100,3100
2020-04-29,2.62,3050,-0.05(-1.61 %),1520,4000000,0,0,3050,3050,2900
2020-05-04,2.62,3050,0(0.00 %),70,0,0,0,3050,3050,3050
2020-05-05,2.62,3050,0(0.00 %),0,0,0,0,3050,3050,3050
2020-05-06,2.62,3050,0(0.00 %),0,0,0,0,3050,3050,3050
2020-05-07,2.57,2990,-0.06(-1.97 %),1400,4000000,0,0,2840,2990,2840
2020-05-08,2.49,2900,-0.09(-3.01 %),3290,10000000,0,0,2900,2900,2800
2020-05-11,2.56,2980,0.08(2.76 %),640,2000000,0,0,2980,2980,2720
2020-05-12,2.56,2980,0(0.00 %),60,0,0,0,2850,2980,2850
2020-05-13,2.73,3180,0.2(6.71 %),30040,91000000,0,0,2780,3180,2780
2020-05-14,2.92,3400,0.22(6.92 %),95850,326000000,0,0,3400,3400,3350
2020-05-15,3.11,3630,0.23(6.76 %),86890,315000000,0,0,3630,3630,3600
2020-05-18,3.33,3880,0.25(6.89 %),4990,19000000,0,0,3880,3880,3880
2020-05-19,3.56,4150,0.27(6.96 %),79240,325000000,0,0,3880,4150,3880
2020-05-20,3.81,4440,0.29(6.99 %),84010,372000000,0,0,4390,4440,4390
2020-05-21,4.08,4750,0.31(6.98 %),38100,181000000,0,0,4750,4750,4750
2020-05-22,4.36,5080,0.33(6.95 %),14770,75000000,0,0,5080,5080,5080
2020-05-25,4.46,5200,0.12(2.36 %),251600,1341000000,0,0,5430,5430,4800
2020-05-26,4.77,5560,0.36(6.92 %),200280,1108000000,0,0,5550,5560,5100
2020-05-27,5.1,5940,0.38(6.83 %),244650,1444000000,0,0,5560,5940,5560
2020-05-28,5.35,6240,0.3(5.05 %),217560,1333000000,0,0,6090,6290,5940
2020-05-29,5.28,6150,-0.09(-1.44 %),200950,1207000000,0,0,6000,6240,5850
2020-06-01,4.91,5720,-0.43(-6.99 %),125610,722000000,0,0,6000,6000,5720
2020-06-02,4.56,5320,-0.4(-6.99 %),57510,306000000,0,0,5320,5320,5320
2020-06-03,4.68,5450,0.13(2.44 %),218910,1095000000,0,0,4950,5500,4950
2020-06-04,5.0,5830,0.38(6.97 %),111310,637000000,0,0,5500,5830,5400
2020-06-05,5.08,5920,0.09(1.54 %),180090,1105000000,0,0,6200,6230,5830
2020-06-08,4.8,5600,-0.32(-5.41 %),198080,1142000000,0,0,5760,6140,5510
2020-06-09,4.88,5690,0.09(1.61 %),47330,264000000,1000000,5990000000,5700,5700,5510
2020-06-10,4.72,5500,-0.19(-3.34 %),85820,477000000,0,0,5450,5650,5450
2020-06-11,4.72,5500,0(0.00 %),55620,303000000,0,0,5500,5790,5200
2020-06-12,4.39,5120,-0.38(-6.91 %),81290,420000000,0,0,5310,5310,5120
2020-06-15,4.29,5000,-0.12(-2.34 %),28230,142000000,0,0,5250,5250,4800
2020-06-16,4.38,5100,0.1(2.00 %),27000,133000000,0,0,4660,5100,4650
2020-06-17,4.49,5230,0.13(2.55 %),3250,16000000,0,0,5240,5240,4800
2020-06-18,4.18,4870,-0.36(-6.88 %),78470,382000000,0,0,5230,5230,4870
2020-06-19,3.9,4550,-0.32(-6.57 %),40480,186000000,0,0,4530,4990,4530
2020-06-22,3.99,4650,0.1(2.20 %),44640,206000000,0,0,4550,4750,4250
2020-06-23,3.72,4330,-0.32(-6.88 %),54330,237000000,0,0,4650,4650,4330
2020-06-24,3.71,4320,-0.01(-0.23 %),15220,66000000,0,0,4330,4440,4300
2020-06-25,3.52,4100,-0.22(-5.09 %),16490,68000000,0,0,4270,4270,4100
2020-06-26,3.56,4150,0.05(1.22 %),12700,53000000,0,0,4100,4260,3830
2020-06-29,3.48,4050,-0.1(-2.41 %),18610,72000000,0,0,4200,4200,3860
2020-06-30,3.23,3770,-0.28(-6.91 %),22340,85000000,1415000,6126950000,4050,4050,3770
2020-07-01,3.37,3930,0.16(4.24 %),31270,117000000,0,0,3770,3930,3700
2020-07-02,3.6,4200,0.27(6.87 %),9950,41000000,0,0,3990,4200,3990
2020-07-03,3.85,4490,0.29(6.90 %),15380,69000000,0,0,4490,4490,4490
2020-07-06,4.12,4800,0.31(6.90 %),28710,138000000,0,0,4800,4800,4800
2020-07-07,4.4,5130,0.33(6.88 %),13880,71000000,0,0,5130,5130,5130
2020-07-08,4.7,5480,0.35(6.82 %),141760,775000000,0,0,5480,5480,5210
2020-07-09,4.83,5630,0.15(2.74 %),124080,711000000,0,0,5860,5860,5500
2020-07-10,5.14,5990,0.36(6.39 %),190210,1104000000,0,0,5500,6000,5480
2020-07-13,4.97,5790,-0.2(-3.34 %),70520,404000000,0,0,5990,5990,5600
2020-07-14,4.8,5590,-0.2(-3.45 %),32290,177000000,0,0,5450,5790,5450
2020-07-15,5.1,5940,0.35(6.26 %),112470,657000000,0,0,5220,5980,5210
2020-07-16,5.13,5980,0.04(0.67 %),22980,137000000,40000,239600000,5930,6100,5580
2020-07-17,5.05,5890,-0.09(-1.51 %),16540,96000000,0,0,5570,5950,5570
2020-07-20,4.88,5690,-0.2(-3.40 %),67730,371000000,0,0,5690,5880,5480
2020-07-21,4.8,5600,-0.09(-1.58 %),7160,38000000,0,0,5310,5700,5300
2020-07-22,4.84,5640,0.04(0.71 %),9010,51000000,0,0,5600,5700,5590
2020-07-23,4.78,5570,-0.07(-1.24 %),13800,74000000,0,0,5630,5630,5280
2020-07-24,4.46,5200,-0.37(-6.64 %),11120,58000000,0,0,5570,5570,5190
2020-07-27,4.15,4840,-0.36(-6.92 %),2130,10000000,0,0,5200,5200,4840
2020-07-28,4.29,5000,0.16(3.31 %),55740,264000000,0,0,4550,5000,4550
2020-07-29,4.29,5000,0(0.00 %),20490,99000000,0,0,5180,5180,4650
2020-07-30,4.46,5200,0.2(4.00 %),130,1000000,0,0,5200,5200,5200
2020-07-31,4.45,5190,-0.01(-0.19 %),9690,48000000,0,0,4840,5290,4840
2020-08-03,4.44,5170,-0.02(-0.39 %),23140,116000000,0,0,5200,5200,5000
2020-08-04,4.44,5170,0(0.00 %),1220,6000000,0,0,5200,5200,4840
2020-08-05,4.38,5100,-0.07(-1.35 %),840,4000000,0,0,5170,5170,5100
2020-08-06,4.38,5100,0(0.00 %),150,1000000,0,0,4810,5150,4810
2020-08-07,4.26,4970,-0.13(-2.55 %),27660,132000000,0,0,5100,5100,4750
2020-08-10,4.29,5000,0.03(0.60 %),11210,56000000,0,0,4960,5250,4760
2020-08-11,4.12,4800,-0.2(-4.00 %),5540,26000000,0,0,4720,5240,4720
2020-08-12,4.03,4700,-0.1(-2.08 %),750,4000000,0,0,5080,5080,4700
2020-08-13,4.25,4950,0.25(5.32 %),10710,52000000,0,0,4990,4990,4860
2020-08-14,4.07,4740,-0.21(-4.24 %),18230,87000000,0,0,4730,4880,4720
2020-08-17,4.2,4900,0.16(3.38 %),21530,102000000,0,0,4900,4980,4520
2020-08-18,4.2,4900,0(0.00 %),5300,25000000,0,0,5100,5100,4710
2020-08-19,4.2,4900,0(0.00 %),18010,85000000,0,0,4600,4990,4600
2020-08-20,4.22,4920,0.02(0.41 %),19730,92000000,0,0,4900,4950,4560
2020-08-21,4.16,4850,-0.07(-1.42 %),224970,1031000000,0,0,4600,4920,4580
2020-08-24,4.16,4850,0(0.00 %),10330,50000000,0,0,4950,4950,4650
2020-08-25,4.2,4890,0.04(0.82 %),4430,21000000,251700,1220745000,4850,4900,4650
2020-08-26,4.06,4730,-0.16(-3.27 %),20470,97000000,0,0,4700,4760,4700
2020-08-27,4.06,4730,0(0.00 %),32560,152000000,0,0,4830,4830,4560
2020-08-28,4.0,4660,-0.07(-1.48 %),22580,104000000,0,0,4550,4740,4550
2020-08-31,4.07,4740,0.08(1.72 %),38060,178000000,0,0,4640,4800,4500
2020-09-01,4.05,4720,-0.02(-0.42 %),51960,234000000,0,0,4770,4770,4450
2020-09-03,4.05,4720,0(0.00 %),2500,12000000,0,0,4720,4720,4710
2020-09-04,3.95,4600,-0.12(-2.54 %),28680,131000000,0,0,4750,4750,4500
2020-09-07,3.96,4610,0.01(0.22 %),28650,129000000,0,0,4600,4640,4350
2020-09-08,3.88,4520,-0.09(-1.95 %),2370,11000000,0,0,4610,4610,4450
2020-09-09,4.14,4830,0.31(6.86 %),825610,3726000000,0,0,4500,4830,4500
2020-09-10,4.43,5160,0.33(6.83 %),235030,1213000000,0,0,5160,5160,5160
2020-09-11,4.55,5300,0.14(2.71 %),185230,1003000000,0,0,5520,5520,5010
2020-09-14,4.55,5300,0(0.00 %),35690,185000000,0,0,5300,5300,5130
2020-09-15,4.32,5040,-0.26(-4.91 %),95190,485000000,0,0,5170,5170,5030
2020-09-16,4.15,4840,-0.2(-3.97 %),72500,357000000,0,0,4840,5100,4840
2020-09-17,4.29,5000,0.16(3.31 %),43710,214000000,0,0,5090,5090,4610
2020-09-18,4.42,5150,0.15(3.00 %),48650,249000000,0,0,5000,5200,5000
2020-09-21,4.38,5100,-0.05(-0.97 %),39020,201000000,0,0,5180,5220,5100
2020-09-22,4.33,5050,-0.05(-0.98 %),21220,107000000,0,0,4800,5090,4800
2020-09-23,4.34,5060,0.01(0.20 %),25880,129000000,0,0,5060,5060,4800
2020-09-24,4.14,4830,-0.23(-4.55 %),16010,78000000,0,0,5100,5100,4820
2020-09-25,4.25,4950,0.12(2.48 %),88190,440000000,0,0,4990,5100,4800
2020-09-28,4.36,5080,0.13(2.63 %),5570,27000000,0,0,4850,5080,4850
2020-09-29,4.2,4900,-0.18(-3.54 %),38530,191000000,0,0,5010,5010,4900
2020-09-30,4.2,4900,0(0.00 %),34700,172000000,0,0,5070,5070,4810
2020-10-01,4.26,4960,0.06(1.22 %),51810,245000000,0,0,4900,4980,4660
2020-10-02,4.26,4960,0(0.00 %),55930,267000000,0,0,4890,4960,4760
2020-10-05,4.11,4790,-0.17(-3.43 %),2730,13000000,0,0,4900,4960,4700
2020-10-06,4.22,4920,0.13(2.71 %),19180,90000000,0,0,4790,4940,4500
2020-10-07,4.14,4820,-0.1(-2.03 %),9790,47000000,0,0,4780,4900,4700
2020-10-08,4.21,4910,0.09(1.87 %),12590,60000000,0,0,4770,4990,4720
2020-10-09,4.16,4850,-0.06(-1.22 %),12830,62000000,1215000,6318000000,4810,4850,4800
2020-10-12,4.2,4900,0.05(1.03 %),15260,74000000,0,0,4870,4900,4850
2020-10-13,4.08,4760,-0.14(-2.86 %),11520,55000000,0,0,4780,4880,4750
2020-10-14,4.09,4770,0.01(0.21 %),5060,24000000,0,0,4780,4780,4650
2020-10-15,4.11,4790,0.02(0.42 %),47110,217000000,0,0,4770,4790,4560
2020-10-16,3.93,4580,-0.21(-4.38 %),13650,63000000,0,0,4790,4790,4560
2020-10-19,4.08,4750,0.17(3.71 %),30070,143000000,0,0,4840,4840,4600
2020-10-20,3.95,4600,-0.15(-3.16 %),20800,96000000,0,0,4610,4750,4600
2020-10-21,3.89,4530,-0.07(-1.52 %),7720,35000000,0,0,4600,4650,4510
2020-10-22,3.95,4600,0.07(1.55 %),51980,231000000,0,0,4510,4700,4310
2020-10-23,3.95,4600,0(0.00 %),15750,70000000,0,0,4410,4600,4400
2020-10-26,4.12,4800,0.2(4.35 %),60,0,0,0,4600,4800,4600
2020-10-27,4.08,4760,-0.04(-0.83 %),23650,106000000,0,0,4500,4790,4470
2020-10-28,3.95,4600,-0.16(-3.36 %),3360,15000000,0,0,4440,4750,4430
2020-10-29,4.03,4700,0.1(2.17 %),4760,21000000,0,0,4400,4700,4400
2020-10-30,4.01,4670,-0.03(-0.64 %),20,0,0,0,4680,4680,4670
2020-11-02,3.96,4620,-0.05(-1.07 %),30,0,0,0,4670,4670,4620
2020-11-03,3.94,4590,-0.03(-0.65 %),240,1000000,0,0,4410,4590,4410
2020-11-04,3.93,4580,-0.01(-0.22 %),13420,60000000,0,0,4580,4580,4500
2020-11-05,3.92,4570,-0.01(-0.22 %),4650,21000000,0,0,4570,4570,4400
2020-11-06,3.93,4580,0.01(0.22 %),460,2000000,0,0,4650,4650,4550
2020-11-09,3.93,4580,0(0.00 %),2380,10000000,0,0,4650,4650,4260
2020-11-10,3.89,4530,-0.05(-1.09 %),1280,6000000,0,0,4580,4580,4280
2020-11-11,3.86,4500,-0.03(-0.66 %),2530,11000000,0,0,4520,4520,4410
2020-11-12,3.85,4490,-0.01(-0.22 %),6160,27000000,0,0,4500,4500,4310
2020-11-13,3.78,4400,-0.09(-2.00 %),24830,106000000,0,0,4320,4490,4200
2020-11-16,3.85,4490,0.09(2.05 %),17130,76000000,0,0,4410,4520,4400
2020-11-17,3.78,4400,-0.09(-2.00 %),17090,75000000,0,0,4400,4500,4300
2020-11-18,3.78,4400,0(0.00 %),9160,40000000,0,0,4400,4500,4400
2020-11-19,3.78,4400,0(0.00 %),18840,83000000,0,0,4400,4520,4370
2020-11-20,3.73,4350,-0.05(-1.14 %),27050,119000000,0,0,4400,4400,4350
2020-11-23,3.78,4400,0.05(1.15 %),13020,57000000,0,0,4400,4500,4400
2020-11-24,4.03,4700,0.3(6.82 %),45410,213000000,0,0,4700,4700,4660
2020-11-25,4.03,4700,0(0.00 %),10720,50000000,0,0,4700,4800,4700
2020-11-26,4.03,4700,0(0.00 %),5500,26000000,0,0,4700,4800,4600
2020-11-27,4.12,4800,0.1(2.13 %),370,2000000,0,0,4700,4800,4700
2020-11-30,4.02,4690,-0.11(-2.29 %),1520,7000000,0,0,4600,4690,4600
2020-12-01,4.02,4690,0(0.00 %),0,0,0,0,4690,4690,4690
2020-12-02,3.94,4590,-0.1(-2.13 %),910,4000000,0,0,4600,4600,4500
2020-12-03,4.02,4690,0.1(2.18 %),5310,25000000,0,0,4700,4700,4680
2020-12-04,4.02,4680,-0.01(-0.21 %),3710,17000000,0,0,4600,4680,4600
2020-12-07,4.02,4680,0(0.00 %),6000,28000000,0,0,4680,4680,4600
2020-12-08,3.95,4600,-0.08(-1.71 %),4730,22000000,0,0,4360,4650,4360
2020-12-09,3.94,4590,-0.01(-0.22 %),32810,148000000,0,0,4500,4590,4500
2020-12-10,3.94,4590,0(0.00 %),100,0,0,0,4590,4590,4590
2020-12-11,3.99,4650,0.06(1.31 %),15210,70000000,0,0,4750,4750,4500
2020-12-14,3.99,4650,0(0.00 %),670,3000000,0,0,4650,4650,4650
2020-12-15,3.95,4600,-0.05(-1.08 %),2840,13000000,0,0,4650,4650,4360
2020-12-16,3.83,4460,-0.14(-3.04 %),8920,40000000,0,0,4410,4570,4400
2020-12-17,3.85,4490,0.03(0.67 %),6370,28000000,0,0,4460,4490,4460
2020-12-18,3.94,4590,0.1(2.23 %),16590,76000000,0,0,4500,4590,4500
2020-12-21,3.96,4620,0.03(0.65 %),14200,65000000,0,0,4590,4620,4500
2020-12-22,3.95,4600,-0.02(-0.43 %),24450,114000000,0,0,4300,4680,4300
2020-12-23,4.03,4700,0.1(2.17 %),16310,77000000,0,0,4650,4860,4650
2020-12-24,4.03,4700,0(0.00 %),37730,182000000,0,0,4850,4900,4700
2020-12-25,4.28,4990,0.29(6.17 %),44080,217000000,0,0,4860,4990,4700
2020-12-28,4.14,4820,-0.17(-3.41 %),42770,213000000,0,0,4990,5000,4810
2020-12-29,4.21,4910,0.09(1.87 %),112040,560000000,0,0,4820,5020,4820
2020-12-30,4.23,4930,0.02(0.41 %),19270,96000000,0,0,4930,5090,4910
2020-12-31,4.52,5270,0.34(6.90 %),122140,635000000,0,0,5000,5270,5000
2021-01-04,4.57,5330,0.06(1.14 %),54100,292000000,0,0,5600,5630,5300
2021-01-05,4.89,5700,0.37(6.94 %),104100,584000000,0,0,5300,5700,5300
2021-01-06,5.23,6090,0.39(6.84 %),254300,1549000000,0,0,6090,6090,6090
2021-01-07,5.59,6510,0.42(6.90 %),405700,2633000000,0,0,6510,6510,6100
2021-01-08,5.49,6400,-0.11(-1.69 %),172700,1092000000,0,0,6500,6600,6100
2021-01-11,5.49,6400,0(0.00 %),168600,1053000000,236552,1409849920,6400,6450,6100
2021-01-12,5.5,6410,0.01(0.16 %),93000,591000000,0,0,6410,6410,6300
2021-01-13,5.58,6500,0.09(1.40 %),110500,713000000,139344,905736000,6410,6700,6410
2021-01-14,5.96,6950,0.45(6.92 %),153300,1021000000,46807,304245500,6500,6950,6450
2021-01-15,6.28,7320,0.37(5.32 %),177400,1295000000,0,0,6950,7400,6950
2021-01-18,5.96,6950,-0.37(-5.05 %),73600,510000000,0,0,6900,7100,6890
2021-01-19,5.66,6600,-0.35(-5.04 %),98400,656000000,0,0,7090,7100,6500
2021-01-20,5.83,6800,0.2(3.03 %),103500,686000000,0,0,6600,6900,6450
2021-01-21,6.1,7110,0.31(4.56 %),70100,496000000,0,0,6800,7200,6800
2021-01-22,6.13,7150,0.04(0.56 %),126400,899000000,0,0,7030,7200,7000
2021-01-25,6.11,7120,-0.03(-0.42 %),98100,683000000,0,0,7150,7150,6900
2021-01-26,5.92,6900,-0.22(-3.09 %),80100,555000000,0,0,7000,7100,6800
2021-01-27,5.79,6750,-0.15(-2.17 %),125300,849000000,0,0,6900,6990,6600
2021-01-28,5.92,6900,0.15(2.22 %),170300,1143000000,0,0,6500,6900,6420
2021-01-29,5.92,6900,0(0.00 %),78500,541000000,0,0,6940,6940,6800
2021-02-01,5.92,6900,0(0.00 %),63900,440000000,0,0,6900,6900,6800
2021-02-02,6.11,7120,0.22(3.19 %),94100,661000000,0,0,6850,7150,6850
2021-02-03,6.11,7120,0(0.00 %),12100,85000000,0,0,6950,7120,6950
2021-02-04,6.53,7610,0.49(6.88 %),298800,2229000000,0,0,7120,7610,7120
2021-02-05,6.69,7800,0.19(2.50 %),144300,1106000000,0,0,7610,7800,7580
2021-02-08,6.73,7840,0.04(0.51 %),10600,81000000,0,0,7800,7840,7500
2021-02-09,6.77,7890,0.05(0.64 %),80100,623000000,0,0,7890,7890,7600
2021-02-17,6.86,8000,0.11(1.39 %),108700,858000000,0,0,7890,8050,7610
2021-02-18,7.21,8400,0.4(5.00 %),68800,565000000,0,0,7850,8400,7850
2021-02-19,7.21,8400,0(0.00 %),12100,102000000,0,0,8400,8400,8350
2021-02-22,6.91,8050,-0.35(-4.17 %),37500,304000000,0,0,8000,8300,7900
2021-02-23,7.04,8200,0.15(1.86 %),39400,321000000,0,0,8000,8200,7960
2021-02-24,7.21,8400,0.2(2.44 %),69600,581000000,0,0,8350,8500,8180
2021-02-25,7.34,8550,0.15(1.79 %),72500,614000000,0,0,8400,8600,8400
2021-02-26,7.72,9000,0.45(5.26 %),158400,1361000000,0,0,8300,9000,8300
2021-03-01,8.0,9320,0.32(3.56 %),78500,727000000,0,0,9100,9590,9100
2021-03-02,8.15,9500,0.18(1.93 %),82900,782000000,100000,950000000,9350,9550,9350
2021-03-03,8.41,9800,0.3(3.16 %),34000,335000000,0,0,9800,10000,9500
2021-03-04,8.24,9600,-0.2(-2.04 %),81000,803000000,0,0,10000,10100,9600
2021-03-05,8.15,9500,-0.1(-1.04 %),41200,388000000,0,0,9600,9600,9200
2021-03-08,7.98,9300,-0.2(-2.11 %),146400,1364000000,0,0,9390,9500,9200
2021-03-09,7.98,9300,0(0.00 %),59600,552000000,0,0,9300,9300,9200
2021-03-10,8.11,9450,0.15(1.61 %),193700,1796000000,0,0,9300,9450,9200
2021-03-11,8.58,10000,0.55(5.82 %),187700,1860000000,0,0,9550,10050,9550
2021-03-12,9.18,10700,0.7(7.00 %),259700,2763000000,0,0,10200,10700,10200
2021-03-15,9.78,11400,0.7(6.54 %),140700,1602000000,0,0,11400,11400,11000
2021-03-16,10.04,11700,0.3(2.63 %),177300,2076000000,0,0,11800,11900,11400
2021-03-17,9.48,11050,0.05(0.45 %),270200,2971000000,0,0,11000,11450,10900
2021-03-18,9.78,11400,0.35(3.17 %),304000,3346000000,0,0,11050,11500,10300
2021-03-19,9.48,11050,-0.35(-3.07 %),180800,2050000000,0,0,11400,11500,11050
2021-03-22,9.35,10900,-0.15(-1.36 %),95200,1036000000,0,0,11050,11050,10800
2021-03-23,9.44,11000,0.1(0.92 %),131100,1447000000,0,0,10900,11200,10850
2021-03-24,9.57,11150,0.15(1.36 %),131600,1472000000,0,0,10900,11300,10900
2021-03-25,9.61,11200,0.05(0.45 %),262000,2918000000,0,0,11150,11200,11050
2021-03-26,9.7,11300,0.1(0.89 %),303700,3395000000,0,0,11200,11300,11100
2021-03-29,10.34,12050,0.75(6.64 %),245900,2871000000,0,0,11300,12050,11250
2021-03-30,11.03,12850,0.8(6.64 %),221800,2843000000,150000,1830000000,12700,12850,12500
2021-03-31,11.75,13700,0.85(6.61 %),177600,2389000000,150000,1867500000,12900,13700,12900
2021-04-01,11.93,13900,0.2(1.46 %),219100,3049000000,0,0,13900,14200,13700
2021-04-02,11.54,13450,-0.45(-3.24 %),139000,1880000000,0,0,13950,13950,13300
2021-04-05,11.71,13650,0.2(1.49 %),184600,2493000000,0,0,13400,13800,13300
2021-04-06,11.63,13550,-0.1(-0.73 %),124700,1689000000,150000,2062500000,13700,13700,13450
2021-04-07,11.63,13550,0(0.00 %),116300,1564000000,0,0,13400,13600,13350
2021-04-08,11.63,13550,0(0.00 %),125700,1706000000,0,0,13500,13700,13500
2021-04-09,11.67,13600,0.05(0.37 %),58200,790000000,0,0,13550,13700,13500
2021-04-12,11.67,13600,0(0.00 %),127600,1734000000,0,0,13500,13700,13500
2021-04-13,12.1,14100,0.5(3.68 %),222100,3085000000,0,0,13600,14150,13600
2021-04-14,12.27,14300,0.2(1.42 %),96300,1379000000,0,0,14100,14500,14000
2021-04-15,11.75,13700,-0.6(-4.20 %),76600,1046000000,0,0,14300,14300,13400
2021-04-16,11.58,13500,-0.2(-1.46 %),143300,1932000000,0,0,13500,13600,13400
2021-04-19,12.01,14000,0.5(3.70 %),115900,1607000000,0,0,13700,14100,13700
2021-04-20,12.83,14950,0.95(6.79 %),328100,4775000000,0,0,14000,14950,14000
2021-04-22,12.18,14200,-0.75(-5.02 %),105700,1578000000,0,0,15000,15400,14200
2021-04-23,12.78,14900,0.7(4.93 %),55500,792000000,0,0,14000,14900,13900
2021-04-26,12.01,14000,-0.9(-6.04 %),106000,1495000000,0,0,14950,14950,13900
2021-04-27,11.93,13900,-0.1(-0.71 %),110200,1526000000,0,0,13300,14200,13300
2021-04-28,12.01,14000,0.1(0.72 %),62600,868000000,0,0,13700,14100,13700
2021-04-29,12.18,14200,0.2(1.43 %),77500,1089000000,0,0,13900,14200,13900
2021-05-04,12.1,14100,-0.1(-0.70 %),120100,1694000000,0,0,14300,14300,14000
2021-05-05,12.1,14100,0(0.00 %),50100,706000000,180000,2529000000,14100,14200,14000
2021-05-06,12.27,14300,0.2(1.42 %),62000,876000000,0,0,14100,14300,14000
2021-05-07,12.18,14200,-0.1(-0.70 %),39900,564000000,0,0,14300,14300,14000
2021-05-10,11.97,13950,-0.25(-1.76 %),58300,810000000,0,0,14000,14000,13600
2021-05-11,11.97,13950,0(0.00 %),157500,2187000000,0,0,13700,14000,13700
2021-05-12,11.97,13950,0(0.00 %),51700,718000000,0,0,13700,14000,13700
2021-05-13,12.7,14800,0.85(6.09 %),173900,2527000000,128700,1795365000,13950,14900,13800
2021-05-14,12.96,15100,0.3(2.03 %),108700,1642000000,0,0,14800,15300,14800
2021-05-17,12.36,14400,-0.7(-4.64 %),52800,764000000,0,0,15100,15100,14200
2021-05-18,12.01,14000,-0.4(-2.78 %),62600,868000000,50000,702500000,14200,14200,13600
2021-05-19,12.01,14000,0(0.00 %),59300,825000000,0,0,13800,14000,13600
2021-05-20,11.84,13800,-0.2(-1.43 %),65800,908000000,0,0,13750,13900,13750
2021-05-21,12.01,14000,0.2(1.45 %),61000,852000000,0,0,13800,14200,13800
2021-05-24,12.36,14400,0.4(2.86 %),27900,397000000,0,0,14000,14500,13800
2021-05-25,12.27,14300,-0.1(-0.69 %),35500,504000000,0,0,14400,14400,14000
2021-05-26,12.14,14150,-0.15(-1.05 %),67800,951000000,0,0,14000,14150,13900
2021-05-27,12.01,14000,-0.15(-1.06 %),20000,278000000,0,0,14000,14000,13800
2021-05-28,12.06,14050,0.05(0.36 %),35500,496000000,0,0,13800,14100,13800
2021-05-31,12.27,14300,0.25(1.78 %),28500,405000000,0,0,14050,14300,14050
2021-06-01,12.1,14100,-0.2(-1.40 %),15700,220000000,0,0,14000,14100,14000
2021-06-02,12.1,14100,0(0.00 %),25400,359000000,0,0,14100,14200,14000
2021-06-03,12.27,14300,0.2(1.42 %),36600,520000000,0,0,14100,14300,14100
2021-06-04,12.7,14800,0.5(3.50 %),59800,882000000,0,0,14400,15000,14400
2021-06-07,13.47,15700,0.9(6.08 %),92900,1438000000,0,0,14900,15700,14900
2021-06-08,14.07,16400,0.7(4.46 %),110900,1819000000,0,0,16000,16500,16000
2021-06-09,14.59,17000,0.6(3.66 %),47000,800000000,0,0,17500,17500,16500
2021-06-10,13.99,16300,-0.7(-4.12 %),103500,1671000000,0,0,16500,16900,15900
2021-06-11,14.93,17400,1.1(6.75 %),155800,2607000000,0,0,16100,17400,16100
2021-06-14,14.93,17400,0(0.00 %),81000,1406000000,0,0,17000,17500,17000
2021-06-15,14.5,16900,-0.5(-2.87 %),24100,409000000,0,0,16800,17200,16800
2021-06-16,14.5,16900,0(0.00 %),28300,474000000,0,0,17000,17000,16000
2021-06-17,14.16,16500,-0.4(-2.37 %),25900,424000000,0,0,16900,16900,16000
2021-06-18,13.9,16200,-0.3(-1.82 %),42100,677000000,0,0,16000,16200,15500
2021-06-21,14.07,16400,0.2(1.23 %),93600,1528000000,0,0,16300,16500,16100
2021-06-22,14.03,16350,-0.05(-0.30 %),37200,609000000,0,0,16350,16400,16350
2021-06-23,14.03,16350,0(0.00 %),54600,885000000,0,0,16000,16350,15900
2021-06-24,13.9,16200,-0.15(-0.92 %),51800,831000000,0,0,15900,16200,15900
2021-06-25,13.64,15900,-0.3(-1.85 %),186000,2955000000,0,0,16100,16100,15800
2021-06-28,13.47,15700,-0.2(-1.26 %),198800,3079000000,0,0,15700,15800,15000
2021-06-29,12.87,15000,-0.7(-4.46 %),191200,2910000000,0,0,15700,15700,14700
2021-06-30,12.27,14300,-0.7(-4.67 %),144800,2126000000,0,0,15000,15000,14300
2021-07-01,12.48,14550,0.25(1.75 %),184700,2669000000,0,0,14400,14550,14400
2021-07-02,12.36,14400,-0.15(-1.03 %),165700,2397000000,0,0,14550,14550,14400
2021-07-05,12.31,14350,-0.05(-0.35 %),166200,2386000000,0,0,14400,14450,14300
2021-07-06,12.31,14350,0(0.00 %),152200,2186000000,0,0,14400,14400,14350
2021-07-07,12.27,14300,-0.05(-0.35 %),153400,2191000000,1100239,15788429650,14100,14400,14100
2021-07-08,12.23,14250,-0.05(-0.35 %),225200,3199000000,1278330,18280119000,14300,14300,14200
2021-07-09,12.18,14200,-0.05(-0.35 %),176700,2517000000,0,0,14250,14250,14150
2021-07-12,12.06,14050,-0.15(-1.06 %),132600,1836000000,0,0,14200,14200,13600
2021-07-13,12.06,14050,0(0.00 %),147900,2078000000,1000000,14380000000,14100,14150,14000
2021-07-14,12.87,15000,0.95(6.76 %),412300,6021000000,0,0,14050,15000,14050
2021-07-15,13.77,16050,1.05(7.00 %),528800,8428000000,0,0,15300,16050,15300
2021-07-16,13.69,15950,-0.1(-0.62 %),217500,3500000000,0,0,16050,16400,15950
2021-07-19,12.74,14850,-1.1(-6.90 %),89600,1356000000,0,0,15500,15500,14850
2021-07-20,12.18,14200,-0.65(-4.38 %),279300,3896000000,0,0,13850,14900,13850
2021-07-21,12.78,14900,0.7(4.93 %),245000,3619000000,0,0,14200,15150,14050
2021-07-22,12.44,14500,-0.4(-2.68 %),161100,2339000000,0,0,14900,14900,14000
2021-07-23,12.01,14000,-0.5(-3.45 %),167000,2378000000,0,0,14500,14550,14000
2021-07-26,12.31,14350,0.35(2.50 %),202200,2907000000,0,0,13950,14700,13950
2021-07-27,13.04,15200,0.85(5.92 %),344000,5061000000,0,0,14350,15200,14200
2021-07-28,12.87,15000,-0.2(-1.32 %),214800,3222000000,0,0,15250,15400,14750
2021-07-29,12.87,15000,0(0.00 %),228700,3397000000,0,0,15000,15000,14600
2021-07-30,13.3,15500,0.5(3.33 %),310200,4697000000,0,0,15000,15600,14900
2021-08-02,12.87,15000,-0.5(-3.23 %),192100,2898000000,0,0,15500,15550,14800
2021-08-03,13.04,15200,0.2(1.33 %),212900,3187000000,0,0,15000,15200,14850
2021-08-04,13.56,15800,0.6(3.95 %),337100,5155000000,0,0,15200,15800,14900
2021-08-05,13.81,16100,0.3(1.90 %),297900,4747000000,0,0,15600,16350,15550
2021-08-06,13.81,16100,0(0.00 %),212600,3393000000,0,0,16000,16150,15750
2021-08-09,13.81,16100,0(0.00 %),262700,4175000000,0,0,15950,16100,15700
2021-08-10,13.69,15950,-0.15(-0.93 %),280300,4493000000,0,0,16100,16200,15900
2021-08-11,13.9,16200,0.25(1.57 %),410200,6595000000,0,0,16000,16300,15950
2021-08-12,14.07,16400,0.2(1.23 %),324000,5274000000,0,0,16100,16500,16000
2021-08-13,13.56,15800,-0.6(-3.66 %),155000,2470000000,0,0,16300,16350,15600
2021-08-16,12.96,15100,-0.7(-4.43 %),202600,3053000000,0,0,15750,15750,14800
2021-08-17,12.7,14800,-0.3(-1.99 %),342100,4907000000,0,0,14800,14900,14100
2021-08-18,12.27,14300,-0.5(-3.38 %),222400,3201000000,0,0,14800,14800,14150
2021-08-19,12.27,14300,0(0.00 %),265300,3831000000,0,0,14150,14650,14150
2021-08-20,12.44,14500,0.2(1.40 %),322300,4617000000,0,0,14300,14500,14000
2021-08-23,12.61,14700,0.2(1.38 %),447000,6552000000,0,0,14500,14900,14500
2021-08-24,12.66,14750,0.05(0.34 %),305900,4448000000,6100000,91300031250,14700,14850,14100
2021-08-25,12.01,14000,-0.05(-0.36 %),267900,3863000000,0,0,14700,14750,14000
2021-08-26,11.58,13500,-0.5(-3.57 %),312100,4322000000,0,0,13800,14300,13500
2021-08-27,11.13,12550,-1.15(-8.52 %),208700,2532000000,0,0,12550,12550,12550
2021-08-30,11.89,13200,0.85(6.88 %),629000,8209000000,0,0,12500,13200,12400
2021-08-31,12.61,14000,0.8(6.06 %),568800,7888000000,0,0,13400,14100,13400
2021-09-01,12.34,13700,-0.3(-2.14 %),244400,3340000000,0,0,14000,14000,13300
2021-09-06,12.39,13750,0.05(0.36 %),366600,4968000000,0,0,13600,13900,13100
2021-09-07,12.16,13500,-0.25(-1.82 %),386600,5252000000,350000,4725000000,13550,13800,13400
2021-09-08,11.35,12600,-0.9(-6.67 %),408200,5391000000,0,0,13500,13550,12600
2021-09-09,11.67,12950,0.35(2.78 %),243500,3141000000,0,0,12600,13050,12600
2021-09-10,11.85,13150,0.2(1.54 %),411500,5314000000,0,0,12600,13400,12600
2021-09-13,12.21,13550,0.4(3.04 %),698700,9413000000,0,0,13250,13750,13150
2021-09-14,12.07,13400,-0.15(-1.11 %),450200,6025000000,0,0,13550,13550,13250
2021-09-15,12.52,13900,0.5(3.73 %),701200,9503000000,0,0,13250,13950,13050
2021-09-16,13.38,14850,0.95(6.83 %),1168100,17200000000,0,0,14000,14850,14000
2021-09-17,13.87,15400,0.55(3.70 %),941800,14693000000,0,0,15500,15850,15200
2021-09-20,13.11,14550,-0.85(-5.52 %),484600,7203000000,0,0,14500,15400,14500
2021-09-21,12.3,13650,-0.9(-6.19 %),506600,6971000000,0,0,13900,14250,13550
2021-09-22,13.15,14600,0.95(6.96 %),644200,9168000000,0,0,13650,14600,13650
2021-09-23,12.61,14000,-0.6(-4.11 %),429900,6251000000,0,0,14650,14950,14000
2021-09-24,12.61,14000,0(0.00 %),407200,5745000000,0,0,14000,14600,13500
2021-09-27,11.76,13050,-0.95(-6.79 %),654800,8670000000,0,0,13600,13900,13050
2021-09-28,11.67,12950,-0.1(-0.77 %),360200,4555000000,0,0,12700,13050,12350
2021-09-29,11.53,12800,-0.15(-1.16 %),372800,4760000000,0,0,12900,12950,12600
2021-09-30,11.49,12750,-0.05(-0.39 %),313100,4001000000,0,0,12550,12900,12550
2021-10-01,11.76,13050,0.3(2.35 %),368600,4780000000,0,0,12750,13200,12750
2021-10-04,12.16,13500,0.45(3.45 %),472500,6250000000,0,0,13100,13600,12750
2021-10-05,11.98,13300,-0.2(-1.48 %),275000,3630000000,0,0,13600,13650,13000
2021-10-06,11.89,13200,-0.1(-0.75 %),318500,4177000000,0,0,13300,13350,13000
2021-10-07,11.94,13250,0.05(0.38 %),274200,3632000000,0,0,13200,13400,13150
2021-10-08,11.89,13200,-0.05(-0.38 %),272500,3618000000,0,0,13250,13500,13200
2021-10-11,11.98,13300,0.1(0.76 %),449600,5898000000,0,0,13200,13300,13000
2021-10-12,11.71,13000,-0.3(-2.26 %),323000,4213000000,800000,10400000000,13300,13300,12950
2021-10-13,12.12,13450,0.45(3.46 %),522300,6987000000,0,0,13000,13700,13000
2021-10-14,12.25,13600,0.15(1.12 %),519100,6963000000,1000000,13000000000,13450,13650,13200
2021-10-15,12.25,13600,0(0.00 %),403300,5507000000,1200000,15180000000,13600,13950,13500
2021-10-18,12.34,13700,0.1(0.74 %),355200,4859000000,0,0,13650,13900,13500
2021-10-19,12.34,13700,0(0.00 %),331500,4508000000,0,0,13700,13750,13500
2021-10-20,12.16,13500,-0.2(-1.46 %),838100,11320000000,0,0,13700,13700,13300
2021-10-21,12.34,13700,0.2(1.48 %),619900,8331000000,0,0,13550,13700,13300
2021-10-22,13.2,14650,0.95(6.93 %),2084100,30162000000,0,0,13750,14650,13750
2021-10-25,13.29,14750,0.1(0.68 %),1247100,18882000000,0,0,14950,15550,14650
2021-10-26,13.29,14750,0(0.00 %),654900,9488000000,85000,1173000000,14550,14750,14100
2021-10-27,13.65,15150,0.4(2.71 %),834000,12367000000,0,0,14750,15300,14400
2021-10-28,14.23,15800,0.65(4.29 %),914100,14168000000,0,0,15300,15900,15100
2021-10-29,15.23,16900,1.1(6.96 %),828200,13844000000,0,0,16000,16900,16000
2021-11-01,15.32,17000,0.1(0.59 %),962400,16376000000,0,0,17000,17700,16500
2021-11-02,15.32,17000,0(0.00 %),554300,9366000000,0,0,16850,17250,16500
2021-11-03,14.28,15850,-1.15(-6.76 %),1204400,19674000000,0,0,17050,17250,15850
2021-11-04,14.01,15550,-0.3(-1.89 %),658400,9905000000,0,0,14750,15600,14750
2021-11-05,13.83,15350,-0.2(-1.29 %),620900,9547000000,0,0,15250,15750,15200
2021-11-08,13.69,15200,-0.15(-0.98 %),739000,11277000000,0,0,15550,15650,15000
2021-11-09,13.69,15200,0(0.00 %),582000,8740000000,0,0,15200,15250,14800
2021-11-10,14.37,15950,0.75(4.93 %),604500,9529000000,0,0,15300,16000,15250
2021-11-11,14.68,16300,0.35(2.19 %),792200,12870000000,0,0,16700,16700,15900
2021-11-12,14.68,16300,0(0.00 %),636900,10280000000,0,0,16300,16500,15800
2021-11-15,14.77,16400,0.1(0.61 %),864500,14070000000,0,0,16350,16800,15600
2021-11-16,14.55,16150,-0.25(-1.52 %),626300,10112000000,0,0,15600,16350,15600
2021-11-17,14.82,16450,0.3(1.86 %),831100,13503000000,0,0,16150,16500,15900
2021-11-18,15.86,17600,1.15(6.99 %),2144500,36798000000,0,0,16650,17600,16350
2021-11-19,14.95,16600,-1(-5.68 %),1203600,21031000000,0,0,18500,18500,16400
2021-11-22,13.92,15450,-1.15(-6.93 %),574700,9146000000,0,0,15900,16700,15450
2021-11-23,13.96,15500,0.05(0.32 %),656000,9626000000,0,0,14500,15500,14400
2021-11-24,13.69,15200,-0.3(-1.94 %),431500,6674000000,0,0,16200,16200,15000
2021-11-25,13.87,15400,0.2(1.32 %),337000,5139000000,0,0,15250,15450,15000
2021-11-26,13.6,15100,-0.3(-1.95 %),401500,6120000000,0,0,15450,15650,15000
2021-11-29,13.96,15500,0.4(2.65 %),323000,4845000000,0,0,14550,16000,14550
2021-11-30,14.01,15550,0.05(0.32 %),384600,6050000000,0,0,15600,16100,15450
2021-12-01,13.83,15350,-0.2(-1.29 %),224300,3438000000,0,0,15550,15550,15200
2021-12-02,14.32,15900,0.55(3.58 %),531800,8392000000,0,0,15350,16200,15000
2021-12-03,13.78,15300,-0.6(-3.77 %),298800,4631000000,0,0,16000,16100,15000
2021-12-06,12.88,14300,-1(-6.54 %),347700,5099000000,0,0,15300,15300,14300
2021-12-07,13.15,14600,0.3(2.10 %),324000,4659000000,0,0,14300,14600,14000
2021-12-08,13.24,14700,0.1(0.68 %),107800,1584000000,0,0,14600,14900,14600
2021-12-09,13.15,14600,-0.1(-0.68 %),170100,2476000000,0,0,14050,14850,14050
2021-12-10,13.06,14500,-0.1(-0.68 %),159100,2302000000,0,0,14500,14700,14200
2021-12-13,13.51,15000,0.5(3.45 %),246700,3665000000,0,0,14500,15100,14300
2021-12-14,13.33,14800,-0.2(-1.33 %),172000,2550000000,0,0,15100,15100,14600
2021-12-15,13.78,15300,0.5(3.38 %),469300,7141000000,0,0,14850,15400,14850
2021-12-16,13.51,15000,-0.3(-1.96 %),185900,2811000000,0,0,15500,15550,14800
2021-12-17,13.33,14800,-0.2(-1.33 %),234800,3489000000,0,0,14900,15100,14750
2021-12-20,13.2,14650,-0.15(-1.01 %),214700,3175000000,0,0,14800,15200,14650
2021-12-21,12.88,14300,-0.35(-2.39 %),362500,5223000000,0,0,14600,14650,14300
2021-12-22,13.78,15300,1(6.99 %),649600,9837000000,0,0,14050,15300,14050
2021-12-23,13.69,15200,-0.1(-0.65 %),450000,6930000000,0,0,15750,15750,14700
2021-12-24,13.29,14750,-0.45(-2.96 %),244600,3652000000,0,0,14700,15300,14700
2021-12-27,13.33,14800,0(0.00 %),164200,2440000000,0,0,15100,15200,14700
2021-12-28,13.38,14850,0.05(0.34 %),295400,4355000000,0,0,14750,15000,14600
2021-12-29,13.51,15000,0.1(0.67 %),422400,6373000000,0,0,15300,15300,14800
2021-12-30,13.42,14900,-0.1(-0.67 %),180600,2695000000,0,0,15100,15100,14800
2021-12-31,13.29,14750,-0.15(-1.01 %),170200,2525000000,0,0,14900,14950,14750
2022-01-04,13.33,14800,0(0.00 %),284100,4195000000,0,0,15000,15000,14650
2022-01-05,13.11,14550,-0.25(-1.69 %),414100,6068000000,0,0,14800,14900,14550
2022-01-06,13.15,14600,0(0.00 %),369400,5398000000,0,0,14550,14750,14550
2022-01-07,13.33,14800,0.2(1.37 %),501100,7334000000,0,0,14600,14900,14500
2022-01-10,14.23,15800,1(6.76 %),1123900,17749000000,0,0,15800,15800,15550
2022-01-11,13.69,15200,-0.6(-3.80 %),377400,5823000000,0,0,15800,16000,15100
2022-01-12,13.24,14700,-0.5(-3.29 %),382400,5586000000,0,0,14400,14900,14400
2022-01-13,12.57,13950,-0.75(-5.10 %),841000,11834000000,0,0,14300,14450,13750
2022-01-14,12.61,14000,0(0.00 %),354700,4816000000,0,0,13200,14100,13200
2022-01-17,12.48,13850,-0.15(-1.07 %),429600,5977000000,0,0,14000,14250,13750
2022-01-18,12.61,14000,0.15(1.08 %),245400,3381000000,0,0,13500,14000,13500
2022-01-19,12.61,14000,0(0.00 %),239900,3336000000,0,0,13850,14050,13800
2022-01-20,13.2,14650,0.55(3.90 %),174000,2461000000,500000,7050000000,14000,14750,13800
2022-01-21,13.06,14500,0.5(3.57 %),102100,1463000000,0,0,14150,14500,14150
2022-01-24,12.7,14100,-0.4(-2.76 %),200400,2836000000,0,0,14450,14500,14050
2022-01-25,12.93,14350,0.25(1.77 %),151800,2154000000,0,0,14100,14500,14000
2022-01-26,12.93,14350,-0.05(-0.35 %),169100,2440000000,0,0,14250,14600,14200
2022-01-27,12.97,14400,0(0.00 %),161600,2330000000,0,0,14350,14600,14300
2022-01-28,12.88,14300,-0.1(-0.69 %),214300,3072000000,0,0,14300,14500,13950
2022-02-07,13.42,14900,0.6(4.20 %),103200,1531000000,0,0,14500,14950,14500
2022-02-08,13.24,14700,-0.2(-1.34 %),60100,879000000,0,0,14900,14900,14500
2022-02-09,13.2,14650,-0.05(-0.34 %),95500,1401000000,0,0,14300,14900,14300
2022-02-10,13.96,15500,0.8(5.44 %),636200,9688000000,0,0,14900,15650,14750
2022-02-11,13.78,15300,-0.2(-1.29 %),258100,4023000000,0,0,15500,15900,15200
2022-02-14,13.51,15000,-0.3(-1.96 %),88900,1338000000,0,0,15300,15300,15000
2022-02-15,13.33,14800,-0.2(-1.33 %),139900,2052000000,0,0,14700,15000,14500
2022-02-16,13.47,14950,0.15(1.01 %),142900,2128000000,0,0,15500,15500,14700
2022-02-17,13.56,15050,0.05(0.33 %),53900,808000000,0,0,15000,15200,14800
2022-02-18,13.56,15050,-0.05(-0.33 %),162000,2430000000,0,0,15050,15200,14800
2022-02-21,13.6,15100,0(0.00 %),258300,3881000000,0,0,15000,15200,14900
2022-02-22,13.96,15500,0.4(2.65 %),733600,11330000000,0,0,15200,15700,15000
2022-02-23,13.74,15250,-0.25(-1.61 %),380400,5878000000,0,0,15700,15700,15250
2022-02-24,13.38,14850,-0.45(-2.94 %),290400,4327000000,0,0,15100,15250,14400
2022-02-25,13.92,15450,0.55(3.69 %),475600,7255000000,0,0,14750,15700,14600
2022-02-28,13.96,15500,0(0.00 %),326500,5070000000,0,0,15550,15800,15250
2022-03-01,13.87,15400,-0.1(-0.65 %),247400,3815000000,0,0,15000,15600,15000
2022-03-02,13.6,15100,-0.3(-1.95 %),245100,3695000000,0,0,15200,15400,14950
2022-03-03,13.69,15200,0.1(0.66 %),238000,3621000000,0,0,15100,15500,14900
2022-03-04,13.6,15100,-0.1(-0.66 %),236200,3588000000,0,0,15300,15300,15050
2022-03-07,13.51,15000,-0.1(-0.66 %),330500,4968000000,0,0,15100,15300,14900
2022-03-08,13.51,15000,0(0.00 %),244800,3690000000,0,0,14850,15400,14850
2022-03-09,13.56,15050,0.05(0.33 %),287500,4317000000,0,0,15000,15200,14850
2022-03-10,14.5,16100,1(6.62 %),704300,11182000000,0,0,15250,16100,15150
2022-03-11,14.32,15900,-0.2(-1.24 %),1046600,17226000000,0,0,17000,17000,15900
2022-03-14,13.87,15400,-0.5(-3.14 %),213900,3307000000,0,0,15800,15900,15100
2022-03-15,14.05,15600,0.2(1.30 %),341700,5178000000,0,0,15350,15750,14850
2022-03-16,13.74,15250,-0.35(-2.24 %),223400,3422000000,0,0,15800,15800,15200
2022-03-17,13.78,15300,0(0.00 %),209700,3192000000,0,0,15250,15400,15100
2022-03-18,13.69,15200,-0.1(-0.65 %),218400,3326000000,0,0,15300,15350,15100
2022-03-21,13.78,15300,0.1(0.66 %),207600,3167000000,0,0,15250,15500,15200
2022-03-22,13.69,15200,-0.1(-0.65 %),288900,4393000000,0,0,15300,15500,15000
2022-03-23,13.78,15300,0.1(0.66 %),136300,2075000000,0,0,15100,15300,15100
2022-03-24,13.69,15200,-0.1(-0.65 %),171500,2605000000,0,0,15300,15300,15000
2022-03-25,13.78,15300,0.1(0.66 %),193900,2949000000,0,0,15200,15300,15150
2022-03-28,14.1,15650,0.35(2.29 %),552700,8601000000,0,0,15250,16200,15200
2022-03-29,14.41,16000,0.3(1.91 %),413600,6538000000,0,0,15650,16050,15500
2022-03-30,13.96,15500,-0.5(-3.12 %),427300,6810000000,0,0,15700,16450,15500
2022-03-31,13.69,15200,-0.3(-1.94 %),239800,3660000000,0,0,15550,15550,15150
2022-04-01,13.51,15000,-0.2(-1.32 %),276400,4158000000,0,0,15300,15300,14900
2022-04-04,13.74,15250,0.25(1.67 %),218100,3289000000,0,0,15000,15250,14950
2022-04-05,13.69,15200,-0.1(-0.65 %),100400,1519000000,0,0,15250,15350,15000
2022-04-06,13.6,15100,-0.1(-0.66 %),135300,2032000000,0,0,15100,15200,14950
2022-04-07,13.42,14900,-0.2(-1.32 %),199000,2972000000,0,0,15050,15100,14850
2022-04-08,13.15,14600,-0.3(-2.01 %),338100,4988000000,0,0,14900,14900,14400
2022-04-12,12.43,13800,-0.8(-5.48 %),155600,2214000000,0,0,14500,14900,13600
2022-04-13,12.25,13600,-0.2(-1.45 %),126500,1723000000,0,0,13800,14000,13200
2022-04-14,12.43,13800,0.2(1.47 %),96100,1322000000,0,0,13700,14000,13650
2022-04-15,12.34,13700,-0.1(-0.72 %),85900,1174000000,0,0,13900,13900,13600
2022-04-18,11.62,12900,-0.8(-5.84 %),237400,3113000000,0,0,13550,13700,12750
2022-04-19,10.81,12000,-0.9(-6.98 %),162000,2042000000,0,0,12800,13100,12000
2022-04-20,10.72,11900,-0.1(-0.83 %),168200,2018000000,0,0,11900,12400,11700
2022-04-21,10.99,12200,0.3(2.52 %),261600,3030000000,0,0,12000,12200,11100
2022-04-22,11.35,12600,0.4(3.28 %),177800,2251000000,0,0,12350,12800,12350
2022-04-25,10.59,11750,-0.85(-6.75 %),383000,4575000000,0,0,12100,12550,11750
2022-04-26,10.81,12000,0.2(1.69 %),189400,2179000000,0,0,11600,12000,11000
2022-04-27,10.99,12200,0.2(1.67 %),54500,662000000,743000,8916000000,12300,12400,11900
2022-04-28,10.99,12200,0(0.00 %),70500,868000000,0,0,12200,12550,12200
2022-04-29,11.26,12500,0.3(2.46 %),223200,2758000000,0,0,12200,12550,12150
2022-05-04,11.08,12300,-0.2(-1.60 %),236700,2920000000,0,0,12400,12400,12300
2022-05-05,10.86,12050,-0.25(-2.03 %),223800,2733000000,0,0,12300,12350,12000
2022-05-06,10.68,11850,-0.25(-2.07 %),242400,2893000000,0,0,12050,12050,11850
2022-05-09,10.0,11100,-0.8(-6.72 %),195800,2230000000,0,0,11700,11700,11050
2022-05-10,10.04,11150,0.05(0.45 %),180100,1983000000,0,0,10600,11300,10600
2022-05-11,10.36,11500,0.35(3.14 %),153300,1717000000,0,0,11050,11500,11050
2022-05-12,9.73,10800,-0.7(-6.09 %),195700,2204000000,691941,7957321500,11250,11500,10800
2022-05-13,9.05,10050,-0.75(-6.94 %),181500,1897000000,0,0,10800,10900,10050
2022-05-16,9.14,10150,0.05(0.50 %),240100,2469000000,2440559,24421395900,10050,10600,9350
2022-05-17,9.77,10850,0.65(6.37 %),232800,2430000000,0,0,10150,10850,10100
2022-05-18,9.95,11050,0.15(1.38 %),180700,1993000000,300000,3270000000,10850,11200,10850
2022-05-19,9.91,11000,-0.1(-0.90 %),170900,1858000000,1151295,12664245000,10550,11000,10550
2022-05-20,9.68,10750,-0.25(-2.27 %),252500,2767000000,0,0,11000,11200,10600
2022-05-23,9.68,10750,-0.05(-0.46 %),51200,551000000,0,0,10800,11000,10600
2022-05-24,9.68,10750,-0.05(-0.46 %),325200,3484000000,0,0,10750,10850,10500
2022-05-25,9.91,11000,0.2(1.85 %),322300,3482000000,0,0,10750,11000,10700
2022-05-26,9.91,11000,0(0.00 %),319900,3526000000,0,0,11000,11200,10950
2022-05-27,9.91,11000,0(0.00 %),387800,4264000000,0,0,10800,11350,10800
2022-05-30,10.09,11200,0.2(1.82 %),335000,3691000000,496000,5456000000,11000,11200,10800
2022-05-31,9.91,11000,-0.2(-1.79 %),314400,3463000000,0,0,11100,11200,10900
2022-06-01,10.09,11200,0.2(1.82 %),360600,3977000000,0,0,11000,11200,10900
2022-06-02,9.91,11000,-0.2(-1.79 %),316000,3495000000,0,0,11000,11200,10950
2022-06-03,9.91,11000,0(0.00 %),318600,3490000000,0,0,11000,11150,10900
2022-06-06,9.95,11050,0.05(0.45 %),373800,4118000000,0,0,11100,11200,10500
2022-06-07,10.0,11100,0(0.00 %),362800,3980000000,0,0,10950,11100,10500
2022-06-08,10.68,11850,0.75(6.76 %),553500,6442000000,50000,566000000,11200,11850,11150
2022-06-09,10.09,11200,-0.7(-5.88 %),402400,4758000000,0,0,12400,12400,11200
2022-06-10,10.18,11300,0.1(0.89 %),352100,3973000000,0,0,11250,11700,11100
2022-06-13,9.5,10550,-0.75(-6.64 %),392300,4169000000,0,0,10600,11250,10550
2022-06-14,8.86,9830,-0.77(-7.26 %),410500,4148000000,0,0,10300,10750,9830
2022-06-15,8.24,9150,-0.65(-6.63 %),370800,3540000000,0,0,9480,10200,9150
2022-06-16,8.22,9120,-0.08(-0.87 %),370100,3428000000,0,0,9590,9590,9120
2022-06-17,7.73,8580,-0.52(-5.71 %),388000,3313000000,0,0,8500,9000,8490
2022-06-20,7.19,7980,-0.62(-7.21 %),495600,4204000000,0,0,8570,8700,7980
2022-06-21,7.48,8300,0.3(3.75 %),506700,3951000000,0,0,7450,8350,7430
2022-06-22,8.0,8880,0.58(6.99 %),615400,5231000000,0,0,8400,8880,8000
2022-06-23,8.56,9500,0.6(6.74 %),656500,5985000000,0,0,8900,9500,8700
2022-06-24,8.33,9250,-0.25(-2.63 %),462200,4289000000,0,0,9400,9500,9170
2022-06-27,8.56,9500,0.2(2.15 %),572100,5333000000,0,0,9250,9500,9000
2022-06-28,8.83,9800,0.3(3.16 %),611700,5845000000,0,0,9490,9900,9250
2022-06-29,8.56,9500,-0.3(-3.06 %),515500,4917000000,0,0,9450,9850,9350
2022-06-30,8.29,9200,-0.3(-3.16 %),511400,4828000000,0,0,9500,9550,9200
2022-07-01,8.29,9200,0(0.00 %),510800,4598000000,0,0,9200,9250,8790
2022-07-04,8.38,9300,0.1(1.09 %),554200,5154000000,0,0,9200,9500,9150
2022-07-05,8.29,9200,-0.1(-1.08 %),538100,4979000000,0,0,9300,9400,8900
2022-07-06,7.75,8600,-0.6(-6.52 %),491600,4409000000,0,0,9020,9200,8560
2022-07-07,7.86,8730,0.13(1.51 %),515600,4466000000,0,0,8600,8750,8600
2022-07-08,8.02,8900,0.2(2.30 %),553900,4911000000,0,0,8730,8950,8730
2022-07-11,7.93,8800,-0.1(-1.12 %),513100,4486000000,0,0,8700,8900,8680
2022-07-12,8.37,9290,0.49(5.57 %),525000,4692000000,0,0,8800,9300,8730
2022-07-13,8.29,9200,-0.1(-1.08 %),522000,4809000000,0,0,9290,9290,9000
2022-07-14,8.2,9100,-0.1(-1.09 %),517800,4668000000,0,0,9190,9190,8910
2022-07-15,8.15,9050,-0.05(-0.55 %),508800,4617000000,0,0,9100,9100,8980
2022-07-18,8.25,9160,0.06(0.66 %),518400,4723000000,0,0,9050,9350,9000
2022-07-19,8.11,9000,-0.2(-2.17 %),518400,4699000000,0,0,9160,9190,8950
2022-07-20,8.33,9250,0.25(2.78 %),541600,4940000000,0,0,9060,9250,9060
2022-07-21,8.37,9290,-0.01(-0.11 %),510700,4742000000,0,0,9300,9400,9250
2022-07-22,8.12,9010,-0.29(-3.12 %),518400,4757000000,0,0,9290,9290,9010
2022-07-25,8.03,8910,-0.09(-1.00 %),185500,1657000000,0,0,8860,9100,8860
2022-07-26,7.89,8760,-0.14(-1.57 %),172900,1530000000,0,0,9000,9000,8750
2022-07-27,7.53,8360,-0.44(-5.00 %),266100,2256000000,0,0,8610,8850,8150
2022-07-28,7.88,8750,0.35(4.17 %),313100,2695000000,0,0,8550,8750,8420
2022-07-29,7.96,8840,0.04(0.45 %),403000,3553000000,0,0,8740,8900,8740
2022-08-01,8.15,9050,0.25(2.84 %),443100,3926000000,0,0,8840,9150,8670
2022-08-02,8.38,9300,0.2(2.20 %),478900,4367000000,0,0,9050,9350,9000
2022-08-03,8.37,9290,-0.01(-0.11 %),451100,4174000000,0,0,9290,9300,9000
2022-08-04,8.7,9660,0.36(3.87 %),501700,4880000000,0,0,9290,9940,9290
2022-08-05,8.76,9720,0.02(0.21 %),409900,3953000000,0,0,9600,9750,9530
2022-08-08,8.74,9700,0(0.00 %),432300,4201000000,0,0,9730,9800,9680
2022-08-09,8.72,9680,-0.02(-0.21 %),410300,3973000000,0,0,9500,9800,9500
2022-08-10,8.76,9720,0.02(0.21 %),421800,4085000000,0,0,9560,9800,9550
2022-08-11,8.65,9600,-0.1(-1.03 %),427400,4160000000,0,0,9720,9950,9500
2022-08-12,8.56,9500,-0.1(-1.04 %),424200,4023000000,0,0,9600,9650,9100
2022-08-15,8.65,9600,0.1(1.05 %),417000,4002000000,0,0,9550,9680,9500
2022-08-16,8.66,9610,0.01(0.10 %),430200,4143000000,0,0,9610,9700,9600
2022-08-17,8.56,9500,-0.1(-1.04 %),429800,4115000000,0,0,9600,9670,9000
2022-08-18,8.46,9390,-0.11(-1.16 %),413100,3865000000,500000,4750000000,9350,9500,9300
2022-08-19,8.38,9300,-0.1(-1.06 %),445500,4171000000,0,0,9390,9500,9150
2022-08-22,8.23,9140,-0.16(-1.72 %),430400,3963000000,0,0,9300,9350,9100
2022-08-23,8.29,9200,0.1(1.10 %),438800,4023000000,0,0,9150,9250,9100
2022-08-24,8.47,9400,0.2(2.17 %),432300,3991000000,0,0,9190,9400,9160
2022-08-25,8.47,9400,0(0.00 %),413000,3878000000,0,0,9300,9450,9300
2022-08-26,8.47,9400,0(0.00 %),415900,3932000000,0,0,9400,9590,9350
2022-08-29,8.34,9260,-0.14(-1.49 %),517600,4733000000,0,0,9200,9300,9000
2022-08-30,8.29,9200,-0.1(-1.08 %),404400,3729000000,0,0,9260,9300,9140
2022-08-31,8.24,9150,-0.05(-0.54 %),407500,3727000000,0,0,9200,9220,9090
2022-09-05,8.15,9050,-0.15(-1.63 %),411500,3754000000,0,0,9150,9200,9050
2022-09-06,8.17,9070,-0.03(-0.33 %),300500,2725000000,0,0,9050,9150,9000
2022-09-07,7.94,8810,-0.29(-3.19 %),286700,2563000000,0,0,9070,9100,8800
2022-09-08,7.94,8810,0.01(0.11 %),241900,2142000000,0,0,8850,8950,8750
2022-09-09,8.2,9100,0.3(3.41 %),425000,3875000000,0,0,8810,9400,8810
2022-09-12,8.2,9100,0(0.00 %),295500,2701000000,0,0,9150,9300,9060
2022-09-13,8.38,9300,0.2(2.20 %),354300,3257000000,0,0,9100,9300,9050
2022-09-14,8.56,9500,0.2(2.15 %),462800,4359000000,0,0,9250,9600,9150
2022-09-15,8.58,9520,0.02(0.21 %),275200,2628000000,0,0,9550,9640,9500
2022-09-16,8.35,9270,-0.23(-2.42 %),344300,3192000000,0,0,9500,9500,8860
2022-09-19,8.27,9180,-0.12(-1.29 %),285800,2634000000,0,0,9400,9400,9050
2022-09-20,8.33,9250,0.05(0.54 %),356900,3312000000,0,0,9300,9450,9150
2022-09-21,8.38,9300,0(0.00 %),213900,1971000000,0,0,9250,9300,9150
2022-09-22,8.96,9950,0.65(6.99 %),653800,6405000000,0,0,9300,9950,9300
2022-09-23,9.55,10600,0.6(6.00 %),724300,7676000000,0,0,10600,10600,10500
2022-09-26,9.1,10100,-0.5(-4.72 %),769900,7822000000,0,0,10600,10950,9860
2022-09-27,9.28,10300,0.2(1.98 %),462600,4757000000,0,0,10000,10600,9860
2022-09-28,8.92,9900,-0.4(-3.88 %),393700,4003000000,0,0,10250,10400,9650
2022-09-29,8.56,9500,-0.4(-4.04 %),390400,3847000000,0,0,10250,10250,9420
2022-09-30,9.14,10150,0.65(6.84 %),528800,5122000000,0,0,9490,10150,9300
2022-10-03,8.64,9590,-0.61(-5.98 %),370100,3692000000,0,0,10150,10400,9590
2022-10-04,8.65,9600,0(0.00 %),272500,2642000000,0,0,9700,9980,9530
2022-10-05,9.23,10250,0.65(6.77 %),323000,3225000000,0,0,9800,10250,9780
2022-10-06,9.1,10100,-0.2(-1.94 %),344600,3549000000,0,0,10500,10650,9950
2022-10-07,8.86,9830,-0.27(-2.67 %),360500,3518000000,0,0,9850,10000,9500
2022-10-10,9.23,10250,0.45(4.59 %),399000,3983000000,0,0,9830,10250,9800
2022-10-11,8.59,9550,-0.76(-7.38 %),253300,2493000000,0,0,10200,10200,9550
2022-10-12,8.0,8880,-0.62(-6.53 %),572200,5328000000,0,0,9400,9540,8880
2022-10-13,7.74,8590,-0.31(-3.48 %),401200,3403000000,0,0,8790,8790,8260
2022-10-14,8.0,8880,0.28(3.26 %),311000,2747000000,0,0,8700,8950,8700
2022-10-17,7.68,8530,-0.37(-4.16 %),178700,1543000000,0,0,8860,8860,8280
2022-10-18,7.84,8700,0.2(2.35 %),286100,2503000000,0,0,8650,8980,8560
2022-10-19,7.71,8560,-0.14(-1.61 %),209100,1810000000,0,0,8700,8750,8550
2022-10-20,7.71,8560,-0.04(-0.47 %),206300,1760000000,0,0,8560,8590,8460
2022-10-21,7.18,7970,-0.63(-7.33 %),326200,2729000000,0,0,8560,8600,7970
2022-10-24,6.69,7430,-0.57(-7.12 %),449000,3485000000,0,0,7970,8000,7420
2022-10-25,6.67,7400,0(0.00 %),200000,1466000000,0,0,7400,7550,6910
2022-10-26,6.66,7390,-0.01(-0.14 %),158000,1167000000,0,0,7400,7430,7350
2022-10-27,6.94,7700,0.3(4.05 %),186800,1399000000,0,0,7390,7800,7370
2022-10-28,7.25,8050,0.35(4.55 %),245300,1918000000,0,0,7800,8050,7700
2022-10-31,7.3,8100,0(0.00 %),183300,1476000000,0,0,8050,8150,7800
2022-11-01,7.66,8500,0.4(4.94 %),332500,2760000000,0,0,8150,8550,8100
2022-11-02,7.66,8500,0(0.00 %),162300,1370000000,0,0,8500,8520,8300
2022-11-03,7.52,8350,-0.15(-1.76 %),186100,1560000000,0,0,8480,8500,8300
2022-11-04,7.02,7790,-0.61(-7.26 %),106400,866000000,0,0,8350,8350,7790
2022-11-07,6.68,7420,-0.38(-4.87 %),137900,1044000000,0,0,7780,7820,7400
2022-11-08,6.71,7450,0.05(0.68 %),188800,1380000000,0,0,7420,7450,7000
2022-11-09,6.76,7500,0(0.00 %),164600,1235000000,0,0,7430,7600,7420
2022-11-10,6.29,6980,-0.52(-6.93 %),161000,1157000000,0,0,7450,7450,6980
2022-11-11,6.19,6870,-0.13(-1.86 %),150100,1048000000,0,0,7050,7100,6860
2022-11-14,6.04,6700,-0.2(-2.90 %),107700,721000000,0,0,6870,6870,6400
2022-11-15,5.62,6240,-0.46(-6.87 %),31200,200000000,0,0,6300,6600,6240
2022-11-16,6.01,6670,0.47(7.58 %),234100,1465000000,0,0,5810,6670,5810
2022-11-17,6.2,6880,0.18(2.69 %),107200,726000000,0,0,6700,7000,6700
2022-11-18,6.17,6850,-0.05(-0.72 %),175100,1208000000,0,0,6880,7100,6750
2022-11-21,6.18,6860,-0.04(-0.58 %),122000,843000000,0,0,6900,6990,6750
2022-11-22,6.35,7050,0.15(2.17 %),185200,1292000000,0,0,6860,7180,6830
2022-11-23,6.13,6800,-0.3(-4.23 %),135300,947000000,0,0,7060,7150,6800
2022-11-24,6.22,6900,0.1(1.47 %),138700,943000000,0,0,6770,6900,6750
2022-11-25,6.65,7380,0.48(6.96 %),292200,2086000000,0,0,6900,7380,6900
2022-11-28,7.11,7890,0.49(6.62 %),147700,1142000000,0,0,7550,7890,7550
2022-11-29,7.11,7890,-0.01(-0.13 %),282900,2257000000,0,0,8000,8230,7850
2022-11-30,7.26,8060,0.16(2.03 %),134800,1076000000,0,0,7900,8100,7900
2022-12-01,7.57,8400,0.3(3.70 %),242700,2023000000,0,0,8080,8620,8080
2022-12-02,8.06,8950,0.55(6.55 %),214000,1802000000,0,0,8380,8950,8050
2022-12-05,7.69,8540,-0.46(-5.11 %),445700,3891000000,0,0,9050,9160,8330
2022-12-06,7.16,7950,-0.55(-6.47 %),176200,1455000000,0,0,8570,8570,7950
2022-12-07,7.34,8150,0.15(1.88 %),275400,2153000000,0,0,7980,8150,7680
2022-12-08,7.66,8500,0.3(3.66 %),467900,3891000000,0,0,8180,8500,8120
2022-12-09,7.46,8280,-0.22(-2.59 %),368900,3026000000,0,0,8400,8500,7990
2022-12-12,7.65,8490,0.19(2.29 %),291700,2410000000,0,0,8300,8500,7710
2022-12-13,7.92,8790,0.29(3.41 %),297200,2500000000,0,0,8450,8800,8100
2022-12-14,8.11,9000,0.2(2.27 %),289400,2529000000,0,0,8820,9000,8500
2022-12-15,8.11,9000,0(0.00 %),229700,2013000000,0,0,8990,9010,8370
2022-12-16,7.84,8700,-0.3(-3.33 %),156800,1361000000,0,0,8800,8800,8600
2022-12-19,7.79,8650,-0.05(-0.57 %),158600,1371000000,0,0,8650,8750,8550
2022-12-20,7.52,8350,-0.35(-4.02 %),139000,1171000000,0,0,8640,8640,8160
2022-12-21,7.16,7950,-0.45(-5.36 %),152700,1253000000,0,0,8250,8340,7950
2022-12-22,7.38,8190,0.19(2.38 %),200200,1618000000,0,0,7970,8200,7950
2022-12-23,7.42,8240,0.04(0.49 %),245900,2027000000,0,0,8230,8350,8100
2022-12-26,7.21,8000,-0.2(-2.44 %),118200,952000000,0,0,8250,8250,7800
2022-12-27,7.24,8040,0.04(0.50 %),177300,1410000000,0,0,7980,8080,7700
2022-12-28,7.25,8050,0.05(0.62 %),173600,1390000000,0,0,8020,8070,7920
2022-12-29,7.26,8060,-0.04(-0.49 %),147100,1181000000,0,0,8040,8090,7900
2022-12-30,7.43,8250,0.15(1.85 %),143300,1154000000,0,0,8080,8250,7500
2023-01-03,7.93,8800,0.5(6.02 %),324200,2740000000,0,0,8280,8800,8200
2023-01-04,8.06,8950,0.15(1.70 %),275000,2400000000,0,0,8820,8990,8400
2023-01-05,8.27,9180,0.18(2.00 %),497800,4381000000,0,0,8900,9200,8400
2023-01-06,8.64,9590,0.39(4.24 %),555000,5158000000,0,0,9200,9590,8750
2023-01-09,9.01,10000,0.4(4.17 %),373600,3677000000,0,0,9590,10000,9260
2023-01-10,9.32,10350,0.35(3.50 %),368600,3720000000,0,0,10100,10350,9850
2023-01-11,9.64,10700,0.3(2.88 %),549200,5826000000,0,0,10350,10800,10300
2023-01-12,9.86,10950,0.25(2.34 %),326900,3467000000,0,0,10500,10950,10000
2023-01-13,9.82,10900,-0.1(-0.91 %),381400,4111000000,0,0,10700,11000,10200
2023-01-16,9.32,10350,-0.55(-5.05 %),58600,617000000,0,0,10850,10850,10150
2023-01-17,9.95,11050,0.65(6.25 %),389000,4021000000,0,0,9650,11050,9650
2023-01-18,9.28,10300,-0.8(-7.21 %),439300,4548000000,3280000,38704000000,10750,10750,10300
2023-01-19,9.14,10150,-0.15(-1.46 %),261400,2560000000,0,0,9600,10150,9600
2023-01-27,8.76,9720,-0.48(-4.71 %),150800,1509000000,20000,203000000,10150,10300,9500
2023-01-30,8.77,9730,0.03(0.31 %),188800,1850000000,0,0,9750,9890,9720
2023-01-31,8.73,9690,-0.01(-0.10 %),123500,1191000000,0,0,9730,9750,9500
2023-02-01,8.15,9050,-0.65(-6.70 %),181600,1730000000,0,0,9680,9800,9050
2023-02-02,8.01,8890,-0.21(-2.31 %),86500,777000000,0,0,9100,9100,8500
2023-02-03,8.37,9290,0.39(4.38 %),90900,830000000,0,0,8920,9400,8920
2023-02-06,8.29,9200,-0.1(-1.08 %),124600,1145000000,0,0,9290,9290,9050
2023-02-07,7.71,8560,-0.64(-6.96 %),192700,1740000000,0,0,9300,9400,8560
2023-02-08,7.92,8790,0.19(2.21 %),122000,1052000000,0,0,8660,8800,8250
2023-02-09,7.83,8690,-0.11(-1.25 %),116300,1023000000,0,0,8790,8850,8690
2023-02-10,7.66,8500,-0.2(-2.30 %),81600,703000000,0,0,8690,8710,8500
2023-02-13,7.14,7930,-0.57(-6.71 %),81900,674000000,0,0,8500,8500,7930
2023-02-14,7.42,8240,0.34(4.30 %),65300,529000000,0,0,8000,8250,7930
2023-02-15,7.62,8460,0.26(3.17 %),62000,516000000,0,0,8240,8500,8240
2023-02-16,7.84,8700,0.2(2.35 %),114900,985000000,0,0,8460,8790,8460
2023-02-17,7.79,8650,-0.05(-0.57 %),96800,833000000,0,0,8700,8700,8390
2023-02-20,7.79,8650,-0.05(-0.57 %),139000,1210000000,0,0,8650,8900,8560
2023-02-21,7.86,8720,0.02(0.23 %),91700,797000000,0,0,8650,8830,8600
2023-02-22,7.68,8520,-0.18(-2.07 %),74500,636000000,0,0,8450,8690,8410
2023-02-23,7.54,8370,-0.13(-1.53 %),98000,817000000,0,0,8500,8500,8250
2023-02-24,7.42,8240,-0.16(-1.90 %),72700,604000000,0,0,8350,8350,8240
2023-02-27,7.16,7950,-0.25(-3.05 %),80300,646000000,0,0,8240,8300,7750
2023-02-28,7.14,7920,-0.08(-1.00 %),67900,544000000,0,0,8000,8090,7920
2023-03-01,7.23,8030,0.13(1.65 %),54200,433000000,0,0,7950,8040,7950
2023-03-02,7.23,8030,0.03(0.38 %),41100,333000000,0,0,8050,8190,8010
2023-03-03,7.23,8020,0.02(0.25 %),56500,456000000,0,0,8050,8150,8020
2023-03-06,7.21,8000,0(0.00 %),44400,358000000,0,0,8050,8150,8000
2023-03-07,7.32,8130,0.13(1.62 %),51600,416000000,0,0,8050,8140,8040
2023-03-08,7.52,8350,0.25(3.09 %),68900,559000000,0,0,8100,8350,8070
2023-03-09,7.66,8500,0.1(1.19 %),92600,784000000,0,0,8400,8550,8100
2023-03-10,7.52,8350,-0.15(-1.76 %),62300,523000000,0,0,8550,8550,8300
2023-03-13,7.43,8250,-0.15(-1.79 %),78700,647000000,0,0,8150,8300,8120
2023-03-14,7.32,8130,-0.17(-2.05 %),41100,336000000,0,0,8250,8300,7900
2023-03-15,7.24,8040,-0.06(-0.74 %),78700,641000000,0,0,8200,8250,8000
2023-03-16,7.26,8060,0.06(0.75 %),58000,468000000,0,0,8060,8120,8040
2023-03-17,7.28,8080,-0.02(-0.25 %),54200,438000000,0,0,8070,8150,8020
2023-03-20,7.12,7900,-0.2(-2.47 %),86600,694000000,0,0,8070,8090,7900
2023-03-21,7.21,8000,0.1(1.27 %),74600,591000000,0,0,7900,8000,7810
2023-03-22,7.25,8050,0.05(0.62 %),73500,590000000,0,0,8050,8100,7950
2023-03-23,7.21,8000,-0.1(-1.23 %),65600,523000000,0,0,8050,8050,7900
2023-03-24,7.21,8000,0(0.00 %),65600,522000000,0,0,8010,8050,7900
2023-03-27,7.21,8000,0(0.00 %),62600,501000000,0,0,8000,8100,7900
2023-03-28,7.25,8050,0.05(0.62 %),64600,519000000,0,0,8000,8080,8000
2023-03-29,7.21,8000,-0.1(-1.23 %),49600,399000000,0,0,8080,8080,8000
2023-03-30,7.24,8040,0.04(0.50 %),56800,457000000,0,0,8100,8100,8000
2023-03-31,7.23,8020,0.02(0.25 %),53700,432000000,0,0,8040,8080,8020
2023-04-03,7.39,8200,0.2(2.50 %),88700,724000000,0,0,8080,8300,8000
2023-04-04,7.35,8160,-0.04(-0.49 %),92500,761000000,0,0,8250,8260,8160
2023-04-05,7.53,8360,0.16(1.95 %),129400,1067000000,0,0,8170,8360,8170
2023-04-06,7.75,8600,0.2(2.38 %),257000,2222000000,0,0,8740,8900,8360
2023-04-07,7.73,8580,-0.02(-0.23 %),84800,722000000,0,0,8500,8600,8450
2023-04-10,7.64,8480,-0.12(-1.40 %),84500,723000000,0,0,8600,8650,8450
2023-04-11,7.61,8450,-0.05(-0.59 %),84900,711000000,0,0,8400,8450,8320
2023-04-12,7.77,8630,0.13(1.53 %),98900,848000000,0,0,8450,8720,8450
2023-04-13,7.67,8510,-0.09(-1.05 %),72900,625000000,0,0,8650,8650,8490
2023-04-14,7.52,8350,-0.15(-1.76 %),79500,674000000,0,0,8510,8530,8350
2023-04-17,7.49,8310,-0.09(-1.07 %),61700,511000000,0,0,8200,8400,8200
2023-04-18,7.6,8440,0.14(1.69 %),106500,895000000,0,0,8320,8540,8320
2023-04-19,7.57,8400,0(0.00 %),67400,567000000,0,0,8400,8460,8350
2023-04-20,7.58,8410,0.01(0.12 %),71600,601000000,0,0,8400,8440,8390
2023-04-21,7.66,8500,0.1(1.19 %),104400,889000000,0,0,8410,8620,8410
2023-04-24,7.91,8780,0.28(3.29 %),176300,1532000000,0,0,8500,8800,8500
2023-04-25,7.95,8830,0.03(0.34 %),142200,1261000000,0,0,9100,9100,8600
2023-04-26,7.86,8730,-0.07(-0.80 %),156500,1353000000,0,0,8400,8830,8400
2023-04-27,7.75,8600,-0.13(-1.49 %),136900,1189000000,0,0,8720,8730,8600
2023-04-28,7.84,8700,0.1(1.16 %),106500,927000000,0,0,8610,8850,8610
2023-05-04,7.84,8700,0(0.00 %),146500,1277000000,0,0,8760,8800,8660
2023-05-05,7.85,8710,0.01(0.11 %),217600,1891000000,0,0,8740,8740,8610
2023-05-08,8.34,9260,0.55(6.31 %),219400,2004000000,0,0,8710,9310,8710
2023-05-09,8.41,9330,0.03(0.32 %),136700,1271000000,0,0,9420,9430,9150
2023-05-10,8.12,9010,-0.29(-3.12 %),184800,1699000000,0,0,9330,9450,9000
2023-05-11,8.04,8920,-0.08(-0.89 %),181900,1635000000,0,0,9020,9090,8850
2023-05-12,8.15,9050,0.15(1.69 %),126100,1135000000,0,0,8920,9080,8920
2023-05-15,8.72,9680,0.63(6.96 %),361600,3426000000,0,0,9450,9680,9110
2023-05-16,9.32,10350,0.67(6.92 %),716200,7396000000,0,0,10300,10350,10000
2023-05-17,9.14,10150,-0.2(-1.93 %),515800,5282000000,0,0,10450,10500,9850
2023-05-18,8.69,9650,-0.5(-4.93 %),282200,2792000000,0,0,10150,10150,9650
2023-05-19,8.65,9600,-0.05(-0.52 %),258500,2509000000,0,0,9760,9850,9560
2023-05-22,8.98,9970,0.37(3.85 %),357100,3500000000,0,0,9800,10250,9590
2023-05-23,9.1,10100,0.13(1.30 %),333100,3373000000,0,0,10350,10350,9970
2023-05-24,8.97,9960,-0.14(-1.39 %),241200,2411000000,0,0,10150,10150,9940
2023-05-25,8.83,9800,-0.16(-1.61 %),143300,1413000000,0,0,9960,9960,9750
2023-05-26,9.01,10000,0.2(2.04 %),198900,1983000000,0,0,9750,10150,9750
2023-05-29,9.23,10250,0.25(2.50 %),185300,1873000000,0,0,10100,10250,10000
2023-05-30,9.28,10300,0.05(0.49 %),245200,2494000000,0,0,10300,10400,10000
2023-05-31,9.59,10650,0.35(3.40 %),546300,5809000000,0,0,10300,10950,10250
2023-06-01,9.55,10600,-0.05(-0.47 %),222200,2365000000,0,0,10750,10850,10400
2023-06-02,9.28,10300,-0.3(-2.83 %),280600,2941000000,730900,7455180000,10600,10750,10300
2023-06-05,9.28,10300,0(0.00 %),261800,2687000000,0,0,10300,10400,10050
2023-06-06,9.28,10300,0(0.00 %),125900,1289000000,0,0,10300,10350,10100
2023-06-07,9.32,10350,0.05(0.49 %),288800,2973000000,0,0,10350,10450,10200
2023-06-08,9.32,10350,0(0.00 %),266900,2791000000,0,0,10350,10750,10350
2023-06-09,9.55,10600,0.25(2.42 %),163200,1710000000,129600,1296000000,10400,10650,10350
2023-06-12,9.46,10500,-0.1(-0.94 %),131200,1373000000,0,0,10500,10650,10300
2023-06-13,9.41,10450,-0.05(-0.48 %),354000,3701000000,0,0,10500,10550,10300
2023-06-14,9.55,10600,0.15(1.44 %),347700,3630000000,0,0,10550,10600,10300
2023-06-15,9.56,9850,-1.04(-9.81 %),110900,1061000000,0,0,9850,9850,9850
2023-06-16,9.59,9590,-0.01(-0.10 %),200800,1929000000,0,0,9600,9650,9560
2023-06-19,9.2,9200,-0.4(-4.17 %),185700,1760000000,0,0,9600,9630,9200
2023-06-20,9.21,9210,0.01(0.11 %),123700,1143000000,0,0,9250,9330,9150
2023-06-21,9.24,9240,0.04(0.43 %),133900,1235000000,0,0,9250,9290,9200
2023-06-22,9.55,9550,0.31(3.35 %),199400,1875000000,0,0,9240,9590,9240
2023-06-23,9.48,9480,-0.12(-1.25 %),125300,1189000000,0,0,9600,9650,9400
2023-06-26,9.32,9320,-0.18(-1.89 %),121300,1129000000,0,0,9440,9440,9200
2023-06-27,9.3,9300,0(0.00 %),101800,947000000,0,0,9320,9380,9250
2023-06-28,9.22,9220,-0.08(-0.86 %),118800,1101000000,0,0,9310,9340,9200
2023-06-29,9.0,9000,-0.2(-2.17 %),139500,1274000000,0,0,9220,9250,9000
2023-06-30,9.0,9000,0(0.00 %),103100,927000000,0,0,9020,9050,8900
2023-07-03,9.1,9100,0.1(1.11 %),116400,1052000000,0,0,9030,9100,8950
2023-07-04,9.1,9100,0(0.00 %),110500,1006000000,0,0,9100,9140,9050
2023-07-05,9.11,9110,0.01(0.11 %),153600,1399000000,0,0,9110,9150,9100
2023-07-06,9.13,9130,0.03(0.33 %),127000,1160000000,0,0,9150,9200,9050
2023-07-07,9.35,9350,0.25(2.75 %),139500,1293000000,0,0,9350,9350,9170
2023-07-10,9.42,9420,0.02(0.21 %),211400,1987000000,0,0,9400,9450,9350
2023-07-11,9.69,9690,0.29(3.09 %),369900,3527000000,0,0,9500,9700,9000
2023-07-12,9.65,9650,-0.05(-0.52 %),118600,1140000000,0,0,9690,9700,9530
2023-07-13,9.75,9750,0.05(0.52 %),154600,1508000000,0,0,9700,9850,9660
2023-07-14,9.65,9650,-0.15(-1.53 %),218200,2118000000,0,0,9750,9800,9550
2023-07-17,9.79,9790,0.09(0.93 %),230300,2240000000,0,0,9700,9810,9600
2023-07-18,9.68,9680,-0.12(-1.22 %),102500,996000000,0,0,9800,9830,9500
2023-07-19,9.84,9840,0.14(1.44 %),220500,2161000000,0,0,9700,9850,9690
2023-07-20,10.4,10400,0.6(6.12 %),563600,5740000000,0,0,9800,10400,9790
2023-07-21,10.2,10200,-0.2(-1.92 %),168000,1736000000,0,0,10450,10500,10200
2023-07-24,10.2,10200,0(0.00 %),193500,1968000000,0,0,10250,10300,10000
2023-07-25,10.1,10100,-0.1(-0.98 %),291700,2925000000,0,0,10200,10250,9900
2023-07-26,10.1,10100,0(0.00 %),240700,2393000000,0,0,10100,10100,9850
2023-07-27,10.25,10250,0.15(1.49 %),169200,1708000000,0,0,10100,10300,9960
2023-07-28,10.2,10200,-0.1(-0.97 %),140600,1434000000,0,0,10400,10400,10000
2023-07-31,10.25,10250,0.05(0.49 %),219800,2271000000,0,0,10500,10500,10200
2023-08-01,10.0,10000,-0.3(-2.91 %),171800,1749000000,0,0,10300,10450,10000
2023-08-02,10.1,10100,0.1(1.00 %),278600,2775000000,0,0,10000,10150,9800
2023-08-03,10.1,10100,0(0.00 %),176400,1773000000,0,0,10100,10200,9930
2023-08-04,10.05,10050,-0.05(-0.50 %),231600,2305000000,0,0,10050,10100,9500
2023-08-07,10.05,10050,0(0.00 %),238400,2418000000,0,0,10100,10350,10000
2023-08-08,10.05,10050,0(0.00 %),342600,3407000000,0,0,10000,10100,9800
2023-08-09,10.75,10750,0.7(6.97 %),842000,8968000000,0,0,10050,10750,10050
2023-08-10,10.4,10400,-0.35(-3.26 %),266600,2839000000,0,0,10900,10900,10400
2023-08-11,10.3,10300,-0.1(-0.96 %),334400,3478000000,0,0,10500,10650,10150
2023-08-14,10.25,10250,-0.05(-0.49 %),308900,3176000000,0,0,10350,10450,10150
2023-08-15,10.2,10200,-0.1(-0.97 %),313300,3183000000,0,0,10300,10350,10050
2023-08-16,10.2,10200,0(0.00 %),170500,1729000000,0,0,10200,10250,10100
2023-08-17,10.55,10550,0.35(3.43 %),608500,6417000000,0,0,10200,10750,10100
2023-08-18,10.1,10100,-0.5(-4.72 %),613400,6381000000,0,0,10600,10650,10050
2023-08-21,10.2,10200,0.1(0.99 %),230600,2317000000,0,0,10100,10200,9950
2023-08-22,10.2,10200,0(0.00 %),204600,2056000000,0,0,10200,10200,9900
2023-08-23,10.0,10000,-0.2(-1.96 %),149800,1515000000,0,0,10250,10250,10000
2023-08-24,10.15,10150,0.15(1.50 %),153400,1546000000,0,0,10050,10150,10000
2023-08-25,10.05,10050,-0.1(-0.99 %),152500,1542000000,0,0,10200,10250,10050
2023-08-28,10.2,10200,0.15(1.49 %),205100,2074000000,0,0,10100,10250,10000
2023-08-29,10.2,10200,0(0.00 %),316000,3228000000,0,0,10300,10350,10100
2023-08-30,10.2,10200,0(0.00 %),136700,1388000000,0,0,10250,10250,10050
2023-08-31,10.2,10200,0(0.00 %),283400,2888000000,0,0,10200,10250,10150
2023-09-05,10.3,10300,0.1(0.98 %),195500,2024000000,0,0,10250,10500,10250
2023-09-06,10.45,10450,0.15(1.46 %),295700,3041000000,0,0,10350,10450,10200
2023-09-07,10.5,10500,0.05(0.48 %),214500,2248000000,0,0,10450,10600,10300
2023-09-08,10.3,10300,-0.2(-1.90 %),219400,2262000000,0,0,10500,10500,10050
2023-09-11,10.2,10200,-0.1(-0.97 %),269400,2752000000,2062749,22690239000,10200,10400,10100
2023-09-12,10.3,10300,0.1(0.98 %),296100,3008000000,0,0,10200,10300,10100
2023-09-13,10.2,10200,-0.1(-0.97 %),168200,1716000000,0,0,10300,10350,10100
2023-09-14,10.0,10000,-0.2(-1.96 %),195200,1960000000,0,0,10150,10200,9950
2023-09-15,10.1,10100,0.1(1.00 %),255600,2565000000,0,0,9980,10250,9950
2023-09-18,10.0,10000,-0.1(-0.99 %),130400,1306000000,0,0,10100,10100,9950
2023-09-19,10.05,10050,0.05(0.50 %),128900,1292000000,0,0,10000,10150,9990
2023-09-20,10.2,10200,0.15(1.49 %),173700,1758000000,0,0,10050,10300,10000
2023-09-21,10.15,10150,-0.05(-0.49 %),106600,1083000000,0,0,10250,10300,10100
2023-09-22,10.1,10100,-0.05(-0.49 %),132400,1329000000,0,0,10100,10150,9950
2023-09-25,9.97,9970,-0.13(-1.29 %),108500,1085000000,0,0,10100,10150,9900
2023-09-26,9.95,9950,-0.02(-0.20 %),167700,1670000000,0,0,9960,10050,9900
2023-09-27,10.0,10000,0.05(0.50 %),107200,1067000000,0,0,9950,10000,9940
2023-09-28,10.05,10050,0.05(0.50 %),42500,425000000,0,0,10100,10100,9950
2023-09-29,10.0,10000,-0.05(-0.50 %),25800,259000000,0,0,10050,10100,10000
2023-10-02,10.05,10050,0.05(0.50 %),24600,246000000,0,0,10100,10100,9980
2023-10-03,9.98,9980,-0.07(-0.70 %),65600,654000000,0,0,10000,10000,9950
2023-10-04,10.05,10050,0.07(0.70 %),50400,505000000,0,0,9950,10100,9950
2023-10-05,10.1,10100,0.05(0.50 %),25600,257000000,0,0,10000,10100,10000
2023-10-06,10.2,10200,0.1(0.99 %),34800,352000000,0,0,10100,10200,10050
2023-10-09,10.7,10700,0.5(4.90 %),478000,5149000000,0,0,10250,10900,10250
2023-10-10,10.9,10900,0.2(1.87 %),420500,4670000000,0,0,10800,11400,10500
2023-10-11,10.7,10700,-0.2(-1.83 %),142500,1534000000,0,0,11100,11100,10500
2023-10-12,9.96,9960,-0.74(-6.92 %),548400,5570000000,0,0,10700,10700,9960
2023-10-13,9.98,9980,0.02(0.20 %),219200,2176000000,0,0,9750,10100,9710
2023-10-16,9.97,9970,-0.01(-0.10 %),73300,730000000,0,0,10150,10150,9800
2023-10-17,9.85,9850,-0.12(-1.20 %),67600,670000000,0,0,9960,10000,9850
2023-10-18,9.4,9400,-0.45(-4.57 %),125900,1220000000,0,0,9850,9850,9400
2023-10-19,9.4,9400,0(0.00 %),90700,847000000,0,0,9400,9400,9300
2023-10-20,9.6,9600,0.2(2.13 %),35200,328000000,0,0,9400,9600,9300
2023-10-23,9.55,9550,-0.05(-0.52 %),59600,568000000,0,0,9500,9600,9500
2023-10-24,9.6,9600,0.05(0.52 %),16000,152000000,0,0,9550,9600,9450
2023-10-25,9.5,9500,-0.1(-1.04 %),22000,209000000,0,0,9500,9600,9500
2023-10-26,9.25,9250,-0.25(-2.63 %),91300,843000000,0,0,9490,9490,9000
2023-10-27,9.5,9500,0.25(2.70 %),41600,385000000,0,0,9220,9500,9190
2023-10-30,9.3,9300,-0.2(-2.11 %),4800,44000000,0,0,9300,9500,9300
2023-10-31,9.3,9300,0(0.00 %),16500,152000000,0,0,9300,9300,9100
2023-11-01,9.22,9220,-0.08(-0.86 %),13100,121000000,0,0,9300,9350,9220
2023-11-02,9.55,9550,0.33(3.58 %),90800,841000000,0,0,9250,9550,9230
2023-11-03,9.8,9800,0.25(2.62 %),3600,34000000,0,0,9400,9800,9240
2023-11-06,9.75,9750,-0.05(-0.51 %),31000,303000000,0,0,9770,9800,9750
2023-11-07,9.4,9400,-0.35(-3.59 %),2100,20000000,0,0,9700,9750,9400
2023-11-08,9.5,9500,0.1(1.06 %),66400,625000000,0,0,9500,9680,9300
2023-11-09,9.7,9700,0.2(2.11 %),33700,325000000,0,0,9500,9700,9500
2023-11-10,9.5,9500,-0.2(-2.06 %),55800,530000000,0,0,9600,9700,9400
2023-11-13,9.5,9500,0(0.00 %),25700,246000000,0,0,9790,9790,9400
2023-11-14,9.75,9750,0.25(2.63 %),46300,440000000,0,0,9510,9800,9500
2023-11-15,9.74,9740,-0.01(-0.10 %),67800,661000000,0,0,9700,9800,9700
2023-11-16,9.72,9720,-0.02(-0.21 %),9400,91000000,0,0,9740,9740,9720
2023-11-17,9.75,9750,0.03(0.31 %),5800,56000000,0,0,9720,9800,9500
2023-11-20,9.8,9800,0.05(0.51 %),7200,70000000,0,0,9300,9800,9300
2023-11-21,9.9,9900,0.1(1.02 %),16400,158000000,0,0,9800,9900,9500
2023-11-22,9.9,9900,0(0.00 %),12200,118000000,0,0,10100,10100,9610
2023-11-23,9.9,9900,0(0.00 %),14600,142000000,50000,495000000,9880,9900,9640
2023-11-24,9.75,9750,-0.15(-1.52 %),123400,1205000000,0,0,9910,9910,9640
2023-11-27,9.71,9710,-0.04(-0.41 %),30900,302000000,0,0,9800,9800,9710
2023-11-28,9.91,9910,0.2(2.06 %),43200,420000000,0,0,9720,9930,9660
2023-11-29,9.94,9940,0.03(0.30 %),6700,66000000,0,0,9960,9960,9800
2023-11-30,9.9,9900,-0.04(-0.40 %),128700,1283000000,459357,4566008580,9950,10050,9900
2023-12-01,9.96,9960,0.06(0.61 %),16700,165000000,0,0,9900,9960,9850
2023-12-04,10.1,10100,0.14(1.41 %),31500,314000000,0,0,9990,10100,9960
2023-12-05,10.0,10000,-0.1(-0.99 %),4000,39000000,0,0,10100,10100,9850
2023-12-06,9.99,9990,-0.01(-0.10 %),30600,303000000,0,0,9850,9990,9850
2023-12-07,9.95,9950,-0.04(-0.40 %),68000,672000000,0,0,9900,10000,9850
2023-12-08,9.99,9990,0.04(0.40 %),53500,532000000,0,0,9950,10100,9850
2023-12-11,9.99,9990,0(0.00 %),4200,41000000,0,0,9900,9990,9850
2023-12-12,10.0,10000,0.01(0.10 %),30300,299000000,0,0,10000,10000,9800
2023-12-13,10.0,10000,0(0.00 %),45600,447000000,0,0,9820,10000,9800
2023-12-14,9.99,9990,-0.01(-0.10 %),5100,50000000,0,0,9810,9990,9800
2023-12-15,9.94,9940,-0.05(-0.50 %),21100,206000000,0,0,9800,9960,9770
2023-12-18,9.81,9810,-0.13(-1.31 %),22500,221000000,0,0,9950,9980,9800
2023-12-19,9.88,9880,0.07(0.71 %),6500,63000000,0,0,9810,9880,9710
2023-12-20,9.87,9870,-0.01(-0.10 %),15300,149000000,0,0,9900,9900,9750
2023-12-21,9.88,9880,0.01(0.10 %),13100,128000000,0,0,9800,9890,9770
2023-12-22,9.7,9700,-0.18(-1.82 %),17900,174000000,0,0,9800,9800,9700
2023-12-25,9.87,9870,0.17(1.75 %),49900,483000000,0,0,9710,9870,9670
2023-12-26,9.87,9870,0(0.00 %),15800,153000000,0,0,9700,9870,9700
2023-12-27,9.7,9700,-0.17(-1.72 %),12200,118000000,0,0,9700,9880,9700
2023-12-28,9.86,9860,0.16(1.65 %),11700,114000000,0,0,9710,9860,9700
2023-12-29,9.84,9840,-0.02(-0.20 %),1200,11000000,0,0,9850,9850,9700
2024-01-02,9.72,9720,-0.12(-1.22 %),24200,236000000,0,0,9820,9820,9720
2024-01-03,9.8,9800,0.08(0.82 %),19500,189000000,0,0,9710,9800,9710
2024-01-04,9.7,9700,-0.1(-1.02 %),104500,1013000000,0,0,9750,9800,9650
2024-01-05,9.8,9800,0.1(1.03 %),60200,583000000,0,0,9700,9800,9600
2024-01-08,9.79,9790,-0.01(-0.10 %),27800,267000000,0,0,9650,9790,9600
2024-01-09,9.76,9760,-0.03(-0.31 %),75400,728000000,0,0,9560,9790,9560
2024-01-10,9.79,9790,0.03(0.31 %),83400,807000000,0,0,9560,9790,9550
2024-01-11,9.79,9790,0(0.00 %),62400,599000000,0,0,9580,9790,9550
2024-01-12,9.79,9790,0(0.00 %),63800,623000000,0,0,9600,9800,9530
2024-01-15,9.79,9790,0(0.00 %),15400,149000000,0,0,9590,9790,9590
2024-01-16,9.75,9750,-0.04(-0.41 %),33500,321000000,0,0,9750,9750,9500
2024-01-17,9.73,9730,-0.02(-0.21 %),8200,79000000,0,0,9600,9730,9600
2024-01-18,9.73,9730,0(0.00 %),22000,213000000,0,0,9690,9730,9610
2024-01-19,9.72,9720,-0.01(-0.10 %),4800,46000000,360000,3502800000,9730,9730,9720
2024-01-22,9.73,9730,0.01(0.10 %),26300,254000000,0,0,9560,9730,9560
2024-01-23,9.7,9700,-0.03(-0.31 %),85100,808000000,0,0,9560,9710,9400
2024-01-24,9.77,9770,0.07(0.72 %),61200,573000000,0,0,9600,9780,9200
2024-01-25,9.7,9700,-0.07(-0.72 %),1600,15000000,0,0,9500,9700,9500
2024-01-26,9.68,9680,-0.02(-0.21 %),48500,461000000,0,0,9070,9680,9070
2024-01-29,9.65,9650,-0.03(-0.31 %),22900,217000000,0,0,9690,9690,9350
2024-01-30,9.64,9640,-0.01(-0.10 %),10900,104000000,0,0,9560,9650,9560
2024-01-31,9.6,9600,-0.04(-0.41 %),88800,848000000,0,0,9640,9650,9070
2024-02-01,9.22,9220,-0.38(-3.96 %),3300,31000000,0,0,9120,9620,9120
2024-02-02,9.55,9550,0.33(3.58 %),18000,168000000,0,0,9540,9650,9220
2024-02-05,9.49,9490,-0.06(-0.63 %),107000,1016000000,480000,4584000000,9500,9600,9480
2024-02-06,9.4,9400,-0.09(-0.95 %),92900,880000000,0,0,9530,9530,9400
2024-02-07,9.47,9470,0.07(0.74 %),7000,65000000,0,0,9500,9500,9200
2024-02-15,9.45,9450,-0.02(-0.21 %),1700,16000000,0,0,9470,9470,9230
2024-02-16,9.26,9260,-0.19(-2.01 %),19200,180000000,71800,631122000,9320,9440,9250
2024-02-19,9.28,9280,0.02(0.22 %),2300,21000000,318000,2944680000,9270,9300,9260
2024-02-20,9.39,9390,0.11(1.19 %),8600,79000000,0,0,9260,9390,9250
2024-02-21,9.25,9250,-0.14(-1.49 %),2300,21000000,0,0,9300,9380,9250
2024-02-22,9.19,9190,-0.06(-0.65 %),22500,207000000,1440000,13320000000,9200,9250,9190
2024-02-23,9.28,9280,0.09(0.98 %),37200,340000000,0,0,9180,9280,9100
2024-02-26,9.03,9030,-0.25(-2.69 %),26900,246000000,0,0,9150,9190,9000
2024-02-27,9.19,9190,0.16(1.77 %),600,5000000,0,0,9290,9290,9190
2024-02-28,9.1,9100,-0.09(-0.98 %),198500,1811000000,0,0,9190,9190,9000
2024-02-29,9.1,9100,0(0.00 %),33100,301000000,0,0,9100,9100,9080
2024-03-01,9.03,9030,-0.07(-0.77 %),108600,978000000,0,0,9000,9090,9000
2024-03-04,9.15,9150,0.12(1.33 %),95100,873000000,0,0,9150,9260,9100
2024-03-05,9.2,9200,0.05(0.55 %),121500,1119000000,0,0,9180,9270,9160
2024-03-06,9.25,9250,0.05(0.54 %),44300,408000000,0,0,9200,9250,9180
2024-03-07,9.21,9210,-0.01(-0.11 %),97200,897000000,0,0,9240,9240,9210
2024-03-08,9.21,9210,0(0.00 %),66200,610000000,0,0,9250,9250,8800
2024-03-11,9.2,9200,-0.01(-0.11 %),42300,389000000,0,0,9220,9220,9040
2024-03-12,9.05,9050,-0.15(-1.63 %),73200,670000000,0,0,9100,9180,9000
2024-03-13,8.9,8900,-0.15(-1.66 %),90900,824000000,0,0,8840,9100,8840
2024-03-14,8.9,8900,0(0.00 %),75300,682000000,0,0,9000,9170,8890
2024-03-15,8.9,8900,0(0.00 %),24000,212000000,0,0,8920,8920,8780
2024-03-18,8.9,8900,0(0.00 %),92100,825000000,0,0,9100,9100,8350
2024-03-19,8.89,8890,-0.01(-0.11 %),61400,543000000,0,0,8860,8960,8300
2024-03-20,8.87,8870,-0.02(-0.22 %),61000,541000000,0,0,8880,8880,8870
2024-03-21,8.8,8800,-0.07(-0.79 %),16800,148000000,0,0,8870,8870,8800
2024-03-22,8.79,8790,-0.01(-0.11 %),55000,485000000,0,0,8800,8880,8510
2024-03-25,8.42,8420,-0.37(-4.21 %),15900,134000000,0,0,8790,8790,8400
2024-03-26,8.9,8900,0.48(5.70 %),27400,230000000,0,0,8000,8900,8000
2024-03-27,8.89,8890,-0.01(-0.11 %),3800,33000000,0,0,8890,8890,8830
2024-03-28,8.79,8790,-0.1(-1.12 %),13300,114000000,0,0,8610,8870,8500
2024-03-29,8.84,8840,0.05(0.57 %),10000,87000000,0,0,8920,8920,8610
2024-04-01,8.87,8870,0.03(0.34 %),85200,739000000,0,0,8780,8980,8600
2024-04-02,8.94,8940,0.07(0.79 %),21100,186000000,0,0,8880,8950,8560
2024-04-03,9.0,9000,0.06(0.67 %),66300,590000000,0,0,8930,9000,8710
2024-04-04,8.79,8790,-0.21(-2.33 %),44800,397000000,0,0,8900,8900,8550
2024-04-05,8.95,8950,0.16(1.82 %),90900,806000000,0,0,9050,9090,8850
2024-04-08,9.05,9050,0.1(1.12 %),6300,56000000,0,0,8900,9050,8620
2024-04-09,9.24,9240,0.19(2.10 %),12400,111000000,0,0,8700,9240,8700
2024-04-10,9.2,9200,-0.04(-0.43 %),13500,122000000,0,0,9190,9200,8920
2024-04-11,9.24,9240,0.04(0.43 %),28700,264000000,0,0,9200,9240,8910
2024-04-12,8.79,8790,-0.45(-4.87 %),49000,450000000,0,0,9230,9230,8790
2024-04-15,8.79,8790,0(0.00 %),6000,52000000,0,0,8850,8850,8790
2024-04-16,8.79,8790,0(0.00 %),17100,144000000,0,0,8210,8990,8210
2024-04-17,8.75,8750,-0.04(-0.46 %),47700,417000000,0,0,8780,8790,8350
2024-04-19,8.7,8700,-0.05(-0.57 %),98300,856000000,0,0,8400,8800,8400
2024-04-22,8.7,8700,0(0.00 %),100400,875000000,0,0,8780,8790,8250
2024-04-23,8.69,8690,-0.01(-0.11 %),9800,84000000,0,0,8740,8740,8470
2024-04-24,8.74,8740,0.05(0.58 %),51200,447000000,0,0,8750,8750,8740
2024-04-25,8.76,8760,0.02(0.23 %),117600,1029000000,0,0,8780,8780,8520
2024-04-26,8.76,8760,0(0.00 %),87100,763000000,0,0,8750,8790,8750
2024-05-02,8.77,8770,0.01(0.11 %),43700,383000000,0,0,8790,8790,8700
2024-05-03,8.42,8420,-0.35(-3.99 %),3700,31000000,0,0,8700,8700,8420
2024-05-06,8.69,8690,0.27(3.21 %),67500,582000000,0,0,8700,8700,8450
2024-05-07,8.74,8740,0.05(0.58 %),95400,834000000,0,0,8790,8790,8500
2024-05-08,8.73,8730,-0.01(-0.11 %),53100,464000000,0,0,8210,8800,8210
2024-05-09,8.69,8690,-0.04(-0.46 %),5100,43000000,0,0,8520,8700,8500
2024-05-10,8.65,8650,-0.04(-0.46 %),13300,113000000,0,0,8690,8700,8490
2024-05-13,8.62,8620,-0.03(-0.35 %),2600,22000000,0,0,8550,8620,8500
2024-05-14,8.59,8590,-0.03(-0.35 %),57500,496000000,0,0,8640,8640,8490
2024-05-15,8.54,8540,-0.05(-0.58 %),14000,119000000,0,0,8500,8550,8480
2024-05-16,8.5,8500,-0.04(-0.47 %),62300,528000000,0,0,8500,8540,8460
2024-05-17,8.5,8500,0(0.00 %),29600,251000000,0,0,8500,8500,8500
2024-05-20,8.48,8480,-0.02(-0.24 %),23900,202000000,0,0,8500,8500,8460
2024-05-21,8.49,8490,0.01(0.12 %),85300,723000000,0,0,8480,8490,8450
2024-05-22,8.29,8290,-0.2(-2.36 %),101900,865000000,0,0,8490,8590,8200
2024-05-23,8.41,8410,0.12(1.45 %),8100,67000000,0,0,8380,8410,8290
2024-05-24,8.34,8340,-0.07(-0.83 %),9900,82000000,0,0,8440,8440,8200
2024-05-27,8.43,8430,0.09(1.08 %),47100,396000000,0,0,8440,8440,8400
2024-05-28,8.39,8390,-0.04(-0.47 %),7100,59000000,0,0,8430,8430,8210
2024-05-29,8.39,8390,0(0.00 %),59500,501000000,0,0,8460,8460,8300
2024-05-30,8.38,8380,-0.01(-0.12 %),12600,104000000,0,0,8420,8420,8260
2024-05-31,8.3,8300,-0.08(-0.95 %),57100,477000000,0,0,8390,8390,8300
2024-06-03,8.3,8300,0(0.00 %),15300,127000000,0,0,8300,8360,8300
2024-06-04,8.3,8300,0(0.00 %),49100,409000000,0,0,8360,8360,8300
2024-06-05,8.31,8310,0.01(0.12 %),97000,807000000,0,0,8300,8340,8300
2024-06-06,8.28,8280,-0.03(-0.36 %),37300,310000000,0,0,8340,8340,8280
2024-06-07,8.3,8300,0.02(0.24 %),55900,463000000,0,0,8290,8300,8230
2024-06-10,8.81,8810,0.51(6.14 %),635100,5552000000,0,0,8350,8880,8300
2024-06-11,8.8,8800,-0.01(-0.11 %),130300,1133000000,0,0,9000,9000,8500
2024-06-12,8.79,8790,-0.01(-0.11 %),120600,1017000000,0,0,8800,8800,8300
2024-06-13,8.66,8660,-0.13(-1.48 %),182300,1533000000,0,0,8750,8750,8300
2024-06-14,8.68,8680,0.02(0.23 %),75900,648000000,0,0,8700,8700,8370
2024-06-17,8.5,8500,-0.18(-2.07 %),42600,357000000,0,0,8680,8680,8200
2024-06-18,9.09,9090,0.59(6.94 %),593800,5303000000,0,0,8580,9090,8350
2024-06-19,9.71,9710,0.62(6.82 %),763600,7193000000,0,0,9120,9720,8700
2024-06-20,9.8,9800,0.09(0.93 %),745100,7188000000,0,0,9700,9990,9220
2024-06-21,9.75,9750,-0.05(-0.51 %),203600,1919000000,0,0,9800,9800,9150
2024-06-24,9.69,9690,-0.06(-0.62 %),200300,1863000000,0,0,9800,9800,9190
2024-06-25,9.68,9680,-0.01(-0.10 %),206000,1929000000,0,0,9680,9680,9250
2024-06-26,9.48,9480,-0.2(-2.07 %),249200,2328000000,0,0,9670,9670,9250
2024-06-27,9.45,9450,-0.03(-0.32 %),228600,2130000000,0,0,9490,9490,9100
2024-06-28,9.4,9400,-0.05(-0.53 %),256000,2388000000,0,0,9470,9500,9250
2024-07-01,9.28,9280,-0.12(-1.28 %),212300,1970000000,0,0,9440,9440,9200
2024-07-02,9.92,9920,0.64(6.90 %),1379200,13414000000,0,0,9300,9920,9250
2024-07-03,10.4,10400,0.48(4.84 %),1816800,18124000000,0,0,9940,10600,9360
2024-07-04,10.3,10300,-0.1(-0.96 %),495200,4935000000,0,0,10500,10600,9710
2024-07-05,9.58,9600,-0.72(-6.99 %),676200,6596000000,0,0,10300,10300,9600
2024-07-08,9.54,9540,-0.04(-0.42 %),67400,641000000,0,0,9630,9630,9200
2024-07-09,9.39,9390,-0.15(-1.57 %),167700,1562000000,0,0,9530,9550,9200
2024-07-10,9.35,9350,-0.04(-0.43 %),207600,1927000000,0,0,9390,9390,9150
2024-07-11,9.38,9380,0.03(0.32 %),341300,3085000000,0,0,9400,9400,8700
2024-07-12,9.75,9750,0.37(3.94 %),760300,7260000000,0,0,9380,9800,9350
2024-07-15,9.7,9700,-0.05(-0.51 %),306000,2922000000,0,0,9750,9750,9420
2024-07-16,9.69,9690,-0.01(-0.10 %),304300,2917000000,0,0,9700,9800,9420
2024-07-17,9.65,9650,-0.04(-0.41 %),252400,2378000000,2660000,25270000000,9690,9740,9100
2024-07-18,9.56,9560,-0.09(-0.93 %),146400,1365000000,0,0,9130,9590,9130
2024-07-19,9.34,9340,-0.22(-2.30 %),101900,947000000,0,0,9560,9560,9200
2024-07-22,9.39,9390,0.05(0.54 %),206600,1893000000,0,0,9340,9450,9010
2024-07-23,9.3,9300,-0.09(-0.96 %),193100,1782000000,0,0,9390,9400,9100
2024-07-24,9.35,9350,0.05(0.54 %),243800,2236000000,0,0,9230,9350,9000
2024-07-25,9.28,9280,-0.07(-0.75 %),103600,955000000,0,0,9350,9350,9030
2024-07-26,9.3,9300,0.02(0.22 %),138300,1265000000,0,0,9270,9300,9000
2024-07-29,9.52,9520,0.22(2.37 %),985300,9504000000,0,0,9300,9950,9210
2024-07-30,9.49,9490,-0.03(-0.32 %),210800,1998000000,0,0,9520,9600,9310
2024-07-31,9.38,9380,-0.11(-1.16 %),222600,2085000000,0,0,9450,9520,9290
2024-08-01,9.24,9240,-0.14(-1.49 %),42500,395000000,0,0,9380,9480,9100
2024-08-02,9.15,9150,-0.09(-0.97 %),42000,383000000,0,0,9200,9200,9020
2024-08-05,9.08,9080,-0.07(-0.77 %),53800,482000000,0,0,9150,9170,8650
2024-08-06,9.08,9080,0(0.00 %),31400,283000000,0,0,9080,9100,8850
2024-08-07,9.12,9120,0.04(0.44 %),129400,1173000000,0,0,9140,9140,9010
2024-08-08,9.12,9120,0(0.00 %),87400,784000000,0,0,9110,9120,8820
2024-08-09,9.12,9120,0(0.00 %),7300,66000000,0,0,9120,9120,8900
2024-08-12,9.12,9120,0(0.00 %),3600,32000000,0,0,9120,9120,8910
2024-08-13,9.09,9090,-0.03(-0.33 %),34800,311000000,0,0,9120,9120,8900
2024-08-14,9.12,9120,0.03(0.33 %),16100,145000000,0,0,9090,9120,8900
2024-08-15,9.12,9120,0(0.00 %),30500,272000000,557000,4957300000,9120,9120,8800
2024-08-16,9.35,9350,0.23(2.52 %),408400,3781000000,0,0,9120,9750,8800
2024-08-19,9.35,9350,0(0.00 %),46300,421000000,0,0,9350,9350,8850
2024-08-20,9.18,9180,-0.17(-1.82 %),201700,1810000000,0,0,9340,9340,8800
2024-08-21,9.18,9180,0(0.00 %),115000,1032000000,5011290,42796416600,9170,9180,8800
2024-08-22,9.18,9180,0(0.00 %),91400,823000000,0,0,9180,9180,8800
2024-08-23,9.15,9150,-0.03(-0.33 %),159000,1429000000,0,0,8880,9180,8800
2024-08-26,9.13,9130,-0.02(-0.22 %),88000,787000000,0,0,9150,9150,8800
2024-08-27,9.1,9100,-0.03(-0.33 %),109300,978000000,0,0,9130,9130,8800
2024-08-28,9.07,9070,-0.03(-0.33 %),98000,876000000,0,0,9100,9100,8800
2024-08-29,9.03,9030,-0.04(-0.44 %),102300,911000000,0,0,8800,9100,8800
2024-08-30,9.0,9000,-0.03(-0.33 %),83300,739000000,0,0,9030,9030,8800
2024-09-04,8.96,8960,-0.04(-0.44 %),37400,333000000,0,0,9000,9000,8800
2024-09-05,8.93,8930,-0.03(-0.33 %),32000,283000000,0,0,8960,8960,8800
2024-09-06,8.68,8680,-0.25(-2.80 %),93100,817000000,0,0,8810,8930,8680
2024-09-09,8.78,8780,0.1(1.15 %),9700,84000000,0,0,8680,8800,8680
2024-09-10,8.75,8750,-0.03(-0.34 %),8800,76000000,0,0,8780,8780,8600
2024-09-11,8.7,8700,-0.05(-0.57 %),9600,82000000,0,0,8750,8750,8600
2024-09-12,8.5,8500,-0.2(-2.30 %),16700,142000000,0,0,8700,8700,8500
2024-09-13,8.53,8530,0.03(0.35 %),2000,17000000,0,0,8500,8640,8500
2024-09-16,8.59,8590,0.06(0.70 %),6300,53000000,0,0,8530,8600,8500
2024-09-17,8.5,8500,-0.09(-1.05 %),9800,83000000,0,0,8590,8600,8500
2024-09-18,8.61,8610,0.11(1.29 %),4400,37000000,0,0,8510,8650,8510
2024-09-19,8.51,8510,-0.1(-1.16 %),6900,58000000,0,0,8530,8530,8500
2024-09-20,8.52,8520,0.01(0.12 %),1900,16000000,0,0,8610,8610,8520
2024-09-23,8.57,8570,0.05(0.59 %),7700,65000000,0,0,8520,8600,8520
2024-09-24,8.52,8520,-0.05(-0.58 %),11900,101000000,0,0,8550,8570,8520
2024-09-25,8.58,8580,0.06(0.70 %),34600,294000000,0,0,8520,8600,8500
2024-09-26,8.57,8570,-0.01(-0.12 %),8700,74000000,0,0,8580,8590,8500
2024-09-27,8.6,8600,0.03(0.35 %),2400,20000000,0,0,8520,8670,8500
2024-09-30,8.59,8590,-0.01(-0.12 %),2400,20000000,0,0,8520,8590,8510
2024-10-01,8.75,8750,0.16(1.86 %),16500,141000000,0,0,8590,8750,8510
2024-10-02,8.55,8550,-0.2(-2.29 %),2200,18000000,0,0,8540,8550,8540
2024-10-03,8.51,8510,-0.04(-0.47 %),11700,99000000,0,0,8680,8700,8510
2024-10-04,8.6,8600,0.09(1.06 %),1300,10000000,0,0,8510,8600,8390
2024-10-07,8.59,8590,-0.01(-0.12 %),3700,31000000,0,0,8550,8590,8410
2024-10-08,8.5,8500,-0.09(-1.05 %),5500,46000000,0,0,8420,8510,8420
2024-10-09,8.54,8540,0.04(0.47 %),3300,27000000,0,0,8500,8550,8420
2024-10-10,8.52,8520,-0.02(-0.23 %),10600,89000000,0,0,8540,8540,8420
2024-10-11,8.5,8500,-0.02(-0.23 %),18800,158000000,0,0,8420,8500,8420
2024-10-14,8.51,8510,0.01(0.12 %),1800,15000000,0,0,8390,8510,8390
2024-10-15,8.54,8540,0.03(0.35 %),6800,57000000,0,0,8500,8600,8420
2024-10-16,8.53,8530,-0.01(-0.12 %),100,0,0,0,8530,8530,8530
2024-10-17,8.5,8500,-0.03(-0.35 %),6300,53000000,0,0,8450,8520,8430
2024-10-18,8.48,8480,-0.02(-0.24 %),2700,22000000,0,0,8490,8490,8480
2024-10-21,8.34,8340,-0.14(-1.65 %),2800,23000000,0,0,8490,8500,8340
2024-10-22,8.45,8450,0.11(1.32 %),5800,48000000,0,0,8340,8450,8340
2024-10-23,8.32,8320,-0.13(-1.54 %),900,7000000,0,0,8440,8440,8320
2024-10-24,8.6,8600,0.28(3.37 %),1200,10000000,0,0,8320,8600,8320
2024-10-25,8.6,8600,0(0.00 %),0,0,0,0,8600,8600,8600
2024-10-28,8.6,8600,0(0.00 %),0,0,0,0,8600,8600,8600
2024-10-29,8.6,8600,0(0.00 %),0,0,0,0,8600,8600,8600
2024-10-30,8.6,8600,0(0.00 %),0,0,0,0,8600,8600,8600
2024-10-31,8.55,8550,-0.05(-0.58 %),5000,41000000,0,0,8300,8550,8300
2024-11-01,8.55,8550,0(0.00 %),0,0,0,0,8550,8550,8550
2024-11-04,8.4,8400,-0.15(-1.75 %),1600,13000000,0,0,8470,8470,8400
2024-11-05,8.4,8400,0(0.00 %),7900,65000000,0,0,8260,8400,8260
2024-11-06,8.4,8400,0(0.00 %),1000,8000000,0,0,8400,8400,8400
2024-11-07,8.49,8490,0.09(1.07 %),3800,31000000,0,0,8490,8500,8300
2024-11-08,8.49,8490,0(0.00 %),2100,17000000,0,0,8330,8490,8330
2024-11-11,8.48,8480,-0.01(-0.12 %),1600,13000000,0,0,8480,8480,8320
2024-11-12,8.33,8330,-0.15(-1.77 %),1100,9000000,0,0,8470,8480,8330
2024-11-13,8.38,8380,0.05(0.60 %),9200,76000000,0,0,8260,8380,8250
2024-11-14,8.39,8390,0.01(0.12 %),3800,31000000,0,0,8200,8420,8200
2024-11-15,8.2,8200,-0.19(-2.26 %),15800,129000000,0,0,8220,8220,8200
2024-11-18,8.02,8020,-0.18(-2.20 %),7100,56000000,0,0,8010,8050,8010
2024-11-19,8.0,8000,-0.02(-0.25 %),40700,325000000,0,0,8020,8020,7900
2024-11-20,8.02,8020,0.02(0.25 %),9500,76000000,0,0,8000,8020,7990
2024-11-21,8.02,8020,0(0.00 %),400,3000000,0,0,7910,8050,7910
2024-11-22,8.0,8000,-0.02(-0.25 %),3800,30000000,5206700,38841982000,8020,8050,7910
2024-11-25,8.0,8000,0(0.00 %),300,2000000,74,550560,8000,8000,8000
2024-11-26,8.0,8000,0(0.00 %),1400,11000000,0,0,7900,8000,7900
2024-11-27,7.95,7950,-0.05(-0.62 %),5000,39000000,0,0,7920,7980,7920
2024-11-28,7.98,7980,0.03(0.38 %),1200,9000000,0,0,7910,7980,7910
2024-11-29,7.98,7980,0(0.00 %),1300,10000000,0,0,7970,7980,7970
2024-12-02,7.91,7910,-0.07(-0.88 %),4800,38000000,0,0,7970,7980,7900
2024-12-03,7.83,7830,-0.08(-1.01 %),8000,63000000,0,0,7910,7910,7830
2024-12-04,7.83,7830,0(0.00 %),0,0,0,0,7830,7830,7830
2024-12-05,7.95,7950,0.12(1.53 %),400,3000000,0,0,7830,7950,7830
2024-12-06,8.12,8120,0.17(2.14 %),345700,2855000000,0,0,7940,8500,7650
2024-12-09,8.12,8120,0(0.00 %),36800,295000000,264000,1995840000,7990,8500,7670
2024-12-10,7.72,7720,-0.4(-4.93 %),24300,188000000,0,0,7990,7990,7680
2024-12-11,7.77,7770,0.05(0.65 %),36500,281000000,0,0,7870,7870,7600
2024-12-12,7.7,7700,-0.07(-0.90 %),383900,3128000000,0,0,7780,8310,7630
2024-12-13,7.83,7830,0.13(1.69 %),38400,296000000,0,0,7700,7900,7600
2024-12-16,7.6,7600,-0.23(-2.94 %),2100,16000000,0,0,7630,7820,7600
2024-12-17,7.58,7580,-0.02(-0.26 %),14000,106000000,0,0,7610,7650,7580
2024-12-18,7.65,7650,0.07(0.92 %),114700,870000000,0,0,7600,7760,7500
2024-12-19,7.4,7400,-0.25(-3.27 %),56400,431000000,0,0,7650,7760,7400
2024-12-20,7.5,7500,0.1(1.35 %),108000,807000000,0,0,7450,7730,7400
2024-12-23,7.51,7510,0.01(0.13 %),71800,538000000,0,0,7410,7520,7400
2024-12-24,7.42,7420,-0.09(-1.20 %),63200,473000000,0,0,7520,7520,7410
2024-12-25,7.47,7470,0.05(0.67 %),74700,555000000,2109000,15838590000,7490,7490,7350
2024-12-26,7.0,7000,-0.47(-6.29 %),63800,473000000,0,0,7470,7480,7000
2024-12-27,7.49,7490,0.49(7.00 %),976900,7305000000,0,0,7370,7490,7100
2024-12-30,7.55,7550,0.06(0.80 %),431100,3209000000,0,0,7550,7690,7250
2024-12-31,7.05,7050,-0.5(-6.62 %),311200,2259000000,0,0,7550,7690,7030
2025-01-02,7.1,7100,0.05(0.71 %),267700,1894000000,0,0,7160,7170,7000
2025-01-03,6.92,6920,-0.18(-2.54 %),48800,339000000,0,0,7100,7100,6800
2025-01-06,6.92,6920,0(0.00 %),198600,1371000000,0,0,6710,7020,6710
2025-01-07,7.0,7000,0.08(1.16 %),361400,2554000000,0,0,6920,7370,6710
2025-01-08,6.9,6900,-0.1(-1.43 %),28600,195000000,0,0,6800,7000,6780
2025-01-09,6.71,6710,-0.19(-2.75 %),19600,132000000,0,0,6900,6970,6630
2025-01-10,6.68,6680,-0.03(-0.45 %),11700,78000000,0,0,6710,6850,6680
2025-01-13,6.78,6780,0.1(1.50 %),16200,108000000,2155000,14395400000,6690,6780,6600
2025-01-14,6.52,6520,-0.26(-3.83 %),36800,242000000,0,0,6920,6920,6520
2025-01-15,6.4,6400,-0.12(-1.84 %),75400,486000000,0,0,6520,6740,6380
2025-01-16,6.48,6480,0.08(1.25 %),17600,112000000,0,0,6680,6680,6400
2025-01-17,6.51,6510,0.03(0.46 %),30000,192000000,20000,120600000,6590,6590,6400
2025-01-20,6.38,6380,-0.13(-2.00 %),22200,142000000,0,0,6550,6570,6380
2025-01-21,6.41,6410,0.03(0.47 %),7700,49000000,0,0,6480,6480,6370
2025-01-22,6.38,6380,-0.03(-0.47 %),9900,63000000,0,0,6380,6450,6380
2025-01-23,6.44,6440,0.06(0.94 %),2500,15000000,0,0,6400,6440,6380
2025-01-24,6.54,6540,0.1(1.55 %),7200,45000000,0,0,6380,6540,6380
2025-02-04,6.5,6500,0.05(0.78 %),220800,1463000000,0,0,6770,6890,6450
2025-02-05,6.58,6580,0.08(1.23 %),112000,729000000,0,0,6690,6700,6410
2025-02-06,6.67,6670,0.09(1.37 %),51300,337000000,0,0,6580,6680,6580
2025-02-07,6.61,6610,-0.06(-0.90 %),61900,407000000,0,0,6670,6670,6500
2025-02-10,6.42,6420,-0.19(-2.87 %),81200,522000000,0,0,6450,6570,6420
2025-02-11,6.52,6520,0.1(1.56 %),41500,270000000,0,0,6420,6730,6420
2025-02-12,6.52,6520,0(0.00 %),88000,571000000,0,0,6640,6640,6450
2025-02-13,6.48,6480,-0.04(-0.61 %),76100,493000000,0,0,6570,6570,6460
2025-02-14,6.52,6520,0.04(0.62 %),283500,1858000000,0,0,6450,6690,6420
2025-02-17,6.56,6560,0.04(0.61 %),110300,726000000,0,0,6550,6680,6520
2025-02-18,6.5,6500,-0.06(-0.91 %),104700,684000000,0,0,6560,6680,6480
2025-02-19,6.6,6600,0.1(1.54 %),111500,728000000,0,0,6550,6610,6500
2025-02-20,6.6,6600,0(0.00 %),227600,1503000000,0,0,6550,6780,6500
2025-02-21,6.59,6590,-0.01(-0.15 %),64600,423000000,0,0,6580,6630,6540
2025-02-24,6.51,6510,-0.08(-1.21 %),66700,435000000,0,0,6590,6590,6500
2025-02-25,6.51,6510,0(0.00 %),115500,750000000,0,0,6510,6560,6470
2025-02-26,6.55,6550,0.04(0.61 %),171300,1112000000,7271600,45083920000,6510,6650,6060
2025-02-27,6.55,6550,0(0.00 %),63500,412000000,0,0,6400,6570,6300
2025-02-28,6.6,6600,0.05(0.76 %),101500,662000000,0,0,6690,6690,6500
2025-03-03,6.5,6500,-0.1(-1.52 %),62600,407000000,0,0,6600,6600,6460
2025-03-04,6.54,6540,0.04(0.62 %),83900,544000000,0,0,6490,6580,6450
2025-03-05,6.46,6460,-0.08(-1.22 %),68500,442000000,0,0,6540,6540,6450
2025-03-06,6.46,6460,0(0.00 %),10200,65000000,0,0,6460,6460,6400
2025-03-07,6.46,6460,0(0.00 %),53400,343000000,5000000,30500000000,6490,6540,6400
2025-03-10,6.48,6480,0.02(0.31 %),102600,664000000,0,0,6450,6560,6450
2025-03-11,6.5,6500,0.02(0.31 %),78800,509000000,0,0,6480,6540,6450
2025-03-12,6.5,6500,0(0.00 %),34300,221000000,0,0,6470,6510,6450
2025-03-13,6.45,6450,-0.05(-0.77 %),17200,111000000,0,0,6500,6520,6220
2025-03-14,6.45,6450,0(0.00 %),47800,307000000,0,0,6550,6550,6430
2025-03-17,6.42,6420,-0.03(-0.47 %),57400,369000000,0,0,6450,6450,6410
2025-03-18,6.45,6450,0.03(0.47 %),29100,188000000,0,0,6490,6490,6400
2025-03-19,6.4,6400,-0.05(-0.78 %),5000,32000000,0,0,6400,6450,6390
2025-03-20,6.4,6400,0(0.00 %),20100,128000000,0,0,6450,6450,6310
2025-03-21,6.32,6320,-0.08(-1.25 %),15900,100000000,0,0,6200,6400,6200
2025-03-24,6.26,6260,-0.06(-0.95 %),39800,250000000,0,0,6270,6310,6260
2025-03-25,6.26,6260,0(0.00 %),47100,295000000,0,0,6260,6300,6260
2025-03-26,6.26,6260,0(0.00 %),64200,405000000,0,0,6260,6350,6260
2025-03-27,6.26,6260,0(0.00 %),44700,279000000,0,0,6250,6260,6250
2025-03-28,6.31,6310,0.05(0.80 %),9100,56000000,0,0,6260,6310,6250
2025-03-31,6.31,6310,0(0.00 %),213500,1350000000,0,0,6240,6460,6240
2025-04-01,6.4,6400,0.09(1.43 %),26500,167000000,0,0,6450,6450,6300
2025-04-02,6.7,6700,0.3(4.69 %),1192100,8013000000,0,0,6350,6840,6350
2025-04-03,6.24,6240,-0.46(-6.87 %),54700,342000000,0,0,6290,6310,6240
2025-04-04,5.81,5810,-0.43(-6.89 %),218900,1273000000,0,0,5810,6200,5810
2025-04-08,5.41,5410,-0.4(-6.88 %),129500,703000000,0,0,5800,5800,5410
2025-04-09,5.04,5040,-0.37(-6.84 %),121900,614000000,0,0,5050,5050,5040
2025-04-10,5.39,5390,0.35(6.94 %),391700,1929000000,0,0,4690,5390,4690
2025-04-11,5.76,5760,0.37(6.86 %),441100,2511000000,0,0,5750,5760,5350
2025-04-14,5.36,5360,-0.4(-6.94 %),129500,715000000,0,0,5800,5960,5360
2025-04-15,5.34,5340,-0.02(-0.37 %),74800,397000000,0,0,5360,5400,5010
2025-04-16,5.06,5060,-0.28(-5.24 %),63700,322000000,0,0,5110,5310,5000
2025-04-17,5.12,5120,0.06(1.19 %),13100,66000000,0,0,5070,5130,5060
2025-04-18,5.3,5300,0.18(3.52 %),355300,1924000000,0,0,5160,5470,5130
2025-04-21,5.26,5260,-0.04(-0.75 %),11100,58000000,0,0,5300,5300,5220
2025-04-22,4.9,4900,-0.36(-6.84 %),212200,1043000000,0,0,5170,5250,4900
2025-04-23,5.15,5150,0.25(5.10 %),80700,406000000,0,0,4900,5180,4900
2025-04-24,5.1,5100,-0.05(-0.97 %),6100,30000000,0,0,5030,5240,5000
2025-04-25,5.08,5080,-0.02(-0.39 %),32600,165000000,0,0,5100,5100,5070
2025-04-28,5.07,5070,-0.01(-0.20 %),22800,114000000,0,0,5100,5100,5000
2025-04-29,5.14,5140,0.07(1.38 %),7300,37000000,0,0,5060,5140,5060
2025-05-05,5.12,5120,-0.02(-0.39 %),8000,40621000,0,0,5160,5160,5050
2025-05-06,5.08,5080,-0.04(-0.78 %),24800,125008000,0,0,5120,5120,5020
2025-05-07,5.1,5100,0.02(0.39 %),34600,175479000,0,0,5080,5130,5010
2025-05-08,5.11,5110,0.01(0.20 %),4700,23943000,0,0,5100,5160,5030
2025-05-09,5.1,5100,-0.01(-0.20 %),63200,322508000,0,0,5120,5130,5050
2025-05-12,5.15,5150,0.05(0.98 %),110600,569029000,0,0,5150,5250,5110
2025-05-13,5.27,5270,0.12(2.33 %),96000,493320000,0,0,5160,5300,5100
2025-05-14,5.2,5200,-0.07(-1.33 %),133600,701852000,0,0,5460,5460,5150
2025-05-15,5.29,5290,0.09(1.73 %),49400,256415000,0,0,5210,5290,5180
2025-05-16,5.25,5250,-0.04(-0.76 %),39600,209241000,0,0,5300,5300,5180
2025-05-19,5.2,5200,-0.05(-0.95 %),48300,250492000,132925,664625000,5230,5230,5120
2025-05-20,5.02,5020,-0.18(-3.46 %),72100,371141000,0,0,5120,5200,5020
2025-05-21,5.37,5370,0.35(6.97 %),337800,1796230000,0,0,5050,5370,5020
2025-05-22,5.74,5740,0.37(6.89 %),790600,4537336000,0,0,5740,5740,5730
2025-05-23,6.14,6140,0.4(6.97 %),1041500,6356933000,0,0,6110,6140,5740
2025-05-26,6.45,6450,0.31(5.05 %),1309000,8399752000,0,0,6550,6560,6000
2025-05-27,6.2,6200,-0.25(-3.88 %),195800,1225022000,0,0,6550,6690,6100
2025-05-28,5.77,5770,-0.43(-6.94 %),298300,1742348000,0,0,6120,6120,5770
2025-05-29,5.82,5820,0.05(0.87 %),263900,1471835000,0,0,5460,5820,5460
2025-05-30,5.55,5550,-0.27(-4.64 %),75800,420563000,0,0,5820,5820,5440
2025-06-02,5.67,5670,0.12(2.16 %),78800,437888000,0,0,5600,5700,5440
2025-06-03,5.6,5600,-0.07(-1.23 %),58200,325941000,0,0,5670,5680,5520
2025-06-04,5.62,5620,0.02(0.36 %),121700,687788000,0,0,5660,5700,5600
2025-06-05,5.67,5670,0.05(0.89 %),88700,498147000,0,0,5650,5690,5530
2025-06-06,5.63,5630,-0.04(-0.71 %),117300,647381000,0,0,5670,5670,5500
2025-06-09,5.55,5550,-0.08(-1.42 %),78500,434116000,0,0,5630,5630,5490
2025-06-10,5.93,5930,0.38(6.85 %),444900,2624532000,0,0,5480,5930,5470
2025-06-11,6.34,6340,0.41(6.91 %),1156800,7282234000,0,0,6080,6340,5790
2025-06-12,6.78,6780,0.44(6.94 %),1146000,7733166000,0,0,6360,6780,6360
2025-06-13,6.46,6460,-0.32(-4.72 %),912600,6323055000,0,0,6810,7250,6400
2025-06-16,6.43,6430,-0.03(-0.46 %),241200,1545666000,0,0,6150,6500,6150
2025-06-17,6.4,6400,-0.03(-0.47 %),183800,1142612000,0,0,6420,6420,6140
2025-06-18,6.19,6190,-0.21(-3.28 %),135400,834926000,0,0,6390,6390,6130
2025-06-19,6.1,6100,-0.09(-1.45 %),79100,483111000,0,0,6290,6290,6060
2025-06-20,6.14,6140,0.04(0.66 %),99600,599692000,0,0,6100,6190,5990
2025-06-23,6.05,6050,-0.09(-1.47 %),19600,118012000,0,0,5950,6160,5950
2025-06-24,6.1,6100,0.05(0.83 %),174500,1059058000,0,0,6300,6300,6050
2025-06-25,6.1,6100,0(0.00 %),91800,560746000,0,0,6110,6150,6100
2025-06-26,6.15,6150,0.05(0.82 %),52900,321567000,0,0,6100,6160,6060
2025-06-27,6.12,6120,-0.03(-0.49 %),35000,214706000,0,0,6150,6170,6100
2025-06-30,6.54,6540,0.42(6.86 %),396000,2552666000,0,0,6070,6540,6070
2025-07-01,6.69,6690,0.15(2.29 %),494700,3294084000,0,0,6800,6960,6490
2025-07-02,6.32,6320,-0.37(-5.53 %),368800,2441728000,0,0,6700,7000,6300
2025-07-03,6.29,6290,-0.03(-0.47 %),80400,511102000,0,0,6570,6570,6290
2025-07-04,6.35,6350,0.06(0.95 %),188500,1180939000,0,0,6210,6390,6210
2025-07-07,6.38,6380,0.03(0.47 %),71800,453893000,0,0,6320,6450,6230
2025-07-08,6.37,6370,-0.01(-0.16 %),82000,522093000,0,0,6380,6400,6330
2025-07-09,6.39,6390,0.02(0.31 %),139500,885793000,0,0,6370,6440,6320
2025-07-10,6.37,6370,-0.02(-0.31 %),59700,381867000,0,0,6780,6780,6370
2025-07-11,6.27,6270,-0.1(-1.57 %),108300,682324000,0,0,6360,6370,6260
2025-07-14,6.28,6280,0.01(0.16 %),111800,696949000,2050000,12853500000,6380,6380,6160
2025-07-15,6.29,6290,0.01(0.16 %),69400,433613000,0,0,6220,6300,6190
2025-07-16,6.26,6260,-0.03(-0.48 %),69400,434113000,0,0,6290,6300,6230
2025-07-17,6.3,6300,0.04(0.64 %),384100,2444200000,0,0,6260,6500,6260
2025-07-18,6.3,6300,0(0.00 %),108200,682369000,0,0,6300,6380,6270
2025-07-21,6.29,6290,-0.01(-0.16 %),87200,546465000,0,0,6300,6390,6230
2025-07-22,6.35,6350,0.06(0.95 %),436400,2704822000,0,0,6200,6350,6100
2025-07-23,6.48,6480,0.13(2.05 %),916300,6038611000,0,0,6350,6790,6160
2025-07-24,6.3,6300,-0.18(-2.78 %),351600,2192111000,0,0,6470,6470,6200
2025-07-25,6.27,6270,-0.03(-0.48 %),303800,1882398000,0,0,6300,6390,6120
2025-07-28,6.2,6200,-0.07(-1.12 %),254400,1577402000,0,0,6270,6300,6160
2025-07-29,6.17,6170,-0.03(-0.48 %),170900,1054454000,0,0,6270,6270,6140
2025-07-30,6.18,6180,0.01(0.16 %),124800,770147000,0,0,6180,6230,6150
2025-07-31,6.2,6200,0.02(0.32 %),111200,685590000,0,0,6270,6270,6110
2025-08-01,6.2,6200,0(0.00 %),122700,756286000,0,0,6210,6230,6100
2025-08-04,6.12,6120,-0.08(-1.29 %),87600,531248000,0,0,6010,6150,6010
2025-08-05,6.18,6180,0.06(0.98 %),171500,1059223000,0,0,6120,6220,6100
2025-08-06,6.21,6210,0.03(0.49 %),89800,556249000,0,0,6180,6230,6150
2025-08-07,6.19,6190,-0.02(-0.32 %),57800,357605000,0,0,6280,6280,6150
2025-08-08,6.14,6140,-0.05(-0.81 %),147600,904725000,0,0,6170,6180,6100
2025-08-11,6.13,6130,-0.01(-0.16 %),216500,1329671000,0,0,6150,6200,6100
2025-08-12,6.1,6100,-0.03(-0.49 %),62200,380069000,0,0,6130,6130,6100
2025-08-13,6.03,6030,-0.07(-1.15 %),193500,1171843000,0,0,6100,6100,5970
2025-08-14,6.0,6000,-0.03(-0.50 %),152800,916394000,0,0,6040,6050,5940
2025-08-15,5.9,5900,-0.1(-1.67 %),74800,445146000,0,0,6010,6010,5900
2025-08-18,5.87,5870,-0.03(-0.51 %),54200,318334000,0,0,5900,5950,5840
2025-08-19,6.0,6000,0.13(2.21 %),110700,653379000,0,0,5880,6000,5840
2025-08-20,6.15,6150,0.15(2.50 %),269500,1649198000,0,0,6000,6360,5900
2025-08-21,5.93,5930,-0.22(-3.58 %),88700,536285000,0,0,6150,6150,5930
2025-08-22,5.99,5990,0.06(1.01 %),48200,289223000,0,0,5950,6100,5940
2025-08-25,5.88,5880,-0.11(-1.84 %),45900,273921000,0,0,5990,6000,5880
2025-08-26,6.25,6250,0.37(6.29 %),1359900,8519749000,0,0,5900,6290,5900
2025-08-27,6.33,6330,0.08(1.28 %),723800,4693783000,0,0,6250,6680,6150
2025-08-28,6.28,6280,-0.05(-0.79 %),81000,500956000,0,0,6390,6390,6070
2025-08-29,6.04,6040,-0.24(-3.82 %),183100,1115262000,0,0,6160,6290,6020
2025-09-03,6.05,6050,0.01(0.17 %),58200,358627000,0,0,6050,6200,6050
2025-09-04,6.05,6050,0(0.00 %),70100,424488000,0,0,6050,6100,6040
2025-09-05,6.01,6010,-0.04(-0.66 %),73300,442973000,0,0,6050,6100,6010
2025-09-08,5.81,5810,-0.2(-3.33 %),93800,548826000,0,0,6000,6040,5700
2025-09-09,5.89,5890,0.08(1.38 %),61100,357734000,0,0,5870,5950,5790
2025-09-10,5.89,5890,0(0.00 %),26400,155620000,0,0,5900,5940,5850
2025-09-11,5.92,5920,0.03(0.51 %),58800,347187000,0,0,5930,5950,5860
2025-09-12,6.0,6000,0.08(1.35 %),38800,229748000,0,0,5920,6000,5880
2025-09-15,6.42,6420,0.42(7.00 %),1073100,6867628000,0,0,6100,6420,6100
2025-09-16,6.86,6860,0.44(6.85 %),556600,3813767000,0,0,6550,6860,6550
2025-09-17,7.34,7340,0.48(7.00 %),771700,5528751000,0,0,7200,7340,6510
2025-09-18,7.78,7780,0.44(5.99 %),570100,4413926000,0,0,7590,7850,7200
2025-09-19,7.61,7610,-0.17(-2.19 %),170300,1327156000,0,0,7750,8100,7400
2025-09-22,7.09,7090,-0.52(-6.83 %),155800,1116033000,0,0,7200,7590,7090
2025-09-23,6.86,6860,-0.23(-3.24 %),217800,1466408000,0,0,7090,7090,6600
2025-09-24,6.99,6990,0.13(1.90 %),40800,278253000,0,0,6800,6990,6440
2025-09-25,6.7,6700,-0.29(-4.15 %),32200,221972000,0,0,6700,7000,6700
2025-09-26,6.7,6700,0(0.00 %),97500,654608000,0,0,6700,6950,6700
2025-09-29,6.71,6710,0.01(0.15 %),65800,449756000,0,0,6780,6900,6710
2025-09-30,6.7,6700,-0.01(-0.15 %),52700,350591000,0,0,6740,6740,6600
2025-10-01,6.6,6600,-0.1(-1.49 %),25300,169077000,0,0,6700,6710,6600
2025-10-02,6.64,6640,0.04(0.61 %),22400,150252000,0,0,6820,6820,6640
2025-10-03,6.65,6650,0.01(0.15 %),29300,193791000,0,0,6640,6650,6600
2025-10-06,6.65,6650,0(0.00 %),48500,322849000,0,0,6600,6700,6600
2025-10-07,6.61,6610,-0.04(-0.60 %),39000,258620000,4106649,25420157310,6660,6660,6610
2025-10-08,6.57,6570,-0.04(-0.61 %),41900,276385000,0,0,6610,6630,6570
2025-10-09,6.45,6450,-0.12(-1.83 %),24300,158510000,0,0,6600,6600,6450
2025-10-10,6.9,6000,-6.45(-100.00 %),103900,6900,0,0,6720,6900,6000
