Date,GiaDieuChinh,Close,ThayDoi,Volume,GiaTriKhopLenh,KLThoaThuan,GtThoaThuan,Open,High,Low
2007-10-05,10.53,50000,2(4.17 %),3210,161000000,20000,1000000000,50000,50000,50000
2007-10-08,11.05,52500,2.5(5.00 %),1000,53000000,0,0,52500,52500,52500
2007-10-09,11.58,55000,2.5(4.76 %),410,23000000,0,0,55000,55000,55000
2007-10-10,12.11,57500,2.5(4.55 %),1010,58000000,0,0,57500,57500,57500
2007-10-11,12.63,60000,2.5(4.35 %),2810,169000000,0,0,60000,60000,60000
2007-10-12,13.26,63000,3(5.00 %),810,51000000,0,0,63000,63000,63000
2007-10-15,13.9,66000,3(4.76 %),1000,66000000,0,0,66000,66000,66000
2007-10-16,14.53,69000,3(4.55 %),4000,276000000,0,0,69000,69000,69000
2007-10-17,15.16,72000,3(4.35 %),21490,1547000000,20000,1370000000,72000,72000,72000
2007-10-18,15.9,75500,3.5(4.86 %),7250,547000000,0,0,75500,75500,75500
2007-10-19,16.63,79000,3.5(4.64 %),28360,2240000000,0,0,79000,79000,79000
2007-10-22,17.37,82500,3.5(4.43 %),11630,959000000,0,0,82500,82500,82500
2007-10-23,18.21,86500,4(4.85 %),25070,2169000000,0,0,86500,86500,86500
2007-10-24,19.05,90500,4(4.62 %),32860,2974000000,0,0,90500,90500,90500
2007-10-25,20.0,95000,4.5(4.97 %),120870,11483000000,0,0,95000,95000,95000
2007-10-26,20.95,99500,4.5(4.74 %),50850,5060000000,0,0,99500,99500,99500
2007-10-29,21.47,102000,2.5(2.51 %),268850,27764000000,0,0,104000,104000,102000
2007-10-30,20.42,97000,-5(-4.90 %),65300,6334000000,0,0,97000,97000,97000
2007-10-31,21.26,101000,4(4.12 %),242410,22602000000,0,0,92500,101000,92500
2007-11-01,22.32,106000,5(4.95 %),38320,4062000000,0,0,106000,106000,106000
2007-11-02,23.37,111000,5(4.72 %),136630,15149000000,0,0,111000,111000,109000
2007-11-05,24.42,116000,5(4.50 %),88160,9851000000,0,0,106000,116000,106000
2007-11-06,23.79,113000,-3(-2.59 %),87950,9928000000,0,0,113000,115000,112000
2007-11-07,23.58,112000,-1(-0.88 %),111740,12516000000,0,0,111000,113000,111000
2007-11-08,22.53,107000,-5(-4.46 %),38600,4216000000,0,0,112000,112000,107000
2007-11-09,22.53,107000,0(0.00 %),127040,13061000000,0,0,102000,107000,102000
2007-11-12,22.74,108000,1(0.93 %),44370,4802000000,0,0,110000,110000,108000
2007-11-13,21.69,103000,-5(-4.63 %),144560,14890000000,0,0,103000,108000,103000
2007-11-14,21.69,103000,0(0.00 %),224330,22860000000,0,0,100000,104000,100000
2007-11-15,20.63,98000,-5(-4.85 %),224930,22055000000,0,0,98000,99500,98000
2007-11-16,20.0,95000,-3(-3.06 %),248990,23386000000,0,0,93500,98000,93500
2007-11-19,20.95,99500,4.5(4.74 %),36930,3580000000,0,0,95000,99500,95000
2007-11-20,20.63,98000,-1.5(-1.51 %),28840,2856000000,0,0,99500,99500,96500
2007-11-21,19.79,94000,-4(-4.08 %),62730,5903000000,0,0,94000,96000,93500
2007-11-22,18.84,89500,-4.5(-4.79 %),46310,4277000000,0,0,93000,95500,89500
2007-11-23,18.95,90000,0.5(0.56 %),24470,2196000000,0,0,89500,90500,89500
2007-11-26,19.79,94000,4(4.44 %),40730,3757000000,0,0,91000,94000,91000
2007-11-27,19.58,93000,-1(-1.06 %),17400,1629000000,0,0,94500,94500,90500
2007-11-28,19.68,93500,0.5(0.54 %),15410,1441000000,0,0,93500,93500,93500
2007-11-29,20.0,95000,1.5(1.60 %),12800,1214000000,0,0,94000,95000,93000
2007-11-30,20.53,97500,2.5(2.63 %),18070,1747000000,0,0,94000,97500,93500
2007-12-03,20.74,98500,1(1.03 %),32850,3204000000,0,0,95500,98500,95000
2007-12-04,20.53,97500,-1(-1.02 %),40250,3938000000,0,0,98500,98500,97000
2007-12-05,20.0,95000,-2.5(-2.56 %),17050,1623000000,0,0,95000,96000,95000
2007-12-06,20.42,97000,2(2.11 %),50780,4838000000,0,0,93500,97000,93500
2007-12-07,19.9,94500,-2.5(-2.58 %),5780,547000000,0,0,94500,95000,94500
2007-12-10,19.58,93000,-1.5(-1.59 %),14810,1383000000,0,0,94500,94500,93000
2007-12-11,19.47,92500,-0.5(-0.54 %),23060,2137000000,0,0,93000,93000,92000
2007-12-12,19.16,91000,-1.5(-1.62 %),8060,737000000,0,0,92500,93000,91000
2007-12-13,19.47,92500,1.5(1.65 %),5340,493000000,0,0,92500,92500,90000
2007-12-14,19.9,94500,2(2.16 %),34340,3241000000,0,0,92500,94500,92000
2007-12-17,19.47,92500,-2(-2.12 %),9320,868000000,0,0,94500,94500,92500
2007-12-18,20.32,96500,4(4.32 %),80200,7674000000,0,0,94000,96500,93000
2007-12-19,20.84,99000,2.5(2.59 %),35820,3521000000,0,0,98000,99000,97500
2007-12-20,20.84,99000,0(0.00 %),33770,3366000000,0,0,101000,101000,98000
2007-12-21,20.84,99000,0(0.00 %),9230,913000000,0,0,98000,99000,98000
2007-12-24,21.47,102000,3(3.03 %),62800,6310000000,0,0,99000,102000,98000
2007-12-25,21.69,99000,1.25(1.28 %),38270,3760000000,0,0,98000,99000,97000
2007-12-26,21.36,97500,-1.5(-1.52 %),8360,815000000,0,0,97500,97500,96000
2007-12-27,20.93,95500,-2(-2.05 %),10820,1031000000,0,0,95500,95500,94000
2007-12-28,20.49,93500,-2(-2.09 %),24420,2281000000,0,0,93000,94000,93000
2008-01-02,20.38,93000,-0.5(-0.53 %),4450,413000000,0,0,92500,93000,92500
2008-01-03,19.72,90000,-3(-3.23 %),15010,1363000000,0,0,91000,92000,90000
2008-01-04,19.28,88000,-2(-2.22 %),13360,1177000000,0,0,88000,88500,88000
2008-01-07,18.41,84000,-4(-4.55 %),9360,788000000,0,0,84500,85000,84000
2008-01-08,18.41,84000,0(0.00 %),20750,1736000000,0,0,82000,84500,82000
2008-01-09,17.53,80000,-4(-4.76 %),16670,1346000000,0,0,85000,85000,80000
2008-01-10,18.41,84000,4(5.00 %),21730,1730000000,0,0,76500,84000,76000
2008-01-11,18.08,82500,-1.5(-1.79 %),9800,816000000,0,0,82500,85500,82500
2008-01-14,17.97,82000,-0.5(-0.61 %),53180,4235000000,0,0,78500,82000,78500
2008-01-15,17.53,80000,-2(-2.44 %),44150,3513000000,0,0,84000,84000,78000
2008-01-16,18.41,84000,4(5.00 %),20120,1672000000,0,0,82000,84000,80000
2008-01-17,17.64,80500,-3.5(-4.17 %),11630,938000000,0,0,84000,84000,80500
2008-01-18,18.19,83000,2.5(3.11 %),15270,1255000000,0,0,80000,83000,80000
2008-01-21,18.84,86000,3(3.61 %),31800,2710000000,0,0,86000,86000,83000
2008-01-22,18.84,86000,0(0.00 %),18890,1607000000,0,0,84000,86000,84000
2008-01-23,18.52,84500,-1.5(-1.74 %),17470,1482000000,0,0,86000,86000,82500
2008-01-24,18.41,84000,-0.5(-0.59 %),19210,1650000000,0,0,87000,87000,84000
2008-01-25,18.84,86000,2(2.38 %),16850,1439000000,0,0,84000,86000,83000
2008-01-28,19.28,88000,2(2.33 %),15840,1382000000,0,0,86000,88000,85000
2008-01-29,19.94,91000,3(3.41 %),32650,2940000000,0,0,87500,91000,86000
2008-01-30,20.82,95000,4(4.40 %),47710,4535000000,0,0,95000,95500,91000
2008-01-31,21.04,96000,1(1.05 %),25080,2378000000,0,0,91000,96000,91000
2008-02-01,21.91,100000,4(4.17 %),225120,22497000000,0,0,100000,100000,99000
2008-02-12,23.01,105000,5(5.00 %),69870,7313000000,0,0,105000,105000,100000
2008-02-13,23.01,105000,0(0.00 %),54190,5615000000,0,0,101000,105000,101000
2008-02-14,22.57,103000,-2(-1.90 %),25130,2604000000,0,0,105000,105000,103000
2008-02-15,21.47,98000,-5(-4.85 %),53590,5280000000,0,0,99000,99000,98000
2008-02-18,20.49,93500,-4.5(-4.59 %),102800,9612000000,0,0,93500,94000,93500
2008-02-19,21.15,96500,3(3.21 %),26640,2446000000,0,0,90000,96500,90000
2008-02-20,20.16,92000,-4.5(-4.66 %),31050,2883000000,0,0,96500,96500,92000
2008-02-21,19.17,87500,-4.5(-4.89 %),24010,2101000000,0,0,87500,87500,87500
2008-02-22,18.3,83500,-4(-4.57 %),35400,2956000000,0,0,83500,85000,83500
2008-02-25,19.17,87500,4(4.79 %),30280,2640000000,0,0,86500,87500,86500
2008-02-26,19.72,90000,2.5(2.86 %),48190,4136000000,0,0,83500,90000,83500
2008-02-27,18.74,85500,-4.5(-5.00 %),12680,1085000000,0,0,85500,89500,85500
2008-02-28,18.74,85500,0(0.00 %),9880,829000000,0,0,83500,87000,83000
2008-02-29,17.97,82000,-3.5(-4.09 %),18470,1519000000,0,0,82500,83500,82000
2008-03-03,17.09,78000,-4(-4.88 %),30910,2411080000,0,0,78000,78500,78000
2008-03-04,16.32,74500,-3.5(-4.49 %),7030,523735000,0,0,74500,74500,74500
2008-03-05,15.56,71000,-3.5(-4.70 %),11460,813660000,0,0,71000,71000,71000
2008-03-06,16.32,74500,3.5(4.93 %),24090,1794705000,0,0,74500,74500,74500
2008-03-07,17.09,78000,3.5(4.70 %),2530,197340000,0,0,78000,78000,78000
2008-03-10,16.65,76000,-2(-2.56 %),54820,4441010000,0,0,81500,81500,76000
2008-03-11,16.0,73000,-3(-3.95 %),36180,2661105000,0,0,73000,76000,73000
2008-03-12,16.43,75000,2(2.74 %),27870,2090885000,0,0,76500,76500,72000
2008-03-13,16.65,76000,1(1.33 %),19990,1508815000,0,0,76500,76500,73500
2008-03-14,16.54,75500,-0.5(-0.66 %),25260,1900470000,0,0,76000,76000,75000
2008-03-17,15.78,72000,-3.5(-4.64 %),43440,3218365000,0,0,75500,75500,72000
2008-03-18,15.01,68500,-3.5(-4.86 %),12880,882280000,0,0,68500,68500,68500
2008-03-19,14.35,65500,-3(-4.38 %),63880,4245150000,0,0,67000,71000,65500
2008-03-20,13.8,63000,-2.5(-3.82 %),24710,1650730000,0,0,68000,68000,63000
2008-03-21,13.15,60000,-3(-4.76 %),20260,1219650000,0,0,60500,61000,60000
2008-03-24,12.49,57000,-3(-5.00 %),19520,1112640000,0,0,57000,57000,57000
2008-03-25,11.94,54500,-2.5(-4.39 %),28750,1566875000,0,0,54500,54500,54500
2008-03-26,11.5,52500,-2(-3.67 %),32770,1729555000,0,0,52500,57000,52000
2008-03-27,11.61,53000,0.5(0.95 %),29680,1573040000,0,0,53000,53000,53000
2008-03-28,11.72,53500,0.5(0.94 %),600,32100000,0,0,53500,53500,53500
2008-03-31,11.83,54000,0.5(0.93 %),900,48600000,0,0,54000,54000,54000
2008-04-01,11.94,54500,0.5(0.93 %),200,10900000,0,0,54500,54500,54500
2008-04-02,12.05,55000,0.5(0.92 %),1270,69850000,0,0,55000,55000,55000
2008-04-03,12.16,55500,0.5(0.91 %),10,555000,0,0,55500,55500,55500
2008-04-04,12.27,56000,0.5(0.90 %),12910,722960000,0,0,56000,56000,56000
2008-04-07,12.49,57000,1(1.79 %),20,1140000,0,0,57000,57000,57000
2008-04-08,12.71,58000,1(1.75 %),66280,3812770000,0,0,58000,58000,56000
2008-04-09,12.49,57000,-1(-1.72 %),14950,858680000,0,0,58000,58000,57000
2008-04-10,12.27,56000,-1(-1.75 %),3760,210560000,0,0,56000,56000,56000
2008-04-11,12.05,55000,-1(-1.79 %),3760,208300000,0,0,56000,56000,55000
2008-04-16,11.83,54000,-1(-1.82 %),13960,753840000,0,0,54000,54000,54000
2008-04-17,12.05,55000,1(1.85 %),15340,823020000,0,0,53000,55000,53000
2008-04-18,11.83,54000,-1(-1.82 %),8010,432540000,0,0,54000,54000,54000
2008-04-21,11.61,53000,-1(-1.85 %),1200,63600000,0,0,53000,53000,53000
2008-04-22,11.39,52000,-1(-1.89 %),8920,463840000,0,0,52000,52000,52000
2008-04-23,11.18,51000,-1(-1.92 %),9000,459000000,0,0,51000,51000,51000
2008-04-24,10.96,50000,-1(-1.96 %),37830,1891700000,0,0,50000,52000,50000
2008-04-25,11.18,51000,1(2.00 %),64260,3234730000,0,0,50000,51000,50000
2008-04-28,11.39,52000,1(1.96 %),6800,353600000,0,0,52000,52000,52000
2008-04-29,11.61,53000,1(1.92 %),90,4770000,0,0,53000,53000,53000
2008-05-05,11.83,54000,1(1.89 %),2200,118800000,0,0,54000,54000,54000
2008-05-06,12.05,55000,1(1.85 %),3490,191950000,0,0,55000,55000,55000
2008-05-07,12.05,55000,0(0.00 %),106340,5919880000,0,0,56000,56000,55000
2008-05-08,11.83,54000,-1(-1.82 %),14110,761940000,0,0,54000,54000,54000
2008-05-09,11.61,53000,-1(-1.85 %),2300,121900000,0,0,53000,53000,53000
2008-05-12,11.39,52000,-1(-1.89 %),1440,74880000,0,0,52000,52000,52000
2008-05-13,11.18,51000,-1(-1.92 %),2210,112710000,0,0,51000,51000,51000
2008-05-14,10.96,50000,-1(-1.96 %),1150,57500000,0,0,50000,50000,50000
2008-05-15,10.74,49000,-1(-2.00 %),5450,267050000,0,0,49000,49000,49000
2008-05-16,10.93,49900,0.9(1.84 %),89810,4472275000,0,0,49900,49900,48500
2008-05-19,11.07,50500,0.6(1.20 %),29930,1506563000,0,0,50500,50500,49200
2008-05-20,11.18,51000,0.5(0.99 %),8960,449040000,0,0,50000,51000,50000
2008-05-21,10.96,50000,-1(-1.96 %),5440,273505000,0,0,50500,50500,50000
2008-05-22,10.74,49000,-1(-2.00 %),970,47530000,0,0,49000,49000,49000
2008-05-23,10.54,48100,-0.9(-1.84 %),20,962000,0,0,48100,48100,48100
2008-05-26,10.34,47200,-0.9(-1.87 %),610,28882000,0,0,48100,48100,47200
2008-05-27,10.34,47200,0(0.00 %),0,0,0,0,47200,47200,47200
2008-05-28,10.34,47200,0(0.00 %),0,0,0,0,47200,47200,47200
2008-05-29,10.34,47200,0(0.00 %),0,0,0,0,47200,47200,47200
2008-05-30,10.15,46300,-0.9(-1.91 %),5940,275022000,0,0,46300,46300,46300
2008-06-02,9.95,45400,-0.9(-1.94 %),3600,163440000,0,0,45400,45400,45400
2008-06-03,9.75,44500,-0.9(-1.98 %),6500,289250000,0,0,44500,44500,44500
2008-06-04,9.58,43700,-0.8(-1.80 %),6050,264385000,0,0,43700,43700,43700
2008-06-05,9.4,42900,-0.8(-1.83 %),9320,399828000,0,0,42900,42900,42900
2008-06-06,9.23,42100,-0.8(-1.86 %),10820,455522000,0,0,42100,42100,42100
2008-06-09,9.05,41300,-0.8(-1.90 %),520,21476000,0,0,41300,41300,41300
2008-06-10,8.87,40500,-0.8(-1.94 %),3710,150255000,0,0,40500,40500,40500
2008-06-11,9.05,41300,0.8(1.98 %),30730,1244547000,0,0,39700,41300,39700
2008-06-12,9.23,42100,0.8(1.94 %),37340,1559789000,0,0,42000,42100,40600
2008-06-13,9.4,42900,0.8(1.90 %),17390,746031000,0,0,42900,42900,42900
2008-06-16,9.58,43700,0.8(1.86 %),740,32338000,0,0,43700,43700,43700
2008-06-17,9.75,44500,0.8(1.83 %),30,1335000,0,0,44500,44500,44500
2008-06-18,9.58,43700,-0.8(-1.80 %),69360,3080040000,0,0,44500,44500,43700
2008-06-19,9.29,42400,-1.3(-2.97 %),190,8056000,0,0,42400,42400,42400
2008-06-20,9.03,41200,-1.2(-2.83 %),15720,647664000,0,0,41200,41200,41200
2008-06-23,9.29,42400,1.2(2.91 %),13280,563072000,0,0,42400,42400,42400
2008-06-24,9.55,43600,1.2(2.83 %),810,35316000,0,0,43600,43600,43600
2008-06-25,9.84,44900,1.3(2.98 %),1000,44900000,0,0,44900,44900,44900
2008-06-26,10.12,46200,1.3(2.90 %),74170,3414406000,0,0,46200,46200,44500
2008-06-27,10.41,47500,1.3(2.81 %),33200,1532298000,0,0,45700,47500,45500
2008-06-30,10.72,48900,1.4(2.95 %),15170,741813000,0,0,48900,48900,48900
2008-07-01,10.96,50000,1.1(2.25 %),38400,1908475000,0,0,50000,50000,47500
2008-07-02,11.28,51500,1.5(3.00 %),40440,2082660000,0,0,51500,51500,51500
2008-07-03,11.61,53000,1.5(2.91 %),250,13250000,0,0,53000,53000,53000
2008-07-04,11.94,54500,1.5(2.83 %),6060,330270000,0,0,54500,54500,54500
2008-07-07,11.94,54500,0(0.00 %),69930,3870940000,0,0,56000,56000,53000
2008-07-08,12.27,56000,1.5(2.75 %),85980,4762180000,0,0,55500,56000,53000
2008-07-09,12.6,57500,1.5(2.68 %),100,5750000,0,0,57500,57500,57500
2008-07-10,12.93,59000,1.5(2.61 %),1180,69620000,0,0,59000,59000,59000
2008-07-11,13.26,60500,1.5(2.54 %),3520,212960000,0,0,60500,60500,60500
2008-07-14,13.59,62000,1.5(2.48 %),11520,714240000,0,0,62000,62000,62000
2008-07-15,13.91,63500,1.5(2.42 %),350,22225000,0,0,63500,63500,63500
2008-07-16,14.24,65000,1.5(2.36 %),100470,6522020000,0,0,65000,65000,63500
2008-07-17,14.57,66500,1.5(2.31 %),18560,1234240000,0,0,66500,66500,66500
2008-07-18,14.9,68000,1.5(2.26 %),85300,5799400000,0,0,68000,68000,67000
2008-07-21,14.46,66000,-2(-2.94 %),105480,7221175000,0,0,70000,70000,66000
2008-07-22,14.13,64500,-1.5(-2.27 %),510,32895000,0,0,64500,64500,64500
2008-07-23,14.46,66000,1.5(2.33 %),99250,6426410000,0,0,64500,66000,64500
2008-07-24,14.79,67500,1.5(2.27 %),27330,1844775000,0,0,67500,67500,67500
2008-07-25,15.23,69500,2(2.96 %),46500,3231750000,0,0,69500,69500,69500
2008-07-28,15.67,71500,2(2.88 %),690,49335000,0,0,71500,71500,71500
2008-07-29,16.11,73500,2(2.80 %),1040,76440000,0,0,73500,73500,73500
2008-07-30,16.54,75500,2(2.72 %),1060,80030000,30770,2261595000,75500,75500,75500
2008-07-31,16.98,77500,2(2.65 %),1800,139500000,20000,1550000000,77500,77500,77500
2008-08-01,17.42,79500,2(2.58 %),700,55650000,20000,1590000000,79500,79500,79500
2008-08-04,17.86,81500,2(2.52 %),132850,10796975000,20000,1630000000,81500,81500,77500
2008-08-05,17.42,79500,-2(-2.45 %),264930,21278745000,0,0,79500,83500,79500
2008-08-06,17.86,81500,2(2.52 %),95010,7743315000,0,0,81500,81500,81500
2008-08-07,17.53,80000,-1.5(-1.84 %),129160,10641885000,0,0,83500,83500,80000
2008-08-08,17.97,82000,2(2.50 %),73730,5929280000,0,0,81000,82000,78500
2008-08-11,18.41,84000,2(2.44 %),181160,15176490000,0,0,83500,84000,82500
2008-08-12,18.41,84000,0(0.00 %),95880,8253870000,0,0,86000,86500,82500
2008-08-13,17.97,82000,-2(-2.38 %),144120,11866905000,0,0,82000,84000,81500
2008-08-14,18.41,84000,2(2.44 %),129860,10674390000,0,0,80000,84000,80000
2008-08-15,18.95,86500,2.5(2.98 %),90370,7817005000,0,0,86500,86500,86500
2008-08-18,19.39,88500,2(2.31 %),124770,10965215000,0,0,88000,88500,86500
2008-08-19,18.52,84500,-4(-4.52 %),133290,11386680000,0,0,85500,87500,84500
2008-08-20,17.64,80500,-4(-4.73 %),94600,7621355000,0,0,80500,82000,80500
2008-08-21,18.52,84500,4(4.97 %),113880,9195525000,0,0,78000,84500,78000
2008-08-22,17.86,81500,-3(-3.55 %),44500,3716295000,0,0,85000,86000,81000
2008-08-25,18.74,85500,4(4.91 %),109960,9367200000,0,0,85000,85500,84000
2008-08-26,19.06,87000,1.5(1.75 %),89650,7953525000,0,0,89500,89500,85500
2008-08-27,18.19,83000,-4(-4.60 %),89860,7584855000,0,0,84000,88000,83000
2008-08-28,17.31,79000,-4(-4.82 %),33600,2654400000,0,0,79000,79000,79000
2008-08-29,16.54,75500,-3.5(-4.43 %),62580,4724890000,0,0,75500,76000,75500
2008-09-03,17.31,79000,3.5(4.64 %),27490,2171710000,0,0,79000,79000,79000
2008-09-04,17.97,82000,3(3.80 %),80390,6442295000,0,0,80000,82000,75500
2008-09-05,17.2,78500,-3.5(-4.27 %),20850,1659960000,0,0,81000,81000,78500
2008-09-08,16.43,75000,-3.5(-4.46 %),52320,3929080000,0,0,75000,78000,75000
2008-09-09,16.43,75000,0(0.00 %),20400,1573025000,0,0,78000,78500,75000
2008-09-10,15.78,72000,-3(-4.00 %),28440,2062205000,0,0,78000,78000,71500
2008-09-11,15.01,68500,-3.5(-4.86 %),74600,5110100000,0,0,68500,68500,68500
2008-09-12,14.35,65500,-3(-4.38 %),7680,503040000,0,0,65500,65500,65500
2008-09-15,14.35,65500,0(0.00 %),98240,6247470000,0,0,62500,68500,62500
2008-09-16,13.7,62500,-3(-4.58 %),20320,1274575000,0,0,63000,63000,62500
2008-09-17,13.04,59500,-3(-4.80 %),48530,2887740000,0,0,59500,60000,59500
2008-09-18,12.49,57000,-2.5(-4.20 %),9570,545490000,0,0,57000,57000,57000
2008-09-19,13.04,59500,2.5(4.39 %),284130,16889485000,270000,16065000000,59500,59500,59000
2008-09-22,13.59,62000,2.5(4.20 %),297020,18415240000,0,0,62000,62000,62000
2008-09-23,13.59,62000,0(0.00 %),81690,4943480000,0,0,59000,63500,59000
2008-09-24,12.93,59000,-3(-4.84 %),31780,1905085000,0,0,60500,62000,59000
2008-09-25,13.37,61000,2(3.39 %),36330,2180565000,0,0,59000,61000,59000
2008-09-26,13.37,61000,0(0.00 %),72660,4448505000,0,0,62000,62000,59000
2008-09-29,14.02,64000,3(4.92 %),206680,13183320000,0,0,64000,64000,61500
2008-09-30,13.37,61000,-3(-4.69 %),5900,359900000,0,0,61000,61000,61000
2008-10-01,13.59,62000,1(1.64 %),39470,2430675000,0,0,63500,63500,60000
2008-10-02,13.91,63500,1.5(2.42 %),32210,2025910000,0,0,63000,63500,62000
2008-10-03,13.91,63500,0(0.00 %),47010,2991720000,0,0,63500,64000,63500
2008-10-06,13.26,60500,-3(-4.72 %),38530,2347025000,0,0,61500,61500,60500
2008-10-07,12.6,57500,-3(-4.96 %),47870,2752525000,0,0,57500,57500,57500
2008-10-08,12.05,55000,-2.5(-4.35 %),28020,1544635000,0,0,55000,58000,55000
2008-10-09,12.05,55000,0(0.00 %),57200,3164350000,0,0,53000,57500,53000
2008-10-10,11.5,52500,-2.5(-4.55 %),12970,680925000,0,0,52500,52500,52500
2008-10-13,10.96,50000,-2.45(-4.67 %),30440,1564622000,0,0,54500,54500,49900
2008-10-14,11.5,52500,2.5(5.00 %),510,26775000,0,0,52500,52500,52500
2008-10-15,12.05,55000,2.55(4.86 %),420,23100000,0,0,55000,55000,55000
2008-10-16,12.6,57500,2.5(4.55 %),70280,4041100000,0,0,57500,57500,57500
2008-10-17,13.15,60000,2.5(4.35 %),2580,154800000,0,0,60000,60000,60000
2008-10-20,13.7,62500,2.5(4.17 %),146400,9162000000,0,0,63000,63000,62500
2008-10-21,13.37,61000,-1.5(-2.40 %),78010,4786010000,0,0,62000,62000,59500
2008-10-22,12.71,58000,-3(-4.92 %),54990,3198310000,0,0,58500,58500,58000
2008-10-23,12.16,55500,-2.5(-4.31 %),7000,388500000,0,0,55500,55500,55500
2008-10-24,11.61,53000,-2.5(-4.50 %),93260,4944925000,0,0,53000,55000,53000
2008-10-27,11.07,50500,-2.5(-4.72 %),113070,5736165000,0,0,50500,52000,50500
2008-10-28,10.58,48300,-2.2(-4.36 %),70780,3429691000,0,0,48000,52500,48000
2008-10-29,11.07,50500,2.3(4.77 %),100510,5057900000,0,0,50500,50500,48500
2008-10-30,11.5,52500,2(3.96 %),45690,2357220000,0,0,51500,52500,50500
2008-10-31,11.61,53000,0.55(1.05 %),24440,1289830000,0,0,52500,54000,52000
2008-11-03,11.28,51500,-1.5(-2.83 %),61250,3149505000,0,0,53000,53000,50500
2008-11-04,11.83,54000,2.5(4.85 %),54920,2818516000,0,0,50000,54000,49400
2008-11-05,12.16,55500,1.5(2.78 %),76760,4239360000,0,0,56000,56000,53500
2008-11-06,11.61,53000,-2.5(-4.50 %),33350,1801305000,0,0,53000,55500,53000
2008-11-07,11.07,50500,-2.5(-4.72 %),28920,1460460000,0,0,50500,50500,50500
2008-11-10,10.96,50000,-0.5(-0.99 %),39760,2018860000,0,0,50500,51500,50000
2008-11-11,10.41,47500,-2.5(-5.00 %),42390,2013992000,0,0,47500,48000,47500
2008-11-12,9.9,45200,-2.3(-4.84 %),31260,1414461000,0,0,45200,46000,45200
2008-11-13,10.08,46000,0.8(1.77 %),26460,1215265000,0,0,45400,46000,45200
2008-11-14,10.32,47100,1.1(2.39 %),26160,1253678000,0,0,48300,48300,47000
2008-11-17,9.9,45200,-1.9(-4.03 %),11780,544222000,0,0,45300,48000,45200
2008-11-18,9.64,44000,-1.2(-2.65 %),10360,461512000,0,0,45200,45200,43500
2008-11-19,9.62,43900,-0.1(-0.23 %),4780,211400000,0,0,45400,45400,43500
2008-11-20,9.16,41800,-2.1(-4.78 %),29580,1239997000,0,0,42000,42200,41800
2008-11-21,8.72,39800,-2(-4.78 %),26920,1075987000,0,0,39800,41700,39800
2008-11-24,8.3,37900,-1.9(-4.77 %),28460,1078634000,0,0,37900,37900,37900
2008-11-25,7.91,36100,-1.8(-4.75 %),28710,1036431000,0,0,36100,36100,36100
2008-11-26,7.52,34300,-1.8(-4.99 %),6670,228781000,0,0,34300,34300,34300
2008-11-27,7.14,32600,-1.7(-4.96 %),24310,792506000,0,0,32600,32600,32600
2008-11-28,7.49,34200,1.6(4.91 %),123630,4073590000,0,0,32600,34200,32600
2008-12-01,7.87,35900,1.7(4.97 %),78130,2802930000,0,0,35900,35900,35000
2008-12-02,8.24,37600,1.7(4.74 %),35630,1298506000,0,0,35000,37600,35000
2008-12-03,8.55,39000,1.4(3.72 %),83260,3269775000,0,0,39400,39400,37700
2008-12-04,8.55,39000,0(0.00 %),53340,2082191000,0,0,39000,39500,38500
2008-12-05,8.13,37100,-1.9(-4.87 %),20690,768344000,0,0,37300,38000,37100
2008-12-08,7.74,35300,-1.8(-4.85 %),7150,252395000,0,0,35300,35300,35300
2008-12-09,7.54,34400,-0.9(-2.55 %),42960,1478120000,0,0,34000,35500,34000
2008-12-10,7.23,33000,-1.4(-4.07 %),80420,2668587000,0,0,33400,34300,32800
2008-12-11,7.32,31400,0.4(1.29 %),9960,312470000,0,0,31500,31800,30700
2008-12-12,7.67,32900,1.5(4.78 %),10740,353265000,0,0,32900,32900,32800
2008-12-15,7.98,34200,1.3(3.95 %),20920,707150000,0,0,34400,34400,33300
2008-12-16,7.58,32500,-1.7(-4.97 %),13600,442000000,0,0,32500,32500,32500
2008-12-17,7.28,31200,-1.3(-4.00 %),8780,278668000,0,0,32500,32500,31100
2008-12-18,7.44,31900,0.7(2.24 %),22870,717499000,0,0,31200,31900,30500
2008-12-19,7.46,32000,0.1(0.31 %),9830,314125000,0,0,31600,32500,31600
2008-12-22,7.67,32900,0.9(2.81 %),26430,855457000,0,0,32000,32900,32000
2008-12-23,7.42,31800,-1.1(-3.34 %),9100,288420000,0,0,31600,32400,31600
2008-12-24,7.42,31800,0(0.00 %),9400,294945000,0,0,30700,32200,30700
2008-12-25,7.46,32000,0.2(0.63 %),7040,221880000,0,0,31300,32000,31300
2008-12-26,7.53,32300,0.3(0.94 %),3740,120814000,0,0,32400,32400,32300
2008-12-29,7.37,31600,-0.7(-2.17 %),5650,180932000,0,0,32300,32300,31300
2008-12-30,7.7,33000,1.4(4.43 %),20320,658172000,0,0,32000,33100,32000
2008-12-31,7.6,32600,-0.4(-1.21 %),10710,349240000,0,0,32600,33900,32600
2009-01-02,7.84,33600,1(3.07 %),10970,360597000,0,0,31600,33600,31600
2009-01-05,7.74,33200,-0.4(-1.19 %),6050,201935000,0,0,33600,33800,33000
2009-01-06,7.84,33600,0.4(1.20 %),14910,496090000,0,0,33200,33700,33200
2009-01-07,8.16,35000,1.4(4.17 %),28630,1005211000,0,0,35100,35200,35000
2009-01-08,8.12,34800,-0.2(-0.57 %),18680,646820000,0,0,35000,35000,34000
2009-01-09,7.81,33500,-1.3(-3.74 %),29980,996087000,0,0,34200,34800,33100
2009-01-12,7.7,33000,-0.5(-1.49 %),2620,87720000,0,0,33500,33500,33000
2009-01-13,7.6,32600,-0.4(-1.21 %),9160,300236000,0,0,33000,33000,32600
2009-01-14,7.49,32100,-0.5(-1.53 %),12970,418245000,0,0,32600,32600,32000
2009-01-15,7.35,31500,-0.6(-1.87 %),25900,805550000,0,0,31000,32000,30600
2009-01-16,7.35,31500,0(0.00 %),36060,1126203000,0,0,31200,32800,31200
2009-01-19,7.44,31900,0.4(1.27 %),10550,335114000,0,0,32300,32300,31500
2009-01-20,7.42,31800,-0.1(-0.31 %),8660,275689000,0,0,31900,31900,31700
2009-01-21,7.46,32000,0.2(0.63 %),2960,93716000,0,0,31500,32000,31500
2009-01-22,7.37,31600,-0.4(-1.25 %),9050,287582000,0,0,32000,32000,31600
2009-01-23,7.35,31500,-0.1(-0.32 %),23190,732283000,0,0,31500,32000,31500
2009-02-02,7.0,30000,-1.5(-4.76 %),50500,1515203000,0,0,30000,31000,30000
2009-02-03,6.65,28500,-1.5(-5.00 %),54270,1549747000,0,0,28600,28700,28500
2009-02-04,6.32,27100,-1.4(-4.91 %),45990,1249405000,0,0,27100,27600,27100
2009-02-05,6.02,25800,-1.3(-4.80 %),36050,930651000,0,0,25800,26000,25800
2009-02-06,6.3,27000,1.2(4.65 %),52920,1428395000,0,0,27000,27000,26000
2009-02-09,6.59,27000,0(0.00 %),51870,1397520000,0,0,27000,27000,26500
2009-02-10,6.42,26300,-0.7(-2.59 %),13480,356467000,0,0,26000,27000,26000
2009-02-11,6.1,25000,-1.3(-4.94 %),36340,912981000,0,0,25300,25300,25000
2009-02-12,5.81,23800,-1.2(-4.80 %),58550,1416643000,0,0,24200,25000,23800
2009-02-13,5.79,23700,-0.1(-0.42 %),15210,363199000,0,0,23800,24900,23000
2009-02-16,5.83,23900,0.2(0.84 %),8800,207924000,0,0,23700,23900,23500
2009-02-17,5.76,23600,-0.3(-1.26 %),20160,475949000,0,0,24000,24000,23200
2009-02-18,5.49,22500,-1.1(-4.66 %),98790,2225048000,0,0,22700,22700,22500
2009-02-19,5.76,23600,1.1(4.89 %),18620,435688000,0,0,23200,23600,22500
2009-02-20,5.98,24500,0.9(3.81 %),33590,815076000,0,0,24500,24500,23700
2009-02-23,5.96,24400,-0.1(-0.41 %),27630,650689000,0,0,24000,24400,23300
2009-02-24,5.66,23200,-1.2(-4.92 %),29790,692474000,0,0,24400,24400,23200
2009-02-25,5.91,24200,1(4.31 %),38020,897620000,0,0,23200,24200,23200
2009-02-26,5.91,24200,0(0.00 %),15140,365558000,0,0,24200,24200,23900
2009-02-27,5.91,24200,0(0.00 %),18470,446364000,0,0,24200,24200,23700
2009-03-02,5.91,24200,0(0.00 %),11630,280624000,0,0,24200,24400,23800
2009-03-03,5.81,23800,-0.4(-1.65 %),18800,447467000,0,0,24200,24200,23700
2009-03-04,6.0,24600,0.8(3.36 %),9440,231933000,0,0,23800,24600,23800
2009-03-05,6.3,25800,1.2(4.88 %),100640,2594180000,0,0,24600,25800,24600
2009-03-06,6.47,26500,0.7(2.71 %),28840,749316000,0,0,25800,26500,25300
2009-03-09,6.79,27800,1.3(4.91 %),37490,1034277000,0,0,26500,27800,26500
2009-03-10,7.1,29100,1.3(4.68 %),13980,406818000,0,0,27800,29100,27800
2009-03-11,7.44,30500,1.4(4.81 %),5570,169885000,0,0,29100,30500,29100
2009-03-12,7.54,30900,0.4(1.31 %),212820,6497973000,0,0,30500,31700,29100
2009-03-13,7.4,30300,-0.6(-1.94 %),49690,1512925000,0,0,30900,30900,30000
2009-03-16,7.66,31400,1.1(3.63 %),33230,1028395000,0,0,30300,31400,30300
2009-03-17,8.03,32900,1.5(4.78 %),29690,976801000,0,0,31400,32900,31400
2009-03-18,8.42,34500,1.6(4.86 %),26630,918735000,0,0,32900,34500,32900
2009-03-19,8.15,33400,-1.1(-3.19 %),141810,5072049000,0,0,34500,36200,33400
2009-03-20,8.15,33400,0(0.00 %),36060,1205876000,0,0,33400,35000,33000
2009-03-23,8.03,32900,-0.5(-1.50 %),70170,2337436000,0,0,33400,33600,32600
2009-03-24,8.42,34500,1.6(4.86 %),33450,1153749000,0,0,32900,34500,32900
2009-03-25,8.69,35600,1.1(3.19 %),26010,921843000,0,0,34500,35800,34500
2009-03-26,8.84,36200,0.6(1.69 %),39310,1420733000,0,0,35600,36600,35600
2009-03-27,8.42,34500,-1.7(-4.70 %),77320,2804124000,0,0,37300,37300,34500
2009-03-30,8.2,33600,-0.9(-2.61 %),20800,713537000,0,0,34500,35000,33600
2009-03-31,8.27,33900,0.3(0.89 %),33430,1125404000,0,0,33600,34000,33500
2009-04-01,8.67,35500,1.6(4.72 %),39280,1375959000,0,0,33900,35500,33900
2009-04-02,8.79,36000,0.5(1.41 %),49620,1801104000,0,0,35500,36900,35500
2009-04-03,9.23,37800,1.8(5.00 %),98610,3724517000,0,0,36000,37800,36000
2009-04-07,9.47,38800,1(2.65 %),60760,2304227000,0,0,37800,38800,37000
2009-04-08,9.03,37000,-1.8(-4.64 %),81430,3038617000,0,0,38800,38800,36900
2009-04-09,8.64,35400,-1.6(-4.32 %),43890,1568508000,0,0,37000,37000,35400
2009-04-10,9.06,37100,1.7(4.80 %),58330,2164043000,0,0,35400,37100,35400
2009-04-13,9.5,38900,1.8(4.85 %),64580,2512162000,0,0,38900,38900,38900
2009-04-14,9.52,39000,0.1(0.26 %),85950,3342518000,0,0,37500,40100,37500
2009-04-15,9.15,37500,-1.5(-3.85 %),57350,2188518000,0,0,38000,39500,37500
2009-04-16,9.52,39000,1.5(4.00 %),91730,3540218000,0,0,38700,39000,37500
2009-04-17,9.15,37500,-1.5(-3.85 %),54700,2082039000,0,0,39600,39600,37100
2009-04-20,8.71,35700,-1.8(-4.80 %),35420,1268716000,0,0,35900,36000,35700
2009-04-21,8.3,34000,-1.7(-4.76 %),47310,1608540000,0,0,34000,34000,34000
2009-04-22,8.71,35700,1.7(5.00 %),43420,1542765000,0,0,35700,35700,35000
2009-04-23,9.13,37400,1.7(4.76 %),57400,2137242000,0,0,36900,37400,35600
2009-04-24,8.71,35700,-1.7(-4.55 %),27940,1002846000,0,0,37900,37900,35600
2009-04-27,8.49,34800,-0.9(-2.52 %),16410,577362000,0,0,35700,36100,34800
2009-04-28,8.62,35300,0.5(1.44 %),31220,1084455000,0,0,34600,35300,34300
2009-04-29,8.54,35000,-0.3(-0.85 %),30310,1063818000,0,0,35300,35400,34700
2009-05-04,8.96,36700,1.7(4.86 %),18410,675647000,0,0,36700,36700,36700
2009-05-05,9.4,38500,1.8(4.90 %),167410,6443162000,0,0,38500,38500,37100
2009-05-06,8.93,36600,-1.9(-4.94 %),71120,2686043000,0,0,38500,38500,36600
2009-05-07,9.32,38200,1.6(4.37 %),69430,2623590000,0,0,37900,38200,37000
2009-05-08,9.15,37500,-0.7(-1.83 %),35920,1342390000,0,0,37000,38000,37000
2009-05-11,9.59,39300,1.8(4.80 %),285170,11178786000,0,0,38000,39300,38000
2009-05-12,10.06,41200,1.9(4.83 %),74480,3068576000,0,0,41200,41200,41200
2009-05-13,10.54,43200,2(4.85 %),105610,4562352000,0,0,43200,43200,43200
2009-05-14,10.57,43300,0.1(0.23 %),187430,8232058000,0,0,44900,45000,42000
2009-05-15,11.08,45400,2.1(4.85 %),189480,8435082000,0,0,44000,45400,42500
2009-05-18,10.54,43200,-2.2(-4.85 %),142210,6174058000,0,0,43500,45000,43200
2009-05-19,10.54,43200,0(0.00 %),44440,1939506000,0,0,44300,44300,43200
2009-05-20,10.06,41200,-2(-4.63 %),130770,5432483000,0,0,41500,43100,41100
2009-05-21,9.67,39600,-1.6(-3.88 %),180950,7164164000,0,0,39300,41200,39200
2009-05-22,9.54,39100,-0.5(-1.26 %),77040,3049875000,0,0,41000,41000,38500
2009-05-25,10.01,41000,1.9(4.86 %),61370,2502504000,0,0,40500,41000,40000
2009-05-26,10.37,42500,1.5(3.66 %),82850,3463376000,0,0,41000,42500,41000
2009-05-27,10.01,41000,-1.5(-3.53 %),82730,3445570000,0,0,42300,42300,40400
2009-05-28,9.52,39000,-2(-4.88 %),44220,1734946000,0,0,39300,40500,39000
2009-05-29,9.54,39100,0.1(0.26 %),53510,2099600000,0,0,40000,40000,38900
2009-06-01,10.01,41000,1.9(4.86 %),60620,2476986000,0,0,40000,41000,40000
2009-06-02,10.5,43000,2(4.88 %),100010,4278365000,0,0,43000,43000,41500
2009-06-03,10.42,42700,-0.3(-0.70 %),36860,1575058000,0,0,43000,43000,42100
2009-06-04,10.94,44800,2.1(4.92 %),206300,9202620000,0,0,44000,44800,43900
2009-06-05,11.47,47000,2.2(4.91 %),30420,1429740000,0,0,47000,47000,47000
2009-06-08,12.03,49300,2.3(4.89 %),48370,2384641000,0,0,49300,49300,49300
2009-06-09,12.57,51500,2.2(4.46 %),250520,12901780000,0,0,51500,51500,51500
2009-06-10,12.57,51500,0(0.00 %),155300,7852475000,0,0,51500,51500,49000
2009-06-11,12.2,50000,-1.5(-2.91 %),135630,6931630000,0,0,51500,54000,50000
2009-06-12,11.72,48000,-2(-4.00 %),154940,7536908000,0,0,51500,51500,48000
2009-06-15,11.13,45600,-2.4(-5.00 %),89400,4107324000,0,0,45600,48000,45600
2009-06-16,10.59,43400,-2.2(-4.82 %),39270,1704788000,0,0,43400,43600,43400
2009-06-17,10.98,45000,1.6(3.69 %),167950,6991868000,0,0,41300,45000,41300
2009-06-18,11.52,47200,2.2(4.89 %),182360,8573040000,0,0,45900,47200,45900
2009-06-19,11.67,47800,0.6(1.27 %),59140,2829062000,0,0,48600,48600,46000
2009-06-22,11.11,45500,-2.3(-4.81 %),29110,1324505000,0,0,45500,45500,45500
2009-06-23,10.57,43300,-2.2(-4.84 %),2470,106951000,0,0,43300,43300,43300
2009-06-24,10.67,43700,0.4(0.92 %),106300,4627371000,0,0,43000,45000,43000
2009-06-25,10.15,41600,-2.1(-4.81 %),145610,6114176000,0,0,42500,42500,41600
2009-06-26,9.98,40900,-0.7(-1.68 %),47490,1913842000,0,0,40100,41600,39700
2009-06-29,10.13,41500,0.6(1.47 %),46410,1895097000,0,0,41500,41500,40000
2009-06-30,9.64,39500,-2(-4.82 %),74700,3002835000,0,0,41500,41500,39500
2009-07-01,9.18,37600,-1.9(-4.81 %),108210,4077985000,0,0,37700,38000,37600
2009-07-02,9.59,39300,1.7(4.52 %),38940,1512604000,0,0,39000,39300,37700
2009-07-03,10.06,41200,1.9(4.83 %),38850,1586888000,0,0,39700,41200,39400
2009-07-06,10.45,42800,1.6(3.88 %),45970,1942387000,0,0,42000,42800,40900
2009-07-07,10.13,41500,-1.3(-3.04 %),112000,4616579000,0,0,41300,41900,40800
2009-07-08,9.89,40500,-1(-2.41 %),14580,586898000,0,0,40100,41000,40000
2009-07-09,9.89,40500,0(0.00 %),11680,473150000,0,0,41000,41000,40200
2009-07-10,9.89,40500,0(0.00 %),19030,766503000,0,0,40500,40600,40000
2009-07-13,9.67,39600,-0.9(-2.22 %),33970,1366725000,0,0,40500,41500,39600
2009-07-14,9.3,38100,-1.5(-3.79 %),56970,2183455000,0,0,39600,40000,38000
2009-07-15,9.15,37500,-0.6(-1.57 %),38470,1456068000,0,0,39000,39100,37500
2009-07-16,9.28,38000,0.5(1.33 %),64460,2437420000,0,0,37500,38000,37500
2009-07-17,9.15,37500,-0.5(-1.32 %),32200,1214790000,0,0,38000,38000,37500
2009-07-20,8.79,36000,-1.5(-4.00 %),23130,840299000,0,0,36500,36600,36000
2009-07-21,9.18,37600,1.6(4.44 %),70530,2644948000,0,0,37200,37600,36200
2009-07-22,8.74,35800,-1.8(-4.79 %),174830,6258914000,0,0,35800,35800,35800
2009-07-23,8.32,34100,-1.7(-4.75 %),130290,4442889000,0,0,34100,34100,34100
2009-07-24,8.74,35800,1.7(4.99 %),95720,3416158000,0,0,35700,35800,34500
2009-07-27,9.08,37200,1.4(3.91 %),54470,2028211000,0,0,37400,37400,36000
2009-07-28,8.98,36800,-0.4(-1.08 %),46080,1682213000,0,0,36500,37000,35700
2009-07-29,8.54,35000,-1.8(-4.89 %),54670,1943147000,0,0,36100,36500,35000
2009-07-30,8.42,34500,-0.5(-1.43 %),78240,2710602000,0,0,35000,35000,34200
2009-07-31,8.74,35800,1.3(3.77 %),62750,2246223000,0,0,36000,36200,35500
2009-08-03,8.64,35400,-0.4(-1.12 %),53020,1881308000,0,0,35800,36000,35400
2009-08-04,8.54,35000,-0.4(-1.13 %),43800,1545786000,0,0,36000,36000,35000
2009-08-05,8.52,34900,-0.1(-0.29 %),32060,1123839000,0,0,35000,35300,34600
2009-08-06,8.49,34800,-0.1(-0.29 %),165660,5758792000,0,0,34600,35000,34600
2009-08-07,8.76,35900,1.1(3.16 %),58740,2076785000,0,0,35000,35900,34800
2009-08-10,9.18,37600,1.7(4.74 %),80590,2996592000,0,0,36700,37600,36400
2009-08-11,9.5,38900,1.3(3.46 %),85270,3269964000,0,0,37600,39000,37600
2009-08-12,9.47,38800,-0.1(-0.26 %),160530,6172734000,0,0,38900,38900,38000
2009-08-13,9.52,39000,0.2(0.52 %),41150,1593655000,0,0,38300,39700,38300
2009-08-14,9.47,38800,-0.2(-0.51 %),54090,2087315000,0,0,38100,39000,38000
2009-08-17,9.35,38300,-0.5(-1.29 %),12870,489648000,0,0,37800,38500,37800
2009-08-18,9.23,37800,-0.5(-1.31 %),36910,1398665000,0,0,37600,38400,37600
2009-08-19,9.5,38900,1.1(2.91 %),39980,1530431000,0,0,38300,38900,37800
2009-08-20,9.76,40000,1.1(2.83 %),48800,1942227000,0,0,39600,40200,39000
2009-08-21,9.47,38800,-1.2(-3.00 %),51740,2084152000,0,0,41000,41300,38800
2009-08-24,9.93,40700,1.9(4.90 %),55350,2224018000,0,0,40000,40700,39100
2009-08-25,10.42,42700,2(4.91 %),158520,6768694000,0,0,42700,42700,42600
2009-08-26,10.18,41700,-1(-2.34 %),67840,2848128000,0,0,41500,42700,41500
2009-08-27,10.15,41600,-0.1(-0.24 %),84840,3499803000,0,0,41700,42000,40600
2009-08-28,10.23,41900,0.3(0.72 %),39980,1671726000,0,0,40600,42500,40600
2009-08-31,10.5,43000,1.1(2.63 %),107790,4610274000,0,0,42800,43000,41500
2009-09-01,10.4,42600,-0.4(-0.93 %),55450,2380567000,0,0,43100,43100,42000
2009-09-03,9.91,40600,-2(-4.69 %),61820,2532340000,0,0,41300,42400,40600
2009-09-04,9.52,39000,-1.6(-3.94 %),94220,3729487000,0,0,40600,42000,38800
2009-09-07,9.74,39900,0.9(2.31 %),44470,1714890000,0,0,38500,40000,37800
2009-09-08,9.76,40000,0.1(0.25 %),37870,1515919000,0,0,40500,40500,39500
2009-09-09,9.59,39300,-0.7(-1.75 %),24630,977427000,0,0,40000,40000,39300
2009-09-10,9.4,38500,-0.8(-2.04 %),32430,1256770000,0,0,38500,39800,38500
2009-09-11,9.74,39900,1.4(3.64 %),41670,1639383000,0,0,39600,39900,38500
2009-09-14,9.74,39900,0(0.00 %),34300,1369945000,0,0,39900,40800,39800
2009-09-15,9.62,39400,-0.5(-1.25 %),43680,1721585000,0,0,39300,40500,39000
2009-09-16,9.45,38700,-0.7(-1.78 %),35190,1375910000,0,0,39000,39600,38700
2009-09-17,9.4,38500,-0.2(-0.52 %),66530,2567790000,0,0,38700,39000,38400
2009-09-18,9.86,40400,1.9(4.94 %),86170,3455026000,0,0,39000,40400,39000
2009-09-21,10.01,41000,0.6(1.49 %),31420,1290995000,0,0,41800,41800,40500
2009-09-22,9.64,39500,-1.5(-3.66 %),78210,3116110000,0,0,40000,40900,39500
2009-09-23,9.52,39000,-0.5(-1.27 %),79250,3131655000,0,0,39500,40000,38800
2009-09-24,9.35,38300,-0.7(-1.79 %),61690,2364616000,0,0,38100,39100,38000
2009-09-25,9.4,38500,0.2(0.52 %),43770,1660586000,0,0,37500,38500,37500
2009-09-28,9.52,39000,0.5(1.30 %),87060,3424537000,0,0,39600,39800,38800
2009-09-29,9.42,38600,-0.4(-1.03 %),18330,711184000,0,0,39200,39200,38600
2009-09-30,9.25,37900,-0.7(-1.81 %),53650,2043420000,0,0,38000,38500,37900
2009-10-01,9.03,37000,-0.9(-2.37 %),85240,3184418000,0,0,38000,38100,36500
2009-10-02,8.79,36000,-1(-2.70 %),50760,1827960000,0,0,36000,36500,35800
2009-10-05,9.03,37000,1(2.78 %),31910,1168669000,0,0,36900,37000,35800
2009-10-06,8.86,36300,-0.7(-1.89 %),36620,1334287000,0,0,36600,37800,36100
2009-10-07,9.1,37300,1(2.75 %),53090,1961491000,0,0,36500,37300,36500
2009-10-08,9.1,37300,0(0.00 %),29160,1086979000,20000,710000000,37400,37500,37000
2009-10-09,9.15,37500,0.2(0.54 %),90030,3363229000,0,0,37400,37500,37100
2009-10-12,9.4,38500,1(2.67 %),116640,4461233000,0,0,38600,38600,37500
2009-10-13,9.35,38300,-0.2(-0.52 %),107680,4152680000,0,0,38500,39000,38200
2009-10-14,9.45,38700,0.4(1.04 %),86210,3317719000,20000,804000000,38300,38700,38200
2009-10-15,9.52,39000,0.3(0.78 %),122380,4857081000,0,0,40000,40400,39000
2009-10-16,9.98,40900,1.9(4.87 %),257120,10379406000,0,0,39500,40900,39500
2009-10-19,10.42,42700,1.8(4.40 %),297880,12579429000,0,0,40900,42900,40900
2009-10-20,10.01,41000,-1.7(-3.98 %),184490,7710630000,0,0,42800,42800,40700
2009-10-21,9.91,40600,-0.4(-0.98 %),128740,5222398000,0,0,40000,41000,39500
2009-10-22,9.59,39300,-1.3(-3.20 %),193510,7587796000,0,0,39300,40000,38900
2009-10-23,9.4,38500,-0.8(-2.04 %),191520,7566776000,0,0,39000,40500,38500
2009-10-26,9.03,37000,-1.5(-3.90 %),128060,4795125000,0,0,37500,38300,37000
2009-10-27,8.91,36500,-0.5(-1.35 %),97680,3567773000,0,0,36700,37500,36000
2009-10-28,8.79,36000,-0.5(-1.37 %),66350,2398572000,0,0,37200,37200,35800
2009-10-29,8.35,34200,-1.8(-5.00 %),116950,4035173000,0,0,35000,35200,34200
2009-10-30,8.64,35400,1.2(3.51 %),65060,2299638000,0,0,35600,35600,35000
2009-11-02,8.23,33700,-1.7(-4.80 %),78340,2655334000,0,0,34400,34400,33700
2009-11-03,7.84,32100,-1.6(-4.75 %),45830,1495463000,0,0,33700,34400,32100
2009-11-04,7.88,32300,0.2(0.62 %),24260,793295000,0,0,31300,33400,31300
2009-11-05,8.27,33900,1.6(4.95 %),43740,1462484000,0,0,32300,33900,32300
2009-11-06,8.27,33900,0(0.00 %),25800,885947000,0,0,34900,34900,33900
2009-11-09,7.88,32300,-1.6(-4.72 %),33910,1104323000,0,0,33400,33400,32300
2009-11-10,7.81,32000,-0.3(-0.93 %),29840,952176000,0,0,32000,33000,31000
2009-11-11,8.2,33600,1.6(5.00 %),28680,940812000,0,0,33300,33600,31700
2009-11-12,8.3,34000,0.4(1.19 %),52850,1820768000,0,0,34400,35000,33800
2009-11-13,8.3,34000,0(0.00 %),44160,1465617000,0,0,33000,34000,32900
2009-11-16,8.3,34000,0(0.00 %),24130,823403000,0,0,34300,34400,34000
2009-11-17,8.2,33600,-0.4(-1.18 %),31830,1081380000,0,0,34000,34500,33600
2009-11-18,8.01,32800,-0.8(-2.38 %),69780,2305400000,0,0,33300,34000,32600
2009-11-19,8.2,33600,0.8(2.44 %),38510,1277908000,0,0,32800,34000,32800
2009-11-20,8.06,33000,-0.6(-1.79 %),18340,610499000,0,0,33500,34000,33000
2009-11-23,8.01,32800,-0.2(-0.61 %),66510,2186619000,0,0,32600,33400,32200
2009-11-24,7.96,32600,-0.2(-0.61 %),54860,1794606000,20000,660000000,32600,33300,32500
2009-11-25,7.57,31000,-1.6(-4.91 %),110300,3453577000,0,0,32000,32000,31000
2009-11-26,7.2,29500,-1.5(-4.84 %),99490,2945420000,0,0,29600,29800,29500
2009-11-27,7.44,30500,1(3.39 %),39780,1156566000,20350,620675000,28100,30900,28100
2009-11-30,7.81,32000,1.5(4.92 %),88190,2795470000,0,0,31000,32000,31000
2009-12-01,8.2,33600,1.6(5.00 %),14200,477120000,0,0,33600,33600,33600
2009-12-02,8.3,34000,0.4(1.19 %),221890,7777520000,0,0,35200,35200,34000
2009-12-03,8.52,34900,0.9(2.65 %),60870,2098053000,0,0,33700,35100,33700
2009-12-04,8.42,34500,-0.4(-1.15 %),31620,1100020000,0,0,35400,35400,34000
2009-12-07,8.42,34500,0(0.00 %),5500,188390000,0,0,34500,34500,34000
2009-12-08,8.01,32800,-1.7(-4.93 %),40400,1333444000,50000,1640000000,33600,33600,32800
2009-12-09,7.62,31200,-1.6(-4.88 %),21010,656257000,0,0,31300,32800,31200
2009-12-10,7.37,30200,-1(-3.21 %),121410,3660659000,0,0,30000,32000,30000
2009-12-11,7.01,28700,-1.5(-4.97 %),37940,1099608000,0,0,30000,30000,28700
2009-12-14,7.35,30100,1.4(4.88 %),40750,1213365000,0,0,28900,30100,28900
2009-12-15,7.54,30900,0.8(2.66 %),11150,335746000,0,0,28600,30900,28600
2009-12-16,7.18,29400,-1.5(-4.85 %),11030,326238000,0,0,30900,30900,29400
2009-12-17,6.96,28500,-0.9(-3.06 %),11660,333464000,0,0,28500,30000,28400
2009-12-18,7.3,29900,1.4(4.91 %),46880,1396432000,0,0,28500,29900,28500
2009-12-21,7.64,31300,1.4(4.68 %),18800,583264000,0,0,30000,31300,30000
2009-12-22,7.81,32000,0.7(2.24 %),43410,1371027000,0,0,31500,32000,31200
2009-12-23,7.81,32000,0(0.00 %),29800,952988000,0,0,32000,32000,30600
2009-12-24,7.81,32000,0(0.00 %),36740,1163295000,0,0,30800,32000,30800
2009-12-25,7.93,32500,0.5(1.56 %),125880,3969014000,0,0,32000,32900,31000
2009-12-28,8.32,34100,1.6(4.92 %),74640,2502720000,0,0,31500,34100,31500
2009-12-29,8.32,34100,0(0.00 %),64080,2150607000,0,0,34000,34500,32600
2009-12-30,8.54,35000,0.9(2.64 %),26650,929407000,0,0,34700,35000,33100
2009-12-31,8.54,35000,0(0.00 %),101140,3506844000,0,0,35700,35700,33600
2010-01-04,8.96,36700,1.7(4.86 %),60140,2202259000,0,0,36500,36700,35700
2010-01-05,9.28,38000,1.3(3.54 %),86540,3303997000,0,0,38500,38500,36900
2010-01-06,9.03,37000,-1(-2.63 %),29440,1090835000,0,0,36700,37500,36700
2010-01-07,9.01,36900,-0.1(-0.27 %),91920,3387040000,0,0,36500,37000,36200
2010-01-08,8.79,36000,-0.9(-2.44 %),67220,2478702000,0,0,37500,37500,36000
2010-01-11,8.54,35000,-1(-2.78 %),87910,3070547000,0,0,35000,35200,34500
2010-01-12,8.54,35000,0(0.00 %),23020,807051000,0,0,35100,35900,34500
2010-01-13,8.13,32550,-1.6(-4.85 %),45120,1423746000,0,0,32550,33000,32550
2010-01-14,8.44,32600,1.2(3.82 %),9260,293754000,0,0,32000,32600,31400
2010-01-15,8.39,32400,-0.2(-0.61 %),3850,123396000,0,0,32600,32600,31500
2010-01-18,7.97,30800,-1.6(-4.94 %),29820,919853000,0,0,31200,31200,30800
2010-01-19,7.77,30000,-0.8(-2.60 %),8020,240267000,0,0,31700,31700,29900
2010-01-20,7.71,29800,-0.2(-0.67 %),40050,1212349000,0,0,30500,30800,29300
2010-01-21,7.43,28700,-1.1(-3.69 %),14440,418892000,0,0,29300,29600,28700
2010-01-22,7.25,28000,-0.7(-2.44 %),14480,405658000,0,0,27800,29000,27700
2010-01-25,7.56,29200,1.2(4.29 %),4160,119557000,0,0,28800,29200,28200
2010-01-26,7.77,30000,0.8(2.74 %),35040,1012904000,0,0,29200,30100,28000
2010-01-27,7.46,28800,-1.2(-4.00 %),6930,200126000,0,0,29300,29300,28700
2010-01-28,7.79,30100,1.3(4.51 %),51690,1533519000,0,0,29000,30200,29000
2010-01-29,7.84,30300,0.2(0.66 %),30930,939568000,0,0,30600,30700,30100
2010-02-01,8.1,31300,1(3.30 %),52160,1603075000,0,0,30300,31300,29000
2010-02-02,7.77,30000,-1.3(-4.15 %),9600,291123000,0,0,31300,31300,29800
2010-02-03,8.08,31200,1.2(4.00 %),25680,796809000,0,0,30800,31400,30500
2010-02-04,8.03,31000,-0.2(-0.64 %),5690,180018000,0,0,30000,32000,30000
2010-02-05,7.9,30500,-0.5(-1.61 %),18010,547666000,0,0,30500,30500,30000
2010-02-08,7.77,30000,-0.5(-1.64 %),20820,622351000,0,0,30000,30000,29500
2010-02-09,7.56,29200,-0.8(-2.67 %),12080,351421000,0,0,29100,29500,28700
2010-02-10,7.66,29600,0.4(1.37 %),4330,131786000,0,0,30200,30500,29600
2010-02-11,7.9,30500,0.9(3.04 %),430,12951000,21000,640500000,30700,30700,29000
2010-02-12,8.03,31000,0.5(1.64 %),1350,41695000,0,0,30500,31000,29500
2010-02-22,7.77,30000,-1(-3.23 %),15410,463630000,0,0,31300,31300,29800
2010-02-23,7.53,29100,-0.9(-3.00 %),17620,512788000,0,0,29200,29500,28800
2010-02-24,7.9,30500,1.4(4.81 %),42790,1282054000,0,0,29100,30500,29000
2010-02-25,7.9,30500,0(0.00 %),7690,235734000,21000,640500000,30500,31500,30500
2010-02-26,7.9,30500,0(0.00 %),5600,169100000,0,0,29800,30500,29800
2010-03-01,8.05,31100,0.6(1.97 %),14220,439262000,0,0,30500,31400,30500
2010-03-02,8.13,31400,0.3(0.96 %),9320,291425000,0,0,31100,31500,30500
2010-03-03,8.08,31200,-0.2(-0.64 %),2810,87468000,0,0,31600,31600,30600
2010-03-04,8.1,31300,0.1(0.32 %),10630,331945000,21000,657300000,31100,31500,31000
2010-03-05,8.03,31000,-0.3(-0.96 %),5550,171290000,0,0,31100,31100,30500
2010-03-08,8.1,31300,0.3(0.97 %),15610,486978000,0,0,30800,31500,30800
2010-03-09,8.05,31100,-0.2(-0.64 %),50300,1576289000,0,0,31400,31600,31100
2010-03-10,7.77,30000,-1.1(-3.54 %),45460,1409291000,0,0,31100,31800,30000
2010-03-11,8.15,31500,1.5(5.00 %),104120,3271468000,0,0,30000,31500,30000
2010-03-12,8.21,31700,0.2(0.63 %),63100,1998460000,21000,693000000,31500,32000,31500
2010-03-15,8.18,31600,-0.1(-0.32 %),83290,2667540000,0,0,32200,33100,31600
2010-03-16,7.9,30500,-1.1(-3.48 %),35830,1108237000,0,0,31500,31600,30500
2010-03-17,8.15,31500,1(3.28 %),100880,3165828000,0,0,31000,32000,30400
2010-03-18,8.54,33000,1.5(4.76 %),178070,5787739000,0,0,31500,33000,31500
2010-03-19,8.96,34600,1.6(4.85 %),189930,6534260000,0,0,33500,34600,33500
2010-03-22,9.06,35000,0.4(1.16 %),122140,4298035000,0,0,35400,35700,34600
2010-03-23,8.62,33300,-1.7(-4.86 %),109390,3674110000,0,0,33700,34900,33300
2010-03-24,8.67,33500,0.2(0.60 %),45590,1504359000,0,0,33500,34000,32300
2010-03-25,8.8,34000,0.5(1.49 %),100490,3381625000,0,0,33000,34500,33000
2010-03-26,9.06,35000,1(2.94 %),156290,5448584000,0,0,34800,35200,33600
2010-03-29,9.06,35000,0(0.00 %),27700,957646000,0,0,34000,35000,34000
2010-03-30,8.65,33400,-1.6(-4.57 %),20000,677712000,0,0,34500,34500,33400
2010-03-31,8.67,33500,0.1(0.30 %),41940,1382011000,0,0,34300,34300,32200
2010-04-01,8.34,32200,-1.3(-3.88 %),101480,3260854000,0,0,32000,33400,31900
2010-04-02,8.49,32800,0.6(1.86 %),22020,697287000,0,0,33600,33600,31500
2010-04-05,8.54,33000,0.2(0.61 %),40410,1301978000,0,0,32200,33000,32000
2010-04-06,8.41,32500,-0.5(-1.52 %),49770,1590487000,0,0,33000,33000,31800
2010-04-07,8.59,33200,0.7(2.15 %),40030,1315728000,0,0,32600,33400,31900
2010-04-08,8.83,34100,0.9(2.71 %),275880,9368270000,0,0,33200,34300,33200
2010-04-09,8.65,33400,-0.7(-2.05 %),61920,2113600000,0,0,34500,34700,33400
2010-04-12,8.83,34100,0.7(2.10 %),201080,6829446000,0,0,33400,34400,33400
2010-04-13,8.75,33800,-0.3(-0.88 %),195890,6680980000,0,0,34100,34800,33800
2010-04-14,8.85,34200,0.4(1.18 %),179130,6105209000,0,0,33800,34400,33500
2010-04-15,9.29,35900,1.7(4.97 %),475310,17063629000,0,0,35900,35900,35900
2010-04-16,9.73,37600,1.7(4.74 %),578530,21741959000,0,0,37600,37600,37000
2010-04-19,9.27,35800,-1.8(-4.79 %),300760,10864475000,0,0,37100,37600,35800
2010-04-20,9.06,35000,-0.8(-2.23 %),181460,6282859000,0,0,35300,35900,34100
2010-04-21,8.8,34000,-1(-2.86 %),137140,4697894000,0,0,35400,35400,33800
2010-04-22,8.75,33800,-0.2(-0.59 %),154900,5292000000,0,0,34500,35000,33800
2010-04-26,8.49,32800,-1(-2.96 %),140090,4635378000,0,0,33800,34200,32500
2010-04-27,8.54,33000,0.2(0.61 %),86710,2870090000,0,0,33000,33900,32800
2010-04-28,8.96,34600,1.6(4.85 %),178070,6111418000,0,0,33400,34600,33000
2010-04-29,8.75,33800,-0.8(-2.31 %),87990,3005106000,0,0,34600,34600,33600
2010-05-04,8.54,33000,-0.8(-2.37 %),158440,5301045000,0,0,34200,34200,33000
2010-05-05,8.49,32800,-0.2(-0.61 %),133750,4405251000,0,0,32800,33400,32800
2010-05-06,8.91,34400,1.6(4.88 %),296400,10176621000,0,0,32800,34400,32800
2010-05-07,9.35,36100,1.7(4.94 %),676070,24271133000,0,0,35300,36100,34500
2010-05-10,9.81,37900,1.8(4.99 %),486880,18433305000,0,0,37800,37900,37500
2010-05-11,9.35,36100,-1.8(-4.75 %),216100,7996768000,0,0,39000,39000,36100
2010-05-12,8.88,34300,-1.8(-4.99 %),94480,3240664000,0,0,34300,34300,34300
2010-05-13,8.44,32600,-1.7(-4.96 %),367050,12032834000,0,0,32800,34000,32600
2010-05-14,8.47,32700,0.1(0.31 %),225930,7400900000,20000,670000000,33500,33500,32600
2010-05-17,8.26,31900,-0.8(-2.45 %),84450,2694070000,20000,686000000,32200,32700,31300
2010-05-18,8.15,31500,-0.4(-1.25 %),70640,2224917000,0,0,31300,31900,31200
2010-05-19,7.77,30000,-1.5(-4.76 %),129290,3889622000,0,0,30900,30900,30000
2010-05-20,7.77,30000,0(0.00 %),169790,4914099000,0,0,29000,30000,28500
2010-05-21,7.38,28500,-1.5(-5.00 %),145820,4197874000,40000,1170000000,28900,29000,28500
2010-05-24,7.33,28300,-0.2(-0.70 %),22670,640315000,0,0,29300,29300,27900
2010-05-25,7.22,27900,-0.4(-1.41 %),53680,1515506000,0,0,28300,28800,27900
2010-05-26,7.56,29200,1.3(4.66 %),29640,862810000,0,0,28900,29200,28800
2010-05-27,7.51,29000,-0.2(-0.68 %),36910,1080012000,0,0,29000,30100,29000
2010-05-28,7.87,30400,1.4(4.83 %),89740,2725026000,0,0,30400,30400,30300
2010-05-31,7.61,29400,-1(-3.29 %),31710,957464000,0,0,30400,30800,29400
2010-06-01,7.87,30400,1(3.40 %),26380,789300000,0,0,30000,30400,29500
2010-06-02,7.82,30200,-0.2(-0.66 %),20420,611706000,0,0,30800,30800,29800
2010-06-03,7.71,29800,-0.4(-1.32 %),34650,1038134000,0,0,30700,30700,29700
2010-06-04,7.64,29500,-0.3(-1.01 %),15980,471651000,0,0,30200,30200,29400
2010-06-07,7.27,28100,-1.4(-4.75 %),121800,3446270000,0,0,29000,29000,28100
2010-06-08,7.27,28100,0(0.00 %),8310,233026000,0,0,28100,28900,28000
2010-06-09,7.27,28100,0(0.00 %),13930,394250000,0,0,28800,28900,28100
2010-06-10,7.38,28500,0.4(1.42 %),8700,247713000,0,0,27800,28500,27800
2010-06-11,7.43,28700,0.2(0.70 %),49950,1432362000,0,0,29400,29400,28500
2010-06-14,7.46,28800,0.1(0.35 %),10970,315089000,0,0,29100,29100,28500
2010-06-15,7.33,28300,-0.5(-1.74 %),28830,820597000,0,0,28500,28800,28100
2010-06-16,7.43,28700,0.4(1.41 %),44700,1274022000,0,0,28300,28800,28300
2010-06-17,7.51,29000,0.3(1.05 %),11300,326320000,0,0,29000,29000,28600
2010-06-18,7.48,28900,-0.1(-0.34 %),17600,508953000,0,0,29000,29000,28600
2010-06-21,7.46,28800,-0.1(-0.35 %),21590,624519000,0,0,29200,29200,28800
2010-06-22,7.46,28800,0(0.00 %),16550,478080000,0,0,28800,29000,28800
2010-06-23,7.4,28600,-0.2(-0.69 %),13890,397595000,0,0,29100,29100,28300
2010-06-24,7.38,28500,-0.1(-0.35 %),52720,1507463000,0,0,29000,29000,28300
2010-06-25,7.27,28100,-0.4(-1.40 %),33490,946630000,0,0,28100,28500,28100
2010-06-28,7.22,27900,-0.2(-0.71 %),30400,849275000,0,0,28100,28100,27800
2010-06-29,7.25,28000,0.1(0.36 %),28530,797140000,0,0,27900,28000,27900
2010-06-30,7.2,27800,-0.2(-0.71 %),5170,142715000,0,0,27500,28000,27500
2010-07-01,7.12,27500,-0.3(-1.08 %),33880,932208000,0,0,27600,27700,27300
2010-07-02,7.15,27600,0.1(0.36 %),90010,2437950000,0,0,27500,27600,27000
2010-07-05,7.04,27200,-0.4(-1.45 %),28740,782911000,0,0,27600,27600,27100
2010-07-06,6.96,26900,-0.3(-1.10 %),16030,432108000,0,0,27000,27000,26900
2010-07-07,7.3,28200,1.3(4.83 %),119060,3344568000,0,0,28000,28200,28000
2010-07-08,7.25,28000,-0.2(-0.71 %),51200,1464425000,0,0,29200,29200,28000
2010-07-09,7.25,28000,0(0.00 %),33220,907686000,0,0,27500,28000,27100
2010-07-12,7.2,27800,-0.2(-0.71 %),4280,118734000,0,0,27300,27800,27300
2010-07-13,7.25,28000,0.2(0.72 %),41140,1148680000,0,0,28200,28200,27600
2010-07-14,7.38,28500,0.5(1.79 %),72750,2071639000,0,0,28000,29000,28000
2010-07-15,7.35,28400,-0.1(-0.35 %),44760,1263785000,0,0,28000,28500,28000
2010-07-16,7.2,27800,-0.6(-2.11 %),21010,588098000,0,0,28300,28400,27800
2010-07-19,7.53,29100,1.3(4.68 %),27140,778685000,0,0,27500,29100,27500
2010-07-20,7.22,27900,-1.2(-4.12 %),173280,4850832000,0,0,29400,29400,27700
2010-07-21,7.25,28000,0.1(0.36 %),13340,375016000,0,0,28300,28400,27700
2010-07-22,6.89,26600,-1.4(-5.00 %),399600,10698104000,0,0,27500,27800,26600
2010-07-23,6.89,26600,0(0.00 %),146730,3849562000,0,0,26700,26700,25500
2010-07-26,6.91,26700,0.1(0.38 %),21460,572678000,0,0,26600,27300,26600
2010-07-27,6.58,25400,-1.3(-4.87 %),87400,2219960000,0,0,25400,25400,25400
2010-07-28,6.26,24200,-1.2(-4.72 %),2530,61226000,0,0,24200,24200,24200
2010-07-29,5.95,23000,-1.2(-4.96 %),4870,112010000,0,0,23000,23000,23000
2010-07-30,6.21,24000,1(4.35 %),466810,10655570000,0,0,21900,24100,21900
2010-08-02,5.9,22800,-1.2(-5.00 %),90430,2072982000,0,0,23200,23300,22800
2010-08-03,5.62,21700,-1.1(-4.82 %),201710,4386784000,0,0,22800,22800,21700
2010-08-04,5.38,20800,-0.9(-4.15 %),106270,2208458000,0,0,21100,21100,20700
2010-08-05,5.18,20000,-0.8(-3.85 %),41690,843469000,0,0,20800,21000,20000
2010-08-06,5.36,20700,0.7(3.50 %),86810,1766701000,0,0,20000,20800,19800
2010-08-09,5.1,19700,-1(-4.83 %),95030,1885534000,0,0,20300,20400,19700
2010-08-10,4.87,18800,-0.9(-4.57 %),105170,1981207000,57810,1190886000,19000,19900,18800
2010-08-11,4.69,18100,-0.7(-3.72 %),81680,1482369000,0,0,18600,19200,17900
2010-08-12,4.45,17200,-0.9(-4.97 %),144660,2492591000,0,0,17400,17400,17200
2010-08-13,4.35,16800,-0.4(-2.33 %),54250,912024000,0,0,17000,17200,16500
2010-08-16,4.5,17400,0.6(3.57 %),34860,608012000,0,0,16800,17600,16800
2010-08-17,4.3,16600,-0.8(-4.60 %),36750,613665000,0,0,17000,17000,16600
2010-08-18,4.09,15800,-0.8(-4.82 %),71850,1143355000,0,0,16400,16400,15800
2010-08-19,4.01,15500,-0.3(-1.90 %),17710,271848000,0,0,15800,15800,15200
2010-08-20,4.04,15600,0.1(0.65 %),20280,310877000,0,0,15500,15600,15100
2010-08-23,4.12,15900,0.3(1.92 %),48680,773229000,0,0,15800,16100,15600
2010-08-24,3.94,15200,-0.7(-4.40 %),61430,939194000,0,0,15400,15900,15200
2010-08-25,3.75,14500,-0.7(-4.61 %),56270,817581000,0,0,15400,15400,14500
2010-08-26,3.68,14200,-0.3(-2.07 %),43080,616371000,0,0,14500,14700,14000
2010-08-27,3.62,14000,-0.2(-1.41 %),44140,618683000,0,0,14200,14200,13600
2010-08-30,3.81,14700,0.7(5.00 %),100700,1480050000,0,0,14300,14700,14300
2010-08-31,3.99,15400,0.7(4.76 %),78650,1197338000,0,0,14700,15400,14500
2010-09-01,3.91,15100,-0.3(-1.95 %),75270,1148119000,0,0,15600,15600,14800
2010-09-06,4.09,15800,0.7(4.64 %),44940,705634000,0,0,15700,15800,15600
2010-09-07,4.27,16500,0.7(4.43 %),32360,533940000,0,0,16500,16500,16500
2010-09-08,4.48,17300,0.8(4.85 %),356740,6162374000,0,0,17300,17300,16700
2010-09-09,4.69,18100,0.8(4.62 %),164190,2969593000,0,0,18100,18100,17700
2010-09-10,4.76,18400,0.3(1.66 %),203920,3814541000,0,0,18400,19000,18100
2010-09-13,4.53,17500,-0.9(-4.89 %),65380,1144587000,0,0,17500,18800,17500
2010-09-14,4.69,18100,0.6(3.43 %),128860,2201940000,0,0,17500,18100,16800
2010-09-15,4.45,17200,-0.9(-4.97 %),130150,2277871000,0,0,17400,18100,17200
2010-09-16,4.53,17500,0.3(1.74 %),31490,527681000,0,0,17200,17500,16500
2010-09-17,4.58,17700,0.2(1.14 %),59270,1047949000,0,0,17500,17900,17400
2010-09-20,4.79,18500,0.8(4.52 %),115360,2129704000,0,0,18400,18500,18300
2010-09-21,4.97,19200,0.7(3.78 %),160790,3042576000,0,0,18500,19200,18500
2010-09-22,4.92,19000,-0.2(-1.04 %),37770,713664000,0,0,18500,19300,18500
2010-09-23,4.71,18200,-0.8(-4.21 %),57380,1050653000,0,0,18500,19000,18200
2010-09-24,4.79,18500,0.3(1.65 %),29080,529261000,0,0,18800,18800,18000
2010-09-27,4.66,18000,-0.5(-2.70 %),38610,698625000,0,0,18500,18500,18000
2010-09-28,4.69,18100,0.1(0.56 %),37730,684676000,0,0,18800,18800,18000
2010-09-29,4.61,17800,-0.3(-1.66 %),50950,911413000,0,0,18500,18500,17800
2010-09-30,4.53,17500,-0.3(-1.69 %),18250,320358000,0,0,18000,18000,17400
2010-10-01,4.53,17500,0(0.00 %),19810,347429000,0,0,17800,17900,17500
2010-10-04,4.32,16700,-0.8(-4.57 %),44040,743337000,0,0,17500,17500,16700
2010-10-05,4.38,16900,0.2(1.20 %),37220,627412000,0,0,16100,17300,16100
2010-10-06,4.58,17700,0.8(4.73 %),40070,696007000,0,0,16900,17700,16800
2010-10-07,4.69,18100,0.4(2.26 %),15100,269257000,0,0,17500,18200,17500
2010-10-08,4.45,17200,-0.9(-4.97 %),26120,456729000,0,0,17400,18100,17200
2010-10-11,4.45,17200,0(0.00 %),30790,530541000,0,0,16900,17400,16800
2010-10-12,4.4,17000,-0.2(-1.16 %),17400,296021000,0,0,17200,17200,16900
2010-10-13,4.4,17000,0(0.00 %),15500,262777000,0,0,16300,17000,16300
2010-10-14,4.38,16900,-0.1(-0.59 %),10610,180170000,0,0,17000,17000,16900
2010-10-15,4.35,16800,-0.1(-0.59 %),3050,51240000,0,0,16800,16800,16800
2010-10-18,4.35,16800,0(0.00 %),35320,591850000,0,0,17000,17000,16400
2010-10-19,4.32,16700,-0.1(-0.60 %),1980,32654000,0,0,16800,16800,16300
2010-10-20,4.12,15900,-0.8(-4.79 %),43990,702524000,0,0,16300,16300,15900
2010-10-21,3.96,15300,-0.6(-3.77 %),21850,342271000,0,0,16500,16500,15300
2010-10-22,4.01,15500,0.2(1.31 %),14390,222789000,0,0,15400,15600,15400
2010-10-25,3.96,15300,-0.2(-1.29 %),9690,149393000,0,0,15500,15500,15200
2010-10-26,4.12,15900,0.6(3.92 %),22610,359269000,0,0,16000,16000,15700
2010-10-27,3.96,15300,-0.6(-3.77 %),34110,526888000,0,0,15600,16000,15300
2010-10-28,3.96,15300,0(0.00 %),12130,186200000,0,0,15500,15800,15300
2010-10-29,4.04,15600,0.3(1.96 %),5940,92850000,0,0,15500,15800,15500
2010-11-01,4.22,16300,0.7(4.49 %),61250,950196000,0,0,15200,16300,15100
2010-11-02,4.43,17100,0.8(4.91 %),149880,2537945000,0,0,16700,17100,16500
2010-11-03,4.4,17000,-0.1(-0.58 %),74090,1257605000,0,0,17200,17200,16600
2010-11-04,4.48,17300,0.3(1.76 %),20480,352094000,0,0,17400,17400,17000
2010-11-05,4.48,17300,0(0.00 %),40810,706723000,0,0,17500,17500,17200
2010-11-08,4.35,16800,-0.5(-2.89 %),28550,476313000,0,0,16900,16900,16600
2010-11-09,4.14,16000,-0.8(-4.76 %),88280,1421998000,0,0,16400,16500,16000
2010-11-10,4.17,16100,0.1(0.62 %),8510,141795000,0,0,16800,16800,16100
2010-11-11,4.32,16700,0.6(3.73 %),38340,634208000,0,0,16200,16700,16200
2010-11-12,4.27,16500,-0.2(-1.20 %),36520,592058000,0,0,16200,16800,16000
2010-11-15,4.17,16100,-0.4(-2.42 %),4540,72894000,0,0,16000,16100,16000
2010-11-16,4.14,16000,-0.1(-0.62 %),38370,597114000,0,0,15600,16000,15300
2010-11-17,4.19,16200,0.2(1.25 %),16890,271224000,0,0,16000,16600,16000
2010-11-18,4.25,16400,0.2(1.23 %),29270,478565000,0,0,16500,16500,16000
2010-11-19,4.19,16200,-0.2(-1.22 %),40010,653162000,0,0,16500,16500,16200
2010-11-22,4.19,16200,0(0.00 %),530,8466000,0,0,16200,16200,15900
2010-11-23,4.25,16400,0.2(1.23 %),22920,371544000,0,0,16200,16400,16200
2010-11-24,4.25,16400,0(0.00 %),11550,185914000,0,0,16000,16400,16000
2010-11-25,4.3,16600,0.2(1.22 %),22410,370902000,0,0,16400,16700,16400
2010-11-26,4.35,16800,0.2(1.20 %),9910,166988000,0,0,16900,16900,16800
2010-11-29,4.38,16900,0.1(0.60 %),12840,216382000,0,0,16700,16900,16300
2010-11-30,4.3,16600,-0.3(-1.78 %),34630,594500000,0,0,17000,17700,16600
2010-12-01,4.5,17400,0.8(4.82 %),94610,1627480000,0,0,16900,17400,16800
2010-12-02,4.71,18200,0.8(4.60 %),16580,301756000,0,0,18200,18200,18200
2010-12-03,4.94,19100,0.9(4.95 %),19290,368439000,0,0,19100,19100,19100
2010-12-06,5.18,20000,0.9(4.71 %),229210,4571727000,0,0,20000,20000,19100
2010-12-07,4.92,19000,-1(-5.00 %),87330,1684214000,0,0,19300,20500,19000
2010-12-08,4.69,18100,-0.9(-4.74 %),58130,1052463000,0,0,18100,18300,18100
2010-12-09,4.69,18100,0(0.00 %),23030,414851000,0,0,17500,18900,17500
2010-12-10,4.92,19000,0.9(4.97 %),76700,1437161000,0,0,18600,19000,17800
2010-12-13,5.15,19900,0.9(4.74 %),112390,2235819000,0,0,19500,19900,19500
2010-12-14,4.92,19000,-0.9(-4.52 %),49180,951023000,0,0,19600,20000,19000
2010-12-15,4.92,19000,0(0.00 %),7750,146650000,0,0,19000,19000,18600
2010-12-16,4.69,18100,-0.9(-4.74 %),37670,683497000,0,0,18400,18400,18100
2010-12-17,4.92,19000,0.9(4.97 %),17500,327705000,0,0,18100,19000,18100
2010-12-20,4.92,19000,0(0.00 %),18720,353640000,0,0,18500,19000,18200
2010-12-21,4.89,18900,-0.1(-0.53 %),48350,884733000,0,0,19000,19000,18200
2010-12-22,4.66,18000,-0.9(-4.76 %),34910,630238000,0,0,18200,18200,18000
2010-12-23,4.43,17100,-0.9(-5.00 %),38420,658752000,0,0,17300,17500,17100
2010-12-24,4.45,17200,0.1(0.58 %),34430,588073000,0,0,16600,17200,16500
2010-12-27,4.32,16700,-0.5(-2.91 %),60,1035000,0,0,17800,17800,16700
2010-12-28,4.53,17500,0.8(4.79 %),7680,133649000,0,0,17400,17500,16900
2010-12-29,4.71,18200,0.7(4.00 %),24900,452983000,0,0,18300,18300,17900
2010-12-30,4.5,17400,-0.8(-4.40 %),9270,163692000,0,0,17400,18600,17400
2010-12-31,4.71,18200,0.8(4.60 %),45940,833162000,91640,1521224000,17100,18200,17100
2011-01-04,4.71,18200,0(0.00 %),6810,123409000,0,0,18000,18500,18000
2011-01-05,4.66,18000,-0.2(-1.10 %),5880,105888000,0,0,18200,18200,17900
2011-01-06,4.76,18400,0.4(2.22 %),6530,118003000,0,0,18500,18500,17800
2011-01-07,4.61,17800,-0.6(-3.26 %),16320,291222000,0,0,18000,18600,17800
2011-01-10,4.63,17900,0.1(0.56 %),2520,44918000,0,0,17500,18400,17500
2011-01-11,4.63,17900,0(0.00 %),8620,153613000,0,0,17900,17900,17700
2011-01-12,4.66,17000,0.1(0.59 %),3370,57291000,0,0,17000,17100,17000
2011-01-13,4.8,17500,0.5(2.94 %),2020,35030000,0,0,17200,17500,17200
2011-01-14,4.8,17500,0(0.00 %),520,8875000,0,0,17900,17900,17000
2011-01-17,4.66,17000,-0.5(-2.86 %),1380,23645000,0,0,17500,17500,17000
2011-01-18,4.52,16500,-0.5(-2.94 %),1620,27530000,0,0,17000,17000,16500
2011-01-19,4.63,16900,0.4(2.42 %),3310,54578000,0,0,16100,16900,16000
2011-01-20,4.63,16900,0(0.00 %),2230,37687000,0,0,16900,16900,16900
2011-01-21,4.41,16100,-0.8(-4.73 %),43010,693086000,0,0,16500,16600,16100
2011-01-24,4.25,15500,-0.6(-3.73 %),11330,177006000,0,0,16200,16200,15500
2011-01-25,4.39,16000,0.5(3.23 %),22700,351450000,0,0,15600,16000,15000
2011-01-26,4.61,16800,0.8(5.00 %),44580,748944000,0,0,16800,16800,16800
2011-01-27,4.83,17600,0.8(4.76 %),79330,1389908000,0,0,17400,17600,17200
2011-01-28,4.69,17100,-0.5(-2.84 %),5870,101454000,0,0,17600,18000,17100
2011-02-08,4.77,17400,0.3(1.75 %),2160,37011000,0,0,17800,17800,17000
2011-02-09,4.85,17700,0.3(1.72 %),33530,571874000,0,0,17400,17700,16700
2011-02-10,4.69,17100,-0.6(-3.39 %),17450,303988000,0,0,17700,17800,17100
2011-02-11,4.77,17400,0.3(1.75 %),19520,330879000,0,0,17700,17700,16800
2011-02-14,4.66,17000,-0.4(-2.30 %),4160,70944000,0,0,17100,17800,17000
2011-02-15,4.72,17200,0.2(1.18 %),4600,78674000,0,0,17500,17500,17000
2011-02-16,4.63,16900,-0.3(-1.74 %),14740,252150000,0,0,17500,17500,16900
2011-02-17,4.66,17000,0.1(0.59 %),3300,55740000,0,0,17000,17000,16600
2011-02-18,4.66,17000,0(0.00 %),55970,915471000,0,0,17200,17200,16200
2011-02-21,4.44,16200,-0.8(-4.71 %),14590,236458000,0,0,16200,16300,16200
2011-02-22,4.22,15400,-0.8(-4.94 %),24370,375362000,0,0,16200,16200,15400
2011-02-23,4.22,15400,0(0.00 %),17310,263761000,0,0,14700,15900,14700
2011-02-24,4.41,16100,0.7(4.55 %),10510,160476000,0,0,15800,16100,15000
2011-02-25,4.22,15400,-0.7(-4.35 %),18980,293991000,0,0,15400,16200,15400
2011-02-28,4.14,15100,-0.3(-1.95 %),10950,165773000,0,0,15900,15900,15100
2011-03-01,4.03,14700,-0.4(-2.65 %),4040,59485000,0,0,14600,15700,14600
2011-03-02,3.84,14000,-0.7(-4.76 %),27230,382645000,0,0,15200,15200,14000
2011-03-03,3.67,13400,-0.6(-4.29 %),3510,48067000,0,0,14400,14700,13400
2011-03-04,3.81,13900,0.5(3.73 %),12870,176557000,0,0,13900,13900,13400
2011-03-07,3.84,14000,0.1(0.72 %),5110,69954000,0,0,13900,14000,13500
2011-03-08,3.92,14300,0.3(2.14 %),11630,164588000,0,0,14400,14500,13900
2011-03-09,3.87,14100,-0.2(-1.40 %),12880,181913000,0,0,13700,14700,13700
2011-03-10,3.98,14500,0.4(2.84 %),8930,128775000,0,0,14500,14500,14200
2011-03-11,4.14,15100,0.6(4.14 %),8040,120528000,0,0,14900,15100,14900
2011-03-14,3.98,14500,-0.6(-3.97 %),12080,175631000,0,0,14600,15500,14500
2011-03-15,3.98,14500,0(0.00 %),5610,81351000,0,0,15100,15100,14500
2011-03-16,3.98,14500,0(0.00 %),33590,487339000,0,0,15000,15000,14500
2011-03-17,3.98,14500,0(0.00 %),12070,175080000,0,0,14500,15000,14300
2011-03-18,4.06,14800,0.3(2.07 %),39710,572825000,0,0,14500,14800,14400
2011-03-21,4.06,14800,0(0.00 %),4080,60116000,0,0,15200,15200,14500
2011-03-22,4.25,15500,0.7(4.73 %),49190,762059000,0,0,15500,15500,15400
2011-03-23,4.31,15700,0.2(1.29 %),70230,1132063000,0,0,16100,16200,15700
2011-03-24,4.36,15900,0.2(1.27 %),2790,43281000,0,0,15400,15900,15400
2011-03-25,4.22,15400,-0.5(-3.14 %),15500,239700000,0,0,15400,15900,15400
2011-03-28,4.11,15000,-0.4(-2.60 %),4190,62951000,0,0,15400,15400,15000
2011-03-29,4.0,14600,-0.4(-2.67 %),5050,73744000,0,0,14700,14800,14600
2011-03-30,4.2,15300,0.7(4.79 %),2550,37237000,0,0,14600,15300,14600
2011-03-31,4.17,15200,-0.1(-0.65 %),4300,63860000,0,0,14700,15200,14700
2011-04-01,4.0,14600,-0.6(-3.95 %),7420,108332000,0,0,14600,14600,14600
2011-04-04,3.98,14500,-0.1(-0.68 %),390,5570000,0,0,15000,15000,14100
2011-04-05,4.03,14700,0.2(1.38 %),4540,63991000,0,0,14400,14700,14000
2011-04-06,4.11,15000,0.3(2.04 %),2420,35950000,0,0,14500,15000,14500
2011-04-07,4.11,15000,0(0.00 %),3250,46968000,0,0,14400,15000,14400
2011-04-08,3.95,14400,-0.6(-4.00 %),1100,15840000,0,0,14400,14400,14400
2011-04-13,3.98,14500,0.1(0.69 %),480,6918000,0,0,14400,14500,14400
2011-04-14,4.11,15000,0.5(3.45 %),30,450000,0,0,15000,15000,15000
2011-04-15,3.92,14300,-0.7(-4.67 %),9890,141637000,0,0,14300,14500,14300
2011-04-18,3.92,14300,0(0.00 %),2020,28882000,0,0,13900,14300,13900
2011-04-19,3.81,13900,-0.4(-2.80 %),11500,161650000,0,0,14300,14300,13900
2011-04-20,3.95,14400,0.5(3.60 %),2210,30874000,0,0,13900,14400,13900
2011-04-21,3.95,14400,0(0.00 %),111110,1556612000,0,0,14000,14900,13900
2011-04-22,3.92,14300,-0.1(-0.69 %),1040,14873000,0,0,14400,14400,14300
2011-04-25,3.87,14100,-0.2(-1.40 %),610,8639000,0,0,14300,14900,14100
2011-04-26,4.06,14800,0.7(4.96 %),5650,80520000,0,0,14000,14800,14000
2011-04-27,3.87,14100,-0.7(-4.73 %),2270,32066000,0,0,14800,14800,14100
2011-04-28,3.7,13500,-0.6(-4.26 %),55370,747925000,0,0,13500,13800,13500
2011-04-29,3.78,13800,0.3(2.22 %),170,2346000,0,0,13800,13800,13800
2011-05-04,3.78,13800,0(0.00 %),10,138000,0,0,13800,13800,13800
2011-05-05,3.92,14300,0.5(3.62 %),690,9402000,0,0,13800,14300,13400
2011-05-06,3.73,13600,-0.7(-4.90 %),22210,303757000,0,0,13700,13700,13600
2011-05-09,3.56,13000,-0.6(-4.41 %),2940,38220000,0,0,13000,13000,13000
2011-05-10,3.56,13000,0(0.00 %),20640,269491000,0,0,12700,13300,12700
2011-05-11,3.54,12900,-0.1(-0.77 %),80,1032000,0,0,12900,12900,12900
2011-05-12,3.48,12700,-0.2(-1.55 %),500,6350000,0,0,12700,12700,12700
2011-05-13,3.65,13300,0.6(4.72 %),10680,138440000,0,0,12600,13300,12600
2011-05-16,3.62,13200,-0.1(-0.75 %),8220,110072000,0,0,13500,13600,13200
2011-05-17,3.51,12800,-0.4(-3.03 %),1500,19200000,0,0,12800,12800,12800
2011-05-18,3.4,12400,-0.4(-3.12 %),9930,122926000,0,0,12800,12800,12200
2011-05-19,3.46,12600,0.2(1.61 %),60,736000,0,0,12200,12600,12000
2011-05-20,3.56,13000,0.4(3.17 %),9530,115310000,0,0,12600,13000,12000
2011-05-23,3.4,12400,-0.6(-4.62 %),23060,288376000,0,0,13000,13000,12400
2011-05-24,3.24,11800,-0.6(-4.84 %),20350,240130000,0,0,11800,11800,11800
2011-05-25,3.1,11300,-0.5(-4.24 %),7570,85541000,0,0,11300,11300,11300
2011-05-26,3.18,11600,0.3(2.65 %),4070,45576000,0,0,10800,11800,10800
2011-05-27,3.26,11900,0.3(2.59 %),5140,61188000,0,0,12100,12100,11900
2011-05-30,3.15,11500,-0.4(-3.36 %),17710,208864000,0,0,11900,11900,11500
2011-05-31,3.26,11900,0.4(3.48 %),3350,38386000,0,0,11200,11900,11000
2011-06-01,3.29,12000,0.1(0.84 %),21530,254959000,0,0,11900,12100,11400
2011-06-02,3.46,12600,0.6(5.00 %),41930,520832000,0,0,12400,12600,12000
2011-06-03,3.29,12000,-0.6(-4.76 %),46380,577060000,0,0,13200,13200,12000
2011-06-06,3.29,12000,0(0.00 %),9340,112083000,0,0,12300,12300,12000
2011-06-07,3.4,12400,0.4(3.33 %),29580,356423000,0,0,12100,12400,12000
2011-06-08,3.4,12400,0(0.00 %),20220,248110000,0,0,12400,12400,12100
2011-06-09,3.37,12300,-0.1(-0.81 %),10810,131843000,0,0,12300,12300,12000
2011-06-10,3.32,12100,-0.2(-1.63 %),11320,142612000,0,0,12300,12900,12100
2011-06-13,3.48,12700,0.6(4.96 %),11650,147553000,0,0,12600,12700,12600
2011-06-14,3.48,12700,0(0.00 %),51130,673933000,0,0,13300,13300,12700
2011-06-15,3.54,12900,0.2(1.57 %),46790,599881000,0,0,13300,13300,12700
2011-06-16,3.65,13300,0.4(3.10 %),1660,21996000,0,0,13300,13300,12500
2011-06-17,3.65,13300,0(0.00 %),12670,165484000,0,0,13300,13400,13000
2011-06-20,3.56,13000,-0.3(-2.26 %),25050,325056000,0,0,12700,13300,12700
2011-06-21,3.65,13300,0.3(2.31 %),37030,482716000,0,0,13600,13600,13000
2011-06-22,3.62,13200,-0.1(-0.75 %),6970,92584000,0,0,12700,13300,12700
2011-06-23,3.62,13200,0(0.00 %),2880,37972000,0,0,13400,13400,13000
2011-06-24,3.62,13200,0(0.00 %),11000,145200000,0,0,13200,13200,13200
2011-06-27,3.59,13100,-0.1(-0.76 %),18320,235693000,0,0,13200,13200,12700
2011-06-28,3.51,12800,-0.3(-2.29 %),14340,186559000,0,0,13500,13500,12800
2011-06-29,3.46,12600,-0.2(-1.56 %),150,1905000,0,0,13200,13200,12600
2011-06-30,3.54,12900,0.3(2.38 %),5110,65920000,0,0,13000,13000,12900
2011-07-01,3.56,13000,0.1(0.78 %),520,6730000,0,0,12900,13000,12900
2011-07-04,3.65,13300,0.3(2.31 %),13000,172900000,0,0,13300,13300,13300
2011-07-05,3.7,13500,0.2(1.50 %),13160,178609000,0,0,13500,13600,13400
2011-07-06,3.7,13500,0(0.00 %),11110,152685000,0,0,13800,13800,13500
2011-07-07,3.65,13300,-0.2(-1.48 %),12560,166812000,0,0,12900,13300,12900
2011-07-08,3.65,13300,0(0.00 %),0,0,0,0,13300,13300,13300
2011-07-11,3.54,12900,-0.4(-3.01 %),5530,71361000,0,0,13600,13600,12900
2011-07-12,3.56,13000,0.1(0.78 %),2350,30454000,0,0,13000,13300,12900
2011-07-13,3.67,13400,0.4(3.08 %),9020,117206000,0,0,12900,13400,12700
2011-07-14,3.51,12800,-0.6(-4.48 %),17720,226816000,0,0,12800,12800,12800
2011-07-15,3.4,12400,-0.4(-3.12 %),23050,288210000,0,0,13000,13200,12400
2011-07-18,3.54,12900,0.5(4.03 %),1020,13160000,0,0,13000,13000,12900
2011-07-19,3.48,12700,-0.2(-1.55 %),24050,296158000,0,0,12300,13200,12300
2011-07-20,3.59,13100,0.4(3.15 %),8730,110950000,0,0,13200,13200,12700
2011-07-21,3.51,12800,-0.3(-2.29 %),6110,76420000,0,0,12500,13100,12500
2011-07-22,3.43,12500,-0.3(-2.34 %),6130,76025000,0,0,12400,12500,12400
2011-07-25,3.32,12100,-0.4(-3.20 %),18000,221918000,0,0,12700,13000,12100
2011-07-26,3.26,11900,-0.2(-1.65 %),3450,41055000,0,0,11900,11900,11900
2011-07-27,3.15,11500,-0.4(-3.36 %),8740,101686000,0,0,12300,12300,11500
2011-07-28,3.18,11600,0.1(0.87 %),23470,274674000,0,0,11800,11800,11600
2011-07-29,3.21,11700,0.1(0.86 %),30250,343928000,0,0,11400,11800,11300
2011-08-01,3.21,11700,0(0.00 %),17330,201052000,0,0,12000,12100,11400
2011-08-02,3.13,11400,-0.3(-2.56 %),31360,354725000,0,0,11500,11500,11200
2011-08-03,3.1,11300,-0.1(-0.88 %),28150,308047000,0,0,10900,11300,10900
2011-08-04,3.21,11700,0.4(3.54 %),37390,427488000,0,0,11300,11700,11100
2011-08-05,3.18,11600,-0.1(-0.85 %),18300,209608000,0,0,11300,11700,11300
2011-08-08,3.07,11200,-0.4(-3.45 %),43660,499000000,0,0,11200,11800,11200
2011-08-09,3.02,11000,-0.2(-1.79 %),22150,237560000,0,0,10700,11600,10700
2011-08-10,2.93,10700,-0.3(-2.73 %),15630,167754000,0,0,11500,11500,10700
2011-08-11,2.85,10400,-0.3(-2.80 %),30600,317684000,0,0,10500,10900,10300
2011-08-12,2.71,9900,-0.5(-4.81 %),91160,928604000,0,0,10400,10900,9900
2011-08-15,2.8,10200,0.3(3.03 %),5480,55577000,0,0,9900,10300,9900
2011-08-16,2.69,9800,-0.4(-3.92 %),19730,197779000,0,0,10200,10200,9800
2011-08-17,2.8,10200,0.4(4.08 %),20800,211898000,0,0,10100,10200,10100
2011-08-18,2.88,10500,0.3(2.94 %),41050,431001000,0,0,10500,10600,10400
2011-08-19,2.77,10100,-0.4(-3.81 %),82640,831340000,0,0,10200,10400,10000
2011-08-22,2.88,10500,0.4(3.96 %),44380,464602000,0,0,10400,10600,10400
2011-08-23,2.93,10700,0.2(1.90 %),240,2568000,0,0,10700,10700,10700
2011-08-24,2.82,10300,-0.4(-3.74 %),57670,602373000,0,0,10700,10800,10300
2011-08-25,2.82,10300,0(0.00 %),29820,305536000,0,0,10300,10300,10100
2011-08-26,2.82,10300,0(0.00 %),26270,270632000,0,0,10200,10400,10200
2011-08-29,2.96,10800,0.5(4.85 %),196860,2107837000,0,0,10700,10800,10600
2011-08-30,3.1,11300,0.5(4.63 %),20120,227356000,0,0,11300,11300,11300
2011-08-31,3.24,11800,0.5(4.42 %),11570,136526000,0,0,11800,11800,11800
2011-09-01,3.37,12300,0.5(4.24 %),20470,251781000,0,0,12300,12300,12300
2011-09-05,3.54,12900,0.6(4.88 %),249980,3220694000,0,0,12900,12900,12600
2011-09-06,3.4,12400,-0.5(-3.88 %),79850,997893000,0,0,12600,13000,12400
2011-09-07,3.56,13000,0.6(4.84 %),88950,1156310000,0,0,13000,13000,12900
2011-09-08,3.73,13600,0.6(4.62 %),88840,1208224000,0,0,13600,13600,13600
2011-09-09,3.73,13600,0(0.00 %),35380,481231000,0,0,13200,13900,13200
2011-09-12,3.65,13300,-0.3(-2.21 %),71650,954750000,0,0,13300,13800,13100
2011-09-13,3.81,13900,0.6(4.51 %),159620,2178922000,0,0,13300,13900,13300
2011-09-14,3.7,13500,-0.4(-2.88 %),70650,957882000,0,0,13700,14100,13500
2011-09-15,3.7,13500,0(0.00 %),39080,518531000,0,0,13400,13500,13000
2011-09-16,3.54,12900,-0.6(-4.44 %),26760,347044000,0,0,13000,13200,12900
2011-09-19,3.65,13300,0.4(3.10 %),28630,372713000,0,0,12500,13300,12400
2011-09-20,3.48,12700,-0.6(-4.51 %),37030,472956000,0,0,12800,13100,12700
2011-09-21,3.54,12900,0.2(1.57 %),1260,15780000,0,0,13100,13300,12500
2011-09-22,3.59,13100,0.2(1.55 %),27210,355235000,0,0,12900,13100,12900
2011-09-23,3.56,13000,-0.1(-0.76 %),6860,89211000,0,0,12500,13200,12500
2011-09-26,3.54,12900,-0.1(-0.77 %),8480,108684000,0,0,12600,13000,12600
2011-09-27,3.59,13100,0.2(1.55 %),3180,41611000,0,0,13100,13100,12700
2011-09-28,3.51,12800,-0.3(-2.29 %),17770,227960000,0,0,12800,13000,12800
2011-09-29,3.48,12700,-0.1(-0.78 %),17970,225088000,0,0,12500,12700,12300
2011-09-30,3.43,12500,-0.2(-1.57 %),22930,287277000,0,0,12400,12700,12400
2011-10-03,3.37,12300,-0.2(-1.60 %),15150,187657000,0,0,12500,12700,12300
2011-10-04,3.37,12300,0(0.00 %),5140,62906000,0,0,12100,12400,12100
2011-10-05,3.37,12300,0(0.00 %),2440,30021000,0,0,12600,12600,12300
2011-10-06,3.54,12900,0.6(4.88 %),12010,153961000,0,0,12200,12900,12200
2011-10-07,3.46,12600,-0.3(-2.33 %),1600,20630000,0,0,13300,13300,12600
2011-10-10,3.48,12700,0.1(0.79 %),15790,198938000,0,0,12600,13000,12500
2011-10-11,3.56,13000,0.3(2.36 %),4850,62875000,0,0,12800,13000,12800
2011-10-12,3.73,13600,0.6(4.62 %),64010,848454000,0,0,13000,13600,12800
2011-10-13,3.89,14200,0.6(4.41 %),54340,770504000,0,0,14100,14200,13600
2011-10-14,3.98,14500,0.3(2.11 %),82100,1211462000,0,0,14900,14900,14000
2011-10-17,3.81,13900,-0.6(-4.14 %),37630,525793000,0,0,14500,14500,13900
2011-10-18,3.95,14400,0.5(3.60 %),46110,626202000,0,0,13600,14400,13400
2011-10-19,4.06,14800,0.4(2.78 %),68460,1000749000,0,0,14000,14900,14000
2011-10-20,4.22,15400,0.6(4.05 %),92930,1406168000,0,0,14600,15400,14500
2011-10-21,4.41,16100,0.7(4.55 %),58640,932439000,0,0,15700,16100,15400
2011-10-24,4.39,16000,-0.1(-0.62 %),115010,1848606000,0,0,16400,16500,15800
2011-10-25,4.2,15300,-0.7(-4.38 %),73400,1141479000,0,0,15400,15900,15300
2011-10-26,4.22,15400,0.1(0.65 %),76890,1160266000,0,0,14900,15500,14900
2011-10-27,4.28,15600,0.2(1.30 %),77630,1204730000,0,0,15400,15900,15200
2011-10-28,4.44,16200,0.6(3.85 %),151130,2439424000,0,0,15600,16300,15600
2011-10-31,4.39,16000,-0.2(-1.23 %),76030,1223262000,0,0,16200,16300,16000
2011-11-01,4.22,15400,-0.6(-3.75 %),103620,1636019000,0,0,15600,16100,15400
2011-11-02,4.06,14800,-0.6(-3.90 %),33580,501977000,0,0,16000,16000,14800
2011-11-03,4.09,14900,0.1(0.68 %),5740,86646000,0,0,14900,15100,14900
2011-11-04,4.03,14700,-0.2(-1.34 %),18310,267612000,0,0,15000,15000,14500
2011-11-07,3.89,14200,-0.5(-3.40 %),35550,503244000,0,0,15000,15000,14100
2011-11-08,4.0,14600,0.4(2.82 %),19090,277527000,0,0,14500,14600,14200
2011-11-09,4.14,15100,0.5(3.42 %),16890,249939000,0,0,14600,15100,14600
2011-11-10,4.0,14600,-0.5(-3.31 %),22750,334390000,0,0,15100,15100,14600
2011-11-11,3.84,14000,-0.6(-4.11 %),54790,771556000,0,0,14600,14800,14000
2011-11-14,3.7,13500,-0.5(-3.57 %),8140,111390000,0,0,14000,14000,13500
2011-11-15,3.76,13700,0.2(1.48 %),11850,161105000,0,0,14000,14000,13100
2011-11-16,3.81,13900,0.2(1.46 %),19280,266992000,0,0,13700,14000,13500
2011-11-17,3.76,13700,-0.2(-1.44 %),4000,54820000,0,0,13700,13900,13700
2011-11-18,3.7,13500,-0.2(-1.46 %),9590,128019000,0,0,13300,13800,13200
2011-11-21,3.65,13300,-0.2(-1.48 %),27150,359292000,0,0,13100,13300,13100
2011-11-22,3.73,13600,0.3(2.26 %),16920,227514000,0,0,13400,13700,13400
2011-11-23,3.87,14100,0.5(3.68 %),18520,260882000,0,0,14000,14100,14000
2011-11-24,3.76,13700,-0.4(-2.84 %),3640,50084000,0,0,14200,14200,13700
2011-11-25,3.7,13500,-0.2(-1.46 %),5040,68043000,0,0,13800,13800,13500
2011-11-28,3.76,13700,0.2(1.48 %),3550,48567000,0,0,13500,13900,13500
2011-11-29,3.76,13700,0(0.00 %),4940,68078000,0,0,13900,13900,13700
2011-11-30,3.81,13900,0.2(1.46 %),3000,41300000,0,0,13500,13900,13500
2011-12-01,3.81,13900,0(0.00 %),540,7506000,0,0,13900,13900,13900
2011-12-02,3.78,13800,-0.1(-0.72 %),3980,54958000,0,0,13900,13900,13800
2011-12-05,3.89,14200,0.4(2.90 %),21850,307162000,0,0,14000,14400,13800
2011-12-06,3.84,14000,-0.2(-1.41 %),8430,118990000,0,0,14200,14200,13800
2011-12-07,3.78,13800,-0.2(-1.43 %),2670,37149000,0,0,13900,14000,13800
2011-12-08,3.67,13400,-0.4(-2.90 %),6410,87108000,0,0,13800,13800,13400
2011-12-09,3.81,13900,0.5(3.73 %),3900,52483000,0,0,14000,14000,13200
2011-12-12,3.65,13300,-0.6(-4.32 %),11880,159936000,0,0,13500,13600,13300
2011-12-13,3.54,12900,-0.4(-3.01 %),5620,72658000,0,0,13000,13200,12900
2011-12-14,3.37,12300,-0.6(-4.65 %),55550,687922000,0,0,12500,12700,12300
2011-12-15,3.51,12800,0.5(4.07 %),4040,50794000,0,0,12300,12800,12100
2011-12-16,3.59,13100,0.3(2.34 %),5770,75260000,0,0,13000,13200,12900
2011-12-19,3.59,13100,0(0.00 %),3160,41306000,0,0,13000,13100,13000
2011-12-20,3.48,12700,-0.4(-3.05 %),2310,29357000,0,0,12800,12800,12600
2011-12-21,3.48,12700,0(0.00 %),5570,70909000,0,0,12800,12800,12700
2011-12-22,3.32,12100,-0.6(-4.72 %),5000,61850000,0,0,12600,12600,12100
2011-12-23,3.4,12400,0.3(2.48 %),19700,242094000,0,0,12100,12500,11900
2011-12-26,3.4,12400,0(0.00 %),3190,38549000,0,0,12000,12400,12000
2011-12-27,3.4,12400,0(0.00 %),3000,36950000,0,0,11900,12400,11900
2011-12-28,3.51,12800,0.4(3.23 %),1400,17400000,0,0,12400,12800,12400
2011-12-29,3.56,13000,0.2(1.56 %),630,8182000,0,0,12400,13000,12400
2011-12-30,3.56,13000,0(0.00 %),1300,16900000,0,0,13000,13000,13000
2012-01-03,3.56,13000,0(0.00 %),1940,25142000,0,0,13000,13000,12600
2012-01-04,3.51,12800,-0.2(-1.54 %),890,11464000,0,0,13000,13000,12800
2012-01-05,3.35,12200,-0.6(-4.69 %),6920,85526000,0,0,12700,12800,12200
2012-01-06,3.43,12500,0.3(2.46 %),3080,37250000,0,0,12000,12500,12000
2012-01-09,3.48,12700,0.2(1.60 %),9790,123427000,0,0,12200,12700,12200
2012-01-10,3.56,13000,0.3(2.36 %),10420,134544000,0,0,12500,13100,12500
2012-01-11,3.51,12800,-0.2(-1.54 %),4010,51831000,0,0,13000,13100,12800
2012-01-12,3.48,12700,-0.1(-0.78 %),300,3810000,0,0,12700,12700,12700
2012-01-13,3.51,12800,0.1(0.79 %),13240,166270000,0,0,13000,13000,12500
2012-01-16,3.51,12800,0(0.00 %),4610,59061000,0,0,12900,12900,12800
2012-01-17,3.43,12500,-0.3(-2.34 %),870,10879000,0,0,12900,12900,12500
2012-01-18,3.51,12800,0.3(2.40 %),30,384000,0,0,12800,12800,12800
2012-01-19,3.56,13000,0.2(1.56 %),6380,82403000,0,0,12900,13000,12800
2012-01-20,3.59,13100,0.1(0.77 %),6410,83350000,0,0,13000,13100,13000
2012-01-30,3.62,13200,0.1(0.76 %),2940,38107000,0,0,12800,13200,12800
2012-01-31,3.62,13200,0(0.00 %),14590,193889000,0,0,13500,13500,13200
2012-02-01,3.62,13200,0(0.00 %),11960,157810000,0,0,13000,13300,13000
2012-02-02,3.62,13200,0(0.00 %),38380,506882000,0,0,12900,13300,12900
2012-02-03,3.51,12800,-0.4(-3.03 %),6090,79619000,0,0,13200,13200,12800
2012-02-06,3.56,13000,0.2(1.56 %),88450,1126081000,0,0,13000,13000,12600
2012-02-07,3.54,12900,-0.1(-0.77 %),6310,81399000,0,0,12900,12900,12900
2012-02-08,3.62,13200,0.3(2.33 %),23400,305257000,0,0,13000,13200,12900
2012-02-09,3.78,13800,0.6(4.55 %),70380,951994000,0,0,13200,13800,13200
2012-02-10,3.7,13500,-0.3(-2.17 %),20520,281990000,0,0,14000,14100,13500
2012-02-13,3.67,13400,-0.1(-0.74 %),11760,153712000,0,0,13200,13400,13000
2012-02-14,3.62,13200,-0.2(-1.49 %),30680,406705000,0,0,13000,13400,13000
2012-02-15,3.56,13000,-0.2(-1.52 %),11300,147020000,0,0,13100,13100,13000
2012-02-16,3.56,13000,0(0.00 %),6210,80690000,0,0,13000,13100,12900
2012-02-17,3.59,13100,0.1(0.77 %),9550,124591000,0,0,13000,13200,13000
2012-02-20,3.65,13300,0.2(1.53 %),52960,699983000,0,0,13100,13400,13100
2012-02-21,3.59,13100,-0.2(-1.50 %),22520,295864000,0,0,13400,13400,13000
2012-02-22,3.62,13200,0.1(0.76 %),32270,420363000,0,0,13000,13300,12800
2012-02-23,3.67,13400,0.2(1.52 %),19880,267204000,0,0,13400,13700,13200
2012-02-24,3.65,13300,-0.1(-0.75 %),135340,1807477000,0,0,13700,13700,13200
2012-02-27,3.76,13700,0.4(3.01 %),49650,668593000,0,0,13400,13800,13300
2012-02-28,3.65,13300,-0.4(-2.92 %),38730,523271000,0,0,13800,13800,13200
2012-02-29,3.65,13300,0(0.00 %),76920,1016283000,0,0,13000,13400,13000
2012-03-01,3.56,13000,-0.3(-2.26 %),74950,980227000,0,0,13500,13500,13000
2012-03-02,3.62,13200,0.2(1.54 %),61490,804899000,0,0,13300,13300,13000
2012-03-05,3.78,13800,0.6(4.55 %),56800,783840000,0,0,13800,13800,13800
2012-03-06,3.67,13400,-0.4(-2.90 %),94380,1290246000,0,0,14000,14000,13300
2012-03-07,3.65,13300,-0.1(-0.75 %),55330,739832000,0,0,13500,13500,13200
2012-03-08,3.56,13000,-0.3(-2.26 %),55770,735536000,0,0,13200,13400,12900
2012-03-09,3.62,13200,0.2(1.54 %),50250,655794000,0,0,13000,13500,12900
2012-03-12,3.56,13000,-0.2(-1.52 %),48180,630269000,0,0,13200,13200,13000
2012-03-13,3.62,13200,0.2(1.54 %),20890,273597000,0,0,13100,13200,12800
2012-03-14,3.54,12900,-0.3(-2.27 %),27240,353946000,0,0,13300,13300,12900
2012-03-15,3.59,13100,0.2(1.55 %),27710,364488000,0,0,12700,13300,12700
2012-03-16,3.56,13000,-0.1(-0.76 %),48490,634584000,0,0,13400,13400,13000
2012-03-19,3.48,12700,-0.3(-2.31 %),29620,380622000,0,0,13000,13100,12700
2012-03-20,3.56,13000,0.3(2.36 %),32110,416105000,0,0,13000,13100,12800
2012-03-21,3.59,13100,0.1(0.77 %),45260,593727000,0,0,13200,13300,13000
2012-03-22,3.56,13000,-0.1(-0.76 %),89730,1155135000,0,0,12800,13100,12700
2012-03-23,3.56,13000,0(0.00 %),56370,732085000,0,0,13000,13100,12800
2012-03-26,3.73,13600,0.6(4.62 %),311380,4167983000,0,0,13000,13600,12800
2012-03-27,3.62,13200,-0.4(-2.94 %),110540,1523794000,0,0,13800,14200,13200
2012-03-28,3.67,13400,0.2(1.52 %),55380,731004000,0,0,13100,13400,13000
2012-03-29,3.59,13100,-0.3(-2.24 %),25000,329527000,0,0,13200,13400,13100
2012-03-30,3.48,12700,-0.4(-3.05 %),39200,504203000,0,0,13100,13100,12700
2012-04-03,3.54,12900,0.2(1.57 %),45480,584164000,0,0,12800,13000,12700
2012-04-04,3.43,12500,-0.4(-3.10 %),82950,1048522000,0,0,12800,12800,12500
2012-04-05,3.51,12800,0.3(2.40 %),28910,358791000,0,0,12500,12800,12100
2012-04-06,3.51,12800,0(0.00 %),68540,877311000,0,0,12700,13000,12600
2012-04-09,3.51,12800,0(0.00 %),33090,423650000,0,0,12800,13000,12700
2012-04-10,3.51,12800,0(0.00 %),67250,855848000,0,0,12800,12900,12500
2012-04-11,3.54,12900,0.1(0.78 %),48490,628601000,0,0,13000,13100,12900
2012-04-12,3.56,13000,0.1(0.78 %),98700,1285100000,0,0,13200,13300,12900
2012-04-13,3.51,12800,-0.2(-1.54 %),26550,341551000,0,0,13000,13000,12800
2012-04-16,3.67,13400,0.6(4.69 %),86810,1143582000,0,0,12800,13400,12800
2012-04-17,3.62,13200,-0.2(-1.49 %),61330,816550000,0,0,13300,13500,13100
2012-04-18,3.65,13300,0.1(0.76 %),126880,1667627000,0,0,13200,13500,12900
2012-04-19,3.51,12800,-0.5(-3.76 %),96230,1246508000,0,0,13200,13200,12800
2012-04-20,3.51,12800,0(0.00 %),66350,847362000,0,0,12800,13000,12600
2012-04-23,3.51,12800,0(0.00 %),44290,568220000,0,0,12900,13000,12700
2012-04-24,3.51,12800,0(0.00 %),52250,665358000,0,0,12700,12900,12600
2012-04-25,3.67,13400,0.6(4.69 %),277590,3679977000,0,0,12900,13400,12900
2012-04-26,3.84,14000,0.6(4.48 %),309960,4338510000,0,0,14000,14000,13800
2012-04-27,3.81,13900,-0.1(-0.71 %),248380,3381540000,0,0,13400,14100,13300
2012-05-02,3.78,13800,-0.1(-0.72 %),86060,1179950000,0,0,13700,13900,13300
2012-05-03,3.62,13200,-0.6(-4.35 %),151940,2011678000,0,0,13200,13600,13200
2012-05-04,3.62,13200,0(0.00 %),174940,2287597000,0,0,13100,13300,12800
2012-05-07,3.78,13800,0.6(4.55 %),141860,1951799000,0,0,13400,13800,13400
2012-05-08,3.95,14400,0.6(4.35 %),287400,4136635000,0,0,14400,14400,14100
2012-05-09,3.95,14400,0(0.00 %),216020,3100587000,0,0,14500,14600,14000
2012-05-10,4.14,15100,0.7(4.86 %),435460,6488077000,0,0,14400,15100,14300
2012-05-11,4.33,15800,0.7(4.64 %),364760,5754331000,0,0,15800,15800,15600
2012-05-14,4.14,15100,-0.7(-4.43 %),57200,864991000,0,0,15100,15800,15100
2012-05-15,3.95,14400,-0.7(-4.64 %),37920,546228000,68910,1033650000,14400,14600,14400
2012-05-16,3.76,13700,-0.7(-4.86 %),94900,1305275000,0,0,13800,14000,13700
2012-05-17,3.59,13100,-0.6(-4.38 %),218510,2888891000,0,0,13300,13700,13100
2012-05-18,3.43,12500,-0.6(-4.58 %),208470,2613157000,0,0,12700,12800,12500
2012-05-21,3.59,13100,0.6(4.80 %),42310,547856000,0,0,12100,13100,12100
2012-05-22,3.59,13100,0(0.00 %),21870,285439000,0,0,12900,13400,12800
2012-05-23,3.43,12500,-0.6(-4.58 %),78760,985762000,0,0,12600,12700,12500
2012-05-24,3.26,11900,-0.6(-4.80 %),110520,1319014000,0,0,12400,12400,11900
2012-05-25,3.29,12000,0.1(0.84 %),69930,854002000,0,0,12400,12400,12000
2012-05-28,3.24,11800,-0.2(-1.67 %),44010,527108000,0,0,12300,12500,11800
2012-05-29,3.29,12000,0.2(1.69 %),10380,121937000,0,0,11700,12000,11600
2012-05-30,3.26,11900,-0.1(-0.83 %),5070,60847000,0,0,12200,12200,11900
2012-05-31,3.13,11400,-0.5(-4.20 %),85170,971908000,0,0,11700,11800,11400
2012-06-01,3.02,11000,-0.4(-3.51 %),54700,609086000,0,0,11200,11400,11000
2012-06-04,2.88,10500,-0.5(-4.55 %),49220,517571000,0,0,10700,10700,10500
2012-06-05,2.96,10800,0.3(2.86 %),59730,612364000,0,0,10300,10800,10000
2012-06-06,2.96,10800,0(0.00 %),23160,245816000,0,0,10500,10800,10500
2012-06-07,3.02,11000,0.2(1.85 %),37390,414282000,0,0,10800,11300,10800
2012-06-08,2.96,10800,-0.2(-1.82 %),44750,490433000,0,0,11200,11200,10800
2012-06-11,2.96,10800,0(0.00 %),84280,887195000,0,0,10600,11000,10400
2012-06-12,2.88,10500,-0.3(-2.78 %),49050,519138000,0,0,10800,10800,10500
2012-06-13,2.85,10400,-0.1(-0.95 %),40500,421783000,0,0,10300,10600,10300
2012-06-14,2.99,10900,0.5(4.81 %),55920,601285000,0,0,10400,10900,10300
2012-06-15,3.07,11200,0.3(2.75 %),31490,351151000,0,0,11000,11300,10900
2012-06-18,3.04,11100,-0.1(-0.89 %),21200,234745000,0,0,11500,11500,10900
2012-06-19,2.99,10900,-0.2(-1.80 %),13260,143634000,0,0,11100,11100,10600
2012-06-20,2.91,10600,-0.3(-2.75 %),14010,148561000,0,0,10800,10800,10500
2012-06-21,2.82,10300,-0.3(-2.83 %),29580,305627000,0,0,10500,10500,10300
2012-06-22,2.82,10300,0(0.00 %),44350,454942000,0,0,10300,10300,10200
2012-06-25,2.82,10300,0(0.00 %),25390,259145000,0,0,10300,10300,10100
2012-06-26,2.69,9800,-0.5(-4.85 %),111310,1111798000,0,0,10200,10300,9800
2012-06-27,2.58,9400,-0.4(-4.08 %),95410,910861000,0,0,10200,10200,9400
2012-06-28,2.66,9700,0.3(3.19 %),8930,85191000,0,0,9700,9800,9400
2012-06-29,2.6,9500,-0.2(-2.06 %),4510,43149000,0,0,9800,9800,9500
2012-07-02,2.5,9100,-0.4(-4.21 %),15670,144604000,0,0,9500,9500,9100
2012-07-03,2.39,8700,-0.4(-4.40 %),54630,479359000,0,0,8900,9000,8700
2012-07-04,2.28,8300,-0.4(-4.60 %),55740,463041000,0,0,8700,8700,8300
2012-07-05,2.28,8300,0(0.00 %),33800,275510000,0,0,8000,8300,8000
2012-07-06,2.36,8600,0.3(3.61 %),15680,136086000,0,0,8700,8700,8600
2012-07-09,2.33,8500,-0.1(-1.16 %),45010,381276000,0,0,8900,8900,8300
2012-07-10,2.3,8400,-0.1(-1.18 %),3020,25000000,0,0,8600,8600,8400
2012-07-11,2.33,8500,0.1(1.19 %),11730,98033000,0,0,8400,8500,8300
2012-07-12,2.39,8700,0.2(2.35 %),12480,106286000,0,0,8500,8700,8500
2012-07-13,2.5,9100,0.4(4.60 %),62680,558690000,0,0,8700,9100,8700
2012-07-16,2.41,8800,-0.3(-3.30 %),19140,170379000,0,0,9100,9200,8800
2012-07-17,2.52,9200,0.4(4.55 %),12530,114152000,0,0,8800,9200,8800
2012-07-18,2.55,9300,0.1(1.09 %),5660,50843000,0,0,9400,9400,8900
2012-07-19,2.6,9500,0.2(2.15 %),17620,165408000,0,0,9300,9500,9300
2012-07-20,2.55,9300,-0.2(-2.11 %),24090,225765000,0,0,9400,9700,9200
2012-07-23,2.44,8900,-0.4(-4.30 %),30260,271169000,0,0,9100,9100,8900
2012-07-24,2.33,8500,-0.4(-4.49 %),6350,53975000,0,0,8500,8500,8500
2012-07-25,2.22,8100,-0.4(-4.71 %),9760,79056000,0,0,8100,8100,8100
2012-07-26,2.14,7800,-0.3(-3.70 %),100100,774787000,0,0,7700,8200,7700
2012-07-27,2.14,7800,0(0.00 %),15510,121766000,0,0,8000,8000,7700
2012-07-30,2.14,7800,0(0.00 %),5540,43220000,0,0,7800,8000,7800
2012-07-31,2.19,8000,0.2(2.56 %),30,238000,0,0,7900,8000,7900
2012-08-01,2.11,7700,-0.3(-3.75 %),19100,148207000,0,0,7800,7800,7700
2012-08-02,2.11,7700,0(0.00 %),460,3542000,0,0,7700,7700,7700
2012-08-03,2.11,7700,0(0.00 %),760,5817000,0,0,7500,7800,7500
2012-08-06,2.14,7800,0.1(1.30 %),23850,185180000,0,0,7600,7900,7600
2012-08-07,2.14,7800,0(0.00 %),1500,11705000,0,0,7900,7900,7800
2012-08-08,2.17,7900,0.1(1.28 %),100,790000,0,0,7900,7900,7900
2012-08-09,2.19,8000,0.1(1.27 %),5900,46620000,0,0,8000,8000,7900
2012-08-10,2.14,7800,-0.2(-2.50 %),3100,24390000,0,0,8000,8000,7800
2012-08-13,2.11,7700,-0.1(-1.28 %),1650,12844000,0,0,8000,8000,7700
2012-08-14,2.19,8000,0.3(3.90 %),2500,19732000,0,0,7500,8000,7500
2012-08-15,2.14,7800,-0.2(-2.50 %),8380,64610000,0,0,8100,8100,7600
2012-08-16,2.08,7600,-0.2(-2.56 %),29050,220073000,0,0,7900,7900,7500
2012-08-17,2.11,7700,0.1(1.32 %),13360,101279000,0,0,7600,7700,7400
2012-08-20,2.11,7700,0(0.00 %),3550,27040000,0,0,7500,7800,7500
2012-08-21,2.03,7400,-0.3(-3.90 %),99590,740779000,0,0,7500,7500,7400
2012-08-22,1.95,7100,-0.3(-4.05 %),49280,351736000,0,0,7200,7200,7100
2012-08-23,1.86,6800,-0.3(-4.23 %),32460,220728000,0,0,6800,6800,6800
2012-08-24,1.95,7100,0.3(4.41 %),29850,200845000,0,0,6500,7100,6500
2012-08-27,1.86,6800,-0.3(-4.23 %),16930,115124000,0,0,6800,6800,6800
2012-08-28,1.86,6800,0(0.00 %),20020,131739000,0,0,6600,6800,6500
2012-08-29,1.89,6900,0.1(1.47 %),7960,54228000,0,0,6800,6900,6800
2012-08-30,1.81,6600,-0.3(-4.35 %),18800,125410000,0,0,6600,6800,6600
2012-08-31,1.81,6600,0(0.00 %),2070,13463000,0,0,6900,6900,6400
2012-09-04,1.81,6600,0(0.00 %),30870,200542000,0,0,6500,6600,6400
2012-09-05,1.84,6700,0.1(1.52 %),6620,42727000,0,0,6700,6700,6400
2012-09-06,1.84,6700,0(0.00 %),220,1470000,0,0,6600,6700,6600
2012-09-07,1.81,6600,-0.1(-1.49 %),9080,59109000,0,0,6600,6700,6500
2012-09-10,1.73,6300,-0.3(-4.55 %),35050,220988000,0,0,6400,6400,6300
2012-09-11,1.65,6000,-0.3(-4.76 %),6000,36280000,0,0,6000,6300,6000
2012-09-12,1.67,6100,0.1(1.67 %),2300,13879000,0,0,6100,6100,6000
2012-09-13,1.62,5900,-0.2(-3.28 %),7460,44602000,0,0,6000,6100,5900
2012-09-14,1.67,6100,0.2(3.39 %),12050,73440000,0,0,6000,6100,6000
2012-09-17,1.7,6200,0.1(1.64 %),5040,31249000,0,0,6200,6300,6200
2012-09-18,1.62,5900,-0.3(-4.84 %),17630,105413000,0,0,6200,6200,5900
2012-09-19,1.59,5800,-0.1(-1.69 %),30750,180926000,0,0,6000,6000,5800
2012-09-20,1.54,5600,-0.2(-3.45 %),28150,158262000,0,0,5700,5700,5600
2012-09-21,1.56,5700,0.1(1.79 %),7600,43166000,0,0,5700,5700,5600
2012-09-24,1.54,5600,-0.1(-1.75 %),6500,36400000,0,0,5600,5600,5600
2012-09-25,1.48,5400,-0.2(-3.57 %),550,3019000,0,0,5600,5600,5400
2012-09-26,1.51,5500,0.1(1.85 %),10830,59565000,0,0,5500,5500,5500
2012-09-27,1.51,5500,0(0.00 %),6880,37044000,0,0,5400,5500,5300
2012-09-28,1.56,5700,0.2(3.64 %),52410,291639000,0,0,5600,5700,5500
2012-10-01,1.54,5600,-0.1(-1.75 %),24110,133203000,0,0,5500,5600,5500
2012-10-02,1.56,5700,0.1(1.79 %),6600,36820000,0,0,5500,5700,5500
2012-10-03,1.62,5900,0.2(3.51 %),26130,153247000,0,0,5700,5900,5700
2012-10-04,1.56,5700,-0.2(-3.39 %),2810,16199000,0,0,5900,5900,5700
2012-10-05,1.56,5700,0(0.00 %),860,4900000,0,0,5900,5900,5500
2012-10-08,1.56,5700,0(0.00 %),15320,87324000,0,0,5700,5700,5700
2012-10-09,1.59,5800,0.1(1.75 %),11140,64002000,0,0,5700,5800,5700
2012-10-10,1.59,5800,0(0.00 %),15700,91061000,0,0,5800,5900,5800
2012-10-11,1.62,5900,0.1(1.72 %),17220,102299000,0,0,5900,6000,5900
2012-10-12,1.62,5900,0(0.00 %),21490,128692000,0,0,6000,6100,5900
2012-10-15,1.62,5900,0(0.00 %),8010,47694000,0,0,6000,6000,5900
2012-10-16,1.67,6100,0.2(3.39 %),3570,21477000,0,0,6100,6100,5800
2012-10-17,1.67,6100,0(0.00 %),11500,69270000,0,0,6100,6200,6000
2012-10-18,1.67,6100,0(0.00 %),90,549000,0,0,6100,6100,6100
2012-10-19,1.59,5800,-0.3(-4.92 %),14600,85604000,0,0,6000,6000,5800
2012-10-22,1.59,5800,0(0.00 %),1240,7070000,0,0,5700,5800,5700
2012-10-23,1.59,5800,0(0.00 %),6390,36473000,0,0,5700,5800,5700
2012-10-24,1.56,5700,-0.1(-1.72 %),9860,56812000,0,0,5800,5800,5700
2012-10-25,1.56,5700,0(0.00 %),20070,112452000,0,0,5700,5700,5600
2012-10-26,1.51,5500,-0.2(-3.51 %),32800,181050000,0,0,5600,5600,5500
2012-10-29,1.54,5600,0.1(1.82 %),20,112000,0,0,5600,5600,5600
2012-10-30,1.48,5400,-0.2(-3.57 %),1030,5571000,0,0,5700,5700,5400
2012-10-31,1.51,5500,0.1(1.85 %),3390,17971000,0,0,5300,5500,5300
2012-11-01,1.51,5500,0(0.00 %),4460,24330000,0,0,5400,5500,5400
2012-11-02,1.45,5300,-0.2(-3.64 %),26820,142806000,0,0,5300,5400,5300
2012-11-05,1.48,5400,0.1(1.89 %),10,54000,0,0,5400,5400,5400
2012-11-06,1.51,5500,0.1(1.85 %),10,55000,0,0,5500,5500,5500
2012-11-07,1.54,5600,0.1(1.82 %),8110,43216000,0,0,5600,5600,5300
2012-11-08,1.48,5400,-0.2(-3.57 %),11010,59454000,0,0,5400,5400,5400
2012-11-09,1.43,5200,-0.2(-3.70 %),3260,17039000,0,0,5200,5400,5200
2012-11-12,1.45,5300,0.1(1.92 %),720,3818000,0,0,5400,5400,5300
2012-11-13,1.43,5200,-0.1(-1.89 %),8060,43456000,0,0,5400,5500,5200
2012-11-14,1.48,5400,0.2(3.85 %),7010,37204000,0,0,5400,5400,5300
2012-11-15,1.48,5400,0(0.00 %),5500,29650000,0,0,5400,5400,5300
2012-11-16,1.48,5400,0(0.00 %),9000,47241000,0,0,5400,5400,5200
2012-11-19,1.48,5400,0(0.00 %),8760,46548000,0,0,5400,5400,5300
2012-11-20,1.48,5400,0(0.00 %),3110,16494000,0,0,5300,5400,5300
2012-11-21,1.45,5300,-0.1(-1.85 %),6810,36195000,0,0,5300,5400,5300
2012-11-22,1.48,5400,0.1(1.89 %),5350,28890000,0,0,5400,5400,5400
2012-11-23,1.48,5400,0(0.00 %),4120,22249000,0,0,5500,5500,5400
2012-11-26,1.51,5500,0.1(1.85 %),1410,7615000,0,0,5400,5500,5400
2012-11-27,1.54,5600,0.1(1.82 %),3070,16724000,0,0,5400,5600,5400
2012-11-28,1.54,5600,0(0.00 %),30,168000,0,0,5600,5600,5600
2012-11-29,1.51,5500,-0.1(-1.79 %),90,496000,0,0,5600,5600,5500
2012-11-30,1.51,5500,0(0.00 %),1710,9258000,0,0,5600,5600,5400
2012-12-03,1.48,5400,-0.1(-1.82 %),4400,23931000,0,0,5400,5500,5400
2012-12-04,1.48,5400,0(0.00 %),3470,18738000,0,0,5400,5400,5400
2012-12-05,1.51,5500,0.1(1.85 %),7590,41745000,0,0,5500,5500,5500
2012-12-06,1.56,5700,0.2(3.64 %),9820,54986000,0,0,5600,5700,5500
2012-12-07,1.59,5800,0.1(1.75 %),7050,39753000,0,0,5600,5800,5600
2012-12-10,1.62,5900,0.1(1.72 %),3060,17947000,0,0,5700,5900,5700
2012-12-11,1.65,6000,0.1(1.69 %),1920,11250000,0,0,6000,6000,5700
2012-12-12,1.7,6200,0.2(3.33 %),19520,117023000,0,0,5900,6200,5800
2012-12-13,1.7,6200,0(0.00 %),27470,170949000,0,0,6300,6300,6100
2012-12-14,1.7,6200,0(0.00 %),30020,183125000,0,0,6000,6300,6000
2012-12-17,1.65,6000,-0.2(-3.23 %),7030,42383000,0,0,6000,6200,6000
2012-12-18,1.67,6100,0.1(1.67 %),14060,84969000,0,0,6100,6200,6000
2012-12-19,1.75,6400,0.3(4.92 %),9310,58464000,0,0,5800,6400,5800
2012-12-20,1.73,6300,-0.1(-1.56 %),4720,29044000,0,0,6300,6300,6100
2012-12-21,1.73,6300,0(0.00 %),1220,7683000,0,0,6000,6300,6000
2012-12-24,1.73,6300,0(0.00 %),1100,6830000,0,0,6200,6300,6200
2012-12-25,1.67,6100,-0.2(-3.17 %),7090,43659000,0,0,6200,6300,6100
2012-12-26,1.67,6100,0(0.00 %),11800,72030000,0,0,6100,6200,6100
2012-12-27,1.75,6400,0.3(4.92 %),21880,139332000,0,0,6200,6400,6200
2012-12-28,1.78,6500,0.1(1.56 %),18760,121603000,0,0,6300,6600,6300
2013-01-02,1.86,6800,0.3(4.62 %),4190,28020000,0,0,6200,6800,6200
2013-01-03,1.84,6700,-0.1(-1.47 %),30370,200625000,0,0,6900,6900,6600
2013-01-04,1.84,6700,0(0.00 %),11990,80332000,0,0,6600,6700,6600
2013-01-07,1.86,6800,0.1(1.49 %),15860,105926000,0,0,6600,6800,6600
2013-01-08,1.84,6700,-0.1(-1.47 %),9990,65433000,0,0,6600,6700,6500
2013-01-09,1.81,6600,-0.1(-1.49 %),16130,105959000,0,0,6700,6700,6400
2013-01-10,1.75,6400,-0.2(-3.03 %),15780,101171000,0,0,6400,6600,6400
2013-01-11,1.7,6200,-0.2(-3.12 %),28520,180198000,0,0,6400,6400,6200
2013-01-14,1.67,6100,-0.1(-1.61 %),10570,64248000,0,0,6300,6300,6000
2013-01-15,1.73,6300,0.2(3.28 %),10230,62650000,0,0,6400,6400,6100
2013-01-16,1.78,6500,0.2(3.17 %),12630,81956000,0,0,6300,6600,6300
2013-01-17,1.81,6600,0.1(1.54 %),3540,22670000,0,0,6900,6900,6400
2013-01-18,1.78,6500,-0.1(-1.52 %),2720,17421000,0,0,6500,6600,6400
2013-01-21,1.67,6100,-0.4(-6.15 %),47380,296700000,0,0,6300,6400,6100
2013-01-22,1.56,5700,-0.4(-6.56 %),8360,48254000,0,0,5900,6100,5700
2013-01-23,1.62,5900,0.2(3.51 %),2680,15505000,0,0,5900,5900,5600
2013-01-24,1.59,5800,-0.1(-1.69 %),900,5279000,0,0,5700,5900,5700
2013-01-25,1.56,5700,-0.1(-1.72 %),2820,15913000,0,0,6000,6000,5600
2013-01-28,1.59,5800,0.1(1.75 %),12590,73072000,0,0,5800,5900,5800
2013-01-29,1.59,5800,0(0.00 %),3120,18152000,0,0,5800,5900,5800
2013-01-30,1.59,5800,0(0.00 %),16700,97788000,0,0,5700,6000,5700
2013-01-31,1.65,6000,0.2(3.45 %),12050,69822000,0,0,5900,6000,5600
2013-02-01,1.65,6000,0(0.00 %),6590,39300000,0,0,6000,6000,5900
2013-02-04,1.65,6000,0(0.00 %),860,5162000,0,0,6100,6100,6000
2013-02-05,1.62,5900,-0.1(-1.67 %),3230,19059000,0,0,6000,6000,5900
2013-02-06,1.59,5800,-0.1(-1.69 %),930,5460000,0,0,6000,6000,5800
2013-02-07,1.59,5800,0(0.00 %),7700,44666000,0,0,5900,5900,5800
2013-02-08,1.62,5900,0.1(1.72 %),6600,38880000,0,0,5900,5900,5800
2013-02-18,1.59,5800,-0.1(-1.69 %),22100,127680000,0,0,5800,5800,5700
2013-02-19,1.65,6000,0.2(3.45 %),38480,223646000,0,0,5800,6000,5800
2013-02-20,1.65,6000,0(0.00 %),5230,31030000,0,0,6000,6000,5900
2013-02-21,1.59,5800,-0.2(-3.33 %),15680,93364000,0,0,6000,6000,5800
2013-02-22,1.59,5800,0(0.00 %),1850,10612000,0,0,5800,6000,5700
2013-02-25,1.65,6000,0.2(3.45 %),14740,86670000,0,0,5900,6000,5800
2013-02-26,1.54,5600,-0.4(-6.67 %),35970,201505000,0,0,5700,5800,5600
2013-02-27,1.48,5400,-0.2(-3.57 %),8600,46345000,0,0,5300,5500,5300
2013-02-28,1.54,5600,0.2(3.70 %),1010,5456000,0,0,5400,5600,5400
2013-03-01,1.48,5400,-0.2(-3.57 %),10350,55930000,0,0,5400,5500,5400
2013-03-04,1.4,5100,-0.3(-5.56 %),27370,140270000,0,0,5300,5300,5100
2013-03-05,1.43,5200,0.1(1.96 %),560,2857000,0,0,5100,5200,5100
2013-03-06,1.45,5300,0.1(1.92 %),960,5095000,0,0,5400,5400,5200
2013-03-07,1.43,5200,-0.1(-1.89 %),1190,6255000,0,0,5400,5400,5200
2013-03-08,1.45,5300,0.1(1.92 %),8170,43201000,0,0,5300,5300,5200
2013-03-11,1.45,5300,0(0.00 %),8320,43187000,0,0,5300,5400,5000
2013-03-12,1.48,5400,0.1(1.89 %),110,584000,0,0,5300,5400,5300
2013-03-13,1.51,5500,0.1(1.85 %),10350,54048000,0,0,5500,5500,5200
2013-03-14,1.48,5400,-0.1(-1.82 %),19770,108123000,0,0,5500,5500,5400
2013-03-15,1.51,5500,0.1(1.85 %),11470,63099000,0,0,5500,5700,5300
2013-03-18,1.59,5800,0.3(5.45 %),11900,68869000,0,0,5700,5800,5600
2013-03-19,1.7,6200,0.4(6.90 %),46680,281860000,0,0,5900,6200,5800
2013-03-20,1.7,6200,0(0.00 %),3910,23643000,0,0,6000,6300,6000
2013-03-21,1.67,6100,-0.1(-1.61 %),9210,55369000,0,0,6300,6300,6000
2013-03-22,1.62,5900,-0.2(-3.28 %),11660,67333000,0,0,6000,6000,5700
2013-03-25,1.59,5800,-0.1(-1.69 %),310,1708000,0,0,5500,5800,5500
2013-03-26,1.54,5600,-0.2(-3.45 %),8050,44389000,0,0,5600,5900,5500
2013-03-27,1.59,5800,0.2(3.57 %),6640,38421000,0,0,5700,5900,5700
2013-03-28,1.59,5800,0(0.00 %),3690,21592000,0,0,5800,5900,5800
2013-03-29,1.59,5800,0(0.00 %),5810,33697000,0,0,5800,5900,5700
2013-04-01,1.67,6100,0.3(5.17 %),10,61000,0,0,6100,6100,6100
2013-04-02,1.59,5800,-0.3(-4.92 %),6910,40088000,0,0,6500,6500,5800
2013-04-03,1.54,5600,-0.2(-3.45 %),1940,11048000,0,0,5600,5800,5600
2013-04-04,1.54,5600,0(0.00 %),44340,240397000,0,0,5900,5900,5300
2013-04-05,1.62,5900,0.3(5.36 %),13000,74900000,0,0,5700,5900,5600
2013-04-08,1.62,5900,0(0.00 %),900,5310000,0,0,5900,5900,5900
2013-04-09,1.59,5800,-0.1(-1.69 %),11110,65348000,0,0,5900,5900,5800
2013-04-10,1.56,5700,-0.1(-1.72 %),22520,130095000,0,0,5800,5900,5700
2013-04-11,1.59,5800,0.1(1.75 %),80,465000,0,0,5900,5900,5800
2013-04-12,1.48,5400,-0.4(-6.90 %),77610,420836000,0,0,5600,5600,5400
2013-04-15,1.43,5200,-0.2(-3.70 %),12490,64948000,0,0,5200,5200,5200
2013-04-16,1.51,5500,0.3(5.77 %),10,55000,0,0,5500,5500,5500
2013-04-17,1.45,5300,-0.2(-3.64 %),11050,58780000,0,0,5600,5600,5300
2013-04-18,1.48,5400,0.1(1.89 %),5630,28219000,0,0,5100,5400,5000
2013-04-22,1.43,5200,-0.2(-3.70 %),640,3353000,0,0,5300,5400,5200
2013-04-23,1.45,5300,0.1(1.92 %),110,583000,0,0,5300,5300,5300
2013-04-24,1.43,5200,-0.1(-1.89 %),6130,31889000,0,0,5300,5300,5200
2013-04-25,1.37,5000,-0.2(-3.85 %),1510,7553000,0,0,5300,5300,5000
2013-04-26,1.43,5200,0.2(4.00 %),40,208000,0,0,5200,5200,5200
2013-05-02,1.43,5200,0(0.00 %),30,155000,0,0,5100,5200,5100
2013-05-03,1.43,5200,0(0.00 %),2230,11596000,80000,392000000,5200,5200,5200
2013-05-06,1.48,5400,0.2(3.85 %),1140,6157000,0,0,5300,5500,5300
2013-05-07,1.48,5400,0(0.00 %),130,692000,0,0,5500,5500,5300
2013-05-08,1.48,5400,0(0.00 %),11820,62648000,0,0,5300,5400,5300
2013-05-09,1.48,5400,0(0.00 %),1340,7236000,0,0,5400,5400,5400
2013-05-10,1.43,5200,-0.2(-3.70 %),4600,24022000,0,0,5300,5300,5200
2013-05-13,1.43,5200,0(0.00 %),8030,41084000,0,0,5100,5200,5100
2013-05-14,1.43,5200,0(0.00 %),30,156000,0,0,5200,5200,5200
2013-05-15,1.4,5100,-0.1(-1.92 %),21940,108287000,0,0,5000,5100,4900
2013-05-16,1.43,5200,0.1(1.96 %),4120,21424000,0,0,5200,5200,5200
2013-05-17,1.43,5200,0(0.00 %),22030,108106000,0,0,5100,5200,4900
2013-05-20,1.37,5000,-0.2(-3.85 %),2010,10052000,0,0,5200,5200,5000
2013-05-21,1.43,5200,0.2(4.00 %),7900,39559000,0,0,5000,5200,5000
2013-05-22,1.43,5200,0(0.00 %),15330,79716000,0,0,5200,5200,5200
2013-05-23,1.43,5200,0(0.00 %),4450,23510000,0,0,5200,5400,5200
2013-05-24,1.48,5400,0.2(3.85 %),10,54000,0,0,5400,5400,5400
2013-05-27,1.43,5200,-0.2(-3.70 %),22310,117081000,0,0,5400,5500,5200
2013-05-28,1.51,5500,0.3(5.77 %),74860,409940000,0,0,5400,5500,5300
2013-05-29,1.59,5800,0.3(5.45 %),29880,173084000,0,0,5800,5800,5600
2013-05-30,1.67,6100,0.3(5.17 %),120,723000,0,0,5800,6100,5800
2013-05-31,1.56,5700,-0.4(-6.56 %),14340,81839000,0,0,5800,5800,5700
2013-06-03,1.48,5400,-0.3(-5.26 %),14340,77766000,0,0,5400,5500,5400
2013-06-04,1.43,5200,-0.2(-3.70 %),42600,222040000,0,0,5200,5500,5200
2013-06-05,1.4,5100,-0.1(-1.92 %),20890,107014000,0,0,5100,5500,5100
2013-06-06,1.43,5200,0.1(1.96 %),170,889000,0,0,5400,5400,5100
2013-06-07,1.43,5200,0(0.00 %),23520,122310000,0,0,5200,5400,5200
2013-06-10,1.43,5200,0(0.00 %),26450,141533000,0,0,5200,5500,5100
2013-06-11,1.51,5500,0.3(5.77 %),43130,235311000,0,0,5200,5500,5200
2013-06-12,1.51,5500,0(0.00 %),16150,89351000,0,0,5700,5700,5400
2013-06-13,1.48,5400,-0.1(-1.82 %),3070,16889000,0,0,5700,5700,5400
2013-06-14,1.51,5500,0.1(1.85 %),8150,43156000,0,0,5400,5500,5200
2013-06-17,1.45,5300,-0.2(-3.64 %),8670,46701000,0,0,5400,5500,5300
2013-06-18,1.54,5600,0.3(5.66 %),52450,292296000,0,0,5400,5600,5400
2013-06-19,1.56,5700,0.1(1.79 %),19030,111585000,0,0,5500,5900,5500
2013-06-20,1.54,5600,-0.1(-1.75 %),150,843000,0,0,5800,5800,5500
2013-06-21,1.54,5600,0(0.00 %),1300,7291000,0,0,5700,5800,5600
2013-06-24,1.51,5500,-0.1(-1.79 %),4850,26691000,0,0,5800,5800,5500
2013-06-25,1.43,5200,-0.3(-5.45 %),7890,42016000,0,0,5600,5600,5200
2013-06-26,1.51,5500,0.3(5.77 %),2140,11357000,0,0,5400,5500,5300
2013-06-27,1.51,5500,0(0.00 %),810,4615000,0,0,5700,5700,5500
2013-06-28,1.51,5500,0(0.00 %),1030,5765000,0,0,5600,5600,5500
2013-07-01,1.51,5500,0(0.00 %),1570,8496000,0,0,5500,5600,5300
2013-07-02,1.54,5600,0.1(1.82 %),5620,31442000,0,0,5400,5700,5400
2013-07-03,1.54,5600,0(0.00 %),1130,6293000,0,0,5600,5600,5500
2013-07-04,1.54,5600,0(0.00 %),4030,22162000,0,0,5400,5600,5400
2013-07-05,1.51,5500,-0.1(-1.79 %),2140,11771000,0,0,5600,5600,5400
2013-07-08,1.54,5600,0.1(1.82 %),14020,74409000,0,0,5300,5600,5300
2013-07-09,1.56,5700,0.1(1.79 %),10,57000,0,0,5700,5700,5700
2013-07-10,1.56,5700,0(0.00 %),64710,387254000,0,0,5600,6000,5600
2013-07-11,1.59,5800,0.1(1.75 %),20,116000,0,0,5800,5800,5800
2013-07-12,1.62,5900,0.1(1.72 %),2080,12066000,0,0,5800,5900,5800
2013-07-15,1.56,5700,-0.2(-3.39 %),5710,33599000,0,0,5900,6000,5700
2013-07-16,1.65,6000,0.3(5.26 %),33040,197224000,0,0,5700,6000,5700
2013-07-17,1.59,5800,-0.2(-3.33 %),20,120000,0,0,6200,6200,5800
2013-07-18,1.67,6100,0.3(5.17 %),30,183000,0,0,6100,6100,6100
2013-07-19,1.65,6000,-0.1(-1.64 %),610,3580000,0,0,5800,6000,5800
2013-07-22,1.67,6100,0.1(1.67 %),1520,8668000,0,0,5900,6100,5600
2013-07-23,1.67,6100,0(0.00 %),14330,87057000,0,0,6000,6200,6000
2013-07-24,1.62,5900,-0.2(-3.28 %),16750,95480000,0,0,5800,5900,5700
2013-07-25,1.56,5700,-0.2(-3.39 %),8500,47132000,0,0,5600,5700,5500
2013-07-26,1.59,5800,0.1(1.75 %),250,1425000,0,0,5700,5800,5600
2013-07-29,1.59,5800,0(0.00 %),9690,53326000,0,0,5500,5800,5500
2013-07-30,1.59,5800,0(0.00 %),0,0,0,0,5800,5800,5800
2013-07-31,1.51,5500,-0.3(-5.17 %),1120,6163000,0,0,5800,5800,5500
2013-08-01,1.59,5800,0.3(5.45 %),11780,68244000,0,0,5700,5800,5700
2013-08-02,1.59,5800,0(0.00 %),6040,35460000,0,0,6000,6000,5800
2013-08-05,1.62,5900,0.1(1.72 %),34580,209495000,0,0,5900,6200,5900
2013-08-06,1.73,6300,0.4(6.78 %),46000,289178000,0,0,6200,6300,6200
2013-08-07,1.84,6700,0.4(6.35 %),13670,91589000,0,0,6700,6700,6700
2013-08-08,1.95,7100,0.4(5.97 %),76340,542014000,0,0,7100,7100,7100
2013-08-09,1.97,7200,0.1(1.41 %),20640,148145000,0,0,7100,7300,7100
2013-08-12,1.89,6900,-0.3(-4.17 %),8760,61000000,0,0,7000,7000,6900
2013-08-13,1.84,6700,-0.2(-2.90 %),29270,199284000,0,0,6800,7000,6700
2013-08-14,1.84,6700,0(0.00 %),14520,94460000,0,0,6500,6700,6500
2013-08-15,1.84,6700,0(0.00 %),5470,36492000,0,0,6700,6700,6600
2013-08-16,1.84,6700,0(0.00 %),60,402000,0,0,6700,6700,6700
2013-08-19,1.78,6500,-0.2(-2.99 %),20760,138313000,0,0,6700,6700,6500
2013-08-20,1.73,6300,-0.2(-3.08 %),5610,35399000,0,0,6400,6500,6200
2013-08-21,1.75,6400,0.1(1.59 %),1020,6429000,0,0,6500,6500,6300
2013-08-22,1.73,6300,-0.1(-1.56 %),3390,21396000,0,0,6400,6500,6200
2013-08-23,1.73,6300,0(0.00 %),1000,6300000,0,0,6300,6300,6300
2013-08-26,1.7,6200,-0.1(-1.59 %),2120,13244000,0,0,6300,6300,6200
2013-08-27,1.7,6200,0(0.00 %),2190,13360000,0,0,6100,6200,6100
2013-08-28,1.59,5800,-0.4(-6.45 %),18590,108576000,0,0,5900,6000,5800
2013-08-29,1.65,6000,0.2(3.45 %),180,1012000,0,0,5600,6000,5600
2013-08-30,1.7,6200,0.2(3.33 %),120,724000,0,0,6000,6200,6000
2013-09-03,1.7,6200,0(0.00 %),1140,6868000,0,0,6000,6200,6000
2013-09-04,1.62,5900,-0.3(-4.84 %),1000,5900000,0,0,5900,5900,5900
2013-09-05,1.67,6100,0.2(3.39 %),2510,14811000,0,0,5900,6100,5900
2013-09-06,1.67,6100,0(0.00 %),180,1086000,0,0,6000,6100,5900
2013-09-09,1.59,5800,-0.3(-4.92 %),1000,5800000,0,0,5800,5800,5800
2013-09-10,1.62,5900,0.1(1.72 %),6870,39533000,0,0,5900,5900,5700
2013-09-11,1.54,5600,-0.3(-5.08 %),3140,17905000,0,0,5900,5900,5600
2013-09-12,1.62,5900,0.3(5.36 %),2450,13726000,0,0,5900,5900,5600
2013-09-13,1.62,5900,0(0.00 %),20,119000,0,0,6000,6000,5900
2013-09-16,1.65,6000,0.1(1.69 %),790,4511000,0,0,6200,6200,5700
2013-09-17,1.65,6000,0(0.00 %),0,0,0,0,6000,6000,6000
2013-09-18,1.59,5800,-0.2(-3.33 %),190,1092000,0,0,5700,5800,5700
2013-09-19,1.59,5800,0(0.00 %),6120,33087000,0,0,5600,5800,5400
2013-09-20,1.65,6000,0.2(3.45 %),980,5409000,0,0,5700,6000,5400
2013-09-23,1.67,6100,0.1(1.67 %),10,61000,0,0,6100,6100,6100
2013-09-24,1.67,6100,0(0.00 %),710,4153000,0,0,6000,6100,5800
2013-09-25,1.67,6100,0(0.00 %),3310,18931000,0,0,5700,6100,5700
2013-09-26,1.56,5700,-0.4(-6.56 %),9320,54160000,0,0,5700,6000,5700
2013-09-27,1.62,5900,0.2(3.51 %),10,59000,0,0,5900,5900,5900
2013-09-30,1.62,5900,0(0.00 %),110,648000,0,0,5800,5900,5800
2013-10-01,1.51,5500,-0.4(-6.78 %),9640,53808000,0,0,5900,5900,5500
2013-10-02,1.51,5500,0(0.00 %),1310,7468000,0,0,5700,5800,5500
2013-10-03,1.51,5500,0(0.00 %),5210,28807000,0,0,5600,5800,5500
2013-10-04,1.59,5800,0.3(5.45 %),5010,28558000,0,0,5700,5800,5700
2013-10-07,1.54,5600,-0.2(-3.45 %),670,3762000,0,0,5800,5800,5600
2013-10-08,1.54,5600,0(0.00 %),6800,38080000,0,0,5600,5600,5600
2013-10-09,1.56,5700,0.1(1.79 %),2610,14905000,0,0,5800,5800,5600
2013-10-10,1.54,5600,-0.1(-1.75 %),1500,8400000,0,0,5600,5600,5600
2013-10-11,1.59,5800,0.2(3.57 %),5010,28558000,0,0,5700,5800,5700
2013-10-14,1.54,5600,-0.2(-3.45 %),200,1120000,0,0,5600,5600,5600
2013-10-15,1.59,5800,0.2(3.57 %),16450,96146000,0,0,5800,5900,5800
2013-10-16,1.67,6100,0.3(5.17 %),18340,113064000,0,0,6100,6200,6100
2013-10-17,1.67,6100,0(0.00 %),2540,15240000,0,0,6000,6100,5900
2013-10-18,1.67,6100,0(0.00 %),5140,31353000,0,0,6100,6100,6000
2013-10-21,1.78,6500,0.4(6.56 %),11370,73905000,0,0,6500,6500,6500
2013-10-22,1.89,6900,0.4(6.15 %),24450,168705000,0,0,6900,6900,6900
2013-10-23,2.0,7300,0.4(5.80 %),94110,687003000,0,0,7300,7300,7300
2013-10-24,2.03,7400,0.1(1.37 %),179830,1303179000,0,0,6900,7600,6900
2013-10-25,2.08,7600,0.2(2.70 %),91480,681403000,0,0,7300,7700,7200
2013-10-28,2.0,7300,-0.3(-3.95 %),28400,211809000,0,0,7500,7600,7300
2013-10-29,2.14,7800,0.5(6.85 %),94480,721887000,0,0,7300,7800,7100
2013-10-30,2.0,7300,-0.5(-6.41 %),185580,1359784000,0,0,8300,8300,7300
2013-10-31,2.06,7500,0.2(2.74 %),28000,207511000,0,0,7600,7600,7300
2013-11-01,2.06,7500,0(0.00 %),28880,217476000,0,0,7700,7700,7500
2013-11-04,2.06,7500,0(0.00 %),80650,604886000,0,0,7500,7600,7500
2013-11-05,2.14,7800,0.3(4.00 %),90450,681270000,28000,210000000,7800,7800,7500
2013-11-06,2.08,7600,-0.2(-2.56 %),36690,279521000,0,0,7600,7800,7500
2013-11-07,2.11,7700,0.1(1.32 %),19700,150173000,0,0,7600,7700,7500
2013-11-08,2.14,7800,0.1(1.30 %),39070,300147000,0,0,7700,7800,7500
2013-11-11,2.11,7700,-0.1(-1.28 %),17610,133790000,0,0,7400,7800,7400
2013-11-12,2.14,7800,0.1(1.30 %),50920,392197000,0,0,7600,7800,7600
2013-11-13,2.11,7700,-0.1(-1.28 %),7320,56366000,0,0,7700,7800,7700
2013-11-14,2.17,7900,0.2(2.60 %),47190,363876000,0,0,7800,7900,7700
2013-11-15,2.19,8000,0.1(1.27 %),10800,83501000,0,0,7700,8000,7700
2013-11-18,2.19,8000,0(0.00 %),11940,95405000,0,0,7700,8100,7700
2013-11-19,2.19,8000,0(0.00 %),21770,170648000,0,0,8000,8100,7500
2013-11-20,2.22,8100,0.1(1.25 %),28060,224690000,0,0,8100,8100,8000
2013-11-21,2.19,8000,-0.1(-1.23 %),25620,205907000,0,0,7800,8300,7800
2013-11-22,2.22,8100,0.1(1.25 %),20170,161366000,0,0,8000,8100,8000
2013-11-25,2.22,8100,0(0.00 %),6850,55488000,0,0,8100,8400,8100
2013-11-26,2.36,8600,0.5(6.17 %),14550,120931000,0,0,8100,8600,8100
2013-11-27,2.41,8800,0.2(2.33 %),580,5095000,0,0,8900,8900,8700
2013-11-28,2.3,8400,-0.4(-4.55 %),13860,117470000,0,0,9000,9000,8400
2013-11-29,2.36,8600,0.2(2.38 %),6580,55390000,0,0,8700,8700,8400
2013-12-02,2.3,8400,-0.2(-2.33 %),8530,71699000,0,0,8300,8500,8300
2013-12-03,2.33,8500,0.1(1.19 %),2440,21116000,120000,1068000000,8800,8800,8300
2013-12-04,2.39,8700,0.2(2.35 %),4770,41524000,0,0,8300,8800,8300
2013-12-05,2.41,8800,0.1(1.15 %),5710,46905000,0,0,8200,8800,8200
2013-12-06,2.39,8700,-0.1(-1.14 %),220,1870000,0,0,8500,8700,8300
2013-12-09,2.39,8700,0(0.00 %),10,87000,120000,972000000,8700,8700,8700
2013-12-10,2.33,8500,-0.2(-2.30 %),1110,9211000,0,0,8200,8500,8200
2013-12-11,2.36,8600,0.1(1.18 %),10,86000,0,0,8600,8600,8600
2013-12-12,2.19,8000,-0.6(-6.98 %),10590,84776000,0,0,8000,8600,8000
2013-12-13,2.3,8400,0.4(5.00 %),100,820000,0,0,8000,8400,8000
2013-12-16,2.3,8400,0(0.00 %),10190,82603000,0,0,8500,8600,8100
2013-12-17,2.19,8000,-0.4(-4.76 %),33640,273068000,0,0,8400,8400,8000
2013-12-18,2.3,8400,0.4(5.00 %),29200,242474000,0,0,8400,8400,8100
2013-12-19,2.44,8900,0.5(5.95 %),21700,189752000,0,0,8700,8900,8600
2013-12-20,2.58,9400,0.5(5.62 %),17240,154995000,0,0,8700,9400,8400
2013-12-23,2.63,9600,0.2(2.13 %),10220,90868000,0,0,9900,9900,8800
2013-12-24,2.47,9000,-0.6(-6.25 %),22050,200490000,0,0,9700,9700,9000
2013-12-25,2.58,9400,0.4(4.44 %),60,562000,0,0,9400,9400,9200
2013-12-26,2.58,9400,0(0.00 %),10,94000,0,0,9400,9400,9400
2013-12-27,2.41,8800,-0.6(-6.38 %),1170,10348000,0,0,9800,9800,8800
2013-12-30,2.5,9100,0.3(3.41 %),6960,57813000,0,0,9200,9300,8300
2013-12-31,2.47,9000,-0.1(-1.10 %),260,2305000,0,0,8500,9000,8500
2014-01-02,2.5,9100,0.1(1.11 %),7160,60285000,0,0,9100,9100,8400
2014-01-03,2.36,8600,-0.5(-5.49 %),2810,24247000,0,0,8500,9000,8500
2014-01-06,2.39,8700,0.1(1.16 %),2490,21323000,0,0,9200,9200,8500
2014-01-07,2.36,8600,-0.1(-1.15 %),3670,30872000,0,0,8800,9200,8100
2014-01-08,2.47,9000,0.4(4.65 %),160,1440000,0,0,9000,9000,9000
2014-01-09,2.52,9200,0.2(2.22 %),11270,96609000,0,0,8500,9200,8400
2014-01-10,2.44,8900,-0.3(-3.26 %),2390,21101000,0,0,9300,9400,8700
2014-01-13,2.39,8700,-0.2(-2.25 %),136550,1228625000,0,0,9000,9100,8700
2014-01-14,2.52,9200,0.5(5.75 %),160,1472000,0,0,9200,9200,9200
2014-01-15,2.52,9200,0(0.00 %),530,4875000,0,0,9100,9200,9100
2014-01-16,2.52,9200,0(0.00 %),7100,62310000,0,0,8700,9200,8700
2014-01-17,2.39,8700,-0.5(-5.43 %),910,7923000,0,0,9300,9300,8700
2014-01-20,2.22,8100,-0.6(-6.90 %),197730,1603490000,0,0,9200,9200,8100
2014-01-21,2.33,8500,0.4(4.94 %),310,2519000,0,0,8500,8500,8100
2014-01-22,2.19,8000,-0.5(-5.88 %),2060,17143000,0,0,8400,8400,8000
2014-01-23,2.33,8500,0.5(6.25 %),500,4010000,0,0,8500,8500,8000
2014-01-24,2.39,8700,0.2(2.35 %),60,522000,0,0,8700,8700,8700
2014-01-27,2.52,9200,0.5(5.75 %),90,828000,0,0,9200,9200,9200
2014-02-06,2.36,8600,-0.6(-6.52 %),53460,459864000,0,0,8600,9600,8600
2014-02-07,2.41,8800,0.2(2.33 %),10620,93456000,0,0,8800,8800,8800
2014-02-10,2.52,9200,0.4(4.55 %),56700,514480000,0,0,8900,9400,8800
2014-02-11,2.44,8900,-0.3(-3.26 %),59240,541036000,0,0,9000,9400,8900
2014-02-12,2.52,9200,0.3(3.37 %),29210,268906000,0,0,9100,9500,8600
2014-02-13,2.47,9000,-0.2(-2.17 %),52040,466979000,0,0,9300,9400,8800
2014-02-14,2.44,8900,-0.1(-1.11 %),32370,301368000,0,0,8900,9500,8900
2014-02-17,2.6,9500,0.6(6.74 %),111480,1046773000,0,0,8800,9500,8700
2014-02-18,2.77,10100,0.6(6.32 %),47510,477372000,0,0,9900,10100,9700
2014-02-19,2.96,10800,0.7(6.93 %),185080,1998864000,0,0,10800,10800,10800
2014-02-20,3.02,11000,0.2(1.85 %),72280,808011000,0,0,11500,11500,10800
2014-02-21,3.21,11700,0.7(6.36 %),123730,1447338000,0,0,11700,11700,11400
2014-02-24,3.43,12500,0.8(6.84 %),185930,2309698000,0,0,12400,12500,11100
2014-02-25,3.48,12700,0.2(1.60 %),77420,1025497000,0,0,13000,13300,12500
2014-02-26,3.51,12800,0.1(0.79 %),6580,83646000,0,0,13000,13300,12300
2014-02-27,3.51,12800,0(0.00 %),70870,905961000,0,0,13300,13300,12200
2014-02-28,3.65,13300,0.5(3.91 %),122640,1564843000,0,0,13000,13300,12100
2014-03-03,3.62,13200,-0.1(-0.75 %),70090,919369000,0,0,14000,14000,12900
2014-03-04,3.7,13500,0.3(2.27 %),60210,799124000,0,0,13700,13800,12800
2014-03-05,3.7,13500,0(0.00 %),36410,492566000,0,0,13500,14200,13500
2014-03-06,3.7,13500,0(0.00 %),24860,334116000,0,0,13300,14200,13300
2014-03-07,3.84,14000,0.5(3.70 %),69060,954131000,0,0,13100,14000,13100
2014-03-10,4.09,14900,0.9(6.43 %),54160,803186000,0,0,14300,14900,14300
2014-03-11,4.36,15900,1(6.71 %),239920,3812607000,0,0,15900,15900,15800
2014-03-12,4.06,14800,-1.1(-6.92 %),87550,1301360000,3500000,59500000000,15600,15900,14800
2014-03-13,4.22,15400,0.6(4.05 %),2370,33465000,0,0,14800,15500,14000
2014-03-14,3.95,14400,-1(-6.49 %),34580,497970000,0,0,14400,16000,14400
2014-03-17,3.76,13700,-0.7(-4.86 %),450,6445000,0,0,15300,15400,13700
2014-03-18,3.84,14000,0.3(2.19 %),1160,16140000,0,0,13800,14000,13800
2014-03-19,4.06,14800,0.8(5.71 %),17000,237061000,0,0,14800,14900,13500
2014-03-20,4.11,15000,0.2(1.35 %),5080,75210000,0,0,14800,15000,14800
2014-03-21,3.84,14000,-1(-6.67 %),21500,301384000,1625000,25187500000,14500,14500,14000
2014-03-24,3.95,14400,0.4(2.86 %),10,144000,0,0,14400,14400,14400
2014-03-25,3.92,14300,-0.1(-0.69 %),4110,56749000,0,0,14400,14400,13600
2014-03-26,3.92,14300,0(0.00 %),5540,76004000,0,0,14200,14300,13400
2014-03-27,3.98,14500,0.2(1.40 %),20,279000,0,0,13400,14500,13400
2014-03-28,4.09,14900,0.4(2.76 %),10010,135824000,0,0,13700,14900,13500
2014-03-31,3.98,14500,-0.4(-2.68 %),28130,393641000,0,0,14100,14800,13900
2014-04-01,3.73,13600,-0.9(-6.21 %),78820,1070516000,0,0,14000,14000,13500
2014-04-02,3.73,13600,0(0.00 %),25920,352512000,0,0,13600,13600,13600
2014-04-03,3.84,14000,0.4(2.94 %),6350,86457000,0,0,14400,14400,13600
2014-04-04,4.09,14900,0.9(6.43 %),76620,1136203000,0,0,14400,14900,14000
2014-04-07,4.11,15000,0.1(0.67 %),12290,183833000,0,0,14900,15500,14800
2014-04-08,3.92,14300,-0.7(-4.67 %),5190,77105000,0,0,15000,15000,14300
2014-04-10,3.89,14200,-0.1(-0.70 %),580,8294000,0,0,14200,15000,14200
2014-04-11,4.14,15100,0.9(6.34 %),43480,654893000,0,0,14500,15100,14500
2014-04-14,4.41,16100,1(6.62 %),111310,1790951000,0,0,16000,16100,16000
2014-04-15,4.52,16500,0.4(2.48 %),7500,121650000,0,0,16500,16500,16000
2014-04-16,4.25,15500,-1(-6.06 %),29000,454010000,0,0,15700,16000,15500
2014-04-17,4.25,15500,0(0.00 %),6440,98940000,0,0,15500,15500,15000
2014-04-18,4.2,15300,-0.2(-1.29 %),131940,2021968000,0,0,15500,16300,14500
2014-04-21,4.17,15200,-0.1(-0.65 %),7030,106864000,0,0,15200,16000,15200
2014-04-22,4.31,15700,0.5(3.29 %),92830,1452944000,0,0,15500,15800,15400
2014-04-23,4.28,15600,-0.1(-0.64 %),79400,1258301000,0,0,16000,16000,15600
2014-04-24,4.25,15500,-0.1(-0.64 %),19570,309455000,0,0,16500,16500,15500
2014-04-25,4.2,15300,-0.2(-1.29 %),47120,738588000,0,0,15500,15700,15300
2014-04-28,4.41,16100,0.8(5.23 %),49970,803660000,0,0,15700,16200,15700
2014-04-29,4.47,16300,0.2(1.24 %),30320,487654000,0,0,16100,16300,16000
2014-05-05,4.44,16200,-0.1(-0.61 %),38000,610795000,0,0,16300,16300,15900
2014-05-06,4.44,16200,0(0.00 %),91760,1474802000,0,0,16100,16200,16000
2014-05-07,4.74,17300,1.1(6.79 %),85900,1472766000,0,0,16400,17300,16400
2014-05-08,4.52,16500,-0.8(-4.62 %),85160,1404728000,0,0,16900,16900,16200
2014-05-09,4.8,17500,1(6.06 %),10,175000,0,0,17500,17500,17500
2014-05-12,4.58,16700,-0.8(-4.57 %),28350,487185000,0,0,17500,17500,16700
2014-05-13,4.58,16700,0(0.00 %),730,12191000,0,0,16700,16700,16700
2014-05-14,4.72,17200,0.5(2.99 %),5000,85800000,0,0,17100,17200,17100
2014-05-15,4.88,17800,0.6(3.49 %),18710,310911000,0,0,17200,17800,16300
2014-05-16,4.66,17000,-0.8(-4.49 %),2320,39400000,0,0,16600,17000,16600
2014-05-19,4.94,18000,1(5.88 %),120,1980000,0,0,18000,18000,16200
2014-05-20,4.66,17000,-1(-5.56 %),6510,110919000,0,0,17100,17200,17000
2014-05-21,4.69,17100,0.1(0.59 %),770,13196000,0,0,18000,18000,17100
2014-05-22,4.8,17500,0.4(2.34 %),310,5340000,0,0,18000,18000,16600
2014-05-23,4.66,17000,-0.5(-2.86 %),1130,19338000,0,0,18000,18000,17000
2014-05-26,4.74,17300,0.3(1.76 %),13430,228483000,0,0,16800,18000,16700
2014-05-27,4.91,17900,0.6(3.47 %),14020,242963000,0,0,18000,18400,17200
2014-05-28,5.24,19100,1.2(6.70 %),262990,4802090000,0,0,17800,19100,17800
2014-05-29,4.99,18200,-0.9(-4.71 %),2060,39338000,0,0,18100,20000,18100
2014-05-30,4.83,17600,-0.6(-3.30 %),1280,24629000,0,0,17700,19400,17600
2014-06-02,5.16,18800,1.2(6.82 %),24080,440705000,0,0,17700,18800,17600
2014-06-03,5.51,20100,1.3(6.91 %),19750,385587000,0,0,18600,20100,18500
2014-06-04,5.9,21500,1.4(6.97 %),5540,114646000,0,0,20100,21500,19300
2014-06-05,6.28,22900,1.4(6.51 %),8050,173803000,0,0,21500,22900,21500
2014-06-06,5.98,21800,-1.1(-4.80 %),250,5502000,0,0,24400,24400,21800
2014-06-09,6.39,23300,1.5(6.88 %),1960,45668000,0,0,23300,23300,23300
2014-06-10,6.83,24900,1.6(6.87 %),81200,2021880000,30000,678000000,24900,24900,24900
2014-06-11,7.29,26600,1.7(6.83 %),306590,8041074000,30000,726000000,26600,26600,25000
2014-06-12,7.79,28400,1.8(6.77 %),107270,3046340000,30000,774000000,28400,28400,28300
2014-06-13,8.25,30100,1.7(5.99 %),496890,15011391000,30000,828000000,30100,30300,28500
2014-06-16,8.06,29400,-0.7(-2.33 %),696120,20720607000,30000,876000000,30100,30200,29400
2014-06-17,7.6,27700,-1.7(-5.78 %),273130,7739198000,30000,855000000,29200,29200,27700
2014-06-18,7.18,26200,-1.5(-5.42 %),180230,4758684000,30000,804000000,26700,26700,26200
2014-06-19,6.69,24400,-1.8(-6.87 %),205400,5037350000,30000,762000000,24900,24900,24400
2014-06-20,6.44,23500,-0.9(-3.69 %),292390,6915961000,30000,711000000,23500,25900,22700
2014-06-23,6.53,23800,0.3(1.28 %),150590,3619937000,30000,684000000,23400,25100,23400
2014-06-24,6.72,24500,0.7(2.94 %),66820,1615944000,0,0,23800,25300,23800
2014-06-25,7.18,26200,1.7(6.94 %),59440,1507369000,0,0,24500,26200,24500
2014-06-26,7.54,27500,1.3(4.96 %),141000,3853333000,0,0,26700,28000,26700
2014-06-27,7.43,27100,-0.4(-1.45 %),218240,6008475000,0,0,27500,28000,27100
2014-06-30,7.02,25600,-1.5(-5.54 %),73480,1978920000,0,0,27200,27200,25600
2014-07-01,6.77,24700,-0.9(-3.52 %),75280,1901527000,0,0,25500,25500,24700
2014-07-02,7.05,25700,1(4.05 %),94680,2367826000,0,0,24500,26400,24500
2014-07-03,7.07,25800,0.1(0.39 %),54630,1400579000,0,0,25700,25800,25300
2014-07-04,6.88,25100,-0.7(-2.71 %),62540,1599384000,0,0,25800,25900,25100
2014-07-07,6.66,24300,-0.8(-3.19 %),77380,1912034000,0,0,25100,25100,24200
2014-07-08,6.58,24000,-0.3(-1.23 %),96340,2314033000,0,0,24200,24300,23700
2014-07-09,6.61,24100,0.1(0.42 %),44990,1078222000,0,0,24000,24100,23900
2014-07-10,6.53,23800,-0.3(-1.24 %),123890,2957224000,0,0,24100,24100,23500
2014-07-11,6.5,23700,-0.1(-0.42 %),42220,1003348000,0,0,23700,23900,23700
2014-07-14,6.47,23600,-0.1(-0.42 %),92220,2181433000,0,0,23700,23800,23600
2014-07-15,6.47,23600,0(0.00 %),132100,3111330000,0,0,23600,23600,23500
2014-07-16,6.61,24100,0.5(2.12 %),155680,3733081000,0,0,23700,24100,23700
2014-07-17,6.66,24300,0.2(0.83 %),77940,1884992000,0,0,24200,24300,24100
2014-07-18,6.75,24600,0.3(1.23 %),80860,1976000000,0,0,24300,24700,24200
2014-07-21,6.36,23200,-1.4(-5.69 %),127110,3025000000,0,0,24100,24200,23200
2014-07-22,6.2,22600,-0.6(-2.59 %),91740,2103000000,0,0,23200,23200,22600
2014-07-23,6.61,24100,1.5(6.64 %),116430,2686000000,0,0,22700,24100,22700
2014-07-24,7.05,25700,1.6(6.64 %),379540,9630468000,0,0,24100,25700,24100
2014-07-25,7.02,25600,-0.1(-0.39 %),111440,2889000000,0,0,25800,26200,25600
2014-07-28,6.72,24500,-1.1(-4.30 %),231010,5802000000,0,0,25500,25600,24500
2014-07-29,6.64,24200,-0.3(-1.22 %),154530,3766000000,0,0,24500,24900,23900
2014-07-30,6.61,24100,-0.1(-0.41 %),90450,2174000000,0,0,24200,24200,23900
2014-07-31,6.61,24100,0(0.00 %),96700,2332000000,0,0,24100,24300,24000
2014-08-01,6.53,23800,-0.3(-1.24 %),42350,1013000000,0,0,24100,24100,23700
2014-08-04,6.53,23800,0(0.00 %),76260,1810000000,0,0,23800,23900,23600
2014-08-05,6.55,23900,0.1(0.42 %),57900,1381000000,0,0,23800,23900,23800
2014-08-06,6.64,24200,0.3(1.26 %),176620,4313000000,0,0,24000,24800,24000
2014-08-07,6.66,24300,0.1(0.41 %),89100,2150000000,0,0,24200,24300,23900
2014-08-08,6.64,24200,-0.1(-0.41 %),182300,4410000000,0,0,24300,24500,23900
2014-08-11,6.83,24900,0.7(2.89 %),193920,4754000000,0,0,24200,24900,24200
2014-08-12,7.13,26000,1.1(4.42 %),162780,4160000000,0,0,25100,26000,25100
2014-08-13,7.13,26000,0(0.00 %),112460,2920000000,0,0,26000,26200,25800
2014-08-14,7.16,26100,0.1(0.38 %),95500,2492440000,0,0,26000,26300,26000
2014-08-15,7.02,25600,-0.5(-1.92 %),159950,4129000000,0,0,26000,26000,25600
2014-08-18,7.02,25600,0(0.00 %),91430,2342000000,0,0,25500,25800,25400
2014-08-19,7.24,26400,0.8(3.12 %),239440,6245000000,0,0,25700,26500,25700
2014-08-20,7.46,27200,0.8(3.03 %),303720,8094000000,0,0,26500,27200,26400
2014-08-21,7.68,28000,0.8(2.94 %),243940,6732000000,0,0,27200,28000,27200
2014-08-22,7.84,28600,0.6(2.14 %),163890,4609630000,0,0,27700,28600,27700
2014-08-25,8.25,30100,1.5(5.24 %),309000,9094000000,0,0,28500,30100,28300
2014-08-26,8.2,29900,-0.2(-0.66 %),184170,5501000000,0,0,30100,30100,29500
2014-08-27,8.2,29900,0(0.00 %),172070,5156380000,0,0,29900,30100,29800
2014-08-28,8.17,29800,-0.1(-0.33 %),146120,4373720000,0,0,29900,30100,29800
2014-08-29,8.14,29700,-0.1(-0.34 %),92100,2744000000,0,0,29800,29900,29700
2014-09-03,8.23,30000,0.3(1.01 %),151500,4517000000,0,0,29700,30000,29700
2014-09-04,8.23,30000,0(0.00 %),91300,2733000000,0,0,30000,30100,29800
2014-09-05,8.25,30100,0.1(0.33 %),116090,3479000000,0,0,30000,30100,29800
2014-09-08,8.72,31800,1.7(5.65 %),194650,6058830000,0,0,30200,31800,30200
2014-09-09,8.61,31400,-0.4(-1.26 %),290500,9247980000,0,0,31900,32200,31400
2014-09-10,8.66,31600,0.2(0.64 %),90730,2846765000,0,0,31400,31600,31100
2014-09-11,8.69,31700,0.1(0.32 %),107130,3391796000,0,0,31600,31800,31500
2014-09-12,9.08,33100,1.4(4.42 %),301120,9700825000,0,0,31700,33100,31700
2014-09-15,9.52,34700,1.6(4.83 %),184600,6256610000,0,0,33200,34700,33200
2014-09-16,9.62,35100,0.4(1.15 %),144010,5009282000,0,0,34800,35100,34500
2014-09-17,10.28,37500,2.4(6.84 %),605790,22314769000,0,0,35300,37500,35100
2014-09-18,10.42,38000,0.5(1.33 %),219650,8270076000,1875000,71250000000,37600,38000,37500
2014-09-19,11.13,40600,2.6(6.84 %),251370,10045171000,905500,35314500000,38100,40600,38100
2014-09-22,10.8,39400,-1.2(-2.96 %),245340,9669208000,0,0,40500,40500,38800
2014-09-23,10.09,36800,-2.6(-6.60 %),114300,4322808000,0,0,39000,39000,36800
2014-09-24,10.06,36700,-0.1(-0.27 %),114300,4088700000,0,0,37000,37000,35400
2014-09-25,10.75,39200,2.5(6.81 %),196540,7332437000,0,0,36700,39200,36700
2014-09-26,10.56,38500,-0.7(-1.79 %),81030,3156465000,0,0,39200,39300,38500
2014-09-29,10.53,38400,-0.1(-0.26 %),149340,5689010000,0,0,38500,38500,37900
2014-09-30,10.47,38200,-0.2(-0.52 %),162950,6272960000,0,0,38400,39000,38100
2014-10-01,10.39,37900,-0.3(-0.79 %),166590,6349750000,0,0,38300,38500,37900
2014-10-02,10.91,39800,1.9(5.01 %),539350,21435230000,0,0,37900,40500,37400
2014-10-03,11.24,41000,1.2(3.02 %),122230,4889630000,0,0,39800,41000,39400
2014-10-06,12.01,43800,2.8(6.83 %),272910,11636390000,0,0,41000,43800,40900
2014-10-07,12.07,44000,0.2(0.46 %),318070,13661910000,0,0,43800,44000,41500
2014-10-08,12.48,45500,1.5(3.41 %),208390,9469280000,0,0,44100,47000,44100
2014-10-09,12.94,47200,1.7(3.74 %),266690,12412530000,0,0,45500,48500,45000
2014-10-10,12.2,44500,-2.7(-5.72 %),91470,4304090000,0,0,47000,47600,44500
2014-10-13,12.75,46500,2(4.49 %),256300,11533354000,0,0,44500,46500,44500
2014-10-14,12.37,45100,-1.4(-3.01 %),133830,6213137000,0,0,46500,46900,45000
2014-10-15,12.48,45500,0.4(0.89 %),181890,8250815000,0,0,45500,46000,44500
2014-10-16,12.01,43800,-1.7(-3.74 %),89160,4008457000,0,0,45300,45800,43800
2014-10-17,12.12,44200,0.4(0.91 %),73250,3217258000,0,0,43800,44500,43600
2014-10-20,12.09,44100,-0.1(-0.23 %),92740,4091626000,0,0,44200,44500,43900
2014-10-21,12.09,44100,0(0.00 %),91500,4023847000,0,0,44000,44300,43500
2014-10-22,12.56,45800,1.7(3.85 %),154350,6924012000,0,0,44200,45800,44100
2014-10-23,13.38,48800,3(6.55 %),543360,25727069000,0,0,45600,49000,45100
2014-10-24,12.97,47300,-1.5(-3.07 %),140310,6661887000,0,0,48800,48900,46100
2014-10-27,12.12,44200,-3.1(-6.55 %),121560,5584931000,0,0,46800,47300,44200
2014-10-28,12.12,44200,0(0.00 %),104010,4556393000,0,0,44200,45200,42000
2014-10-29,12.37,45100,0.9(2.04 %),75230,3370123000,0,0,44400,45100,44400
2014-10-30,12.34,45000,-0.1(-0.22 %),92030,4142435000,0,0,45300,45600,43000
2014-10-31,12.34,45000,0(0.00 %),155220,6883829000,0,0,45000,45000,43200
2014-11-03,12.28,44800,-0.2(-0.44 %),125720,5627364000,0,0,45500,45700,44000
2014-11-04,12.23,44600,-0.2(-0.45 %),153350,6788033000,0,0,44800,44800,43300
2014-11-05,12.2,44500,-0.1(-0.22 %),102790,4569719000,0,0,44700,44800,44000
2014-11-06,12.42,45300,0.8(1.80 %),147170,6597509000,0,0,45000,45300,44300
2014-11-07,12.61,46000,0.7(1.55 %),175940,8055857000,0,0,45400,47000,45200
2014-11-10,12.61,46000,0(0.00 %),126610,5828811000,0,0,46500,46500,45700
2014-11-11,12.5,45600,-0.4(-0.87 %),126180,5778410000,0,0,46500,46600,45500
2014-11-12,12.83,46800,1.2(2.63 %),233620,10806699000,0,0,45700,48000,45300
2014-11-13,12.48,45500,-1.3(-2.78 %),110180,5119128000,0,0,47000,47200,45500
2014-11-14,12.61,46000,0.5(1.10 %),85470,3902863000,0,0,45600,46000,45200
2014-11-17,13.49,49200,3.2(6.96 %),80130,3942396000,0,0,49200,49200,49200
2014-11-18,14.4,52500,3.3(6.71 %),626470,31711733000,0,0,51000,52500,49000
2014-11-19,14.67,53500,1(1.90 %),529470,26956424000,0,0,52500,54500,48900
2014-11-20,14.67,53500,0(0.00 %),317370,16330600000,0,0,53000,53500,50500
2014-11-21,14.26,52000,-1.5(-2.80 %),672300,34025000000,0,0,53000,53000,49800
2014-11-24,13.38,48800,-3.2(-6.15 %),135280,6735180000,0,0,51500,51500,48800
2014-11-25,12.94,47200,-1.6(-3.28 %),203910,9717010000,0,0,48900,48900,46000
2014-11-26,12.04,43900,-3.3(-6.99 %),265150,12064250000,0,0,47200,47400,43900
2014-11-27,12.59,45900,2(4.56 %),237100,10073960000,0,0,43800,45900,40900
2014-11-28,12.07,44000,-1.9(-4.14 %),90520,4057710000,0,0,45700,45700,44000
2014-12-01,11.35,41400,-2.6(-5.91 %),94220,4048160000,0,0,44000,44000,41400
2014-12-02,11.52,42000,0.6(1.45 %),48740,2029760000,0,0,41400,42000,41400
2014-12-03,11.68,42600,0.6(1.43 %),179630,7634240000,0,0,42400,42900,42100
2014-12-04,11.71,42700,0.1(0.23 %),121510,5200030000,0,0,42700,43000,42700
2014-12-05,11.74,42800,0.1(0.23 %),77910,3328790000,0,0,42700,42800,42600
2014-12-08,11.76,42900,0.1(0.23 %),86030,3695410000,0,0,42900,43100,42900
2014-12-09,11.76,42900,0(0.00 %),454200,19432040000,0,0,42900,43000,42700
2014-12-10,11.76,42900,0(0.00 %),44870,1926430000,0,0,43300,43400,42800
2014-12-11,11.54,42100,-0.8(-1.86 %),55680,2356930000,0,0,42500,42900,41700
2014-12-12,11.57,42200,0.1(0.24 %),44300,1866690000,0,0,42100,42700,42000
2014-12-15,11.6,42300,0.1(0.24 %),47910,2025300000,0,0,42200,42400,42200
2014-12-16,11.38,41500,-0.8(-1.89 %),86420,3625970000,0,0,42300,42400,41400
2014-12-17,11.38,41500,0(0.00 %),84860,3509030000,0,0,41600,41800,40300
2014-12-18,11.41,41600,0.1(0.24 %),42800,1782410000,0,0,41600,41800,41500
2014-12-19,11.3,41200,-0.4(-0.96 %),85690,3568030000,0,0,41700,41900,41200
2014-12-22,11.43,41700,0.5(1.21 %),87570,3626710000,0,0,41100,41700,41100
2014-12-23,11.38,41500,-0.2(-0.48 %),90970,3781490000,0,0,41700,41700,41400
2014-12-24,11.38,41500,0(0.00 %),75890,3158900000,0,0,41600,41800,41500
2014-12-25,11.32,41300,-0.2(-0.48 %),54420,2245000000,0,0,41500,41500,40800
2014-12-26,11.19,40800,-0.5(-1.21 %),49650,2033320000,0,0,41000,41300,40800
2014-12-29,10.97,40000,-0.8(-1.96 %),74120,3013440000,0,0,40800,41200,39900
2014-12-30,11.0,40100,0.1(0.25 %),85000,3374240000,0,0,40000,40100,38700
2014-12-31,11.76,42900,2.8(6.98 %),149610,6258231000,0,0,40200,42900,40200
2015-01-05,11.52,42000,-0.9(-2.10 %),101830,4338830000,0,0,43000,43000,41900
2015-01-06,11.6,42300,0.3(0.71 %),84990,3582193000,0,0,42000,42300,41900
2015-01-07,12.39,45200,2.9(6.86 %),339810,14929321000,0,0,42400,45200,42400
2015-01-08,13.24,48300,3.1(6.86 %),336440,15526928000,0,0,45400,48300,45400
2015-01-09,13.71,50000,1.7(3.52 %),242480,11958676000,0,0,48400,51000,48400
2015-01-12,13.35,48700,-1.3(-2.60 %),303500,14443326000,0,0,49600,50000,46500
2015-01-13,13.19,48100,-0.6(-1.23 %),127420,6165038000,0,0,48600,48900,48000
2015-01-14,13.19,48100,0(0.00 %),79750,3838115000,0,0,48200,48400,47600
2015-01-15,13.19,48100,0(0.00 %),107650,5197089000,0,0,48200,48500,48100
2015-01-16,13.98,51000,2.9(6.03 %),452840,22674674000,0,0,48200,51000,48000
2015-01-19,14.94,54500,3.5(6.86 %),316300,17238350000,772500,42101250000,54500,54500,54500
2015-01-20,14.94,54500,0(0.00 %),286950,15019750000,777960,42398820000,55000,55500,51000
2015-01-21,14.53,53000,-1.5(-2.75 %),163190,8509585000,0,0,54500,55000,51000
2015-01-22,14.53,53000,0(0.00 %),240800,12315334000,0,0,53500,53500,49700
2015-01-23,13.98,51000,-2(-3.77 %),581560,28932952000,0,0,53500,53500,49300
2015-01-26,13.3,48500,-2.5(-4.90 %),424090,20292300000,0,0,50500,52000,47500
2015-01-27,13.16,48000,-0.5(-1.03 %),529250,24216587000,0,0,48500,48500,45200
2015-01-28,13.02,47500,-0.5(-1.04 %),491810,22211112000,0,0,47600,47600,44700
2015-01-29,13.71,50000,2.5(5.26 %),333890,15965579000,0,0,47200,50000,44600
2015-01-30,12.81,46700,-3.3(-6.60 %),181570,8771165000,0,0,48500,48600,46700
2015-02-02,12.34,45000,-1.7(-3.64 %),444030,19614000000,0,0,46700,46700,43500
2015-02-03,12.07,44000,-1(-2.22 %),433130,18383000000,0,0,45000,45100,41900
2015-02-04,11.79,43000,-1(-2.27 %),368060,15187000000,0,0,41000,43000,41000
2015-02-05,11.9,43400,0.4(0.93 %),266760,11440000000,0,0,42800,43600,42100
2015-02-06,11.85,43200,-0.2(-0.46 %),272730,11845000000,0,0,43400,43700,43200
2015-02-09,11.74,42800,-0.4(-0.93 %),241420,10394000000,0,0,43100,43300,42800
2015-02-10,11.79,43000,0.2(0.47 %),145900,6263000000,0,0,42900,43200,42700
2015-02-11,12.28,44800,1.8(4.19 %),356530,15662000000,0,0,43100,44900,43100
2015-02-12,12.34,45000,0.2(0.45 %),263330,11896000000,0,0,45000,45500,44900
2015-02-13,12.34,45000,0(0.00 %),231130,10417000000,0,0,45100,45500,44600
2015-02-24,12.07,44000,-1(-2.22 %),183380,8011000000,0,0,45100,45100,43200
2015-02-25,11.93,43500,-0.5(-1.14 %),216400,9483000000,0,0,44000,44200,43100
2015-02-26,11.79,43000,-0.5(-1.15 %),222220,9647000000,0,0,43500,43900,42900
2015-02-27,11.79,43000,0(0.00 %),190950,8213000000,0,0,43100,43400,42700
2015-03-02,11.65,42500,-0.5(-1.16 %),477400,20122000000,0,0,43100,43500,41700
2015-03-03,11.43,41700,-0.8(-1.88 %),633470,26170000000,0,0,43100,43100,41000
2015-03-04,11.49,41900,0.2(0.48 %),887570,36527000000,0,0,41800,42000,40800
2015-03-05,11.38,41500,-0.4(-0.95 %),501850,20650000000,0,0,42000,42200,40900
2015-03-06,11.3,41200,-0.3(-0.72 %),366410,14995000000,0,0,41500,41600,40700
2015-03-09,11.24,41000,-0.2(-0.49 %),423770,17275000000,0,0,41000,41300,40500
2015-03-10,11.22,40900,-0.1(-0.24 %),466780,18980000000,0,0,41000,41000,40500
2015-03-11,11.22,40900,0(0.00 %),382280,15490000000,0,0,40800,40900,40300
2015-03-12,11.3,41200,0.3(0.73 %),448470,18354000000,0,0,40600,41400,40300
2015-03-13,11.22,40900,-0.3(-0.73 %),261940,10712000000,0,0,41300,41300,40800
2015-03-16,11.54,42100,1.2(2.93 %),515950,21537000000,0,0,40900,43200,40300
2015-03-17,12.35,39150,1.2(7.10 %),6340,115000000,0,0,39150,39150,39150
2015-03-18,13.17,19300,1.2(6.63 %),10540,203000000,0,0,19300,19300,19300
2015-03-19,14.05,20600,1.3(6.74 %),191030,3935000000,0,0,20600,20600,20600
2015-03-20,15.01,22000,1.4(6.80 %),762070,16511000000,0,0,21800,22000,21200
2015-03-23,16.03,23500,1.5(6.82 %),435750,10199000000,0,0,23300,23500,22800
2015-03-24,16.37,24000,0.5(2.13 %),1225730,29396000000,0,0,23900,24500,23600
2015-03-25,15.62,22900,-1.1(-4.58 %),645750,14941000000,0,0,23000,24200,22900
2015-03-26,15.35,22500,-0.4(-1.75 %),297260,6662000000,0,0,22000,23000,22000
2015-03-27,16.37,24000,1.5(6.67 %),1004420,22937000000,0,0,22100,24000,22100
2015-03-30,17.47,25600,1.6(6.67 %),1140120,28858000000,0,0,24500,25600,24300
2015-03-31,17.74,26000,0.4(1.56 %),398450,10209000000,0,0,26000,26000,25000
2015-04-01,16.58,24300,-1.7(-6.54 %),838920,20390000000,0,0,26000,26000,24200
2015-04-02,16.03,23500,-0.8(-3.29 %),375710,8659000000,0,0,23100,23500,22800
2015-04-03,17.13,25100,1.6(6.81 %),1157500,27182000000,0,0,23600,25100,22600
2015-04-06,17.4,25500,0.4(1.59 %),425880,10761000000,0,0,26000,26000,24900
2015-04-07,18.29,26800,1.3(5.10 %),890990,22954000000,0,0,25200,26800,24500
2015-04-08,17.06,25000,-1.8(-6.72 %),970730,24404000000,0,0,25400,26000,25000
2015-04-09,17.13,25100,0.1(0.40 %),376440,9283000000,0,0,25200,25200,24100
2015-04-10,16.58,24300,-0.8(-3.19 %),244560,5994000000,0,0,25400,25400,24300
2015-04-13,15.69,23000,-1.3(-5.35 %),641080,15025000000,0,0,23400,24500,23000
2015-04-14,15.56,22800,-0.2(-0.87 %),386340,8802000000,0,0,23000,23500,22400
2015-04-15,15.62,22900,0.1(0.44 %),299120,6805000000,0,0,22900,23000,22500
2015-04-16,14.87,21800,-1.1(-4.80 %),414490,9308000000,0,0,22900,23000,21800
2015-04-17,15.9,23300,1.5(6.88 %),495750,11307000000,0,0,22000,23300,22000
2015-04-20,16.31,23900,0.6(2.58 %),416440,9795000000,0,0,23500,24000,23200
2015-04-21,16.03,23500,-0.4(-1.67 %),342330,8064000000,0,0,23900,23900,23200
2015-04-22,15.49,22700,-0.8(-3.40 %),303850,7041000000,0,0,23400,23500,22700
2015-04-23,15.15,22200,-0.5(-2.20 %),298250,6740000000,0,0,22800,23000,22200
2015-04-24,15.28,22400,0.2(0.90 %),226440,5099000000,0,0,22300,22900,22200
2015-04-27,15.28,22400,0(0.00 %),139710,3136000000,0,0,22500,22700,22200
2015-05-04,14.26,20900,-1.5(-6.70 %),448850,9720000000,0,0,22600,22800,20900
2015-05-05,14.33,21000,0.1(0.48 %),297640,6142000000,0,0,21000,21200,20000
2015-05-06,14.19,20800,-0.2(-0.95 %),245230,5076000000,0,0,21000,21000,20400
2015-05-07,14.53,21300,0.5(2.40 %),219180,4583000000,0,0,20800,21300,20500
2015-05-08,14.6,21400,0.1(0.47 %),226360,4795000000,0,0,20900,21500,20900
2015-05-11,14.81,21700,0.3(1.40 %),598620,12923000000,0,0,21400,21800,21400
2015-05-12,14.67,21500,-0.2(-0.92 %),277440,5974000000,0,0,21700,21900,21200
2015-05-13,14.46,21200,-0.3(-1.40 %),206020,4411000000,0,0,21600,21700,21200
2015-05-14,15.42,22600,1.4(6.60 %),584220,12972000000,0,0,21500,22600,21500
2015-05-15,15.15,22200,-0.4(-1.77 %),390320,8892000000,0,0,22800,23200,22200
2015-05-18,14.94,21900,-0.3(-1.35 %),611740,13390000000,0,0,22300,22400,21600
2015-05-19,15.21,22300,0.4(1.83 %),570840,12419000000,0,0,21800,22400,21500
2015-05-20,15.35,22500,0.2(0.90 %),500870,10930000000,0,0,22300,22700,21100
2015-05-21,15.01,22000,-0.5(-2.22 %),896800,19134000000,0,0,22500,22500,21000
2015-05-22,14.81,21700,-0.3(-1.36 %),422580,9129000000,35000,763000000,21800,21800,21400
2015-05-25,14.53,21300,-0.4(-1.84 %),323910,6846000000,0,0,21700,21700,20800
2015-05-26,13.99,20500,-0.8(-3.76 %),375790,7695000000,0,0,20300,21000,20100
2015-05-27,14.94,21900,1.4(6.83 %),1102160,23207000000,0,0,20500,21900,20400
2015-05-28,14.94,21900,0(0.00 %),546860,11971000000,0,0,21900,22200,21600
2015-05-29,14.6,21400,-0.5(-2.28 %),220300,4735000000,0,0,21800,21800,21300
2015-06-01,14.26,20900,-0.5(-2.34 %),352240,7396000000,0,0,21400,21500,20800
2015-06-02,14.46,21200,0.3(1.44 %),1105720,23516000000,0,0,20900,21800,20800
2015-06-03,14.94,21900,0.7(3.30 %),367260,7844000000,0,0,21300,21900,21000
2015-06-04,15.15,22200,0.3(1.37 %),459040,10176000000,0,0,22000,22400,21800
2015-06-05,15.15,22200,0(0.00 %),462160,10146000000,0,0,22100,22300,21600
2015-06-08,15.42,22600,0.4(1.80 %),671140,15146000000,0,0,22300,23000,22200
2015-06-09,14.94,21900,-0.7(-3.10 %),318250,7023000000,0,0,22500,22500,21700
2015-06-10,14.94,21900,0(0.00 %),264370,5734000000,0,0,21900,22000,21400
2015-06-11,15.62,22900,1(4.57 %),544820,12361000000,0,0,21900,23400,21800
2015-06-12,15.97,23400,0.5(2.18 %),1020790,23803000000,0,0,23000,23900,23000
2015-06-15,15.69,23000,-0.4(-1.71 %),564870,13120000000,0,0,23400,23600,22900
2015-06-16,15.08,22100,-0.9(-3.91 %),2301680,52011000000,0,0,22500,23100,22100
2015-06-17,14.94,21900,-0.2(-0.90 %),1126850,24523000000,0,0,22000,22300,21600
2015-06-18,15.97,23400,1.5(6.85 %),1616130,36752000000,0,0,22000,23400,21700
2015-06-19,15.69,23000,-0.4(-1.71 %),1244440,29296000000,0,0,23700,24300,22900
2015-06-22,15.21,22300,-0.7(-3.04 %),772340,17379000000,0,0,22700,22800,22300
2015-06-23,14.81,21700,-0.6(-2.69 %),1149920,24897000000,0,0,22300,22300,21400
2015-06-24,14.33,21000,-0.7(-3.23 %),817860,17222000000,0,0,21500,21600,20600
2015-06-25,14.19,20800,-0.2(-0.95 %),540990,11163000000,0,0,21000,21000,20400
2015-06-26,14.33,21000,0.2(0.96 %),382460,8043000000,0,0,21000,21500,20700
2015-06-29,14.19,20800,-0.2(-0.95 %),319080,6590000000,0,0,21000,21000,20400
2015-06-30,13.65,20000,-0.8(-3.85 %),650450,13171000000,0,0,20800,20800,19900
2015-07-01,13.71,20100,0.1(0.50 %),764780,15386000000,0,0,20400,20500,19700
2015-07-02,13.65,20000,-0.1(-0.50 %),648920,12839000000,0,0,20100,20100,19500
2015-07-03,14.05,20600,0.6(3.00 %),606840,12207000000,0,0,19800,20800,19700
2015-07-06,13.78,20200,-0.4(-1.94 %),544340,10984000000,0,0,20600,20600,20100
2015-07-07,13.78,20200,0(0.00 %),505960,10145000000,0,0,20200,20200,20000
2015-07-08,13.3,19500,-0.7(-3.47 %),773260,15314000000,0,0,20200,20200,19500
2015-07-09,13.37,19600,0.1(0.51 %),757840,14917000000,0,0,19500,20000,19500
2015-07-10,13.17,19300,-0.3(-1.53 %),1053780,20450000000,0,0,19900,19900,19100
2015-07-13,14.02,17950,0.9(6.12 %),293510,4579000000,0,0,17950,17950,17950
2015-07-14,14.2,15800,0.2(1.28 %),2152590,35567000000,0,0,16600,16600,15700
2015-07-15,14.29,15900,0.1(0.63 %),460760,7339000000,0,0,16000,16100,15900
2015-07-16,14.56,16200,0.3(1.89 %),321470,5168000000,0,0,16000,16200,16000
2015-07-17,14.56,16200,0(0.00 %),405470,6580000000,0,0,16400,16400,16100
2015-07-20,14.38,16000,-0.2(-1.23 %),292310,4632000000,0,0,16000,16000,15500
2015-07-21,13.93,15500,-0.5(-3.12 %),464420,7278000000,0,0,16100,16100,15500
2015-07-22,13.93,15500,0(0.00 %),216890,3318000000,0,0,15600,15600,15100
2015-07-23,13.75,15300,-0.2(-1.29 %),418740,6414000000,0,0,15600,15600,15200
2015-07-24,13.75,15300,0(0.00 %),203240,3090000000,0,0,15200,15400,15100
2015-07-27,13.39,14900,-0.4(-2.61 %),161520,2423000000,0,0,15400,15400,14800
2015-07-28,13.03,14500,-0.4(-2.68 %),567860,8335000000,0,0,14800,14900,14500
2015-07-29,13.21,14700,0.2(1.38 %),174110,2558000000,0,0,14500,14800,14500
2015-07-30,13.39,14900,0.2(1.36 %),493730,7286000000,0,0,14600,14900,14600
2015-07-31,13.48,15000,0.1(0.67 %),412070,6181000000,0,0,15000,15200,14900
2015-08-03,13.21,14700,-0.3(-2.00 %),311210,4593000000,0,0,14900,14900,14600
2015-08-04,13.21,14700,0(0.00 %),507760,7456000000,0,0,14700,14800,14500
2015-08-05,13.3,14800,0.1(0.68 %),225850,3327000000,0,0,14800,14900,14600
2015-08-06,13.21,14700,-0.1(-0.68 %),223150,3268000000,0,0,14800,14800,14500
2015-08-07,13.21,14700,0(0.00 %),195310,2867000000,190000,2793000000,14700,14800,14500
2015-08-10,13.21,14700,0(0.00 %),163730,2390000000,0,0,14800,14800,14500
2015-08-11,13.03,14500,-0.2(-1.36 %),321400,4656000000,0,0,14700,14700,14300
2015-08-12,13.03,14500,0(0.00 %),326870,4732000000,0,0,14500,14600,14400
2015-08-13,13.12,14600,0.1(0.69 %),359530,5244000000,0,0,14500,14800,14400
2015-08-14,13.66,15200,0.6(4.11 %),774630,11614000000,0,0,14700,15200,14700
2015-08-17,13.3,14800,-0.4(-2.63 %),653800,9836000000,0,0,15300,15400,14800
2015-08-18,13.12,14600,-0.2(-1.35 %),490430,7195000000,0,0,14800,14900,14600
2015-08-19,12.94,14400,-0.2(-1.37 %),562210,8096000000,0,0,14500,14700,14200
2015-08-20,12.67,14100,-0.3(-2.08 %),250340,3578000000,0,0,14400,14600,14100
2015-08-21,12.67,14100,0(0.00 %),1124580,15838000000,0,0,14100,14200,13700
2015-08-24,12.49,13900,-0.2(-1.42 %),721110,9852000000,0,0,13900,14000,13200
2015-08-25,12.13,13500,-0.4(-2.88 %),149910,1995000000,190000,2527000000,13400,13500,13100
2015-08-26,12.94,14400,0.9(6.67 %),414000,5902000000,0,0,13600,14400,13600
2015-08-27,13.12,14600,0.2(1.39 %),415850,6137000000,0,0,14600,15000,14600
2015-08-28,13.12,14600,0(0.00 %),238080,3467000000,0,0,14700,14800,14400
2015-08-31,12.49,13900,-0.7(-4.79 %),178010,2524000000,0,0,14500,14600,13900
2015-09-01,12.49,13900,0(0.00 %),183650,2553000000,0,0,14000,14100,13700
2015-09-03,12.13,13500,-0.4(-2.88 %),146650,2009000000,0,0,13900,13900,13500
2015-09-04,12.13,13500,0(0.00 %),96970,1303000000,0,0,13900,13900,13300
2015-09-07,12.04,13400,-0.1(-0.74 %),142900,1922000000,0,0,13400,13500,13300
2015-09-08,12.22,13600,0.2(1.49 %),169500,2280000000,0,0,13300,13900,13300
2015-09-09,12.31,13700,0.1(0.74 %),148750,2023000000,0,0,13800,13800,13500
2015-09-10,12.22,13600,-0.1(-0.73 %),101630,1378000000,0,0,13500,13700,13400
2015-09-11,12.13,13500,-0.1(-0.74 %),130910,1762000000,0,0,13600,13600,13400
2015-09-14,12.04,13400,-0.1(-0.74 %),134670,1803000000,0,0,13400,13600,13300
2015-09-15,11.77,13100,-0.3(-2.24 %),136340,1800000000,0,0,13400,13400,13100
2015-09-16,11.86,13200,0.1(0.76 %),78920,1036000000,0,0,13000,13200,13000
2015-09-17,12.04,13400,0.2(1.52 %),111700,1483000000,0,0,13300,13400,13200
2015-09-18,12.67,14100,0.7(5.22 %),304540,4220000000,0,0,13500,14300,13400
2015-09-21,12.4,13800,-0.3(-2.13 %),368290,5064000000,0,0,13800,14100,13500
2015-09-22,12.22,13600,-0.2(-1.45 %),109170,1485000000,0,0,13800,13800,13500
2015-09-23,12.22,13600,0(0.00 %),148690,2023000000,0,0,13600,13800,13500
2015-09-24,12.13,13500,-0.1(-0.74 %),112620,1522000000,0,0,13500,13600,13400
2015-09-25,11.77,13100,-0.4(-2.96 %),204820,2705000000,0,0,13400,13500,13100
2015-09-28,11.32,12600,-0.5(-3.82 %),176580,2252000000,0,0,12900,13200,12600
2015-09-29,11.41,12700,0.1(0.79 %),17450,220000000,0,0,12400,12800,12400
2015-09-30,11.41,12700,0(0.00 %),32050,414000000,0,0,13000,13100,12600
2015-10-01,11.5,12800,0.1(0.79 %),53510,678000000,0,0,12600,12800,12600
2015-10-02,10.79,12000,-0.8(-6.25 %),117370,1408000000,100000,1280000000,12000,12000,12000
2015-10-05,10.16,11300,-0.7(-5.83 %),6124680,68657000000,0,0,11200,11300,11200
2015-10-06,10.25,11400,0.1(0.88 %),668910,7513000000,60000,660000000,11400,11500,10900
2015-10-07,10.25,11400,0(0.00 %),776330,8809000000,0,0,11400,11400,11200
2015-10-08,10.7,11900,0.5(4.39 %),1966420,22787000000,0,0,11200,12000,11200
2015-10-09,10.79,12000,0.1(0.84 %),1080180,12921000000,0,0,11900,12100,11700
2015-10-12,10.16,11300,-0.7(-5.83 %),867350,10211000000,0,0,12000,12100,11300
2015-10-13,10.52,11700,0.4(3.54 %),1184840,13776000000,0,0,11400,11800,11400
2015-10-14,10.43,11600,-0.1(-0.85 %),400280,4647000000,0,0,11600,11700,11500
2015-10-15,10.43,11600,0(0.00 %),783010,9098000000,0,0,11600,11700,11600
2015-10-16,10.34,11500,-0.1(-0.86 %),1194240,13839000000,0,0,11500,11700,11500
2015-10-19,10.34,11500,0(0.00 %),602730,6939000000,0,0,11500,11600,11500
2015-10-20,10.25,11400,-0.1(-0.87 %),537760,6151000000,0,0,11500,11500,11400
2015-10-21,10.34,11500,0.1(0.88 %),734540,8463000000,0,0,11500,11600,11400
2015-10-22,10.25,11400,-0.1(-0.87 %),426390,4897000000,0,0,11500,11600,11400
2015-10-23,10.25,11400,0(0.00 %),911060,10453000000,0,0,11400,11600,11400
2015-10-26,10.7,11900,0.5(4.39 %),2708940,31860000000,0,0,11400,11900,11400
2015-10-27,10.88,12100,0.2(1.68 %),1831050,22069000000,0,0,11900,12300,11900
2015-10-28,10.79,12000,-0.1(-0.83 %),682440,8220000000,0,0,12200,12300,11900
2015-10-29,11.06,12300,0.3(2.50 %),1950340,23789000000,0,0,12000,12500,12000
2015-10-30,11.06,12300,0(0.00 %),747160,9185000000,0,0,12300,12400,12200
2015-11-02,10.97,12200,-0.1(-0.81 %),673590,8302000000,0,0,12300,12500,12200
2015-11-03,10.97,12200,0(0.00 %),874110,10616000000,0,0,12200,12300,12000
2015-11-04,10.97,12200,0(0.00 %),844770,10411000000,0,0,12300,12400,12200
2015-11-05,10.79,12000,-0.2(-1.64 %),443290,5364000000,0,0,12200,12300,12000
2015-11-06,10.43,11600,-0.4(-3.33 %),955790,11288000000,0,0,12000,12100,11600
2015-11-09,10.61,11800,0.2(1.72 %),360940,4227000000,0,0,11700,11800,11600
2015-11-10,10.43,11600,-0.2(-1.69 %),195490,2285000000,0,0,11800,11800,11600
2015-11-11,10.43,11600,0(0.00 %),312480,3607000000,0,0,11600,11600,11400
2015-11-12,10.52,11700,0.1(0.86 %),541720,6246000000,0,0,11600,11700,11300
2015-11-13,10.79,12000,0.3(2.56 %),1213540,14437000000,0,0,11700,12100,11600
2015-11-16,10.88,12100,0.1(0.83 %),1488850,18068000000,0,0,11900,12400,11900
2015-11-17,10.97,12200,0.1(0.83 %),1096930,13386000000,0,0,12100,12300,12100
2015-11-18,10.88,12100,-0.1(-0.82 %),506630,6139000000,0,0,12200,12200,12000
2015-11-19,10.88,12100,0(0.00 %),770980,9241000000,0,0,12000,12100,11900
2015-11-20,11.59,12900,0.8(6.61 %),2606540,33023000000,0,0,12100,12900,12000
2015-11-23,12.4,13800,0.9(6.98 %),2603280,35406000000,0,0,13200,13800,13200
2015-11-24,12.22,13600,-0.2(-1.45 %),1826650,25048000000,0,0,13900,14100,13500
2015-11-25,12.67,14100,0.5(3.68 %),3587930,49864000000,0,0,13600,14200,13600
2015-11-26,12.49,13900,-0.2(-1.42 %),2113320,29602000000,0,0,14200,14300,13800
2015-11-27,12.85,14300,0.4(2.88 %),3387210,48509000000,0,0,13900,14800,13800
2015-11-30,12.58,14000,-0.3(-2.10 %),1984870,27791000000,0,0,14200,14300,13800
2015-12-01,12.76,14200,0.2(1.43 %),1343380,18804000000,0,0,14000,14200,13800
2015-12-02,13.12,14600,0.4(2.82 %),2209320,31967000000,0,0,14600,14800,14200
2015-12-03,12.94,14400,-0.2(-1.37 %),958560,13874000000,20000,292000000,14500,14700,14300
2015-12-04,12.67,14100,-0.3(-2.08 %),1057210,15074000000,0,0,14400,14400,14100
2015-12-07,12.49,13900,-0.2(-1.42 %),1529620,21563000000,0,0,14100,14500,13800
2015-12-08,12.85,14300,0.4(2.88 %),898370,12575000000,0,0,13900,14300,13700
2015-12-09,12.4,13800,-0.5(-3.50 %),1223210,17200000000,0,0,14300,14400,13800
2015-12-10,11.59,12900,-0.9(-6.52 %),1999540,26737000000,0,0,13700,13900,12900
2015-12-11,11.06,12300,-0.6(-4.65 %),2278250,28268000000,0,0,12700,12800,12100
2015-12-14,11.24,12500,0.2(1.63 %),637100,7829000000,0,0,12500,12500,12100
2015-12-15,11.59,12900,0.4(3.20 %),924110,11867000000,0,0,12500,13200,12500
2015-12-16,11.59,12900,0(0.00 %),1333670,17331000000,0,0,13000,13200,12800
2015-12-17,11.59,12900,0(0.00 %),1007180,12916000000,0,0,12900,13000,12800
2015-12-18,11.5,12800,-0.1(-0.78 %),1546350,19685000000,0,0,12800,12800,12500
2015-12-21,11.32,12600,-0.2(-1.56 %),1842000,23407000000,0,0,12800,12900,12600
2015-12-22,11.41,12700,0.1(0.79 %),531060,6720000000,0,0,12600,12800,12500
2015-12-23,11.68,13000,0.3(2.36 %),755210,9684000000,0,0,12800,13000,12700
2015-12-24,11.68,13000,0(0.00 %),746700,9768000000,0,0,13000,13200,12900
2015-12-25,11.59,12900,-0.1(-0.77 %),707850,9252000000,40000,544000000,13000,13200,12900
2015-12-28,11.68,13000,0.1(0.78 %),1019100,13267000000,0,0,13100,13300,13000
2015-12-29,11.86,13200,0.2(1.54 %),405870,5344000000,0,0,13100,13300,13000
2015-12-30,12.13,13500,0.3(2.27 %),1368670,18500000000,0,0,13500,13800,13400
2015-12-31,12.49,13900,0.4(2.96 %),1152100,15908000000,200000,2740000000,13900,13900,13500
2016-01-04,12.31,13700,-0.2(-1.44 %),1126510,15808000000,0,0,13700,14300,13700
2016-01-05,11.95,13300,-0.4(-2.92 %),2014750,26937000000,0,0,13500,13700,13200
2016-01-06,12.13,13500,0.2(1.50 %),681100,9162000000,0,0,13200,13700,13200
2016-01-07,12.31,13700,0.2(1.48 %),1251760,16907000000,0,0,13400,13900,13300
2016-01-08,12.31,13700,0(0.00 %),4783910,65596000000,0,0,13700,14000,13500
2016-01-11,12.58,14000,0.3(2.19 %),5060740,69414000000,0,0,13600,14000,13500
2016-01-12,13.39,14900,0.9(6.43 %),4657190,67078000000,1107703,15529382600,13900,14900,13900
2016-01-13,13.66,15200,0.3(2.01 %),2194770,33101000000,0,0,15100,15500,14600
2016-01-14,13.84,15400,0.2(1.32 %),2755520,41194000000,600000,8520000000,14800,15400,14600
2016-01-15,13.66,15200,-0.2(-1.30 %),1656240,25278000000,0,0,15300,15500,15000
2016-01-18,12.94,14400,-0.8(-5.26 %),1513860,21749000000,0,0,14700,15100,14200
2016-01-19,13.48,15000,0.6(4.17 %),2715350,39439000000,500000,7200000000,14400,15000,14200
2016-01-20,13.48,15000,0(0.00 %),2301740,34180000000,0,0,14700,15100,14600
2016-01-21,13.03,14500,-0.5(-3.33 %),2140090,31233000000,705200,10225400000,14500,14900,14100
2016-01-22,13.12,14600,0.1(0.69 %),2443300,35241000000,0,0,14400,14800,13800
2016-01-25,14.02,15600,1(6.85 %),2834700,43190000000,0,0,14700,15600,14700
2016-01-26,13.75,15300,-0.3(-1.92 %),1032890,15743000000,0,0,15300,15600,14800
2016-01-27,14.29,15900,0.6(3.92 %),3017690,47328000000,0,0,15200,16000,15200
2016-01-28,14.38,16000,0.1(0.63 %),2028470,32386000000,0,0,15900,16200,15700
2016-01-29,14.47,16100,0.1(0.62 %),1710390,27400000000,0,0,16000,16200,15800
2016-02-01,14.74,16400,0.3(1.86 %),2146280,34994000000,0,0,16000,16500,16000
2016-02-02,14.65,16300,-0.1(-0.61 %),1460080,23810000000,0,0,16300,16500,16100
2016-02-03,15.1,16800,0.5(3.07 %),1530980,25018000000,0,0,16100,16800,15900
2016-02-04,15.19,16900,0.1(0.60 %),1207030,20432000000,0,0,16800,17100,16800
2016-02-05,15.73,17500,0.6(3.55 %),1914000,32843000000,0,0,16900,17500,16900
2016-02-15,15.82,17600,0.1(0.57 %),1168180,20264000000,0,0,17400,17600,17100
2016-02-16,15.64,17400,-0.2(-1.14 %),1900040,33401000000,0,0,17600,17800,17400
2016-02-17,15.82,17600,0.2(1.15 %),3168200,54665000000,0,0,17300,17600,16900
2016-02-18,16.18,18000,0.4(2.27 %),2695140,47428000000,0,0,17500,18000,17200
2016-02-19,16.27,18100,0.1(0.56 %),2064290,36997000000,0,0,17700,18300,17700
2016-02-22,16.27,18100,0(0.00 %),2390580,43195000000,0,0,18100,18200,17900
2016-02-23,16.72,18600,0.5(2.76 %),3311580,60227000000,0,0,18200,18600,17800
2016-02-24,16.81,18700,0.1(0.54 %),2276920,42315000000,0,0,18600,18800,18400
2016-02-25,16.9,18800,0.1(0.53 %),2363290,43983000000,0,0,18700,18800,18400
2016-02-26,16.9,18800,0(0.00 %),4527880,85078000000,0,0,18800,19200,18400
2016-02-29,16.72,18600,-0.2(-1.06 %),2698390,49983000000,0,0,18600,18700,18400
2016-03-01,15.55,17300,-1.3(-6.99 %),3521590,62821000000,0,0,18500,18500,17300
2016-03-02,14.83,16500,-0.8(-4.62 %),4972690,80605000000,0,0,16100,16800,16100
2016-03-03,14.38,16000,-0.5(-3.03 %),1873830,30218000000,0,0,16000,16600,15600
2016-03-04,14.47,16100,0.1(0.62 %),1895470,30320000000,0,0,16000,16400,15600
2016-03-07,13.48,15000,-1.1(-6.83 %),3972600,59589000000,0,0,15000,15000,15000
2016-03-08,12.58,14000,-1(-6.67 %),3200780,44811000000,0,0,14000,14000,14000
2016-03-09,12.04,13400,-0.6(-4.29 %),3288410,44769000000,0,0,13400,14300,13300
2016-03-10,12.4,13800,0.4(2.99 %),1927720,25870000000,0,0,13500,13800,13200
2016-03-11,12.4,13800,0(0.00 %),2357560,32134000000,0,0,13800,13900,13500
2016-03-14,12.22,13600,-0.2(-1.45 %),2421390,32762000000,160000,2352000000,13600,13800,13400
2016-03-15,11.95,13300,-0.3(-2.21 %),2321550,30626000000,0,0,13400,13400,13000
2016-03-16,12.49,13900,0.6(4.51 %),4821580,65583000000,0,0,13200,14000,13000
2016-03-17,12.22,13600,-0.3(-2.16 %),2972240,41163000000,0,0,13600,14100,13600
2016-03-18,12.22,13600,0(0.00 %),2507170,33748000000,0,0,13500,13600,13300
2016-03-21,11.68,13000,-0.6(-4.41 %),2711670,35820000000,0,0,13300,13500,13000
2016-03-22,11.15,12400,-0.6(-4.62 %),4183120,51729000000,50000,670000000,13000,13000,12100
2016-03-23,11.15,12400,0(0.00 %),2994720,36744000000,0,0,12200,12500,12100
2016-03-24,11.32,12600,0.2(1.61 %),2555880,31491000000,0,0,12300,12600,12200
2016-03-25,11.15,12400,-0.2(-1.59 %),2785480,34431000000,0,0,12400,12500,12200
2016-03-28,10.88,12100,-0.3(-2.42 %),2527540,30779000000,0,0,12400,12400,12100
2016-03-29,10.16,11300,-0.8(-6.61 %),3450470,39594000000,0,0,11800,12000,11300
2016-03-30,9.89,11000,-0.3(-2.65 %),8116490,86923000000,0,0,10600,11300,10600
2016-03-31,9.26,10300,-0.7(-6.36 %),2505440,26584000000,260000,3042000000,11100,11100,10300
2016-04-01,8.63,9600,-0.7(-6.80 %),2229260,21612000000,1050000,10815000000,10100,10100,9600
2016-04-04,8.09,9000,-0.6(-6.25 %),1932920,17536000000,0,0,9200,9300,9000
2016-04-05,7.73,8600,-0.4(-4.44 %),3462810,29387000000,0,0,8400,8800,8400
2016-04-06,8.27,9200,0.6(6.98 %),2348810,21281000000,0,0,8700,9200,8700
2016-04-07,8.36,9300,0.1(1.09 %),2635470,25001000000,0,0,9500,9600,9300
2016-04-08,8.27,9200,-0.1(-1.08 %),1792540,16425000000,0,0,9100,9400,9000
2016-04-11,8.0,8900,-0.3(-3.26 %),1769270,15997000000,105000,903000000,9100,9200,8900
2016-04-12,7.46,8300,-0.6(-6.74 %),2688070,22730000000,0,0,8800,8900,8300
2016-04-13,7.91,8800,0.5(6.02 %),4015790,33257000000,0,0,8800,8800,8000
2016-04-14,8.18,9100,0.3(3.41 %),4899160,44398000000,0,0,8800,9200,8800
2016-04-15,8.0,8900,-0.2(-2.20 %),4311490,38730000000,20000,194000000,9100,9100,8900
2016-04-19,7.55,8400,-0.5(-5.62 %),2250000,19188000000,0,0,8700,8800,8400
2016-04-20,7.82,8700,0.3(3.57 %),2629960,22328000000,100000,880000000,8400,8700,8300
2016-04-21,7.64,8500,-0.2(-2.30 %),1591520,13703000000,0,0,8700,8700,8500
2016-04-22,7.55,8400,-0.1(-1.18 %),2104080,17728000000,0,0,8500,8600,8300
2016-04-25,7.37,8200,-0.2(-2.38 %),2426450,20230000000,0,0,8400,8600,8200
2016-04-26,7.46,8300,0.1(1.22 %),3112740,25588000000,0,0,8100,8500,8000
2016-04-27,7.46,8300,0(0.00 %),2040960,16686000000,0,0,8300,8300,8000
2016-04-28,7.28,8100,-0.2(-2.41 %),1899530,15437000000,0,0,8200,8400,8000
2016-04-29,7.28,8100,0(0.00 %),2288160,18369000000,0,0,8100,8200,7900
2016-05-04,7.1,7900,-0.2(-2.47 %),2576410,20442000000,125470,1079042000,8000,8100,7900
2016-05-05,6.74,7500,-0.4(-5.06 %),3848450,29324000000,0,0,7900,7900,7500
2016-05-06,6.74,7500,0(0.00 %),3222400,24204000000,0,0,7400,7700,7400
2016-05-09,6.47,7200,-0.3(-4.00 %),3510550,25424000000,30000,240000000,7500,7500,7100
2016-05-10,6.47,7200,0(0.00 %),4074530,28964000000,44000,338800000,7100,7300,6900
2016-05-11,6.92,7700,0.5(6.94 %),6255610,47791000000,0,0,7400,7700,7400
2016-05-12,7.37,8200,0.5(6.49 %),7429250,60452000000,0,0,8000,8200,8000
2016-05-13,7.19,8000,-0.2(-2.44 %),7086520,57605000000,0,0,8200,8300,7900
2016-05-16,6.92,7700,-0.3(-3.75 %),6081090,47332000000,0,0,7800,8000,7700
2016-05-17,7.1,7900,0.2(2.60 %),5646720,43896000000,500000,4000000000,7700,8000,7600
2016-05-18,7.55,8400,0.5(6.33 %),2541120,21345000000,0,0,8400,8400,8400
2016-05-19,7.46,8300,-0.1(-1.19 %),9148330,76274000000,0,0,8500,8600,8100
2016-05-20,7.19,8000,-0.3(-3.61 %),4050900,32570000000,130000,1014000000,8200,8300,7900
2016-05-23,6.92,7700,-0.3(-3.75 %),3189400,24916000000,0,0,8000,8000,7700
2016-05-24,7.01,7800,0.1(1.30 %),2788980,21388000000,20000,164000000,7700,7800,7600
2016-05-25,6.92,7700,-0.1(-1.28 %),2230130,17160000000,0,0,7800,7900,7600
2016-05-26,6.56,7300,-0.4(-5.19 %),3605460,26791000000,169470,1389654000,7700,7700,7300
2016-05-27,6.65,7400,0.1(1.37 %),2561340,18915000000,0,0,7300,7500,7300
2016-05-30,6.65,7400,0(0.00 %),1805850,13388000000,0,0,7500,7500,7300
2016-05-31,6.47,7200,-0.2(-2.70 %),1424470,10381000000,169470,1338813000,7400,7500,7200
2016-06-01,6.38,7100,-0.1(-1.39 %),2355950,16773000000,20000,154000000,7200,7200,7000
2016-06-02,6.56,7300,0.2(2.82 %),1639690,12035000000,0,0,7200,7500,7200
2016-06-03,6.56,7300,0(0.00 %),1545880,11353000000,40000,280000000,7400,7400,7300
2016-06-06,6.38,7100,-0.2(-2.74 %),1587210,11412000000,0,0,7200,7300,7100
2016-06-07,6.47,7200,0.1(1.41 %),1077020,7793000000,0,0,7200,7300,7200
2016-06-08,6.56,7300,0.1(1.39 %),1340140,9751000000,0,0,7200,7400,7200
2016-06-09,6.47,7200,-0.1(-1.37 %),939170,6766000000,0,0,7300,7300,7200
2016-06-10,6.65,7400,0.2(2.78 %),2395840,17803000000,0,0,7200,7600,7200
2016-06-13,6.56,7300,-0.1(-1.35 %),1286450,9503000000,0,0,7400,7500,7300
2016-06-14,6.56,7300,0(0.00 %),666090,4867000000,0,0,7300,7400,7300
2016-06-15,6.56,7300,0(0.00 %),973940,7108000000,0,0,7300,7400,7200
2016-06-16,6.47,7200,-0.1(-1.37 %),1700350,12293000000,0,0,7300,7300,7200
2016-06-17,6.38,7100,-0.1(-1.39 %),1364670,9699000000,48000,369600000,7200,7300,7000
2016-06-20,6.2,6900,-0.2(-2.82 %),1237320,8665000000,0,0,7100,7200,6900
2016-06-21,6.2,6900,0(0.00 %),1147570,8028000000,0,0,7100,7200,6900
2016-06-22,6.02,6700,-0.2(-2.90 %),1411960,9577000000,100000,730000000,6900,7000,6700
2016-06-23,5.93,6600,-0.1(-1.49 %),1788290,11813000000,20000,130000000,6700,6800,6500
2016-06-24,5.57,6200,-0.4(-6.06 %),3578920,22444000000,0,0,6600,6700,6200
2016-06-27,5.3,5900,-0.3(-4.84 %),2975530,17365000000,0,0,6100,6100,5800
2016-06-28,5.39,6000,0.1(1.69 %),1600610,9658000000,160000,950000000,5900,6200,5900
2016-06-29,5.48,6100,0.1(1.67 %),1043580,6364000000,0,0,6100,6200,6000
2016-06-30,5.21,5800,-0.3(-4.92 %),1729780,10218000000,0,0,6100,6100,5800
2016-07-01,5.21,5800,0(0.00 %),944530,5503000000,0,0,5800,5900,5700
2016-07-04,5.3,5900,0.1(1.72 %),908620,5362000000,0,0,5800,6000,5800
2016-07-05,5.39,6000,0.1(1.69 %),2647050,16036000000,0,0,5900,6300,5800
2016-07-06,5.48,6100,0.1(1.67 %),1433510,8774000000,0,0,6000,6300,5900
2016-07-07,5.39,6000,-0.1(-1.64 %),1266000,7697000000,0,0,6200,6200,6000
2016-07-08,5.3,5900,-0.1(-1.67 %),1293720,7721000000,0,0,6000,6100,5900
2016-07-11,5.12,5700,-0.2(-3.39 %),1066270,6211000000,0,0,5900,6000,5700
2016-07-12,5.03,5600,-0.1(-1.75 %),1517150,8436000000,0,0,5600,5800,5400
2016-07-13,5.12,5700,0.1(1.79 %),1683330,9485000000,0,0,5500,5800,5500
2016-07-14,5.03,5600,-0.1(-1.75 %),845200,4812000000,0,0,5700,5800,5600
2016-07-15,5.3,5900,0.3(5.36 %),1588590,9126000000,0,0,5600,5900,5600
2016-07-18,5.66,6300,0.4(6.78 %),2402370,15010000000,0,0,6100,6300,6100
2016-07-19,5.57,6200,-0.1(-1.59 %),2590340,16616000000,0,0,6600,6600,6200
2016-07-20,5.57,6200,0(0.00 %),2011380,12263000000,0,0,6200,6300,6000
2016-07-21,5.3,5900,-0.3(-4.84 %),1319640,7941000000,0,0,6100,6200,5900
2016-07-22,5.21,5800,-0.1(-1.69 %),1897080,10856000000,0,0,5800,5900,5600
2016-07-25,5.12,5700,-0.1(-1.72 %),720090,4142000000,0,0,5700,5900,5700
2016-07-26,5.21,5800,0.1(1.75 %),401500,2318000000,0,0,5600,5900,5600
2016-07-27,4.94,5500,-0.3(-5.17 %),1560880,8748000000,0,0,5500,5800,5500
2016-07-28,4.67,5200,-0.3(-5.45 %),2078670,10943000000,0,0,5500,5500,5200
2016-07-29,4.67,5200,0(0.00 %),858860,4512000000,0,0,5200,5400,5200
2016-08-01,4.67,5200,0(0.00 %),462800,2409000000,0,0,5300,5300,5200
2016-08-02,4.4,4900,-0.3(-5.77 %),1763200,8710000000,0,0,5200,5200,4900
2016-08-03,4.22,4700,-0.2(-4.08 %),1406940,6655000000,0,0,4800,4800,4700
2016-08-04,3.95,4400,-0.3(-6.38 %),1513760,6873000000,0,0,4800,4900,4400
2016-08-05,3.69,4100,-0.3(-6.82 %),2203920,9115000000,280000,1217000000,4200,4400,4100
2016-08-08,3.51,3900,-0.2(-4.88 %),2511400,9861000000,0,0,3900,4100,3900
2016-08-09,3.6,4000,0.1(2.56 %),799560,3184000000,0,0,3800,4100,3800
2016-08-10,3.78,4200,0.2(5.00 %),1762550,7334000000,0,0,4000,4200,4000
2016-08-11,3.95,4400,0.2(4.76 %),1412640,6174000000,0,0,4300,4400,4200
2016-08-12,4.04,4500,0.1(2.27 %),1944710,8610000000,0,0,4500,4600,4300
2016-08-15,3.86,4300,-0.2(-4.44 %),925960,4029000000,0,0,4400,4500,4300
2016-08-16,3.78,4200,-0.1(-2.33 %),773040,3278000000,0,0,4400,4400,4100
2016-08-17,3.69,4100,-0.1(-2.38 %),597480,2488000000,250000,1000000000,4200,4300,4100
2016-08-18,3.6,4000,-0.1(-2.44 %),1174740,4721000000,0,0,4200,4200,4000
2016-08-19,3.69,4100,0.1(2.50 %),596450,2392000000,0,0,4000,4100,4000
2016-08-22,3.6,4000,-0.1(-2.44 %),983160,3971000000,0,0,4000,4200,4000
2016-08-23,3.69,4100,0.1(2.50 %),451870,1825000000,0,0,4000,4100,4000
2016-08-24,3.69,4100,0(0.00 %),734440,3009000000,0,0,4100,4200,4000
2016-08-25,3.86,4300,0.2(4.88 %),1622390,6861000000,0,0,4200,4300,4100
2016-08-26,3.86,4300,0(0.00 %),693530,2988000000,0,0,4400,4400,4200
2016-08-29,3.69,4100,-0.2(-4.65 %),729290,3026000000,0,0,4300,4300,4100
2016-08-30,3.69,4100,0(0.00 %),658780,2663000000,0,0,4000,4200,4000
2016-08-31,3.6,4000,-0.1(-2.44 %),535930,2173000000,0,0,4100,4200,4000
2016-09-01,3.51,3900,-0.1(-2.50 %),1043360,4144000000,0,0,4100,4100,3900
2016-09-05,3.51,3900,0(0.00 %),338700,1328000000,0,0,4000,4000,3900
2016-09-06,3.69,4100,0.2(5.13 %),606170,2436000000,0,0,4000,4100,3900
2016-09-07,3.6,4000,-0.1(-2.44 %),409470,1637000000,0,0,4000,4100,3900
2016-09-08,3.6,4000,0(0.00 %),449880,1795000000,0,0,4000,4100,3900
2016-09-09,3.6,4000,0(0.00 %),541770,2180000000,0,0,4000,4100,3900
2016-09-12,3.47,3860,-0.14(-3.50 %),663820,2593000000,0,0,3910,3990,3860
2016-09-13,3.33,3700,-0.16(-4.15 %),566380,2135000000,0,0,3900,3930,3700
2016-09-14,3.1,3450,-0.25(-6.76 %),1803610,6311000000,0,0,3650,3700,3450
2016-09-15,2.89,3210,-0.24(-6.96 %),2649820,8526000000,84000,309960000,3220,3430,3210
2016-09-16,2.85,3170,-0.04(-1.25 %),830330,2599000000,0,0,3100,3220,3060
2016-09-19,3.05,3390,0.22(6.94 %),1383240,4632000000,0,0,3200,3390,3190
2016-09-20,3.09,3440,0.05(1.47 %),1073860,3702000000,0,0,3500,3510,3390
2016-09-21,3.06,3410,-0.03(-0.87 %),648520,2221000000,0,0,3410,3490,3400
2016-09-22,3.1,3450,0.04(1.17 %),704450,2457000000,0,0,3450,3540,3400
2016-09-23,3.14,3490,0.04(1.16 %),897180,3121000000,0,0,3450,3540,3450
2016-09-26,3.08,3430,-0.06(-1.72 %),368670,1271000000,0,0,3480,3490,3420
2016-09-27,3.02,3360,-0.07(-2.04 %),495160,1662000000,0,0,3420,3430,3300
2016-09-28,2.94,3270,-0.09(-2.68 %),439530,1434000000,0,0,3310,3350,3250
2016-09-29,2.82,3140,-0.13(-3.98 %),919610,2953000000,0,0,3230,3310,3120
2016-09-30,2.85,3170,0.03(0.96 %),1417050,4379000000,0,0,3180,3180,3020
2016-10-03,3.05,3390,0.22(6.94 %),1766990,5908000000,0,0,3300,3390,3240
2016-10-04,2.96,3290,-0.1(-2.95 %),637550,2123000000,0,0,3330,3390,3290
2016-10-05,2.96,3290,0(0.00 %),513760,1683000000,0,0,3270,3310,3250
2016-10-06,3.08,3430,0.14(4.26 %),1470540,5039000000,0,0,3290,3490,3290
2016-10-07,3.04,3380,-0.05(-1.46 %),852500,2907000000,0,0,3420,3440,3380
2016-10-10,3.09,3440,0.06(1.78 %),621420,2119000000,0,0,3370,3450,3360
2016-10-11,3.04,3380,-0.06(-1.74 %),893210,3027000000,0,0,3480,3480,3320
2016-10-12,3.11,3460,0.08(2.37 %),781930,2693000000,0,0,3380,3480,3380
2016-10-13,3.33,3700,0.24(6.94 %),2225680,8131000000,0,0,3410,3700,3410
2016-10-14,3.55,3950,0.25(6.76 %),3072690,12086000000,0,0,3910,3950,3870
2016-10-17,3.6,4010,0.06(1.52 %),3012780,12292000000,0,0,3960,4200,3950
2016-10-18,3.52,3920,-0.09(-2.24 %),1609380,6343000000,0,0,4000,4000,3910
2016-10-19,3.37,3750,-0.17(-4.34 %),1493710,5743000000,0,0,3920,3980,3740
2016-10-20,3.47,3860,0.11(2.93 %),1208620,4614000000,0,0,3760,3890,3730
2016-10-21,3.23,3590,-0.27(-6.99 %),3092790,11108000000,0,0,3590,3650,3590
2016-10-24,3.0,3340,-0.25(-6.96 %),1274010,4255000000,0,0,3340,3340,3340
2016-10-25,2.8,3120,-0.22(-6.59 %),3595920,11236000000,0,0,3110,3240,3110
2016-10-26,2.71,3020,-0.1(-3.21 %),927060,2859000000,0,0,3120,3180,3010
2016-10-27,2.79,3100,0.08(2.65 %),914880,2793000000,0,0,3020,3100,2970
2016-10-28,2.78,3090,-0.01(-0.32 %),801290,2463000000,0,0,3090,3140,3040
2016-10-31,2.65,2950,-0.14(-4.53 %),1299130,3894000000,0,0,2950,3100,2920
2016-11-01,2.62,2910,-0.04(-1.36 %),690060,2006000000,350000,1032500000,2950,2950,2860
2016-11-02,2.52,2800,-0.11(-3.78 %),865380,2481000000,0,0,2890,2930,2800
2016-11-03,2.56,2850,0.05(1.79 %),907390,2616000000,0,0,2890,2930,2820
2016-11-04,2.65,2950,0.1(3.51 %),1189380,3512000000,0,0,2880,3030,2850
2016-11-07,2.67,2970,0.02(0.68 %),445040,1326000000,0,0,2950,3020,2920
2016-11-08,2.62,2920,-0.05(-1.68 %),283840,837000000,0,0,2970,2980,2920
2016-11-09,2.56,2850,-0.07(-2.40 %),1025670,2906000000,0,0,2890,2910,2730
2016-11-10,2.64,2940,0.09(3.16 %),717790,2096000000,0,0,2900,2940,2880
2016-11-11,2.62,2910,-0.03(-1.02 %),570220,1663000000,0,0,2940,2950,2900
2016-11-14,2.65,2950,0.04(1.37 %),624200,1839000000,0,0,2910,2980,2910
2016-11-15,2.61,2900,-0.05(-1.69 %),944940,2747000000,0,0,2930,2970,2850
2016-11-16,2.61,2900,0(0.00 %),405290,1170000000,0,0,2890,2910,2860
2016-11-17,2.58,2870,-0.03(-1.03 %),298070,859000000,0,0,2910,2910,2870
2016-11-18,2.57,2860,-0.01(-0.35 %),295460,847000000,0,0,2850,2890,2850
2016-11-21,2.59,2880,0.02(0.70 %),254970,731000000,0,0,2870,2880,2850
2016-11-22,2.69,2990,0.11(3.82 %),1111370,3263000000,0,0,2880,2990,2880
2016-11-23,2.81,3130,0.14(4.68 %),1851100,5659000000,0,0,3020,3150,2990
2016-11-24,2.81,3130,0(0.00 %),1781670,5605000000,0,0,3130,3230,3080
2016-11-25,2.86,3180,0.05(1.60 %),921640,2873000000,280000,817600000,3120,3180,3070
2016-11-28,2.78,3090,-0.09(-2.83 %),634340,1967000000,0,0,3170,3180,3060
2016-11-29,2.61,2900,-0.19(-6.15 %),953360,2836000000,0,0,3120,3120,2900
2016-11-30,2.64,2940,0.04(1.38 %),888990,2615000000,40000,108000000,2950,2980,2900
2016-12-01,2.62,2920,-0.02(-0.68 %),829720,2447000000,0,0,2940,2980,2910
2016-12-02,2.67,2970,0.05(1.71 %),878720,2581000000,0,0,2920,2970,2910
2016-12-05,2.64,2940,-0.03(-1.01 %),399610,1180000000,0,0,2970,2970,2930
2016-12-06,2.56,2850,-0.09(-3.06 %),922200,2661000000,0,0,2930,2940,2850
2016-12-07,2.53,2820,-0.03(-1.05 %),459370,1300000000,0,0,2850,2850,2820
2016-12-08,2.68,2980,0.16(5.67 %),1443750,4328000000,0,0,2900,3010,2900
2016-12-09,2.61,2900,-0.08(-2.68 %),203790,597000000,0,0,2960,2990,2900
2016-12-12,2.53,2810,-0.09(-3.10 %),274650,789000000,0,0,2900,2920,2810
2016-12-13,2.35,2620,-0.19(-6.76 %),1503440,3949000000,0,0,2650,2710,2620
2016-12-14,2.39,2660,0.04(1.53 %),352190,920000000,0,0,2620,2690,2480
2016-12-15,2.37,2640,-0.02(-0.75 %),335380,890000000,0,0,2660,2690,2560
2016-12-16,2.35,2610,-0.03(-1.14 %),239210,626000000,0,0,2510,2660,2510
2016-12-19,2.36,2630,0.02(0.77 %),228810,600000000,0,0,2600,2660,2600
2016-12-20,2.35,2610,-0.02(-0.76 %),234070,610000000,0,0,2640,2640,2600
2016-12-21,2.36,2630,0.02(0.77 %),511180,1347000000,0,0,2620,2650,2610
2016-12-22,2.35,2610,-0.02(-0.76 %),217760,571000000,0,0,2630,2640,2600
2016-12-23,2.35,2610,0(0.00 %),160230,417000000,0,0,2600,2630,2580
2016-12-26,2.34,2600,-0.01(-0.38 %),287020,747000000,0,0,2620,2620,2590
2016-12-27,2.36,2630,0.03(1.15 %),463370,1207000000,0,0,2600,2640,2570
2016-12-28,2.39,2660,0.03(1.14 %),289710,764000000,0,0,2620,2670,2620
2016-12-29,2.38,2650,-0.01(-0.38 %),283610,744000000,0,0,2660,2670,2610
2016-12-30,2.36,2630,-0.02(-0.75 %),277820,726000000,0,0,2650,2650,2600
2017-01-03,2.36,2630,0(0.00 %),139990,369000000,0,0,2630,2680,2610
2017-01-04,2.37,2640,0.01(0.38 %),328810,866000000,0,0,2650,2650,2600
2017-01-05,2.37,2640,0(0.00 %),118490,313000000,0,0,2640,2650,2630
2017-01-06,2.35,2610,-0.03(-1.14 %),225650,594000000,0,0,2640,2650,2600
2017-01-09,2.36,2630,0.02(0.77 %),329720,862000000,0,0,2620,2640,2600
2017-01-10,2.35,2620,-0.01(-0.38 %),114250,299000000,0,0,2620,2640,2600
2017-01-11,2.36,2630,0.01(0.38 %),79090,207000000,0,0,2630,2630,2600
2017-01-12,2.37,2640,0.01(0.38 %),546260,1441000000,0,0,2620,2670,2610
2017-01-13,2.35,2620,-0.02(-0.76 %),231970,607000000,0,0,2640,2640,2600
2017-01-16,2.34,2600,-0.02(-0.76 %),100960,263000000,0,0,2600,2640,2600
2017-01-17,2.29,2550,-0.05(-1.92 %),274930,706000000,0,0,2620,2620,2550
2017-01-18,2.25,2500,-0.05(-1.96 %),577310,1446000000,0,0,2530,2580,2470
2017-01-19,2.25,2500,0(0.00 %),179310,447000000,0,0,2500,2540,2450
2017-01-20,2.24,2490,-0.01(-0.40 %),275420,677000000,282000,705000000,2490,2500,2330
2017-01-23,2.21,2460,-0.03(-1.20 %),201070,499000000,0,0,2510,2510,2450
2017-01-24,2.26,2510,0.05(2.03 %),743230,1855000000,0,0,2460,2540,2430
2017-01-25,2.22,2470,-0.04(-1.59 %),473480,1158000000,0,0,2400,2510,2400
2017-02-02,2.22,2470,0(0.00 %),30310,75000000,0,0,2450,2490,2350
2017-02-03,2.25,2500,0.03(1.21 %),426640,1052000000,0,0,2440,2500,2440
2017-02-06,2.25,2500,0(0.00 %),793840,1961000000,0,0,2490,2500,2440
2017-02-07,2.23,2480,-0.02(-0.80 %),457630,1140000000,0,0,2500,2530,2470
2017-02-08,2.26,2520,0.04(1.61 %),423110,1063000000,0,0,2500,2540,2480
2017-02-09,2.27,2530,0.01(0.40 %),356530,898000000,0,0,2500,2530,2500
2017-02-10,2.27,2530,0(0.00 %),600400,1507000000,0,0,2520,2530,2490
2017-02-13,2.28,2540,0.01(0.40 %),994210,2510000000,0,0,2500,2560,2490
2017-02-14,2.44,2710,0.17(6.69 %),2670120,7192000000,0,0,2550,2710,2540
2017-02-15,2.5,2780,0.07(2.58 %),1802030,5017000000,0,0,2760,2820,2750
2017-02-16,2.43,2700,-0.08(-2.88 %),728670,2004000000,0,0,2770,2790,2700
2017-02-17,2.38,2650,-0.05(-1.85 %),1151450,3030000000,0,0,2660,2660,2600
2017-02-20,2.4,2670,0.02(0.75 %),828280,2185000000,0,0,2620,2700,2610
2017-02-21,2.51,2790,0.12(4.49 %),1766940,4907000000,0,0,2710,2820,2700
2017-02-22,2.5,2780,-0.01(-0.36 %),1336830,3742000000,93600,261144000,2830,2850,2770
2017-02-23,2.62,2910,0.13(4.68 %),1405550,3952000000,0,0,2780,2930,2720
2017-02-24,2.71,3020,0.11(3.78 %),2708210,8190000000,23500,73085000,2920,3110,2900
2017-02-27,2.71,3010,-0.01(-0.33 %),1523940,4618000000,0,0,3010,3090,2920
2017-02-28,2.71,3010,0(0.00 %),985550,2968000000,0,0,3020,3060,2980
2017-03-01,2.52,2800,-0.21(-6.98 %),1941260,5569000000,0,0,3000,3010,2800
2017-03-02,2.51,2790,-0.01(-0.36 %),1059070,2940000000,0,0,2790,2850,2720
2017-03-03,2.52,2800,0.01(0.36 %),1106070,3081000000,0,0,2790,2830,2760
2017-03-06,2.55,2840,0.04(1.43 %),1002910,2866000000,0,0,2790,2910,2770
2017-03-07,2.61,2900,0.06(2.11 %),2048190,5976000000,0,0,2850,2950,2850
2017-03-08,2.55,2840,-0.06(-2.07 %),952190,2779000000,0,0,2980,2980,2840
2017-03-09,2.48,2760,-0.08(-2.82 %),1184830,3326000000,0,0,2830,2870,2760
2017-03-10,2.46,2740,-0.02(-0.72 %),989350,2726000000,0,0,2740,2810,2730
2017-03-13,2.44,2720,-0.02(-0.73 %),755810,2055000000,0,0,2740,2790,2700
2017-03-14,2.48,2760,0.04(1.47 %),385500,1057000000,0,0,2720,2780,2720
2017-03-15,2.45,2730,-0.03(-1.09 %),190480,523000000,0,0,2730,2800,2720
2017-03-16,2.46,2740,0.01(0.37 %),260300,711000000,0,0,2730,2750,2720
2017-03-17,2.46,2740,0(0.00 %),472990,1298000000,0,0,2750,2790,2720
2017-03-20,2.45,2730,-0.01(-0.36 %),305910,842000000,0,0,2750,2790,2730
2017-03-21,2.44,2710,-0.02(-0.73 %),663270,1806000000,100000,273000000,2730,2750,2710
2017-03-22,2.35,2610,-0.1(-3.69 %),748150,2012000000,0,0,2730,2730,2610
2017-03-23,2.43,2700,0.09(3.45 %),885570,2381000000,0,0,2610,2750,2610
2017-03-24,2.42,2690,-0.01(-0.37 %),577560,1553000000,0,0,2710,2730,2670
2017-03-27,2.44,2710,0.02(0.74 %),813620,2201000000,0,0,2670,2730,2670
2017-03-28,2.6,2890,0.18(6.64 %),3255660,9293000000,0,0,2720,2890,2720
2017-03-29,2.56,2850,-0.04(-1.38 %),951150,2740000000,0,0,2940,2940,2810
2017-03-30,2.57,2860,0.01(0.35 %),1214530,3467000000,0,0,2860,2880,2840
2017-03-31,2.5,2780,-0.08(-2.80 %),1081740,3038000000,0,0,2860,2870,2780
2017-04-03,2.67,2970,0.19(6.83 %),3663590,10718000000,0,0,2780,2970,2770
2017-04-04,2.52,2800,-0.17(-5.72 %),1480100,4428000000,0,0,3000,3090,2800
2017-04-05,2.57,2860,0.06(2.14 %),1384210,4004000000,0,0,2820,2930,2820
2017-04-07,2.65,2950,0.09(3.15 %),1132910,3277000000,152000,404320000,2860,2950,2840
2017-04-10,2.65,2950,0(0.00 %),1439280,4295000000,0,0,3020,3040,2930
2017-04-11,2.63,2930,-0.02(-0.68 %),1045770,3085000000,0,0,2930,3000,2900
2017-04-12,2.55,2840,-0.09(-3.07 %),1131440,3256000000,0,0,2920,2930,2830
2017-04-13,2.52,2800,-0.04(-1.41 %),1006430,2829000000,0,0,2840,2850,2790
2017-04-14,2.44,2710,-0.09(-3.21 %),1089600,2964000000,0,0,2790,2800,2660
2017-04-17,2.44,2720,0.01(0.37 %),441480,1223000000,0,0,2780,2810,2700
2017-04-18,2.44,2720,0(0.00 %),787610,2145000000,0,0,2700,2760,2690
2017-04-19,2.52,2800,0.08(2.94 %),528160,1470000000,0,0,2720,2820,2700
2017-04-20,2.51,2790,-0.01(-0.36 %),582690,1615000000,0,0,2830,2830,2740
2017-04-21,2.52,2800,0.01(0.36 %),493980,1386000000,0,0,2770,2840,2760
2017-04-24,2.47,2750,-0.05(-1.79 %),254480,701000000,0,0,2750,2800,2750
2017-04-25,2.53,2810,0.06(2.18 %),470360,1312000000,0,0,2750,2810,2750
2017-04-26,2.41,2680,-0.13(-4.63 %),870520,2363000000,0,0,2800,2820,2670
2017-04-27,2.47,2750,0.07(2.61 %),396770,1087000000,0,0,2720,2770,2700
2017-04-28,2.51,2790,0.04(1.45 %),826990,2295000000,0,0,2750,2820,2700
2017-05-03,2.68,2980,0.19(6.81 %),3426640,10117000000,0,0,2790,2980,2780
2017-05-04,2.86,3180,0.2(6.71 %),2803840,8725000000,0,0,2990,3180,2990
2017-05-05,3.06,3400,0.22(6.92 %),3787840,12721000000,0,0,3290,3400,3180
2017-05-08,3.24,3610,0.21(6.18 %),2366260,8301000000,0,0,3400,3630,3400
2017-05-09,3.46,3850,0.24(6.65 %),2081980,7866000000,0,0,3650,3850,3650
2017-05-10,3.38,3760,-0.09(-2.34 %),4915640,18425000000,0,0,3860,3860,3590
2017-05-11,3.24,3600,-0.16(-4.26 %),3531280,12620000000,0,0,3790,3790,3500
2017-05-12,3.16,3520,-0.08(-2.22 %),670390,2428000000,0,0,3750,3750,3520
2017-05-15,3.28,3650,0.13(3.69 %),1139910,4003000000,0,0,3500,3650,3430
2017-05-16,3.28,3650,0(0.00 %),1068810,3911000000,0,0,3660,3710,3590
2017-05-17,3.24,3600,-0.05(-1.37 %),441700,1587000000,0,0,3660,3660,3510
2017-05-18,3.22,3580,-0.02(-0.56 %),627690,2231000000,0,0,3600,3600,3510
2017-05-19,3.16,3520,-0.06(-1.68 %),406570,1434000000,0,0,3580,3580,3520
2017-05-22,3.19,3550,0.03(0.85 %),640330,2267000000,0,0,3530,3560,3520
2017-05-23,3.19,3550,0(0.00 %),290740,1033000000,0,0,3560,3570,3520
2017-05-24,3.15,3510,-0.04(-1.13 %),224460,794000000,0,0,3560,3560,3510
2017-05-25,3.12,3470,-0.04(-1.14 %),839970,2900000000,0,0,3520,3520,3400
2017-05-26,3.06,3400,-0.07(-2.02 %),776270,2636000000,0,0,3470,3470,3350
2017-05-29,3.26,3630,0.23(6.76 %),1800940,6495000000,0,0,3410,3630,3390
2017-05-30,3.27,3640,0.01(0.28 %),2802060,10390000000,0,0,3800,3850,3550
2017-05-31,3.27,3640,0(0.00 %),455570,1655000000,0,0,3650,3660,3590
2017-06-01,3.3,3670,0.03(0.82 %),928630,3409000000,0,0,3660,3710,3640
2017-06-02,3.24,3610,-0.06(-1.63 %),364800,1319000000,0,0,3690,3690,3570
2017-06-05,3.2,3560,-0.05(-1.39 %),488510,1747000000,0,0,3620,3620,3530
2017-06-06,3.15,3510,-0.05(-1.40 %),539600,1910000000,0,0,3590,3590,3500
2017-06-07,3.14,3490,-0.02(-0.57 %),603900,2121000000,0,0,3500,3550,3490
2017-06-08,3.18,3540,0.05(1.43 %),439680,1561000000,0,0,3520,3580,3510
2017-06-09,3.24,3600,0.06(1.69 %),676890,2425000000,0,0,3550,3600,3540
2017-06-12,3.2,3560,-0.04(-1.11 %),312070,1120000000,0,0,3610,3640,3560
2017-06-13,3.18,3540,-0.02(-0.56 %),149720,529000000,0,0,3560,3560,3510
2017-06-14,3.16,3520,-0.02(-0.56 %),144460,510000000,0,0,3600,3600,3520
2017-06-15,3.16,3520,0(0.00 %),286060,1003000000,0,0,3580,3580,3480
2017-06-16,3.14,3490,-0.03(-0.85 %),198420,695000000,0,0,3520,3560,3480
2017-06-19,3.14,3490,0(0.00 %),389710,1358000000,0,0,3500,3510,3460
2017-06-20,3.24,3600,0.11(3.15 %),983590,3494000000,0,0,3500,3620,3450
2017-06-21,3.18,3540,-0.06(-1.67 %),445480,1594000000,0,0,3610,3610,3520
2017-06-22,3.18,3540,0(0.00 %),292100,1035000000,0,0,3550,3570,3510
2017-06-23,3.24,3600,0.06(1.69 %),856390,3059000000,0,0,3550,3600,3490
2017-06-26,3.23,3590,-0.01(-0.28 %),271020,971000000,0,0,3610,3610,3570
2017-06-27,3.42,3810,0.22(6.13 %),4071980,15150000000,0,0,3550,3830,3550
2017-06-28,3.64,4050,0.24(6.30 %),3027280,11677000000,0,0,3800,4050,3720
2017-06-29,3.89,4330,0.28(6.91 %),4674830,20146000000,0,0,4050,4330,4050
2017-06-30,3.87,4310,-0.02(-0.46 %),3461090,15061000000,0,0,4380,4490,4050
2017-07-03,3.82,4250,-0.06(-1.39 %),1038170,4361000000,0,0,4320,4320,4100
2017-07-04,3.71,4130,-0.12(-2.82 %),741820,3098000000,0,0,4250,4270,4130
2017-07-05,3.84,4270,0.14(3.39 %),681550,2899000000,0,0,4100,4360,4100
2017-07-06,4.08,4540,0.27(6.32 %),2276880,10041000000,0,0,4390,4550,4230
2017-07-07,3.91,4350,-0.19(-4.19 %),1815370,8143000000,0,0,4560,4600,4250
2017-07-10,3.91,4350,0(0.00 %),1262250,5480000000,0,0,4400,4430,4260
2017-07-11,4.08,4540,0.19(4.37 %),1059700,4677000000,0,0,4350,4550,4300
2017-07-12,4.36,4850,0.31(6.83 %),2091890,9960000000,0,0,4600,4850,4560
2017-07-13,4.61,5130,0.28(5.77 %),2634260,13392000000,0,0,5000,5180,4950
2017-07-14,4.57,5090,-0.04(-0.78 %),1190100,6048000000,0,0,5050,5240,5000
2017-07-17,4.57,5080,-0.01(-0.20 %),1876800,9635000000,0,0,5020,5360,4950
2017-07-18,4.67,5200,0.12(2.36 %),1233400,6266000000,0,0,5000,5200,4980
2017-07-19,4.98,5540,0.34(6.54 %),2478540,13595000000,0,0,5300,5560,5300
2017-07-20,4.85,5400,-0.14(-2.53 %),1125430,6093000000,0,0,5460,5540,5300
2017-07-21,4.52,5030,-0.37(-6.85 %),1925940,9982000000,0,0,5400,5410,5030
2017-07-24,4.23,4710,-0.32(-6.36 %),2734420,12828000000,0,0,4680,4790,4680
2017-07-25,4.31,4800,0.09(1.91 %),653720,3065000000,0,0,4550,4830,4550
2017-07-26,4.32,4810,0.01(0.21 %),1080140,5251000000,0,0,4800,4940,4730
2017-07-27,4.49,5000,0.19(3.95 %),3659420,18086000000,0,0,4800,5100,4800
2017-07-28,4.55,5060,0.06(1.20 %),1250070,6271000000,0,0,5000,5060,4970
2017-07-31,4.66,5190,0.13(2.57 %),1202780,6204000000,0,0,5020,5310,5000
2017-08-01,4.56,5070,-0.12(-2.31 %),1111820,5642000000,0,0,5190,5190,4850
2017-08-02,4.49,5000,-0.07(-1.38 %),672020,3376000000,0,0,5070,5080,4850
2017-08-03,4.81,5350,0.35(7.00 %),2661730,14074000000,0,0,5000,5350,5000
2017-08-04,5.14,5720,0.37(6.92 %),2827130,16171000000,80000,398400000,5720,5720,5700
2017-08-07,5.5,6120,0.4(6.99 %),478680,2930000000,0,0,6120,6120,6120
2017-08-08,5.88,6540,0.42(6.86 %),347870,2275000000,0,0,6540,6540,6540
2017-08-09,6.28,6990,0.45(6.88 %),14853990,103286000000,0,0,6990,6990,6340
2017-08-10,6.71,7470,0.48(6.87 %),5782550,43150000000,0,0,7470,7470,7000
2017-08-11,6.25,6950,-0.52(-6.96 %),7886050,58436000000,0,0,7690,7700,6950
2017-08-14,5.82,6470,-0.48(-6.91 %),12763320,82585000000,200000,1486000000,6470,6550,6470
2017-08-15,5.41,6020,-0.45(-6.96 %),6178620,38691000000,0,0,6500,6700,6020
2017-08-16,5.03,5600,-0.42(-6.98 %),6001930,33966000000,0,0,5820,6030,5600
2017-08-17,4.68,5210,-0.39(-6.96 %),4227840,22298000000,0,0,5400,5500,5210
2017-08-18,4.76,5300,0.09(1.73 %),6187390,30687000000,0,0,4850,5390,4850
2017-08-21,4.43,4930,-0.37(-6.98 %),3825240,19393000000,40000,226800000,5340,5340,4930
2017-08-22,4.13,4600,-0.33(-6.69 %),2748680,12964000000,20000,105400000,4850,4930,4600
2017-08-23,3.92,4360,-0.24(-5.22 %),5054870,22168000000,0,0,4450,4700,4280
2017-08-24,4.19,4660,0.3(6.88 %),2432150,11226000000,280000,1280800000,4360,4660,4360
2017-08-25,4.48,4980,0.32(6.87 %),2234730,11127000000,20000,86800000,4980,4980,4800
2017-08-28,4.49,5000,0.02(0.40 %),7222360,37701000000,0,0,5320,5320,5000
2017-08-29,4.32,4810,-0.19(-3.80 %),2865310,13840000000,0,0,4900,4960,4700
2017-08-30,4.33,4820,0.01(0.21 %),1804660,8867000000,0,0,4810,5110,4810
2017-08-31,4.27,4750,-0.07(-1.45 %),1441840,6942000000,0,0,4800,4920,4750
2017-09-01,4.27,4750,0(0.00 %),1187940,5599000000,0,0,4800,4800,4660
2017-09-05,4.13,4600,-0.15(-3.16 %),996020,4685000000,0,0,4750,4780,4600
2017-09-06,4.22,4700,0.1(2.17 %),1189840,5407000000,0,0,4600,4700,4450
2017-09-07,4.26,4740,0.04(0.85 %),1025270,4880000000,0,0,4700,4860,4650
2017-09-08,4.24,4720,-0.02(-0.42 %),953020,4511000000,0,0,4750,4780,4700
2017-09-11,4.04,4500,-0.22(-4.66 %),958980,4402000000,0,0,4720,4720,4500
2017-09-12,4.07,4530,0.03(0.67 %),519280,2356000000,0,0,4500,4590,4500
2017-09-13,4.09,4550,0.02(0.44 %),1071740,4835000000,0,0,4530,4550,4480
2017-09-14,4.18,4650,0.1(2.20 %),1043170,4798000000,0,0,4550,4690,4500
2017-09-15,4.13,4600,-0.05(-1.08 %),542090,2503000000,50000,216500000,4650,4650,4570
2017-09-18,4.42,4920,0.32(6.96 %),1866290,8976000000,0,0,4660,4920,4600
2017-09-19,4.53,5040,0.12(2.44 %),3832700,19808000000,0,0,5180,5260,5040
2017-09-20,4.58,5100,0.06(1.19 %),2128520,10929000000,0,0,5100,5230,5040
2017-09-21,4.5,5010,-0.09(-1.76 %),1565990,7989000000,0,0,5100,5160,5010
2017-09-22,4.47,4970,-0.04(-0.80 %),1413900,7078000000,0,0,5010,5090,4960
2017-09-25,4.29,4770,-0.2(-4.02 %),1106510,5366000000,0,0,4940,4960,4750
2017-09-26,4.21,4680,-0.09(-1.89 %),1539740,7238000000,0,0,4770,4880,4610
2017-09-27,4.15,4620,-0.06(-1.28 %),998150,4625000000,0,0,4640,4800,4590
2017-09-28,3.98,4430,-0.19(-4.11 %),2342620,10674000000,0,0,4620,4690,4430
2017-09-29,3.74,4160,-0.27(-6.09 %),1774690,7614000000,0,0,4430,4500,4160
2017-10-02,3.69,4100,-0.06(-1.44 %),1515780,6244000000,0,0,4210,4280,3980
2017-10-03,3.54,3940,-0.16(-3.90 %),1871310,7384000000,0,0,4100,4100,3860
2017-10-04,3.78,4210,0.27(6.85 %),1161060,4760000000,0,0,3940,4210,3940
2017-10-05,3.85,4280,0.07(1.66 %),1976950,8675000000,0,0,4300,4500,4280
2017-10-06,3.85,4280,0(0.00 %),687020,2931000000,0,0,4280,4330,4230
2017-10-09,3.77,4190,-0.09(-2.10 %),1190470,5004000000,0,0,4250,4290,4130
2017-10-10,3.77,4190,0(0.00 %),692520,2907000000,0,0,4160,4240,4160
2017-10-11,3.83,4260,0.07(1.67 %),753710,3254000000,0,0,4200,4410,4200
2017-10-12,3.85,4280,0.02(0.47 %),502940,2174000000,0,0,4260,4380,4260
2017-10-13,3.86,4300,0.02(0.47 %),600370,2586000000,0,0,4330,4350,4270
2017-10-16,4.13,4600,0.3(6.98 %),2139650,9612000000,0,0,4300,4600,4300
2017-10-17,4.19,4660,0.06(1.30 %),2373970,11525000000,0,0,4750,4920,4660
2017-10-18,4.04,4500,-0.16(-3.43 %),876230,4087000000,0,0,4750,4790,4470
2017-10-19,4.05,4510,0.01(0.22 %),1081540,4903000000,0,0,4480,4700,4410
2017-10-20,3.93,4370,-0.14(-3.10 %),1092790,4904000000,0,0,4550,4620,4360
2017-10-23,3.74,4160,-0.21(-4.81 %),1432940,6115000000,0,0,4160,4350,4160
2017-10-24,3.77,4190,0.03(0.72 %),681220,2841000000,0,0,4160,4240,4140
2017-10-25,3.76,4180,-0.01(-0.24 %),442590,1854000000,0,0,4160,4220,4160
2017-10-26,3.67,4080,-0.1(-2.39 %),1164990,4789000000,0,0,4190,4210,4020
2017-10-27,3.69,4100,0.02(0.49 %),661560,2721000000,0,0,4090,4200,4080
2017-10-30,3.6,4010,-0.09(-2.20 %),866140,3551000000,0,0,4190,4190,4000
2017-10-31,3.42,3810,-0.2(-4.99 %),1412750,5487000000,0,0,3960,4000,3810
2017-11-01,3.22,3580,-0.23(-6.04 %),1125820,4189000000,0,0,3810,4000,3580
2017-11-02,3.1,3450,-0.13(-3.63 %),918540,3295000000,0,0,3640,3690,3450
2017-11-03,3.15,3500,0.05(1.45 %),718070,2453000000,0,0,3450,3570,3340
2017-11-06,3.31,3680,0.18(5.14 %),436370,1597000000,0,0,3510,3720,3500
2017-11-07,3.51,3900,0.22(5.98 %),1351610,5261000000,0,0,3680,3930,3680
2017-11-08,3.42,3800,-0.1(-2.56 %),364740,1380000000,0,0,3900,3900,3710
2017-11-09,3.31,3680,-0.12(-3.16 %),602040,2224000000,0,0,3710,3780,3660
2017-11-10,3.35,3730,0.05(1.36 %),583660,2158000000,0,0,3600,3750,3600
2017-11-13,3.17,3530,-0.2(-5.36 %),398600,1442000000,0,0,3630,3720,3530
2017-11-14,3.18,3540,0.01(0.28 %),306100,1085000000,0,0,3530,3600,3510
2017-11-15,3.24,3600,0.06(1.69 %),256060,919000000,0,0,3600,3650,3540
2017-11-16,3.29,3660,0.06(1.67 %),630150,2311000000,0,0,3550,3730,3550
2017-11-17,3.47,3860,0.2(5.46 %),1178150,4544000000,0,0,3710,3910,3660
2017-11-20,3.55,3950,0.09(2.33 %),756310,2998000000,0,0,3920,4040,3860
2017-11-21,3.41,3790,-0.16(-4.05 %),640520,2460000000,0,0,4040,4040,3790
2017-11-22,3.37,3750,-0.04(-1.06 %),581760,2187000000,0,0,3790,3800,3730
2017-11-23,3.4,3780,0.03(0.80 %),500430,1890000000,0,0,3720,3850,3720
2017-11-24,3.4,3780,0(0.00 %),518780,1950000000,0,0,3800,3800,3730
2017-11-27,3.62,4030,0.25(6.61 %),2091590,8206000000,100000,404000000,3760,4040,3760
2017-11-28,3.59,3990,-0.04(-0.99 %),1283010,5197000000,0,0,4030,4130,3970
2017-11-29,3.52,3920,-0.07(-1.75 %),779430,3084000000,0,0,3990,4000,3920
2017-11-30,3.57,3970,0.05(1.28 %),818200,3186000000,0,0,3940,3970,3850
2017-12-01,3.57,3970,0(0.00 %),1011560,3974000000,0,0,3870,3970,3870
2017-12-04,3.7,4120,0.15(3.78 %),2227360,9124000000,0,0,3990,4180,3940
2017-12-05,3.63,4040,-0.08(-1.94 %),997850,4134000000,0,0,4110,4240,4020
2017-12-06,3.5,3890,-0.15(-3.71 %),865660,3439000000,0,0,4020,4060,3870
2017-12-07,3.5,3890,0(0.00 %),1073230,4284000000,0,0,3920,4100,3890
2017-12-08,3.51,3900,0.01(0.26 %),510880,1999000000,0,0,3890,4040,3890
2017-12-11,3.47,3860,-0.04(-1.03 %),410330,1590000000,0,0,3890,3940,3800
2017-12-12,3.4,3780,-0.08(-2.07 %),870660,3300000000,0,0,3860,3900,3660
2017-12-13,3.4,3780,0(0.00 %),475320,1799000000,0,0,3790,3880,3750
2017-12-14,3.43,3820,0.04(1.06 %),422600,1596000000,0,0,3760,3820,3740
2017-12-15,3.41,3790,-0.03(-0.79 %),400000,1522700000,0,0,3830,3840,3770
2017-12-18,3.43,3820,0.03(0.79 %),318130,1223000000,0,0,3800,3870,3800
2017-12-19,3.4,3780,-0.04(-1.05 %),397460,1512000000,0,0,3840,3840,3770
2017-12-20,3.37,3750,-0.03(-0.79 %),588720,2218000000,0,0,3780,3790,3750
2017-12-21,3.37,3750,0(0.00 %),308590,1158000000,0,0,3780,3780,3730
2017-12-22,3.4,3780,0.03(0.80 %),660220,2530000000,0,0,3750,3950,3750
2017-12-25,3.46,3850,0.07(1.85 %),448280,1745000000,0,0,3860,3960,3850
2017-12-26,3.42,3800,-0.05(-1.30 %),411360,1573000000,0,0,3850,3890,3790
2017-12-27,3.38,3760,-0.04(-1.05 %),496960,1881000000,0,0,3800,3810,3760
2017-12-28,3.35,3730,-0.03(-0.80 %),396670,1485000000,0,0,3750,3760,3730
2017-12-29,3.33,3700,-0.03(-0.80 %),598790,2235000000,0,0,3740,3780,3700
2018-01-02,3.31,3680,-0.02(-0.54 %),375730,1388590000,0,0,3690,3750,3680
2018-01-03,3.25,3620,-0.06(-1.63 %),575820,2107000000,0,0,3660,3700,3620
2018-01-04,3.28,3650,0.03(0.83 %),1192780,4318000000,0,0,3600,3700,3580
2018-01-05,3.29,3660,0.01(0.27 %),386160,1416000000,0,0,3700,3700,3630
2018-01-08,3.25,3620,-0.04(-1.09 %),455060,1664000000,0,0,3690,3700,3620
2018-01-09,3.24,3600,-0.02(-0.55 %),777310,2799000000,0,0,3620,3620,3580
2018-01-10,3.25,3620,0.02(0.56 %),502450,1814000000,0,0,3640,3640,3600
2018-01-11,3.26,3630,0.01(0.28 %),344990,1255000000,0,0,3620,3660,3600
2018-01-12,3.26,3630,0(0.00 %),535830,1948370000,0,0,3630,3670,3610
2018-01-15,3.23,3590,-0.04(-1.10 %),531750,1921210000,0,0,3650,3650,3590
2018-01-16,3.23,3590,0(0.00 %),477850,1719000000,0,0,3590,3650,3580
2018-01-17,3.19,3550,-0.04(-1.11 %),579670,2069000000,0,0,3590,3610,3530
2018-01-18,3.11,3460,-0.09(-2.54 %),600280,2089000000,0,0,3550,3550,3430
2018-01-19,3.06,3410,-0.05(-1.45 %),418780,1438000000,0,0,3460,3510,3400
2018-01-22,2.86,3180,-0.23(-6.74 %),1023100,3311000000,0,0,3410,3440,3180
2018-01-25,2.66,2960,-0.22(-6.92 %),2019640,6002000000,0,0,2960,3140,2960
2018-01-26,2.76,3070,0.11(3.72 %),495990,1480000000,0,0,2840,3070,2840
2018-01-29,2.69,2990,-0.08(-2.61 %),513320,1565000000,0,0,3080,3110,2990
2018-01-30,2.64,2940,-0.05(-1.67 %),500420,1487000000,0,0,2990,3020,2900
2018-01-31,2.58,2870,-0.07(-2.38 %),469970,1357000000,0,0,2870,2920,2870
2018-02-01,2.44,2710,-0.16(-5.57 %),794380,2183000000,0,0,2870,2870,2680
2018-02-02,2.34,2600,-0.11(-4.06 %),751880,1981000000,0,0,2670,2700,2590
2018-02-05,2.18,2420,-0.18(-6.92 %),961080,2348120000,0,0,2600,2610,2420
2018-02-06,2.07,2300,-0.12(-4.96 %),1256860,2845000000,0,0,2300,2350,2260
2018-02-07,2.19,2440,0.14(6.09 %),481770,1171890000,0,0,2310,2460,2310
2018-02-08,2.12,2360,-0.08(-3.28 %),158000,377000000,0,0,2440,2440,2360
2018-02-09,2.01,2240,-0.12(-5.08 %),211190,477000000,0,0,2300,2300,2220
2018-02-12,2.08,2310,0.07(3.12 %),296060,679000000,0,0,2330,2330,2250
2018-02-13,2.16,2400,0.09(3.90 %),197990,472000000,0,0,2330,2410,2330
2018-02-21,2.2,2450,0.05(2.08 %),151410,369000000,0,0,2410,2450,2410
2018-02-22,2.15,2390,-0.06(-2.45 %),284890,684000000,0,0,2450,2500,2360
2018-02-23,2.22,2470,0.08(3.35 %),390300,948000000,0,0,2390,2470,2370
2018-02-26,2.19,2440,-0.03(-1.21 %),379500,928000000,0,0,2470,2480,2410
2018-02-27,2.21,2460,0.02(0.82 %),391420,956000000,0,0,2420,2470,2420
2018-02-28,2.18,2420,-0.04(-1.63 %),309290,757000000,0,0,2450,2470,2420
2018-03-01,2.17,2410,-0.01(-0.41 %),264130,641000000,0,0,2420,2450,2390
2018-03-02,2.19,2440,0.03(1.24 %),254290,620000000,0,0,2390,2450,2390
2018-03-05,2.18,2430,-0.01(-0.41 %),754230,1832000000,0,0,2440,2460,2400
2018-03-06,2.2,2450,0.02(0.82 %),299880,728000000,0,0,2430,2450,2410
2018-03-07,2.35,2620,0.17(6.94 %),1325440,3467000000,0,0,2450,2620,2430
2018-03-08,2.36,2630,0.01(0.38 %),1059670,2859000000,0,0,2750,2750,2620
2018-03-09,2.3,2560,-0.07(-2.66 %),153250,400000000,0,0,2620,2670,2560
2018-03-12,2.35,2620,0.06(2.34 %),602090,1531000000,0,0,2620,2620,2500
2018-03-13,2.27,2530,-0.09(-3.44 %),825100,2079000000,0,0,2610,2620,2500
2018-03-14,2.29,2550,0.02(0.79 %),817780,2079000000,0,0,2530,2620,2500
2018-03-15,2.29,2550,0(0.00 %),618540,1605000000,0,0,2560,2690,2540
2018-03-16,2.33,2590,0.04(1.57 %),493890,1292000000,0,0,2590,2660,2550
2018-03-19,2.32,2580,-0.01(-0.39 %),445250,1152000000,0,0,2580,2630,2560
2018-03-20,2.16,2400,-0.18(-6.98 %),2208160,5305000000,0,0,2400,2450,2400
2018-03-21,2.07,2300,-0.1(-4.17 %),745350,1742000000,0,0,2300,2400,2300
2018-03-22,2.03,2260,-0.04(-1.74 %),1026960,2336000000,0,0,2300,2330,2240
2018-03-23,2.03,2260,0(0.00 %),309340,697000000,0,0,2260,2270,2230
2018-03-26,2.06,2290,0.03(1.33 %),474120,1086000000,0,0,2260,2320,2240
2018-03-27,2.04,2270,-0.02(-0.87 %),402630,920000000,0,0,2300,2300,2250
2018-03-28,2.05,2280,0.01(0.44 %),245800,557000000,0,0,2290,2290,2250
2018-03-29,2.02,2250,-0.03(-1.32 %),238660,540000000,0,0,2280,2280,2250
2018-03-30,2.01,2240,-0.01(-0.44 %),299000,672000000,0,0,2250,2270,2230
2018-04-02,2.03,2260,0.02(0.89 %),363470,819000000,0,0,2250,2270,2220
2018-04-03,2.02,2250,-0.01(-0.44 %),215140,483000000,0,0,2250,2260,2230
2018-04-04,2.01,2240,-0.01(-0.44 %),145450,323000000,0,0,2200,2250,2200
2018-04-05,2.02,2250,0.01(0.45 %),274820,617000000,0,0,2240,2270,2230
2018-04-06,2.06,2290,0.04(1.78 %),664980,1533000000,0,0,2250,2360,2250
2018-04-09,2.07,2300,0.01(0.44 %),112400,258000000,0,0,2290,2330,2270
2018-04-10,2.02,2250,-0.05(-2.17 %),86630,197000000,0,0,2320,2320,2250
2018-04-11,1.98,2200,-0.05(-2.22 %),389090,861000000,0,0,2240,2270,2200
2018-04-12,1.98,2200,0(0.00 %),221830,486000000,0,0,2210,2210,2160
2018-04-13,1.98,2200,0(0.00 %),238930,530000000,0,0,2250,2250,2200
2018-04-16,1.99,2210,0.01(0.45 %),490110,1105000000,0,0,2200,2310,2080
2018-04-17,1.99,2210,0(0.00 %),90360,200000000,0,0,2240,2250,2200
2018-04-18,2.07,2300,0.09(4.07 %),410520,938000000,0,0,2260,2360,2220
2018-04-19,2.04,2270,-0.03(-1.30 %),128950,294000000,0,0,2300,2300,2260
2018-04-20,2.01,2240,-0.03(-1.32 %),137630,307000000,0,0,2270,2270,2220
2018-04-23,1.97,2190,-0.05(-2.23 %),184140,408000000,0,0,2190,2240,2190
2018-04-24,1.96,2180,-0.01(-0.46 %),105720,230000000,0,0,2190,2200,2150
2018-04-26,1.82,2030,-0.15(-6.88 %),181770,376000000,0,0,2170,2170,2030
2018-04-27,1.75,1950,-0.08(-3.94 %),373860,745000000,0,0,2030,2040,1950
2018-05-02,1.75,1950,0(0.00 %),205940,404000000,0,0,1950,2000,1950
2018-05-03,1.78,1980,0.03(1.54 %),110620,216000000,0,0,1950,1990,1930
2018-05-04,1.78,1980,0(0.00 %),131480,258000000,0,0,1990,1990,1950
2018-05-07,1.8,2000,0.02(1.01 %),65410,130000000,0,0,1980,2000,1980
2018-05-08,1.89,2100,0.1(5.00 %),346490,717000000,0,0,2000,2110,1980
2018-05-09,1.87,2080,-0.02(-0.95 %),86370,181000000,0,0,2130,2130,2070
2018-05-10,1.87,2080,0(0.00 %),61470,128000000,0,0,2100,2100,2030
2018-05-11,1.87,2080,0(0.00 %),99010,205000000,0,0,2080,2080,2050
2018-05-14,1.83,2040,-0.04(-1.92 %),107120,221000000,0,0,2080,2090,2030
2018-05-15,1.82,2030,-0.01(-0.49 %),206350,418000000,0,0,2070,2070,2000
2018-05-16,1.81,2010,-0.02(-0.99 %),167930,339000000,0,0,2030,2040,2000
2018-05-17,1.82,2020,0.01(0.50 %),102020,206000000,0,0,2020,2040,2000
2018-05-18,1.8,2000,-0.02(-0.99 %),41590,83000000,0,0,2030,2030,2000
2018-05-21,1.79,1990,-0.01(-0.50 %),112380,225000000,0,0,2030,2030,1990
2018-05-22,1.75,1950,-0.04(-2.01 %),218960,426000000,0,0,1970,1990,1900
2018-05-23,1.74,1940,-0.01(-0.51 %),169040,324000000,0,0,1960,1960,1900
2018-05-24,1.73,1920,-0.02(-1.03 %),83790,162000000,0,0,1940,1950,1920
2018-05-25,1.71,1900,-0.02(-1.04 %),74650,142000000,0,0,1940,1940,1880
2018-05-28,1.59,1770,-0.13(-6.84 %),454660,817000000,0,0,1900,1900,1770
2018-05-29,1.65,1840,0.07(3.95 %),137050,246000000,0,0,1770,1860,1760
2018-05-30,1.62,1800,-0.04(-2.17 %),36980,67000000,0,0,1840,1840,1800
2018-05-31,1.67,1860,0.06(3.33 %),152230,276000000,0,0,1790,1860,1780
2018-06-01,1.79,1990,0.13(6.99 %),765470,1518000000,0,0,1850,1990,1850
2018-06-04,1.8,2000,0.01(0.50 %),268510,548000000,0,0,2040,2080,2000
2018-06-05,1.92,2140,0.14(7.00 %),973550,2059000000,0,0,2000,2140,2000
2018-06-06,1.87,2080,-0.06(-2.80 %),305400,641000000,0,0,2160,2160,2080
2018-06-07,1.87,2080,0(0.00 %),241480,498000000,0,0,2080,2120,2040
2018-06-08,1.81,2010,-0.07(-3.37 %),304800,613000000,0,0,2040,2060,1990
2018-06-11,1.78,1980,-0.03(-1.49 %),136560,272000000,0,0,2000,2010,1960
2018-06-12,1.75,1950,-0.03(-1.52 %),202290,391000000,0,0,1920,1970,1900
2018-06-13,1.78,1980,0.03(1.54 %),120520,240000000,0,0,1920,2000,1920
2018-06-14,1.73,1930,-0.05(-2.53 %),124070,243000000,0,0,1980,1990,1930
2018-06-15,1.74,1940,0.01(0.52 %),177710,347000000,0,0,1950,1970,1930
2018-06-18,1.73,1930,-0.01(-0.52 %),47310,92000000,0,0,1940,1960,1930
2018-06-19,1.62,1800,-0.13(-6.74 %),532400,967000000,0,0,1910,1940,1800
2018-06-20,1.62,1800,0(0.00 %),463770,837000000,0,0,1840,1860,1800
2018-06-21,1.6,1780,-0.02(-1.11 %),127590,230000000,0,0,1840,1840,1780
2018-06-22,1.62,1800,0.02(1.12 %),34010,61000000,0,0,1820,1820,1790
2018-06-25,1.64,1830,0.03(1.67 %),102500,187000000,0,0,1820,1840,1800
2018-06-26,1.64,1830,0(0.00 %),104690,190000000,0,0,1830,1830,1800
2018-06-27,1.64,1830,0(0.00 %),85350,157000000,0,0,1810,1870,1810
2018-06-28,1.64,1820,-0.01(-0.55 %),153680,279000000,0,0,1830,1840,1790
2018-06-29,1.62,1800,-0.02(-1.10 %),98120,177000000,0,0,1800,1830,1790
2018-07-02,1.6,1780,-0.02(-1.11 %),123130,221000000,0,0,1820,1820,1780
2018-07-03,1.57,1750,-0.03(-1.69 %),86340,153000000,0,0,1780,1830,1750
2018-07-04,1.55,1730,-0.02(-1.14 %),80040,140000000,0,0,1800,1800,1720
2018-07-05,1.53,1700,-0.03(-1.73 %),111840,192000000,0,0,1740,1790,1690
2018-07-06,1.52,1690,-0.01(-0.59 %),166810,276000000,0,0,1600,1700,1600
2018-07-09,1.51,1680,-0.01(-0.59 %),68870,115000000,0,0,1700,1700,1650
2018-07-10,1.48,1650,-0.03(-1.79 %),106250,178000000,0,0,1690,1700,1650
2018-07-11,1.46,1620,-0.03(-1.82 %),143150,231000000,0,0,1650,1660,1600
2018-07-12,1.46,1630,0.01(0.62 %),7710,12000000,0,0,1630,1630,1590
2018-07-13,1.5,1670,0.04(2.45 %),163660,274000000,0,0,1630,1700,1620
2018-07-16,1.51,1680,0.01(0.60 %),120290,204000000,0,0,1690,1720,1660
2018-07-17,1.5,1670,-0.01(-0.60 %),48540,80000000,0,0,1680,1680,1650
2018-07-18,1.51,1680,0.01(0.60 %),37530,63000000,0,0,1680,1680,1650
2018-07-19,1.61,1790,0.11(6.55 %),171140,305000000,0,0,1710,1790,1700
2018-07-20,1.72,1910,0.12(6.70 %),1098070,2095000000,0,0,1910,1910,1880
2018-07-23,1.67,1860,-0.05(-2.62 %),134970,254000000,0,0,1860,1920,1850
2018-07-24,1.64,1830,-0.03(-1.61 %),154070,286000000,0,0,1870,1900,1830
2018-07-25,1.73,1930,0.1(5.46 %),719390,1335000000,0,0,1820,1940,1710
2018-07-26,1.71,1900,-0.03(-1.55 %),286600,544000000,0,0,1930,1960,1850
2018-07-27,1.7,1890,-0.01(-0.53 %),105670,199000000,0,0,1900,1900,1830
2018-07-30,1.69,1880,-0.01(-0.53 %),413980,754000000,0,0,1820,1890,1790
2018-07-31,1.65,1840,-0.04(-2.13 %),118600,220000000,0,0,1880,1880,1840
2018-08-01,1.68,1870,0.03(1.63 %),298140,557000000,0,0,1840,1950,1830
2018-08-02,1.68,1870,0(0.00 %),321400,587000000,0,0,1850,1870,1800
2018-08-03,1.64,1830,-0.04(-2.14 %),46650,86000000,0,0,1830,1880,1830
2018-08-06,1.62,1800,-0.03(-1.64 %),126120,227000000,0,0,1820,1820,1780
2018-08-07,1.62,1800,0(0.00 %),197590,356000000,0,0,1800,1820,1780
2018-08-08,1.59,1770,-0.03(-1.67 %),131630,236000000,0,0,1840,1840,1760
2018-08-09,1.6,1780,0.01(0.56 %),169660,298000000,0,0,1770,1800,1750
2018-08-10,1.57,1750,-0.03(-1.69 %),168130,293000000,0,0,1790,1790,1730
2018-08-13,1.57,1750,0(0.00 %),160700,279000000,0,0,1780,1780,1720
2018-08-14,1.56,1740,-0.01(-0.57 %),94040,163000000,0,0,1760,1760,1730
2018-08-15,1.55,1720,-0.02(-1.15 %),135500,233000000,0,0,1740,1750,1710
2018-08-16,1.55,1720,0(0.00 %),142210,242000000,0,0,1720,1730,1690
2018-08-17,1.54,1710,-0.01(-0.58 %),121450,208000000,0,0,1720,1730,1700
2018-08-20,1.54,1710,0(0.00 %),74390,127000000,0,0,1700,1710,1690
2018-08-21,1.53,1700,-0.01(-0.58 %),129620,219000000,0,0,1720,1720,1670
2018-08-22,1.53,1700,0(0.00 %),57700,98000000,0,0,1720,1720,1700
2018-08-23,1.53,1700,0(0.00 %),66310,112000000,0,0,1690,1710,1670
2018-08-24,1.53,1700,0(0.00 %),37980,65000000,0,0,1710,1720,1700
2018-08-27,1.52,1690,-0.01(-0.59 %),77710,131000000,0,0,1690,1700,1680
2018-08-28,1.53,1700,0.01(0.59 %),231150,393000000,0,0,1690,1720,1670
2018-08-29,1.55,1730,0.03(1.76 %),136450,234000000,0,0,1700,1750,1680
2018-08-30,1.55,1720,-0.01(-0.58 %),83120,142000000,0,0,1740,1740,1700
2018-08-31,1.55,1720,0(0.00 %),102640,176000000,0,0,1730,1730,1700
2018-09-04,1.58,1760,0.04(2.33 %),292540,517000000,0,0,1700,1840,1700
2018-09-05,1.57,1750,-0.01(-0.57 %),72510,126000000,0,0,1790,1790,1730
2018-09-06,1.55,1720,-0.03(-1.71 %),109560,190000000,0,0,1730,1770,1720
2018-09-07,1.57,1750,0.03(1.74 %),281890,487000000,0,0,1720,1760,1700
2018-09-10,1.57,1750,0(0.00 %),49790,87000000,0,0,1770,1770,1740
2018-09-11,1.56,1740,-0.01(-0.57 %),140780,246000000,0,0,1750,1770,1720
2018-09-12,1.61,1790,0.05(2.87 %),401440,719000000,0,0,1740,1810,1740
2018-09-13,1.69,1880,0.09(5.03 %),826430,1569000000,0,0,1800,1910,1800
2018-09-14,1.65,1840,-0.04(-2.13 %),53710,101000000,0,0,1880,1890,1840
2018-09-17,1.64,1830,-0.01(-0.54 %),143260,259000000,0,0,1830,1840,1790
2018-09-18,1.63,1810,-0.02(-1.09 %),180010,323000000,0,0,1800,1830,1770
2018-09-19,1.59,1770,-0.04(-2.21 %),285750,509000000,0,0,1810,1810,1770
2018-09-20,1.61,1790,0.02(1.13 %),81040,146000000,0,0,1850,1850,1790
2018-09-21,1.58,1760,-0.03(-1.68 %),327720,585000000,0,0,1820,1820,1760
2018-09-24,1.59,1770,0.01(0.57 %),146700,258000000,0,0,1790,1790,1730
2018-09-25,1.63,1810,0.04(2.26 %),452460,818000000,0,0,1810,1850,1760
2018-09-26,1.62,1800,-0.01(-0.55 %),296630,541000000,0,0,1840,1850,1800
2018-09-27,1.64,1820,0.02(1.11 %),157460,286000000,0,0,1800,1840,1790
2018-09-28,1.64,1820,0(0.00 %),226600,413000000,0,0,1840,1850,1800
2018-10-01,1.65,1840,0.02(1.10 %),273200,499000000,0,0,1820,1850,1800
2018-10-02,1.62,1800,-0.04(-2.17 %),240560,435000000,0,0,1800,1830,1800
2018-10-03,1.66,1850,0.05(2.78 %),431780,793000000,0,0,1820,1850,1810
2018-10-04,1.69,1880,0.03(1.62 %),209620,394000000,0,0,1890,1900,1850
2018-10-05,1.65,1840,-0.04(-2.13 %),281100,521000000,0,0,1880,1880,1830
2018-10-08,1.64,1830,-0.01(-0.54 %),113290,207000000,0,0,1860,1860,1820
2018-10-09,1.63,1810,-0.02(-1.09 %),86610,157000000,0,0,1830,1840,1810
2018-10-10,1.62,1800,-0.01(-0.55 %),126230,228000000,0,0,1810,1830,1800
2018-10-11,1.51,1680,-0.12(-6.67 %),665300,1129000000,0,0,1680,1790,1680
2018-10-12,1.54,1710,0.03(1.79 %),90090,151000000,0,0,1660,1710,1630
2018-10-15,1.49,1660,-0.05(-2.92 %),191230,321000000,0,0,1700,1700,1650
2018-10-16,1.5,1670,0.01(0.60 %),89760,150000000,0,0,1680,1690,1660
2018-10-17,1.54,1710,0.04(2.40 %),170990,290000000,0,0,1710,1730,1680
2018-10-18,1.53,1700,-0.01(-0.58 %),105750,181000000,0,0,1720,1740,1680
2018-10-19,1.53,1700,0(0.00 %),51520,87000000,0,0,1700,1710,1690
2018-10-22,1.51,1680,-0.02(-1.18 %),74480,126000000,0,0,1700,1700,1670
2018-10-23,1.48,1650,-0.03(-1.79 %),207020,349000000,0,0,1680,1720,1650
2018-10-24,1.48,1650,0(0.00 %),73160,120000000,0,0,1650,1680,1620
2018-10-25,1.41,1570,-0.08(-4.85 %),248290,389000000,0,0,1650,1650,1540
2018-10-26,1.42,1580,0.01(0.64 %),46730,74000000,0,0,1600,1600,1570
2018-10-29,1.41,1570,-0.01(-0.63 %),29540,46000000,0,0,1580,1580,1550
2018-10-30,1.36,1510,-0.06(-3.82 %),457730,695000000,0,0,1530,1560,1500
2018-10-31,1.35,1500,-0.01(-0.66 %),155610,233000000,0,0,1500,1520,1490
2018-11-01,1.33,1480,-0.02(-1.33 %),265480,389000000,0,0,1520,1520,1440
2018-11-02,1.41,1570,0.09(6.08 %),613160,930000000,0,0,1480,1580,1430
2018-11-05,1.44,1600,0.03(1.91 %),176110,285000000,0,0,1570,1650,1570
2018-11-06,1.4,1560,-0.04(-2.50 %),60220,95000000,0,0,1560,1620,1550
2018-11-07,1.37,1520,-0.04(-2.56 %),399360,601000000,0,0,1540,1540,1480
2018-11-08,1.36,1510,-0.01(-0.66 %),61840,94000000,0,0,1490,1550,1490
2018-11-09,1.34,1490,-0.02(-1.32 %),90240,136000000,0,0,1500,1560,1490
2018-11-12,1.33,1480,-0.01(-0.67 %),56820,84000000,0,0,1530,1530,1470
2018-11-13,1.31,1460,-0.02(-1.35 %),26010,38000000,0,0,1460,1480,1450
2018-11-14,1.3,1450,-0.01(-0.68 %),67900,100000000,0,0,1490,1500,1450
2018-11-15,1.27,1410,-0.04(-2.76 %),156160,224000000,0,0,1480,1480,1410
2018-11-16,1.27,1410,0(0.00 %),89360,126000000,0,0,1410,1430,1400
2018-11-19,1.26,1400,-0.01(-0.71 %),72050,101000000,0,0,1410,1460,1390
2018-11-20,1.28,1420,0.02(1.43 %),105010,147000000,0,0,1420,1420,1390
2018-11-21,1.29,1430,0.01(0.70 %),27650,39000000,0,0,1420,1430,1390
2018-11-22,1.29,1430,0(0.00 %),26580,38000000,0,0,1430,1430,1410
2018-11-23,1.26,1400,-0.03(-2.10 %),17830,25000000,0,0,1420,1440,1400
2018-11-26,1.27,1410,0.01(0.71 %),114230,161000000,0,0,1400,1420,1390
2018-11-27,1.26,1400,-0.01(-0.71 %),81180,113000000,0,0,1420,1420,1390
2018-11-28,1.26,1400,0(0.00 %),47730,67000000,0,0,1400,1400,1380
2018-11-29,1.26,1400,0(0.00 %),43820,61000000,0,0,1410,1410,1390
2018-11-30,1.25,1390,-0.01(-0.71 %),31830,44000000,0,0,1380,1400,1380
2018-12-03,1.28,1420,0.03(2.16 %),225470,320000000,0,0,1400,1450,1390
2018-12-04,1.27,1410,-0.01(-0.70 %),17880,25000000,0,0,1430,1430,1410
2018-12-05,1.26,1400,-0.01(-0.71 %),14540,20000000,0,0,1420,1420,1390
2018-12-06,1.27,1410,0.01(0.71 %),72500,102000000,0,0,1390,1420,1390
2018-12-07,1.27,1410,0(0.00 %),50080,70000000,0,0,1420,1420,1390
2018-12-10,1.27,1410,0(0.00 %),46160,65000000,0,0,1400,1410,1400
2018-12-11,1.27,1410,0(0.00 %),10430,15000000,0,0,1400,1410,1390
2018-12-12,1.26,1400,-0.01(-0.71 %),21510,30000000,0,0,1400,1410,1400
2018-12-13,1.26,1400,0(0.00 %),58190,82000000,0,0,1400,1410,1390
2018-12-14,1.26,1400,0(0.00 %),42010,58000000,0,0,1400,1400,1390
2018-12-17,1.25,1390,-0.01(-0.71 %),30190,42000000,0,0,1400,1400,1380
2018-12-18,1.24,1380,-0.01(-0.72 %),53340,73000000,0,0,1390,1390,1370
2018-12-19,1.2,1340,-0.04(-2.90 %),74740,102000000,0,0,1390,1390,1340
2018-12-20,1.2,1330,-0.01(-0.75 %),40090,54000000,0,0,1350,1350,1330
2018-12-21,1.21,1350,0.02(1.50 %),28850,39000000,0,0,1350,1350,1320
2018-12-24,1.21,1350,0(0.00 %),19900,27000000,0,0,1350,1350,1340
2018-12-25,1.17,1300,-0.05(-3.70 %),147160,192000000,0,0,1340,1340,1280
2018-12-26,1.17,1300,0(0.00 %),12430,16000000,0,0,1300,1320,1280
2018-12-27,1.18,1310,0.01(0.77 %),89630,117000000,0,0,1320,1340,1300
2018-12-28,1.16,1290,-0.02(-1.53 %),38800,50000000,0,0,1310,1320,1290
2019-01-02,1.17,1300,0.01(0.78 %),69760,91000000,0,0,1300,1330,1280
2019-01-03,1.17,1300,0(0.00 %),317110,413000000,0,0,1280,1320,1280
2019-01-04,1.18,1310,0.01(0.77 %),63460,83000000,0,0,1300,1320,1300
2019-01-07,1.2,1330,0.02(1.53 %),51720,68000000,0,0,1310,1330,1300
2019-01-08,1.25,1390,0.06(4.51 %),294800,404000000,0,0,1330,1410,1320
2019-01-09,1.24,1380,-0.01(-0.72 %),62780,86000000,0,0,1410,1410,1370
2019-01-10,1.23,1370,-0.01(-0.72 %),20830,29000000,0,0,1400,1400,1360
2019-01-11,1.17,1300,-0.07(-5.11 %),101320,132000000,0,0,1360,1360,1280
2019-01-14,1.17,1300,0(0.00 %),151570,194000000,0,0,1280,1300,1270
2019-01-15,1.17,1300,0(0.00 %),33070,43000000,0,0,1270,1310,1270
2019-01-16,1.17,1300,0(0.00 %),12160,16000000,0,0,1300,1310,1280
2019-01-17,1.17,1300,0(0.00 %),97020,126000000,0,0,1290,1300,1280
2019-01-18,1.14,1270,-0.03(-2.31 %),112730,144000000,0,0,1300,1310,1270
2019-01-21,1.14,1270,0(0.00 %),68840,86000000,0,0,1260,1290,1240
2019-01-22,1.12,1250,-0.02(-1.57 %),64180,81000000,0,0,1280,1280,1250
2019-01-23,1.12,1250,0(0.00 %),48580,61000000,0,0,1250,1260,1240
2019-01-24,1.11,1240,-0.01(-0.80 %),33020,41000000,0,0,1240,1260,1240
2019-01-25,1.12,1250,0.01(0.81 %),21930,27000000,0,0,1260,1260,1230
2019-01-28,1.11,1240,-0.01(-0.80 %),124910,157000000,0,0,1240,1270,1240
2019-01-29,1.13,1260,0.02(1.61 %),19590,24000000,0,0,1250,1260,1250
2019-01-30,1.14,1270,0.01(0.79 %),27400,35000000,0,0,1260,1280,1260
2019-01-31,1.13,1260,-0.01(-0.79 %),42760,54000000,0,0,1260,1280,1240
2019-02-01,1.13,1260,0(0.00 %),41580,52000000,0,0,1260,1260,1240
2019-02-11,1.11,1230,-0.03(-2.38 %),50380,63000000,0,0,1270,1270,1230
2019-02-12,1.11,1240,0.01(0.81 %),107950,135000000,0,0,1230,1260,1230
2019-02-13,1.12,1250,0.01(0.81 %),362060,454000000,0,0,1260,1290,1220
2019-02-14,1.13,1260,0.01(0.80 %),182810,229000000,0,0,1260,1280,1240
2019-02-15,1.12,1250,-0.01(-0.79 %),117850,149000000,0,0,1260,1280,1250
2019-02-18,1.11,1240,-0.01(-0.80 %),253510,317000000,0,0,1270,1270,1240
2019-02-19,1.11,1240,0(0.00 %),264510,328000000,0,0,1250,1260,1230
2019-02-20,1.11,1240,0(0.00 %),109180,135000000,0,0,1250,1250,1230
2019-02-21,1.11,1240,0(0.00 %),95470,119000000,0,0,1250,1260,1230
2019-02-22,1.11,1240,0(0.00 %),73300,92000000,0,0,1250,1260,1240
2019-02-25,1.13,1260,0.02(1.61 %),203200,254000000,0,0,1240,1260,1240
2019-02-26,1.12,1250,-0.01(-0.79 %),86010,108000000,0,0,1260,1260,1250
2019-02-27,1.14,1270,0.02(1.60 %),229990,293000000,0,0,1250,1290,1250
2019-02-28,1.16,1290,0.02(1.57 %),179520,233000000,0,0,1280,1310,1270
2019-03-01,1.24,1380,0.09(6.98 %),263090,356000000,0,0,1310,1380,1270
2019-03-04,1.32,1470,0.09(6.52 %),294480,427000000,0,0,1380,1470,1380
2019-03-05,1.41,1570,0.1(6.80 %),1326560,2082000000,0,0,1570,1570,1510
2019-03-06,1.43,1590,0.02(1.27 %),383730,608000000,0,0,1510,1650,1510
2019-03-07,1.46,1620,0.03(1.89 %),213780,335000000,0,0,1620,1670,1490
2019-03-08,1.42,1580,-0.04(-2.47 %),191880,305000000,0,0,1590,1630,1570
2019-03-11,1.35,1500,-0.08(-5.06 %),164280,248000000,0,0,1510,1570,1500
2019-03-12,1.34,1490,-0.01(-0.67 %),138250,205000000,0,0,1500,1560,1460
2019-03-13,1.43,1590,0.1(6.71 %),332890,526000000,0,0,1470,1590,1470
2019-03-14,1.52,1690,0.1(6.29 %),595190,1000000000,0,0,1640,1700,1600
2019-03-15,1.52,1690,0(0.00 %),403890,661000000,0,0,1720,1720,1580
2019-03-18,1.5,1670,-0.02(-1.18 %),105580,172000000,0,0,1690,1700,1590
2019-03-19,1.43,1590,-0.08(-4.79 %),87370,141000000,0,0,1670,1670,1590
2019-03-20,1.47,1640,0.05(3.14 %),121850,193000000,0,0,1640,1650,1550
2019-03-21,1.46,1620,-0.02(-1.22 %),82100,131000000,0,0,1570,1660,1560
2019-03-22,1.41,1570,-0.05(-3.09 %),32540,52000000,29000,50170000,1620,1640,1570
2019-03-25,1.38,1540,-0.03(-1.91 %),107330,165000000,0,0,1590,1590,1500
2019-03-26,1.39,1550,0.01(0.65 %),23530,36000000,0,0,1570,1570,1510
2019-03-27,1.47,1640,0.09(5.81 %),209030,339000000,0,0,1550,1650,1530
2019-03-28,1.44,1600,-0.04(-2.44 %),64740,106000000,0,0,1640,1660,1600
2019-03-29,1.43,1590,-0.01(-0.62 %),61410,98000000,0,0,1600,1650,1590
2019-04-01,1.44,1600,0.01(0.63 %),167180,256000000,0,0,1540,1630,1520
2019-04-02,1.38,1540,-0.06(-3.75 %),27780,43000000,0,0,1630,1630,1540
2019-04-03,1.41,1570,0.03(1.95 %),407950,620000000,0,0,1580,1580,1500
2019-04-04,1.32,1470,-0.1(-6.37 %),611830,906000000,0,0,1460,1500,1460
2019-04-05,1.26,1400,-0.07(-4.76 %),1133590,1562000000,0,0,1370,1410,1370
2019-04-08,1.34,1490,0.09(6.43 %),395790,584000000,0,0,1390,1490,1390
2019-04-09,1.26,1400,-0.09(-6.04 %),160160,226000000,0,0,1480,1480,1400
2019-04-10,1.25,1390,-0.01(-0.71 %),224290,314000000,0,0,1380,1420,1380
2019-04-11,1.23,1370,-0.02(-1.44 %),47220,65000000,0,0,1390,1390,1360
2019-04-12,1.24,1380,0.01(0.73 %),41670,57000000,0,0,1320,1390,1310
2019-04-16,1.23,1370,-0.01(-0.72 %),225680,312000000,0,0,1380,1400,1360
2019-04-17,1.3,1450,0.08(5.84 %),519250,751000000,0,0,1410,1460,1400
2019-04-18,1.35,1500,0.05(3.45 %),151600,225000000,0,0,1490,1500,1400
2019-04-19,1.34,1490,-0.01(-0.67 %),72770,109000000,0,0,1500,1520,1440
2019-04-22,1.29,1440,-0.05(-3.36 %),152280,223000000,0,0,1430,1500,1420
2019-04-23,1.31,1460,0.02(1.39 %),71230,103000000,0,0,1380,1490,1380
2019-04-24,1.37,1520,0.06(4.11 %),113900,171000000,0,0,1510,1520,1430
2019-04-25,1.33,1480,-0.04(-2.63 %),129120,195000000,0,0,1520,1550,1480
2019-04-26,1.35,1500,0.02(1.35 %),179300,268000000,0,0,1500,1510,1480
2019-05-02,1.33,1480,-0.02(-1.33 %),248120,374000000,0,0,1500,1580,1460
2019-05-03,1.33,1480,0(0.00 %),74290,110000000,0,0,1490,1530,1450
2019-05-06,1.26,1400,-0.08(-5.41 %),98220,138000000,0,0,1460,1490,1380
2019-05-07,1.25,1390,-0.01(-0.71 %),44690,62000000,0,0,1460,1460,1390
2019-05-08,1.26,1400,0.01(0.72 %),12390,17000000,0,0,1390,1440,1370
2019-05-09,1.27,1410,0.01(0.71 %),6020,8000000,0,0,1410,1440,1390
2019-05-10,1.26,1400,-0.01(-0.71 %),42170,58000000,0,0,1410,1430,1330
2019-05-13,1.27,1410,0.01(0.71 %),4620,7000000,0,0,1400,1410,1400
2019-05-14,1.26,1400,-0.01(-0.71 %),24940,35000000,0,0,1400,1420,1360
2019-05-15,1.26,1400,0(0.00 %),60310,84000000,0,0,1400,1410,1350
2019-05-16,1.26,1400,0(0.00 %),43560,60000000,0,0,1400,1400,1370
2019-05-17,1.26,1400,0(0.00 %),51660,73000000,0,0,1410,1450,1390
2019-05-20,1.26,1400,0(0.00 %),48470,68000000,0,0,1400,1430,1380
2019-05-21,1.26,1400,0(0.00 %),7420,10000000,0,0,1400,1400,1380
2019-05-22,1.26,1400,0(0.00 %),46680,65000000,0,0,1400,1400,1370
2019-05-23,1.26,1400,0(0.00 %),86230,119000000,0,0,1380,1400,1360
2019-05-24,1.28,1420,0.02(1.43 %),50090,71000000,0,0,1370,1430,1370
2019-05-27,1.36,1510,0.09(6.34 %),231130,344000000,0,0,1400,1510,1400
2019-05-28,1.3,1450,-0.06(-3.97 %),88950,130000000,0,0,1530,1530,1440
2019-05-29,1.34,1490,0.04(2.76 %),122580,182000000,0,0,1490,1500,1450
2019-05-30,1.31,1460,-0.03(-2.01 %),69280,101000000,0,0,1500,1500,1440
2019-05-31,1.32,1470,0.01(0.68 %),38230,56000000,0,0,1460,1480,1410
2019-06-03,1.3,1450,-0.02(-1.36 %),51810,74000000,0,0,1470,1560,1380
2019-06-04,1.29,1430,-0.02(-1.38 %),43750,63000000,0,0,1440,1450,1430
2019-06-05,1.29,1430,0(0.00 %),24200,35000000,0,0,1450,1450,1430
2019-06-06,1.29,1440,0.01(0.70 %),152930,219000000,0,0,1450,1450,1420
2019-06-07,1.29,1440,0(0.00 %),166750,240000000,0,0,1430,1450,1430
2019-06-10,1.31,1460,0.02(1.39 %),127570,185000000,0,0,1470,1470,1430
2019-06-11,1.34,1490,0.03(2.05 %),95980,141000000,0,0,1460,1490,1450
2019-06-12,1.36,1510,0.02(1.34 %),135570,205000000,0,0,1490,1520,1470
2019-06-13,1.43,1590,0.08(5.30 %),498580,795000000,0,0,1500,1610,1500
2019-06-14,1.42,1580,-0.01(-0.63 %),64830,103000000,0,0,1590,1610,1540
2019-06-17,1.44,1600,0.02(1.27 %),33480,54000000,0,0,1610,1620,1590
2019-06-18,1.34,1490,-0.11(-6.87 %),163770,252000000,0,0,1560,1600,1490
2019-06-19,1.38,1530,0.04(2.68 %),80500,124000000,0,0,1530,1580,1500
2019-06-20,1.38,1530,0(0.00 %),37020,57000000,0,0,1580,1580,1520
2019-06-21,1.44,1600,0.07(4.58 %),199480,314000000,0,0,1600,1610,1510
2019-06-24,1.44,1600,0(0.00 %),229140,368000000,0,0,1600,1620,1590
2019-06-25,1.43,1590,-0.01(-0.62 %),111060,178000000,0,0,1590,1620,1590
2019-06-26,1.44,1600,0.01(0.63 %),51690,82000000,0,0,1600,1610,1570
2019-06-27,1.47,1640,0.04(2.50 %),161740,263000000,0,0,1640,1680,1560
2019-06-28,1.47,1640,0(0.00 %),63800,104000000,0,0,1640,1660,1600
2019-07-01,1.49,1660,0.02(1.22 %),26540,44000000,0,0,1660,1680,1580
2019-07-02,1.5,1670,0.01(0.60 %),74590,125000000,0,0,1670,1690,1590
2019-07-03,1.57,1750,0.08(4.79 %),155700,264000000,0,0,1660,1750,1650
2019-07-04,1.59,1770,0.02(1.14 %),112350,198000000,0,0,1660,1780,1660
2019-07-05,1.48,1650,-0.12(-6.78 %),173660,289000000,0,0,1780,1780,1650
2019-07-08,1.47,1640,-0.01(-0.61 %),132790,215000000,0,0,1650,1660,1610
2019-07-09,1.49,1660,0.02(1.22 %),23630,38000000,0,0,1610,1660,1600
2019-07-10,1.43,1590,-0.07(-4.22 %),35480,57000000,0,0,1670,1670,1580
2019-07-11,1.44,1600,0.01(0.63 %),5000,8000000,0,0,1610,1610,1600
2019-07-12,1.43,1590,-0.01(-0.62 %),25210,40000000,0,0,1590,1650,1590
2019-07-15,1.47,1640,0.05(3.14 %),36590,59000000,0,0,1590,1650,1590
2019-07-16,1.47,1640,0(0.00 %),68410,112000000,0,0,1640,1640,1600
2019-07-17,1.45,1610,-0.03(-1.83 %),174510,284000000,0,0,1600,1650,1600
2019-07-18,1.46,1630,0.02(1.24 %),41260,67000000,0,0,1630,1650,1630
2019-07-19,1.55,1730,0.1(6.13 %),127350,219000000,0,0,1630,1740,1630
2019-07-22,1.59,1770,0.04(2.31 %),156170,275000000,0,0,1730,1780,1720
2019-07-23,1.64,1820,0.05(2.82 %),349070,630000000,0,0,1770,1820,1770
2019-07-24,1.54,1710,-0.11(-6.04 %),80030,142000000,0,0,1830,1830,1710
2019-07-25,1.57,1750,0.04(2.34 %),260230,468000000,0,0,1770,1820,1710
2019-07-26,1.66,1850,0.1(5.71 %),260910,481000000,0,0,1840,1870,1760
2019-07-29,1.57,1750,-0.1(-5.41 %),57670,103000000,0,0,1850,1850,1740
2019-07-30,1.65,1840,0.09(5.14 %),408340,753000000,0,0,1750,1870,1750
2019-07-31,1.7,1890,0.05(2.72 %),229230,435000000,0,0,1920,1930,1810
2019-08-01,1.62,1800,-0.09(-4.76 %),150210,282000000,0,0,1930,1950,1800
2019-08-02,1.62,1800,0(0.00 %),131150,237000000,0,0,1800,1850,1790
2019-08-05,1.52,1690,-0.11(-6.11 %),362080,621000000,0,0,1760,1800,1680
2019-08-06,1.48,1650,-0.04(-2.37 %),304920,511000000,0,0,1690,1700,1620
2019-08-07,1.55,1730,0.08(4.85 %),44430,75000000,0,0,1690,1740,1650
2019-08-08,1.57,1750,0.02(1.16 %),105670,186000000,0,0,1790,1790,1730
2019-08-09,1.59,1770,0.02(1.14 %),94540,168000000,0,0,1730,1800,1730
2019-08-12,1.64,1820,0.05(2.82 %),226340,409000000,0,0,1790,1830,1780
2019-08-13,1.62,1800,-0.02(-1.10 %),462470,846000000,0,0,1840,1840,1770
2019-08-14,1.61,1790,-0.01(-0.56 %),324560,587000000,0,0,1850,1850,1790
2019-08-15,1.58,1760,-0.03(-1.68 %),276830,494000000,0,0,1790,1830,1700
2019-08-16,1.58,1760,0(0.00 %),108800,197000000,0,0,1800,1840,1760
2019-08-19,1.62,1800,0.04(2.27 %),46170,84000000,0,0,1820,1820,1790
2019-08-20,1.55,1720,-0.08(-4.44 %),52800,92000000,0,0,1800,1850,1720
2019-08-21,1.62,1800,0.08(4.65 %),90910,164000000,0,0,1740,1820,1740
2019-08-22,1.62,1800,0(0.00 %),174620,315000000,0,0,1850,1850,1800
2019-08-23,1.63,1810,0.01(0.56 %),50490,91000000,0,0,1800,1810,1790
2019-08-26,1.64,1820,0.01(0.55 %),175170,319000000,0,0,1800,1830,1800
2019-08-27,1.69,1880,0.06(3.30 %),175510,324000000,0,0,1820,1880,1780
2019-08-28,1.66,1850,-0.03(-1.60 %),132000,243000000,0,0,1940,1940,1820
2019-08-29,1.68,1870,0.02(1.08 %),159370,295000000,0,0,1850,1900,1840
2019-08-30,1.68,1870,0(0.00 %),105110,195000000,0,0,1890,1890,1850
2019-09-03,1.59,1770,-0.1(-5.35 %),107450,196000000,0,0,1870,1880,1740
2019-09-04,1.69,1880,0.11(6.21 %),129800,241000000,0,0,1870,1880,1700
2019-09-05,1.71,1900,0.02(1.06 %),121400,228000000,0,0,1870,1900,1850
2019-09-06,1.6,1780,-0.12(-6.32 %),148740,267000000,480000,864000000,1900,1900,1770
2019-09-09,1.71,1900,0.12(6.74 %),355230,670000000,1593100,2835718000,1800,1900,1750
2019-09-10,1.71,1900,0(0.00 %),120730,229000000,520000,982800000,1930,1930,1830
2019-09-11,1.75,1950,0.05(2.63 %),294370,567000000,440000,818400000,1820,1950,1820
2019-09-12,1.87,2080,0.13(6.67 %),445950,899000000,560000,1064000000,1980,2080,1960
2019-09-13,1.92,2140,0.06(2.88 %),235920,501000000,0,0,2140,2170,2060
2019-09-16,2.05,2280,0.14(6.54 %),536210,1195000000,580000,1218000000,2140,2280,2130
2019-09-17,2.1,2340,0.06(2.63 %),452060,1070000000,630000,1373400000,2140,2400,2140
2019-09-18,2.11,2350,0.01(0.43 %),125840,290000000,90000,201600000,2180,2380,2180
2019-09-19,1.97,2190,-0.16(-6.81 %),318890,711000000,0,0,2330,2330,2190
2019-09-20,1.94,2160,-0.03(-1.37 %),208790,438000000,0,0,2050,2250,2050
2019-09-23,2.02,2250,0.09(4.17 %),148100,332000000,0,0,2240,2290,2160
2019-09-24,2.06,2290,0.04(1.78 %),142100,324000000,0,0,2300,2300,2210
2019-09-25,2.07,2300,0.01(0.44 %),162820,368000000,0,0,2250,2310,2200
2019-09-26,2.0,2220,-0.08(-3.48 %),205820,466000000,0,0,2300,2300,2220
2019-09-27,2.06,2290,0.07(3.15 %),301660,652000000,0,0,2170,2300,2080
2019-09-30,2.08,2310,0.02(0.87 %),341610,797000000,0,0,2310,2380,2180
2019-10-01,2.22,2470,0.16(6.93 %),1533660,3711000000,0,0,2330,2470,2270
2019-10-02,2.18,2430,-0.04(-1.62 %),270890,676000000,0,0,2580,2580,2420
2019-10-03,2.16,2400,-0.03(-1.23 %),112810,273000000,0,0,2430,2450,2350
2019-10-04,2.24,2490,0.09(3.75 %),718460,1825000000,0,0,2390,2560,2390
2019-10-07,2.33,2590,0.1(4.02 %),346360,887000000,0,0,2540,2590,2540
2019-10-08,2.49,2770,0.18(6.95 %),2998380,8247000000,0,0,2540,2770,2540
2019-10-09,2.43,2700,-0.07(-2.53 %),1047890,2874000000,0,0,2840,2840,2690
2019-10-10,2.52,2800,0.1(3.70 %),674350,1865000000,0,0,2700,2850,2700
2019-10-11,2.47,2750,-0.05(-1.79 %),954210,2625000000,0,0,2780,2800,2700
2019-10-14,2.47,2750,0(0.00 %),846830,2322000000,0,0,2750,2800,2710
2019-10-15,2.47,2750,0(0.00 %),973080,2719000000,0,0,2750,2940,2710
2019-10-16,2.5,2780,0.03(1.09 %),538010,1484000000,0,0,2780,2790,2740
2019-10-17,2.36,2630,-0.15(-5.40 %),727640,1957000000,0,0,2800,2800,2630
2019-10-18,2.4,2670,0.04(1.52 %),696890,1864000000,0,0,2650,2800,2590
2019-10-21,2.35,2620,-0.05(-1.87 %),497060,1314000000,0,0,2700,2750,2620
2019-10-22,2.52,2800,0.18(6.87 %),1215360,3293000000,0,0,2630,2800,2620
2019-10-23,2.65,2950,0.15(5.36 %),1131260,3308000000,0,0,2800,2970,2800
2019-10-24,2.62,2920,-0.03(-1.02 %),1156840,3430000000,0,0,2970,3030,2880
2019-10-25,2.58,2870,-0.05(-1.71 %),452320,1297000000,0,0,2930,2930,2850
2019-10-28,2.6,2890,0.02(0.70 %),1666020,4927000000,0,0,2850,3040,2850
2019-10-29,2.78,3090,0.2(6.92 %),1516100,4606000000,0,0,2890,3090,2890
2019-10-30,2.81,3130,0.04(1.29 %),1296160,4155000000,0,0,3100,3290,3090
2019-10-31,2.82,3140,0.01(0.32 %),1608790,5126000000,0,0,3130,3270,3130
2019-11-01,3.0,3340,0.2(6.37 %),3269100,10293000000,0,0,3140,3350,2930
2019-11-04,2.97,3300,-0.04(-1.20 %),1597800,5353000000,0,0,3380,3460,3280
2019-11-05,2.86,3180,-0.12(-3.64 %),1045890,3402000000,0,0,3290,3350,3150
2019-11-06,3.0,3340,0.16(5.03 %),2063420,6695000000,0,0,3150,3340,3150
2019-11-07,3.06,3400,0.06(1.80 %),1542180,5297000000,0,0,3440,3480,3400
2019-11-08,3.17,3530,0.13(3.82 %),2942060,10269000000,0,0,3400,3540,3400
2019-11-11,3.18,3540,0.01(0.28 %),1849760,6502000000,0,0,3540,3550,3430
2019-11-12,3.4,3780,0.24(6.78 %),3933240,14686000000,0,0,3540,3780,3500
2019-11-13,3.63,4040,0.26(6.88 %),5947820,23796000000,0,0,3890,4040,3800
2019-11-14,3.84,4270,0.23(5.69 %),4303370,18296000000,0,0,4040,4320,4040
2019-11-15,3.58,3980,-0.29(-6.79 %),2643260,10618000000,0,0,4150,4270,3980
2019-11-18,3.33,3710,-0.27(-6.78 %),341120,1266000000,0,0,3710,3710,3710
2019-11-19,3.15,3500,-0.21(-5.66 %),6332530,22017000000,0,0,3460,3710,3460
2019-11-20,2.93,3260,-0.24(-6.86 %),1608210,5283000000,0,0,3500,3550,3260
2019-11-21,2.73,3040,-0.22(-6.75 %),554540,1686000000,0,0,3040,3040,3040
2019-11-22,2.54,2830,-0.21(-6.91 %),571070,1616000000,0,0,2830,2830,2830
2019-11-25,2.37,2640,-0.19(-6.71 %),357180,943000000,0,0,2640,2640,2640
2019-11-26,2.21,2460,-0.18(-6.82 %),347320,854000000,0,0,2460,2460,2460
2019-11-27,2.36,2630,0.17(6.91 %),3949190,9690000000,0,0,2290,2630,2290
2019-11-28,2.53,2810,0.18(6.84 %),634050,1763000000,0,0,2750,2810,2690
2019-11-29,2.46,2740,-0.07(-2.49 %),2636560,7654000000,0,0,2950,3000,2690
2019-12-02,2.29,2550,-0.19(-6.93 %),2827310,7255000000,0,0,2560,2680,2550
2019-12-03,2.38,2650,0.1(3.92 %),1364540,3520000000,0,0,2520,2720,2390
2019-12-04,2.32,2580,-0.07(-2.64 %),726370,1848000000,0,0,2560,2650,2490
2019-12-05,2.32,2580,0(0.00 %),1416310,3732000000,0,0,2580,2750,2410
2019-12-06,2.48,2760,0.18(6.98 %),2301530,6249000000,0,0,2580,2760,2580
2019-12-09,2.65,2950,0.19(6.88 %),2229640,6536000000,0,0,2850,2950,2790
2019-12-10,2.83,3150,0.2(6.78 %),1774670,5492000000,0,0,2950,3150,2950
2019-12-11,2.88,3200,0.05(1.59 %),1456640,4625000000,0,0,3190,3330,3030
2019-12-12,2.78,3090,-0.11(-3.44 %),1533160,4798000000,0,0,3140,3230,3080
2019-12-13,2.81,3130,0.04(1.29 %),1469380,4658000000,0,0,3100,3250,3100
2019-12-16,2.93,3260,0.13(4.15 %),1838780,5948000000,0,0,3100,3340,3100
2019-12-17,2.86,3180,-0.08(-2.45 %),2782290,9102000000,0,0,3300,3420,3050
2019-12-18,2.66,2960,-0.22(-6.92 %),2218380,6681000000,0,0,3110,3200,2960
2019-12-19,2.51,2790,-0.17(-5.74 %),1498180,4188000000,0,0,2830,2900,2760
2019-12-20,2.68,2980,0.19(6.81 %),1247940,3632000000,0,0,2740,2980,2740
2019-12-23,2.86,3180,0.2(6.71 %),1213540,3845000000,0,0,2980,3180,2980
2019-12-24,2.84,3160,-0.02(-0.63 %),1448340,4626000000,0,0,3200,3250,3140
2019-12-25,2.84,3160,0(0.00 %),1491710,4723000000,0,0,3100,3230,3050
2019-12-26,2.74,3050,-0.11(-3.48 %),800810,2439000000,0,0,3160,3160,2960
2019-12-27,2.59,2880,-0.17(-5.57 %),1765260,5045000000,0,0,2990,3050,2840
2019-12-30,2.59,2880,0(0.00 %),865320,2402000000,0,0,2880,2890,2680
2019-12-31,2.77,3080,0.2(6.94 %),238140,699000000,0,0,2860,3080,2800
2020-01-02,2.67,2970,-0.11(-3.57 %),344810,1030000000,0,0,3010,3070,2940
2020-01-03,2.7,3000,0.03(1.01 %),951100,2792000000,0,0,2970,3000,2830
2020-01-06,2.55,2840,-0.16(-5.33 %),324820,937000000,0,0,3000,3000,2840
2020-01-07,2.55,2840,0(0.00 %),297730,847000000,0,0,2810,2940,2720
2020-01-08,2.38,2650,-0.19(-6.69 %),639050,1722000000,0,0,2770,2830,2650
2020-01-09,2.52,2800,0.15(5.66 %),294840,796000000,0,0,2700,2800,2600
2020-01-10,2.5,2780,-0.02(-0.71 %),335420,924000000,0,0,2690,2880,2690
2020-01-13,2.47,2750,-0.03(-1.08 %),218590,594000000,0,0,2790,2790,2660
2020-01-14,2.42,2690,-0.06(-2.18 %),335840,902000000,0,0,2650,2750,2620
2020-01-15,2.31,2570,-0.12(-4.46 %),339430,880000000,0,0,2690,2720,2550
2020-01-16,2.25,2500,-0.07(-2.72 %),272800,689000000,0,0,2670,2670,2500
2020-01-17,2.09,2330,-0.17(-6.80 %),413510,988000000,0,0,2530,2530,2330
2020-01-20,1.98,2200,-0.13(-5.58 %),633420,1391000000,0,0,2300,2350,2170
2020-01-21,2.11,2350,0.15(6.82 %),373940,856000000,0,0,2210,2350,2180
2020-01-22,2.26,2510,0.16(6.81 %),292670,730000000,0,0,2480,2510,2440
2020-01-30,2.1,2340,-0.17(-6.77 %),204880,483000000,0,0,2500,2500,2340
2020-01-31,1.96,2180,-0.16(-6.84 %),992020,2177000000,0,0,2190,2310,2180
2020-02-03,1.82,2030,-0.15(-6.88 %),1746990,3551000000,0,0,2030,2120,2030
2020-02-04,1.73,1930,-0.1(-4.93 %),392870,779000000,0,0,2030,2110,1930
2020-02-05,1.85,2060,0.13(6.74 %),458180,930000000,0,0,2000,2060,1930
2020-02-06,1.98,2200,0.14(6.80 %),833010,1827000000,0,0,2160,2200,2080
2020-02-07,1.95,2170,-0.03(-1.36 %),314100,694000000,0,0,2250,2260,2150
2020-02-10,1.91,2120,-0.05(-2.30 %),300490,621000000,0,0,2100,2160,2020
2020-02-11,1.91,2130,0.01(0.47 %),151970,311000000,0,0,2060,2170,2000
2020-02-12,1.98,2200,0.07(3.29 %),506760,1107000000,0,0,2160,2230,2100
2020-02-13,2.1,2340,0.14(6.36 %),873780,1989000000,0,0,2230,2350,2180
2020-02-14,2.16,2400,0.06(2.56 %),321800,763000000,0,0,2260,2470,2260
2020-02-17,2.2,2450,0.05(2.08 %),174530,413000000,0,0,2340,2450,2280
2020-02-18,2.09,2320,-0.13(-5.31 %),501190,1208000000,0,0,2400,2500,2320
2020-02-19,2.14,2380,0.06(2.59 %),401220,930000000,0,0,2320,2450,2290
2020-02-20,2.07,2300,-0.08(-3.36 %),285420,675000000,0,0,2380,2430,2300
2020-02-21,2.02,2250,-0.05(-2.17 %),206090,475000000,0,0,2390,2390,2250
2020-02-24,1.89,2100,-0.15(-6.67 %),912700,1921000000,0,0,2200,2200,2100
2020-02-25,1.94,2160,0.06(2.86 %),274290,564000000,0,0,2100,2190,1990
2020-02-26,1.86,2070,-0.09(-4.17 %),86700,183000000,0,0,2160,2180,2030
2020-02-27,1.89,2100,0.03(1.45 %),194770,410000000,0,0,2080,2150,2060
2020-02-28,1.86,2070,-0.03(-1.43 %),320040,645000000,0,0,2120,2120,1980
2020-03-02,1.86,2070,0(0.00 %),268090,553000000,0,0,2100,2100,2010
2020-03-03,1.92,2140,0.07(3.38 %),702640,1469000000,0,0,2100,2180,2060
2020-03-04,2.05,2280,0.14(6.54 %),943860,2029000000,0,0,2140,2280,2000
2020-03-05,1.98,2200,-0.08(-3.51 %),593080,1335000000,0,0,2420,2420,2150
2020-03-06,2.0,2220,0.02(0.91 %),351610,751000000,0,0,2150,2220,2090
2020-03-09,1.86,2070,-0.15(-6.76 %),817510,1693000000,0,0,2070,2080,2070
2020-03-10,1.87,2080,0.01(0.48 %),397990,799000000,0,0,1940,2170,1940
2020-03-11,1.82,2020,-0.06(-2.88 %),410580,844000000,0,0,2140,2160,2000
2020-03-12,1.7,1890,-0.13(-6.44 %),1551110,2937000000,0,0,1880,2000,1880
2020-03-13,1.82,2020,0.13(6.88 %),1114250,2107000000,0,0,1760,2020,1760
2020-03-16,1.94,2160,0.14(6.93 %),745990,1611000000,0,0,2160,2160,2150
2020-03-17,2.08,2310,0.15(6.94 %),1165260,2687000000,0,0,2310,2310,2250
2020-03-18,2.22,2470,0.16(6.93 %),479650,1185000000,0,0,2470,2470,2470
2020-03-19,2.07,2300,-0.17(-6.88 %),2823840,7165000000,0,0,2640,2640,2300
2020-03-20,1.92,2140,-0.16(-6.96 %),866010,1860000000,0,0,2140,2260,2140
2020-03-23,1.82,2020,-0.12(-5.61 %),1044910,2137000000,0,0,2020,2140,2000
2020-03-24,1.94,2160,0.14(6.93 %),942860,1935000000,0,0,1930,2160,1930
2020-03-25,1.91,2120,-0.04(-1.85 %),259700,544000000,0,0,2160,2260,2040
2020-03-26,1.84,2050,-0.07(-3.30 %),169390,348000000,0,0,2060,2110,2030
2020-03-27,1.85,2060,0.01(0.49 %),292660,593000000,0,0,2030,2060,2000
2020-03-30,1.73,1920,-0.14(-6.80 %),1011180,1943000000,0,0,2000,2000,1920
2020-03-31,1.67,1860,-0.06(-3.12 %),646080,1254000000,0,0,1900,2040,1860
2020-04-01,1.79,1990,0.13(6.99 %),438390,841000000,0,0,1890,1990,1870
2020-04-03,1.87,2080,0.09(4.52 %),226620,475000000,0,0,2000,2120,2000
2020-04-06,1.98,2200,0.12(5.77 %),458810,955000000,0,0,2110,2200,2000
2020-04-07,1.84,2050,-0.15(-6.82 %),414480,856000000,0,0,2100,2160,2050
2020-04-08,1.83,2040,-0.01(-0.49 %),216490,443000000,0,0,1970,2090,1970
2020-04-09,1.82,2020,-0.02(-0.98 %),402900,822000000,0,0,2070,2080,2020
2020-04-10,1.94,2160,0.14(6.93 %),1559640,3331000000,0,0,2020,2160,2000
2020-04-13,1.97,2190,0.03(1.39 %),825670,1875000000,0,0,2160,2310,2160
2020-04-14,1.88,2090,-0.1(-4.57 %),411600,870000000,0,0,2160,2180,2070
2020-04-15,1.92,2140,0.05(2.39 %),477410,999000000,0,0,2090,2150,2050
2020-04-16,1.93,2150,0.01(0.47 %),424330,902000000,0,0,2100,2150,2070
2020-04-17,2.07,2300,0.15(6.98 %),1842680,4199000000,0,0,2150,2300,2150
2020-04-20,2.03,2260,-0.04(-1.74 %),511020,1181000000,0,0,2340,2400,2260
2020-04-21,1.91,2120,-0.14(-6.19 %),809710,1731000000,0,0,2200,2250,2110
2020-04-22,1.91,2120,0(0.00 %),577390,1209000000,0,0,2070,2190,2030
2020-04-23,1.91,2130,0.01(0.47 %),172990,374000000,0,0,2190,2190,2130
2020-04-24,2.04,2270,0.14(6.57 %),842100,1878000000,0,0,2120,2270,2110
2020-04-27,2.13,2370,0.1(4.41 %),1816540,4324000000,0,0,2310,2420,2300
2020-04-28,2.12,2360,-0.01(-0.42 %),495510,1163000000,0,0,2350,2390,2300
2020-04-29,2.24,2490,0.13(5.51 %),2421570,6054000000,0,0,2490,2520,2400
2020-05-04,2.09,2320,-0.17(-6.83 %),1289320,3010000000,0,0,2400,2480,2320
2020-05-05,2.11,2350,0.03(1.29 %),483490,1122000000,0,0,2320,2350,2290
2020-05-06,2.11,2350,0(0.00 %),413910,963000000,0,0,2320,2390,2280
2020-05-07,2.09,2330,-0.02(-0.85 %),183130,424000000,0,0,2360,2360,2290
2020-05-08,1.96,2180,-0.15(-6.44 %),891920,2041000000,0,0,2320,2370,2170
2020-05-11,2.06,2290,0.11(5.05 %),271060,613000000,0,0,2290,2300,2180
2020-05-12,2.05,2280,-0.01(-0.44 %),280650,642000000,0,0,2320,2320,2250
2020-05-13,2.11,2350,0.07(3.07 %),404840,926000000,0,0,2260,2390,2230
2020-05-14,2.16,2400,0.05(2.13 %),1348060,3222000000,0,0,2350,2440,2330
2020-05-15,2.15,2390,-0.01(-0.42 %),739050,1787000000,0,0,2450,2500,2340
2020-05-18,2.16,2400,0.01(0.42 %),358490,854000000,0,0,2320,2440,2320
2020-05-19,2.09,2330,-0.07(-2.92 %),625020,1475000000,0,0,2400,2410,2330
2020-05-20,2.1,2340,0.01(0.43 %),282690,662000000,0,0,2330,2370,2320
2020-05-21,2.12,2360,0.02(0.85 %),634480,1502000000,0,0,2340,2400,2330
2020-05-22,2.09,2320,-0.04(-1.69 %),306580,717000000,0,0,2360,2380,2320
2020-05-25,2.09,2320,0(0.00 %),430520,994000000,0,0,2320,2340,2260
2020-05-26,2.16,2400,0.08(3.45 %),829050,1990000000,0,0,2320,2470,2320
2020-05-27,2.15,2390,-0.01(-0.42 %),498040,1194000000,0,0,2420,2440,2350
2020-05-28,2.13,2370,-0.02(-0.84 %),363540,863000000,0,0,2380,2410,2350
2020-05-29,2.27,2530,0.16(6.75 %),3543210,8900000000,0,0,2340,2530,2340
2020-06-01,2.43,2700,0.17(6.72 %),2856430,7685000000,0,0,2600,2700,2600
2020-06-02,2.26,2520,-0.18(-6.67 %),1974510,5100000000,0,0,2800,2800,2520
2020-06-03,2.22,2470,-0.05(-1.98 %),1052370,2528000000,0,0,2380,2490,2380
2020-06-04,2.23,2480,0.01(0.40 %),1236450,3010000000,0,0,2410,2480,2390
2020-06-05,2.3,2560,0.08(3.23 %),1016050,2573000000,0,0,2450,2620,2430
2020-06-08,2.44,2720,0.16(6.25 %),2234850,5986000000,0,0,2600,2730,2570
2020-06-09,2.33,2590,-0.13(-4.78 %),1400740,3715000000,0,0,2750,2750,2580
2020-06-10,2.49,2770,0.18(6.95 %),654980,1814000000,0,0,2770,2770,2770
2020-06-11,2.34,2600,-0.17(-6.14 %),5429070,15935000000,0,0,2960,2960,2600
2020-06-12,2.5,2780,0.18(6.92 %),2897350,7943000000,0,0,2500,2780,2500
2020-06-15,2.67,2970,0.19(6.83 %),4275920,12699000000,0,0,2970,2970,2960
2020-06-16,2.85,3170,0.2(6.73 %),2794090,8854000000,0,0,3170,3170,3000
2020-06-17,2.77,3080,-0.09(-2.84 %),5964050,18732000000,0,0,3300,3350,2950
2020-06-18,2.66,2960,-0.12(-3.90 %),2318330,6783000000,0,0,3000,3080,2870
2020-06-19,2.81,3130,0.17(5.74 %),2089680,6440000000,0,0,2940,3160,2920
2020-06-22,2.7,3000,-0.13(-4.15 %),2621050,8213000000,0,0,3190,3290,3000
2020-06-23,2.79,3100,0.1(3.33 %),1757490,5413000000,0,0,3020,3150,3010
2020-06-24,2.76,3070,-0.03(-0.97 %),2617640,8215000000,0,0,3110,3250,3000
2020-06-25,2.79,3100,0.03(0.98 %),1181020,3616000000,0,0,2990,3120,2950
2020-06-26,2.71,3010,-0.09(-2.90 %),1224140,3730000000,0,0,3100,3210,2950
2020-06-29,2.52,2800,-0.21(-6.98 %),2031040,5752000000,0,0,2940,2960,2800
2020-06-30,2.35,2610,-0.19(-6.79 %),1539990,4120000000,0,0,2830,2860,2610
2020-07-01,2.43,2700,0.09(3.45 %),1302480,3378000000,0,0,2610,2700,2430
2020-07-02,2.34,2600,-0.1(-3.70 %),688420,1810000000,0,0,2690,2700,2580
2020-07-03,2.4,2670,0.07(2.69 %),416060,1102000000,0,0,2600,2710,2560
2020-07-06,2.42,2690,0.02(0.75 %),749640,2044000000,0,0,2700,2780,2690
2020-07-07,2.33,2590,-0.1(-3.72 %),1009260,2665000000,0,0,2700,2720,2590
2020-07-08,2.39,2660,0.07(2.70 %),370900,980000000,0,0,2590,2700,2590
2020-07-09,2.51,2790,0.13(4.89 %),815180,2221000000,0,0,2690,2830,2590
2020-07-10,2.44,2710,-0.08(-2.87 %),737000,2038000000,0,0,2800,2810,2700
2020-07-13,2.42,2690,-0.02(-0.74 %),401790,1090000000,0,0,2740,2760,2690
2020-07-14,2.42,2690,0(0.00 %),293440,783000000,0,0,2630,2710,2630
2020-07-15,2.58,2870,0.18(6.69 %),999740,2856000000,0,0,2800,2870,2780
2020-07-16,2.73,3040,0.17(5.92 %),2897370,8761000000,0,0,2960,3070,2900
2020-07-17,2.71,3010,-0.03(-0.99 %),657550,1987000000,0,0,3000,3080,2970
2020-07-20,2.58,2870,-0.14(-4.65 %),699580,2044000000,0,0,2870,3020,2870
2020-07-21,2.53,2810,-0.06(-2.09 %),463940,1309000000,0,0,2870,2890,2700
2020-07-22,2.51,2790,-0.02(-0.71 %),703220,1992000000,0,0,2880,2900,2790
2020-07-23,2.43,2700,-0.09(-3.23 %),539840,1454000000,0,0,2790,2790,2640
2020-07-24,2.26,2520,-0.18(-6.67 %),1543320,3943000000,0,0,2700,2700,2520
2020-07-27,2.11,2350,-0.17(-6.75 %),1371630,3255000000,0,0,2350,2490,2350
2020-07-28,2.25,2500,0.15(6.38 %),518450,1246000000,0,0,2390,2500,2300
2020-07-29,2.09,2330,-0.17(-6.80 %),945860,2213000000,0,0,2360,2440,2330
2020-07-30,2.13,2370,0.04(1.72 %),136310,319000000,0,0,2250,2380,2250
2020-07-31,2.07,2300,-0.07(-2.95 %),257330,597000000,0,0,2300,2370,2290
2020-08-03,2.18,2420,0.12(5.22 %),658250,1605000000,0,0,2300,2460,2300
2020-08-04,2.24,2490,0.07(2.89 %),403000,996000000,0,0,2430,2520,2410
2020-08-05,2.24,2490,0(0.00 %),298330,741000000,0,0,2450,2510,2450
2020-08-06,2.18,2430,-0.06(-2.41 %),540520,1321000000,0,0,2430,2500,2420
2020-08-07,2.2,2450,0.02(0.82 %),255900,628000000,0,0,2480,2490,2430
2020-08-10,2.26,2510,0.06(2.45 %),508680,1263000000,0,0,2510,2510,2450
2020-08-11,2.21,2460,-0.05(-1.99 %),322440,795000000,0,0,2510,2510,2450
2020-08-12,2.24,2490,0.03(1.22 %),415430,1029000000,0,0,2460,2500,2460
2020-08-13,2.39,2660,0.17(6.83 %),1160250,2997000000,0,0,2500,2660,2480
2020-08-14,2.29,2550,-0.11(-4.14 %),733920,1918000000,0,0,2700,2790,2510
2020-08-17,2.35,2610,0.06(2.35 %),661460,1724000000,0,0,2610,2690,2500
2020-08-18,2.34,2600,-0.01(-0.38 %),459910,1209000000,0,0,2610,2690,2590
2020-08-19,2.36,2630,0.03(1.15 %),404490,1071000000,0,0,2650,2690,2600
2020-08-20,2.33,2590,-0.04(-1.52 %),375070,977000000,0,0,2630,2650,2570
2020-08-21,2.4,2670,0.08(3.09 %),737870,1967000000,0,0,2630,2750,2600
2020-08-24,2.52,2800,0.13(4.87 %),768780,2130000000,0,0,2700,2840,2690
2020-08-25,2.46,2740,-0.06(-2.14 %),497800,1375000000,0,0,2850,2850,2700
2020-08-26,2.44,2710,-0.03(-1.09 %),534730,1444000000,0,0,2760,2760,2680
2020-08-27,2.48,2760,0.05(1.85 %),490740,1338000000,0,0,2700,2760,2690
2020-08-28,2.58,2870,0.11(3.99 %),1110910,3174000000,0,0,2790,2900,2760
2020-08-31,2.63,2930,0.06(2.09 %),2413090,7062000000,0,0,3000,3000,2870
2020-09-01,2.59,2880,-0.05(-1.71 %),754930,2180000000,0,0,2930,2970,2850
2020-09-03,2.61,2900,0.02(0.69 %),1010130,2919000000,0,0,2900,2970,2850
2020-09-04,2.51,2790,-0.11(-3.79 %),1087710,3053000000,0,0,2860,2860,2780
2020-09-07,2.56,2850,0.06(2.15 %),727940,2068000000,0,0,2880,2900,2780
2020-09-08,2.59,2880,0.03(1.05 %),628250,1795000000,0,0,2860,2890,2820
2020-09-09,2.73,3040,0.16(5.56 %),2495130,7546000000,0,0,2850,3080,2800
2020-09-10,2.71,3010,-0.03(-0.99 %),642040,1944000000,0,0,3100,3100,3000
2020-09-11,2.7,3000,-0.01(-0.33 %),746910,2245000000,0,0,3010,3030,2970
2020-09-14,2.68,2980,-0.02(-0.67 %),899530,2680000000,0,0,2960,3020,2950
2020-09-15,2.72,3030,0.05(1.68 %),1848260,5625000000,0,0,2980,3150,2950
2020-09-16,2.69,2990,-0.04(-1.32 %),424440,1276000000,0,0,3060,3070,2980
2020-09-17,2.67,2970,-0.02(-0.67 %),798270,2390000000,0,0,2990,3040,2900
2020-09-18,2.65,2950,-0.02(-0.67 %),621560,1827000000,0,0,2970,2970,2900
2020-09-21,2.68,2980,0.03(1.02 %),467780,1380000000,0,0,2950,3000,2900
2020-09-22,2.62,2920,-0.06(-2.01 %),573780,1680000000,0,0,2980,2980,2910
2020-09-23,2.67,2970,0.05(1.71 %),519950,1527000000,0,0,2920,2980,2910
2020-09-24,2.64,2940,-0.03(-1.01 %),516730,1523000000,0,0,2980,2980,2920
2020-09-25,2.61,2900,-0.04(-1.36 %),516250,1503000000,0,0,2930,2950,2870
2020-09-28,2.53,2820,-0.08(-2.76 %),1009720,2888000000,0,0,2880,2950,2820
2020-09-29,2.49,2770,-0.05(-1.77 %),1188630,3346000000,0,0,2800,2890,2770
2020-09-30,2.53,2820,0.05(1.81 %),670050,1854000000,0,0,2800,2840,2740
2020-10-01,2.56,2850,0.03(1.06 %),414730,1182000000,0,0,2830,2900,2820
2020-10-02,2.53,2810,-0.04(-1.40 %),512380,1445000000,0,0,2850,2890,2670
2020-10-05,2.58,2870,0.06(2.14 %),752010,2140000000,0,0,2840,2880,2780
2020-10-06,2.64,2940,0.07(2.44 %),849480,2447000000,0,0,2890,2950,2800
2020-10-07,2.68,2980,0.04(1.36 %),1747050,5232000000,0,0,2940,3080,2850
2020-10-08,2.6,2890,-0.09(-3.02 %),568450,1670000000,0,0,3030,3050,2850
2020-10-09,2.57,2860,-0.03(-1.04 %),448400,1291000000,0,0,2910,2910,2850
2020-10-12,2.55,2840,-0.02(-0.70 %),725160,2056000000,0,0,2850,2900,2770
2020-10-13,2.54,2830,-0.01(-0.35 %),459320,1290000000,0,0,2810,2860,2790
2020-10-14,2.53,2810,-0.02(-0.71 %),290210,817000000,0,0,2800,2840,2800
2020-10-15,2.5,2780,-0.03(-1.07 %),515840,1432000000,0,0,2820,2820,2750
2020-10-16,2.49,2770,-0.01(-0.36 %),427920,1179000000,0,0,2780,2790,2740
2020-10-19,2.5,2780,0.01(0.36 %),245690,679000000,0,0,2780,2830,2740
2020-10-20,2.47,2750,-0.03(-1.08 %),304840,839000000,0,0,2760,2790,2740
2020-10-21,2.44,2710,-0.04(-1.45 %),486740,1329000000,0,0,2750,2780,2710
2020-10-22,2.42,2690,-0.02(-0.74 %),650530,1742000000,0,0,2710,2730,2650
2020-10-23,2.51,2790,0.1(3.72 %),615780,1689000000,0,0,2690,2820,2690
2020-10-26,2.44,2720,-0.07(-2.51 %),273460,753000000,0,0,2790,2790,2720
2020-10-27,2.41,2680,-0.04(-1.47 %),347530,935000000,0,0,2720,2730,2680
2020-10-28,2.35,2620,-0.06(-2.24 %),403750,1065000000,0,0,2660,2700,2590
2020-10-29,2.36,2630,0.01(0.38 %),244960,640000000,0,0,2580,2650,2580
2020-10-30,2.35,2610,-0.02(-0.76 %),169660,444000000,0,0,2620,2650,2600
2020-11-02,2.51,2790,0.18(6.90 %),593460,1630000000,0,0,2640,2790,2640
2020-11-03,2.59,2880,0.09(3.23 %),1246230,3609000000,0,0,2950,2950,2820
2020-11-04,2.56,2850,-0.03(-1.04 %),479160,1380000000,0,0,2860,2950,2820
2020-11-05,2.48,2760,-0.09(-3.16 %),488950,1370000000,0,0,2840,2860,2760
2020-11-06,2.51,2790,0.03(1.09 %),219360,607000000,0,0,2760,2820,2750
2020-11-09,2.52,2800,0.01(0.36 %),388580,1088000000,0,0,2780,2830,2770
2020-11-10,2.5,2780,-0.02(-0.71 %),311410,867000000,0,0,2830,2840,2750
2020-11-11,2.5,2780,0(0.00 %),269240,748000000,0,0,2760,2800,2760
2020-11-12,2.48,2760,-0.02(-0.72 %),288740,798000000,0,0,2770,2790,2740
2020-11-13,2.51,2790,0.03(1.09 %),541270,1501000000,0,0,2760,2820,2740
2020-11-16,2.49,2770,-0.02(-0.72 %),189080,524000000,0,0,2790,2800,2750
2020-11-17,2.52,2800,0.03(1.08 %),276460,772000000,0,0,2770,2820,2750
2020-11-18,2.58,2870,0.07(2.50 %),857890,2440000000,0,0,2800,2900,2770
2020-11-19,2.56,2850,-0.02(-0.70 %),459280,1304000000,0,0,2860,2870,2800
2020-11-20,2.55,2840,-0.01(-0.35 %),481790,1369000000,0,0,2850,2870,2800
2020-11-23,2.6,2890,0.05(1.76 %),716560,2046000000,0,0,2830,2910,2810
2020-11-24,2.55,2840,-0.05(-1.73 %),362720,1038000000,0,0,2900,2900,2830
2020-11-25,2.53,2810,-0.03(-1.06 %),295680,836000000,0,0,2810,2870,2810
2020-11-26,2.5,2780,-0.03(-1.07 %),445930,1231000000,0,0,2800,2830,2620
2020-11-27,2.46,2740,-0.04(-1.44 %),588980,1614000000,0,0,2710,2800,2710
2020-11-30,2.53,2810,0.07(2.55 %),625560,1740000000,0,0,2760,2820,2740
2020-12-01,2.51,2790,-0.02(-0.71 %),373140,1036000000,0,0,2800,2810,2740
2020-12-02,2.49,2770,-0.02(-0.72 %),513970,1428000000,0,0,2820,2820,2760
2020-12-03,2.51,2790,0.02(0.72 %),486340,1348000000,0,0,2780,2800,2760
2020-12-04,2.54,2830,0.04(1.43 %),703920,1977000000,0,0,2800,2880,2780
2020-12-07,2.62,2920,0.09(3.18 %),1661550,4783000000,0,0,2920,2930,2830
2020-12-08,2.67,2970,0.05(1.71 %),1190090,3502000000,0,0,2940,2980,2890
2020-12-09,2.79,3100,0.13(4.38 %),4150370,12882000000,0,0,2970,3170,2950
2020-12-10,2.62,2920,-0.18(-5.81 %),1313920,4001000000,0,0,3120,3190,2900
2020-12-11,2.71,3020,0.1(3.42 %),1012650,3012000000,0,0,2990,3040,2930
2020-12-14,2.84,3160,0.14(4.64 %),1827440,5694000000,0,0,3020,3180,3020
2020-12-15,2.82,3140,-0.02(-0.63 %),1478950,4649000000,0,0,3160,3200,3000
2020-12-16,2.75,3060,-0.08(-2.55 %),1360180,4247000000,0,0,3180,3200,3060
2020-12-17,2.72,3030,-0.03(-0.98 %),1347500,4097000000,0,0,3130,3130,3000
2020-12-18,2.74,3050,0.02(0.66 %),692300,2102000000,0,0,3030,3080,3000
2020-12-21,2.83,3150,0.1(3.28 %),2245970,7049000000,0,0,3050,3200,3050
2020-12-22,3.03,3370,0.22(6.98 %),1683150,5595000000,0,0,3200,3370,3180
2020-12-23,3.04,3380,0.01(0.30 %),3103470,10994000000,0,0,3600,3600,3350
2020-12-24,2.92,3250,-0.13(-3.85 %),2192040,7018000000,0,0,3380,3390,3150
2020-12-25,2.99,3330,0.08(2.46 %),2205560,7213000000,0,0,3200,3350,3140
2020-12-28,3.06,3400,0.07(2.10 %),2013090,6840000000,0,0,3370,3460,3330
2020-12-29,3.02,3360,-0.04(-1.18 %),1175810,3992000000,0,0,3400,3440,3340
2020-12-30,3.08,3430,0.07(2.08 %),1822830,6200000000,0,0,3430,3570,3220
2020-12-31,3.09,3440,0.01(0.29 %),921990,3167000000,0,0,3430,3460,3370
2021-01-04,3.24,3600,0.16(4.65 %),1758300,6268000000,0,0,3500,3660,3460
2021-01-05,3.15,3510,-0.09(-2.50 %),1034900,3677000000,0,0,3600,3650,3430
2021-01-06,3.06,3410,-0.1(-2.85 %),1308600,4567000000,0,0,3550,3570,3410
2021-01-07,3.19,3550,0.14(4.11 %),1369900,4773000000,0,0,3410,3570,3410
2021-01-08,3.22,3580,0.03(0.85 %),2012100,7254000000,0,0,3600,3680,3500
2021-01-11,3.35,3730,0.15(4.19 %),2444200,8930000000,0,0,3620,3750,3580
2021-01-12,3.4,3780,0.05(1.34 %),1309100,4927000000,0,0,3780,3810,3720
2021-01-13,3.6,4000,0.22(5.82 %),2847100,11246000000,110000,444400000,3790,4040,3750
2021-01-14,3.79,4220,0.22(5.50 %),1551400,6483000000,0,0,4000,4270,4000
2021-01-15,4.05,4510,0.29(6.87 %),2020300,9000000000,0,0,4200,4510,4190
2021-01-18,4.32,4810,0.3(6.65 %),2825300,13450000000,0,0,4600,4820,4590
2021-01-19,4.03,4480,-0.33(-6.86 %),2989800,14136000000,0,0,4990,5020,4480
2021-01-20,3.95,4400,-0.08(-1.79 %),2127400,9100000000,0,0,4480,4550,4170
2021-01-21,4.12,4580,0.18(4.09 %),1442500,6358000000,0,0,4400,4580,4200
2021-01-22,3.83,4260,-0.32(-6.99 %),2565700,11149000000,0,0,4580,4600,4260
2021-01-25,3.57,3970,-0.29(-6.81 %),5386900,21459000000,0,0,3970,4200,3970
2021-01-26,3.57,3970,0(0.00 %),1698900,6519000000,0,0,3900,4030,3710
2021-01-27,3.35,3730,-0.24(-6.05 %),1772400,6684000000,0,0,3810,3970,3700
2021-01-28,3.12,3470,-0.26(-6.97 %),1029400,3575000000,0,0,3470,3500,3470
2021-01-29,2.99,3330,-0.14(-4.03 %),1600800,5301000000,0,0,3230,3490,3230
2021-02-01,2.88,3200,-0.13(-3.90 %),1795700,6011000000,0,0,3330,3520,3160
2021-02-02,3.05,3390,0.19(5.94 %),620700,2038000000,0,0,3210,3390,3150
2021-02-03,3.11,3460,0.07(2.06 %),487900,1672000000,0,0,3540,3540,3340
2021-02-04,3.26,3630,0.17(4.91 %),1379000,4981000000,0,0,3460,3680,3450
2021-02-05,3.33,3700,0.07(1.93 %),582000,2119000000,0,0,3610,3750,3520
2021-02-08,3.15,3500,-0.2(-5.41 %),917100,3260000000,0,0,3500,3740,3460
2021-02-09,3.33,3700,0.2(5.71 %),798000,2828000000,0,0,3700,3700,3400
2021-02-17,3.46,3850,0.15(4.05 %),995800,3734000000,0,0,3790,3850,3680
2021-02-18,3.42,3810,-0.04(-1.04 %),706200,2708000000,0,0,3870,3920,3800
2021-02-19,3.4,3780,-0.03(-0.79 %),268700,1020000000,0,0,3750,3870,3740
2021-02-22,3.38,3760,-0.02(-0.53 %),563600,2113000000,0,0,3790,3790,3700
2021-02-23,3.32,3690,-0.07(-1.86 %),953600,3485000000,0,0,3760,3760,3600
2021-02-24,3.24,3600,-0.09(-2.44 %),464500,1701000000,0,0,3700,3730,3520
2021-02-25,3.2,3560,-0.04(-1.11 %),262000,943000000,0,0,3650,3670,3550
2021-02-26,3.21,3570,0.01(0.28 %),646300,2269000000,0,0,3560,3590,3460
2021-03-01,3.13,3480,-0.09(-2.52 %),584900,2097000000,0,0,3570,3640,3480
2021-03-02,3.15,3500,0.02(0.57 %),841400,2948000000,0,0,3560,3590,3450
2021-03-03,3.36,3740,0.24(6.86 %),1676600,6046000000,0,0,3500,3740,3460
2021-03-04,3.37,3750,0.01(0.27 %),691400,2654000000,0,0,3950,3970,3670
2021-03-05,3.6,4010,0.26(6.93 %),2315300,9029000000,0,0,3730,4010,3620
2021-03-08,3.69,4100,0.09(2.24 %),3067300,12967000000,0,0,4200,4290,4020
2021-03-09,3.63,4040,-0.06(-1.46 %),1569200,6542000000,0,0,4100,4280,4000
2021-03-10,3.69,4100,0.06(1.49 %),1429900,5837000000,0,0,4040,4140,4040
2021-03-11,3.74,4160,0.06(1.46 %),1105300,4580000000,0,0,4120,4210,4100
2021-03-12,3.78,4200,0.04(0.96 %),1608000,6729000000,0,0,4180,4220,4150
2021-03-15,4.04,4490,0.29(6.90 %),3820000,16833000000,0,0,4250,4490,4210
2021-03-16,4.31,4790,0.3(6.68 %),2876200,13353000000,0,0,4650,4790,4500
2021-03-17,4.6,5120,0.14(2.81 %),6821300,34742000000,0,0,4980,5120,4900
2021-03-18,4.92,5470,0.35(6.84 %),4090100,22284000000,0,0,5340,5470,5200
2021-03-19,5.08,5650,0.18(3.29 %),5222200,28709000000,0,0,5730,5740,5090
2021-03-22,5.03,5600,-0.05(-0.88 %),3012200,16565000000,0,0,5400,5650,5400
2021-03-23,5.28,5870,0.27(4.82 %),2271600,13073000000,0,0,5600,5990,5500
2021-03-24,5.28,5870,0(0.00 %),2471200,14525000000,0,0,5800,6050,5600
2021-03-25,5.27,5860,-0.01(-0.17 %),3139900,17755000000,0,0,5870,5870,5570
2021-03-26,5.64,6270,0.41(7.00 %),6437100,37971000000,0,0,5840,6270,5450
2021-03-29,6.02,6700,0.43(6.86 %),3824100,25556000000,0,0,6500,6700,6500
2021-03-30,6.44,7160,0.46(6.87 %),8022400,57068000000,0,0,7100,7160,6900
2021-03-31,6.47,7200,0.04(0.56 %),2854100,20031000000,240000,1598400000,7200,7410,6850
2021-04-01,6.52,7250,0.05(0.69 %),1659100,11966000000,0,0,7200,7280,7140
2021-04-02,6.45,7180,-0.07(-0.97 %),1745200,12396000000,0,0,7020,7240,7020
2021-04-05,6.9,7680,0.5(6.96 %),2925500,21898000000,0,0,7190,7680,7190
2021-04-06,7.38,8210,0.53(6.90 %),3324600,26909000000,0,0,7730,8210,7720
2021-04-07,7.38,8210,0(0.00 %),3949400,32624000000,0,0,8270,8460,7750
2021-04-08,7.33,8160,-0.05(-0.61 %),2635500,20871000000,0,0,8110,8190,7710
2021-04-09,7.62,8480,0.32(3.92 %),1721900,14178000000,0,0,7910,8520,7910
2021-04-12,7.77,8640,0.16(1.89 %),3840800,33111000000,0,0,8530,8750,8500
2021-04-13,7.33,8150,-0.49(-5.67 %),4116700,33771000000,0,0,8500,8500,8040
2021-04-14,7.33,8150,0(0.00 %),2840100,22674000000,0,0,7900,8250,7800
2021-04-15,7.07,7870,-0.28(-3.44 %),1441300,11506000000,0,0,8150,8200,7870
2021-04-16,6.92,7700,-0.17(-2.16 %),1735200,13693000000,0,0,7900,8000,7660
2021-04-19,7.4,8230,0.53(6.88 %),4079900,32863000000,0,0,7800,8230,7800
2021-04-20,7.64,8500,0.27(3.28 %),3508400,29919000000,0,0,8400,8650,8240
2021-04-22,7.63,8490,-0.01(-0.12 %),2530100,21545000000,200000,1702000000,8580,8600,8160
2021-04-23,7.64,8500,0.01(0.12 %),2946000,24899000000,0,0,8460,8580,8060
2021-04-26,8.0,8900,0.4(4.71 %),2644400,23097000000,0,0,8600,8930,8520
2021-04-27,8.56,9520,0.62(6.97 %),5391700,50714000000,0,0,9000,9520,9000
2021-04-28,9.12,10150,0.63(6.62 %),4234200,42296000000,0,0,9550,10150,9530
2021-04-29,9.62,10700,0.55(5.42 %),4696000,48390000000,0,0,10250,10750,10050
2021-05-04,9.98,11100,0.4(3.74 %),4022500,42482000000,0,0,10000,11100,10000
2021-05-05,10.43,11600,0.5(4.50 %),4424500,49612000000,0,0,11100,11600,10850
2021-05-06,10.34,11500,-0.1(-0.86 %),4879100,56723000000,0,0,11800,11900,11300
2021-05-07,10.16,11300,-0.2(-1.74 %),6446100,71004000000,0,0,11200,11300,10750
2021-05-10,10.61,11800,0.5(4.42 %),7828700,88824000000,0,0,11300,11850,10950
2021-05-11,11.32,12600,0.8(6.78 %),7252300,89316000000,0,0,12000,12600,11850
2021-05-12,12.04,13400,0.8(6.35 %),7457200,97241000000,0,0,12600,13450,12450
2021-05-13,12.85,14300,0.9(6.72 %),8459700,117014000000,0,0,13300,14300,13100
2021-05-14,12.76,14200,-0.1(-0.70 %),7991300,114971000000,0,0,14250,14800,14050
2021-05-17,12.54,13950,-0.25(-1.76 %),11716400,158352000000,0,0,13800,14200,13250
2021-05-18,12.81,14250,0.3(2.15 %),6593800,93554000000,0,0,13950,14650,13700
2021-05-19,12.85,14300,0.05(0.35 %),4950400,69834000000,0,0,14300,14300,13850
2021-05-20,13.57,15100,0.8(5.59 %),8595700,124648000000,0,0,14150,15300,14000
2021-05-21,13.57,15100,0(0.00 %),3972900,59266000000,0,0,15100,15250,14700
2021-05-24,14.11,15700,0.6(3.97 %),6000400,93002000000,0,0,15200,15950,14950
2021-05-25,14.29,15900,0.2(1.27 %),5745700,90454000000,0,0,15700,16200,15400
2021-05-26,13.93,15500,-0.4(-2.52 %),3672800,57226000000,0,0,15750,15750,15500
2021-05-27,14.47,16100,0.6(3.87 %),7807100,123682000000,57900,958245000,15700,16150,15450
2021-05-28,14.92,16600,0.5(3.11 %),7879600,127886000000,0,0,16100,16600,15800
2021-05-31,15.73,17500,0.9(5.42 %),9159000,152484000000,0,0,16300,17500,16100
2021-06-01,15.32,17050,-0.45(-2.57 %),4479700,76898000000,0,0,17350,17600,17000
2021-06-02,15.46,17200,0.15(0.88 %),5947300,100752000000,0,0,17000,17200,16650
2021-06-03,14.88,16550,-0.65(-3.78 %),6214100,104298000000,0,0,16900,17200,16450
2021-06-04,14.65,16300,-0.25(-1.51 %),9178600,144432000000,0,0,16200,16300,15400
2021-06-07,14.83,16500,0.2(1.23 %),5704100,93637000000,50000,870000000,16300,16750,16150
2021-06-08,14.47,16100,-0.4(-2.42 %),5233300,86409000000,0,0,16500,17000,15800
2021-06-09,13.93,15500,-0.6(-3.73 %),6094600,94883000000,0,0,15600,16000,15300
2021-06-10,12.99,14450,-1.05(-6.77 %),8420100,123607000000,0,0,15450,15500,14450
2021-06-11,13.12,14600,0.15(1.04 %),8429700,117467000000,0,0,13450,14600,13450
2021-06-14,12.4,13800,-0.8(-5.48 %),5339700,75504000000,0,0,14650,14900,13650
2021-06-15,11.55,12850,-0.95(-6.88 %),6112000,79076000000,0,0,13750,13750,12850
2021-06-16,12.31,13700,0.85(6.61 %),10651600,132819000000,0,0,12000,13700,12000
2021-06-17,12.31,13700,0(0.00 %),4495800,62292000000,0,0,13800,14300,12900
2021-06-18,11.46,12750,-0.95(-6.93 %),7009400,89790000000,0,0,12850,13550,12750
2021-06-21,10.7,11900,-0.85(-6.67 %),6220400,75091000000,0,0,12100,12500,11900
2021-06-22,10.7,11900,0(0.00 %),5593100,65803000000,0,0,11900,12350,11200
2021-06-23,10.43,11600,-0.3(-2.52 %),2165400,25294000000,0,0,12000,12000,11500
2021-06-24,10.7,11900,0.3(2.59 %),3451900,41049000000,0,0,11700,12250,11500
2021-06-25,10.43,11600,-0.3(-2.52 %),1931100,22717000000,0,0,11750,12000,11600
2021-06-28,10.65,11850,0.25(2.16 %),1156100,13678000000,0,0,11650,11950,11600
2021-06-29,10.34,11500,-0.35(-2.95 %),1626000,18989000000,0,0,11750,11900,11500
2021-06-30,10.07,11200,-0.3(-2.61 %),2311500,26115000000,0,0,11500,11500,11100
2021-07-01,10.74,11950,0.75(6.70 %),3057000,35878000000,0,0,11200,11950,11200
2021-07-02,10.88,12100,0.15(1.26 %),2178000,26570000000,0,0,12500,12500,12100
2021-07-05,10.25,11400,-0.7(-5.79 %),2124300,24737000000,0,0,11900,11900,11400
2021-07-06,9.89,11000,-0.4(-3.51 %),2129500,23911000000,0,0,11100,11500,11000
2021-07-07,9.3,10350,-0.65(-5.91 %),2955300,30780000000,0,0,10300,10900,10250
2021-07-08,9.3,10350,0(0.00 %),1393400,14529000000,0,0,10800,10800,10300
2021-07-09,9.44,10500,0.15(1.45 %),1852200,19272000000,0,0,10350,10600,10250
2021-07-12,8.78,9770,-0.73(-6.95 %),2694500,26714000000,0,0,10500,10500,9770
2021-07-13,8.99,10000,0.23(2.35 %),1290700,12726000000,0,0,9900,10100,9690
2021-07-14,8.81,9800,-0.2(-2.00 %),593800,5896000000,0,0,10300,10300,9700
2021-07-15,8.83,9820,0.02(0.20 %),734700,7269000000,0,0,9800,10150,9740
2021-07-16,8.72,9700,-0.12(-1.22 %),979100,9584000000,0,0,10000,10000,9700
2021-07-19,8.12,9030,-0.67(-6.91 %),3678700,33242000000,0,0,9050,9220,9030
2021-07-20,8.09,9000,-0.03(-0.33 %),1957500,16991000000,0,0,8600,9000,8450
2021-07-21,8.14,9060,0.06(0.67 %),1120900,10091000000,0,0,9150,9150,8950
2021-07-22,8.7,9680,0.62(6.84 %),2326800,22201000000,0,0,9130,9690,9060
2021-07-23,8.54,9500,-0.18(-1.86 %),873900,8352000000,0,0,9740,9750,9400
2021-07-26,8.31,9250,-0.25(-2.63 %),908300,8327000000,0,0,9470,9470,9000
2021-07-27,8.45,9400,0.15(1.62 %),1512700,14087000000,0,0,9480,9490,9220
2021-07-28,8.45,9400,0(0.00 %),1027400,9634000000,0,0,9450,9500,9250
2021-07-29,8.48,9440,0.04(0.43 %),657600,6183000000,0,0,9400,9500,9370
2021-07-30,8.59,9560,0.12(1.27 %),1315300,12494000000,0,0,9440,9600,9440
2021-08-02,9.17,10200,0.64(6.69 %),6873300,69531000000,0,0,10200,10200,9800
2021-08-03,9.8,10900,0.7(6.86 %),3133900,34136000000,0,0,10900,10900,10700
2021-08-04,10.43,11600,0.7(6.42 %),5211000,60347000000,0,0,11650,11650,11000
2021-08-05,10.11,11250,-0.4(-3.43 %),3845700,43209000000,0,0,11200,11600,11000
2021-08-06,10.07,11200,-0.05(-0.44 %),2676900,30223000000,0,0,11100,11800,10900
2021-08-09,10.02,11150,-0.05(-0.45 %),1901300,21096000000,0,0,10900,11450,10900
2021-08-10,9.93,11050,-0.1(-0.90 %),2078600,23026000000,0,0,11150,11300,10950
2021-08-11,9.84,10950,-0.15(-1.35 %),1629100,17980000000,0,0,11050,11150,10950
2021-08-12,9.53,10600,-0.35(-3.20 %),2480200,26846000000,0,0,11000,11150,10600
2021-08-13,9.44,10500,-0.1(-0.94 %),2554800,26626000000,0,0,10400,10650,10150
2021-08-16,10.07,11200,0.7(6.67 %),1099500,12263000000,0,0,10700,11200,10550
2021-08-17,10.34,11500,0.3(2.68 %),4494500,52928000000,0,0,11950,11950,11300
2021-08-18,10.34,11500,0(0.00 %),1840600,21049000000,0,0,11500,11700,11150
2021-08-19,11.06,12300,0.8(6.96 %),4944100,58942000000,0,0,11350,12300,11300
2021-08-20,11.06,12300,0(0.00 %),8574500,108720000000,0,0,12700,13100,12000
2021-08-23,11.5,12800,0.5(4.07 %),3893100,49325000000,0,0,12050,12950,12050
2021-08-24,10.74,11950,-0.85(-6.64 %),3972000,49669000000,0,0,13000,13000,11950
2021-08-25,10.16,11300,-0.65(-5.44 %),4600800,51973000000,0,0,11450,11950,11150
2021-08-26,10.2,11350,0.05(0.44 %),1438900,16512000000,0,0,11300,11850,11200
2021-08-27,10.16,11300,-0.05(-0.44 %),1936800,21671000000,0,0,11350,11450,10800
2021-08-30,10.83,12050,0.75(6.64 %),2646400,31214000000,22800,257640000,11650,12050,11400
2021-08-31,10.56,11750,-0.3(-2.49 %),2194500,26307000000,0,0,12400,12400,11600
2021-09-01,10.52,11700,-0.05(-0.43 %),1417100,16624000000,0,0,11600,11950,11600
2021-09-06,10.79,12000,0.3(2.56 %),2200700,26449000000,0,0,11700,12300,11700
2021-09-07,10.38,11550,-0.45(-3.75 %),2179900,25644000000,0,0,12200,12200,11500
2021-09-08,10.07,11200,-0.35(-3.03 %),2442700,28101000000,0,0,11450,11800,11200
2021-09-09,10.2,11350,0.15(1.34 %),1755300,19729000000,0,0,11200,11500,11050
2021-09-10,10.2,11350,0(0.00 %),1126900,12872000000,0,0,11600,11600,11350
2021-09-13,9.84,10950,-0.4(-3.52 %),2447700,27497000000,0,0,11450,11700,10900
2021-09-14,9.17,10200,-0.75(-6.85 %),6751400,70395000000,0,0,10800,11000,10200
2021-09-15,9.8,10900,0.7(6.86 %),2684200,27031000000,0,0,10200,10900,9700
2021-09-16,9.8,10900,0(0.00 %),1196000,13036000000,0,0,11000,11250,10700
2021-09-17,9.53,10600,-0.3(-2.75 %),1578200,16810000000,0,0,10700,10800,10500
2021-09-20,9.26,10300,-0.3(-2.83 %),1728200,18046000000,0,0,10600,10650,10300
2021-09-21,9.26,10300,0(0.00 %),2043200,20690000000,0,0,10000,10300,9990
2021-09-22,9.84,10950,0.65(6.31 %),2518100,27065000000,0,0,10400,11000,10350
2021-09-23,9.39,10450,-0.5(-4.57 %),1838200,19778000000,0,0,11000,11100,10450
2021-09-24,9.26,10300,-0.15(-1.44 %),888200,9185000000,0,0,10400,10450,10300
2021-09-27,8.84,9840,-0.46(-4.47 %),2312300,23161000000,0,0,10300,10300,9810
2021-09-28,8.85,9850,0.01(0.10 %),1890900,18202000000,0,0,9800,10000,9330
2021-09-29,8.86,9860,0.01(0.10 %),739400,7260000000,0,0,9760,9950,9610
2021-09-30,8.93,9930,0.07(0.71 %),548700,5436000000,0,0,10000,10000,9780
2021-10-01,8.77,9760,-0.17(-1.71 %),699700,6870000000,85000,785400000,9920,9920,9760
2021-10-04,8.71,9690,-0.07(-0.72 %),815600,7928000000,0,0,9780,9890,9610
2021-10-05,9.3,10350,0.66(6.81 %),2333300,24032000000,0,0,9830,10350,9830
2021-10-06,9.3,10350,0(0.00 %),899500,9347000000,0,0,10500,10600,10250
2021-10-07,9.21,10250,-0.1(-0.97 %),768700,7880000000,0,0,10400,10400,10200
2021-10-08,9.21,10250,0(0.00 %),1076000,11105000000,0,0,10200,10550,10150
2021-10-11,9.17,10200,-0.05(-0.49 %),1165500,11910000000,0,0,10200,10300,10150
2021-10-12,9.53,10600,0.4(3.92 %),2340900,24515000000,0,0,10150,10700,10150
2021-10-13,9.44,10500,-0.1(-0.94 %),1371400,14673000000,0,0,10600,11000,10500
2021-10-14,9.44,10500,0(0.00 %),1288000,13606000000,0,0,10500,10650,10400
2021-10-15,9.44,10500,0(0.00 %),2050700,21623000000,0,0,10550,10650,10350
2021-10-18,9.75,10850,0.35(3.33 %),2513600,27162000000,0,0,10600,10950,10500
2021-10-19,10.07,11200,0.35(3.23 %),3816200,42609000000,0,0,10950,11350,10900
2021-10-20,9.84,10950,-0.25(-2.23 %),3062200,33840000000,0,0,11300,11350,10500
2021-10-21,9.89,11000,0.05(0.46 %),1482500,16245000000,0,0,10950,11100,10900
2021-10-22,9.93,11050,0.05(0.45 %),1865200,20502000000,0,0,11000,11050,10900
2021-10-25,9.98,11100,0.05(0.45 %),3061500,34120000000,0,0,11050,11400,11000
2021-10-26,10.02,11150,0.05(0.45 %),1936600,21364000000,0,0,11100,11150,10900
2021-10-27,10.7,11900,0.75(6.73 %),6717400,78669000000,0,0,11200,11900,11200
2021-10-28,10.7,11900,0(0.00 %),2963100,35753000000,0,0,11900,12450,11850
2021-10-29,11.41,12700,0.8(6.72 %),10645800,129523000000,0,0,11900,12700,11500
2021-11-01,12.04,13400,0.7(5.51 %),7154700,93899000000,0,0,13000,13550,12650
2021-11-02,12.22,13600,0.2(1.49 %),9908300,135974000000,0,0,13400,14050,13200
2021-11-03,11.68,13000,-0.6(-4.41 %),14774200,198943000000,0,0,13400,14000,13000
2021-11-04,11.86,13200,0.2(1.54 %),4619900,60256000000,0,0,13000,13300,12700
2021-11-05,12.13,13500,0.3(2.27 %),5513000,74375000000,0,0,13300,13700,13250
2021-11-08,12.18,13550,0.05(0.37 %),4577000,62002000000,0,0,13600,13750,13400
2021-11-09,12.99,14450,0.9(6.64 %),11756400,167348000000,0,0,13600,14450,13500
2021-11-10,13.17,14650,0.2(1.38 %),7168600,105199000000,200000,2690000000,14650,14900,14500
2021-11-11,13.17,14650,0(0.00 %),5385600,77527000000,0,0,14700,14800,14050
2021-11-12,14.07,15650,1(6.83 %),10909300,162764000000,0,0,14650,15650,14250
2021-11-15,13.84,15400,-0.25(-1.60 %),5388000,83904000000,0,0,15800,15950,15000
2021-11-16,13.57,15100,-0.3(-1.95 %),3683800,55654000000,0,0,15050,15400,14850
2021-11-17,13.66,15200,0.1(0.66 %),4370100,66709000000,0,0,15100,15500,15000
2021-11-18,14.61,16250,1.05(6.91 %),10318900,164622000000,0,0,15300,16250,15200
2021-11-19,14.79,16450,0.2(1.23 %),9479000,154175000000,0,0,16300,16750,15150
2021-11-22,13.75,15300,-1.15(-6.99 %),5664200,88174000000,0,0,16200,16400,15300
2021-11-23,14.02,15600,0.3(1.96 %),6950400,104293000000,0,0,14300,15750,14300
2021-11-24,14.2,15800,0.2(1.28 %),8023400,127345000000,0,0,15750,16200,15550
2021-11-25,15.19,16900,1.1(6.96 %),11859800,195832000000,0,0,15900,16900,15750
2021-11-26,15.5,17250,0.35(2.07 %),6569100,113319000000,150000,2400000000,17300,17550,16600
2021-11-29,16.31,18150,0.9(5.22 %),7212300,124651000000,0,0,16950,18150,16650
2021-11-30,16.63,18500,0.35(1.93 %),8291500,150417000000,0,0,18150,18500,17600
2021-12-01,16.72,18600,0.1(0.54 %),5479900,100703000000,0,0,18550,18800,18000
2021-12-02,16.45,18300,-0.3(-1.61 %),5940500,110582000000,0,0,18800,19200,18150
2021-12-03,15.32,17050,-1.25(-6.83 %),2304700,40072000000,0,0,18300,18350,17050
2021-12-06,14.29,15900,-1.15(-6.74 %),4791600,76186000000,0,0,15900,15900,15900
2021-12-07,13.3,14800,-1.1(-6.92 %),711400,10528000000,0,0,14800,14800,14800
2021-12-08,13.48,15000,0.2(1.35 %),12068900,169512000000,0,0,13800,15000,13800
2021-12-09,13.26,14750,-0.25(-1.67 %),2867500,42234000000,210000,3234000000,15150,15200,14100
2021-12-10,12.85,14300,-0.45(-3.05 %),9418200,131430000000,0,0,14700,14800,13750
2021-12-13,12.67,14100,-0.2(-1.40 %),6218700,86367000000,0,0,14050,14450,13450
2021-12-14,12.58,14000,-0.1(-0.71 %),3586000,50241000000,0,0,14150,14400,13700
2021-12-15,12.67,14100,0.1(0.71 %),3587400,50133000000,0,0,13950,14250,13600
2021-12-16,12.45,13850,-0.25(-1.77 %),2069300,28757000000,0,0,14000,14100,13750
2021-12-17,13.3,14800,0.95(6.86 %),7591900,111216000000,0,0,14000,14800,13900
2021-12-20,13.3,14800,0(0.00 %),5493700,81787000000,0,0,15000,15250,14300
2021-12-21,13.44,14950,0.15(1.01 %),5380900,79859000000,0,0,14750,15200,14550
2021-12-22,13.26,14750,-0.25(-1.67 %),4711400,69609000000,0,0,15000,15300,14000
2021-12-23,12.94,14400,-0.4(-2.70 %),3685700,53361000000,0,0,14650,14900,13900
2021-12-24,12.85,14300,-0.1(-0.69 %),1979100,28182000000,0,0,14400,14650,14050
2021-12-27,13.03,14500,0.2(1.40 %),3547100,51146000000,0,0,14600,14750,14100
2021-12-28,13.48,15000,0.5(3.45 %),5130700,76133000000,0,0,14400,15250,14300
2021-12-29,14.38,16000,1(6.67 %),7412500,115959000000,0,0,15150,16000,14800
2021-12-30,14.11,15700,-0.3(-1.88 %),5264300,84727000000,0,0,16000,16550,15700
2021-12-31,14.43,16050,0.35(2.23 %),4789500,75284000000,0,0,15650,16050,15150
2022-01-04,14.02,15600,-0.5(-3.11 %),4819200,77552000000,0,0,16250,16450,15600
2022-01-05,13.75,15300,-0.3(-1.92 %),3399400,52805000000,0,0,15700,16000,15300
2022-01-06,14.7,16350,1.05(6.86 %),7070700,113808000000,1000000,16350000000,15300,16350,15200
2022-01-07,15.68,17450,1.05(6.40 %),5475700,95439000000,0,0,17450,17450,16600
2022-01-10,16.76,18650,1.15(6.57 %),5357800,97858000000,0,0,17900,18650,17500
2022-01-11,16.76,18650,-0.05(-0.27 %),5737700,105891000000,0,0,18000,19200,17550
2022-01-12,17.08,19000,0.3(1.60 %),6338600,115316000000,0,0,18650,19000,17350
2022-01-13,17.8,19800,0.8(4.21 %),8386900,162875000000,0,0,19300,19800,18950
2022-01-14,18.74,20850,1.05(5.30 %),7539800,153489000000,0,0,19900,20950,19850
2022-01-17,18.74,20850,0(0.00 %),7529700,155466000000,0,0,20950,21350,19400
2022-01-18,18.34,20400,-0.45(-2.16 %),5334700,109059000000,0,0,20800,21050,19400
2022-01-19,18.38,20450,0.05(0.25 %),4416200,91376000000,0,0,20600,21150,20300
2022-01-20,17.48,19450,-1.35(-6.49 %),2340400,47986000000,0,0,20900,21400,19400
2022-01-21,17.98,20000,-0.8(-3.85 %),3307600,68830000000,0,0,20800,20800,19850
2022-01-24,16.72,18600,-1.4(-7.00 %),1605300,30267000000,0,0,20050,20100,18600
2022-01-25,15.55,17300,-1.3(-6.99 %),5842200,101070000000,0,0,17300,17300,17300
2022-01-26,15.28,17000,-0.3(-1.73 %),3225900,53322000000,0,0,16100,17900,16100
2022-01-27,15.28,17000,0(0.00 %),2933900,49744000000,0,0,17200,17300,16650
2022-01-28,14.83,16500,-0.5(-2.94 %),2025100,33902000000,0,0,17200,17200,16500
2022-02-07,15.1,16800,0.3(1.82 %),2521900,41982000000,0,0,16700,17000,16400
2022-02-08,15.41,17150,0.35(2.08 %),2827000,47874000000,0,0,16950,17200,16700
2022-02-09,15.91,17700,0.5(2.91 %),2879300,50329000000,0,0,17300,17700,17250
2022-02-10,15.73,17500,-0.2(-1.13 %),2942000,51998000000,0,0,17600,18100,17350
2022-02-11,15.55,17300,-0.2(-1.14 %),1472900,25339000000,0,0,17300,17350,17050
2022-02-14,15.23,16950,-0.35(-2.02 %),1774700,29655000000,0,0,17000,17250,16450
2022-02-15,15.46,17200,0.2(1.18 %),1957900,33622000000,0,0,17100,17500,16500
2022-02-16,15.82,17600,0.4(2.33 %),3014900,52511000000,0,0,17300,17700,17200
2022-02-17,15.86,17650,0.05(0.28 %),2624500,46552000000,0,0,17850,18100,17550
2022-02-18,15.91,17700,0(0.00 %),2406500,42279000000,0,0,17800,17900,17250
2022-02-21,16.18,18000,0.3(1.69 %),2861600,50665000000,0,0,17700,18000,17500
2022-02-22,16.36,18200,0.2(1.11 %),3920400,69940000000,0,0,17900,18250,17300
2022-02-23,16.54,18400,0.2(1.10 %),4391000,79760000000,0,0,18300,18500,17800
2022-02-24,16.45,18300,-0.1(-0.54 %),4677300,84454000000,0,0,18350,18350,17200
2022-02-25,16.63,18500,0.2(1.09 %),4354000,79497000000,0,0,18550,18550,18000
2022-02-28,17.75,19750,1.25(6.76 %),11124600,214037000000,0,0,18500,19750,18250
2022-03-01,18.96,21100,1.3(6.57 %),11994100,250199000000,0,0,20800,21100,20400
2022-03-02,19.77,22000,0.9(4.27 %),13810400,290453000000,0,0,21500,22000,20450
2022-03-03,20.76,23100,1.1(5.00 %),12918700,284000000000,0,0,21500,23100,21500
2022-03-04,20.4,22700,-0.4(-1.73 %),10443400,235125000000,0,0,23250,23250,22100
2022-03-07,20.72,23050,0.35(1.54 %),17837300,403074000000,0,0,22250,23200,22000
2022-03-08,20.31,22600,-0.5(-2.16 %),6979600,158061000000,0,0,22750,23100,22500
2022-03-09,18.92,21050,-1.55(-6.86 %),21868300,467125000000,0,0,22200,22800,21050
2022-03-10,18.92,21050,-0.05(-0.24 %),9667900,192765000000,0,0,19600,21050,19600
2022-03-11,17.62,19600,-1.5(-7.11 %),11969000,238561000000,0,0,20800,21000,19600
2022-03-14,16.63,18500,-1.1(-5.61 %),6342300,116770000000,0,0,18700,19050,18250
2022-03-15,15.5,17250,-1.25(-6.76 %),14770600,257937000000,0,0,18650,18800,17250
2022-03-16,15.68,17450,0.15(0.87 %),5187200,90060000000,0,0,17000,18000,16550
2022-03-17,15.28,17000,-0.5(-2.86 %),4244200,73389000000,0,0,17550,17650,17000
2022-03-18,15.14,16850,-0.15(-0.88 %),4688300,79821000000,0,0,17000,17300,16850
2022-03-21,15.64,17400,0.5(2.96 %),5553600,95007000000,0,0,16750,17400,16750
2022-03-22,15.82,17600,0.2(1.15 %),5186300,91280000000,0,0,17500,17850,17450
2022-03-23,15.37,17100,-0.5(-2.84 %),8322300,143810000000,0,0,17550,17600,17000
2022-03-24,14.96,16650,-0.45(-2.63 %),8189100,138144000000,600000,10200000000,17000,17200,16650
2022-03-25,15.1,16800,0.1(0.60 %),11355300,193079000000,700000,11900000000,16650,17450,16650
2022-03-28,16.15,16150,1.05(6.95 %),2145900,34656000000,0,0,16150,16150,16150
2022-03-29,17.25,17250,1.05(6.48 %),3091500,53328000000,20000,301000000,17250,17250,17250
2022-03-30,17.45,17450,0.15(0.87 %),17055900,294180000000,0,0,17250,17650,16500
2022-03-31,16.7,16700,-0.8(-4.57 %),2689300,45848000000,0,0,17250,17500,16600
2022-04-01,17.0,17000,0.3(1.80 %),4251800,70758000000,0,0,16200,17200,16050
2022-04-04,17.05,17050,0.05(0.29 %),4329400,73420000000,0,0,17050,17250,16800
2022-04-05,17.0,17000,-0.1(-0.58 %),4139400,70115000000,0,0,17050,17200,16650
2022-04-06,16.8,16800,-0.2(-1.18 %),3419900,57058000000,0,0,16700,17000,16500
2022-04-07,17.95,17950,1.15(6.85 %),12310600,215454000000,0,0,16850,17950,16800
2022-04-08,18.75,18750,0.75(4.17 %),11416400,211681000000,0,0,18000,18800,17950
2022-04-12,18.0,18000,-0.75(-4.00 %),6095100,110612000000,0,0,18750,18750,18000
2022-04-13,16.75,16750,-1.25(-6.94 %),10275500,172315000000,0,0,17500,17600,16750
2022-04-14,16.0,16000,-0.8(-4.76 %),5381700,87973000000,0,0,16550,17150,15700
2022-04-15,16.2,16200,0.2(1.25 %),3227900,52231000000,0,0,16100,16500,15800
2022-04-18,15.1,15100,-1.1(-6.79 %),4810300,73907000000,0,0,16150,16250,15100
2022-04-19,14.05,14050,-1.05(-6.95 %),3605500,50997000000,0,0,14700,15000,14050
2022-04-20,13.1,13100,-0.95(-6.76 %),1959400,25708000000,0,0,13150,13500,13100
2022-04-21,12.2,12200,-0.9(-6.87 %),629200,7676000000,0,0,12200,12200,12200
2022-04-22,12.25,12250,0.05(0.41 %),18566100,225023000000,0,0,11350,13050,11350
2022-04-25,11.4,11400,-0.9(-7.32 %),3684400,43142000000,0,0,12300,12500,11400
2022-04-26,11.4,11400,0(0.00 %),4211400,45608000000,0,0,10650,11400,10650
2022-04-27,11.0,11000,-0.4(-3.51 %),4612300,50236000000,0,0,11050,11400,10650
2022-04-28,11.75,11750,0.75(6.82 %),6802700,79173000000,0,0,11050,11750,11050
2022-04-29,12.55,12550,0.75(6.36 %),9458600,117545000000,0,0,11850,12550,11750
2022-05-04,11.7,11700,-0.9(-7.14 %),3337400,40501000000,0,0,12600,12600,11700
2022-05-05,11.5,11500,-0.2(-1.71 %),3618600,41239000000,0,0,11650,11800,11100
2022-05-06,10.7,10700,-0.8(-6.96 %),3477200,38014000000,0,0,11000,11550,10700
2022-05-09,9.96,9960,-0.74(-6.92 %),2763700,27665000000,0,0,10300,10500,9960
2022-05-10,9.94,9940,-0.06(-0.60 %),3490400,33144000000,0,0,9270,9990,9270
2022-05-11,10.3,10300,0.36(3.62 %),2775100,28339000000,0,0,9980,10500,9940
2022-05-12,9.58,9600,-0.72(-6.99 %),2711100,26490000000,0,0,10000,10300,9600
2022-05-13,8.91,8910,-0.67(-6.99 %),2991100,27120000000,0,0,9300,9600,8910
2022-05-16,8.98,8980,0.08(0.90 %),3846200,35934000000,0,0,9000,9530,8800
2022-05-17,9.51,9510,0.51(5.67 %),2657900,24519000000,0,0,8990,9590,8700
2022-05-18,9.5,9500,0(0.00 %),2458900,23658000000,0,0,9580,10000,9200
2022-05-19,9.32,9320,-0.18(-1.89 %),2123700,19557000000,0,0,9000,9480,9000
2022-05-20,9.4,9400,0.1(1.08 %),2277100,21301000000,0,0,9330,9570,9100
2022-05-23,9.38,9380,-0.02(-0.21 %),2257000,21264000000,0,0,9580,9750,9140
2022-05-24,9.35,9350,-0.05(-0.53 %),2471900,22683000000,0,0,9050,9460,9000
2022-05-25,9.52,9520,0.12(1.28 %),3004500,28329000000,0,0,9380,9600,9230
2022-05-26,10.15,10150,0.65(6.84 %),5478400,55234000000,0,0,9650,10150,9650
2022-05-27,10.6,10600,0.4(3.92 %),5391800,58002000000,0,0,10500,10850,10300
2022-05-30,10.6,10600,0(0.00 %),2126800,22387000000,0,0,10650,10850,10200
2022-05-31,10.25,10250,-0.35(-3.30 %),2578700,26859000000,0,0,10400,10700,10200
2022-06-01,10.35,10350,0.05(0.49 %),2370600,24172000000,0,0,10100,10500,10000
2022-06-02,10.05,10050,-0.35(-3.37 %),2648200,26877000000,0,0,10350,10400,9970
2022-06-03,9.88,9880,-0.22(-2.18 %),2449400,24291000000,0,0,10100,10300,9650
2022-06-06,9.3,9300,-0.6(-6.06 %),2262300,21922000000,0,0,9900,9950,9210
2022-06-07,9.24,9240,-0.06(-0.65 %),2071300,18771000000,0,0,9300,9400,8750
2022-06-08,9.6,9600,0.4(4.35 %),1672100,16011000000,0,0,9350,9750,9340
2022-06-09,9.5,9500,-0.1(-1.04 %),1065500,10135000000,0,0,9600,9680,9400
2022-06-10,9.15,9150,-0.35(-3.68 %),1438600,13282000000,0,0,9400,9400,9090
2022-06-13,8.51,8510,-0.69(-7.50 %),1989600,17078000000,0,0,8650,8900,8510
2022-06-14,7.92,7920,-0.58(-6.82 %),2584700,20594000000,0,0,7920,8300,7920
2022-06-15,7.37,7370,-0.53(-6.71 %),1599100,11939000000,0,0,7920,8130,7370
2022-06-16,7.02,7020,-0.38(-5.14 %),935500,6920000000,0,0,7500,7600,7020
2022-06-17,6.53,6530,-0.47(-6.71 %),1575300,10289000000,0,0,6530,6790,6530
2022-06-20,6.08,6080,-0.42(-6.46 %),1076100,6614000000,0,0,6140,6530,6080
2022-06-21,5.66,5660,-0.44(-7.21 %),2010200,11411000000,0,0,5680,6000,5660
2022-06-22,5.93,5930,0.23(4.04 %),1159200,6685000000,0,0,5790,5930,5600
2022-06-23,6.12,6120,0.22(3.73 %),530200,3199000000,0,0,6060,6150,5920
2022-06-24,6.1,6100,0(0.00 %),1240000,7755000000,0,0,6330,6360,6100
2022-06-27,6.22,6220,0.12(1.97 %),712900,4390000000,0,0,6160,6270,6000
2022-06-28,6.65,6650,0.45(7.26 %),851300,5564000000,25200,167580000,6360,6650,6280
2022-06-29,6.79,6790,0.09(1.34 %),2696000,19038000000,23200,164720000,7110,7110,6750
2022-06-30,6.5,6500,-0.3(-4.41 %),1161500,7714000000,0,0,6750,6810,6500
2022-07-01,6.4,6400,-0.1(-1.54 %),798600,4979000000,0,0,6300,6500,6050
2022-07-04,6.56,6560,0.16(2.50 %),986300,6433000000,0,0,6620,6660,6400
2022-07-05,6.25,6250,-0.35(-5.30 %),1505300,9638000000,0,0,6430,6560,6250
2022-07-06,6.05,6050,-0.25(-3.97 %),1188800,7247000000,0,0,6100,6250,6050
2022-07-07,6.0,6000,-0.1(-1.64 %),983900,5922000000,0,0,6040,6150,5980
2022-07-08,6.15,6150,0.15(2.50 %),877600,5396000000,0,0,6100,6250,6000
2022-07-11,6.58,6580,0.38(6.13 %),1332000,8701000000,0,0,6160,6580,6160
2022-07-12,7.04,7040,0.44(6.67 %),2251900,15852000000,0,0,7040,7040,7020
2022-07-13,7.1,7100,0.1(1.43 %),3543100,25588000000,0,0,7480,7480,7040
2022-07-14,7.0,7000,-0.1(-1.41 %),1710100,12012000000,0,0,7000,7250,6810
2022-07-15,7.01,7010,0.01(0.14 %),1606600,11300000000,0,0,7000,7200,6900
2022-07-18,7.33,7330,0.33(4.71 %),2834500,20586000000,0,0,7150,7500,7020
2022-07-19,7.3,7300,0(0.00 %),2166600,15935000000,0,0,7250,7500,7190
2022-07-20,7.42,7420,0.12(1.64 %),2223000,16488000000,0,0,7480,7480,7330
2022-07-21,7.15,7150,-0.25(-3.38 %),1560900,11283000000,0,0,7390,7400,7150
2022-07-22,7.2,7200,0(0.00 %),886900,6375000000,0,0,7160,7350,7140
2022-07-25,7.1,7100,-0.1(-1.39 %),996300,7083000000,0,0,7210,7210,7010
2022-07-26,6.97,6970,-0.13(-1.83 %),1883500,13246000000,0,0,7100,7250,6800
2022-07-27,6.91,6910,-0.09(-1.29 %),918700,6353000000,0,0,6870,7020,6800
2022-07-28,7.04,7040,0.14(2.03 %),1638500,11613000000,0,0,7160,7210,7000
2022-07-29,7.04,7040,0.04(0.57 %),1757600,12474000000,0,0,7140,7190,7030
2022-08-01,7.11,7110,0.11(1.57 %),1888300,13361000000,0,0,7000,7140,7000
2022-08-02,7.6,7600,0.5(7.04 %),5494200,40932000000,0,0,7100,7600,7100
2022-08-03,7.63,7630,0.03(0.39 %),2592800,19926000000,0,0,7600,7900,7460
2022-08-04,7.47,7470,-0.13(-1.71 %),2195500,16562000000,0,0,7650,7750,7440
2022-08-05,7.49,7490,-0.01(-0.13 %),1725600,12812000000,0,0,7460,7490,7350
2022-08-08,7.72,7720,0.22(2.93 %),2853300,21975000000,0,0,7500,7800,7500
2022-08-09,7.97,7970,0.27(3.51 %),3375100,26690000000,0,0,7720,8100,7720
2022-08-10,7.81,7810,-0.19(-2.38 %),1335600,10503000000,0,0,7900,7980,7770
2022-08-11,7.57,7570,-0.23(-2.95 %),2829900,21870000000,0,0,7850,7950,7550
2022-08-12,7.55,7550,-0.05(-0.66 %),1426500,10713000000,0,0,7460,7600,7430
2022-08-15,7.6,7600,0(0.00 %),1711100,13080000000,0,0,7650,7750,7560
2022-08-16,7.61,7610,0.01(0.13 %),1687100,13002000000,0,0,7560,7820,7520
2022-08-17,7.41,7410,-0.19(-2.50 %),2171500,16301000000,0,0,7690,7690,7360
2022-08-18,7.45,7450,0.05(0.68 %),1711900,12809000000,0,0,7400,7650,7360
2022-08-19,7.34,7340,-0.16(-2.13 %),1376600,10216000000,0,0,7450,7560,7300
2022-08-22,7.28,7280,-0.02(-0.27 %),1537800,11286000000,0,0,7340,7500,7260
2022-08-23,7.3,7300,0(0.00 %),1325100,9624000000,0,0,7210,7350,7190
2022-08-24,7.81,7810,0.51(6.99 %),5312300,40680000000,0,0,7350,7810,7320
2022-08-25,7.83,7830,0.03(0.38 %),4036700,32222000000,0,0,8150,8150,7830
2022-08-26,7.68,7680,-0.12(-1.54 %),2289400,17769000000,0,0,7800,7850,7620
2022-08-29,7.4,7400,-0.3(-3.90 %),3321700,24404000000,0,0,7400,7470,7210
2022-08-30,7.4,7400,0(0.00 %),1847900,13675000000,0,0,7440,7550,7280
2022-08-31,7.36,7360,-0.04(-0.54 %),1273700,9381000000,0,0,7400,7500,7300
2022-09-05,7.4,7400,0(0.00 %),1538200,11512000000,0,0,7360,7700,7330
2022-09-06,7.35,7350,-0.05(-0.68 %),883700,6535000000,0,0,7500,7560,7300
2022-09-07,6.86,6860,-0.54(-7.30 %),2568600,18307000000,0,0,7310,7380,6840
2022-09-08,6.65,6650,-0.25(-3.62 %),2041600,13858000000,0,0,6870,7000,6610
2022-09-09,6.67,6670,-0.03(-0.45 %),1121900,7444000000,0,0,6640,6800,6500
2022-09-12,6.74,6740,0.04(0.60 %),701500,4744000000,0,0,6800,6850,6700
2022-09-13,6.89,6890,0.19(2.84 %),1045000,7167000000,0,0,6750,6950,6700
2022-09-14,6.8,6800,-0.1(-1.45 %),1539100,10368000000,0,0,6650,6840,6650
2022-09-15,6.77,6770,-0.03(-0.44 %),1086800,7399000000,0,0,6810,6940,6720
2022-09-16,6.7,6700,-0.1(-1.47 %),1336800,9054000000,0,0,6680,6990,6650
2022-09-19,6.26,6260,-0.44(-6.57 %),2597300,16607000000,0,0,6650,6650,6260
2022-09-20,6.27,6270,-0.03(-0.48 %),1446900,8978000000,0,0,6300,6400,6000
2022-09-21,6.26,6260,-0.04(-0.63 %),672100,4198000000,0,0,6190,6350,6150
2022-09-22,6.27,6270,-0.03(-0.48 %),1489100,9336000000,0,0,6260,6400,6150
2022-09-23,6.37,6370,0.07(1.11 %),930900,5997000000,0,0,6300,6550,6270
2022-09-26,6.0,6000,-0.4(-6.25 %),2141100,13054000000,0,0,6280,6340,5930
2022-09-27,6.0,6000,0(0.00 %),1051300,6359000000,0,0,6040,6110,5990
2022-09-28,5.79,5790,-0.21(-3.50 %),1534000,9124000000,0,0,6100,6100,5700
2022-09-29,5.7,5700,-0.1(-1.72 %),1195500,7011000000,0,0,5910,6050,5700
2022-09-30,5.7,5700,0(0.00 %),1426900,7941000000,0,0,5690,5800,5340
2022-10-03,5.31,5310,-0.39(-6.84 %),801300,4377000000,0,0,5720,5720,5310
2022-10-04,5.15,5150,-0.15(-2.83 %),707000,3706000000,0,0,5340,5520,5100
2022-10-05,5.36,5360,0.16(3.08 %),1153400,6133000000,0,0,5200,5500,5190
2022-10-06,4.99,4990,-0.41(-7.59 %),1203800,6152000000,0,0,5400,5400,4990
2022-10-07,4.65,4650,-0.35(-7.00 %),1770600,8271000000,0,0,4710,4980,4650
2022-10-10,4.61,4610,-0.09(-1.91 %),894200,4103000000,0,0,4560,4730,4430
2022-10-11,4.29,4290,-0.31(-6.74 %),1335600,5808000000,0,0,4600,4610,4290
2022-10-12,4.39,4390,0.09(2.09 %),763700,3378000000,0,0,4150,4560,4150
2022-10-13,4.38,4380,-0.02(-0.45 %),450300,1947000000,0,0,4390,4400,4200
2022-10-14,4.49,4490,0.09(2.05 %),705600,3162000000,0,0,4500,4520,4440
2022-10-17,4.47,4470,-0.03(-0.67 %),400700,1771000000,0,0,4450,4500,4350
2022-10-18,4.5,4500,0(0.00 %),798600,3615000000,20333,84585280,4500,4600,4490
2022-10-19,4.48,4480,-0.02(-0.44 %),287300,1291000000,0,0,4640,4640,4450
2022-10-20,4.35,4350,-0.15(-3.33 %),326500,1428000000,0,0,4480,4480,4330
2022-10-21,4.05,4050,-0.35(-7.95 %),1511300,6185000000,0,0,4350,4360,4050
2022-10-24,3.77,3770,-0.33(-8.05 %),1070800,4071000000,0,0,4010,4130,3770
2022-10-25,3.6,3600,-0.2(-5.26 %),891900,3204000000,0,0,3650,3800,3510
2022-10-26,3.54,3540,-0.06(-1.67 %),1564800,5597000000,0,0,3660,3660,3470
2022-10-27,3.72,3720,0.22(6.29 %),1337800,4839000000,0,0,3590,3750,3540
2022-10-28,3.75,3750,0.05(1.35 %),1161000,4439000000,0,0,3800,3920,3720
2022-10-31,3.75,3750,-0.05(-1.32 %),915100,3397000000,0,0,3770,3790,3600
2022-11-01,3.78,3780,-0.02(-0.53 %),669300,2543000000,0,0,3750,3890,3680
2022-11-02,3.72,3720,-0.08(-2.11 %),654000,2458000000,0,0,3840,3870,3680
2022-11-03,3.68,3680,-0.02(-0.54 %),430900,1595000000,0,0,3700,3740,3670
2022-11-04,3.49,3490,-0.21(-5.68 %),778400,2724000000,0,0,3660,3670,3450
2022-11-07,3.25,3250,-0.25(-7.14 %),1007200,3374000000,0,0,3420,3650,3250
2022-11-08,3.28,3280,-0.02(-0.61 %),1199600,3916000000,0,0,3100,3410,3100
2022-11-09,3.29,3290,-0.01(-0.30 %),389700,1315000000,0,0,3400,3430,3280
2022-11-10,3.06,3060,-0.24(-7.27 %),1333200,4108000000,0,0,3320,3320,3060
2022-11-11,3.1,3100,0(0.00 %),993200,3071000000,0,0,3100,3170,2900
2022-11-14,3.1,3100,0(0.00 %),1288900,3793000000,0,0,3090,3100,2890
2022-11-15,2.89,2890,-0.21(-6.77 %),948700,2745000000,0,0,2890,3100,2890
2022-11-16,3.06,3060,0.16(5.52 %),1626000,4578000000,0,0,2690,3090,2690
2022-11-17,3.14,3140,0.04(1.29 %),720800,2233000000,0,0,3130,3140,3050
2022-11-18,3.17,3170,0.07(2.26 %),815000,2546000000,0,0,3140,3250,2990
2022-11-21,3.25,3250,0.05(1.56 %),1330800,4342000000,0,0,3270,3370,3170
2022-11-22,3.47,3470,0.17(5.15 %),1743600,5989000000,0,0,3320,3470,3250
2022-11-23,3.3,3300,-0.2(-5.71 %),851600,2919000000,0,0,3500,3590,3300
2022-11-24,3.3,3300,0(0.00 %),1107500,3628000000,0,0,3370,3370,3150
2022-11-25,3.46,3460,0.16(4.85 %),810300,2754000000,0,0,3400,3460,3310
2022-11-28,3.7,3700,0.2(5.71 %),1109400,4076000000,0,0,3460,3700,3460
2022-11-29,3.8,3800,0.1(2.70 %),1297600,4959000000,0,0,3890,3940,3600
2022-11-30,3.9,3900,0.1(2.63 %),1249100,4846000000,0,0,3800,4000,3750
2022-12-01,3.95,3950,0.05(1.28 %),2027400,8225000000,0,0,4000,4160,3910
2022-12-02,4.0,4000,0(0.00 %),1703400,6699000000,0,0,3950,4100,3680
2022-12-05,4.09,4090,0.09(2.25 %),2447400,9974000000,0,0,4160,4170,3990
2022-12-06,4.37,4370,0.27(6.59 %),4579500,19569000000,0,0,4020,4370,3950
2022-12-07,4.29,4290,-0.11(-2.50 %),1961400,8449000000,0,0,4370,4600,4080
2022-12-08,3.99,3990,-0.31(-7.21 %),2630600,10933000000,0,0,4290,4400,3990
2022-12-09,3.99,3990,-0.01(-0.25 %),1046200,4135000000,0,0,4000,4060,3850
2022-12-12,3.91,3910,-0.09(-2.25 %),1044800,4205000000,0,0,4060,4150,3900
2022-12-13,3.88,3880,-0.02(-0.51 %),875800,3422000000,0,0,3830,4100,3760
2022-12-14,4.0,4000,0.1(2.56 %),933800,3733000000,0,0,3950,4100,3940
2022-12-15,3.95,3950,-0.05(-1.25 %),953300,3795000000,0,0,4010,4040,3940
2022-12-16,4.0,4000,0(0.00 %),2517800,9918000000,0,0,3900,4060,3710
2022-12-19,3.92,3920,-0.08(-2.00 %),942400,3775000000,0,0,4010,4040,3920
2022-12-20,3.65,3650,-0.25(-6.41 %),1947700,7200000000,0,0,3990,3990,3650
2022-12-21,3.4,3400,-0.3(-8.11 %),1439300,4976000000,0,0,3630,3750,3400
2022-12-22,3.4,3400,0(0.00 %),961100,3223000000,0,0,3400,3480,3220
2022-12-23,3.38,3380,-0.02(-0.59 %),651600,2190000000,0,0,3300,3400,3300
2022-12-26,3.15,3150,-0.25(-7.35 %),663100,2165000000,0,0,3380,3400,3150
2022-12-27,3.25,3250,0.05(1.56 %),1035600,3307000000,0,0,3180,3300,3100
2022-12-28,3.35,3350,0.05(1.52 %),728500,2439000000,0,0,3320,3430,3230
2022-12-29,3.35,3350,-0.05(-1.47 %),569500,1907000000,0,0,3390,3430,3300
2022-12-30,3.16,3160,-0.24(-7.06 %),667100,2195000000,0,0,3330,3400,3160
2023-01-03,3.38,3380,0.18(5.62 %),855000,2862000000,0,0,3170,3380,3170
2023-01-04,3.42,3420,0.02(0.59 %),864100,2997000000,0,0,3430,3550,3380
2023-01-05,3.51,3510,0.11(3.24 %),1577300,5524000000,0,0,3480,3600,3300
2023-01-06,3.41,3410,-0.09(-2.57 %),1053000,3641000000,0,0,3510,3550,3400
2023-01-09,3.38,3380,-0.02(-0.59 %),858000,2960000000,0,0,3450,3600,3350
2023-01-10,3.38,3380,-0.02(-0.59 %),520600,1738000000,0,0,3380,3480,3280
2023-01-11,3.38,3380,-0.02(-0.59 %),589500,2011000000,0,0,3410,3480,3370
2023-01-12,3.37,3370,-0.03(-0.88 %),2042100,6921000000,0,0,3450,3530,3350
2023-01-13,3.37,3370,-0.03(-0.88 %),570100,1937000000,0,0,3500,3500,3360
2023-01-16,3.32,3320,-0.08(-2.35 %),317000,1065000000,0,0,3400,3430,3310
2023-01-17,3.4,3400,0.1(3.03 %),879600,2953000000,0,0,3320,3400,3320
2023-01-18,3.5,3500,0.1(2.94 %),863500,3002000000,0,0,3400,3560,3400
2023-01-19,3.57,3570,0.07(2.00 %),580800,2065000000,0,0,3520,3600,3500
2023-01-27,3.72,3720,0.12(3.33 %),1206300,4495000000,0,0,3760,3800,3630
2023-01-30,3.88,3880,0.18(4.86 %),1311300,5018000000,0,0,3780,3950,3700
2023-01-31,3.76,3760,-0.14(-3.59 %),1437100,5387000000,0,0,3830,3860,3700
2023-02-01,3.6,3600,-0.2(-5.26 %),1101200,4143000000,0,0,3820,3900,3600
2023-02-02,3.4,3400,-0.2(-5.56 %),761600,2669000000,0,0,3600,3650,3400
2023-02-03,3.47,3470,0.07(2.06 %),1033100,3563000000,0,0,3470,3550,3400
2023-02-06,3.52,3520,0.02(0.57 %),699100,2444000000,0,0,3480,3580,3400
2023-02-07,3.5,3500,0(0.00 %),576700,2040000000,0,0,3600,3610,3470
2023-02-08,3.74,3740,0.24(6.86 %),2708700,10107000000,0,0,3510,3740,3480
2023-02-09,4.0,4000,0.3(8.11 %),3934000,15560000000,0,0,3900,4000,3750
2023-02-10,3.72,3720,-0.28(-7.00 %),2140300,8313000000,0,0,4000,4110,3720
2023-02-13,3.46,3460,-0.24(-6.49 %),1762200,6279000000,0,0,3720,3830,3460
2023-02-14,3.49,3490,-0.01(-0.29 %),614500,2133000000,0,0,3470,3530,3400
2023-02-15,3.6,3600,0.1(2.86 %),794800,2865000000,0,0,3500,3700,3470
2023-02-16,3.64,3640,0.04(1.11 %),868500,3152000000,0,0,3610,3670,3580
2023-02-17,3.6,3600,0(0.00 %),549000,1985000000,0,0,3650,3670,3570
2023-02-20,3.85,3850,0.25(6.94 %),2200700,8292000000,0,0,3640,3850,3640
2023-02-21,3.85,3850,-0.05(-1.28 %),2581600,10169000000,0,0,3940,4070,3840
2023-02-22,3.8,3800,-0.1(-2.56 %),1916900,7242000000,0,0,3780,3880,3660
2023-02-23,3.78,3780,-0.02(-0.53 %),744200,2755000000,0,0,3750,3800,3640
2023-02-24,3.6,3600,-0.2(-5.26 %),727000,2723000000,0,0,3800,3850,3600
2023-02-27,3.64,3640,0.04(1.11 %),831100,2985000000,0,0,3600,3650,3550
2023-02-28,3.73,3730,0.13(3.61 %),1144800,4287000000,0,0,3640,3820,3640
2023-03-01,3.78,3780,0.08(2.16 %),788800,2936000000,0,0,3680,3800,3600
2023-03-02,3.69,3690,-0.11(-2.89 %),864400,3265000000,0,0,3790,3870,3690
2023-03-03,3.63,3630,-0.07(-1.89 %),634900,2338000000,0,0,3750,3750,3610
2023-03-06,3.75,3750,0.15(4.17 %),1565400,5938000000,0,0,3650,3880,3650
2023-03-07,3.68,3680,-0.12(-3.16 %),578000,2151000000,0,0,3790,3790,3680
2023-03-08,3.7,3700,0(0.00 %),1087000,3959000000,0,0,3650,3700,3600
2023-03-09,3.8,3800,0.1(2.70 %),1609300,6101000000,0,0,3730,3850,3700
2023-03-10,3.79,3790,-0.01(-0.26 %),678300,2545000000,0,0,3750,3800,3700
2023-03-13,3.73,3730,-0.07(-1.84 %),1340500,4999000000,0,0,3750,3780,3680
2023-03-14,3.58,3580,-0.12(-3.24 %),1222800,4438000000,0,0,3710,3770,3560
2023-03-15,3.67,3670,0.07(1.94 %),487200,1783000000,0,0,3690,3700,3610
2023-03-16,3.59,3590,-0.11(-2.97 %),640300,2302000000,0,0,3660,3670,3580
2023-03-17,3.57,3570,-0.03(-0.83 %),434000,1559000000,0,0,3670,3670,3570
2023-03-20,3.46,3460,-0.14(-3.89 %),1017500,3563000000,0,0,3550,3590,3450
2023-03-21,3.52,3520,0.02(0.57 %),558100,1953000000,0,0,3500,3560,3450
2023-03-22,3.52,3520,0.02(0.57 %),310900,1092000000,0,0,3560,3560,3500
2023-03-23,3.43,3430,-0.07(-2.00 %),469200,1607000000,0,0,3520,3520,3280
2023-03-24,3.44,3440,0.04(1.18 %),371800,1282000000,512000,1633280000,3490,3490,3420
2023-03-27,3.46,3460,0.06(1.76 %),356000,1229000000,0,0,3470,3490,3420
2023-03-28,3.46,3460,-0.04(-1.14 %),467500,1631000000,0,0,3500,3540,3460
2023-03-29,3.48,3480,-0.02(-0.57 %),526400,1816000000,0,0,3500,3500,3420
2023-03-30,3.47,3470,-0.03(-0.86 %),562800,1956000000,0,0,3500,3500,3460
2023-03-31,3.43,3430,-0.07(-2.00 %),487600,1679000000,0,0,3490,3490,3420
2023-04-03,3.49,3490,0.09(2.65 %),1350300,4663000000,0,0,3480,3490,3430
2023-04-04,3.52,3520,0.02(0.57 %),1810100,6325000000,0,0,3490,3540,3430
2023-04-05,3.68,3680,0.18(5.14 %),1909100,6863000000,0,0,3580,3680,3520
2023-04-06,3.62,3620,-0.08(-2.16 %),1677800,6197000000,0,0,3780,3780,3620
2023-04-07,3.55,3550,-0.05(-1.39 %),825000,2935000000,0,0,3590,3620,3500
2023-04-10,3.56,3560,-0.04(-1.11 %),867700,3093000000,0,0,3600,3630,3500
2023-04-11,3.61,3610,0.01(0.28 %),780200,2809000000,0,0,3570,3650,3550
2023-04-12,3.6,3600,0(0.00 %),613000,2209000000,0,0,3620,3650,3580
2023-04-13,3.54,3540,-0.06(-1.67 %),724300,2564000000,0,0,3600,3600,3500
2023-04-14,3.52,3520,0.02(0.57 %),447400,1586000000,0,0,3540,3590,3520
2023-04-17,3.48,3480,-0.02(-0.57 %),506700,1772000000,0,0,3540,3540,3450
2023-04-18,3.44,3440,-0.06(-1.71 %),646300,2233000000,0,0,3490,3530,3440
2023-04-19,3.48,3480,0.08(2.35 %),408300,1415000000,0,0,3450,3530,3430
2023-04-20,3.58,3580,0.08(2.29 %),1317300,4718000000,0,0,3480,3660,3480
2023-04-21,3.52,3520,-0.08(-2.22 %),467800,1661000000,0,0,3600,3620,3500
2023-04-24,3.44,3440,-0.06(-1.71 %),770900,2679000000,0,0,3520,3540,3440
2023-04-25,3.45,3450,0.05(1.47 %),884200,3056000000,0,0,3450,3510,3430
2023-04-26,3.46,3460,-0.04(-1.14 %),377700,1301000000,0,0,3470,3480,3410
2023-04-27,3.46,3460,0(0.00 %),341300,1179000000,0,0,3500,3500,3430
2023-04-28,3.7,3700,0.24(6.94 %),4762400,17609000000,0,0,3700,3700,3660
2023-05-04,3.63,3630,-0.07(-1.89 %),1020700,3730000000,0,0,3720,3790,3590
2023-05-05,3.55,3550,-0.08(-2.20 %),2829100,10212000000,0,0,3630,3670,3550
2023-05-08,3.64,3640,0.09(2.54 %),1592800,5840000000,0,0,3620,3750,3550
2023-05-09,3.89,3890,0.29(8.06 %),3907100,14760000000,0,0,3760,3890,3650
2023-05-10,4.16,4160,0.26(6.67 %),4318600,17923000000,0,0,4120,4160,4000
2023-05-11,4.19,4190,-0.01(-0.24 %),4444700,18646000000,0,0,4200,4330,4060
2023-05-12,4.19,4190,-0.01(-0.24 %),2388000,9873000000,0,0,4140,4210,4030
2023-05-15,4.1,4100,-0.09(-2.15 %),4053800,17094000000,0,0,4390,4390,4100
2023-05-16,4.02,4020,-0.08(-1.95 %),2045300,8311000000,0,0,4180,4180,4020
2023-05-17,4.19,4190,0.17(4.23 %),3863500,16208000000,0,0,4030,4270,4030
2023-05-18,4.2,4200,0.01(0.24 %),3560500,15204000000,0,0,4210,4350,4200
2023-05-19,4.19,4190,-0.01(-0.24 %),3034200,12694000000,0,0,4200,4270,4080
2023-05-22,4.31,4310,0.12(2.86 %),2763300,11728000000,0,0,4200,4320,4190
2023-05-23,4.28,4280,-0.03(-0.70 %),2548600,11050000000,0,0,4380,4410,4270
2023-05-24,4.28,4280,0(0.00 %),3278700,14104000000,0,0,4290,4400,4260
2023-05-25,4.26,4260,-0.02(-0.47 %),2404600,10228000000,0,0,4280,4290,4220
2023-05-26,4.55,4550,0.29(6.81 %),4305300,19033000000,0,0,4260,4550,4260
2023-05-29,4.86,4860,0.31(6.81 %),4907500,23605000000,100000,424000000,4850,4860,4710
2023-05-30,4.78,4780,-0.08(-1.65 %),5164700,24929000000,0,0,4860,4990,4740
2023-05-31,4.78,4780,0(0.00 %),5413800,25940000000,0,0,4870,4870,4700
2023-06-01,5.09,5090,0.31(6.49 %),4063900,20477000000,0,0,4850,5110,4800
2023-06-02,4.99,4990,-0.1(-1.96 %),3430400,17191000000,0,0,5090,5200,4890
2023-06-05,4.99,4990,0(0.00 %),4631200,23213000000,0,0,5020,5100,4950
2023-06-06,5.02,5020,0.03(0.60 %),2043100,10190000000,0,0,4990,5050,4960
2023-06-07,5.06,5060,0.04(0.80 %),2287300,11602000000,0,0,5050,5150,5020
2023-06-08,4.8,4800,-0.26(-5.14 %),3534300,17776000000,0,0,5150,5150,4800
2023-06-09,4.88,4880,0.08(1.67 %),2385600,11638000000,0,0,4820,4960,4820
2023-06-12,5.05,5050,0.17(3.48 %),2900800,14370000000,0,0,4910,5050,4910
2023-06-13,5.36,5360,0.31(6.14 %),4052300,21674000000,0,0,5100,5400,5090
2023-06-14,5.25,5250,-0.11(-2.05 %),3482900,18660000000,0,0,5500,5500,5200
2023-06-15,4.89,4890,-0.36(-6.86 %),2795600,14241000000,0,0,5150,5300,4890
2023-06-16,4.82,4820,-0.08(-1.63 %),2880400,14241000000,0,0,4920,5030,4800
2023-06-19,4.63,4630,-0.17(-3.54 %),3329000,15667000000,0,0,4800,4850,4600
2023-06-20,4.75,4750,0.15(3.26 %),1607100,7543000000,0,0,4630,4750,4630
2023-06-21,4.84,4840,0.04(0.83 %),1427800,6859000000,0,0,4760,4860,4760
2023-06-22,4.93,4930,0.09(1.86 %),2410700,11790000000,0,0,4840,4940,4840
2023-06-23,4.93,4930,0.03(0.61 %),1218000,6053000000,0,0,4930,5030,4920
2023-06-26,4.77,4770,-0.13(-2.65 %),2439600,11575000000,0,0,4900,4920,4680
2023-06-27,4.76,4760,-0.04(-0.83 %),1346200,6364000000,0,0,4700,4800,4650
2023-06-28,4.7,4700,-0.1(-2.08 %),2256500,10627000000,0,0,4840,4840,4680
2023-06-29,4.4,4400,-0.3(-6.38 %),1143300,5187000000,0,0,4700,4750,4400
2023-06-30,4.52,4520,0.12(2.73 %),2064000,9172000000,0,0,4410,4540,4370
2023-07-03,4.59,4590,0.09(2.00 %),1316500,5978000000,0,0,4600,4620,4480
2023-07-04,4.68,4680,0.08(1.74 %),1243100,5787000000,0,0,4600,4690,4600
2023-07-05,4.67,4670,-0.03(-0.64 %),1527300,7132000000,0,0,4700,4730,4630
2023-07-06,4.49,4490,-0.21(-4.47 %),3122000,14129000000,0,0,4680,4680,4480
2023-07-07,4.55,4550,0.05(1.11 %),655500,2961000000,0,0,4500,4600,4440
2023-07-10,4.67,4670,0.07(1.52 %),1333600,6236000000,0,0,4700,4720,4600
2023-07-11,4.92,4920,0.22(4.68 %),3426900,16722000000,0,0,4750,4930,4750
2023-07-12,4.91,4910,0.01(0.20 %),1272300,6289000000,0,0,4900,5030,4880
2023-07-13,4.91,4910,0.01(0.20 %),832900,4085000000,0,0,4970,4970,4880
2023-07-14,4.92,4920,0.02(0.41 %),2334000,11481000000,0,0,4950,4970,4880
2023-07-17,5.04,5040,0.14(2.86 %),2271000,11314000000,0,0,4990,5050,4940
2023-07-18,4.92,4920,-0.08(-1.60 %),1669900,8312000000,0,0,5060,5080,4910
2023-07-19,4.9,4900,0(0.00 %),1656400,8125000000,0,0,4950,4950,4840
2023-07-20,4.89,4890,-0.01(-0.20 %),1967700,9480000000,0,0,4890,4900,4750
2023-07-21,4.98,4980,0.08(1.63 %),1479100,7284000000,0,0,4910,4980,4880
2023-07-24,5.3,5300,0.3(6.00 %),4330100,22090000000,0,0,5060,5300,5000
2023-07-25,5.21,5210,-0.09(-1.70 %),3210900,16809000000,0,0,5480,5480,5000
2023-07-26,5.15,5150,-0.06(-1.15 %),2789400,14297000000,0,0,5210,5250,5070
2023-07-27,5.1,5100,-0.1(-1.92 %),2918700,14907000000,0,0,5250,5250,5020
2023-07-28,5.19,5190,0.09(1.76 %),2097600,10829000000,0,0,5110,5200,5100
2023-07-31,5.55,5550,0.35(6.73 %),10718700,58596000000,0,0,5370,5550,5290
2023-08-01,5.68,5680,0.08(1.43 %),8636500,49710000000,0,0,5750,5930,5500
2023-08-02,5.6,5600,-0.1(-1.75 %),3234200,17930000000,0,0,5680,5710,5460
2023-08-03,5.71,5710,0.11(1.96 %),3023400,17145000000,0,0,5610,5800,5590
2023-08-04,5.75,5750,0.04(0.70 %),2508100,14340000000,0,0,5740,5790,5650
2023-08-07,6.14,6140,0.39(6.78 %),9312500,57065000000,0,0,6150,6150,6000
2023-08-08,6.22,6220,0.08(1.30 %),4020900,24905000000,0,0,6150,6300,6150
2023-08-09,6.39,6390,0.17(2.73 %),5660500,35186000000,0,0,6220,6490,6040
2023-08-10,6.2,6200,-0.19(-2.97 %),3639500,22618000000,0,0,6470,6470,6110
2023-08-11,6.04,6040,-0.16(-2.58 %),2987100,17869000000,0,0,6170,6200,5800
2023-08-14,6.06,6060,0.06(1.00 %),2018600,12294000000,0,0,6020,6150,6020
2023-08-15,6.15,6150,0.05(0.82 %),2827100,17346000000,0,0,6100,6220,6050
2023-08-16,6.01,6010,-0.19(-3.06 %),1853900,11250000000,0,0,6130,6150,6010
2023-08-17,5.89,5890,-0.11(-1.83 %),3132400,18740000000,0,0,6010,6150,5870
2023-08-18,5.48,5480,-0.42(-7.12 %),4054200,22641000000,0,0,5820,5840,5480
2023-08-21,5.12,5120,-0.38(-6.91 %),10310700,53049000000,0,0,5150,5420,5100
2023-08-22,5.25,5250,0.15(2.94 %),4650600,23204000000,0,0,5150,5250,4770
2023-08-23,5.29,5290,0.04(0.76 %),3702500,20034000000,0,0,5350,5600,5200
2023-08-24,5.33,5330,0.04(0.76 %),3585200,18940000000,0,0,5290,5360,5160
2023-08-25,5.26,5260,-0.07(-1.31 %),1828200,9704000000,0,0,5320,5390,5250
2023-08-28,5.35,5350,0.09(1.71 %),3461700,18388000000,0,0,5300,5360,5250
2023-08-29,5.47,5470,0.12(2.24 %),14167700,77077000000,0,0,5350,5620,5340
2023-08-30,5.52,5520,0.05(0.91 %),4451600,24562000000,0,0,5500,5660,5420
2023-08-31,5.39,5390,-0.13(-2.36 %),8942300,48097000000,0,0,5630,5630,5280
2023-09-05,5.35,5350,-0.04(-0.74 %),4871400,26013000000,0,0,5450,5450,5290
2023-09-06,5.39,5390,0.04(0.75 %),2966400,15942000000,0,0,5350,5450,5280
2023-09-07,5.43,5430,0.04(0.74 %),7165100,39156000000,0,0,5400,5590,5380
2023-09-08,5.61,5610,0.18(3.31 %),9014100,50466000000,0,0,5490,5740,5490
2023-09-11,5.33,5330,-0.28(-4.99 %),6406000,35225000000,0,0,5700,5750,5330
2023-09-12,5.39,5390,0.06(1.13 %),4320200,22870000000,0,0,5390,5390,5200
2023-09-13,5.16,5160,-0.23(-4.27 %),7380600,38700000000,0,0,5390,5400,5110
2023-09-14,4.83,4830,-0.33(-6.40 %),7257600,35945000000,0,0,5130,5190,4830
2023-09-15,4.8,4800,-0.03(-0.62 %),3080000,14831000000,0,0,4900,4990,4730
2023-09-18,4.65,4650,-0.15(-3.12 %),2604000,12234000000,0,0,4750,4780,4650
2023-09-19,4.6,4600,-0.05(-1.08 %),2542600,11667000000,0,0,4580,4710,4510
2023-09-20,4.85,4850,0.25(5.43 %),1724100,8138000000,0,0,4590,4850,4580
2023-09-21,4.77,4770,-0.08(-1.65 %),1539900,7437000000,39000,202020000,4900,4900,4770
2023-09-22,4.55,4550,-0.22(-4.61 %),2803300,12877000000,0,0,4670,4770,4460
2023-09-25,4.24,4240,-0.31(-6.81 %),2802300,12389000000,0,0,4560,4640,4240
2023-09-26,4.0,4000,-0.24(-5.66 %),2120800,8785000000,0,0,4200,4280,4000
2023-09-27,3.98,3980,-0.02(-0.50 %),2484000,9671000000,0,0,3890,4060,3780
2023-09-28,3.97,3970,-0.01(-0.25 %),1068600,4275000000,0,0,4020,4050,3930
2023-09-29,4.1,4100,0.13(3.27 %),1238200,5038000000,0,0,4040,4140,4020
2023-10-02,4.15,4150,0.05(1.22 %),849400,3521000000,0,0,4130,4200,4090
2023-10-03,3.86,3860,-0.29(-6.99 %),2209700,8753000000,0,0,4120,4120,3860
2023-10-04,3.8,3800,-0.06(-1.55 %),1851600,7091000000,0,0,3720,3880,3720
2023-10-05,3.8,3800,0(0.00 %),760200,2924000000,0,0,3880,3900,3790
2023-10-06,3.78,3780,-0.02(-0.53 %),964700,3664000000,0,0,3810,3870,3760
2023-10-09,3.86,3860,0.08(2.12 %),876600,3359000000,0,0,3780,3870,3780
2023-10-10,3.96,3960,0.1(2.59 %),1210100,4778000000,0,0,3900,3990,3890
2023-10-11,4.0,4000,0.04(1.01 %),973600,3877000000,0,0,3990,4030,3930
2023-10-12,4.05,4050,0.05(1.25 %),1032600,4186000000,0,0,4010,4090,4010
2023-10-13,3.98,3980,-0.07(-1.73 %),1979900,7802000000,0,0,3980,4000,3880
2023-10-16,3.9,3900,-0.08(-2.01 %),984000,3862000000,0,0,3980,3990,3880
2023-10-17,3.82,3820,-0.08(-2.05 %),892300,3473000000,0,0,3940,3940,3820
2023-10-18,3.63,3630,-0.19(-4.97 %),1525000,5664000000,0,0,3800,3840,3560
2023-10-19,3.56,3560,-0.07(-1.93 %),973600,3516000000,0,0,3630,3700,3520
2023-10-20,3.64,3640,0.08(2.25 %),1007900,3590000000,0,0,3590,3640,3410
2023-10-23,3.63,3630,-0.01(-0.27 %),720900,2626000000,0,0,3670,3690,3600
2023-10-24,3.63,3630,0(0.00 %),568200,2066000000,0,0,3680,3680,3610
2023-10-25,3.68,3680,0.05(1.38 %),620800,2290000000,0,0,3680,3730,3660
2023-10-26,3.43,3430,-0.25(-6.79 %),2418200,8335000000,0,0,3580,3640,3430
2023-10-27,3.47,3470,0.04(1.17 %),948700,3224000000,0,0,3440,3500,3250
2023-10-30,3.31,3310,-0.16(-4.61 %),670900,2269000000,0,0,3470,3480,3270
2023-10-31,3.25,3250,-0.06(-1.81 %),731900,2424000000,0,0,3440,3440,3210
2023-11-01,3.3,3300,0.05(1.54 %),968000,3151000000,0,0,3340,3340,3190
2023-11-02,3.53,3530,0.23(6.97 %),1139300,3927000000,0,0,3380,3530,3350
2023-11-03,3.5,3500,-0.03(-0.85 %),720800,2528000000,0,0,3580,3580,3470
2023-11-06,3.49,3490,-0.01(-0.29 %),745100,2621000000,0,0,3510,3580,3490
2023-11-07,3.44,3440,-0.05(-1.43 %),477900,1657000000,0,0,3480,3520,3440
2023-11-08,3.61,3610,0.17(4.94 %),1135800,3991000000,0,0,3430,3630,3420
2023-11-09,3.76,3760,0.15(4.16 %),1974100,7320000000,0,0,3650,3800,3600
2023-11-10,3.68,3680,-0.08(-2.13 %),1154000,4285000000,0,0,3700,3770,3660
2023-11-13,3.68,3680,0(0.00 %),1146200,4248000000,0,0,3720,3760,3660
2023-11-14,3.86,3860,0.18(4.89 %),2502800,9493000000,0,0,3700,3860,3700
2023-11-15,3.86,3860,0(0.00 %),1037600,4060000000,0,0,4000,4000,3820
2023-11-16,3.83,3830,-0.03(-0.78 %),1140300,4336000000,0,0,3830,3870,3770
2023-11-17,3.8,3800,-0.03(-0.78 %),2112200,8106000000,0,0,3840,3930,3760
2023-11-20,3.75,3750,-0.05(-1.32 %),1030200,3835000000,0,0,3700,3790,3650
2023-11-21,3.81,3810,0.06(1.60 %),1865400,7001000000,0,0,3800,3820,3700
2023-11-22,3.8,3800,-0.01(-0.26 %),933900,3543000000,0,0,3830,3830,3770
2023-11-23,3.8,3800,0(0.00 %),2240400,8597000000,0,0,3820,3910,3790
2023-11-24,3.72,3720,-0.08(-2.11 %),1917300,7076000000,0,0,3780,3780,3630
2023-11-27,3.66,3660,-0.06(-1.61 %),949900,3501000000,0,0,3710,3740,3640
2023-11-28,3.62,3620,-0.04(-1.09 %),609200,2203000000,0,0,3670,3690,3550
2023-11-29,3.64,3640,0.02(0.55 %),519100,1894000000,0,0,3690,3690,3620
2023-11-30,3.63,3630,-0.01(-0.27 %),921900,3368000000,0,0,3640,3710,3630
2023-12-01,3.64,3640,0.01(0.28 %),776400,2809000000,0,0,3640,3640,3600
2023-12-04,3.77,3770,0.13(3.57 %),1277000,4765000000,0,0,3670,3800,3650
2023-12-05,3.75,3750,-0.02(-0.53 %),807700,3047000000,0,0,3780,3820,3740
2023-12-06,3.83,3830,0.08(2.13 %),1280000,4873000000,0,0,3730,3840,3730
2023-12-07,3.9,3900,0.07(1.83 %),2632000,10185000000,0,0,3820,3930,3760
2023-12-08,3.86,3860,-0.04(-1.03 %),835300,3242000000,0,0,3940,3970,3820
2023-12-11,3.79,3790,-0.07(-1.81 %),916300,3488000000,0,0,3870,3870,3770
2023-12-12,3.85,3850,0.06(1.58 %),1317200,5040000000,0,0,3820,3880,3780
2023-12-13,3.78,3780,-0.07(-1.82 %),1175500,4511000000,0,0,3870,3910,3770
2023-12-14,3.76,3760,-0.02(-0.53 %),672700,2547000000,0,0,3810,3830,3750
2023-12-15,3.72,3720,-0.04(-1.06 %),606700,2274000000,0,0,3750,3790,3710
2023-12-18,3.72,3720,0(0.00 %),754800,2824000000,0,0,3710,3780,3690
2023-12-19,3.79,3790,0.07(1.88 %),804400,3050000000,0,0,3750,3880,3730
2023-12-20,3.79,3790,0(0.00 %),351800,1334000000,0,0,3840,3840,3760
2023-12-21,3.74,3740,-0.05(-1.32 %),422700,1588000000,0,0,3790,3790,3740
2023-12-22,3.72,3720,-0.02(-0.53 %),590800,2205000000,0,0,3750,3780,3700
2023-12-25,3.72,3720,0(0.00 %),697900,2608000000,0,0,3750,3770,3710
2023-12-26,3.73,3730,0.01(0.27 %),478300,1785000000,0,0,3730,3760,3720
2023-12-27,3.71,3710,-0.02(-0.54 %),497500,1858000000,0,0,3750,3770,3710
2023-12-28,3.71,3710,0(0.00 %),511800,1907000000,0,0,3740,3750,3710
2023-12-29,3.74,3740,0.03(0.81 %),445200,1666000000,0,0,3720,3760,3720
2024-01-02,3.9,3900,0.16(4.28 %),2764200,10672000000,0,0,3790,3970,3760
2024-01-03,3.98,3980,0.08(2.05 %),2479000,9900000000,0,0,3920,4070,3860
2024-01-04,3.88,3880,-0.1(-2.51 %),1603900,6299000000,0,0,4080,4080,3860
2024-01-05,3.85,3850,-0.03(-0.77 %),1325000,5096000000,0,0,3900,3900,3800
2024-01-08,3.85,3850,0(0.00 %),857800,3321000000,0,0,3850,3910,3850
2024-01-09,3.8,3800,-0.05(-1.30 %),980500,3756000000,0,0,3860,3880,3790
2024-01-10,3.79,3790,-0.01(-0.26 %),962300,3640000000,0,0,3840,3850,3750
2024-01-11,3.77,3770,-0.02(-0.53 %),796700,3012000000,0,0,3760,3810,3760
2024-01-12,3.66,3660,-0.11(-2.92 %),1521600,5647000000,0,0,3770,3770,3660
2024-01-15,3.65,3650,-0.01(-0.27 %),569900,2097000000,0,0,3660,3730,3650
2024-01-16,3.74,3740,0.09(2.47 %),458600,1680000000,0,0,3640,3740,3640
2024-01-17,3.68,3680,-0.06(-1.60 %),462300,1715000000,0,0,3740,3750,3680
2024-01-18,3.68,3680,0(0.00 %),262600,966000000,0,0,3700,3700,3660
2024-01-19,3.69,3690,0.01(0.27 %),481500,1777000000,0,0,3700,3740,3680
2024-01-22,3.69,3690,0(0.00 %),870700,3190000000,0,0,3730,3730,3640
2024-01-23,3.68,3680,-0.01(-0.27 %),680200,2506000000,0,0,3670,3730,3660
2024-01-24,3.7,3700,0.02(0.54 %),480000,1778000000,0,0,3700,3730,3680
2024-01-25,3.7,3700,0(0.00 %),418500,1551000000,0,0,3700,3740,3690
2024-01-26,3.69,3690,-0.01(-0.27 %),529700,1959000000,0,0,3690,3730,3690
2024-01-29,3.66,3660,-0.03(-0.81 %),783100,2877000000,0,0,3700,3710,3650
2024-01-30,3.68,3680,0.02(0.55 %),698600,2580000000,0,0,3680,3750,3670
2024-01-31,3.62,3620,-0.06(-1.63 %),900400,3287000000,0,0,3650,3720,3610
2024-02-01,3.62,3620,0(0.00 %),489100,1773000000,0,0,3650,3650,3600
2024-02-02,3.54,3540,-0.08(-2.21 %),912800,3275000000,0,0,3660,3660,3540
2024-02-05,3.48,3480,-0.06(-1.69 %),638300,2242000000,0,0,3580,3590,3480
2024-02-06,3.49,3490,0.01(0.29 %),539200,1884000000,0,0,3480,3510,3480
2024-02-07,3.51,3510,0.02(0.57 %),579600,2035000000,0,0,3490,3580,3490
2024-02-15,3.6,3600,0.09(2.56 %),267500,958000000,0,0,3600,3600,3520
2024-02-16,3.62,3620,0.02(0.56 %),444800,1607000000,0,0,3610,3640,3590
2024-02-19,3.66,3660,0.04(1.10 %),1053900,3867000000,0,0,3630,3700,3630
2024-02-20,3.65,3650,-0.01(-0.27 %),809900,2957000000,0,0,3680,3690,3620
2024-02-21,3.66,3660,0.01(0.27 %),545500,2000000000,0,0,3680,3700,3640
2024-02-22,3.89,3890,0.23(6.28 %),2957400,11214000000,0,0,3660,3890,3660
2024-02-23,3.72,3720,-0.17(-4.37 %),1350300,5160000000,0,0,3900,3910,3720
2024-02-26,3.67,3670,-0.05(-1.34 %),935700,3441000000,0,0,3720,3740,3640
2024-02-27,3.71,3710,0.04(1.09 %),563800,2084000000,0,0,3690,3720,3670
2024-02-28,3.73,3730,0.02(0.54 %),587800,2192000000,0,0,3710,3760,3690
2024-02-29,3.69,3690,-0.04(-1.07 %),1110300,4082000000,0,0,3730,3740,3640
2024-03-01,3.7,3700,0.01(0.27 %),397300,1464000000,0,0,3690,3710,3670
2024-03-04,3.72,3720,0.02(0.54 %),887700,3314000000,0,0,3700,3760,3700
2024-03-05,3.71,3710,-0.01(-0.27 %),763000,2832000000,0,0,3720,3750,3690
2024-03-06,3.73,3730,0.02(0.54 %),1469600,5550000000,0,0,3720,3830,3720
2024-03-07,3.75,3750,0(0.00 %),1097700,4103000000,0,0,3740,3770,3700
2024-03-08,3.69,3690,-0.06(-1.60 %),939200,3487000000,0,0,3740,3790,3690
2024-03-11,3.66,3660,-0.03(-0.81 %),695900,2560000000,0,0,3700,3700,3650
2024-03-12,3.64,3640,-0.02(-0.55 %),704600,2559000000,0,0,3620,3670,3610
2024-03-13,3.67,3670,0.03(0.82 %),670600,2448000000,0,0,3640,3670,3640
2024-03-14,3.64,3640,-0.03(-0.82 %),1100000,3998000000,0,0,3670,3690,3600
2024-03-15,3.65,3650,0.01(0.27 %),709200,2567000000,0,0,3630,3660,3600
2024-03-18,3.58,3580,-0.07(-1.92 %),932400,3360000000,0,0,3620,3690,3550
2024-03-19,3.6,3600,0.02(0.56 %),610500,2193000000,0,0,3630,3630,3560
2024-03-20,3.63,3630,0.03(0.83 %),362400,1307000000,0,0,3600,3630,3580
2024-03-21,3.64,3640,0.01(0.28 %),605600,2198000000,0,0,3630,3670,3620
2024-03-22,3.64,3640,0(0.00 %),794100,2881000000,0,0,3660,3660,3590
2024-03-25,3.63,3630,-0.01(-0.27 %),661800,2395000000,0,0,3640,3650,3600
2024-03-26,3.64,3640,0.01(0.28 %),373500,1352000000,0,0,3610,3640,3610
2024-03-27,3.65,3650,0.01(0.27 %),517200,1884000000,0,0,3650,3660,3630
2024-03-28,3.63,3630,-0.02(-0.55 %),507000,1846000000,0,0,3650,3660,3620
2024-03-29,3.59,3590,-0.04(-1.10 %),841800,3042000000,0,0,3650,3650,3590
2024-04-01,3.59,3590,0(0.00 %),658300,2361000000,0,0,3580,3610,3580
2024-04-02,3.59,3590,0(0.00 %),559800,2004000000,0,0,3590,3600,3550
2024-04-03,3.59,3590,0(0.00 %),668200,2399000000,0,0,3610,3630,3570
2024-04-04,3.56,3560,-0.03(-0.84 %),855900,3048000000,0,0,3580,3590,3540
2024-04-05,3.48,3480,-0.08(-2.25 %),1521000,5304000000,0,0,3550,3550,3420
2024-04-08,3.24,3240,-0.24(-6.90 %),3103700,10257000000,0,0,3480,3480,3240
2024-04-09,3.27,3270,0.03(0.93 %),1928700,6071000000,0,0,3060,3280,3060
2024-04-10,3.24,3240,-0.03(-0.92 %),644200,2080000000,0,0,3240,3270,3190
2024-04-11,3.24,3240,0(0.00 %),683700,2204000000,0,0,3230,3270,3170
2024-04-12,3.2,3200,-0.04(-1.23 %),487100,1551000000,0,0,3240,3240,3150
2024-04-15,2.98,2980,-0.22(-6.87 %),1741200,5319000000,0,0,3160,3200,2980
2024-04-16,2.78,2780,-0.2(-6.71 %),1953400,5517000000,0,0,2990,3030,2780
2024-04-17,2.85,2850,0.07(2.52 %),759200,2140000000,0,0,2830,2850,2770
2024-04-19,2.8,2800,-0.05(-1.75 %),759400,2122000000,0,0,2850,2850,2750
2024-04-22,2.93,2930,0.13(4.64 %),639300,1843000000,0,0,2850,2940,2810
2024-04-23,2.9,2900,-0.03(-1.02 %),311700,906000000,0,0,2930,2970,2850
2024-04-24,2.88,2880,-0.02(-0.69 %),453800,1307000000,0,0,2900,2940,2700
2024-04-25,2.94,2940,0.06(2.08 %),495200,1455000000,0,0,2880,2970,2880
2024-04-26,2.9,2900,-0.04(-1.36 %),311100,911000000,0,0,2940,2960,2900
2024-05-02,3.02,3020,0.12(4.14 %),601900,1788000000,0,0,3000,3020,2900
2024-05-03,3.0,3000,-0.02(-0.66 %),367100,1109000000,0,0,3090,3090,3000
2024-05-06,3.02,3020,0.02(0.67 %),437200,1316000000,0,0,3040,3050,3000
2024-05-07,3.0,3000,-0.02(-0.66 %),362600,1089000000,0,0,3030,3030,2990
2024-05-08,3.02,3020,0.02(0.67 %),345300,1033000000,0,0,3000,3020,2970
2024-05-09,3.02,3020,0(0.00 %),353400,1067000000,0,0,3050,3050,3000
2024-05-10,3.08,3080,0.06(1.99 %),645100,1968000000,0,0,3020,3080,3020
2024-05-13,3.19,3190,0.11(3.57 %),900000,2863000000,0,0,3080,3230,3080
2024-05-14,3.19,3190,0(0.00 %),530300,1701000000,0,0,3270,3270,3110
2024-05-15,3.18,3180,-0.01(-0.31 %),500000,1580000000,0,0,3200,3200,3140
2024-05-16,3.14,3140,-0.04(-1.26 %),479200,1514000000,0,0,3200,3200,3140
2024-05-17,3.19,3190,0.05(1.59 %),326200,1027000000,0,0,3140,3190,3130
2024-05-20,3.18,3180,-0.01(-0.31 %),502300,1598000000,0,0,3210,3220,3160
2024-05-21,3.25,3250,0.07(2.20 %),785200,2512000000,0,0,3170,3250,3160
2024-05-22,3.23,3230,-0.02(-0.62 %),706900,2303000000,0,0,3300,3300,3230
2024-05-23,3.2,3200,-0.03(-0.93 %),340500,1094000000,0,0,3240,3250,3190
2024-05-24,3.13,3130,-0.07(-2.19 %),1124300,3562000000,0,0,3200,3220,3120
2024-05-27,3.13,3130,0(0.00 %),435300,1361000000,0,0,3150,3170,3100
2024-05-28,3.13,3130,0(0.00 %),431400,1346000000,0,0,3150,3150,3100
2024-05-29,3.23,3230,0.1(3.19 %),1663200,5395000000,0,0,3130,3300,3110
2024-05-30,3.25,3250,0.02(0.62 %),728000,2377000000,0,0,3230,3310,3220
2024-05-31,3.23,3230,-0.02(-0.62 %),682300,2232000000,0,0,3260,3320,3200
2024-06-03,3.26,3260,0.03(0.93 %),786000,2549000000,0,0,3240,3300,3220
2024-06-04,3.22,3220,-0.04(-1.23 %),571000,1841000000,0,0,3260,3260,3200
2024-06-05,3.2,3200,-0.02(-0.62 %),803800,2575000000,0,0,3220,3230,3190
2024-06-06,3.26,3260,0.06(1.88 %),780300,2545000000,0,0,3200,3350,3200
2024-06-07,3.26,3260,0(0.00 %),563100,1829000000,0,0,3260,3290,3220
2024-06-10,3.25,3250,-0.01(-0.31 %),506000,1648000000,0,0,3260,3290,3230
2024-06-11,3.22,3220,-0.03(-0.92 %),771900,2486000000,0,0,3270,3290,3200
2024-06-12,3.25,3250,0.03(0.93 %),482900,1543000000,0,0,3230,3250,3170
2024-06-13,3.24,3240,-0.01(-0.31 %),367500,1191000000,0,0,3280,3280,3220
2024-06-14,3.29,3290,0.05(1.54 %),1850200,6118000000,0,0,3260,3350,3240
2024-06-17,3.28,3280,-0.01(-0.30 %),457100,1503000000,0,0,3300,3360,3250
2024-06-18,3.23,3230,-0.05(-1.52 %),640600,2081000000,0,0,3240,3290,3230
2024-06-19,3.22,3220,-0.01(-0.31 %),601500,1931000000,0,0,3210,3280,3200
2024-06-20,3.18,3180,-0.04(-1.24 %),507700,1619000000,0,0,3250,3250,3170
2024-06-21,3.19,3190,0.01(0.31 %),426500,1355000000,0,0,3180,3200,3150
2024-06-24,3.11,3110,-0.08(-2.51 %),787400,2478000000,0,0,3200,3240,3110
2024-06-25,3.11,3110,0(0.00 %),422900,1319000000,0,0,3120,3170,3080
2024-06-26,3.08,3080,-0.03(-0.96 %),528700,1635000000,0,0,3150,3150,3070
2024-06-27,3.1,3100,0.02(0.65 %),100400,310000000,0,0,3120,3120,3070
2024-06-28,3.06,3060,-0.04(-1.29 %),295700,908000000,0,0,3100,3100,3060
2024-07-01,3.07,3070,0.01(0.33 %),243600,744000000,0,0,3060,3070,3030
2024-07-02,3.09,3090,0.02(0.65 %),99300,306000000,0,0,3070,3090,3070
2024-07-03,3.11,3110,0.02(0.65 %),84900,262000000,0,0,3090,3110,3080
2024-07-04,3.11,3110,0(0.00 %),237400,736000000,0,0,3170,3170,3090
2024-07-05,3.09,3090,-0.02(-0.64 %),193800,601000000,0,0,3080,3160,3080
2024-07-08,3.09,3090,0(0.00 %),148000,455000000,0,0,3090,3090,3070
2024-07-09,3.09,3090,0(0.00 %),330900,1019000000,0,0,3090,3100,3070
2024-07-10,3.08,3080,-0.01(-0.32 %),231700,715000000,0,0,3100,3120,3080
2024-07-11,3.08,3080,0(0.00 %),332300,1019000000,0,0,3100,3100,3060
2024-07-12,3.06,3060,-0.02(-0.65 %),243800,744000000,0,0,3060,3090,3040
2024-07-15,3.05,3050,-0.01(-0.33 %),120000,366000000,0,0,3100,3140,3030
2024-07-16,3.04,3040,-0.01(-0.33 %),333100,1019000000,0,0,3060,3080,3040
2024-07-17,2.99,2990,-0.05(-1.64 %),573600,1726000000,0,0,3040,3050,2990
2024-07-18,2.99,2990,0(0.00 %),258000,764000000,0,0,2990,3000,2930
2024-07-19,2.96,2960,-0.03(-1.00 %),216200,644000000,0,0,3000,3010,2960
2024-07-22,2.9,2900,-0.06(-2.03 %),395100,1147000000,0,0,3000,3000,2860
2024-07-23,2.87,2870,-0.03(-1.03 %),74600,215000000,0,0,2860,2930,2860
2024-07-24,2.88,2880,0.01(0.35 %),241200,699000000,0,0,2960,2960,2800
2024-07-25,2.85,2850,-0.03(-1.04 %),144800,410000000,0,0,2880,2920,2800
2024-07-26,2.85,2850,0(0.00 %),107600,306000000,0,0,2850,2890,2830
2024-07-29,2.85,2850,0(0.00 %),183800,522000000,0,0,2860,2870,2820
2024-07-30,2.85,2850,0(0.00 %),205100,582000000,0,0,2830,2880,2820
2024-07-31,2.89,2890,0.04(1.40 %),353100,1018000000,0,0,2850,2940,2840
2024-08-01,2.84,2840,-0.05(-1.73 %),234900,660000000,0,0,2890,2900,2750
2024-08-02,2.83,2830,-0.01(-0.35 %),150200,423000000,0,0,2840,2840,2770
2024-08-05,2.65,2650,-0.18(-6.36 %),446400,1211000000,0,0,2830,2830,2640
2024-08-06,2.68,2680,0.03(1.13 %),241900,640000000,0,0,2680,2700,2590
2024-08-07,2.69,2690,0.01(0.37 %),160400,430000000,0,0,2700,2710,2660
2024-08-08,2.64,2640,-0.05(-1.86 %),239900,641000000,0,0,2690,2700,2630
2024-08-09,2.69,2690,0.05(1.89 %),77400,206000000,0,0,2630,2690,2630
2024-08-12,2.63,2630,-0.06(-2.23 %),141000,372000000,0,0,2710,2710,2530
2024-08-13,2.6,2600,-0.03(-1.14 %),159600,417000000,0,0,2600,2640,2580
2024-08-14,2.66,2660,0.06(2.31 %),93900,248000000,0,0,2640,2670,2620
2024-08-15,2.65,2650,-0.01(-0.38 %),110800,293000000,0,0,2660,2680,2630
2024-08-16,2.7,2700,0.05(1.89 %),261700,702000000,0,0,2650,2730,2600
2024-08-19,2.71,2710,0.01(0.37 %),112100,302000000,0,0,2740,2740,2660
2024-08-20,2.73,2730,0.02(0.74 %),293800,794000000,0,0,2670,2730,2670
2024-08-21,2.73,2730,0(0.00 %),239500,650000000,0,0,2730,2740,2690
2024-08-22,2.72,2720,-0.01(-0.37 %),213600,581000000,0,0,2740,2750,2700
2024-08-23,2.76,2760,0.04(1.47 %),509300,1412000000,0,0,2750,2830,2740
2024-08-26,2.79,2790,0.03(1.09 %),204300,566000000,0,0,2770,2800,2760
2024-08-27,2.73,2730,-0.06(-2.15 %),206500,568000000,0,0,2800,2800,2730
2024-08-28,2.72,2720,-0.01(-0.37 %),260300,706000000,0,0,2720,2740,2700
2024-08-29,2.69,2690,-0.03(-1.10 %),112700,304000000,0,0,2740,2740,2690
2024-08-30,2.69,2690,0(0.00 %),268300,721000000,0,0,2730,2730,2660
2024-09-04,2.66,2660,-0.03(-1.12 %),414400,1099000000,0,0,2660,2700,2640
2024-09-05,2.65,2650,-0.01(-0.38 %),337600,889000000,0,0,2670,2690,2600
2024-09-06,2.63,2630,-0.02(-0.75 %),222400,585000000,0,0,2680,2680,2600
2024-09-09,2.64,2640,0.01(0.38 %),321300,850000000,0,0,2650,2660,2630
2024-09-10,2.68,2680,0.04(1.52 %),448400,1201000000,0,0,2630,2740,2630
2024-09-11,2.67,2670,-0.01(-0.37 %),267200,713000000,0,0,2650,2710,2640
2024-09-12,2.68,2680,0.01(0.37 %),194800,523000000,0,0,2670,2700,2670
2024-09-13,2.67,2670,-0.01(-0.37 %),195500,520000000,0,0,2700,2700,2620
2024-09-16,2.7,2700,0.03(1.12 %),682700,1844000000,0,0,2670,2720,2620
2024-09-17,2.78,2780,0.08(2.96 %),766100,2117000000,0,0,2700,2800,2700
2024-09-18,2.97,2970,0.19(6.83 %),888100,2608000000,0,0,2830,2970,2810
2024-09-19,3.0,3000,0.03(1.01 %),1470500,4535000000,0,0,3170,3170,2990
2024-09-20,2.9,2900,-0.1(-3.33 %),711300,2106000000,0,0,2950,3060,2890
2024-09-23,2.94,2940,0.04(1.38 %),588100,1730000000,0,0,2900,2980,2900
2024-09-24,2.99,2990,0.05(1.70 %),490900,1468000000,0,0,2940,3060,2940
2024-09-25,2.94,2940,-0.05(-1.67 %),844300,2505000000,0,0,2970,3030,2940
2024-09-26,2.88,2880,-0.06(-2.04 %),800000,2324000000,0,0,2940,2950,2880
2024-09-27,2.88,2880,0(0.00 %),321700,933000000,0,0,2870,3000,2860
2024-09-30,2.84,2840,-0.04(-1.39 %),248300,708000000,0,0,2800,2940,2800
2024-10-01,2.85,2850,0.01(0.35 %),353500,1012000000,0,0,2830,2920,2830
2024-10-02,2.87,2870,0.02(0.70 %),100000,285000000,0,0,2900,2900,2830
2024-10-03,2.81,2810,-0.06(-2.09 %),546500,1533000000,0,0,2870,2870,2780
2024-10-04,2.76,2760,-0.05(-1.78 %),266800,735000000,0,0,2840,2840,2700
2024-10-07,2.85,2850,0.09(3.26 %),287100,802000000,0,0,2770,2850,2700
2024-10-08,2.81,2810,-0.04(-1.40 %),194900,548000000,0,0,2850,2860,2770
2024-10-09,2.84,2840,0.03(1.07 %),223200,628000000,0,0,2750,2880,2750
2024-10-10,2.81,2810,-0.03(-1.06 %),256700,718000000,0,0,2790,2870,2750
2024-10-11,2.78,2780,-0.03(-1.07 %),201100,557000000,0,0,2810,2810,2750
2024-10-14,2.74,2740,-0.04(-1.44 %),214100,590000000,0,0,2770,2780,2740
2024-10-15,2.72,2720,-0.02(-0.73 %),263100,719000000,0,0,2740,2770,2720
2024-10-16,2.75,2750,0.03(1.10 %),312100,854000000,0,0,2720,2770,2710
2024-10-17,2.74,2740,-0.01(-0.36 %),161900,443000000,0,0,2750,2780,2720
2024-10-18,2.67,2670,-0.07(-2.55 %),366100,1004000000,0,0,2750,2830,2670
2024-10-21,2.7,2700,0.03(1.12 %),212400,572000000,0,0,2760,2760,2670
2024-10-22,2.68,2680,-0.02(-0.74 %),114100,306000000,0,0,2760,2760,2680
2024-10-23,2.7,2700,0.02(0.75 %),170300,457000000,0,0,2680,2700,2680
2024-10-24,2.72,2720,0.02(0.74 %),187700,511000000,0,0,2700,2760,2660
2024-10-25,2.69,2690,-0.03(-1.10 %),81700,221000000,0,0,2720,2730,2690
2024-10-28,2.68,2680,-0.01(-0.37 %),222700,595000000,0,0,2690,2740,2650
2024-10-29,2.65,2650,-0.03(-1.12 %),257800,689000000,0,0,2690,2730,2650
2024-10-30,2.69,2690,0.04(1.51 %),224600,600000000,0,0,2660,2710,2650
2024-10-31,2.68,2680,-0.01(-0.37 %),356900,957000000,0,0,2780,2780,2600
2024-11-01,2.64,2640,-0.04(-1.49 %),654700,1713000000,0,0,2680,2750,2600
2024-11-04,2.62,2620,-0.02(-0.76 %),189300,498000000,0,0,2640,2670,2600
2024-11-05,2.6,2600,-0.02(-0.76 %),233600,608000000,0,0,2600,2650,2590
2024-11-06,2.63,2630,0.03(1.15 %),387400,1012000000,0,0,2600,2650,2590
2024-11-07,2.64,2640,0.01(0.38 %),371600,976000000,0,0,2630,2650,2600
2024-11-08,2.62,2620,-0.02(-0.76 %),223800,585000000,0,0,2640,2640,2610
2024-11-11,2.59,2590,-0.03(-1.15 %),297100,769000000,0,0,2620,2620,2580
2024-11-12,2.59,2590,0(0.00 %),363300,939000000,0,0,2600,2630,2580
2024-11-13,2.55,2550,-0.04(-1.54 %),401200,1019000000,0,0,2560,2590,2510
2024-11-14,2.47,2470,-0.08(-3.14 %),562400,1409000000,0,0,2550,2590,2470
2024-11-15,2.47,2470,0(0.00 %),713700,1769000000,0,0,2500,2520,2450
2024-11-18,2.47,2470,0(0.00 %),118600,293000000,0,0,2510,2510,2460
2024-11-19,2.46,2460,-0.01(-0.40 %),123400,303000000,0,0,2480,2480,2450
2024-11-20,2.47,2470,0.01(0.41 %),602100,1476000000,0,0,2420,2500,2420
2024-11-21,2.48,2480,0.01(0.40 %),217500,536000000,0,0,2470,2500,2440
2024-11-22,2.47,2470,-0.01(-0.40 %),235900,581000000,0,0,2480,2500,2450
2024-11-25,2.46,2460,-0.01(-0.40 %),131000,323000000,0,0,2470,2500,2420
2024-11-26,2.46,2460,0(0.00 %),225900,554000000,0,0,2470,2490,2450
2024-11-27,2.46,2460,0(0.00 %),206700,505000000,0,0,2460,2470,2370
2024-11-28,2.42,2420,-0.04(-1.63 %),166200,405000000,0,0,2460,2470,2420
2024-11-29,2.41,2410,-0.01(-0.41 %),189400,453000000,0,0,2370,2440,2370
2024-12-02,2.39,2390,-0.02(-0.83 %),182800,438000000,0,0,2410,2420,2390
2024-12-03,2.39,2390,0(0.00 %),278500,670000000,0,0,2400,2430,2390
2024-12-04,2.4,2400,0.01(0.42 %),220600,528000000,0,0,2390,2420,2380
2024-12-05,2.41,2410,0.01(0.42 %),184500,441000000,0,0,2390,2420,2360
2024-12-06,2.41,2410,0(0.00 %),516200,1255000000,0,0,2430,2460,2410
2024-12-09,2.46,2460,0.05(2.07 %),441200,1088000000,0,0,2440,2500,2430
2024-12-10,2.46,2460,0(0.00 %),216000,531000000,0,0,2460,2490,2450
2024-12-11,2.45,2450,-0.01(-0.41 %),181900,446000000,0,0,2480,2480,2440
2024-12-12,2.45,2450,0(0.00 %),253500,621000000,0,0,2450,2460,2440
2024-12-13,2.48,2480,0.03(1.22 %),571600,1437000000,0,0,2450,2570,2450
2024-12-16,2.51,2510,0.03(1.21 %),234300,588000000,0,0,2500,2560,2490
2024-12-17,2.46,2460,-0.05(-1.99 %),361800,893000000,0,0,2510,2530,2440
2024-12-18,2.47,2470,0.01(0.41 %),265500,654000000,0,0,2450,2490,2450
2024-12-19,2.47,2470,0(0.00 %),226500,557000000,0,0,2470,2490,2450
2024-12-20,2.47,2470,0(0.00 %),258100,635000000,0,0,2470,2480,2450
2024-12-23,2.45,2450,-0.02(-0.81 %),247300,608000000,0,0,2470,2490,2450
2024-12-24,2.45,2450,0(0.00 %),173000,422000000,0,0,2480,2480,2410
2024-12-25,2.45,2450,0(0.00 %),306400,748000000,0,0,2450,2470,2420
2024-12-26,2.5,2500,0.05(2.04 %),347000,863000000,0,0,2470,2550,2470
2024-12-27,2.48,2480,-0.02(-0.80 %),151700,376000000,0,0,2520,2520,2470
2024-12-30,2.46,2460,-0.02(-0.81 %),133800,330000000,0,0,2470,2490,2460
2024-12-31,2.43,2430,-0.03(-1.22 %),209100,509000000,0,0,2470,2470,2420
2025-01-02,2.43,2430,0(0.00 %),72500,176000000,0,0,2460,2470,2420
2025-01-03,2.43,2430,0(0.00 %),347200,843000000,0,0,2480,2480,2420
2025-01-06,2.39,2390,-0.04(-1.65 %),370800,892000000,0,0,2420,2450,2390
2025-01-07,2.4,2400,0.01(0.42 %),163000,389000000,0,0,2400,2430,2370
2025-01-08,2.39,2390,-0.01(-0.42 %),198700,476000000,0,0,2400,2410,2380
2025-01-09,2.4,2400,0.01(0.42 %),235500,563000000,0,0,2400,2430,2370
2025-01-10,2.36,2360,-0.04(-1.67 %),206900,491000000,0,0,2420,2430,2350
2025-01-13,2.34,2340,-0.02(-0.85 %),319800,747000000,0,0,2330,2370,2310
2025-01-14,2.34,2340,0(0.00 %),301900,708000000,0,0,2390,2390,2330
2025-01-15,2.34,2340,0(0.00 %),154800,364000000,0,0,2330,2370,2320
2025-01-16,2.34,2340,0(0.00 %),82500,193000000,0,0,2350,2370,2320
2025-01-17,2.35,2350,0.01(0.43 %),196000,459000000,0,0,2340,2350,2320
2025-01-20,2.34,2340,-0.01(-0.43 %),103300,242000000,0,0,2340,2370,2330
2025-01-21,2.34,2340,0(0.00 %),195500,456000000,0,0,2340,2370,2320
2025-01-22,2.33,2330,-0.01(-0.43 %),173200,405000000,0,0,2350,2350,2330
2025-01-23,2.34,2340,0.01(0.43 %),94600,221000000,0,0,2330,2350,2330
2025-01-24,2.42,2420,0.08(3.42 %),567800,1370000000,0,0,2380,2450,2380
2025-02-04,2.46,2460,0.02(0.82 %),163600,399000000,0,0,2440,2460,2430
2025-02-05,2.46,2460,0(0.00 %),238900,586000000,0,0,2460,2470,2440
2025-02-06,2.54,2540,0.08(3.25 %),371600,927000000,0,0,2460,2550,2460
2025-02-07,2.53,2530,-0.01(-0.39 %),300000,756000000,0,0,2540,2560,2500
2025-02-10,2.6,2600,0.07(2.77 %),961000,2492000000,0,0,2540,2620,2530
2025-02-11,2.7,2700,0.1(3.85 %),542400,1451000000,0,0,2600,2720,2600
2025-02-12,2.63,2630,-0.07(-2.59 %),377300,1017000000,0,0,2720,2740,2630
2025-02-13,2.6,2600,-0.03(-1.14 %),202400,529000000,0,0,2680,2680,2580
2025-02-14,2.59,2590,-0.01(-0.38 %),380700,991000000,0,0,2610,2670,2570
2025-02-17,2.64,2640,0.05(1.93 %),293300,765000000,0,0,2590,2650,2590
2025-02-18,2.64,2640,0(0.00 %),347500,926000000,0,0,2660,2700,2630
2025-02-19,2.67,2670,0.03(1.14 %),605200,1601000000,0,0,2640,2680,2630
2025-02-20,2.66,2660,-0.01(-0.37 %),305100,813000000,0,0,2670,2690,2650
2025-02-21,2.63,2630,-0.03(-1.13 %),303200,802000000,0,0,2660,2700,2620
2025-02-24,2.61,2610,-0.02(-0.76 %),256200,671000000,0,0,2640,2640,2610
2025-02-25,2.61,2610,0(0.00 %),399000,1041000000,0,0,2610,2640,2590
2025-02-26,2.62,2620,0.01(0.38 %),326800,848000000,0,0,2610,2620,2570
2025-02-27,2.67,2670,0.05(1.91 %),410900,1089000000,0,0,2620,2680,2620
2025-02-28,2.68,2680,0.01(0.37 %),380000,1014000000,0,0,2640,2690,2630
2025-03-03,2.63,2630,-0.05(-1.87 %),221300,586000000,0,0,2690,2690,2630
2025-03-04,2.63,2630,0(0.00 %),451600,1174000000,0,0,2630,2650,2550
2025-03-05,2.61,2610,-0.02(-0.76 %),151700,395000000,0,0,2630,2630,2590
2025-03-06,2.6,2600,-0.01(-0.38 %),170300,441000000,0,0,2600,2610,2580
2025-03-07,2.6,2600,0(0.00 %),431400,1120000000,0,0,2600,2610,2580
2025-03-10,2.59,2590,-0.01(-0.38 %),276700,720000000,0,0,2620,2630,2580
2025-03-11,2.58,2580,-0.01(-0.39 %),326300,838000000,0,0,2580,2590,2550
2025-03-12,2.58,2580,0(0.00 %),143000,370000000,0,0,2580,2610,2570
2025-03-13,2.57,2570,-0.01(-0.39 %),130600,336000000,0,0,2580,2610,2560
2025-03-14,2.55,2550,-0.02(-0.78 %),236500,607000000,0,0,2570,2590,2550
2025-03-17,2.59,2590,0.04(1.57 %),137100,354000000,0,0,2550,2600,2550
2025-03-18,2.65,2650,0.06(2.32 %),680000,1808000000,0,0,2590,2680,2590
2025-03-19,2.73,2730,0.08(3.02 %),972100,2660000000,0,0,2650,2800,2650
2025-03-20,2.7,2700,-0.03(-1.10 %),122000,330000000,0,0,2760,2760,2670
2025-03-21,2.64,2640,-0.06(-2.22 %),344400,917000000,0,0,2700,2720,2610
2025-03-24,2.65,2650,0.01(0.38 %),245700,648000000,0,0,2640,2700,2610
2025-03-25,2.69,2690,0.04(1.51 %),579400,1550000000,0,0,2650,2710,2650
2025-03-26,2.66,2660,-0.03(-1.12 %),234800,629000000,0,0,2700,2700,2660
2025-03-27,2.68,2680,0.02(0.75 %),528100,1419000000,0,0,2660,2740,2650
2025-03-28,2.86,2860,0.18(6.72 %),2263500,6382000000,0,0,2680,2860,2680
2025-03-31,3.06,3060,0.2(6.99 %),2417200,7392000000,0,0,3060,3060,3030
2025-04-01,2.94,2940,-0.12(-3.92 %),1837800,5565000000,0,0,3110,3120,2940
2025-04-02,3.14,3140,0.2(6.80 %),1517700,4699000000,0,0,2940,3140,2900
2025-04-03,2.93,2930,-0.21(-6.69 %),4433500,13282000000,0,0,3060,3200,2930
2025-04-04,2.95,2950,0.02(0.68 %),1814800,5186000000,0,0,2820,2960,2740
2025-04-08,2.75,2750,-0.2(-6.78 %),1737100,4853000000,0,0,2900,2940,2750
2025-04-09,2.56,2560,-0.19(-6.91 %),1628600,4236000000,0,0,2680,2740,2560
2025-04-10,2.73,2730,0.17(6.64 %),754100,2058000000,0,0,2730,2730,2730
2025-04-11,2.7,2700,-0.03(-1.10 %),1811900,4895000000,0,0,2820,2820,2630
2025-04-14,2.65,2650,-0.05(-1.85 %),1352800,3578000000,0,0,2730,2730,2600
2025-04-15,2.83,2830,0.18(6.79 %),1500400,4193000000,0,0,2640,2830,2610
2025-04-16,2.94,2940,0.11(3.89 %),1725200,5128000000,0,0,2920,3020,2890
2025-04-17,2.9,2900,-0.04(-1.36 %),675200,1941000000,0,0,2870,2950,2820
2025-04-18,2.89,2890,-0.01(-0.34 %),872000,2528000000,0,0,2900,2970,2840
2025-04-21,2.86,2860,-0.03(-1.04 %),490500,1401000000,0,0,2900,2940,2820
2025-04-22,2.78,2780,-0.08(-2.80 %),1334000,3635000000,0,0,2850,2850,2660
2025-04-23,2.87,2870,0.09(3.24 %),767300,2176000000,0,0,2830,2900,2770
2025-04-24,2.87,2870,0(0.00 %),547100,1571000000,0,0,2880,2910,2820
2025-04-25,2.81,2810,-0.06(-2.09 %),361600,1026000000,0,0,2900,2900,2800
2025-04-28,2.85,2850,0.04(1.42 %),289800,816000000,0,0,2820,2850,2800
2025-04-29,2.86,2860,0.01(0.35 %),375900,1075000000,0,0,2880,2890,2850
2025-05-05,2.92,2920,0.06(2.10 %),658700,1922248000,0,0,2900,2940,2880
2025-05-06,2.9,2900,-0.02(-0.68 %),620800,1809069000,0,0,2960,2960,2900
2025-05-07,2.87,2870,-0.03(-1.03 %),429100,1234146000,0,0,2900,2910,2850
2025-05-08,2.97,2970,0.1(3.48 %),1019200,3016211000,0,0,2890,3020,2870
2025-05-09,2.93,2930,-0.04(-1.35 %),421000,1252422000,0,0,2970,3040,2930
2025-05-12,2.93,2930,0(0.00 %),320400,934131000,0,0,2930,2940,2890
2025-05-13,2.92,2920,-0.01(-0.34 %),372700,1092621000,0,0,2950,2960,2910
2025-05-14,2.85,2850,-0.07(-2.40 %),679800,1961427000,0,0,2950,2950,2850
2025-05-15,2.85,2850,0(0.00 %),607100,1716243000,0,0,2890,2890,2800
2025-05-16,2.85,2850,0(0.00 %),665800,1903843000,0,0,2860,2890,2840
2025-05-19,2.83,2830,-0.02(-0.70 %),291600,832821000,0,0,2850,2880,2830
2025-05-20,2.9,2900,0.07(2.47 %),794600,2318860000,0,0,2820,3000,2820
2025-05-21,2.84,2840,-0.06(-2.07 %),453900,1297318000,0,0,2900,2950,2810
2025-05-22,2.86,2860,0.02(0.70 %),563600,1593464000,0,0,2830,2860,2810
2025-05-23,2.85,2850,-0.01(-0.35 %),315700,896667000,0,0,2870,2870,2800
2025-05-26,2.91,2910,0.06(2.11 %),509700,1443777000,0,0,2850,2930,2770
2025-05-27,2.91,2910,0(0.00 %),579200,1677556000,0,0,2910,2930,2880
2025-05-28,2.97,2970,0.06(2.06 %),1518200,4482307000,0,0,2930,3020,2900
2025-05-29,2.97,2970,0(0.00 %),712900,2128807000,0,0,2980,3020,2970
2025-05-30,2.87,2870,-0.1(-3.37 %),617900,1802104000,0,0,2970,2970,2870
2025-06-02,2.87,2870,0(0.00 %),1667200,4708682000,0,0,2870,2920,2780
2025-06-03,2.86,2860,-0.01(-0.35 %),437000,1254171000,0,0,2900,2900,2850
2025-06-04,2.9,2900,0.04(1.40 %),871600,2537454000,0,0,2870,2950,2870
2025-06-05,2.89,2890,-0.01(-0.34 %),588600,1714487000,0,0,2930,2960,2860
2025-06-06,2.85,2850,-0.04(-1.38 %),494600,1421833000,0,0,2880,2920,2850
2025-06-09,2.82,2820,-0.03(-1.05 %),489700,1383996000,0,0,2860,2860,2810
2025-06-10,2.83,2830,0.01(0.35 %),369100,1046044000,0,0,2850,2860,2820
2025-06-11,2.84,2840,0.01(0.35 %),171000,485173000,0,0,2830,2880,2810
2025-06-12,2.86,2860,0.02(0.70 %),363700,1034900000,0,0,2830,2870,2830
2025-06-13,2.8,2800,-0.06(-2.10 %),861000,2415346000,0,0,2810,2830,2780
2025-06-16,2.87,2870,0.07(2.50 %),519000,1470134000,0,0,2780,2890,2780
2025-06-17,2.85,2850,-0.02(-0.70 %),364000,1043577000,0,0,2820,2910,2820
2025-06-18,2.84,2840,-0.01(-0.35 %),296100,844997000,0,0,2870,2880,2840
2025-06-19,2.85,2850,0.01(0.35 %),225800,640492000,0,0,2860,2860,2830
2025-06-20,2.85,2850,0(0.00 %),327200,932594000,0,0,2870,2870,2830
2025-06-23,2.82,2820,-0.03(-1.05 %),560300,1575516000,0,0,2820,2840,2800
2025-06-24,2.82,2820,0(0.00 %),325800,919809000,0,0,2840,2870,2810
2025-06-25,2.82,2820,0(0.00 %),294100,828666000,0,0,2820,2840,2810
2025-06-26,2.81,2810,-0.01(-0.35 %),376700,1058123000,0,0,2830,2830,2790
2025-06-27,2.8,2800,-0.01(-0.36 %),265900,747399000,0,0,2820,2820,2800
2025-06-30,2.79,2790,-0.01(-0.36 %),512000,1432815000,0,0,2810,2820,2780
2025-07-01,2.77,2770,-0.02(-0.72 %),538100,1497325000,0,0,2800,2820,2770
2025-07-02,2.84,2840,0.07(2.53 %),500600,1406188000,0,0,2770,2850,2770
2025-07-03,2.81,2810,-0.03(-1.06 %),340800,964519000,0,0,2840,2860,2810
2025-07-04,2.82,2820,0.01(0.36 %),338400,953894000,0,0,2830,2850,2800
2025-07-07,2.84,2840,0.02(0.71 %),910800,2585247000,0,0,2850,2860,2820
2025-07-08,2.99,2990,0.15(5.28 %),2371500,7030780000,0,0,2860,3000,2840
2025-07-09,2.96,2960,-0.03(-1.00 %),854700,2555475000,0,0,3030,3060,2950
2025-07-10,2.96,2960,0(0.00 %),1249200,3744046000,0,0,2970,3070,2950
2025-07-11,2.99,2990,0.03(1.01 %),877200,2634897000,0,0,2990,3060,2970
2025-07-14,2.98,2980,-0.01(-0.33 %),1277200,3788821000,0,0,3000,3040,2930
2025-07-15,3.18,3180,0.2(6.71 %),993300,3127739000,0,0,2990,3180,2990
2025-07-16,3.23,3230,0.05(1.57 %),3228900,10502017000,0,0,3260,3330,3200
2025-07-17,3.18,3180,-0.05(-1.55 %),1814200,5840334000,0,0,3260,3300,3170
2025-07-18,3.18,3180,0(0.00 %),1490900,4728585000,0,0,3220,3250,3110
2025-07-21,3.11,3110,-0.07(-2.20 %),1736900,5470355000,0,0,3190,3250,3100
2025-07-22,3.13,3130,0.02(0.64 %),956400,2972592000,0,0,3110,3150,3080
2025-07-23,3.2,3200,0.07(2.24 %),1304300,4155740000,0,0,3170,3270,3090
2025-07-24,3.42,3420,0.22(6.87 %),3925000,13385475000,0,0,3200,3420,3200
2025-07-25,3.37,3370,-0.05(-1.46 %),1540800,5283440000,0,0,3430,3520,3360
2025-07-28,3.39,3390,0.02(0.59 %),2094900,7020588000,0,0,3390,3470,3300
2025-07-29,3.18,3180,-0.21(-6.19 %),2377700,7831279000,0,0,3460,3460,3180
2025-07-30,3.23,3230,0.05(1.57 %),949600,3044509000,0,0,3180,3320,3160
2025-07-31,3.31,3310,0.08(2.48 %),1143000,3710516000,0,0,3250,3310,3210
2025-08-01,3.35,3350,0.04(1.21 %),1047000,3538095000,0,0,3330,3470,3290
2025-08-04,3.38,3380,0.03(0.90 %),1187500,4035820000,0,0,3420,3450,3350
2025-08-05,3.28,3280,-0.1(-2.96 %),1827200,6137710000,0,0,3420,3430,3270
2025-08-06,3.29,3290,0.01(0.30 %),949000,3126641000,0,0,3280,3340,3270
2025-08-07,3.29,3290,0(0.00 %),785500,2579645000,0,0,3300,3340,3260
2025-08-08,3.34,3340,0.05(1.52 %),849100,2807189000,0,0,3290,3340,3290
2025-08-11,3.36,3360,0.02(0.60 %),654800,2205964000,0,0,3390,3400,3350
2025-08-12,3.4,3400,0.04(1.19 %),1183700,4066791000,0,0,3390,3510,3380
2025-08-13,3.36,3360,-0.04(-1.18 %),824600,2767184000,0,0,3400,3440,3320
2025-08-15,3.26,3260,-0.08(-2.40 %),766400,2528148000,0,0,3370,3370,3260
2025-08-18,3.27,3270,0.01(0.31 %),501800,1634139000,0,0,3260,3300,3230
2025-08-19,3.33,3330,0.06(1.83 %),994000,3308795000,0,0,3280,3360,3280
2025-08-20,3.26,3260,-0.07(-2.10 %),907800,2965781000,0,0,3350,3350,3220
2025-08-21,3.21,3210,-0.05(-1.53 %),682700,2198502000,0,0,3270,3270,3200
2025-08-22,3.19,3190,-0.02(-0.62 %),1273200,4043984000,0,0,3190,3240,3110
2025-08-25,3.14,3140,-0.05(-1.57 %),487900,1557758000,0,0,3190,3250,3140
2025-08-26,3.19,3190,0.05(1.59 %),194100,612874000,0,0,3130,3190,3120
2025-08-27,3.18,3180,-0.01(-0.31 %),239700,769672000,0,0,3230,3260,3180
2025-08-28,3.17,3170,-0.01(-0.31 %),409000,1299103000,0,0,3200,3210,3150
2025-08-29,3.23,3230,0.06(1.89 %),422300,1356657000,0,0,3180,3300,3170
2025-09-03,3.21,3210,-0.02(-0.62 %),380800,1226929000,0,0,3200,3260,3200
2025-09-04,3.22,3220,0.01(0.31 %),371400,1196139000,0,0,3280,3280,3200
2025-09-05,3.23,3230,0.01(0.31 %),519800,1680427000,0,0,3230,3260,3210
2025-09-08,3.13,3130,-0.1(-3.10 %),813300,2551309000,0,0,3230,3230,3080
2025-09-09,3.13,3130,0(0.00 %),377200,1176939000,0,0,3110,3130,3100
2025-09-10,3.1,3100,-0.03(-0.96 %),124200,387375000,0,0,3130,3150,3100
2025-09-11,3.13,3130,0.03(0.97 %),387100,1182819000,0,0,3110,3140,3000
2025-09-12,3.12,3120,-0.01(-0.32 %),160800,503872000,0,0,3170,3170,3090
2025-09-15,3.2,3200,0.08(2.56 %),642800,2047886000,0,0,3130,3240,3110
2025-09-16,3.2,3200,0(0.00 %),789700,2556840000,0,0,3220,3280,3170
2025-09-17,3.25,3250,0.05(1.56 %),467800,1519545000,0,0,3240,3300,3200
2025-09-18,3.21,3210,-0.04(-1.23 %),818800,2666292000,0,0,3250,3330,3210
2025-09-19,3.22,3220,0.01(0.31 %),350200,1129059000,0,0,3210,3270,3200
2025-09-22,3.2,3200,-0.02(-0.62 %),499600,1596345000,0,0,3190,3250,3160
2025-09-23,3.2,3200,0(0.00 %),310900,995060000,0,0,3180,3240,3170
2025-09-24,3.18,3180,-0.02(-0.62 %),423600,1332737000,0,0,3200,3200,3100
2025-09-25,3.16,3160,-0.02(-0.63 %),344500,1089109000,0,0,3190,3200,3130
2025-09-26,3.17,3170,0.01(0.32 %),651600,2082627000,0,0,3160,3240,3160
2025-09-29,3.17,3170,0(0.00 %),259600,822771000,0,0,3170,3200,3130
2025-09-30,3.12,3120,-0.05(-1.58 %),514600,1596614000,0,0,3170,3170,3070
2025-10-01,3.12,3120,0(0.00 %),192100,593955000,0,0,3060,3120,3060
2025-10-02,3.11,3110,-0.01(-0.32 %),183300,570737000,0,0,3140,3140,3110
2025-10-03,3.09,3090,-0.02(-0.64 %),204000,630497000,0,0,3110,3120,3070
2025-10-06,3.11,3110,0.02(0.65 %),174100,541732000,0,0,3130,3150,3090
2025-10-07,3.09,3090,-0.02(-0.64 %),258700,797103000,0,0,3060,3140,3060
2025-10-08,3.12,3120,0.03(0.97 %),301600,934684000,0,0,3130,3130,3070
2025-10-09,3.07,3070,-0.05(-1.60 %),239500,744475000,0,0,3150,3150,3070
2025-10-10,3.07,2860,-3.07(-100.00 %),166900,3070,0,0,3070,3130,2860
