Date,GiaDieuChinh,Close,ThayDoi,Volume,GiaTriKhopLenh,KLThoaThuan,GtThoaThuan,Open,High,Low
2007-09-20,5.09,131000,6(4.80 %),794790,104115000000,0,0,131000,131000,130000
2007-09-21,5.33,137000,6(4.58 %),1224660,167404000000,0,0,137000,137000,135000
2007-09-24,5.56,143000,6(4.38 %),551130,78812000000,20000,2860000000,143000,143000,143000
2007-09-25,5.83,150000,7(4.90 %),962110,144302000000,0,0,150000,150000,148000
2007-09-26,6.1,157000,7(4.67 %),781900,122584000000,0,0,157000,157000,154000
2007-09-27,5.83,150000,-7(-4.46 %),562590,86022000000,0,0,155000,157000,150000
2007-09-28,6.1,157000,7(4.67 %),833570,129834000000,0,0,154000,157000,153000
2007-10-01,6.38,164000,7(4.46 %),781020,128058000000,0,0,164000,164000,163000
2007-10-02,6.69,172000,8(4.88 %),887990,152457000000,0,0,172000,172000,168000
2007-10-03,7.0,180000,8(4.65 %),1027610,184964000000,0,0,180000,180000,179000
2007-10-04,7.35,189000,9(5.00 %),1206640,228055000000,25000,4725000000,189000,189000,189000
2007-10-05,7.5,193000,4(2.12 %),1116040,219198000000,0,0,198000,198000,189000
2007-10-08,7.5,193000,0(0.00 %),949940,183317000000,0,0,192000,197000,189000
2007-10-09,7.15,184000,-9(-4.66 %),527100,98597000000,0,0,189000,190000,184000
2007-10-10,7.15,184000,0(0.00 %),599460,111313000000,0,0,187000,188000,183000
2007-10-11,6.96,179000,-5(-2.72 %),362850,65575000000,0,0,183000,183000,179000
2007-10-12,7.0,180000,1(0.56 %),527800,94245000000,0,0,178000,180000,177000
2007-10-15,7.19,185000,5(2.78 %),326950,59579000000,0,0,180000,185000,180000
2007-10-16,7.04,181000,-4(-2.16 %),236970,43297000000,0,0,185000,185000,181000
2007-10-17,6.92,178000,-3(-1.66 %),272570,48656000000,0,0,179000,180000,178000
2007-10-18,6.8,175000,-3(-1.69 %),398500,70772000000,0,0,176000,182000,175000
2007-10-19,7.12,183000,8(4.57 %),525830,94704000000,0,0,179000,183000,178000
2007-10-22,7.0,180000,-3(-1.64 %),280000,50306000000,30000,5220000000,180000,180000,178000
2007-10-23,6.8,175000,-5(-2.78 %),192730,33861000000,0,0,176000,178000,175000
2007-10-24,6.88,177000,2(1.14 %),182750,32341000000,0,0,175000,180000,175000
2007-10-25,6.77,174000,-3(-1.69 %),163650,28667000000,27000,4698000000,177000,178000,174000
2007-10-26,6.65,171000,-3(-1.72 %),212630,36507000000,0,0,173000,173000,171000
2007-10-29,6.34,163000,-8(-4.68 %),457260,74738000000,0,0,163000,167000,163000
2007-10-30,6.38,164000,1(0.61 %),146250,23996000000,0,0,163000,166000,163000
2007-10-31,6.3,162000,-2(-1.22 %),140770,22937000000,0,0,164000,165000,162000
2007-11-01,6.26,161000,-1(-0.62 %),195380,31581000000,0,0,163000,164000,158000
2007-11-02,6.1,157000,-4(-2.48 %),197100,31166000000,0,0,160000,160000,157000
2007-11-05,6.38,164000,7(4.46 %),66650,10931000000,0,0,164000,164000,164000
2007-11-06,6.69,172000,8(4.88 %),70540,12133000000,0,0,172000,172000,172000
2007-11-07,6.45,166000,-6(-3.49 %),444180,73872000000,0,0,166000,170000,166000
2007-11-08,6.3,162000,-4(-2.41 %),170020,27836000000,0,0,165000,165000,162000
2007-11-09,6.53,168000,6(3.70 %),316190,52300000000,0,0,162000,168000,162000
2007-11-12,6.34,163000,-5(-2.98 %),96340,15788000000,0,0,165000,166000,163000
2007-11-13,6.03,155000,-8(-4.91 %),167790,26570000000,0,0,161000,161000,155000
2007-11-14,6.18,159000,4(2.58 %),296610,47453000000,0,0,160000,162000,159000
2007-11-15,6.22,160000,1(0.63 %),138080,22003000000,0,0,159000,160000,158000
2007-11-16,6.18,159000,-1(-0.62 %),93360,14856000000,0,0,160000,160000,158000
2007-11-19,6.18,159000,0(0.00 %),103860,16555000000,0,0,160000,160000,159000
2007-11-20,6.1,157000,-2(-1.26 %),73830,11593000000,0,0,157000,158000,156000
2007-11-21,6.03,155000,-2(-1.27 %),193670,29817000000,0,0,153000,155000,152000
2007-11-22,6.03,155000,0(0.00 %),60070,9387000000,0,0,157000,158000,155000
2007-11-23,6.3,162000,7(4.52 %),122430,19834000000,0,0,162000,162000,162000
2007-11-26,6.61,170000,8(4.94 %),594620,100747000000,0,0,170000,170000,165000
2007-11-27,6.57,169000,-1(-0.59 %),359580,60696000000,0,0,170000,170000,166000
2007-11-28,6.42,165000,-4(-2.37 %),237300,39328000000,0,0,167000,168000,165000
2007-11-29,6.22,160000,-5(-3.03 %),319240,51680000000,0,0,166000,167000,160000
2007-11-30,6.22,160000,0(0.00 %),485160,77594000000,0,0,160000,161000,159000
2007-12-03,6.22,160000,0(0.00 %),181120,28889000000,0,0,157000,162000,157000
2007-12-04,6.22,160000,0(0.00 %),241890,38750000000,0,0,161000,161000,160000
2007-12-05,6.1,157000,-3(-1.88 %),263870,41558000000,0,0,159000,160000,157000
2007-12-06,6.1,157000,0(0.00 %),164670,25835000000,0,0,157000,158000,156000
2007-12-07,6.1,157000,0(0.00 %),402370,63194000000,0,0,157000,159000,156000
2007-12-10,6.03,155000,-2(-1.27 %),182810,28604000000,0,0,157000,158000,155000
2007-12-11,5.95,153000,-2(-1.29 %),297280,45460000000,0,0,153000,154000,151000
2007-12-12,6.07,156000,3(1.96 %),127990,19964000000,0,0,154000,158000,154000
2007-12-13,6.03,155000,-1(-0.64 %),303550,47158000000,0,0,157000,157000,155000
2007-12-14,6.07,156000,1(0.65 %),185510,28813000000,0,0,155000,156000,154000
2007-12-17,6.03,155000,-1(-0.64 %),157580,24413000000,0,0,155000,155000,154000
2007-12-18,6.07,156000,1(0.65 %),154370,23951000000,0,0,154000,156000,154000
2007-12-19,6.18,159000,3(1.92 %),167140,26508000000,0,0,158000,159000,157000
2007-12-20,6.1,157000,-2(-1.26 %),191390,30237000000,0,0,160000,160000,156000
2007-12-21,6.1,157000,0(0.00 %),220330,34558000000,0,0,156000,157000,156000
2007-12-24,6.1,157000,0(0.00 %),155160,24362000000,0,0,157000,158000,156000
2007-12-25,6.03,155000,-2(-1.27 %),166750,25962000000,0,0,156000,157000,155000
2007-12-26,6.07,156000,1(0.65 %),141200,21883000000,0,0,155000,156000,154000
2007-12-27,6.03,155000,-1(-0.64 %),146490,22731000000,0,0,156000,156000,155000
2007-12-28,6.03,155000,0(0.00 %),220180,33990000000,0,0,154000,155000,154000
2008-01-02,6.1,157000,2(1.29 %),156160,24375000000,0,0,155000,157000,155000
2008-01-03,5.99,154000,-3(-1.91 %),111990,17316000000,31250,4813000000,156000,156000,154000
2008-01-04,5.91,152000,-2(-1.30 %),66670,10172000000,0,0,153000,153000,152000
2008-01-07,5.83,150000,-2(-1.32 %),117490,17623000000,0,0,151000,152000,148000
2008-01-08,5.87,151000,1(0.67 %),109010,16500000000,0,0,150000,154000,150000
2008-01-09,5.79,149000,-2(-1.32 %),56360,8441000000,0,0,151000,152000,149000
2008-01-10,5.56,143000,-6(-4.03 %),291740,41857000000,0,0,143000,146000,143000
2008-01-11,5.64,145000,2(1.40 %),78900,11434000000,0,0,144000,146000,144000
2008-01-14,5.64,145000,0(0.00 %),215790,31827000000,0,0,150000,150000,145000
2008-01-15,5.4,139000,-6(-4.14 %),199290,27737000000,0,0,140000,141000,138000
2008-01-16,5.64,145000,6(4.32 %),171870,24742000000,0,0,143000,145000,143000
2008-01-17,5.64,145000,0(0.00 %),248700,37014000000,0,0,152000,152000,141000
2008-01-18,5.72,147000,2(1.38 %),187430,27279000000,0,0,145000,148000,143000
2008-01-21,5.56,143000,-4(-2.72 %),189070,27177000000,0,0,145000,145000,143000
2008-01-22,5.44,133000,-2(-2.03 %),165780,16017000000,0,0,133000,133000,133000
2008-01-23,5.21,92500,-4(-4.15 %),227280,21441000000,0,0,95500,95500,92500
2008-01-24,5.21,92500,0(0.00 %),125020,11630000000,0,0,92500,95000,92500
2008-01-25,5.3,94000,1.5(1.62 %),84860,7914000000,0,0,92500,94000,92500
2008-01-28,5.3,94000,0(0.00 %),106560,10012000000,0,0,94000,94000,93000
2008-01-29,5.38,95500,1.5(1.60 %),188520,17901000000,0,0,93000,95500,93000
2008-01-30,5.64,100000,4.5(4.71 %),67320,6732000000,0,0,100000,100000,100000
2008-01-31,5.8,103000,3(3.00 %),181330,17946000000,0,0,97000,103000,97000
2008-02-01,6.09,108000,5(4.85 %),158800,16878000000,0,0,104000,108000,103000
2008-02-12,5.92,105000,-3(-2.78 %),109200,11504000000,0,0,106000,106000,104000
2008-02-13,5.86,104000,-1(-0.95 %),133470,13925000000,0,0,103000,105000,102000
2008-02-14,5.92,105000,1(0.96 %),64140,6760000000,0,0,104000,107000,104000
2008-02-15,5.86,104000,-1(-0.95 %),98660,10261000000,0,0,104000,105000,104000
2008-02-18,5.69,101000,-3(-2.88 %),106770,10700000000,0,0,99500,101000,99500
2008-02-19,5.69,101000,0(0.00 %),84920,8510000000,0,0,98000,102000,98000
2008-02-20,5.64,100000,-1(-0.99 %),186550,18703000000,0,0,101000,102000,99500
2008-02-21,5.35,95000,-5(-5.00 %),307420,29205000000,0,0,95000,95000,95000
2008-02-22,5.18,92000,-3(-3.16 %),90510,8259000000,0,0,91500,92000,90500
2008-02-25,5.44,96500,4.5(4.89 %),55810,5386000000,0,0,96500,96500,96500
2008-02-26,5.41,96000,-0.5(-0.52 %),144900,13872000000,0,0,97000,98000,94500
2008-02-27,5.41,96000,0(0.00 %),63040,6109000000,0,0,94500,99000,94000
2008-02-28,5.49,97500,1.5(1.56 %),68010,6609000000,0,0,97000,97500,96000
2008-02-29,5.41,96000,-1.5(-1.54 %),137890,13280000000,0,0,96000,97000,96000
2008-03-03,5.16,91500,-4.5(-4.69 %),120440,11070515000,0,0,95000,95000,91500
2008-03-04,4.9,87000,-4.5(-4.92 %),208800,18201090000,0,0,87000,91500,87000
2008-03-05,4.79,85000,-2(-2.30 %),270640,22569395000,0,0,83000,87000,83000
2008-03-06,5.02,89000,4(4.71 %),11150,992350000,0,0,89000,89000,89000
2008-03-07,5.24,93000,4(4.49 %),113590,10563870000,0,0,93000,93000,93000
2008-03-10,5.41,96000,3(3.23 %),326010,31619500000,0,0,97500,97500,94000
2008-03-11,5.27,93500,-2.5(-2.60 %),100450,9347240000,0,0,93000,94000,92500
2008-03-12,5.27,93500,0(0.00 %),39920,3763430000,0,0,92000,97000,92000
2008-03-13,5.3,94000,0.5(0.53 %),46390,4416465000,0,0,97000,97000,93000
2008-03-14,5.33,94500,0.5(0.53 %),82740,7760805000,0,0,93000,94500,93000
2008-03-17,5.21,92500,-2(-2.12 %),128040,11852395000,30000,2775000000,92000,94000,92000
2008-03-18,4.99,88500,-4(-4.32 %),134940,11908230000,0,0,88000,91000,88000
2008-03-19,4.99,88500,0(0.00 %),45390,4025510000,0,0,88500,91000,88000
2008-03-20,5.02,89000,0.5(0.56 %),87310,7808740000,0,0,90000,90000,88500
2008-03-21,4.96,88000,-1(-1.12 %),52050,4586290000,0,0,89000,89000,87000
2008-03-24,4.73,84000,-4(-4.55 %),154630,13000295000,0,0,84500,84500,84000
2008-03-25,4.51,80000,-4(-4.76 %),178050,14244005000,0,0,80000,80500,80000
2008-03-26,4.73,84000,4(5.00 %),47960,4028640000,0,0,84000,84000,84000
2008-03-27,4.76,84500,0.5(0.60 %),51090,4317105000,0,0,84500,84500,84500
2008-03-28,4.79,85000,0.5(0.59 %),2070,175950000,0,0,85000,85000,85000
2008-03-31,4.82,85500,0.5(0.59 %),3020,258210000,0,0,85500,85500,85500
2008-04-01,4.85,86000,0.5(0.58 %),530,45580000,0,0,86000,86000,86000
2008-04-02,4.87,86500,0.5(0.58 %),2360,204140000,0,0,86500,86500,86500
2008-04-03,4.9,87000,0.5(0.58 %),33500,2914500000,0,0,87000,87000,87000
2008-04-04,4.93,87500,0.5(0.57 %),52460,4590250000,0,0,87500,87500,87500
2008-04-07,5.02,89000,1.5(1.71 %),2670,237630000,0,0,89000,89000,89000
2008-04-08,5.1,90500,1.5(1.69 %),193450,17507225000,0,0,90500,90500,90500
2008-04-09,5.18,92000,1.5(1.66 %),22410,2061720000,0,0,92000,92000,92000
2008-04-10,5.27,93500,1.5(1.63 %),262980,24554600000,0,0,93500,93500,90500
2008-04-11,5.21,92500,-1(-1.07 %),164600,15166450000,0,0,92000,92500,92000
2008-04-16,5.13,91000,-1.5(-1.62 %),136390,12415065000,0,0,91000,91500,91000
2008-04-17,5.21,92500,1.5(1.65 %),154750,14024450000,0,0,89500,92500,89500
2008-04-18,5.13,91000,-1.5(-1.62 %),117310,10823085000,0,0,94000,94000,91000
2008-04-21,5.18,92000,1(1.10 %),82260,7491920000,0,0,91000,92000,90000
2008-04-22,5.18,92000,0(0.00 %),20670,1884265000,0,0,90500,92000,90500
2008-04-23,5.1,90500,-1.5(-1.63 %),68250,6176625000,0,0,90500,90500,90500
2008-04-24,5.02,89000,-1.5(-1.66 %),97210,8656615000,0,0,89000,89500,89000
2008-04-25,5.1,90500,1.5(1.69 %),31170,2800335000,0,0,88000,90500,88000
2008-04-28,5.18,92000,1.5(1.66 %),67610,6215855000,0,0,91500,92000,91500
2008-04-29,5.27,93500,1.5(1.63 %),142440,13276000000,0,0,93500,93500,92000
2008-05-05,5.18,92000,-1.5(-1.60 %),32320,2996240000,0,0,93500,94000,92000
2008-05-06,5.1,90500,-1.5(-1.63 %),4640,419920000,0,0,90500,90500,90500
2008-05-07,5.18,92000,1.5(1.66 %),92580,8285815000,0,0,89000,92000,89000
2008-05-08,5.18,92000,0(0.00 %),87260,7927300000,0,0,90500,92000,90500
2008-05-09,5.1,90500,-1.5(-1.63 %),1320,119460000,0,0,90500,90500,90500
2008-05-12,5.02,89000,-1.5(-1.66 %),660,58740000,0,0,89000,89000,89000
2008-05-13,4.93,87500,-1.5(-1.69 %),60,5250000,0,0,87500,87500,87500
2008-05-14,4.85,86000,-1.5(-1.71 %),230,19780000,0,0,86000,86000,86000
2008-05-15,4.76,84500,-1.5(-1.74 %),4420,374790000,0,0,85000,85000,84500
2008-05-16,4.68,83000,-1.5(-1.78 %),28510,2366330000,0,0,83000,83000,83000
2008-05-19,4.59,81500,-1.5(-1.81 %),84520,6888380000,0,0,81500,81500,81500
2008-05-20,4.51,80000,-1.5(-1.84 %),4270,341600000,0,0,80000,80000,80000
2008-05-21,4.42,78500,-1.5(-1.88 %),470,36895000,115000,9027500000,78500,78500,78500
2008-05-22,4.34,77000,-1.5(-1.91 %),90660,6980820000,3750000,288750000000,77000,77000,77000
2008-05-23,4.25,75500,-1.5(-1.95 %),774950,58513490000,275000,21175000000,75500,77000,75500
2008-05-26,4.17,74000,-1.5(-1.99 %),432440,32000560000,0,0,74000,74000,74000
2008-05-27,4.17,74000,0(0.00 %),0,0,0,0,74000,74000,74000
2008-05-28,4.17,74000,0(0.00 %),0,0,0,0,74000,74000,74000
2008-05-29,4.17,74000,0(0.00 %),0,0,0,0,74000,74000,74000
2008-05-30,4.11,73000,-1(-1.35 %),533870,38972510000,0,0,73000,73000,73000
2008-06-02,4.06,72000,-1(-1.37 %),309100,22255200000,0,0,72000,72000,72000
2008-06-03,4.0,71000,-1(-1.39 %),139990,9939290000,0,0,71000,71000,71000
2008-06-04,4.06,72000,1(1.41 %),217760,15344150000,0,0,70000,72000,70000
2008-06-05,4.11,73000,1(1.39 %),143800,10297960000,0,0,71500,73000,71000
2008-06-06,4.17,74000,1(1.37 %),59450,4399300000,0,0,74000,74000,74000
2008-06-09,4.23,75000,1(1.35 %),54800,4110000000,0,0,75000,75000,75000
2008-06-10,4.14,73500,-1.5(-2.00 %),35250,2592775000,0,0,73500,74000,73500
2008-06-11,4.2,74500,1(1.36 %),95560,7035040000,0,0,72500,74500,72500
2008-06-12,4.25,75500,1(1.34 %),34780,2625890000,0,0,75500,75500,75500
2008-06-13,4.34,77000,1.5(1.99 %),57400,4419800000,0,0,77000,77000,77000
2008-06-16,4.42,78500,1.5(1.95 %),5360,420760000,877500,68883750000,78500,78500,78500
2008-06-17,4.51,80000,1.5(1.91 %),10520,841600000,683940,54495825000,80000,80000,80000
2008-06-18,4.51,80000,0(0.00 %),319590,25515690000,245735,19290198000,81500,81500,78500
2008-06-19,4.4,78000,-2(-2.50 %),119040,9285120000,0,0,78000,78000,78000
2008-06-20,4.51,80000,2(2.56 %),272120,21114650000,438750,34661250000,76000,80000,76000
2008-06-23,4.62,82000,2(2.50 %),50530,4141720000,0,0,82000,82000,81500
2008-06-24,4.73,84000,2(2.44 %),36030,3026520000,0,0,84000,84000,84000
2008-06-25,4.87,86500,2.5(2.98 %),18180,1572570000,438750,37951875000,86500,86500,86500
2008-06-26,4.99,88500,2(2.31 %),116050,10181110000,438750,37951875000,89000,89000,86000
2008-06-27,5.13,91000,2.5(2.82 %),102260,9110120000,438750,39487500000,87000,91000,86500
2008-06-30,5.27,93500,2.5(2.75 %),63360,5888905000,0,0,91000,93500,91000
2008-07-01,5.41,96000,2.5(2.67 %),35400,3398400000,0,0,96000,96000,96000
2008-07-02,5.55,98500,2.5(2.60 %),121980,12003970000,0,0,98500,98500,95000
2008-07-03,5.69,101000,2.5(2.54 %),30380,3068380000,0,0,101000,101000,101000
2008-07-04,5.64,100000,-1(-0.99 %),173070,17877120000,0,0,104000,104000,100000
2008-07-07,5.64,100000,0(0.00 %),278490,27636260000,0,0,100000,100000,97000
2008-07-08,5.64,100000,0(0.00 %),234670,23073095000,0,0,97500,100000,97000
2008-07-09,5.69,101000,1(1.00 %),79660,7997760000,438750,43875000000,100000,101000,100000
2008-07-10,5.75,102000,1(0.99 %),133480,13415585000,0,0,100000,102000,99000
2008-07-11,5.75,102000,0(0.00 %),84100,8546520000,0,0,100000,103000,100000
2008-07-14,5.92,105000,3(2.94 %),103080,10725230000,0,0,103000,105000,102000
2008-07-15,6.09,108000,3(2.86 %),63290,6835320000,0,0,108000,108000,108000
2008-07-16,6.09,108000,0(0.00 %),100670,10885150000,0,0,110000,110000,105000
2008-07-17,6.09,108000,0(0.00 %),102320,11070250000,0,0,109000,109000,106000
2008-07-18,6.09,108000,0(0.00 %),131500,13941980000,0,0,105000,108000,105000
2008-07-21,5.92,105000,-3(-2.78 %),140410,14743050000,0,0,105000,105000,105000
2008-07-22,5.75,102000,-3(-2.86 %),113700,11597400000,79000,8058000000,102000,102000,102000
2008-07-23,5.58,99000,-3(-2.94 %),105080,10402920000,0,0,99000,99000,99000
2008-07-24,5.58,99000,0(0.00 %),100040,9700025000,0,0,96500,101000,96500
2008-07-25,5.69,101000,2(2.02 %),29120,2911220000,0,0,97000,101000,97000
2008-07-28,5.86,104000,3(2.97 %),28360,2908050000,0,0,101000,104000,101000
2008-07-29,6.03,107000,3(2.88 %),37950,4055410000,0,0,107000,107000,105000
2008-07-30,6.03,107000,0(0.00 %),47730,5072590000,0,0,107000,107000,104000
2008-07-31,5.97,106000,-1(-0.93 %),35120,3679090000,0,0,104000,106000,104000
2008-08-01,5.97,106000,0(0.00 %),51080,5337020000,0,0,103000,106000,103000
2008-08-04,5.97,106000,0(0.00 %),42780,4469000000,0,0,104000,106000,103000
2008-08-05,5.92,105000,-1(-0.94 %),50090,5219500000,0,0,103000,105000,103000
2008-08-06,6.09,108000,3(2.86 %),30790,3314340000,0,0,108000,108000,106000
2008-08-07,6.03,107000,-1(-0.93 %),66220,7150100000,0,0,109000,109000,107000
2008-08-08,6.03,107000,0(0.00 %),57300,6129890000,0,0,107000,107000,106000
2008-08-11,6.03,107000,0(0.00 %),38800,4178450000,0,0,109000,109000,107000
2008-08-12,5.97,106000,-1(-0.93 %),34260,3615580000,0,0,105000,107000,105000
2008-08-13,6.03,107000,1(0.94 %),41550,4357280000,0,0,103000,107000,103000
2008-08-14,6.2,110000,3(2.80 %),176550,19264010000,0,0,107000,110000,107000
2008-08-15,6.37,113000,3(2.73 %),283800,32069400000,0,0,113000,113000,113000
2008-08-18,6.65,118000,5(4.42 %),385970,45536610000,0,0,118000,118000,117000
2008-08-19,6.71,119000,1(0.85 %),66730,8055350000,0,0,122000,122000,116000
2008-08-20,6.42,114000,-5(-4.20 %),91250,10418050000,0,0,114000,116000,114000
2008-08-21,6.54,116000,2(1.75 %),36350,4188260000,0,0,114000,116000,111000
2008-08-22,6.31,112000,-4(-3.45 %),134110,15227280000,0,0,116000,116000,112000
2008-08-25,6.42,114000,2(1.79 %),102310,11609640000,0,0,113000,115000,112000
2008-08-26,6.42,114000,0(0.00 %),135090,15332270000,0,0,111000,115000,111000
2008-08-27,6.48,115000,1(0.88 %),124110,14161420000,0,0,110000,116000,110000
2008-08-28,6.31,112000,-3(-2.61 %),107590,12064350000,0,0,110000,114000,110000
2008-08-29,6.03,107000,-5(-4.46 %),137120,14685490000,0,0,107000,109000,107000
2008-09-03,6.03,107000,0(0.00 %),69590,7420630000,0,0,107000,107000,106000
2008-09-04,5.86,104000,-3(-2.80 %),113460,11978350000,0,0,107000,107000,104000
2008-09-05,5.75,102000,-2(-1.92 %),87480,8956880000,0,0,100000,104000,100000
2008-09-08,5.8,103000,1(0.98 %),104190,10394390000,0,0,97000,103000,97000
2008-09-09,5.69,101000,-2(-1.94 %),88690,9011730000,0,0,102000,102000,100000
2008-09-10,5.41,96000,-5(-4.95 %),98910,9732195000,0,0,101000,101000,96000
2008-09-11,5.35,95000,-1(-1.04 %),81150,7712805000,0,0,95500,95500,93000
2008-09-12,5.1,90500,-4.5(-4.74 %),110250,10051920000,0,0,90500,94000,90500
2008-09-15,5.13,91000,0.5(0.55 %),106760,9532070000,600000,54600000000,86000,92000,86000
2008-09-16,4.87,86500,-4.5(-4.95 %),68270,6087155000,0,0,91000,91000,86500
2008-09-17,4.65,82500,-4(-4.62 %),134340,11089635000,0,0,82500,84000,82500
2008-09-18,4.42,78500,-4(-4.85 %),8770,688445000,0,0,78500,78500,78500
2008-09-19,4.62,82000,3.5(4.46 %),55080,4364275000,0,0,78500,82000,78500
2008-09-22,4.85,86000,4(4.88 %),1980,170280000,0,0,86000,86000,86000
2008-09-23,5.07,90000,4(4.65 %),82530,7418370000,0,0,90000,90000,87000
2008-09-24,4.9,87000,-3(-3.33 %),121100,10669950000,0,0,86000,92000,86000
2008-09-25,5.13,91000,4(4.60 %),138590,12554380000,0,0,91000,91000,87000
2008-09-26,5.38,95500,4.5(4.95 %),141480,13389045000,0,0,95500,95500,93500
2008-09-29,5.61,99500,4(4.19 %),98040,9643970000,0,0,100000,100000,96000
2008-09-30,5.35,95000,-4.5(-4.52 %),65820,6252900000,0,0,95000,95000,95000
2008-10-01,5.47,97000,2(2.11 %),93830,9013435000,0,0,95000,98000,94500
2008-10-02,5.58,99000,2.25(2.33 %),83330,8296480000,0,0,100000,100000,98000
2008-10-03,5.35,95000,-3.75(-3.80 %),61480,5983260000,0,0,97000,99000,95000
2008-10-06,5.1,90500,-4.5(-4.74 %),80380,7329740000,0,0,91000,93500,90500
2008-10-07,4.85,86000,-4.5(-4.97 %),55180,4745480000,0,0,86000,86000,86000
2008-10-08,4.73,84000,-2(-2.33 %),66600,5536190000,100000,8300000000,82000,88000,82000
2008-10-09,4.73,84000,0(0.00 %),91600,7570550000,100000,8400000000,80000,87000,80000
2008-10-10,4.54,80500,-3.5(-4.17 %),96580,7809325000,100000,8050000000,80500,81500,80500
2008-10-13,4.62,82000,1.5(1.86 %),112380,9239790000,100000,8200000000,84000,84000,80500
2008-10-14,4.85,86000,4(4.88 %),46760,4021360000,0,0,86000,86000,86000
2008-10-15,4.96,88000,2(2.33 %),85490,7467895000,150000,13125000000,89000,89000,86000
2008-10-16,4.76,84500,-3.5(-3.98 %),93070,7924160000,75000,6375000000,84000,87000,84000
2008-10-17,4.59,81500,-3(-3.55 %),72950,6053250000,140000,11410000000,82500,85000,81500
2008-10-20,4.48,79500,-2(-2.45 %),56770,4559860000,0,0,79500,81500,79500
2008-10-21,4.62,82000,2.5(3.14 %),82250,6696280000,0,0,82000,82000,81000
2008-10-22,4.65,82500,0.5(0.61 %),75770,6075390000,180000,14760000000,79000,82500,79000
2008-10-23,4.62,82000,-0.5(-0.61 %),43120,3520760000,0,0,82500,82500,79000
2008-10-24,4.42,78500,-3.5(-4.27 %),83440,6576690000,70000,5530000000,78500,79500,78500
2008-10-27,4.23,75000,-3.5(-4.46 %),252280,18960650000,1000000,75000000000,75000,76000,75000
2008-10-28,4.03,71500,-3.5(-4.67 %),32190,2301585000,659000,47118500000,71500,71500,71500
2008-10-29,4.03,71500,0(0.00 %),45410,3343340000,980000,70070000000,75000,75000,71500
2008-10-30,3.86,68500,-3(-4.20 %),113730,7771160000,575000,39675000000,68000,69000,68000
2008-10-31,4.03,71500,3(4.38 %),19370,1384955000,480000,33600000000,71500,71500,71500
2008-11-03,4.03,71500,0(0.00 %),76340,5458605000,400000,28600000000,71500,72000,71500
2008-11-04,4.23,75000,3.5(4.90 %),13750,997620000,115000,8395000000,71500,75000,71000
2008-11-05,4.42,78500,3.5(4.67 %),13990,1098215000,430000,33755000000,78500,78500,78500
2008-11-06,4.42,78500,0(0.00 %),32750,2551590000,400000,31400000000,75000,82000,75000
2008-11-07,4.31,76500,-2(-2.55 %),17530,1338140000,0,0,75000,78000,75000
2008-11-10,4.4,78000,1.5(1.96 %),31150,2417105000,65000,5070000000,76500,78500,76500
2008-11-11,4.34,77000,-1(-1.28 %),15880,1226460000,0,0,78000,78000,75500
2008-11-12,4.2,74500,-2.5(-3.25 %),50750,3790910000,0,0,74000,77000,73500
2008-11-13,4.34,77000,2.5(3.36 %),64860,4987330000,0,0,76500,77500,76000
2008-11-14,4.4,78000,1(1.30 %),18700,1491060000,0,0,80000,80000,78000
2008-11-17,4.4,78000,0(0.00 %),53830,4190745000,255000,19890000000,76500,78000,76500
2008-11-18,4.42,78500,0.5(0.64 %),45650,3562050000,585000,45922500000,78000,78500,77500
2008-11-19,4.45,79000,0.5(0.64 %),44710,3530160000,325000,25675000000,79500,79500,78500
2008-11-20,4.45,79000,0(0.00 %),41700,3283940000,190000,15010000000,78500,79000,77000
2008-11-21,4.42,78500,-0.5(-0.63 %),109940,8644790000,0,0,78500,79000,78500
2008-11-24,4.51,80000,1.5(1.91 %),61240,4901750000,0,0,80000,80500,80000
2008-11-25,4.62,82000,2(2.50 %),82240,6648145000,40000,3280000000,80000,82000,80000
2008-11-26,4.59,81500,-0.5(-0.61 %),57190,4659220000,0,0,82000,82000,80000
2008-11-27,4.54,80500,-1(-1.23 %),21500,1743450000,0,0,81000,82000,80500
2008-11-28,4.56,81000,0.5(0.62 %),54050,4379050000,0,0,81000,82000,80500
2008-12-01,4.62,82000,1(1.23 %),41350,3369795000,0,0,81500,82000,81000
2008-12-02,4.59,81500,-0.5(-0.61 %),42760,3467035000,0,0,81000,81500,80500
2008-12-03,4.59,81500,0(0.00 %),21060,1723765000,0,0,81500,82000,81500
2008-12-04,4.65,82500,1(1.23 %),32940,2703605000,0,0,81000,82500,81000
2008-12-05,4.56,81000,-1.5(-1.82 %),30630,2489610000,0,0,82000,82000,81000
2008-12-08,4.48,79500,-1.5(-1.85 %),32960,2589535000,0,0,77000,80000,77000
2008-12-09,4.62,82000,2.5(3.14 %),40210,3173015000,0,0,78000,82000,78000
2008-12-10,4.4,78000,-4(-4.88 %),42320,3427380000,0,0,82000,82000,78000
2008-12-11,4.45,79000,1(1.28 %),48180,3730395000,0,0,78000,80000,74500
2008-12-12,4.65,82500,3.5(4.43 %),37270,3026985000,0,0,80500,82500,80500
2008-12-15,4.73,84000,1.5(1.82 %),29470,2469645000,0,0,85000,85000,83000
2008-12-16,4.71,83500,-0.5(-0.60 %),60630,5159165000,0,0,86000,86000,83500
2008-12-17,4.73,84000,0.5(0.60 %),35560,2965780000,0,0,83500,84000,82000
2008-12-18,4.76,84500,0.5(0.60 %),35110,2957445000,0,0,84000,84500,83500
2008-12-19,4.54,80500,-4(-4.73 %),15100,1247470000,40000,3220000000,83000,84500,80500
2008-12-22,4.45,79000,-1.5(-1.86 %),7260,597460000,647500,49908750000,84000,84000,79000
2008-12-23,4.31,76500,-2.5(-3.16 %),9580,736070000,0,0,77000,77000,76500
2008-12-24,4.31,76500,0(0.00 %),20680,1578525000,0,0,75000,76500,75000
2008-12-25,4.31,76500,0(0.00 %),3610,277525000,0,0,77000,77500,76500
2008-12-26,4.31,76500,0(0.00 %),5550,424850000,0,0,76500,77000,76500
2008-12-29,4.34,77000,0.5(0.65 %),4330,333440000,0,0,76500,78000,76500
2008-12-30,4.48,79500,2.5(3.25 %),13790,1086515000,0,0,77000,79500,77000
2008-12-31,4.48,79500,0(0.00 %),9130,725655000,0,0,79000,79500,79000
2009-01-02,4.51,80000,0.5(0.63 %),200,16000000,0,0,80000,80000,80000
2009-01-05,4.51,80000,0(0.00 %),6550,508865000,0,0,76000,80000,76000
2009-01-06,4.4,78000,-2(-2.50 %),1360,106080000,0,0,78000,78000,78000
2009-01-07,4.45,79000,1(1.28 %),2920,229485000,0,0,77000,79000,77000
2009-01-08,4.45,79000,0(0.00 %),23750,1874430000,0,0,78000,79000,78000
2009-01-09,4.42,78500,-0.5(-0.63 %),1700,132950000,0,0,77000,79000,77000
2009-01-12,4.42,78500,0(0.00 %),6160,477710000,0,0,76000,78500,76000
2009-01-13,4.4,78000,-0.5(-0.64 %),6570,510210000,0,0,77000,78000,77000
2009-01-14,4.45,79000,1(1.28 %),7250,569180000,0,0,76500,79000,76500
2009-01-15,4.42,78500,-0.5(-0.63 %),3300,258550000,0,0,77000,79000,77000
2009-01-16,4.62,82000,3.5(4.46 %),40370,3291920000,0,0,80000,82000,80000
2009-01-19,4.62,82000,0(0.00 %),4680,385020000,0,0,82000,84000,82000
2009-01-20,4.62,82000,0(0.00 %),12780,1047960000,0,0,82000,82000,82000
2009-01-21,4.59,81500,-0.5(-0.61 %),2150,175285000,0,0,82000,82000,81000
2009-01-22,4.45,79000,-2.5(-3.07 %),26920,2192680000,0,0,81500,81500,79000
2009-01-23,4.51,80000,1(1.27 %),5870,465930000,0,0,79000,80000,79000
2009-02-02,4.56,81000,1(1.25 %),1100,89200000,0,0,82000,82000,81000
2009-02-03,4.4,78000,-3(-3.70 %),71750,5626905000,0,0,77500,80000,77500
2009-02-04,4.2,74500,-3.5(-4.49 %),10540,795380000,0,0,77000,77500,74500
2009-02-05,4.0,71000,-3.5(-4.70 %),25700,1846975000,0,0,74000,74000,71000
2009-02-06,4.0,71000,0(0.00 %),16510,1168965000,0,0,74000,74000,70000
2009-02-09,4.06,72000,1(1.41 %),9870,705120000,0,0,70000,74000,70000
2009-02-10,3.97,70500,-1.5(-2.08 %),1760,124455000,0,0,70000,71000,70000
2009-02-11,3.78,67000,-3.5(-4.96 %),24360,1660125000,0,0,69000,69000,67000
2009-02-12,3.8,67500,0.5(0.75 %),12640,852900000,0,0,65000,69000,65000
2009-02-13,3.75,66500,-1(-1.48 %),360,24120000,0,0,67000,67500,66500
2009-02-16,3.66,65000,-1.5(-2.26 %),1750,113450000,0,0,65000,65000,64500
2009-02-17,3.49,62000,-3(-4.62 %),4350,273535000,0,0,65000,65000,62000
2009-02-18,3.32,59000,-3(-4.84 %),1550,91455000,0,0,59000,59500,59000
2009-02-19,3.21,57000,-2(-3.39 %),10250,593705000,0,0,59000,59000,56500
2009-02-20,3.07,54500,-2.5(-4.39 %),1820,99190000,0,0,54500,54500,54500
2009-02-23,2.93,52000,-2.5(-4.59 %),780,40560000,0,0,52000,52000,52000
2009-02-24,2.78,49400,-2.6(-5.00 %),160,7909000,0,0,52000,52000,49400
2009-02-25,2.65,47000,-2.4(-4.86 %),33330,1571180000,0,0,49400,49400,47000
2009-02-26,2.52,44700,-2.3(-4.89 %),2600,116220000,0,0,47000,47000,44700
2009-02-27,2.4,42500,-2.2(-4.92 %),4640,197200000,0,0,44700,44700,42500
2009-03-02,2.31,41000,-1.5(-3.53 %),12190,495249000,0,0,42500,42500,40400
2009-03-03,2.2,39000,-2(-4.88 %),8130,322323000,0,0,41000,41000,39000
2009-03-04,2.13,37800,-1.2(-3.08 %),165080,6589682000,0,0,39000,40900,37800
2009-03-05,2.13,37800,0(0.00 %),50430,1957078000,0,0,37800,39600,37800
2009-03-06,2.05,36300,-1.5(-3.97 %),85640,3139131000,0,0,37800,39400,36300
2009-03-09,2.06,36500,0.2(0.55 %),53770,1973778000,0,0,36300,38100,36200
2009-03-10,2.16,38300,1.8(4.93 %),21540,808363000,0,0,36500,38300,36000
2009-03-11,2.09,37100,-1.2(-3.13 %),142160,5408732000,0,0,38300,39800,37100
2009-03-12,1.99,35300,-1.8(-4.85 %),109200,3894465000,0,0,37100,37100,35300
2009-03-13,1.9,33700,-1.6(-4.53 %),187880,6408184000,0,0,35300,35900,33700
2009-03-16,1.99,35300,1.6(4.75 %),358660,12544909000,0,0,33700,35300,33700
2009-03-17,2.09,37000,1.7(4.82 %),461550,17041858000,0,0,35300,37000,35300
2009-03-18,2.18,38700,1.7(4.59 %),680220,26381899000,0,0,37000,38800,37000
2009-03-19,2.07,36800,-1.9(-4.91 %),549010,20272288000,0,0,38700,38700,36800
2009-03-20,1.97,35000,-1.8(-4.89 %),102040,3571400000,0,0,36800,36800,35000
2009-03-23,1.88,33300,-1.7(-4.86 %),89960,2995668000,0,0,35000,35000,33300
2009-03-24,1.97,34900,1.6(4.80 %),1058250,36257117000,3600000,114120000000,33300,34900,33000
2009-03-25,2.06,36600,1.7(4.87 %),271510,9702654000,0,0,34900,36600,34500
2009-03-26,2.16,38400,1.8(4.92 %),256100,9828739000,0,0,36600,38400,36600
2009-03-27,2.27,40300,1.9(4.95 %),694790,27988865000,0,0,40300,40300,39500
2009-03-30,2.38,42300,2(4.96 %),760630,32032471000,1900000,72770000000,42000,42300,41000
2009-03-31,2.27,40200,-2.1(-4.96 %),364960,15056950000,0,0,42000,42300,40200
2009-04-01,2.37,42000,1.8(4.48 %),360900,14753326000,0,0,40000,42200,39000
2009-04-02,2.34,41600,-0.4(-0.95 %),359180,15045431000,0,0,42000,42500,41500
2009-04-03,2.46,43600,2(4.81 %),167730,7311588000,0,0,41600,43600,41600
2009-04-07,2.58,45700,2.1(4.82 %),313750,14275885000,3800000,157700000000,43600,45700,43600
2009-04-08,2.49,44200,-1.5(-3.28 %),523200,24236801000,0,0,45700,47900,43800
2009-04-09,2.38,42200,-2(-4.52 %),350800,15113645000,0,0,44200,44900,42100
2009-04-10,2.5,44300,2.1(4.98 %),136280,6037162000,0,0,42200,44300,42200
2009-04-13,2.62,46500,2.2(4.97 %),86540,4024110000,0,0,46500,46500,46500
2009-04-14,2.63,46600,0.1(0.22 %),426080,19737578000,0,0,46000,48000,45000
2009-04-15,2.5,44300,-2.3(-4.94 %),226180,10103065000,0,0,44300,46000,44300
2009-04-16,2.5,44300,0(0.00 %),289920,12763524000,0,0,44300,44300,42500
2009-04-17,2.37,42100,-2.2(-4.97 %),191550,8109568000,0,0,43200,44000,42100
2009-04-20,2.25,40000,-2.1(-4.99 %),209900,8396000000,0,0,40000,40000,40000
2009-04-21,2.14,38000,-2(-5.00 %),278550,10584900000,0,0,38000,38000,38000
2009-04-22,2.25,39900,1.9(5.00 %),178640,7111192000,0,0,39900,39900,38500
2009-04-23,2.22,39400,-0.5(-1.25 %),188790,7348167000,0,0,38500,39900,38300
2009-04-24,2.16,38400,-1(-2.54 %),91920,3516363000,0,0,38000,38500,38000
2009-04-27,2.25,39900,1.5(3.91 %),121800,4854925000,0,0,40000,40200,39500
2009-04-28,2.25,39900,0(0.00 %),68600,2676411000,0,0,38000,40400,38000
2009-04-29,2.25,40000,0.1(0.25 %),80160,3196721000,0,0,39900,40000,39000
2009-05-04,2.37,42000,2(5.00 %),23560,989520000,0,0,42000,42000,42000
2009-05-05,2.49,44100,2.1(5.00 %),120020,5292882000,0,0,44100,44100,44100
2009-05-06,2.37,42000,-2.1(-4.76 %),195210,8291736000,0,0,41900,44100,41900
2009-05-07,2.42,43000,1(2.38 %),93220,4038286000,0,0,43600,43900,43000
2009-05-08,2.38,42200,-0.8(-1.86 %),60740,2562909000,0,0,41100,43000,41100
2009-05-11,2.48,44000,1.8(4.27 %),181710,7988497000,0,0,43800,44300,43000
2009-05-12,2.59,46000,2(4.55 %),108000,4871734000,0,0,44000,46000,43500
2009-05-13,2.47,43800,-2.2(-4.78 %),120240,5315914000,0,0,44000,46000,43800
2009-05-14,2.54,45000,1.2(2.74 %),87050,3739401000,0,0,42000,45000,42000
2009-05-15,2.62,46500,1.5(3.33 %),120870,5568649000,0,0,46000,46500,45000
2009-05-18,2.6,46100,-0.4(-0.86 %),102160,4753561000,0,0,46500,47000,45900
2009-05-19,2.73,48400,2.3(4.99 %),176850,8559537000,0,0,48400,48400,48300
2009-05-20,2.85,50500,2.1(4.34 %),62030,3132515000,0,0,50500,50500,50500
2009-05-21,2.99,53000,2.5(4.95 %),38170,2023010000,0,0,53000,53000,53000
2009-05-22,3.13,55500,2.5(4.72 %),289500,15978925000,0,0,55500,55500,51500
2009-05-25,3.27,58000,2.5(4.50 %),55220,3202760000,0,0,58000,58000,58000
2009-05-26,3.41,60500,2.5(4.31 %),37440,2265120000,20000,1210000000,60500,60500,60500
2009-05-27,3.58,63500,3(4.96 %),26810,1702435000,0,0,63500,63500,63500
2009-05-28,3.75,66500,3(4.72 %),352890,23422880000,0,0,66500,66500,64000
2009-05-29,3.78,67000,0.5(0.75 %),157610,10716975000,0,0,69500,69500,64500
2009-06-01,3.72,66000,-1(-1.49 %),173360,11406800000,0,0,64500,68500,64500
2009-06-02,3.86,68500,2.5(3.79 %),110190,7597970000,0,0,69000,69000,68500
2009-06-03,3.86,68500,0(0.00 %),166410,11348500000,0,0,68500,68500,67000
2009-06-04,4.03,71500,3(4.38 %),107820,7665575000,0,0,69500,71500,69500
2009-06-05,4.23,75000,3.5(4.90 %),54890,4116750000,0,0,75000,75000,75000
2009-06-08,4.42,78500,3.5(4.67 %),32360,2540260000,0,0,78500,78500,78500
2009-06-09,4.4,78000,-0.5(-0.64 %),138430,10875035000,0,0,79000,80000,75500
2009-06-10,4.2,74500,-3.5(-4.49 %),108150,8064280000,0,0,74500,75500,74500
2009-06-11,4.4,78000,3.5(4.70 %),65310,4945870000,0,0,73000,78000,73000
2009-06-12,4.34,77000,-1(-1.28 %),45370,3555835000,0,0,81500,81500,74500
2009-06-15,4.14,73500,-3.5(-4.55 %),71420,5306780000,0,0,74500,76000,73500
2009-06-16,3.94,70000,-3.5(-4.76 %),81370,5695900000,0,0,70000,70000,70000
2009-06-17,3.97,70500,0.5(0.71 %),129400,8780710000,0,0,66500,72000,66500
2009-06-18,4.03,71500,1(1.42 %),158720,11255050000,0,0,70500,72000,69000
2009-06-19,4.14,73500,2(2.80 %),150290,10971430000,0,0,74000,74000,71500
2009-06-22,4.34,77000,3.5(4.76 %),203780,15666000000,0,0,77000,77000,74000
2009-06-23,4.14,73500,-3.5(-4.55 %),74390,5517180000,0,0,75000,77000,73500
2009-06-24,4.34,77000,3.5(4.76 %),120850,9300770000,0,0,77000,77000,76000
2009-06-25,4.31,76500,-0.5(-0.65 %),185410,14858330000,0,0,80500,80500,74000
2009-06-26,4.4,78000,1.5(1.96 %),161090,12597240000,0,0,77500,79500,76500
2009-06-29,4.4,78000,0(0.00 %),105480,8279930000,0,0,79000,79000,77500
2009-06-30,4.2,74500,-3.5(-4.49 %),98830,7509795000,0,0,77000,78000,74500
2009-07-01,4.0,71000,-3.5(-4.70 %),51990,3691540000,0,0,71000,73000,71000
2009-07-02,4.2,66000,2.2(4.86 %),37850,1797875000,0,0,66000,66000,66000
2009-07-03,4.4,49800,2.3(4.84 %),210630,10482870000,0,0,49800,49800,49000
2009-07-06,4.51,51000,1.2(2.41 %),160760,8093449000,0,0,50500,52000,49400
2009-07-07,4.29,48500,-2.5(-4.90 %),103600,5057664000,0,0,48600,50000,48500
2009-07-08,4.08,46100,-2.4(-4.95 %),115670,5344097000,0,0,46200,47500,46100
2009-07-09,4.07,46000,-0.1(-0.22 %),34500,1594403000,0,0,46100,47700,46000
2009-07-10,3.93,44500,-1.5(-3.26 %),47010,2103699000,0,0,45000,45500,44500
2009-07-13,3.74,42300,-2.2(-4.94 %),41560,1779423000,0,0,43100,43400,42300
2009-07-14,3.76,42000,0.2(0.48 %),99540,4105478000,0,0,42300,42300,39800
2009-07-15,3.8,42500,0.5(1.19 %),19530,830626000,0,0,42400,43000,42000
2009-07-16,3.94,44000,1.5(3.53 %),38430,1678998000,0,0,44600,44600,42600
2009-07-17,4.03,45000,1(2.27 %),61980,2769517000,0,0,43800,45500,43700
2009-07-20,3.83,42800,-2.2(-4.89 %),53450,2301610000,0,0,43500,43600,42800
2009-07-21,3.85,43000,0.2(0.47 %),34740,1506843000,0,0,43800,43800,42800
2009-07-22,4.03,45100,2.1(4.88 %),44420,2003342000,0,0,45100,45100,45100
2009-07-23,4.23,47300,2.2(4.88 %),100070,4729505000,0,0,47300,47300,46800
2009-07-24,4.44,49600,2.3(4.86 %),14140,701344000,0,0,49600,49600,49600
2009-07-27,4.65,52000,2.4(4.84 %),44510,2314520000,0,0,52000,52000,52000
2009-07-28,4.88,54500,2.5(4.81 %),148200,8076900000,0,0,54500,54500,54500
2009-07-29,4.96,55500,1(1.83 %),325890,18550265000,0,0,57000,57000,55500
2009-07-30,4.74,53000,-2.5(-4.50 %),103030,5460590000,0,0,53000,53000,53000
2009-07-31,4.88,54500,1.5(2.83 %),107360,5790560000,0,0,51000,55500,51000
2009-08-03,4.83,54000,-0.5(-0.92 %),29250,1577195000,0,0,53000,56000,53000
2009-08-04,4.74,53000,-1(-1.85 %),61100,3267070000,0,0,54000,55000,53000
2009-08-05,4.79,53500,0.5(0.94 %),36860,1955420000,0,0,52500,54000,52500
2009-08-06,4.92,55000,1.5(2.80 %),173700,9664355000,0,0,55000,56000,55000
2009-08-07,4.92,55000,0(0.00 %),78630,4336765000,0,0,55500,56000,55000
2009-08-10,4.96,55500,0.5(0.91 %),50420,2804790000,0,0,55500,56000,55000
2009-08-11,4.88,54500,-1(-1.80 %),46830,2575670000,0,0,55000,56000,54500
2009-08-12,4.92,55000,0.5(0.92 %),50630,2775660000,0,0,54000,55000,54000
2009-08-13,5.01,56000,1(1.82 %),78900,4389865000,47000,2585000000,55500,56000,55000
2009-08-14,5.01,56000,0(0.00 %),27690,1547230000,0,0,56500,56500,55000
2009-08-17,4.88,54500,-1.5(-2.68 %),33260,1835595000,0,0,55000,56000,54500
2009-08-18,4.96,55500,1(1.83 %),30400,1662255000,0,0,54500,55500,54000
2009-08-19,5.05,56500,1(1.80 %),67050,3754745000,0,0,55500,56500,55000
2009-08-20,5.01,56000,-0.5(-0.88 %),55800,3144490000,0,0,56500,57000,56000
2009-08-21,4.92,55000,-1(-1.79 %),110920,6245580000,0,0,57000,57500,55000
2009-08-24,5.14,57500,2.5(4.55 %),207640,11883775000,0,0,56500,57500,56000
2009-08-25,5.37,60000,2.5(4.35 %),340430,20418035000,0,0,60000,60000,59500
2009-08-26,5.46,61000,1(1.67 %),328480,20516835000,0,0,62000,63000,61000
2009-08-27,5.46,61000,0(0.00 %),153420,9356975000,0,0,61500,62000,60000
2009-08-28,5.59,62500,1.5(2.46 %),194370,12021990000,0,0,62000,62500,60500
2009-08-31,5.77,64500,2(3.20 %),330060,20993945000,0,0,62500,64500,62500
2009-09-01,5.64,63000,-1.5(-2.33 %),155950,9942170000,0,0,65000,65000,63000
2009-09-03,5.46,61000,-2(-3.17 %),76170,4693845000,0,0,61000,62500,61000
2009-09-04,5.28,59000,-2(-3.28 %),100520,6052105000,0,0,61000,62000,59000
2009-09-07,5.1,57000,-2(-3.39 %),121200,6909060000,0,0,58000,58000,56500
2009-09-08,5.32,59500,2.5(4.39 %),154160,9140405000,0,0,58500,59500,58500
2009-09-09,5.28,59000,-0.5(-0.84 %),65900,3914205000,0,0,59500,60000,58000
2009-09-10,5.32,59500,0.5(0.85 %),43660,2578515000,0,0,58500,59500,58000
2009-09-11,5.32,59500,0(0.00 %),83980,5035110000,0,0,60500,61000,59500
2009-09-14,5.37,60000,0.5(0.84 %),175390,10671175000,0,0,61500,61500,59000
2009-09-15,5.19,58000,-2(-3.33 %),111670,6554155000,0,0,60000,60000,58000
2009-09-16,5.14,57500,-0.5(-0.86 %),78400,4540870000,0,0,57500,59000,57500
2009-09-17,5.23,58500,1(1.74 %),123390,7166995000,0,0,57500,59000,57000
2009-09-18,5.28,59000,0.5(0.85 %),111910,6576595000,0,0,58500,59000,58000
2009-09-21,5.5,61500,2.5(4.24 %),96900,5891320000,0,0,60000,61500,59000
2009-09-22,5.77,64500,3(4.88 %),90190,5817255000,0,0,64500,64500,64500
2009-09-23,6.04,67500,3(4.65 %),213410,14405175000,0,0,67500,67500,67500
2009-09-24,5.86,65500,-2(-2.96 %),336700,22131910000,0,0,65500,67500,64500
2009-09-25,5.99,67000,1.5(2.29 %),169710,11239060000,0,0,64000,67000,64000
2009-09-28,5.9,66000,-1(-1.49 %),119100,7844335000,0,0,67000,67000,65000
2009-09-29,5.86,65500,-0.5(-0.76 %),131210,8594595000,0,0,66000,66000,64000
2009-09-30,5.73,64000,-1.5(-2.29 %),121720,7893985000,0,0,65500,65500,64000
2009-10-01,5.68,63500,-0.5(-0.78 %),116420,7683690000,0,0,67000,67000,63500
2009-10-02,5.5,61500,-2(-3.15 %),69310,4332875000,0,0,63500,63500,61000
2009-10-05,5.68,63500,2(3.25 %),65960,4116325000,0,0,61500,64000,61500
2009-10-06,5.9,66000,2.5(3.94 %),231980,15371125000,0,0,66500,66500,65500
2009-10-07,5.95,66500,0.5(0.76 %),109390,7238675000,0,0,65500,67000,65500
2009-10-08,5.77,64500,-2(-3.01 %),59630,3898860000,0,0,66000,66500,64500
2009-10-09,6.04,67500,3(4.65 %),146710,9850700000,0,0,67000,67500,66500
2009-10-12,6.22,69500,2(2.96 %),240400,16534185000,0,0,67500,70500,67500
2009-10-13,6.26,70000,0.5(0.72 %),158190,10993185000,0,0,69500,70000,68500
2009-10-14,6.44,72000,2(2.86 %),198440,14159260000,0,0,70000,73000,68500
2009-10-15,6.75,75500,3.5(4.86 %),128150,9582605000,0,0,75500,75500,72500
2009-10-16,6.71,75000,-0.5(-0.66 %),235680,17546975000,425000,32087500000,74500,75500,72000
2009-10-19,6.75,75500,0.5(0.67 %),202230,15159690000,0,0,75000,75500,73000
2009-10-20,7.07,79000,3.5(4.64 %),262620,20661285000,0,0,77500,79000,77000
2009-10-21,7.25,81000,2(2.53 %),128250,10277250000,0,0,79000,82000,79000
2009-10-22,7.25,81000,0(0.00 %),289460,23282520000,0,0,79500,81000,79000
2009-10-23,7.6,85000,4(4.94 %),452120,38423370000,0,0,85000,85000,82000
2009-10-26,7.78,87000,2(2.35 %),183000,16049020000,0,0,88000,88500,87000
2009-10-27,7.6,85000,-2(-2.30 %),229550,19173515000,0,0,85000,85000,83000
2009-10-28,7.6,85000,0(0.00 %),141680,12037005000,0,0,86000,86000,83000
2009-10-29,7.42,83000,-2(-2.35 %),196400,16031610000,0,0,82000,83000,81000
2009-10-30,7.6,85000,2(2.41 %),143230,12084970000,0,0,84500,85000,83000
2009-11-02,7.34,82000,-3(-3.53 %),246230,20113110000,0,0,82000,84000,81000
2009-11-03,7.02,78500,-3.5(-4.27 %),119110,9621210000,0,0,83000,83000,78500
2009-11-04,7.34,82000,3.5(4.46 %),197230,16083125000,34310,2744800000,80000,82000,80000
2009-11-05,7.69,86000,4(4.88 %),75700,6510200000,0,0,86000,86000,86000
2009-11-06,8.05,90000,4(4.65 %),271570,24316335000,0,0,90000,90000,88000
2009-11-09,8.05,90000,0(0.00 %),122730,11032410000,0,0,89500,91000,89500
2009-11-10,8.32,93000,3(3.33 %),114150,10544240000,0,0,93000,94000,89000
2009-11-11,8.72,97500,4.5(4.84 %),86080,8321940000,0,0,96000,97500,96000
2009-11-12,9.12,102000,4.5(4.62 %),161560,16432860000,0,0,100000,102000,100000
2009-11-13,9.21,103000,1(0.98 %),183080,18709580000,0,0,102000,103000,100000
2009-11-16,9.66,108000,5(4.85 %),190440,20567090000,0,0,108000,108000,107000
2009-11-17,10.02,112000,4(3.70 %),444440,49541540000,0,0,112000,112000,108000
2009-11-18,9.84,110000,-2(-1.79 %),599030,66367860000,0,0,112000,114000,109000
2009-11-19,9.66,108000,-2(-1.82 %),426010,45619780000,0,0,107000,110000,105000
2009-11-20,10.02,112000,4(3.70 %),195130,21337950000,0,0,108000,112000,105000
2009-11-23,9.84,110000,-2(-1.79 %),122000,13355270000,0,0,110000,110000,107000
2009-11-24,9.93,111000,1(0.91 %),73070,8056950000,0,0,110000,112000,108000
2009-11-25,9.66,108000,-3(-2.70 %),73500,7944460000,0,0,110000,110000,106000
2009-11-26,10.11,113000,5(4.63 %),139450,14955890000,0,0,103000,113000,103000
2009-11-27,10.02,112000,-1(-0.88 %),127600,14102160000,0,0,108000,115000,108000
2009-11-30,10.47,117000,5(4.46 %),104680,12154850000,0,0,115000,117000,111000
2009-12-01,10.29,115000,-2(-1.71 %),129550,14959800000,0,0,117000,117000,114000
2009-12-02,10.02,112000,-3(-2.61 %),44700,5014170000,0,0,113000,114000,111000
2009-12-03,9.84,110000,-2(-1.79 %),82200,8945520000,0,0,109000,112000,107000
2009-12-04,9.48,106000,-4(-3.64 %),265970,28302760000,0,0,110000,110000,105000
2009-12-07,9.39,105000,-1(-0.94 %),196900,20672040000,0,0,106000,106000,102000
2009-12-08,9.39,105000,0(0.00 %),270030,28045870000,0,0,102000,105000,101000
2009-12-09,9.21,103000,-2(-1.90 %),33670,3458720000,0,0,103000,105000,100000
2009-12-10,9.21,103000,0(0.00 %),95520,9761140000,0,0,103000,103000,99000
2009-12-11,9.3,104000,1(0.97 %),67400,6896630000,0,0,100000,104000,98000
2009-12-14,9.48,106000,2(1.92 %),72360,7708620000,0,0,106000,108000,104000
2009-12-15,9.03,101000,-5(-4.72 %),102670,10482240000,0,0,106000,106000,101000
2009-12-16,8.59,96000,-5(-4.95 %),99920,9633770000,0,0,97000,97000,96000
2009-12-17,8.32,93000,-3(-3.12 %),164980,15253260000,50000,4650000000,91500,93000,91500
2009-12-18,7.92,88500,-4.5(-4.84 %),154510,13678010000,0,0,88500,91000,88500
2009-12-21,8.27,92500,4(4.52 %),23770,2186875000,25000,2300000000,92000,92500,86500
2009-12-22,8.68,97000,4.5(4.86 %),20950,2031725000,25000,2325000000,97000,97000,95000
2009-12-23,9.03,101000,4(4.12 %),21280,2115345000,0,0,99000,101000,92500
2009-12-24,8.95,100000,-1(-0.99 %),34240,3431240000,0,0,101000,101000,97000
2009-12-25,8.95,100000,0(0.00 %),80110,8176450000,0,0,103000,103000,100000
2009-12-28,8.68,97000,-3(-3.00 %),22000,2138340000,0,0,95500,100000,95500
2009-12-29,8.27,92500,-4.5(-4.64 %),42220,3941520000,0,0,94000,97500,92500
2009-12-30,8.41,94000,1.5(1.62 %),62190,5762495000,0,0,89000,94500,89000
2009-12-31,8.41,94000,0(0.00 %),112700,10531470000,0,0,97500,97500,92000
2010-01-04,8.77,98000,4(4.26 %),28450,2753850000,0,0,94000,98000,94000
2010-01-05,8.9,99500,1.5(1.53 %),81630,8196370000,0,0,102000,102000,99000
2010-01-06,8.72,97500,-2(-2.01 %),26740,2594260000,0,0,96000,100000,96000
2010-01-07,8.72,97500,0(0.00 %),30400,2938735000,0,0,97500,97500,94000
2010-01-08,8.68,97000,-0.5(-0.51 %),30710,2966430000,0,0,96500,99000,95000
2010-01-11,8.68,97000,0(0.00 %),28680,2752425000,0,0,95000,97500,94000
2010-01-12,8.59,96000,-1(-1.03 %),25460,2438570000,0,0,95000,97500,94000
2010-01-13,8.72,97500,1.5(1.56 %),20390,1958295000,0,0,92500,97500,92500
2010-01-14,8.72,97500,0(0.00 %),44660,4342780000,0,0,97500,97500,96000
2010-01-15,8.68,97000,-0.5(-0.51 %),46940,4515865000,20000,1900000000,95000,97000,95000
2010-01-18,8.54,95500,-1.5(-1.55 %),33990,3232775000,0,0,95000,96000,93000
2010-01-19,8.59,96000,0.5(0.52 %),19960,1897105000,20000,1900000000,92500,97000,92500
2010-01-20,8.59,96000,0(0.00 %),19680,1885790000,67683,6497568000,96000,96500,94000
2010-01-21,8.59,96000,0(0.00 %),26680,2551590000,0,0,92500,96000,92500
2010-01-22,8.63,96500,0.5(0.52 %),70700,6689105000,0,0,95000,96500,92000
2010-01-25,8.59,96000,-0.5(-0.52 %),13630,1306120000,0,0,94500,96000,94500
2010-01-26,8.59,96000,0(0.00 %),35750,3430600000,0,0,96000,96500,95000
2010-01-27,8.59,96000,0(0.00 %),32600,3147110000,0,0,97000,97000,95000
2010-01-28,8.63,96500,0.5(0.52 %),23600,2267160000,0,0,97500,97500,91500
2010-01-29,8.5,95000,-1.5(-1.55 %),18870,1789360000,0,0,95000,95000,93000
2010-02-01,8.5,95000,0(0.00 %),36180,3429590000,0,0,93500,95000,93500
2010-02-02,8.63,96500,1.5(1.58 %),30660,2942320000,0,0,95000,98000,94500
2010-02-03,8.77,98000,1.5(1.55 %),96530,9362290000,0,0,94500,99000,94500
2010-02-04,8.9,99500,1.5(1.53 %),163390,16149585000,0,0,97000,101000,97000
2010-02-05,8.59,96000,-3.5(-3.52 %),139900,13549415000,0,0,97000,99000,95000
2010-02-08,8.59,96000,0(0.00 %),94980,9017470000,0,0,94000,97000,93000
2010-02-09,8.5,95000,-1(-1.04 %),103160,9727725000,0,0,93000,95000,93000
2010-02-10,8.59,96000,1(1.05 %),74660,7155370000,0,0,95000,96000,93500
2010-02-11,8.68,97000,1(1.04 %),45850,4439100000,0,0,96500,97000,96000
2010-02-12,8.77,98000,1(1.03 %),89470,8756385000,0,0,97000,98500,97000
2010-02-22,8.86,99000,1(1.02 %),71740,7060060000,0,0,98000,99000,96500
2010-02-23,8.72,97500,-1.5(-1.52 %),84430,8159000000,0,0,98000,99000,94500
2010-02-24,8.45,94500,-3(-3.08 %),175340,16582935000,0,0,94000,97500,93500
2010-02-25,8.32,93000,-1.5(-1.59 %),249890,23367845000,0,0,97000,98000,93000
2010-02-26,8.01,89500,-3.5(-3.76 %),337300,30327405000,0,0,92000,92000,89000
2010-03-01,8.05,90000,0.5(0.56 %),155190,13978700000,0,0,89500,93000,89500
2010-03-02,7.96,89000,-1(-1.11 %),128120,11408535000,0,0,89000,90000,88500
2010-03-03,7.96,89000,0(0.00 %),119700,10690135000,0,0,90000,91500,89000
2010-03-04,8.14,91000,2(2.25 %),65980,5992575000,0,0,90500,91500,90000
2010-03-05,8.05,90000,-1(-1.10 %),108370,9711230000,0,0,90500,91000,89000
2010-03-08,8.05,90000,0(0.00 %),95640,8650410000,0,0,91000,92000,89500
2010-03-09,8.1,90500,0.5(0.56 %),105060,9470365000,0,0,90000,90500,89500
2010-03-10,8.05,90000,-0.5(-0.55 %),90660,8175310000,0,0,90500,91000,90000
2010-03-11,7.96,89000,-1(-1.11 %),95590,8527760000,0,0,89000,90000,89000
2010-03-12,8.14,91000,2(2.25 %),101600,9198235000,0,0,90000,92000,90000
2010-03-15,8.23,92000,1(1.10 %),113160,10361230000,0,0,91000,92500,91000
2010-03-16,8.05,90000,-2(-2.17 %),98240,8943035000,0,0,91500,92500,90000
2010-03-17,7.96,89000,-1(-1.11 %),102440,9170035000,0,0,90000,90000,89000
2010-03-18,7.96,89000,0(0.00 %),120250,10706935000,0,0,90000,90000,88000
2010-03-19,7.87,88000,-1(-1.12 %),163290,14414200000,0,0,89000,89000,87500
2010-03-22,7.87,88000,0(0.00 %),52690,4624905000,0,0,88000,89500,87000
2010-03-23,7.92,88500,0.5(0.57 %),57060,5055825000,0,0,88000,89000,87000
2010-03-24,7.96,89000,0.5(0.56 %),58040,5161905000,0,0,88500,89500,88000
2010-03-25,7.96,89000,0(0.00 %),97320,8624970000,200000,17800000000,87500,90000,87000
2010-03-26,8.01,89500,0.5(0.56 %),130170,11611885000,0,0,89500,90000,88500
2010-03-29,8.05,90000,0.5(0.56 %),98450,8835350000,0,0,89500,90500,89500
2010-03-30,8.1,90500,0.5(0.56 %),68720,6212695000,0,0,89500,91000,89500
2010-03-31,8.01,89500,-1(-1.10 %),135820,12181110000,133000,11903500000,90500,90500,89500
2010-04-01,8.19,91500,2(2.23 %),195460,17736510000,0,0,90000,91500,90000
2010-04-02,8.32,93000,1.5(1.64 %),161500,14950665000,1240000,113460000000,93000,93000,92000
2010-04-05,8.63,96500,3.5(3.76 %),181240,17438990000,0,0,96000,97500,95000
2010-04-06,8.63,96500,0(0.00 %),168710,16352930000,500000,48250000000,96500,98000,96500
2010-04-07,8.63,96500,0(0.00 %),135370,13036560000,450000,43425000000,97000,97000,95500
2010-04-08,8.68,97000,0.5(0.52 %),174960,16925200000,0,0,97000,97000,96000
2010-04-09,8.68,97000,0(0.00 %),129220,12540650000,400000,38800000000,97000,97500,96500
2010-04-12,8.68,97000,0(0.00 %),137590,13358420000,0,0,97000,97500,96000
2010-04-13,8.68,97000,0(0.00 %),70380,6844805000,250000,24250000000,96500,98000,96500
2010-04-14,8.54,95500,-1.5(-1.55 %),71170,6858875000,38000,3610000000,95500,97000,95500
2010-04-15,8.95,100000,4.5(4.71 %),159470,15721450000,0,0,97000,100000,97000
2010-04-16,8.95,100000,0(0.00 %),75910,7595440000,750000,73500000000,100000,101000,99000
2010-04-19,8.72,97500,-2.5(-2.50 %),86200,8477225000,0,0,99000,100000,97500
2010-04-20,8.86,99000,1.5(1.54 %),128820,12698080000,250000,24375000000,95500,99000,95500
2010-04-21,8.95,100000,1(1.01 %),223690,22363335000,0,0,99500,101000,99000
2010-04-22,9.39,105000,5(5.00 %),143480,15035000000,0,0,104000,105000,103000
2010-04-26,9.75,109000,4(3.81 %),114920,12543930000,0,0,109000,110000,107000
2010-04-27,9.93,111000,2(1.83 %),139560,15367890000,20000,2220000000,109000,112000,109000
2010-04-28,9.93,111000,0(0.00 %),128870,14236250000,0,0,111000,113000,108000
2010-04-29,10.11,113000,2(1.80 %),84380,9452880000,0,0,112000,113000,111000
2010-05-04,10.56,118000,5(4.42 %),52610,6207980000,360000,42480000000,118000,118000,118000
2010-05-05,10.91,122000,4(3.39 %),206200,25094340000,0,0,122000,123000,120000
2010-05-06,10.64,119000,-3(-2.46 %),256370,30635350000,0,0,119000,122000,118000
2010-05-07,10.94,110700,2(2.99 %),316080,21982595000,0,0,110700,110700,110700
2010-05-10,10.79,68000,-1(-1.45 %),265800,18473255000,0,0,72000,72000,68000
2010-05-11,10.79,68000,0(0.00 %),268990,18219505000,0,0,69000,69000,66500
2010-05-12,10.31,65000,-3(-4.41 %),256220,16775270000,0,0,67000,67000,65000
2010-05-13,10.23,64500,-0.5(-0.77 %),193870,12550420000,0,0,65000,66000,64000
2010-05-14,10.31,65000,0.5(0.78 %),164120,10640690000,0,0,64500,66000,64000
2010-05-17,9.99,63000,-2(-3.08 %),165670,10514060000,0,0,66000,66000,62000
2010-05-18,10.07,63500,0.5(0.79 %),114290,7222620000,0,0,63500,64000,61000
2010-05-19,9.6,60500,-3(-4.72 %),172960,10580755000,0,0,62500,64000,60500
2010-05-20,9.6,60500,0(0.00 %),149850,8911710000,0,0,57500,61000,57500
2010-05-21,9.44,59500,-1(-1.65 %),121700,7175055000,0,0,57500,60000,57500
2010-05-24,9.75,61500,2(3.36 %),100590,6113725000,0,0,61500,61500,59500
2010-05-25,9.83,62000,0.5(0.81 %),224980,14007140000,34780,2243310000,63000,64000,61000
2010-05-26,9.99,63000,1(1.61 %),126060,7924240000,0,0,63000,64000,62500
2010-05-27,10.15,64000,1(1.59 %),140040,8900470000,0,0,65000,65000,62000
2010-05-28,10.55,66500,2.5(3.91 %),129880,8621000000,0,0,67000,67000,65500
2010-05-31,10.39,65500,-1(-1.50 %),85620,5625110000,0,0,66500,67000,65000
2010-06-01,10.23,64500,-1(-1.53 %),190970,12314070000,0,0,64000,66000,63500
2010-06-02,10.55,66500,2(3.10 %),159120,10237580000,0,0,64000,66500,62500
2010-06-03,10.71,67500,1(1.50 %),130200,8823000000,0,0,68500,68500,67000
2010-06-04,10.63,67000,-0.5(-0.74 %),166380,11185000000,150000,10050000000,67000,68000,66500
2010-06-07,10.23,64500,-2.5(-3.73 %),175470,11416000000,0,0,65000,66000,64500
2010-06-08,9.99,63000,-1.5(-2.33 %),148800,9453455000,0,0,62000,65000,62000
2010-06-09,9.91,62500,-0.5(-0.79 %),215330,13537385000,0,0,63000,65500,61500
2010-06-10,10.23,64500,2(3.20 %),152500,9821065000,0,0,62000,65000,62000
2010-06-11,10.47,66000,1.5(2.33 %),144970,9545905000,0,0,64500,66500,64500
2010-06-14,10.55,66500,0.5(0.76 %),184100,12254275000,0,0,66000,67000,66000
2010-06-15,10.47,66000,-0.5(-0.75 %),165070,10906505000,0,0,66000,67000,65500
2010-06-16,10.31,65000,-1(-1.52 %),212060,13835450000,0,0,65000,66000,64500
2010-06-17,10.31,65000,0(0.00 %),96250,6199675000,0,0,64000,65000,63500
2010-06-18,10.47,66000,1(1.54 %),160060,10495120000,0,0,65000,66000,65000
2010-06-21,10.63,67000,1(1.52 %),281680,18932695000,0,0,67500,68000,66000
2010-06-22,10.86,68500,1.5(2.24 %),210430,14290055000,0,0,66000,68500,66000
2010-06-23,10.86,68500,0(0.00 %),105830,7195810000,0,0,68000,68500,67500
2010-06-24,10.71,67500,-1(-1.46 %),147460,10029660000,0,0,68000,69000,67500
2010-06-25,10.47,66000,-1.5(-2.22 %),229300,15206270000,0,0,67000,68000,66000
2010-06-28,10.71,67500,1.5(2.27 %),119190,8045585000,0,0,66000,68000,66000
2010-06-29,10.94,69000,1.5(2.22 %),137180,9398495000,0,0,68000,69000,67500
2010-06-30,11.02,69500,0.5(0.72 %),187370,12816810000,0,0,67500,69500,67000
2010-07-01,10.86,68500,-1(-1.44 %),186030,12752190000,0,0,69500,69500,68000
2010-07-02,10.86,68500,0(0.00 %),139070,9519295000,0,0,68500,68500,68000
2010-07-05,11.18,70500,2(2.92 %),184310,12861830000,0,0,68500,70500,68500
2010-07-06,11.18,70500,0(0.00 %),152510,10697375000,0,0,70500,70500,69500
2010-07-07,11.02,69500,-1(-1.42 %),101480,7107770000,0,0,70500,71500,69500
2010-07-08,11.02,69500,0(0.00 %),126410,8824305000,0,0,70000,70500,69500
2010-07-09,11.02,69500,0(0.00 %),23090,1608040000,0,0,69500,70500,69500
2010-07-12,10.86,68500,-1(-1.44 %),133160,9070645000,0,0,70000,70000,67500
2010-07-13,11.02,69500,1(1.46 %),136290,9397195000,0,0,68500,69500,68000
2010-07-14,10.86,68500,-1(-1.44 %),141580,9802135000,0,0,71000,71000,68500
2010-07-15,10.71,67500,-1(-1.46 %),132090,8960695000,0,0,68500,70000,67500
2010-07-16,10.71,67500,0(0.00 %),103720,6994210000,0,0,67500,69500,67000
2010-07-19,10.94,69000,1.5(2.22 %),116870,7897920000,0,0,67000,69000,67000
2010-07-20,10.71,67500,-1.5(-2.17 %),98090,6648450000,0,0,68000,69000,67500
2010-07-21,10.94,69000,1.5(2.22 %),29610,2030710000,0,0,69000,69000,68000
2010-07-22,10.86,68500,-0.5(-0.72 %),75160,5136720000,0,0,67500,68500,67500
2010-07-23,10.94,69000,0.5(0.73 %),79570,5487045000,0,0,68500,69500,68500
2010-07-26,10.79,68000,-1(-1.45 %),90350,6207585000,350000,23975000000,68000,69500,68000
2010-07-27,10.94,69000,1(1.47 %),105180,7240410000,400000,27600000000,68000,69000,68000
2010-07-28,10.79,68000,-1(-1.45 %),116950,7989975000,0,0,69000,69000,67500
2010-07-29,10.71,67500,-0.5(-0.74 %),92660,6271430000,0,0,68000,68000,67500
2010-07-30,10.79,68000,0.5(0.74 %),83390,5670195000,0,0,68000,68500,67000
2010-08-02,10.86,68500,0.5(0.74 %),69950,4796960000,0,0,69000,69000,67000
2010-08-03,10.79,68000,-0.5(-0.73 %),127240,8728390000,0,0,68000,69500,68000
2010-08-04,10.79,68000,0(0.00 %),65650,4463540000,0,0,68500,68500,67500
2010-08-05,10.79,68000,0(0.00 %),109720,7456095000,0,0,68500,68500,67500
2010-08-06,10.79,68000,0(0.00 %),70650,4801690000,0,0,68500,68500,67000
2010-08-09,10.79,68000,0(0.00 %),71090,4832590000,0,0,68500,68500,67000
2010-08-10,10.63,67000,-1(-1.47 %),129620,8677390000,0,0,67500,67500,66500
2010-08-11,10.79,68000,1(1.49 %),98620,6667335000,0,0,67000,68000,66000
2010-08-12,10.55,66500,-1.5(-2.21 %),123390,8245650000,102990,6694350000,68000,68000,66000
2010-08-13,10.63,67000,0.5(0.75 %),141490,9435800000,0,0,66500,67000,66000
2010-08-16,10.63,67000,0(0.00 %),80080,5365360000,0,0,67000,67000,67000
2010-08-17,10.63,67000,0(0.00 %),84010,5620430000,0,0,67000,67000,66500
2010-08-18,10.39,65500,-1.5(-2.24 %),99710,6566120000,20640,1434480000,67000,67000,64500
2010-08-19,10.31,65000,-0.5(-0.76 %),83370,5425985000,0,0,65000,66500,64500
2010-08-20,10.39,65500,0.5(0.77 %),47520,3107840000,0,0,66000,66500,62500
2010-08-23,10.39,65500,0(0.00 %),55680,3648095000,0,0,65500,66000,65000
2010-08-24,9.91,62500,-3(-4.58 %),79650,5049135000,0,0,66000,66000,62500
2010-08-25,9.52,60000,-2.5(-4.00 %),77450,4652175000,0,0,60000,64000,59500
2010-08-26,9.68,61000,1(1.67 %),98860,6017085000,0,0,58500,62000,58500
2010-08-27,9.68,61000,0(0.00 %),83900,5104210000,0,0,61000,61500,60000
2010-08-30,9.83,62000,1(1.64 %),131600,8137530000,30000,1920000000,61500,62000,61500
2010-08-31,9.99,63000,1(1.61 %),383410,24128850000,0,0,63000,63500,62500
2010-09-01,9.99,63000,0(0.00 %),70650,4419795000,0,0,63000,63000,62000
2010-09-06,9.99,63000,0(0.00 %),146690,9235870000,0,0,63000,64500,62500
2010-09-07,9.75,61500,-1.5(-2.38 %),168790,10525670000,100000,6500000000,63000,63500,61500
2010-09-08,9.44,59500,-2(-3.25 %),128020,7695355000,0,0,62000,62000,59500
2010-09-09,9.83,62000,2.5(4.20 %),105610,6509950000,0,0,60000,62000,60000
2010-09-10,9.6,60500,-1.5(-2.42 %),83060,5125570000,0,0,64000,64000,60500
2010-09-13,9.6,60500,0(0.00 %),48530,2935695000,0,0,61500,61500,59000
2010-09-14,9.2,58000,-2.5(-4.13 %),341010,19790740000,0,0,59500,60500,57500
2010-09-15,8.88,56000,-2(-3.45 %),252500,14106785000,0,0,58000,58000,55500
2010-09-16,8.96,56500,0.5(0.89 %),485630,26212330000,0,0,54000,57000,53500
2010-09-17,9.04,57000,0.5(0.88 %),266140,15026970000,0,0,54500,57500,54500
2010-09-20,9.12,57500,0.5(0.88 %),307750,17326410000,0,0,55500,58500,55500
2010-09-21,8.72,55000,-2.5(-4.35 %),623660,34705440000,0,0,58000,58000,55000
2010-09-22,8.72,55000,0(0.00 %),254520,14007205000,0,0,55000,56000,53500
2010-09-23,8.8,55500,0.5(0.91 %),169830,9338030000,0,0,54000,55500,54000
2010-09-24,8.96,56500,1(1.80 %),78260,4374120000,0,0,55500,56500,55000
2010-09-27,9.12,57500,1(1.77 %),129040,7350385000,0,0,56500,57500,56000
2010-09-28,9.52,60000,2.5(4.35 %),375150,22316065000,0,0,57000,60000,57000
2010-09-29,9.75,61500,1.5(2.50 %),553030,34292640000,0,0,62000,63000,61500
2010-09-30,9.68,61000,-0.5(-0.81 %),138730,8412615000,0,0,59500,61500,59500
2010-10-01,9.36,59000,-2(-3.28 %),92550,5541575000,0,0,61500,61500,58500
2010-10-04,9.36,59000,0(0.00 %),239990,14186335000,0,0,60000,60000,57000
2010-10-05,9.68,61000,2(3.39 %),279060,16623765000,0,0,59000,61000,58000
2010-10-06,10.15,64000,3(4.92 %),241960,15230630000,0,0,60000,64000,60000
2010-10-07,10.31,65000,1(1.56 %),397490,26173845000,0,0,63000,67000,63000
2010-10-08,10.39,65500,0.5(0.77 %),128750,8375450000,0,0,62000,66000,62000
2010-10-11,10.39,65500,0(0.00 %),92940,6029535000,0,0,65500,65500,63000
2010-10-12,10.31,65000,-0.5(-0.76 %),58240,3781515000,0,0,65000,65500,64500
2010-10-13,10.31,65000,0(0.00 %),138430,8962370000,0,0,63000,65000,63000
2010-10-14,10.55,66500,1.5(2.31 %),187470,12406165000,0,0,65000,67000,65000
2010-10-15,10.23,64500,-2(-3.01 %),80750,5227145000,0,0,65000,67000,63500
2010-10-18,9.99,63000,-1.5(-2.33 %),105250,6668900000,0,0,63000,65500,62500
2010-10-19,10.31,65000,2(3.17 %),125270,8112970000,0,0,65000,65500,63000
2010-10-20,10.07,63500,-1.5(-2.31 %),67330,4287440000,0,0,63500,65000,63000
2010-10-21,10.31,65000,1.5(2.36 %),84490,5438315000,0,0,63500,65000,63500
2010-10-22,10.47,66000,1(1.54 %),154290,10107895000,0,0,65000,66000,63500
2010-10-25,10.94,69000,3(4.55 %),171410,11574230000,0,0,66000,69000,66000
2010-10-26,11.1,70000,1(1.45 %),132570,9201385000,312916,21904120000,69000,70000,69000
2010-10-27,10.79,68000,-2(-2.86 %),79360,5385140000,0,0,68000,70000,67000
2010-10-28,10.71,67500,-0.5(-0.74 %),170510,11584450000,35000,2377900000,66000,69000,66000
2010-10-29,10.71,67500,0(0.00 %),86840,5863275000,0,0,68000,68000,67000
2010-11-01,10.71,67500,0(0.00 %),67060,4516855000,400000,27000000000,66000,68000,66000
2010-11-02,10.71,67500,0(0.00 %),99530,6660400000,400000,27000000000,65500,67500,65500
2010-11-03,10.79,68000,0.5(0.74 %),91240,6168235000,0,0,65500,68000,65500
2010-11-04,11.02,69500,1.5(2.21 %),238550,16360195000,0,0,67000,69500,67000
2010-11-05,11.34,71500,2(2.88 %),147440,10511675000,0,0,68500,72000,68500
2010-11-08,11.9,75000,3.5(4.90 %),254520,18853160000,0,0,72000,75000,72000
2010-11-09,11.82,74500,-0.5(-0.67 %),220010,16417870000,0,0,75000,75000,74000
2010-11-10,11.74,74000,-0.5(-0.67 %),292630,21643340000,0,0,73000,75000,73000
2010-11-11,11.9,75000,1(1.35 %),223760,16674685000,0,0,73500,75000,73500
2010-11-12,11.58,73000,-2(-2.67 %),157260,11534670000,0,0,73500,75000,71500
2010-11-15,11.5,72500,-0.5(-0.68 %),81540,5993990000,0,0,74500,75000,71500
2010-11-16,11.42,72000,-0.5(-0.69 %),194400,13989455000,0,0,72500,74000,71000
2010-11-17,11.5,72500,0.5(0.69 %),272530,19791345000,271696,18747024000,71000,73500,71000
2010-11-18,11.5,72500,0(0.00 %),236600,17178180000,0,0,72500,73500,71000
2010-11-19,11.66,73500,1(1.38 %),124280,9067895000,0,0,72500,73500,72000
2010-11-22,11.66,73500,0(0.00 %),156270,11460100000,400000,29400000000,73500,73500,72500
2010-11-23,12.21,77000,3.5(4.76 %),148130,11145765000,0,0,73500,77000,73000
2010-11-24,12.45,78500,1.5(1.95 %),94650,7390990000,0,0,77000,80000,76000
2010-11-25,12.53,79000,0.5(0.64 %),129800,10211790000,0,0,80000,80000,78000
2010-11-26,12.53,79000,0(0.00 %),101830,8004210000,0,0,80000,80000,77500
2010-11-29,12.85,81000,2(2.53 %),169970,13615565000,0,0,80500,81000,78500
2010-11-30,12.85,81000,0(0.00 %),106080,8585060000,0,0,80000,81500,80000
2010-12-01,12.77,80500,-0.5(-0.62 %),111500,8967295000,0,0,81000,81000,80000
2010-12-02,12.77,80500,0(0.00 %),166650,13417670000,0,0,79000,81000,79000
2010-12-03,12.77,80500,0(0.00 %),132790,10747995000,0,0,82000,82000,80500
2010-12-06,13.01,82000,1.5(1.86 %),259520,21145395000,0,0,79000,82000,79000
2010-12-07,13.64,86000,4(4.88 %),215150,18353515000,0,0,84000,86000,82500
2010-12-08,14.12,89000,3(3.49 %),255060,22644355000,0,0,88000,90000,82000
2010-12-09,14.27,90000,1(1.12 %),203300,18146025000,180000,16020000000,86000,90000,86000
2010-12-10,14.99,94500,4.5(5.00 %),292490,26963905000,18042440,1578713500000,90500,94500,87000
2010-12-13,15.7,99000,4.5(4.76 %),501360,49620995000,0,0,98500,99000,96000
2010-12-14,16.34,103000,4(4.04 %),397770,40739760000,0,0,102000,103000,100000
2010-12-15,16.97,107000,4(3.88 %),348760,37651900000,137820,14878909000,103000,108000,103000
2010-12-16,16.18,102000,-5(-4.67 %),201840,20852700000,0,0,107000,107000,102000
2010-12-17,15.38,97000,-5(-4.90 %),153530,14968680000,0,0,97500,101000,97000
2010-12-20,14.67,92500,-4.5(-4.64 %),174940,16361785000,0,0,95500,97000,92500
2010-12-21,14.67,92500,0(0.00 %),447630,39671840000,0,0,89000,93000,88000
2010-12-22,14.75,93000,0.5(0.54 %),103690,9591450000,600000,58200000000,95000,95000,88500
2010-12-23,14.43,91000,-2(-2.15 %),224110,20710835000,0,0,94000,94000,91000
2010-12-24,14.27,90000,-1(-1.10 %),188980,17062555000,0,0,88000,92000,88000
2010-12-27,14.12,89000,-1(-1.11 %),230850,20673465000,0,0,90000,90500,89000
2010-12-28,14.43,91000,2(2.25 %),92730,8339685000,0,0,87500,91000,87500
2010-12-29,14.91,94000,3(3.30 %),136580,12753425000,0,0,92500,94000,91500
2010-12-30,15.23,96000,2(2.13 %),103890,10072685000,0,0,94000,98500,94000
2010-12-31,15.46,97500,1.5(1.56 %),90740,8862775000,0,0,96000,100000,96000
2011-01-04,15.31,96500,-1(-1.03 %),224360,21701555000,0,0,96000,98000,95500
2011-01-05,15.31,96500,0(0.00 %),77770,7554240000,0,0,98000,98000,96000
2011-01-06,15.23,96000,-0.5(-0.52 %),136200,13088040000,0,0,94000,97000,94000
2011-01-07,15.15,95500,-0.5(-0.52 %),343910,32834480000,0,0,96000,96500,94000
2011-01-10,15.31,96500,1(1.05 %),188760,18207580000,0,0,97000,97000,95000
2011-01-11,15.31,96500,0(0.00 %),354510,34062715000,0,0,97500,97500,95500
2011-01-12,15.23,96000,-0.5(-0.52 %),327520,31446005000,0,0,96500,97000,95500
2011-01-13,15.62,98500,2.5(2.60 %),81190,7820945000,0,0,96000,98500,95500
2011-01-14,15.23,96000,-2.5(-2.54 %),269460,26063920000,0,0,99000,99000,96000
2011-01-17,15.07,95000,-1(-1.04 %),146170,13884105000,0,0,96500,96500,93000
2011-01-18,14.43,91000,-4(-4.21 %),209380,19423365000,0,0,95500,95500,91000
2011-01-19,14.35,90500,-0.5(-0.55 %),215470,19772400000,0,0,93000,93500,89000
2011-01-20,14.35,90500,0(0.00 %),63700,5784635000,0,0,92000,92000,90000
2011-01-21,14.27,90000,-0.5(-0.55 %),110780,9994310000,0,0,89500,92000,89500
2011-01-24,13.96,88000,-2(-2.22 %),45150,4007810000,0,0,92000,92000,88000
2011-01-25,14.43,91000,3(3.41 %),46270,4207360000,0,0,90500,91500,89000
2011-01-26,14.27,90000,-1(-1.10 %),15700,1424300000,0,0,92000,92000,90000
2011-01-27,14.27,90000,0(0.00 %),9470,853280000,0,0,91500,91500,89500
2011-01-28,14.99,94500,4.5(5.00 %),67030,6283905000,0,0,90000,94500,90000
2011-02-08,15.38,97000,2.5(2.65 %),167690,16115195000,0,0,95000,97000,94500
2011-02-09,15.7,99000,2(2.06 %),183610,17942675000,73430,7122710000,97000,100000,97000
2011-02-10,15.7,99000,0(0.00 %),178010,17603930000,0,0,98000,100000,97000
2011-02-11,16.02,101000,2(2.02 %),218050,21792530000,20000,2040000000,99000,102000,98000
2011-02-14,16.81,106000,5(4.95 %),284840,30075510000,25000,2650000000,103000,106000,103000
2011-02-15,17.29,109000,3(2.83 %),255250,27720720000,0,0,106000,111000,106000
2011-02-16,17.29,109000,0(0.00 %),256390,27934990000,0,0,110000,110000,108000
2011-02-17,16.5,104000,-5(-4.59 %),270500,28497490000,0,0,106000,107000,104000
2011-02-18,16.65,105000,1(0.96 %),292640,30365050000,0,0,104000,105000,102000
2011-02-21,16.02,101000,-4(-3.81 %),284540,29148420000,0,0,105000,105000,100000
2011-02-22,15.7,99000,-2(-1.98 %),180730,17614495000,0,0,97000,104000,96500
2011-02-23,16.34,103000,4(4.04 %),579360,58513250000,0,0,100000,103000,99000
2011-02-24,16.65,105000,2(1.94 %),376880,39336150000,0,0,103000,106000,103000
2011-02-25,17.13,108000,3(2.86 %),319760,34114490000,0,0,103000,109000,103000
2011-02-28,16.97,107000,-1(-0.93 %),335190,36627930000,0,0,108000,112000,107000
2011-03-01,17.61,111000,4(3.74 %),589450,64396020000,0,0,107000,112000,107000
2011-03-02,18.4,116000,5(4.50 %),555610,62607740000,0,0,112000,116000,110000
2011-03-03,19.03,120000,4(3.45 %),414520,48632300000,0,0,115000,120000,115000
2011-03-04,19.67,124000,4(3.33 %),375430,45690720000,0,0,120000,125000,118000
2011-03-07,20.3,128000,4(3.23 %),370820,46489710000,0,0,128000,128000,123000
2011-03-08,20.46,129000,1(0.78 %),401950,51712410000,0,0,125000,130000,125000
2011-03-09,19.98,126000,-3(-2.33 %),759970,97546020000,0,0,129000,129000,126000
2011-03-10,19.67,124000,-2(-1.59 %),110130,13920230000,312916,37549920000,123000,128000,123000
2011-03-11,20.62,130000,6(4.84 %),212320,27381960000,0,0,123000,130000,123000
2011-03-14,19.83,125000,-5(-3.85 %),77200,9895240000,0,0,124000,133000,124000
2011-03-15,18.87,119000,-6(-4.80 %),96350,11568950000,0,0,125000,125000,119000
2011-03-16,18.4,116000,-3(-2.52 %),264380,30645440000,0,0,119000,119000,114000
2011-03-17,18.72,118000,2(1.72 %),34310,4048150000,0,0,116000,120000,114000
2011-03-18,18.56,117000,-1(-0.85 %),116970,13688300000,0,0,118000,121000,116000
2011-03-21,19.19,121000,4(3.42 %),79710,9587220000,0,0,117000,122000,117000
2011-03-22,18.4,116000,-5(-4.13 %),62910,7510320000,0,0,122000,124000,116000
2011-03-23,19.03,120000,4(3.45 %),36020,4302850000,0,0,119000,120000,117000
2011-03-24,19.51,123000,3(2.50 %),39510,4838840000,0,0,119000,123000,119000
2011-03-25,19.03,120000,-3(-2.44 %),34560,4227400000,0,0,124000,125000,120000
2011-03-28,19.35,122000,2(1.67 %),64480,7815190000,0,0,120000,123000,114000
2011-03-29,19.83,125000,3(2.46 %),50120,6246380000,100000,12400000000,124000,125000,123000
2011-03-30,20.78,131000,6(4.80 %),104320,13536600000,0,0,127000,131000,126000
2011-03-31,20.78,131000,0(0.00 %),77700,10400120000,0,0,135000,136000,130000
2011-04-01,20.78,131000,0(0.00 %),57830,7640000000,0,0,133000,135000,130000
2011-04-04,20.62,130000,-1(-0.76 %),23700,3107770000,0,0,132000,132000,129000
2011-04-05,20.78,131000,1(0.77 %),35360,4639980000,0,0,132000,132000,129000
2011-04-06,20.78,131000,0(0.00 %),58560,7664060000,0,0,132000,132000,130000
2011-04-07,21.09,133000,2(1.53 %),61320,8092170000,500000,62500000000,131000,133000,131000
2011-04-08,21.25,134000,1(0.75 %),84740,11386680000,0,0,135000,135000,133000
2011-04-13,21.41,135000,1(0.75 %),65640,8858020000,0,0,134000,136000,134000
2011-04-14,21.41,135000,0(0.00 %),71840,9671520000,0,0,134000,135000,133000
2011-04-15,21.25,134000,-1(-0.74 %),133350,17855320000,0,0,133000,135000,133000
2011-04-18,21.09,133000,-1(-0.75 %),58420,7782740000,0,0,132000,134000,132000
2011-04-19,21.25,134000,1(0.75 %),108050,14486660000,0,0,133000,135000,133000
2011-04-20,21.41,135000,1(0.75 %),153070,20594450000,0,0,134000,135000,133000
2011-04-21,21.57,136000,1(0.74 %),201490,27518990000,0,0,135000,138000,135000
2011-04-22,21.25,134000,-2(-1.47 %),127730,17252440000,0,0,135000,137000,134000
2011-04-25,20.94,132000,-2(-1.49 %),101520,13371660000,0,0,130000,134000,130000
2011-04-26,20.3,128000,-4(-3.03 %),139450,17772460000,0,0,127000,130000,127000
2011-04-27,21.25,134000,6(4.69 %),130270,16943100000,0,0,128000,134000,128000
2011-04-28,21.09,133000,-1(-0.75 %),107270,14249030000,0,0,133000,134000,132000
2011-04-29,21.25,134000,1(0.75 %),29220,3908920000,0,0,134000,134000,132000
2011-05-04,21.25,134000,0(0.00 %),127280,16998520000,0,0,134000,134000,133000
2011-05-05,21.25,134000,0(0.00 %),48900,6520020000,0,0,134000,134000,132000
2011-05-06,20.94,132000,-2(-1.49 %),159790,20898940000,26000,3328000000,132000,133000,128000
2011-05-09,20.78,131000,-1(-0.76 %),105270,13782290000,0,0,130000,132000,130000
2011-05-10,20.94,132000,1(0.76 %),87300,11487910000,0,0,131000,134000,131000
2011-05-11,20.94,132000,0(0.00 %),129230,17027250000,0,0,132000,133000,131000
2011-05-12,20.94,132000,0(0.00 %),119730,15795410000,0,0,133000,133000,131000
2011-05-13,20.62,130000,-2(-1.52 %),159110,20692590000,0,0,132000,132000,128000
2011-05-16,19.67,124000,-6(-4.62 %),46450,5915410000,0,0,131000,132000,124000
2011-05-17,18.72,118000,-6(-4.84 %),207090,25763900000,0,0,127000,128000,118000
2011-05-18,17.92,113000,-5(-4.24 %),45690,5162970000,0,0,113000,113000,113000
2011-05-19,17.13,108000,-5(-4.42 %),47200,5097600000,40000,4320000000,108000,108000,108000
2011-05-20,17.29,109000,1(0.93 %),489150,51652260000,0,0,103000,109000,103000
2011-05-23,16.97,107000,-2(-1.83 %),310070,33302810000,0,0,111000,113000,104000
2011-05-24,16.18,102000,-5(-4.67 %),336060,34510190000,0,0,104000,106000,102000
2011-05-25,15.38,97000,-5(-4.90 %),840600,82475240000,0,0,97000,102000,97000
2011-05-26,15.38,97000,0(0.00 %),977830,91465360000,0,0,92500,97000,92500
2011-05-27,16.02,101000,4(4.12 %),131580,13230250000,0,0,100000,101000,99000
2011-05-30,16.81,106000,5(4.95 %),88400,9347630000,0,0,105000,106000,103000
2011-05-31,17.61,111000,5(4.72 %),54240,6008230000,0,0,107000,111000,107000
2011-06-01,18.4,116000,5(4.50 %),64200,7442810000,44330,5142280000,115000,116000,115000
2011-06-02,19.19,121000,5(4.31 %),18280,2211880000,0,0,121000,121000,121000
2011-06-03,19.19,121000,0(0.00 %),244790,30206980000,0,0,127000,127000,115000
2011-06-06,18.24,115000,-6(-4.96 %),53700,6259950000,0,0,119000,121000,115000
2011-06-07,17.45,110000,-5(-4.35 %),180380,20449460000,0,0,117000,119000,110000
2011-06-08,17.45,110000,0(0.00 %),106270,11386720000,0,0,113000,113000,105000
2011-06-09,17.92,113000,3(2.73 %),24500,2720870000,0,0,112000,113000,108000
2011-06-10,17.92,113000,0(0.00 %),72400,8181920000,115000,12420000000,113000,116000,112000
2011-06-13,18.72,118000,5(4.42 %),81300,9593400000,135000,15930000000,118000,118000,118000
2011-06-14,19.51,123000,5(4.24 %),274280,33712380000,0,0,123000,123000,121000
2011-06-15,20.46,129000,6(4.88 %),105290,13582410000,0,0,129000,129000,129000
2011-06-16,21.44,129000,5.9(4.79 %),289380,37315120000,0,0,129000,129000,128000
2011-06-17,22.43,135000,6(4.65 %),394170,52483210000,25000,3350000000,134000,135000,130000
2011-06-20,21.44,129000,-6(-4.44 %),274980,35902140000,0,0,129000,133000,129000
2011-06-21,21.94,132000,3(2.33 %),220520,28727450000,0,0,125000,132000,125000
2011-06-22,20.94,126000,-6(-4.55 %),239540,31045590000,50000,6500000000,130000,131000,126000
2011-06-23,21.6,130000,4(3.17 %),43270,5617500000,0,0,126000,131000,126000
2011-06-24,21.6,130000,0(0.00 %),46150,6013510000,0,0,130000,131000,130000
2011-06-27,22.27,134000,4(3.08 %),67400,8925460000,0,0,128000,134000,128000
2011-06-28,22.27,134000,0(0.00 %),33010,4422440000,0,0,135000,135000,133000
2011-06-29,22.27,134000,0(0.00 %),84900,11376000000,0,0,134000,134000,133000
2011-06-30,22.77,137000,3(2.24 %),141850,19186460000,0,0,134000,137000,134000
2011-07-01,22.1,133000,-4(-2.92 %),115910,15403930000,0,0,133000,134000,132000
2011-07-04,22.1,133000,0(0.00 %),88360,11763060000,0,0,133000,134000,133000
2011-07-05,22.1,133000,0(0.00 %),6430,856410000,0,0,133000,134000,133000
2011-07-06,22.27,134000,1(0.75 %),9500,1273000000,98500,13100500000,134000,134000,134000
2011-07-07,22.6,136000,2(1.49 %),64730,8773240000,0,0,135000,137000,134000
2011-07-08,22.27,134000,-2(-1.47 %),25080,3352560000,0,0,134000,134000,133000
2011-07-11,22.1,133000,-1(-0.75 %),56550,7521150000,0,0,133000,133000,133000
2011-07-12,21.6,130000,-3(-2.26 %),99110,12831740000,500000,65900000000,130000,131000,128000
2011-07-13,20.94,126000,-4(-3.08 %),197300,25126690000,220000,28460000000,130000,130000,126000
2011-07-14,20.11,121000,-5(-3.97 %),277980,33676370000,200000,24200000000,126000,126000,121000
2011-07-15,19.78,119000,-2(-1.65 %),87390,10440750000,347870,41644400000,123000,123000,118000
2011-07-18,20.61,124000,5(4.20 %),222350,26741670000,100000,11990000000,117000,124000,117000
2011-07-19,20.27,122000,-2(-1.61 %),6990,847760000,0,0,124000,124000,119000
2011-07-20,20.27,122000,0(0.00 %),73770,8998660000,0,0,124000,124000,121000
2011-07-21,20.11,121000,-1(-0.82 %),81920,9892690000,0,0,122000,122000,119000
2011-07-22,19.28,116000,-5(-4.13 %),58460,6864010000,0,0,119000,119000,116000
2011-07-25,19.44,117000,1(0.86 %),19830,2300000000,0,0,116000,117000,115000
2011-07-26,20.11,121000,4(3.42 %),76600,9159850000,0,0,117000,121000,117000
2011-07-27,20.27,122000,1(0.83 %),110090,13435190000,0,0,122000,123000,122000
2011-07-28,19.94,120000,-2(-1.64 %),12620,1507390000,0,0,120000,120000,119000
2011-07-29,19.11,115000,-5(-4.17 %),136390,15663010000,0,0,118000,120000,114000
2011-08-01,18.78,113000,-2(-1.74 %),101150,11429870000,0,0,115000,115000,111000
2011-08-02,17.95,108000,-5(-4.42 %),25560,2774240000,1270000,139700000000,110000,111000,108000
2011-08-03,17.45,105000,-3(-2.78 %),150050,15557700000,0,0,103000,105000,103000
2011-08-04,16.62,100000,-5(-4.76 %),153630,15617500000,1400000,147000000000,105000,105000,100000
2011-08-05,17.28,104000,4(4.00 %),142460,14782820000,70000,7140000000,100000,105000,100000
2011-08-08,17.28,104000,0(0.00 %),250580,25475000000,0,0,104000,104000,100000
2011-08-09,17.62,106000,2(1.92 %),71650,7439890000,80000,8240000000,101000,106000,101000
2011-08-10,16.78,101000,-5(-4.72 %),228810,23479970000,0,0,106000,107000,101000
2011-08-11,16.78,101000,0(0.00 %),232520,23342685000,0,0,98000,103000,98000
2011-08-12,16.78,101000,0(0.00 %),110650,11262200000,0,0,101000,104000,101000
2011-08-15,17.12,103000,2(1.98 %),73160,7532580000,0,0,101000,104000,101000
2011-08-16,17.12,103000,0(0.00 %),134090,13817020000,47050,4799100000,102000,104000,102000
2011-08-17,17.12,103000,0(0.00 %),162430,16739960000,0,0,104000,104000,102000
2011-08-18,17.95,108000,5(4.85 %),118100,12715560000,0,0,106000,108000,103000
2011-08-19,17.62,106000,-2(-1.85 %),127400,13518400000,0,0,109000,109000,105000
2011-08-22,17.95,108000,2(1.89 %),45930,4930120000,0,0,105000,108000,105000
2011-08-23,17.62,106000,-2(-1.85 %),52450,5603910000,0,0,108000,108000,106000
2011-08-24,16.78,101000,-5(-4.72 %),200620,20616760000,0,0,105000,108000,101000
2011-08-25,17.45,105000,4(3.96 %),82350,8611950000,0,0,103000,106000,103000
2011-08-26,17.78,107000,2(1.90 %),38140,4055040000,0,0,106000,107000,105000
2011-08-29,17.95,108000,1(0.93 %),107950,11621450000,0,0,105000,108000,104000
2011-08-30,18.78,113000,5(4.63 %),30130,3363790000,0,0,110000,113000,110000
2011-08-31,19.61,118000,5(4.42 %),55990,6458930000,0,0,116000,118000,113000
2011-09-01,20.44,123000,5(4.24 %),76680,9342460000,0,0,121000,123000,120000
2011-09-05,19.78,119000,-4(-3.25 %),75340,9022510000,0,0,123000,123000,117000
2011-09-06,19.28,116000,-3(-2.52 %),86280,10094730000,0,0,117000,118000,116000
2011-09-07,19.28,116000,0(0.00 %),98070,11401090000,0,0,116000,117000,115000
2011-09-08,19.61,118000,2(1.72 %),71330,8512660000,0,0,120000,120000,118000
2011-09-09,20.27,122000,4(3.39 %),54440,6603100000,0,0,118000,122000,118000
2011-09-12,19.28,116000,-6(-4.92 %),145020,16892640000,0,0,122000,122000,116000
2011-09-13,18.45,111000,-5(-4.31 %),426930,47649180000,0,0,115000,116000,111000
2011-09-14,17.78,107000,-4(-3.60 %),563570,60142350000,0,0,111000,111000,106000
2011-09-15,17.78,107000,0(0.00 %),422260,43803720000,26150,2798050000,110000,111000,102000
2011-09-16,16.95,102000,-5(-4.67 %),556050,56914290000,0,0,108000,108000,102000
2011-09-19,17.12,103000,1(0.98 %),280520,28587180000,0,0,100000,104000,99000
2011-09-20,17.78,107000,4(3.88 %),308800,32464890000,0,0,103000,108000,101000
2011-09-21,17.45,105000,-2(-1.87 %),146760,15438630000,0,0,107000,107000,104000
2011-09-22,17.28,104000,-1(-0.95 %),223130,23043760000,480000,49920000000,104000,105000,102000
2011-09-23,16.78,101000,-3(-2.88 %),452650,45500160000,0,0,102000,103000,99000
2011-09-26,16.78,101000,0(0.00 %),173060,17377785000,340000,34200000000,100000,102000,99000
2011-09-27,16.62,100000,-1(-0.99 %),150920,15129610000,0,0,100000,102000,99000
2011-09-28,16.45,99000,-1(-1.00 %),167040,16604370000,165000,16335000000,101000,101000,99000
2011-09-29,16.62,100000,1(1.01 %),317200,31779700000,610000,59780000000,99000,103000,96500
2011-09-30,16.62,100000,0(0.00 %),175980,17647280000,0,0,99000,102000,99000
2011-10-03,16.2,97500,-2.5(-2.50 %),104470,10283145000,0,0,100000,100000,97500
2011-10-04,15.7,94500,-3(-3.08 %),141870,13520050000,0,0,96500,97500,94000
2011-10-05,15.37,92500,-2(-2.12 %),576500,52964365000,50000,4625000000,94500,96000,90000
2011-10-06,15.62,94000,1.5(1.62 %),261240,24214295000,25000,2312500000,92500,94000,91000
2011-10-07,15.37,92500,-1.5(-1.60 %),81960,7637385000,0,0,94000,94000,92500
2011-10-10,15.87,95500,3(3.24 %),103850,9762185000,0,0,92000,96000,92000
2011-10-11,15.62,94000,-1.5(-1.57 %),63040,5939675000,0,0,95500,96000,93500
2011-10-12,15.37,92500,-1.5(-1.60 %),90340,8344345000,0,0,92500,93500,91000
2011-10-13,15.46,93000,0.5(0.54 %),108290,10036815000,0,0,92500,94000,92000
2011-10-14,15.54,93500,0.5(0.54 %),68540,6425715000,0,0,93000,94000,93000
2011-10-17,15.54,93500,0(0.00 %),48520,4519480000,0,0,93500,93500,92500
2011-10-18,15.21,91500,-2(-2.14 %),57200,5261735000,0,0,93000,93000,91500
2011-10-19,14.62,88000,-3.5(-3.83 %),243400,21611395000,0,0,91500,92000,87500
2011-10-20,14.54,87500,-0.5(-0.57 %),232250,20037090000,0,0,87000,88000,84500
2011-10-21,14.96,90000,2.5(2.86 %),148520,13258495000,29380,2622841000,86500,90500,86500
2011-10-24,15.12,91000,1(1.11 %),62290,5695195000,53200,4865836000,91500,92500,91000
2011-10-25,15.04,90500,-0.5(-0.55 %),83940,7570085000,0,0,91000,91000,89500
2011-10-26,15.29,92000,1.5(1.66 %),77290,7039635000,0,0,90000,92000,89500
2011-10-27,15.29,92000,0(0.00 %),37240,3419740000,0,0,92000,92000,91000
2011-10-28,15.54,93500,1.5(1.63 %),95910,8914425000,0,0,92500,95000,91500
2011-10-31,15.54,93500,0(0.00 %),64510,6082210000,0,0,95000,96000,93500
2011-11-01,15.12,91000,-2.5(-2.67 %),64370,5873950000,0,0,92000,92000,89500
2011-11-02,14.71,88500,-2.5(-2.75 %),110370,9777855000,0,0,90000,90000,86500
2011-11-03,14.87,89500,1(1.13 %),70800,6291105000,0,0,89000,89500,87000
2011-11-04,14.87,89500,0(0.00 %),73000,6577070000,0,0,89500,91000,89500
2011-11-07,14.96,90000,0.5(0.56 %),80540,7216810000,0,0,89000,90000,88000
2011-11-08,14.96,90000,0(0.00 %),58800,5291925000,0,0,89000,90500,89000
2011-11-09,14.87,89500,-0.5(-0.56 %),75680,6811285000,1108738,99232051000,90500,91000,89500
2011-11-10,14.87,89500,0(0.00 %),62180,5562825000,1400000,125300000000,89500,90000,89000
2011-11-11,14.87,89500,0(0.00 %),88850,7964015000,664210,59446795000,89500,90000,88500
2011-11-14,14.21,85500,-4(-4.47 %),174230,15122925000,0,0,89500,90000,85500
2011-11-15,13.54,81500,-4(-4.68 %),333190,27317070000,0,0,86000,87000,81500
2011-11-16,13.71,82500,1(1.23 %),618200,50768420000,0,0,81500,84500,81000
2011-11-17,13.88,83500,1(1.21 %),209550,17459625000,0,0,83000,84000,82500
2011-11-18,13.63,82000,-1.5(-1.80 %),119300,9762535000,0,0,84000,84000,81000
2011-11-21,13.46,81000,-1(-1.22 %),138470,11257075000,0,0,82000,82500,80500
2011-11-22,13.63,82000,1(1.23 %),87040,7099795000,0,0,81000,82500,79500
2011-11-23,13.96,84000,2(2.44 %),118520,9905395000,0,0,82500,84000,82500
2011-11-24,13.29,80000,-4(-4.76 %),170460,13889555000,30000,2444490000,84000,85000,80000
2011-11-25,13.63,82000,2(2.50 %),85570,6973210000,99000,8050117000,80000,82000,80000
2011-11-28,13.71,82500,0.5(0.61 %),109020,8972145000,0,0,83000,84000,80000
2011-11-29,13.88,83500,1(1.21 %),50720,4218875000,0,0,82500,83500,82500
2011-11-30,13.88,83500,0(0.00 %),81690,6805745000,0,0,83500,83500,83000
2011-12-01,14.04,84500,1(1.20 %),39080,3280830000,0,0,83500,84500,83000
2011-12-02,14.54,87500,3(3.55 %),49820,4323505000,921120,80598000000,85000,87500,85000
2011-12-05,15.21,91500,4(4.57 %),65910,5975340000,175000,16012500000,90000,91500,90000
2011-12-06,15.21,91500,0(0.00 %),202420,18683480000,50000,4591020000,93500,94000,91000
2011-12-07,15.12,91000,-0.5(-0.55 %),55130,5006990000,100000,9082200000,91500,91500,88500
2011-12-08,14.38,86500,-4.5(-4.95 %),104660,9156030000,100000,8748400000,91000,91000,86500
2011-12-09,14.13,85000,-1.5(-1.73 %),84510,7099075000,0,0,86500,87500,82500
2011-12-12,14.29,86000,1(1.18 %),24140,2060035000,62670,5348070000,83500,86000,83500
2011-12-13,14.96,90000,4(4.65 %),95850,8606125000,338620,30475800000,88000,90000,88000
2011-12-14,15.7,94500,4.5(5.00 %),62300,5887350000,100000,9450000000,94500,94500,94500
2011-12-15,16.45,99000,4.5(4.76 %),461180,45619915000,1011840,91352160000,99000,99000,97500
2011-12-16,16.12,97000,-2(-2.02 %),904050,90233555000,30000,2910000000,103000,103000,97000
2011-12-19,15.7,94500,-2.5(-2.58 %),78790,7438625000,90000,8626440000,94000,95000,93500
2011-12-20,15.79,95000,0.5(0.53 %),103960,9857960000,1850000,174250000000,92500,97000,92500
2011-12-21,16.54,99500,4.5(4.74 %),618460,61536770000,6520000,633390000000,99500,99500,99500
2011-12-22,17.28,104000,4.5(4.52 %),1184510,122072670000,110000,10780000000,99500,104000,99500
2011-12-23,16.78,101000,-3(-2.88 %),74780,7520565000,70000,7070000000,99000,102000,99000
2011-12-26,16.62,100000,-1(-0.99 %),205350,20559005000,1550000,154850000000,101000,102000,97000
2011-12-27,16.45,99000,-1(-1.00 %),76650,7591195000,225000,22500000000,99500,100000,99000
2011-12-28,16.62,100000,1(1.01 %),156380,15639500000,2150000,206155000000,98000,101000,98000
2011-12-29,16.45,99000,-1(-1.00 %),55850,5529150000,147000,14700000000,99000,99000,99000
2011-12-30,16.54,99500,0.5(0.51 %),76710,7624685000,0,0,99000,100000,99000
2012-01-03,16.37,98500,-1(-1.01 %),39190,3876780000,0,0,99000,101000,98500
2012-01-04,16.45,99000,0.5(0.51 %),38760,3837510000,0,0,99500,100000,98500
2012-01-05,15.7,94500,-4.5(-4.55 %),15860,1507260000,0,0,98500,98500,94500
2012-01-06,15.62,94000,-0.5(-0.53 %),22080,2078105000,0,0,94500,94500,93500
2012-01-09,16.37,98500,4.5(4.79 %),14940,1415565000,95200,9020200000,94000,98500,93000
2012-01-10,16.37,98500,0(0.00 %),21890,2188590000,100000,9998100000,102000,102000,96000
2012-01-11,15.87,95500,-3(-3.05 %),18160,1743250000,52830,5071363000,99000,99000,95000
2012-01-12,15.87,95500,0(0.00 %),35220,3373230000,0,0,97000,97500,95000
2012-01-13,16.04,96500,1(1.05 %),63120,6097695000,0,0,95000,98000,95000
2012-01-16,15.62,94000,-2.5(-2.59 %),36040,3402560000,5102040,499999920000,95500,96500,94000
2012-01-17,16.29,98000,4(4.26 %),36590,3584880000,0,0,93000,98500,93000
2012-01-18,16.54,99500,1.5(1.53 %),19050,1840580000,0,0,100000,100000,94000
2012-01-19,17.28,104000,4.5(4.52 %),72240,7419795000,168000,15960000000,99000,104000,99000
2012-01-20,17.12,103000,-1(-0.96 %),52370,5413700000,2970297,299999997000,105000,105000,103000
2012-01-30,17.95,108000,5(4.85 %),40070,4264420000,0,0,103000,108000,103000
2012-01-31,18.11,109000,1(0.93 %),200100,21837810000,0,0,110000,110000,108000
2012-02-01,18.78,113000,4(3.67 %),60760,6735760000,760000,79040000000,109000,113000,107000
2012-02-02,18.94,114000,1(0.88 %),99860,11387100000,760000,82080000000,113000,116000,110000
2012-02-03,18.94,114000,0(0.00 %),90510,10327420000,0,0,116000,116000,114000
2012-02-06,19.61,118000,4(3.51 %),63650,7306960000,0,0,115000,118000,114000
2012-02-07,19.44,117000,-1(-0.85 %),74480,8770740000,0,0,118000,120000,115000
2012-02-08,19.44,117000,0(0.00 %),81410,9532280000,0,0,116000,118000,115000
2012-02-09,19.44,117000,0(0.00 %),44630,5224220000,0,0,118000,118000,117000
2012-02-10,19.28,116000,-1(-0.85 %),103570,11944120000,0,0,116000,116000,114000
2012-02-13,18.45,111000,-5(-4.31 %),24220,2723430000,2040500,236698000000,114000,114000,111000
2012-02-14,19.11,115000,4(3.60 %),52090,5865060000,1247400,138461400000,109000,115000,109000
2012-02-15,19.11,115000,0(0.00 %),23410,2659490000,1886731,216974065000,112000,117000,112000
2012-02-16,19.11,115000,0(0.00 %),53320,6125640000,1466388,168634620000,117000,117000,113000
2012-02-17,18.94,114000,-1(-0.87 %),24790,2817150000,0,0,112000,117000,112000
2012-02-20,18.78,113000,-1(-0.88 %),12450,1410120000,0,0,115000,117000,110000
2012-02-21,18.78,113000,0(0.00 %),19080,2162370000,0,0,116000,116000,112000
2012-02-22,19.11,115000,2(1.77 %),21970,2509440000,0,0,113000,115000,111000
2012-02-23,19.11,115000,0(0.00 %),58220,6656860000,0,0,114000,115000,113000
2012-02-24,18.61,112000,-3(-2.61 %),41550,4711220000,20000,2200000000,116000,116000,112000
2012-02-27,18.28,110000,-2(-1.79 %),82920,9238790000,20000,2140000000,112000,115000,110000
2012-02-28,18.28,110000,0(0.00 %),40460,4448390000,0,0,110000,112000,109000
2012-02-29,17.45,105000,-5(-4.55 %),87450,9233660000,2217103,243881330000,110000,110000,105000
2012-03-01,16.62,100000,-5(-4.76 %),209560,21056650000,0,0,102000,102000,100000
2012-03-02,17.45,105000,5(5.00 %),156970,16278490000,0,0,102000,105000,102000
2012-03-05,18.28,110000,5(4.76 %),143510,15786100000,0,0,110000,110000,110000
2012-03-06,17.78,107000,-3(-2.73 %),66240,7364960000,0,0,115000,115000,107000
2012-03-07,17.62,106000,-1(-0.93 %),117880,12546750000,0,0,107000,108000,103000
2012-03-08,17.45,105000,-1(-0.94 %),84220,8899850000,160000,16640000000,104000,109000,104000
2012-03-09,17.95,108000,3(2.86 %),37970,4063150000,60000,6360000000,105000,108000,105000
2012-03-12,17.62,106000,-2(-1.85 %),61400,6494110000,1030000,111173010000,103000,110000,103000
2012-03-13,16.78,101000,-5(-4.72 %),241710,24574440000,25750,2617977000,104000,105000,101000
2012-03-14,17.45,105000,4(3.96 %),44600,4559380000,1021000,103146788000,105000,105000,99000
2012-03-15,16.62,100000,-5(-4.76 %),230330,23299860000,0,0,102000,105000,100000
2012-03-16,16.29,98000,-2(-2.00 %),240330,23770750000,1000000,100000000000,104000,104000,97000
2012-03-19,16.29,98000,0(0.00 %),150700,14743760000,0,0,98000,98000,95000
2012-03-20,16.62,100000,2(2.04 %),130940,13075195000,1192081,116823938000,98000,102000,98000
2012-03-21,16.62,100000,0(0.00 %),144040,14427540000,0,0,101000,101000,99000
2012-03-22,16.62,100000,0(0.00 %),123360,12297165000,0,0,98500,101000,98500
2012-03-23,17.12,103000,3(3.00 %),153050,15534270000,300000,30000000000,100000,103000,100000
2012-03-26,17.78,107000,4(3.88 %),219500,23171140000,0,0,105000,107000,102000
2012-03-27,16.95,102000,-5(-4.67 %),773110,79148750000,266000,27132000000,107000,107000,102000
2012-03-28,16.12,97000,-5(-4.90 %),593350,57555540000,4045000,412050000000,97000,98000,97000
2012-03-29,15.7,94500,-2.5(-2.58 %),258600,24814135000,270000,27000000000,99500,99500,94000
2012-03-30,15.95,96000,1.5(1.59 %),196260,18622785000,0,0,96000,96000,94000
2012-04-03,15.95,96000,0(0.00 %),148470,14218075000,90000,8235000000,96000,96000,95000
2012-04-04,15.46,93000,-3(-3.12 %),248100,23337720000,0,0,96000,96000,93000
2012-04-05,15.46,93000,0(0.00 %),256960,23840190000,0,0,93000,94500,91500
2012-04-06,15.62,94000,1(1.08 %),93370,8770085000,0,0,94000,94500,93000
2012-04-09,15.46,93000,-1(-1.06 %),234310,21781525000,0,0,95000,95000,92000
2012-04-10,15.29,92000,-1(-1.08 %),359080,33142405000,0,0,93000,93000,92000
2012-04-11,15.7,94500,2.5(2.72 %),263240,24476570000,447000,40671000000,92000,94500,91500
2012-04-12,15.87,95500,1(1.06 %),282800,27039720000,147000,13671000000,95500,97000,94500
2012-04-13,15.79,95000,-0.5(-0.52 %),220290,21175715000,1100000,105050000000,95500,98000,95000
2012-04-16,16.2,97500,2.5(2.63 %),178680,17370770000,70000,6845000000,96000,98500,95500
2012-04-17,16.45,99000,1.5(1.54 %),213830,21011770000,205000,20267500000,97500,99500,96500
2012-04-18,16.54,99500,0.5(0.51 %),156310,15673955000,190000,19320000000,100000,103000,99000
2012-04-19,16.45,99000,-0.5(-0.50 %),190740,18868435000,95000,9405000000,99500,100000,97500
2012-04-20,16.37,98500,-0.5(-0.51 %),250770,24745525000,100000,9875000000,100000,100000,97500
2012-04-23,16.45,99000,0.5(0.51 %),156350,15412090000,100000,9850000000,97500,99000,97500
2012-04-24,16.45,99000,0(0.00 %),160260,15798745000,0,0,98000,99000,97500
2012-04-25,16.45,99000,0(0.00 %),233260,23030160000,0,0,99000,99000,98000
2012-04-26,16.62,100000,1(1.01 %),98120,9818940000,1796401,181436501000,100000,101000,99500
2012-04-27,16.78,101000,1(1.00 %),171160,17247280000,0,0,101000,101000,100000
2012-05-02,16.95,102000,1(0.99 %),217450,22312980000,300000,30600000000,103000,105000,101000
2012-05-03,16.95,102000,0(0.00 %),136060,13877740000,0,0,102000,103000,101000
2012-05-04,17.28,104000,2(1.96 %),105640,10860780000,570270,57027000000,102000,104000,101000
2012-05-07,17.28,104000,0(0.00 %),133040,13778150000,600000,60600000000,104000,105000,101000
2012-05-08,17.28,104000,0(0.00 %),137150,14212130000,700000,70700000000,104000,104000,102000
2012-05-09,17.12,103000,-1(-0.96 %),122410,12620660000,0,0,104000,104000,102000
2012-05-10,17.12,103000,0(0.00 %),90920,9356480000,0,0,104000,104000,102000
2012-05-11,16.95,102000,-1(-0.97 %),93430,9613120000,0,0,103000,104000,102000
2012-05-14,16.95,102000,0(0.00 %),79080,8068220000,0,0,101000,103000,101000
2012-05-15,16.62,100000,-2(-1.96 %),114310,11485275000,0,0,101000,103000,99000
2012-05-16,16.54,99500,-0.5(-0.50 %),143950,14289345000,0,0,100000,102000,98500
2012-05-17,16.54,99500,0(0.00 %),207350,20503480000,0,0,98000,99500,97000
2012-05-18,16.45,99000,-0.5(-0.50 %),169600,16626920000,0,0,99500,99500,96000
2012-05-21,16.78,101000,2(2.02 %),108700,10929100000,0,0,100000,101000,100000
2012-05-22,17.12,103000,2(1.98 %),87130,8912490000,0,0,102000,103000,101000
2012-05-23,16.95,102000,-1(-0.97 %),101180,10348330000,0,0,100000,104000,100000
2012-05-24,16.78,101000,-1(-0.98 %),71170,7223520000,0,0,100000,103000,100000
2012-05-25,16.95,102000,1(0.99 %),169090,17167040000,0,0,102000,102000,100000
2012-05-28,17.12,103000,1(0.98 %),86790,8923030000,0,0,103000,104000,101000
2012-05-29,17.28,104000,1(0.97 %),82090,8468440000,76753,7828806000,103000,104000,102000
2012-05-30,17.45,105000,1(0.96 %),226650,23575290000,25000,2575000000,104000,105000,103000
2012-05-31,17.12,103000,-2(-1.90 %),61250,6353340000,0,0,103000,105000,103000
2012-06-01,17.12,103000,0(0.00 %),73670,7600000000,0,0,104000,104000,103000
2012-06-04,17.16,95800,0(0.00 %),85690,6993020000,0,0,95800,95800,95800
2012-06-05,17.16,81000,0(0.00 %),161020,12871420000,0,0,79000,82000,78000
2012-06-06,17.59,83000,2(2.47 %),186260,15312685000,0,0,81000,83000,80500
2012-06-07,17.8,84000,1(1.20 %),103390,8699145000,0,0,85500,85500,83500
2012-06-08,17.8,84000,0(0.00 %),115130,9757680000,0,0,86000,86000,84000
2012-06-11,17.8,84000,0(0.00 %),144500,12064050000,0,0,84000,84000,81000
2012-06-12,17.69,83500,-0.5(-0.60 %),116260,9676765000,0,0,84000,84000,81500
2012-06-13,17.69,83500,0(0.00 %),124350,10380415000,0,0,84500,84500,82000
2012-06-14,17.59,83000,-0.5(-0.60 %),184830,15265530000,40000,3303640000,83500,83500,80500
2012-06-15,17.48,82500,-0.5(-0.60 %),348600,28708995000,0,0,82000,83000,81000
2012-06-18,17.48,82500,0(0.00 %),116570,9631735000,0,0,83000,83000,82500
2012-06-19,17.37,82000,-0.5(-0.61 %),86230,7092105000,801000,63958500000,82000,82500,81500
2012-06-20,17.37,82000,0(0.00 %),117450,9665010000,270000,22275000000,82500,82500,81000
2012-06-21,17.48,82500,0.5(0.61 %),100900,8289030000,0,0,82000,82500,81500
2012-06-22,17.16,81000,-1.5(-1.82 %),108520,8844510000,0,0,82000,82000,81000
2012-06-25,18.01,85000,4(4.94 %),276560,22965540000,1383206,112039686000,81000,85000,81000
2012-06-26,18.01,85000,0(0.00 %),472290,39951215000,0,0,85000,85000,82000
2012-06-27,18.01,85000,0(0.00 %),427270,36274050000,0,0,85000,85500,84000
2012-06-28,17.9,84500,-0.5(-0.59 %),175400,14801620000,1840000,150977960000,84500,84500,82500
2012-06-29,17.8,84000,-0.5(-0.59 %),243790,20408030000,420381,35502195000,83000,84500,83000
2012-07-02,17.37,82000,-2(-2.38 %),169750,13958800000,0,0,82500,84000,81500
2012-07-03,17.16,81000,-1(-1.22 %),83890,6827085000,1040000,84260000000,81500,82000,80500
2012-07-04,17.16,81000,0(0.00 %),75960,6160730000,0,0,81000,81500,80500
2012-07-05,17.16,81000,0(0.00 %),76350,6182450000,0,0,80000,82000,80000
2012-07-06,17.06,80500,-0.5(-0.62 %),91920,7414705000,0,0,81000,82000,80000
2012-07-09,16.74,79000,-1.5(-1.86 %),161250,12732490000,0,0,80000,81000,78000
2012-07-10,16.63,78500,-0.5(-0.63 %),120480,9450000000,0,0,79000,79000,77000
2012-07-11,16.42,77500,-1(-1.27 %),200620,15554980000,171000,13423500000,78500,78500,76500
2012-07-12,16.42,77500,0(0.00 %),85610,6601415000,171000,13423500000,75000,79000,75000
2012-07-13,16.95,80000,2.5(3.23 %),181940,14297830000,0,0,78000,80000,78000
2012-07-16,16.74,79000,-1(-1.25 %),102830,8133410000,0,0,80000,80000,77000
2012-07-17,16.74,79000,0(0.00 %),273730,21393165000,0,0,76500,79000,76500
2012-07-18,16.63,78500,-0.5(-0.63 %),109590,8608510000,24125,1905875000,79000,79000,78000
2012-07-19,16.74,79000,0.5(0.64 %),185100,14499250000,550000,42900000000,77000,79000,77000
2012-07-20,16.63,78500,-0.5(-0.63 %),225810,17738630000,0,0,79000,79000,78500
2012-07-23,16.53,78000,-0.5(-0.64 %),109340,8540040000,0,0,79000,79000,77000
2012-07-24,16.32,77000,-1(-1.28 %),240320,18341245000,0,0,78000,78000,75500
2012-07-25,16.32,77000,0(0.00 %),100730,7735420000,0,0,77000,77500,75500
2012-07-26,16.32,77000,0(0.00 %),111310,8562430000,0,0,76000,77500,76000
2012-07-27,16.42,77500,0.5(0.65 %),246010,18900520000,1327081,100181075000,77000,77500,76000
2012-07-30,16.42,77500,0(0.00 %),199800,15377470000,0,0,76000,77500,76000
2012-07-31,16.32,77000,-0.5(-0.65 %),159950,12334745000,0,0,76500,77500,76500
2012-08-01,16.21,76500,-0.5(-0.65 %),172190,13174910000,0,0,76500,77000,75500
2012-08-02,16.63,78500,2(2.61 %),254950,19918870000,0,0,77000,80000,77000
2012-08-03,16.63,78500,0(0.00 %),123450,9688235000,0,0,78500,78500,77500
2012-08-06,16.63,78500,0(0.00 %),147010,11503695000,0,0,76500,78500,76500
2012-08-07,16.74,79000,0.5(0.64 %),165390,12998215000,0,0,79000,79500,78000
2012-08-08,16.85,79500,0.5(0.63 %),107540,8524775000,0,0,80000,80000,79000
2012-08-09,16.85,79500,0(0.00 %),100400,8008755000,0,0,79500,80000,79000
2012-08-10,16.85,79500,0(0.00 %),65470,5206335000,0,0,80000,80000,79000
2012-08-13,16.95,80000,0.5(0.63 %),53020,4228255000,0,0,78500,80000,78500
2012-08-14,17.06,80500,0.5(0.62 %),93610,7495375000,0,0,80000,80500,80000
2012-08-15,16.95,80000,-0.5(-0.62 %),79010,6326150000,0,0,81000,81000,80000
2012-08-16,16.85,79500,-0.5(-0.62 %),115560,9192165000,0,0,80000,80000,79000
2012-08-17,16.63,78500,-1(-1.26 %),85650,6783175000,0,0,80000,80000,78500
2012-08-20,16.74,79000,0.5(0.64 %),230260,18096250000,0,0,79500,79500,78000
2012-08-21,16.21,76500,-2.5(-3.16 %),165180,12740415000,0,0,78000,79000,75500
2012-08-22,16.21,76500,0(0.00 %),212800,16186760000,0,0,76000,77000,75000
2012-08-23,15.47,73000,-3.5(-4.58 %),244370,17930510000,0,0,74500,75000,73000
2012-08-24,15.47,73000,0(0.00 %),263110,19015435000,31808,2210656000,73000,74000,69500
2012-08-27,14.73,69500,-3.5(-4.79 %),304450,21406105000,0,0,73000,73000,69500
2012-08-28,14.83,70000,0.5(0.72 %),118670,8246340000,40000,2781960000,69500,70000,68500
2012-08-29,14.94,70500,0.5(0.71 %),135960,9713255000,0,0,72500,73500,70000
2012-08-30,15.68,74000,3.5(4.96 %),60820,4466075000,0,0,72000,74000,71000
2012-08-31,14.94,70500,-3.5(-4.73 %),208770,14832280000,0,0,73000,73000,70500
2012-09-04,15.36,72500,2(2.84 %),73830,5395505000,0,0,73000,74000,72000
2012-09-05,15.26,72000,-0.5(-0.69 %),87930,6347665000,0,0,74000,74000,71500
2012-09-06,15.36,72500,0.5(0.69 %),70640,5116625000,0,0,71500,73000,71500
2012-09-07,15.26,72000,-0.5(-0.69 %),90690,6565185000,0,0,72500,73000,72000
2012-09-10,15.15,71500,-0.5(-0.69 %),68830,4929370000,0,0,73000,73000,71000
2012-09-11,15.26,72000,0.5(0.70 %),73230,5264105000,0,0,72000,72500,71500
2012-09-12,15.26,72000,0(0.00 %),83310,6022275000,0,0,72500,72500,72000
2012-09-13,15.26,72000,0(0.00 %),80380,5781950000,2500000,171250000000,72000,72500,71500
2012-09-14,15.68,74000,2(2.78 %),151910,11182485000,100000,7350000000,74000,74000,73000
2012-09-17,15.89,75000,1(1.35 %),324310,24666300000,100000,7700000000,76000,77500,75000
2012-09-18,16.21,76500,1.5(2.00 %),103210,7891925000,146370,10465455000,77000,77500,74000
2012-09-19,16.32,77000,0.5(0.65 %),206300,15823585000,870000,65055000000,76000,77000,76000
2012-09-20,16.32,77000,0(0.00 %),115490,8896670000,770000,59155000000,77500,77500,76500
2012-09-21,16.95,80000,3(3.90 %),307720,24398050000,600000,46200000000,77500,80000,77500
2012-09-24,16.85,79500,-0.5(-0.62 %),262890,20892935000,700000,56000000000,80000,80000,78000
2012-09-25,17.06,80500,1(1.26 %),214740,17217675000,1100000,86450000000,80000,80500,78500
2012-09-26,17.69,83500,3(3.73 %),450280,37368800000,0,0,81500,84000,81000
2012-09-27,17.59,83000,-0.5(-0.60 %),316390,26202245000,0,0,84500,85000,80000
2012-09-28,17.59,83000,0(0.00 %),278510,22964385000,0,0,82500,83500,80500
2012-10-01,17.48,82500,-0.5(-0.60 %),160560,13214790000,0,0,82000,82500,80500
2012-10-02,17.37,82000,-0.5(-0.61 %),141870,11635560000,0,0,82000,82500,81500
2012-10-03,16.74,79000,-3(-3.66 %),112160,8952975000,0,0,82000,82000,79000
2012-10-04,16.95,80000,1(1.27 %),53330,4259875000,0,0,80000,80000,79000
2012-10-05,16.95,80000,0(0.00 %),53850,4294225000,0,0,80000,80000,79000
2012-10-08,17.16,81000,1(1.25 %),157200,12655990000,168000,13440000000,80000,81000,80000
2012-10-09,17.06,80500,-0.5(-0.62 %),44400,3573555000,1068000,82740000000,80000,81000,80000
2012-10-10,16.95,80000,-0.5(-0.62 %),54980,4392765000,900000,69300000000,81000,81000,79500
2012-10-11,16.74,79000,-1(-1.25 %),53630,4257310000,200000,15900000000,79000,80000,79000
2012-10-12,16.63,78500,-0.5(-0.63 %),34370,2723190000,0,0,78000,80000,78000
2012-10-15,16.74,79000,0.5(0.64 %),42970,3388995000,0,0,77500,79000,77500
2012-10-16,16.74,79000,0(0.00 %),62130,4902980000,0,0,79000,79500,78000
2012-10-17,16.74,79000,0(0.00 %),44560,3498555000,0,0,79000,79000,78000
2012-10-18,16.74,79000,0(0.00 %),52280,4109325000,0,0,77000,79000,77000
2012-10-19,16.74,79000,0(0.00 %),59850,4721810000,0,0,79000,79500,78000
2012-10-22,16.63,78500,-0.5(-0.63 %),51680,4050670000,0,0,79000,79000,77000
2012-10-23,16.53,78000,-0.5(-0.64 %),48050,3750265000,0,0,77500,79000,77500
2012-10-24,16.53,78000,0(0.00 %),59780,4627625000,0,0,78000,78000,76500
2012-10-25,16.53,78000,0(0.00 %),112290,8753615000,100000,7850000000,77000,78500,77000
2012-10-26,16.42,77500,-0.5(-0.64 %),49720,3870515000,0,0,77500,78000,77500
2012-10-29,16.53,78000,0.5(0.65 %),28610,2230290000,0,0,76500,78000,76500
2012-10-30,16.53,78000,0(0.00 %),43900,3423090000,0,0,78000,78000,77000
2012-10-31,16.53,78000,0(0.00 %),46420,3619040000,0,0,77000,78000,77000
2012-11-01,16.53,78000,0(0.00 %),52830,4120280000,0,0,77500,78000,77500
2012-11-02,16.42,77500,-0.5(-0.64 %),30990,2402600000,0,0,77000,78000,75000
2012-11-05,16.53,78000,0.5(0.65 %),24130,1881705000,0,0,77500,78000,77500
2012-11-06,16.53,78000,0(0.00 %),28510,2216090000,0,0,76500,78000,76500
2012-11-07,16.53,78000,0(0.00 %),85680,6678890000,0,0,78000,78000,77000
2012-11-08,16.63,78500,0.5(0.64 %),163300,12798730000,0,0,77000,78500,77000
2012-11-09,16.63,78500,0(0.00 %),29400,2305220000,0,0,78500,78500,77000
2012-11-12,16.63,78500,0(0.00 %),39430,3091890000,0,0,77000,78500,77000
2012-11-13,16.53,78000,-0.5(-0.64 %),28090,2199480000,0,0,77500,78500,77500
2012-11-14,16.53,78000,0(0.00 %),30740,2400145000,0,0,77000,78500,77000
2012-11-15,16.42,77500,-0.5(-0.64 %),33090,2568110000,884000,65858000000,77000,78000,77000
2012-11-16,16.42,77500,0(0.00 %),26820,2069765000,0,0,77000,77500,76500
2012-11-19,16.32,77000,-0.5(-0.65 %),37530,2881030000,0,0,76500,77500,76000
2012-11-20,16.32,77000,0(0.00 %),30340,2331545000,0,0,77000,77000,75500
2012-11-21,16.21,76500,-0.5(-0.65 %),40420,3086340000,0,0,76000,76500,75500
2012-11-22,16.1,76000,-0.5(-0.65 %),51090,3879315000,0,0,75500,76000,75500
2012-11-23,16.1,76000,0(0.00 %),30240,2298005000,0,0,76000,76000,75500
2012-11-26,16.0,75500,-0.5(-0.66 %),49340,3722160000,30000,2250000000,75500,75500,74500
2012-11-27,15.57,73500,-2(-2.65 %),44800,3330205000,0,0,74500,75500,73500
2012-11-28,15.57,73500,0(0.00 %),150630,10840120000,470000,33844700000,73000,73500,70000
2012-11-29,15.68,74000,0.5(0.68 %),75950,5609640000,752600,53200000000,73000,74000,73000
2012-11-30,15.57,73500,-0.5(-0.68 %),51470,3776940000,13932286,1044679485000,73000,73500,72000
2012-12-03,15.57,73500,0(0.00 %),120380,8849475000,0,0,73500,74000,73000
2012-12-04,15.47,73000,-0.5(-0.68 %),97460,7134670000,317000,22190000000,73500,73500,72500
2012-12-05,15.47,73000,0(0.00 %),53690,3919030000,0,0,73000,73000,72500
2012-12-06,15.47,73000,0(0.00 %),44490,3247040000,293000,21096000000,73000,73000,72500
2012-12-07,14.94,70500,-2.5(-3.42 %),128930,9232930000,36000,2628000000,73000,73000,70500
2012-12-10,15.57,73500,3(4.26 %),93490,6831910000,0,0,72500,74000,72500
2012-12-11,16.1,76000,2.5(3.40 %),140130,10451770000,1000000,73500000000,73500,76000,73500
2012-12-12,15.79,74500,-1.5(-1.97 %),83930,6346260000,0,0,75000,76500,73500
2012-12-13,15.79,74500,0(0.00 %),37040,2772810000,50000,3775000000,76000,76000,74500
2012-12-14,16.1,76000,1.5(2.01 %),59940,4515440000,1419199,106439925000,74500,76000,74500
2012-12-17,15.68,74000,-2(-2.63 %),65620,4827460000,219979,16058467000,73500,74500,72500
2012-12-18,15.47,73000,-1(-1.35 %),71320,5224950000,0,0,74500,74500,72500
2012-12-19,15.89,75000,2(2.74 %),85810,6294110000,331940,23970681000,72000,75000,72000
2012-12-20,15.47,73000,-2(-2.67 %),119360,8775955000,270000,19440000000,74000,74500,73000
2012-12-21,15.57,73500,0.5(0.68 %),220600,16121115000,0,0,74500,74500,71500
2012-12-24,15.68,74000,0.5(0.68 %),115730,8585760000,0,0,74500,75000,73500
2012-12-25,15.68,74000,0(0.00 %),164070,12163605000,0,0,75000,75000,73500
2012-12-26,15.89,75000,1(1.35 %),129370,9647340000,2567800,190017200000,74000,75000,73500
2012-12-27,16.32,77000,2(2.67 %),143480,10925850000,125000,9400000000,75000,77000,74500
2012-12-28,16.95,80000,3(3.90 %),70570,5566745000,75000,5775000000,77000,80000,76500
2013-01-02,16.95,80000,0(0.00 %),106720,8604305000,120000,9645000000,79500,82000,79000
2013-01-03,16.95,80000,0(0.00 %),118830,9470835000,0,0,80000,80000,79000
2013-01-04,16.95,80000,0(0.00 %),162880,13017520000,336000,26880000000,80000,80500,79000
2013-01-07,17.69,83500,3.5(4.38 %),370650,30801765000,0,0,80500,84000,80500
2013-01-08,17.9,84500,1(1.20 %),363210,30594800000,0,0,84500,85000,83500
2013-01-09,17.59,83000,-1.5(-1.78 %),81350,6820615000,35600,2984811000,84500,84500,83000
2013-01-10,17.59,83000,0(0.00 %),120980,9976820000,0,0,83000,83000,81000
2013-01-11,17.69,83500,0.5(0.60 %),171140,14272370000,0,0,84500,84500,82500
2013-01-14,17.69,83500,0(0.00 %),215400,17989060000,0,0,84000,84000,83000
2013-01-15,17.69,83500,0(0.00 %),160930,13536605000,0,0,85000,85500,83500
2013-01-16,17.9,84500,1(1.20 %),237940,20138645000,0,0,85000,85500,83500
2013-01-17,18.01,85000,0.5(0.59 %),137110,11651490000,83000,7055249000,85000,85500,84500
2013-01-18,18.01,85000,0(0.00 %),205380,17434280000,50000,4275000000,85000,85500,84500
2013-01-21,17.8,84000,-1(-1.18 %),133100,11251890000,0,0,84500,85500,84000
2013-01-22,18.25,78100,1.6(2.52 %),200700,13071135000,50000,3250000000,78100,78100,78100
2013-01-23,18.39,65500,0.5(0.77 %),305690,20042930000,0,0,65500,66500,65000
2013-01-24,18.39,65500,0(0.00 %),248840,16283400000,0,0,65500,66000,65000
2013-01-25,18.53,66000,0.5(0.76 %),352190,23233615000,388860,25649594000,65500,66500,65500
2013-01-28,18.81,67000,1(1.52 %),331350,22294505000,87000,5844000000,67500,68000,67000
2013-01-29,18.81,67000,0(0.00 %),312550,20929720000,47120,3155344000,67000,67500,66500
2013-01-30,18.81,67000,0(0.00 %),596680,39983100000,0,0,67000,67500,66500
2013-01-31,18.67,66500,-0.5(-0.75 %),131930,8757840000,24260,1610427000,66000,67000,66000
2013-02-01,18.81,67000,0.5(0.75 %),188520,12551690000,59660,3971507000,66500,67000,66000
2013-02-04,18.81,67000,0(0.00 %),244350,16373845000,0,0,67000,67500,67000
2013-02-05,18.81,67000,0(0.00 %),741040,49669265000,84000,5628000000,67000,68000,67000
2013-02-06,18.95,67500,0.5(0.75 %),175610,11842555000,70000,4720590000,68000,68000,67000
2013-02-07,18.95,67500,0(0.00 %),104460,7007390000,0,0,68000,68000,67000
2013-02-08,18.95,67500,0(0.00 %),96950,6499335000,0,0,67000,68000,66000
2013-02-18,18.53,66000,-1.5(-2.22 %),117770,7864400000,0,0,67500,67500,66000
2013-02-19,18.81,67000,1(1.52 %),463190,31057790000,0,0,68000,68000,66500
2013-02-20,18.81,67000,0(0.00 %),145770,9767760000,127000,8510016000,67500,67500,66500
2013-02-21,18.25,65000,-2(-2.99 %),91840,6073855000,450000,30150000000,66500,67000,65000
2013-02-22,17.97,64000,-1(-1.54 %),109240,7055075000,0,0,65000,66000,63500
2013-02-25,18.25,65000,1(1.56 %),60860,3935020000,0,0,65000,65000,64000
2013-02-26,17.55,62500,-2.5(-3.85 %),145630,9188050000,0,0,64500,64500,61500
2013-02-27,17.83,63500,1(1.60 %),115050,7195075000,0,0,62500,63500,62000
2013-02-28,18.81,67000,3.5(5.51 %),551700,36437175000,0,0,63500,67500,63500
2013-03-01,18.53,66000,-1(-1.49 %),132410,8894470000,4039820,270667940000,68000,68000,66000
2013-03-04,19.09,68000,2(3.03 %),379190,25895810000,0,0,67500,70000,66500
2013-03-05,18.53,66000,-2(-2.94 %),201440,13376040000,213900,14973000000,67500,67500,66000
2013-03-06,18.53,66000,0(0.00 %),94290,6237905000,0,0,68000,68000,65500
2013-03-07,18.11,64500,-1.5(-2.27 %),283370,18451185000,0,0,66000,66000,64500
2013-03-08,18.25,65000,0.5(0.78 %),73590,4774200000,0,0,65000,65500,64500
2013-03-11,18.53,66000,1(1.54 %),74730,4868605000,1202000,79245198000,65000,66000,64500
2013-03-12,17.83,63500,-2.5(-3.79 %),169070,10801625000,0,0,65000,65500,63500
2013-03-13,17.83,63500,0(0.00 %),144800,9210815000,0,0,64500,65000,63000
2013-03-14,17.97,64000,0.5(0.79 %),75210,4791375000,0,0,63500,64000,63000
2013-03-15,18.39,65500,1.5(2.34 %),415500,27072245000,0,0,64500,65500,64000
2013-03-18,18.11,64500,-1(-1.53 %),102710,6714790000,1259220,80009114000,65500,66000,64500
2013-03-19,18.11,64500,0(0.00 %),58810,3810340000,286000,18590000000,64000,65500,64000
2013-03-20,18.25,65000,0.5(0.78 %),61650,3989300000,0,0,64000,65000,64000
2013-03-21,18.39,65500,0.5(0.77 %),94400,6158405000,0,0,65000,66000,65000
2013-03-22,18.25,65000,-0.5(-0.76 %),210740,14013935000,927500,62142500000,65500,67500,65000
2013-03-25,18.67,66500,1.5(2.31 %),286920,19000455000,0,0,65000,67000,65000
2013-03-26,18.53,66000,-0.5(-0.75 %),154130,10271710000,420000,27300000000,67000,67500,66000
2013-03-27,18.11,64500,-1.5(-2.27 %),114830,7454075000,2140000,136740000000,66000,66000,64500
2013-03-28,17.97,64000,-0.5(-0.78 %),135090,8603940000,44000,2802184000,65000,65000,63000
2013-03-29,17.83,63500,-0.5(-0.78 %),36080,2287840000,0,0,63000,64000,63000
2013-04-01,18.39,65500,2(3.15 %),88590,5700395000,2000000,130000000000,64000,65500,63500
2013-04-02,18.53,66000,0.5(0.76 %),95700,6258615000,452460,29426401000,64500,66000,64500
2013-04-03,18.11,64500,-1.5(-2.27 %),124760,8062625000,44460,2873228000,65000,66000,63500
2013-04-04,17.83,63500,-1(-1.55 %),116840,7409675000,44460,2819520000,65000,65000,62500
2013-04-05,18.25,65000,1.5(2.36 %),218290,14184315000,0,0,64500,65500,64000
2013-04-08,18.25,65000,0(0.00 %),99740,6493985000,0,0,66000,66000,64500
2013-04-09,17.97,64000,-1(-1.54 %),141820,9111605000,0,0,64500,65000,63500
2013-04-10,17.69,63000,-1(-1.56 %),505340,32084150000,950000,64600000000,64000,64000,63000
2013-04-11,17.97,64000,1(1.59 %),133050,8362625000,1600000,104000000000,63000,64000,62500
2013-04-12,17.83,63500,-0.5(-0.78 %),98270,6217910000,0,0,64000,64000,62500
2013-04-15,17.41,62000,-1.5(-2.36 %),82290,5105700000,0,0,63500,63500,60000
2013-04-16,17.41,62000,0(0.00 %),246990,14931380000,0,0,61000,62000,59500
2013-04-17,17.41,62000,0(0.00 %),109460,6772200000,0,0,62000,63000,61000
2013-04-18,17.27,61500,-0.5(-0.81 %),463190,28102150000,0,0,60500,61500,60000
2013-04-22,17.13,61000,-0.5(-0.81 %),204960,12359680000,0,0,61000,61500,60000
2013-04-23,17.27,61500,0.5(0.82 %),90120,5503010000,242500,15762500000,61500,61500,60500
2013-04-24,17.13,61000,-0.5(-0.81 %),181360,11092230000,0,0,61000,61500,61000
2013-04-25,17.41,62000,1(1.64 %),59080,3630910000,0,0,61500,62000,61000
2013-04-26,17.41,62000,0(0.00 %),82480,5078985000,0,0,61000,62000,61000
2013-05-02,17.83,63500,1.5(2.42 %),157650,9966615000,69250,4377985000,61000,64000,61000
2013-05-03,17.83,63500,0(0.00 %),73490,4666740000,0,0,62500,64000,62500
2013-05-06,17.97,64000,0.5(0.79 %),77570,4967980000,0,0,64000,64500,64000
2013-05-07,17.97,64000,0(0.00 %),340450,21766075000,0,0,64000,64500,63500
2013-05-08,18.11,64500,0.5(0.78 %),69240,4446995000,60000,3853560000,64000,64500,64000
2013-05-09,18.11,64500,0(0.00 %),61220,3929770000,0,0,63500,64500,63500
2013-05-10,17.97,64000,-0.5(-0.78 %),144130,9146380000,0,0,64500,65000,62500
2013-05-13,18.11,64500,0.5(0.78 %),82340,5283865000,6746770,418299740000,64000,64500,63000
2013-05-14,18.11,64500,0(0.00 %),35240,2258985000,43920,2815404000,64500,64500,63500
2013-05-15,17.97,64000,-0.5(-0.78 %),115010,7312610000,230000,14835000000,64500,64500,63500
2013-05-16,17.83,63500,-0.5(-0.78 %),58710,3750375000,0,0,64500,64500,63500
2013-05-17,17.97,64000,0.5(0.79 %),41100,2613420000,0,0,64000,64000,63500
2013-05-20,17.97,64000,0(0.00 %),20020,1281265000,0,0,64000,64000,63000
2013-05-21,18.11,64500,0.5(0.78 %),31840,2039960000,450000,30150000000,63000,64500,63000
2013-05-22,18.53,66000,1.5(2.33 %),246700,16051275000,0,0,64000,66000,64000
2013-05-23,17.97,64000,-2(-3.03 %),199720,13022425000,0,0,66000,66000,64000
2013-05-24,18.25,65000,1(1.56 %),355190,23056475000,89846,5795066000,64000,65500,64000
2013-05-27,18.81,67000,2(3.08 %),255140,16921075000,0,0,65000,67500,65000
2013-05-28,18.81,67000,0(0.00 %),243170,16365070000,111800,7524028000,67000,68000,66500
2013-05-29,20.07,71500,4.5(6.72 %),848370,58714155000,511500,33347500000,67500,71500,65000
2013-05-30,20.07,71500,0(0.00 %),1325820,96142695000,230000,16950000000,73500,75500,71500
2013-05-31,19.09,68000,-3.5(-4.90 %),759040,52895375000,20000,1393820000,73000,73000,68000
2013-06-03,19.37,69000,1(1.47 %),183400,12678450000,0,0,68000,70000,67000
2013-06-04,20.07,71500,2.5(3.62 %),2422400,175376170000,1100000,74800000000,73500,73500,71500
2013-06-05,19.51,69500,-2(-2.80 %),635050,44447785000,0,0,71000,71000,69500
2013-06-06,19.23,68500,-1(-1.44 %),549640,37974800000,0,0,69000,69500,68500
2013-06-07,19.51,69500,1(1.46 %),906520,62096335000,0,0,68500,69500,68000
2013-06-10,19.65,70000,0.5(0.72 %),1263220,89635105000,0,0,72000,72000,70000
2013-06-11,19.23,68500,-1.5(-2.14 %),1013170,69569450000,6421370,420599735000,70500,70500,68000
2013-06-12,19.37,69000,0.5(0.73 %),650840,45096430000,0,0,69000,70000,68500
2013-06-13,19.09,68000,-1(-1.45 %),643900,43775915000,0,0,68500,69500,67000
2013-06-14,18.25,65000,-3(-4.41 %),1565440,103701000000,0,0,68000,68000,65000
2013-06-17,17.97,64000,-1(-1.54 %),1538990,98819320000,572000,39754000000,65500,65500,63500
2013-06-18,17.97,64000,0(0.00 %),1364110,87707275000,0,0,64500,65000,64000
2013-06-19,17.97,64000,0(0.00 %),951470,61007220000,0,0,65000,65000,64000
2013-06-20,17.83,63500,-0.5(-0.78 %),357810,22812130000,0,0,64000,64500,63500
2013-06-21,17.69,63000,-0.5(-0.79 %),635240,40153840000,0,0,63000,64000,62500
2013-06-24,17.55,62500,-0.5(-0.79 %),755930,47325440000,0,0,63500,64000,62000
2013-06-25,17.27,61500,-1(-1.60 %),946390,57486965000,72140,4382000000,62500,62500,59500
2013-06-26,17.27,61500,0(0.00 %),1003120,61212340000,0,0,61500,62000,60000
2013-06-27,17.69,63000,1.5(2.44 %),345020,21562375000,0,0,61500,63000,61500
2013-06-28,17.55,62500,-0.5(-0.79 %),320100,20093380000,1359500,87071500000,63000,63500,62500
2013-07-01,17.27,61500,-1(-1.60 %),155160,9545490000,0,0,62500,62500,61000
2013-07-02,17.83,63500,2(3.25 %),413990,26030815000,0,0,62000,64000,61500
2013-07-03,17.83,63500,0(0.00 %),514930,32639860000,2900000,184150000000,63500,64000,62500
2013-07-04,17.69,63000,-0.5(-0.79 %),1982700,126668840000,40000,2555480000,63500,64500,63000
2013-07-05,17.69,63000,0(0.00 %),144780,9107360000,0,0,63500,63500,62500
2013-07-08,17.41,62000,-1(-1.59 %),238650,14851230000,0,0,63000,63000,61500
2013-07-09,17.69,63000,1(1.61 %),280430,17511345000,0,0,62000,63000,62000
2013-07-10,17.55,62500,-0.5(-0.79 %),207760,13013040000,0,0,63500,63500,62000
2013-07-11,17.83,63500,1(1.60 %),2499420,157123110000,1100000,69850000000,62500,63500,62000
2013-07-12,18.25,65000,1.5(2.36 %),2300070,147040045000,1500000,95250000000,63500,65000,63000
2013-07-15,18.11,64500,-0.5(-0.77 %),2470510,158499725000,0,0,65000,65500,63000
2013-07-16,17.97,64000,-0.5(-0.78 %),3291530,209923600000,0,0,64500,65000,63000
2013-07-17,17.97,64000,0(0.00 %),3892710,248455580000,0,0,64000,65000,63000
2013-07-18,17.83,63500,-0.5(-0.78 %),4173320,265831665000,0,0,63500,64500,63000
2013-07-19,17.97,64000,0.5(0.79 %),3411160,217433160000,0,0,64000,64500,63000
2013-07-22,17.83,63500,-0.5(-0.78 %),4404440,279924005000,0,0,64000,64000,63000
2013-07-23,17.83,63500,0(0.00 %),4466240,283567060000,0,0,63500,64000,63000
2013-07-24,17.83,63500,0(0.00 %),2637950,167307110000,1500000,95250000000,63500,64000,62500
2013-07-25,17.97,64000,0.5(0.79 %),4287660,272409720000,0,0,63500,64000,63000
2013-07-26,17.97,64000,0(0.00 %),3877670,246235750000,0,0,64000,64000,63000
2013-07-29,17.69,63000,-1(-1.56 %),1029000,65286720000,1500000,95250000000,63500,64000,63000
2013-07-30,17.41,62000,-1(-1.59 %),176550,10996105000,0,0,63000,63500,62000
2013-07-31,17.69,63000,1(1.61 %),273900,17097845000,0,0,62000,63000,61000
2013-08-01,17.83,63500,0.5(0.79 %),185760,11733335000,0,0,62000,63500,62000
2013-08-02,17.83,63500,0(0.00 %),171820,10910275000,0,0,63000,64000,63000
2013-08-05,17.97,64000,0.5(0.79 %),264270,16799375000,0,0,63000,64000,63000
2013-08-06,18.11,64500,0.5(0.78 %),397020,25431760000,885800,60234400000,63500,64500,63000
2013-08-07,18.53,66000,1.5(2.33 %),506530,33088415000,0,0,64500,66500,64000
2013-08-08,18.53,66000,0(0.00 %),280580,18429825000,0,0,66000,66500,65500
2013-08-09,18.53,66000,0(0.00 %),268440,17634655000,0,0,66000,66500,65000
2013-08-12,18.11,64500,-1.5(-2.27 %),185980,12096000000,320000,20800000000,66000,66000,64500
2013-08-13,18.25,65000,0.5(0.78 %),225200,14631290000,0,0,65000,65500,64500
2013-08-14,18.39,65500,0.5(0.77 %),190870,12413030000,0,0,65000,65500,64000
2013-08-15,18.53,66000,0.5(0.76 %),844420,56052010000,0,0,66000,67000,66000
2013-08-16,18.67,66500,0.5(0.76 %),305030,20082400000,0,0,66000,66500,65500
2013-08-19,18.53,66000,-0.5(-0.75 %),433700,28842345000,450000,29250000000,66500,67500,66000
2013-08-20,18.25,65000,-1(-1.52 %),442460,28917420000,0,0,66000,66500,64500
2013-08-21,18.39,65500,0.5(0.77 %),330550,21402010000,0,0,65000,66000,64000
2013-08-22,18.67,66500,1(1.53 %),629460,41753125000,0,0,65000,67500,65000
2013-08-23,18.53,66000,-0.5(-0.75 %),284080,18627720000,0,0,66500,67000,64500
2013-08-26,18.25,65000,-1(-1.52 %),284690,18524455000,0,0,66000,66000,64500
2013-08-27,17.97,64000,-1(-1.54 %),145150,9332110000,1100000,71500000000,64500,65000,64000
2013-08-28,17.83,63500,-0.5(-0.78 %),774770,48060525000,0,0,63500,63500,60500
2013-08-29,17.27,61500,-2(-3.15 %),463010,28554200000,0,0,63000,63500,61500
2013-08-30,17.55,62500,1(1.63 %),157030,9709625000,0,0,61500,62500,61500
2013-09-03,17.41,62000,-0.5(-0.80 %),166220,10322970000,0,0,62000,62500,61500
2013-09-04,17.41,62000,0(0.00 %),363360,22395250000,0,0,61500,62500,61000
2013-09-05,17.41,62000,0(0.00 %),280670,17363310000,0,0,61500,62500,61000
2013-09-06,17.83,63500,1.5(2.42 %),1846240,116694615000,0,0,62000,64000,61500
2013-09-09,17.41,62000,-1.5(-2.36 %),309190,19291460000,0,0,63000,63500,62000
2013-09-10,17.69,63000,1(1.61 %),129590,8120860000,0,0,62000,63500,62000
2013-09-11,17.83,63500,0.5(0.79 %),223790,14147045000,0,0,63000,63500,62500
2013-09-12,17.69,63000,-0.5(-0.79 %),148430,9355875000,0,0,63000,63500,62500
2013-09-13,17.69,63000,0(0.00 %),195260,12341910000,30000,1890000000,62500,64000,62500
2013-09-16,17.55,62500,-0.5(-0.79 %),266060,16737870000,540000,33750000000,63500,63500,62500
2013-09-17,17.55,62500,0(0.00 %),116100,7269245000,0,0,63000,63000,62500
2013-09-18,17.55,62500,0(0.00 %),153790,9598480000,2227273,139204563000,62500,63000,62000
2013-09-19,17.55,62500,0(0.00 %),170480,10657500000,0,0,63000,63000,62500
2013-09-20,17.27,61500,-1(-1.60 %),883320,54378595000,0,0,62500,62500,61500
2013-09-23,17.41,62000,0.5(0.81 %),69140,4276510000,905000,54300000000,62500,62500,61500
2013-09-24,17.55,62500,0.5(0.81 %),176720,10995515000,662500,41406250000,61500,62500,61500
2013-09-25,17.41,62000,-0.5(-0.80 %),325130,20211400000,0,0,62500,63000,62000
2013-09-26,17.55,62500,0.5(0.81 %),141530,8813360000,0,0,62000,63000,62000
2013-09-27,17.55,62500,0(0.00 %),137190,8571345000,0,0,62500,63000,62000
2013-09-30,17.55,62500,0(0.00 %),369040,23062710000,432000,26784000000,62500,63000,62000
2013-10-01,17.41,62000,-0.5(-0.80 %),432890,27020790000,0,0,62500,63000,62000
2013-10-02,17.55,62500,0.5(0.81 %),276360,17279600000,0,0,62500,63000,62000
2013-10-03,17.55,62500,0(0.00 %),212530,13290355000,0,0,63000,63000,62000
2013-10-04,17.69,63000,0.5(0.80 %),382690,23968995000,0,0,62500,63000,62500
2013-10-07,17.97,64000,1(1.59 %),472720,29901580000,0,0,63000,64000,62500
2013-10-08,17.97,64000,0(0.00 %),1562330,100154360000,0,0,64000,65000,64000
2013-10-09,17.97,64000,0(0.00 %),87560,5600790000,0,0,64500,64500,63500
2013-10-10,17.97,64000,0(0.00 %),163200,10377675000,0,0,64000,64000,63000
2013-10-11,17.97,64000,0(0.00 %),242240,15505140000,0,0,64000,64500,63500
2013-10-14,17.83,63500,-0.5(-0.78 %),57260,3636975000,0,0,64000,64000,63000
2013-10-15,17.97,64000,0.5(0.79 %),186260,11870715000,0,0,63000,64000,63000
2013-10-16,18.11,64500,0.5(0.78 %),363210,23334050000,0,0,64000,65000,64000
2013-10-17,18.25,65000,0.5(0.78 %),251590,16348260000,0,0,64500,65500,64500
2013-10-18,18.39,65500,0.5(0.77 %),208190,13529765000,0,0,65000,65500,64000
2013-10-21,18.53,66000,0.5(0.76 %),247830,16323265000,40000,2634600000,65500,66500,65000
2013-10-22,18.67,66500,0.5(0.76 %),247120,16431880000,147100,9281867000,66000,67000,66000
2013-10-23,18.95,67500,1(1.50 %),255940,17180790000,51500,3457092000,67000,67500,66500
2013-10-24,18.67,66500,-1(-1.48 %),133480,8921195000,0,0,67500,67500,66000
2013-10-25,18.67,66500,0(0.00 %),71350,4739635000,30000,2100000000,66500,67000,66000
2013-10-28,18.53,66000,-0.5(-0.75 %),52520,3468715000,0,0,66500,66500,65500
2013-10-29,18.53,66000,0(0.00 %),90160,5938260000,0,0,65500,66000,65000
2013-10-30,18.81,67000,1(1.52 %),182310,12181415000,0,0,66500,67000,66000
2013-10-31,18.95,67500,0.5(0.75 %),132420,8893535000,0,0,67000,67500,67000
2013-11-01,18.81,67000,-0.5(-0.74 %),81420,5452645000,350000,22645000000,67500,67500,66500
2013-11-04,18.81,67000,0(0.00 %),88640,5926270000,0,0,67000,67500,66000
2013-11-05,18.67,66500,-0.5(-0.75 %),90080,5964450000,0,0,66500,67500,65500
2013-11-06,18.67,66500,0(0.00 %),217440,14416970000,100000,7050000000,66000,67000,66000
2013-11-07,18.67,66500,0(0.00 %),198630,13180765000,0,0,66500,67000,65500
2013-11-08,18.53,66000,-0.5(-0.75 %),122590,8091465000,0,0,66000,66500,66000
2013-11-11,18.53,66000,0(0.00 %),74310,4882480000,0,0,66500,66500,65000
2013-11-12,18.53,66000,0(0.00 %),212900,13940495000,0,0,66000,66500,65000
2013-11-13,18.53,66000,0(0.00 %),257600,16989435000,280000,18480000000,65500,66500,65500
2013-11-14,18.67,66500,0.5(0.76 %),469050,30909955000,0,0,65000,66500,65000
2013-11-15,18.67,66500,0(0.00 %),482580,32071675000,0,0,66500,67000,66000
2013-11-18,18.81,67000,0.5(0.75 %),470600,31466550000,730000,49890000000,67000,68000,66500
2013-11-19,19.09,68000,1(1.49 %),355360,24057180000,0,0,67000,68000,66500
2013-11-20,19.09,68000,0(0.00 %),186590,12624985000,47100,3186880000,67500,68000,67000
2013-11-21,19.09,68000,0(0.00 %),229600,15673360000,0,0,68000,69000,67500
2013-11-22,19.09,68000,0(0.00 %),251730,17122305000,23540,1601167000,68000,68500,67500
2013-11-25,19.23,68500,0.5(0.74 %),229550,15725635000,0,0,68000,69000,68000
2013-11-26,19.23,68500,0(0.00 %),731520,49890140000,0,0,68500,68500,67000
2013-11-27,18.81,67000,-1.5(-2.19 %),522130,35296855000,0,0,68500,68500,67000
2013-11-28,19.09,68000,1(1.49 %),275520,18666085000,0,0,67500,68000,67000
2013-11-29,19.37,69000,1(1.47 %),358020,24528000000,0,0,68000,69000,68000
2013-12-02,19.65,70000,1(1.45 %),176520,12205015000,0,0,68500,70000,68500
2013-12-03,19.93,71000,1(1.43 %),282280,19919640000,1100000,75900000000,70000,71000,70000
2013-12-04,19.93,71000,0(0.00 %),69710,4944510000,180000,13500000000,70500,71500,70500
2013-12-05,19.93,71000,0(0.00 %),238180,16842630000,0,0,71000,71500,70000
2013-12-06,19.93,71000,0(0.00 %),81510,5751700000,0,0,70500,71000,70500
2013-12-09,19.93,71000,0(0.00 %),105100,7464250000,0,0,71500,71500,70500
2013-12-10,20.07,71500,0.5(0.70 %),311260,22158035000,0,0,71000,72000,70500
2013-12-11,20.07,71500,0(0.00 %),69190,4905645000,0,0,71500,71500,70500
2013-12-12,20.07,71500,0(0.00 %),44460,3162060000,0,0,71000,71500,71000
2013-12-13,19.93,71000,-0.5(-0.70 %),95740,6837090000,0,0,71000,72000,71000
2013-12-16,18.95,67500,-3.5(-4.93 %),300030,20438880000,540000,35910000000,70000,71000,67500
2013-12-17,19.65,70000,2.5(3.70 %),158210,10781010000,0,0,68000,70000,67500
2013-12-18,19.93,71000,1(1.43 %),54910,3830830000,0,0,70000,71000,68500
2013-12-19,19.65,70000,-1(-1.41 %),210000,14594290000,0,0,69500,70500,69000
2013-12-20,18.53,66000,-4(-5.71 %),610150,40418715000,960000,66240000000,70000,70000,66000
2013-12-23,19.65,70000,4(6.06 %),78040,5377560000,306700,21469000000,68000,70000,67500
2013-12-24,19.51,69500,-0.5(-0.71 %),130170,9010465000,0,0,69000,70000,68500
2013-12-25,19.37,69000,-0.5(-0.72 %),164890,11365370000,0,0,69500,69500,68000
2013-12-26,19.65,70000,1(1.45 %),465220,32518560000,0,0,69000,70500,68500
2013-12-27,19.65,70000,0(0.00 %),149540,10465410000,0,0,70500,70500,69000
2013-12-30,19.37,69000,-1(-1.43 %),244580,16935300000,3200000,224000000000,70000,70000,68500
2013-12-31,19.65,70000,1(1.45 %),96990,6739865000,0,0,70000,70500,68000
2014-01-02,19.65,70000,0(0.00 %),74950,5240700000,0,0,70000,70500,69500
2014-01-03,19.79,70500,0.5(0.71 %),91920,6434515000,0,0,70000,70500,69500
2014-01-06,19.79,70500,0(0.00 %),111760,7835635000,0,0,70500,70500,69500
2014-01-07,19.79,70500,0(0.00 %),294120,20728095000,200000,14100000000,70500,70500,70000
2014-01-08,19.65,70000,-0.5(-0.71 %),109890,7694635000,100000,7050000000,70000,70500,70000
2014-01-09,19.79,70500,0.5(0.71 %),185370,12996450000,20000,1400000000,70000,70500,69500
2014-01-10,19.93,71000,0.5(0.71 %),143010,10154800000,0,0,71000,71500,70500
2014-01-13,19.93,71000,0(0.00 %),102090,7249295000,0,0,71500,71500,70500
2014-01-14,19.79,70500,-0.5(-0.70 %),111540,7873990000,0,0,71000,71000,70500
2014-01-15,19.79,70500,0(0.00 %),165250,11606680000,0,0,70000,71000,70000
2014-01-16,19.79,70500,0(0.00 %),53630,3768580000,0,0,70500,70500,70000
2014-01-17,20.36,72500,2(2.84 %),561090,41195610000,0,0,70500,75000,70500
2014-01-20,21.34,76000,3.5(4.83 %),1235820,93655395000,0,0,73500,77000,73500
2014-01-21,22.32,79500,3.5(4.61 %),659560,50975170000,0,0,77000,80000,73500
2014-01-22,21.62,77000,-2.5(-3.14 %),418970,33000485000,30000,2370000000,79500,80000,77000
2014-01-23,21.2,75500,-1.5(-1.95 %),130540,9900100000,30000,2275140000,77000,77000,75000
2014-01-24,21.48,76500,1(1.32 %),191230,14429335000,0,0,76000,76500,75000
2014-01-27,21.48,76500,0(0.00 %),148840,11348975000,0,0,76500,76500,76000
2014-02-06,21.2,75500,-1(-1.31 %),263650,19859285000,0,0,76500,76500,74500
2014-02-07,20.92,74500,-1(-1.32 %),223270,16679095000,0,0,76500,76500,74000
2014-02-10,21.34,76000,1.5(2.01 %),94390,7122555000,0,0,74500,76000,74500
2014-02-11,21.48,76500,0.5(0.66 %),613520,46877365000,624075,46181550000,77000,77000,76000
2014-02-12,21.76,77500,1(1.31 %),165600,12704635000,437850,32400900000,76500,77500,76000
2014-02-13,21.9,78000,0.5(0.65 %),289440,22452440000,0,0,77500,78000,77000
2014-02-14,21.62,77000,-1(-1.28 %),146690,11370300000,0,0,78000,78500,77000
2014-02-17,21.48,76500,-0.5(-0.65 %),178110,13612045000,400000,30400000000,77000,77000,76000
2014-02-18,21.9,78000,1.5(1.96 %),306040,23781790000,0,0,78000,78500,77000
2014-02-19,22.04,78500,0.5(0.64 %),194840,15262765000,1000000,75000000000,79000,79000,77500
2014-02-20,22.04,78500,0(0.00 %),213160,16585760000,1000000,75000000000,78500,78500,77000
2014-02-21,21.76,77500,-1(-1.27 %),148430,11560105000,43600,3395699000,78500,78500,77500
2014-02-24,21.9,78000,0.5(0.65 %),86730,6727760000,0,0,78500,78500,77500
2014-02-25,21.9,78000,0(0.00 %),143390,11174925000,600000,45000000000,77500,78500,77500
2014-02-26,21.76,77500,-0.5(-0.64 %),107900,8368590000,0,0,78000,78000,77000
2014-02-27,21.9,78000,0.5(0.65 %),155860,12123835000,33000,2566971000,78000,78000,77000
2014-02-28,21.48,76500,-1.5(-1.92 %),183980,14241995000,0,0,78000,78000,76500
2014-03-03,20.92,74500,-2(-2.61 %),298310,22592450000,0,0,77000,77500,74000
2014-03-04,20.64,73500,-1(-1.34 %),364470,26787615000,0,0,74000,74500,72500
2014-03-05,20.92,74500,1(1.36 %),333980,24848915000,43640,3246947000,74000,75000,73500
2014-03-06,20.92,74500,0(0.00 %),209630,15748520000,0,0,74500,76000,74500
2014-03-07,21.06,75000,0.5(0.67 %),93650,7009610000,43640,3266410000,74500,75500,74500
2014-03-10,21.2,75500,0.5(0.67 %),112090,8461620000,0,0,75500,76000,75000
2014-03-11,21.06,75000,-0.5(-0.66 %),100320,7534870000,66860,5082232000,75500,76000,74500
2014-03-12,21.62,77000,2(2.67 %),525690,40527655000,0,0,76500,78000,76000
2014-03-13,21.62,77000,0(0.00 %),297830,22876135000,35350,2715198000,77000,77500,76500
2014-03-14,21.34,76000,-1(-1.30 %),321940,24582810000,35000,2668750000,77000,77000,75500
2014-03-17,22.04,78500,2.5(3.29 %),1132960,87878720000,1370000,102730000000,77000,78500,77000
2014-03-18,21.76,77500,-1(-1.27 %),1153490,89478555000,1420000,104450840000,77500,78000,77000
2014-03-19,21.76,77500,0(0.00 %),430220,33327255000,291180,22556550000,77000,78000,77000
2014-03-20,21.48,76500,-1(-1.29 %),424610,32622040000,0,0,77500,78000,76500
2014-03-21,22.04,78500,2(2.61 %),2543040,199268155000,0,0,77500,78500,77000
2014-03-24,21.9,78000,-0.5(-0.64 %),238500,18527170000,0,0,78000,78500,77000
2014-03-25,21.48,76500,-1.5(-1.92 %),205980,15824300000,0,0,77500,77500,76500
2014-03-26,20.64,73500,-3(-3.92 %),316700,23775495000,0,0,76500,76500,73000
2014-03-27,20.92,74500,1(1.36 %),570750,41811690000,682500,49842500000,74500,74500,72000
2014-03-28,20.78,74000,-0.5(-0.67 %),300040,22267040000,20000,1483000000,75000,75000,74000
2014-03-31,20.64,73500,-0.5(-0.68 %),230690,16971595000,20000,1480000000,75000,75000,73500
2014-04-01,20.36,72500,-1(-1.36 %),398500,28979895000,590000,40786000000,73500,73500,72000
2014-04-02,20.36,72500,0(0.00 %),836130,59958085000,170000,11730000000,72500,73000,71000
2014-04-03,20.64,73500,1(1.38 %),142310,10433855000,0,0,73000,74000,73000
2014-04-04,20.64,73500,0(0.00 %),825720,60637345000,22081570,1513587545000,73500,74000,73000
2014-04-07,20.5,73000,-0.5(-0.68 %),816100,59812290000,880000,64330000000,73500,74000,73000
2014-04-08,19.93,71000,-2(-2.74 %),875040,62618710000,0,0,72500,73000,71000
2014-04-10,19.79,70500,-0.5(-0.70 %),1327050,94167880000,252800,17431928000,72000,72500,70000
2014-04-11,19.37,69000,-1.5(-2.13 %),494540,34277455000,46800,3243802000,69500,70000,68500
2014-04-14,19.23,68500,-0.5(-0.72 %),766980,52308450000,46800,3191807000,69000,69000,67500
2014-04-15,19.09,68000,-0.5(-0.73 %),656970,44831770000,43550,2971852000,68000,69500,67500
2014-04-16,18.53,66000,-2(-2.94 %),858690,57142545000,96800,6414353000,67500,68000,65500
2014-04-17,18.67,66500,0.5(0.76 %),872910,58094395000,43550,2898383000,66500,67500,66000
2014-04-18,18.25,65000,-1.5(-2.26 %),654850,42733310000,233750,15193750000,66500,66500,64500
2014-04-21,18.11,64500,-0.5(-0.77 %),385040,24939460000,0,0,65000,65500,64000
2014-04-22,18.53,66000,1.5(2.33 %),898000,58385885000,46880,3048044000,64000,66000,64000
2014-04-23,18.81,67000,1(1.52 %),779980,52314450000,0,0,66500,68000,66000
2014-04-24,18.81,67000,0(0.00 %),319690,21358210000,0,0,67000,67500,66500
2014-04-25,18.81,67000,0(0.00 %),642550,42898970000,0,0,66500,67500,66500
2014-04-28,18.39,65500,-1.5(-2.24 %),452850,29828535000,0,0,67000,67000,65000
2014-04-29,18.25,65000,-0.5(-0.76 %),588810,38454620000,0,0,65500,66500,64500
2014-05-05,17.97,64000,-1(-1.54 %),768250,49410410000,85000,5142500000,65000,65000,64000
2014-05-06,17.83,63500,-0.5(-0.78 %),877520,55024030000,75000,4537500000,62500,63500,62000
2014-05-07,18.11,64500,1(1.57 %),391550,25099030000,22000,1419000000,62500,65000,62500
2014-05-08,17.55,62500,-2(-3.10 %),1477880,91835995000,0,0,63000,63000,60500
2014-05-09,17.97,64000,1.5(2.40 %),609100,38639455000,0,0,62000,64000,62000
2014-05-12,17.55,62500,-1.5(-2.34 %),475820,29249140000,0,0,63500,63500,60500
2014-05-13,17.55,62500,0(0.00 %),193560,11929550000,0,0,61000,62500,61000
2014-05-14,18.11,64500,2(3.20 %),360580,22917655000,35000,2224530000,62000,65000,62000
2014-05-15,18.11,64500,0(0.00 %),251360,16157110000,62980,4042938000,64500,65500,63000
2014-05-16,18.25,65000,0.5(0.78 %),138200,8944255000,700000,45500000000,63500,65500,63500
2014-05-19,18.81,67000,2(3.08 %),651700,43295405000,0,0,66000,67000,65500
2014-05-20,18.67,66500,-0.5(-0.75 %),74920,4954385000,0,0,66000,67000,65000
2014-05-21,18.81,67000,0.5(0.75 %),510090,34062120000,0,0,67000,67500,66000
2014-05-22,18.53,66000,-1(-1.49 %),283130,18976905000,0,0,67000,67500,66000
2014-05-23,18.67,66500,0.5(0.76 %),188440,12528765000,0,0,66500,67000,66000
2014-05-26,18.81,67000,0.5(0.75 %),336430,22573265000,0,0,66500,67500,66000
2014-05-27,18.81,67000,0(0.00 %),151300,10115425000,0,0,67000,67000,66500
2014-05-28,18.67,66500,-0.5(-0.75 %),139920,9305300000,70530,4690527000,67000,67000,66000
2014-05-29,18.81,67000,0.5(0.75 %),227100,15191450000,0,0,66500,67500,66500
2014-05-30,19.23,68500,1.5(2.24 %),455870,30868380000,35000,2369955000,67000,68500,66000
2014-06-02,18.95,67500,-1(-1.46 %),206710,13948230000,0,0,68000,68000,67000
2014-06-03,18.81,67000,-0.5(-0.74 %),148340,9940105000,0,0,67500,67500,67000
2014-06-04,18.11,64500,-2.5(-3.73 %),107760,7009300000,0,0,67000,67000,64000
2014-06-05,18.25,65000,0.5(0.78 %),94140,6088550000,0,0,64500,65500,63500
2014-06-06,18.25,65000,0(0.00 %),107290,6974370000,0,0,65000,65500,65000
2014-06-09,18.53,66000,1(1.54 %),112650,7377315000,0,0,65500,66000,65000
2014-06-10,18.39,65500,-0.5(-0.76 %),178030,11665750000,0,0,66000,66000,65000
2014-06-11,18.39,65500,0(0.00 %),87450,5729715000,0,0,65500,66000,65500
2014-06-12,18.25,65000,-0.5(-0.76 %),158980,10390040000,0,0,65500,66000,65000
2014-06-13,18.11,64500,-0.5(-0.77 %),154110,9996750000,0,0,65000,65500,64500
2014-06-16,18.25,65000,0.5(0.78 %),128740,8353350000,904000,59664000000,64500,65000,64500
2014-06-17,18.11,64500,-0.5(-0.77 %),137500,8874210000,0,0,64500,65000,64000
2014-06-18,18.25,65000,0.5(0.78 %),195090,12616795000,200000,12934200000,64500,65000,64000
2014-06-19,17.83,63500,-1.5(-2.31 %),224650,14349115000,0,0,64500,64500,63500
2014-06-20,17.55,62500,-1(-1.57 %),1200250,75288370000,0,0,64000,65000,62500
2014-06-23,17.83,63500,1(1.60 %),289800,18431135000,62330,3964188000,63500,64000,63000
2014-06-24,17.83,63500,0(0.00 %),289340,18374960000,151890,9645926000,63500,64000,63000
2014-06-25,18.11,64500,1(1.57 %),277900,17822225000,0,0,63500,64500,63500
2014-06-26,18.11,64500,0(0.00 %),165720,10696830000,0,0,64500,65000,64000
2014-06-27,17.83,63500,-1(-1.55 %),75660,4847095000,0,0,64500,64500,63500
2014-06-30,17.97,64000,0.5(0.79 %),213360,13613215000,162000,10336248000,63500,64000,63000
2014-07-01,18.11,64500,0.5(0.78 %),183330,11811810000,0,0,64000,65000,64000
2014-07-02,18.11,64500,0(0.00 %),47370,3055405000,0,0,64500,65000,64000
2014-07-03,18.39,65500,1(1.55 %),198570,12919260000,0,0,65000,65500,64500
2014-07-04,18.67,66500,1(1.53 %),271870,17960345000,5520920,361620260000,65500,66500,65000
2014-07-07,19.93,71000,4.5(6.77 %),662250,47019750000,0,0,71000,71000,71000
2014-07-08,20.07,71500,0.5(0.70 %),1315750,95748355000,60460,4299760000,75000,75000,71000
2014-07-09,19.93,71000,-0.5(-0.70 %),307680,21932525000,100000,7150000000,71500,72000,71000
2014-07-10,19.51,69500,-1.5(-2.11 %),289160,20256970000,50000,3550000000,71000,71000,69000
2014-07-11,19.51,69500,0(0.00 %),446060,31026225000,0,0,69000,70000,69000
2014-07-14,19.51,69500,0(0.00 %),274390,19070680000,0,0,70000,70500,69000
2014-07-15,19.65,70000,0.5(0.72 %),323760,22662035000,0,0,69500,70500,69500
2014-07-16,19.65,70000,0(0.00 %),405580,28431295000,0,0,70500,70500,69500
2014-07-17,19.37,69000,-1(-1.43 %),256930,17806110000,0,0,70000,70000,69000
2014-07-18,19.65,70000,1(1.45 %),781080,54410000000,1988550,137209950000,69000,71000,69000
2014-07-21,19.79,70500,0.5(0.71 %),756480,53534000000,0,0,71000,72000,70000
2014-07-22,19.65,70000,-0.5(-0.71 %),218190,15358000000,61000,4293180000,70500,71000,70000
2014-07-23,19.65,70000,0(0.00 %),149720,10492000000,0,0,70500,70500,70000
2014-07-24,19.79,70500,0.5(0.71 %),730540,51317075000,0,0,70000,71000,69500
2014-07-25,20.5,73000,2.5(3.55 %),1328790,96007000000,0,0,71000,74000,70500
2014-07-28,20.21,72000,-1(-1.37 %),509880,36909000000,0,0,73000,73000,72000
2014-07-29,20.5,73000,1(1.39 %),397580,28821000000,543000,36381000000,73000,73000,71500
2014-07-30,20.5,73000,0(0.00 %),331720,24192000000,6847640,483443384000,73000,73500,72500
2014-07-31,20.78,74000,1(1.37 %),803780,59140000000,50000,3500000000,73000,74500,72500
2014-08-01,21.2,75500,1.5(2.03 %),638690,48030000000,3209900,237532600000,74000,76000,73500
2014-08-04,21.9,78000,2.5(3.31 %),979240,75854000000,0,0,75500,78500,75500
2014-08-05,21.62,77000,-1(-1.28 %),1891980,145566000000,0,0,78000,78000,76500
2014-08-06,22.38,77500,0.5(0.65 %),1804610,138121000000,2780328,211304928000,75500,78500,74500
2014-08-07,22.24,77000,-0.5(-0.65 %),629310,48357000000,0,0,76500,77500,76500
2014-08-08,21.95,76000,-1(-1.30 %),871560,66214000000,4319600,332609200000,76000,77000,75500
2014-08-11,21.95,76000,0(0.00 %),624140,46904000000,0,0,75500,76000,75000
2014-08-12,22.67,78500,2.5(3.29 %),1732400,134404000000,0,0,76000,78500,76000
2014-08-13,22.53,78000,-0.5(-0.64 %),1657240,128695000000,0,0,77500,78500,77000
2014-08-14,22.67,78500,25.8(48.96 %),1829170,142894000000,1050000,78905500000,78500,79000,77000
2014-08-15,22.38,77500,-1(-1.27 %),2248120,176182000000,730000,56940000000,79000,79500,77500
2014-08-18,22.53,78000,0.5(0.65 %),615090,48017000000,0,0,78000,79000,77500
2014-08-19,22.53,78000,0(0.00 %),704120,55021000000,1217362,91845555000,78500,79000,77500
2014-08-20,22.24,77000,-1(-1.28 %),770600,59800000000,715000,54315000000,78000,78500,77000
2014-08-21,22.38,77500,0.5(0.65 %),1112210,85922000000,8329602,646034155000,77500,78000,76000
2014-08-22,22.82,79000,25.9(48.78 %),1635580,129355510000,0,0,77500,80000,77500
2014-08-25,23.25,80500,1.5(1.90 %),1655160,132653000000,2656384,204915968000,80000,81000,79500
2014-08-26,24.69,74900,-23(-28.57 %),717890,41278000000,0,0,74900,74900,74900
2014-08-27,24.69,57500,0(0.00 %),3137220,183586200000,0,0,59000,60000,57500
2014-08-28,24.05,56000,-1.5(-2.61 %),3366640,190545440000,0,0,57500,57500,55500
2014-08-29,25.12,58500,2.5(4.46 %),3117820,177290000000,15125000,847000000000,57000,59500,55500
2014-09-03,24.91,58000,-0.5(-0.85 %),3399560,197965000000,3752900,215078699000,58500,59000,57500
2014-09-04,24.69,57500,-0.5(-0.86 %),2269860,130529000000,46299,2662193000,57500,58000,57000
2014-09-05,23.84,55500,-2(-3.48 %),5229900,294275000000,1390590,77177745000,57000,57500,55500
2014-09-08,24.26,56500,1(1.80 %),1466720,82604320000,0,0,56000,57500,56000
2014-09-09,23.84,55500,-1(-1.77 %),1881730,104630150000,700000,40250000000,56500,56500,54500
2014-09-10,23.62,55000,-0.5(-0.90 %),3656420,200943920000,55000,3045700000,55000,56000,54000
2014-09-11,23.41,54500,-0.5(-0.91 %),2160590,117938345000,0,0,55000,56000,54500
2014-09-12,23.84,55500,1(1.83 %),1671630,92381260000,0,0,55000,56000,55000
2014-09-15,23.41,54500,-1(-1.80 %),1576130,86523765000,0,0,55500,56000,54500
2014-09-16,23.41,54500,0(0.00 %),2744360,147754965000,0,0,54500,54500,53000
2014-09-17,23.41,54500,0(0.00 %),1987090,107403535000,0,0,55000,55000,53500
2014-09-18,23.41,54500,0(0.00 %),1683380,90671945000,0,0,54500,54500,53500
2014-09-19,23.41,54500,0(0.00 %),3504070,190805770000,0,0,54000,55500,53500
2014-09-22,23.41,54500,0(0.00 %),750170,41165800000,0,0,55000,55500,54500
2014-09-23,24.05,56000,1.5(2.75 %),1498020,82718165000,0,0,54500,56000,54500
2014-09-24,23.84,55500,-0.5(-0.89 %),1182150,65680170000,0,0,56000,56000,55000
2014-09-25,22.33,52000,-3.5(-6.31 %),7753290,407292855000,0,0,54000,54000,52000
2014-09-26,22.12,51500,-0.5(-0.96 %),2115680,110045535000,71320,3708640000,51500,53000,51500
2014-09-29,20.83,48500,-3(-5.83 %),2850510,140293900000,239743,11819330000,51000,51000,48200
2014-09-30,20.61,48000,-0.5(-1.03 %),4871710,227907160000,0,0,47600,48600,45800
2014-10-01,21.26,49500,1.5(3.12 %),1688520,82703430000,402840,19791529000,48000,49500,48000
2014-10-02,21.04,49000,-0.5(-1.01 %),2455680,120424480000,0,0,49500,49500,48600
2014-10-03,21.47,50000,1(2.04 %),4304000,213753870000,4064199,199958591000,48600,51500,48300
2014-10-06,21.9,51000,1(2.00 %),1352160,69148110000,30000,1515000000,51000,52000,50500
2014-10-07,21.69,50500,-0.5(-0.98 %),1531200,77483240000,0,0,51500,51500,50500
2014-10-08,21.43,49900,-0.6(-1.19 %),1628530,81702220000,0,0,50000,51000,49900
2014-10-09,21.0,48900,-1(-2.00 %),3946480,194136140000,0,0,50000,50500,48800
2014-10-10,20.87,48600,-0.3(-0.61 %),1715080,83960430000,0,0,48700,49700,48400
2014-10-13,20.96,48800,0.2(0.41 %),1207120,58935579000,0,0,48600,49400,48600
2014-10-14,20.66,48100,-0.7(-1.43 %),2095390,102000000000,55000,2860000000,48800,49000,48100
2014-10-15,20.49,47700,-0.4(-0.83 %),1838510,87700000000,0,0,48000,48100,47300
2014-10-16,19.97,46500,-1.2(-2.52 %),2950030,138000000000,0,0,47400,47700,46000
2014-10-17,19.88,46300,-0.2(-0.43 %),2491500,115000000000,0,0,46200,46900,45700
2014-10-20,20.18,47000,0.7(1.51 %),1219710,57400000000,0,0,46500,48000,46400
2014-10-21,21.0,48900,1.9(4.04 %),2846410,137000000000,0,0,47300,48900,47200
2014-10-22,20.61,48000,-0.9(-1.84 %),2071480,100000000000,0,0,49000,49400,48000
2014-10-23,20.31,47300,-0.7(-1.46 %),1575350,75000000000,0,0,47700,48200,47300
2014-10-24,20.49,47700,0.4(0.85 %),740530,35151639000,0,0,47300,47900,47100
2014-10-27,20.14,46900,-0.8(-1.68 %),1231950,58121700000,0,0,47300,47800,46700
2014-10-28,20.1,46800,-0.1(-0.21 %),912980,42841296000,0,0,46800,47200,46700
2014-10-29,20.49,47700,0.9(1.92 %),1124220,53271544000,0,0,47200,47700,46900
2014-10-30,20.44,47600,-0.1(-0.21 %),772160,36834626000,0,0,47800,48000,47500
2014-10-31,20.61,48000,0.4(0.84 %),970860,46193362000,100000,4730000000,47600,48000,47100
2014-11-03,21.13,49200,1.2(2.50 %),2671730,0,0,0,48500,49400,48400
2014-11-04,20.83,48500,-0.7(-1.42 %),1086740,53072229000,200000,9790000000,48800,49200,48400
2014-11-05,20.83,48500,0(0.00 %),751310,36225323000,0,0,48500,48700,47900
2014-11-06,20.66,48100,-0.4(-0.82 %),747280,36007144000,0,0,48600,48600,48000
2014-11-07,20.74,48300,0.2(0.42 %),567090,27305585000,0,0,48100,48300,47900
2014-11-10,20.92,48700,0.4(0.83 %),1522760,74281377000,0,0,48300,49200,48300
2014-11-11,20.87,48600,-0.1(-0.21 %),761240,36999539000,0,0,48700,48800,48400
2014-11-12,20.96,48800,0.2(0.41 %),1106560,54031141000,0,0,48600,49000,48600
2014-11-13,20.96,48800,0(0.00 %),934660,45636038000,0,0,48800,49100,48600
2014-11-14,21.22,49400,0.6(1.23 %),2765430,135683012000,0,0,48800,49500,48500
2014-11-17,21.3,49600,0.2(0.40 %),1164180,57921880000,0,0,49500,49900,49400
2014-11-18,20.83,48500,-1.1(-2.22 %),1353050,66139241000,0,0,49300,49400,48500
2014-11-19,20.79,48400,-0.1(-0.21 %),884820,42830609000,0,0,48300,48600,48200
2014-11-20,20.7,48200,-0.2(-0.41 %),835340,40380540000,240560,11628670000,48500,48800,48200
2014-11-21,20.61,48000,-0.2(-0.41 %),948120,45565400000,70500,3387525000,48200,48400,47900
2014-11-24,20.61,48000,0(0.00 %),781250,37489850000,0,0,48000,48600,47500
2014-11-25,21.17,49300,1.3(2.71 %),1661680,81196750000,0,0,48300,49300,48200
2014-11-26,20.79,48400,-0.9(-1.83 %),1543650,75556920000,96000,4691520000,49500,49500,48400
2014-11-27,20.7,48200,-0.2(-0.41 %),360070,17365350000,0,0,48500,48500,48000
2014-11-28,20.74,48300,0.1(0.21 %),1001310,48904740000,0,0,48500,49100,48300
2014-12-01,20.87,48600,0.3(0.62 %),403800,19645710000,158000,7686700000,48300,49000,48300
2014-12-02,20.83,48500,-0.1(-0.21 %),868170,42253930000,0,0,48900,48900,48500
2014-12-03,20.74,48300,-0.2(-0.41 %),1457650,70468260000,45000,2176200000,48500,48600,48200
2014-12-04,20.79,48400,0.1(0.21 %),516730,25064560000,0,0,48400,48700,48300
2014-12-05,20.92,48700,0.3(0.62 %),890450,43372180000,0,0,48400,48900,48400
2014-12-08,21.0,48900,0.2(0.41 %),985520,48090330000,30000,1560000000,48800,49100,48400
2014-12-09,20.53,47800,-1.1(-2.25 %),1396920,67185090000,0,0,48700,48800,47400
2014-12-10,20.92,48700,0.9(1.88 %),765320,36956370000,0,0,47500,48900,47500
2014-12-11,20.7,48200,-0.5(-1.03 %),1202410,58384020000,30000,1359000000,48000,49000,48000
2014-12-12,20.7,48200,0(0.00 %),672740,32423987000,200000,9635800000,48100,48500,48100
2014-12-15,20.66,48100,-0.1(-0.21 %),412390,19847500000,0,0,48200,48300,48000
2014-12-16,20.18,47000,-1.1(-2.29 %),1232870,58387270000,9343248,448475904000,48000,48000,46900
2014-12-17,19.33,45000,-2(-4.26 %),2256690,103183620000,600000,29880000000,47000,47200,44000
2014-12-18,20.23,47100,2.1(4.67 %),1089700,50183510000,2205000,94125500000,45700,47200,45100
2014-12-19,20.18,47000,-0.1(-0.21 %),3336130,156779960000,600000,29940000000,46800,47600,46600
2014-12-22,20.18,47000,0(0.00 %),835050,39488480000,18001837,851008785000,47400,47400,47000
2014-12-23,19.97,46500,-0.5(-1.06 %),196630,9191710000,0,0,47000,47200,46400
2014-12-24,20.06,46700,0.2(0.43 %),110740,5177980000,0,0,46900,46900,46500
2014-12-25,19.71,45900,-0.8(-1.71 %),165880,7664870000,11247461,528630667000,46800,46800,45900
2014-12-26,20.01,46600,0.7(1.53 %),824220,38063595000,6293636,293400892000,45900,46900,45400
2014-12-29,20.14,46900,0.3(0.64 %),446970,20882657000,0,0,46100,47100,46100
2014-12-30,20.4,47500,0.6(1.28 %),1029140,48544224000,75000,3537750000,47200,47500,47000
2014-12-31,20.49,47700,0.2(0.42 %),334990,15979802000,0,0,47600,48000,47400
2015-01-05,20.44,47600,-0.1(-0.21 %),320790,15252707000,0,0,47700,47700,47300
2015-01-06,20.53,47800,0.2(0.42 %),462360,22004104000,0,0,47400,47800,47300
2015-01-07,20.49,47700,-0.1(-0.21 %),319600,15250836000,100000,4771900000,47800,48000,47500
2015-01-08,20.61,48000,0.3(0.63 %),788420,37907146000,0,0,47700,48400,47700
2015-01-09,20.53,47800,-0.2(-0.42 %),969330,46844103000,0,0,48000,48600,47800
2015-01-12,20.31,47300,-0.5(-1.05 %),472380,22608433000,0,0,47800,48200,47300
2015-01-13,20.23,47100,-0.2(-0.42 %),784490,36962625000,66700,3142704000,47200,47600,46900
2015-01-14,20.23,47100,0(0.00 %),585600,27587694000,0,0,47400,47400,47000
2015-01-15,20.36,47400,0.3(0.64 %),826580,38924407000,0,0,47100,47500,46800
2015-01-16,20.31,47300,-0.1(-0.21 %),275570,12999247000,0,0,47400,47400,47000
2015-01-19,20.31,47300,0(0.00 %),407620,19362804000,0,0,47300,47900,47200
2015-01-20,20.23,47100,-0.2(-0.42 %),316350,14982512000,0,0,47400,47600,47100
2015-01-21,20.23,47100,0(0.00 %),227060,10713247000,0,0,47100,47400,47100
2015-01-22,20.23,47100,0(0.00 %),204950,9666804000,0,0,47400,47400,47100
2015-01-23,20.61,48000,0.9(1.91 %),770380,36798728000,0,0,47400,48000,47300
2015-01-26,20.7,48200,0.2(0.42 %),241650,11669843000,0,0,48500,48900,48000
2015-01-27,20.61,48000,-0.2(-0.41 %),517330,24805672000,0,0,48200,48300,47400
2015-01-28,20.44,47600,-0.4(-0.83 %),323250,15400078000,0,0,47600,48000,47500
2015-01-29,20.44,47600,0(0.00 %),185770,8839810000,0,0,47600,47800,47400
2015-01-30,20.61,48000,0.4(0.84 %),938950,45167030000,100000,4830000000,47700,48400,47600
2015-02-02,20.49,47700,-0.3(-0.62 %),408830,19591000000,0,0,48000,48100,47700
2015-02-03,20.14,46900,-0.8(-1.68 %),304890,14393000000,0,0,47700,47800,46900
2015-02-04,20.14,46900,0(0.00 %),754650,35304000000,0,0,47300,47300,46500
2015-02-05,20.1,46800,-0.1(-0.21 %),264080,12364000000,0,0,46700,47000,46700
2015-02-06,20.14,46900,0.1(0.21 %),160630,7540000000,0,0,47000,47200,46800
2015-02-09,20.31,47300,0.4(0.85 %),437370,20713000000,0,0,46900,47500,46900
2015-02-10,20.27,47200,-0.1(-0.21 %),362290,17186000000,64000,3035520000,47500,47700,47200
2015-02-11,20.83,48500,1.3(2.75 %),894030,42952000000,0,0,47400,48500,47200
2015-02-12,21.47,50000,1.5(3.09 %),2221520,110008000000,0,0,48900,50000,48800
2015-02-13,21.69,50500,0.5(1.00 %),1455720,73520000000,0,0,50000,51500,50000
2015-02-24,22.12,51500,1(1.98 %),906580,46059000000,0,0,51000,51500,50000
2015-02-25,21.47,50000,-1.5(-2.91 %),756990,38248000000,34790,1757591000,51000,51500,50000
2015-02-26,21.43,49900,-0.1(-0.20 %),1158830,57712000000,0,0,50000,50500,49200
2015-02-27,21.26,49500,-0.4(-0.80 %),538120,26710000000,99870,4956548000,50000,50000,49500
2015-03-02,21.43,49900,0.4(0.81 %),788530,39243000000,100000,4902800000,49600,50000,49500
2015-03-03,22.33,52000,2.1(4.21 %),2373010,121667000000,337870,17734335000,49900,52500,49900
2015-03-04,22.12,51500,-0.5(-0.96 %),816360,42063000000,80000,4119200000,52000,52000,51000
2015-03-05,21.9,51000,-0.5(-0.97 %),845730,43058000000,0,0,51000,51500,50500
2015-03-06,21.43,49900,-1.1(-2.16 %),1493200,74836000000,238000,11900000000,50000,51000,49900
2015-03-09,21.34,49700,-0.2(-0.40 %),661550,32983000000,0,0,49900,50500,49600
2015-03-10,21.34,49700,0(0.00 %),895980,44442000000,0,0,49500,49900,49400
2015-03-11,21.17,49300,-0.4(-0.80 %),844110,41711000000,0,0,49700,49700,49200
2015-03-12,21.3,49600,0.3(0.61 %),814790,40294000000,0,0,49300,49900,49300
2015-03-13,21.3,49600,0(0.00 %),529480,26328000000,500000,24900000000,49600,49900,49500
2015-03-16,21.13,49200,-0.4(-0.81 %),1155790,56859000000,0,0,49500,49600,48900
2015-03-17,21.17,49300,0.1(0.20 %),332570,16384000000,345040,16996670000,49300,49400,49100
2015-03-18,21.17,49300,0(0.00 %),709890,34998000000,0,0,49300,49400,49200
2015-03-19,21.09,49100,-0.2(-0.41 %),787290,38678000000,490000,24058000000,49300,49500,48800
2015-03-20,20.87,48600,-0.5(-1.02 %),1952070,95033000000,200000,9732000000,49400,49400,48600
2015-03-23,20.74,48300,-0.3(-0.62 %),709040,34379000000,150000,7272000000,49100,49100,48200
2015-03-24,20.74,48300,0(0.00 %),1057820,51042000000,427000,20602750000,48300,48400,48100
2015-03-25,20.7,48200,-0.1(-0.21 %),637570,30752000000,63780,3076109000,48300,48400,48100
2015-03-26,20.4,47500,-0.7(-1.45 %),581580,27786000000,1689700,81079969000,48000,48200,47500
2015-03-27,20.23,47100,-0.4(-0.84 %),1097010,51846000000,90000,4253400000,48300,48300,47000
2015-03-30,20.01,46600,-0.5(-1.06 %),934790,43797000000,6758000,319257000000,47200,47300,46600
2015-03-31,20.18,47000,0.4(0.86 %),710820,33349000000,111900,5256429000,47200,47200,46600
2015-04-01,19.76,46000,-1(-2.13 %),482240,22330000000,465000,23157000000,46600,47000,46000
2015-04-02,19.88,46300,0.3(0.65 %),444740,20545000000,0,0,46400,46400,45900
2015-04-03,19.8,46100,-0.2(-0.43 %),311650,14379000000,0,0,46300,46300,46100
2015-04-06,19.71,45900,-0.2(-0.43 %),455810,20974000000,0,0,46100,46200,45900
2015-04-07,19.84,46200,0.3(0.65 %),672070,30900000000,465000,19995000000,45900,46200,45700
2015-04-08,19.76,46000,-0.2(-0.43 %),611130,28200000000,400000,18442000000,46200,46300,46000
2015-04-09,19.8,46100,0.1(0.22 %),639520,29578000000,1051590,49887358000,46000,46600,46000
2015-04-10,20.4,47500,1.4(3.04 %),1224360,57779000000,1759788,81860142000,46300,47900,46300
2015-04-13,20.87,48600,1.1(2.32 %),1697520,82088000000,375000,18131250000,47600,48700,47600
2015-04-14,20.44,47600,-1(-2.06 %),426570,20497000000,50000,2390000000,48700,48700,47600
2015-04-15,20.4,47500,-0.1(-0.21 %),443980,21070000000,1416830,67239584000,47800,47900,47100
2015-04-16,20.66,48100,0.6(1.26 %),601670,28968000000,0,0,47500,48400,47500
2015-04-17,20.96,48800,0.7(1.46 %),1078340,52785000000,30000,1470000000,48200,49400,48100
2015-04-20,20.87,48600,-0.2(-0.41 %),936960,45676000000,0,0,48600,49000,48500
2015-04-21,20.83,48500,-0.1(-0.21 %),591750,28810000000,0,0,48600,48900,48400
2015-04-22,20.87,48600,0.1(0.21 %),625130,30377000000,116190,5645672000,48800,48800,48500
2015-04-23,20.96,48800,0.2(0.41 %),584810,28526000000,450000,20340000000,48800,49000,48500
2015-04-24,20.96,48800,0(0.00 %),287890,14053000000,0,0,48800,49000,48700
2015-04-27,20.87,48600,-0.2(-0.41 %),242300,11827000000,4732370,245969945000,49000,49000,48600
2015-05-04,20.66,48100,-0.5(-1.03 %),1448720,69749000000,22000,1059960000,45200,48700,45200
2015-05-05,20.96,48800,0.7(1.46 %),762350,36907000000,4783178,243942078000,48100,48800,48000
2015-05-06,20.66,48100,-0.7(-1.43 %),186040,8957000000,2679760,129115646000,48800,48800,48000
2015-05-07,20.87,48600,0.5(1.04 %),262900,12709000000,635340,31989136000,48100,48600,48000
2015-05-08,20.74,48300,-0.3(-0.62 %),70990,3433000000,443040,21432909000,48600,48600,48300
2015-05-11,20.61,48000,-0.3(-0.62 %),309660,14943000000,395340,19075155000,48500,48500,48000
2015-05-12,20.4,47500,-0.5(-1.04 %),618510,29415000000,827700,38140290000,48200,48200,47000
2015-05-13,20.4,47500,0(0.00 %),555300,26264000000,300000,14220000000,47500,47600,46800
2015-05-14,20.36,47400,-0.1(-0.21 %),83130,3944000000,300000,14250000000,47500,47600,47300
2015-05-15,20.18,47000,-0.4(-0.84 %),458130,21630000000,0,0,47400,47700,47000
2015-05-18,19.88,46300,-0.7(-1.49 %),1655740,77450000000,100000,4677000000,47000,47100,46300
2015-05-19,20.01,46600,0.3(0.65 %),552310,25632000000,1231770,57154128000,46600,46700,46300
2015-05-20,20.23,47100,0.5(1.07 %),617150,29101000000,300000,14145000000,46600,47600,46600
2015-05-21,20.27,47200,0.1(0.21 %),387320,18235000000,300000,14124000000,47000,47500,46900
2015-05-22,20.83,48500,1.3(2.75 %),1058290,50720000000,595310,28343255000,47100,48500,46900
2015-05-25,20.7,48200,-0.3(-0.62 %),334190,16076000000,441760,21248656000,48300,48300,47700
2015-05-26,20.74,48300,0.1(0.21 %),623860,30167000000,1045610,50555244000,48100,48800,48100
2015-05-27,20.66,48100,-0.2(-0.41 %),712170,34485000000,2635000,127301700000,48500,48700,48100
2015-05-28,20.53,47800,-0.3(-0.62 %),623820,29917000000,605100,29014545000,48000,48200,47800
2015-05-29,20.4,47500,-0.3(-0.63 %),618530,29502000000,416530,19864316000,47800,48100,47500
2015-06-01,20.92,48700,1.2(2.53 %),1238300,60168000000,1500000,72600000000,48100,49200,48000
2015-06-02,20.66,48100,-0.6(-1.23 %),418090,20320000000,232384,11340339000,48800,48900,48100
2015-06-03,20.74,48300,0.2(0.42 %),766250,37065000000,31980,1546873000,48000,48600,48000
2015-06-04,20.96,48800,0.5(1.04 %),1277590,62316000000,578000,28072420000,48500,49000,48500
2015-06-05,20.96,48800,0(0.00 %),626020,30618000000,266920,12999888000,48800,49200,48600
2015-06-08,21.04,49000,0.2(0.41 %),593240,29162000000,0,0,48800,49500,48800
2015-06-09,21.04,49000,0(0.00 %),446220,21910000000,0,0,49200,49300,48900
2015-06-10,20.87,48600,-0.4(-0.82 %),476610,23260000000,75000,3660000000,49000,49100,48500
2015-06-11,21.13,49200,0.6(1.23 %),528030,25867000000,178000,8741580000,48600,49200,48600
2015-06-12,22.33,52000,2.8(5.69 %),2997570,151818000000,0,0,49400,52000,49300
2015-06-15,21.69,50500,-1.5(-2.88 %),850000,43355000000,0,0,52000,52000,50000
2015-06-16,21.69,50500,0(0.00 %),739750,37269000000,0,0,50500,51000,49900
2015-06-17,21.69,50500,0(0.00 %),653080,32873000000,0,0,50500,51500,49800
2015-06-18,21.69,50500,0(0.00 %),683660,34531000000,1096060,55351991000,50500,51000,50500
2015-06-19,21.9,51000,0.5(0.99 %),944200,48123000000,4100000,207100000000,51000,51500,50500
2015-06-22,22.12,51500,0.5(0.98 %),532730,27433000000,1600000,81600000000,51500,52000,51000
2015-06-23,22.33,52000,0.5(0.97 %),1356440,70372000000,8400000,430900000000,51500,52500,51000
2015-06-24,22.55,52500,0.5(0.96 %),780150,40586000000,4581024,238213248000,51500,52500,51500
2015-06-25,22.55,52500,0(0.00 %),1089400,56970000000,20000,1040000000,52000,53000,51500
2015-06-26,22.33,52000,-0.5(-0.95 %),1026800,53511000000,11726745,609891497000,52000,52500,52000
2015-06-29,23.07,48400,1.3(3.14 %),1764630,75672000000,0,0,48400,48400,48400
2015-06-30,23.5,43500,0.8(1.87 %),3429780,149944000000,100000,4371000000,42500,44200,42500
2015-07-01,23.45,43400,-0.1(-0.23 %),797910,34650000000,0,0,44000,44000,43000
2015-07-02,23.72,43900,0.5(1.15 %),1117760,48935000000,100000,4378000000,43700,43900,43500
2015-07-03,24.1,44600,0.7(1.59 %),1937740,86498000000,120000,5352000000,44400,44900,44300
2015-07-06,24.1,44600,0(0.00 %),1602770,71266000000,212760,9425916000,45000,45100,44000
2015-07-07,23.88,44200,-0.4(-0.90 %),2060130,91509000000,550000,24530000000,44400,44700,44100
2015-07-08,23.5,43500,-0.7(-1.58 %),1648750,71777000000,120000,5223600000,44100,44100,43200
2015-07-09,23.77,44000,0.5(1.15 %),1664850,72563000000,524358,22794573000,43000,44600,42800
2015-07-10,23.93,44300,0.3(0.68 %),1334490,59149000000,80000,3545600000,44300,44600,44000
2015-07-13,23.83,44100,-0.2(-0.45 %),1259500,55538000000,0,0,44300,44300,44000
2015-07-14,23.77,44000,-0.1(-0.23 %),642340,28241000000,79980,3515921000,43700,44100,43700
2015-07-15,23.5,43500,-0.5(-1.14 %),1452980,63260000000,181600,7905048000,44200,44200,43300
2015-07-16,23.12,42800,-0.7(-1.61 %),940730,40360000000,371042,15892595000,43000,43300,42700
2015-07-17,23.07,42700,-0.1(-0.23 %),770060,32878000000,119450,5099321000,43000,43100,42500
2015-07-20,23.02,42600,-0.1(-0.23 %),763460,32638000000,0,0,42700,43300,42400
2015-07-21,23.23,43000,0.4(0.94 %),575410,24769000000,0,0,42500,43300,42500
2015-07-22,24.04,44500,1.5(3.49 %),1978850,87165000000,0,0,43300,44600,43100
2015-07-23,23.83,44100,-0.4(-0.90 %),1096080,48827000000,0,0,44500,45000,44100
2015-07-24,23.66,43800,-0.3(-0.68 %),752000,33000000000,0,0,44400,44400,43600
2015-07-27,23.77,44000,0.2(0.46 %),1634930,71871000000,0,0,44000,44300,43700
2015-07-28,23.66,43800,-0.2(-0.45 %),2556060,113537000000,190000,8437900000,44200,44900,43800
2015-07-29,23.34,43200,-0.6(-1.37 %),1177900,51275000000,114776,4974823200,44000,44100,43100
2015-07-30,23.29,43100,-0.1(-0.23 %),729400,31433000000,142400,6136590000,43200,43400,42900
2015-07-31,23.29,43100,0(0.00 %),1367150,58720000000,106620,4579440000,42900,43400,42700
2015-08-03,23.29,43100,0(0.00 %),1810730,77777000000,6256610,270235990000,42700,43400,42600
2015-08-04,23.23,43000,-0.1(-0.23 %),710800,30501000000,0,0,42800,43100,42700
2015-08-05,23.34,43200,0.2(0.47 %),494710,21289000000,1000000,43100000000,43200,43200,42800
2015-08-06,23.23,43000,-0.2(-0.46 %),490170,21046000000,30000,1288080000,43000,43200,42700
2015-08-07,23.23,43000,0(0.00 %),318890,13710000000,0,0,43100,43100,42900
2015-08-10,23.5,43500,0.5(1.16 %),802880,34713000000,100000,4350000000,43000,43500,43000
2015-08-11,23.61,43700,0.2(0.46 %),1130250,49288000000,100000,4370000000,43500,43700,43400
2015-08-12,23.29,43100,-0.6(-1.37 %),810320,35131000000,105000,4552280000,43700,43700,43100
2015-08-13,22.96,42500,-0.6(-1.39 %),860480,36754000000,281400,12018594000,43100,43100,42400
2015-08-14,22.58,41800,-0.7(-1.65 %),819060,34422000000,228430,9598628600,42500,42900,41600
2015-08-17,22.15,41000,-0.8(-1.91 %),758640,31638000000,110000,4587000000,41800,42300,41000
2015-08-18,22.53,41700,0.7(1.71 %),563880,23385000000,110350,4576214500,41000,41700,41000
2015-08-19,22.04,40800,-0.9(-2.16 %),787690,32291000000,0,0,41700,41700,40600
2015-08-20,21.94,40600,-0.2(-0.49 %),1142450,46425000000,0,0,40800,41200,40100
2015-08-21,21.67,40100,-0.5(-1.23 %),3110370,123131000000,201650,7981307000,40300,40600,38800
2015-08-24,21.67,40100,0(0.00 %),2732410,107456000000,201650,7928878000,40100,40100,37900
2015-08-25,21.67,40100,0(0.00 %),2271270,90112000000,46460,1846785000,38800,40100,38800
2015-08-26,21.72,40200,0.1(0.25 %),1642870,65813000000,0,0,39700,40400,39600
2015-08-27,22.15,41000,0.8(1.99 %),1429370,58286000000,100000,4090000000,40400,41300,40100
2015-08-28,22.53,41700,0.7(1.71 %),930510,38373000000,220000,9086000000,41400,41700,40800
2015-08-31,22.42,41500,-0.2(-0.48 %),886190,36510000000,0,0,41700,41700,40800
2015-09-01,22.42,41500,0(0.00 %),885510,36549000000,0,0,41500,41700,40700
2015-09-03,22.21,41100,-0.4(-0.96 %),1232010,50820000000,693200,28767800000,41500,41500,41000
2015-09-04,22.42,41500,0.4(0.97 %),716580,29651000000,0,0,41200,41500,41100
2015-09-07,22.48,41600,0.1(0.24 %),433750,18018000000,500000,20750000000,41200,41900,41100
2015-09-08,22.53,41700,0.1(0.24 %),580480,24209000000,100000,4170000000,41600,41900,41500
2015-09-09,22.64,41900,0.2(0.48 %),514350,21526000000,0,0,42000,42000,41700
2015-09-10,22.91,42400,0.5(1.19 %),1097080,46250000000,377000,15902050000,41700,42500,41200
2015-09-11,22.69,42000,-0.4(-0.94 %),445540,18765000000,750000,31800000000,42400,42400,41900
2015-09-14,22.58,41800,-0.2(-0.48 %),477150,19974000000,750000,31500000000,42000,42000,41600
2015-09-15,22.53,41700,-0.1(-0.24 %),962630,40128000000,145000,6046500000,41800,41800,41400
2015-09-16,22.53,41700,0(0.00 %),1295070,54037000000,0,0,41700,41900,41600
2015-09-17,22.69,42000,0.3(0.72 %),454840,19155000000,130000,5474300000,42000,42200,41700
2015-09-18,22.69,42000,0(0.00 %),6992330,294139000000,100050,4208103000,42400,42500,42000
2015-09-21,23.18,42900,0.9(2.14 %),1158500,49559000000,0,0,42900,43000,42200
2015-09-22,23.12,42800,-0.1(-0.23 %),365500,15626000000,0,0,42900,43000,42600
2015-09-23,22.96,42500,-0.3(-0.70 %),707360,30113000000,0,0,42500,42700,42400
2015-09-24,22.91,42400,-0.1(-0.24 %),664570,28269000000,141900,6059130000,42700,42700,42400
2015-09-25,22.75,42100,-0.3(-0.71 %),636970,26831000000,0,0,42400,42400,41900
2015-09-28,22.69,42000,-0.1(-0.24 %),465240,19521000000,0,0,42100,42200,41700
2015-09-29,22.48,41600,-0.4(-0.95 %),431390,17953000000,0,0,41700,41900,41400
2015-09-30,22.53,41700,0.1(0.24 %),338130,14150000000,0,0,41900,42000,41700
2015-10-01,22.48,41600,-0.1(-0.24 %),417940,17485000000,0,0,41900,42100,41600
2015-10-02,22.48,41600,0(0.00 %),494680,20571000000,0,0,41600,41700,41400
2015-10-05,22.48,41600,0(0.00 %),472330,19656000000,0,0,41600,41700,41500
2015-10-06,22.75,42100,0.5(1.20 %),841260,35339000000,0,0,42000,42200,41800
2015-10-07,22.96,42500,0.4(0.95 %),2096590,88983000000,0,0,42200,43100,41800
2015-10-08,23.5,43500,1(2.35 %),2457280,106905000000,0,0,42500,44100,42500
2015-10-09,23.39,43300,-0.2(-0.46 %),1831340,79837000000,282290,12288911100,43500,43900,43300
2015-10-12,23.34,43200,-0.1(-0.23 %),974660,42170000000,0,0,43300,43600,43100
2015-10-13,23.12,42800,-0.4(-0.93 %),1174250,50551000000,120000,5172000000,43100,43200,42800
2015-10-14,22.96,42500,-0.3(-0.70 %),1173050,50088000000,0,0,42500,43000,42500
2015-10-15,22.96,42500,0(0.00 %),539950,23027000000,0,0,42700,42800,42500
2015-10-16,23.12,42800,0.3(0.71 %),368830,15747000000,0,0,42800,42800,42500
2015-10-19,23.07,42700,-0.1(-0.23 %),341820,14585000000,0,0,42800,42800,42600
2015-10-20,22.8,42200,-0.5(-1.17 %),576750,24433000000,230000,9742800000,42700,42700,42100
2015-10-21,22.53,41700,-0.5(-1.18 %),578460,24281000000,0,0,42500,42500,41700
2015-10-22,22.96,42500,0.8(1.92 %),478920,20245000000,0,0,41800,42800,41800
2015-10-23,23.99,44400,1.9(4.47 %),3208630,140239000000,0,0,42600,44400,42600
2015-10-26,24.04,44500,0.1(0.23 %),2448930,110592000000,20000,826000000,44800,45700,44500
2015-10-27,23.99,44400,-0.1(-0.22 %),694730,30794000000,0,0,44400,44800,44000
2015-10-28,23.99,44400,0(0.00 %),1220690,54579000000,0,0,44500,45200,44400
2015-10-29,24.85,46000,1.6(3.60 %),3769240,170994000000,20000,890000000,44400,46000,44400
2015-10-30,24.58,45500,-0.5(-1.09 %),1867210,85160000000,0,0,46100,46100,45300
2015-11-02,24.31,45000,-0.5(-1.10 %),1108090,50306000000,0,0,45600,45800,44900
2015-11-03,24.85,46000,1(2.22 %),1349370,60722000000,0,0,45000,46000,44300
2015-11-04,24.64,45600,-0.4(-0.87 %),1389650,64352000000,0,0,46300,46800,45600
2015-11-05,24.58,45500,-0.1(-0.22 %),765040,35037000000,0,0,45500,46100,45500
2015-11-06,24.37,45100,-0.4(-0.88 %),860260,39083000000,0,0,45500,45800,45000
2015-11-09,24.37,45100,0(0.00 %),602460,27206000000,1420000,64184000000,45300,45400,44800
2015-11-10,24.04,44500,-0.6(-1.33 %),832570,37263000000,0,0,44800,45100,44500
2015-11-11,23.83,44100,-0.4(-0.90 %),1367910,60680000000,481520,21427640000,44500,44800,43900
2015-11-12,23.61,43700,-0.4(-0.91 %),2052850,89028000000,1666524,72493794000,43800,44400,42700
2015-11-13,23.93,44300,0.6(1.37 %),758120,33374000000,4845429,211745247300,43700,44300,43700
2015-11-16,23.45,43400,-0.9(-2.03 %),1007330,44032000000,0,0,43900,44200,43400
2015-11-17,23.45,43400,0(0.00 %),814300,35524000000,0,0,43500,44000,43300
2015-11-18,23.61,43700,0.3(0.69 %),686870,30026000000,0,0,43600,44100,43300
2015-11-19,23.45,43400,-0.3(-0.69 %),755330,32951000000,397000,17317140000,43900,43900,43400
2015-11-20,23.61,43700,0.3(0.69 %),679170,29672000000,0,0,43700,43900,43400
2015-11-23,23.61,43700,0(0.00 %),563750,24652000000,0,0,43600,43900,43600
2015-11-24,23.45,43400,-0.3(-0.69 %),478700,20847000000,0,0,43700,43800,43300
2015-11-25,23.45,43400,0(0.00 %),841660,36313000000,0,0,43300,43500,42900
2015-11-26,23.34,43200,-0.2(-0.46 %),236160,10204000000,0,0,43400,43400,43100
2015-11-27,23.02,42600,-0.6(-1.39 %),645100,27612000000,0,0,43100,43200,42500
2015-11-30,23.12,42800,0.2(0.47 %),942170,40093000000,0,0,42300,42800,42200
2015-12-01,23.12,42800,0(0.00 %),261670,11211000000,312171,13386135900,42900,43000,42700
2015-12-02,23.02,42600,-0.2(-0.47 %),723660,31094000000,100000,4296000000,42600,43300,42600
2015-12-03,23.12,42800,0.2(0.47 %),417700,17841000000,0,0,42600,42900,42500
2015-12-04,22.85,42300,-0.5(-1.17 %),564530,23932000000,60000,2400000000,42600,42900,42200
2015-12-07,22.85,42300,0(0.00 %),804560,33966000000,170007,7198796100,42400,42400,42000
2015-12-08,22.91,42400,0.1(0.24 %),778590,32816000000,0,0,42100,42600,41800
2015-12-09,22.58,41800,-0.6(-1.42 %),1356520,57394000000,270000,11622000000,42400,43400,41800
2015-12-10,22.31,41300,-0.5(-1.20 %),622480,25915000000,9000000,382500000000,41800,42300,41300
2015-12-11,22.42,41500,0.2(0.48 %),680860,28256000000,0,0,41300,41600,41300
2015-12-14,22.31,41300,-0.2(-0.48 %),614150,25363000000,155000,6248650000,41300,41600,41100
2015-12-15,22.42,41500,0.2(0.48 %),376440,15621000000,1000000,42000000000,41200,41700,41200
2015-12-16,22.53,41700,0.2(0.48 %),522330,21928000000,0,0,41800,42300,41600
2015-12-17,22.64,41900,0.2(0.48 %),575650,24115000000,60000,2628000000,42000,42300,41800
2015-12-18,21.61,40000,-1.9(-4.53 %),2466150,99872000000,0,0,41900,42100,40000
2015-12-21,22.42,41500,1.5(3.75 %),522360,21566000000,0,0,41000,41500,41000
2015-12-22,22.48,41600,0.1(0.24 %),366380,15234000000,25000,965000000,41500,41800,41400
2015-12-23,22.53,41700,0.1(0.24 %),737670,30700000000,60000,2364000000,41200,41900,41200
2015-12-24,22.69,42000,0.3(0.72 %),672060,28181000000,0,0,41900,42100,41700
2015-12-25,22.91,42400,0.4(0.95 %),564790,23845000000,78658,3172965000,42300,42500,42000
2015-12-28,23.5,43500,1.1(2.59 %),1494140,64641000000,0,0,42400,43700,42400
2015-12-29,24.58,45500,2(4.60 %),2905940,129437000000,100000,4438000000,43500,45500,43000
2015-12-30,24.85,46000,0.5(1.10 %),2836200,128792000000,400000,18164000000,46000,46000,44000
2015-12-31,24.69,45700,-0.3(-0.65 %),3361900,153590000000,0,0,45700,46000,45100
2016-01-04,25.66,47500,1.8(3.94 %),4809120,225124000000,0,0,47500,47500,45200
2016-01-05,25.66,47500,0(0.00 %),2480100,117292000000,0,0,47000,47700,46800
2016-01-06,25.66,47500,0(0.00 %),1976280,93205000000,25670,1211624000,47400,47900,46700
2016-01-07,25.93,48000,0.5(1.05 %),2852010,135312000000,0,0,46800,48200,46500
2016-01-08,25.93,48000,0(0.00 %),1641950,78580000000,0,0,47500,48000,47000
2016-01-11,26.1,48300,0.3(0.62 %),1591300,77239000000,0,0,48000,49100,47600
2016-01-12,25.93,48000,-0.3(-0.62 %),1030900,49513000000,0,0,48300,48400,47600
2016-01-13,25.88,47900,-0.1(-0.21 %),2003030,95473000000,40000,1788000000,48000,48000,47200
2016-01-14,25.93,48000,0.1(0.21 %),2616100,124898000000,0,0,47200,48200,47200
2016-01-15,25.66,47500,-0.5(-1.04 %),931360,44264000000,200000,9504000000,48100,48100,47400
2016-01-18,25.66,47500,0(0.00 %),2516720,118165000000,0,0,46800,47600,45000
2016-01-19,25.66,47500,0(0.00 %),736420,35158000000,118690,5666260600,47200,48100,47200
2016-01-20,25.61,47400,-0.1(-0.21 %),1569270,74367000000,382380,18120988200,47100,48000,47100
2016-01-21,25.83,47800,0.4(0.84 %),2201170,105032000000,156800,7480928000,47800,48000,47300
2016-01-22,26.1,48300,0.5(1.05 %),1432160,69355000000,290000,14041800000,47800,49100,47800
2016-01-25,26.1,48300,0(0.00 %),1960040,94590000000,0,0,48500,48500,48000
2016-01-26,25.93,48000,-0.3(-0.62 %),1779070,85160000000,0,0,48000,48400,47300
2016-01-27,25.66,47500,-0.5(-1.04 %),3440360,162786000000,94600,4475526000,47500,47600,46900
2016-01-28,26.1,48300,0.8(1.68 %),4244530,201734000000,1338350,64240800000,47000,48300,47000
2016-01-29,25.72,47600,-0.7(-1.45 %),2231860,106140000000,0,0,48200,48200,47200
2016-02-01,25.39,47000,-0.6(-1.26 %),1133280,53596000000,0,0,47200,47900,47000
2016-02-02,25.39,47000,0(0.00 %),1017260,47781000000,2500000,118750000000,46700,47200,46700
2016-02-03,25.39,47000,0(0.00 %),1102250,51421000000,0,0,46700,47000,46000
2016-02-04,25.39,47000,0(0.00 %),404050,19044000000,1428570,67428504000,47000,47500,47000
2016-02-05,25.18,46600,-0.4(-0.85 %),895260,41795000000,0,0,46400,47000,46400
2016-02-15,24.58,45500,-1.1(-2.36 %),685060,31505000000,391000,17978180000,46500,46600,45500
2016-02-16,24.64,45600,0.1(0.22 %),392060,17977000000,0,0,46200,46200,45500
2016-02-17,24.58,45500,-0.1(-0.22 %),259490,11862000000,313600,14334656000,46300,46300,45500
2016-02-18,24.85,46000,0.5(1.10 %),595150,27372000000,178420,8225162000,46000,46200,45700
2016-02-19,24.37,45100,-0.9(-1.96 %),1393710,62722000000,0,0,45900,45900,44300
2016-02-22,24.42,45200,0.1(0.22 %),724960,32617000000,90530,4072944700,45100,45200,44600
2016-02-23,24.64,45600,0.4(0.88 %),418590,19167000000,900000,40680000000,45200,46300,45200
2016-02-24,24.53,45400,-0.2(-0.44 %),534860,24383000000,100730,4591273400,45400,45900,45100
2016-02-25,24.58,45500,0.1(0.22 %),528840,24134000000,0,0,45500,45900,45400
2016-02-26,24.31,45000,-0.5(-1.10 %),1235270,55535000000,109274,4898815300,45600,45800,44700
2016-02-29,23.83,44100,-0.9(-2.00 %),259290,11533000000,0,0,45000,45000,44100
2016-03-01,23.83,44100,0(0.00 %),956870,42102000000,0,0,44400,44600,43600
2016-03-02,24.31,45000,0.9(2.04 %),560340,25073000000,0,0,44400,45100,44200
2016-03-03,24.53,45400,0.4(0.89 %),491450,22259000000,0,0,45400,45500,45000
2016-03-04,24.74,45800,0.4(0.88 %),802550,36775000000,0,0,45400,46000,45200
2016-03-07,24.74,45800,0(0.00 %),557500,25653000000,0,0,45800,46500,45500
2016-03-08,25.07,46400,0.6(1.31 %),1079780,49899000000,0,0,45600,46400,45600
2016-03-09,25.12,46500,0.1(0.22 %),1123530,52451000000,100000,4668000000,46500,46900,46500
2016-03-10,25.12,46500,0(0.00 %),575310,26804000000,0,0,46500,46800,46400
2016-03-11,24.53,45400,-1.1(-2.37 %),560370,25669000000,0,0,46500,46500,45400
2016-03-14,24.53,45400,0(0.00 %),346630,15684000000,33226,1495170000,45100,45500,45000
2016-03-15,24.31,45000,-0.4(-0.88 %),1073480,48468000000,0,0,45400,46000,44800
2016-03-16,24.1,44600,-0.4(-0.89 %),434350,19410000000,79793,3558767800,44700,44900,44600
2016-03-17,24.31,45000,0.4(0.90 %),488110,22006000000,638393,27507845700,45000,45300,44900
2016-03-18,23.83,44100,-0.9(-2.00 %),5451040,240984000000,72500,3262500000,45000,45100,44100
2016-03-21,24.42,45200,1.1(2.49 %),1039980,47140000000,2903000,129764100000,44700,45600,44700
2016-03-22,24.58,45500,0.3(0.66 %),657090,29825000000,124810,5665125900,45200,45600,44900
2016-03-23,24.53,45400,-0.1(-0.22 %),1615870,73010000000,782600,35217000000,45000,45600,44600
2016-03-24,24.37,45100,-0.3(-0.66 %),510060,23093000000,50000,2263500000,45400,45500,45000
2016-03-25,24.74,45800,0.7(1.55 %),1257200,57046000000,0,0,45000,46000,45000
2016-03-28,25.23,46700,0.9(1.97 %),820660,38117000000,150000,6966000000,46100,46800,45900
2016-03-29,25.29,46800,0.1(0.21 %),1482760,69568000000,0,0,47000,47400,46600
2016-03-30,25.39,47000,0.2(0.43 %),650730,30541000000,1640910,77007906300,45900,47000,45900
2016-03-31,25.5,47200,0.2(0.43 %),1398070,66116000000,6772360,318300920000,46400,47600,46400
2016-04-01,25.5,47200,0(0.00 %),548420,25871000000,2360000,110920000000,47200,47400,46800
2016-04-04,25.45,47100,-0.1(-0.21 %),351710,16567000000,0,0,47300,47300,46800
2016-04-05,25.45,47100,0(0.00 %),323780,15253000000,13319075,633987970000,47100,47300,46500
2016-04-06,25.72,47600,0.5(1.06 %),547050,25850000000,10993813,516709211000,47100,47600,46900
2016-04-07,25.5,47200,-0.4(-0.84 %),289730,13695000000,150000,7088300000,47600,47700,47100
2016-04-08,25.66,47500,0.3(0.64 %),600280,28490000000,150000,7119000000,47200,47600,46900
2016-04-11,27.28,50500,3(6.32 %),1288260,64104000000,198000,9914000000,47500,50500,47500
2016-04-12,28.09,52000,1.5(2.97 %),1157120,59912000000,16645900,832295000000,52000,52500,51000
2016-04-13,28.09,52000,0(0.00 %),807840,41766000000,730872,36543600000,52000,53000,50500
2016-04-14,28.36,52500,0.5(0.96 %),1075850,57252000000,385093,19254650000,51500,54500,51500
2016-04-15,28.09,52000,-0.5(-0.95 %),1549470,82627000000,0,0,52500,54500,52000
2016-04-19,26.85,49700,-2.3(-4.42 %),1021510,51856000000,36094,1832131440,52000,52000,49700
2016-04-20,27.28,50500,0.8(1.61 %),1417390,71086000000,1154827,57741350000,49700,51000,49700
2016-04-21,27.82,51500,1(1.98 %),1196330,61722000000,0,0,51500,52500,50500
2016-04-22,29.45,54500,3(5.83 %),1729690,93216000000,0,0,51500,55000,51500
2016-04-25,28.36,52500,-2(-3.67 %),1404690,75897000000,0,0,55500,56000,52500
2016-04-26,29.18,54000,1.5(2.86 %),724510,38724000000,12127874,629231476000,52500,54500,52500
2016-04-27,28.63,53000,-1(-1.85 %),974580,51698000000,0,0,55000,55000,52000
2016-04-28,28.09,52000,-1(-1.89 %),520580,27241000000,81000,4237920000,53000,53500,52000
2016-04-29,28.36,52500,0.5(0.96 %),421970,22128000000,4560480,230693171200,52500,53000,52000
2016-05-04,27.55,51000,-1.5(-2.86 %),755160,38940000000,206480,10646108800,51500,52500,51000
2016-05-05,27.82,51500,0.5(0.98 %),413180,21532000000,204500,10656495000,51500,53000,51500
2016-05-06,28.36,52500,1(1.94 %),813560,42434000000,92800,4839520000,52000,52500,52000
2016-05-09,28.09,52000,-0.5(-0.95 %),786590,41191000000,4715453,238205376500,53000,53000,52000
2016-05-10,28.09,52000,0(0.00 %),698580,36104000000,3056982,154077700000,52000,52000,51000
2016-05-11,28.9,53500,1.5(2.88 %),865680,45854000000,869498,43992900000,52000,53500,52000
2016-05-12,28.9,53500,0(0.00 %),469130,25293000000,0,0,54000,54500,53500
2016-05-13,28.9,53500,0(0.00 %),793060,42510000000,90770,4865272000,53500,54000,53000
2016-05-16,29.72,55000,1.5(2.80 %),1233650,67407000000,50000,2675000000,53500,55500,53000
2016-05-17,29.45,54500,-0.5(-0.91 %),518280,28455000000,0,0,55500,55500,54500
2016-05-18,28.9,53500,-1(-1.83 %),586250,31658000000,5232000,272464000000,54500,54500,53500
2016-05-19,28.9,53500,0(0.00 %),623940,33476000000,3977561,213994541500,54500,54500,53000
2016-05-20,27.82,51500,-2(-3.74 %),1554880,81364000000,3721510,193518520000,53500,54000,51500
2016-05-23,28.09,52000,0.5(0.97 %),1410160,72212000000,0,0,52000,52000,50500
2016-05-24,28.09,52000,0(0.00 %),471240,24433000000,1258000,62900000000,53000,53000,51500
2016-05-25,28.09,52000,0(0.00 %),283630,14822000000,0,0,52000,52500,51500
2016-05-26,27.55,51000,-1(-1.92 %),611130,31321000000,0,0,52000,52000,50500
2016-05-27,27.82,51500,0.5(0.98 %),383940,19750000000,33166,1658300000,51000,52000,51000
2016-05-30,28.9,53500,2(3.88 %),1078090,57171000000,0,0,52000,54000,52000
2016-05-31,28.36,52500,-1(-1.87 %),418750,22227000000,3721510,186075500000,53500,54000,52500
2016-06-01,28.9,53500,1(1.90 %),469570,24936000000,0,0,53000,53500,52500
2016-06-02,28.9,53500,0(0.00 %),510870,27297000000,266000,14212380000,53500,54000,53000
2016-06-03,29.18,54000,0.5(0.93 %),345410,18519000000,300000,16050000000,53500,54000,53000
2016-06-06,28.9,53500,-0.5(-0.93 %),295810,15890000000,0,0,54000,54500,53000
2016-06-07,29.45,54500,1(1.87 %),401370,21674000000,0,0,53500,54500,53500
2016-06-08,29.45,54500,0(0.00 %),1064310,58487000000,150000,8242500000,54500,56000,54000
2016-06-09,29.45,54500,0(0.00 %),113090,6162000000,0,0,54500,55000,54000
2016-06-10,29.18,54000,-0.5(-0.92 %),170630,9298000000,0,0,54500,55000,54000
2016-06-13,28.36,52500,-1.5(-2.78 %),631990,33549000000,3727857,190391107000,53500,53500,52500
2016-06-14,28.9,53500,1(1.90 %),278210,14735000000,46000,2436160000,52500,53500,52500
2016-06-15,28.9,53500,0(0.00 %),311910,16634000000,200000,10700000000,54000,54500,53000
2016-06-16,28.9,53500,0(0.00 %),455360,24389000000,200000,10700000000,53500,54000,53000
2016-06-17,28.09,52000,-1.5(-2.80 %),3234450,168453000000,0,0,53000,53500,52000
2016-06-20,28.9,53500,1.5(2.88 %),231660,12332000000,71010,3779862300,52500,54000,52000
2016-06-21,29.18,54000,0.5(0.93 %),333390,18042000000,0,0,54000,54500,53500
2016-06-22,28.36,52500,-1.5(-2.78 %),464600,24614000000,0,0,54000,54000,52500
2016-06-23,28.63,53000,0.5(0.95 %),291630,15375000000,0,0,53000,53500,52500
2016-06-24,28.09,52000,-1(-1.89 %),1143290,58529000000,0,0,53000,53000,49400
2016-06-27,29.03,48400,1.55(3.31 %),527320,25412000000,0,0,48400,48900,48400
2016-06-28,28.61,47700,-0.7(-1.45 %),414530,19932000000,0,0,48400,48400,47700
2016-06-29,28.79,48000,0.3(0.63 %),625710,30092000000,87500,4207875000,47700,48500,47700
2016-06-30,29.63,49400,1.4(2.92 %),814400,40415000000,0,0,48500,51000,48200
2016-07-01,30.59,51000,1.6(3.24 %),888200,45060000000,0,0,50500,51500,49900
2016-07-04,30.59,51000,0(0.00 %),459790,23600000000,0,0,51500,52000,51000
2016-07-05,30.59,51000,0(0.00 %),579190,29888000000,20000,1020000000,51500,52500,51000
2016-07-06,30.59,51000,0(0.00 %),528660,26928000000,0,0,51000,51500,50500
2016-07-07,30.89,51500,0.5(0.98 %),640510,32928000000,0,0,51500,52000,50500
2016-07-08,30.89,51500,0(0.00 %),718620,37128000000,0,0,52000,52000,51000
2016-07-11,30.59,51000,-0.5(-0.97 %),632350,32285000000,493000,25167650000,51500,52000,50500
2016-07-12,31.18,52000,1(1.96 %),1001810,51458000000,0,0,51000,52000,51000
2016-07-13,32.98,55000,3(5.77 %),1578230,85463000000,1500310,81241786500,52500,55000,52500
2016-07-14,32.08,53500,-1.5(-2.73 %),973530,53335000000,0,0,55000,55500,53500
2016-07-15,32.68,54500,1(1.87 %),373250,20120000000,160000,8624000000,54000,54500,53000
2016-07-18,32.38,54000,-0.5(-0.92 %),519810,28006000000,681210,36785340000,54500,54500,53500
2016-07-19,31.18,52000,-2(-3.70 %),1550450,80835000000,0,0,54000,54500,50500
2016-07-20,29.99,50000,-2(-3.85 %),1193970,60527000000,0,0,52000,52500,50000
2016-07-21,30.29,50500,0.5(1.00 %),622420,31417000000,0,0,50500,51500,49900
2016-07-22,29.99,50000,-0.5(-0.99 %),628770,31588000000,0,0,50500,51000,49600
2016-07-25,30.29,50500,0.5(1.00 %),148890,7512000000,0,0,50500,51000,50000
2016-07-26,30.29,50500,0(0.00 %),266140,13365000000,0,0,50500,51000,49800
2016-07-27,30.59,51000,0.5(0.99 %),335420,17016000000,2831839,143099869500,51000,51000,50000
2016-07-28,31.48,52500,1.5(2.94 %),528660,27449000000,1292315,65261907500,51500,53000,51000
2016-07-29,30.59,51000,-1.5(-2.86 %),359260,18545000000,0,0,52500,52500,51000
2016-08-01,30.89,51500,0.5(0.98 %),460650,23607000000,0,0,51500,52000,50500
2016-08-02,30.59,51000,-0.5(-0.97 %),1349020,68625000000,124330,6307843100,50500,52000,50500
2016-08-03,29.57,49300,-1.7(-3.33 %),1214100,60096000000,0,0,50000,50500,49000
2016-08-04,28.49,47500,-1.8(-3.65 %),732590,35519000000,560740,27184675200,49500,49600,47500
2016-08-05,26.81,44700,-2.8(-5.89 %),1844020,83907000000,0,0,46500,47300,44500
2016-08-08,26.81,44700,0(0.00 %),3019390,131594000000,0,0,44700,45500,41600
2016-08-09,27.29,45500,0.8(1.79 %),827360,37427000000,0,0,44500,45800,44500
2016-08-10,29.15,48600,3.1(6.81 %),2852080,136190000000,30000,1458000000,45700,48600,45700
2016-08-11,29.39,49000,0.4(0.82 %),1964870,95835000000,28000,1365560000,48600,49200,48200
2016-08-12,29.39,49000,0(0.00 %),1226560,60075000000,25000,1224250000,49500,49500,48600
2016-08-15,29.39,49000,0(0.00 %),543500,26552000000,0,0,49000,49000,48500
2016-08-16,28.73,47900,-1.1(-2.24 %),1691880,81187000000,0,0,49000,49000,47500
2016-08-17,28.73,47900,0(0.00 %),1763870,84400000000,0,0,47900,48700,47000
2016-08-18,28.73,47900,0(0.00 %),432750,20796000000,1502969,72142512000,48900,48900,47700
2016-08-19,28.61,47700,-0.2(-0.42 %),1158000,55175000000,4248345,203920560000,48000,48400,47200
2016-08-22,28.13,46900,-0.8(-1.68 %),1594810,74928000000,0,0,48000,48000,46700
2016-08-23,29.09,48500,1.6(3.41 %),1687820,79467000000,100000,4744000000,46700,48500,46400
2016-08-24,29.09,48500,0(0.00 %),478690,23218000000,0,0,48500,48800,48300
2016-08-25,28.97,48300,-0.2(-0.41 %),644830,31016000000,2317797,112413154500,48500,48500,47800
2016-08-26,28.79,48000,-0.3(-0.62 %),240700,11552000000,0,0,48000,48300,47900
2016-08-29,28.79,48000,0(0.00 %),858310,41484000000,0,0,48000,48700,48000
2016-08-30,28.85,48100,0.1(0.21 %),233880,11226000000,400000,19200000000,48000,48400,47500
2016-08-31,28.85,48100,0(0.00 %),482190,23268000000,3921440,188629414000,48000,48500,47900
2016-09-01,28.79,48000,-0.1(-0.21 %),349770,16778000000,200000,9594000000,48200,48300,47600
2016-09-05,28.73,47900,-0.1(-0.21 %),394080,18826000000,328980,15715374600,48100,48100,47600
2016-09-06,28.73,47900,0(0.00 %),598070,28730000000,250000,12002500000,48300,48400,47900
2016-09-07,28.49,47500,-0.4(-0.84 %),515100,24528000000,0,0,48100,48100,47400
2016-09-08,28.67,47800,0.3(0.63 %),334150,15980000000,259700,12420497000,48000,48000,47600
2016-09-09,29.27,48800,1(2.09 %),918320,44616000000,163020,7919511600,48500,48900,48200
2016-09-12,29.87,49800,1(2.05 %),728040,36050000000,5589088,273865312000,50000,50000,48900
2016-09-13,29.45,49100,-0.7(-1.41 %),393290,19415000000,947113,46408537000,49500,49900,49000
2016-09-14,28.97,48300,-0.8(-1.63 %),801730,39240000000,0,0,49500,49500,48300
2016-09-15,30.27,44900,1.77(4.49 %),824280,33665000000,0,0,44900,44900,44900
2016-09-16,31.59,43000,1.8(4.37 %),2866190,122345000000,0,0,40700,43000,40700
2016-09-19,31.08,42300,-0.7(-1.63 %),447860,19007000000,30000,1269300000,43000,43000,42000
2016-09-20,31.3,42600,0.3(0.71 %),779080,32669000000,0,0,41700,43000,41450
2016-09-21,32.11,43700,1.1(2.58 %),739790,31982000000,0,0,43000,43900,42600
2016-09-22,32.33,44000,0.3(0.69 %),1031190,45449000000,0,0,43700,44400,43700
2016-09-23,32.58,44350,0.35(0.80 %),464830,20526000000,0,0,44100,44350,44000
2016-09-26,32.84,44700,0.35(0.79 %),420940,18734000000,0,0,44350,45000,43700
2016-09-27,33.76,45950,1.25(2.80 %),362780,16440000000,295480,13436074800,44900,45950,44700
2016-09-28,32.8,44650,-1.3(-2.83 %),1071170,47928000000,1400218,61609592000,45500,45500,44000
2016-09-29,33.02,44950,0.3(0.67 %),218130,9780000000,0,0,44650,44950,44600
2016-09-30,32.69,44500,-0.45(-1.00 %),170270,7554000000,0,0,44500,44800,42500
2016-10-03,31.59,43000,-1.5(-3.37 %),1050750,45723000000,5887392,259055248000,44500,44500,43000
2016-10-04,32.33,44000,1(2.33 %),446930,19445000000,0,0,43000,44000,42800
2016-10-05,32.18,43800,-0.2(-0.45 %),254440,11223000000,0,0,44300,44500,43700
2016-10-06,31.37,42700,-1.1(-2.51 %),797640,34435000000,5949593,258807295500,43800,43800,42600
2016-10-07,31.44,42800,0.1(0.23 %),250280,10693000000,0,0,43000,43400,42400
2016-10-10,30.93,42100,-0.7(-1.64 %),286190,12173000000,0,0,43200,43200,42000
2016-10-11,30.93,42100,0(0.00 %),307500,12925000000,7591626,319607454600,42200,42500,41700
2016-10-12,31.0,42200,0.1(0.24 %),164250,6971000000,200760,8528338000,42100,42800,42100
2016-10-13,31.59,43000,0.8(1.90 %),1097150,46738000000,4109270,173411194000,42500,43100,41900
2016-10-14,31.59,43000,0(0.00 %),628940,27063000000,10670178,448147476000,42850,43400,42400
2016-10-17,31.59,43000,0(0.00 %),542930,23336000000,0,0,43000,43100,42700
2016-10-18,31.52,42900,-0.1(-0.23 %),320680,13744000000,14170820,602939964000,43000,43000,42500
2016-10-19,32.18,43800,0.9(2.10 %),654870,28444000000,19158040,823852475700,42850,43800,42700
2016-10-20,31.81,43300,-0.5(-1.14 %),331270,14336000000,8969859,385703937000,43600,43600,43000
2016-10-21,31.59,43000,-0.3(-0.69 %),751380,32284000000,8408607,361570101000,43300,43300,42700
2016-10-24,31.59,43000,0(0.00 %),587640,25099000000,9301149,399949407000,43000,43000,42500
2016-10-25,31.37,42700,-0.3(-0.70 %),555710,23699000000,3311959,142414237000,42400,42850,42300
2016-10-26,31.19,42450,-0.25(-0.59 %),434490,18418000000,0,0,42400,42800,42000
2016-10-27,31.44,42800,0.35(0.82 %),1053560,44889000000,0,0,42400,42900,42000
2016-10-28,31.48,42850,0.05(0.12 %),711780,30571000000,0,0,42800,43200,42600
2016-10-31,31.22,42500,-0.35(-0.82 %),980500,41796000000,0,0,42500,43250,42300
2016-11-01,31.41,42750,0.25(0.59 %),207880,8885000000,100000,4275000000,42500,42850,42500
2016-11-02,31.08,42300,-0.45(-1.05 %),481870,20622000000,5094002,216495085000,42800,43200,42300
2016-11-03,31.15,42400,0.1(0.24 %),488460,20609000000,0,0,42100,42800,41850
2016-11-04,31.15,42400,0(0.00 %),166620,7063000000,0,0,42000,42700,42000
2016-11-07,31.41,42750,0.35(0.83 %),195260,8309000000,0,0,42400,42850,42300
2016-11-08,31.44,42800,0.05(0.12 %),351360,15015000000,0,0,42700,42900,42600
2016-11-09,31.22,42500,-0.3(-0.70 %),846210,35985000000,0,0,42900,42900,42000
2016-11-10,31.44,42800,0.3(0.71 %),254060,10879000000,0,0,42800,43000,42600
2016-11-11,32.33,44000,1.2(2.80 %),1006070,43251000000,0,0,42800,44000,42350
2016-11-14,31.52,42900,-1.1(-2.50 %),1412440,62058000000,0,0,43700,44800,42900
2016-11-15,31.41,42750,-0.15(-0.35 %),404110,17366000000,680049,29922107000,43000,43500,42550
2016-11-16,31.37,42700,-0.05(-0.12 %),465120,19913000000,0,0,42750,43300,42600
2016-11-17,31.37,42700,0(0.00 %),993910,42252000000,0,0,42600,42800,42050
2016-11-18,31.3,42600,-0.1(-0.23 %),376190,16019000000,0,0,43000,43000,42300
2016-11-21,31.3,42600,0(0.00 %),326180,13844000000,0,0,42500,42600,42200
2016-11-22,31.3,42600,0(0.00 %),261260,11113000000,0,0,42400,42700,42400
2016-11-23,31.37,42700,0.1(0.23 %),286930,12248000000,0,0,42600,42800,42550
2016-11-24,31.22,42500,-0.2(-0.47 %),619360,26229000000,0,0,42700,42700,42050
2016-11-25,31.22,42500,0(0.00 %),1651400,69426000000,0,0,42300,42500,41500
2016-11-28,31.22,42500,0(0.00 %),1107530,46356000000,0,0,41800,42500,41100
2016-11-29,30.49,41500,-1(-2.35 %),986930,41241000000,200000,9000000000,42500,42500,41500
2016-11-30,30.86,42000,0.5(1.20 %),1461410,60064000000,33600,1296960000,41050,42000,40400
2016-12-01,30.86,42000,0(0.00 %),701120,29367000000,0,0,42100,42200,41500
2016-12-02,30.86,42000,0(0.00 %),627590,26322000000,2099167,88165014000,41500,42200,41500
2016-12-05,30.82,41950,-0.05(-0.12 %),672940,28175000000,30000,1290000000,42000,42150,41400
2016-12-06,30.64,41700,-0.25(-0.60 %),563020,23325000000,0,0,41900,41900,40950
2016-12-07,30.86,42000,0.3(0.72 %),981090,40826000000,0,0,41700,42100,40850
2016-12-08,30.86,42000,0(0.00 %),713700,29929000000,0,0,41500,42000,41500
2016-12-09,30.86,42000,0(0.00 %),705920,29463000000,0,0,42000,42000,41200
2016-12-12,30.86,42000,0(0.00 %),756230,31584000000,0,0,41600,42000,41300
2016-12-13,30.86,42000,0(0.00 %),1231230,51312000000,0,0,42000,42000,41100
2016-12-14,31.19,42450,0.45(1.07 %),830990,34971000000,22920,964473600,42000,42500,41600
2016-12-15,30.86,42000,-0.45(-1.06 %),388600,16316000000,22920,962181600,42300,42400,41850
2016-12-16,31.22,42500,0.5(1.19 %),3293250,139302000000,2844500,120891250000,42000,42500,41350
2016-12-19,31.44,42800,0.3(0.71 %),620190,26677000000,0,0,42600,43300,42600
2016-12-20,30.75,41850,-0.95(-2.22 %),876460,36956000000,50000,2097500000,42650,43000,41850
2016-12-21,30.42,41400,-0.45(-1.08 %),766850,31812000000,100000,4148000000,41850,41850,41300
2016-12-22,30.86,42000,0.6(1.45 %),667670,27817000000,0,0,41600,42100,41350
2016-12-23,30.93,42100,0.1(0.24 %),282360,11851000000,0,0,41600,42100,41600
2016-12-26,30.86,42000,-0.1(-0.24 %),205460,8627000000,9202685,385592501500,42200,42200,41900
2016-12-27,31.08,42300,0.3(0.71 %),260080,10995000000,0,0,42100,42650,42000
2016-12-28,30.56,41600,-0.7(-1.65 %),1112890,46417000000,0,0,42450,42450,41550
2016-12-29,30.78,41900,0.3(0.72 %),386900,16206000000,0,0,41600,42050,41600
2016-12-30,30.86,42000,0.1(0.24 %),704400,29510000000,0,0,41600,42000,41600
2017-01-03,30.56,41600,-0.4(-0.95 %),321500,13414000000,0,0,42000,42000,41600
2017-01-04,30.89,42050,0.45(1.08 %),314110,13186000000,0,0,41600,42050,41600
2017-01-05,31.08,42300,0.25(0.59 %),359450,15177000000,0,0,41900,42400,41900
2017-01-06,31.66,43100,0.8(1.89 %),850050,36561000000,0,0,42400,43500,42350
2017-01-09,31.74,43200,0.1(0.23 %),459010,19912000000,0,0,43300,43500,43200
2017-01-10,31.52,42900,-0.3(-0.69 %),432520,18628000000,27000,1160190000,43200,43300,42850
2017-01-11,31.59,43000,0.1(0.23 %),415040,17812000000,0,0,42900,43450,42600
2017-01-12,31.59,43000,0(0.00 %),518850,22313000000,0,0,43200,43300,42850
2017-01-13,31.81,43300,0.3(0.70 %),506040,21887000000,0,0,43050,43450,42950
2017-01-16,31.48,42850,-0.45(-1.04 %),249960,10768000000,0,0,43300,43300,42850
2017-01-17,31.33,42650,-0.2(-0.47 %),662430,28266000000,0,0,43000,43000,42300
2017-01-18,30.93,42100,-0.55(-1.29 %),743470,31409000000,0,0,42300,42650,42100
2017-01-19,30.86,42000,-0.1(-0.24 %),1160620,48758000000,0,0,42100,42300,41800
2017-01-20,30.86,42000,0(0.00 %),714290,29986000000,0,0,42150,42200,41850
2017-01-23,30.86,42000,0(0.00 %),729750,30593000000,0,0,42200,42200,41700
2017-01-24,30.49,41500,-0.5(-1.19 %),539560,22473000000,0,0,42200,42200,41500
2017-01-25,30.86,42000,0.5(1.20 %),788030,32982000000,0,0,41900,42000,41500
2017-02-02,31.22,42500,0.5(1.19 %),390520,16610000000,0,0,42300,42850,42300
2017-02-03,30.86,42000,-0.5(-1.18 %),397270,16764000000,82590,3484472100,42500,42500,41950
2017-02-06,31.15,42400,0.4(0.95 %),473180,20072000000,0,0,42500,42600,42000
2017-02-07,31.44,42800,0.4(0.94 %),794850,33742000000,0,0,42400,42800,42200
2017-02-08,31.41,42750,-0.05(-0.12 %),334800,14318000000,0,0,42900,42900,42700
2017-02-09,31.33,42650,-0.1(-0.23 %),282170,12045000000,0,0,42800,42850,42550
2017-02-10,31.22,42500,-0.15(-0.35 %),834560,35374000000,0,0,42600,42750,42050
2017-02-13,31.22,42500,0(0.00 %),316160,13433000000,0,0,42500,42600,42300
2017-02-14,31.26,42550,0.05(0.12 %),496140,21156000000,0,0,42600,42850,42450
2017-02-15,32.69,44500,1.95(4.58 %),2270860,99196000000,0,0,42600,44700,42600
2017-02-16,32.33,44000,-0.5(-1.12 %),871460,38621000000,0,0,44500,44700,44000
2017-02-17,32.33,44000,0(0.00 %),692670,30369000000,0,0,44100,44100,43600
2017-02-20,33.28,45300,1.3(2.95 %),804050,35799000000,0,0,43800,45400,43300
2017-02-21,34.13,46450,1.15(2.54 %),1291740,59986000000,100000,4647000000,45300,47000,45300
2017-02-22,33.57,45700,-0.75(-1.61 %),885490,40898000000,0,0,46300,46800,45500
2017-02-23,33.24,45250,-0.45(-0.98 %),584670,26536000000,0,0,45700,46000,45000
2017-02-24,33.24,45250,0(0.00 %),508290,22984000000,0,0,45250,46000,44900
2017-02-27,33.76,45950,0.7(1.55 %),788600,36257000000,0,0,45950,46500,45300
2017-02-28,33.06,45000,-0.95(-2.07 %),1009600,45875000000,0,0,46200,46200,45000
2017-03-01,32.84,44700,-0.3(-0.67 %),651080,29179000000,0,0,44700,45350,44300
2017-03-02,32.4,44100,-0.6(-1.34 %),794680,35305000000,0,0,44600,44950,44000
2017-03-03,32.69,44500,0.4(0.91 %),290560,12898000000,0,0,44450,44900,44300
2017-03-06,32.88,44750,0.25(0.56 %),366910,16481000000,0,0,44900,45400,44600
2017-03-07,32.95,44850,0.1(0.22 %),238620,10699000000,0,0,44750,45300,44600
2017-03-08,32.69,44500,-0.35(-0.78 %),554530,24757000000,0,0,44850,44850,44000
2017-03-09,32.47,44200,-0.3(-0.67 %),271170,12033000000,0,0,44500,44500,44200
2017-03-10,32.47,44200,0(0.00 %),841330,37212000000,0,0,44200,44700,44000
2017-03-13,32.47,44200,0(0.00 %),362880,16084000000,0,0,44600,44700,44200
2017-03-14,32.36,44050,-0.15(-0.34 %),370080,16360000000,0,0,44200,44500,44050
2017-03-15,31.96,43500,-0.55(-1.25 %),557540,24457000000,0,0,44100,44200,43300
2017-03-16,32.33,44000,0.5(1.15 %),192350,8423000000,0,0,43200,44000,43200
2017-03-17,32.18,43800,-0.2(-0.45 %),1070220,46968000000,0,0,44200,44800,43800
2017-03-20,31.81,43300,-0.5(-1.14 %),1170670,51213000000,0,0,44300,44500,43300
2017-03-21,30.45,41450,-1.85(-4.27 %),6736840,282291000000,0,0,43800,43800,41000
2017-03-22,30.6,41650,0.2(0.48 %),1495860,62747000000,0,0,41450,42400,41450
2017-03-23,31.22,42500,0.85(2.04 %),1028940,43437000000,0,0,41650,42600,41650
2017-03-24,31.11,42350,-0.15(-0.35 %),1562480,66102000000,0,0,42300,42450,42150
2017-03-27,31.11,42350,0(0.00 %),1056690,44634000000,0,0,42100,42400,42000
2017-03-28,30.86,42000,-0.35(-0.83 %),710950,29921000000,0,0,42350,42350,42000
2017-03-29,31.0,42200,0.2(0.48 %),732520,30908000000,0,0,42300,42400,42000
2017-03-30,31.0,42200,0(0.00 %),665180,28094000000,0,0,42300,42350,42000
2017-03-31,30.71,41800,-0.4(-0.95 %),604220,25382000000,0,0,42100,42350,41800
2017-04-03,30.49,41500,-0.3(-0.72 %),623430,25973000000,0,0,41900,42000,41500
2017-04-04,30.86,42000,0.5(1.20 %),529490,22128000000,0,0,41700,42000,41550
2017-04-05,30.56,41600,-0.4(-0.95 %),526530,21964000000,50005,1955195500,42000,42100,41600
2017-04-07,30.86,42000,0.4(0.96 %),370920,15494000000,0,0,41600,42000,41500
2017-04-10,31.15,42400,0.4(0.95 %),949330,40050000000,0,0,42000,42500,41900
2017-04-11,31.26,42550,0.15(0.35 %),1211260,51598000000,0,0,42100,42950,42100
2017-04-12,30.89,42050,-0.5(-1.18 %),660120,28046000000,0,0,42550,42900,42000
2017-04-13,31.15,42400,0.35(0.83 %),860710,36623000000,0,0,42050,42750,42050
2017-04-14,30.67,41750,-0.65(-1.53 %),700080,29327000000,0,0,42200,42350,41700
2017-04-17,30.67,41750,0(0.00 %),1273790,52727000000,30000,1165500000,41750,42000,40750
2017-04-18,30.64,41700,-0.05(-0.12 %),420640,17479000000,0,0,41500,42000,41300
2017-04-19,30.49,41500,-0.2(-0.48 %),961170,39958000000,200000,8320000000,41700,41700,41450
2017-04-20,29.83,40600,-0.9(-2.17 %),1169510,47889000000,2949983,120949303000,41500,41600,40500
2017-04-21,29.75,40500,-0.1(-0.25 %),473170,19270000000,0,0,40200,41250,40200
2017-04-24,29.39,40000,-0.5(-1.23 %),422960,17031000000,0,0,40300,40900,39650
2017-04-25,29.64,40350,0.35(0.87 %),291630,11736000000,0,0,40000,40500,40000
2017-04-26,29.68,40400,0.05(0.12 %),418510,16900000000,0,0,40400,40500,40100
2017-04-27,30.05,40900,0.5(1.24 %),532960,21752000000,0,0,40400,41000,40400
2017-04-28,30.05,40900,0(0.00 %),868180,35319000000,0,0,40500,40900,40400
2017-05-03,29.75,40500,-0.4(-0.98 %),330500,13403000000,0,0,41100,41100,40300
2017-05-04,29.61,40300,-0.2(-0.49 %),695060,28004000000,0,0,40550,40550,40100
2017-05-05,29.68,40400,0.1(0.25 %),518030,20864000000,0,0,40300,40400,40100
2017-05-08,29.68,40400,0(0.00 %),457360,18442000000,2245035,90842414000,40400,40550,40150
2017-05-09,29.94,40750,0.35(0.87 %),579970,23595000000,0,0,40400,40900,40300
2017-05-10,29.72,40450,-0.3(-0.74 %),722530,29333000000,0,0,40550,40800,40400
2017-05-11,29.75,40500,0.05(0.12 %),861350,34958000000,0,0,40500,40850,40450
2017-05-12,29.75,40500,0(0.00 %),372820,15081000000,0,0,40400,40600,40300
2017-05-15,30.05,40900,0.4(0.99 %),655580,26619000000,0,0,40500,41300,40300
2017-05-16,30.49,41500,0.6(1.47 %),1007010,41497000000,0,0,41000,41500,40800
2017-05-17,30.34,41300,-0.2(-0.48 %),538140,22256000000,0,0,41300,41700,41150
2017-05-18,30.34,41300,0(0.00 %),815460,33706000000,0,0,41300,41700,41050
2017-05-19,30.05,40900,-0.4(-0.97 %),645030,26454000000,0,0,41300,41300,40700
2017-05-22,30.27,41200,0.3(0.73 %),825830,33970000000,0,0,40800,41400,40800
2017-05-23,30.01,40850,-0.35(-0.85 %),799020,32715000000,0,0,41200,41200,40800
2017-05-24,29.75,40500,-0.35(-0.86 %),1407180,57084000000,0,0,40850,40950,40400
2017-05-25,29.42,40050,-0.45(-1.11 %),1822220,73164000000,0,0,40300,40500,39950
2017-05-26,29.75,40500,0.45(1.12 %),724620,29103000000,0,0,40100,40500,40000
2017-05-29,29.86,40650,0.15(0.37 %),784880,31655000000,0,0,40500,40750,40000
2017-05-30,29.57,40250,-0.4(-0.98 %),665930,26888000000,0,0,40300,40600,40250
2017-05-31,29.57,40250,0(0.00 %),633970,25600000000,17360000,698740000000,40300,40700,40200
2017-06-01,29.79,40550,0.3(0.75 %),710890,28729000000,0,0,40500,40650,40250
2017-06-02,29.83,40600,0.05(0.12 %),630520,25578000000,0,0,40550,40650,40400
2017-06-05,29.83,40600,0(0.00 %),494100,20025000000,17264161,700918295800,40500,40650,40250
2017-06-06,29.86,40650,0.05(0.12 %),439540,17862000000,0,0,40750,40750,40550
2017-06-07,30.12,41000,0.35(0.86 %),494480,20187000000,0,0,40650,41000,40650
2017-06-08,30.34,41300,0.3(0.73 %),702230,28967000000,17212651,705783941000,41100,41800,40700
2017-06-09,30.56,41600,0.3(0.73 %),538240,22390000000,0,0,41400,41800,41400
2017-06-12,31.11,42350,0.75(1.80 %),1150090,48329000000,0,0,41800,42350,41600
2017-06-13,31.59,43000,0.65(1.53 %),953070,40608000000,5470938,231694224300,42550,43000,42250
2017-06-14,30.49,41500,-1.5(-3.49 %),1835800,77283000000,0,0,43000,43100,41200
2017-06-15,31.08,42300,0.8(1.93 %),777300,32652000000,173860,7293427000,41600,42300,41600
2017-06-16,31.59,43000,0.7(1.65 %),3660640,157233000000,0,0,42850,43000,42400
2017-06-19,31.66,43100,0.1(0.23 %),756020,32347000000,0,0,42500,43100,42350
2017-06-20,31.08,42300,-0.8(-1.86 %),475170,20196000000,20000,804000000,43200,43200,42300
2017-06-21,31.44,42800,0.5(1.18 %),556290,23457000000,0,0,42300,42800,41950
2017-06-22,30.93,42100,-0.7(-1.64 %),291210,12296000000,103000,4346600000,42650,42700,42100
2017-06-23,30.89,42050,-0.05(-0.12 %),452090,18961000000,240000,10080000000,41800,42100,41800
2017-06-26,31.44,42800,0.75(1.78 %),579860,24766000000,0,0,42050,42950,42050
2017-06-27,31.3,42600,-0.2(-0.47 %),217480,9268000000,65220,2779024200,42800,42800,42500
2017-06-28,31.19,42450,-0.15(-0.35 %),240730,10200000000,0,0,42600,42600,42250
2017-06-29,31.11,42350,-0.1(-0.24 %),171730,7294000000,0,0,42800,42800,42300
2017-06-30,31.37,42700,0.35(0.83 %),452240,19221000000,0,0,42600,42700,42250
2017-07-03,31.08,42300,-0.4(-0.94 %),537620,22756000000,0,0,42700,42700,42200
2017-07-04,30.86,42000,-0.3(-0.71 %),938440,39330000000,0,0,42200,42300,41500
2017-07-05,30.86,42000,0(0.00 %),493510,20663000000,1423270,59350359000,42300,42400,41650
2017-07-06,31.15,42400,0.4(0.95 %),324260,13707000000,0,0,42500,42500,42000
2017-07-07,30.86,42000,-0.4(-0.94 %),238900,10099000000,0,0,42650,42700,42000
2017-07-10,30.19,41100,-0.9(-2.14 %),555810,22999000000,0,0,42300,42300,41000
2017-07-11,30.93,42100,1(2.43 %),436010,18154000000,1627860,68532906000,41100,42100,41100
2017-07-12,31.3,42600,0.5(1.19 %),459760,19500000000,0,0,42450,42600,42000
2017-07-13,31.3,42600,0(0.00 %),552600,23470000000,0,0,42600,42600,41900
2017-07-14,31.3,42600,0(0.00 %),355150,15068000000,0,0,42600,42600,42200
2017-07-17,31.15,42400,-0.2(-0.47 %),489240,20585000000,1620970,68729128000,42500,42500,41800
2017-07-18,31.08,42300,-0.1(-0.24 %),146220,6145000000,1687710,71374033000,41500,42300,41500
2017-07-19,30.86,42000,-0.3(-0.71 %),300130,12656000000,1640030,68881260000,42500,42500,41950
2017-07-20,31.15,42400,0.4(0.95 %),259280,10929000000,0,0,42000,42400,41800
2017-07-21,31.19,42450,0.05(0.12 %),563380,23735000000,0,0,42100,42450,41650
2017-07-24,31.0,42200,-0.25(-0.59 %),222770,9378000000,2390348,100394616000,42450,42450,41900
2017-07-25,30.86,42000,-0.2(-0.47 %),193720,8133000000,0,0,41800,42100,41800
2017-07-26,31.3,42600,0.6(1.43 %),508260,21462000000,200000,8840000000,42000,42600,41800
2017-07-27,31.08,42300,-0.3(-0.70 %),254710,10806000000,159870,6781685400,42100,42600,42100
2017-07-28,31.52,42900,0.6(1.42 %),431700,18405000000,0,0,42300,42900,42000
2017-07-31,32.69,44500,1.6(3.73 %),1244560,54786000000,0,0,43600,44500,43500
2017-08-01,32.62,44400,-0.1(-0.22 %),404610,17937000000,0,0,44500,44500,44000
2017-08-02,32.62,44400,0(0.00 %),388850,17227000000,0,0,43900,44500,43900
2017-08-03,32.62,44400,0(0.00 %),481890,21449000000,0,0,44200,44800,44000
2017-08-04,32.73,44550,0.15(0.34 %),436280,19463000000,3438788,147867884000,44600,44900,44400
2017-08-07,32.69,44500,-0.05(-0.11 %),342670,15242000000,0,0,44550,44600,44300
2017-08-08,32.99,44900,0.4(0.90 %),655500,29253000000,0,0,44500,44900,44500
2017-08-09,31.96,43500,-1.4(-3.12 %),631740,27729000000,159851,7177309900,44300,45000,43500
2017-08-10,31.74,43200,-0.3(-0.69 %),178660,7755000000,0,0,43500,43800,43000
2017-08-11,31.96,43500,0.3(0.69 %),125330,5426000000,1782804,76660572000,43200,43700,42900
2017-08-14,31.96,43500,0(0.00 %),227890,9914000000,0,0,43500,43550,43200
2017-08-15,31.3,42600,-0.9(-2.07 %),508250,21670000000,0,0,43400,43500,42500
2017-08-16,31.44,42800,0.2(0.47 %),259540,11052000000,0,0,42500,42850,42400
2017-08-17,31.41,42750,-0.05(-0.12 %),334020,14264000000,0,0,43000,43000,42400
2017-08-18,31.41,42750,0(0.00 %),523350,22342000000,150000,6400500000,42750,43100,42400
2017-08-21,31.52,42900,0.15(0.35 %),297760,12707000000,270000,11542500000,42300,42900,42300
2017-08-22,31.44,42800,-0.1(-0.23 %),219070,9381000000,0,0,42600,43000,42600
2017-08-23,31.81,43300,0.5(1.17 %),141920,6124000000,0,0,43250,43300,42800
2017-08-24,31.99,43550,0.25(0.58 %),391490,17120000000,0,0,43500,43950,43300
2017-08-25,32.73,44550,1(2.30 %),625340,27633000000,0,0,43550,44750,43550
2017-08-28,33.43,45500,0.95(2.13 %),815250,36693000000,0,0,44550,45500,44100
2017-08-29,33.83,46050,0.55(1.21 %),1051820,47988000000,150000,6907500000,45400,46200,44950
2017-08-30,36.15,49200,3.15(6.84 %),1588730,75791000000,0,0,46050,49200,46050
2017-08-31,36.0,49000,-0.2(-0.41 %),1464890,72790000000,0,0,49000,50600,48500
2017-09-01,36.29,49400,0.4(0.82 %),613910,30365000000,0,0,48700,49900,48700
2017-09-05,36.88,50200,0.8(1.62 %),1083940,54232000000,278190,13911225000,49900,50300,49600
2017-09-06,36.73,50000,-0.2(-0.40 %),977140,48632000000,67000,3335930000,50200,50200,49000
2017-09-07,36.7,49950,-0.05(-0.10 %),468460,23306000000,69000,3432750000,50000,50000,49400
2017-09-08,37.17,50600,0.65(1.30 %),1674650,84478000000,63000,3177720000,50000,51300,49350
2017-09-11,36.22,49300,-1.3(-2.57 %),678430,33734000000,0,0,50400,50400,49300
2017-09-12,36.22,49300,0(0.00 %),1762650,86406000000,107867,5285483000,48600,49300,48600
2017-09-13,35.34,48100,-1.2(-2.43 %),983030,47656000000,0,0,49300,49350,48000
2017-09-14,36.11,49150,1.05(2.18 %),1038060,50814000000,0,0,47550,50000,47550
2017-09-15,35.93,48900,-0.25(-0.51 %),3535620,173036000000,2481850,121362465000,48200,49500,48200
2017-09-18,36.0,49000,0.1(0.20 %),309400,15156000000,0,0,48900,49400,48800
2017-09-19,36.07,49100,0.1(0.20 %),677170,33234000000,0,0,49000,49300,48850
2017-09-20,36.0,49000,-0.1(-0.20 %),587010,28765000000,209150,10248350000,49100,49150,48700
2017-09-21,36.07,49100,0.1(0.20 %),642630,31256000000,0,0,49000,49100,48050
2017-09-22,36.07,49100,0(0.00 %),635450,31259000000,0,0,49200,49700,48300
2017-09-25,36.0,49000,-0.1(-0.20 %),991050,48565000000,0,0,49000,49300,48800
2017-09-26,36.29,49400,0.4(0.82 %),1097210,54057000000,0,0,49000,49950,48800
2017-09-27,37.54,51100,1.7(3.44 %),1612010,82157000000,0,0,49800,51500,49800
2017-09-28,37.32,50800,-0.3(-0.59 %),802280,41012000000,266692,13619960440,51400,51800,50800
2017-09-29,37.62,51200,0.4(0.79 %),771460,39345000000,0,0,50500,51200,50500
2017-10-02,37.47,51000,-0.2(-0.39 %),719100,36678000000,0,0,51200,51300,50900
2017-10-03,37.54,51100,0.1(0.20 %),2940110,152120000000,0,0,51100,52500,51100
2017-10-04,38.2,52000,0.9(1.76 %),1930800,100024000000,0,0,51400,52000,51200
2017-10-05,38.72,52700,0.7(1.35 %),1639860,86043000000,0,0,52100,53200,52000
2017-10-06,38.64,52600,-0.1(-0.19 %),1246450,65588000000,0,0,52700,52900,52300
2017-10-09,38.2,52000,-0.6(-1.14 %),655850,33996000000,0,0,52400,52400,51300
2017-10-10,38.35,52200,0.2(0.38 %),1812200,92651000000,0,0,51500,52200,50700
2017-10-11,40.33,54900,2.7(5.17 %),1820720,97881000000,0,0,52200,54900,52200
2017-10-12,40.41,55000,0.1(0.18 %),955520,52698000000,0,0,54500,55800,53900
2017-10-13,41.14,56000,1(1.82 %),1163690,64269000000,21000,1075200000,54500,56000,54400
2017-10-16,40.11,54600,-1.4(-2.50 %),1164490,64285000000,0,0,56000,56200,54600
2017-10-17,40.63,55300,0.7(1.28 %),611740,33750000000,0,0,54800,55800,54500
2017-10-18,40.33,54900,-0.4(-0.72 %),645210,35603000000,0,0,55300,55700,54900
2017-10-19,40.41,55000,0.1(0.18 %),652270,35855000000,0,0,54900,55200,54500
2017-10-20,40.63,55300,0.3(0.55 %),1699930,93977000000,0,0,55000,55800,54600
2017-10-23,40.7,55400,0.1(0.18 %),1042390,57686000000,0,0,55400,55600,55000
2017-10-24,40.77,55500,0.1(0.18 %),1015940,56321000000,0,0,55500,55800,54700
2017-10-25,40.63,55300,-0.2(-0.36 %),639470,35397000000,0,0,55500,55600,55000
2017-10-26,40.63,55300,0(0.00 %),1424800,78023000000,0,0,55300,55400,53000
2017-10-27,41.88,57000,1.7(3.07 %),1881040,106092000000,594567,32879555100,55800,57400,55200
2017-10-30,42.61,58000,1(1.75 %),1520110,88014000000,0,0,57400,58500,57100
2017-10-31,42.98,58500,0.5(0.86 %),1225710,71521000000,0,0,58300,58800,57700
2017-11-01,43.05,58600,0.1(0.17 %),1443760,84475000000,0,0,58600,58800,58200
2017-11-02,44.08,60000,1.4(2.39 %),1396970,82567000000,0,0,58600,60000,58500
2017-11-03,44.23,60200,0.2(0.33 %),1227960,73708000000,30000,1674000000,59900,60600,59000
2017-11-06,44.45,60500,0.3(0.50 %),1023210,61860000000,0,0,60400,60800,60000
2017-11-07,45.55,62000,1.5(2.48 %),1645400,101736000000,0,0,60800,62500,60300
2017-11-08,48.12,65500,3.5(5.65 %),2031740,131486000000,0,0,64000,65600,62500
2017-11-09,50.4,68600,3.1(4.73 %),1902810,131136000000,0,0,67500,70000,67000
2017-11-10,48.49,66000,-2.6(-3.79 %),2037660,138988000000,2337293,161273217000,67800,70000,65300
2017-11-13,50.4,68600,2.6(3.94 %),1213210,81208000000,5663470,385115960000,66000,68600,65300
2017-11-14,50.4,68600,0(0.00 %),1697460,115710000000,6630836,457527684000,68500,69500,67400
2017-11-15,50.69,69000,0.4(0.58 %),2415870,164934000000,6152373,424267642080,69000,69500,67300
2017-11-16,51.35,69900,0.9(1.30 %),1449350,100689000000,6139937,420593653000,68000,69900,68000
2017-11-17,52.46,71400,1.5(2.15 %),1572620,111825000000,250000,17775000000,70200,72000,69900
2017-11-20,56.06,76300,4.9(6.86 %),1958970,148068000000,5000000,350000000000,71800,76300,71500
2017-11-21,56.57,77000,0.7(0.92 %),3764030,298692000000,5700000,434910000000,78000,81600,76500
2017-11-22,55.83,76000,-1(-1.30 %),1670670,127049000000,0,0,77000,78800,73500
2017-11-23,56.2,76500,0.5(0.66 %),1302120,99766000000,0,0,76000,77800,75200
2017-11-24,54.73,74500,-2(-2.61 %),858280,64459000000,100000,7485000000,76500,76500,74500
2017-11-27,55.83,76000,1.5(2.01 %),2152690,164801000000,0,0,74000,79500,72000
2017-11-28,55.98,76200,0.2(0.26 %),1786250,137038000000,1275600,99526950000,77500,78900,76000
2017-11-29,55.98,76200,0(0.00 %),1324620,101072000000,30000,2445000000,77000,77000,76100
2017-11-30,54.73,74500,-1.7(-2.23 %),1728020,130370000000,0,0,76200,76700,74500
2017-12-01,54.81,74600,0.1(0.13 %),966230,72103000000,0,0,74500,75400,73800
2017-12-04,55.91,76100,1.5(2.01 %),1716220,130621000000,0,0,75100,77200,74500
2017-12-05,53.63,73000,-3.1(-4.07 %),3682370,280321000000,0,0,77000,78500,70800
2017-12-06,53.63,73000,0(0.00 %),2680770,191666000000,0,0,73600,73600,69900
2017-12-07,52.9,72000,-1(-1.37 %),1010070,72736000000,0,0,72500,73800,71000
2017-12-08,53.63,73000,1(1.39 %),1767290,126582000000,5550000,399738000000,71200,73500,69500
2017-12-11,52.9,72000,-1(-1.37 %),1057910,76506000000,30000,2070000000,72000,73200,71000
2017-12-12,52.31,71200,-0.8(-1.11 %),1138470,80843000000,0,0,73000,73100,69000
2017-12-13,52.9,72000,0.8(1.12 %),547600,39221000000,0,0,71500,72200,70900
2017-12-14,52.9,72000,0(0.00 %),477210,34196000000,0,0,71900,72500,71000
2017-12-15,51.57,70200,-1.8(-2.50 %),4185530,294399420000,20000,1536000000,70700,71700,70100
2017-12-18,54.37,74000,3.8(5.41 %),1199690,86895000000,0,0,71400,74000,71400
2017-12-19,54.0,73500,-0.5(-0.68 %),1006310,74963000000,24450,1823970000,74600,75500,73300
2017-12-20,54.0,73500,0(0.00 %),1506770,110463000000,239970,17963169000,73300,73900,72400
2017-12-21,53.63,73000,-0.5(-0.68 %),1721550,128136000000,0,0,73900,75500,73000
2017-12-22,55.54,75600,2.6(3.56 %),2254940,167981000000,0,0,73700,75600,73400
2017-12-25,57.3,78000,2.4(3.17 %),1399540,107124000000,108560,7644624000,76000,78000,75800
2017-12-26,57.3,78000,0(0.00 %),2308080,180319000000,0,0,78300,79000,77800
2017-12-27,56.72,77200,-0.8(-1.03 %),2925370,226322000000,150000,10905000000,78000,79000,76700
2017-12-28,56.86,77400,0.2(0.26 %),1109290,86249000000,0,0,77500,78500,77400
2017-12-29,56.79,77300,-0.1(-0.13 %),2105550,164187000000,0,0,77600,79900,77000
2018-01-02,57.45,78200,0.9(1.16 %),1435130,112040570000,0,0,77600,78500,77400
2018-01-03,59.14,80500,2.3(2.94 %),5014340,405688000000,0,0,79500,83200,78600
2018-01-04,59.51,81000,0.5(0.62 %),2937490,239556000000,0,0,81500,83100,80500
2018-01-05,58.77,80000,-1(-1.23 %),2825160,225825000000,0,0,81000,81000,79000
2018-01-08,58.99,80300,0.3(0.38 %),3978990,318223000000,161000,11978400000,80000,81900,79100
2018-01-09,59.21,80600,0.3(0.37 %),3276860,265169000000,599150,47617235000,80900,82500,80000
2018-01-10,59.36,80800,0.2(0.25 %),3525280,286207000000,174450,14155950000,81000,82300,80600
2018-01-11,59.51,81000,0.2(0.25 %),3234530,262822000000,274220,22280375000,80800,82200,80100
2018-01-12,62.74,85400,4.4(5.43 %),5641810,472246890000,100000,8150000000,81500,86300,81300
2018-01-15,64.06,87200,1.8(2.11 %),3992270,348814120000,740300,64928045000,86400,88800,86100
2018-01-16,63.18,86000,-1.2(-1.38 %),4033950,346709000000,416960,35881213800,87200,87500,85000
2018-01-17,61.71,84000,-2(-2.33 %),3664360,312060000000,2089750,179344730000,86000,86800,83000
2018-01-18,62.01,84400,0.4(0.48 %),2516550,207804000000,1363092,114499728000,83000,84400,80500
2018-01-19,61.71,84000,-0.4(-0.47 %),4547470,386005000000,118000,9949760000,85000,86200,84000
2018-01-22,62.45,85000,1(1.19 %),1971820,167462000000,0,0,84500,85600,84000
2018-01-25,62.52,85100,0.1(0.12 %),6498690,563492000000,360000,30662800000,85000,89500,85000
2018-01-26,62.81,85500,0.4(0.47 %),1879950,161006000000,0,0,86000,86500,84900
2018-01-29,62.81,85500,0(0.00 %),1648430,142078000000,843330,72882945000,86000,87300,85200
2018-01-30,62.45,85000,-0.5(-0.58 %),2528460,214045000000,82000,7366800000,85500,85800,83500
2018-01-31,63.18,86000,1(1.18 %),5163910,447770000000,0,0,85500,88400,85100
2018-02-01,63.62,86600,0.6(0.70 %),2444650,211175000000,35150,3036257000,87500,87800,85000
2018-02-02,64.06,87200,0.6(0.69 %),4141270,363511000000,0,0,86500,88500,86500
2018-02-05,59.58,81100,-6.1(-7.00 %),2587460,216253850000,0,0,85400,86000,81100
2018-02-06,59.58,81100,0(0.00 %),6416850,492088000000,2097780,170129958000,81100,81100,75500
2018-02-07,59.51,81000,-0.1(-0.12 %),1569240,128743670000,0,0,82000,82900,81000
2018-02-08,58.04,79000,-2(-2.47 %),1035980,82790000000,0,0,80000,81000,79000
2018-02-09,57.45,78200,-0.8(-1.01 %),1512070,115820000000,0,0,76000,78600,74500
2018-02-12,61.42,83600,5.4(6.91 %),1403590,114039000000,40000,3344000000,79000,83600,79000
2018-02-13,63.26,86100,2.5(2.99 %),1361140,116757000000,46000,3977000000,85000,87000,84000
2018-02-21,66.12,90000,3.9(4.53 %),3032580,269874000000,220000,19650000000,87900,92000,87300
2018-02-22,66.49,90500,0.5(0.56 %),2059700,186201000000,0,0,90000,92000,89100
2018-02-23,67.3,91600,1.1(1.22 %),1315690,120486000000,20000,1920000000,91000,92000,91000
2018-02-26,69.79,95000,3.4(3.71 %),2663650,251379000000,0,0,92000,96500,92000
2018-02-27,68.69,93500,-1.5(-1.58 %),2312070,219105000000,0,0,96500,96900,92500
2018-02-28,69.72,94900,1.4(1.50 %),1652330,155985000000,20000,1760000000,92300,95100,92300
2018-03-01,69.06,94000,-0.9(-0.95 %),1228940,115956000000,0,0,94400,95800,93300
2018-03-02,69.43,94500,0.5(0.53 %),876310,82033000000,750000,70460000000,92000,95500,92000
2018-03-05,69.06,94000,-0.5(-0.53 %),1957990,189768000000,110000,10661200000,95000,99600,94000
2018-03-06,72.36,98500,4.5(4.79 %),1563590,151428000000,0,0,96000,98500,94000
2018-03-07,72.44,98600,0.1(0.10 %),1554880,153050000000,0,0,98500,100000,96500
2018-03-08,75.82,103200,4.6(4.67 %),2497640,251930000000,67000,6864150000,98000,104400,97900
2018-03-09,76.04,103500,0.3(0.29 %),3193390,331095000000,200000,21000000000,103200,106000,100000
2018-03-12,73.47,100000,-3.5(-3.38 %),4156360,421153000000,20000,2060000000,100000,104100,99700
2018-03-13,75.38,102600,2.6(2.60 %),1364520,138634000000,0,0,100000,102900,99900
2018-03-14,75.3,102500,-0.1(-0.10 %),2048400,211412000000,0,0,102500,104900,102500
2018-03-15,73.1,99500,-3(-2.93 %),2784640,280181000000,0,0,102900,102900,99500
2018-03-16,73.25,99700,0.2(0.20 %),3090070,308710000000,1009150,100612255000,99700,101000,99400
2018-03-19,76.7,104400,4.7(4.71 %),1201010,124447000000,0,0,104400,105000,100200
2018-03-20,76.55,104200,-0.2(-0.19 %),1045660,109141000000,0,0,103000,105500,103000
2018-03-21,79.34,108000,3.8(3.65 %),3520200,377277000000,0,0,104900,108600,104500
2018-03-22,79.34,108000,0(0.00 %),2262170,247260000000,0,0,109000,110700,108000
2018-03-23,80.45,109500,1.5(1.39 %),3455080,374011000000,208000,21216000000,105600,111200,105500
2018-03-26,83.61,113800,4.3(3.93 %),4681960,529716000000,35000,3570000000,110000,117100,108500
2018-03-27,83.02,113000,-0.8(-0.70 %),3149210,361527000000,1000000,105900000000,117000,117800,112900
2018-03-28,84.12,114500,1.5(1.33 %),1452270,165951000000,0,0,113000,116000,112200
2018-03-29,84.49,115000,0.5(0.44 %),1580300,181420000000,2160072,248408280000,114500,115500,113500
2018-03-30,86.1,117200,2.2(1.91 %),1733950,200911000000,0,0,115100,117200,114000
2018-04-02,90.36,123000,5.8(4.95 %),2458390,299005000000,0,0,118700,124500,118000
2018-04-03,89.85,122300,-0.7(-0.57 %),2412640,293750000000,0,0,122200,123000,120800
2018-04-04,93.67,127500,5.2(4.25 %),1939060,245969000000,803486,102444465000,123000,128900,123000
2018-04-05,96.24,131000,3.5(2.75 %),3190050,418239000000,70000,8927000000,132000,133000,129700
2018-04-06,97.27,132400,1.4(1.07 %),1954390,257546000000,0,0,130000,132500,129700
2018-04-09,99.11,134900,2.5(1.89 %),3209490,431750000000,0,0,135000,135500,133000
2018-04-10,96.24,131000,-3.9(-2.89 %),4492970,602872000000,71000,8910500000,135000,136800,131000
2018-04-11,92.57,126000,-5(-3.82 %),3216110,415649000000,2431611,322809281640,131600,133500,124000
2018-04-12,93.3,127000,1(0.79 %),3592730,452232000000,791870,100567490000,124000,127800,121400
2018-04-13,93.74,127600,0.6(0.47 %),2093210,269554000000,0,0,128000,130600,127000
2018-04-16,94.55,128700,1.1(0.86 %),1686590,213981000000,0,0,128000,129200,124500
2018-04-17,95.51,130000,1.3(1.01 %),2303090,299307000000,81820,9793854000,130000,132000,127500
2018-04-18,95.43,129900,-0.1(-0.08 %),2306360,300467000000,148885,19503935000,131000,132000,129900
2018-04-19,88.82,120900,-9(-6.93 %),5509300,677572000000,0,0,128600,129000,120900
2018-04-20,90.36,123000,2.1(1.74 %),4165000,498717000000,0,0,120900,124500,113900
2018-04-23,90.51,123200,0.2(0.16 %),4834080,597820000000,0,0,123200,125800,122800
2018-04-24,93.3,127000,3.8(3.08 %),8719000,1095943000000,0,0,120000,127600,118200
2018-04-26,93.3,127000,0(0.00 %),6434440,803276000000,120000,15022000000,126800,127000,122900
2018-04-27,92.57,126000,-1(-0.79 %),3015830,376335000000,0,0,122700,126500,122000
2018-05-02,91.83,125000,-1(-0.79 %),5204200,643443000000,0,0,125000,126000,120000
2018-05-03,90.36,123000,-2(-1.60 %),4728270,586991000000,0,0,123000,126100,122000
2018-05-04,91.47,124500,1.5(1.22 %),3214170,397458000000,0,0,121600,125100,120000
2018-05-07,91.54,124600,0.1(0.08 %),1059820,131821000000,0,0,123500,125000,123500
2018-05-08,91.03,123900,-0.7(-0.56 %),1263540,156470000000,0,0,124600,124900,123200
2018-05-09,90.29,122900,-1(-0.81 %),1685960,206760000000,0,0,122600,123200,121800
2018-05-10,88.53,120500,-2.4(-1.95 %),1783310,216582000000,7293432,885714382080,122800,122800,120000
2018-05-11,91.1,124000,3.5(2.90 %),1349320,164506000000,787000,94928800000,120100,124000,119000
2018-05-14,96.98,132000,8(6.45 %),2365670,302270000000,20000,2480000000,125000,132000,125000
2018-05-15,96.98,132000,0(0.00 %),1713520,229651000000,0,0,133900,134800,132000
2018-05-16,95.51,130000,-2(-1.52 %),879210,114464000000,0,0,132000,132000,128000
2018-05-17,90.36,123000,-7(-5.38 %),1772650,221829000000,20000,2460000000,130000,130000,122500
2018-05-18,90.36,123000,0(0.00 %),1523270,186685000000,0,0,122000,125000,120500
2018-05-21,84.05,114400,-8.6(-6.99 %),2255860,267057000000,0,0,123000,123000,114400
2018-05-22,78.17,106400,-8(-6.99 %),2590430,281515000000,2000000,230000000000,110800,114000,106400
2018-05-23,75.67,103000,-3.4(-3.20 %),2360420,239475000000,3000000,330000000000,101100,106300,99000
2018-05-24,76.48,104100,1.1(1.07 %),3032350,311392000000,125480,12904363200,103000,105000,101200
2018-05-25,78.61,107000,2.9(2.79 %),2656380,282356000000,1000000,110000000000,104100,110600,100000
2018-05-28,81.55,111000,4(3.74 %),3154610,340953000000,52770,5255892000,102800,111000,102500
2018-05-29,80.81,110000,-1(-0.90 %),1698700,184523000000,121450,13272056000,106300,111500,106100
2018-05-30,81.55,111000,1(0.91 %),1827510,200040000000,109520,11988059200,110100,113500,105900
2018-05-31,85.22,116000,5(4.50 %),5567040,634357000000,0,0,111800,117000,109000
2018-06-01,87.43,119000,3(2.59 %),4227700,496070000000,100000,11733000000,115400,120000,114000
2018-06-04,88.16,120000,1(0.84 %),901540,107827000000,0,0,119000,120100,118500
2018-06-05,88.97,121100,1.1(0.92 %),996780,120070000000,17500000,2082500000000,120000,122500,118600
2018-06-06,91.17,124100,3(2.48 %),2053160,251616000000,0,0,120000,124400,117700
2018-06-07,91.25,124200,0.1(0.08 %),1475370,183873000000,247990,30951693500,124900,125400,123200
2018-06-08,91.25,124200,0(0.00 %),902860,111610000000,0,0,123200,124800,122000
2018-06-11,91.32,124300,0.1(0.08 %),1434380,177961000000,18800057,2293606954000,124000,125100,122500
2018-06-12,91.39,124400,0.1(0.08 %),2086270,256239000000,2000000,250000000000,120000,124600,120000
2018-06-13,94.04,128000,3.6(2.89 %),1823230,229846000000,539870,66134075000,122000,128000,122000
2018-06-14,92.57,126000,-2(-1.56 %),1578250,199415000000,140000,17999800000,128800,128800,125000
2018-06-15,90.73,123500,-2.5(-1.98 %),4770820,590933000000,1500000,189300000000,126000,126800,123500
2018-06-18,90.66,123400,-0.1(-0.08 %),1411490,174078000000,0,0,123500,125900,122500
2018-06-19,90.36,123000,-0.4(-0.32 %),2024310,244509000000,0,0,121500,123400,117000
2018-06-20,91.83,125000,2(1.63 %),872130,107713000000,0,0,123000,125000,122000
2018-06-21,91.1,124000,-1(-0.80 %),1700320,211401000000,0,0,125000,125500,122200
2018-06-22,90.22,122800,-1.2(-0.97 %),461620,56835000000,0,0,124900,124900,122800
2018-06-25,90.88,123700,0.9(0.73 %),562650,69723000000,0,0,125000,125000,123000
2018-06-26,90.81,123600,-0.1(-0.08 %),762320,93565000000,0,0,121000,123900,120500
2018-06-27,91.98,125200,1.6(1.29 %),1177710,146946000000,0,0,123600,125800,123000
2018-06-28,95.57,116400,4.03(3.90 %),1193310,127909000000,0,0,116400,116400,116400
2018-06-29,95.57,107500,0(0.00 %),2967850,318775000000,0,0,105100,107800,105100
2018-07-02,95.3,107200,-0.3(-0.28 %),953200,102230000000,0,0,106000,108500,106000
2018-07-03,88.63,99700,-7.5(-7.00 %),3208300,325796000000,0,0,106000,107000,99700
2018-07-04,93.34,105000,5.3(5.32 %),1971010,203829000000,0,0,99500,106200,97000
2018-07-05,94.68,106500,1.5(1.43 %),1420080,150313000000,0,0,104000,107300,103000
2018-07-06,94.41,106200,-0.3(-0.28 %),1431620,150829000000,0,0,104100,106900,101800
2018-07-09,93.34,105000,-1.2(-1.13 %),701990,74281000000,0,0,106000,107300,104500
2018-07-10,91.57,103000,-2(-1.90 %),795030,82415000000,0,0,105000,106500,102500
2018-07-11,92.9,104500,1.5(1.46 %),840120,86148000000,0,0,101000,104500,100000
2018-07-12,91.57,103000,-1.5(-1.44 %),357710,37140000000,0,0,103000,104900,101000
2018-07-13,91.57,103000,0(0.00 %),564040,58286000000,0,0,104200,104200,102000
2018-07-16,91.12,102500,-0.5(-0.49 %),1073340,109981000000,5850000,576225000000,103500,103500,101000
2018-07-17,92.46,104000,1.5(1.46 %),1207830,123851000000,0,0,101000,104100,100000
2018-07-18,93.34,105000,1(0.96 %),1918790,198887000000,0,0,102500,105000,102500
2018-07-19,93.34,105000,0(0.00 %),2857260,297622000000,0,0,105000,105000,103000
2018-07-20,92.1,103600,-1.4(-1.33 %),2187590,227701000000,2000000,222000000000,103600,105000,103500
2018-07-23,92.46,104000,0.4(0.39 %),1255810,131538000000,625714,64823970400,104000,106500,103300
2018-07-24,92.9,104500,0.5(0.48 %),1493670,156132000000,2220000,244880000000,104000,105600,104000
2018-07-25,92.81,104400,-0.1(-0.10 %),755570,79105000000,0,0,104500,105400,104100
2018-07-26,94.23,106000,1.6(1.53 %),1297470,136467000000,0,0,105300,106000,104400
2018-07-27,94.59,106400,0.4(0.38 %),1187590,126409000000,0,0,107000,107600,105700
2018-07-30,94.59,106400,0(0.00 %),1158200,123112000000,0,0,106900,106900,105600
2018-07-31,94.59,106400,0(0.00 %),1902890,202248000000,0,0,106000,107500,105100
2018-08-01,94.68,106500,0.1(0.09 %),1267370,135301000000,2075000,234475000000,106300,107500,106300
2018-08-02,94.86,106700,0.2(0.19 %),1629230,173968000000,0,0,106500,107400,106200
2018-08-03,99.12,111500,4.8(4.50 %),2531090,282180000000,200000,22400000000,107200,112700,106800
2018-08-06,99.12,111500,0(0.00 %),3669840,407461000000,4274900,444589600000,112000,112900,109700
2018-08-07,98.06,110300,-1.2(-1.08 %),1103740,121839000000,7319630,761681520000,111000,111500,109900
2018-08-08,96.72,108800,-1.5(-1.36 %),1617710,177323000000,35000,3860500000,109700,110900,108600
2018-08-09,92.63,104200,-4.6(-4.23 %),2819240,297990000000,300000,31500000000,107500,108700,104000
2018-08-10,92.63,104200,0(0.00 %),1885210,193985000000,0,0,104000,105800,101000
2018-08-13,91.39,102800,-1.4(-1.34 %),1730190,177192000000,200000,20570000000,103500,104000,101400
2018-08-14,91.83,103300,0.5(0.49 %),1167680,119690000000,0,0,102800,104600,101800
2018-08-15,90.59,101900,-1.4(-1.36 %),644810,66305000000,0,0,103300,104300,101900
2018-08-16,90.77,102100,0.2(0.20 %),1225510,124991000000,0,0,100100,103100,100100
2018-08-17,90.94,102300,0.2(0.20 %),449530,46124000000,150000,15364500000,102100,103300,102100
2018-08-20,91.21,102600,0.3(0.29 %),1000000,102567000000,0,0,102000,103200,102000
2018-08-21,91.66,103100,0.5(0.49 %),1041910,107106000000,0,0,102500,103100,102000
2018-08-22,92.1,103600,0.5(0.48 %),795470,82442000000,0,0,103500,104100,103100
2018-08-23,92.99,104600,1(0.97 %),1808380,189746000000,0,0,104000,105900,104000
2018-08-24,92.46,104000,-0.6(-0.57 %),1261290,131657000000,420000,43761300000,104600,105100,103800
2018-08-27,92.63,104200,0.2(0.19 %),839360,87502000000,400000,41664000000,104100,105000,103800
2018-08-28,92.63,104200,0(0.00 %),617620,64248000000,0,0,103600,104500,103500
2018-08-29,91.57,103000,-1.2(-1.15 %),533720,55264000000,0,0,104200,104200,103000
2018-08-30,91.92,103400,0.4(0.39 %),1172570,120787000000,0,0,103000,103500,102500
2018-08-31,91.92,103400,0(0.00 %),1811230,186059000000,0,0,103300,103400,101500
2018-09-04,90.77,102100,-1.3(-1.26 %),343190,35193000000,30000,3102000000,103400,103400,102000
2018-09-05,90.23,101500,-0.6(-0.59 %),610500,62443000000,0,0,102100,102800,101500
2018-09-06,87.12,98000,-3.5(-3.45 %),918940,91866000000,112060,11699064000,101100,101500,98000
2018-09-07,86.41,97200,-0.8(-0.82 %),698830,67897000000,0,0,96100,99000,96100
2018-09-10,88.28,99300,2.1(2.16 %),896450,88703000000,846000,82908000000,98000,99900,97100
2018-09-11,89.97,101200,1.9(1.91 %),726370,73386000000,220000,22000000000,98500,102000,98500
2018-09-12,90.14,101400,0.2(0.20 %),629760,64456000000,31320,3205602000,101200,103000,101100
2018-09-13,89.17,100300,-1.1(-1.08 %),422540,42571000000,250000,25165000000,101400,102000,100000
2018-09-14,89.79,101000,0.7(0.70 %),614370,61777000000,74000,7450320000,100300,101500,99700
2018-09-17,88.01,99000,-2(-1.98 %),465650,46506000000,0,0,100800,101300,98900
2018-09-18,88.54,99600,0.6(0.61 %),613160,60466000000,67160,6622647600,98000,99600,98000
2018-09-19,87.66,98600,-1(-1.00 %),416470,41310000000,0,0,99600,100100,98500
2018-09-20,87.57,98500,-0.1(-0.10 %),449420,44249000000,3985170,392140728000,98200,99500,98200
2018-09-21,87.66,98600,0.1(0.10 %),1584980,156419000000,20000,1980000000,98500,99300,98400
2018-09-24,88.54,99600,1(1.01 %),323610,32208000000,1272900,126653550000,98600,100300,98600
2018-09-25,88.46,99500,-0.1(-0.10 %),426720,42432000000,0,0,99500,99600,99200
2018-09-26,88.01,99000,-0.5(-0.50 %),505180,50067000000,0,0,99200,99300,99000
2018-09-27,87.66,98600,-0.4(-0.40 %),497460,49121000000,998210,98525461400,98600,99200,98500
2018-09-28,87.39,98300,-0.3(-0.30 %),857910,84342000000,3574116,352407837600,98600,98600,98100
2018-10-01,87.57,98500,0.2(0.20 %),1269410,127554000000,28750,2961250000,99900,102500,98500
2018-10-02,90.68,102000,3.5(3.55 %),1206840,122067000000,0,0,99900,102000,99700
2018-10-03,90.86,102200,0.2(0.20 %),860380,88603000000,0,0,103000,103900,101800
2018-10-04,89.43,100600,-1.6(-1.57 %),635150,64148000000,20000,2044000000,102100,102200,100600
2018-10-05,87.57,98500,-2.1(-2.09 %),1868060,184907000000,9464842,952050005200,99900,100400,98300
2018-10-08,85.88,96600,-1.9(-1.93 %),1766100,171999000000,0,0,97600,98300,96400
2018-10-09,85.88,96600,0(0.00 %),944590,91382000000,0,0,96600,97300,96100
2018-10-10,85.88,96600,0(0.00 %),1213420,117467000000,0,0,96600,97700,96500
2018-10-11,82.68,93000,-3.6(-3.73 %),3276160,301171000000,90000,8420000000,93000,94400,89900
2018-10-12,85.34,96000,3(3.23 %),1735640,164565000000,97000,9218120000,93000,97500,92800
2018-10-15,84.9,95500,-0.5(-0.52 %),720500,68873000000,0,0,96000,96700,94000
2018-10-16,87.66,98600,3.1(3.25 %),1290720,125579000000,3699398,353380009000,95000,98600,94200
2018-10-17,88.01,99000,0.4(0.41 %),1310430,129404000000,0,0,99000,99600,98200
2018-10-18,88.1,99100,0.1(0.10 %),896140,88638000000,607130,60057299600,98500,99200,98000
2018-10-19,88.1,99100,0(0.00 %),915870,90170000000,0,0,96500,99100,96500
2018-10-22,88.1,99100,0(0.00 %),536930,53249000000,320000,31747200000,98100,99600,97100
2018-10-23,88.01,99000,-0.1(-0.10 %),608750,59820000000,0,0,98100,99000,96500
2018-10-24,87.83,98800,-0.2(-0.20 %),681290,67435000000,400000,39960000000,98000,99500,97500
2018-10-25,86.06,96800,-2(-2.02 %),404050,39106000000,24000,2400000000,96700,98200,94600
2018-10-26,85.7,96400,-0.4(-0.41 %),653110,63138000000,0,0,96200,98000,95700
2018-10-29,86.41,97200,0.8(0.83 %),643700,61993000000,0,0,95500,97700,95000
2018-10-30,85.88,96600,-0.6(-0.62 %),452080,43648000000,0,0,95500,97300,95500
2018-10-31,86.41,97200,0.6(0.62 %),582470,56371000000,1586003,143374671200,95600,97200,95600
2018-11-01,84.9,95500,-1.7(-1.75 %),1225020,117022000000,0,0,96500,96800,95000
2018-11-02,85.34,96000,0.5(0.52 %),1484060,142310000000,88500,8487150000,95600,96700,95500
2018-11-05,85.34,96000,0(0.00 %),664130,63515000000,0,0,96000,96500,95100
2018-11-06,85.17,95800,-0.2(-0.21 %),597170,57278000000,101040,9498792000,96000,96500,95400
2018-11-07,85.34,96000,0.2(0.21 %),608180,58017000000,0,0,96300,96300,94300
2018-11-08,85.34,96000,0(0.00 %),383030,36791000000,0,0,96000,96600,95800
2018-11-09,85.26,95900,-0.1(-0.10 %),602570,57656000000,0,0,95000,96000,95000
2018-11-12,85.26,95900,0(0.00 %),720990,69069000000,2000000,198000000000,95800,96000,95500
2018-11-13,82.94,93300,-2.6(-2.71 %),598800,56377000000,0,0,94800,95000,93300
2018-11-14,84.19,94700,1.4(1.50 %),450950,42710000000,0,0,93600,95100,93400
2018-11-15,81.52,91700,-3(-3.17 %),689540,63417000000,3220000,318780000000,94700,94700,90900
2018-11-16,80.1,90100,-1.6(-1.74 %),895700,81043000000,0,0,91700,92500,89800
2018-11-19,85.7,96400,6.3(6.99 %),1553130,146884000000,0,0,90100,96400,90100
2018-11-20,86.41,97200,0.8(0.83 %),1470120,141915000000,0,0,94700,97200,94700
2018-11-21,86.5,97300,0.1(0.10 %),1609020,156036000000,0,0,97000,97300,95000
2018-11-22,87.12,98000,0.7(0.72 %),1345610,131062000000,0,0,97200,98000,96500
2018-11-23,88.01,99000,1(1.02 %),1055870,103768000000,0,0,98800,99000,97000
2018-11-26,89.34,100500,1.5(1.52 %),642520,63856000000,400000,39835000000,99000,100500,98000
2018-11-27,90.23,101500,1(1.00 %),467400,47590000000,320180,32597525800,100500,103200,100500
2018-11-28,90.68,102000,0.5(0.49 %),577600,58696000000,0,0,101500,102000,100800
2018-11-29,90.68,102000,0(0.00 %),367130,37534000000,100000,10203000000,102500,103000,101700
2018-11-30,90.41,101700,-0.3(-0.29 %),1024240,103151000000,0,0,101000,102000,97500
2018-12-03,90.59,101900,0.2(0.20 %),262710,26779000000,0,0,101800,103000,101300
2018-12-04,90.68,102000,0.1(0.10 %),966490,98498000000,446770,45620595300,102400,102400,101600
2018-12-05,90.77,102100,0.1(0.10 %),461240,47001000000,500000,50974000000,101900,102200,101000
2018-12-06,90.77,102100,0(0.00 %),251610,25646000000,0,0,102100,102200,101100
2018-12-07,90.86,102200,0.1(0.10 %),460960,47040000000,0,0,102100,102200,101500
2018-12-10,90.77,102100,-0.1(-0.10 %),806730,82042000000,0,0,102000,102200,101100
2018-12-11,90.86,102200,0.1(0.10 %),457470,46661000000,0,0,102100,102200,101400
2018-12-12,90.86,102200,0(0.00 %),403320,41226000000,20000,2044000000,102200,102400,102000
2018-12-13,91.39,102800,0.6(0.59 %),488820,50281000000,309810,31956901500,102500,103900,101800
2018-12-14,91.3,102700,-0.1(-0.10 %),234660,23995000000,0,0,102200,103000,101600
2018-12-17,91.12,102500,-0.2(-0.19 %),205950,21074000000,0,0,102000,102700,101900
2018-12-18,90.68,102000,-0.5(-0.49 %),531470,53867000000,0,0,101800,102000,100000
2018-12-19,90.68,102000,0(0.00 %),506600,51536000000,0,0,102000,102300,100500
2018-12-20,90.59,101900,-0.1(-0.10 %),387370,39376000000,0,0,101000,102000,100800
2018-12-21,90.68,102000,0.1(0.10 %),791040,80495000000,0,0,100500,102000,100000
2018-12-24,90.68,102000,0(0.00 %),216960,22121000000,0,0,102000,102200,101300
2018-12-25,90.59,101900,-0.1(-0.10 %),293610,29714000000,0,0,100100,101900,100100
2018-12-26,90.59,101900,0(0.00 %),367750,37368000000,0,0,101000,101900,101000
2018-12-27,91.03,102400,0.5(0.49 %),690680,70559000000,0,0,101000,102900,101000
2018-12-28,84.72,95300,-7.1(-6.93 %),381320,36948000000,0,0,103300,103400,95300
2019-01-02,89.26,100400,5.1(5.35 %),602450,60300000000,0,0,100400,101300,97500
2019-01-03,89.17,100300,-0.1(-0.10 %),496950,49247000000,0,0,100000,100300,98200
2019-01-04,89.43,100600,0.3(0.30 %),458000,45625000000,20000,2000000000,100000,100700,98000
2019-01-07,89.79,101000,0.4(0.40 %),589150,59428000000,0,0,100900,103000,99900
2019-01-08,89.79,101000,0(0.00 %),494300,49619000000,0,0,102000,102000,99700
2019-01-09,90.23,101500,0.5(0.50 %),659210,66315000000,0,0,101000,101900,99000
2019-01-10,90.14,101400,-0.1(-0.10 %),551980,55652000000,20000,1990000000,101200,101500,100000
2019-01-11,90.14,101400,0(0.00 %),569030,57325000000,20000,1980000000,101000,101400,100100
2019-01-14,90.14,101400,0(0.00 %),562930,56840000000,20000,1986000000,101300,101900,100200
2019-01-15,90.23,101500,0.1(0.10 %),711450,72032000000,43000,4267000000,101400,101500,100400
2019-01-16,90.68,102000,0.5(0.49 %),518160,52600000000,30000,2970000000,102000,102100,100800
2019-01-17,90.68,102000,0(0.00 %),325130,33131000000,0,0,102000,102200,100700
2019-01-18,90.86,102200,0.2(0.20 %),498290,50743000000,26000,2587000000,101500,102200,100900
2019-01-21,91.03,102400,0.2(0.20 %),404250,41280000000,0,0,102200,102400,101300
2019-01-22,91.03,102400,0(0.00 %),258070,26405000000,0,0,102400,102400,101500
2019-01-23,91.21,102600,0.2(0.20 %),299570,30831000000,0,0,102000,103700,102000
2019-01-24,91.39,102800,0.2(0.19 %),184720,18937000000,241720,24801449200,102500,102900,102200
2019-01-25,91.48,102900,0.1(0.10 %),306670,31564000000,200000,20580000000,102800,103500,102200
2019-01-28,92.19,103700,0.8(0.78 %),381260,39440000000,0,0,102900,103700,102600
2019-01-29,92.37,103900,0.2(0.19 %),225310,23384000000,1150000,119561000000,104900,104900,103000
2019-01-30,92.37,103900,0(0.00 %),370040,38321000000,456840,47305782000,103900,104000,102900
2019-01-31,92.37,103900,0(0.00 %),651020,67211000000,256840,26512456400,104000,104500,102500
2019-02-01,87.83,98800,-5.1(-4.91 %),2095840,209473000000,56840,5680589600,103800,103800,98800
2019-02-11,92.46,104000,5.2(5.26 %),527310,53927000000,0,0,101800,104000,101200
2019-02-12,96.99,109100,5.1(4.90 %),769110,82575000000,100000,10100000000,104900,109100,104000
2019-02-13,96.9,109000,-0.1(-0.09 %),822040,89252000000,0,0,108000,109300,107200
2019-02-14,100.37,112900,3.9(3.58 %),995310,111562000000,0,0,109000,113000,109000
2019-02-15,99.57,112000,-0.9(-0.80 %),670900,75366000000,0,0,113000,113000,112000
2019-02-18,101.08,113700,1.7(1.52 %),829150,93798000000,350000,39770500000,112500,113700,111700
2019-02-19,103.12,116000,2.3(2.02 %),1002020,115668000000,20000,2270000000,113500,116600,113500
2019-02-20,103.57,116500,0.5(0.43 %),678800,79006000000,141640,16485479600,115200,116900,115200
2019-02-21,105.26,118400,1.9(1.63 %),1162700,137316000000,0,0,116500,118400,116300
2019-02-22,104.01,117000,-1.4(-1.18 %),720970,84684000000,0,0,118000,118400,116600
2019-02-25,103.39,116300,-0.7(-0.60 %),624890,73008000000,0,0,117000,117900,115900
2019-02-26,102.68,115500,-0.8(-0.69 %),792710,91587000000,56840,6566725200,116000,116600,113500
2019-02-27,104.37,117400,1.9(1.65 %),824620,96518000000,80000,9365600000,115500,117900,115500
2019-02-28,101.35,114000,-3.4(-2.90 %),1132410,130355000000,111840,12873902400,117000,117400,113100
2019-03-01,102.32,115100,1.1(0.96 %),739260,85417000000,20000,2302000000,114000,117000,114000
2019-03-04,104.37,117400,2.3(2.00 %),660550,77306000000,0,0,116700,117600,115800
2019-03-05,104.28,117300,-0.1(-0.09 %),706060,82979000000,20000,2350400000,117400,117800,116900
2019-03-06,104.64,117700,0.4(0.34 %),377280,44317000000,100000,11746000000,117700,117700,117100
2019-03-07,105.97,119200,1.5(1.27 %),1797980,216695000000,400000,48208000000,119200,122500,117800
2019-03-08,104.99,118100,-1.1(-0.92 %),845280,100573000000,20000,2540000000,119000,119600,118100
2019-03-11,105.17,118300,0.2(0.17 %),429390,50670000000,268760,31723805600,117000,118300,117000
2019-03-12,105.44,118600,0.3(0.25 %),902200,107232000000,100000,11885000000,119000,119400,118200
2019-03-13,104.46,117500,-1.1(-0.93 %),1262350,150015000000,0,0,118500,120000,117000
2019-03-14,105.61,118800,1.3(1.11 %),1155340,135902000000,0,0,116500,118800,115600
2019-03-15,105.52,118700,-0.1(-0.08 %),1704580,202276000000,0,0,119300,119300,117900
2019-03-18,107.84,121300,2.6(2.19 %),1114570,133932000000,0,0,120000,121300,119100
2019-03-19,107.57,121000,-0.3(-0.25 %),1190080,144518000000,100000,12130000000,121300,122400,120700
2019-03-20,106.86,120200,-0.8(-0.66 %),780190,93647000000,45400,5449362000,121000,121000,119100
2019-03-21,104.01,117000,-3.2(-2.66 %),1208480,143728000000,0,0,120000,120300,117000
2019-03-22,105.44,118600,1.6(1.37 %),1114660,131600000000,0,0,117000,118900,117000
2019-03-25,102.41,115200,-3.4(-2.87 %),886800,102918000000,202920,23615366000,117000,117300,115000
2019-03-26,101.08,113700,-1.5(-1.30 %),846570,97156000000,120000,13740000000,115500,116800,113000
2019-03-27,101.26,113900,0.2(0.18 %),772080,88561000000,136280,15631316000,115000,115900,113900
2019-03-28,103.04,115900,2(1.76 %),561880,64757000000,97710,11261077500,113900,115900,113900
2019-03-29,103.04,115900,0(0.00 %),1099970,127767000000,0,0,115900,116800,115900
2019-04-01,103.57,116500,0.6(0.52 %),828430,96175000000,0,0,116400,116500,115800
2019-04-02,103.39,116300,-0.2(-0.17 %),1036350,121054000000,0,0,116900,117200,116200
2019-04-03,102.15,114900,-1.4(-1.20 %),464270,53486000000,0,0,115500,116000,114500
2019-04-04,102.32,115100,0.2(0.17 %),383730,44073000000,38000,4636000000,115100,115800,114100
2019-04-05,102.32,115100,0(0.00 %),235790,27146000000,195630,22524732000,115300,115400,114600
2019-04-08,102.68,115500,0.4(0.35 %),435190,50126000000,69470,8001554600,115200,115800,114800
2019-04-09,100.46,113000,-2.5(-2.16 %),1156710,131800000000,0,0,116000,116000,112800
2019-04-10,99.39,111800,-1.2(-1.06 %),696000,78032000000,0,0,113000,114000,110900
2019-04-11,102.24,115000,3.2(2.86 %),350810,39681000000,0,0,111800,115000,111800
2019-04-12,100.63,113200,-1.8(-1.57 %),551990,62749000000,26200,2978154000,115000,115000,113000
2019-04-16,100.55,113100,-0.1(-0.09 %),1231190,136031000000,20000,2224000000,109500,113100,108000
2019-04-17,97.79,110000,-3.1(-2.74 %),960220,106897000000,20000,2230000000,111300,113000,110000
2019-04-18,96.9,109000,-1(-0.91 %),891240,96569000000,0,0,109500,110000,105000
2019-04-19,97.88,110100,1.1(1.01 %),414050,45392000000,0,0,110000,110600,108200
2019-04-22,99.48,111900,1.8(1.63 %),794060,87580000000,60000,6576000000,109000,111900,107000
2019-04-23,100.46,113000,1.1(0.98 %),534660,60108000000,0,0,111900,113000,111000
2019-04-24,101.17,113800,0.8(0.71 %),447820,50857000000,0,0,113000,114000,112100
2019-04-25,100.99,113600,-0.2(-0.18 %),503490,56775000000,0,0,113800,113800,112000
2019-04-26,101.08,113700,0.1(0.09 %),826050,93630000000,0,0,112000,113700,112000
2019-05-02,100.99,113600,-0.1(-0.09 %),190970,21672000000,0,0,113800,113900,113000
2019-05-03,100.01,112500,-1.1(-0.97 %),705500,79517000000,0,0,113700,113700,112100
2019-05-06,99.75,112200,-0.3(-0.27 %),290580,32436000000,0,0,112000,112300,110200
2019-05-07,100.1,112600,0.4(0.36 %),421350,47286000000,0,0,112200,113300,111000
2019-05-08,100.1,112600,0(0.00 %),348500,39141000000,0,0,111500,112700,111400
2019-05-09,100.1,112600,0(0.00 %),314140,35282000000,225000,25287000000,112700,112700,111600
2019-05-10,100.19,112700,0.1(0.09 %),289160,32579000000,0,0,112600,113000,112200
2019-05-13,100.37,112900,0.2(0.18 %),439200,49330000000,0,0,111900,112900,111700
2019-05-14,100.9,113500,0.6(0.53 %),539280,60999000000,0,0,112000,113500,111900
2019-05-15,102.5,115300,1.8(1.59 %),456790,52648000000,25000,2800000000,113500,116200,113400
2019-05-16,103.92,116900,1.6(1.39 %),773010,90500000000,40000,4682800000,115300,118900,115300
2019-05-17,103.92,116900,0(0.00 %),464260,54320000000,151000,17657940000,117000,118100,116100
2019-05-20,104.46,117500,0.6(0.51 %),406340,47538000000,80000,9341400000,117000,117500,116100
2019-05-21,104.46,117500,0(0.00 %),708620,83283000000,51518053,5821901589000,118700,118700,116300
2019-05-22,104.46,117500,0(0.00 %),382330,44861000000,0,0,117500,118100,116000
2019-05-23,104.01,117000,-0.5(-0.43 %),249830,29302000000,0,0,117000,117600,116200
2019-05-24,102.24,115000,-2(-1.71 %),628560,72557000000,100000,11501000000,115500,116200,114300
2019-05-27,102.24,115000,0(0.00 %),166080,19139000000,0,0,114000,115900,114000
2019-05-28,101.35,114000,-1(-0.87 %),503270,57579000000,100000,11515000000,116000,116000,114000
2019-05-29,102.41,115200,1.2(1.05 %),357950,41141000000,0,0,114900,115400,114000
2019-05-30,102.24,115000,-0.2(-0.17 %),572810,66302000000,0,0,115200,116200,115000
2019-05-31,101.88,114600,-0.4(-0.35 %),296610,34123000000,0,0,115800,115800,114600
2019-06-03,101.79,114500,-0.1(-0.09 %),281510,32197000000,0,0,114000,115500,113000
2019-06-04,101.88,114600,0.1(0.09 %),262740,30120000000,55000,6304650000,113600,115400,113600
2019-06-05,103.04,115900,1.3(1.13 %),244400,28265000000,0,0,115000,115900,115000
2019-06-06,103.04,115900,0(0.00 %),167500,19352000000,0,0,115900,115900,114400
2019-06-07,104.01,117000,1.1(0.95 %),286940,33485000000,727090,84827332100,116600,117000,116100
2019-06-10,104.55,117600,0.6(0.51 %),955890,112741000000,0,0,117200,118700,117200
2019-06-11,104.01,117000,-0.6(-0.51 %),308910,36287000000,65000,7634900000,117600,117800,117000
2019-06-12,103.12,116000,-1(-0.85 %),258350,30198000000,200000,23376000000,117000,117500,116000
2019-06-13,102.68,115500,-0.5(-0.43 %),267940,30968000000,25000,3037500000,115200,115900,115200
2019-06-14,102.68,115500,0(0.00 %),350180,40287000000,52640,6055705600,116000,116000,114300
2019-06-17,101.79,114500,-1(-0.87 %),415390,47551000000,75750,8653680000,115900,116500,113800
2019-06-18,101.35,114000,-0.5(-0.44 %),433860,49564000000,0,0,114700,115000,113800
2019-06-19,103.04,115900,1.9(1.67 %),135220,15581000000,0,0,115900,115900,114500
2019-06-20,103.12,116000,0.1(0.09 %),317480,36998000000,92000,10722600000,116200,117100,115600
2019-06-21,101.79,114500,-1.5(-1.29 %),594210,68262000000,0,0,114500,116800,114500
2019-06-24,103.48,116400,1.9(1.66 %),228390,26563000000,0,0,115000,116600,115000
2019-06-25,103.48,116400,0(0.00 %),510700,59632000000,85000,9924600000,116500,117200,116300
2019-06-26,103.92,116900,0.5(0.43 %),515020,60108000000,0,0,116900,117000,116000
2019-06-27,102.15,114900,-2(-1.71 %),398280,46228000000,51600,5988696000,114900,117000,114900
2019-06-28,102.86,115700,0.8(0.70 %),468590,53788000000,20640,2369059200,115700,115900,113700
2019-07-01,104.19,117200,1.5(1.30 %),562110,65642000000,0,0,117200,117200,116100
2019-07-02,102.95,115800,-1.4(-1.19 %),268150,31251000000,55000,6409700000,115800,117300,115800
2019-07-03,102.59,115400,-0.4(-0.35 %),260170,29897000000,0,0,115500,116000,114300
2019-07-04,103.57,116500,1.1(0.95 %),265260,30752000000,0,0,115500,116500,115000
2019-07-05,103.75,116700,0.2(0.17 %),307400,35783000000,1088000,126740600000,116000,116800,115800
2019-07-08,103.12,116000,-0.7(-0.60 %),285840,33213000000,157330,18280172700,116500,116700,115800
2019-07-09,103.12,116000,0(0.00 %),187330,21697000000,183339,21238117200,116000,116100,115200
2019-07-10,103.84,116800,0.8(0.69 %),377060,44078000000,50000,5842500000,117000,117500,116500
2019-07-11,103.57,116500,-0.3(-0.26 %),363380,42243000000,60000,6975000000,117300,117500,115600
2019-07-12,103.12,116000,-0.5(-0.43 %),169920,19779000000,0,0,116900,117000,116000
2019-07-15,101.52,114200,-1.8(-1.55 %),514900,58962000000,0,0,116900,116900,113800
2019-07-16,103.04,115900,1.7(1.49 %),473360,54752000000,500000,58250000000,115000,116500,114200
2019-07-17,102.68,115500,-0.4(-0.35 %),213640,24689000000,0,0,116000,116300,115000
2019-07-18,102.06,114800,-0.7(-0.61 %),454560,52346000000,250590,28864473900,115000,115900,114800
2019-07-19,103.12,116000,1.2(1.05 %),476260,55039000000,70000,8099000000,115000,116000,114800
2019-07-22,103.57,116500,0.5(0.43 %),395900,46051000000,49000,5704090000,116000,116500,115000
2019-07-23,106.5,119800,3.3(2.83 %),1502160,179398000000,149620,17910382800,116500,120300,116500
2019-07-24,108.46,122000,2.2(1.84 %),661870,80558000000,0,0,120500,122200,120200
2019-07-25,109.52,123200,1.2(0.98 %),740440,91885000000,3346728,416137513400,120600,125100,120600
2019-07-26,108.55,122100,-1.1(-0.89 %),416560,51052000000,1969174,240239228000,122700,123300,121600
2019-07-29,110.59,124400,2.3(1.88 %),566870,70115000000,105400,13035872000,123000,124400,122100
2019-07-30,108.9,122500,-1.9(-1.53 %),366670,45227000000,50000,6175000000,124400,125000,122000
2019-07-31,108.46,122000,-0.5(-0.41 %),406490,49631000000,2523730,309111230000,122500,123200,120200
2019-08-01,110.59,124400,2.4(1.97 %),365850,45288000000,0,0,123000,124500,122500
2019-08-02,108.9,122500,-1.9(-1.53 %),483120,59111000000,3050000,375117500000,122000,123100,121900
2019-08-05,104.9,118000,-4.5(-3.67 %),760020,91294000000,3031660,369771655800,122100,122100,118000
2019-08-06,106.5,119800,1.8(1.53 %),441590,51807000000,2974194,350954892000,116000,119800,115500
2019-08-07,104.9,118000,-1.8(-1.50 %),345950,41031000000,2500000,300000000000,116000,120200,116000
2019-08-08,108.46,122000,4(3.39 %),545170,65579000000,5362447,638131193000,118000,122500,118000
2019-08-09,106.86,120200,-1.8(-1.48 %),400990,48715000000,4318555,526863710000,122000,122500,120200
2019-08-12,106.68,120000,-0.2(-0.17 %),107460,12922000000,703660,84439200000,120200,121200,120000
2019-08-13,104.99,118100,-1.9(-1.58 %),310330,36763000000,0,0,119900,120000,118000
2019-08-14,105.44,118600,0.5(0.42 %),302420,35900000000,39080,4639186800,119500,120000,118200
2019-08-15,107.57,121000,2.4(2.02 %),327120,39167000000,0,0,117000,121000,117000
2019-08-16,108.46,122000,1(0.83 %),347380,42269000000,77580,9439934400,119600,122300,119600
2019-08-19,108.37,121900,-0.1(-0.08 %),211950,25839000000,8000000,936000000000,122500,122500,121500
2019-08-20,107.57,121000,-0.9(-0.74 %),206540,25159000000,0,0,121900,122500,121000
2019-08-21,108.81,122400,1.4(1.16 %),252820,30878000000,0,0,121000,122500,121000
2019-08-22,112.1,126100,3.7(3.02 %),671970,83694000000,25860,3220863000,123000,126500,122700
2019-08-23,111.12,125000,-1.1(-0.87 %),513250,64413000000,77000,9663500000,126100,126100,124600
2019-08-26,110.95,124800,-0.2(-0.16 %),355930,44115000000,0,0,125000,125000,123400
2019-08-27,108.9,122500,-2.3(-1.84 %),397260,49186000000,25860,3201726600,124900,125700,122500
2019-08-28,108.46,122000,-0.5(-0.41 %),242730,29720000000,0,0,122200,123500,121900
2019-08-29,108.9,122500,0.5(0.41 %),350460,42719000000,25860,3152075400,123500,123500,121100
2019-08-30,109.79,123500,1(0.82 %),220710,27200000000,0,0,123500,123900,122000
2019-09-03,109.35,123000,-0.5(-0.40 %),174400,21537000000,134000,16547660000,123500,124400,122200
2019-09-04,108.81,122400,-0.6(-0.49 %),385500,47280000000,58000,7099200000,123000,123500,121700
2019-09-05,108.46,122000,-0.4(-0.33 %),303110,37226000000,0,0,122900,123400,122000
2019-09-06,107.66,121100,-0.9(-0.74 %),280330,34124000000,0,0,122000,123000,121000
2019-09-09,108.99,122600,1.5(1.24 %),165730,20231000000,0,0,121900,122800,121100
2019-09-10,108.46,122000,-0.6(-0.49 %),247180,30332000000,0,0,123000,123200,122000
2019-09-11,108.01,121500,-0.5(-0.41 %),176620,21509000000,50000,6089000000,122000,122800,121000
2019-09-12,108.01,121500,0(0.00 %),188180,22878000000,0,0,121500,122100,121300
2019-09-13,108.81,122400,0.9(0.74 %),278500,33798000000,1413940,163310070000,122100,122900,120800
2019-09-16,109.17,122800,0.4(0.33 %),330670,40758000000,0,0,122000,124700,122000
2019-09-17,109.17,122800,0(0.00 %),416830,51210000000,0,0,122100,123800,122000
2019-09-18,108.64,122200,-0.6(-0.49 %),181830,22249000000,0,0,122500,122800,122100
2019-09-19,108.01,121500,-0.7(-0.57 %),345240,42071000000,0,0,122500,122800,121400
2019-09-20,106.15,119400,-2.1(-1.73 %),1827050,218966000000,0,0,121400,121900,119400
2019-09-23,105.79,119000,-0.4(-0.34 %),478830,57329000000,0,0,119500,120400,118900
2019-09-24,106.77,120100,1.1(0.92 %),258080,30926000000,324580,38940612000,119000,120400,119000
2019-09-25,106.41,119700,-0.4(-0.33 %),256590,30695000000,0,0,120100,120300,119000
2019-09-26,105.79,119000,-0.7(-0.58 %),334000,39811000000,0,0,120000,120000,118800
2019-09-27,106.5,119800,0.8(0.67 %),264300,31602000000,0,0,119000,120300,118800
2019-09-30,106.5,119800,0(0.00 %),308680,37162000000,0,0,120000,121200,119600
2019-10-01,106.59,119900,0.1(0.08 %),151960,18256000000,0,0,120500,120900,119700
2019-10-02,104.9,118000,-1.9(-1.58 %),545260,64797000000,0,0,119900,120500,118000
2019-10-03,104.9,118000,0(0.00 %),650460,76403000000,0,0,117200,118000,117100
2019-10-04,104.9,118000,0(0.00 %),249050,29372000000,43000,5070990000,118000,118700,117700
2019-10-07,104.01,117000,-1(-0.85 %),467120,54749000000,125000,14632500000,118000,118100,116500
2019-10-08,104.1,117100,0.1(0.09 %),353740,41329000000,0,0,118000,118000,116400
2019-10-09,104.01,117000,-0.1(-0.09 %),221530,25974000000,321000,37550700000,116900,118300,116700
2019-10-10,103.92,116900,-0.1(-0.09 %),273470,32011000000,700000,82250000000,117500,117700,116800
2019-10-11,104.9,118000,1.1(0.94 %),328950,38640000000,600000,70500000000,117500,118000,116700
2019-10-14,104.9,118000,0(0.00 %),358150,42467000000,20000,2350000000,118500,119800,117500
2019-10-15,105.26,118400,0.4(0.34 %),222070,26376000000,800000,94800000000,118000,119300,118000
2019-10-16,104.9,118000,-0.4(-0.34 %),224670,26528000000,747410,88524096400,118000,119000,117700
2019-10-17,104.01,117000,-1(-0.85 %),479110,56108000000,0,0,117900,118500,116900
2019-10-18,104.01,117000,0(0.00 %),261460,30528000000,107720,12578118800,117000,117000,116500
2019-10-21,103.92,116900,-0.1(-0.09 %),205580,24113000000,0,0,117000,118300,116000
2019-10-22,103.84,116800,-0.1(-0.09 %),175690,20625000000,0,0,118000,118000,116800
2019-10-23,104.1,117100,0.3(0.26 %),130200,15255000000,0,0,116800,117500,116800
2019-10-24,104.19,117200,0.1(0.09 %),396910,46429000000,535200,62528880000,117100,117200,116500
2019-10-25,104.19,117200,0(0.00 %),293710,34386000000,187250,21870800000,117000,117400,116700
2019-10-28,104.64,117700,0.5(0.43 %),268360,31495000000,0,0,117000,118100,116700
2019-10-29,104.72,117800,0.1(0.08 %),187020,22008000000,45080,5304563600,117700,117900,117400
2019-10-30,106.32,119600,1.8(1.53 %),600930,71627000000,0,0,118000,119900,117800
2019-10-31,105.79,119000,-0.6(-0.50 %),840720,100584000000,0,0,120000,120400,119000
2019-11-01,108.9,122500,3.5(2.94 %),749070,90853000000,0,0,120000,122500,119500
2019-11-04,108.19,121700,-0.8(-0.65 %),309680,37683000000,0,0,122500,122500,120700
2019-11-05,108.01,121500,-0.2(-0.16 %),260520,31649000000,20000,2430000000,121000,122000,120900
2019-11-06,108.37,121900,0.4(0.33 %),517800,63114000000,206000,25235000000,121500,122500,121000
2019-11-07,107.39,120800,-1.1(-0.90 %),246740,29950000000,0,0,122000,122300,120800
2019-11-08,107.12,120500,-0.3(-0.25 %),492950,59443000000,20000,2430000000,121600,121600,120000
2019-11-11,105.7,118900,-1.6(-1.33 %),281300,33574000000,0,0,120500,120500,118900
2019-11-12,106.15,119400,0.5(0.42 %),158520,18906000000,475000,56988000000,118900,119900,118600
2019-11-13,105.79,119000,-0.4(-0.34 %),323490,38485000000,567700,67476970000,118900,119400,118400
2019-11-14,106.06,119300,0.3(0.25 %),250100,29825000000,0,0,119000,119800,118800
2019-11-15,106.32,119600,0.3(0.25 %),238410,28577000000,20000,2388000000,119200,120800,118800
2019-11-18,104.99,118100,-1.5(-1.25 %),267820,31759000000,450000,54000000000,119800,119800,117900
2019-11-19,104.1,117100,-1(-0.85 %),491510,57664000000,0,0,118000,118200,116800
2019-11-20,103.12,116000,-1.1(-0.94 %),705410,81951000000,0,0,117200,117200,116000
2019-11-21,102.5,115300,-0.7(-0.60 %),1567980,180166000000,0,0,117000,117000,113800
2019-11-22,103.3,116200,0.9(0.78 %),308940,35839000000,0,0,116200,116900,115300
2019-11-25,103.12,116000,-0.2(-0.17 %),234180,27144000000,0,0,116200,116200,115500
2019-11-26,102.41,115200,-0.8(-0.69 %),1027110,118541000000,0,0,116000,116000,115100
2019-11-27,102.77,115600,0.4(0.35 %),304630,35249000000,0,0,115200,116300,115100
2019-11-28,102.86,115700,0.1(0.09 %),232980,26840000000,100000,11520000000,115100,116000,114300
2019-11-29,102.86,115700,0(0.00 %),205040,23702000000,985275,115015937250,115700,116100,114500
2019-12-02,102.24,115000,-0.7(-0.61 %),300040,34399000000,0,0,115500,116300,113800
2019-12-03,102.24,115000,0(0.00 %),300130,34510000000,575000,66081540000,115000,116300,114200
2019-12-04,102.68,115500,0.5(0.43 %),179900,20713000000,60000,6906000000,114200,115500,114200
2019-12-05,102.95,115800,0.3(0.26 %),167250,19387000000,201500,23328775000,116000,116100,115500
2019-12-06,103.04,115900,0.1(0.09 %),144740,16765000000,0,0,116000,116300,115400
2019-12-09,103.04,115900,0(0.00 %),188330,21778000000,0,0,115800,115900,115000
2019-12-10,103.04,115900,0(0.00 %),575810,66062000000,0,0,115500,115900,113600
2019-12-11,103.04,115900,0(0.00 %),301370,34725000000,0,0,115900,115900,114500
2019-12-12,103.12,116000,0.1(0.09 %),334050,38706000000,0,0,116000,116000,115200
2019-12-13,103.12,116000,0(0.00 %),295370,34123000000,0,0,115800,116000,114900
2019-12-16,102.95,115800,-0.2(-0.17 %),377010,43538000000,487070,56482332000,116000,116000,114800
2019-12-17,102.95,115800,0(0.00 %),273030,31524000000,154360,17862896200,115800,115800,114500
2019-12-18,102.95,115800,0(0.00 %),847090,97558000000,115010,13318158000,115000,115900,114500
2019-12-19,102.95,115800,0(0.00 %),974360,112399000000,251440,29116752000,115000,116000,114000
2019-12-20,102.95,115800,0(0.00 %),839200,97027000000,1101640,127569912000,115800,115800,114700
2019-12-23,102.86,115700,-0.1(-0.09 %),591380,67992000000,0,0,115800,115800,114300
2019-12-24,102.68,115500,-0.2(-0.17 %),449960,51686000000,0,0,115600,115600,114300
2019-12-25,102.68,115500,0(0.00 %),348350,40069000000,0,0,115300,115500,114300
2019-12-26,102.59,115400,-0.1(-0.09 %),507390,58430000000,0,0,115300,115700,114400
2019-12-27,102.41,115200,-0.2(-0.17 %),564070,64623000000,605600,69644000000,115400,115400,114000
2019-12-30,102.24,115000,-0.2(-0.17 %),504080,57791000000,0,0,114500,115000,114200
2019-12-31,102.24,115000,0(0.00 %),614630,70456000000,0,0,115000,115000,114100
2020-01-02,102.24,115000,0(0.00 %),440280,50481000000,0,0,114900,115000,114000
2020-01-03,102.5,115300,0.3(0.26 %),248940,28636000000,0,0,115000,115300,114300
2020-01-06,101.79,114500,-0.8(-0.69 %),301910,34640000000,0,0,115000,115000,114400
2020-01-07,101.97,114700,0.2(0.17 %),183910,21078000000,0,0,114500,115000,114300
2020-01-08,101.61,114300,-0.4(-0.35 %),468910,53461000000,0,0,114500,114700,113600
2020-01-09,101.97,114700,0.4(0.35 %),273870,31373000000,96000,10683600000,114300,115100,114200
2020-01-10,102.06,114800,0.1(0.09 %),159120,18274000000,0,0,115000,115000,114700
2020-01-13,102.15,114900,0.1(0.09 %),146680,16847000000,0,0,114700,115100,114500
2020-01-14,102.24,115000,0.1(0.09 %),101150,11621000000,2920000,335508000000,114900,115100,114300
2020-01-15,102.24,115000,0(0.00 %),205600,23570000000,30000,3210000000,115000,115000,114300
2020-01-16,102.24,115000,0(0.00 %),186740,21445000000,2544785,292654518000,115000,115100,114300
2020-01-17,102.15,114900,-0.1(-0.09 %),169100,19434000000,0,0,114900,115100,114400
2020-01-20,102.15,114900,0(0.00 %),370670,42467000000,0,0,114900,114900,114300
2020-01-21,102.15,114900,0(0.00 %),181510,20821000000,26000,3195400000,114300,115000,114300
2020-01-22,102.15,114900,0(0.00 %),371780,42626000000,0,0,114900,114900,114200
2020-01-30,102.15,114900,0(0.00 %),682720,78074000000,0,0,114100,114900,112100
2020-01-31,102.06,114800,-0.1(-0.09 %),831740,95373000000,0,0,114900,114900,113600
2020-02-03,102.06,114800,0(0.00 %),760420,86607000000,0,0,114800,114800,112300
2020-02-04,102.06,114800,0(0.00 %),1485500,168696000000,0,0,113600,114800,111800
2020-02-05,101.79,114500,-0.3(-0.26 %),468420,53189000000,376370,42620958700,114800,114800,113000
2020-02-06,101.7,114400,-0.1(-0.09 %),676290,77106000000,75710,8643810700,114400,114700,112800
2020-02-07,101.7,114400,0(0.00 %),1295520,147288000000,63340,7206191800,114000,114400,112000
2020-02-10,101.08,113700,-0.7(-0.61 %),192700,21903000000,0,0,113000,114100,113000
2020-02-11,100.81,113400,-0.3(-0.26 %),290630,33027000000,0,0,113500,114200,113000
2020-02-12,99.57,112000,-1.4(-1.23 %),452790,50912000000,0,0,113400,113400,112000
2020-02-13,99.92,112400,0.4(0.36 %),285340,32017000000,0,0,111500,112700,111400
2020-02-14,97.79,110000,-2.4(-2.14 %),252390,28065000000,150000,16809500000,112300,112600,110000
2020-02-17,96.01,108000,-2(-1.82 %),742220,79581000000,200000,21630000000,110000,110000,105000
2020-02-18,92.9,104500,-3.5(-3.24 %),791870,82804000000,100000,10500000000,107000,107000,104000
2020-02-19,93.34,105000,0.5(0.48 %),875320,92120000000,0,0,103500,107000,103500
2020-02-20,97.79,110000,5(4.76 %),353570,37852000000,0,0,106000,110000,105000
2020-02-21,97.7,109900,-0.1(-0.09 %),309060,33788000000,0,0,108600,110000,107800
2020-02-24,95.39,107300,-2.6(-2.37 %),1428650,152649000000,24000,2455200000,107100,108000,105500
2020-02-25,95.12,107000,-0.3(-0.28 %),543820,57910000000,0,0,106700,107300,105900
2020-02-26,94.15,105900,-1.1(-1.03 %),625410,66199000000,0,0,104000,106600,104000
2020-02-27,93.88,105600,-0.3(-0.28 %),740420,78052000000,233600,24896876000,105800,106000,104100
2020-02-28,93.7,105400,-0.2(-0.19 %),870840,90829000000,0,0,105000,105400,103000
2020-03-02,93.7,105400,0(0.00 %),742130,77712000000,0,0,104000,105400,102700
2020-03-03,93.79,105500,0.1(0.09 %),557950,58756000000,0,0,105100,105600,104500
2020-03-04,93.79,105500,0(0.00 %),443810,46634000000,25000,2820000000,104600,105500,103500
2020-03-05,93.88,105600,0.1(0.09 %),352300,37106000000,0,0,105100,105900,103800
2020-03-06,93.34,105000,-0.6(-0.57 %),750830,77969000000,0,0,105000,105000,103100
2020-03-09,86.86,97700,-7.3(-6.95 %),966890,94941000000,147700,14430290000,101500,102000,97700
2020-03-10,86.86,97700,0(0.00 %),825490,79506000000,0,0,93000,99200,91200
2020-03-11,86.23,97000,-0.7(-0.72 %),1049580,100237000000,0,0,98000,98000,91100
2020-03-12,81.61,91800,-5.2(-5.36 %),1896270,172373000000,0,0,91000,92300,90300
2020-03-13,82.23,92500,0.7(0.76 %),1226880,108074000000,41000,3501400000,86000,92500,85400
2020-03-16,82.23,92500,0(0.00 %),971340,87677000000,0,0,92000,92500,86600
2020-03-17,78.68,88500,-4(-4.32 %),681330,61584000000,41000,3530100000,88500,92300,87600
2020-03-18,79.12,89000,0.5(0.56 %),785390,69062000000,0,0,87900,90000,86500
2020-03-19,78.85,88700,-0.3(-0.34 %),1103680,94688000000,876500,76273075000,86900,88700,83100
2020-03-20,73.34,82500,-6.2(-6.99 %),1083480,91400000000,927160,78616946000,88700,88700,82500
2020-03-23,68.28,76800,-5.7(-6.91 %),678160,52130000000,898650,69310239000,78000,78300,76800
2020-03-24,63.56,71500,-5.3(-6.90 %),1474050,106515000000,1588105,113903507500,71800,75000,71500
2020-03-25,68.01,76500,5(6.99 %),1401570,102788000000,4586000,309668500000,71500,76500,68000
2020-03-26,72.72,81800,5.3(6.93 %),1242250,99483000000,275000,21899600000,77600,81800,75600
2020-03-27,77.17,86800,5(6.11 %),1149310,98089000000,58000,4949720000,82000,87400,79500
2020-03-30,72.36,81400,-5.4(-6.22 %),881240,71318000000,303270,24528216000,80800,82000,80800
2020-03-31,74.14,83400,2(2.46 %),1296450,107819000000,267000,22258060000,81400,87000,80400
2020-04-01,76.45,86000,2.6(3.12 %),437820,37816000000,296000,25530000000,82500,87000,81000
2020-04-03,80.9,91000,5(5.81 %),1184500,105538000000,100000,8950000000,86000,91000,86000
2020-04-06,86.5,97300,6.3(6.92 %),2698260,256693000000,0,0,92000,97300,91300
2020-04-07,86.5,97300,0(0.00 %),2855700,277307000000,0,0,97600,100900,93000
2020-04-08,83.57,94000,-3.3(-3.39 %),760120,71840000000,250000,23613000000,97000,97000,94000
2020-04-09,85.34,96000,2(2.13 %),1560610,148626000000,0,0,94000,97300,93800
2020-04-10,84.46,95000,-1(-1.04 %),983120,93142000000,249000,23701360000,96000,96800,93700
2020-04-13,85.34,96000,1(1.05 %),1411550,134914000000,1627000,154590000000,95800,96000,94900
2020-04-14,84.99,95600,-0.4(-0.42 %),631630,60448000000,100000,9630000000,96500,96500,94500
2020-04-15,85.34,96000,0.4(0.42 %),1176850,112354000000,1567000,149805200000,95600,96000,94900
2020-04-16,85.26,95900,-0.1(-0.10 %),845580,80750000000,0,0,96000,96000,94700
2020-04-17,85.43,96100,0.2(0.21 %),1191510,114041000000,0,0,95300,96100,89200
2020-04-20,85.52,96200,0.1(0.10 %),1055020,100997000000,0,0,96100,96400,94900
2020-04-21,82.68,93000,-3.2(-3.33 %),892270,83416000000,0,0,95500,95500,92500
2020-04-22,82.23,92500,-0.5(-0.54 %),884070,81610000000,0,0,92000,92800,90500
2020-04-23,82.68,93000,0.5(0.54 %),347420,32411000000,0,0,93000,94900,92700
2020-04-24,82.68,93000,0(0.00 %),300240,27904000000,0,0,93000,93900,92400
2020-04-27,81.79,92000,-1(-1.08 %),453720,42178000000,0,0,95000,95000,92000
2020-04-28,81.79,92000,0(0.00 %),222920,20484000000,50000,4592500000,92500,92900,91500
2020-04-29,81.7,91900,-0.1(-0.11 %),314400,29036000000,0,0,91900,93400,90500
2020-05-04,81.61,91800,-0.1(-0.11 %),259550,23849000000,0,0,91900,92500,90000
2020-05-05,82.41,92700,0.9(0.98 %),274700,25433000000,0,0,91800,93000,91800
2020-05-06,84.46,95000,2.3(2.48 %),773570,72593000000,0,0,92600,95000,92500
2020-05-07,85.34,96000,1(1.05 %),617800,59011000000,0,0,95000,96000,94000
2020-05-08,86.68,97500,1.5(1.56 %),1683960,164993000000,245000,24041850000,96400,100000,96100
2020-05-11,86.68,97500,0(0.00 %),1358920,131948000000,1535000,149662500000,97500,98000,95900
2020-05-12,86.23,97000,-0.5(-0.51 %),770030,74516000000,83000,8041870000,97400,97400,95000
2020-05-13,84.46,95000,-2(-2.06 %),2652530,250792000000,0,0,95100,96000,91500
2020-05-14,85.34,96000,1(1.05 %),1002810,95420000000,700000,66890000000,95000,96700,93900
2020-05-15,86.23,97000,1(1.04 %),327650,31672000000,799380,77140170000,96000,97500,95800
2020-05-18,85.79,96500,-0.5(-0.52 %),229440,22090000000,532000,51331600000,97000,97000,95500
2020-05-19,85.79,96500,0(0.00 %),729850,70844000000,14000000,1351350000000,97100,97400,96000
2020-05-20,85.88,96600,0.1(0.10 %),254730,24616000000,0,0,96400,97000,96100
2020-05-21,87.12,98000,1.4(1.45 %),674380,65833000000,300030,29315208600,97000,98000,96900
2020-05-22,85.7,96400,-1.6(-1.63 %),292930,28436000000,0,0,98000,98000,96400
2020-05-25,86.32,97100,0.7(0.73 %),216400,20905000000,4000000,385600000000,96200,97100,96000
2020-05-26,86.14,96900,-0.2(-0.21 %),360000,34837000000,300000,29088000000,97000,97500,96400
2020-05-27,86.14,96900,0(0.00 %),591440,57353000000,1590340,154107597200,96900,97900,96500
2020-05-28,86.23,97000,0.1(0.10 %),314790,30500000000,38800,3759332000,96900,97500,96300
2020-05-29,86.23,97000,0(0.00 %),493500,47905000000,0,0,97000,97500,96600
2020-06-01,86.41,97200,0.2(0.21 %),481490,46673000000,100000,9692000000,97000,97200,96500
2020-06-02,85.97,96700,-0.5(-0.51 %),501700,48498000000,0,0,97200,97200,96500
2020-06-03,86.06,96800,0.1(0.10 %),466430,44842000000,150000,14419500000,96500,96800,95500
2020-06-04,85.34,96000,-0.8(-0.83 %),550740,52980000000,5964420,575558959800,96800,96800,96000
2020-06-05,84.46,95000,-1(-1.04 %),525870,50224000000,100000,9550000000,96000,96200,95000
2020-06-08,85.34,96000,1(1.05 %),482180,46618000000,0,0,95200,97600,95200
2020-06-09,85.52,96200,0.2(0.21 %),318400,30747000000,0,0,97000,97000,96100
2020-06-10,84.99,95600,-0.6(-0.62 %),488490,46742000000,0,0,96200,96200,95400
2020-06-11,82.68,93000,-2.6(-2.72 %),761540,72429000000,0,0,95600,96200,93000
2020-06-12,81.61,91800,-1.2(-1.29 %),875940,79883000000,0,0,90000,92500,89900
2020-06-15,79.12,89000,-2.8(-3.05 %),791710,71772000000,0,0,93000,93000,89000
2020-06-16,83.03,93400,4.4(4.94 %),658480,60788000000,0,0,91500,94800,89900
2020-06-17,81.7,91900,-1.5(-1.61 %),380880,34953000000,0,0,93000,93400,90500
2020-06-18,80.9,91000,-0.9(-0.98 %),312850,28539000000,2000000,196000000000,91900,92500,90900
2020-06-19,86.5,97300,6.3(6.92 %),1840100,178233000000,0,0,91000,97300,91000
2020-06-22,86.14,96900,-0.4(-0.41 %),508020,49050000000,300000,28995000000,97000,97000,95200
2020-06-23,83.74,94200,-2.7(-2.79 %),432630,41033000000,0,0,96200,96300,94200
2020-06-24,84.19,94700,0.5(0.53 %),214320,20226000000,0,0,94500,95100,94000
2020-06-25,83.03,93400,-1.3(-1.37 %),169470,15816000000,55000,5126000000,93300,94400,92800
2020-06-26,81.34,91500,-1.9(-2.03 %),222240,20645000000,0,0,93500,94400,91500
2020-06-29,79.12,89000,-2.5(-2.73 %),359370,32438000000,90000,8105400000,91500,91900,89000
2020-06-30,79.12,89000,0(0.00 %),350550,31487000000,0,0,91000,91000,89000
2020-07-01,80.9,91000,2(2.25 %),92060,8287000000,100000,9001000000,90500,91500,89000
2020-07-02,79.92,89900,-1.1(-1.21 %),420700,37893000000,2500000,211750000000,90600,91100,89500
2020-07-03,80.19,90200,0.3(0.33 %),163320,14784000000,95000,8599400000,90900,91000,89900
2020-07-06,81.25,91400,1.2(1.33 %),284020,25805000000,0,0,90200,91900,90200
2020-07-07,80.9,91000,-0.4(-0.44 %),336860,30768000000,300000,27406000000,91500,92200,91000
2020-07-08,80.72,90800,-0.2(-0.22 %),187450,17031000000,399920,36312752000,90800,91500,90100
2020-07-09,80.9,91000,0.2(0.22 %),399710,36460000000,0,0,90800,91800,90700
2020-07-10,81.25,91400,0.4(0.44 %),193330,17665000000,0,0,91000,92000,91000
2020-07-13,81.17,91300,-0.1(-0.11 %),349810,31928000000,0,0,91500,91600,91000
2020-07-14,81.17,91300,0(0.00 %),340990,30887000000,0,0,91300,91800,90200
2020-07-15,80.45,90500,-0.8(-0.88 %),384240,35036000000,0,0,91700,91700,90500
2020-07-16,82.68,93000,2.5(2.76 %),328050,30287000000,0,0,90900,93000,90600
2020-07-17,81.34,91500,-1.5(-1.61 %),214530,19657000000,0,0,91500,92000,91000
2020-07-20,80.19,90200,-1.3(-1.42 %),222400,20163000000,0,0,90200,91400,90200
2020-07-21,80.19,90200,0(0.00 %),220660,19943000000,0,0,91200,91200,90200
2020-07-22,79.83,89800,-0.4(-0.44 %),202110,18206000000,0,0,90000,91000,89800
2020-07-23,80.01,90000,0.2(0.22 %),181680,16326000000,0,0,90000,90300,89500
2020-07-24,78.23,88000,-2(-2.22 %),674430,59187000000,400000,35100000000,89900,90000,84000
2020-07-27,75.56,85000,-3(-3.41 %),825080,69084000000,430000,36003900000,83900,86000,82900
2020-07-28,75.74,85200,0.2(0.24 %),534300,45226000000,0,0,85000,87000,79900
2020-07-29,74.23,83500,-1.7(-2.00 %),379370,31854000000,0,0,84000,85000,83000
2020-07-30,75.65,85100,1.6(1.92 %),242030,20505000000,0,0,83500,85500,83500
2020-07-31,77.79,87500,2.4(2.82 %),939040,81550000000,0,0,84000,90000,83800
2020-08-03,77.88,87600,0.1(0.11 %),164310,14328000000,0,0,85000,88100,85000
2020-08-04,78.23,88000,0.4(0.46 %),229230,20136000000,0,0,88700,88700,87400
2020-08-05,77.34,87000,-1(-1.14 %),434490,37992000000,54010,4654751000,88000,88500,84800
2020-08-06,77.79,87500,0.5(0.57 %),332340,29211000000,0,0,88000,88200,87100
2020-08-07,77.79,87500,0(0.00 %),182500,15985000000,780000,70200000000,87600,88200,87300
2020-08-10,78.41,88200,0.7(0.80 %),542550,48218000000,0,0,88000,89900,87400
2020-08-11,77.79,87500,-0.7(-0.79 %),215330,18986000000,0,0,89200,89200,87500
2020-08-12,77.7,87400,-0.1(-0.11 %),302330,26472000000,0,0,87500,88500,87400
2020-08-13,78.23,88000,0.6(0.69 %),458680,40476000000,134000,11824160000,88500,89000,87500
2020-08-14,77.7,87400,-0.6(-0.68 %),654070,57618000000,0,0,88000,89000,87400
2020-08-17,77.97,87700,0.3(0.34 %),376200,32876000000,132450,11562885000,87700,88500,86800
2020-08-18,76.9,86500,-1.2(-1.37 %),772670,67004000000,20000,1734200000,87300,87700,86200
2020-08-19,76.9,86500,0(0.00 %),347140,30200000000,67490,5875004500,86500,87600,86500
2020-08-20,76.45,86000,-0.5(-0.58 %),990220,85427000000,0,0,86600,87200,86000
2020-08-21,76.54,86100,0.1(0.12 %),376790,32458000000,100000,8612000000,86000,86900,85900
2020-08-24,79.12,89000,2.9(3.37 %),1052840,92696000000,102000,9009660000,86500,89000,86500
2020-08-25,80.9,91000,2(2.25 %),1074660,97198000000,0,0,89000,91900,89000
2020-08-26,80.9,91000,0(0.00 %),547280,49684000000,110000,9985800000,90800,91200,90000
2020-08-27,80.9,91000,0(0.00 %),437950,39750000000,40000,3640000000,90100,91000,90100
2020-08-28,79.92,89900,-1.1(-1.21 %),636020,58332000000,55000,5045700000,91300,92300,89900
2020-08-31,80.01,90000,0.1(0.11 %),276580,25013000000,502261,46190462230,90000,91500,90000
2020-09-01,82.41,92700,2.7(3.00 %),675310,62114000000,0,0,90200,94000,89900
2020-09-03,84.01,94500,1.8(1.94 %),1037080,98376000000,70000,6622500000,93500,95600,92700
2020-09-04,83.57,94000,-0.5(-0.53 %),825960,77869000000,0,0,94500,95500,93300
2020-09-07,81.34,91500,-2.5(-2.66 %),465400,43559000000,0,0,94000,95300,91500
2020-09-08,80.45,90500,-1(-1.09 %),622290,56632000000,870000,81954000000,91600,92500,90500
2020-09-09,80.45,90500,0(0.00 %),865880,78115000000,145410,13117436100,90400,92400,89400
2020-09-10,80.45,90500,0(0.00 %),421160,38405000000,128400,11707512000,91000,92500,90500
2020-09-11,80.99,91100,0.6(0.66 %),411350,37356000000,0,0,90000,92300,89900
2020-09-14,82.77,93100,2(2.20 %),608930,56422000000,0,0,91300,93600,91200
2020-09-15,84.46,95000,1.9(2.04 %),983560,92939000000,0,0,93200,95000,93200
2020-09-16,84.9,95500,0.5(0.53 %),544300,51669000000,0,0,94900,95500,93100
2020-09-17,83.57,94000,-1.5(-1.57 %),833870,78582000000,0,0,93100,95500,93000
2020-09-18,83.57,94000,0(0.00 %),1089310,102585000000,0,0,95000,95400,93500
2020-09-21,85.34,96000,2(2.13 %),571860,54555000000,0,0,94000,96000,94000
2020-09-22,84.1,94600,-1.4(-1.46 %),505230,48316000000,0,0,96000,96200,94600
2020-09-23,84.01,94500,-0.1(-0.11 %),111830,10608000000,0,0,95000,95700,94500
2020-09-24,82.68,93000,-1.5(-1.59 %),388940,36565000000,0,0,93800,95500,93000
2020-09-25,82.5,92800,-0.2(-0.22 %),412210,38719000000,24110,2264411200,94500,94800,92800
2020-09-28,82.5,92800,0(0.00 %),202840,18929000000,0,0,93000,94200,92800
2020-09-29,81.34,91500,-1.3(-1.40 %),394490,36485000000,210780,19492934400,94000,94000,91500
2020-09-30,81.34,91500,0(0.00 %),417360,38312000000,0,0,91500,93400,91500
2020-10-01,82.23,92500,1(1.09 %),212510,19717000000,104980,9740044400,91900,93400,91900
2020-10-02,83.57,94000,1.5(1.62 %),400770,37390000000,96660,9017411400,92500,94000,92000
2020-10-05,82.94,93300,-0.7(-0.74 %),90450,8436000000,0,0,94000,94000,92000
2020-10-06,81.61,91800,-1.5(-1.61 %),521190,48036000000,103510,9539481600,93300,93300,91800
2020-10-07,82.23,92500,0.7(0.76 %),381520,35092000000,76000,6984400000,91500,93500,91000
2020-10-08,82.05,92300,-0.2(-0.22 %),216990,19977000000,120000,11076400000,92000,92900,91500
2020-10-09,83.21,93600,1.3(1.41 %),309580,28845000000,77000,7174090000,92300,93700,92300
2020-10-12,83.48,93900,0.3(0.32 %),326290,30512000000,0,0,93600,94000,92500
2020-10-13,83.65,94100,0.2(0.21 %),271990,25566000000,0,0,93900,94100,93400
2020-10-14,84.46,95000,0.9(0.96 %),389260,36801000000,0,0,94100,95000,94000
2020-10-15,86.68,97500,2.5(2.63 %),1358580,130974000000,0,0,95100,97500,91000
2020-10-16,86.77,97600,0.1(0.10 %),596590,58185000000,0,0,98100,98100,96900
2020-10-19,86.86,97700,0.1(0.10 %),370590,36191000000,100000,9768000000,97800,97900,97400
2020-10-20,86.94,97800,0.1(0.10 %),511250,49311000000,100000,9645000000,97400,97900,95800
2020-10-21,86.5,97300,-0.5(-0.51 %),172010,16746000000,0,0,97800,97900,96700
2020-10-22,88.99,100100,2.8(2.88 %),621610,61238000000,0,0,97000,100100,96800
2020-10-23,92.46,104000,3.9(3.90 %),1761080,181314000000,4946160,482190922000,100200,104900,100000
2020-10-26,93.43,105100,1.1(1.06 %),974720,105432000000,171310,18488470400,109000,109500,104900
2020-10-27,93.97,105700,0.6(0.57 %),804020,85614000000,0,0,107000,107100,104000
2020-10-28,89.08,100200,-5.5(-5.20 %),1184890,124233000000,849800,88857210000,105700,107000,98800
2020-10-29,89.52,100700,0.5(0.50 %),1327780,135224000000,300000,30564000000,100200,103000,100000
2020-10-30,94.68,106500,5.8(5.76 %),972400,100879000000,925420,96474493000,101500,106500,100700
2020-11-02,94.68,106500,0(0.00 %),691110,73413000000,0,0,106500,107000,105000
2020-11-03,92.81,104400,-2.1(-1.97 %),751070,79221000000,921070,93195852900,107000,107000,104400
2020-11-04,92.01,103500,-0.9(-0.86 %),495340,51391000000,0,0,104300,104400,103000
2020-11-05,92.9,104500,1(0.97 %),789860,83446000000,1085000,108408700000,104200,106900,104000
2020-11-06,93.43,105100,0.6(0.57 %),592830,62429000000,500000,48850000000,106000,106000,104500
2020-11-09,94.32,106100,1(0.95 %),803680,85008000000,700000,68460000000,105100,106200,104700
2020-11-10,93.88,105600,-0.5(-0.47 %),781980,83219000000,75000,7987500000,106500,107200,105600
2020-11-11,94.06,105800,0.2(0.19 %),1032780,108143000000,0,0,105600,106000,103000
2020-11-12,94.95,106800,1(0.95 %),682660,72656000000,125000,13313000000,105800,106800,105000
2020-11-13,95.48,107400,0.6(0.56 %),535350,57444000000,200000,21460000000,106800,108000,106100
2020-11-16,90.68,102000,-5.4(-5.03 %),1781800,187715000000,0,0,107400,108500,100000
2020-11-17,94.23,106000,4(3.92 %),862320,89018000000,0,0,103000,106000,102200
2020-11-18,93.26,104900,-1.1(-1.04 %),751270,78012000000,3100000,322368000000,106000,106000,103000
2020-11-19,92.46,104000,-0.9(-0.86 %),1192700,123656000000,0,0,104800,104800,103000
2020-11-20,92.28,103800,-0.2(-0.19 %),533840,55376000000,0,0,104500,104500,103400
2020-11-23,92.28,103800,0(0.00 %),735650,76333000000,0,0,104000,105100,103100
2020-11-24,92.46,104000,0.2(0.19 %),812220,84224000000,0,0,103900,105000,103100
2020-11-25,93.88,105600,1.6(1.54 %),1222490,128837000000,0,0,105600,106200,104100
2020-11-26,94.32,106100,0.5(0.47 %),545450,57527000000,0,0,105000,106200,104500
2020-11-27,93.52,105200,-0.9(-0.85 %),720830,75958000000,0,0,106000,106100,104800
2020-11-30,92.37,103900,-1.3(-1.24 %),1596840,166184000000,0,0,105200,105500,103800
2020-12-01,93.34,105000,1.1(1.06 %),953230,98736000000,0,0,103000,105000,102800
2020-12-02,93.34,105000,0(0.00 %),497910,52251000000,0,0,104900,105500,104200
2020-12-03,94.06,105800,0.8(0.76 %),731750,76882000000,0,0,105000,105800,104300
2020-12-04,94.06,105800,0(0.00 %),797060,84296000000,0,0,105800,106500,104500
2020-12-07,94.06,105800,0(0.00 %),678660,71815000000,0,0,105800,106000,105100
2020-12-08,93.34,105000,-0.8(-0.76 %),747280,78589000000,0,0,105800,105800,104800
2020-12-09,94.23,106000,1(0.95 %),789790,82853000000,0,0,105000,106000,104400
2020-12-10,93.26,104900,-1.1(-1.04 %),979550,103507000000,0,0,106000,107000,104900
2020-12-11,94.95,106800,1.9(1.81 %),569360,60310000000,200000,21217000000,104900,106800,104900
2020-12-14,96.81,108900,2.1(1.97 %),1122380,120461000000,0,0,106700,108900,105500
2020-12-15,95.12,107000,-1.9(-1.74 %),1205700,129769000000,0,0,108900,108900,106700
2020-12-16,95.12,107000,0(0.00 %),756200,80516000000,0,0,106800,107100,105900
2020-12-17,93.08,104700,-2.3(-2.15 %),1352580,142208000000,0,0,107000,107000,104600
2020-12-18,93.08,104700,0(0.00 %),1350780,141931000000,0,0,104700,106100,104500
2020-12-21,94.59,106400,1.7(1.62 %),587100,62141000000,22000,2328480000,105500,106400,104900
2020-12-22,93.97,105700,-0.7(-0.66 %),518320,55050000000,125420,13286894000,106000,107500,105300
2020-12-23,93.97,105700,0(0.00 %),701430,74633000000,0,0,105700,107000,105400
2020-12-24,93.97,105700,0(0.00 %),831440,88062000000,180000,18977400000,107000,107000,104000
2020-12-25,94.15,105900,0.2(0.19 %),370300,39187000000,0,0,105700,106400,105000
2020-12-28,94.15,105900,0(0.00 %),711710,75410000000,0,0,105900,106600,105400
2020-12-29,94.68,106500,0.6(0.57 %),612360,65064000000,0,0,106100,106600,105800
2020-12-30,96.46,108500,2(1.88 %),1528950,166254000000,0,0,108500,109600,106700
2020-12-31,96.19,108200,-0.3(-0.28 %),656040,71247000000,0,0,108500,109300,105500
2021-01-04,96.01,108000,-0.2(-0.18 %),991100,107557000000,0,0,108500,109000,106500
2021-01-05,97.52,109700,1.7(1.57 %),1192200,129510000000,0,0,107200,109900,107200
2021-01-06,97.97,110200,0.5(0.46 %),1283000,141109000000,132800,14608000000,110000,110500,108900
2021-01-07,97.88,110100,-0.1(-0.09 %),862300,95137000000,520600,57337576000,110400,111000,109000
2021-01-08,99.39,111800,1.7(1.54 %),1348700,150874000000,228800,25609568000,110100,112700,110100
2021-01-11,101.17,113800,2(1.79 %),1536700,174733000000,3785000,417428000000,112800,114600,112800
2021-01-12,101.7,114400,0.6(0.53 %),981100,112666000000,400000,45888000000,116000,116000,113700
2021-01-13,98.77,111100,-3.3(-2.88 %),1237900,140166000000,188300,21312946000,114400,114600,111100
2021-01-14,98.15,110400,-0.7(-0.63 %),1439100,160086000000,5796600,627689326000,111500,112300,110000
2021-01-15,98.86,111200,0.8(0.72 %),1238000,136786000000,40000,4416000000,111400,112200,109800
2021-01-18,98.06,110300,-0.9(-0.81 %),826900,91452000000,20000,2070000000,112000,112100,110100
2021-01-19,91.3,102700,-7.6(-6.89 %),1367600,143978000000,823660,90849698000,110300,110300,102600
2021-01-20,91.83,103300,0.6(0.58 %),1875500,193891000000,100000,10450000000,103000,105000,102500
2021-01-21,93.43,105100,1.8(1.74 %),1564600,162757000000,0,0,105000,105200,103000
2021-01-22,93.34,105000,-0.1(-0.10 %),1094200,115697000000,0,0,105100,106500,105000
2021-01-25,93.17,104800,-0.2(-0.19 %),827300,86591000000,0,0,105000,105800,104100
2021-01-26,90.23,101500,-3.3(-3.15 %),1028600,105380000000,0,0,104800,105000,99600
2021-01-27,88.9,100000,-1.5(-1.48 %),1488900,150929000000,83900,8504104000,101500,103000,99500
2021-01-28,82.68,93000,-7(-7.00 %),1742900,164189000000,0,0,94300,96000,93000
2021-01-29,88.37,99400,6.4(6.88 %),1692900,164289000000,0,0,92500,99500,92500
2021-02-01,88.01,99000,-0.4(-0.40 %),1340000,135537000000,378300,37922700000,99400,103000,98800
2021-02-02,94.15,105900,6.9(6.97 %),1771200,184180000000,113800,12028660000,99000,105900,99000
2021-02-03,95.57,107500,1.6(1.51 %),1698900,182037000000,3680600,393785040000,105000,108000,105000
2021-02-04,93.34,105000,-2.5(-2.33 %),1022400,108225000000,0,0,107400,107500,102000
2021-02-05,95.57,107500,2.5(2.38 %),922900,98202000000,171000,18035080000,105000,107500,105000
2021-02-08,89.79,101000,-6.5(-6.05 %),3422500,352696000000,0,0,101000,107800,101000
2021-02-09,94.41,106200,5.2(5.15 %),1758000,182849000000,0,0,106200,106500,101500
2021-02-17,96.01,108000,1.8(1.69 %),1253600,134296000000,0,0,106300,108000,106200
2021-02-18,97.79,110000,2(1.85 %),1434400,154187000000,20060,2142408000,107500,110000,106100
2021-02-19,96.9,109000,-1(-0.91 %),1433200,155597000000,0,0,107600,109500,107000
2021-02-22,97.52,109700,0.7(0.64 %),1481000,162661000000,0,0,109200,110700,106000
2021-02-23,97.79,110000,0.3(0.27 %),1393900,151991000000,0,0,108200,111700,107500
2021-02-24,96.19,108200,-1.8(-1.64 %),950100,102999000000,0,0,111400,111400,106000
2021-02-25,96.81,108900,0.7(0.65 %),1013500,110208000000,23416,2528928000,109500,109900,106100
2021-02-26,96.9,109000,0.1(0.09 %),926800,99289000000,0,0,106200,109900,106200
2021-03-01,96.46,108500,-0.5(-0.46 %),777700,84431000000,0,0,109900,109900,107700
2021-03-02,96.19,108200,-0.3(-0.28 %),926300,99581000000,50800,5511800000,108500,109100,106200
2021-03-03,95.03,106900,-1.3(-1.20 %),1075300,115077000000,0,0,106600,108200,106500
2021-03-04,95.03,106900,0(0.00 %),1671400,179455000000,0,0,107600,107900,106600
2021-03-05,94.5,106300,-0.6(-0.56 %),1294800,138162000000,0,0,106900,107500,105800
2021-03-08,94.23,106000,-0.3(-0.28 %),1390100,146998000000,0,0,106500,107000,105000
2021-03-09,92.72,104300,-1.7(-1.60 %),1587600,165196000000,100000,10405000000,105000,106300,100000
2021-03-10,94.23,106000,1.7(1.63 %),576300,60426000000,0,0,104500,106000,102100
2021-03-11,94.15,105900,-0.1(-0.09 %),1108700,118371000000,0,0,106000,108000,105600
2021-03-12,94.15,105900,0(0.00 %),1122300,118694000000,0,0,105900,106500,105000
2021-03-15,94.23,106000,0.1(0.09 %),2632400,278476000000,0,0,105900,106200,105400
2021-03-16,93.7,105400,-0.6(-0.57 %),1360600,143392000000,0,0,106000,106000,104900
2021-03-17,93.08,104700,0.5(0.48 %),1260400,131675000000,0,0,104200,105300,104000
2021-03-18,94.77,106600,1.9(1.81 %),1473900,156030000000,0,0,105500,106600,105200
2021-03-19,96.37,108400,1.8(1.69 %),1625700,174412000000,618600,66554988000,105600,108400,105600
2021-03-22,95.39,107300,-1.1(-1.01 %),973900,104572000000,0,0,108400,108400,104500
2021-03-23,94.68,106500,-0.8(-0.75 %),1034700,109872000000,0,0,106000,107000,105100
2021-03-24,95.92,107900,1.4(1.31 %),1104100,115938000000,85100,8935500000,105500,108000,103800
2021-03-25,98.15,110400,2.5(2.32 %),4322000,477850000000,7450000,812050000000,107300,112400,107100
2021-03-26,99.92,112400,2(1.81 %),2927800,328552000000,0,0,110000,113500,110000
2021-03-29,100.28,112800,0.4(0.36 %),3140900,354609000000,1800000,198882000000,112500,113500,112300
2021-03-30,104.01,117000,4.2(3.72 %),5179600,600503000000,1495000,167710000000,112800,118600,112000
2021-03-31,104.81,117900,0.9(0.77 %),2823600,334583000000,6000000,690000000000,117500,119500,117000
2021-04-01,109.35,123000,5.1(4.33 %),2230900,266411000000,1850000,212196800000,118500,124400,117000
2021-04-02,109.35,123000,0(0.00 %),2255500,276212000000,48300,5940900000,123900,123900,121500
2021-04-05,110.5,124300,1.3(1.06 %),2249000,281996000000,138000,17325000000,126000,126200,123200
2021-04-06,112.9,127000,2.7(2.17 %),1979400,251239000000,1268000,152325010000,124300,129500,124000
2021-04-07,113.53,127700,0.7(0.55 %),1698500,215951000000,500000,63570000000,127000,128000,125700
2021-04-08,111.48,125400,-2.3(-1.80 %),1509200,190749000000,598900,75696375000,128400,128400,124000
2021-04-09,111.04,124900,-0.5(-0.40 %),1755500,218176000000,1064700,132348516000,124800,125400,123100
2021-04-12,117.35,132000,7.1(5.68 %),3481900,448272000000,1000000,126050000000,124900,132800,123400
2021-04-13,125.08,140700,8.7(6.59 %),5053200,710530000000,3527360,481737536000,139000,141200,136000
2021-04-14,124.46,140000,-0.7(-0.50 %),4102600,574857000000,0,0,140000,141800,138100
2021-04-15,125.26,140900,0.9(0.64 %),3419000,487830000000,200000,28458000000,139900,145000,139900
2021-04-16,127.13,143000,2.1(1.49 %),2988000,424603000000,72400,10300780000,140900,144100,140000
2021-04-19,128.02,144000,1(0.70 %),2820300,403674000000,61100,8537300000,142100,144200,141100
2021-04-20,127.22,143100,-0.9(-0.62 %),3108200,448467000000,0,0,144000,145900,143000
2021-04-22,123.39,138800,-4.3(-3.00 %),3319500,466804000000,0,0,142000,142900,137500
2021-04-23,122.95,138300,-0.5(-0.36 %),4410000,602457000000,200000,27256000000,138800,139500,133000
2021-04-26,116.9,131500,-6.8(-4.92 %),2434500,328308000000,149429,20172915000,139000,139500,131000
2021-04-27,117.44,132100,0.6(0.46 %),1631700,215396000000,1000000,127000000000,131500,133000,131500
2021-04-28,116.9,131500,-0.6(-0.45 %),1613300,212376000000,38000,4980660000,132100,133200,129800
2021-04-29,116.46,131000,-0.5(-0.38 %),2181100,286738000000,0,0,131500,133000,130700
2021-05-04,118.77,133600,2.6(1.98 %),1732600,225517000000,0,0,130600,134900,126900
2021-05-05,118.86,133700,0.1(0.07 %),1268600,170778000000,0,0,133600,135800,133600
2021-05-06,117.79,132500,-1.2(-0.90 %),1064200,141543000000,0,0,133700,134000,131000
2021-05-07,117.35,132000,-0.5(-0.38 %),1769100,230854000000,0,0,132000,132000,128500
2021-05-10,117.79,132500,0.5(0.38 %),1099300,143949000000,0,0,132000,132500,129100
2021-05-11,116.46,131000,-1.5(-1.13 %),1164200,153968000000,0,0,132500,133400,130500
2021-05-12,115.39,129800,-1.2(-0.92 %),1390400,179539000000,50000,6550000000,130000,132000,128000
2021-05-13,112.46,126500,-3.3(-2.54 %),1723500,219565000000,0,0,128000,130000,126500
2021-05-14,111.39,125300,-1.2(-0.95 %),2609800,327186000000,1040000,127812000000,126500,127000,123200
2021-05-17,110.24,124000,-1.3(-1.04 %),2417900,305475000000,0,0,126000,130000,124000
2021-05-18,107.57,121000,-3(-2.42 %),2452700,302556000000,0,0,124000,126000,121000
2021-05-19,106.77,120100,-0.9(-0.74 %),2178400,259729000000,0,0,120000,121000,118100
2021-05-20,109.26,122900,2.8(2.33 %),2084900,253683000000,0,0,120100,123200,120000
2021-05-21,108.9,122500,-0.4(-0.33 %),1622400,197118000000,38750,4650000000,123000,123000,120500
2021-05-24,108.55,122100,-0.4(-0.33 %),1985800,243098000000,0,0,122500,123600,121000
2021-05-25,108.72,122300,0.2(0.16 %),1514900,184302000000,0,0,122400,122400,121200
2021-05-26,108.19,121700,-0.6(-0.49 %),1677500,203621000000,0,0,122000,122200,120500
2021-05-27,106.95,120300,-1.4(-1.15 %),2081300,249865000000,405000,48721500000,120900,121000,119000
2021-05-28,106.5,119800,-0.5(-0.42 %),1847400,224444000000,0,0,120100,123000,119000
2021-05-31,104.46,117500,-2.3(-1.92 %),1846800,216660000000,295000,34314400000,119800,120000,116000
2021-06-01,106.68,120000,2.5(2.13 %),2155400,254143000000,0,0,116200,121000,116000
2021-06-02,104.46,117500,-2.5(-2.08 %),3130600,375140000000,0,0,120200,121900,117000
2021-06-03,105.35,118500,1(0.85 %),2488900,293091000000,122400,14462498000,118000,118800,117000
2021-06-04,107.57,121000,2.5(2.11 %),3689200,443019000000,0,0,118500,121000,118500
2021-06-07,109.35,123000,2(1.65 %),3681800,457005000000,0,0,122800,126500,122000
2021-06-08,106.5,119800,-3.2(-2.60 %),2699600,333468000000,300000,36693000000,124900,125700,119000
2021-06-09,105.61,118800,-1(-0.83 %),1813300,216271000000,200000,23852000000,120000,121000,117000
2021-06-10,103.57,116500,-2.3(-1.94 %),2929000,344776000000,20000,2500000000,118500,119200,116500
2021-06-11,104.9,118000,1.5(1.29 %),1729000,202505000000,0,0,117000,118000,116300
2021-06-14,106.68,120000,2(1.69 %),1933100,230741000000,320700,36166140000,118200,120500,118100
2021-06-15,108.19,121700,1.7(1.42 %),1348000,163177000000,1537600,186435608000,120000,122000,119500
2021-06-16,105.88,119100,-2.6(-2.14 %),1180600,141615000000,0,0,121700,121700,119000
2021-06-17,104.01,117000,-2.1(-1.76 %),2848500,334859000000,200000,25480000000,118000,118900,117000
2021-06-18,104.37,117400,0.4(0.34 %),1788400,210318000000,50700,6142370000,118000,118300,117000
2021-06-21,104.37,117400,0(0.00 %),1497200,176382000000,0,0,117500,118900,117300
2021-06-22,104.46,117500,0.1(0.09 %),2161600,254839000000,200000,21840000000,118000,118700,117100
2021-06-23,103.92,116900,-0.6(-0.51 %),1281200,150070000000,0,0,118000,118100,116500
2021-06-24,104.46,117500,0.6(0.51 %),1374300,161419000000,0,0,117900,118200,116800
2021-06-25,104.46,117500,0(0.00 %),1763300,206701000000,200000,23600000000,117200,118000,116700
2021-06-28,103.75,116700,-0.8(-0.68 %),1711000,200121000000,363100,42468176000,117500,117600,116700
2021-06-29,104.9,118000,1.3(1.11 %),2339900,276257000000,135000,15949350000,116900,119300,116900
2021-06-30,105.79,119000,1(0.85 %),2685900,322837000000,106000,12740600000,118000,121500,118000
2021-07-01,105.44,118600,-0.4(-0.34 %),2194700,261348000000,0,0,119700,119900,118500
2021-07-02,104.46,117500,-1.1(-0.93 %),1789100,211074000000,0,0,118100,118900,117500
2021-07-05,102.24,115000,-2.5(-2.13 %),2765200,320631000000,250000,29150000000,117500,117500,114900
2021-07-06,99.57,112000,-3(-2.61 %),3006500,342982000000,388100,44359830000,115000,116000,112000
2021-07-07,101.35,114000,2(1.79 %),2507000,281118000000,0,0,112000,114000,110000
2021-07-08,98.68,111000,-3(-2.63 %),1480900,164859000000,0,0,113000,113000,110500
2021-07-09,96.55,108600,-2.4(-2.16 %),1787900,195125000000,0,0,110800,111000,107500
2021-07-12,92.46,104000,-4.6(-4.24 %),2863900,301150000000,0,0,108500,110000,101700
2021-07-13,91.57,103000,-1(-0.96 %),2355200,240629000000,28400,2899356000,104100,105100,99000
2021-07-14,91.57,103000,0(0.00 %),2585100,267840000000,0,0,103000,106400,102000
2021-07-15,90.68,102000,-1(-0.97 %),2584200,264195000000,0,0,103000,103700,101200
2021-07-16,94.06,105800,3.8(3.73 %),2158200,226841000000,173000,18280910000,102100,106100,102100
2021-07-19,91.48,102900,-2.9(-2.74 %),1851300,189662000000,375300,40296900000,103100,105000,100500
2021-07-20,91.57,103000,0.1(0.10 %),2130300,216364000000,243300,25020972000,102600,103300,100000
2021-07-21,92.46,104000,1(0.97 %),2765100,288244000000,11455812,1254411414000,103100,106500,102000
2021-07-22,94.41,106200,2.2(2.12 %),2242200,237630000000,4399710,487498202000,104000,106800,103700
2021-07-23,92.46,104000,-2.2(-2.07 %),3088800,328407000000,1908596,209798156000,106200,108800,104000
2021-07-26,92.63,104200,0.2(0.19 %),1940200,202707000000,156100,16323377000,104800,105400,103100
2021-07-27,92.72,104300,0.1(0.10 %),1442800,151766000000,0,0,105000,105800,104300
2021-07-28,93.52,105200,0.9(0.86 %),1192400,125159000000,314200,33041272000,104300,105500,104000
2021-07-29,93.43,105100,-0.1(-0.10 %),1076500,112885000000,0,0,105500,105600,104500
2021-07-30,95.3,107200,2.1(2.00 %),2339200,249899000000,318000,33962400000,107000,107300,106000
2021-08-02,95.57,107500,0.3(0.28 %),1682400,182073000000,0,0,107500,109600,106900
2021-08-03,101.79,114500,7(6.51 %),7293100,826962000000,0,0,109400,115000,109000
2021-08-04,101.35,114000,-0.5(-0.44 %),2882400,331873000000,799200,87724900000,115500,116400,114000
2021-08-05,101.35,114000,0(0.00 %),2049200,234043000000,0,0,113700,115000,112900
2021-08-06,100.72,113300,-0.7(-0.61 %),3021900,345492000000,0,0,115000,115900,113300
2021-08-09,100.55,113100,-0.2(-0.18 %),3219800,362290000000,0,0,113200,113700,111600
2021-08-10,100.46,113000,-0.1(-0.09 %),2830600,322364000000,90000,10220400000,115000,115000,113000
2021-08-11,98.68,111000,-2(-1.77 %),2382000,267934000000,0,0,113000,114000,111000
2021-08-12,98.77,111100,0.1(0.09 %),1833400,204117000000,0,0,111000,112900,110500
2021-08-13,98.59,110900,-0.2(-0.18 %),2119300,235943000000,3722146,399735651200,111500,112200,110500
2021-08-16,98.32,110600,-0.3(-0.27 %),3085800,343611000000,0,0,112000,112700,110600
2021-08-17,98.9,102900,-11.7(-10.58 %),4887500,491308000000,100000,10012000000,102900,103400,102900
2021-08-18,97.9,97900,-1(-1.01 %),2297700,227397000000,194900,19267063000,99000,100200,97900
2021-08-19,104.0,104000,6.1(6.23 %),3521100,351297000000,0,0,97900,104000,96700
2021-08-20,97.7,97700,-6.3(-6.06 %),4953900,489554000000,50000,5200000000,100000,102000,97200
2021-08-23,96.2,96200,-1.5(-1.54 %),2161000,208668000000,53500,5162750000,97500,97700,95800
2021-08-24,95.4,95400,-0.8(-0.83 %),1417400,135917000000,600000,61650000000,96400,97000,95100
2021-08-25,94.6,94600,-0.8(-0.84 %),2057000,193562000000,0,0,95400,95400,93000
2021-08-26,93.1,93100,-1.5(-1.59 %),1766200,165306000000,0,0,94600,94600,93000
2021-08-27,94.8,94800,1.7(1.83 %),2485900,230967000000,0,0,93000,95000,91500
2021-08-30,94.1,94100,-0.7(-0.74 %),1414900,133942000000,387369,36701581200,95000,95300,94100
2021-08-31,94.1,94100,0(0.00 %),1529600,144318000000,695500,65446550000,94100,95100,93800
2021-09-01,94.1,94100,0(0.00 %),1303100,123064000000,0,0,94100,95000,94100
2021-09-06,95.0,95000,0.9(0.96 %),1928800,183258000000,197000,18716970000,94400,95800,94200
2021-09-07,93.9,93900,-1.1(-1.16 %),2280200,215212000000,114000,10755900000,95500,95500,93900
2021-09-08,92.0,92000,-1.9(-2.02 %),2505700,232577000000,124000,11501000000,94000,94300,92000
2021-09-09,91.3,91300,-0.7(-0.76 %),2696600,246795000000,150000,13699500000,92200,92400,91300
2021-09-10,91.3,91300,0(0.00 %),1614600,147636000000,449300,41075006000,91800,92000,91300
2021-09-13,92.0,92000,0.7(0.77 %),1828100,168970000000,2000000,186000000000,91800,93400,91600
2021-09-14,92.0,92000,0(0.00 %),1419300,131232000000,0,0,92300,92900,91900
2021-09-15,91.4,91400,-0.6(-0.65 %),1037000,95027000000,5131400,472010124000,92000,92400,91300
2021-09-16,87.8,87800,-3.6(-3.94 %),15130200,1338540000000,3750000,342750000000,91400,91400,87800
2021-09-17,86.8,86800,-1(-1.14 %),5567900,486699000000,1073300,93408959000,88000,89200,86800
2021-09-20,86.7,86700,-0.1(-0.12 %),4014800,348932000000,0,0,87000,88900,86000
2021-09-21,85.6,85600,-1.1(-1.27 %),4524800,388110000000,0,0,85500,86400,85000
2021-09-22,86.1,86100,0.5(0.58 %),2845500,244296000000,200000,17246000000,85600,86900,85400
2021-09-23,87.1,87100,1(1.16 %),2664100,231387000000,2720000,234359200000,86500,87400,86400
2021-09-24,87.0,87000,-0.1(-0.11 %),3207900,279275000000,20037,1739211600,87100,87500,86300
2021-09-27,86.1,86100,-0.9(-1.03 %),3000800,258928000000,1622447,141152889000,87000,87500,83200
2021-09-28,86.5,86500,0.4(0.46 %),2387300,205720000000,40077,3446622000,85300,87000,85200
2021-09-29,86.7,86700,0.2(0.23 %),1911200,165519000000,100067,8664595500,86700,86900,86000
2021-09-30,88.0,88000,1.3(1.50 %),3404700,299770000000,0,0,86500,89400,86500
2021-10-01,87.7,87700,-0.3(-0.34 %),1734200,151983000000,2443045,200085385500,88000,88400,87200
2021-10-04,87.8,87800,0.1(0.11 %),1565200,137055000000,0,0,87600,88000,87100
2021-10-05,88.6,88600,0.8(0.91 %),2370600,209257000000,22499,2112656100,87800,88800,87100
2021-10-06,88.6,88600,0(0.00 %),1736800,153898000000,0,0,88800,89000,88100
2021-10-07,88.8,88800,0.2(0.23 %),2290900,203846000000,0,0,88300,89500,88300
2021-10-08,89.3,89300,0.5(0.56 %),1298500,115842000000,0,0,89000,89500,88800
2021-10-11,91.9,91900,2.6(2.91 %),2694300,244161000000,0,0,89400,92000,89400
2021-10-12,92.9,92900,1(1.09 %),2438700,225801000000,250000,23175000000,92000,93000,92000
2021-10-13,93.1,93100,0.2(0.22 %),2581200,241175000000,0,0,93000,93800,92800
2021-10-14,92.5,92500,-0.6(-0.64 %),2677900,247586000000,0,0,93200,93200,91500
2021-10-15,92.6,92600,0.1(0.11 %),1553700,144088000000,0,0,92500,93000,92000
2021-10-18,92.6,92600,0(0.00 %),2039400,188206000000,0,0,92300,92900,91100
2021-10-19,92.4,92400,-0.2(-0.22 %),1686700,155415000000,0,0,92600,92700,91500
2021-10-20,92.3,92300,-0.1(-0.11 %),3128600,287279000000,0,0,92300,92500,89900
2021-10-21,91.0,91000,-1.3(-1.41 %),2847400,260569000000,0,0,91700,92600,91000
2021-10-22,91.8,91800,0.8(0.88 %),1428000,130423000000,0,0,91000,91800,90800
2021-10-25,92.1,92100,0.3(0.33 %),1341200,123245000000,0,0,91900,92500,91200
2021-10-26,92.2,92200,0.1(0.11 %),1335900,122601000000,0,0,91800,92200,90900
2021-10-27,95.0,95000,2.8(3.04 %),3908900,365765000000,300000,28113000000,92000,95000,91600
2021-10-28,95.0,95000,0(0.00 %),2086100,197697000000,0,0,95000,95400,93600
2021-10-29,95.8,95800,0.8(0.84 %),2268000,216841000000,0,0,94200,96500,94200
2021-11-01,95.8,95800,0(0.00 %),2226600,212447000000,0,0,95800,96000,94900
2021-11-02,95.8,95800,0(0.00 %),1647800,157225000000,0,0,95700,96000,94900
2021-11-03,95.3,95300,-0.5(-0.52 %),3568200,338290000000,0,0,95800,95800,93900
2021-11-04,95.0,95000,-0.3(-0.31 %),1879100,177818000000,0,0,95200,95500,94000
2021-11-05,95.0,95000,0(0.00 %),1786600,168995000000,83500,7898265000,94500,95000,94000
2021-11-08,94.9,94900,-0.1(-0.11 %),1792000,170459000000,114600,10900752000,95000,95500,94500
2021-11-09,94.9,94900,0(0.00 %),2373800,224434000000,1263800,112022852000,95400,95400,93200
2021-11-10,94.9,94900,0(0.00 %),1680500,159028000000,60290,5715492000,95100,95200,93600
2021-11-11,94.8,94800,-0.1(-0.11 %),2186600,206891000000,0,0,94900,95000,93900
2021-11-12,94.5,94500,-0.3(-0.32 %),1133100,106829000000,0,0,94800,94800,93900
2021-11-15,95.0,95000,0.5(0.53 %),1922400,181982000000,0,0,94500,95100,94000
2021-11-16,94.8,94800,-0.2(-0.21 %),1643900,155146000000,600000,58500000000,95000,95100,93900
2021-11-17,96.3,96300,1.5(1.58 %),2815800,269901000000,0,0,94700,97000,94200
2021-11-18,94.5,94500,-1.8(-1.87 %),3871100,374066000000,30000,2697000000,97000,98500,94500
2021-11-19,94.8,94800,0.3(0.32 %),2032500,193153000000,320099,29300335700,94600,96000,94000
2021-11-22,94.8,94800,0(0.00 %),2152100,202655000000,300000,27300000000,94500,95000,93000
2021-11-23,94.8,94800,0(0.00 %),1382700,130382000000,0,0,94000,95000,93500
2021-11-24,94.1,94100,-0.7(-0.74 %),2045100,192437000000,800000,76000000000,94800,95200,93500
2021-11-25,94.0,94000,-0.1(-0.11 %),1401800,132130000000,600000,58500000000,94800,94800,93800
2021-11-26,98.5,98500,4.5(4.79 %),8681700,852974000000,528600,52028588000,95900,100000,95200
2021-11-29,105.3,105300,6.8(6.90 %),8742300,900646000000,556200,57977048000,99000,105300,98500
2021-11-30,105.0,105000,-0.3(-0.28 %),4674300,491679000000,100000,10489000000,105500,106900,103500
2021-12-01,106.0,106000,1(0.95 %),4082000,430436000000,360000,37080000000,105000,107300,104000
2021-12-02,107.2,107200,1.2(1.13 %),4428600,472224000000,962000,104129900000,106000,108500,105100
2021-12-03,105.5,105500,-1.7(-1.59 %),5152400,558929000000,280000,30108500000,109100,109600,105500
2021-12-06,105.6,105600,0.1(0.09 %),5825100,623409000000,160000,17068800000,107900,109000,103600
2021-12-07,106.7,106700,1.1(1.04 %),3026300,322616000000,337000,35848470000,107400,107500,105600
2021-12-08,105.9,105900,-0.8(-0.75 %),3539500,371937000000,100000,10481000000,106500,107000,103500
2021-12-09,107.0,107000,1.1(1.04 %),3173400,336432000000,226000,23739400000,105000,107500,104000
2021-12-10,103.1,103100,-3.9(-3.64 %),3080600,323154000000,0,0,107000,107200,103100
2021-12-13,103.2,103200,0.1(0.10 %),4076200,418723000000,0,0,102700,104500,101000
2021-12-14,102.5,102500,-0.7(-0.68 %),2629100,268883000000,192000,21196800000,103000,103100,101600
2021-12-15,100.0,100000,-2.5(-2.44 %),2897300,291833000000,1406412,138094652000,102700,102700,99900
2021-12-16,100.0,100000,0(0.00 %),3095200,308679000000,400000,37600000000,100000,101500,98300
2021-12-17,102.0,102000,2(2.00 %),6655000,675205000000,492000,49956000000,100000,102700,98800
2021-12-20,99.0,99000,-3(-2.94 %),1372800,137686000000,686400,71439360000,102000,102000,99000
2021-12-21,98.1,98100,-0.9(-0.91 %),1467300,145648000000,20000,1844000000,99000,100800,98100
2021-12-22,99.6,99600,1.5(1.53 %),2410600,239797000000,992000,97400800000,98200,100100,98200
2021-12-23,96.0,96000,-3.6(-3.61 %),2771100,270845000000,186400,19851600000,99600,100000,96000
2021-12-24,96.5,96500,0.5(0.52 %),1415500,136065000000,500000,48870000000,96500,96900,95100
2021-12-27,99.0,99000,2.5(2.59 %),1907500,186164000000,592000,54061600000,97000,99000,96500
2021-12-28,98.4,98400,-0.6(-0.61 %),1737300,169915000000,206400,19009440000,99100,99300,96500
2021-12-29,95.5,95500,-2.9(-2.95 %),2291900,220489000000,30000,3150000000,98000,98000,95200
2021-12-30,95.0,95000,-0.5(-0.52 %),1662400,158469000000,242000,24703200000,95800,96400,95000
2021-12-31,95.1,95100,0.1(0.11 %),1267000,120477000000,186400,18938240000,95200,96300,94200
2022-01-04,101.0,101000,5.9(6.20 %),3071100,303095000000,962000,97643000000,96000,101500,95700
2022-01-05,100.0,100000,-1(-0.99 %),3396500,342984000000,192000,18048000000,100800,102200,99500
2022-01-06,104.5,104500,4.5(4.50 %),5061400,531063000000,1386400,142375200000,101000,106400,100500
2022-01-07,102.2,102200,-2.3(-2.20 %),3108800,321554000000,20037,2063811000,106400,106400,102200
2022-01-10,102.3,102300,0.1(0.10 %),2908500,302199000000,192000,20985600000,102500,105500,102200
2022-01-11,101.0,101000,-1.3(-1.27 %),2240600,226097000000,186400,20392160000,102000,102000,99800
2022-01-12,100.8,100800,-0.2(-0.20 %),2338500,233627000000,0,0,101500,101500,98000
2022-01-13,98.8,98800,-2(-1.98 %),1955700,194881000000,192000,18009600000,101000,101000,98500
2022-01-14,98.9,98900,0.1(0.10 %),1017400,100591000000,186400,17130160000,98200,99600,98200
2022-01-17,97.0,97000,-1.9(-1.92 %),2628900,255500000000,0,0,99000,99200,94500
2022-01-18,95.9,95900,-1.1(-1.13 %),2032000,194795000000,732300,69802836000,97000,97000,94100
2022-01-19,93.8,93800,-2.1(-2.19 %),1612700,153023000000,0,0,95000,95900,93600
2022-01-20,95.4,95400,-0.4(-0.42 %),730800,69630000000,0,0,94600,96300,94600
2022-01-21,95.5,95500,0.5(0.53 %),3192800,302017000000,0,0,95900,96000,93300
2022-01-24,95.0,95000,-0.5(-0.52 %),3935300,371418000000,1000000,91000000000,94900,96000,92500
2022-01-25,96.0,96000,1(1.05 %),3198400,304823000000,720000,69120000000,95000,97700,93400
2022-01-26,96.4,96400,0.4(0.42 %),1932000,184746000000,0,0,96500,96500,94500
2022-01-27,96.5,96500,0.1(0.10 %),2559000,244667000000,500000,47500000000,96500,96500,94200
2022-01-28,97.0,97000,0.5(0.52 %),2999600,288309000000,0,0,95100,97000,94500
2022-02-07,91.2,91200,-5.8(-5.98 %),7413400,698729000000,40000,3612000000,96400,97500,91200
2022-02-08,87.3,87300,-3.9(-4.28 %),8010800,707899000000,20099,1748613000,91300,92300,86700
2022-02-09,85.7,85700,-1.6(-1.83 %),8812500,762223000000,0,0,87600,88700,84900
2022-02-10,84.0,84000,-1.7(-1.98 %),11088500,925742000000,0,0,85700,86000,81700
2022-02-11,81.7,81700,-2.3(-2.74 %),7846400,644393000000,0,0,83000,83600,81500
2022-02-14,81.8,81800,0.1(0.12 %),4973500,409571000000,288000,23180000000,81700,84000,80700
2022-02-15,83.7,83700,1.9(2.32 %),3001500,249534000000,0,0,82000,83800,81800
2022-02-16,82.9,82900,-0.8(-0.96 %),1986000,165073000000,0,0,83900,83900,82700
2022-02-17,83.1,83100,0.2(0.24 %),2865600,236811000000,70000,5523000000,82800,83500,82000
2022-02-18,82.2,82200,-0.9(-1.08 %),2914400,239819000000,0,0,82500,82800,82000
2022-02-21,83.6,83600,1.4(1.70 %),2513700,209089000000,0,0,82100,83800,82000
2022-02-22,82.0,82000,-1.6(-1.91 %),2975200,244872000000,600000,50160000000,83000,83300,81800
2022-02-23,82.5,82500,0.5(0.61 %),1439000,118332000000,0,0,82100,82500,82000
2022-02-24,80.1,80100,-2.4(-2.91 %),6367500,513409000000,0,0,82300,82400,79300
2022-02-25,79.1,79100,-1(-1.25 %),3385500,269910000000,0,0,80900,80900,79100
2022-02-28,77.0,77000,-2.1(-2.65 %),4678600,362044000000,67500,5368950000,79500,79500,77000
2022-03-01,79.2,79200,2.2(2.86 %),3467600,272240000000,0,0,77100,79900,77000
2022-03-02,78.9,78900,-0.3(-0.38 %),2401000,188103000000,0,0,79200,79200,77200
2022-03-03,79.0,79000,0.1(0.13 %),2610400,206930000000,0,0,78900,80400,78300
2022-03-04,79.0,79000,0(0.00 %),3817400,298849000000,90000,7065000000,79000,79300,77800
2022-03-07,78.5,78500,-0.5(-0.63 %),2442600,190902000000,621000,49059000000,78400,79000,77300
2022-03-08,77.9,77900,-0.6(-0.76 %),4290200,333046000000,20049,1551792600,78000,78900,77100
2022-03-09,78.0,78000,0.1(0.13 %),3049900,238116000000,120000,9315000000,78100,78700,77300
2022-03-10,79.1,79100,1.1(1.41 %),4366600,347999000000,0,0,78500,80600,78000
2022-03-11,79.0,79000,-0.1(-0.13 %),2222400,174176000000,0,0,78800,79000,77800
2022-03-14,78.3,78300,-0.7(-0.89 %),2622700,204457000000,50000,3800000000,78800,78800,77400
2022-03-15,78.3,78300,0(0.00 %),2733900,212270000000,141000,11025000000,78000,78600,77000
2022-03-16,78.1,78100,-0.2(-0.26 %),2950000,228843000000,70074,5507140180,78300,78400,77200
2022-03-17,78.4,78400,0.3(0.38 %),2565900,200109000000,10220000,798182000000,78300,78500,77300
2022-03-18,78.8,78800,0.4(0.51 %),5520700,432689000000,3270000,256467000000,78300,79500,77400
2022-03-21,81.0,81000,2.2(2.79 %),3705300,295461000000,50000,3950000000,78800,81000,78300
2022-03-22,82.2,82200,1.2(1.48 %),3631800,297518000000,0,0,81000,82400,81000
2022-03-23,81.4,81400,-0.8(-0.97 %),1529200,125197000000,15358809,1262263863800,82100,82400,81400
2022-03-24,81.0,81000,-0.4(-0.49 %),1995200,161016000000,570000,46790000000,81400,81400,80400
2022-03-25,81.0,81000,0(0.00 %),2193500,176657000000,0,0,80600,81000,79700
2022-03-28,80.5,80500,-0.5(-0.62 %),2339900,187940000000,185000,15240000000,79900,81200,79700
2022-03-29,80.8,80800,0.3(0.37 %),2798300,226101000000,100000,8610000000,80000,81800,79800
2022-03-30,81.1,81100,0.3(0.37 %),3088400,252160000000,0,0,82500,82700,80400
2022-03-31,81.2,81200,0.1(0.12 %),1372000,111943000000,185000,15240000000,81100,82300,81000
2022-04-01,82.1,82100,0.9(1.11 %),2609900,213581000000,0,0,81400,82500,80900
2022-04-04,82.7,82700,0.6(0.73 %),2730500,224703000000,80000,6560000000,82500,82800,81500
2022-04-05,82.3,82300,-0.4(-0.48 %),3591100,295429000000,85000,7140000000,82500,83100,81700
2022-04-06,80.5,80500,-1.8(-2.19 %),5679100,456580000000,599000,48443400000,80500,82300,79500
2022-04-07,79.5,79500,-1(-1.24 %),3704800,291532000000,60000,4500000000,80200,80300,77600
2022-04-08,81.7,81700,2.2(2.77 %),5192000,422700000000,150024,12099753360,80000,82400,80000
2022-04-12,81.3,81300,-0.4(-0.49 %),2356500,190801000000,0,0,81400,81400,80300
2022-04-13,82.2,82200,0.9(1.11 %),3146300,256499000000,150000,12195000000,81000,82300,80700
2022-04-14,81.7,81700,-0.5(-0.61 %),1763700,143967000000,85000,7140000000,81600,82200,81100
2022-04-15,80.7,80700,-1(-1.22 %),1678400,136057000000,0,0,81500,81800,80600
2022-04-18,79.5,79500,-1.2(-1.49 %),2984700,236157000000,0,0,80000,80100,78100
2022-04-19,78.8,78800,-0.7(-0.88 %),1816000,142601000000,651280,52531260000,78600,79800,77800
2022-04-20,79.3,79300,0.5(0.63 %),1713900,135637000000,62500,4750000000,78000,79800,78000
2022-04-21,77.5,77500,-1.8(-2.27 %),2684300,209961000000,0,0,79000,79500,77500
2022-04-22,77.7,77700,0.2(0.26 %),1867300,146045000000,30000,2361000000,77700,79000,77600
2022-04-25,76.2,76200,-1.5(-1.93 %),2738000,208718000000,0,0,77800,79200,72700
2022-04-26,78.0,78000,1.8(2.36 %),3661700,279148000000,0,0,73500,78500,73500
2022-04-27,78.0,78000,0(0.00 %),2793500,213541000000,335000,25464600000,77500,78000,75000
2022-04-28,77.9,77900,-0.1(-0.13 %),1386100,107295000000,0,0,78000,78200,76300
2022-04-29,80.0,80000,2.1(2.70 %),2148700,168327000000,24200,1754500000,77500,80000,76600
2022-05-04,79.7,79700,-0.3(-0.38 %),1436000,113661000000,30000,2418000000,79600,80000,77700
2022-05-05,80.0,80000,0.3(0.38 %),1858600,147893000000,0,0,79600,80000,78500
2022-05-06,79.8,79800,-0.2(-0.25 %),1690000,133715000000,962000,76995560000,78500,80000,78000
2022-05-09,79.1,79100,-0.7(-0.88 %),2428900,191175000000,0,0,78700,79200,77900
2022-05-10,80.4,80400,1.3(1.64 %),2617900,207043000000,540000,39744000000,78900,80400,78100
2022-05-11,80.5,80500,0.1(0.12 %),1983600,158309000000,0,0,80200,80500,78700
2022-05-12,79.0,79000,-1.5(-1.86 %),2474100,194550000000,0,0,80000,80000,77100
2022-05-13,78.0,78000,-1(-1.27 %),3134600,244382000000,260000,19110000000,79000,79000,77200
2022-05-16,77.0,77000,-1(-1.28 %),1994100,154105000000,550000,45100000000,79000,79000,76200
2022-05-17,78.0,78000,1(1.30 %),1857400,142509000000,458000,32838600000,76000,78000,75200
2022-05-18,78.0,78000,0(0.00 %),2964900,228541000000,213600,15507360000,78000,78000,76000
2022-05-19,77.9,77900,-0.1(-0.13 %),2650300,205350000000,0,0,76400,79000,76200
2022-05-20,77.8,77800,-0.1(-0.13 %),2331100,179901000000,0,0,77900,77900,76500
2022-05-23,77.4,77400,-0.4(-0.51 %),2644700,203734000000,20047,1535600200,77600,77700,76200
2022-05-24,77.6,77600,0.2(0.26 %),1568300,120936000000,0,0,77000,77600,76400
2022-05-25,77.7,77700,0.1(0.13 %),1360400,105433000000,0,0,77600,78100,76700
2022-05-26,77.7,77700,0(0.00 %),2076700,160691000000,0,0,77700,77700,76800
2022-05-27,78.0,78000,0.3(0.39 %),1575800,122224000000,0,0,77400,78000,77000
2022-05-30,78.5,78500,0.5(0.64 %),1390900,108457000000,155500,11289300000,78000,78500,77200
2022-05-31,78.8,78800,0.3(0.38 %),1776600,139496000000,0,0,78000,79500,77700
2022-06-01,79.3,79300,0.5(0.63 %),1539200,121421000000,475000,34817500000,78600,79400,78300
2022-06-02,78.9,78900,-0.4(-0.50 %),2935600,230413000000,969800,71571240000,79200,79200,77600
2022-06-03,78.8,78800,-0.1(-0.13 %),1249100,98085000000,0,0,78100,79200,78000
2022-06-06,78.5,78500,-0.3(-0.38 %),1503500,117783000000,0,0,78700,78900,77900
2022-06-07,78.0,78000,-0.5(-0.64 %),1562200,121827000000,50000,3750000000,78500,78500,77700
2022-06-08,78.1,78100,0.1(0.13 %),1441700,112674000000,0,0,77800,78700,77600
2022-06-09,78.1,78100,0(0.00 %),1542100,119959000000,0,0,78000,78200,77300
2022-06-10,78.0,78000,-0.1(-0.13 %),979600,76254000000,0,0,77800,78200,77500
2022-06-13,76.4,76400,-1.6(-2.05 %),1795500,137563000000,0,0,76600,77400,76200
2022-06-14,76.6,76600,0.2(0.26 %),2058500,156529000000,0,0,76200,76600,75200
2022-06-15,76.7,76700,0.1(0.13 %),2037200,155674000000,0,0,76600,76900,75300
2022-06-16,76.6,76600,-0.1(-0.13 %),1597800,122183000000,0,0,76000,77700,75800
2022-06-17,76.6,76600,0(0.00 %),3725300,284322000000,0,0,75800,76600,75100
2022-06-20,75.6,75600,-1(-1.31 %),2132800,161774000000,0,0,76600,76600,75300
2022-06-21,75.0,75000,-0.6(-0.79 %),1956200,146283000000,0,0,75200,75200,73800
2022-06-22,75.0,75000,0(0.00 %),1418900,105888000000,1000000,72500000000,74700,75000,73600
2022-06-23,74.2,74200,-0.8(-1.07 %),1548900,114522000000,0,0,74100,74200,73000
2022-06-24,74.6,74600,0.4(0.54 %),1514800,111835000000,0,0,73500,74600,72000
2022-06-27,73.8,73800,-0.8(-1.07 %),1822400,134451000000,0,0,73800,74800,73500
2022-06-28,73.6,73600,-0.2(-0.27 %),2228300,163163000000,0,0,73000,73800,72400
2022-06-29,73.4,73400,-0.2(-0.27 %),1429300,104442000000,300000,21600000000,72800,73400,72300
2022-06-30,73.5,73500,0.1(0.14 %),1878800,137553000000,40000,3040000000,72700,73500,72400
2022-07-01,72.6,72600,-0.9(-1.22 %),1866600,135666000000,0,0,73200,73400,72100
2022-07-04,72.7,72700,0.1(0.14 %),758300,55007000000,0,0,72400,72700,72200
2022-07-05,72.3,72300,-0.4(-0.55 %),1478700,106984000000,0,0,72700,72800,72000
2022-07-06,67.5,67500,-4.8(-6.64 %),2171700,151404000000,0,0,72000,72100,67500
2022-07-07,69.8,69800,2.3(3.41 %),2174100,148539000000,0,0,68000,69800,66500
2022-07-08,70.0,70000,0.2(0.29 %),1413800,97414000000,0,0,70000,70700,67500
2022-07-11,70.0,70000,0(0.00 %),2385900,163674000000,0,0,67700,70000,66200
2022-07-12,69.9,69900,-0.1(-0.14 %),1212400,83767000000,0,0,68600,70200,68000
2022-07-13,69.5,69500,-0.4(-0.57 %),2004600,138663000000,0,0,68600,70000,68300
2022-07-14,69.5,69500,0(0.00 %),1414300,98078000000,0,0,69500,69800,68500
2022-07-15,69.6,69600,0.1(0.14 %),1582500,109638000000,0,0,69100,69800,68600
2022-07-18,68.0,68000,-1.6(-2.30 %),1088000,74575000000,68732,4667721600,69600,69600,68000
2022-07-19,68.8,68800,0.8(1.18 %),655400,44880000000,0,0,68000,69000,68000
2022-07-20,68.2,68200,-0.6(-0.87 %),626100,42841000000,0,0,68800,69000,68200
2022-07-21,68.5,68500,0.3(0.44 %),930600,63742000000,0,0,68200,68800,68100
2022-07-22,66.5,66500,-2(-2.92 %),674700,45466000000,0,0,68100,68500,66500
2022-07-25,67.3,67300,0.8(1.20 %),755800,50642000000,0,0,66900,67400,66500
2022-07-26,66.1,66100,-1.2(-1.78 %),592700,39642000000,50000,3347500000,66100,67600,66100
2022-07-27,66.5,66500,0.4(0.61 %),581400,38634000000,0,0,66200,66800,66000
2022-07-28,67.0,67000,0.5(0.75 %),1152200,76666000000,0,0,66600,67100,66000
2022-07-29,64.0,64000,-3(-4.48 %),1908500,124118000000,0,0,67800,67800,64000
2022-08-01,64.7,64700,0.7(1.09 %),1261800,81515000000,20023,1287478900,64900,65100,64100
2022-08-02,66.6,66600,1.9(2.94 %),1372600,89722000000,0,0,64800,66600,64500
2022-08-03,66.0,66000,-0.6(-0.90 %),1250700,82156000000,0,0,65800,66400,65100
2022-08-04,66.4,66400,0.4(0.61 %),1146000,75533000000,0,0,66000,66400,65400
2022-08-05,65.4,65400,-1(-1.51 %),1134900,74406000000,0,0,65900,66200,65200
2022-08-08,64.6,64600,-0.8(-1.22 %),1010300,65648000000,0,0,65400,65700,64600
2022-08-09,65.3,65300,0.7(1.08 %),792000,51504000000,0,0,64800,65400,64700
2022-08-10,64.8,64800,-0.5(-0.77 %),967900,62841000000,0,0,65000,65600,64700
2022-08-11,65.8,65800,1(1.54 %),1674000,110031000000,0,0,65600,66400,65000
2022-08-12,66.2,66200,0.4(0.61 %),811200,53476000000,0,0,65800,66200,65500
2022-08-15,66.4,66400,0.2(0.30 %),802100,53152000000,0,0,66300,66500,66100
2022-08-16,65.9,65900,-0.5(-0.75 %),862200,56839000000,0,0,66400,66400,65700
2022-08-17,67.3,67300,1.4(2.12 %),2201000,147629000000,0,0,66200,67800,66000
2022-08-18,68.1,68100,0.8(1.19 %),2769100,190219000000,23000,1449000000,67200,69300,67200
2022-08-19,67.9,67900,-0.2(-0.29 %),1221600,82606000000,339000,22869780000,68000,68400,66800
2022-08-22,66.0,66000,-1.9(-2.80 %),1469100,98278000000,114400,7264400000,67200,68000,66000
2022-08-23,65.0,65000,-1(-1.52 %),1437800,93531000000,0,0,65500,65600,64800
2022-08-24,64.9,64900,-0.1(-0.15 %),787500,51336000000,0,0,65200,65800,64900
2022-08-25,65.9,65900,1(1.54 %),483000,31667000000,0,0,65000,65900,65000
2022-08-26,65.0,65000,-0.9(-1.37 %),861300,56137000000,0,0,66000,66000,65000
2022-08-29,63.6,63600,-1.4(-2.15 %),1337500,85106000000,0,0,64300,64400,63000
2022-08-30,63.6,63600,0(0.00 %),868400,55157000000,0,0,63600,64100,63200
2022-08-31,63.7,63700,0.1(0.16 %),1236800,79737000000,200000,12872000000,64000,65700,63700
2022-09-05,64.0,64000,0.3(0.47 %),1310100,84585000000,300000,19380000000,64800,65200,64000
2022-09-06,63.3,63300,-0.7(-1.09 %),1335600,85256000000,0,0,64100,64800,63100
2022-09-07,62.5,62500,-0.8(-1.26 %),1347400,84636000000,0,0,63300,63400,62500
2022-09-08,62.9,62900,0.4(0.64 %),841200,53044000000,0,0,63300,63600,62400
2022-09-09,64.4,64400,1.5(2.38 %),1193800,76354000000,0,0,63200,64400,62900
2022-09-12,64.0,64000,-0.4(-0.62 %),552900,35585000000,0,0,64900,64900,63800
2022-09-13,64.1,64100,0.1(0.16 %),1059100,67796000000,0,0,64000,64300,63600
2022-09-14,63.4,63400,-0.7(-1.09 %),711000,44735000000,0,0,63500,63700,62100
2022-09-15,63.9,63900,0.5(0.79 %),851300,53997000000,0,0,63500,64000,62800
2022-09-16,62.5,62500,-1.4(-2.19 %),1684400,106518000000,0,0,63200,64500,62500
2022-09-19,62.9,62900,0.4(0.64 %),786000,49328000000,0,0,62500,63300,62100
2022-09-20,63.9,63900,1(1.59 %),800100,50730000000,0,0,62600,63900,62600
2022-09-21,63.1,63100,-0.8(-1.25 %),482700,30441000000,158300,9979232000,63500,63600,62700
2022-09-22,63.3,63300,0.2(0.32 %),1238700,76489000000,0,0,62500,63300,58700
2022-09-23,62.6,62600,-0.7(-1.11 %),324200,20313000000,0,0,63000,63300,62000
2022-09-26,62.0,62000,-0.6(-0.96 %),1195900,74218000000,1000000,63000000000,61800,62600,61600
2022-09-27,61.0,61000,-1(-1.61 %),639100,39331000000,0,0,62100,62200,60800
2022-09-28,57.5,57500,-3.5(-5.74 %),1138100,66652000000,1000000,61000000000,60100,60800,57500
2022-09-29,54.6,54600,-2.9(-5.04 %),1701100,94296000000,0,0,57700,58200,54300
2022-09-30,55.0,55000,0.4(0.73 %),1724300,95610000000,0,0,53300,56400,53300
2022-10-03,55.5,55500,0.5(0.91 %),1452700,79067000000,0,0,54900,55500,53000
2022-10-04,57.0,57000,1.5(2.70 %),1296700,72732000000,400000,22480000000,56000,57000,54600
2022-10-05,60.0,60000,3(5.26 %),1328100,78865000000,0,0,57500,60900,57000
2022-10-06,60.1,60100,0.1(0.17 %),1011900,60604000000,0,0,59800,62000,58100
2022-10-07,60.2,60200,0.1(0.17 %),2987900,179273000000,0,0,60500,60700,58300
2022-10-10,60.2,60200,0(0.00 %),1238400,73011000000,0,0,60200,60900,57700
2022-10-11,60.0,60000,-0.2(-0.33 %),2186800,128651000000,2170000,130914000000,58300,60100,56700
2022-10-12,60.0,60000,0(0.00 %),1709700,101968000000,0,0,60000,60200,58300
2022-10-13,60.4,60400,0.4(0.67 %),1246400,74156000000,0,0,58700,61000,58200
2022-10-14,59.7,59700,-0.7(-1.16 %),779400,46208000000,0,0,60500,60500,58400
2022-10-17,56.0,56000,-3.7(-6.20 %),738700,42379000000,1000000,59700000000,58600,59000,56000
2022-10-18,58.4,58400,2.4(4.29 %),606100,35245000000,20000,1042000000,56500,58600,56500
2022-10-19,58.5,58500,0.1(0.17 %),826400,47679000000,0,0,58500,58700,56500
2022-10-20,58.6,58600,0.1(0.17 %),1099200,64317000000,0,0,58100,58700,57200
2022-10-21,56.8,56800,-1.8(-3.07 %),1414600,79606000000,0,0,58500,58500,54500
2022-10-24,56.5,56500,-0.3(-0.53 %),1606100,88113000000,0,0,56000,56600,52900
2022-10-25,56.1,56100,-0.4(-0.71 %),1446700,79574000000,0,0,56300,56300,53000
2022-10-26,54.8,54800,-1.3(-2.32 %),1054100,57191000000,1336000,74949600000,56100,56100,53500
2022-10-27,55.0,55000,0.2(0.36 %),1974800,107337000000,0,0,54600,55000,52500
2022-10-28,55.7,55700,0.7(1.27 %),1281000,70276000000,0,0,55400,55800,53500
2022-10-31,55.4,55400,-0.3(-0.54 %),1052800,58148000000,0,0,56000,56400,54300
2022-11-01,55.4,55400,0(0.00 %),1419100,77984000000,0,0,55700,55800,54000
2022-11-02,55.4,55400,0(0.00 %),1352500,74243000000,0,0,55300,55400,54000
2022-11-03,55.1,55100,-0.3(-0.54 %),909700,49813000000,0,0,54400,55100,54300
2022-11-04,54.3,54300,-0.8(-1.45 %),1617900,86493000000,0,0,54900,54900,52100
2022-11-07,53.4,53400,-0.9(-1.66 %),1702500,90272000000,0,0,54000,54000,51700
2022-11-08,53.3,53300,-0.1(-0.19 %),2476100,127209000000,600000,31800000000,52200,53300,49700
2022-11-09,53.7,53700,0.4(0.75 %),1573900,84248000000,0,0,53300,54300,52200
2022-11-10,53.0,53000,-0.7(-1.30 %),1558000,82900000000,1820000,109564000000,53600,54000,52000
2022-11-11,54.3,54300,1.3(2.45 %),938500,50716000000,0,0,53000,54800,52500
2022-11-14,55.0,55000,0.7(1.29 %),1394600,76714000000,0,0,54200,55500,53100
2022-11-15,57.0,57000,2(3.64 %),1583400,89741000000,0,0,55900,57500,55000
2022-11-16,60.4,60400,3.4(5.96 %),2249500,133432000000,0,0,56900,60900,56100
2022-11-17,64.6,64600,4.2(6.95 %),4785400,308553000000,0,0,62400,64600,60500
2022-11-18,65.6,65600,1(1.55 %),1693400,110416000000,0,0,66900,66900,63100
2022-11-21,64.0,64000,-1.6(-2.44 %),1198200,77466000000,0,0,66000,66700,63600
2022-11-22,61.0,61000,-3(-4.69 %),1466300,92046000000,0,0,64000,65900,61000
2022-11-23,59.7,59700,-1.3(-2.13 %),998800,61038000000,0,0,60100,62600,59700
2022-11-24,61.0,61000,1.3(2.18 %),1141700,69629000000,0,0,60000,62100,60000
2022-11-25,65.0,65000,4(6.56 %),2290900,147628000000,0,0,63000,65000,62600
2022-11-28,65.0,65000,0(0.00 %),3249900,216535000000,0,0,66500,67100,65000
2022-11-29,69.4,69400,4.4(6.77 %),3559000,236335000000,0,0,65000,69400,64200
2022-11-30,69.6,69600,0.2(0.29 %),3225000,222918000000,0,0,69500,70200,68000
2022-12-01,66.0,66000,-3.6(-5.17 %),3204600,217784000000,0,0,69400,69600,66000
2022-12-02,68.8,68800,2.8(4.24 %),3591400,242060000000,0,0,65100,68800,65100
2022-12-05,68.1,68100,-0.7(-1.02 %),2301900,158678000000,0,0,68800,70000,68000
2022-12-06,66.6,66600,-1.5(-2.20 %),1803300,120619000000,0,0,68100,68500,65000
2022-12-07,71.2,71200,4.6(6.91 %),9421500,665325000000,0,0,69200,71200,68500
2022-12-08,69.9,69900,-1.3(-1.83 %),5602500,409838000000,0,0,74400,74500,69900
2022-12-09,67.8,67800,-2.1(-3.00 %),2660700,183893000000,501000,34830700000,70500,71700,67800
2022-12-12,63.1,63100,-4.7(-6.93 %),2851200,187792000000,0,0,67800,68000,63100
2022-12-13,61.6,61600,-1.5(-2.38 %),2861100,177372000000,150000,9450000000,63900,64000,60100
2022-12-14,60.8,60800,-0.8(-1.30 %),2897500,177904000000,49200,3001200000,62500,63700,60300
2022-12-15,60.6,60600,-0.2(-0.33 %),2311900,140882000000,1000000,60800000000,61100,61600,60300
2022-12-16,58.4,58400,-2.2(-3.63 %),3284600,194560000000,1078000,64924800000,60600,60800,58400
2022-12-19,56.5,56500,-1.9(-3.25 %),2873600,165472000000,170000,9928000000,59000,59400,56500
2022-12-20,55.9,55900,-0.6(-1.06 %),2088400,117421000000,1000000,56500000000,56500,57800,55100
2022-12-21,54.9,54900,-1(-1.79 %),2477400,137615000000,0,0,56600,57000,54800
2022-12-22,55.0,55000,0.1(0.18 %),2433400,136115000000,1319200,72424080000,56000,57000,55000
2022-12-23,55.1,55100,0.1(0.18 %),1866300,102170000000,1545000,84875000000,55300,55900,53900
2022-12-26,52.6,52600,-2.5(-4.54 %),1832300,97543000000,0,0,55000,55000,52500
2022-12-27,53.4,53400,0.5(0.95 %),1844000,98040000000,22000,1163800000,52900,54800,52100
2022-12-28,53.5,53500,0.1(0.19 %),2089000,110197000000,1200000,64080000000,53500,53500,52100
2022-12-29,53.6,53600,0.1(0.19 %),2135400,113732000000,16707000,893071000000,53200,54000,52500
2022-12-30,53.8,53800,0.2(0.37 %),2461700,131922000000,0,0,53800,53900,53000
2023-01-03,56.8,56800,3(5.58 %),2009300,110261000000,0,0,53800,56800,53400
2023-01-04,56.0,56000,-0.8(-1.41 %),1928400,108734000000,600000,34080000000,56900,57100,55900
2023-01-05,56.2,56200,0.2(0.36 %),1641900,92458000000,0,0,56100,56900,55800
2023-01-06,56.1,56100,-0.1(-0.18 %),1951000,108559000000,1196400,67163760000,56000,56100,54900
2023-01-09,55.0,55000,-1.1(-1.96 %),1204200,66948000000,0,0,56200,56200,55000
2023-01-10,54.5,54500,-0.5(-0.91 %),1742900,94249000000,200000,10814000000,55000,55000,53600
2023-01-11,55.1,55100,0.6(1.10 %),1085600,59769000000,548000,29866000000,54500,55500,54100
2023-01-12,55.0,55000,-0.1(-0.18 %),1067000,58582000000,0,0,55500,55500,54500
2023-01-13,55.0,55000,0(0.00 %),1223800,67179000000,0,0,55000,55300,54400
2023-01-16,54.8,54800,-0.2(-0.36 %),1687100,91518000000,1400000,77000000000,55000,55000,53400
2023-01-17,55.2,55200,0.4(0.73 %),1371200,74804000000,0,0,53500,55200,53500
2023-01-18,56.7,56700,1.5(2.72 %),1647300,92413000000,0,0,55400,56700,55000
2023-01-19,57.4,57400,0.7(1.23 %),2343100,133654000000,100000,5707000000,56300,57400,56000
2023-01-27,59.2,59200,1.8(3.14 %),2197800,129472000000,0,0,57800,59300,57600
2023-01-30,57.7,57700,-1.5(-2.53 %),1124500,65528000000,0,0,59500,59500,57500
2023-01-31,57.1,57100,-0.6(-1.04 %),1377800,78856000000,0,0,58100,58500,56500
2023-02-01,55.2,55200,-1.9(-3.33 %),1851600,104134000000,0,0,57600,57600,54800
2023-02-02,55.8,55800,0.6(1.09 %),1328600,74004000000,0,0,55200,56100,55100
2023-02-03,56.0,56000,0.2(0.36 %),1199400,66499000000,0,0,56000,56000,55000
2023-02-06,56.0,56000,0(0.00 %),1416100,77983000000,0,0,55300,56000,54300
2023-02-07,55.0,55000,-1(-1.79 %),1645000,89809000000,159600,8778000000,56000,56000,53600
2023-02-08,54.4,54400,-0.6(-1.09 %),2145800,115493000000,0,0,54600,54600,53000
2023-02-09,54.2,54200,-0.2(-0.37 %),3006800,160191000000,107000,5721600000,53500,54500,52400
2023-02-10,54.0,54000,-0.2(-0.37 %),1696000,90607000000,0,0,53500,54300,52600
2023-02-13,53.4,53400,-0.6(-1.11 %),1405200,74432000000,0,0,53100,53600,52500
2023-02-14,52.9,52900,-0.5(-0.94 %),3116200,162456000000,312800,16428386000,53100,53100,50800
2023-02-15,52.9,52900,0(0.00 %),3345700,173758000000,102500,5422250000,52700,52900,50900
2023-02-16,53.4,53400,0.5(0.95 %),3240500,170139000000,0,0,53000,53700,51400
2023-02-17,53.5,53500,0.1(0.19 %),1871500,99354000000,295300,15674524000,53400,53500,52200
2023-02-20,54.1,54100,0.6(1.12 %),1515200,81964000000,0,0,53300,55000,53000
2023-02-21,54.3,54300,0.2(0.37 %),1502600,81531000000,293000,15900488000,54200,54700,53700
2023-02-22,53.0,53000,-1.3(-2.39 %),2557800,135120000000,0,0,53500,53600,52400
2023-02-23,53.0,53000,0(0.00 %),2387100,124742000000,0,0,52800,53100,51100
2023-02-24,52.9,52900,-0.1(-0.19 %),2206500,115796000000,0,0,52100,52900,51700
2023-02-27,52.5,52500,-0.4(-0.76 %),1389900,72451000000,1748000,92469200000,52000,52500,51400
2023-02-28,52.6,52600,0.1(0.19 %),912500,47939000000,0,0,52500,53000,52000
2023-03-01,52.7,52700,0.1(0.19 %),794700,41852000000,304300,16024438000,52000,53300,51600
2023-03-02,52.8,52800,0.1(0.19 %),769300,40644000000,193900,10307920000,52500,53300,52300
2023-03-03,52.7,52700,-0.1(-0.19 %),785900,41338000000,252600,13308720000,52800,53000,52200
2023-03-06,52.6,52600,-0.1(-0.19 %),1569800,82770000000,947000,49906900000,52700,53300,52100
2023-03-07,52.7,52700,0.1(0.19 %),1442300,76327000000,0,0,53000,53200,52400
2023-03-08,53.0,53000,0.3(0.57 %),831900,43903000000,1340000,70484000000,52200,53300,52200
2023-03-09,53.0,53000,0(0.00 %),1037300,54993000000,1384000,73352000000,53000,53600,52600
2023-03-10,53.1,53100,0.1(0.19 %),899800,47505000000,0,0,53000,53300,52500
2023-03-13,53.3,53300,0.2(0.38 %),996800,52932000000,0,0,53100,53400,52500
2023-03-14,53.0,53000,-0.3(-0.56 %),1019000,53974000000,1870000,99671000000,53200,53200,52600
2023-03-15,54.0,54000,1(1.89 %),1177700,63128000000,540000,28620000000,53000,54000,53000
2023-03-16,53.3,53300,-0.7(-1.30 %),3155600,171288000000,155000,8362250000,54000,55700,53000
2023-03-17,53.2,53200,-0.1(-0.19 %),3121500,165661000000,1600000,87730000000,53900,54000,52400
2023-03-20,52.8,52800,-0.4(-0.75 %),3362300,175388000000,1150000,61006320000,53000,53200,51400
2023-03-21,52.4,52400,-0.4(-0.76 %),1215600,63518000000,1500000,82395000000,52800,53400,51600
2023-03-22,52.8,52800,0(0.00 %),1797500,94533000000,1254000,66712800000,52600,52900,52100
2023-03-23,52.8,52800,0(0.00 %),2073800,108983000000,641000,33844800000,52200,52800,52100
2023-03-24,53.3,53300,0.5(0.95 %),830700,44207000000,1149000,60667200000,52800,53700,52500
2023-03-27,53.3,53300,0(0.00 %),702000,37429000000,560000,29848000000,53300,53800,52800
2023-03-28,53.4,53400,0.1(0.19 %),782500,41823000000,7195000,382501000000,53300,53600,53200
2023-03-29,53.5,53500,0.1(0.19 %),585700,31210000000,0,0,53500,53600,52900
2023-03-30,53.7,53700,0.2(0.37 %),993600,53688000000,485000,25947500000,53500,54900,53400
2023-03-31,55.0,55000,1.3(2.42 %),2619400,143746000000,0,0,53600,55200,53600
2023-04-03,58.0,58000,3(5.45 %),4851800,279239000000,543800,29909000000,55900,58800,55600
2023-04-04,56.8,56800,-1.2(-2.07 %),1871700,107586000000,0,0,58500,58700,56800
2023-04-05,55.5,55500,-1.3(-2.29 %),1974100,109779000000,0,0,56700,56700,55000
2023-04-06,54.5,54500,-1(-1.80 %),2064900,114312000000,0,0,56400,56400,54500
2023-04-07,54.4,54400,-0.1(-0.18 %),2379600,128239000000,0,0,55000,55000,53400
2023-04-10,53.8,53800,-0.6(-1.10 %),2145100,114967000000,0,0,54500,54600,53300
2023-04-11,53.6,53600,-0.2(-0.37 %),1847000,98210000000,100000,5400000000,53700,53700,52800
2023-04-12,53.1,53100,-0.5(-0.93 %),3646300,192744000000,360000,19296000000,53300,53500,52600
2023-04-13,53.0,53000,-0.1(-0.19 %),1919800,101683000000,100000,5350000000,53100,53500,52700
2023-04-14,52.9,52900,-0.1(-0.19 %),1662600,88123000000,100000,5350000000,53200,53500,52700
2023-04-17,52.9,52900,0(0.00 %),1758200,92591000000,0,0,52900,53000,52400
2023-04-18,52.8,52800,-0.1(-0.19 %),1755800,92365000000,560000,29624000000,52900,52900,52400
2023-04-19,52.6,52600,-0.2(-0.38 %),1746300,91694000000,0,0,52600,52700,52300
2023-04-20,52.6,52600,0(0.00 %),1217400,63890000000,0,0,52500,52700,52200
2023-04-21,52.7,52700,0.1(0.19 %),1698600,89071000000,29800,1567480000,52600,52700,52100
2023-04-24,52.6,52600,-0.1(-0.19 %),1496200,78455000000,0,0,52700,52700,52200
2023-04-25,52.5,52500,-0.1(-0.19 %),2716400,141979000000,0,0,52800,52800,51800
2023-04-26,51.9,51900,-0.6(-1.14 %),1836600,95343000000,0,0,52400,52400,51700
2023-04-27,50.5,50500,-1.4(-2.70 %),3596000,183221000000,740000,38406000000,51800,51800,50500
2023-04-28,52.1,52100,1.6(3.17 %),2241100,115225000000,180000,9180000000,50600,52100,50600
2023-05-04,51.3,51300,-0.8(-1.54 %),1498400,77136000000,380000,19798000000,52100,52100,51100
2023-05-05,50.7,50700,-0.6(-1.17 %),1298800,66003000000,49200,2569640000,50900,51400,50600
2023-05-08,50.9,50900,0.2(0.39 %),1338200,67792000000,0,0,50700,50900,50500
2023-05-09,50.6,50600,-0.3(-0.59 %),1113400,56389000000,0,0,50900,51000,50400
2023-05-10,50.6,50600,0(0.00 %),1069300,54050000000,0,0,50800,50800,50400
2023-05-11,50.5,50500,-0.1(-0.20 %),1190300,60091000000,1,47100,50700,50700,50300
2023-05-12,51.7,51700,1.2(2.38 %),2093000,107484000000,180000,9090000000,50700,51900,50500
2023-05-15,54.4,54400,2.7(5.22 %),4520000,246532000000,1,48100,54900,54900,54000
2023-05-16,52.9,52900,-1.5(-2.76 %),2621400,140199000000,260000,14040000000,54600,54800,52800
2023-05-17,53.2,53200,0.3(0.57 %),2168200,115514000000,0,0,52900,53800,52500
2023-05-18,53.2,53200,0(0.00 %),2078700,111007000000,0,0,53600,53800,53000
2023-05-19,52.5,52500,-0.7(-1.32 %),1932200,101538000000,0,0,53400,53400,52100
2023-05-22,52.1,52100,-0.4(-0.76 %),1855200,96723000000,570000,29925000000,52500,52700,51900
2023-05-23,52.6,52600,0.5(0.96 %),2019000,106750000000,0,0,52200,53500,52200
2023-05-24,52.6,52600,0(0.00 %),1290300,67734000000,4730000,248798000000,52800,52800,52300
2023-05-25,52.6,52600,0(0.00 %),1453500,76257000000,0,0,52600,52700,52200
2023-05-26,52.0,52000,-0.6(-1.14 %),1593300,83206000000,0,0,52400,52500,52000
2023-05-29,52.7,52700,0.7(1.35 %),1381300,72237000000,0,0,52000,52900,52000
2023-05-30,52.4,52400,-0.3(-0.57 %),1315000,69044000000,1897500,99998250000,52700,52900,52300
2023-05-31,52.0,52000,-0.4(-0.76 %),2432000,126771000000,0,0,52400,52400,52000
2023-06-01,52.0,52000,0(0.00 %),1526900,79156000000,0,0,52000,52200,51600
2023-06-02,52.0,52000,0(0.00 %),1731400,90071000000,0,0,52000,52300,51900
2023-06-05,52.1,52100,0.1(0.19 %),1824300,95281000000,0,0,52100,52500,52000
2023-06-06,53.2,53200,1.1(2.11 %),2120200,112149000000,0,0,52200,53200,52200
2023-06-07,52.8,52800,-0.4(-0.75 %),1656100,87763000000,1380000,73416000000,53300,53600,52600
2023-06-08,52.4,52400,-0.4(-0.76 %),1436100,75625000000,7985400,421605936000,52800,53000,52400
2023-06-09,52.3,52300,-0.1(-0.19 %),819000,42922000000,0,0,52500,52600,52200
2023-06-12,53.4,53400,1.1(2.10 %),1711500,90586000000,2489500,130431850000,52500,53400,52500
2023-06-13,54.1,54100,0.7(1.31 %),2112100,113603000000,0,0,53700,54300,53300
2023-06-14,53.8,53800,-0.3(-0.55 %),2242800,121643000000,3641000,194238800000,54100,54700,53800
2023-06-15,53.5,53500,-0.3(-0.56 %),2114700,113971000000,0,0,53800,54500,53300
2023-06-16,53.5,53500,0(0.00 %),3878900,206809000000,1500000,80250000000,53800,54000,52600
2023-06-19,52.1,52100,-1.4(-2.62 %),2316600,121868000000,2003000,107160500000,53800,53800,52100
2023-06-20,52.0,52000,-0.1(-0.19 %),1464500,76310000000,0,0,52000,52500,51900
2023-06-21,52.4,52400,0.4(0.77 %),2070400,107477000000,1410000,73311000000,52100,52400,51700
2023-06-22,52.4,52400,0(0.00 %),1626300,85137000000,0,0,52700,52800,52000
2023-06-23,52.0,52000,-0.4(-0.76 %),2178900,113352000000,0,0,52100,52300,51900
2023-06-26,52.2,52200,0.2(0.38 %),1524700,79496000000,1945000,101140000000,52100,52700,51900
2023-06-27,52.4,52400,0.2(0.38 %),2488300,130401000000,45000,2358450000,52200,53000,52200
2023-06-28,52.2,52200,-0.2(-0.38 %),1893500,98899000000,0,0,52600,52700,52000
2023-06-29,51.8,51800,-0.4(-0.77 %),1628300,84704000000,0,0,52200,52400,51800
2023-06-30,51.0,51000,-0.8(-1.54 %),1743900,89719000000,0,0,51800,51900,51000
2023-07-03,51.1,51100,0.1(0.20 %),1866100,95630000000,0,0,51500,51700,51100
2023-07-04,51.3,51300,0.2(0.39 %),1359600,69614000000,141500,7244800000,51500,51500,51100
2023-07-05,51.0,51000,-0.3(-0.58 %),2479200,126673000000,2447000,125531100000,51400,51600,50900
2023-07-06,50.4,50400,-0.6(-1.18 %),2599600,131724000000,0,0,51000,51400,50400
2023-07-07,50.1,50100,-0.3(-0.60 %),2941600,147646000000,0,0,50500,50600,50000
2023-07-10,50.9,50900,0.8(1.60 %),3345300,169276000000,0,0,50500,51200,50200
2023-07-11,50.8,50800,-0.1(-0.20 %),1927900,98305000000,780000,39780000000,51000,51300,50800
2023-07-12,51.4,51400,0.6(1.18 %),2295600,118006000000,0,0,51100,51900,50800
2023-07-13,51.5,51500,0.1(0.19 %),1894000,97512000000,0,0,51500,52000,51200
2023-07-14,51.4,51400,-0.1(-0.19 %),2013700,103443000000,0,0,51800,51800,51000
2023-07-17,52.9,52900,1.5(2.92 %),4605500,241321000000,7500000,383340000000,51600,53100,51400
2023-07-18,52.7,52700,-0.2(-0.38 %),2091900,110533000000,0,0,53000,53100,52600
2023-07-19,52.1,52100,-0.6(-1.14 %),1816000,95244000000,0,0,52900,52900,52100
2023-07-20,52.0,52000,-0.1(-0.19 %),1893800,98501000000,7,339500,52100,52600,51600
2023-07-21,52.1,52100,0.1(0.19 %),2324800,120429000000,11,532400,52000,52300,51600
2023-07-24,52.0,52000,-0.1(-0.19 %),2621700,136587000000,16,776000,52200,52600,51800
2023-07-25,51.5,51500,-0.5(-0.96 %),3804000,196575000000,23636,1143982400,52100,52200,51500
2023-07-26,51.0,51000,-0.5(-0.97 %),4119700,211049000000,13,622700,51400,51900,51000
2023-07-27,51.1,51100,0.1(0.20 %),3932500,200816000000,11,521950,51000,51500,50800
2023-07-28,51.5,51500,0.4(0.78 %),3550200,181937000000,20,951000,51100,51600,50900
2023-07-31,55.1,55100,3.6(6.99 %),10561900,581943000000,20,958000,55100,55100,54600
2023-08-01,58.9,58900,3.8(6.90 %),12259300,721385000000,1800015,99180769500,58800,58900,58000
2023-08-02,58.3,58300,-0.6(-1.02 %),12347800,727985000000,18,986400,59000,59900,58100
2023-08-03,58.2,58200,-0.1(-0.17 %),7522800,440893000000,16,868800,58300,59500,58000
2023-08-04,62.2,62200,4(6.87 %),21210800,1310932000000,16,867200,59000,62200,59000
2023-08-07,63.9,63900,1.7(2.73 %),8090300,512921000000,440027,28029563300,63500,64300,62400
2023-08-08,67.0,67000,3.1(4.85 %),11056400,728930000000,31,1844500,64000,67500,63600
2023-08-09,65.8,65800,-1.2(-1.79 %),9768400,648304000000,500028,34001747200,67000,67800,65700
2023-08-10,67.9,67900,2.1(3.19 %),7897700,530171000000,163914,11006375800,66300,68400,66100
2023-08-11,72.6,72600,4.7(6.92 %),23093100,1676132000000,22,1390400,72600,72600,72100
2023-08-14,73.3,73300,0.7(0.96 %),12704000,937478000000,26,1757600,74900,75400,71500
2023-08-15,70.7,70700,-2.6(-3.55 %),14765300,1059538000000,2720018,199377227600,73000,73300,70700
2023-08-16,75.6,75600,4.9(6.93 %),19414900,1467731000000,300016,22681052800,75600,75600,75400
2023-08-17,71.9,71900,-3.7(-4.89 %),22232600,1648257000000,3500010,263700704000,75600,76600,71900
2023-08-18,66.9,66900,-5(-6.95 %),26621900,1809896000000,1111500,77496145000,69100,70000,66900
2023-08-21,65.8,65800,-1.1(-1.64 %),22403700,1442918000000,25027,1559182100,66000,66100,63300
2023-08-22,64.5,64500,-1.3(-1.98 %),13120800,844252000000,24,1468800,67000,67100,62800
2023-08-23,65.0,65000,0.5(0.78 %),20341500,1365435000000,6,360000,69000,69000,65000
2023-08-24,64.2,64200,-0.8(-1.23 %),16616200,1062390000000,2,121000,65700,65800,62600
2023-08-25,63.5,63500,-0.7(-1.09 %),17900300,1154564000000,0,0,65200,66700,63300
2023-08-28,64.7,64700,1.2(1.89 %),16715600,1092226000000,0,0,65000,66700,64500
2023-08-29,63.4,63400,-1.3(-2.01 %),20650300,1322741000000,2,120400,65700,65900,63200
2023-08-30,62.0,62000,-1.4(-2.21 %),24550800,1515176000000,594000,38070000000,63000,63000,60600
2023-08-31,62.1,62100,0.1(0.16 %),14984700,939437000000,0,0,62500,64100,62000
2023-09-05,62.3,62300,0.2(0.32 %),13059500,816402000000,1,57800,62500,63900,61700
2023-09-06,61.6,61600,-0.7(-1.12 %),19411000,1189528000000,878500,54730550000,62400,62500,60800
2023-09-07,60.8,60800,-0.8(-1.30 %),16127800,989639000000,3696300,238780936200,62000,62500,60800
2023-09-08,59.1,59100,-1.7(-2.80 %),28220800,1685672000000,85000,5448500000,60500,60600,59100
2023-09-11,59.1,59100,0(0.00 %),16362000,985119000000,0,0,60100,61400,59100
2023-09-12,60.3,60300,1.2(2.03 %),15067200,903386000000,3585000,225546000000,59800,60500,59100
2023-09-13,59.2,59200,-1.1(-1.82 %),16321000,981193000000,3749100,237318030000,60800,61400,59100
2023-09-14,55.5,55500,-3.7(-6.25 %),26861000,1529927000000,85000,5001000000,59100,59300,55500
2023-09-15,53.6,53600,-1.9(-3.42 %),18952400,1031148000000,664542,36882081000,56000,56300,53200
2023-09-18,53.0,53000,-0.6(-1.12 %),11462100,604968000000,4220500,240483500000,53600,53600,52400
2023-09-19,51.7,51700,-1.3(-2.45 %),12789300,672063000000,4147301,232663579300,53500,53900,51500
2023-09-20,53.5,53500,1.8(3.48 %),11801500,619097000000,85007,4487836700,52000,53500,51700
2023-09-21,52.2,52200,-1.3(-2.43 %),8502600,448887000000,9,448200,53800,53800,52200
2023-09-22,50.0,50000,-2.2(-4.21 %),17451900,881360000000,2285007,126857339850,51500,51600,49800
2023-09-25,46.5,46500,-3.5(-7.00 %),16835400,808235000000,3219525,163463644000,50100,50400,46500
2023-09-26,45.0,45000,-1.5(-3.23 %),15113400,688251000000,11,475750,46000,46750,44550
2023-09-27,45.2,45200,0.2(0.44 %),8890400,397260000000,158003,7455425550,44600,45250,44050
2023-09-28,45.0,45000,-0.2(-0.44 %),6887100,307515000000,2,84100,45200,45300,44100
2023-09-29,46.85,46850,1.85(4.11 %),13568000,640197000000,135008,6424084800,45200,48150,45150
2023-10-02,46.9,46900,0.05(0.11 %),5084800,239108000000,6,261600,47000,47550,46500
2023-10-03,44.5,44500,-2.4(-5.12 %),12896800,576860000000,135000,6647000000,45900,46000,43850
2023-10-04,46.1,46100,1.6(3.60 %),6718300,305227000000,3698000,164561000000,44500,46300,44050
2023-10-05,45.6,45600,-0.5(-1.08 %),5358200,244461000000,6620000,311276000000,46200,46400,44800
2023-10-06,45.95,45950,0.35(0.77 %),6192900,283920000000,0,0,45900,46250,45000
2023-10-09,45.2,45200,-0.75(-1.63 %),4889700,223007000000,1455900,67237455000,46000,46050,45200
2023-10-10,44.9,44900,-0.3(-0.66 %),5861600,266968000000,50000,2378800000,45600,46150,44900
2023-10-11,45.45,45450,0.55(1.22 %),3629700,164039000000,85000,4060250000,45050,45450,45000
2023-10-12,46.5,46500,1.05(2.31 %),7710800,359340000000,50000,2304600000,46000,47300,45800
2023-10-13,46.1,46100,-0.4(-0.86 %),5057900,232487000000,65000,3083000000,46050,46450,45550
2023-10-16,45.0,45000,-1.1(-2.39 %),4839400,219836000000,43000,2043400000,46050,46050,45000
2023-10-17,44.0,44000,-1(-2.22 %),4845000,216470000000,147000,6769350000,45000,45150,44000
2023-10-18,43.8,43800,-0.2(-0.45 %),8869200,386725000000,6820000,300115000000,44050,44550,41500
2023-10-19,43.2,43200,-0.6(-1.37 %),5382400,231250000000,166000,7443550000,43800,43900,42400
2023-10-20,43.35,43350,0.15(0.35 %),5953100,253217000000,70000,3214600000,43000,43350,41850
2023-10-23,43.4,43400,0.05(0.12 %),4900400,211035000000,111000,4955550000,43350,43400,42600
2023-10-24,43.45,43450,0.05(0.12 %),2821800,122241000000,50000,2256550000,43200,43500,42900
2023-10-25,44.7,44700,1.25(2.88 %),6225600,276900000000,2025000,89651250000,44200,45300,43850
2023-10-26,41.6,41600,-3.1(-6.94 %),15106800,629517000000,830000,35008150000,42900,42950,41600
2023-10-27,41.6,41600,0(0.00 %),13998100,559582000000,65000,2792850000,41650,41800,38700
2023-10-30,41.5,41500,-0.1(-0.24 %),6062800,248225000000,50000,2225000000,41300,41550,39750
2023-10-31,40.5,40500,-1(-2.41 %),5938400,242827000000,42000,1814400000,41050,41550,40450
2023-11-01,40.4,40400,-0.1(-0.25 %),4618900,184715000000,50000,2162500000,39700,40500,39450
2023-11-02,41.45,41450,1.05(2.60 %),6047500,244879000000,42000,1800500000,40500,41500,39650
2023-11-03,41.6,41600,0.15(0.36 %),4094900,170776000000,73000,3044700000,41700,42100,41250
2023-11-06,42.1,42100,0.5(1.20 %),4294000,180194000000,42000,1774500000,41950,42300,41650
2023-11-07,42.05,42050,-0.05(-0.12 %),4222000,176440000000,73000,3086500000,41800,42150,41250
2023-11-08,43.0,43000,0.95(2.26 %),4749500,201844000000,62000,2597600000,41900,43050,41600
2023-11-09,45.4,45400,2.4(5.58 %),7308000,328098000000,5673000,243918650000,44000,45700,44000
2023-11-10,44.95,44950,-0.45(-0.99 %),5103200,228819000000,42000,1791300000,45000,45200,44400
2023-11-13,44.8,44800,-0.15(-0.33 %),3953800,176934000000,73000,3115050000,45050,45050,44450
2023-11-14,44.95,44950,0.15(0.33 %),3845100,172727000000,62000,2708300000,44950,45500,44500
2023-11-15,45.4,45400,0.45(1.00 %),6206500,281168000000,73000,3196750000,45400,45600,44900
2023-11-16,45.1,45100,-0.3(-0.66 %),2341300,105365000000,42000,1832600000,45400,45400,44850
2023-11-17,42.2,42200,-2.9(-6.43 %),11573200,504670000000,133000,5823600000,45200,45200,42150
2023-11-20,42.7,42700,0.5(1.18 %),4304300,181219000000,42000,1770600000,40900,42800,40900
2023-11-21,42.6,42600,-0.1(-0.23 %),2852100,120985000000,73000,3173500000,43050,43150,42050
2023-11-22,42.0,42000,-0.6(-1.41 %),3797800,160266000000,1142000,48624800000,42950,43000,41850
2023-11-23,41.3,41300,-0.7(-1.67 %),3301600,138733000000,73000,3066850000,42000,42600,41300
2023-11-24,41.35,41350,0.05(0.12 %),3524600,144737000000,42000,1709400000,41350,41500,40600
2023-11-27,41.85,41850,0.5(1.21 %),2794800,117040000000,199000,8414050000,41300,42200,41300
2023-11-28,42.4,42400,0.55(1.31 %),2472300,103963000000,42000,1742000000,41850,42500,41600
2023-11-29,42.55,42550,0.15(0.35 %),2051700,87128000000,73000,2979550000,42400,42650,42300
2023-11-30,41.75,41750,-0.8(-1.88 %),3466400,145905000000,20000,839000000,42500,42850,41750
2023-12-01,42.1,42100,0.35(0.84 %),2301700,96714000000,2388800,100257450000,42050,42200,41850
2023-12-04,42.95,42950,0.85(2.02 %),3571300,152466000000,20000,824000000,42100,43000,42100
2023-12-05,42.8,42800,-0.15(-0.35 %),3626700,155237000000,72000,2935800000,42950,43150,42600
2023-12-06,42.8,42800,0(0.00 %),2341200,100014000000,43000,1807000000,42500,43000,42500
2023-12-07,42.8,42800,0(0.00 %),4453200,189518000000,72000,3213700000,42800,43200,41900
2023-12-08,42.95,42950,0.15(0.35 %),2652300,113574000000,3000264,128968352000,42600,43050,42550
2023-12-11,44.05,44050,1.1(2.56 %),5292200,232444000000,72000,3084600000,43250,44350,43250
2023-12-12,44.25,44250,0.2(0.45 %),2774200,122576000000,43000,1907050000,44050,44400,44000
2023-12-13,43.9,43900,-0.35(-0.79 %),3973900,174266000000,72000,3141800000,44100,44350,43200
2023-12-14,43.8,43800,-0.1(-0.23 %),3042800,132852000000,2293000,100884700000,43950,44050,43450
2023-12-15,43.7,43700,-0.1(-0.23 %),6066700,264804000000,1072000,46845600000,43700,43950,43050
2023-12-18,43.2,43200,-0.5(-1.14 %),2345200,101825000000,43000,1882550000,43700,43950,43050
2023-12-19,43.2,43200,0(0.00 %),2813900,120523000000,72000,3065600000,43300,43300,42300
2023-12-20,43.25,43250,0.05(0.12 %),1760100,75914000000,6218000,267071850000,42950,43450,42850
2023-12-21,43.2,43200,-0.05(-0.12 %),1890500,81357000000,72000,3116500000,43000,43300,42800
2023-12-22,43.15,43150,-0.05(-0.12 %),2001100,86037000000,198000,8557900000,43200,43350,42750
2023-12-25,43.4,43400,0.25(0.58 %),1977500,85706000000,1387000,58247400000,43100,43550,43000
2023-12-26,43.55,43550,0.15(0.35 %),1763700,76815000000,43000,1763000000,43400,43750,43350
2023-12-27,43.6,43600,0.05(0.11 %),1848500,80882000000,72000,3233400000,43650,43950,43600
2023-12-28,44.45,44450,0.85(1.95 %),4070700,180416000000,269000,11858600000,43600,44600,43600
2023-12-29,44.6,44600,0.15(0.34 %),2168900,96789000000,305400,14272270000,44650,44850,44450
2024-01-02,44.0,44000,-0.6(-1.35 %),2281300,101167000000,43000,1974050000,44950,44950,44000
2024-01-03,44.15,44150,0.15(0.34 %),2275100,99491000000,72000,3097000000,43500,44150,43500
2024-01-04,44.15,44150,0(0.00 %),2337800,103191000000,43000,1904200000,44150,44400,43800
2024-01-05,44.1,44100,-0.05(-0.11 %),1481600,65230000000,72000,3069000000,44150,44200,43900
2024-01-08,44.35,44350,0.25(0.57 %),2534400,112603000000,43000,1801300000,44450,44750,44100
2024-01-09,43.9,43900,-0.45(-1.01 %),1604800,70734000000,112000,4772200000,44300,44400,43900
2024-01-10,43.6,43600,-0.3(-0.68 %),2675700,116785000000,43000,1884400000,43900,44050,43200
2024-01-11,43.65,43650,0.05(0.11 %),1666100,72921000000,92000,4149500000,43600,44000,43400
2024-01-12,43.0,43000,-0.65(-1.49 %),2966600,127665000000,43000,1799850000,43500,43500,42700
2024-01-15,43.05,43050,0.05(0.12 %),1456300,62922000000,72000,3068300000,43500,43500,43050
2024-01-16,43.15,43150,0.1(0.23 %),1436500,61763000000,43000,1877500000,43000,43250,42850
2024-01-17,43.2,43200,0.05(0.12 %),1878300,81152000000,72000,2982300000,43150,43450,42950
2024-01-18,43.35,43350,0.15(0.35 %),1725100,74598000000,43000,1857300000,43000,43500,43000
2024-01-19,43.3,43300,-0.05(-0.12 %),2905400,125767000000,72000,3222000000,43350,43450,43150
2024-01-22,43.3,43300,0(0.00 %),1691900,73243000000,63000,2753350000,43500,43500,43150
2024-01-23,43.1,43100,-0.2(-0.46 %),2211000,95203000000,72000,3111500000,43400,43400,42900
2024-01-24,43.15,43150,0.05(0.12 %),1693500,72914000000,1380000,59497700000,43200,43250,42900
2024-01-25,42.8,42800,-0.35(-0.81 %),1155300,49554000000,2067000,89190450000,43100,43100,42800
2024-01-26,42.8,42800,0(0.00 %),1807600,77346000000,6202863,265465536400,42700,43000,42650
2024-01-29,42.65,42650,-0.15(-0.35 %),1816400,77442000000,5895000,252268550000,42800,42850,42400
2024-01-30,42.7,42700,0.05(0.12 %),1332900,56765000000,5140000,219222000000,42650,42800,42500
2024-01-31,42.5,42500,-0.2(-0.47 %),2738900,116331000000,95000,4161200000,42700,42800,42100
2024-02-01,42.35,42350,-0.15(-0.35 %),2196100,92625000000,20000,848000000,42450,42500,42050
2024-02-02,42.1,42100,-0.25(-0.59 %),1981500,83513000000,2045000,86700350000,42350,42500,42050
2024-02-05,42.2,42200,0.1(0.24 %),2692400,113076000000,417000,17562700000,42200,42200,41800
2024-02-06,42.3,42300,0.1(0.24 %),1594700,67092000000,185000,7857600000,42250,42350,41900
2024-02-07,42.4,42400,0.1(0.24 %),1596000,67418000000,20000,841000000,42300,42400,42000
2024-02-15,42.55,42550,0.15(0.35 %),1934700,82280000000,115000,4798250000,42500,42800,42200
2024-02-16,43.95,43950,1.4(3.29 %),4992200,217858000000,20000,833000000,42550,44150,42500
2024-02-19,47.0,47000,3.05(6.94 %),16636900,772273000000,115000,5169000000,44300,47000,44300
2024-02-20,48.5,48500,1.5(3.19 %),8974900,438105000000,20000,923000000,48000,49350,47900
2024-02-21,47.25,47250,-1.25(-2.58 %),6649000,316408000000,4265000,206841000000,48550,48550,47100
2024-02-22,47.6,47600,0.35(0.74 %),4022500,190806000000,153000,7228250000,47250,47700,47000
2024-02-23,45.2,45200,-2.4(-5.04 %),9877200,458872000000,6335000,301251300000,47950,47950,45200
2024-02-26,44.6,44600,-0.6(-1.33 %),5089400,228433000000,115000,5230000000,45350,45750,44300
2024-02-27,45.15,45150,0.55(1.23 %),4367500,195639000000,95000,4318150000,44800,45650,44350
2024-02-28,45.6,45600,0.45(1.00 %),3369700,154301000000,20000,943000000,45900,46400,45250
2024-02-29,45.0,45000,-0.6(-1.32 %),4017000,182507000000,1608800,73399530000,46000,46150,45000
2024-03-01,45.25,45250,0.25(0.56 %),2982700,134731000000,20000,905000000,45000,45600,44850
2024-03-04,45.25,45250,0(0.00 %),3738900,169778000000,95000,4186250000,45300,45750,45150
2024-03-05,45.3,45300,0.05(0.11 %),3151800,142404000000,8754000,396103500000,45200,45500,45000
2024-03-06,45.6,45600,0.3(0.66 %),3696000,169774000000,0,0,45300,46850,45200
2024-03-07,45.6,45600,0.3(0.66 %),2466500,112474000000,135000,6033500000,45600,45850,45350
2024-03-08,44.8,44800,-0.8(-1.75 %),3896700,176330000000,0,0,46000,46000,44800
2024-03-11,44.35,44350,-0.45(-1.00 %),3451600,155123000000,2515000,112631000000,44900,45250,44350
2024-03-12,44.15,44150,-0.2(-0.45 %),2836600,125820000000,0,0,44350,44600,44050
2024-03-13,45.0,45000,0.85(1.93 %),2238600,99440000000,0,0,44250,45000,44100
2024-03-14,45.95,45950,0.95(2.11 %),6021400,277000000000,0,0,45200,46850,45000
2024-03-15,44.4,44400,-1.55(-3.37 %),4813400,216670000000,115000,5209500000,45900,46000,44400
2024-03-18,46.1,46100,1.7(3.83 %),7732700,348805000000,8252000,365884800000,44850,46200,43900
2024-03-19,47.0,47000,0.9(1.95 %),7828400,365199000000,166600,7567900000,46200,47300,45600
2024-03-20,46.5,46500,-0.5(-1.06 %),4695000,216885000000,4268700,197874540000,46800,47000,45800
2024-03-21,46.5,46500,0(0.00 %),3525800,163442000000,360700,16442350000,46500,46850,45900
2024-03-22,46.6,46600,0.1(0.22 %),5198400,240977000000,441700,20766990000,46500,46700,46050
2024-03-25,46.85,46850,0.25(0.54 %),4738500,221713000000,329100,15345370000,46600,47400,46150
2024-03-26,47.05,47050,0.2(0.43 %),3479000,163431000000,27900,1227600000,47000,47200,46600
2024-03-27,47.05,47050,0(0.00 %),4203100,197598000000,406100,19082490000,47050,47300,46700
2024-03-28,47.6,47600,0.55(1.17 %),4639100,220766000000,0,0,47050,47950,46900
2024-03-29,47.65,47650,0.05(0.11 %),3524600,168049000000,261900,12428540000,47850,47900,47300
2024-04-01,47.85,47850,0.2(0.42 %),4451800,212765000000,0,0,47650,48100,47350
2024-04-02,47.8,47800,-0.05(-0.10 %),4818000,228997000000,115000,5497500000,47000,47900,46500
2024-04-03,47.75,47750,-0.05(-0.10 %),4260400,202998000000,0,0,47500,47850,47200
2024-04-04,47.85,47850,0.1(0.21 %),4122100,197014000000,70000,3276000000,47250,47950,47250
2024-04-05,47.8,47800,-0.05(-0.10 %),3382700,161248000000,45000,2148750000,47450,47950,47300
2024-04-08,47.7,47700,-0.1(-0.21 %),2948500,140501000000,25000,1206250000,48000,48000,47350
2024-04-09,47.7,47700,0(0.00 %),3502300,166089000000,231000,10926000000,47600,47700,47000
2024-04-10,48.5,48500,0.8(1.68 %),5161600,249116000000,170000,8377500000,47700,48650,47650
2024-04-11,48.3,48300,-0.2(-0.41 %),3397900,164159000000,1065000,52103500000,48250,48550,47750
2024-04-12,48.45,48450,0.15(0.31 %),3009600,145882000000,104300,5048690000,48350,48700,48150
2024-04-15,47.0,47000,-1.45(-2.99 %),5597200,264543000000,2545000,123272000000,48000,48200,46000
2024-04-16,46.4,46400,-0.6(-1.28 %),4793200,218885000000,340900,15903510000,47000,47000,44650
2024-04-17,45.0,45000,-1.4(-3.02 %),3009600,136170000000,245000,11148250000,46500,46500,44500
2024-04-19,42.6,42600,-2.4(-5.33 %),3674400,158770000000,90000,4132050000,43600,44000,42600
2024-04-22,42.0,42000,-0.6(-1.41 %),3217600,135757000000,165000,6789250000,42650,43000,41700
2024-04-23,41.0,41000,-1(-2.38 %),2696100,111536000000,70000,3074450000,42450,42450,41000
2024-04-24,41.6,41600,0.6(1.46 %),1583300,65993000000,45000,1910000000,41100,41950,41100
2024-04-25,42.0,42000,0.4(0.96 %),1517500,63635000000,70000,2913650000,41700,42350,41300
2024-04-26,44.45,44450,2.45(5.83 %),2697700,117198000000,45000,1862750000,41950,44450,41900
2024-05-02,44.4,44400,-0.05(-0.11 %),1596500,70240000000,70000,3038000000,44000,44400,43600
2024-05-03,44.45,44450,0.05(0.11 %),1315200,58336000000,0,0,44600,44900,44000
2024-05-06,44.75,44750,0.3(0.67 %),1524400,67703000000,0,0,44450,44750,43850
2024-05-07,45.0,45000,0.25(0.56 %),1053500,47300000000,0,0,45350,45350,44500
2024-05-08,45.4,45400,0.4(0.89 %),1713400,77042000000,47000,2146000000,45100,45400,44300
2024-05-09,45.4,45400,0(0.00 %),1415400,64556000000,68000,2952500000,45400,46000,45050
2024-05-10,45.0,45000,-0.4(-0.88 %),1166900,52516000000,0,0,45400,45700,44500
2024-05-13,45.0,45000,0(0.00 %),1711800,76616000000,43000,1936000000,45300,45350,44350
2024-05-14,46.05,46050,1.05(2.33 %),5263900,249159000000,6437000,289671250000,48100,48100,46050
2024-05-15,46.35,46350,0.3(0.65 %),1357800,62875000000,43000,2066150000,46200,46750,46000
2024-05-16,46.75,46750,0.4(0.86 %),2782500,130146000000,72000,3411950000,46600,47150,46200
2024-05-17,46.85,46850,0.1(0.21 %),2168200,100909000000,0,0,46750,46900,46250
2024-05-20,46.7,46700,-0.15(-0.32 %),3224900,151294000000,115000,5389050000,47000,47550,46350
2024-05-21,46.45,46450,-0.25(-0.54 %),3335500,156947000000,0,0,47000,47700,46450
2024-05-22,45.5,45500,-0.95(-2.05 %),3149300,144903000000,5535000,257753250000,46350,46900,45500
2024-05-23,45.55,45550,0.05(0.11 %),2649700,119787000000,0,0,45250,45900,44750
2024-05-24,44.95,44950,-0.6(-1.32 %),3715400,166261000000,6625000,301668500000,45150,45600,44150
2024-05-27,45.05,45050,0.1(0.22 %),1713000,76815000000,0,0,44950,45250,44450
2024-05-28,45.05,45050,0(0.00 %),2253600,101006000000,135000,6237500000,45000,45300,44450
2024-05-29,44.4,44400,-0.65(-1.44 %),2583100,114877000000,20000,904000000,45050,45200,44250
2024-05-30,43.15,43150,-1.25(-2.82 %),2387000,104427000000,240000,10439000000,44400,44500,43150
2024-05-31,43.55,43550,0.4(0.93 %),1663200,72748000000,28700,1277150000,43500,44600,43300
2024-06-03,43.95,43950,0.4(0.92 %),1537000,67998000000,170000,7548000000,43800,44600,43800
2024-06-04,44.1,44100,0.15(0.34 %),1463500,64725000000,175000,8105000000,44300,44550,44000
2024-06-05,44.2,44200,0.1(0.23 %),1611400,71630000000,0,0,44100,44750,44100
2024-06-06,43.7,43700,-0.5(-1.13 %),1823500,80147000000,195000,8559000000,44300,44350,43700
2024-06-07,43.5,43500,-0.2(-0.46 %),1681700,73160000000,160000,7040000000,43900,44000,43200
2024-06-10,43.45,43450,-0.05(-0.11 %),1582400,68865000000,2460000,107010000000,43500,43900,43400
2024-06-11,43.2,43200,-0.25(-0.58 %),4835000,207187000000,275000,12013000000,43300,43450,42550
2024-06-12,43.3,43300,0.1(0.23 %),2292500,98445000000,5000000,216000000000,42800,43500,42500
2024-06-13,43.2,43200,-0.1(-0.23 %),2144000,92311000000,175000,7689500000,43300,43500,42900
2024-06-14,42.0,42000,-1.2(-2.78 %),2718400,116028000000,4346211,187611315200,43200,43250,42000
2024-06-17,42.0,42000,0(0.00 %),2059700,87379000000,4759900,202322150000,42600,42950,42000
2024-06-18,42.1,42100,0.1(0.24 %),1832400,77728000000,11993000,500941700000,42300,42950,42100
2024-06-19,41.5,41500,-0.6(-1.43 %),3271200,136550000000,4412000,185784800000,42350,42450,41450
2024-06-20,41.45,41450,-0.05(-0.12 %),2357100,97877000000,43000,1659800000,41550,41800,41350
2024-06-21,41.65,41650,0.2(0.48 %),2683900,111225000000,72000,2890600000,41450,41650,41150
2024-06-24,41.1,41100,-0.55(-1.32 %),2804500,116955000000,1413300,56498700000,41650,42300,41100
2024-06-25,41.2,41200,0.1(0.24 %),1597200,66285000000,2976000,122468500000,41150,42000,41150
2024-06-26,41.2,41200,0(0.00 %),1918500,79151000000,0,0,41300,41700,41150
2024-06-27,41.0,41000,-0.2(-0.49 %),1312100,53893000000,115000,4833950000,41100,41400,41000
2024-06-28,41.2,41200,0.2(0.49 %),1785000,73440000000,0,0,41100,41350,40900
2024-07-01,41.35,41350,0.15(0.36 %),903300,37217000000,2569000,105981550000,41400,41400,41050
2024-07-02,41.6,41600,0.25(0.60 %),1493400,61946000000,3630000,150100500000,41400,41750,41300
2024-07-03,41.35,41350,-0.25(-0.60 %),1138000,47102000000,9575000,398321600000,41600,41650,41250
2024-07-04,41.4,41400,0.05(0.12 %),1214300,50358000000,0,0,41500,41700,41300
2024-07-05,41.4,41400,0(0.00 %),1445400,59652000000,115000,4770650000,41400,41450,41100
2024-07-08,40.4,40400,-1(-2.42 %),3503600,142735000000,100000,3855000000,41400,41400,40350
2024-07-09,40.8,40800,0.4(0.99 %),2286700,92393000000,115000,4641000000,40500,40950,40150
2024-07-10,40.6,40600,-0.2(-0.49 %),1235400,50386000000,0,0,40950,40950,40600
2024-07-11,41.1,41100,0.5(1.23 %),2747000,113609000000,115000,4678000000,40900,41750,40700
2024-07-12,41.75,41750,0.65(1.58 %),3312000,140014000000,0,0,41700,42800,41650
2024-07-15,41.35,41350,-0.4(-0.96 %),966900,40260000000,5245000,218958900000,41750,42250,41300
2024-07-16,41.05,41050,-0.3(-0.73 %),1863400,76711000000,0,0,41350,41700,40700
2024-07-17,40.6,40600,-0.45(-1.10 %),2651000,107379000000,75000,3147300000,41000,41000,40150
2024-07-18,40.55,40550,-0.05(-0.12 %),2142300,86412000000,0,0,40600,40600,40150
2024-07-19,40.75,40750,0.2(0.49 %),1748000,71009000000,75000,3037500000,40700,41100,40300
2024-07-22,40.75,40750,0(0.00 %),1776000,72128000000,0,0,40750,41000,40200
2024-07-23,40.85,40850,0.1(0.25 %),1446300,58775000000,75000,3012000000,40750,40850,40400
2024-07-24,40.9,40900,0.05(0.12 %),1657400,67597000000,2400000,98040000000,40800,41000,40450
2024-07-25,41.6,41600,0.7(1.71 %),4336200,181789000000,10075000,423165250000,41300,42600,40850
2024-07-26,41.6,41600,0(0.00 %),1376600,57316000000,0,0,41900,42150,41250
2024-07-29,41.6,41600,0(0.00 %),2665100,109911000000,75000,3215000000,41600,41600,40750
2024-07-30,42.2,42200,0.6(1.44 %),2426200,101464000000,0,0,41950,42200,41000
2024-07-31,42.3,42300,0.1(0.24 %),2598500,109312000000,21746300,981639195000,42300,42300,41550
2024-08-01,42.1,42100,-0.2(-0.47 %),3279200,137678000000,0,0,42100,42300,41500
2024-08-02,42.0,42000,-0.1(-0.24 %),2214600,91831000000,115000,4950250000,42150,42200,40800
2024-08-05,41.3,41300,-0.7(-1.67 %),3942800,161599000000,14690000,619572000000,41000,41650,40400
2024-08-06,41.3,41300,0(0.00 %),1722300,70912000000,110000,4702500000,41500,41550,40550
2024-08-07,42.35,42350,1.05(2.54 %),5315500,227196000000,63000,2755450000,41750,43500,41750
2024-08-08,41.8,41800,-0.55(-1.30 %),1543000,64521000000,50000,2132500000,42050,42200,41650
2024-08-09,41.2,41200,-0.6(-1.44 %),2266900,93709000000,0,0,41800,42000,41200
2024-08-12,40.6,40600,-0.6(-1.46 %),1806700,73634000000,0,0,41100,41200,40600
2024-08-13,40.7,40700,0.1(0.25 %),1399600,57148000000,5120000,207872000000,40650,41200,40650
2024-08-14,40.8,40800,0.1(0.25 %),1377400,56423000000,0,0,40750,41200,40750
2024-08-15,40.8,40800,0(0.00 %),1213500,49679000000,0,0,41000,41150,40800
2024-08-16,41.15,41150,0.35(0.86 %),2307000,95012000000,4950000,201960000000,40900,41600,40900
2024-08-19,41.15,41150,0(0.00 %),1644900,67826000000,4940000,203375500000,41300,41550,41050
2024-08-20,41.7,41700,0.55(1.34 %),3036500,127047000000,4700000,193405000000,41150,42200,41000
2024-08-21,41.85,41850,0.15(0.36 %),1664500,69371000000,70000,2943750000,41600,42000,41500
2024-08-22,41.55,41550,-0.3(-0.72 %),2379500,99895000000,0,0,41850,42350,41550
2024-08-23,41.55,41550,0(0.00 %),1748500,72930000000,6007278,252306426000,41600,42000,41500
2024-08-26,42.15,42150,0.6(1.44 %),2497500,105208000000,7140000,296667000000,41650,42350,41650
2024-08-27,45.1,45100,2.95(7.00 %),12748800,567040000000,9901812,417473375800,42100,45100,42100
2024-08-28,44.4,44400,-0.7(-1.55 %),4933500,223189000000,0,0,45500,46100,44400
2024-08-29,44.2,44200,-0.2(-0.45 %),3209900,142344000000,70000,3122000000,44250,44800,44050
2024-08-30,44.2,44200,0(0.00 %),3398500,152192000000,0,0,44550,45200,44200
2024-09-04,44.0,44000,-0.2(-0.45 %),3198700,140197000000,1305000,57674500000,43600,44300,43300
2024-09-05,45.05,45050,1.05(2.39 %),4519500,204714000000,0,0,44550,45950,44400
2024-09-06,44.65,44650,-0.4(-0.89 %),2501900,112038000000,4652000,209592850000,45350,45350,44600
2024-09-09,43.7,43700,-0.95(-2.13 %),4810700,210665000000,2490000,111178500000,44200,44500,43450
2024-09-10,43.0,43000,-0.7(-1.60 %),4601800,198252000000,45000,2025000000,43700,43900,42600
2024-09-11,43.0,43000,0(0.00 %),3098200,131731000000,25000,1075000000,42650,43000,42100
2024-09-12,42.9,42900,-0.1(-0.23 %),2166600,92852000000,1,40000,43050,43250,42550
2024-09-13,42.9,42900,0(0.00 %),1526300,65213000000,46000,2042950000,42900,42950,42500
2024-09-16,42.05,42050,-0.85(-1.98 %),2005200,85731000000,5844000,250734000000,42700,43600,42050
2024-09-17,42.9,42900,0.85(2.02 %),2237700,95277000000,2658001,111786189150,42050,43200,42050
2024-09-18,42.65,42650,-0.25(-0.58 %),2746900,117953000000,89000,3789000000,42900,43300,42650
2024-09-19,42.9,42900,0.25(0.59 %),2240000,96250000000,51000,2118900000,42800,43200,42700
2024-09-20,42.3,42300,-0.6(-1.40 %),3926500,167835000000,49000,2098600000,43000,43650,42300
2024-09-23,42.35,42350,0.05(0.12 %),1713400,73077000000,2801000,118487550000,42900,42900,42350
2024-09-24,42.55,42550,0.2(0.47 %),1438700,61139000000,2449000,103730200000,42400,42650,42350
2024-09-25,42.6,42600,0.05(0.12 %),3721100,158368000000,2371176,100894588800,42750,42900,42400
2024-09-26,42.6,42600,0(0.00 %),2768500,118452000000,49000,2089850000,42600,43100,42600
2024-09-27,42.5,42500,-0.1(-0.23 %),2740700,116892000000,21000,892500000,42900,42900,42450
2024-09-30,42.0,42000,-0.5(-1.18 %),2924300,123460000000,69000,2939400000,42400,42600,42000
2024-10-01,42.3,42300,0.3(0.71 %),1914600,81349000000,21000,889350000,42050,42750,42050
2024-10-02,42.05,42050,-0.25(-0.59 %),1527200,64390000000,13792400,583404470000,42350,42400,42050
2024-10-03,41.35,41350,-0.7(-1.66 %),3460400,144569000000,41000,1730050000,42100,42450,41350
2024-10-04,41.0,41000,-0.35(-0.85 %),2144700,88281000000,49000,2062000000,41350,41350,40900
2024-10-07,40.85,40850,-0.15(-0.37 %),1652400,67861000000,21000,878850000,41100,41550,40850
2024-10-08,40.9,40900,0.05(0.12 %),2648700,108176000000,20000,817000000,41050,41050,40600
2024-10-09,41.6,41600,0.7(1.71 %),1210800,50025000000,5780732,236431938800,41050,41600,41000
2024-10-10,41.4,41400,-0.2(-0.48 %),1471200,60985000000,41000,1752250000,41600,41650,41300
2024-10-11,41.8,41800,0.4(0.97 %),1709800,71369000000,0,0,41400,41950,41350
2024-10-14,42.15,42150,0.35(0.84 %),4264900,182675000000,5171000,216137550000,42500,43400,42150
2024-10-15,41.65,41650,-0.5(-1.19 %),1847000,77421000000,3650000,153824500000,42250,42500,41550
2024-10-16,41.5,41500,-0.15(-0.36 %),1211100,50349000000,0,0,41500,41800,41450
2024-10-17,41.55,41550,0.05(0.12 %),1030100,42857000000,0,0,41750,41800,41450
2024-10-18,41.8,41800,0.25(0.60 %),1174800,49330000000,41000,1715850000,41700,42200,41700
2024-10-21,42.25,42250,0.45(1.08 %),2219200,94089000000,0,0,41850,42900,41850
2024-10-22,42.2,42200,-0.05(-0.12 %),2045600,86616000000,22500,1001250000,42600,42600,42200
2024-10-23,43.2,43200,1(2.37 %),5014800,218208000000,0,0,42700,44300,42700
2024-10-24,42.05,42050,-1.15(-2.66 %),2055400,87250000000,5722500,247202000000,43000,43100,42050
2024-10-25,41.55,41550,-0.5(-1.19 %),2047900,85844000000,20000,820000000,42200,42300,41550
2024-10-28,41.45,41450,-0.1(-0.24 %),1473100,61222000000,7263500,301875125000,41600,41750,41450
2024-10-29,41.35,41350,-0.1(-0.24 %),1285000,53252000000,2000000,84000000000,41500,41700,41300
2024-10-30,41.0,41000,-0.35(-0.85 %),2024200,83290000000,63500,2571525000,41450,41700,40800
2024-10-31,41.55,41550,0.55(1.34 %),1827900,75657000000,0,0,41400,41700,41050
2024-11-01,41.2,41200,-0.35(-0.84 %),1338600,55345000000,63500,2581275000,41550,41600,41100
2024-11-04,41.2,41200,0(0.00 %),1345200,55395000000,6199000,255398800000,41400,41500,41050
2024-11-05,41.3,41300,0.1(0.24 %),963000,39653000000,63500,2787650000,41200,41300,41050
2024-11-06,41.8,41800,0.5(1.21 %),1521600,63559000000,7597000,313744600000,41500,42000,41400
2024-11-07,41.7,41700,-0.1(-0.24 %),1172800,49177000000,63500,2654300000,42000,42250,41700
2024-11-08,41.05,41050,-0.65(-1.56 %),2191200,90550000000,0,0,41800,41800,41000
2024-11-11,40.8,40800,-0.25(-0.61 %),1944400,79454000000,161000,6762000000,41050,41150,40650
2024-11-12,40.55,40550,-0.25(-0.61 %),2485900,101419000000,0,0,41000,41500,40500
2024-11-13,40.6,40600,0.05(0.12 %),2043200,83329000000,161000,6738000000,40850,41150,40500
2024-11-14,40.7,40700,0.1(0.25 %),1968300,80550000000,43500,1827000000,40650,41300,40600
2024-11-15,40.55,40550,-0.15(-0.37 %),2310300,94282000000,0,0,40650,41050,40550
2024-11-18,40.4,40400,-0.15(-0.37 %),1892700,76697000000,4973500,201941500000,40550,40850,40350
2024-11-19,40.35,40350,-0.05(-0.12 %),1858400,75179000000,0,0,40400,40700,40350
2024-11-20,40.35,40350,0(0.00 %),1840800,74417000000,5541100,228768235000,40200,40650,40150
2024-11-21,40.35,40350,0(0.00 %),1991900,80404000000,0,0,40350,40600,40300
2024-11-22,40.45,40450,0.1(0.25 %),1336300,54120000000,63500,2635250000,40350,40850,40300
2024-11-25,41.0,41000,0.55(1.36 %),1915300,78133000000,100000,4116000000,40450,41000,40450
2024-11-26,41.05,41050,0.05(0.12 %),1230800,50640000000,7332000,300620400000,41000,41300,41000
2024-11-27,40.75,40750,-0.3(-0.73 %),992200,40523000000,5081000,208629975000,41050,41050,40750
2024-11-28,40.7,40700,-0.05(-0.12 %),1116300,45633000000,120000,5016000000,41100,41200,40700
2024-11-29,40.5,40500,-0.2(-0.49 %),1965400,79774000000,66000,2697650000,40650,40750,40500
2024-12-02,40.35,40350,-0.15(-0.37 %),2064000,83537000000,100000,4000000000,40550,40950,40300
2024-12-03,40.4,40400,0.05(0.12 %),1873300,75651000000,86000,3473975000,40400,40600,40250
2024-12-04,40.0,40000,-0.4(-0.99 %),2491600,100035000000,2475000,99990000000,40400,40400,39800
2024-12-05,40.85,40850,0.85(2.12 %),3370100,137057000000,86000,3442125000,40800,41000,40300
2024-12-06,41.85,41850,1(2.45 %),5327100,222231000000,0,0,40850,42300,40750
2024-12-09,41.85,41850,0(0.00 %),3341600,141315000000,9252800,387242580000,42100,42850,41850
2024-12-10,41.2,41200,-0.65(-1.55 %),2352900,97741000000,1761000,73697850000,41850,41900,41200
2024-12-11,41.3,41300,0.1(0.24 %),2168100,89243000000,7151000,294621200000,41200,41400,40900
2024-12-12,40.9,40900,-0.4(-0.97 %),2147400,88392000000,0,0,41300,41350,40900
2024-12-13,40.8,40800,-0.1(-0.24 %),1952200,79524000000,231000,9867900000,40750,40900,40600
2024-12-16,40.7,40700,-0.1(-0.25 %),1159200,47214000000,3702000,151041600000,40800,40900,40600
2024-12-17,40.55,40550,-0.15(-0.37 %),1329900,54011000000,231000,9065000000,40700,40800,40550
2024-12-18,40.6,40600,0.05(0.12 %),850100,34553000000,7052900,285995095000,40550,40850,40550
2024-12-19,40.3,40300,-0.3(-0.74 %),2486800,100173000000,25000,1021250000,40300,40400,40100
2024-12-20,40.5,40500,0.2(0.50 %),1569200,63371000000,125000,5125000000,40300,40500,40250
2024-12-23,40.6,40600,0.1(0.25 %),999700,40639000000,25000,1021250000,40500,40850,40500
2024-12-24,40.6,40600,0(0.00 %),1333700,54010000000,6040800,245256480000,40500,40600,40350
2024-12-25,40.65,40650,0.05(0.12 %),1908100,77892000000,25000,1025000000,40600,41050,40550
2024-12-26,40.65,40650,0(0.00 %),877500,35767000000,100000,3897000000,40700,41000,40650
2024-12-27,40.55,40550,-0.1(-0.25 %),1497700,60926000000,0,0,40700,40900,40550
2024-12-30,40.55,40550,0(0.00 %),1415300,57284000000,0,0,40350,40600,40300
2024-12-31,40.55,40550,0(0.00 %),1784400,72212000000,86000,3526000000,40550,40600,40300
2025-01-02,40.55,40550,0(0.00 %),1340500,54201000000,0,0,40500,40550,40300
2025-01-03,40.5,40500,-0.05(-0.12 %),1729100,69729000000,186000,7865300000,40550,40550,40150
2025-01-06,40.5,40500,0(0.00 %),1625900,65698000000,7488400,303280200000,40400,40500,40300
2025-01-07,40.5,40500,0(0.00 %),1965000,79424000000,86000,3478400000,40300,40550,40200
2025-01-08,40.5,40500,0(0.00 %),925800,37445000000,100000,4330000000,40400,40550,40300
2025-01-09,40.75,40750,0.25(0.62 %),1187900,48316000000,86000,3500200000,40550,41000,40500
2025-01-10,40.5,40500,-0.25(-0.61 %),1104600,44883000000,0,0,40750,40900,40400
2025-01-13,40.3,40300,-0.2(-0.49 %),1680700,67475000000,3806000,154111500000,39700,40350,39700
2025-01-14,40.2,40200,-0.1(-0.25 %),2326300,93063000000,0,0,40200,40200,39800
2025-01-15,40.25,40250,0.05(0.12 %),874200,35156000000,5422400,218013580000,40300,40350,40000
2025-01-16,40.45,40450,0.2(0.50 %),1999800,80553000000,41011000,1658956150000,40300,40650,40100
2025-01-17,40.45,40450,0(0.00 %),1173800,47405000000,556000,22508200000,40500,40550,40250
2025-01-20,40.4,40400,-0.05(-0.12 %),646200,26082000000,24000,964800000,40300,40450,40250
2025-01-21,40.45,40450,0.05(0.12 %),1313500,53082000000,332239,13411717550,40550,40550,40300
2025-01-22,40.4,40400,-0.05(-0.12 %),1135200,45807000000,14105000,570469250000,40500,40500,40100
2025-01-23,40.4,40400,0(0.00 %),1420100,57473000000,179000,7211700000,40400,40650,40250
2025-01-24,40.4,40400,0(0.00 %),1387900,56017000000,24000,902400000,40250,40500,40200
2025-02-04,40.1,40100,0.05(0.12 %),1440900,57623000000,0,0,40050,40200,39850
2025-02-05,40.05,40050,-0.05(-0.12 %),1059300,42625000000,361400,14678396000,40200,40450,40050
2025-02-06,40.45,40450,0.4(1.00 %),1314600,52925000000,370000,14818500000,40350,40550,40050
2025-02-07,40.65,40650,0.2(0.49 %),1394900,56485000000,86000,3568800000,40500,40700,40250
2025-02-10,40.0,40000,-0.65(-1.60 %),1534300,61550000000,7795400,316883010000,40350,40350,40000
2025-02-11,39.95,39950,-0.05(-0.12 %),1436000,57371000000,86000,3551800000,40000,40100,39850
2025-02-12,39.9,39900,-0.05(-0.13 %),940900,37609000000,7643000,305337850000,39950,40100,39900
2025-02-13,40.25,40250,0.35(0.88 %),1052900,42179000000,86000,3522400000,39900,40300,39850
2025-02-14,40.25,40250,0(0.00 %),996500,40215000000,4076300,165090150000,40500,40500,40200
2025-02-17,40.1,40100,-0.15(-0.37 %),851700,34218000000,5056000,203516900000,40250,40400,40050
2025-02-18,40.2,40200,0.1(0.25 %),1200000,48180000000,6249000,250021650000,40100,40450,39900
2025-02-19,40.4,40400,0.2(0.50 %),1574300,63396000000,16426000,665768000000,40200,40500,40050
2025-02-20,40.95,40950,0.55(1.36 %),2936300,120209000000,0,0,40450,41250,40400
2025-02-21,40.65,40650,-0.3(-0.73 %),1332100,54382000000,1306000,53459200000,40950,40950,40650
2025-02-24,40.6,40600,-0.05(-0.12 %),1540100,62347000000,2586000,105120900000,40350,40650,40350
2025-02-25,40.7,40700,0.1(0.25 %),1793300,73359000000,86000,3429400000,40700,41150,40650
2025-02-26,41.0,41000,0.3(0.74 %),1364900,55926000000,0,0,41000,41100,40800
2025-02-27,41.05,41050,0.05(0.12 %),1441600,59025000000,86000,3280900000,41200,41200,40750
2025-02-28,41.2,41200,0.15(0.37 %),2771000,114088000000,0,0,41050,41600,40700
2025-03-03,42.05,42050,0.85(2.06 %),2857500,119851000000,86000,3698000000,41300,42400,41200
2025-03-04,41.95,41950,-0.1(-0.24 %),3056500,128803000000,0,0,42450,42500,41800
2025-03-05,42.25,42250,0.3(0.72 %),2907700,123193000000,4902000,205611300000,42050,42500,42000
2025-03-06,42.35,42350,0.1(0.24 %),2628200,111514000000,134000,5681600000,42300,42550,42050
2025-03-07,45.3,45300,2.95(6.97 %),11502700,511407000000,106000,4444400000,42300,45300,42250
2025-03-10,47.3,47300,2(4.42 %),9904400,465378000000,2591600,117399480000,45900,47900,45800
2025-03-11,47.3,47300,0(0.00 %),5692400,267669000000,18391600,869638880000,46900,47300,46500
2025-03-12,48.1,48100,0.8(1.69 %),7003400,336186000000,0,0,47350,48250,47350
2025-03-13,51.4,51400,3.3(6.86 %),16415000,833847000000,86000,4207900000,48300,51400,47500
2025-03-14,52.2,52200,0.8(1.56 %),8422600,440874000000,0,0,51800,52800,51400
2025-03-17,52.1,52100,-0.1(-0.19 %),6497300,337134000000,134000,7035000000,52500,52700,50800
2025-03-18,51.3,51300,-0.8(-1.54 %),6017000,312069000000,1923099,100193378700,52100,52700,51100
2025-03-19,51.9,51900,0.6(1.17 %),10342000,526807000000,134000,7035000000,50800,52500,49200
2025-03-20,51.5,51500,-0.4(-0.77 %),6629100,343811000000,0,0,52000,53200,50700
2025-03-21,53.0,53000,1.5(2.91 %),7486300,392731000000,134000,7035000000,51600,53000,51000
2025-03-24,56.7,56700,3.7(6.98 %),11901000,668809000000,1928000,102184000000,53000,56700,52700
2025-03-25,56.9,56900,0.2(0.35 %),7932000,461155000000,30093550,1768274329500,57700,59200,56600
2025-03-26,57.0,57000,0.1(0.18 %),6487700,368047000000,2110000,120059000000,57800,58000,55700
2025-03-27,57.1,57100,0.1(0.18 %),4569200,261466000000,26147550,1542705450000,57500,58700,56600
2025-03-28,58.0,58000,0.9(1.58 %),5542600,320051000000,0,0,57000,58300,56900
2025-03-31,58.0,58000,0(0.00 %),6654000,385240000000,18503060,1073965255400,57800,58500,57300
2025-04-01,59.7,59700,1.7(2.93 %),7757400,462294000000,0,0,58700,60800,58200
2025-04-02,60.4,60400,0.7(1.17 %),7316000,439975000000,8753060,507677480000,60500,61200,59500
2025-04-03,56.2,56200,-4.2(-6.95 %),19210900,1092891000000,25000,1405000000,58200,59800,56200
2025-04-04,58.3,58300,2.1(3.74 %),14551100,826021000000,0,0,54200,59500,53400
2025-04-08,55.1,55100,-3.2(-5.49 %),11574700,649833000000,5295000,308697700000,58000,58000,54300
2025-04-09,57.0,57000,1.9(3.45 %),13002500,741569000000,0,0,52100,58400,52100
2025-04-10,60.9,60900,3.9(6.84 %),3803200,231614000000,31500,1918350000,60900,60900,60900
2025-04-11,65.1,65100,4.2(6.90 %),13360300,849472000000,33000,2046000000,59700,65100,59700
2025-04-14,69.6,69600,4.5(6.91 %),8825200,603562000000,3401900,222408240000,66500,69600,66000
2025-04-15,70.5,70500,0.9(1.29 %),12266200,893301000000,3278500,228622510000,70400,74400,70000
2025-04-16,67.9,67900,-2.6(-3.69 %),7547800,528663000000,6473900,456259138000,70600,72000,67400
2025-04-17,71.0,71000,3.1(4.57 %),8063200,557079000000,46917659,3307694959500,67700,71000,67200
2025-04-18,66.1,66100,-4.9(-6.90 %),10565700,715662000000,0,0,71800,71800,66100
2025-04-21,61.5,61500,-4.6(-6.96 %),15468900,977432000000,0,0,64100,67400,61500
2025-04-22,59.0,59000,-2.5(-4.07 %),12818600,774130000000,4860000,298890000000,62000,62700,58000
2025-04-23,58.6,58600,-0.4(-0.68 %),18984200,1123408000000,0,0,60000,60300,58300
2025-04-24,62.7,62700,4.1(7.00 %),8730000,531021000000,0,0,58900,62700,58600
2025-04-25,67.0,67000,4.3(6.86 %),14779000,975451000000,20000,1238000000,64400,67000,64000
2025-04-28,68.0,68000,1(1.49 %),7023300,475331000000,0,0,67800,69000,66700
2025-04-29,68.0,68000,0(0.00 %),13384800,893103000000,2645100,176862332000,67000,68000,63800
2025-05-05,70.0,70000,2(2.94 %),4406800,309422200000,0,0,68900,72400,68000
2025-05-06,70.5,70500,0.5(0.71 %),5708100,403114650000,0,0,70600,71800,69400
2025-05-07,73.4,73400,2.9(4.11 %),7611900,552195110000,8155000,574927500000,70600,74000,70400
2025-05-08,78.5,78500,5.1(6.95 %),7176700,553038500000,50000,3672500000,74800,78500,74200
2025-05-09,76.5,76500,-2(-2.55 %),7034400,548690180000,0,0,80100,80900,75500
2025-05-12,79.4,79400,2.9(3.79 %),5880900,461521700000,2082000,159273000000,78400,80200,77000
2025-05-13,79.6,79600,0.2(0.25 %),9649000,757662520000,1818000,144349200000,80500,80500,76700
2025-05-14,79.8,79800,0.2(0.25 %),6639600,534763020000,0,0,79100,82500,78400
2025-05-15,79.8,79800,0(0.00 %),8928700,704526910000,0,0,79000,79900,77200
2025-05-16,80.0,80000,0.2(0.25 %),4658600,372526600000,0,0,78700,80900,78700
2025-05-19,85.6,85600,5.6(7.00 %),9153200,774776430000,0,0,80100,85600,80000
2025-05-20,91.5,91500,5.9(6.89 %),3889300,353499620000,0,0,88500,91500,88500
2025-05-21,93.5,93500,2(2.19 %),7274400,679953610000,0,0,97900,97900,89900
2025-05-22,92.5,92500,-1(-1.07 %),6559400,625434110000,0,0,93000,98500,91800
2025-05-23,93.0,93000,0.5(0.54 %),4202800,392915830000,0,0,92000,96300,91800
2025-05-26,94.5,94500,1.5(1.61 %),4813300,442757780000,0,0,93200,95300,87000
2025-05-27,94.5,94500,0(0.00 %),6808300,632156550000,0,0,94700,95000,91500
2025-05-28,97.0,97000,2.5(2.65 %),6149000,593946470000,258600,24437700000,93000,98300,93000
2025-05-29,97.0,97000,0(0.00 %),4732400,459423980000,45000,4365000000,97200,99000,96100
2025-05-30,98.4,98400,1.4(1.44 %),3270500,320796300000,0,0,97100,99000,96300
2025-06-02,98.0,98000,-0.4(-0.41 %),6436100,623812520000,45000,4365000000,98700,99800,94200
2025-06-03,98.1,98100,0.1(0.10 %),4412900,434629780000,0,0,97500,99500,95000
2025-06-04,98.1,98100,0(0.00 %),3333300,325529310000,100000,9600000000,98000,98500,96400
2025-06-05,98.0,98000,-0.1(-0.10 %),3350000,326190260000,0,0,97900,98100,96300
2025-06-06,97.0,97000,-1(-1.02 %),2930200,285177760000,100000,9810000000,96600,98500,96400
2025-06-09,90.3,90300,-6.7(-6.91 %),3775300,354276370000,0,0,96900,96900,90300
2025-06-10,90.6,90600,0.3(0.33 %),6840100,614557260000,0,0,86000,92900,86000
2025-06-11,90.2,90200,-0.4(-0.44 %),1438900,131118490000,0,0,92600,92600,90000
2025-06-12,86.8,86800,-3.4(-3.77 %),4156300,366513310000,0,0,91400,91600,84700
2025-06-13,85.5,85500,-1.3(-1.50 %),4992800,417531220000,0,0,85700,86000,81600
2025-06-16,85.4,85400,-0.1(-0.12 %),2514600,211693320000,100000,8540000000,84000,85600,82600
2025-06-17,87.7,87700,2.3(2.69 %),3384000,296646310000,100000,8540000000,85400,90800,84300
2025-06-18,88.0,88000,0.3(0.34 %),1429200,125536100000,110900,9719719600,87700,89000,86900
2025-06-19,89.4,89400,1.4(1.59 %),3247900,289065830000,100000,8901300000,88000,90600,87600
2025-06-20,86.8,86800,-2.6(-2.91 %),13615300,1184075250000,50000,4340000000,89400,89400,86700
2025-06-23,92.8,92800,6(6.91 %),3871300,349520320000,807400,66785660000,86100,92800,85100
2025-06-24,95.8,95800,3(3.23 %),3974800,382284940000,150000,14370000000,94900,98000,93700
2025-06-25,95.8,95800,0(0.00 %),2655500,254261540000,100000,9580000000,96000,96600,94500
2025-06-26,95.0,95000,-0.8(-0.84 %),1611200,154103170000,1300000,124790000000,95000,97000,95000
2025-06-27,95.5,95500,0.5(0.53 %),3029000,285652490000,0,0,95000,96100,92400
2025-06-30,95.6,95600,0.1(0.10 %),1265200,120931750000,0,0,95500,96300,95100
2025-07-01,95.6,95600,0(0.00 %),2334000,221825420000,0,0,95700,96500,93500
2025-07-02,95.4,95400,-0.2(-0.21 %),1090300,103484430000,0,0,94300,95500,94300
2025-07-03,94.5,94500,-0.9(-0.94 %),1890400,178967550000,0,0,94600,95200,93900
2025-07-04,91.9,91900,-2.6(-2.75 %),3983100,366904210000,0,0,94400,94400,91500
2025-07-07,93.0,93000,1.1(1.20 %),2009500,186293600000,0,0,91900,94200,91000
2025-07-08,93.3,93300,0.3(0.32 %),1420800,132807150000,0,0,93000,95000,92900
2025-07-09,95.0,95000,1.7(1.82 %),3286600,308520680000,0,0,93000,95000,93000
2025-07-10,101.6,101600,6.6(6.95 %),7069900,708082890000,0,0,96000,101600,96000
2025-07-11,108.0,108000,6.4(6.30 %),4793600,512720130000,0,0,104500,108100,103900
2025-07-14,113.0,113000,5(4.63 %),5532400,630911680000,0,0,115000,115500,111000
2025-07-15,111.6,111600,-1.4(-1.24 %),3248800,365325420000,0,0,114000,114000,111000
2025-07-16,117.4,117400,5.8(5.20 %),3302900,374481000000,0,0,111000,118200,110100
2025-07-17,122.0,122000,4.6(3.92 %),6597500,805740950000,0,0,118100,123300,118100
2025-07-18,119.0,119000,-3(-2.46 %),6065800,729241990000,0,0,124700,124700,117500
2025-07-21,112.0,112000,-7(-5.88 %),4306600,506513530000,0,0,120500,122500,110700
2025-07-22,117.5,117500,5.5(4.91 %),3938700,450392650000,0,0,112200,117500,112200
2025-07-23,115.0,115000,-2.5(-2.13 %),2804200,325702800000,0,0,119500,119500,115000
2025-07-24,116.0,116000,1(0.87 %),6030600,681174720000,0,0,115200,117000,109700
2025-07-25,114.1,114100,-1.9(-1.64 %),3383900,389779360000,0,0,113200,118000,113100
2025-07-28,115.6,115600,1.5(1.31 %),3265900,377721860000,0,0,115000,118000,114100
2025-07-29,113.2,113200,-2.4(-2.08 %),4560800,524722100000,0,0,115000,117200,113000
2025-07-30,109.5,109500,-3.7(-3.27 %),4353100,483367710000,0,0,113200,114000,108100
2025-07-31,105.5,105500,-4(-3.65 %),5664700,605014720000,0,0,108700,109500,105000
2025-08-01,104.0,104000,-1.5(-1.42 %),3947500,418963150000,0,0,106000,109800,104000
2025-08-04,111.2,111200,7.2(6.92 %),3877600,428546930000,0,0,106200,111200,105000
2025-08-05,117.5,117500,6.3(5.67 %),8377700,986588150000,106400,11107350000,117600,118900,114600
2025-08-06,118.5,118500,1(0.85 %),4212200,495730610000,579999,68149882500,117500,120000,115000
2025-08-07,115.0,115000,-3.5(-2.95 %),4140100,487581460000,0,0,118500,122000,115000
2025-08-08,117.0,117000,2(1.74 %),3217500,372952890000,0,0,114900,117600,113200
2025-08-11,115.5,115500,-1.5(-1.28 %),3280300,382293130000,0,0,117000,118900,115000
2025-08-12,115.5,115500,0(0.00 %),2958100,341321560000,0,0,115500,116800,114500
2025-08-13,116.0,116000,0.5(0.43 %),4109600,472292720000,0,0,115000,116500,114000
2025-08-15,118.2,118200,0(0.00 %),5258600,639127400000,0,0,119200,124100,117900
2025-08-18,118.2,118200,0(0.00 %),3592000,421664100000,0,0,118200,118500,116000
2025-08-19,118.2,118200,0(0.00 %),5290800,626627040000,0,0,118200,121100,116500
2025-08-20,124.2,124200,6(5.08 %),7458200,909570070000,0,0,118600,126000,117900
2025-08-21,125.0,125000,0.8(0.64 %),4069100,508068380000,60000,7376000000,122200,126800,122000
2025-08-22,124.1,124100,-0.9(-0.72 %),5032500,623049100000,0,0,122000,127500,122000
2025-08-25,131.0,131000,6.9(5.56 %),3813100,495180800000,40000,5250340000,124000,132600,123500
2025-08-26,135.5,135500,4.5(3.44 %),2595000,351142770000,0,0,131000,139900,129000
2025-08-27,132.0,132000,-3.5(-2.58 %),2351500,313079640000,40000,5517100000,133200,135600,132000
2025-08-28,130.1,130100,-1.9(-1.44 %),2178800,286905710000,20000,2824000000,132200,134000,130000
2025-08-29,128.3,128300,-1.8(-1.38 %),2470800,319782830000,20000,2654000000,131100,132500,128100
2025-09-03,125.0,125000,-3.3(-2.57 %),2287100,287269720000,20000,2711920000,127100,128200,124500
2025-09-04,125.0,125000,0(0.00 %),1988700,247662560000,0,0,125000,126000,123000
2025-09-05,125.0,125000,0(0.00 %),2141000,272695850000,0,0,125200,129800,125000
2025-09-08,125.0,125000,0(0.00 %),2203500,277343560000,0,0,125100,128000,125000
2025-09-09,129.2,129200,4.2(3.36 %),2659700,340608930000,0,0,125000,129600,124100
2025-09-10,130.9,130900,1.7(1.32 %),1985100,256600860000,4788178,622463140000,129200,131000,127000
2025-09-11,136.0,136000,5.1(3.90 %),3017000,400897970000,0,0,130000,137500,129100
2025-09-12,137.8,137800,1.8(1.32 %),1964200,268529800000,4788178,621467198976,136000,138100,134100
2025-09-15,137.8,137800,0(0.00 %),2142000,291968650000,814000,109890000000,137700,137800,134800
2025-09-16,135.0,135000,-2.8(-2.03 %),2920100,395134410000,503200,67932000000,137800,137800,133900
2025-09-17,143.1,143100,8.1(6.00 %),3984900,555971580000,814000,109714176000,133500,143900,133400
2025-09-18,145.0,145000,1.9(1.33 %),4389200,634458120000,3196800,430877491200,143500,149900,141500
2025-09-19,153.2,153200,8.2(5.66 %),5615300,831601930000,0,0,145000,153200,143000
2025-09-22,148.8,148800,-4.4(-2.87 %),5112200,759366990000,0,0,149700,154200,143900
2025-09-23,149.2,149200,0.4(0.27 %),1426200,211781640000,0,0,148000,150100,145600
2025-09-24,149.0,149000,-0.2(-0.13 %),1753900,260309660000,1904800,282980897600,149000,152000,145600
2025-09-25,158.0,158000,9(6.04 %),2820700,433635700000,0,0,149000,158000,146900
2025-09-26,164.0,164000,6(3.80 %),2709300,435529350000,0,0,158000,164900,156000
2025-09-29,172.8,172800,8.8(5.37 %),2445600,416462900000,0,0,162300,174800,161000
2025-09-30,174.9,174900,2.1(1.22 %),4674600,830067550000,0,0,173500,183000,173500
2025-10-01,170.0,170000,-4.9(-2.80 %),2643100,450984830000,0,0,174900,175000,167800
2025-10-02,171.0,171000,1(0.59 %),2381100,412874170000,0,0,168800,175700,168800
2025-10-03,176.5,176500,5.5(3.22 %),4892400,863941390000,0,0,172000,179300,171100
2025-10-06,179.7,179700,3.2(1.81 %),2398200,430225490000,0,0,186800,186800,176500
2025-10-07,180.0,180000,0.3(0.17 %),2368100,426509100000,0,0,181100,182000,178000
2025-10-08,178.1,178100,-1.9(-1.06 %),3256600,583370950000,0,0,179000,180900,175200
2025-10-09,179.5,179500,1.4(0.79 %),4131300,740515990000,0,0,177000,181600,176300
2025-10-10,192.0,166900,-179.5(-100.00 %),4294700,192000,0,0,178500,192000,166900
