Date,GiaDieuChinh,Close,ThayDoi,Volume,GiaTriKhopLenh,KLThoaThuan,GtThoaThuan,Open,High,Low
2008-01-10,1.69,118000,-6(-4.84 %),63590,7631000000,100000,11800000000,121000,124000,118000
2008-01-11,1.72,120000,2(1.69 %),60040,7209000000,0,0,118000,123000,118000
2008-01-14,1.65,115000,-5(-4.17 %),28870,3366000000,0,0,118000,123000,115000
2008-01-15,1.58,110000,-5(-4.35 %),8710,966000000,0,0,112000,112000,110000
2008-01-16,1.65,115000,5(4.55 %),24170,2726000000,0,0,110000,115000,110000
2008-01-17,1.62,113000,-2(-1.74 %),27040,3067000000,0,0,115000,116000,111000
2008-01-18,1.65,115000,2(1.77 %),18510,2113000000,0,0,114000,115000,113000
2008-01-21,1.58,110000,-5(-4.35 %),27850,3091000000,0,0,115000,115000,110000
2008-01-22,1.51,105000,-5(-4.55 %),30590,3232000000,0,0,106000,112000,105000
2008-01-23,1.43,100000,-5(-4.76 %),23670,2373000000,0,0,101000,101000,100000
2008-01-24,1.37,95500,-4.5(-4.50 %),41820,4161000000,0,0,100000,102000,95500
2008-01-25,1.39,97000,1.5(1.57 %),23710,2301000000,0,0,97000,99000,96000
2008-01-28,1.45,101000,4(4.12 %),42340,4276000000,0,0,101000,101000,100000
2008-01-29,1.52,106000,5(4.95 %),1170,124000000,0,0,106000,106000,106000
2008-01-30,1.59,111000,5(4.72 %),260,29000000,0,0,111000,111000,111000
2008-01-31,1.66,116000,5(4.50 %),22480,2608000000,0,0,116000,116000,116000
2008-02-01,1.73,121000,5(4.31 %),15470,1872000000,0,0,121000,121000,121000
2008-02-12,1.82,127000,6(4.96 %),8490,1078000000,0,0,127000,127000,127000
2008-02-13,1.81,126000,-1(-0.79 %),146090,18676000000,0,0,131000,131000,121000
2008-02-14,1.89,132000,6(4.76 %),76170,10026000000,0,0,131000,132000,131000
2008-02-15,1.98,138000,6(4.55 %),81380,10901000000,0,0,130000,138000,130000
2008-02-18,1.89,132000,-6(-4.35 %),22300,2944000000,0,0,132000,132000,132000
2008-02-19,1.82,127000,-5(-3.79 %),72820,9218000000,0,0,126000,130000,126000
2008-02-20,1.73,121000,-6(-4.72 %),53480,6517000000,0,0,127000,127000,121000
2008-02-21,1.65,115000,-6(-4.96 %),30660,3526000000,0,0,115000,115000,115000
2008-02-22,1.58,110000,-5(-4.35 %),62780,6906000000,0,0,110000,110000,110000
2008-02-25,1.65,115000,5(4.55 %),48970,5619000000,0,0,114000,115000,114000
2008-02-26,1.58,110000,-5(-4.35 %),40020,4402000000,0,0,110000,110000,110000
2008-02-27,1.51,105000,-5(-4.55 %),63030,6661000000,0,0,105000,112000,105000
2008-02-28,1.48,103000,-2(-1.90 %),40500,4199000000,0,0,106000,106000,101000
2008-02-29,1.43,100000,-3(-2.91 %),40020,4046000000,0,0,103000,103000,100000
2008-03-03,1.36,95000,-5(-5.00 %),45940,4402300000,0,0,98000,98000,95000
2008-03-04,1.3,90500,-4.5(-4.74 %),7560,684180000,0,0,90500,90500,90500
2008-03-05,1.23,86000,-4.5(-4.97 %),8730,750780000,0,0,86000,86000,86000
2008-03-06,1.29,90000,4(4.65 %),12550,1129500000,0,0,90000,90000,90000
2008-03-07,1.35,94500,4.5(5.00 %),103810,9810045000,0,0,94500,94500,94500
2008-03-10,1.38,96000,1.5(1.59 %),79070,7771230000,0,0,99000,99000,95000
2008-03-11,1.31,91500,-4.5(-4.69 %),65280,6024795000,0,0,91500,97500,91500
2008-03-12,1.35,94000,2.5(2.73 %),34470,3233435000,0,0,94000,95000,91500
2008-03-13,1.36,95000,1(1.06 %),24120,2296020000,0,0,96000,96000,94000
2008-03-14,1.3,91000,-4(-4.21 %),65610,6040520000,0,0,92500,94000,91000
2008-03-17,1.24,86500,-4.5(-4.95 %),44800,3876900000,0,0,86500,87000,86500
2008-03-18,1.18,82500,-4(-4.62 %),16800,1386000000,0,0,82500,82500,82500
2008-03-19,1.13,78500,-4(-4.85 %),72570,5743300000,0,0,79000,82000,78500
2008-03-20,1.08,75000,-3.5(-4.46 %),111310,8428855000,0,0,76000,78000,75000
2008-03-21,1.04,72500,-2.5(-3.33 %),78880,5699470000,0,0,72000,73500,72000
2008-03-24,0.99,69000,-3.5(-4.83 %),93240,6433560000,0,0,69000,69000,69000
2008-03-25,0.95,66000,-3(-4.35 %),89070,5878620000,0,0,66000,66000,66000
2008-03-26,0.99,69000,3(4.55 %),59990,4121290000,0,0,69000,69000,65500
2008-03-27,1.0,69500,0.5(0.72 %),15130,1051535000,0,0,69500,69500,69500
2008-03-28,1.0,70000,0.5(0.72 %),120,8345000,0,0,69500,70000,69500
2008-03-31,1.01,70500,0.5(0.71 %),2020,142410000,0,0,70500,70500,70500
2008-04-01,1.02,71000,0.5(0.71 %),10020,711420000,0,0,71000,71000,71000
2008-04-02,1.02,71500,0.5(0.70 %),5320,380380000,0,0,71500,71500,71500
2008-04-03,1.03,72000,0.5(0.70 %),5010,360720000,0,0,72000,72000,72000
2008-04-04,1.04,72500,0.5(0.69 %),10,725000,0,0,72500,72500,72500
2008-04-07,1.05,73500,1(1.38 %),5000,367500000,0,0,73500,73500,73500
2008-04-08,1.05,73500,0(0.00 %),117780,8612990000,0,0,74500,74500,72500
2008-04-09,1.04,72500,-1(-1.36 %),32590,2376825000,0,0,73500,73500,72500
2008-04-10,1.02,71500,-1(-1.38 %),5450,389675000,0,0,71500,71500,71500
2008-04-11,1.01,70500,-1(-1.40 %),8070,568935000,0,0,70500,70500,70500
2008-04-16,1.0,69500,-1(-1.42 %),3220,223790000,0,0,69500,69500,69500
2008-04-17,1.01,70500,1(1.44 %),62840,4333605000,0,0,68500,70500,68500
2008-04-18,1.0,69500,-1(-1.42 %),20260,1408170000,0,0,69500,70500,69500
2008-04-21,0.98,68500,-1(-1.44 %),7360,504160000,0,0,68500,68500,68500
2008-04-22,0.97,67500,-1(-1.46 %),3050,205875000,0,0,67500,67500,67500
2008-04-23,0.95,66500,-1(-1.48 %),200,13300000,0,0,66500,66500,66500
2008-04-24,0.94,65500,-1(-1.50 %),39480,2586545000,0,0,65500,66000,65500
2008-04-25,0.93,65000,-0.5(-0.76 %),27990,1829480000,0,0,65000,66500,64500
2008-04-28,0.94,65500,0.5(0.77 %),32860,2136960000,0,0,64000,66000,64000
2008-04-29,0.94,65500,0(0.00 %),21190,1398435000,0,0,66500,66500,64500
2008-05-05,0.92,64500,-1(-1.53 %),12000,778875000,0,0,65000,65500,64500
2008-05-06,0.91,63500,-1(-1.55 %),3200,203200000,0,0,63500,63500,63500
2008-05-07,0.9,62500,-1(-1.57 %),60,3750000,0,0,62500,62500,62500
2008-05-08,0.88,61500,-1(-1.60 %),10,615000,0,0,61500,61500,61500
2008-05-09,0.87,60500,-1(-1.63 %),20,1210000,0,0,60500,60500,60500
2008-05-12,0.85,59500,-1(-1.65 %),500,29750000,0,0,59500,59500,59500
2008-05-13,0.84,58500,-1(-1.68 %),10,585000,0,0,58500,58500,58500
2008-05-14,0.82,57500,-1(-1.71 %),500,29150000,0,0,58500,58500,57500
2008-05-15,0.81,56500,-1(-1.74 %),10,565000,0,0,57500,57500,56500
2008-05-16,0.8,55500,-1(-1.77 %),5190,288045000,0,0,55500,55500,55500
2008-05-19,0.78,54500,-1(-1.80 %),710,39195000,0,0,55500,55500,54500
2008-05-20,0.77,53500,-1(-1.83 %),10,535000,0,0,53500,53500,53500
2008-05-21,0.75,52500,-1(-1.87 %),10,525000,0,0,53500,53500,52500
2008-05-22,0.75,52000,-0.5(-0.95 %),2000,104000000,0,0,52000,52000,52000
2008-05-23,0.73,51000,-1(-1.92 %),1050,53550000,0,0,51000,51000,51000
2008-05-26,0.72,50000,-1(-1.96 %),520,26000000,0,0,50000,50000,50000
2008-05-27,0.72,50000,0(0.00 %),0,0,0,0,50000,50000,50000
2008-05-28,0.72,50000,0(0.00 %),0,0,0,0,50000,50000,50000
2008-05-29,0.72,50000,0(0.00 %),0,0,0,0,50000,50000,50000
2008-05-30,0.7,49000,-1(-2.00 %),910,44590000,0,0,49000,49000,49000
2008-06-02,0.69,48100,-0.9(-1.84 %),30,1443000,0,0,48100,48100,48100
2008-06-03,0.68,47200,-0.9(-1.87 %),5010,236472000,0,0,47200,47200,47200
2008-06-04,0.66,46300,-0.9(-1.91 %),6170,285671000,0,0,46300,46300,46300
2008-06-05,0.65,43050,-0.7(-1.81 %),7020,266058000,0,0,43050,43050,43050
2008-06-06,0.64,37200,-0.7(-1.85 %),8400,312480000,0,0,37200,37200,37200
2008-06-09,0.63,36500,-0.7(-1.88 %),2010,73365000,0,0,36500,36500,36500
2008-06-10,0.62,35800,-0.7(-1.92 %),10,358000,0,0,36500,36500,35800
2008-06-11,0.63,36500,0.7(1.96 %),43200,1547352000,0,0,35100,36500,35100
2008-06-12,0.64,37200,0.7(1.92 %),22490,836628000,0,0,37200,37200,37200
2008-06-13,0.65,37900,0.7(1.88 %),4040,153116000,0,0,37900,37900,37900
2008-06-16,0.66,38600,0.7(1.85 %),3760,145136000,0,0,38600,38600,38600
2008-06-17,0.68,39300,0.7(1.81 %),200,7860000,0,0,39300,39300,39300
2008-06-18,0.66,38600,-0.7(-1.78 %),46570,1854022000,0,0,40000,40000,38600
2008-06-19,0.65,37500,-1.1(-2.85 %),3510,132625000,0,0,38000,38000,37500
2008-06-20,0.63,36500,-1(-2.67 %),20310,739877000,0,0,36400,36500,36400
2008-06-23,0.65,37500,1(2.74 %),32640,1215000000,0,0,36000,37500,36000
2008-06-24,0.66,38600,1.1(2.93 %),810,31266000,0,0,38600,38600,38600
2008-06-25,0.68,39700,1.1(2.85 %),6540,259638000,0,0,39700,39700,39700
2008-06-26,0.68,39700,0(0.00 %),86110,3479065000,0,0,40800,40800,39700
2008-06-27,0.7,40800,1.1(2.77 %),50200,1992901000,0,0,38800,40800,38600
2008-06-30,0.72,42000,1.2(2.94 %),14330,596775000,0,0,42000,42000,39700
2008-07-01,0.74,43200,1.2(2.86 %),9200,397440000,0,0,43200,43200,43200
2008-07-02,0.76,44400,1.2(2.78 %),65660,2911459000,0,0,44400,44400,43700
2008-07-03,0.79,45700,1.3(2.93 %),9100,415870000,0,0,45700,45700,45700
2008-07-04,0.81,47000,1.3(2.84 %),9420,442740000,0,0,47000,47000,47000
2008-07-07,0.8,46600,-0.4(-0.85 %),98190,4729739000,0,0,48400,48400,46200
2008-07-08,0.82,47900,1.3(2.79 %),100440,4710696000,0,0,46600,47900,45500
2008-07-09,0.85,49300,1.4(2.92 %),20,986000,0,0,49300,49300,49300
2008-07-10,0.87,50500,1.2(2.43 %),3250,164125000,0,0,50500,50500,50500
2008-07-11,0.89,52000,1.5(2.97 %),750,39000000,0,0,52000,52000,52000
2008-07-14,0.92,53500,1.5(2.88 %),24450,1308075000,0,0,53500,53500,53500
2008-07-15,0.95,55000,1.5(2.80 %),12300,676500000,0,0,55000,55000,55000
2008-07-16,0.97,56500,1.5(2.73 %),50970,2879805000,0,0,56500,56500,56500
2008-07-17,1.0,58000,1.5(2.65 %),8760,508080000,0,0,58000,58000,58000
2008-07-18,1.02,59500,1.5(2.59 %),127430,7359315000,0,0,56500,59500,56500
2008-07-21,1.0,58000,-1.5(-2.52 %),35330,2049140000,0,0,58000,58000,58000
2008-07-22,0.97,56500,-1.5(-2.59 %),22300,1259950000,0,0,56500,56500,56500
2008-07-23,0.95,55000,-1.5(-2.65 %),7920,435600000,0,0,55000,55000,55000
2008-07-24,0.92,53500,-1.5(-2.73 %),215060,11751380000,0,0,54000,56500,53500
2008-07-25,0.95,55000,1.5(2.80 %),131290,7182690000,0,0,55000,55000,53500
2008-07-28,0.97,56500,1.5(2.73 %),8310,469515000,0,0,56500,56500,56500
2008-07-29,1.0,58000,1.5(2.65 %),700,40600000,0,0,58000,58000,58000
2008-07-30,1.02,59500,1.5(2.59 %),118720,7048945000,0,0,59500,59500,58000
2008-07-31,1.05,61000,1.5(2.52 %),118550,7216880000,0,0,61000,61000,60000
2008-08-01,1.08,62500,1.5(2.46 %),35200,2200000000,0,0,62500,62500,62500
2008-08-04,1.08,62500,0(0.00 %),147500,9358080000,0,0,64000,64000,61000
2008-08-05,1.05,61000,-1.5(-2.40 %),142880,8716190000,0,0,61000,61500,61000
2008-08-06,1.08,60500,1.5(2.54 %),49500,2994750000,0,0,60500,60500,60500
2008-08-07,1.09,61500,1(1.65 %),57390,3555055000,0,0,62000,62000,61500
2008-08-08,1.12,63000,1.5(2.44 %),84620,5324585000,0,0,63000,63000,62000
2008-08-11,1.15,64500,1.5(2.38 %),10750,693375000,0,0,64500,64500,64500
2008-08-12,1.17,66000,1.5(2.33 %),45580,3008280000,0,0,66000,66000,66000
2008-08-13,1.2,67500,1.5(2.27 %),55460,3742760000,0,0,67500,67500,67000
2008-08-14,1.24,69500,2(2.96 %),81970,5696915000,0,0,69500,69500,69500
2008-08-15,1.27,71500,2(2.88 %),6600,471900000,0,0,71500,71500,71500
2008-08-18,1.33,75000,3.5(4.90 %),12340,925500000,0,0,75000,75000,75000
2008-08-19,1.4,78500,3.5(4.67 %),96220,7553270000,0,0,78500,78500,78500
2008-08-20,1.46,82000,3.5(4.46 %),92050,7548100000,0,0,82000,82000,82000
2008-08-21,1.53,86000,4(4.88 %),82390,7052830000,0,0,85000,86000,84000
2008-08-22,1.57,88000,2(2.33 %),102520,9191305000,0,0,90000,90000,88000
2008-08-25,1.64,92000,4(4.55 %),115780,10644930000,146040,13435680000,92000,92000,90000
2008-08-26,1.57,88500,-3.5(-3.80 %),53040,4971695000,0,0,96500,96500,88500
2008-08-27,1.57,88500,0(0.00 %),129940,11653080000,0,0,86500,92500,86500
2008-08-28,1.5,84500,-4(-4.52 %),98290,8332155000,0,0,85000,85500,84500
2008-08-29,1.5,84500,0(0.00 %),73620,6046930000,0,0,80500,84500,80500
2008-09-03,1.57,88500,4(4.73 %),35910,3171225000,0,0,88500,88500,88000
2008-09-04,1.57,88000,-0.5(-0.56 %),21030,1865610000,0,0,90000,90000,84500
2008-09-05,1.49,84000,-4(-4.55 %),19540,1641410000,0,0,84000,84500,84000
2008-09-08,1.42,80000,-4(-4.76 %),65590,5248300000,0,0,80000,81000,80000
2008-09-09,1.49,83500,3.5(4.38 %),55740,4440525000,26400,2204400000,76000,83500,76000
2008-09-10,1.41,79500,-4(-4.79 %),33780,2725705000,0,0,83000,84000,79500
2008-09-11,1.35,76000,-3.5(-4.40 %),13760,1045760000,0,0,76000,76000,76000
2008-09-12,1.29,72500,-3.5(-4.61 %),16480,1194800000,0,0,72500,72500,72500
2008-09-15,1.23,69000,-3.5(-4.83 %),68060,4907030000,0,0,69000,76000,69000
2008-09-16,1.17,66000,-3(-4.35 %),105720,7012860000,0,0,69000,69000,66000
2008-09-17,1.12,63000,-3(-4.55 %),46120,2909200000,0,0,63000,65000,63000
2008-09-18,1.07,60000,-3(-4.76 %),65320,3919240000,0,0,60000,63000,60000
2008-09-19,1.12,63000,3(5.00 %),5020,304260000,0,0,60000,63000,60000
2008-09-22,1.17,66000,3(4.76 %),210,13860000,0,0,66000,66000,66000
2008-09-23,1.23,69000,3(4.55 %),81780,5642820000,0,0,69000,69000,69000
2008-09-24,1.25,70000,1(1.45 %),43240,3074800000,0,0,70000,72000,70000
2008-09-25,1.31,73500,3.5(5.00 %),36990,2682815000,0,0,71000,73500,71000
2008-09-26,1.37,77000,3.5(4.76 %),75820,5836900000,0,0,77000,77000,76000
2008-09-29,1.38,77500,0.5(0.65 %),56230,4486510000,0,0,80000,80500,77000
2008-09-30,1.32,74000,-3.5(-4.52 %),20590,1523660000,0,0,74000,74000,74000
2008-10-01,1.3,73000,-1(-1.35 %),43080,3136300000,0,0,74000,74500,70500
2008-10-02,1.33,75000,2(2.74 %),10550,787920000,0,0,75000,75000,73000
2008-10-03,1.32,74500,-0.5(-0.67 %),13800,1024750000,0,0,72500,75000,72500
2008-10-06,1.26,71000,-3.5(-4.70 %),18970,1350650000,0,0,74000,74000,71000
2008-10-07,1.2,67500,-3.5(-4.93 %),51510,3477845000,0,0,67500,68000,67500
2008-10-08,1.24,69500,2(2.96 %),15920,1058370000,0,0,65500,70000,65500
2008-10-09,1.21,68000,-1.5(-2.16 %),19710,1353450000,0,0,67000,71000,67000
2008-10-10,1.16,65000,-3(-4.41 %),72050,4741960000,0,0,66000,67000,65000
2008-10-13,1.14,64000,-1(-1.54 %),10180,666700000,0,0,67500,67500,64000
2008-10-14,1.19,67000,3(4.69 %),3550,237850000,0,0,67000,67000,67000
2008-10-15,1.25,70000,3(4.48 %),55470,3880710000,0,0,70000,70000,69000
2008-10-16,1.22,68500,-1.5(-2.14 %),17620,1194990000,0,0,66500,68500,66500
2008-10-17,1.26,71000,2.5(3.65 %),68170,4846220000,0,0,71500,71500,69500
2008-10-20,1.25,70000,-1(-1.41 %),21140,1487465000,0,0,70500,71500,70000
2008-10-21,1.27,71500,1.5(2.14 %),21560,1540770000,0,0,72000,72000,70000
2008-10-22,1.22,68500,-3(-4.20 %),11860,817830000,0,0,69500,70000,68500
2008-10-23,1.17,66000,-2.5(-3.65 %),45790,3023525000,0,0,66000,66500,66000
2008-10-24,1.16,65500,-0.5(-0.76 %),13950,910945000,0,0,65000,66000,65000
2008-10-27,1.11,62500,-3(-4.58 %),65300,4115230000,0,0,63500,64000,62500
2008-10-28,1.06,59500,-3(-4.80 %),67760,4033470000,0,0,59500,60000,59500
2008-10-29,1.1,62000,2.5(4.20 %),29430,1824410000,0,0,62000,62000,61500
2008-10-30,1.1,62000,0(0.00 %),36670,2267370000,0,0,61000,62000,61000
2008-10-31,1.07,60000,-2(-3.23 %),76400,4588465000,0,0,59500,61000,59500
2008-11-03,1.07,60000,0(0.00 %),12350,736375000,0,0,60500,60500,58000
2008-11-04,1.12,63000,3(5.00 %),11160,698730000,0,0,58000,63000,58000
2008-11-05,1.17,66000,3(4.76 %),7970,526020000,0,0,66000,66000,66000
2008-11-06,1.17,66000,0(0.00 %),39400,2553150000,0,0,64000,67500,63500
2008-11-07,1.15,64500,-1.5(-2.27 %),9800,625020000,0,0,63000,65000,63000
2008-11-10,1.16,65000,0.5(0.78 %),7260,457040000,0,0,62000,65000,62000
2008-11-11,1.1,62000,-3(-4.62 %),21600,1339200000,0,0,62000,62000,62000
2008-11-12,1.08,61000,-1(-1.61 %),20540,1271480000,0,0,62000,62000,60500
2008-11-13,1.08,61000,0(0.00 %),3720,225500000,0,0,59500,62000,59500
2008-11-14,1.08,61000,0(0.00 %),5250,322150000,0,0,63000,63000,61000
2008-11-17,1.07,60000,-1(-1.64 %),27260,1605860000,0,0,58500,60000,58500
2008-11-18,1.05,59000,-1(-1.67 %),5110,300365000,0,0,58500,59000,58500
2008-11-19,1.04,58500,-0.5(-0.85 %),12390,734190000,0,0,60500,60500,58500
2008-11-20,1.02,57500,-1(-1.71 %),78770,4413670000,0,0,56000,57500,56000
2008-11-21,1.0,56000,-1.5(-2.61 %),23740,1339655000,0,0,57500,58000,55500
2008-11-24,1.0,56500,0.5(0.89 %),16200,910950000,0,0,56000,57000,56000
2008-11-25,1.04,58500,2(3.54 %),38280,2210705000,0,0,58000,58500,56500
2008-11-26,1.0,56000,-2.5(-4.27 %),9590,554065000,0,0,58500,58500,56000
2008-11-27,0.96,54000,-2(-3.57 %),14730,809675000,0,0,54500,56000,54000
2008-11-28,1.0,56500,2.5(4.63 %),10670,587130000,0,0,54000,56500,54000
2008-12-01,0.98,55000,-1.5(-2.65 %),2670,146760000,0,0,54000,57000,54000
2008-12-02,0.96,54000,-1(-1.82 %),1370,74875000,0,0,56500,56500,53500
2008-12-03,0.94,53000,-1(-1.85 %),8400,446100000,0,0,54000,54000,52500
2008-12-04,0.98,55000,2(3.77 %),5130,281950000,0,0,55000,55000,53000
2008-12-05,0.94,53000,-2(-3.64 %),24670,1311910000,0,0,55000,55000,52500
2008-12-08,0.9,50500,-2.5(-4.72 %),13510,683055000,0,0,52500,52500,50500
2008-12-09,0.94,53000,2.5(4.95 %),10160,534810000,0,0,52500,53000,52000
2008-12-10,0.98,55000,2(3.77 %),21600,1194380000,0,0,55500,55500,54500
2008-12-11,0.97,54500,-0.5(-0.91 %),4060,216940000,0,0,53000,55000,53000
2008-12-12,0.98,55000,0.5(0.92 %),10470,575600000,0,0,55000,55000,54500
2008-12-15,0.98,55000,0(0.00 %),11570,642705000,0,0,56500,56500,54500
2008-12-16,0.94,53000,-2(-3.64 %),7200,384830000,0,0,54500,54500,53000
2008-12-17,0.9,49300,-2(-4.00 %),10450,506300000,0,0,49300,50000,49300
2008-12-18,0.9,48000,0.2(0.42 %),2070,98448000,0,0,48000,48500,46100
2008-12-19,0.9,48000,0.2(0.42 %),20270,972525000,0,0,47500,49000,47500
2008-12-22,0.89,47000,-0.8(-1.67 %),15190,725373000,0,0,47900,49000,47000
2008-12-23,0.84,44800,-2.2(-4.68 %),10890,489217000,0,0,44900,45100,44800
2008-12-24,0.82,43500,-1.3(-2.90 %),7910,348761000,0,0,43500,44700,43500
2008-12-25,0.82,43500,0(0.00 %),2740,115120000,0,0,41500,45000,41500
2008-12-26,0.81,42900,-0.6(-1.38 %),2790,120068000,0,0,43500,43500,41500
2008-12-29,0.78,41600,-1.3(-3.03 %),6310,262634000,0,0,41500,42000,41500
2008-12-30,0.82,43600,2(4.81 %),22770,992062000,0,0,43600,43600,43000
2008-12-31,0.86,45700,2.1(4.82 %),22850,1044225000,0,0,45700,45700,45600
2009-01-02,0.86,45700,0(0.00 %),7600,348589000,0,0,46000,46000,45700
2009-01-05,0.9,47900,2.2(4.81 %),21050,1007675000,0,0,47900,47900,46300
2009-01-06,0.92,49000,1.1(2.30 %),13700,659100000,0,0,47000,49000,47000
2009-01-07,0.96,51000,2(4.08 %),29050,1463135000,0,0,50000,51000,49000
2009-01-08,0.92,48600,-2.4(-4.71 %),7330,358955000,0,0,49000,51000,48600
2009-01-09,0.89,47000,-1.6(-3.29 %),2860,135245000,0,0,47000,48500,47000
2009-01-12,0.89,47000,0(0.00 %),6340,300320000,0,0,48700,48700,46500
2009-01-13,0.87,46000,-1(-2.13 %),5650,259005000,0,0,46200,46500,44800
2009-01-14,0.83,44000,-2(-4.35 %),25740,1140873000,0,0,45100,45100,44000
2009-01-15,0.8,42400,-1.6(-3.64 %),21820,923694000,0,0,42100,45000,42000
2009-01-16,0.76,40400,-2(-4.72 %),51360,2129204000,0,0,44200,44200,40400
2009-01-19,0.77,41000,0.6(1.49 %),26820,1093252000,0,0,40400,41500,40400
2009-01-20,0.81,43000,2(4.88 %),7270,308975000,0,0,41500,43000,41500
2009-01-21,0.79,42100,-0.9(-2.09 %),1110,46760000,0,0,45000,45000,42100
2009-01-22,0.81,42800,0.7(1.66 %),17510,734234000,0,0,43300,43300,41000
2009-01-23,0.81,43000,0.2(0.47 %),10580,450948000,0,0,41800,43000,41800
2009-02-02,0.8,42500,-0.5(-1.16 %),13330,576525000,0,0,43000,44000,42500
2009-02-03,0.79,42000,-0.5(-1.18 %),12620,532565000,0,0,42000,42500,42000
2009-02-04,0.81,43000,1(2.38 %),5960,252136000,0,0,42000,44000,42000
2009-02-05,0.78,41300,-1.7(-3.95 %),15110,631125000,0,0,42200,42800,41300
2009-02-06,0.8,42400,1.1(2.66 %),4540,191151000,0,0,42000,42500,41200
2009-02-09,0.82,43400,1(2.36 %),4150,178871000,0,0,43000,43400,42500
2009-02-10,0.81,43000,-0.4(-0.92 %),2800,120260000,0,0,43000,43400,42000
2009-02-11,0.79,42000,-1(-2.33 %),2650,111930000,0,0,42000,43100,42000
2009-02-12,0.76,40300,-1.7(-4.05 %),21200,866590000,0,0,43000,43000,40300
2009-02-13,0.79,41800,1.5(3.72 %),4950,206464000,0,0,41800,41800,41500
2009-02-16,0.77,40600,-1.2(-2.87 %),4560,189000000,0,0,41800,41800,40500
2009-02-17,0.77,40600,0(0.00 %),13110,532386000,0,0,40600,40700,40500
2009-02-18,0.75,40000,-0.6(-1.48 %),17690,707041000,0,0,40000,40100,39500
2009-02-19,0.76,40300,0.3(0.75 %),5600,225128000,0,0,41000,41000,40000
2009-02-20,0.75,40000,-0.3(-0.74 %),4700,188069000,0,0,40200,40300,40000
2009-02-23,0.75,39900,-0.1(-0.25 %),1390,54738000,0,0,38600,40000,38600
2009-02-24,0.74,39500,-0.4(-1.00 %),17470,694484000,0,0,39900,40500,39500
2009-02-25,0.78,41300,1.8(4.56 %),7600,313067000,0,0,39500,41400,39500
2009-02-26,0.77,41000,-0.3(-0.73 %),5150,208095000,0,0,41300,41300,39800
2009-02-27,0.76,40500,-0.5(-1.22 %),1210,48500000,0,0,41000,41000,40000
2009-03-02,0.78,41500,1(2.47 %),3020,124257000,0,0,40500,41500,39200
2009-03-03,0.76,40500,-1(-2.41 %),2220,91001000,0,0,41500,41500,40000
2009-03-04,0.79,41900,1.4(3.46 %),1520,63376000,0,0,40500,42000,40500
2009-03-05,0.79,42000,0.1(0.24 %),5550,233325000,0,0,41900,42500,41900
2009-03-06,0.79,41900,-0.1(-0.24 %),1020,42730000,0,0,42000,42000,41000
2009-03-09,0.75,40000,-1.9(-4.53 %),5630,226067000,0,0,41900,42500,40000
2009-03-10,0.77,41000,1(2.50 %),51020,2035558000,0,0,40000,41000,39000
2009-03-11,0.77,40600,-0.4(-0.98 %),2280,94402000,0,0,41000,42000,40600
2009-03-12,0.76,40300,-0.3(-0.74 %),2550,102630000,0,0,40600,40600,40200
2009-03-13,0.77,40800,0.5(1.24 %),1890,76656000,0,0,40300,40800,40300
2009-03-16,0.75,40000,-0.8(-1.96 %),33400,1353077000,0,0,40800,41800,40000
2009-03-17,0.75,40000,0(0.00 %),20940,839773000,0,0,40000,41200,40000
2009-03-18,0.78,41500,1.5(3.75 %),13640,570167000,0,0,40000,42000,40000
2009-03-19,0.78,41500,0(0.00 %),19580,822100000,0,0,41500,42500,41500
2009-03-20,0.77,41000,-0.5(-1.20 %),7860,323235000,0,0,41500,41500,40600
2009-03-23,0.78,41400,0.4(0.98 %),15600,645022000,0,0,41000,41500,41000
2009-03-24,0.81,43200,1.8(4.35 %),20240,862472000,0,0,41400,43200,41400
2009-03-25,0.79,42000,-1.2(-2.78 %),7940,340160000,0,0,43200,43200,42000
2009-03-26,0.8,42600,0.6(1.43 %),8400,355020000,0,0,42000,42600,42000
2009-03-27,0.8,42700,0.1(0.23 %),13950,597245000,0,0,42900,42900,42600
2009-03-30,0.78,41500,-1.2(-2.81 %),6510,270034000,0,0,41100,42000,41100
2009-03-31,0.78,41200,-0.3(-0.72 %),2150,88578000,0,0,41000,41500,41000
2009-04-01,0.81,43200,2(4.85 %),25650,1101378000,0,0,42800,43200,42500
2009-04-02,0.85,45300,2.1(4.86 %),62600,2831990000,0,0,43200,45300,43200
2009-04-03,0.9,47500,2.2(4.86 %),29190,1386525000,0,0,45300,47500,45300
2009-04-07,0.94,49800,2.3(4.84 %),34120,1698916000,0,0,47500,49800,47500
2009-04-08,0.9,48000,-1.8(-3.61 %),39890,1941936000,0,0,49800,50000,47600
2009-04-09,0.87,46400,-1.6(-3.33 %),53690,2526421000,0,0,48000,48000,46200
2009-04-10,0.92,48700,2.3(4.96 %),20770,1011399000,0,0,46400,48700,46400
2009-04-13,0.96,51000,2.3(4.72 %),24890,1269390000,0,0,51000,51000,51000
2009-04-14,1.0,53000,2(3.92 %),57600,3027880000,0,0,52000,53500,50500
2009-04-15,0.95,50500,-2.5(-4.72 %),40690,2086505000,0,0,51000,52500,50500
2009-04-16,0.96,51000,0.5(0.99 %),11000,568675000,0,0,53000,53000,51000
2009-04-17,0.94,50000,-1(-1.96 %),33740,1691220000,0,0,52000,52000,48500
2009-04-20,0.9,47500,-2.5(-5.00 %),11400,541520000,0,0,47500,47600,47500
2009-04-21,0.89,47000,-0.5(-1.05 %),21260,970996000,0,0,45200,47000,45200
2009-04-22,0.92,48900,1.9(4.04 %),10700,519900000,0,0,47200,48900,47200
2009-04-23,0.92,48900,0(0.00 %),31730,1550665000,0,0,47000,49500,47000
2009-04-24,0.92,48800,-0.1(-0.20 %),8690,424350000,0,0,49700,49700,48500
2009-04-27,0.92,48900,0.1(0.20 %),6020,301058000,0,0,48800,50500,48800
2009-04-28,0.94,49900,1(2.04 %),12390,593930000,0,0,47500,50000,47500
2009-04-29,0.96,51000,1.1(2.20 %),16230,803880000,0,0,48600,51000,48600
2009-05-04,1.01,53500,2.5(4.90 %),11010,589035000,0,0,53500,53500,53500
2009-05-05,1.06,56000,2.5(4.67 %),28540,1598240000,0,0,56000,56000,56000
2009-05-06,1.01,53500,-2.5(-4.46 %),24140,1306230000,0,0,54000,55000,53500
2009-05-07,1.06,56000,2.5(4.67 %),41180,2282390000,0,0,55000,56000,53500
2009-05-08,1.07,56500,0.5(0.89 %),30210,1712480000,0,0,55000,57000,55000
2009-05-11,1.1,58500,2(3.54 %),14640,860465000,0,0,58500,59000,58500
2009-05-12,1.15,61000,2.5(4.27 %),28420,1707180000,0,0,58000,61000,57500
2009-05-13,1.15,61000,0(0.00 %),10370,640525000,0,0,63000,63000,60000
2009-05-14,1.1,58500,-2.5(-4.10 %),55020,3306610000,0,0,61000,61000,58500
2009-05-15,1.15,61000,2.5(4.27 %),12180,741990000,0,0,61000,61000,60500
2009-05-18,1.13,60000,-1(-1.64 %),20540,1241000000,0,0,60000,61000,60000
2009-05-19,1.13,60000,0(0.00 %),47180,2829410000,0,0,60000,60000,59500
2009-05-20,1.19,63000,3(5.00 %),106710,6530760000,0,0,60000,63000,59000
2009-05-21,1.17,62000,-1(-1.59 %),69840,4352485000,0,0,64000,64000,60000
2009-05-22,1.11,59000,-3(-4.84 %),23160,1384040000,0,0,60000,62500,59000
2009-05-25,1.16,61500,2.5(4.24 %),8280,509220000,0,0,61500,61500,61500
2009-05-26,1.22,64500,3(4.88 %),39700,2560650000,0,0,64500,64500,64500
2009-05-27,1.27,67500,3(4.65 %),58860,3973050000,0,0,67500,67500,67500
2009-05-28,1.32,70000,2.5(3.70 %),109140,7673615000,0,0,70500,70500,69000
2009-05-29,1.31,69500,-0.5(-0.71 %),33540,2324020000,0,0,70500,71000,68000
2009-06-01,1.37,72500,3(4.32 %),83060,5966645000,0,0,71000,72500,71000
2009-06-02,1.41,75000,2.5(3.45 %),64910,4926425000,0,0,76000,76000,75000
2009-06-03,1.4,74500,-0.5(-0.67 %),102930,7578485000,0,0,72000,74500,72000
2009-06-04,1.4,74000,-0.5(-0.67 %),38700,2877760000,0,0,74500,75500,74000
2009-06-05,1.41,75000,1(1.35 %),116370,8764880000,0,0,75500,76000,74500
2009-06-08,1.48,76500,1.5(2.00 %),113340,8575415000,0,0,75500,76500,75000
2009-06-09,1.47,76000,-0.5(-0.65 %),57620,4321965000,0,0,75000,76000,74000
2009-06-10,1.4,72500,-3.5(-4.61 %),13020,944960000,0,0,72500,73000,72500
2009-06-11,1.41,73000,0.5(0.69 %),40980,2987490000,0,0,72500,73500,72500
2009-06-12,1.38,71000,-2(-2.74 %),34330,2464290000,0,0,73000,73000,70500
2009-06-15,1.31,67500,-3.5(-4.93 %),54450,3690325000,0,0,68500,68500,67500
2009-06-16,1.25,64500,-3(-4.44 %),60980,3933210000,0,0,64500,64500,64500
2009-06-17,1.31,67500,3(4.65 %),48540,3162075000,0,0,62000,67500,62000
2009-06-18,1.37,70500,3(4.44 %),51030,3589615000,0,0,70500,70500,69000
2009-06-19,1.36,70000,-0.5(-0.71 %),25150,1763710000,0,0,71500,71500,68000
2009-06-22,1.29,66500,-3.5(-5.00 %),85860,5709890000,0,0,66500,67000,66500
2009-06-23,1.23,63500,-3(-4.51 %),99690,6333455000,0,0,63500,64500,63500
2009-06-24,1.29,66500,3(4.72 %),7100,471780000,0,0,66500,66500,64500
2009-06-25,1.24,64000,-2.5(-3.76 %),28730,1846700000,0,0,65000,66000,63500
2009-06-26,1.3,67000,3(4.69 %),19960,1309940000,0,0,64000,67000,64000
2009-06-29,1.27,65500,-1.5(-2.24 %),5120,337255000,0,0,67000,67000,65000
2009-06-30,1.25,64500,-1(-1.53 %),10760,696230000,0,0,67500,67500,64500
2009-07-01,1.21,62500,-2(-3.10 %),5620,355405000,0,0,64000,64000,62500
2009-07-02,1.24,64000,1.5(2.40 %),13300,839815000,0,0,65000,65000,62000
2009-07-03,1.25,64500,0.5(0.78 %),7710,493010000,0,0,63500,66000,63500
2009-07-06,1.31,67500,3(4.65 %),13810,926960000,40200,2472300000,66000,67500,66000
2009-07-07,1.29,66500,-1(-1.48 %),18980,1280955000,0,0,67000,70000,66500
2009-07-08,1.3,67000,0.5(0.75 %),14160,928245000,0,0,64000,67000,64000
2009-07-09,1.32,68000,1(1.49 %),11590,784070000,0,0,67500,68000,66500
2009-07-10,1.32,68000,0(0.00 %),7590,513480000,0,0,69000,69000,66500
2009-07-13,1.27,65500,-2.5(-3.68 %),23400,1535360000,0,0,66000,68000,65500
2009-07-14,1.28,66000,0.5(0.76 %),23290,1508285000,0,0,65500,66000,63500
2009-07-15,1.34,69000,3(4.55 %),47640,3287160000,0,0,69000,69000,69000
2009-07-16,1.39,72000,3(4.35 %),28240,2033280000,0,0,72000,72000,72000
2009-07-17,1.38,71500,-0.5(-0.69 %),32550,2368720000,0,0,74000,74000,70000
2009-07-20,1.33,68500,-3(-4.20 %),12600,861955000,0,0,69000,70500,68000
2009-07-21,1.38,71500,3(4.38 %),30880,2183435000,0,0,69000,71500,69000
2009-07-22,1.4,72500,1(1.40 %),110750,8101220000,0,0,71500,74500,71500
2009-07-23,1.43,74000,1.5(2.07 %),38940,2844425000,0,0,71500,74000,71500
2009-07-24,1.5,77500,3.5(4.73 %),129260,10015495000,0,0,77500,77500,77000
2009-07-27,1.55,80000,2.5(3.23 %),83540,6671425000,0,0,80000,80000,78000
2009-07-28,1.54,79500,-0.5(-0.62 %),66890,5331910000,0,0,80000,81000,79000
2009-07-29,1.52,78500,-1(-1.26 %),58470,4631065000,0,0,79500,80000,78000
2009-07-30,1.52,78500,0(0.00 %),25580,1991460000,0,0,78000,78500,77000
2009-07-31,1.59,82000,3.5(4.46 %),38930,3173370000,0,0,81500,82000,80500
2009-08-03,1.58,81500,-0.5(-0.61 %),35490,2935935000,0,0,83000,84000,81000
2009-08-04,1.58,81500,0(0.00 %),19020,1554605000,0,0,83500,83500,81500
2009-08-05,1.66,85500,4(4.91 %),55610,4684495000,0,0,81500,85500,81500
2009-08-06,1.64,84500,-1(-1.17 %),18290,1551395000,0,0,85000,86000,83000
2009-08-07,1.64,84500,0(0.00 %),28950,2431545000,0,0,83000,84500,83000
2009-08-10,1.65,85000,0.5(0.59 %),53140,4495595000,0,0,84000,85500,84000
2009-08-11,1.65,85000,0(0.00 %),20650,1754650000,0,0,85000,85000,84500
2009-08-12,1.68,86500,1.5(1.76 %),41890,3603225000,0,0,85000,86500,85000
2009-08-13,1.65,85000,-1.5(-1.73 %),37650,3221250000,0,0,85500,87000,85000
2009-08-14,1.65,85000,0(0.00 %),28910,2452490000,0,0,84500,85000,84500
2009-08-17,1.65,85000,0(0.00 %),25120,2152565000,0,0,86000,86000,85000
2009-08-18,1.66,85500,0.5(0.59 %),34300,2897815000,0,0,83500,85500,83500
2009-08-19,1.68,86500,1(1.17 %),29920,2604895000,0,0,87000,88000,86000
2009-08-20,1.74,90000,3.5(4.05 %),41200,3652925000,0,0,88000,90000,87000
2009-08-21,1.73,89500,-0.5(-0.56 %),20680,1866255000,0,0,91500,92000,88000
2009-08-24,1.74,90000,0.5(0.56 %),26200,2348340000,0,0,89000,91000,89000
2009-08-25,1.75,90500,0.5(0.56 %),53530,4822755000,0,0,89000,90500,89000
2009-08-26,1.76,91000,0.5(0.55 %),41950,3823550000,0,0,91000,91500,91000
2009-08-27,1.74,90000,-1(-1.10 %),21580,1946600000,0,0,90500,90500,90000
2009-08-28,1.75,90500,0.5(0.56 %),11510,1042435000,0,0,90500,91000,90000
2009-08-31,1.79,92500,2(2.21 %),19770,1827430000,0,0,92500,93500,91000
2009-09-01,1.79,92500,0(0.00 %),20590,1888365000,0,0,91000,92500,91000
2009-09-03,1.79,92500,0(0.00 %),39540,3676520000,0,0,92000,94000,92000
2009-09-04,1.78,92000,-0.5(-0.54 %),32840,3048390000,0,0,94500,94500,92000
2009-09-07,1.78,92000,0(0.00 %),39470,3616680000,0,0,92000,92000,91000
2009-09-08,1.82,94000,2(2.17 %),39140,3665500000,0,0,94000,94000,92500
2009-09-09,1.82,94000,0(0.00 %),14240,1358255000,0,0,96000,96000,94000
2009-09-10,1.82,94000,0(0.00 %),13930,1296775000,0,0,92000,94000,92000
2009-09-11,1.82,94000,0(0.00 %),25890,2418585000,0,0,94000,94000,92500
2009-09-14,1.82,94000,0(0.00 %),31250,2939260000,0,0,94000,95000,94000
2009-09-15,1.82,94000,0(0.00 %),40070,3780265000,0,0,94500,95000,93500
2009-09-16,1.84,95000,1(1.06 %),117060,11066990000,0,0,94000,96000,94000
2009-09-17,1.82,94000,-1(-1.05 %),19510,1835330000,0,0,95000,95000,93000
2009-09-18,1.85,95500,1.5(1.60 %),20140,1917105000,0,0,94500,95500,94000
2009-09-21,1.94,100000,4.5(4.71 %),49190,4755790000,0,0,95500,100000,95500
2009-09-22,2.03,105000,5(5.00 %),48010,5017730000,0,0,104000,105000,103000
2009-09-23,2.13,110000,5(4.76 %),79930,8792300000,0,0,110000,110000,110000
2009-09-24,2.03,105000,-5(-4.55 %),111500,11830460000,0,0,110000,111000,105000
2009-09-25,2.13,110000,5(4.76 %),142580,15562930000,0,0,103000,110000,103000
2009-09-28,2.17,112000,2(1.82 %),71370,7769030000,0,0,115000,115000,105000
2009-09-29,2.11,109000,-3(-2.68 %),87120,9599200000,0,0,109000,112000,109000
2009-09-30,2.09,108000,-1(-0.92 %),31300,3413920000,0,0,109000,110000,106000
2009-10-01,2.03,105000,-3(-2.78 %),40340,4294290000,0,0,107000,108000,105000
2009-10-02,1.94,100000,-5(-4.76 %),94250,9440380000,0,0,100000,102000,100000
2009-10-05,2.03,105000,5(5.00 %),62440,6433100000,0,0,100000,105000,100000
2009-10-06,2.07,107000,2(1.90 %),38550,4079270000,0,0,105000,107000,105000
2009-10-07,2.17,112000,5(4.67 %),79160,8791900000,0,0,109000,112000,109000
2009-10-08,2.17,112000,0(0.00 %),82610,9277020000,0,0,113000,113000,112000
2009-10-09,2.15,111000,-1(-0.89 %),28710,3217130000,0,0,114000,114000,110000
2009-10-12,2.21,114000,3(2.70 %),90210,10198810000,0,0,113000,116000,111000
2009-10-13,2.31,119000,5(4.39 %),84470,9963620000,0,0,118000,119000,116000
2009-10-14,2.4,124000,5(4.20 %),76590,9421170000,0,0,121000,124000,120000
2009-10-15,2.4,124000,0(0.00 %),40510,5102380000,0,0,129000,129000,124000
2009-10-16,2.29,118000,-6(-4.84 %),56670,6764160000,0,0,120000,123000,118000
2009-10-19,2.38,123000,5(4.24 %),94890,11670470000,0,0,123000,123000,121000
2009-10-20,2.5,129000,6(4.88 %),64810,8318380000,0,0,123000,129000,123000
2009-10-21,2.5,129000,0(0.00 %),36480,4731980000,0,0,132000,132000,129000
2009-10-22,2.42,125000,-4(-3.10 %),51480,6466610000,0,0,129000,130000,124000
2009-10-23,2.31,119000,-6(-4.80 %),79190,9806700000,0,0,125000,126000,119000
2009-10-26,2.31,119000,0(0.00 %),56040,6778630000,0,0,119000,124000,118000
2009-10-27,2.31,119000,0(0.00 %),56650,6697990000,0,0,119000,119000,116000
2009-10-28,2.31,119000,0(0.00 %),12450,1488870000,0,0,121000,121000,119000
2009-10-29,2.25,116000,-3(-2.52 %),66270,7660250000,0,0,119000,119000,114000
2009-10-30,2.27,117000,1(0.86 %),37130,4411080000,0,0,120000,120000,116000
2009-11-02,2.17,112000,-5(-4.27 %),29560,3311060000,0,0,112000,114000,112000
2009-11-03,2.07,107000,-5(-4.46 %),131500,14133630000,0,0,109000,110000,107000
2009-11-04,2.09,108000,1(0.93 %),66330,7172140000,0,0,105000,111000,105000
2009-11-05,2.19,113000,5(4.63 %),30150,3363020000,0,0,110000,113000,109000
2009-11-06,2.19,113000,0(0.00 %),117650,13634390000,0,0,118000,118000,113000
2009-11-09,2.09,108000,-5(-4.42 %),31280,3417990000,0,0,113000,113000,108000
2009-11-10,2.13,110000,2(1.85 %),51160,5613170000,0,0,110000,111000,108000
2009-11-11,2.21,114000,4(3.64 %),17870,1996700000,0,0,112000,114000,111000
2009-11-12,2.21,114000,0(0.00 %),16010,1841890000,0,0,114000,116000,114000
2009-11-13,2.19,113000,-1(-0.88 %),42200,4766080000,0,0,114000,115000,111000
2009-11-16,2.21,114000,1(0.88 %),18750,2123530000,0,0,113000,114000,112000
2009-11-17,2.25,116000,2(1.75 %),18880,2170400000,0,0,115000,116000,114000
2009-11-18,2.21,114000,-2(-1.72 %),19260,2207580000,0,0,115000,115000,113000
2009-11-19,2.27,117000,3(2.63 %),26970,3155460000,0,0,116000,119000,116000
2009-11-20,2.27,117000,0(0.00 %),47050,5532650000,0,0,118000,119000,117000
2009-11-23,2.21,114000,-3(-2.56 %),77470,8911340000,0,0,116000,117000,113000
2009-11-24,2.2,106000,0(0.00 %),28640,2591250000,0,0,106000,106000,106000
2009-11-25,2.09,86500,-4.5(-4.95 %),64890,5659060000,0,0,90000,90000,86500
2009-11-26,2.0,82500,-4(-4.62 %),74270,6127425000,0,0,82500,83000,82500
2009-11-27,2.09,86500,4(4.85 %),30090,2530825000,0,0,80000,86500,80000
2009-11-30,2.11,87000,0.5(0.58 %),13540,1173305000,0,0,86500,89000,86000
2009-12-01,2.2,91000,4(4.60 %),28740,2607650000,0,0,90000,91000,90000
2009-12-02,2.14,88500,-2.5(-2.75 %),8060,716265000,0,0,87000,91000,87000
2009-12-03,2.15,89000,0.5(0.56 %),5190,459510000,0,0,89000,90000,88000
2009-12-04,2.15,89000,0(0.00 %),36850,3320215000,0,0,88500,91000,88500
2009-12-07,2.15,89000,0(0.00 %),11730,1043990000,0,0,89000,90000,89000
2009-12-08,2.13,88000,-1(-1.12 %),24380,2165090000,0,0,88500,89000,87000
2009-12-09,2.03,84000,-4(-4.55 %),36340,3074330000,0,0,86500,86500,84000
2009-12-10,1.99,82000,-2(-2.38 %),5510,451990000,0,0,84000,84000,82000
2009-12-11,1.89,78000,-4(-4.88 %),24720,1950640000,0,0,82500,82500,78000
2009-12-14,1.91,79000,1(1.28 %),24530,1943180000,0,0,78000,81000,78000
2009-12-15,1.89,78000,-1(-1.27 %),7920,623480000,0,0,79000,80000,78000
2009-12-16,1.82,75000,-3(-3.85 %),33530,2507110000,0,0,76000,76000,74500
2009-12-17,1.82,75000,0(0.00 %),8870,655320000,0,0,74000,75000,73000
2009-12-18,1.9,78500,3.5(4.67 %),17500,1370155000,0,0,78000,78500,78000
2009-12-21,1.99,82000,3.5(4.46 %),16260,1331820000,0,0,82000,82000,81500
2009-12-22,1.95,80500,-1.5(-1.83 %),2470,205050000,0,0,84500,84500,80000
2009-12-23,1.96,81000,0.5(0.62 %),3610,292230000,0,0,81000,81000,80500
2009-12-24,2.0,82500,1.5(1.85 %),6300,516850000,0,0,83000,83000,81000
2009-12-25,2.01,83000,0.5(0.61 %),13490,1114515000,0,0,83500,83500,82000
2009-12-28,1.92,79500,-3.5(-4.22 %),51360,4063890000,0,0,79000,83500,79000
2009-12-29,1.91,79000,-0.5(-0.63 %),12080,954440000,0,0,80000,80000,78500
2009-12-30,1.94,80000,1(1.27 %),6120,489600000,0,0,80000,80500,79500
2009-12-31,1.96,81000,1(1.25 %),36470,2966480000,0,0,80000,83000,80000
2010-01-04,2.06,85000,4(4.94 %),37990,3213350000,0,0,82000,85000,82000
2010-01-05,2.14,88500,3.5(4.12 %),34170,3040650000,0,0,89000,89000,87000
2010-01-06,2.15,89000,0.5(0.56 %),3520,312230000,0,0,88500,89000,88500
2010-01-07,2.19,90500,1.5(1.69 %),35430,3183975000,0,0,88000,91000,87000
2010-01-08,2.19,90500,0(0.00 %),33600,3045620000,0,0,90500,91000,90500
2010-01-11,2.18,90000,-0.5(-0.55 %),11430,1027175000,0,0,91000,91000,88500
2010-01-12,2.19,90500,0.5(0.56 %),37500,3387745000,0,0,90000,91000,90000
2010-01-13,2.15,89000,-1.5(-1.66 %),13600,1208420000,0,0,90000,90000,88000
2010-01-14,2.15,89000,0(0.00 %),5900,527750000,0,0,91000,91000,89000
2010-01-15,2.18,90000,1(1.12 %),12130,1094315000,0,0,91000,91000,89000
2010-01-18,2.07,85500,-4.5(-5.00 %),28410,2454670000,0,0,88000,88000,85500
2010-01-19,2.08,86000,0.5(0.58 %),9660,829305000,0,0,85500,87000,85500
2010-01-20,2.06,85000,-1(-1.16 %),9680,826105000,0,0,85500,88000,85000
2010-01-21,2.05,84500,-0.5(-0.59 %),40350,3426685000,0,0,85000,85000,84500
2010-01-22,2.06,85000,0.5(0.59 %),4800,406510000,0,0,85000,85000,84500
2010-01-25,2.07,85500,0.5(0.59 %),8410,715520000,0,0,85000,85500,83000
2010-01-26,2.14,88500,3(3.51 %),8320,729640000,0,0,87000,88500,86500
2010-01-27,2.15,89000,0.5(0.56 %),7330,652005000,0,0,89000,90000,87000
2010-01-28,2.18,90000,1(1.12 %),31830,2880570000,0,0,91000,91000,89000
2010-01-29,2.18,90000,0(0.00 %),3620,318075000,0,0,89000,90000,86000
2010-02-01,2.15,89000,-1(-1.11 %),6040,542220000,0,0,88500,90000,88500
2010-02-02,2.14,88500,-0.5(-0.56 %),3590,315785000,0,0,87500,89000,87000
2010-02-03,2.18,90000,1.5(1.69 %),31070,2797600000,0,0,88500,90500,88500
2010-02-04,2.25,93000,3(3.33 %),78820,7231525000,0,0,90500,93500,90500
2010-02-05,2.23,92000,-1(-1.08 %),31820,2911595000,0,0,91500,93000,91500
2010-02-08,2.23,92000,0(0.00 %),1900,169200000,0,0,93000,93000,89000
2010-02-09,2.18,90000,-2(-2.17 %),23660,2139070000,0,0,89500,92000,89500
2010-02-10,2.23,92000,2(2.22 %),46410,4249255000,0,0,91500,92000,91000
2010-02-11,2.23,92000,0(0.00 %),3090,283800000,0,0,93500,93500,91500
2010-02-12,2.22,91500,-0.5(-0.54 %),1960,179770000,0,0,92000,92000,91500
2010-02-22,2.23,92000,0.5(0.55 %),10,920000,0,0,92000,92000,92000
2010-02-23,2.19,89500,-1.5(-1.65 %),6430,581795000,0,0,91500,91500,89500
2010-02-24,2.19,89500,0(0.00 %),2320,207240000,0,0,90000,90000,89000
2010-02-25,2.18,89000,-0.5(-0.56 %),2400,214400000,0,0,89000,89500,89000
2010-02-26,2.2,90000,1(1.12 %),4070,362920000,109190,9827100000,89000,90000,88500
2010-03-01,2.2,90000,0(0.00 %),6600,594000000,109190,9827100000,90000,90000,90000
2010-03-02,2.2,90000,0(0.00 %),61290,5519150000,0,0,90000,90500,90000
2010-03-03,2.24,91500,1.5(1.67 %),40390,3637265000,0,0,92500,92500,90000
2010-03-04,2.25,92000,0.5(0.55 %),27770,2554840000,0,0,92000,92000,92000
2010-03-05,2.25,92000,0(0.00 %),7680,706560000,0,0,92000,92000,92000
2010-03-08,2.2,90000,-2(-2.17 %),22990,2105780000,0,0,92500,92500,90000
2010-03-09,2.23,91000,1(1.11 %),15150,1364980000,0,0,90000,91000,90000
2010-03-10,2.23,91000,0(0.00 %),22500,2061800000,0,0,93000,93000,90000
2010-03-11,2.2,90000,-1(-1.10 %),17610,1601280000,0,0,92000,92000,90000
2010-03-12,2.2,90000,0(0.00 %),23740,2137170000,0,0,90000,90500,90000
2010-03-15,2.23,91000,1(1.11 %),27330,2469750000,0,0,91500,91500,90000
2010-03-16,2.15,88000,-3(-3.30 %),17070,1513485000,0,0,90500,90500,88000
2010-03-17,2.2,90000,2(2.27 %),16380,1470320000,0,0,88000,90500,88000
2010-03-18,2.22,90500,0.5(0.56 %),10480,943545000,0,0,90000,90500,90000
2010-03-19,2.2,90000,-0.5(-0.55 %),10160,914400000,0,0,90000,90000,90000
2010-03-22,2.2,90000,0(0.00 %),27360,2462400000,0,0,90000,90000,90000
2010-03-23,2.2,90000,0(0.00 %),26960,2426405000,0,0,90000,90500,90000
2010-03-24,2.2,90000,0(0.00 %),4940,439530000,0,0,90000,90000,88500
2010-03-25,2.14,87500,-2.5(-2.78 %),7350,647565000,0,0,90000,90000,87500
2010-03-26,2.2,90000,2.5(2.86 %),5900,519220000,0,0,88000,90000,88000
2010-03-29,2.17,88500,-1.5(-1.67 %),4530,399600000,0,0,90000,90000,88000
2010-03-30,2.14,87500,-1(-1.13 %),12900,1134210000,0,0,88500,88500,87500
2010-03-31,2.13,87000,-0.5(-0.57 %),8330,726425000,0,0,87500,87500,87000
2010-04-01,2.17,88500,1.5(1.72 %),5190,449200000,0,0,86500,88500,86500
2010-04-02,2.13,87000,-1.5(-1.69 %),2450,213800000,0,0,88000,88000,87000
2010-04-05,2.14,87500,0.5(0.57 %),3620,316755000,0,0,88000,88000,87000
2010-04-06,2.12,86500,-1(-1.14 %),26760,2330970000,0,0,87500,87500,86500
2010-04-07,2.11,86000,-0.5(-0.58 %),51070,4389715000,0,0,86500,86500,85500
2010-04-08,2.09,85500,-0.5(-0.58 %),20650,1766160000,0,0,85500,86000,85000
2010-04-09,2.11,86000,0.5(0.58 %),39360,3367460000,0,0,85500,86000,85000
2010-04-12,2.11,86000,0(0.00 %),27700,2382075000,0,0,86000,86000,85500
2010-04-13,2.11,86000,0(0.00 %),12010,1032860000,0,0,86000,86000,86000
2010-04-14,2.11,86000,0(0.00 %),7020,603720000,0,0,86000,86000,86000
2010-04-15,2.11,86000,0(0.00 %),9410,809260000,0,0,86000,86000,86000
2010-04-16,2.09,85500,-0.5(-0.58 %),26050,2236295000,0,0,86500,86500,85000
2010-04-19,2.08,85000,-0.5(-0.58 %),220,18700000,0,0,85000,85000,85000
2010-04-20,2.08,85000,0(0.00 %),18670,1593490000,0,0,85000,85500,85000
2010-04-21,2.07,84500,-0.5(-0.59 %),28790,2443245000,0,0,85500,88000,84500
2010-04-22,2.13,87000,2.5(2.96 %),5840,501000000,0,0,84500,87000,84500
2010-04-26,2.12,86500,-0.5(-0.57 %),4550,394825000,0,0,86500,87000,86500
2010-04-27,2.13,87000,0.5(0.58 %),8470,733815000,0,0,86000,87000,86000
2010-04-28,2.13,87000,0(0.00 %),12350,1069700000,0,0,88000,88000,86000
2010-04-29,2.13,87000,0(0.00 %),13080,1141835000,0,0,87500,87500,87000
2010-05-04,2.15,88000,1(1.15 %),8470,744085000,0,0,88500,88500,87500
2010-05-05,2.12,86500,-1.5(-1.70 %),2090,181015000,0,0,86500,87000,86500
2010-05-06,2.12,86500,0(0.00 %),7820,673480000,0,0,85500,87000,85000
2010-05-07,2.07,84500,-2(-2.31 %),10790,914525000,0,0,84500,86000,84000
2010-05-10,2.07,84500,0(0.00 %),5250,445625000,0,0,85000,85500,84500
2010-05-11,2.08,85000,0.5(0.59 %),8000,680265000,0,0,86000,86500,85000
2010-05-12,2.06,84000,-1(-1.18 %),6010,506065000,0,0,84500,85000,84000
2010-05-13,2.08,85000,1(1.19 %),11580,985760000,0,0,86000,86000,84000
2010-05-14,2.08,85000,0(0.00 %),19110,1641400000,0,0,85500,86500,85000
2010-05-17,2.03,83000,-2(-2.35 %),1540,130320000,0,0,85500,85500,83000
2010-05-18,2.03,83000,0(0.00 %),20860,1728000000,0,0,82500,84000,82500
2010-05-19,1.98,81000,-2(-2.41 %),4420,364075000,0,0,84000,84000,81000
2010-05-20,1.98,81000,0(0.00 %),6170,498730000,0,0,81000,81000,79500
2010-05-21,1.88,77000,-4(-4.94 %),30420,2409215000,0,0,77000,81000,77000
2010-05-24,1.92,78500,1.5(1.95 %),4000,313530000,0,0,80000,80000,77000
2010-05-25,1.93,79000,0.5(0.64 %),25380,2000485000,0,0,78500,79000,78500
2010-05-26,1.96,80000,1(1.27 %),4000,319240000,0,0,78500,81000,78500
2010-05-27,1.97,80500,0.5(0.62 %),2960,238280000,0,0,80500,80500,80500
2010-05-28,1.98,81000,0.5(0.62 %),1220,98830000,0,0,81500,81500,81000
2010-05-31,1.98,81000,0(0.00 %),11600,939600000,0,0,81000,81000,81000
2010-06-01,1.98,81000,0(0.00 %),6880,555780000,0,0,81000,81000,80500
2010-06-02,1.95,79500,-1.5(-1.85 %),1750,139400000,0,0,81000,81000,79500
2010-06-03,1.95,79500,0(0.00 %),24550,1975370000,0,0,83000,83000,79500
2010-06-04,1.97,80500,1(1.26 %),8500,681000000,0,0,80000,80500,80000
2010-06-07,1.95,79500,-1(-1.24 %),12570,1004140000,0,0,80000,80000,79500
2010-06-08,1.95,79500,0(0.00 %),4520,359090000,0,0,79500,79500,79000
2010-06-09,1.95,79500,0(0.00 %),310,24720000,0,0,80000,80000,79500
2010-06-10,1.96,80000,0.5(0.63 %),180,14380000,0,0,79500,80000,79500
2010-06-11,1.95,79500,-0.5(-0.62 %),3750,299625000,0,0,80000,80000,79500
2010-06-14,1.96,80000,0.5(0.63 %),10300,823950000,54197,4335760000,79500,80000,79500
2010-06-15,1.95,79500,-0.5(-0.62 %),2150,170775000,0,0,79000,79500,79000
2010-06-16,1.96,80000,0.5(0.63 %),8700,699750000,0,0,81500,81500,80000
2010-06-17,1.98,81000,1(1.25 %),10170,819390000,0,0,80000,81000,80000
2010-06-18,2.02,82500,1.5(1.85 %),9980,823510000,0,0,83000,83000,82000
2010-06-21,2.01,82000,-0.5(-0.61 %),6370,522365000,0,0,82000,82500,82000
2010-06-22,1.97,80500,-1.5(-1.83 %),22870,1846535000,0,0,81000,81000,80500
2010-06-23,1.98,81000,0.5(0.62 %),10000,807000000,0,0,80500,81000,80500
2010-06-24,1.98,81000,0(0.00 %),56770,4598370000,0,0,81000,81000,81000
2010-06-25,1.97,80500,-0.5(-0.62 %),10400,839780000,0,0,81000,81000,80500
2010-06-28,1.95,79500,-1(-1.24 %),3930,310610000,0,0,78500,79500,78500
2010-06-29,1.96,80000,0.5(0.63 %),5050,404000000,0,0,80000,80000,80000
2010-06-30,1.96,80000,0(0.00 %),11500,920000000,0,0,80000,80000,80000
2010-07-01,1.96,80000,0(0.00 %),8050,644000000,0,0,80000,80000,80000
2010-07-02,1.97,80500,0.5(0.62 %),28300,2271500000,0,0,80000,80500,80000
2010-07-05,1.97,80500,0(0.00 %),24510,1965800000,0,0,80000,80500,80000
2010-07-06,1.96,80000,-0.5(-0.62 %),21300,1704300000,0,0,80000,80500,80000
2010-07-07,1.96,80000,0(0.00 %),27610,2209125000,0,0,80000,80500,80000
2010-07-08,1.96,80000,0(0.00 %),46660,3740000000,0,0,83000,83000,80000
2010-07-09,1.96,80000,0(0.00 %),31500,2520000000,0,0,80000,80000,80000
2010-07-12,1.96,80000,0(0.00 %),65440,5221300000,0,0,80000,80000,79000
2010-07-13,1.96,80000,0(0.00 %),34120,2732600000,0,0,82000,82000,80000
2010-07-14,1.96,80000,0(0.00 %),22500,1801000000,0,0,80500,80500,80000
2010-07-15,1.96,80000,0(0.00 %),10780,845035000,0,0,78000,80000,78000
2010-07-16,1.96,80000,0(0.00 %),29550,2364700000,0,0,81000,81000,80000
2010-07-19,1.96,80000,0(0.00 %),11420,913475000,0,0,80000,80000,79500
2010-07-20,1.96,80000,0(0.00 %),2200,177250000,0,0,81000,81000,80000
2010-07-21,1.96,80000,0(0.00 %),25740,1984735000,0,0,80000,80000,76000
2010-07-22,1.88,77000,-3(-3.75 %),2660,204820000,0,0,77000,77000,77000
2010-07-23,1.93,79000,2(2.60 %),13410,1018610000,0,0,77000,79000,73500
2010-07-26,1.85,75500,-3.5(-4.43 %),22810,1728455000,0,0,76500,77000,75500
2010-07-27,1.76,72000,-3.5(-4.64 %),50940,3669350000,0,0,74000,75000,72000
2010-07-28,1.7,69500,-2.5(-3.47 %),11130,776335000,0,0,69500,75000,69500
2010-07-29,1.69,69000,-0.5(-0.72 %),53300,3674525000,0,0,67000,72500,67000
2010-07-30,1.76,72000,3(4.35 %),21270,1493120000,0,0,70000,72000,69000
2010-08-02,1.79,73000,1(1.39 %),17200,1257065000,0,0,73500,73500,72000
2010-08-03,1.79,73000,0(0.00 %),15430,1103725000,0,0,73500,73500,71000
2010-08-04,1.76,72000,-1(-1.37 %),13960,986730000,0,0,72500,72500,70000
2010-08-05,1.71,70000,-2(-2.78 %),9400,675820000,0,0,71500,73000,70000
2010-08-06,1.69,69000,-1(-1.43 %),2050,141475000,100000,6800000000,69500,69500,69000
2010-08-09,1.69,69000,0(0.00 %),1710,118390000,0,0,71000,71000,69000
2010-08-10,1.62,66000,-3(-4.35 %),66480,4438930000,0,0,69000,69000,66000
2010-08-11,1.66,68000,2(3.03 %),72680,4905765000,0,0,69000,69000,66500
2010-08-12,1.6,65500,-2.5(-3.68 %),54400,3585065000,0,0,69500,69500,65000
2010-08-13,1.65,67500,2(3.05 %),54540,3603175000,0,0,67500,67500,64500
2010-08-16,1.71,70000,2.5(3.70 %),3870,268140000,0,0,69000,70000,69000
2010-08-17,1.65,67500,-2.5(-3.57 %),36710,2474190000,0,0,67500,71000,67000
2010-08-18,1.63,66500,-1(-1.48 %),24930,1669070000,0,0,67000,67000,66500
2010-08-19,1.63,66500,0(0.00 %),29000,1928500000,0,0,66500,66500,66500
2010-08-20,1.65,65500,1(1.55 %),630,41295000,100000,6600000000,66500,66500,65000
2010-08-23,1.69,67000,1.5(2.29 %),5760,385535000,0,0,66000,67000,64500
2010-08-24,1.63,64500,-2.5(-3.73 %),4200,272800000,0,0,67000,67000,64500
2010-08-25,1.58,62500,-2(-3.10 %),68790,4314160000,0,0,64500,64500,62500
2010-08-26,1.59,63000,0.5(0.80 %),38060,2364835000,0,0,62000,65000,61500
2010-08-27,1.6,63500,0.5(0.79 %),20620,1299360000,40000,2400000000,63000,63500,63000
2010-08-30,1.68,66500,3(4.72 %),430,28315000,0,0,65000,66500,65000
2010-08-31,1.69,67000,0.5(0.75 %),7050,463785000,0,0,66500,67500,64000
2010-09-01,1.68,66500,-0.5(-0.75 %),7910,512035000,0,0,66000,68000,64500
2010-09-06,1.69,67000,0.5(0.75 %),8050,544395000,0,0,68500,68500,66000
2010-09-07,1.68,66500,-0.5(-0.75 %),700,47020000,0,0,68500,68500,66000
2010-09-08,1.69,67000,0.5(0.75 %),5930,380545000,0,0,67500,67500,64000
2010-09-09,1.65,65500,-1.5(-2.24 %),10760,702430000,0,0,64500,66000,64500
2010-09-10,1.68,66500,1(1.53 %),1060,70495000,0,0,67000,67000,66500
2010-09-13,1.63,64500,-2(-3.01 %),2310,149250000,0,0,67500,67500,64500
2010-09-14,1.63,64500,0(0.00 %),650,41605000,0,0,64500,65000,63000
2010-09-15,1.59,63000,-1.5(-2.33 %),9290,585880000,0,0,64500,64500,63000
2010-09-16,1.55,61500,-1.5(-2.38 %),9440,582875000,0,0,61000,64000,61000
2010-09-17,1.58,62500,1(1.63 %),4350,271325000,0,0,62500,62500,62000
2010-09-20,1.62,64000,1.5(2.40 %),6490,409690000,0,0,62500,64000,62500
2010-09-21,1.62,64000,0(0.00 %),3800,241100000,0,0,63500,64000,63000
2010-09-22,1.62,64000,0(0.00 %),141080,8973575000,0,0,64000,64000,63500
2010-09-23,1.6,63500,-0.5(-0.78 %),11620,735210000,0,0,63500,63500,63000
2010-09-24,1.59,63000,-0.5(-0.79 %),1190,74935000,0,0,62000,63500,62000
2010-09-27,1.59,63000,0(0.00 %),1110,69590000,0,0,62000,64000,62000
2010-09-28,1.59,63000,0(0.00 %),9690,610465000,0,0,63000,63000,62500
2010-09-29,1.56,62000,-1(-1.59 %),184120,11477395000,0,0,63000,63000,62000
2010-09-30,1.58,62500,0.5(0.81 %),52810,3274780000,0,0,62000,62500,62000
2010-10-01,1.55,61500,-1(-1.60 %),56700,3538250000,0,0,62500,62500,61500
2010-10-04,1.58,62500,1(1.63 %),29680,1842745000,0,0,64000,64000,61500
2010-10-05,1.59,63000,0.5(0.80 %),6250,390775000,0,0,62500,63000,62500
2010-10-06,1.59,63000,0(0.00 %),7460,471785000,0,0,63000,64000,62500
2010-10-07,1.6,63500,0.5(0.79 %),2720,169730000,0,0,60500,64500,60500
2010-10-08,1.6,63500,0(0.00 %),1000,63500000,0,0,63500,63500,63500
2010-10-11,1.58,62500,-1(-1.57 %),6800,425700000,0,0,63500,63500,62500
2010-10-12,1.56,62000,-0.5(-0.80 %),3740,232915000,0,0,62000,64000,62000
2010-10-13,1.56,62000,0(0.00 %),25350,1571700000,0,0,62000,62000,62000
2010-10-14,1.56,62000,0(0.00 %),107860,6687350000,0,0,62000,62500,62000
2010-10-15,1.55,61500,-0.5(-0.81 %),1660,102110000,0,0,63500,63500,61500
2010-10-18,1.55,61500,0(0.00 %),970,60145000,0,0,64000,64000,61500
2010-10-19,1.55,61500,0(0.00 %),4840,296655000,0,0,60500,62000,60500
2010-10-20,1.54,61000,-0.5(-0.81 %),19210,1172975000,0,0,62000,62000,61000
2010-10-21,1.56,62000,1(1.64 %),62240,3796600000,0,0,60500,64000,60500
2010-10-22,1.55,61500,-0.5(-0.81 %),1370,84255000,0,0,61500,61500,61500
2010-10-25,1.58,62500,1(1.63 %),3310,204225000,0,0,61500,62500,61500
2010-10-26,1.6,63500,1(1.60 %),8830,566715000,0,0,65000,65000,63500
2010-10-27,1.59,63000,-0.5(-0.79 %),1510,94730000,0,0,63500,63500,62500
2010-10-28,1.58,62500,-0.5(-0.79 %),2390,148400000,0,0,63000,63000,62000
2010-10-29,1.56,62000,-0.5(-0.80 %),4100,252840000,0,0,62000,63000,61500
2010-11-01,1.59,63000,1(1.61 %),4570,279950000,0,0,62000,63000,61000
2010-11-02,1.6,63500,0.5(0.79 %),30010,1887870000,0,0,62500,63500,62500
2010-11-03,1.6,63500,0(0.00 %),12810,812340000,0,0,64000,64000,63000
2010-11-04,1.62,64000,0.5(0.79 %),2310,146690000,0,0,63500,64000,63500
2010-11-05,1.64,65000,1(1.56 %),4880,315940000,1500000,94500000000,64000,65000,63500
2010-11-08,1.64,65000,0(0.00 %),7150,464750000,0,0,65000,65000,65000
2010-11-09,1.59,63000,-2(-3.08 %),61410,3867735000,0,0,63000,63000,62500
2010-11-10,1.59,63000,0(0.00 %),46690,2947825000,0,0,64000,64000,63000
2010-11-11,1.56,62000,-1(-1.59 %),145150,9030800000,0,0,64000,64000,62000
2010-11-12,1.56,62000,0(0.00 %),66500,4123000000,0,0,62000,62000,62000
2010-11-15,1.56,62000,0(0.00 %),2290,142270000,0,0,62000,62500,61500
2010-11-16,1.56,62000,0(0.00 %),2090,129200000,0,0,61500,62000,61500
2010-11-17,1.56,62000,0(0.00 %),29920,1854290000,0,0,62000,62000,61500
2010-11-18,1.59,63000,1(1.61 %),7840,491140000,0,0,62000,63000,62000
2010-11-19,1.59,63000,0(0.00 %),1310,82530000,0,0,63000,63000,63000
2010-11-22,1.56,62000,-1(-1.59 %),580,35960000,0,0,62000,62000,62000
2010-11-23,1.55,61500,-0.5(-0.81 %),3550,219640000,0,0,63000,63000,61500
2010-11-24,1.59,63000,1.5(2.44 %),7150,445620000,0,0,62500,63000,62000
2010-11-25,1.58,62500,-0.5(-0.79 %),9090,573330000,0,0,63000,63500,62500
2010-11-26,1.59,63000,0.5(0.80 %),7910,487040000,0,0,62000,63000,61500
2010-11-29,1.56,62000,-1(-1.59 %),8840,544150000,0,0,62000,62000,61500
2010-11-30,1.55,61500,-0.5(-0.81 %),12640,786850000,0,0,63000,63000,61500
2010-12-01,1.56,62000,0.5(0.81 %),12680,783550000,0,0,61500,62500,61500
2010-12-02,1.59,63000,1(1.61 %),6490,406665000,0,0,61500,63000,61500
2010-12-03,1.59,63000,0(0.00 %),9000,567300000,0,0,63000,63500,63000
2010-12-06,1.62,64000,1(1.59 %),8820,563395000,0,0,63500,64500,63500
2010-12-07,1.6,63500,-0.5(-0.78 %),7920,501920000,0,0,63500,63500,63000
2010-12-08,1.59,63000,-0.5(-0.79 %),6700,419900000,0,0,63500,63500,62000
2010-12-09,1.6,63500,0.5(0.79 %),11510,719185000,0,0,63500,63500,62000
2010-12-10,1.62,64000,0.5(0.79 %),8120,508020000,0,0,63000,64000,62000
2010-12-13,1.65,65500,1.5(2.34 %),6490,417385000,0,0,66000,66000,64000
2010-12-14,1.62,64000,-1.5(-2.29 %),1710,107990000,0,0,64000,64000,63000
2010-12-15,1.62,64000,0(0.00 %),1590,100870000,0,0,65000,65000,63000
2010-12-16,1.56,62000,-2(-3.12 %),4020,249730000,0,0,62000,62500,62000
2010-12-17,1.59,63000,1(1.61 %),7010,436080000,0,0,62000,63000,62000
2010-12-20,1.59,63000,0(0.00 %),4470,281610000,0,0,63000,63000,63000
2010-12-21,1.59,63000,0(0.00 %),13850,870615000,0,0,62500,63000,62000
2010-12-22,1.59,63000,0(0.00 %),6080,382940000,0,0,62500,63000,62500
2010-12-23,1.58,62500,-0.5(-0.79 %),11600,725000000,0,0,62500,62500,62500
2010-12-24,1.58,62500,0(0.00 %),200,12500000,0,0,62500,62500,62500
2010-12-27,1.58,62500,0(0.00 %),5760,362250000,0,0,64000,64000,62500
2010-12-28,1.59,63000,0.5(0.80 %),11000,686500000,0,0,61000,63000,61000
2010-12-29,1.59,63000,0(0.00 %),14960,939255000,0,0,62000,63000,62000
2010-12-30,1.59,63000,0(0.00 %),13000,813700000,620000,39060000000,63500,63500,62500
2010-12-31,1.59,63000,0(0.00 %),24500,1532000000,0,0,62500,63000,62000
2011-01-04,1.58,62500,-0.5(-0.79 %),16700,1044500000,0,0,63500,63500,62500
2011-01-05,1.58,62500,0(0.00 %),2720,169990000,0,0,62500,62500,62000
2011-01-06,1.63,62500,2(3.31 %),10550,659375000,0,0,62500,62500,62500
2011-01-07,1.63,62500,0(0.00 %),5890,370015000,0,0,64000,64000,62500
2011-01-10,1.62,62000,-0.5(-0.80 %),100,6200000,0,0,62000,62000,62000
2011-01-11,1.59,61000,-1(-1.61 %),3730,226680000,0,0,61500,61500,60500
2011-01-12,1.58,60500,-0.5(-0.82 %),2630,159415000,0,0,60500,61000,60500
2011-01-13,1.62,62000,1.5(2.48 %),4450,273700000,0,0,60000,62000,60000
2011-01-14,1.59,61000,-1(-1.61 %),5000,305000000,0,0,61000,61000,61000
2011-01-17,1.58,60500,-0.5(-0.82 %),360,21935000,0,0,61000,61000,60500
2011-01-18,1.59,61000,0.5(0.83 %),1240,76135000,0,0,62500,62500,61000
2011-01-19,1.59,61000,0(0.00 %),2100,127600000,0,0,61000,61000,60500
2011-01-20,1.59,61000,0(0.00 %),0,0,0,0,61000,61000,61000
2011-01-21,1.62,62000,1(1.64 %),4330,265360000,0,0,62000,62000,61000
2011-01-24,1.6,61500,-0.5(-0.81 %),16500,1015750000,0,0,62500,62500,61500
2011-01-25,1.59,61000,-0.5(-0.81 %),2480,151040000,0,0,60500,61000,60500
2011-01-26,1.6,61500,0.5(0.82 %),5980,365780000,0,0,61000,61500,61000
2011-01-27,1.62,62000,0.5(0.81 %),9090,559790000,0,0,62000,62000,61500
2011-01-28,1.63,62500,0.5(0.81 %),6540,407290000,0,0,62500,62500,60500
2011-02-08,1.63,62500,0(0.00 %),0,0,0,0,62500,62500,62500
2011-02-09,1.64,63000,0.5(0.80 %),4190,261880000,0,0,62500,63000,62500
2011-02-10,1.62,62000,-1(-1.59 %),6100,377700000,0,0,62000,62000,61500
2011-02-11,1.63,62500,0.5(0.81 %),5010,308125000,0,0,61500,62500,61500
2011-02-14,1.6,61500,-1(-1.60 %),30140,1860315000,0,0,62500,62500,61500
2011-02-15,1.6,61500,0(0.00 %),4410,270715000,0,0,61000,61500,61000
2011-02-16,1.67,64000,2.5(4.07 %),52790,3321950000,0,0,62500,64000,62500
2011-02-17,1.75,67000,3(4.69 %),30470,2041490000,0,0,67000,67000,67000
2011-02-18,1.76,67500,0.5(0.75 %),40550,2776685000,0,0,69000,69000,67000
2011-02-21,1.68,64500,-3(-4.44 %),6550,424595000,0,0,65500,67000,64500
2011-02-22,1.67,64000,-0.5(-0.78 %),9770,620315000,0,0,62500,65000,62500
2011-02-23,1.72,66000,2(3.12 %),19150,1255450000,0,0,66000,67000,65000
2011-02-24,1.72,66000,0(0.00 %),24830,1670220000,0,0,68000,68000,65500
2011-02-25,1.68,64500,-1.5(-2.27 %),2390,155410000,0,0,66000,66000,64500
2011-02-28,1.71,65500,1(1.55 %),2590,170280000,0,0,66000,66000,65500
2011-03-01,1.71,65500,0(0.00 %),10950,727100000,0,0,67500,67500,65000
2011-03-02,1.69,65000,-0.5(-0.76 %),14450,909380000,0,0,66500,66500,62500
2011-03-03,1.67,64000,-1(-1.54 %),1410,89665000,0,0,62500,65000,62500
2011-03-04,1.64,63000,-1(-1.56 %),5560,350295000,0,0,64500,64500,63000
2011-03-07,1.64,63000,0(0.00 %),870,55260000,0,0,64500,64500,63000
2011-03-08,1.67,64000,1(1.59 %),490,31205000,54710,3610860000,64500,64500,63000
2011-03-09,1.64,63000,-1(-1.56 %),1050,66150000,0,0,63000,63000,63000
2011-03-10,1.69,65000,2(3.17 %),8700,565500000,0,0,65000,65000,65000
2011-03-11,1.69,65000,0(0.00 %),1310,84910000,0,0,65000,65000,64000
2011-03-14,1.66,63500,-1.5(-2.31 %),4250,271670000,0,0,64500,65000,63500
2011-03-15,1.66,63500,0(0.00 %),820,52195000,0,0,64000,64000,63500
2011-03-16,1.67,64000,0.5(0.79 %),4680,298340000,0,0,64000,64000,63500
2011-03-17,1.67,64000,0(0.00 %),18790,1201010000,0,0,64000,64000,63500
2011-03-18,1.67,64000,0(0.00 %),2950,188300000,0,0,64000,64000,63500
2011-03-21,1.69,65000,1(1.56 %),5130,330950000,20000,1340000000,64500,65000,64500
2011-03-22,1.69,65000,0(0.00 %),680,43990000,24030,1634040000,63500,66500,63500
2011-03-23,1.68,64500,-0.5(-0.77 %),470,30440000,50000,3400000000,65000,65000,64500
2011-03-24,1.69,65000,0.5(0.78 %),690,44510000,0,0,64500,65000,64500
2011-03-25,1.68,64500,-0.5(-0.77 %),2670,172000000,0,0,65000,65000,64000
2011-03-28,1.66,63500,-1(-1.55 %),22820,1454905000,0,0,64500,64500,63500
2011-03-29,1.66,63500,0(0.00 %),4450,283500000,0,0,64000,64500,63500
2011-03-30,1.66,63500,0(0.00 %),3960,250960000,0,0,63500,63500,63000
2011-03-31,1.67,64000,0.5(0.79 %),8600,543825000,0,0,63000,64000,63000
2011-04-01,1.67,64000,0(0.00 %),840,53155000,0,0,64000,64000,63000
2011-04-04,1.67,64000,0(0.00 %),2960,187970000,0,0,63000,64000,63000
2011-04-05,1.64,63000,-1(-1.56 %),5090,321670000,0,0,63500,63500,63000
2011-04-06,1.64,63000,0(0.00 %),3410,214080000,0,0,63000,63000,62500
2011-04-07,1.63,62500,-0.5(-0.79 %),1080,67500000,0,0,62500,62500,62500
2011-04-08,1.63,62500,0(0.00 %),840,52500000,0,0,62500,62500,62500
2011-04-13,1.63,62500,0(0.00 %),8740,537710000,0,0,61500,62500,61500
2011-04-14,1.63,62500,0(0.00 %),6900,431000000,0,0,62500,62500,62000
2011-04-15,1.63,62500,0(0.00 %),2110,131615000,0,0,61500,62500,61500
2011-04-18,1.63,62500,0(0.00 %),10490,653875000,0,0,62000,62500,61500
2011-04-19,1.64,63000,0.5(0.80 %),8490,539090000,0,0,63500,63500,63000
2011-04-20,1.63,62500,-0.5(-0.79 %),1200,75050000,0,0,63000,63000,62500
2011-04-21,1.64,63000,0.5(0.80 %),10230,641875000,0,0,63000,63000,62500
2011-04-22,1.63,62500,-0.5(-0.79 %),4750,297990000,0,0,63000,63000,62000
2011-04-25,1.64,63000,0.5(0.80 %),4770,300580000,0,0,63500,63500,63000
2011-04-26,1.63,62500,-0.5(-0.79 %),2100,131250000,0,0,62500,62500,62500
2011-04-27,1.63,62500,0(0.00 %),16380,1023750000,0,0,62500,62500,62500
2011-04-28,1.63,62500,0(0.00 %),1780,111265000,0,0,62500,63000,62500
2011-04-29,1.63,62500,0(0.00 %),13160,821655000,0,0,63000,63000,62000
2011-05-04,1.63,62500,0(0.00 %),1600,100000000,0,0,62500,62500,62500
2011-05-05,1.64,63000,0.5(0.80 %),10120,636060000,0,0,62500,63000,62500
2011-05-06,1.64,63000,0(0.00 %),2970,187110000,0,0,63000,63000,63000
2011-05-09,1.64,63000,0(0.00 %),6300,404400000,0,0,64500,64500,63000
2011-05-10,1.62,62000,-1(-1.59 %),6140,384120000,0,0,63000,63000,62000
2011-05-11,1.64,63000,1(1.61 %),2030,126790000,0,0,62000,63000,62000
2011-05-12,1.62,62000,-1(-1.59 %),2100,130275000,0,0,62000,62500,62000
2011-05-13,1.62,62000,0(0.00 %),2910,180470000,0,0,62000,63000,62000
2011-05-16,1.63,62500,0.5(0.81 %),8080,509980000,0,0,64000,64000,62000
2011-05-17,1.6,61500,-1(-1.60 %),10330,639055000,0,0,62000,62500,61500
2011-05-18,1.6,57200,-0.2(-0.65 %),5360,164421000,0,0,57200,57200,57200
2011-05-19,1.58,30300,-0.3(-0.98 %),8490,258902000,0,0,30600,30600,30300
2011-05-20,1.57,30200,-0.1(-0.33 %),5700,172490000,0,0,30300,30300,30200
2011-05-23,1.53,29400,-0.8(-2.65 %),12880,386047000,0,0,30200,30300,29400
2011-05-24,1.51,29000,-0.4(-1.36 %),7410,216504000,0,0,29400,29900,29000
2011-05-25,1.51,29000,0(0.00 %),2130,61574000,0,0,29000,29000,28600
2011-05-26,1.51,29000,0(0.00 %),18680,537545000,0,0,28500,29000,28000
2011-05-27,1.54,29500,0.5(1.72 %),720,21240000,0,0,29500,29500,29500
2011-05-30,1.54,29500,0(0.00 %),3850,113575000,0,0,29500,29500,29500
2011-05-31,1.56,30000,0.5(1.69 %),760,22490000,0,0,29000,30000,29000
2011-06-01,1.56,30000,0(0.00 %),30100,903000000,0,0,30000,30000,30000
2011-06-02,1.57,30100,0.1(0.33 %),21390,642720000,0,0,30000,30200,30000
2011-06-03,1.58,30300,0.2(0.66 %),8300,250540000,0,0,30100,30400,30100
2011-06-06,1.62,31000,0.7(2.31 %),5060,151758000,0,0,30000,31000,29800
2011-06-07,1.64,31500,0.5(1.61 %),860,27090000,0,0,31500,31500,31500
2011-06-08,1.64,31500,0(0.00 %),310,9765000,0,0,31500,31500,31500
2011-06-09,1.66,31800,0.3(0.95 %),4270,134598000,0,0,31500,31800,31500
2011-06-10,1.67,32000,0.2(0.63 %),7810,248167000,0,0,31800,32000,31500
2011-06-13,1.69,32400,0.4(1.25 %),4530,146450000,0,0,32000,32400,32000
2011-06-14,1.7,32600,0.2(0.62 %),6570,215786000,0,0,32500,33000,32500
2011-06-15,1.69,32500,-0.1(-0.31 %),910,29590000,0,0,32500,33000,32500
2011-06-16,1.72,33000,0.5(1.54 %),160,5180000,0,0,32500,33000,32000
2011-06-17,1.69,32500,-0.5(-1.52 %),50,1625000,0,0,32500,32500,32500
2011-06-20,1.69,32500,0(0.00 %),320,10360000,0,0,33500,33500,32000
2011-06-21,1.72,33000,0.5(1.54 %),980,32340000,0,0,33000,33000,33000
2011-06-22,1.69,32500,-0.5(-1.52 %),350,11500000,0,0,33000,33000,32500
2011-06-23,1.71,32800,0.3(0.92 %),10,328000,0,0,32800,32800,32800
2011-06-24,1.67,32000,-0.8(-2.44 %),940,29900000,0,0,32500,32500,31500
2011-06-27,1.67,32000,0(0.00 %),40,1280000,0,0,32000,32000,32000
2011-06-28,1.67,32000,0(0.00 %),0,0,0,0,32000,32000,32000
2011-06-29,1.63,31200,-0.8(-2.50 %),4800,150096000,0,0,31100,32000,31100
2011-06-30,1.66,31900,0.7(2.24 %),2000,62067000,56082,1671244000,32000,32000,31000
2011-07-01,1.61,30900,-1(-3.13 %),990,30619000,0,0,30900,31700,30900
2011-07-04,1.64,31500,0.6(1.94 %),300,9433000,0,0,31400,31500,31400
2011-07-05,1.62,31000,-0.5(-1.59 %),890,27590000,0,0,31000,31000,31000
2011-07-06,1.64,31500,0.5(1.61 %),600,18900000,0,0,31500,31500,31500
2011-07-07,1.64,31500,0(0.00 %),8130,255180000,0,0,30500,32500,30500
2011-07-08,1.64,31500,0(0.00 %),50,1575000,0,0,31500,31500,31500
2011-07-11,1.65,31600,0.1(0.32 %),60,1846000,0,0,30600,31600,30600
2011-07-12,1.64,31500,-0.1(-0.32 %),1190,36420000,0,0,30600,31500,30500
2011-07-13,1.6,30600,-0.9(-2.86 %),1120,35456000,0,0,32000,32000,30600
2011-07-14,1.6,30600,0(0.00 %),0,0,0,0,30600,30600,30600
2011-07-15,1.64,31500,0.9(2.94 %),4000,125968000,0,0,31300,31500,31300
2011-07-18,1.64,31500,0(0.00 %),5190,163485000,0,0,31500,31500,31500
2011-07-19,1.67,32000,0.5(1.59 %),10,320000,0,0,32000,32000,32000
2011-07-20,1.64,31500,-0.5(-1.56 %),7390,232785000,0,0,31500,31500,31500
2011-07-21,1.67,32000,0.5(1.59 %),10,320000,0,0,32000,32000,32000
2011-07-22,1.67,32000,0(0.00 %),10,320000,0,0,32000,32000,32000
2011-07-25,1.75,33500,1.5(4.69 %),10,335000,0,0,33500,33500,33500
2011-07-26,1.66,31900,-1.6(-4.78 %),1610,51489000,0,0,32000,32000,31900
2011-07-27,1.66,31900,0(0.00 %),1610,52170000,0,0,32900,32900,31500
2011-07-28,1.64,31500,-0.4(-1.25 %),12890,406035000,0,0,31500,31500,31500
2011-07-29,1.67,32000,0.5(1.59 %),600,18945000,0,0,30500,32000,30500
2011-08-01,1.67,32000,0(0.00 %),2500,82600000,0,0,33300,33300,32000
2011-08-02,1.64,31500,-0.5(-1.56 %),450,14260000,0,0,31600,31900,31500
2011-08-03,1.62,31100,-0.4(-1.27 %),1210,37725000,0,0,31500,31500,31100
2011-08-04,1.64,31500,0.4(1.29 %),1250,39360000,0,0,31200,31500,31200
2011-08-05,1.62,31000,-0.5(-1.59 %),6010,186737000,0,0,31500,31500,31000
2011-08-08,1.61,30900,-0.1(-0.32 %),10100,313000000,0,0,30900,31000,30900
2011-08-09,1.61,30900,0(0.00 %),5210,156520000,0,0,30000,30900,30000
2011-08-10,1.66,31900,1(3.24 %),10,319000,0,0,31900,31900,31900
2011-08-11,1.59,30400,-1.5(-4.70 %),110,3368000,0,0,31600,31600,30400
2011-08-12,1.62,31100,0.7(2.30 %),860,26788000,0,0,30400,31900,30400
2011-08-15,1.67,32000,0.9(2.89 %),1060,32661000,0,0,31500,32000,30500
2011-08-16,1.61,30900,-1.1(-3.44 %),5620,173705000,0,0,30900,32000,30900
2011-08-17,1.64,31500,0.6(1.94 %),1360,42750000,0,0,32000,32000,30900
2011-08-18,1.64,31500,0(0.00 %),2580,81373000,0,0,31800,31900,31500
2011-08-19,1.64,31500,0(0.00 %),3610,113377000,0,0,30600,31500,30600
2011-08-22,1.67,32000,0.5(1.59 %),7600,242766000,0,0,31500,32000,31500
2011-08-23,1.66,31900,-0.1(-0.31 %),5620,179443000,0,0,32000,32000,31700
2011-08-24,1.68,32300,0.4(1.25 %),3920,126265000,0,0,32000,32500,32000
2011-08-25,1.69,32400,0.1(0.31 %),4420,142696000,0,0,32100,32500,32100
2011-08-26,1.72,32900,0.5(1.54 %),8630,281829000,0,0,32700,32900,32500
2011-08-29,1.72,31000,0.1(0.32 %),11070,343297000,0,0,32000,32000,30600
2011-08-30,1.72,31000,0(0.00 %),14320,443180000,0,0,30300,31000,30300
2011-08-31,1.73,31100,0.1(0.32 %),2920,92746000,0,0,31900,31900,31100
2011-09-01,1.74,31400,0.3(0.96 %),7520,233257000,0,0,31800,31800,30600
2011-09-05,1.74,31400,0(0.00 %),3730,114687000,0,0,30600,31400,30600
2011-09-06,1.72,31000,-0.4(-1.27 %),5750,177610000,0,0,30600,31000,30600
2011-09-07,1.72,30900,-0.1(-0.32 %),5410,167219000,0,0,30700,31000,30700
2011-09-08,1.7,30700,-0.2(-0.65 %),10100,317290000,0,0,31000,32000,30700
2011-09-09,1.72,31000,0.3(0.98 %),3050,94368000,0,0,31000,31000,30800
2011-09-12,1.72,31000,0(0.00 %),520,15865000,0,0,30500,31000,30500
2011-09-13,1.75,31500,0.5(1.61 %),560,17519000,0,0,31000,31900,31000
2011-09-14,1.7,30600,-0.9(-2.86 %),5400,169041000,0,0,31500,31500,30600
2011-09-15,1.7,30700,0.1(0.33 %),1130,34673000,0,0,30700,30700,30500
2011-09-16,1.72,31000,0.3(0.98 %),530,16280000,0,0,31000,31000,30700
2011-09-19,1.72,31000,0(0.00 %),3170,97219000,0,0,30500,31000,30500
2011-09-20,1.75,31500,0.5(1.61 %),15730,480101000,0,0,30700,31500,30500
2011-09-21,1.75,31500,0(0.00 %),70,2160000,0,0,31500,31500,30600
2011-09-22,1.75,31500,0(0.00 %),10560,332606000,0,0,31500,31500,31000
2011-09-23,1.67,30000,-1.5(-4.76 %),6000,183935000,0,0,31500,31500,30000
2011-09-26,1.72,31000,1(3.33 %),3400,104010000,0,0,30700,31000,30500
2011-09-27,1.74,31400,0.4(1.29 %),2550,80070000,0,0,31400,31400,31400
2011-09-28,1.74,31400,0(0.00 %),2250,70210000,0,0,31000,31400,31000
2011-09-29,1.74,31300,-0.1(-0.32 %),3820,119485000,0,0,31000,31300,31000
2011-09-30,1.74,31300,0(0.00 %),560,17378000,0,0,31000,31300,31000
2011-10-03,1.72,31000,-0.3(-0.96 %),7280,224640000,56082,1671244000,31000,31000,30500
2011-10-04,1.69,30500,-0.5(-1.61 %),1990,60755000,0,0,30600,30600,30500
2011-10-05,1.69,30500,0(0.00 %),2460,75102000,0,0,31000,31000,30500
2011-10-06,1.69,30500,0(0.00 %),2100,64050000,0,0,30500,30500,30500
2011-10-07,1.69,30500,0(0.00 %),6510,198454000,0,0,30400,30500,30400
2011-10-10,1.69,30400,-0.1(-0.33 %),1860,56589000,0,0,30500,30500,30400
2011-10-11,1.7,30600,0.2(0.66 %),6860,209499000,0,0,30600,30600,30400
2011-10-12,1.67,30100,-0.5(-1.63 %),1520,45854000,0,0,30200,30200,30100
2011-10-13,1.7,30600,0.5(1.66 %),3510,105305000,0,0,30000,30600,29900
2011-10-14,1.67,30100,-0.5(-1.63 %),2020,60920000,0,0,30500,30500,30100
2011-10-17,1.67,30000,-0.1(-0.33 %),2750,82750000,0,0,30200,30200,30000
2011-10-18,1.65,29800,-0.2(-0.67 %),3200,95950000,0,0,30000,30000,29800
2011-10-19,1.68,30200,0.4(1.34 %),4270,129240000,0,0,30000,31000,30000
2011-10-20,1.69,30500,0.3(0.99 %),60,1832000,0,0,30700,30700,30500
2011-10-21,1.68,30200,-0.3(-0.98 %),5600,169025000,0,0,30000,30400,30000
2011-10-24,1.67,30000,-0.2(-0.66 %),1840,55210000,0,0,31000,31000,30000
2011-10-25,1.67,30000,0(0.00 %),2920,87600000,0,0,30000,30000,30000
2011-10-26,1.69,30400,0.4(1.33 %),5460,163804000,0,0,30000,30400,30000
2011-10-27,1.67,30000,-0.4(-1.32 %),1120,33600000,0,0,30000,30000,30000
2011-10-28,1.7,30700,0.7(2.33 %),3040,92320000,0,0,30000,30700,30000
2011-10-31,1.67,30000,-0.7(-2.28 %),1300,39000000,0,0,30000,30000,30000
2011-11-01,1.67,30000,0(0.00 %),2120,63600000,0,0,30000,30000,30000
2011-11-02,1.69,30400,0.4(1.33 %),590,17736000,0,0,30000,30400,30000
2011-11-03,1.65,29700,-0.7(-2.30 %),400,12060000,0,0,30000,30500,29700
2011-11-04,1.65,29800,0.1(0.34 %),2790,83286000,0,0,29800,30000,29800
2011-11-07,1.64,29500,-0.3(-1.01 %),10610,313045000,0,0,29800,29800,29500
2011-11-08,1.67,30000,0.5(1.69 %),10,300000,0,0,30000,30000,30000
2011-11-09,1.67,30000,0(0.00 %),1290,38220000,0,0,29600,30000,29600
2011-11-10,1.67,30000,0(0.00 %),70,2100000,0,0,30000,30000,30000
2011-11-11,1.66,29900,-0.1(-0.33 %),3600,107440000,0,0,29500,29900,29500
2011-11-14,1.58,28500,-1.4(-4.68 %),3320,96102000,0,0,31200,31200,28500
2011-11-15,1.62,29100,0.6(2.11 %),120,3492000,0,0,29100,29100,29100
2011-11-16,1.63,29300,0.2(0.69 %),2580,74346000,0,0,29000,29500,28500
2011-11-17,1.64,29500,0.2(0.68 %),4050,118775000,0,0,28800,29500,28800
2011-11-18,1.64,29500,0(0.00 %),5100,149850000,0,0,28500,29500,28500
2011-11-21,1.65,29700,0.2(0.68 %),12500,370710000,0,0,28500,29700,28500
2011-11-22,1.64,29500,-0.2(-0.67 %),5110,150735000,0,0,29400,29500,29400
2011-11-23,1.64,29500,0(0.00 %),1000,29500000,0,0,29500,29500,29500
2011-11-24,1.64,29500,0(0.00 %),5900,172450000,0,0,28300,29500,28300
2011-11-25,1.63,29400,-0.1(-0.34 %),1160,34074000,0,0,29200,29400,29200
2011-11-28,1.64,29500,0.1(0.34 %),3640,106446000,0,0,29400,29500,28800
2011-11-29,1.64,29500,0(0.00 %),7000,206500000,0,0,29500,29500,29500
2011-11-30,1.64,29500,0(0.00 %),1070,31565000,0,0,29500,29500,29500
2011-12-01,1.61,29000,-0.5(-1.69 %),3580,103820000,0,0,29000,29000,29000
2011-12-02,1.62,29100,0.1(0.34 %),2110,61335000,0,0,28500,29100,28500
2011-12-05,1.61,29000,-0.1(-0.34 %),1310,38006000,0,0,28600,29100,28600
2011-12-06,1.6,28900,-0.1(-0.34 %),14520,417444000,0,0,29000,29000,28500
2011-12-07,1.6,28800,-0.1(-0.35 %),17600,502800000,0,0,28500,28800,28500
2011-12-08,1.6,28800,0(0.00 %),0,0,0,0,28800,28800,28800
2011-12-09,1.55,27900,-0.9(-3.12 %),24900,700352000,0,0,28200,28200,27900
2011-12-12,1.55,27900,0(0.00 %),9340,258450000,0,0,27900,27900,27500
2011-12-13,1.52,27400,-0.5(-1.79 %),1230,33702000,0,0,27400,27400,27400
2011-12-14,1.5,27000,-0.4(-1.46 %),13610,367640000,0,0,27300,27300,27000
2011-12-15,1.47,26500,-0.5(-1.85 %),21060,558000000,0,0,26500,26600,26400
2011-12-16,1.47,26500,0(0.00 %),0,0,0,0,26500,26500,26500
2011-12-19,1.5,27100,0.6(2.26 %),1490,40104000,0,0,27800,27800,26500
2011-12-20,1.53,27600,0.5(1.85 %),6510,179496000,0,0,26800,27700,26800
2011-12-21,1.53,27600,0(0.00 %),4050,111576000,0,0,27600,27600,27500
2011-12-22,1.53,27600,0(0.00 %),3650,100740000,0,0,27600,27600,27600
2011-12-23,1.53,27500,-0.1(-0.36 %),2750,75464000,0,0,27000,27600,27000
2011-12-26,1.45,26200,-1.3(-4.73 %),77170,2053004000,0,0,28700,28700,26200
2011-12-27,1.4,25300,-0.9(-3.44 %),54960,1368938000,0,0,25000,27500,24900
2011-12-28,1.47,26500,1.2(4.74 %),3890,102728000,0,0,26000,26500,26000
2011-12-29,1.54,25700,1.2(4.90 %),2220,56734000,0,0,24650,25700,24650
2011-12-30,1.58,26300,0.6(2.33 %),5010,131761000,0,0,26100,26300,26100
2012-01-03,1.51,25100,-1.2(-4.56 %),4100,103900000,0,0,26000,26000,25100
2012-01-04,1.56,26000,0.9(3.59 %),1030,25570000,0,0,24800,26200,24800
2012-01-05,1.53,25500,-0.5(-1.92 %),3510,89505000,0,0,25500,25500,25500
2012-01-06,1.56,25900,0.4(1.57 %),540,13986000,0,0,25900,25900,25900
2012-01-09,1.56,25900,0(0.00 %),1860,48026000,0,0,25800,25900,25600
2012-01-10,1.56,25900,0(0.00 %),10,259000,0,0,25900,25900,25900
2012-01-11,1.61,26800,0.9(3.47 %),500,13400000,0,0,26800,26800,26800
2012-01-12,1.56,26000,-0.8(-2.99 %),8310,216060000,0,0,26000,26000,26000
2012-01-13,1.56,26000,0(0.00 %),0,0,0,0,26000,26000,26000
2012-01-16,1.59,26400,0.4(1.54 %),720,18324000,0,0,27000,27000,25000
2012-01-17,1.59,26400,0(0.00 %),9130,241032000,0,0,26400,26400,26400
2012-01-18,1.59,26500,0.1(0.38 %),20,530000,0,0,26500,26500,26500
2012-01-19,1.65,27400,0.9(3.40 %),20,548000,0,0,27400,27400,27400
2012-01-20,1.68,28000,0.6(2.19 %),1070,28460000,0,0,27000,28000,26400
2012-01-30,1.62,27000,-1(-3.57 %),1210,32730000,0,0,26700,28000,26700
2012-01-31,1.68,28000,1(3.70 %),2520,67209000,0,0,26100,28000,26100
2012-02-01,1.63,27100,-0.9(-3.21 %),430,11941000,0,0,28000,28000,27100
2012-02-02,1.68,28000,0.9(3.32 %),3350,93289000,0,0,27300,28000,27300
2012-02-03,1.63,27200,-0.8(-2.86 %),2870,79619000,0,0,28000,28000,27200
2012-02-06,1.69,28100,0.9(3.31 %),3000,81609000,0,0,27200,28100,27200
2012-02-07,1.69,28100,0(0.00 %),130,3643000,0,0,28000,28100,28000
2012-02-08,1.69,28200,0.1(0.36 %),600,17050000,0,0,29300,29300,28100
2012-02-09,1.71,28400,0.2(0.71 %),8910,251585000,0,0,28000,28500,28000
2012-02-10,1.7,28300,-0.1(-0.35 %),28190,798619000,0,0,28400,28500,28100
2012-02-13,1.68,28000,-0.3(-1.06 %),620,17620000,0,0,28500,28500,28000
2012-02-14,1.71,28500,0.5(1.79 %),1000,28490000,0,0,28400,28500,28400
2012-02-15,1.67,27800,-0.7(-2.46 %),1700,47330000,0,0,28500,28500,27800
2012-02-16,1.67,27800,0(0.00 %),3910,109026000,0,0,28400,28400,27800
2012-02-17,1.71,28400,0.6(2.16 %),7400,210263000,0,0,28500,28500,28400
2012-02-20,1.74,29000,0.6(2.11 %),5620,158999000,0,0,29200,29200,28000
2012-02-21,1.72,28700,-0.3(-1.03 %),4380,126315000,0,0,29100,29100,28700
2012-02-22,1.76,29300,0.6(2.09 %),240,6904000,0,0,29700,29700,27800
2012-02-23,1.78,29600,0.3(1.02 %),730,21078000,0,0,28500,29600,28500
2012-02-24,1.78,29600,0(0.00 %),3200,96014000,0,0,30300,30300,29000
2012-02-27,1.83,30500,0.9(3.04 %),9730,293620000,0,0,30000,30500,30000
2012-02-28,1.74,29000,-1.5(-4.92 %),3850,112375000,0,0,30000,30000,29000
2012-02-29,1.78,29600,0.6(2.07 %),9070,268912000,0,0,30400,30400,29500
2012-03-01,1.75,29200,-0.4(-1.35 %),750,21925000,0,0,29000,30000,29000
2012-03-02,1.78,29600,0.4(1.37 %),4830,142764000,0,0,29500,29600,29400
2012-03-05,1.86,31000,1.4(4.73 %),13210,403980000,0,0,30000,31000,29900
2012-03-06,1.8,30000,-1(-3.23 %),14520,440429000,0,0,31000,31000,29900
2012-03-07,1.78,29600,-0.4(-1.33 %),6970,205608000,0,0,29500,29900,29100
2012-03-08,1.74,28900,-0.7(-2.36 %),3510,101800000,0,0,30000,30000,28900
2012-03-09,1.69,28200,-0.7(-2.42 %),16170,460825000,0,0,29000,29000,28000
2012-03-12,1.68,28000,-0.2(-0.71 %),7190,201685000,0,0,28200,28400,28000
2012-03-13,1.7,28300,0.3(1.07 %),17830,500665000,0,0,28000,28300,28000
2012-03-14,1.69,28200,-0.1(-0.35 %),4930,140395000,0,0,29400,29400,28200
2012-03-15,1.72,28700,0.5(1.77 %),16400,466933000,0,0,28500,28700,28200
2012-03-16,1.71,28500,-0.2(-0.70 %),29120,824778000,0,0,29500,29500,28000
2012-03-19,1.69,28100,-0.4(-1.40 %),26000,731131000,0,0,28200,28200,28100
2012-03-20,1.74,28900,0.8(2.85 %),6000,172390000,0,0,28000,28900,28000
2012-03-21,1.74,29000,0.1(0.35 %),16810,484325000,0,0,29000,29000,28600
2012-03-22,1.71,28500,-0.5(-1.72 %),21660,619230000,0,0,28700,28900,28200
2012-03-23,1.7,28300,-0.2(-0.70 %),51550,1463535000,0,0,28500,28800,28300
2012-03-26,1.77,29400,1.1(3.89 %),95960,2743451000,0,0,28400,29700,28300
2012-03-27,1.72,28600,-0.8(-2.72 %),9060,261241000,0,0,29000,29500,28600
2012-03-28,1.72,28600,0(0.00 %),66000,1887600000,0,0,28600,28600,28600
2012-03-29,1.71,28500,-0.1(-0.35 %),24240,691015000,0,0,28600,28600,28300
2012-03-30,1.71,28500,0(0.00 %),24280,680100000,0,0,28100,28500,28000
2012-04-03,1.71,28400,-0.1(-0.35 %),27050,763260000,0,0,28600,28600,28000
2012-04-04,1.68,28000,-0.4(-1.41 %),30420,852905000,0,0,28200,28400,28000
2012-04-05,1.68,28000,0(0.00 %),15620,436673000,0,0,27900,28000,27800
2012-04-06,1.68,27900,-0.1(-0.36 %),13790,386410000,0,0,28000,28100,27900
2012-04-09,1.68,27900,0(0.00 %),15060,420966000,0,0,27900,28600,27900
2012-04-10,1.68,28000,0.1(0.36 %),34260,959499000,0,0,28000,28200,28000
2012-04-11,1.72,28600,0.6(2.14 %),20530,584943000,0,0,29000,29000,28100
2012-04-12,1.72,28600,0(0.00 %),14990,430829000,0,0,29200,29200,28000
2012-04-13,1.71,28400,-0.2(-0.70 %),6090,172972000,0,0,28100,28600,28100
2012-04-16,1.71,28500,0.1(0.35 %),19320,549384000,0,0,28200,28700,28200
2012-04-17,1.8,29900,1.4(4.91 %),100510,2976982000,0,0,28500,29900,28500
2012-04-18,1.88,31300,1.4(4.68 %),89140,2784279000,0,0,31300,31300,30000
2012-04-19,1.84,30700,-0.6(-1.92 %),17310,527978000,0,0,31800,31800,30000
2012-04-20,1.86,31000,0.3(0.98 %),3550,108280000,0,0,29600,31000,29600
2012-04-23,1.83,30500,-0.5(-1.61 %),25990,787802000,0,0,31400,31400,30000
2012-04-24,1.86,30900,0.4(1.31 %),19970,607724000,0,0,30500,30900,29800
2012-04-25,1.95,32400,1.5(4.85 %),34530,1094792000,0,0,30900,32400,30800
2012-04-26,2.04,34000,1.6(4.94 %),107680,3641488000,0,0,33500,34000,33000
2012-04-27,2.14,35700,1.7(5.00 %),113660,4032968000,0,0,34900,35700,34500
2012-05-02,2.16,35900,0.2(0.56 %),27590,995616000,0,0,35000,37000,34700
2012-05-03,2.05,34200,-1.7(-4.74 %),28380,985449000,0,0,35900,35900,34200
2012-05-04,2.14,35600,1.4(4.09 %),52560,1852166000,0,0,34200,35900,34200
2012-05-07,2.22,37000,1.4(3.93 %),73310,2664395000,0,0,36500,37200,35300
2012-05-08,2.33,38800,1.8(4.86 %),162580,6254430000,0,0,37000,38800,37000
2012-05-09,2.44,40700,1.9(4.90 %),169940,6884020000,0,0,40200,40700,39500
2012-05-10,2.44,40700,0(0.00 %),154610,6329892000,0,0,41900,42000,39100
2012-05-11,2.43,40500,-0.2(-0.49 %),86860,3485569000,0,0,40300,40800,39200
2012-05-14,2.31,38500,-2(-4.94 %),103120,3992478000,0,0,39800,39800,38500
2012-05-15,2.22,36900,-1.6(-4.16 %),66950,2499136000,0,0,37000,40100,36600
2012-05-16,2.13,35400,-1.5(-4.07 %),29380,1046394000,0,0,37000,37900,35100
2012-05-17,2.02,33700,-1.7(-4.80 %),36740,1270517000,0,0,35100,35400,33700
2012-05-18,1.93,32100,-1.6(-4.75 %),99980,3215694000,0,0,34400,34400,32100
2012-05-21,2.02,33700,1.6(4.98 %),238860,7588472000,0,0,31500,33700,30600
2012-05-22,2.12,35300,1.6(4.75 %),41300,1432505000,0,0,35000,35300,33000
2012-05-23,2.02,33600,-1.7(-4.82 %),24580,838246000,0,0,36400,36400,33600
2012-05-24,1.95,32500,-1.1(-3.27 %),13740,444791000,0,0,35000,35000,32200
2012-05-25,2.05,34100,1.6(4.92 %),103190,3452077000,0,0,34000,34100,32500
2012-05-28,1.99,33100,-1(-2.93 %),55540,1864609000,0,0,35500,35500,33000
2012-05-29,2.01,33500,0.4(1.21 %),41450,1336678000,0,0,32000,33500,31800
2012-05-30,2.01,33500,0(0.00 %),11090,365853000,0,0,33500,33500,32200
2012-05-31,1.92,32000,-1.5(-4.48 %),19490,624015000,0,0,32300,32300,32000
2012-06-01,1.95,32500,0.5(1.56 %),5630,180020000,0,0,32000,32500,31700
2012-06-04,1.86,31000,-1.5(-4.62 %),35380,1101378000,0,0,31200,32000,30900
2012-06-05,1.94,32300,1.3(4.19 %),4030,128235000,0,0,30200,32300,30200
2012-06-06,1.92,32000,-0.3(-0.93 %),880,28116000,0,0,31000,32600,31000
2012-06-07,1.96,32700,0.7(2.19 %),16020,527463000,0,0,32500,33300,32500
2012-06-08,1.98,32900,0.2(0.61 %),28680,939415000,0,0,32700,33000,32500
2012-06-11,2.03,33800,0.9(2.74 %),8820,296451000,0,0,32900,33900,32000
2012-06-12,1.96,32600,-1.2(-3.55 %),1470,47776000,0,0,32500,32600,32400
2012-06-13,1.99,33100,0.5(1.53 %),10,331000,0,0,33100,33100,33100
2012-06-14,1.99,33200,0.1(0.30 %),3120,102170000,0,0,32100,33500,32100
2012-06-15,2.04,34000,0.8(2.41 %),4630,156532000,0,0,33300,34000,33300
2012-06-18,2.06,34300,0.3(0.88 %),16710,573132000,0,0,34500,34700,33800
2012-06-19,2.02,33600,-0.7(-2.04 %),14010,472508000,0,0,34000,34000,33500
2012-06-20,2.04,34000,0.4(1.19 %),4210,140436000,0,0,33700,34000,33000
2012-06-21,1.99,33200,-0.8(-2.35 %),8550,286894000,0,0,34000,34000,33100
2012-06-22,2.04,33900,0.7(2.11 %),15600,517356000,0,0,33200,33900,32800
2012-06-25,1.97,32800,-1.1(-3.24 %),28360,932513000,0,0,33800,33900,32500
2012-06-26,1.97,32800,0(0.00 %),16750,543035000,0,0,32800,33000,32000
2012-06-27,1.95,32500,-0.3(-0.91 %),15300,500040000,0,0,32800,32800,32500
2012-06-28,1.95,32500,0(0.00 %),6400,207100000,0,0,32500,32500,32100
2012-06-29,2.01,33500,1(3.08 %),21740,724290000,0,0,32500,33500,32500
2012-07-02,2.01,33500,0(0.00 %),17020,566487000,0,0,33500,33600,32900
2012-07-03,1.99,33200,-0.3(-0.90 %),69300,2312844000,0,0,33500,33600,32700
2012-07-04,2.01,33500,0.3(0.90 %),23670,793569000,0,0,33500,33800,33500
2012-07-05,2.02,33700,0.2(0.60 %),6910,232284000,0,0,33500,34000,33500
2012-07-06,2.05,34100,0.4(1.19 %),3750,127175000,0,0,33800,34200,33800
2012-07-09,2.01,33500,-0.6(-1.76 %),3500,117270000,0,0,33600,33600,33500
2012-07-10,2.04,34000,0.5(1.49 %),5600,189000000,0,0,33500,34000,33400
2012-07-11,2.04,34000,0(0.00 %),8310,281680000,0,0,33900,34000,33800
2012-07-12,2.04,34000,0(0.00 %),26800,911200000,0,0,34000,34000,34000
2012-07-13,2.04,34000,0(0.00 %),38320,1303244000,0,0,34000,34400,33800
2012-07-16,2.04,34000,0(0.00 %),17030,579984000,0,0,34200,34200,34000
2012-07-17,2.05,34200,0.2(0.59 %),8350,287030000,0,0,34000,34500,34000
2012-07-18,2.07,34400,0.2(0.58 %),6260,214091000,0,0,35000,35000,34100
2012-07-19,2.07,34500,0.1(0.29 %),5610,193978000,0,0,34200,35200,34200
2012-07-20,2.11,35100,0.6(1.74 %),44620,1576705000,0,0,34600,36000,34600
2012-07-23,2.11,35200,0.1(0.28 %),4440,156754000,0,0,35300,35500,35200
2012-07-24,2.12,35300,0.1(0.28 %),12020,421307000,0,0,35000,35300,34400
2012-07-25,2.1,34900,-0.4(-1.13 %),3840,133968000,0,0,35000,35000,34500
2012-07-26,2.1,35000,0.1(0.29 %),6150,214752000,0,0,34900,35000,34700
2012-07-27,2.09,34800,-0.2(-0.57 %),5110,178420000,0,0,36000,36000,34600
2012-07-30,2.1,34900,0.1(0.29 %),6990,242897000,0,0,34900,34900,34700
2012-07-31,2.07,34400,-0.5(-1.43 %),7640,271459000,0,0,35100,36400,34400
2012-08-01,2.08,34700,0.3(0.87 %),9010,309673000,0,0,34500,34700,34300
2012-08-02,2.1,35000,0.3(0.86 %),8300,290680000,0,0,34800,35200,34800
2012-08-03,2.1,35000,0(0.00 %),10490,367914000,0,0,35000,35200,35000
2012-08-06,2.11,35200,0.2(0.57 %),13150,452971000,0,0,34300,35200,34300
2012-08-07,2.08,34700,-0.5(-1.42 %),2220,77676000,0,0,35400,35400,34700
2012-08-08,2.1,35000,0.3(0.86 %),57330,2016442000,0,0,35000,35200,34700
2012-08-09,2.11,35100,0.1(0.29 %),53960,1843461000,0,0,34800,35600,34000
2012-08-10,2.07,34500,-0.6(-1.71 %),8920,308221000,0,0,35700,35700,34500
2012-08-13,2.1,35000,0.5(1.45 %),6860,240118000,0,0,35400,35700,34600
2012-08-14,2.09,34800,-0.2(-0.57 %),11600,408199000,0,0,35500,35500,34800
2012-08-15,2.1,34900,0.1(0.29 %),7190,251086000,0,0,35000,35000,34700
2012-08-16,2.1,34900,0(0.00 %),10690,373320000,0,0,35000,35500,34800
2012-08-17,2.1,35000,0.1(0.29 %),36300,1271120000,0,0,35400,35400,34900
2012-08-20,2.1,35000,0(0.00 %),47100,1648469000,0,0,35000,35100,34800
2012-08-21,2.0,33300,-1.7(-4.86 %),18890,637045000,0,0,35500,35500,33300
2012-08-22,2.04,34000,0.7(2.10 %),3630,116171000,0,0,31700,34300,31700
2012-08-23,1.94,32300,-1.7(-5.00 %),23250,751392000,0,0,34000,34000,32300
2012-08-24,1.95,32500,0.2(0.62 %),24470,766692000,0,0,30800,33000,30700
2012-08-27,1.92,32000,-0.5(-1.54 %),8900,284770000,0,0,32100,32200,31500
2012-08-28,1.95,32500,0.5(1.56 %),730,23473000,0,0,32500,32500,31300
2012-08-29,1.94,32300,-0.2(-0.62 %),10220,328835000,0,0,32100,33000,32000
2012-08-30,1.98,32900,0.6(1.86 %),14110,456613000,0,0,32300,32900,32200
2012-08-31,1.94,32300,-0.6(-1.82 %),2000,65332000,0,0,32200,33500,32200
2012-09-04,2.01,33500,1.2(3.72 %),6460,209419000,0,0,32300,33900,32300
2012-09-05,1.98,33000,-0.5(-1.49 %),4370,141735000,0,0,32500,33000,32400
2012-09-06,1.98,33000,0(0.00 %),0,0,0,0,33000,33000,33000
2012-09-07,1.97,32800,-0.2(-0.61 %),2010,64428000,0,0,32100,32800,32000
2012-09-10,1.92,31900,-0.9(-2.74 %),4140,132280000,0,0,32000,32000,31700
2012-09-11,1.92,32000,0.1(0.31 %),6370,200700000,0,0,31500,32000,31500
2012-09-12,1.96,32600,0.6(1.88 %),1280,40966000,0,0,32000,32600,32000
2012-09-13,1.91,31800,-0.8(-2.45 %),1000,31800000,0,0,31800,31800,31800
2012-09-14,1.91,31800,0(0.00 %),4450,142190000,0,0,32000,32700,31700
2012-09-17,1.95,32500,0.7(2.20 %),9820,318586000,0,0,32700,32800,32000
2012-09-18,1.87,31200,-1.3(-4.00 %),16260,512888000,0,0,31800,32800,31200
2012-09-19,1.8,30000,-1.2(-3.85 %),254640,7644181000,0,0,30300,32000,30000
2012-09-20,1.8,30000,0(0.00 %),8110,242171000,23360,665760000,29600,31000,29000
2012-09-21,1.81,30100,0.1(0.33 %),1700,51501000,0,0,30500,30500,30100
2012-09-24,1.8,30000,-0.1(-0.33 %),11050,332386000,0,0,30100,30200,29900
2012-09-25,1.81,30200,0.2(0.67 %),6340,189983000,0,0,30200,30200,29700
2012-09-26,1.8,30000,-0.2(-0.66 %),1450,43718000,0,0,30500,30500,30000
2012-09-27,1.8,30000,0(0.00 %),1870,55035000,0,0,30900,30900,29400
2012-09-28,1.8,30000,0(0.00 %),5990,179200000,0,0,30200,30200,29700
2012-10-01,1.8,30000,0(0.00 %),610,18250000,0,0,29900,30000,29900
2012-10-02,1.77,29500,-0.5(-1.67 %),4040,120043000,0,0,30000,30200,29500
2012-10-03,1.83,30400,0.9(3.05 %),60,1824000,0,0,30400,30400,30400
2012-10-04,1.8,30000,-0.4(-1.32 %),4330,127977000,0,0,29500,30200,29500
2012-10-05,1.8,30000,0(0.00 %),4030,120071000,0,0,29500,30000,29500
2012-10-08,1.8,30000,0(0.00 %),5080,153209000,0,0,30500,30500,30000
2012-10-09,1.8,30000,0(0.00 %),1160,34836000,0,0,30100,30100,30000
2012-10-10,1.81,30200,0.2(0.67 %),5570,166602000,0,0,29700,30200,29700
2012-10-11,1.82,30300,0.1(0.33 %),1560,46818000,0,0,30300,30300,30000
2012-10-12,1.83,30400,0.1(0.33 %),3000,90602000,0,0,30200,30400,30200
2012-10-15,1.8,30000,-0.4(-1.32 %),4610,139115000,0,0,30000,30500,30000
2012-10-16,1.83,30500,0.5(1.67 %),1720,52102000,0,0,30700,30700,30200
2012-10-17,1.79,29800,-0.7(-2.30 %),3180,95103000,0,0,30000,30300,29800
2012-10-18,1.83,30500,0.7(2.35 %),7550,227478000,0,0,30000,30500,30000
2012-10-19,1.86,31000,0.5(1.64 %),13190,402598000,0,0,30500,31000,30500
2012-10-22,1.87,31200,0.2(0.65 %),7280,226581000,0,0,30900,31500,30800
2012-10-23,1.9,31700,0.5(1.60 %),5040,157071000,0,0,31800,31800,31000
2012-10-24,1.89,31500,-0.2(-0.63 %),6020,190949000,0,0,31000,32000,31000
2012-10-25,1.95,32500,1(3.17 %),17430,557488000,0,0,31500,32500,31500
2012-10-26,1.98,33000,0.5(1.54 %),24180,795850000,0,0,32000,33100,32000
2012-10-29,1.89,31500,-1.5(-4.55 %),53420,1752960000,0,0,33000,33000,31500
2012-10-30,1.89,31500,0(0.00 %),61720,1927672000,0,0,31200,31700,31100
2012-10-31,1.89,31500,0(0.00 %),17670,556585000,0,0,31500,31500,31400
2012-11-01,1.83,30400,-1.1(-3.49 %),44400,1362062000,0,0,31400,31400,30400
2012-11-02,1.82,30300,-0.1(-0.33 %),126880,3773439000,0,0,30000,31400,29500
2012-11-05,1.89,31500,1.2(3.96 %),2400,75529000,0,0,31000,31600,31000
2012-11-06,1.89,31500,0(0.00 %),32710,1030309000,0,0,31600,31600,31400
2012-11-07,1.89,31500,0(0.00 %),12620,397450000,0,0,31500,31500,31400
2012-11-08,1.89,31500,0(0.00 %),53430,1686845000,0,0,31500,31700,31500
2012-11-09,1.89,31500,0(0.00 %),18400,579928000,0,0,31500,31600,31500
2012-11-12,1.89,31500,0(0.00 %),44180,1386669000,0,0,31300,31500,31200
2012-11-13,1.9,31600,0.1(0.32 %),40590,1279934000,0,0,31500,31600,31500
2012-11-14,1.96,32600,1(3.16 %),90010,2902563000,0,0,31700,33100,31700
2012-11-15,1.92,32000,-0.6(-1.84 %),20130,649482000,0,0,32700,32800,32000
2012-11-16,1.93,32100,0.1(0.31 %),31780,1005184000,0,0,31800,32100,31500
2012-11-19,1.9,31600,-0.5(-1.56 %),53950,1710096000,0,0,32100,32100,31600
2012-11-20,1.92,32000,0.4(1.27 %),31250,991508000,0,0,32000,32000,31500
2012-11-21,1.93,32200,0.2(0.62 %),58180,1848482000,0,0,32000,32200,31500
2012-11-22,1.92,31900,-0.3(-0.93 %),57580,1831775000,0,0,32200,32200,31800
2012-11-23,1.95,32500,0.6(1.88 %),36660,1176371000,0,0,32100,32500,32000
2012-11-26,1.95,32400,-0.1(-0.31 %),2220,72134000,0,0,32500,32500,32400
2012-11-27,1.93,32200,-0.2(-0.62 %),139350,4460191000,0,0,32400,32500,31500
2012-11-28,1.97,32800,0.6(1.86 %),61270,1966402000,0,0,32200,32800,32000
2012-11-29,1.93,32200,-0.6(-1.83 %),37770,1223295000,0,0,32400,32600,32200
2012-11-30,1.92,31900,-0.3(-0.93 %),60710,1949981000,0,0,32500,32500,31900
2012-12-03,1.94,32300,0.4(1.25 %),24680,792130000,0,0,32300,32300,32000
2012-12-04,1.95,32400,0.1(0.31 %),24810,800596000,0,0,32300,32400,32100
2012-12-05,1.96,32700,0.3(0.93 %),16360,533953000,0,0,32600,32800,32500
2012-12-06,1.95,32500,-0.2(-0.61 %),8210,266990000,0,0,33000,33000,32500
2012-12-07,1.95,32400,-0.1(-0.31 %),14570,473184000,0,0,32400,32800,32400
2012-12-10,1.96,32700,0.3(0.93 %),39250,1280874000,0,0,32400,33000,32400
2012-12-11,2.01,33500,0.8(2.45 %),44020,1475662000,0,0,33500,33900,33300
2012-12-12,2.04,34000,0.5(1.49 %),18220,620404000,0,0,33600,34400,33600
2012-12-13,2.04,34000,0(0.00 %),27980,956328000,0,0,34000,34500,34000
2012-12-14,2.04,34000,0(0.00 %),9180,311123000,0,0,34000,34300,33600
2012-12-17,2.04,33900,-0.1(-0.29 %),58120,1975741000,30000,1020000000,34000,34100,33900
2012-12-18,2.04,32000,0.1(0.31 %),36570,1168261000,0,0,32000,32000,31800
2012-12-19,2.06,32300,0.3(0.94 %),36370,1165182000,0,0,32000,32400,31900
2012-12-20,2.04,31900,-0.4(-1.24 %),33000,1057514000,0,0,32300,32300,31900
2012-12-21,2.04,32000,0.1(0.31 %),5200,165342000,0,0,31600,32000,31600
2012-12-24,2.07,32400,0.4(1.25 %),26160,843644000,0,0,31900,32400,31800
2012-12-25,2.07,32400,0(0.00 %),6350,205760000,0,0,32500,32500,32300
2012-12-26,2.07,32500,0.1(0.31 %),5440,176456000,0,0,32400,32500,32400
2012-12-27,2.11,33000,0.5(1.54 %),18850,618258000,0,0,32500,33000,32500
2012-12-28,2.14,33600,0.6(1.82 %),330,10960000,0,0,32600,33800,32600
2013-01-02,2.14,33500,-0.1(-0.30 %),34600,1133354000,0,0,33600,33600,32500
2013-01-03,2.13,33400,-0.1(-0.30 %),29640,980966000,0,0,33500,33500,33000
2013-01-04,2.15,33700,0.3(0.90 %),18670,625899000,0,0,33000,34800,33000
2013-01-07,2.15,33700,0(0.00 %),20930,705552000,0,0,33700,34000,33700
2013-01-08,2.17,34000,0.3(0.89 %),37780,1272417000,0,0,33300,34000,33200
2013-01-09,2.28,35700,1.7(5.00 %),141340,5020521000,0,0,34500,35700,34500
2013-01-10,2.3,36000,0.3(0.84 %),77020,2707885000,0,0,35000,36000,34700
2013-01-11,2.36,37000,1(2.78 %),66320,2428161000,0,0,36900,37000,36000
2013-01-14,2.3,36000,-1(-2.70 %),33720,1213121000,0,0,36100,37000,35800
2013-01-15,2.3,36000,0(0.00 %),41510,1474957000,0,0,35700,36500,35400
2013-01-16,2.33,36500,0.5(1.39 %),41250,1502392000,0,0,36900,38000,36000
2013-01-17,2.29,35900,-0.6(-1.64 %),18180,657255000,0,0,36500,37000,35900
2013-01-18,2.28,35800,-0.1(-0.28 %),28300,1006421000,0,0,35900,36000,35200
2013-01-21,2.3,36000,0.2(0.56 %),26650,957266000,0,0,36600,36600,35800
2013-01-22,2.3,36000,0(0.00 %),64520,2318738000,0,0,35900,36100,35800
2013-01-23,2.3,36100,0.1(0.28 %),114810,4135907000,0,0,36000,36500,35500
2013-01-24,2.41,37800,1.7(4.71 %),44570,1650065000,0,0,36500,37800,36500
2013-01-25,2.49,39000,1.2(3.17 %),76200,2968566000,0,0,38000,39600,38000
2013-01-28,2.5,39100,0.1(0.26 %),33280,1304186000,0,0,39000,40000,39000
2013-01-29,2.44,38300,-0.8(-2.05 %),9470,366847000,0,0,39100,39400,38300
2013-01-30,2.45,38400,0.1(0.26 %),19270,733630000,0,0,38100,38500,37900
2013-01-31,2.45,38400,0(0.00 %),12910,487041000,0,0,38400,38400,37500
2013-02-01,2.43,38000,-0.4(-1.04 %),14360,542332000,0,0,38400,38400,37300
2013-02-04,2.43,38000,0(0.00 %),1960,74489000,0,0,38000,38100,38000
2013-02-05,2.46,38600,0.6(1.58 %),3130,119010000,0,0,38000,38600,37900
2013-02-06,2.46,38600,0(0.00 %),7730,293838000,0,0,38200,38600,37800
2013-02-07,2.44,38200,-0.4(-1.04 %),9180,354634000,0,0,38000,39000,38000
2013-02-08,2.6,40700,2.5(6.54 %),84210,3423092000,0,0,40000,40800,40000
2013-02-18,2.78,43500,2.8(6.88 %),24060,1040549000,0,0,43200,43500,42000
2013-02-19,2.8,43900,0.4(0.92 %),9940,435884000,0,0,43000,45000,43000
2013-02-20,2.81,44000,0.1(0.23 %),24160,1068064000,101840,4776296000,43100,44800,43100
2013-02-21,2.71,42500,-1.5(-3.41 %),29240,1276155000,0,0,44000,44000,42500
2013-02-22,2.68,42000,-0.5(-1.18 %),23090,982715000,0,0,43000,44500,41000
2013-02-25,2.73,42800,0.8(1.90 %),1820,78349000,0,0,41900,43500,41900
2013-02-26,2.55,39900,-2.9(-6.78 %),23380,959176000,0,0,43000,43000,39900
2013-02-27,2.6,40800,0.9(2.26 %),4270,174386000,0,0,40900,40900,40800
2013-02-28,2.62,41000,0.2(0.49 %),4990,204263000,0,0,41900,41900,39600
2013-03-01,2.62,41000,0(0.00 %),7220,289576000,0,0,41500,41500,40000
2013-03-04,2.5,39200,-1.8(-4.39 %),40150,1592498000,0,0,40000,41000,39200
2013-03-05,2.49,39000,-0.2(-0.51 %),48790,1908047000,0,0,38100,39500,38000
2013-03-06,2.52,39500,0.5(1.28 %),1860,73228000,0,0,39200,39500,39200
2013-03-07,2.54,39800,0.3(0.76 %),10650,421180000,0,0,39200,39800,39200
2013-03-08,2.53,39600,-0.2(-0.50 %),1050,41645000,0,0,39600,40900,39600
2013-03-11,2.68,42000,2.4(6.06 %),32120,1322367000,0,0,41700,42000,40000
2013-03-12,2.66,41700,-0.3(-0.71 %),26940,1132759000,0,0,42000,43000,41700
2013-03-13,2.68,42000,0.3(0.72 %),6530,276763000,0,0,42700,43000,41900
2013-03-14,2.81,44000,2(4.76 %),49000,2094091000,0,0,42000,44000,42000
2013-03-15,2.87,45000,1(2.27 %),47960,2173501000,0,0,45000,46300,44600
2013-03-18,2.99,46800,1.8(4.00 %),59150,2761393000,0,0,46000,47000,46000
2013-03-19,2.96,46400,-0.4(-0.85 %),46530,2172317000,0,0,47000,47500,46300
2013-03-20,2.97,46500,0.1(0.22 %),15900,741987000,0,0,46600,46800,46500
2013-03-21,2.95,46200,-0.3(-0.65 %),8580,398447000,0,0,46800,46800,46000
2013-03-22,2.95,46200,0(0.00 %),64530,3005077000,0,0,46100,47100,46000
2013-03-25,2.92,45700,-0.5(-1.08 %),21820,1005317000,0,0,46600,46600,45700
2013-03-26,2.98,46700,1(2.19 %),10420,480602000,0,0,45700,46800,45700
2013-03-27,2.98,46700,0(0.00 %),12980,600140000,0,0,46500,46700,46000
2013-03-28,2.95,46200,-0.5(-1.07 %),10560,489124000,0,0,46600,46600,46000
2013-03-29,2.95,46200,0(0.00 %),25120,1146822000,0,0,45900,46500,45000
2013-04-01,3.03,47500,1.3(2.81 %),108140,5121838000,0,0,46200,48300,46200
2013-04-02,3.02,47300,-0.2(-0.42 %),65400,3094240000,0,0,47500,47600,47000
2013-04-03,3.01,47100,-0.2(-0.42 %),56810,2681824000,0,0,47300,47500,47000
2013-04-04,2.94,46000,-1.1(-2.34 %),72070,3359743000,0,0,47000,47100,46000
2013-04-05,2.94,46000,0(0.00 %),23390,1076612000,0,0,46000,46500,45800
2013-04-08,3.0,47000,1(2.17 %),101120,4753007000,0,0,47000,47500,46600
2013-04-09,3.03,47500,0.5(1.06 %),337410,15888971000,0,0,46800,47500,46800
2013-04-10,3.0,47000,-0.5(-1.05 %),274160,13028275000,0,0,47500,47800,47000
2013-04-11,2.99,46900,-0.1(-0.21 %),11670,545182000,0,0,47000,47000,46000
2013-04-12,2.99,46800,-0.1(-0.21 %),88580,4123824000,0,0,47500,47500,45900
2013-04-15,2.81,44100,-2.7(-5.77 %),48580,2172497000,0,0,46800,46800,44100
2013-04-16,2.81,44100,0(0.00 %),113500,4960073000,0,0,44100,44500,43000
2013-04-17,2.87,45000,0.9(2.04 %),37810,1695306000,0,0,44100,45700,44100
2013-04-18,2.87,45000,0(0.00 %),34910,1566350000,0,0,45000,45000,44600
2013-04-22,2.74,43000,-2(-4.44 %),75580,3248478000,0,0,44700,44700,42500
2013-04-23,2.71,40500,-0.5(-1.22 %),68770,2807711000,0,0,41900,42000,40300
2013-04-24,2.71,40500,0(0.00 %),15820,637350000,0,0,40200,40500,40000
2013-04-25,2.69,40200,-0.3(-0.74 %),29670,1199533000,0,0,41500,41500,40100
2013-04-26,2.68,40000,-0.2(-0.50 %),15850,627973000,0,0,40200,40200,39500
2013-05-02,2.68,40000,0(0.00 %),5770,230800000,0,0,40000,40000,40000
2013-05-03,2.68,40000,0(0.00 %),48180,1925751000,0,0,40000,40000,39500
2013-05-06,2.78,41500,1.5(3.75 %),98630,4009978000,0,0,40300,41500,40000
2013-05-07,2.78,41500,0(0.00 %),28670,1188957000,0,0,41100,42000,41000
2013-05-08,2.78,41600,0.1(0.24 %),23190,962808000,0,0,41500,41800,41500
2013-05-09,2.78,41500,-0.1(-0.24 %),5670,235517000,0,0,41600,41800,41500
2013-05-10,2.75,41100,-0.4(-0.96 %),10120,416996000,0,0,41500,41500,41100
2013-05-13,2.81,42000,0.9(2.19 %),28650,1199896000,0,0,41800,42000,41200
2013-05-14,2.78,41500,-0.5(-1.19 %),23750,981648000,0,0,42000,42000,41000
2013-05-15,2.78,41500,0(0.00 %),17020,697846000,0,0,41600,41700,40500
2013-05-16,2.78,41500,0(0.00 %),5250,218576000,0,0,41900,41900,41500
2013-05-17,2.77,41400,-0.1(-0.24 %),16210,671623000,0,0,41800,41800,41100
2013-05-20,2.8,41800,0.4(0.97 %),3510,145026000,0,0,41000,41800,41000
2013-05-21,2.82,42200,0.4(0.96 %),45570,1916026000,0,0,41800,42300,41800
2013-05-22,2.8,41800,-0.4(-0.95 %),29540,1239705000,0,0,42600,42600,41800
2013-05-23,2.78,41600,-0.2(-0.48 %),27030,1126467000,0,0,41500,41900,41500
2013-05-24,2.76,41200,-0.4(-0.96 %),11220,464478000,0,0,41200,41600,41200
2013-05-27,2.81,42000,0.8(1.94 %),25110,1073571000,0,0,43500,43500,42000
2013-05-28,2.78,41600,-0.4(-0.95 %),35630,1481876000,0,0,41500,41900,41300
2013-05-29,2.78,41500,-0.1(-0.24 %),32880,1369899000,0,0,42000,42000,41500
2013-05-30,2.78,41500,0(0.00 %),26900,1119049000,0,0,41800,41800,41500
2013-05-31,2.86,42800,1.3(3.13 %),95110,4045144000,0,0,42000,42800,42000
2013-06-03,2.84,42500,-0.3(-0.70 %),35500,1511050000,0,0,42800,42800,42400
2013-06-04,2.84,42500,0(0.00 %),54920,2338571000,0,0,42600,42800,42400
2013-06-05,2.85,42600,0.1(0.24 %),13600,580533000,0,0,42500,42900,42500
2013-06-06,2.85,42600,0(0.00 %),32550,1388417000,97500,4436250000,42600,42800,42500
2013-06-07,2.88,43000,0.4(0.94 %),66620,2850996000,0,0,43900,43900,42600
2013-06-10,2.88,43000,0(0.00 %),35510,1545251000,0,0,44000,44500,43000
2013-06-11,2.86,42800,-0.2(-0.47 %),27120,1162572000,0,0,42800,44000,42800
2013-06-12,3.03,45200,2.4(5.61 %),130760,5747063000,0,0,42900,45300,42900
2013-06-13,3.21,48000,2.8(6.19 %),107940,5012418000,0,0,46000,48000,45300
2013-06-14,3.21,48000,0(0.00 %),45320,2178135000,0,0,48000,49000,47500
2013-06-17,3.08,46000,-2(-4.17 %),49240,2283637000,0,0,46200,47900,46000
2013-06-18,3.08,46000,0(0.00 %),22500,1029940000,0,0,46000,46300,45100
2013-06-19,3.14,46900,0.9(1.96 %),41600,1935830000,0,0,46500,46900,46100
2013-06-20,3.13,46700,-0.2(-0.43 %),8150,382320000,0,0,46900,47000,46700
2013-06-21,3.06,45700,-1(-2.14 %),12470,569063000,0,0,46400,46400,45100
2013-06-24,3.0,44800,-0.9(-1.97 %),36230,1633690000,0,0,45700,45700,44800
2013-06-25,2.81,42000,-2.8(-6.25 %),118800,5030022000,204900,8544330000,44100,44600,41800
2013-06-26,2.81,42000,0(0.00 %),56810,2387964000,0,0,42000,43000,41800
2013-06-27,2.86,42700,0.7(1.67 %),52820,2222199000,0,0,42000,42700,42000
2013-06-28,2.81,42000,-0.7(-1.64 %),45710,1923000000,0,0,42500,42500,42000
2013-07-01,2.89,39050,1(2.86 %),25690,927769000,0,0,39050,39050,39050
2013-07-02,2.92,36300,0.3(0.83 %),14510,528082000,0,0,36000,36500,36000
2013-07-03,2.91,36200,-0.1(-0.28 %),1210,43822000,568120,19202456000,36300,36300,36200
2013-07-04,2.89,36000,-0.2(-0.55 %),17390,626040000,0,0,36000,36000,36000
2013-07-05,2.86,35600,-0.4(-1.11 %),9530,339135000,0,0,36300,36300,35500
2013-07-08,2.89,36000,0.4(1.12 %),7090,253367000,0,0,35600,36500,35600
2013-07-09,2.88,35900,-0.1(-0.28 %),4620,165759000,0,0,35700,36000,35700
2013-07-10,2.87,35700,-0.2(-0.56 %),5610,201030000,0,0,36000,36000,35700
2013-07-11,2.87,35700,0(0.00 %),3690,131753000,0,0,35700,35800,35700
2013-07-12,2.87,35700,0(0.00 %),131610,4704063000,0,0,35700,36500,35600
2013-07-15,2.89,36000,0.3(0.84 %),4010,144373000,0,0,37300,37300,36000
2013-07-16,2.92,36400,0.4(1.11 %),20160,736686000,0,0,36500,37000,36400
2013-07-17,2.99,37200,0.8(2.20 %),31110,1143380000,0,0,36800,37300,36400
2013-07-18,3.09,38500,1.3(3.49 %),37470,1427772000,0,0,37500,38800,37000
2013-07-19,3.1,38600,0.1(0.26 %),16370,632869000,0,0,38700,38800,38500
2013-07-22,3.04,37900,-0.7(-1.81 %),20220,765190000,0,0,38100,38100,37600
2013-07-23,2.97,37000,-0.9(-2.37 %),75110,2792197000,0,0,37700,38300,37000
2013-07-24,3.01,37500,0.5(1.35 %),39800,1469488000,0,0,37000,37500,36800
2013-07-25,2.97,37000,-0.5(-1.33 %),35520,1313862000,0,0,37500,37500,36800
2013-07-26,2.93,36500,-0.5(-1.35 %),20240,739714000,0,0,36700,37000,36000
2013-07-29,2.95,36700,0.2(0.55 %),65990,2411435000,0,0,36500,36900,36500
2013-07-30,2.95,36700,0(0.00 %),45840,1684410000,0,0,36800,36800,36700
2013-07-31,2.93,36500,-0.2(-0.54 %),74200,2712044000,0,0,36800,36800,36400
2013-08-01,2.96,36900,0.4(1.10 %),27700,1015200000,0,0,36500,36900,36400
2013-08-02,3.0,37400,0.5(1.36 %),38940,1450840000,0,0,37300,37600,37000
2013-08-05,3.1,38600,1.2(3.21 %),80780,3124285000,0,0,38300,40000,37900
2013-08-06,3.12,38900,0.3(0.78 %),21340,822300000,0,0,38500,38900,38000
2013-08-07,3.2,39800,0.9(2.31 %),67510,2659327000,0,0,39400,39800,38900
2013-08-08,3.11,38700,-1.1(-2.76 %),26130,1022382000,0,0,39900,39900,38500
2013-08-09,3.17,39500,0.8(2.07 %),13260,521201000,0,0,39400,39900,39000
2013-08-12,3.15,39200,-0.3(-0.76 %),10060,393000000,0,0,39500,39500,38700
2013-08-13,3.15,39200,0(0.00 %),33630,1322959000,0,0,39300,39600,39000
2013-08-14,3.34,41600,2.4(6.12 %),148850,6079483000,0,0,39300,41700,39300
2013-08-15,3.49,43400,1.8(4.33 %),97920,4209731000,0,0,41800,43800,41800
2013-08-16,3.42,42600,-0.8(-1.84 %),211490,9076509000,0,0,43400,43400,42200
2013-08-19,3.53,44000,1.4(3.29 %),140150,6066071000,0,0,41600,44000,41600
2013-08-20,3.5,43600,-0.4(-0.91 %),86420,3759380000,0,0,43800,43900,43000
2013-08-21,3.49,43400,-0.2(-0.46 %),93230,4000824000,0,0,43600,43600,42500
2013-08-22,3.44,42800,-0.6(-1.38 %),82360,3546419000,0,0,43400,43500,42800
2013-08-23,3.53,44000,1.2(2.80 %),187620,8217495000,0,0,42800,44600,42800
2013-08-26,3.58,43000,0.5(1.18 %),98960,4249939000,24960,1133184000,43100,43600,42500
2013-08-27,3.55,42700,-0.3(-0.70 %),29980,1288338000,0,0,43300,43400,42700
2013-08-28,3.43,41200,-1.5(-3.51 %),109840,4569822000,0,0,42100,42100,41000
2013-08-29,3.38,40600,-0.6(-1.46 %),61010,2488279000,0,0,41500,41900,40500
2013-08-30,3.38,40600,0(0.00 %),44570,1811388000,0,0,41000,41600,40400
2013-09-03,3.44,41400,0.8(1.97 %),9820,400151000,0,0,41500,41500,40500
2013-09-04,3.37,40500,-0.9(-2.17 %),24420,991259000,0,0,41200,41400,40400
2013-09-05,3.38,40600,0.1(0.25 %),32090,1302634000,0,0,40900,40900,40500
2013-09-06,3.38,40700,0.1(0.25 %),60660,2464224000,0,0,40600,40800,40500
2013-09-09,3.36,40400,-0.3(-0.74 %),20780,840674000,0,0,40700,40700,40200
2013-09-10,3.38,40700,0.3(0.74 %),42610,1727081000,0,0,40400,40700,40300
2013-09-11,3.38,40600,-0.1(-0.25 %),33620,1374117000,0,0,41000,41500,40600
2013-09-12,3.37,40500,-0.1(-0.25 %),82830,3366480000,0,0,41000,41000,40500
2013-09-13,3.39,40800,0.3(0.74 %),41970,1712088000,0,0,40500,41000,40500
2013-09-16,3.53,42500,1.7(4.17 %),66660,2780385000,0,0,40800,42500,40800
2013-09-17,3.54,42600,0.1(0.24 %),36290,1546419000,0,0,43000,43000,42000
2013-09-18,3.43,41200,-1.4(-3.29 %),54290,2240078000,0,0,42600,42600,41000
2013-09-19,3.43,41300,0.1(0.24 %),47210,1944446000,0,0,42000,42000,41000
2013-09-20,3.49,42000,0.7(1.69 %),52280,2159310000,0,0,42000,42000,40900
2013-09-23,3.51,42200,0.2(0.48 %),497910,20379170000,0,0,42000,42200,40500
2013-09-24,3.48,41800,-0.4(-0.95 %),96160,4025393000,20000,840000000,42200,42300,41500
2013-09-25,3.62,43500,1.7(4.07 %),185690,7981600000,0,0,41700,43600,41700
2013-09-26,3.7,44500,1(2.30 %),145080,6393905000,0,0,43500,44600,43000
2013-09-27,3.78,45400,0.9(2.02 %),198460,9034675000,0,0,44600,46100,44600
2013-09-30,3.79,45600,0.2(0.44 %),89850,4072649000,0,0,45800,45800,45000
2013-10-01,3.75,45100,-0.5(-1.10 %),120500,5465044000,0,0,45400,45800,45000
2013-10-02,3.87,46500,1.4(3.10 %),67540,3095920000,0,0,45300,47200,45100
2013-10-03,3.83,46100,-0.4(-0.86 %),49170,2257551000,0,0,46300,46800,45700
2013-10-04,3.84,46200,0.1(0.22 %),74140,3413799000,0,0,45600,46300,45200
2013-10-07,3.99,48000,1.8(3.90 %),75300,3549227000,0,0,47000,48000,46200
2013-10-08,4.02,48400,0.4(0.83 %),50370,2414298000,0,0,47400,48700,47300
2013-10-09,4.05,48700,0.3(0.62 %),119920,5859862000,0,0,48100,49400,48000
2013-10-10,4.03,48500,-0.2(-0.41 %),82610,4027841000,0,0,48700,49100,48300
2013-10-11,4.04,48600,0.1(0.21 %),87540,4270302000,0,0,48900,49200,48200
2013-10-14,4.03,48500,-0.1(-0.21 %),44570,2147181000,0,0,48900,48900,47900
2013-10-15,4.01,48200,-0.3(-0.62 %),32690,1580577000,0,0,48400,48700,48100
2013-10-16,4.02,48300,0.1(0.21 %),49260,2364765000,0,0,48600,48600,47800
2013-10-17,4.03,48500,0.2(0.41 %),86390,4204797000,0,0,48600,49700,48300
2013-10-18,4.04,48600,0.1(0.21 %),88630,4325464000,0,0,48700,49100,48600
2013-10-21,4.03,48500,-0.1(-0.21 %),55240,2696797000,0,0,49200,49200,48500
2013-10-22,4.04,48600,0.1(0.21 %),71730,3476313000,0,0,48500,48900,48100
2013-10-23,4.02,48300,-0.3(-0.62 %),52450,2532305000,0,0,48700,48700,48000
2013-10-24,3.96,47600,-0.7(-1.45 %),73030,3510603000,0,0,48400,48500,47600
2013-10-25,3.88,46600,-1(-2.10 %),171780,8057523000,0,0,47500,47600,46500
2013-10-28,3.88,46700,0.1(0.21 %),109740,5166386000,0,0,46500,47700,46500
2013-10-29,3.94,47400,0.7(1.50 %),23130,1091005000,0,0,46600,47500,46600
2013-10-30,3.95,47500,0.1(0.21 %),36370,1728176000,0,0,47400,48000,47200
2013-10-31,3.94,47400,-0.1(-0.21 %),61470,2891549000,0,0,47300,47600,46900
2013-11-01,3.91,47000,-0.4(-0.84 %),68870,3251487000,0,0,47000,47500,47000
2013-11-04,3.94,47400,0.4(0.85 %),35500,1668676000,0,0,46800,47400,46800
2013-11-05,3.93,47200,-0.2(-0.42 %),37400,1770740000,0,0,47400,47500,47000
2013-11-06,3.98,47800,0.6(1.27 %),57970,2761212000,0,0,47700,48100,47200
2013-11-07,3.97,47700,-0.1(-0.21 %),32260,1538504000,0,0,47800,47800,47400
2013-11-08,3.96,47600,-0.1(-0.21 %),69780,3311323000,0,0,47700,47700,47300
2013-11-11,3.96,47600,0(0.00 %),46540,2209388000,0,0,47400,47600,47300
2013-11-12,3.94,47400,-0.2(-0.42 %),59590,2827694000,0,0,48000,48000,47200
2013-11-13,3.91,47000,-0.4(-0.84 %),48720,2295855000,0,0,47200,47400,47000
2013-11-14,3.91,47000,0(0.00 %),28580,1340748000,0,0,47000,47000,46800
2013-11-15,3.99,48000,1(2.13 %),69230,3307493000,0,0,47400,48100,47000
2013-11-18,4.03,48500,0.5(1.04 %),67590,3269342000,0,0,48400,48600,48000
2013-11-19,4.02,48300,-0.2(-0.41 %),37140,1797937000,0,0,48500,48500,48200
2013-11-20,3.99,48000,-0.3(-0.62 %),27670,1328623000,0,0,48100,48300,47800
2013-11-21,3.99,48000,0(0.00 %),71080,3418358000,0,0,48000,48600,48000
2013-11-22,4.03,48500,0.5(1.04 %),23060,1112006000,0,0,48100,48500,48000
2013-11-25,4.11,49400,0.9(1.86 %),93490,4603585000,0,0,48500,49700,48500
2013-11-26,4.16,50000,0.6(1.21 %),29770,1481545000,26976,1416240000,49200,50000,49200
2013-11-27,4.14,49800,-0.2(-0.40 %),24400,1218942000,0,0,50000,50000,49800
2013-11-28,4.1,49300,-0.5(-1.00 %),9130,451297000,0,0,49600,49900,49300
2013-11-29,4.1,49300,0(0.00 %),16480,809081000,0,0,49100,49400,49000
2013-12-02,4.12,49600,0.3(0.61 %),28650,1417610000,0,0,49000,49900,49000
2013-12-03,4.24,51000,1.4(2.82 %),160120,8114036000,0,0,49800,52000,49200
2013-12-04,4.41,53000,2(3.92 %),93000,4839020000,0,0,51000,53000,51000
2013-12-05,4.32,52000,-1(-1.89 %),33870,1758930000,0,0,52500,52500,51500
2013-12-06,4.28,51500,-0.5(-0.96 %),10460,540855000,0,0,52000,52000,51500
2013-12-09,4.28,51500,0(0.00 %),28400,1462395000,0,0,51500,52000,51000
2013-12-10,4.41,53000,1.5(2.91 %),62600,3283740000,0,0,52000,53000,51500
2013-12-11,4.28,51500,-1.5(-2.83 %),43170,2265545000,0,0,53000,54000,51500
2013-12-12,4.37,52500,1(1.94 %),22760,1183200000,0,0,51500,52500,51000
2013-12-13,4.41,53000,0.5(0.95 %),39900,2101575000,0,0,52000,53500,52000
2013-12-16,4.41,53000,0(0.00 %),27830,1462185000,0,0,52500,53000,52500
2013-12-17,4.41,53000,0(0.00 %),32470,1706220000,0,0,52500,53000,52500
2013-12-18,4.45,53500,0.5(0.94 %),30910,1649085000,0,0,53000,54000,53000
2013-12-19,4.49,54000,0.5(0.93 %),56720,3086195000,0,0,54000,55000,54000
2013-12-20,4.41,53000,-1(-1.85 %),16020,858865000,0,0,54000,54000,53000
2013-12-23,4.37,52500,-0.5(-0.94 %),28730,1510275000,0,0,53000,53000,52500
2013-12-24,4.37,52500,0(0.00 %),40440,2114670000,0,0,53000,53000,52000
2013-12-25,4.37,52500,0(0.00 %),6610,346970000,0,0,52000,52500,52000
2013-12-26,4.49,54000,1.5(2.86 %),45900,2476345000,0,0,52000,54500,52000
2013-12-27,4.45,53500,-0.5(-0.93 %),11310,607600000,0,0,54000,54500,53000
2013-12-30,4.32,52000,-1.5(-2.80 %),26310,1382460000,0,0,53000,53500,52000
2013-12-31,4.41,53000,1(1.92 %),26940,1434490000,0,0,52000,54500,52000
2014-01-02,4.45,53500,0.5(0.94 %),35840,1930675000,0,0,53500,54500,53500
2014-01-03,4.57,55000,1.5(2.80 %),84870,4622985000,0,0,54000,55000,53500
2014-01-06,4.86,58500,3.5(6.36 %),108790,6292500000,0,0,55000,58500,55000
2014-01-07,4.99,60000,1.5(2.56 %),58450,3488355000,0,0,59500,60500,58500
2014-01-08,4.99,60000,0(0.00 %),36190,2139185000,0,0,59000,60000,58500
2014-01-09,4.99,60000,0(0.00 %),19940,1179030000,0,0,59000,60000,59000
2014-01-10,5.07,61000,1(1.67 %),28800,1739695000,0,0,59000,61000,59000
2014-01-13,5.03,60500,-0.5(-0.82 %),16940,1018580000,0,0,60000,60500,60000
2014-01-14,5.2,62500,2(3.31 %),58280,3574560000,0,0,60500,63000,60000
2014-01-15,5.32,64000,1.5(2.40 %),30530,1935370000,0,0,62500,64000,62500
2014-01-16,5.36,64500,0.5(0.78 %),37280,2354560000,0,0,64000,64500,61500
2014-01-17,5.36,64500,0(0.00 %),54790,3543360000,0,0,65000,65000,64000
2014-01-20,5.28,63500,-1(-1.55 %),56140,3592165000,0,0,64500,64500,63000
2014-01-21,5.28,63500,0(0.00 %),63910,4027195000,0,0,63000,63500,62000
2014-01-22,5.2,62500,-1(-1.57 %),30570,1931325000,0,0,63500,63500,62500
2014-01-23,5.2,62500,0(0.00 %),21900,1364990000,0,0,62500,63000,61500
2014-01-24,5.41,65000,2.5(4.00 %),38680,2493265000,0,0,63000,66000,62500
2014-01-27,5.57,67000,2(3.08 %),54640,3603950000,0,0,65000,67000,65000
2014-02-06,5.7,68500,1.5(2.24 %),57890,3950855000,0,0,69000,69000,67000
2014-02-07,5.7,68500,0(0.00 %),48080,3275805000,0,0,68500,69000,67500
2014-02-10,5.7,68500,0(0.00 %),27900,1908395000,0,0,68000,69000,68000
2014-02-11,5.74,69000,0.5(0.73 %),124390,8673875000,0,0,72000,72000,68500
2014-02-12,5.82,70000,1(1.45 %),42190,2937640000,0,0,69000,70000,69000
2014-02-13,5.86,70500,0.5(0.71 %),62660,4402950000,0,0,70000,70500,70000
2014-02-14,5.82,70000,-0.5(-0.71 %),76490,5405580000,0,0,71000,71500,70000
2014-02-17,5.78,69500,-0.5(-0.71 %),36200,2512835000,0,0,70000,70000,69000
2014-02-18,5.82,70000,0.5(0.72 %),30700,2137145000,0,0,69000,70000,69000
2014-02-19,5.82,70000,0(0.00 %),31520,2189590000,0,0,71000,71000,69000
2014-02-20,5.7,68500,-1.5(-2.14 %),59880,4113400000,0,0,70500,70500,65500
2014-02-21,5.74,69000,0.5(0.73 %),88530,6014165000,0,0,68000,69000,66500
2014-02-24,5.82,70000,1(1.45 %),52510,3647535000,0,0,68500,70000,68000
2014-02-25,5.82,70000,0(0.00 %),33130,2305650000,0,0,70000,70000,69000
2014-02-26,5.78,69500,-0.5(-0.71 %),57260,3940675000,162000,12069000000,70000,70000,68000
2014-02-27,5.61,67500,-2(-2.88 %),64660,4379990000,0,0,69500,69500,67000
2014-02-28,5.65,68000,0.5(0.74 %),29040,1961280000,0,0,68000,68000,67500
2014-03-03,5.57,67000,-1(-1.47 %),47950,3226150000,0,0,68500,68500,66500
2014-03-04,5.57,67000,0(0.00 %),53690,3548420000,0,0,66000,67000,65500
2014-03-05,5.57,67000,0(0.00 %),40210,2703830000,0,0,67000,67500,66500
2014-03-06,5.61,67500,0.5(0.75 %),65730,4409700000,0,0,67000,67500,66500
2014-03-07,5.78,69500,2(2.96 %),117110,8066590000,0,0,66500,70500,66500
2014-03-10,5.7,68500,-1(-1.44 %),32170,2217920000,0,0,69500,69500,68500
2014-03-11,5.86,70500,2(2.92 %),119380,8300895000,100000,6850000000,69000,70500,69000
2014-03-12,5.82,70000,-0.5(-0.71 %),19700,1381620000,0,0,70500,70500,69500
2014-03-13,5.82,70000,0(0.00 %),62400,4363445000,0,0,70000,70000,69000
2014-03-14,6.2,74500,4.5(6.43 %),435610,31758380000,0,0,70500,74500,70000
2014-03-17,6.36,76500,2(2.68 %),94870,7203800000,0,0,75000,79500,74000
2014-03-18,6.24,75000,-1.5(-1.96 %),121090,9266510000,0,0,75500,77500,75000
2014-03-19,6.4,77000,2(2.67 %),56860,4310355000,0,0,74500,77000,74500
2014-03-20,6.15,74000,-3(-3.90 %),132790,10054115000,0,0,77500,77500,72000
2014-03-21,6.15,74000,0(0.00 %),180670,13393855000,0,0,74000,76000,73000
2014-03-24,6.03,72500,-1.5(-2.03 %),161280,11766335000,0,0,74500,75000,72000
2014-03-25,5.99,72000,-0.5(-0.69 %),206670,14839125000,0,0,73000,73000,71000
2014-03-26,5.78,69500,-2.5(-3.47 %),92970,6587575000,0,0,72000,72000,69500
2014-03-27,5.9,71000,1.5(2.16 %),42690,2963095000,0,0,69500,71000,68000
2014-03-28,5.95,71500,0.5(0.70 %),14070,1003945000,0,0,71000,71500,70500
2014-03-31,5.9,71000,-0.5(-0.70 %),28670,2027330000,0,0,71000,71500,70000
2014-04-01,5.7,68500,-2.5(-3.52 %),54450,3754890000,0,0,71000,71000,68000
2014-04-02,5.65,68000,-0.5(-0.73 %),59770,4060030000,0,0,69000,69000,67000
2014-04-03,5.74,69000,1(1.47 %),29530,2045795000,0,0,69000,69500,68500
2014-04-04,5.74,69000,0(0.00 %),27540,1921635000,0,0,70000,70000,69000
2014-04-07,5.86,70500,1.5(2.17 %),39150,2761265000,0,0,69000,71000,69000
2014-04-08,5.86,70500,0(0.00 %),22500,1587880000,0,0,71500,71500,70500
2014-04-10,5.86,70500,0(0.00 %),21900,1538845000,0,0,70500,70500,70000
2014-04-11,5.78,69500,-1(-1.42 %),32500,2256605000,0,0,69000,70000,69000
2014-04-14,5.86,70500,1(1.44 %),106290,7543385000,0,0,70000,72000,69500
2014-04-15,5.78,69500,-1(-1.42 %),19230,1337145000,0,0,70500,70500,69000
2014-04-16,5.78,69500,0(0.00 %),31680,2166225000,0,0,68500,69500,67000
2014-04-17,5.78,69500,0(0.00 %),23340,1621715000,0,0,70000,70000,68000
2014-04-18,5.61,67500,-2(-2.88 %),22650,1519620000,0,0,68000,69000,66500
2014-04-21,5.32,64000,-3.5(-5.19 %),35740,2343820000,0,0,67500,67500,64000
2014-04-22,5.2,62500,-1.5(-2.34 %),70690,4419230000,0,0,64000,64000,61000
2014-04-23,5.2,62500,0(0.00 %),91190,5720625000,0,0,63000,64000,62500
2014-04-24,5.24,63000,0.5(0.80 %),51760,3258865000,0,0,62000,63500,62000
2014-04-25,5.41,65000,2(3.17 %),32010,2060490000,0,0,64000,66000,64000
2014-04-28,5.36,64500,-0.5(-0.77 %),29920,1940985000,0,0,65000,66000,64500
2014-04-29,5.32,64000,-0.5(-0.78 %),13870,891345000,0,0,63500,65000,63500
2014-05-05,5.11,61500,-2.5(-3.91 %),32990,2053045000,0,0,65000,65000,61500
2014-05-06,5.07,61000,-0.5(-0.81 %),128840,7651530000,0,0,61000,61000,58000
2014-05-07,5.16,62000,1(1.64 %),47900,2909545000,166896,10848240000,61000,62500,60000
2014-05-08,4.82,58000,-4(-6.45 %),212580,12342830000,0,0,60000,60500,58000
2014-05-09,4.7,56500,-1.5(-2.59 %),97660,5478315000,0,0,57000,59000,54000
2014-05-12,4.41,53000,-3.5(-6.19 %),187070,9920520000,0,0,54000,54000,53000
2014-05-13,4.12,49600,-3.4(-6.42 %),238600,11908449000,0,0,50000,52500,49500
2014-05-14,4.41,53000,3.4(6.85 %),230030,11573606000,0,0,48600,53000,48600
2014-05-15,4.14,49800,-3.2(-6.04 %),54960,2787598000,0,0,52000,53000,49500
2014-05-16,4.24,51000,1.2(2.41 %),22640,1143150000,0,0,50000,52000,49000
2014-05-19,4.49,54000,3(5.88 %),136360,7148400000,0,0,51000,54500,51000
2014-05-20,4.53,54500,0.5(0.93 %),70450,3774080000,0,0,54000,54500,52500
2014-05-21,4.82,58000,3.5(6.42 %),83050,4757010000,0,0,55000,58000,54000
2014-05-22,4.74,57000,-1(-1.72 %),63910,3748560000,0,0,58000,61500,56500
2014-05-23,4.82,58000,1(1.75 %),54570,3094000000,0,0,57000,58000,55500
2014-05-26,4.82,58000,0(0.00 %),29250,1675125000,0,0,58000,58000,56000
2014-05-27,4.86,58500,0.5(0.86 %),77820,4511715000,0,0,58000,59000,56500
2014-05-28,4.86,58500,0(0.00 %),57790,3422360000,0,0,58500,60500,58000
2014-05-29,4.86,58500,0(0.00 %),73490,4250145000,0,0,58000,59000,57000
2014-05-30,4.82,58000,-0.5(-0.85 %),36220,2066830000,0,0,58500,58500,57000
2014-06-02,4.66,56000,-2(-3.45 %),35540,1998620000,0,0,57000,57500,56000
2014-06-03,4.62,55500,-0.5(-0.89 %),22750,1270185000,0,0,56000,56500,55500
2014-06-04,4.66,56000,0.5(0.90 %),56950,3165900000,0,0,55500,56000,55500
2014-06-05,4.7,56500,0.5(0.89 %),21400,1205250000,0,0,56000,57000,56000
2014-06-06,4.86,58500,2(3.54 %),25750,1482545000,0,0,56500,58500,56500
2014-06-09,4.95,59500,1(1.71 %),99400,5927975000,0,0,58500,61000,57000
2014-06-10,4.78,57500,-2(-3.36 %),17730,1034135000,0,0,60500,60500,57500
2014-06-11,5.03,60500,3(5.22 %),51610,3078395000,0,0,58500,60500,58500
2014-06-12,5.03,60500,0(0.00 %),37540,2263990000,0,0,60500,61000,60000
2014-06-13,5.24,63000,2.5(4.13 %),82870,5135985000,0,0,61500,63500,61000
2014-06-16,5.16,62000,-1(-1.59 %),67090,4172165000,0,0,64000,64000,61000
2014-06-17,5.16,62000,0(0.00 %),73540,4556990000,0,0,62000,62500,61500
2014-06-18,5.11,61500,-0.5(-0.81 %),61730,3815580000,0,0,62000,62500,61500
2014-06-19,5.11,61500,0(0.00 %),76280,4624635000,0,0,61500,61500,59500
2014-06-20,5.13,57200,0.2(0.39 %),42250,2177585000,0,0,57200,57200,57200
2014-06-23,5.18,51500,0.5(0.98 %),50220,2571175000,0,0,51500,51500,51000
2014-06-24,5.18,51500,0(0.00 %),31460,1610190000,0,0,51000,51500,51000
2014-06-25,5.28,52500,1(1.94 %),29540,1532325000,0,0,51000,52500,51000
2014-06-26,5.28,52500,0(0.00 %),44490,2334780000,0,0,52500,52500,52000
2014-06-27,5.18,51500,-1(-1.90 %),22190,1144485000,0,0,52000,52500,51000
2014-06-30,5.13,51000,-0.5(-0.97 %),33980,1737500000,0,0,51000,52000,51000
2014-07-01,5.18,51500,0.5(0.98 %),27260,1395740000,0,0,51500,51500,51000
2014-07-02,5.23,52000,0.5(0.97 %),59120,3070105000,0,0,51500,52500,51500
2014-07-03,5.23,52000,0(0.00 %),16230,844325000,0,0,52000,52500,51500
2014-07-04,5.28,52500,0.5(0.96 %),29630,1541015000,0,0,52000,52500,52000
2014-07-07,5.33,53000,0.5(0.95 %),28280,1486570000,0,0,52500,53000,52000
2014-07-08,5.23,52000,-1(-1.89 %),10240,534505000,0,0,53000,53000,52000
2014-07-09,5.28,52500,0.5(0.96 %),17050,886765000,180000,8712000000,52000,52500,52000
2014-07-10,5.23,52000,-0.5(-0.95 %),54760,2839905000,0,0,52000,52000,51500
2014-07-11,5.23,52000,0(0.00 %),5360,277220000,0,0,52000,52000,51500
2014-07-14,5.28,52500,0.5(0.96 %),22270,1157765000,0,0,52000,52500,51500
2014-07-15,5.28,52500,0(0.00 %),19750,1039910000,0,0,52500,53500,52500
2014-07-16,5.63,56000,3.5(6.67 %),152690,8311275000,0,0,53000,56000,53000
2014-07-17,5.58,55500,-0.5(-0.89 %),16620,919860000,0,0,56500,56500,55000
2014-07-18,5.53,55000,-0.5(-0.90 %),23820,1328000000,0,0,55000,56500,55000
2014-07-21,5.68,56500,1.5(2.73 %),80390,4539000000,0,0,55000,57500,55000
2014-07-22,5.68,56500,0(0.00 %),22860,1277000000,0,0,56500,56500,55000
2014-07-23,5.63,56000,-0.5(-0.88 %),17030,948000000,0,0,56500,57000,55500
2014-07-24,5.63,56000,0(0.00 %),31450,1753875000,0,0,56000,56500,55000
2014-07-25,5.53,55000,-1(-1.79 %),46430,2581000000,0,0,56000,56500,55000
2014-07-28,5.33,53000,-2(-3.64 %),67180,3549000000,0,0,55000,55000,52000
2014-07-29,5.28,52500,-0.5(-0.94 %),18700,979000000,0,0,52500,53000,52000
2014-07-30,5.48,54500,2(3.81 %),41670,2250000000,0,0,53000,55000,53000
2014-07-31,5.38,53500,-1(-1.83 %),20900,1127000000,0,0,54000,54500,53500
2014-08-01,5.38,53500,0(0.00 %),33640,1804000000,0,0,53500,54000,53500
2014-08-04,5.43,54000,0.5(0.93 %),29120,1571000000,0,0,54000,54500,53500
2014-08-05,5.63,56000,2(3.70 %),78050,4293000000,0,0,53500,56000,53500
2014-08-06,5.73,57000,1(1.79 %),255370,14441000000,0,0,56000,57500,55500
2014-08-07,5.89,58500,1.5(2.63 %),136250,7804000000,0,0,57000,58500,57000
2014-08-08,5.78,57500,-1(-1.71 %),141350,8098000000,0,0,58500,58500,57000
2014-08-11,5.73,57000,-0.5(-0.87 %),72440,4132000000,0,0,58000,58000,56500
2014-08-12,5.73,57000,0(0.00 %),20900,1191000000,0,0,57000,57500,57000
2014-08-13,5.78,57500,0.5(0.88 %),144360,8237000000,0,0,57000,57500,57000
2014-08-14,5.73,57000,-0.5(-0.87 %),57230,3273350000,0,0,57500,57500,57000
2014-08-15,5.68,56500,-0.5(-0.88 %),52110,2945000000,0,0,57000,57000,56000
2014-08-18,5.68,56500,0(0.00 %),93010,5285000000,0,0,57000,57000,56000
2014-08-19,5.78,57500,1(1.77 %),104570,5931000000,0,0,57000,58000,56500
2014-08-20,5.68,56500,-1(-1.74 %),94470,5348000000,0,0,56500,57000,56500
2014-08-21,5.78,57500,1(1.77 %),205950,11649000000,0,0,56500,57500,56000
2014-08-22,5.84,58000,0.5(0.87 %),286780,16795340000,0,0,57500,59000,57500
2014-08-25,5.99,59500,1.5(2.59 %),212780,12516000000,0,0,59000,59500,58000
2014-08-26,5.84,58000,-1.5(-2.52 %),67580,3940000000,0,0,59500,59500,58000
2014-08-27,5.89,58500,0.5(0.86 %),126690,7376170000,0,0,59000,59000,58000
2014-08-28,5.89,58500,0(0.00 %),117580,6889980000,0,0,58500,59000,58500
2014-08-29,5.89,58500,0(0.00 %),120720,7057000000,0,0,58500,59000,58000
2014-09-03,5.89,58500,0(0.00 %),110250,6450000000,0,0,58500,59000,58500
2014-09-04,5.89,58500,0(0.00 %),120760,7063000000,0,0,58000,59000,58000
2014-09-05,5.89,58500,0(0.00 %),152030,8906000000,0,0,58500,59000,58500
2014-09-08,6.04,60000,1.5(2.56 %),196950,11820410000,0,0,59000,61000,59000
2014-09-09,5.84,58000,-2(-3.33 %),113260,6637830000,0,0,60000,60000,58000
2014-09-10,5.89,58500,0.5(0.86 %),128470,7412120000,0,0,58500,58500,57000
2014-09-11,5.94,59000,0.5(0.85 %),100720,5905110000,41940,2348640000,58500,59500,58500
2014-09-12,5.89,58500,-0.5(-0.85 %),33900,1987270000,740000,42180000000,59000,59000,58500
2014-09-15,5.84,58000,-0.5(-0.85 %),138040,8061985000,0,0,58000,59000,58000
2014-09-16,5.78,57500,-0.5(-0.86 %),94230,5422750000,0,0,57500,58000,57000
2014-09-17,5.73,57000,-0.5(-0.87 %),136080,7803275000,0,0,57500,58000,57000
2014-09-18,5.73,57000,0(0.00 %),104450,5989520000,740000,42550000000,57000,57500,57000
2014-09-19,5.94,59000,2(3.51 %),260380,15353470000,0,0,56500,60500,56500
2014-09-22,5.94,59000,0(0.00 %),54910,3241860000,0,0,59500,59500,59000
2014-09-23,5.89,58500,-0.5(-0.85 %),50860,2994805000,0,0,59000,59000,58000
2014-09-24,5.94,59000,0.5(0.85 %),57530,3386905000,740000,42920000000,58000,59000,58000
2014-09-25,5.94,59000,0(0.00 %),34510,2025835000,0,0,59000,59000,58000
2014-09-26,5.94,59000,0(0.00 %),95580,5738250000,0,0,59000,62000,58500
2014-09-29,6.19,61500,2.5(4.24 %),112860,6855770000,0,0,59000,61500,59000
2014-09-30,6.09,60500,-1(-1.63 %),41320,2493840000,916184,55240580000,61500,61500,60000
2014-10-01,6.19,61500,1(1.65 %),130120,7964870000,0,0,61000,61500,60500
2014-10-02,6.04,60000,-1.5(-2.44 %),58330,3539500000,0,0,62000,62000,60000
2014-10-03,6.04,60000,0(0.00 %),44560,2690130000,36000,2016000000,60500,61000,60000
2014-10-06,5.99,59500,-0.5(-0.83 %),113690,6782060000,0,0,60000,60500,59000
2014-10-07,5.89,58500,-1(-1.68 %),87230,5134570000,0,0,59500,59500,58500
2014-10-08,5.94,59000,0.5(0.85 %),67860,3970520000,0,0,58500,59000,58000
2014-10-09,5.94,59000,0(0.00 %),58380,3448790000,0,0,59000,59500,59000
2014-10-10,5.99,59500,0.5(0.85 %),95760,5647260000,0,0,59000,59500,58500
2014-10-13,5.99,59500,0(0.00 %),87460,5151600000,0,0,59000,59500,58500
2014-10-14,5.89,58500,-1(-1.68 %),45400,2679030000,0,0,59000,59500,58500
2014-10-15,5.94,59000,0.5(0.85 %),43710,2544525000,0,0,58000,59000,58000
2014-10-16,5.78,57500,-1.5(-2.54 %),131020,7522120000,0,0,58500,59000,56500
2014-10-17,5.89,58500,1(1.74 %),87230,4904550000,0,0,57500,58500,55000
2014-10-20,5.73,57000,-1.5(-2.56 %),8790,502045000,0,0,59000,59000,57000
2014-10-21,5.68,56500,-0.5(-0.88 %),56570,3224520000,0,0,57000,57500,56500
2014-10-22,5.84,58000,1.5(2.65 %),27080,1548990000,0,0,57000,58000,57000
2014-10-23,5.78,57500,-0.5(-0.86 %),27310,1561590000,20000,1080000000,57000,58000,56500
2014-10-24,5.68,56500,-1(-1.74 %),37410,2129830000,0,0,57000,58000,56500
2014-10-27,5.58,55500,-1(-1.77 %),14520,818230000,0,0,56500,56500,55500
2014-10-28,5.63,56000,0.5(0.90 %),17170,959115000,0,0,55500,56000,55500
2014-10-29,5.68,56500,0.5(0.89 %),37840,2132860000,0,0,56000,57000,56000
2014-10-30,5.73,57000,0.5(0.88 %),15840,896380000,20000,1200000000,57000,57000,56500
2014-10-31,5.78,57500,0.5(0.88 %),26840,1530330000,0,0,57000,57500,56000
2014-11-03,5.68,56500,-1(-1.74 %),88060,4958800000,0,0,56500,57000,56000
2014-11-04,5.58,55500,-1(-1.77 %),23610,1316000000,0,0,55500,56500,55500
2014-11-05,5.58,55500,0(0.00 %),25520,1414325000,0,0,55500,56000,55000
2014-11-06,5.58,55500,0(0.00 %),40870,2248300000,0,0,55000,55500,55000
2014-11-07,5.48,54500,-1(-1.80 %),20870,1147275000,0,0,55000,55000,54500
2014-11-10,5.53,55000,0.5(0.92 %),67450,3679085000,0,0,54500,55000,54000
2014-11-11,5.58,55500,0.5(0.91 %),44580,2465945000,0,0,55500,56000,54000
2014-11-12,5.58,55500,0(0.00 %),23100,1273455000,0,0,56000,56000,54500
2014-11-13,5.53,55000,-0.5(-0.90 %),33160,1818530000,0,0,54500,55500,54500
2014-11-14,5.53,55000,0(0.00 %),33860,1852875000,0,0,55000,55000,54000
2014-11-17,5.53,55000,0(0.00 %),26110,1440895000,0,0,55500,56000,54500
2014-11-18,5.53,55000,0(0.00 %),27930,1533585000,0,0,55000,55000,54500
2014-11-19,5.53,55000,0(0.00 %),53450,2937100000,0,0,55000,56000,54500
2014-11-20,5.58,55500,0.5(0.91 %),18040,1002610000,0,0,55000,56000,55000
2014-11-21,5.53,55000,-0.5(-0.90 %),22010,1224040000,0,0,55500,56000,55000
2014-11-24,5.48,54500,-0.5(-0.91 %),19050,1036170000,0,0,54500,55000,54000
2014-11-25,5.48,54500,0(0.00 %),33410,1839300000,0,0,54500,56000,54500
2014-11-26,5.48,54500,0(0.00 %),42800,2346040000,783465,39956715000,55500,56000,54000
2014-11-27,5.48,54500,0(0.00 %),129420,6984810000,0,0,55500,55500,53500
2014-11-28,5.33,53000,-1.5(-2.75 %),150970,7948780000,0,0,53500,54000,52000
2014-12-01,5.33,53000,0(0.00 %),14290,757550000,0,0,53000,53500,53000
2014-12-02,5.38,53500,0.5(0.94 %),29180,1545350000,0,0,53000,53500,52500
2014-12-03,5.38,53500,0(0.00 %),14120,755290000,0,0,53500,53500,53000
2014-12-04,5.48,53500,0(0.00 %),11700,619910000,0,0,53000,53500,52500
2014-12-05,5.43,53000,-0.5(-0.93 %),13350,706550000,460000,24380000000,53000,53000,52500
2014-12-08,5.28,51500,-1.5(-2.83 %),16420,851050000,0,0,52500,52500,51500
2014-12-09,5.13,50000,-1.5(-2.91 %),22130,1106850000,0,0,51000,51000,49000
2014-12-10,5.33,52000,2(4.00 %),8770,440860000,460000,24380000000,50000,52000,50000
2014-12-11,5.18,50500,-1.5(-2.88 %),10310,535170000,0,0,52000,52000,50500
2014-12-12,5.33,52000,1.5(2.97 %),27190,1413535000,0,0,51500,52000,51500
2014-12-15,5.28,51500,-0.5(-0.96 %),30590,1588830000,0,0,52000,52500,51500
2014-12-16,5.13,50000,-1.5(-2.91 %),12070,610390000,0,0,51500,51500,50000
2014-12-17,5.23,51000,1(2.00 %),18950,918590000,0,0,50000,51000,47600
2014-12-18,5.18,50500,-0.5(-0.98 %),27840,1348640000,0,0,47700,50500,47700
2014-12-19,5.01,48900,-1.6(-3.17 %),42710,2059590000,0,0,49000,49000,48000
2014-12-22,5.01,48900,0(0.00 %),43800,2140980000,0,0,48900,49000,48000
2014-12-23,5.07,49500,0.6(1.23 %),15150,742430000,0,0,49000,49500,49000
2014-12-24,5.13,50000,0.5(1.01 %),11320,566120000,0,0,49500,52000,49500
2014-12-25,5.12,49900,-0.1(-0.20 %),6370,316280000,0,0,50000,50000,49500
2014-12-26,5.07,49500,-0.4(-0.80 %),25230,1239861000,0,0,49500,49800,49000
2014-12-29,4.92,48000,-1.5(-3.03 %),24160,1175605000,0,0,49500,49500,48000
2014-12-30,5.0,48800,0.8(1.67 %),20290,972498000,0,0,49500,49500,47500
2014-12-31,5.13,50000,1.2(2.46 %),26620,1314177000,0,0,49000,50000,48800
2015-01-05,5.08,49600,-0.4(-0.80 %),6890,338330000,0,0,49500,49600,49000
2015-01-06,5.1,49700,0.1(0.20 %),42850,2119629000,0,0,49600,49700,48800
2015-01-07,5.13,50000,0.3(0.60 %),32310,1605560000,0,0,49900,50000,49200
2015-01-08,5.08,49600,-0.4(-0.80 %),7290,364100000,0,0,50000,50000,49600
2015-01-09,5.23,51000,1.4(2.82 %),21220,1078185000,0,0,50000,52000,50000
2015-01-12,5.18,50500,-0.5(-0.98 %),19140,961150000,0,0,51000,51000,50000
2015-01-13,5.23,51000,0.5(0.99 %),2810,142935000,0,0,50000,51000,50000
2015-01-14,5.23,51000,0(0.00 %),6150,310548000,0,0,51000,51500,49500
2015-01-15,5.13,50000,-1(-1.96 %),20620,1031250000,49110,2504610000,51500,51500,50000
2015-01-16,5.13,50000,0(0.00 %),9110,455300000,0,0,50000,50000,49800
2015-01-19,5.12,49900,-0.1(-0.20 %),17560,869328000,0,0,49500,49900,49500
2015-01-20,5.13,50000,0.1(0.20 %),12660,633280000,0,0,50000,50500,50000
2015-01-21,5.08,49600,-0.4(-0.80 %),1170,57972000,0,0,50000,50000,49500
2015-01-22,5.13,50000,0.4(0.81 %),270,13381000,0,0,49600,50000,49500
2015-01-23,5.13,50000,0(0.00 %),4860,242880000,0,0,50000,50000,49600
2015-01-26,5.13,50000,0(0.00 %),6660,330702000,0,0,49700,50000,49500
2015-01-27,5.13,50000,0(0.00 %),17020,847224000,0,0,49500,51000,49500
2015-01-28,5.13,50000,0(0.00 %),45560,2275005000,0,0,50000,50500,49500
2015-01-29,5.12,49900,-0.1(-0.20 %),7000,346560000,0,0,49600,50000,49500
2015-01-30,5.02,49000,-0.9(-1.80 %),11270,557288000,0,0,49600,49700,49000
2015-02-02,5.02,49000,0(0.00 %),34670,1703000000,0,0,49900,49900,49000
2015-02-03,5.02,49000,0(0.00 %),16220,792000000,0,0,49000,49000,48500
2015-02-04,4.99,48700,-0.3(-0.61 %),1150,56000000,0,0,49000,49000,48700
2015-02-05,4.98,48600,-0.1(-0.21 %),13560,661000000,0,0,48700,48800,48600
2015-02-06,5.07,49500,0.9(1.85 %),17550,863000000,0,0,49400,49900,49000
2015-02-09,5.28,51500,2(4.04 %),125400,6350000000,0,0,50000,51500,50000
2015-02-10,5.28,51500,0(0.00 %),20050,1033000000,0,0,51500,52000,51500
2015-02-11,5.28,51500,0(0.00 %),12760,657000000,0,0,51500,51500,51000
2015-02-12,5.23,51000,-0.5(-0.97 %),11610,594000000,0,0,51500,51500,50000
2015-02-13,5.23,51000,0(0.00 %),9180,471000000,0,0,51000,52000,50500
2015-02-24,5.28,51500,0.5(0.98 %),27230,1413000000,0,0,51000,52500,51000
2015-02-25,5.28,51500,0(0.00 %),59080,3064000000,0,0,52500,52500,51500
2015-02-26,5.28,51500,0(0.00 %),60710,3104000000,0,0,51500,52000,51000
2015-02-27,5.23,51000,-0.5(-0.97 %),40110,2051000000,0,0,51000,51500,50500
2015-03-02,5.23,51000,0(0.00 %),135370,6904000000,0,0,51000,51500,50500
2015-03-03,5.33,52000,1(1.96 %),77820,4013000000,0,0,51000,52500,51000
2015-03-04,5.38,52500,0.5(0.96 %),35870,1877000000,0,0,52500,53000,52000
2015-03-05,5.43,53000,0.5(0.95 %),48560,2565000000,0,0,53000,53000,52000
2015-03-06,5.48,53500,0.5(0.94 %),124180,6612000000,0,0,52500,54000,52500
2015-03-09,5.43,53000,-0.5(-0.93 %),66850,3550000000,0,0,53500,54000,53000
2015-03-10,5.38,52500,-0.5(-0.94 %),29230,1539000000,0,0,53000,53000,52500
2015-03-11,5.33,52000,-0.5(-0.95 %),45990,2393000000,40744,2281664000,52500,52500,52000
2015-03-12,5.38,52500,0.5(0.96 %),19240,997000000,0,0,52000,52500,51500
2015-03-13,5.33,52000,-0.5(-0.95 %),18700,973000000,0,0,52500,52500,52000
2015-03-16,5.33,52000,0(0.00 %),20400,1053000000,0,0,52000,52000,51500
2015-03-17,5.28,51500,-0.5(-0.96 %),19540,1015000000,0,0,51000,52500,51000
2015-03-18,5.28,51500,0(0.00 %),9940,512000000,0,0,51500,52000,51500
2015-03-19,5.23,51000,-0.5(-0.97 %),20650,1064000000,0,0,51500,52000,51000
2015-03-20,5.33,52000,1(1.96 %),37360,1943000000,0,0,51500,52500,51000
2015-03-23,5.33,52000,0(0.00 %),11000,568000000,0,0,52000,52500,51500
2015-03-24,5.11,49800,-2.2(-4.23 %),48510,2428000000,0,0,51000,51000,49500
2015-03-25,5.13,50000,0.2(0.40 %),28390,1420000000,0,0,50000,50500,49800
2015-03-26,5.13,50000,0(0.00 %),19580,979000000,0,0,50000,50000,49600
2015-03-27,5.13,50000,0(0.00 %),23200,1160000000,0,0,50000,50000,49800
2015-03-30,5.13,50000,0(0.00 %),12360,617000000,0,0,50000,50000,49500
2015-03-31,5.18,50500,0.5(1.00 %),9130,458000000,0,0,50000,50500,49500
2015-04-01,5.04,49200,-1.3(-2.57 %),6750,335000000,0,0,50000,50500,49200
2015-04-02,5.1,49700,0.5(1.02 %),770,38000000,0,0,49200,49900,49000
2015-04-03,5.07,49500,-0.2(-0.40 %),6780,337000000,0,0,49800,49900,49500
2015-04-06,5.07,49500,0(0.00 %),4490,222000000,0,0,49500,49500,49500
2015-04-07,5.07,49500,0(0.00 %),18150,898000000,0,0,49400,49500,49400
2015-04-08,5.08,49600,0.1(0.20 %),17860,885000000,0,0,49500,49900,49500
2015-04-09,5.1,49700,0.1(0.20 %),5740,285000000,0,0,49500,49900,49500
2015-04-10,5.11,49800,0.1(0.20 %),9060,452000000,0,0,49900,50000,49700
2015-04-13,5.18,50500,0.7(1.41 %),15840,795000000,0,0,51500,51500,50000
2015-04-14,5.18,50500,0(0.00 %),6540,328000000,0,0,51000,51500,50000
2015-04-15,5.18,50500,0(0.00 %),14570,727000000,0,0,50000,50500,49800
2015-04-16,5.18,50500,0(0.00 %),27740,1392000000,0,0,50500,50500,49700
2015-04-17,5.18,50500,0(0.00 %),19140,962000000,0,0,50500,51000,50000
2015-04-20,5.18,50500,0(0.00 %),30520,1531000000,0,0,50000,50500,49900
2015-04-21,5.13,50000,-0.5(-0.99 %),27980,1402000000,0,0,50500,50500,49900
2015-04-22,5.43,53000,3(6.00 %),28570,1469000000,0,0,50500,53000,50500
2015-04-23,5.33,52000,-1(-1.89 %),9420,488000000,0,0,51000,52000,51000
2015-04-24,5.33,52000,0(0.00 %),11410,588000000,0,0,52000,52000,51500
2015-04-27,5.28,51500,-0.5(-0.96 %),5990,311000000,0,0,52000,52000,51500
2015-05-04,5.23,51000,-0.5(-0.97 %),65950,3388000000,0,0,52500,52500,51000
2015-05-05,5.23,51000,0(0.00 %),99570,5087000000,0,0,50500,51500,50500
2015-05-06,5.28,51500,0.5(0.98 %),131910,6787000000,0,0,51500,52000,50500
2015-05-07,5.33,52000,0.5(0.97 %),39680,2053000000,0,0,52000,52000,51500
2015-05-08,5.33,52000,0(0.00 %),48500,2524000000,0,0,52000,52500,51500
2015-05-11,5.54,54000,2(3.85 %),188620,10142000000,0,0,52500,55000,52000
2015-05-12,5.48,53500,-0.5(-0.93 %),60790,3264000000,0,0,54500,54500,53500
2015-05-13,5.54,54000,0.5(0.93 %),68950,3693000000,0,0,53500,54500,53000
2015-05-14,5.64,55000,1(1.85 %),73140,3946000000,0,0,54000,55500,53500
2015-05-15,5.59,54500,-0.5(-0.91 %),27960,1520000000,0,0,55000,55500,54000
2015-05-18,5.43,53000,-1.5(-2.75 %),53720,2868000000,0,0,53500,54000,53000
2015-05-19,5.54,54000,1(1.89 %),62040,3329000000,0,0,53500,54000,53000
2015-05-20,5.69,55500,1.5(2.78 %),58120,3216000000,0,0,54500,56000,54500
2015-05-21,5.74,56000,0.5(0.90 %),93540,5167000000,0,0,55500,56000,55000
2015-05-22,5.74,56000,0(0.00 %),30670,1711000000,0,0,56000,56500,55500
2015-05-25,5.64,55000,-1(-1.79 %),72930,4012000000,0,0,55500,55500,55000
2015-05-26,5.59,54500,-0.5(-0.91 %),127000,6974000000,0,0,56000,56000,54500
2015-05-27,5.59,54500,0(0.00 %),41400,2263000000,0,0,55000,55000,54500
2015-05-28,5.64,55000,0.5(0.92 %),110730,6094000000,0,0,55500,55500,55000
2015-05-29,5.84,57000,2(3.64 %),107680,6051000000,0,0,56000,57000,55000
2015-06-01,5.74,56000,-1(-1.75 %),42860,2407000000,0,0,57000,57000,56000
2015-06-02,5.69,55500,-0.5(-0.89 %),94130,5231000000,0,0,56000,56000,55500
2015-06-03,5.69,55500,0(0.00 %),41990,2330000000,0,0,56000,56000,55000
2015-06-04,5.69,55500,0(0.00 %),84030,4687000000,0,0,55500,56500,55500
2015-06-05,5.83,51600,1.1(2.40 %),30950,1449000000,0,0,51600,51600,51600
2015-06-08,5.71,46000,-1(-2.13 %),9930,460000000,0,0,46800,47000,46000
2015-06-09,5.7,45900,-0.1(-0.22 %),3520,162000000,0,0,46000,46000,45900
2015-06-10,5.71,46000,0.1(0.22 %),20670,948000000,0,0,46000,46000,45600
2015-06-11,5.81,46800,0.8(1.74 %),30150,1387000000,50000,2460000000,46000,46900,46000
2015-06-12,5.79,46600,-0.2(-0.43 %),17310,809000000,100000,5000000000,46800,46800,46600
2015-06-15,5.79,46600,0(0.00 %),7610,355000000,0,0,46700,46700,46600
2015-06-16,5.67,45700,-0.9(-1.93 %),31590,1450000000,0,0,46500,46800,45700
2015-06-17,5.71,46000,0.3(0.66 %),23820,1090000000,0,0,45700,46000,45700
2015-06-18,5.71,46000,0(0.00 %),23500,1082000000,0,0,46000,46500,46000
2015-06-19,5.76,46400,0.4(0.87 %),20840,965000000,0,0,47000,47000,46000
2015-06-22,5.81,46800,0.4(0.86 %),12180,565000000,0,0,46400,46800,46100
2015-06-23,5.76,46400,-0.4(-0.85 %),8430,392000000,0,0,46100,46800,46100
2015-06-24,5.74,46200,-0.2(-0.43 %),20920,970000000,0,0,46700,46700,46200
2015-06-25,5.75,46300,0.1(0.22 %),12660,587000000,0,0,46500,46800,46200
2015-06-26,5.87,47300,1(2.16 %),151420,7202000000,0,0,46300,48400,46300
2015-06-29,5.97,48100,0.8(1.69 %),68430,3317000000,0,0,47400,49000,47400
2015-06-30,6.01,48400,0.3(0.62 %),31070,1500000000,0,0,48500,48800,48100
2015-07-01,5.96,48000,-0.4(-0.83 %),15980,771000000,0,0,48400,48400,48000
2015-07-02,5.96,48000,0(0.00 %),41540,1997000000,0,0,48000,48400,48000
2015-07-03,5.98,48200,0.2(0.42 %),37420,1800000000,0,0,48000,48400,48000
2015-07-06,6.07,48900,0.7(1.45 %),47080,2289000000,0,0,48200,48900,48200
2015-07-07,6.02,48500,-0.4(-0.82 %),36920,1794000000,0,0,48900,48900,48500
2015-07-08,6.02,48500,0(0.00 %),110590,5373000000,0,0,49000,49200,48200
2015-07-09,6.02,48500,0(0.00 %),6190,299000000,0,0,48400,48500,48200
2015-07-10,5.97,48100,-0.4(-0.82 %),39100,1889000000,0,0,48900,48900,48100
2015-07-13,6.0,48300,0.2(0.42 %),24800,1191000000,0,0,48100,48300,47900
2015-07-14,5.95,47900,-0.4(-0.83 %),40580,1949000000,0,0,48300,48300,47900
2015-07-15,5.95,47900,0(0.00 %),54200,2578000000,0,0,47900,48300,47500
2015-07-16,5.91,47600,-0.3(-0.63 %),37620,1792000000,100000,5100000000,47600,47800,47500
2015-07-17,5.96,48000,0.4(0.84 %),28360,1359000000,0,0,47600,48100,47500
2015-07-20,6.08,49000,1(2.08 %),104090,5140000000,0,0,48100,50000,47900
2015-07-21,6.19,49900,0.9(1.84 %),82110,4081000000,0,0,49000,50000,49000
2015-07-22,6.19,49900,0(0.00 %),33080,1643000000,0,0,49700,50000,49400
2015-07-23,6.17,49700,-0.2(-0.40 %),46220,2308000000,0,0,49900,50000,49700
2015-07-24,6.58,53000,3.3(6.64 %),180380,9388000000,0,0,49800,53000,49800
2015-07-27,6.89,55500,2.5(4.72 %),139160,7654000000,0,0,53000,56000,53000
2015-07-28,6.77,54500,-1(-1.80 %),79680,4389000000,0,0,56000,56000,54500
2015-07-29,6.7,54000,-0.5(-0.92 %),65720,3558000000,0,0,54500,55000,53500
2015-07-30,6.58,53000,-1(-1.85 %),67470,3597000000,0,0,54000,54000,53000
2015-07-31,6.58,53000,0(0.00 %),49340,2630000000,0,0,53000,54000,53000
2015-08-03,6.58,53000,0(0.00 %),101200,5241000000,0,0,52500,53000,51000
2015-08-04,6.58,53000,0(0.00 %),62400,3295000000,0,0,52500,53500,52000
2015-08-05,6.64,53500,0.5(0.94 %),67880,3601000000,0,0,53500,54000,53000
2015-08-06,6.64,53500,0(0.00 %),22970,1231000000,0,0,54000,54000,53500
2015-08-07,6.7,54000,0.5(0.93 %),19230,1027000000,0,0,53000,54000,53000
2015-08-10,7.08,57000,3(5.56 %),222340,12496000000,0,0,54000,57000,54000
2015-08-11,6.95,56000,-1(-1.75 %),98400,5581000000,0,0,57000,57500,56000
2015-08-12,7.01,56500,0.5(0.89 %),119120,6781000000,50000,2975000000,55500,58000,55000
2015-08-13,6.95,56000,-0.5(-0.88 %),91880,5138000000,0,0,56000,56500,55000
2015-08-14,7.2,58000,2(3.57 %),195390,11143000000,0,0,56000,58000,56000
2015-08-17,7.2,58000,0(0.00 %),106450,6147000000,0,0,58000,58500,57000
2015-08-18,7.2,58000,0(0.00 %),64070,3690000000,0,0,58000,58500,57000
2015-08-19,7.14,57500,-0.5(-0.86 %),113670,6470000000,380000,23560000000,57000,58000,56000
2015-08-20,7.2,58000,0.5(0.87 %),204020,11936000000,0,0,57000,59500,57000
2015-08-21,7.08,57000,-1(-1.72 %),372920,20963000000,0,0,57500,57500,55500
2015-08-24,6.64,53500,-3.5(-6.14 %),280730,15112000000,0,0,55500,55500,53500
2015-08-25,6.52,52500,-1(-1.87 %),185140,9712000000,0,0,51500,54500,51000
2015-08-26,6.7,54000,1.5(2.86 %),110400,5853000000,0,0,52500,54500,52000
2015-08-27,6.7,54000,0(0.00 %),118950,6365000000,0,0,54500,54500,53000
2015-08-28,6.77,54500,0.5(0.93 %),52470,2844000000,0,0,54000,55500,53500
2015-08-31,6.64,53500,-1(-1.83 %),43790,2360000000,0,0,54000,54500,53500
2015-09-01,6.58,53000,-0.5(-0.93 %),94770,5058000000,0,0,54000,54000,53000
2015-09-03,6.58,53000,0(0.00 %),104430,5507000000,0,0,54000,54000,52500
2015-09-04,6.77,54500,1.5(2.83 %),51040,2748000000,0,0,53500,54500,53000
2015-09-07,6.7,54000,-0.5(-0.92 %),23180,1243000000,0,0,54500,54500,53500
2015-09-08,6.77,54500,0.5(0.93 %),13870,750000000,0,0,53000,54500,53000
2015-09-09,6.83,55000,0.5(0.92 %),138940,7642000000,0,0,54500,55500,54500
2015-09-10,7.02,55500,1.5(2.78 %),32340,1773000000,0,0,54500,55500,54000
2015-09-11,6.95,55000,-0.5(-0.90 %),24640,1359000000,0,0,55500,56000,54500
2015-09-14,6.95,55000,0(0.00 %),43030,2349000000,0,0,55000,55500,53500
2015-09-15,6.95,55000,0(0.00 %),25480,1392000000,0,0,54500,55000,54500
2015-09-16,6.89,54500,-0.5(-0.91 %),20840,1127000000,0,0,54000,54500,54000
2015-09-17,6.89,54500,0(0.00 %),37990,2070000000,0,0,54500,54500,54500
2015-09-18,7.02,55500,1(1.83 %),115000,6331000000,0,0,55000,55500,54500
2015-09-21,7.14,56500,1(1.80 %),31710,1772000000,0,0,56500,56500,55500
2015-09-22,7.14,56500,0(0.00 %),22060,1245000000,0,0,56500,56500,56000
2015-09-23,7.33,58000,1.5(2.65 %),161900,9358000000,0,0,56500,58500,56500
2015-09-24,7.27,57500,-0.5(-0.86 %),54840,3163000000,0,0,58000,58000,57000
2015-09-25,7.59,60000,2.5(4.35 %),183660,10799000000,0,0,57500,60000,57000
2015-09-28,7.4,58500,-1.5(-2.50 %),50220,2974000000,0,0,59000,60000,58500
2015-09-29,7.46,59000,0.5(0.85 %),61240,3579000000,0,0,58000,59000,57500
2015-09-30,7.65,60500,1.5(2.54 %),174700,10509000000,0,0,59000,61500,59000
2015-10-01,7.71,61000,0.5(0.83 %),109820,6649000000,0,0,61000,61500,60000
2015-10-02,7.78,61500,0.5(0.82 %),72260,4427000000,0,0,61000,62000,60500
2015-10-05,7.84,62000,0.5(0.81 %),169590,10484000000,0,0,62000,63000,61000
2015-10-06,7.84,62000,0(0.00 %),298180,18655000000,0,0,63500,64000,61500
2015-10-07,7.59,60000,-2(-3.23 %),155780,9488000000,0,0,62000,62000,60000
2015-10-08,7.78,61500,1.5(2.50 %),153910,9397000000,0,0,60500,61500,60500
2015-10-09,7.78,61500,0(0.00 %),58880,3634000000,0,0,61500,62500,61500
2015-10-12,7.65,60500,-1(-1.63 %),64610,3929000000,0,0,61000,62000,60500
2015-10-13,7.84,62000,1.5(2.48 %),112850,6965000000,0,0,61000,62500,60500
2015-10-14,8.09,64000,2(3.23 %),232110,14826000000,0,0,64000,65000,63000
2015-10-15,8.54,67500,3.5(5.47 %),396770,26506000000,0,0,64500,68000,64500
2015-10-16,8.72,69000,1.5(2.22 %),265930,18300000000,0,0,69000,70000,67500
2015-10-19,8.72,69000,0(0.00 %),138040,9525000000,0,0,69000,71000,68000
2015-10-20,8.79,69500,0.5(0.72 %),267030,18527000000,0,0,69000,70500,68000
2015-10-21,8.6,68000,-1.5(-2.16 %),198300,13649000000,0,0,69500,70000,68000
2015-10-22,8.66,68500,0.5(0.74 %),133170,9085000000,0,0,68000,68500,68000
2015-10-23,8.98,71000,2.5(3.65 %),255860,17898000000,0,0,69000,71000,68500
2015-10-26,9.1,72000,1(1.41 %),366000,26551000000,100000,7250000000,72000,73500,72000
2015-10-27,9.23,73000,1(1.39 %),136640,9855000000,0,0,72000,73000,71500
2015-10-28,9.23,73000,0(0.00 %),267950,19711000000,781816,60981648000,73000,74500,72500
2015-10-29,9.1,72000,-1(-1.37 %),219960,16096000000,100000,7800000000,74000,74500,72000
2015-10-30,8.98,71000,-1(-1.39 %),116800,8367000000,0,0,72000,72500,71000
2015-11-02,8.72,69000,-2(-2.82 %),311300,21660000000,0,0,70500,71000,68500
2015-11-03,8.91,70500,1.5(2.17 %),142590,9941000000,0,0,69000,70500,68500
2015-11-04,8.79,69500,-1(-1.42 %),122860,8651000000,0,0,71000,71000,69500
2015-11-05,8.85,70000,0.5(0.72 %),85840,5986000000,0,0,69500,70500,69000
2015-11-06,8.85,70000,0(0.00 %),175400,12203000000,0,0,70000,70000,69000
2015-11-09,8.85,70000,0(0.00 %),105790,7461000000,0,0,71000,71000,70000
2015-11-10,8.66,68500,-1.5(-2.14 %),135930,9342000000,0,0,70000,70000,68500
2015-11-11,8.72,69000,0.5(0.73 %),74810,5140000000,0,0,69000,69500,68500
2015-11-12,9.04,71500,2.5(3.62 %),234710,16400000000,0,0,69000,71500,69000
2015-11-13,9.42,74500,3(4.20 %),634620,46924000000,0,0,72000,75000,72000
2015-11-16,9.74,77000,2.5(3.36 %),251130,19184000000,0,0,74500,77500,74500
2015-11-17,9.67,76500,-0.5(-0.65 %),287990,22175000000,0,0,77000,78500,76000
2015-11-18,9.48,75000,-1.5(-1.96 %),258540,19550000000,0,0,76000,77000,75000
2015-11-19,9.61,76000,1(1.33 %),230440,17383000000,0,0,76000,76500,74500
2015-11-20,9.67,76500,0.5(0.66 %),135940,10366000000,0,0,76000,77000,75500
2015-11-23,9.48,75000,-1.5(-1.96 %),242030,18375000000,0,0,76500,77000,75000
2015-11-24,9.04,71500,-3.5(-4.67 %),376590,27411000000,0,0,75000,75000,70500
2015-11-25,9.1,72000,0.5(0.70 %),211530,15004000000,0,0,72000,72500,69000
2015-11-26,8.98,71000,-1(-1.39 %),74580,5334000000,0,0,72000,72500,71000
2015-11-27,9.04,71500,0.5(0.70 %),47560,3387000000,0,0,71000,72000,70500
2015-11-30,8.79,69500,-2(-2.80 %),159110,11155000000,0,0,71000,71500,68000
2015-12-01,8.79,69500,0(0.00 %),138020,9593000000,0,0,70500,71000,69000
2015-12-02,8.91,70500,1(1.44 %),83290,5855000000,0,0,70500,71000,69500
2015-12-03,8.91,70500,0(0.00 %),59070,4176000000,0,0,70500,71500,70000
2015-12-04,8.98,71000,0.5(0.71 %),63040,4431000000,0,0,70500,71000,70000
2015-12-07,9.1,72000,1(1.41 %),248530,18013000000,0,0,71000,73500,70500
2015-12-08,9.55,75500,3.5(4.86 %),292320,21680000000,0,0,72000,75500,71500
2015-12-09,9.48,75000,-0.5(-0.66 %),173050,13017000000,0,0,75500,76500,74500
2015-12-10,9.29,73500,-1.5(-2.00 %),171170,12685000000,0,0,75000,75000,73500
2015-12-11,9.42,74500,1(1.36 %),161870,12022000000,0,0,73000,75500,73000
2015-12-14,9.42,74500,0(0.00 %),71670,5321000000,33348,2567796000,74500,74500,74000
2015-12-15,9.55,75500,1(1.34 %),130980,9863000000,0,0,74500,76000,74500
2015-12-16,9.55,75500,0(0.00 %),97880,7430000000,0,0,75500,76500,75500
2015-12-17,10.12,80000,4.5(5.96 %),463340,35862000000,50000,3975000000,75500,80000,75500
2015-12-18,9.86,78000,-2(-2.50 %),259060,20512000000,20000,1660000000,79500,80000,78000
2015-12-21,9.86,78000,0(0.00 %),121320,9398000000,20000,1660000000,78000,78000,76500
2015-12-22,9.67,76500,-1.5(-1.92 %),145730,11240000000,20000,1660000000,78000,78500,76500
2015-12-23,9.55,75500,-1(-1.31 %),279450,21110000000,0,0,76000,77000,74500
2015-12-24,9.67,76500,1(1.32 %),87130,6638000000,0,0,76000,77000,76000
2015-12-25,9.61,76000,-0.5(-0.65 %),71710,5454000000,0,0,76500,77000,76000
2015-12-28,9.67,76500,0.5(0.66 %),213160,16315000000,0,0,75500,77000,75500
2015-12-29,9.67,76500,0(0.00 %),98500,7549000000,0,0,76500,77500,76000
2015-12-30,9.74,77000,0.5(0.65 %),144540,11058000000,0,0,77000,77500,76000
2015-12-31,9.74,77000,0(0.00 %),284460,22211000000,0,0,77000,79500,76500
2016-01-04,9.67,76500,-0.5(-0.65 %),380930,29506000000,0,0,76500,79000,75500
2016-01-05,9.67,76500,0(0.00 %),236190,18157000000,0,0,76500,77500,76500
2016-01-06,9.74,77000,0.5(0.65 %),129940,10008000000,0,0,76500,77500,76500
2016-01-07,9.55,75500,-1.5(-1.95 %),319550,24244000000,0,0,77000,77000,75000
2016-01-08,9.61,76000,0.5(0.66 %),203120,15305000000,0,0,75500,76500,74500
2016-01-11,9.36,74000,-2(-2.63 %),217450,16260000000,0,0,76000,76500,74000
2016-01-12,9.48,75000,1(1.35 %),79020,5878000000,28779,1985751000,73500,75000,73500
2016-01-13,9.61,76000,1(1.33 %),153130,11626000000,157670,11825250000,75000,77500,75000
2016-01-14,9.48,75000,-1(-1.32 %),82780,6201000000,0,0,75000,76000,74000
2016-01-15,9.36,74000,-1(-1.33 %),109440,8131000000,21344,1707520000,75000,75500,74000
2016-01-18,8.91,70500,-3.5(-4.73 %),471690,32972000000,0,0,73000,73000,69000
2016-01-19,9.1,72000,1.5(2.13 %),104580,7450000000,0,0,70500,72500,70500
2016-01-20,8.98,71000,-1(-1.39 %),86390,6190000000,0,0,72000,73000,71000
2016-01-21,8.98,71000,0(0.00 %),184260,13121000000,0,0,71000,72000,70500
2016-01-22,8.98,71000,0(0.00 %),108020,7725000000,0,0,72000,72000,70500
2016-01-25,9.36,74000,3(4.23 %),95150,7000000000,0,0,72500,74500,72000
2016-01-26,9.17,72500,-1.5(-2.03 %),82580,6009000000,0,0,73000,74000,72000
2016-01-27,9.23,73000,0.5(0.69 %),98090,7172000000,0,0,73500,74000,73000
2016-01-28,9.1,72000,-1(-1.37 %),80780,5870000000,0,0,73000,73500,72000
2016-01-29,9.29,73500,1.5(2.08 %),107040,7810000000,0,0,72500,73500,72000
2016-02-01,8.66,68500,-5(-6.80 %),702150,48928000000,0,0,72500,72500,68500
2016-02-02,8.35,66000,-2.5(-3.65 %),251650,16715000000,0,0,67000,69000,65000
2016-02-03,8.22,65000,-1(-1.52 %),121570,7968000000,0,0,65500,67000,64500
2016-02-04,8.6,68000,3(4.62 %),202610,13579000000,0,0,66000,68500,65500
2016-02-05,8.6,68000,0(0.00 %),76630,5193000000,0,0,68500,68500,67000
2016-02-15,8.54,67500,-0.5(-0.74 %),113770,7619000000,0,0,68000,68000,66500
2016-02-16,8.66,68500,1(1.48 %),147560,10056000000,0,0,68000,69000,67500
2016-02-17,8.72,69000,0.5(0.73 %),137370,9453000000,0,0,69000,69500,68500
2016-02-18,8.72,69000,0(0.00 %),75560,5207000000,0,0,69000,69500,68500
2016-02-19,8.66,68500,-0.5(-0.72 %),75340,5179000000,0,0,69000,69500,68500
2016-02-22,8.72,69000,0.5(0.73 %),109910,7582000000,0,0,68500,69500,68500
2016-02-23,8.85,70000,1(1.45 %),69740,4868000000,0,0,69000,70500,69000
2016-02-24,8.72,69000,-1(-1.43 %),28130,1948000000,0,0,69500,70000,69000
2016-02-25,8.6,68000,-1(-1.45 %),79480,5428000000,0,0,69500,69500,67500
2016-02-26,8.6,68000,0(0.00 %),123850,8386000000,0,0,68000,68500,67000
2016-02-29,8.6,68000,0(0.00 %),80460,5448000000,50000,3625000000,68000,68000,67500
2016-03-01,8.85,70000,2(2.94 %),141560,9787000000,0,0,68000,71000,67500
2016-03-02,8.98,71000,1(1.43 %),180250,12666000000,0,0,70500,71000,70000
2016-03-03,8.85,70000,-1(-1.41 %),70300,4933000000,0,0,70000,71000,69500
2016-03-04,8.72,69000,-1(-1.43 %),147200,10179000000,50000,3725000000,70000,70000,68500
2016-03-07,8.66,68500,-0.5(-0.72 %),155850,10707000000,0,0,68500,69500,68000
2016-03-08,8.66,68500,0(0.00 %),110700,7557000000,0,0,68000,68500,68000
2016-03-09,9.04,71500,3(4.38 %),526860,37483000000,0,0,68500,73000,67500
2016-03-10,8.98,71000,-0.5(-0.70 %),135760,9667000000,0,0,72000,72000,70500
2016-03-11,8.98,71000,0(0.00 %),176750,12580000000,0,0,71000,71500,70500
2016-03-14,8.91,70500,-0.5(-0.70 %),109710,7739000000,275000,20062500000,71000,71000,70000
2016-03-15,8.85,70000,-0.5(-0.71 %),74190,5184000000,0,0,70000,70500,69000
2016-03-16,8.79,69500,-0.5(-0.71 %),42150,2927000000,0,0,69500,70000,69000
2016-03-17,8.79,69500,0(0.00 %),66160,4616000000,25000,1772500000,69500,70000,69500
2016-03-18,8.79,69500,0(0.00 %),47330,3288000000,110000,7870000000,69500,69500,69000
2016-03-21,8.72,69000,-0.5(-0.72 %),24130,1669000000,78000,5421000000,69500,69500,69000
2016-03-22,8.6,68000,-1(-1.45 %),152010,10317000000,0,0,69000,69000,67500
2016-03-23,8.66,68500,0.5(0.74 %),39930,2723000000,59000,4127050000,68000,69000,67500
2016-03-24,8.66,68500,0(0.00 %),98820,6810000000,0,0,68500,70000,68000
2016-03-25,8.47,67000,-1.5(-2.19 %),187870,12582000000,0,0,68500,69000,66000
2016-03-28,8.03,63500,-3.5(-5.22 %),332610,21177000000,0,0,66000,66500,62500
2016-03-29,7.65,60500,-3(-4.72 %),338220,20875000000,0,0,62500,64000,60000
2016-03-30,7.84,62000,1.5(2.48 %),183550,11157000000,0,0,60000,62000,60000
2016-03-31,7.59,60000,-2(-3.23 %),193130,11646000000,0,0,62000,62000,59500
2016-04-01,7.21,57000,-3(-5.00 %),344700,19854000000,0,0,59500,60000,56500
2016-04-04,7.33,58000,1(1.75 %),104370,6043000000,0,0,57000,59000,57000
2016-04-05,7.4,58500,0.5(0.86 %),76060,4402000000,0,0,58000,58500,57500
2016-04-06,7.33,58000,-0.5(-0.85 %),60060,3484000000,0,0,58500,58500,57500
2016-04-07,7.52,59500,1.5(2.59 %),108380,6345000000,0,0,58000,59500,58000
2016-04-08,7.59,60000,0.5(0.84 %),181160,10969000000,334000,21209000000,59500,61500,59500
2016-04-11,7.65,60500,0.5(0.83 %),49990,3030000000,0,0,60500,61500,60500
2016-04-12,7.59,60000,-0.5(-0.83 %),101510,6110000000,0,0,60500,60500,59500
2016-04-13,7.46,59000,-1(-1.67 %),49030,2914000000,0,0,59000,60000,59000
2016-04-14,7.52,59500,0.5(0.85 %),115610,6874000000,0,0,59000,60000,59000
2016-04-15,7.52,59500,0(0.00 %),118530,7026000000,20000,1110000000,60000,60000,59000
2016-04-19,7.4,58500,-1(-1.68 %),76510,4505000000,0,0,59000,59500,58500
2016-04-20,7.27,57500,-1(-1.71 %),156340,8979000000,0,0,58000,58000,57000
2016-04-21,7.27,57500,0(0.00 %),26330,1514000000,0,0,57000,58000,57000
2016-04-22,7.27,57500,0(0.00 %),67380,3849000000,0,0,57500,57500,57000
2016-04-25,7.4,58500,1(1.74 %),75940,4435000000,0,0,58000,59000,58000
2016-04-26,7.46,59000,0.5(0.85 %),36720,2152000000,0,0,58500,59000,58000
2016-04-27,7.27,57500,-1.5(-2.54 %),50920,2937000000,0,0,59000,59000,57000
2016-04-28,7.08,56000,-1.5(-2.61 %),186660,10457000000,0,0,57000,57000,55500
2016-04-29,7.14,56500,0.5(0.89 %),90020,5093000000,0,0,56000,57000,56000
2016-05-04,7.27,57500,1(1.77 %),63870,3647000000,49492,2969520000,56500,57500,56500
2016-05-05,7.14,56500,-1(-1.74 %),74510,4222000000,0,0,57500,57500,56500
2016-05-06,7.14,56500,0(0.00 %),46860,2646000000,0,0,56500,57000,56000
2016-05-09,7.02,55500,-1(-1.77 %),36640,2050000000,0,0,56500,56500,55500
2016-05-10,7.02,55500,0(0.00 %),62610,3479000000,0,0,56000,56000,55000
2016-05-11,7.14,56500,1(1.80 %),72780,4111000000,0,0,56000,57000,56000
2016-05-12,7.59,60000,3.5(6.19 %),177870,10486000000,0,0,56500,60000,56500
2016-05-13,7.52,59500,-0.5(-0.83 %),89540,5362000000,0,0,61000,61000,59000
2016-05-16,7.4,58500,-1(-1.68 %),56200,3310000000,0,0,60000,60000,58500
2016-05-17,7.4,58500,0(0.00 %),45880,2693000000,0,0,58500,59000,58000
2016-05-18,7.46,59000,0.5(0.85 %),46150,2715000000,0,0,59000,59500,58500
2016-05-19,7.46,59000,0(0.00 %),39730,2332000000,0,0,59000,59000,58500
2016-05-20,7.65,60500,1.5(2.54 %),116990,7087000000,0,0,59000,62500,59000
2016-05-23,7.59,60000,-0.5(-0.83 %),36050,2166000000,0,0,60500,61000,59500
2016-05-24,7.65,60500,0.5(0.83 %),67320,4047000000,0,0,60000,60500,59500
2016-05-25,7.52,59500,-1(-1.65 %),60920,3667000000,0,0,60500,61000,59500
2016-05-26,7.52,59500,0(0.00 %),47740,2836000000,0,0,59500,60000,59000
2016-05-27,7.52,59500,0(0.00 %),21490,1281000000,0,0,60000,60000,59500
2016-05-30,7.52,59500,0(0.00 %),89260,5312000000,0,0,60000,60000,59500
2016-05-31,7.65,60500,1(1.68 %),60880,3639000000,0,0,60000,60500,59500
2016-06-01,7.59,60000,-0.5(-0.83 %),45260,2705000000,0,0,60500,60500,59500
2016-06-02,7.52,59500,-0.5(-0.83 %),73510,4397000000,0,0,60000,60500,59500
2016-06-03,7.71,55300,1.32(2.48 %),51330,2780000000,0,0,55300,55300,55300
2016-06-06,7.78,55000,0.5(0.92 %),42590,2352000000,0,0,54500,56000,54500
2016-06-07,8.13,57500,2.5(4.55 %),129310,7351000000,0,0,55500,57500,55500
2016-06-08,8.13,57500,0(0.00 %),80810,4696000000,0,0,58000,58500,57500
2016-06-09,7.99,56500,-1(-1.74 %),27340,1558000000,0,0,57500,57500,56500
2016-06-10,8.13,57500,1(1.77 %),31440,1809000000,0,0,56500,58500,56500
2016-06-13,8.06,57000,-0.5(-0.87 %),40370,2287000000,0,0,57500,57500,56500
2016-06-14,7.92,56000,-1(-1.75 %),29400,1661000000,0,0,57000,57000,56000
2016-06-15,8.06,57000,1(1.79 %),24410,1389000000,0,0,56000,57000,56000
2016-06-16,8.35,59000,2(3.51 %),243740,14429000000,0,0,56500,60000,56500
2016-06-17,8.63,61000,2(3.39 %),201160,12282000000,0,0,59500,62000,59000
2016-06-20,8.7,61500,0.5(0.82 %),63970,3895000000,0,0,61000,62000,60500
2016-06-21,8.7,61500,0(0.00 %),96870,5993000000,0,0,61500,62500,61500
2016-06-22,9.05,64000,2.5(4.07 %),122910,7763000000,0,0,62000,64000,62000
2016-06-23,9.2,65000,1(1.56 %),68940,4472000000,0,0,65000,65000,64500
2016-06-24,9.2,65000,0(0.00 %),326810,20204000000,30000,1815000000,65000,65000,60500
2016-06-27,8.91,63000,-2(-3.08 %),134080,8439000000,0,0,61500,64000,61500
2016-06-28,9.05,64000,1(1.59 %),122550,7843000000,0,0,63000,64500,63000
2016-06-29,9.27,65500,1.5(2.34 %),224520,14559000000,0,0,64000,66000,64000
2016-06-30,9.27,65500,0(0.00 %),137500,9093000000,0,0,66500,67000,65500
2016-07-01,9.27,65500,0(0.00 %),57690,3791000000,0,0,66000,66000,65500
2016-07-04,9.2,65000,-0.5(-0.76 %),114840,7492000000,3385000,232786450000,66000,67000,64500
2016-07-05,8.98,63500,-1.5(-2.31 %),133760,8557000000,20000,1375400000,65000,65000,63000
2016-07-06,9.48,67000,3.5(5.51 %),225710,14827000000,0,0,63500,67000,63000
2016-07-07,9.69,68500,1.5(2.24 %),203450,13916000000,0,0,67000,69500,67000
2016-07-08,9.55,67500,-1(-1.46 %),130500,8809000000,0,0,68500,68500,67000
2016-07-11,9.27,65500,-2(-2.96 %),146390,9673000000,0,0,67500,67500,65000
2016-07-12,9.27,65500,0(0.00 %),89250,5749000000,0,0,65500,65500,63000
2016-07-13,9.2,65000,-0.5(-0.76 %),197760,12885000000,0,0,65500,66000,64500
2016-07-14,9.12,64500,-0.5(-0.77 %),155510,10174000000,0,0,65000,66000,64000
2016-07-15,8.98,63500,-1(-1.55 %),151490,9642000000,0,0,64000,65000,63000
2016-07-18,9.12,64500,1(1.57 %),21540,1376000000,0,0,63500,64500,63500
2016-07-19,9.12,64500,0(0.00 %),74310,4760000000,0,0,64500,65000,63500
2016-07-20,8.98,63500,-1(-1.55 %),57070,3647000000,0,0,64000,64500,63500
2016-07-21,9.12,64500,1(1.57 %),139930,8922000000,0,0,63500,64500,63000
2016-07-22,8.91,63000,-1.5(-2.33 %),73240,4639000000,0,0,64500,64500,63000
2016-07-25,8.98,63500,0.5(0.79 %),34650,2197000000,0,0,63000,64000,63000
2016-07-26,8.98,63500,0(0.00 %),42980,2718000000,0,0,63000,64000,63000
2016-07-27,9.05,64000,0.5(0.79 %),84560,5408000000,0,0,64000,64500,63500
2016-07-28,9.2,65000,1(1.56 %),70620,4554000000,0,0,64000,65000,64000
2016-07-29,9.62,68000,3(4.62 %),368670,24861000000,0,0,65500,69000,64500
2016-08-01,9.34,66000,-2(-2.94 %),61220,4086000000,0,0,68000,68000,66000
2016-08-02,9.41,66500,0.5(0.76 %),102510,6786000000,0,0,66000,67000,66000
2016-08-03,9.27,65500,-1(-1.50 %),74440,4883000000,0,0,66000,66500,65000
2016-08-04,9.12,64500,-1(-1.53 %),71340,4688000000,0,0,66000,66500,64500
2016-08-05,9.05,64000,-0.5(-0.78 %),180860,11464000000,0,0,64500,64500,62500
2016-08-08,9.12,64500,0.5(0.78 %),45310,2920000000,0,0,64000,65500,63500
2016-08-09,9.2,65000,0.5(0.78 %),53280,3465000000,88000,5720000000,65000,65500,64500
2016-08-10,9.2,65000,0(0.00 %),86060,5595000000,0,0,65500,65500,64500
2016-08-11,9.27,65500,0.5(0.77 %),131110,8593000000,54000,3537000000,65500,66000,65000
2016-08-12,9.2,65000,-0.5(-0.76 %),98440,6442000000,87000,5694150000,66000,66000,64500
2016-08-15,9.27,65500,0.5(0.77 %),23060,1499000000,100000,6050000000,65000,65500,65000
2016-08-16,9.48,67000,1.5(2.29 %),229220,15374000000,54000,3561840000,65500,69000,65500
2016-08-17,10.12,71500,4.5(6.72 %),967640,67696000000,0,0,67000,71500,66000
2016-08-18,10.26,72500,1(1.40 %),267730,19261000000,0,0,72500,74000,70500
2016-08-19,10.26,72500,0(0.00 %),254910,18293000000,0,0,72500,72500,70500
2016-08-22,10.12,71500,-1(-1.38 %),159100,11371000000,0,0,71500,72000,71000
2016-08-23,10.47,74000,2.5(3.50 %),436640,31990000000,0,0,71500,74000,71000
2016-08-24,10.4,73500,-0.5(-0.68 %),159880,11854000000,0,0,74500,75000,73000
2016-08-25,10.47,74000,0.5(0.68 %),91620,6718000000,0,0,73500,74000,73000
2016-08-26,10.19,72000,-2(-2.70 %),321740,23424000000,0,0,73500,73500,72000
2016-08-29,10.04,71000,-1(-1.39 %),190510,13619000000,0,0,72000,72500,71000
2016-08-30,10.26,72500,1.5(2.11 %),134880,9671000000,0,0,71000,72500,70500
2016-08-31,10.19,72000,-0.5(-0.69 %),169000,12212000000,0,0,72500,73500,72000
2016-09-01,10.4,73500,1.5(2.08 %),352870,25815000000,220000,16500000000,72500,74000,72000
2016-09-05,10.12,71500,-2(-2.72 %),263810,19043000000,0,0,73000,73000,71500
2016-09-06,10.12,71500,0(0.00 %),157450,11218000000,200001,15100075500,71500,71500,71000
2016-09-07,10.04,71000,-0.5(-0.70 %),339300,23808000000,0,0,71500,71500,69000
2016-09-08,9.97,70500,-0.5(-0.70 %),154960,10918000000,0,0,70000,71000,70000
2016-09-09,10.04,71000,0.5(0.71 %),152060,10793000000,0,0,70000,73000,69500
2016-09-12,9.99,70600,-0.4(-0.56 %),153340,10825000000,0,0,71000,71000,70000
2016-09-13,9.97,70500,-0.1(-0.14 %),114770,8106000000,0,0,70600,70900,70200
2016-09-14,9.97,70500,0(0.00 %),100480,7151000000,0,0,70500,71900,70500
2016-09-15,10.04,71000,0.5(0.71 %),41550,2930000000,301490,22611750000,70500,71300,70300
2016-09-16,10.04,71000,0(0.00 %),42040,2971000000,0,0,71000,71000,70400
2016-09-19,10.02,70800,-0.2(-0.28 %),79170,5596000000,0,0,71000,71000,70500
2016-09-20,10.19,72000,1.2(1.69 %),205180,14799000000,0,0,70500,73000,70300
2016-09-21,10.19,72000,0(0.00 %),61360,4446000000,0,0,72400,73000,72000
2016-09-22,10.31,72900,0.9(1.25 %),240090,17548000000,0,0,72000,75000,72000
2016-09-23,10.33,73000,0.1(0.14 %),112490,8251000000,0,0,73000,73900,73000
2016-09-26,10.44,73800,0.8(1.10 %),113460,8362000000,0,0,73100,74400,72700
2016-09-27,10.43,73700,-0.1(-0.14 %),161220,11930000000,0,0,73800,74500,73500
2016-09-28,10.47,74000,0.3(0.41 %),175580,13019000000,21000,1470000000,73700,74800,73600
2016-09-29,10.24,72400,-1.6(-2.16 %),193660,14176000000,0,0,74400,74400,71800
2016-09-30,9.62,68000,-4.4(-6.08 %),849600,59064000000,0,0,72000,72100,67500
2016-10-03,9.54,67400,-0.6(-0.88 %),358100,23705000000,0,0,67000,67400,65400
2016-10-04,9.55,67500,0.1(0.15 %),174400,11730000000,0,0,67000,68500,66800
2016-10-05,9.27,65500,-2(-2.96 %),284220,18682000000,0,0,66300,67000,65000
2016-10-06,9.38,66300,0.8(1.22 %),167540,11051000000,0,0,65500,66700,65500
2016-10-07,9.32,65900,-0.4(-0.60 %),173850,11397000000,0,0,65500,66300,65400
2016-10-10,9.29,65700,-0.2(-0.30 %),74370,4886000000,0,0,65700,65900,65200
2016-10-11,9.38,66300,0.6(0.91 %),152670,10042000000,0,0,65200,66300,65100
2016-10-12,9.38,66300,0(0.00 %),61160,4039000000,0,0,66500,66700,65700
2016-10-13,9.62,68000,1.7(2.56 %),107450,7179000000,0,0,66400,68000,65800
2016-10-14,9.45,66800,-1.2(-1.76 %),53230,3580000000,0,0,68000,68000,66800
2016-10-17,9.28,65600,-1.2(-1.80 %),36360,2400000000,0,0,66800,66800,65500
2016-10-18,9.29,65700,0.1(0.15 %),58480,3845000000,0,0,66700,66900,65500
2016-10-19,9.29,65700,0(0.00 %),33640,2215000000,76000,4940000000,66900,66900,65500
2016-10-20,9.37,65200,0.5(0.77 %),59750,3912000000,0,0,65500,65800,65200
2016-10-21,9.12,63500,-1.7(-2.61 %),110150,7077000000,0,0,65000,65000,63500
2016-10-24,8.98,62500,-1(-1.57 %),134980,8480000000,0,0,63500,63500,62200
2016-10-25,8.62,60000,-2.5(-4.00 %),263530,15892000000,0,0,62000,62000,59500
2016-10-26,9.05,63000,3(5.00 %),144510,8610000000,30000,1740000000,60000,63000,58500
2016-10-27,8.65,60200,-2.8(-4.44 %),21370,1289000000,0,0,61100,61100,60000
2016-10-28,8.91,62000,1.8(2.99 %),41980,2574000000,0,0,60000,62000,60000
2016-10-31,8.69,60500,-1.5(-2.42 %),50920,3085000000,0,0,60500,61700,60000
2016-11-01,8.76,61000,0.5(0.83 %),27960,1702000000,0,0,60500,61000,60100
2016-11-02,8.48,59000,-2(-3.28 %),73020,4382000000,25000,1450000000,60300,61000,59000
2016-11-03,8.48,59000,0(0.00 %),60260,3553000000,0,0,59000,59000,58600
2016-11-04,8.49,59100,0.1(0.17 %),33110,1955000000,0,0,59000,59600,59000
2016-11-07,8.5,59200,0.1(0.17 %),52860,3129000000,0,0,59500,59500,59100
2016-11-08,8.69,60500,1.3(2.20 %),40510,2443000000,0,0,59500,60900,59500
2016-11-09,8.62,60000,-0.5(-0.83 %),134590,7983000000,0,0,59800,60000,59000
2016-11-10,8.69,60500,0.5(0.83 %),69720,4230000000,0,0,62000,62000,60000
2016-11-11,8.69,60500,0(0.00 %),48310,2915000000,0,0,60500,61000,60000
2016-11-14,8.62,60000,-0.5(-0.83 %),71640,4311000000,0,0,60500,60500,59500
2016-11-15,8.55,59500,-0.5(-0.83 %),56860,3405000000,0,0,61000,61000,59300
2016-11-16,8.6,59900,0.4(0.67 %),6300,378000000,0,0,60300,60400,59700
2016-11-17,8.62,60000,0.1(0.17 %),30360,1829000000,0,0,60400,60700,60000
2016-11-18,8.55,59500,-0.5(-0.83 %),22750,1357000000,0,0,60300,60300,59500
2016-11-21,8.58,59700,0.2(0.34 %),30990,1843000000,0,0,59500,60000,59000
2016-11-22,8.52,59300,-0.4(-0.67 %),14680,875000000,0,0,59900,59900,59300
2016-11-23,8.59,59800,0.5(0.84 %),37740,2245000000,0,0,59900,59900,59400
2016-11-24,8.55,59500,-0.3(-0.50 %),13310,791000000,0,0,59800,59800,59300
2016-11-25,8.43,58700,-0.8(-1.34 %),63430,3740000000,0,0,59300,59300,58000
2016-11-28,8.26,57500,-1.2(-2.04 %),65890,3816000000,0,0,58700,58700,57500
2016-11-29,8.12,56500,-1(-1.74 %),44110,2509000000,0,0,57500,57500,56100
2016-11-30,8.19,57000,0.5(0.88 %),80940,4584000000,53781,3248372400,59000,59000,56400
2016-12-01,8.3,57800,0.8(1.40 %),117380,6768000000,0,0,57500,58500,57000
2016-12-02,8.17,56900,-0.9(-1.56 %),37670,2143000000,0,0,58400,58400,56600
2016-12-05,8.04,56000,-0.9(-1.58 %),28360,1602000000,0,0,57700,57700,56000
2016-12-06,8.04,56000,0(0.00 %),41030,2299000000,0,0,56000,56500,55800
2016-12-07,8.0,55700,-0.3(-0.54 %),32390,1811000000,0,0,56400,56400,55600
2016-12-08,8.1,56400,0.7(1.26 %),35030,1960000000,0,0,55700,56400,55700
2016-12-09,8.02,55800,-0.6(-1.06 %),25820,1445000000,0,0,56100,56100,55800
2016-12-12,8.02,55800,0(0.00 %),75920,4183000000,0,0,55200,56000,54500
2016-12-13,7.76,54000,-1.8(-3.23 %),42380,2306000000,0,0,55000,55800,54000
2016-12-14,7.76,54000,0(0.00 %),126780,6882000000,483130,27876601000,54000,55500,53800
2016-12-15,7.83,54500,0.5(0.93 %),139520,7584000000,0,0,54100,55000,53600
2016-12-16,7.81,54400,-0.1(-0.18 %),40970,2216000000,0,0,54100,54500,54000
2016-12-19,7.83,54500,0.1(0.18 %),46480,2520000000,0,0,55000,55400,54000
2016-12-20,7.76,54000,-0.5(-0.92 %),47660,2570000000,0,0,54500,54500,53500
2016-12-21,7.69,53500,-0.5(-0.93 %),167370,8961000000,279830,16146191000,54000,54000,53000
2016-12-22,7.5,52200,-1.3(-2.43 %),101190,5294000000,20000,1144000000,53500,53500,51000
2016-12-23,7.36,51200,-1(-1.92 %),177810,9164000000,821001,45811855800,51800,52900,50800
2016-12-26,7.83,54500,3.3(6.45 %),269480,14008000000,0,0,52000,54500,50800
2016-12-27,7.81,54400,-0.1(-0.18 %),140760,7686000000,0,0,53700,56000,53500
2016-12-28,7.54,52500,-1.9(-3.49 %),76190,4044000000,0,0,53800,54100,52000
2016-12-29,7.84,54600,2.1(4.00 %),146290,7858000000,0,0,52500,54600,52500
2016-12-30,8.04,56000,1.4(2.56 %),101790,5640000000,0,0,54600,56000,53500
2017-01-03,8.02,55800,-0.2(-0.36 %),89020,4995000000,0,0,56000,56800,55000
2017-01-04,8.13,56600,0.8(1.43 %),154580,8762000000,0,0,55800,57900,55800
2017-01-05,8.19,57000,0.4(0.71 %),65240,3678000000,0,0,56500,57000,56000
2017-01-06,8.13,56600,-0.4(-0.70 %),35560,2019000000,0,0,57000,57000,56500
2017-01-09,8.13,56600,0(0.00 %),46740,2642000000,0,0,57200,57200,56200
2017-01-10,8.04,56000,-0.6(-1.06 %),76930,4312000000,100000,6050000000,56900,56900,55700
2017-01-11,8.07,56200,0.2(0.36 %),43830,2461000000,0,0,56300,56300,56000
2017-01-12,8.07,56200,0(0.00 %),73640,4140000000,0,0,56200,56500,56100
2017-01-13,8.26,57500,1.3(2.31 %),125300,7236000000,0,0,56500,59000,56500
2017-01-16,8.13,56600,-0.9(-1.57 %),36010,2052000000,0,0,57400,57800,56600
2017-01-17,8.33,58000,1.4(2.47 %),157050,9056000000,0,0,57200,58400,57000
2017-01-18,8.23,57300,-0.7(-1.21 %),46180,2663000000,0,0,58000,58500,57000
2017-01-19,8.2,57100,-0.2(-0.35 %),49170,2811000000,200000,12260000000,57800,57800,56900
2017-01-20,8.25,57400,0.3(0.53 %),52330,3008000000,0,0,57300,57900,57200
2017-01-23,8.23,57300,-0.1(-0.17 %),72050,4124000000,0,0,58000,58000,57100
2017-01-24,8.48,59000,1.7(2.97 %),71830,4170000000,207780,12466800000,57800,59000,57100
2017-01-25,8.5,59200,0.2(0.34 %),119100,7062000000,94640,5962320000,59500,60000,59000
2017-02-02,8.52,59300,0.1(0.17 %),33820,2008000000,0,0,59200,60000,59200
2017-02-03,8.5,59200,-0.1(-0.17 %),70370,4151000000,0,0,59000,59400,58600
2017-02-06,8.55,59500,0.3(0.51 %),88620,5258000000,0,0,59100,60000,59000
2017-02-07,8.78,61100,1.6(2.69 %),139350,8477000000,0,0,60300,61400,60000
2017-02-08,8.79,61200,0.1(0.16 %),53020,3234000000,0,0,61200,61500,60600
2017-02-09,8.78,61100,-0.1(-0.16 %),74680,4578000000,0,0,61000,62000,60800
2017-02-10,8.73,60800,-0.3(-0.49 %),69300,4229000000,0,0,60900,61700,60800
2017-02-13,8.81,61300,0.5(0.82 %),69460,4241000000,0,0,61000,61400,60700
2017-02-14,8.69,60500,-0.8(-1.31 %),162870,9864000000,0,0,61500,61500,60000
2017-02-15,8.66,60300,-0.2(-0.33 %),150880,9075000000,0,0,60400,60500,59800
2017-02-16,8.55,59500,-0.8(-1.33 %),136200,8154000000,0,0,60300,60300,59500
2017-02-17,8.62,60000,0.5(0.84 %),96460,5781000000,0,0,59500,60300,59500
2017-02-20,8.76,61000,1(1.67 %),116870,7030000000,0,0,60200,61000,59600
2017-02-21,8.75,60900,-0.1(-0.16 %),74610,4555000000,0,0,61000,61400,60500
2017-02-22,8.72,60700,-0.2(-0.33 %),81940,4968000000,0,0,61000,61000,60500
2017-02-23,8.62,60000,-0.7(-1.15 %),171150,10291000000,140000,8820000000,60500,60700,59700
2017-02-24,8.65,60200,0.2(0.33 %),45800,2747000000,0,0,60000,60200,59700
2017-02-27,8.52,59300,-0.9(-1.50 %),75350,4485000000,110000,6545000000,59300,60200,59300
2017-02-28,8.53,59400,0.1(0.17 %),118620,7028000000,0,0,59300,59700,58900
2017-03-01,8.4,58500,-0.9(-1.52 %),55810,3267000000,0,0,59000,59300,57300
2017-03-02,8.38,58300,-0.2(-0.34 %),55830,3261000000,0,0,58500,59000,57700
2017-03-03,8.39,58400,0.1(0.17 %),25770,1503000000,0,0,58300,59300,58000
2017-03-06,8.33,58000,-0.4(-0.68 %),98690,5728000000,0,0,58400,58500,57900
2017-03-07,8.33,58000,0(0.00 %),87490,5070000000,0,0,58000,58400,57600
2017-03-08,8.48,59000,1(1.72 %),164680,9698000000,0,0,58000,60000,57900
2017-03-09,8.48,59000,0(0.00 %),50770,3012000000,0,0,59500,59900,59000
2017-03-10,8.38,58300,-0.7(-1.19 %),60590,3554000000,0,0,58300,59500,58300
2017-03-13,8.55,59500,1.2(2.06 %),117370,6960000000,0,0,58300,59700,58300
2017-03-14,8.46,58900,-0.6(-1.01 %),240960,14143000000,0,0,60000,60000,58000
2017-03-15,8.32,57900,-1(-1.70 %),118230,6867000000,0,0,58900,59400,57800
2017-03-16,8.26,57500,-0.4(-0.69 %),135600,7835000000,0,0,58000,58900,57200
2017-03-17,8.16,56800,-0.7(-1.22 %),193720,11076000000,0,0,57400,57700,56800
2017-03-20,8.22,57200,0.4(0.70 %),83150,4759000000,0,0,57000,57700,56900
2017-03-21,8.23,57300,0.1(0.17 %),242140,13798000000,0,0,57100,57500,56700
2017-03-22,8.16,56800,-0.5(-0.87 %),58820,3345000000,0,0,57200,57200,56600
2017-03-23,8.16,56800,0(0.00 %),74670,4234000000,0,0,56600,56900,56400
2017-03-24,8.25,57400,0.6(1.06 %),160080,9107000000,0,0,56700,57500,56200
2017-03-27,8.25,57400,0(0.00 %),124170,7082000000,0,0,57400,57800,56700
2017-03-28,8.16,56800,-0.6(-1.05 %),54070,3078000000,0,0,57400,57400,56700
2017-03-29,8.4,58500,1.7(2.99 %),195920,11284000000,0,0,56800,59000,56500
2017-03-30,8.4,58500,0(0.00 %),76360,4475000000,0,0,58300,59300,57900
2017-03-31,8.3,57800,-0.7(-1.20 %),28350,1646000000,0,0,58500,58500,57800
2017-04-03,8.25,57400,-0.4(-0.69 %),67320,3839000000,0,0,58000,58000,56700
2017-04-04,8.3,57800,0.4(0.70 %),250610,14264000000,0,0,56800,57900,56600
2017-04-05,8.4,58500,0.7(1.21 %),141570,8250000000,0,0,58000,58700,57800
2017-04-07,8.4,58500,0(0.00 %),96510,5606000000,0,0,58500,58900,57200
2017-04-10,8.4,58500,0(0.00 %),128570,7516000000,0,0,58600,59000,58000
2017-04-11,8.63,60100,1.6(2.74 %),337310,20160000000,0,0,58500,60900,58200
2017-04-12,8.62,60000,-0.1(-0.17 %),128490,7719000000,0,0,60100,60800,59600
2017-04-13,8.55,59500,-0.5(-0.83 %),66850,4001000000,0,0,60100,60500,59500
2017-04-14,8.49,59100,-0.4(-0.67 %),227870,13453000000,0,0,59500,59500,58500
2017-04-17,8.4,58500,-0.6(-1.02 %),202390,11959000000,0,0,59200,59800,58500
2017-04-18,8.48,59000,0.5(0.85 %),108280,6323000000,45360,2472120000,58000,59000,58000
2017-04-19,8.48,59000,0(0.00 %),64770,3819000000,0,0,59000,59500,58600
2017-04-20,8.45,58800,-0.2(-0.34 %),58090,3431000000,0,0,59000,59400,58800
2017-04-21,8.45,58800,0(0.00 %),24950,1466000000,0,0,58800,58900,58700
2017-04-24,8.4,58500,-0.3(-0.51 %),71580,4182000000,0,0,58600,58700,58300
2017-04-25,8.42,58600,0.1(0.17 %),99330,5859000000,0,0,58500,59400,58500
2017-04-26,8.33,58000,-0.6(-1.02 %),166720,9671000000,0,0,58500,58600,57600
2017-04-27,8.27,57600,-0.4(-0.69 %),101680,5873000000,0,0,57800,58000,57600
2017-04-28,8.27,57600,0(0.00 %),99340,5692000000,0,0,57500,57800,57000
2017-05-03,8.19,57000,-0.6(-1.04 %),135970,7758000000,220000,13552000000,57600,57600,56800
2017-05-04,8.1,56400,-0.6(-1.05 %),125050,7070000000,0,0,56800,56900,56200
2017-05-05,8.12,56500,0.1(0.18 %),67070,3793000000,0,0,56800,57000,56300
2017-05-08,8.19,57000,0.5(0.88 %),38910,2214000000,0,0,56500,57400,56500
2017-05-09,8.19,57000,0(0.00 %),53160,3024000000,0,0,57000,57000,56800
2017-05-10,8.26,57500,0.5(0.88 %),90640,5180000000,200000,12180000000,57000,57500,56900
2017-05-11,8.25,57400,-0.1(-0.17 %),129490,7448000000,0,0,57800,57900,57100
2017-05-12,8.25,57400,0(0.00 %),125230,7187000000,0,0,57800,57800,57200
2017-05-15,8.26,57500,0.1(0.17 %),92290,5290000000,0,0,57500,57500,57200
2017-05-16,8.25,57400,-0.1(-0.17 %),40780,2343000000,0,0,57500,57500,57400
2017-05-17,8.23,57300,-0.1(-0.17 %),28320,1621000000,0,0,57400,57400,57100
2017-05-18,8.17,56900,-0.4(-0.70 %),141520,8061000000,135000,8275500000,57100,57100,56800
2017-05-19,8.12,56500,-0.4(-0.70 %),75680,4294000000,60000,3648000000,56900,56900,56500
2017-05-22,8.12,56500,0(0.00 %),105660,5995000000,34815,2102826000,57100,57100,56500
2017-05-23,8.13,56600,0.1(0.18 %),77990,4407000000,0,0,56700,56700,56300
2017-05-24,8.19,57000,0.4(0.71 %),61610,3510000000,0,0,56500,57400,56500
2017-05-25,8.16,56800,-0.2(-0.35 %),25600,1459000000,0,0,57200,57400,56800
2017-05-26,8.16,56800,0(0.00 %),54790,3115000000,0,0,57400,57400,56600
2017-05-29,8.16,56800,0(0.00 %),114220,6479000000,0,0,57100,57100,56600
2017-05-30,8.23,57300,0.5(0.88 %),104200,5957000000,0,0,56900,57900,56600
2017-05-31,8.16,56800,-0.5(-0.87 %),41090,2345000000,0,0,57600,57600,56800
2017-06-01,8.16,56800,0(0.00 %),34130,1940000000,0,0,56800,57100,56700
2017-06-02,8.16,56800,0(0.00 %),36550,2076000000,0,0,57400,57400,56700
2017-06-05,8.17,56900,0.1(0.18 %),58540,3327000000,0,0,56800,56900,56800
2017-06-06,8.15,56700,-0.2(-0.35 %),36580,2076000000,0,0,56900,56900,56700
2017-06-07,8.26,57500,0.8(1.41 %),173320,9941000000,0,0,57000,57900,56700
2017-06-08,8.62,60000,2.5(4.35 %),309270,18361000000,0,0,57500,60500,57500
2017-06-09,8.56,59600,-0.4(-0.67 %),133380,7979000000,0,0,60000,60100,59500
2017-06-12,8.79,61200,1.6(2.68 %),243020,14849000000,0,0,59600,62000,59600
2017-06-13,8.78,61100,-0.1(-0.16 %),99140,6040000000,0,0,61300,61400,60300
2017-06-14,8.76,61000,-0.1(-0.16 %),88210,5380000000,0,0,61000,61300,60800
2017-06-15,8.76,61000,0(0.00 %),84670,5119000000,0,0,61000,61000,60100
2017-06-16,8.66,60300,-0.7(-1.15 %),126830,7683000000,0,0,61000,61000,60300
2017-06-19,8.88,61800,1.5(2.49 %),194330,11890000000,0,0,60500,61800,60500
2017-06-20,9.09,63300,1.5(2.43 %),308100,19293000000,0,0,61600,63500,61600
2017-06-21,9.12,63500,0.2(0.32 %),311630,19757000000,0,0,63000,64000,62700
2017-06-22,9.24,64300,0.8(1.26 %),410890,26404000000,0,0,63500,65200,63500
2017-06-23,9.25,64400,0.1(0.16 %),120840,7719000000,0,0,64200,64400,63500
2017-06-26,8.98,62500,-1.9(-2.95 %),236840,15040000000,0,0,64000,64100,62500
2017-06-27,8.98,62500,0(0.00 %),224530,14064000000,0,0,62500,63800,62200
2017-06-28,9.15,63700,1.2(1.92 %),128060,8063000000,0,0,62600,64000,62200
2017-06-29,9.21,64100,0.4(0.63 %),143990,9206000000,0,0,64000,64300,63500
2017-06-30,9.08,63200,-0.9(-1.40 %),176400,11285000000,0,0,64500,65000,63000
2017-07-03,9.05,63000,-0.2(-0.32 %),96830,6099000000,0,0,63100,63900,62500
2017-07-04,8.95,62300,-0.7(-1.11 %),129920,8086000000,0,0,62600,63000,62000
2017-07-05,8.94,62200,-0.1(-0.16 %),165800,10302000000,0,0,62000,62800,61900
2017-07-06,8.88,61800,-0.4(-0.64 %),103520,6415000000,0,0,62200,63500,61800
2017-07-07,8.81,61300,-0.5(-0.81 %),141220,8695000000,100000,6610000000,61600,62000,61300
2017-07-10,8.76,61000,-0.3(-0.49 %),97630,5933000000,0,0,61100,61300,60000
2017-07-11,8.68,60400,-0.6(-0.98 %),81380,4909000000,0,0,61000,61000,60000
2017-07-12,8.62,60000,-0.4(-0.66 %),108130,6507000000,0,0,60500,60900,59800
2017-07-13,8.62,60000,0(0.00 %),220250,13232000000,0,0,60000,61400,59900
2017-07-14,8.62,60000,0(0.00 %),76850,4598000000,0,0,60000,60700,59300
2017-07-17,8.59,59800,-0.2(-0.33 %),65070,3879000000,0,0,60800,60800,59300
2017-07-18,8.48,59000,-0.8(-1.34 %),89770,5312000000,0,0,59200,59700,58800
2017-07-19,8.39,58400,-0.6(-1.02 %),123810,7258000000,100000,6000000000,59400,59400,58300
2017-07-20,8.33,58000,-0.4(-0.68 %),155230,8988000000,0,0,58400,58400,57500
2017-07-21,8.29,57700,-0.3(-0.52 %),85010,4899000000,0,0,57900,58300,57500
2017-07-24,8.26,57500,-0.2(-0.35 %),185330,10655000000,0,0,57800,57900,57000
2017-07-25,8.29,57700,0.2(0.35 %),45760,2635000000,0,0,57300,58000,57200
2017-07-26,8.26,57500,-0.2(-0.35 %),76450,4413000000,0,0,59500,59500,57500
2017-07-27,8.07,56200,-1.3(-2.26 %),249940,14133000000,0,0,57100,57200,56000
2017-07-28,8.2,57100,0.9(1.60 %),153350,8695000000,0,0,56600,57200,56200
2017-07-31,8.19,57000,-0.1(-0.18 %),27250,1556000000,0,0,57400,57400,56800
2017-08-01,8.12,56500,-0.5(-0.88 %),97230,5502000000,0,0,57000,57000,56400
2017-08-02,8.03,55900,-0.6(-1.06 %),74050,4146000000,150000,8850000000,55900,56400,55700
2017-08-03,8.03,55900,0(0.00 %),93280,5215000000,0,0,55900,56800,55700
2017-08-04,8.1,56400,0.5(0.89 %),122600,6890000000,0,0,56900,56900,56000
2017-08-07,8.1,56400,0(0.00 %),113260,6405000000,0,0,56400,56800,56200
2017-08-08,8.1,56400,0(0.00 %),81970,4627000000,0,0,56300,56800,56300
2017-08-09,8.02,55800,-0.6(-1.06 %),122280,6849000000,35000,1974000000,56300,56400,55800
2017-08-10,8.04,56000,0.2(0.36 %),25690,1435000000,0,0,56500,56500,55400
2017-08-11,8.04,56000,0(0.00 %),56280,3150000000,0,0,56000,56600,55700
2017-08-14,8.03,55900,-0.1(-0.18 %),86280,4825000000,0,0,56500,56500,55800
2017-08-15,8.04,56000,0.1(0.18 %),16640,930000000,0,0,55900,56000,55800
2017-08-16,8.02,55800,-0.2(-0.36 %),27090,1510000000,0,0,56000,56000,55700
2017-08-17,7.99,55600,-0.2(-0.36 %),34970,1944000000,0,0,55600,55700,55500
2017-08-18,7.93,55200,-0.4(-0.72 %),40430,2235000000,0,0,55400,55600,55200
2017-08-21,7.9,55000,-0.2(-0.36 %),28500,1573000000,0,0,55600,55700,55000
2017-08-22,7.93,55200,0.2(0.36 %),36380,2005000000,0,0,55000,55400,54800
2017-08-23,7.92,55100,-0.1(-0.18 %),20940,1153000000,0,0,54800,55500,54800
2017-08-24,7.9,55000,-0.1(-0.18 %),14830,816000000,0,0,54900,55400,54800
2017-08-25,8.16,56800,1.8(3.27 %),64080,3562000000,0,0,55000,57000,54800
2017-08-28,8.07,56200,-0.6(-1.06 %),46860,2645000000,0,0,56900,57500,56000
2017-08-29,7.99,55600,-0.6(-1.07 %),43830,2431000000,0,0,55600,56700,55300
2017-08-30,8.02,55800,0.2(0.36 %),37720,2097000000,0,0,55600,55900,55300
2017-08-31,8.0,55700,-0.1(-0.18 %),56100,3097000000,0,0,55800,55800,55000
2017-09-01,7.87,54800,-0.9(-1.62 %),89190,4906000000,0,0,55500,55700,54800
2017-09-05,7.84,54600,-0.2(-0.36 %),17930,980000000,0,0,54800,55400,54600
2017-09-06,7.81,54400,-0.2(-0.37 %),50550,2768000000,0,0,54600,55700,54400
2017-09-07,7.77,54100,-0.3(-0.55 %),86040,4676000000,0,0,54200,55000,54100
2017-09-08,7.61,53000,-1.1(-2.03 %),122050,6507000000,0,0,54000,54100,52900
2017-09-11,7.61,53000,0(0.00 %),42590,2255000000,0,0,53000,53000,52800
2017-09-12,7.61,53000,0(0.00 %),124630,6605000000,0,0,53600,53600,52800
2017-09-13,7.81,54400,1.4(2.64 %),91920,4971000000,0,0,54000,54600,53500
2017-09-14,7.9,55000,0.6(1.10 %),230610,12402000000,0,0,54500,55000,53100
2017-09-15,7.9,55000,0(0.00 %),32870,1796000000,0,0,55000,55000,54000
2017-09-18,7.81,54400,-0.6(-1.09 %),21720,1179000000,150000,8400000000,54100,54500,54100
2017-09-19,7.9,55000,0.6(1.10 %),110570,6068000000,0,0,54700,56000,54500
2017-09-20,8.09,56300,1.3(2.36 %),445590,25197000000,0,0,55000,57500,55000
2017-09-21,8.09,56300,0(0.00 %),87420,4921000000,0,0,56300,57200,56000
2017-09-22,8.06,56100,-0.2(-0.36 %),129600,7263000000,0,0,56300,56900,55700
2017-09-25,8.09,56300,0.2(0.36 %),211250,12006000000,0,0,57000,57500,56300
2017-09-26,7.9,55000,-1.3(-2.31 %),452480,25097000000,0,0,57000,57000,54800
2017-09-27,7.92,55100,0.1(0.18 %),156020,8496000000,0,0,55000,55100,54000
2017-09-28,7.94,55300,0.2(0.36 %),58860,3261000000,0,0,55800,56000,55100
2017-09-29,8.1,56400,1.1(1.99 %),109220,6107000000,0,0,55300,56700,55100
2017-10-02,8.04,56000,-0.4(-0.71 %),69140,3847000000,0,0,56000,56900,55000
2017-10-03,7.9,55000,-1(-1.79 %),57580,3172000000,0,0,55200,56000,54900
2017-10-04,7.83,54500,-0.5(-0.91 %),201340,11004000000,0,0,55800,55800,54200
2017-10-05,7.83,54500,0(0.00 %),41170,2247000000,0,0,54500,55700,54000
2017-10-06,7.9,55000,0.5(0.92 %),82960,4532000000,0,0,54500,55000,54300
2017-10-09,7.84,54600,-0.4(-0.73 %),139430,7571000000,0,0,55000,55000,54000
2017-10-10,7.8,54300,-0.3(-0.55 %),383160,20801000000,0,0,54700,54800,54100
2017-10-11,7.8,54300,0(0.00 %),227690,12374000000,0,0,54300,54800,54100
2017-10-12,7.8,54300,0(0.00 %),282660,15353000000,0,0,54300,54900,54000
2017-10-13,7.86,54700,0.4(0.74 %),92740,5072000000,0,0,54300,55000,54300
2017-10-16,7.83,54500,-0.2(-0.37 %),239530,12976000000,37000,1883300000,54500,54500,53800
2017-10-17,7.73,53800,-0.7(-1.28 %),390290,21292000000,0,0,54400,55600,53800
2017-10-18,7.61,53000,-0.8(-1.49 %),281660,14941000000,0,0,53800,54300,52800
2017-10-19,7.43,51700,-1.3(-2.45 %),259660,13580000000,0,0,52800,53200,51700
2017-10-20,7.33,51000,-0.7(-1.35 %),303980,15585000000,0,0,51700,52700,50900
2017-10-23,7.31,50900,-0.1(-0.20 %),221550,11265000000,0,0,50900,51700,50400
2017-10-24,7.51,52300,1.4(2.75 %),134230,6832000000,0,0,50900,52300,50100
2017-10-25,7.34,51100,-1.2(-2.29 %),94550,4859000000,0,0,52900,52900,50800
2017-10-26,7.25,50500,-0.6(-1.17 %),85850,4325000000,0,0,51100,51800,50000
2017-10-27,7.21,50200,-0.3(-0.59 %),34590,1739000000,0,0,50500,51100,50000
2017-10-30,7.21,50200,0(0.00 %),72820,3655000000,0,0,51100,51100,49500
2017-10-31,7.15,49800,-0.4(-0.80 %),74200,3674000000,0,0,51000,51000,49000
2017-11-01,6.85,47700,-2.1(-4.22 %),67030,3244000000,0,0,50000,50400,47000
2017-11-02,6.62,46100,-1.6(-3.35 %),158710,7369000000,0,0,48400,48400,46000
2017-11-03,7.04,49000,2.9(6.29 %),308950,14668000000,0,0,46300,49000,46300
2017-11-06,7.15,49800,0.8(1.63 %),257630,12836000000,0,0,50900,50900,49250
2017-11-07,7.05,49050,-0.75(-1.51 %),47700,2351000000,0,0,49600,49700,49000
2017-11-08,6.94,48300,-0.75(-1.53 %),102140,4899000000,0,0,48200,48300,47700
2017-11-09,6.88,47900,-0.4(-0.83 %),26740,1284000000,0,0,48250,48500,47900
2017-11-10,6.9,48050,0.15(0.31 %),184730,8894000000,0,0,47900,48700,47900
2017-11-13,6.93,48250,0.2(0.42 %),183770,8886000000,0,0,48000,48800,47500
2017-11-14,6.9,48000,-0.25(-0.52 %),77690,3738000000,0,0,48150,48450,47900
2017-11-15,6.8,47350,-0.65(-1.35 %),113660,5408000000,0,0,47350,48000,47000
2017-11-16,6.97,48500,1.15(2.43 %),292330,14111000000,0,0,47350,49000,47300
2017-11-17,7.04,49000,0.5(1.03 %),191920,9461000000,0,0,48900,49900,48550
2017-11-20,7.08,49300,0.3(0.61 %),216550,10690000000,0,0,49100,50000,49000
2017-11-21,7.03,48950,-0.35(-0.71 %),123320,6052000000,0,0,49300,49400,48500
2017-11-22,7.0,48700,-0.25(-0.51 %),61830,3004000000,0,0,48900,48950,48100
2017-11-23,7.06,49150,0.45(0.92 %),83440,4087000000,0,0,48300,49500,48300
2017-11-24,7.08,49300,0.15(0.31 %),94380,4629000000,0,0,49500,49500,48600
2017-11-27,7.27,50600,1.3(2.64 %),446320,22385000000,0,0,49550,50800,49550
2017-11-28,7.33,51000,0.4(0.79 %),503860,25761000000,0,0,51000,51800,50800
2017-11-29,7.33,51000,0(0.00 %),170300,8671000000,0,0,51000,51100,50600
2017-11-30,7.34,51100,0.1(0.20 %),255950,13130000000,0,0,51000,51500,51000
2017-12-01,7.5,52200,1.1(2.15 %),369510,18939000000,0,0,51200,52400,50300
2017-12-04,7.67,53400,1.2(2.30 %),161130,8502000000,0,0,52500,53500,52200
2017-12-05,7.64,53200,-0.2(-0.37 %),230680,12196000000,0,0,53500,53500,52500
2017-12-06,7.47,52000,-1.2(-2.26 %),289520,15188000000,0,0,53200,53200,52000
2017-12-07,7.47,52000,0(0.00 %),75150,3910000000,0,0,52800,52900,51700
2017-12-08,7.38,51400,-0.6(-1.15 %),164890,8517000000,0,0,52000,52500,51400
2017-12-11,7.37,51300,-0.1(-0.19 %),354340,18422000000,0,0,52300,52900,51300
2017-12-12,7.18,50000,-1.3(-2.53 %),358660,18146000000,0,0,51300,52300,49800
2017-12-13,7.18,50000,0(0.00 %),243110,12193000000,0,0,50000,50800,49800
2017-12-14,7.21,50200,0.2(0.40 %),203270,10219000000,0,0,50200,50400,50100
2017-12-15,7.33,51000,0.8(1.59 %),271460,13850220000,0,0,51300,51300,50800
2017-12-18,7.4,51500,0.5(0.98 %),327540,16875000000,0,0,51800,51800,51300
2017-12-19,7.33,51000,-0.5(-0.97 %),341770,17470000000,0,0,51500,51700,50800
2017-12-20,7.37,51300,0.3(0.59 %),516040,26495000000,20000,1026000000,51000,51700,51000
2017-12-21,7.33,47700,-0.27(-0.60 %),268770,12139000000,0,0,47700,47700,47700
2017-12-22,7.33,44600,0.05(0.11 %),157990,7041000000,0,0,44650,44700,44400
2017-12-25,7.25,44100,-0.5(-1.12 %),167650,7410000000,46000,2051600000,44600,45000,43850
2017-12-26,7.01,42600,-1.5(-3.40 %),241480,10370000000,0,0,43900,44000,42500
2017-12-27,6.91,42000,-0.6(-1.41 %),239310,9959000000,0,0,42600,42600,40500
2017-12-28,6.84,41600,-0.4(-0.95 %),151210,6258000000,0,0,42000,42000,40900
2017-12-29,7.07,43000,1.4(3.37 %),215710,9062000000,0,0,41700,44000,41500
2018-01-02,6.85,41650,-1.35(-3.14 %),206190,8641300000,0,0,42000,43000,41650
2018-01-03,6.9,41950,0.3(0.72 %),149980,6299000000,0,0,41900,42600,41700
2018-01-04,7.02,42700,0.75(1.79 %),183560,7808000000,0,0,42400,42750,42000
2018-01-05,6.96,42350,-0.35(-0.82 %),211690,8985000000,0,0,42700,42850,42000
2018-01-08,7.07,43000,0.65(1.53 %),394170,16721000000,0,0,42200,43200,41800
2018-01-09,7.28,44300,1.3(3.02 %),341820,15019000000,0,0,43100,44900,43100
2018-01-10,7.19,43750,-0.55(-1.24 %),168260,7395000000,0,0,44200,44300,43750
2018-01-11,7.51,45650,1.9(4.34 %),470580,20983000000,0,0,43550,46000,43550
2018-01-12,7.33,44600,-1.05(-2.30 %),182680,8223050000,0,0,45700,45700,44600
2018-01-15,7.4,45000,0.4(0.90 %),86110,3868290000,0,0,44600,45300,44400
2018-01-16,7.28,44300,-0.7(-1.56 %),273860,12240000000,0,0,45000,45400,44200
2018-01-17,7.07,43000,-1.3(-2.93 %),149890,6514000000,50000,2185000000,44200,44400,43000
2018-01-18,6.99,42500,-0.5(-1.16 %),285810,12044000000,0,0,42100,43500,41700
2018-01-19,6.92,42100,-0.4(-0.94 %),130760,5531000000,0,0,42000,43000,42000
2018-01-22,6.91,42000,-0.1(-0.24 %),159710,6707000000,0,0,42100,42900,41850
2018-01-25,6.68,40650,-1.35(-3.21 %),393120,16092000000,0,0,41600,41700,40500
2018-01-26,6.87,41800,1.15(2.83 %),140530,5809000000,0,0,40700,42500,40300
2018-01-29,6.82,41500,-0.3(-0.72 %),165200,6930000000,0,0,41800,42900,41500
2018-01-30,6.72,40850,-0.65(-1.57 %),243380,9919000000,0,0,41500,41500,40500
2018-01-31,6.64,40400,-0.45(-1.10 %),151750,6159000000,0,0,40850,41450,40300
2018-02-01,6.58,40000,-0.4(-0.99 %),230450,9234000000,0,0,40400,41200,39000
2018-02-02,6.41,39000,-1(-2.50 %),220270,8648000000,0,0,40000,40000,39000
2018-02-05,6.08,37000,-2(-5.13 %),339840,12805950000,0,0,38000,38200,37000
2018-02-06,5.71,34700,-2.3(-6.22 %),525750,18192000000,0,0,34700,36000,34450
2018-02-07,5.72,34800,0.1(0.29 %),252090,8905490000,0,0,36600,36600,34500
2018-02-08,6.12,37200,2.4(6.90 %),173610,6381000000,0,0,34800,37200,34800
2018-02-09,5.77,35100,-2.1(-5.65 %),396080,14025000000,0,0,36500,37000,35000
2018-02-12,5.84,35500,0.4(1.14 %),404430,14216000000,0,0,35100,35800,34900
2018-02-13,5.99,36400,0.9(2.54 %),158040,5775000000,0,0,36000,36950,36000
2018-02-21,6.23,37900,1.5(4.12 %),138870,5192000000,0,0,37300,37900,37000
2018-02-22,6.12,37200,-0.7(-1.85 %),147040,5484000000,0,0,37900,37900,37000
2018-02-23,6.15,37400,0.2(0.54 %),226130,8477000000,0,0,37200,37750,37200
2018-02-26,6.22,37800,0.4(1.07 %),371370,14202000000,0,0,37900,38600,37500
2018-02-27,5.92,36000,-1.8(-4.76 %),389650,14309000000,0,0,37800,38000,35800
2018-02-28,6.13,37300,1.3(3.61 %),175060,6390000000,0,0,36000,37500,36000
2018-03-01,6.45,39200,1.9(5.09 %),807730,31238000000,0,0,37300,39400,37000
2018-03-02,6.79,41300,2.1(5.36 %),513690,20874000000,500000,19500000000,38800,41500,38500
2018-03-05,6.91,42000,0.7(1.69 %),450710,19021000000,0,0,41300,43200,41000
2018-03-06,6.87,41800,-0.2(-0.48 %),269940,11170000000,0,0,41800,41900,40900
2018-03-07,7.02,42700,0.9(2.15 %),385430,16258000000,200000,8440000000,41500,42900,41000
2018-03-08,7.2,43800,1.1(2.58 %),344780,14907000000,0,0,42700,44000,42100
2018-03-09,7.25,44100,0.3(0.68 %),976860,43103000000,0,0,43900,44600,43800
2018-03-12,7.4,45000,0.9(2.04 %),841840,37561000000,139756,6149264000,45000,45400,43200
2018-03-13,7.47,45400,0.4(0.89 %),493090,22311000000,0,0,45000,45800,44500
2018-03-14,7.28,44300,-1.1(-2.42 %),293900,13259000000,0,0,45350,45700,44300
2018-03-15,7.12,43300,-1(-2.26 %),250130,10936000000,0,0,44300,44300,42900
2018-03-16,7.0,42550,-0.75(-1.73 %),183830,7859000000,0,0,42550,43300,42500
2018-03-19,6.97,42400,-0.15(-0.35 %),137220,5829000000,0,0,42400,43200,42050
2018-03-20,6.82,41500,-0.9(-2.12 %),167530,6951000000,0,0,42400,42600,40000
2018-03-21,6.59,40100,-1.4(-3.37 %),288100,11739000000,0,0,41500,41500,40100
2018-03-22,6.61,40200,0.1(0.25 %),137080,5552000000,0,0,40100,40900,40100
2018-03-23,6.5,39500,-0.7(-1.74 %),429760,16812000000,0,0,39200,40000,38800
2018-03-26,6.53,39700,0.2(0.51 %),256220,10279000000,0,0,39900,40800,39500
2018-03-27,6.58,40000,0.3(0.76 %),153830,6153000000,0,0,40500,40600,39600
2018-03-28,6.41,39000,-1(-2.50 %),144320,5715000000,0,0,40000,40000,39000
2018-03-29,6.34,38550,-0.45(-1.15 %),210860,8170000000,0,0,39000,39100,38400
2018-03-30,6.64,40400,1.85(4.80 %),127250,5059000000,0,0,38950,40700,38400
2018-04-02,6.44,39150,-1.25(-3.09 %),95890,3851000000,24900,1008450000,40900,40900,39000
2018-04-03,6.28,38200,-0.95(-2.43 %),164440,6339000000,0,0,39200,39800,38200
2018-04-04,6.3,38300,0.1(0.26 %),105100,4010000000,0,0,38200,38850,37800
2018-04-05,6.41,39000,0.7(1.83 %),98280,3821000000,0,0,38500,39700,38300
2018-04-06,6.51,39600,0.6(1.54 %),154160,6072000000,0,0,39700,39700,39050
2018-04-09,6.46,39300,-0.3(-0.76 %),105610,4144000000,0,0,39800,39800,39000
2018-04-10,6.41,39000,-0.3(-0.76 %),147540,5696000000,0,0,39000,39300,38350
2018-04-11,6.25,38000,-1(-2.56 %),61870,2363000000,0,0,39700,39700,38000
2018-04-12,6.35,38600,0.6(1.58 %),80090,3035000000,0,0,37900,38750,37400
2018-04-13,6.19,37650,-0.95(-2.46 %),75560,2861000000,0,0,38600,38600,37500
2018-04-16,6.08,36950,-0.7(-1.86 %),87210,3232000000,0,0,37500,37650,36850
2018-04-17,6.15,37400,0.45(1.22 %),60640,2263000000,0,0,37000,37500,36900
2018-04-18,6.13,37250,-0.15(-0.40 %),49940,1850000000,25000,925000000,37900,38000,36900
2018-04-19,5.92,36000,-1.25(-3.36 %),83830,3056000000,0,0,37100,37100,36000
2018-04-20,5.86,35650,-0.35(-0.97 %),97070,3461000000,0,0,36000,37000,35500
2018-04-23,5.67,34500,-1.15(-3.23 %),192650,6741000000,0,0,34500,36200,34500
2018-04-24,5.61,34100,-0.4(-1.16 %),144240,4924000000,0,0,34050,34550,33900
2018-04-26,5.39,32800,-1.3(-3.81 %),190670,6377000000,0,0,34850,34850,32600
2018-04-27,5.72,34800,2(6.10 %),349820,11632000000,0,0,33000,35000,32500
2018-05-02,5.57,33900,-0.9(-2.59 %),117800,4074000000,0,0,33900,35500,33500
2018-05-03,5.46,33200,-0.7(-2.06 %),237130,7857000000,0,0,34300,34300,32800
2018-05-04,5.57,33900,0.7(2.11 %),273710,9153000000,0,0,34100,34100,33200
2018-05-07,5.59,34000,0.1(0.29 %),175250,5931000000,0,0,33900,34500,33400
2018-05-08,5.73,33800,0.8(2.42 %),62390,2092000000,0,0,33900,33900,33300
2018-05-09,5.69,33600,-0.2(-0.59 %),33610,1117000000,0,0,33150,33750,33000
2018-05-10,5.62,33200,-0.4(-1.19 %),88370,2921000000,0,0,33600,33600,32500
2018-05-11,5.68,33500,0.3(0.90 %),46730,1532000000,0,0,32750,33500,32200
2018-05-14,5.68,33500,0(0.00 %),34020,1133000000,0,0,33500,33500,33000
2018-05-15,5.76,34000,0.5(1.49 %),137140,4699000000,0,0,33800,34800,33800
2018-05-16,5.74,33900,-0.1(-0.29 %),99960,3399000000,37590,1278060000,34500,34500,33800
2018-05-17,5.71,33700,-0.2(-0.59 %),21640,733000000,0,0,33850,34600,33700
2018-05-18,5.56,32800,-0.9(-2.67 %),188520,6228000000,0,0,33500,34300,32600
2018-05-21,5.42,32000,-0.8(-2.44 %),189650,6118000000,0,0,33000,33000,32000
2018-05-22,5.08,30000,-2(-6.25 %),328370,10034000000,0,0,31900,31900,30000
2018-05-23,5.24,30900,0.9(3.00 %),163680,4843000000,0,0,29500,30900,29200
2018-05-24,5.1,30100,-0.8(-2.59 %),65270,1980000000,0,0,30800,30800,30100
2018-05-25,4.91,29000,-1.1(-3.65 %),148520,4434000000,310008,9393242400,30600,30800,29000
2018-05-28,4.85,28600,-0.4(-1.38 %),228210,6598000000,0,0,28500,29700,28500
2018-05-29,5.08,30000,1.4(4.90 %),65590,1942000000,0,0,29000,30300,28800
2018-05-30,5.08,30000,0(0.00 %),32370,968000000,500000,15000000000,30100,30300,29400
2018-05-31,5.29,31200,1.2(4.00 %),204290,6310000000,830000,25730000000,30000,31800,29600
2018-06-01,5.24,30900,-0.3(-0.96 %),61830,1916000000,0,0,31750,31750,30600
2018-06-04,5.52,32600,1.7(5.50 %),153190,4904000000,0,0,30900,32700,30900
2018-06-05,5.52,32600,0(0.00 %),92650,3016000000,0,0,32900,33000,32000
2018-06-06,5.86,34600,2(6.13 %),312770,10524000000,0,0,32600,34600,31800
2018-06-07,5.9,34800,0.2(0.58 %),164640,5681000000,0,0,34500,35000,33650
2018-06-08,5.98,35300,0.5(1.44 %),231130,8072000000,0,0,34800,35300,34200
2018-06-11,6.18,36500,1.2(3.40 %),347640,12537000000,0,0,34600,36800,34000
2018-06-12,6.02,35550,-0.95(-2.60 %),236810,8403000000,0,0,35400,36500,34550
2018-06-13,6.19,36550,1(2.81 %),184250,6690000000,0,0,35000,36600,35000
2018-06-14,6.3,37200,0.65(1.78 %),256860,9530000000,0,0,36700,37400,36550
2018-06-15,6.15,36300,-0.9(-2.42 %),161970,5871000000,0,0,37000,37400,35800
2018-06-18,5.93,35000,-1.3(-3.58 %),97870,3429000000,0,0,35700,36200,34250
2018-06-19,5.59,33000,-2(-5.71 %),376500,12561000000,0,0,34100,34300,32650
2018-06-20,5.76,34000,1(3.03 %),83630,2830000000,0,0,33000,34450,33000
2018-06-21,5.79,34150,0.15(0.44 %),88070,3010000000,0,0,34000,34800,33700
2018-06-22,5.98,35300,1.15(3.37 %),161190,5614000000,20000,730000000,33700,35400,33700
2018-06-25,5.93,35000,-0.3(-0.85 %),44290,1562000000,0,0,35600,36000,35000
2018-06-26,6.01,35500,0.5(1.43 %),114940,4068000000,0,0,34450,35800,34450
2018-06-27,6.01,35500,0(0.00 %),316730,11203000000,400000,14000000000,35500,36200,34600
2018-06-28,5.85,34500,-1(-2.82 %),82040,2828000000,0,0,35000,35500,34000
2018-06-29,5.9,34850,0.35(1.01 %),185870,6423000000,300000,10350000000,33750,35500,33750
2018-07-02,5.69,33600,-1.25(-3.59 %),67250,2250000000,26040,937440000,34500,34500,32600
2018-07-03,5.59,33000,-0.6(-1.79 %),127600,4219000000,0,0,33900,34500,32800
2018-07-04,5.57,32900,-0.1(-0.30 %),128410,4242000000,100000,3300000000,33000,34000,32900
2018-07-05,5.42,32000,-0.9(-2.74 %),31230,1017000000,0,0,33700,33700,32000
2018-07-06,5.59,33000,1(3.12 %),35000,1130000000,0,0,32500,33100,31800
2018-07-09,5.51,32500,-0.5(-1.52 %),47100,1547000000,0,0,33500,33700,32500
2018-07-10,5.5,32450,-0.05(-0.15 %),122830,4023000000,0,0,32500,33500,32000
2018-07-11,5.39,31800,-0.65(-2.00 %),125750,3941000000,0,0,32000,33000,31000
2018-07-12,5.3,31300,-0.5(-1.57 %),113850,3589000000,0,0,31300,32500,31200
2018-07-13,5.47,32300,1(3.19 %),19210,615000000,201220,6237820000,32200,32300,31050
2018-07-16,5.42,32000,-0.3(-0.93 %),53890,1721000000,0,0,32500,32500,31800
2018-07-17,5.47,32300,0.3(0.94 %),58800,1890000000,0,0,31900,32500,31800
2018-07-18,5.75,33950,1.65(5.11 %),79030,2652000000,0,0,32500,34500,32500
2018-07-19,5.79,34200,0.25(0.74 %),84900,2866000000,0,0,34200,34200,33150
2018-07-20,5.73,33800,-0.4(-1.17 %),27160,914000000,0,0,33800,34000,33300
2018-07-23,5.68,33550,-0.25(-0.74 %),61000,2077000000,0,0,33550,34500,33000
2018-07-24,5.79,34200,0.65(1.94 %),88040,3001000000,0,0,34000,34500,33600
2018-07-25,5.79,34200,0(0.00 %),53120,1805000000,0,0,34400,34400,33600
2018-07-26,5.83,34400,0.2(0.58 %),74600,2552000000,0,0,34100,34500,33750
2018-07-27,6.01,35500,1.1(3.20 %),145150,5066000000,0,0,34400,35700,34100
2018-07-30,6.43,37950,2.45(6.90 %),406020,15291000000,0,0,36400,37950,36400
2018-07-31,6.53,38550,0.6(1.58 %),231540,8993000000,0,0,39000,39200,38300
2018-08-01,6.51,38400,-0.15(-0.39 %),199290,7716000000,0,0,38000,39400,38000
2018-08-02,6.52,38500,0.1(0.26 %),176610,6780000000,0,0,38000,38800,38000
2018-08-03,6.61,39000,0.5(1.30 %),346510,13655000000,0,0,38800,40000,38600
2018-08-06,6.66,39300,0.3(0.77 %),57530,2245000000,0,0,38800,39300,38600
2018-08-07,6.54,38600,-0.7(-1.78 %),97480,3790000000,0,0,39300,39300,38600
2018-08-08,6.83,40300,1.7(4.40 %),278570,11110000000,0,0,38300,40300,38300
2018-08-09,6.83,40300,0(0.00 %),143590,5944000000,0,0,40800,42200,40300
2018-08-10,6.78,40000,-0.3(-0.74 %),69860,2793000000,0,0,41000,41000,39600
2018-08-13,6.79,40100,0.1(0.25 %),104860,4197000000,100000,4002000000,40000,40500,39500
2018-08-14,6.81,40200,0.1(0.25 %),219390,8709000000,0,0,39300,40200,39000
2018-08-15,6.74,39800,-0.4(-1.00 %),97780,3911000000,0,0,40200,40400,39700
2018-08-16,6.95,41000,1.2(3.02 %),205690,8296000000,0,0,39500,41000,39250
2018-08-17,6.93,40900,-0.1(-0.24 %),111240,4586000000,0,0,41500,42000,40200
2018-08-20,6.88,40600,-0.3(-0.73 %),206670,8440000000,0,0,41300,41300,40250
2018-08-21,6.91,40800,0.2(0.49 %),174130,7070000000,0,0,40500,40900,40050
2018-08-22,7.01,41350,0.55(1.35 %),207290,8496000000,0,0,41300,41350,40700
2018-08-23,6.88,40600,-0.75(-1.81 %),62060,2539000000,0,0,41200,41300,40600
2018-08-24,6.88,40600,0(0.00 %),128650,5219000000,0,0,40350,40800,40350
2018-08-27,6.93,39900,0.3(0.76 %),437790,17532000000,25000,1058750000,40400,40400,39900
2018-08-28,6.95,40000,0.1(0.25 %),147200,5884000000,0,0,40300,40300,39800
2018-08-29,7.11,40950,0.95(2.38 %),182770,7348000000,0,0,40000,40950,39650
2018-08-30,7.2,41450,0.5(1.22 %),109160,4499000000,0,0,40900,41500,40500
2018-08-31,7.12,41000,-0.45(-1.09 %),28100,1158000000,0,0,41450,41550,41000
2018-09-04,7.02,40400,-0.6(-1.46 %),48230,1962000000,0,0,41000,41400,40400
2018-09-05,7.15,41150,0.75(1.86 %),358430,14755000000,0,0,40400,41600,40400
2018-09-06,7.02,40400,-0.75(-1.82 %),206400,8476000000,0,0,41200,41500,40400
2018-09-07,7.12,41000,0.6(1.49 %),81210,3325000000,0,0,41000,41100,40800
2018-09-10,6.95,40000,-1(-2.44 %),134230,5455000000,0,0,41300,41300,40000
2018-09-11,6.84,39400,-0.6(-1.50 %),215960,8588000000,0,0,40000,40350,38500
2018-09-12,6.83,39300,-0.1(-0.25 %),142550,5632000000,0,0,39400,40000,38800
2018-09-13,6.92,39850,0.55(1.40 %),39490,1565000000,0,0,39300,40000,39300
2018-09-14,6.91,39800,-0.05(-0.13 %),91980,3656000000,0,0,39900,39900,39600
2018-09-17,6.97,40100,0.3(0.75 %),229700,9193000000,0,0,40000,40400,39450
2018-09-18,7.45,42900,2.8(6.98 %),591560,24842000000,0,0,40000,42900,40000
2018-09-19,7.4,42600,-0.3(-0.70 %),218170,9365000000,0,0,43500,43900,42000
2018-09-20,7.63,43900,1.3(3.05 %),184140,8008000000,0,0,42800,43900,42800
2018-09-21,7.5,43200,-0.7(-1.59 %),137860,5973000000,0,0,43600,44000,42600
2018-09-24,7.56,43500,0.3(0.69 %),318950,13687000000,0,0,43100,43800,42500
2018-09-25,7.51,43250,-0.25(-0.57 %),80730,3504000000,0,0,43250,43700,43000
2018-09-26,7.46,42950,-0.3(-0.69 %),109710,4728000000,0,0,43250,43250,42950
2018-09-27,7.28,41900,-1.05(-2.44 %),303180,12821000000,0,0,41900,43300,41800
2018-09-28,7.21,41500,-0.4(-0.95 %),160100,6704000000,0,0,41900,42600,41450
2018-10-01,7.33,42200,0.7(1.69 %),187490,7880000000,0,0,42000,42500,41300
2018-10-02,7.26,41800,-0.4(-0.95 %),104360,4377000000,0,0,42500,42500,41750
2018-10-03,7.38,42500,0.7(1.67 %),253460,10737000000,0,0,42400,42700,41700
2018-10-04,7.72,44450,1.95(4.59 %),339070,14852000000,0,0,42950,44500,42950
2018-10-05,7.82,45000,0.55(1.24 %),312110,14071000000,0,0,44800,45500,44700
2018-10-08,7.89,45400,0.4(0.89 %),250150,11351000000,0,0,45000,46000,44700
2018-10-09,7.81,44950,-0.45(-0.99 %),151870,6835000000,0,0,45400,45400,44800
2018-10-10,7.99,46000,1.05(2.34 %),398660,18163000000,0,0,45100,46500,44900
2018-10-11,7.64,44000,-2(-4.35 %),555010,24422000000,0,0,44000,44800,43400
2018-10-12,7.87,45300,1.3(2.95 %),321090,14334000000,0,0,43500,45300,43500
2018-10-15,7.71,44400,-0.9(-1.99 %),156650,7008000000,42390,1932984000,45600,45600,44300
2018-10-16,7.77,44750,0.35(0.79 %),126860,5648000000,0,0,44200,45000,44200
2018-10-17,7.77,44750,0(0.00 %),302020,13541000000,0,0,44750,45900,44250
2018-10-18,7.67,44150,-0.6(-1.34 %),93110,4155000000,0,0,44750,45200,44100
2018-10-19,7.47,43000,-1.15(-2.60 %),273840,11787000000,0,0,43800,43800,42500
2018-10-22,7.16,41200,-1.8(-4.19 %),348710,14864000000,0,0,43000,43600,41200
2018-10-23,6.95,40000,-1.2(-2.91 %),452810,18123000000,0,0,41000,42000,39000
2018-10-24,6.69,38500,-1.5(-3.75 %),357000,13990000000,0,0,39100,40150,38500
2018-10-25,6.5,37400,-1.1(-2.86 %),208380,7842000000,0,0,37500,38350,37300
2018-10-26,6.69,38500,1.1(2.94 %),243140,9402000000,0,0,38500,39300,38100
2018-10-29,6.64,38200,-0.3(-0.78 %),61980,2389000000,0,0,39000,39000,38200
2018-10-30,6.6,38000,-0.2(-0.52 %),153840,5925000000,0,0,38200,39400,37800
2018-10-31,6.7,38600,0.6(1.58 %),191520,7428000000,0,0,39150,39150,38500
2018-11-01,6.67,38400,-0.2(-0.52 %),272000,10521000000,0,0,38600,39200,38400
2018-11-02,7.03,40500,2.1(5.47 %),461530,18227000000,0,0,39000,40500,38500
2018-11-05,7.02,40400,-0.1(-0.25 %),188160,7628000000,0,0,40100,41000,40100
2018-11-06,6.95,40000,-0.4(-0.99 %),107240,4315000000,0,0,40750,40900,39750
2018-11-07,6.91,39800,-0.2(-0.50 %),109010,4310000000,0,0,39600,40000,39000
2018-11-08,6.97,40150,0.35(0.88 %),371170,14977000000,0,0,39800,40750,39800
2018-11-09,6.9,39700,-0.45(-1.12 %),164730,6550000000,0,0,39800,40400,39400
2018-11-12,6.98,40200,0.5(1.26 %),173670,6923000000,0,0,39200,40250,39000
2018-11-13,6.98,40200,0(0.00 %),248880,9984000000,0,0,40200,40850,39200
2018-11-14,6.9,39700,-0.5(-1.24 %),183080,7309000000,0,0,40500,40500,39200
2018-11-15,6.86,39500,-0.2(-0.50 %),277920,10988000000,0,0,40150,40300,39400
2018-11-16,7.03,40500,1(2.53 %),253500,10190000000,0,0,40000,40650,39900
2018-11-19,7.02,40400,-0.1(-0.25 %),222960,9081000000,0,0,40800,41350,40400
2018-11-20,7.09,40800,0.4(0.99 %),180700,7339000000,0,0,40500,40900,40400
2018-11-21,7.01,40350,-0.45(-1.10 %),236720,9580000000,0,0,40500,40700,40350
2018-11-22,7.08,40750,0.4(0.99 %),165370,6716000000,0,0,40400,40800,40350
2018-11-23,6.98,40200,-0.55(-1.35 %),115310,4654000000,0,0,40800,40800,40200
2018-11-26,6.91,39800,-0.4(-1.00 %),59340,2367000000,0,0,39900,40300,39600
2018-11-27,6.9,39700,-0.1(-0.25 %),69570,2774000000,0,0,40100,40200,39500
2018-11-28,6.84,39400,-0.3(-0.76 %),237200,9358000000,0,0,39700,39700,39200
2018-11-29,6.95,40000,0.6(1.52 %),137540,5455000000,0,0,39700,40000,39400
2018-11-30,6.95,40000,0(0.00 %),115260,4588000000,0,0,40000,40000,39700
2018-12-03,7.3,42000,2(5.00 %),645920,26473000000,0,0,40400,42000,39900
2018-12-04,7.4,42600,0.6(1.43 %),295210,12489000000,0,0,41950,42600,41950
2018-12-05,7.49,43100,0.5(1.17 %),225720,9650000000,0,0,42000,43250,41800
2018-12-06,7.46,42950,-0.15(-0.35 %),287090,12171000000,0,0,42800,42950,42000
2018-12-07,7.56,43500,0.55(1.28 %),202800,8764000000,0,0,42950,43600,42800
2018-12-10,7.45,42900,-0.6(-1.38 %),205280,8889000000,0,0,43500,43700,42700
2018-12-11,7.47,43000,0.1(0.23 %),286540,12262000000,0,0,42850,43400,42500
2018-12-12,7.76,44700,1.7(3.95 %),404780,17787000000,0,0,43300,44700,43100
2018-12-13,7.76,44700,0(0.00 %),777630,34990000000,0,0,44850,45600,44650
2018-12-14,7.56,43500,-1.2(-2.68 %),232330,10213000000,0,0,44100,44700,43500
2018-12-17,7.39,42550,-0.95(-2.18 %),278700,11947000000,0,0,43000,43400,42550
2018-12-18,7.5,43200,0.65(1.53 %),86040,3638000000,0,0,42000,43200,41900
2018-12-19,7.52,43300,0.1(0.23 %),187210,7963000000,0,0,43500,43500,42200
2018-12-20,7.49,43100,-0.2(-0.46 %),43650,1882000000,0,0,43300,43300,43000
2018-12-21,7.43,42800,-0.3(-0.70 %),47810,2051000000,0,0,42500,43100,42500
2018-12-24,7.38,42500,-0.3(-0.70 %),92390,3929000000,20000,860000000,42800,42800,42100
2018-12-25,7.03,40500,-2(-4.71 %),241960,9878000000,20000,860000000,42000,42000,40400
2018-12-26,6.95,40000,-0.5(-1.23 %),180030,7267000000,0,0,40500,41250,40000
2018-12-27,7.09,40800,0.8(2.00 %),79310,3229000000,0,0,41300,41300,40400
2018-12-28,7.04,40550,-0.25(-0.61 %),79510,3237000000,0,0,40850,41000,40550
2019-01-02,7.08,40750,0.2(0.49 %),100090,4090000000,0,0,40750,41200,40500
2019-01-03,6.88,39600,-1.15(-2.82 %),126980,5094000000,0,0,40500,41000,39500
2019-01-04,6.96,40050,0.45(1.14 %),72780,2907000000,0,0,39600,40900,39000
2019-01-07,6.97,40150,0.1(0.25 %),38850,1563000000,0,0,40850,40850,40100
2019-01-08,6.96,40050,-0.1(-0.25 %),36200,1447000000,0,0,40050,40150,39600
2019-01-09,7.09,40800,0.75(1.87 %),50870,2059000000,0,0,40050,40850,40000
2019-01-10,7.13,41050,0.25(0.61 %),103700,4269000000,0,0,40750,41800,40650
2019-01-11,7.28,41900,0.85(2.07 %),87760,3672000000,0,0,41700,42000,41100
2019-01-14,7.26,41800,-0.1(-0.24 %),27540,1150000000,0,0,41500,42000,41500
2019-01-15,7.42,42700,0.9(2.15 %),100500,4267000000,0,0,41800,42700,41800
2019-01-16,7.47,43000,0.3(0.70 %),126490,5411000000,0,0,43000,43000,42500
2019-01-17,7.4,42600,-0.4(-0.93 %),162240,6946000000,0,0,43000,43000,42500
2019-01-18,7.39,42550,-0.05(-0.12 %),48540,2071000000,0,0,42850,42900,42200
2019-01-21,7.3,42050,-0.5(-1.18 %),43130,1821000000,0,0,42100,42600,42050
2019-01-22,7.56,43500,1.45(3.45 %),387470,16758000000,0,0,42350,44000,42250
2019-01-23,7.54,43400,-0.1(-0.23 %),56440,2443000000,0,0,43500,43500,43100
2019-01-24,7.48,43050,-0.35(-0.81 %),41970,1814000000,0,0,43400,43700,43000
2019-01-25,7.43,42800,-0.25(-0.58 %),53810,2316000000,0,0,43050,43300,42800
2019-01-28,7.29,41950,-0.85(-1.99 %),85420,3595000000,0,0,43400,43400,41600
2019-01-29,7.26,41800,-0.15(-0.36 %),66190,2774000000,0,0,41950,42300,41500
2019-01-30,7.3,42000,0.2(0.48 %),91680,3873000000,0,0,42500,42950,41900
2019-01-31,7.46,42950,0.95(2.26 %),167320,7189000000,0,0,42000,43450,42000
2019-02-01,7.46,42950,0(0.00 %),44630,1916000000,0,0,43150,43400,42600
2019-02-11,7.47,43000,0.05(0.12 %),96300,4158000000,0,0,42950,43500,42950
2019-02-12,7.47,43000,0(0.00 %),150780,6507000000,0,0,42650,43700,42650
2019-02-13,7.72,44450,1.45(3.37 %),480220,21155000000,0,0,43000,44450,42900
2019-02-14,7.75,44600,0.15(0.34 %),237940,10663000000,0,0,44450,45500,43850
2019-02-15,7.66,44100,-0.5(-1.12 %),103440,4576000000,0,0,44500,44600,44000
2019-02-18,7.89,45450,1.35(3.06 %),345070,15532000000,20000,821000000,44500,45500,44200
2019-02-19,7.64,44000,-1.45(-3.19 %),282440,12620000000,0,0,45600,45600,43600
2019-02-20,7.82,45000,1(2.27 %),136530,6073000000,0,0,43900,45000,43900
2019-02-21,7.71,44400,-0.6(-1.33 %),142520,6368000000,0,0,45000,45200,44150
2019-02-22,7.71,44400,0(0.00 %),135260,6027000000,0,0,44800,45000,44150
2019-02-25,7.71,44400,0(0.00 %),100640,4468000000,0,0,45000,45000,44200
2019-02-26,7.82,45000,0.6(1.35 %),434620,19613000000,0,0,44400,45700,44400
2019-02-27,7.79,44850,-0.15(-0.33 %),93330,4202000000,0,0,45000,45300,44850
2019-02-28,7.64,44000,-0.85(-1.90 %),188130,8329000000,0,0,44850,44850,43500
2019-03-01,7.56,43500,-0.5(-1.14 %),271910,11795000000,0,0,44000,44000,42850
2019-03-04,7.61,43800,0.3(0.69 %),382170,16661000000,0,0,43500,44300,43000
2019-03-05,7.52,43300,-0.5(-1.14 %),125310,5450000000,0,0,43800,43900,43200
2019-03-06,7.53,43350,0.05(0.12 %),59320,2573000000,0,0,43300,43800,43100
2019-03-07,7.69,44300,0.95(2.19 %),362090,16096000000,0,0,44300,44900,43600
2019-03-08,7.56,43500,-0.8(-1.81 %),120140,5284000000,0,0,44000,44500,43500
2019-03-11,7.63,43950,0.45(1.03 %),87730,3824000000,0,0,43500,44000,43200
2019-03-12,7.65,44050,0.1(0.23 %),149120,6616000000,0,0,44000,44900,43950
2019-03-13,7.63,43900,-0.15(-0.34 %),153820,6787000000,40000,1840000000,44500,44550,43650
2019-03-14,7.64,44000,0.1(0.23 %),231900,10274000000,0,0,43900,44750,43900
2019-03-15,7.52,43300,-0.7(-1.59 %),126130,5484000000,0,0,44000,44000,43200
2019-03-18,7.66,44100,0.8(1.85 %),198760,8718000000,0,0,43300,44100,43300
2019-03-19,7.52,43300,-0.8(-1.81 %),118010,5159000000,0,0,44100,44250,43300
2019-03-20,7.49,43100,-0.2(-0.46 %),96240,4134000000,0,0,43000,43750,42700
2019-03-21,7.21,41500,-1.6(-3.71 %),149950,6358000000,0,0,43500,43500,40100
2019-03-22,7.19,41400,-0.1(-0.24 %),171280,7056000000,0,0,41400,42000,40700
2019-03-25,6.97,40100,-1.3(-3.14 %),205030,8293000000,0,0,41000,41000,40100
2019-03-26,7.0,40300,0.2(0.50 %),156700,6310000000,0,0,40400,40750,40100
2019-03-27,7.07,40700,0.4(0.99 %),62980,2560000000,0,0,40950,40950,40400
2019-03-28,7.24,41700,1(2.46 %),104150,4313000000,0,0,40600,41850,40600
2019-03-29,7.17,41300,-0.4(-0.96 %),27060,1122000000,0,0,41400,41800,41300
2019-04-01,7.18,41350,0.05(0.12 %),61370,2538000000,0,0,41500,41700,41000
2019-04-02,7.0,40300,-1.05(-2.54 %),131380,5330000000,0,0,41350,41500,40000
2019-04-03,6.98,40200,-0.1(-0.25 %),129280,5206000000,20000,840000000,40300,40500,40100
2019-04-04,6.97,40100,-0.1(-0.25 %),90830,3669000000,0,0,40100,40700,40100
2019-04-05,7.1,40850,0.75(1.87 %),117370,4755000000,0,0,40500,41000,40200
2019-04-08,7.1,40850,0(0.00 %),104130,4255000000,0,0,40900,41500,40500
2019-04-09,7.02,40400,-0.45(-1.10 %),131610,5339000000,0,0,40950,40950,40300
2019-04-10,7.06,40650,0.25(0.62 %),174110,7054000000,0,0,40200,40750,40100
2019-04-11,7.05,40600,-0.05(-0.12 %),55580,2251000000,0,0,40800,40800,40400
2019-04-12,7.03,40450,-0.15(-0.37 %),45630,1844000000,0,0,40500,40700,40250
2019-04-16,6.92,39850,-0.6(-1.48 %),119160,4770000000,0,0,40450,40450,39850
2019-04-17,6.83,39300,-0.55(-1.38 %),117700,4655000000,0,0,39800,40000,39250
2019-04-18,6.69,38500,-0.8(-2.04 %),201400,7760000000,0,0,39200,39200,38000
2019-04-19,6.77,38950,0.45(1.17 %),40040,1546000000,0,0,38050,38950,38050
2019-04-22,6.69,38500,-0.45(-1.16 %),41330,1587000000,0,0,39000,39000,38050
2019-04-23,6.6,38000,-0.5(-1.30 %),85810,3272000000,0,0,38800,38800,38000
2019-04-24,6.69,38500,0.5(1.32 %),35750,1373000000,0,0,38000,38500,38000
2019-04-25,6.7,38550,0.05(0.13 %),124460,4807000000,0,0,38500,38800,38500
2019-04-26,6.64,38200,-0.35(-0.91 %),122890,4691000000,0,0,38600,38600,38050
2019-05-02,6.48,37300,-0.9(-2.36 %),179200,6731000000,0,0,38200,38250,37200
2019-05-03,6.48,37300,0(0.00 %),41470,1553000000,0,0,37100,37700,37100
2019-05-06,6.22,35800,-1.5(-4.02 %),175580,6340000000,0,0,36950,36950,35800
2019-05-07,6.25,36000,0.2(0.56 %),47940,1726000000,0,0,36100,36150,35850
2019-05-08,6.29,36200,0.2(0.56 %),54450,1951000000,0,0,35800,36200,35500
2019-05-09,6.38,36750,0.55(1.52 %),46580,1699000000,0,0,36500,36800,36100
2019-05-10,6.38,36750,0(0.00 %),102400,3743000000,0,0,36700,36900,36000
2019-05-13,6.38,36750,0(0.00 %),102490,3804000000,0,0,37150,37800,36750
2019-05-14,6.5,37450,0.7(1.90 %),40960,1525000000,0,0,37000,37450,36750
2019-05-15,6.6,38000,0.55(1.47 %),130330,4942000000,0,0,37500,38250,37500
2019-05-16,6.55,37700,-0.3(-0.79 %),39110,1480000000,0,0,37850,38150,37700
2019-05-17,6.55,37700,0(0.00 %),58010,2188000000,0,0,37700,37900,37600
2019-05-20,6.64,38200,0.5(1.33 %),58230,2213000000,0,0,37700,38200,37650
2019-05-21,6.62,38100,-0.1(-0.26 %),100970,3865000000,0,0,38300,38500,38100
2019-05-22,6.65,38300,0.2(0.52 %),119510,4559000000,0,0,38300,38550,37900
2019-05-23,6.58,37900,-0.4(-1.04 %),70090,2669000000,0,0,38450,38450,37900
2019-05-24,6.57,37800,-0.1(-0.26 %),78050,2964000000,25000,1000000000,37900,38200,37800
2019-05-27,6.59,37950,0.15(0.40 %),24870,941000000,0,0,37800,38050,37700
2019-05-28,6.59,37950,0(0.00 %),49750,1888000000,0,0,38200,38200,37800
2019-05-29,6.65,38300,0.35(0.92 %),249230,9598000000,0,0,37900,39000,37900
2019-05-30,6.6,38000,-0.3(-0.78 %),89690,3425000000,0,0,38700,38700,37950
2019-05-31,6.6,38000,0(0.00 %),94110,3564000000,0,0,38000,38000,37500
2019-06-03,6.33,35350,-6.2(-16.32 %),103790,3364000000,0,0,35350,35350,35350
2019-06-04,6.45,32450,0.65(2.04 %),54810,1757000000,0,0,32600,32600,31700
2019-06-05,6.44,32400,-0.05(-0.15 %),29790,961000000,0,0,32800,32800,32050
2019-06-06,6.34,31850,-0.55(-1.70 %),29080,928000000,0,0,32400,32400,31600
2019-06-07,6.41,32200,0.35(1.10 %),35400,1131000000,0,0,32000,32200,31850
2019-06-10,6.41,32200,0(0.00 %),17700,567000000,0,0,32500,32500,31900
2019-06-11,6.56,33000,0.8(2.48 %),119500,3913000000,0,0,32000,33000,32000
2019-06-12,6.48,32600,-0.4(-1.21 %),30590,999000000,0,0,33000,33000,32500
2019-06-13,6.41,32200,-0.4(-1.23 %),36280,1172000000,0,0,32600,32900,32150
2019-06-14,6.3,31650,-0.55(-1.71 %),42430,1355000000,0,0,32100,32200,31650
2019-06-17,6.28,31550,-0.1(-0.32 %),45860,1455000000,0,0,31650,32000,31500
2019-06-18,6.23,31300,-0.25(-0.79 %),82810,2610000000,0,0,31550,31800,31300
2019-06-19,6.23,31300,0(0.00 %),91400,2871000000,28000,882000000,31300,31600,31300
2019-06-20,6.35,31900,0.6(1.92 %),39060,1241000000,0,0,31500,31900,31300
2019-06-21,6.33,31800,-0.1(-0.31 %),24530,780000000,0,0,31800,32000,31600
2019-06-24,6.27,31500,-0.3(-0.94 %),39070,1233000000,28000,882000000,31900,31900,31500
2019-06-25,6.23,31300,-0.2(-0.63 %),52270,1639000000,0,0,31700,31700,31250
2019-06-26,6.27,31500,0.2(0.64 %),49890,1571000000,0,0,31500,31700,31400
2019-06-27,6.2,31150,-0.35(-1.11 %),79430,2477000000,0,0,31150,31500,31000
2019-06-28,6.1,30650,-0.5(-1.61 %),124860,3821000000,0,0,30650,31150,30300
2019-07-01,6.21,31200,0.55(1.79 %),100970,3130000000,0,0,31200,31200,30650
2019-07-02,6.17,31000,-0.2(-0.64 %),109120,3361000000,0,0,31000,31200,30750
2019-07-03,6.15,30900,-0.1(-0.32 %),46210,1424000000,0,0,30650,31000,30650
2019-07-04,6.17,31000,0.1(0.32 %),364330,11302000000,0,0,30650,31300,30650
2019-07-05,6.31,31700,0.7(2.26 %),130810,4131000000,0,0,31000,31900,30950
2019-07-08,6.35,31900,0.2(0.63 %),216120,6828000000,0,0,31300,31900,31200
2019-07-09,6.35,31900,0(0.00 %),181240,5777000000,0,0,31900,32300,31700
2019-07-10,6.29,31600,-0.3(-0.94 %),108340,3444000000,0,0,31900,32200,31550
2019-07-11,6.25,31400,-0.2(-0.63 %),89620,2811000000,0,0,31600,31600,31200
2019-07-12,6.27,31500,0.1(0.32 %),125800,3988000000,0,0,31400,32000,31300
2019-07-15,6.33,31800,0.3(0.95 %),96830,3074000000,0,0,31400,31950,31350
2019-07-16,6.37,32000,0.2(0.63 %),127620,4083000000,0,0,31950,32200,31800
2019-07-17,6.25,31400,-0.6(-1.88 %),259210,8185000000,0,0,31900,31900,31200
2019-07-18,6.18,31050,-0.35(-1.11 %),109240,3400000000,0,0,31200,31400,31000
2019-07-19,6.2,31150,0.1(0.32 %),81070,2529000000,25797,800996850,31200,31600,31000
2019-07-22,6.17,31000,-0.15(-0.48 %),127230,3958000000,0,0,31100,31400,30750
2019-07-23,6.19,31100,0.1(0.32 %),98990,3074000000,0,0,31000,31400,30950
2019-07-24,6.14,30850,-0.25(-0.80 %),150650,4660000000,25797,800996850,31100,31200,30800
2019-07-25,6.13,30800,-0.05(-0.16 %),77060,2377000000,0,0,30850,31150,30750
2019-07-26,6.15,30900,0.1(0.32 %),67290,2073000000,0,0,30800,31000,30650
2019-07-29,6.03,30300,-0.6(-1.94 %),131320,4006000000,27974,856004400,30800,31100,30300
2019-07-30,5.68,28550,-1.75(-5.78 %),350530,10229000000,0,0,30100,30300,28500
2019-07-31,5.56,27950,-0.6(-2.10 %),259310,7279000000,0,0,28550,28550,27950
2019-08-01,5.44,27350,-0.6(-2.15 %),231020,6372000000,27974,814043400,27950,28000,27300
2019-08-02,5.55,27900,0.55(2.01 %),164140,4495000000,0,0,27250,28200,26750
2019-08-05,5.51,27700,-0.2(-0.72 %),57640,1595000000,0,0,27900,28000,27400
2019-08-06,5.34,26850,-0.85(-3.07 %),213060,5751000000,0,0,27400,27400,26700
2019-08-07,5.32,26750,-0.1(-0.37 %),120670,3228000000,0,0,27400,27400,26500
2019-08-08,5.69,28600,1.85(6.92 %),472550,13389000000,0,0,26800,28600,26800
2019-08-09,5.93,29800,1.2(4.20 %),485830,14592000000,0,0,30550,30550,29000
2019-08-12,5.77,29000,-0.8(-2.68 %),152450,4436000000,0,0,29700,29700,28900
2019-08-13,5.57,28000,-1(-3.45 %),271140,7664000000,0,0,28650,28650,28000
2019-08-14,5.59,28100,0.1(0.36 %),205990,5728000000,0,0,28300,28500,27400
2019-08-15,5.71,28700,0.6(2.14 %),118960,3357000000,0,0,27600,28800,27350
2019-08-16,5.81,29200,0.5(1.74 %),188920,5551000000,0,0,28600,29700,28600
2019-08-19,5.81,29200,0(0.00 %),126650,3680000000,0,0,29200,29500,28750
2019-08-20,5.81,29200,0(0.00 %),143660,4192000000,0,0,29200,29400,28900
2019-08-21,5.73,28800,-0.4(-1.37 %),171410,4968000000,0,0,29200,29300,28800
2019-08-22,5.67,28500,-0.3(-1.04 %),127370,3650000000,0,0,29000,29000,28450
2019-08-23,5.87,29500,1(3.51 %),253860,7443000000,0,0,28500,29800,28500
2019-08-26,5.95,29900,0.4(1.36 %),268460,8028000000,0,0,29500,30300,29300
2019-08-27,5.94,29850,-0.05(-0.17 %),154950,4625000000,169420,5082600000,29900,30100,29700
2019-08-28,5.94,29050,-0.8(-2.68 %),193580,5611000000,0,0,29000,29400,28800
2019-08-29,5.8,28400,-0.65(-2.24 %),216310,6226000000,0,0,29000,29100,28400
2019-08-30,6.07,29700,1.3(4.58 %),337350,9871000000,0,0,29000,29800,28500
2019-09-03,5.97,29200,-0.5(-1.68 %),375300,11240000000,0,0,29700,30400,29200
2019-09-04,6.05,29600,0.4(1.37 %),266200,7822000000,0,0,29050,29900,29050
2019-09-05,5.99,29300,-0.3(-1.01 %),131310,3878000000,0,0,29600,30100,29150
2019-09-06,6.0,29350,0.05(0.17 %),66330,1948000000,0,0,29300,29500,29200
2019-09-09,5.96,29150,-0.2(-0.68 %),93290,2718000000,0,0,29350,29450,29000
2019-09-10,5.76,28200,-0.95(-3.26 %),286460,8141000000,0,0,29150,29150,27900
2019-09-11,5.69,27850,-0.35(-1.24 %),122840,3424000000,0,0,28000,28300,27600
2019-09-12,5.84,28550,0.7(2.51 %),145240,4111000000,0,0,28000,28550,28000
2019-09-13,5.84,28550,0(0.00 %),124370,3535000000,0,0,28650,28750,28100
2019-09-16,5.75,28150,-0.4(-1.40 %),81120,2291000000,0,0,28200,28550,28150
2019-09-17,5.78,28300,0.15(0.53 %),71320,2020000000,0,0,28200,28500,28100
2019-09-18,5.78,28300,0(0.00 %),77680,2190000000,0,0,28500,28500,28000
2019-09-19,5.76,28200,-0.1(-0.35 %),105070,2954000000,0,0,28300,28350,28000
2019-09-20,5.72,28000,-0.2(-0.71 %),188310,5302000000,0,0,28400,28600,27950
2019-09-23,5.7,27900,-0.1(-0.36 %),90220,2529000000,0,0,28000,28250,27900
2019-09-24,5.7,27900,0(0.00 %),106870,2984000000,0,0,27900,28100,27850
2019-09-25,5.72,28000,0.1(0.36 %),50680,1418000000,0,0,27900,28200,27900
2019-09-26,5.62,27500,-0.5(-1.79 %),174520,4846000000,30000,898500000,28200,28200,27400
2019-09-27,5.62,27500,0(0.00 %),141150,3886000000,0,0,27400,27850,27200
2019-09-30,5.62,27500,0(0.00 %),111730,3071000000,35000,1029000000,27200,27750,27200
2019-10-01,5.64,27600,0.1(0.36 %),35980,996000000,0,0,27500,27900,27400
2019-10-02,5.52,27000,-0.6(-2.17 %),151380,4120000000,0,0,27600,27600,26900
2019-10-03,5.56,27200,0.2(0.74 %),37550,1019000000,0,0,27000,27350,27000
2019-10-04,5.53,27050,-0.15(-0.55 %),63630,1727000000,0,0,27200,27350,27050
2019-10-07,5.52,27000,-0.05(-0.18 %),88860,2389000000,79000,1990800000,27200,27300,26700
2019-10-08,5.4,26400,-0.6(-2.22 %),92630,2462000000,0,0,27200,27200,26350
2019-10-09,5.44,26600,0.2(0.76 %),40750,1083000000,0,0,26400,26700,26400
2019-10-10,5.48,26800,0.2(0.75 %),45550,1210000000,0,0,26900,27000,26450
2019-10-11,5.44,26600,-0.2(-0.75 %),60120,1597000000,0,0,26900,26900,26450
2019-10-14,5.42,26500,-0.1(-0.38 %),81530,2149000000,0,0,26600,26600,26200
2019-10-15,5.32,26050,-0.45(-1.70 %),198160,5172000000,0,0,26500,26500,26000
2019-10-16,5.4,26400,0.35(1.34 %),300660,7741000000,0,0,26400,26450,25400
2019-10-17,5.29,25900,-0.5(-1.89 %),159440,4141000000,0,0,26400,26400,25800
2019-10-18,5.29,25900,0(0.00 %),33320,867000000,0,0,25800,26200,25800
2019-10-21,5.29,25900,0(0.00 %),41520,1071000000,0,0,26000,26000,25600
2019-10-22,5.18,25350,-0.55(-2.12 %),159330,4050000000,0,0,25800,25800,25300
2019-10-23,5.21,25500,0.15(0.59 %),74990,1915000000,0,0,25500,25700,25400
2019-10-24,5.23,25600,0.1(0.39 %),41020,1050000000,0,0,25500,25700,25500
2019-10-25,5.39,26350,0.75(2.93 %),193030,5031000000,0,0,25700,26350,25650
2019-10-28,5.33,26100,-0.25(-0.95 %),89250,2337000000,0,0,26400,26400,26050
2019-10-29,5.26,25750,-0.35(-1.34 %),144430,3732000000,0,0,26100,26100,25750
2019-10-30,5.27,25800,0.05(0.19 %),121620,3125000000,0,0,25700,25850,25600
2019-10-31,5.23,25600,-0.2(-0.78 %),102110,2620000000,0,0,25700,25800,25600
2019-11-01,5.25,25700,0.1(0.39 %),74540,1926000000,0,0,26000,26000,25600
2019-11-04,5.24,25650,-0.05(-0.19 %),146300,3762000000,0,0,25750,25850,25600
2019-11-05,5.25,25700,0.05(0.19 %),50700,1305000000,0,0,25700,25850,25650
2019-11-06,5.34,26150,0.45(1.75 %),131040,3414000000,0,0,25700,26350,25700
2019-11-07,5.34,26150,0(0.00 %),134580,3529000000,0,0,26000,26350,26000
2019-11-08,5.27,25800,-0.35(-1.34 %),96890,2518000000,0,0,26300,26300,25800
2019-11-11,5.23,25600,-0.2(-0.78 %),139770,3599000000,0,0,25800,26000,25550
2019-11-12,5.22,25550,-0.05(-0.20 %),73390,1881000000,0,0,25600,25700,25550
2019-11-13,5.21,25500,-0.05(-0.20 %),117390,3005000000,0,0,25550,25750,25500
2019-11-14,5.21,25500,0(0.00 %),92020,2349000000,0,0,25500,25700,25300
2019-11-15,4.97,24300,-1.2(-4.71 %),125190,3166000000,0,0,25600,25600,24300
2019-11-18,5.03,24600,0.3(1.23 %),302490,7450000000,0,0,25000,25000,24500
2019-11-19,5.09,24900,0.3(1.22 %),172870,4304000000,0,0,24750,25000,24750
2019-11-20,5.06,24750,-0.15(-0.60 %),77960,1938000000,0,0,24950,25000,24750
2019-11-21,5.03,24600,-0.15(-0.61 %),98530,2418000000,0,0,24800,24800,24350
2019-11-22,5.38,26300,1.7(6.91 %),227760,5646000000,0,0,26300,26300,24000
2019-11-25,5.13,25100,-1.2(-4.56 %),78870,1982000000,0,0,25800,25800,24800
2019-11-26,5.02,24550,-0.55(-2.19 %),132650,3257000000,0,0,25000,25000,24300
2019-11-27,4.98,24350,-0.2(-0.81 %),44040,1071000000,0,0,24550,24550,24250
2019-11-28,4.95,24200,-0.15(-0.62 %),59890,1453000000,0,0,24550,24550,24100
2019-11-29,4.95,24200,0(0.00 %),91470,2203000000,0,0,24500,24500,23850
2019-12-02,4.86,23800,-0.4(-1.65 %),75130,1797000000,0,0,24000,24050,23800
2019-12-03,4.83,23650,-0.15(-0.63 %),96150,2271000000,0,0,23850,23850,23450
2019-12-04,4.83,23650,0(0.00 %),115350,2734000000,30000,735000000,23650,24000,23600
2019-12-05,4.9,23950,0.3(1.27 %),65840,1567000000,0,0,24000,24000,23650
2019-12-06,4.9,23950,0(0.00 %),14840,356000000,0,0,23750,24000,23750
2019-12-09,4.93,24100,0.15(0.63 %),50240,1207000000,0,0,24000,24250,23900
2019-12-10,5.03,24600,0.5(2.07 %),48810,1181000000,30000,690000000,24100,24600,23900
2019-12-11,5.2,25450,0.85(3.46 %),148640,3737000000,0,0,24300,25450,24300
2019-12-12,5.3,25950,0.5(1.96 %),75600,1948000000,0,0,25450,26000,25200
2019-12-13,5.23,25600,-0.35(-1.35 %),104590,2709000000,0,0,25500,26050,25500
2019-12-16,5.28,25850,0.25(0.98 %),58940,1509000000,0,0,25700,25850,25200
2019-12-17,5.21,25500,-0.35(-1.35 %),32120,829000000,0,0,25850,25950,25200
2019-12-18,5.32,26050,0.55(2.16 %),228680,5940000000,0,0,25250,26050,25250
2019-12-19,5.31,26000,-0.05(-0.19 %),118630,3079000000,30000,810000000,26200,26200,25600
2019-12-20,5.3,25950,-0.05(-0.19 %),126380,3285000000,0,0,25650,26100,25650
2019-12-23,5.31,26000,0.05(0.19 %),99130,2577000000,0,0,26000,26100,25800
2019-12-24,5.31,26000,0(0.00 %),51780,1339000000,30000,750000000,26000,26000,25600
2019-12-25,5.33,26100,0.1(0.38 %),34720,901000000,0,0,26250,26250,25650
2019-12-26,5.4,26400,0.3(1.15 %),92970,2456000000,0,0,26000,26850,25900
2019-12-27,5.52,27000,0.6(2.27 %),219460,5888000000,0,0,26400,27400,26400
2019-12-30,5.61,27450,0.45(1.67 %),237610,6609000000,0,0,27150,28050,27000
2019-12-31,5.57,27250,-0.2(-0.73 %),108340,2979000000,20000,580000000,27500,27850,27000
2020-01-02,5.6,27400,0.15(0.55 %),197200,5459000000,0,0,27000,28000,26800
2020-01-03,5.72,28000,0.6(2.19 %),347650,9699000000,0,0,27400,28000,27400
2020-01-06,5.62,27500,-0.5(-1.79 %),55180,1528000000,0,0,28200,28200,27500
2020-01-07,5.56,27200,-0.3(-1.09 %),53900,1476000000,0,0,27900,27900,27200
2020-01-08,5.44,26600,-0.6(-2.21 %),80310,2136000000,0,0,27250,27250,26100
2020-01-09,5.52,27000,0.4(1.50 %),43430,1167000000,0,0,26600,27100,26600
2020-01-10,5.52,27000,0(0.00 %),62780,1709000000,0,0,27200,27450,27000
2020-01-13,5.59,27350,0.35(1.30 %),34110,924000000,0,0,27000,27450,26600
2020-01-14,5.49,26850,-0.5(-1.83 %),11840,319000000,0,0,27400,27400,26600
2020-01-15,5.41,26450,-0.4(-1.49 %),44510,1183000000,0,0,27000,27000,26300
2020-01-16,5.42,26500,0.05(0.19 %),57770,1533000000,0,0,26300,26800,26300
2020-01-17,5.46,26700,0.2(0.75 %),68150,1835000000,0,0,26300,27100,26300
2020-01-20,5.46,26700,0(0.00 %),14250,381000000,0,0,26800,26900,26700
2020-01-21,5.49,26850,0.15(0.56 %),12870,341000000,0,0,26400,26950,26400
2020-01-22,5.48,26800,-0.05(-0.19 %),22900,608000000,0,0,26900,26900,26400
2020-01-30,5.4,26400,-0.4(-1.49 %),55180,1448000000,0,0,26800,26800,26100
2020-01-31,5.21,25500,-0.9(-3.41 %),116550,3020000000,0,0,26200,26300,25500
2020-02-03,5.18,25350,-0.15(-0.59 %),158860,3808000000,0,0,25350,25350,23750
2020-02-04,5.19,25400,0.05(0.20 %),120870,3060000000,0,0,25300,25950,25000
2020-02-05,5.11,25000,-0.4(-1.57 %),60580,1521000000,0,0,25400,25800,24750
2020-02-06,5.14,25150,0.15(0.60 %),30060,750000000,0,0,25150,25150,24750
2020-02-07,5.17,25300,0.15(0.60 %),118060,2973000000,0,0,25200,25450,25000
2020-02-10,5.17,25300,0(0.00 %),152640,3868000000,0,0,25300,25800,25000
2020-02-11,5.19,25400,0.1(0.40 %),17870,455000000,0,0,25500,25500,25150
2020-02-12,5.19,25400,0(0.00 %),190620,4861000000,0,0,25400,25850,25150
2020-02-13,5.19,25400,0(0.00 %),37800,958000000,0,0,25150,25500,25150
2020-02-14,5.23,25600,0.2(0.79 %),48140,1225000000,0,0,25400,25600,25300
2020-02-17,5.19,25400,-0.2(-0.78 %),56950,1453000000,0,0,25600,25600,25400
2020-02-18,5.23,25600,0.2(0.79 %),169080,4329000000,0,0,25500,25800,25300
2020-02-19,5.17,25300,-0.3(-1.17 %),96330,2449000000,0,0,25550,25550,25300
2020-02-20,5.15,25200,-0.1(-0.40 %),51250,1297000000,0,0,25800,25800,25200
2020-02-21,5.17,25300,0.1(0.40 %),88750,2243000000,0,0,25200,25500,25150
2020-02-24,5.0,24450,-0.85(-3.36 %),236250,5798000000,0,0,25000,25000,24400
2020-02-25,4.96,24250,-0.2(-0.82 %),79510,1939000000,0,0,24000,24500,24000
2020-02-26,4.99,24400,0.15(0.62 %),46620,1123000000,0,0,24000,24400,23900
2020-02-27,4.97,24300,-0.1(-0.41 %),16530,399000000,0,0,24400,24400,23950
2020-02-28,4.86,23800,-0.5(-2.06 %),200730,4778000000,0,0,24300,24300,23600
2020-03-02,4.77,23350,-0.45(-1.89 %),167630,3932000000,0,0,23800,24000,23250
2020-03-03,4.94,24150,0.8(3.43 %),99830,2393000000,0,0,23500,24150,23500
2020-03-04,4.91,24000,-0.15(-0.62 %),14510,349000000,0,0,24150,24150,24000
2020-03-05,5.01,24500,0.5(2.08 %),84010,2063000000,0,0,24000,24800,24000
2020-03-06,5.11,25000,0.5(2.04 %),116800,2896000000,0,0,24500,25000,24500
2020-03-09,4.75,23250,-1.75(-7.00 %),179560,4191000000,0,0,23250,23750,23250
2020-03-10,4.75,23250,0(0.00 %),65330,1521000000,0,0,23250,23600,22500
2020-03-11,4.6,22500,-0.75(-3.23 %),117830,2699000000,0,0,23500,23500,22500
2020-03-12,4.31,21100,-1.4(-6.22 %),317590,6736000000,60000,1440000000,22200,22200,20950
2020-03-13,4.17,20400,-0.7(-3.32 %),216470,4350000000,0,0,19650,20500,19650
2020-03-16,4.27,20900,0.5(2.45 %),152200,3154000000,0,0,20750,21000,20400
2020-03-17,4.23,20700,-0.2(-0.96 %),161090,3259000000,0,0,20700,20850,20000
2020-03-18,4.23,20700,0(0.00 %),549820,11412000000,0,0,20500,21200,20500
2020-03-19,4.21,20600,-0.1(-0.48 %),126830,2613000000,0,0,20500,20700,20400
2020-03-20,4.26,20850,0.25(1.21 %),71450,1475000000,0,0,20500,20850,20400
2020-03-23,3.99,19500,-1.35(-6.47 %),187560,3720000000,0,0,20400,20400,19500
2020-03-24,4.01,19600,0.1(0.51 %),85470,1692000000,0,0,19500,20200,19500
2020-03-25,4.19,20500,0.9(4.59 %),104600,2128000000,0,0,19600,20600,19600
2020-03-26,4.19,20500,0(0.00 %),68960,1430000000,0,0,21000,21000,20500
2020-03-27,4.19,20500,0(0.00 %),138880,2854000000,0,0,20500,20900,20400
2020-03-30,4.15,20300,-0.2(-0.98 %),179170,3622000000,0,0,20400,20400,20100
2020-03-31,4.19,20500,0.2(0.99 %),69880,1420000000,0,0,20200,20500,20200
2020-04-01,4.2,20550,0.05(0.24 %),48250,996000000,0,0,20400,20750,20400
2020-04-03,4.29,21000,0.45(2.19 %),169680,3565000000,0,0,20550,21300,20550
2020-04-06,4.39,21500,0.5(2.38 %),132460,2840000000,0,0,21000,21950,21000
2020-04-07,4.4,21550,0.05(0.23 %),96820,2087000000,0,0,21500,21700,21450
2020-04-08,4.4,21550,0(0.00 %),190140,4068000000,0,0,21550,21600,21050
2020-04-09,4.39,21500,-0.05(-0.23 %),154880,3343000000,0,0,21550,21700,21500
2020-04-10,4.29,21000,-0.5(-2.33 %),178450,3780000000,0,0,21600,21600,21000
2020-04-13,4.43,21650,0.65(3.10 %),159390,3385000000,0,0,20900,21650,20900
2020-04-14,4.45,21750,0.1(0.46 %),48020,1043000000,0,0,21650,21850,21450
2020-04-15,4.57,22350,0.6(2.76 %),219580,4823000000,0,0,21750,22500,21650
2020-04-16,4.78,23400,1.05(4.70 %),155730,3600000000,0,0,22400,23700,22150
2020-04-17,4.89,23900,0.5(2.14 %),108000,2580000000,0,0,23400,24200,23200
2020-04-20,4.8,23500,-0.4(-1.67 %),132050,3090000000,0,0,23900,23900,23100
2020-04-21,4.52,22100,-1.4(-5.96 %),151030,3417000000,0,0,23050,23250,22100
2020-04-22,4.66,22800,0.7(3.17 %),187110,4261000000,0,0,21800,23000,21700
2020-04-23,4.74,23200,0.4(1.75 %),55420,1273000000,0,0,23350,23450,22800
2020-04-24,4.71,23050,-0.15(-0.65 %),29220,674000000,0,0,23200,23300,22900
2020-04-27,5.01,24500,1.45(6.29 %),269100,6501000000,0,0,22850,24600,22850
2020-04-28,5.21,25500,1(4.08 %),180830,4540000000,0,0,25000,25700,24300
2020-04-29,5.29,25900,0.4(1.57 %),484840,12767000000,0,0,25900,26750,25500
2020-05-04,5.21,25500,-0.4(-1.54 %),235570,5983000000,90000,2430000000,25500,25800,24800
2020-05-05,5.31,26000,0.5(1.96 %),109790,2821000000,0,0,25500,26100,25250
2020-05-06,5.55,27150,1.15(4.42 %),288600,7692000000,0,0,26100,27200,25850
2020-05-07,5.5,26900,-0.25(-0.92 %),170590,4680000000,0,0,27150,28200,26900
2020-05-08,5.49,26850,-0.05(-0.19 %),188980,5117000000,0,0,27000,27300,26600
2020-05-11,5.77,28250,1.4(5.21 %),190420,5267000000,0,0,28250,28250,26900
2020-05-12,5.78,28300,0.05(0.18 %),96880,2726000000,0,0,28000,28350,27650
2020-05-13,5.72,28000,-0.3(-1.06 %),125320,3530000000,0,0,28300,28400,27750
2020-05-14,5.74,28100,0.1(0.36 %),155670,4390000000,0,0,27500,28950,27500
2020-05-15,5.72,28000,-0.1(-0.36 %),40330,1133000000,0,0,28000,28350,27950
2020-05-18,5.63,27550,-0.45(-1.61 %),38910,1075000000,0,0,27550,27950,27550
2020-05-19,5.62,27500,-0.05(-0.18 %),88110,2443000000,0,0,27600,28000,27500
2020-05-20,5.56,27200,-0.3(-1.09 %),56770,1515000000,0,0,27700,27700,25600
2020-05-21,5.42,26500,-0.7(-2.57 %),48220,1290000000,0,0,27150,27150,26500
2020-05-22,5.61,27450,0.95(3.58 %),90580,2424000000,0,0,26400,27500,26100
2020-05-25,5.69,27850,0.4(1.46 %),87800,2446000000,0,0,27450,28100,27000
2020-05-26,5.97,29200,1.35(4.85 %),1173370,33985000000,0,0,27850,29400,27850
2020-05-27,5.85,28600,-0.6(-2.05 %),182450,5325000000,0,0,29500,29800,28600
2020-05-28,5.75,28150,-0.45(-1.57 %),80910,2285000000,0,0,28150,28900,28000
2020-05-29,5.83,28500,0.35(1.24 %),132810,3781000000,60680,1759720000,28050,28900,27900
2020-06-01,5.85,28600,0.1(0.35 %),95840,2726000000,0,0,29000,29000,28100
2020-06-02,5.76,28200,-0.4(-1.40 %),142010,4021000000,0,0,28400,28600,28150
2020-06-03,5.77,28250,0.05(0.18 %),78670,2227000000,0,0,28200,28600,28000
2020-06-04,5.78,28300,0.05(0.18 %),130140,3712000000,50000,1315000000,28550,29000,28200
2020-06-05,5.83,28500,0.2(0.71 %),172010,4885000000,0,0,28200,28600,28200
2020-06-08,5.93,29000,0.5(1.75 %),390220,11224000000,0,0,28500,29200,28400
2020-06-09,5.93,29000,0(0.00 %),548200,15933000000,0,0,29000,29600,28500
2020-06-10,6.13,30000,1(3.45 %),680210,19950000000,0,0,29000,30000,28550
2020-06-11,5.74,28100,-1.9(-6.33 %),327960,9560000000,0,0,29700,29800,28100
2020-06-12,5.52,27000,-1.1(-3.91 %),434690,11758000000,0,0,27000,27800,26700
2020-06-15,5.3,25950,-1.05(-3.89 %),406010,10754000000,0,0,27300,27300,25950
2020-06-16,5.52,27000,1.05(4.05 %),146670,3953000000,75000,1811250000,27750,27750,26200
2020-06-17,5.58,27300,0.3(1.11 %),98160,2632000000,0,0,26100,28000,26100
2020-06-18,5.58,27300,0(0.00 %),72500,1959000000,50000,1270000000,26800,27400,26700
2020-06-19,5.67,27750,0.45(1.65 %),77610,2141000000,50000,1270000000,27100,27900,27000
2020-06-22,5.66,27700,-0.05(-0.18 %),85200,2344000000,0,0,27100,27700,27050
2020-06-23,5.68,27800,0.1(0.36 %),171890,4808000000,20000,516000000,27700,28400,27500
2020-06-24,5.65,27650,-0.15(-0.54 %),108490,3008000000,0,0,27800,28000,27250
2020-06-25,5.63,27550,-0.1(-0.36 %),68890,1871000000,0,0,27200,27700,26850
2020-06-26,5.55,27150,-0.4(-1.45 %),95250,2588000000,0,0,27300,27350,27000
2020-06-29,5.39,26350,-0.8(-2.95 %),130130,3448000000,35000,903000000,27150,27150,26250
2020-06-30,5.48,26800,0.45(1.71 %),180190,4838000000,0,0,26350,27100,26350
2020-07-01,5.5,26900,0.1(0.37 %),30110,809000000,0,0,26800,27100,26700
2020-07-02,5.6,27400,0.5(1.86 %),28040,762000000,0,0,27100,27400,27000
2020-07-03,5.62,27500,0.1(0.36 %),70420,1936000000,0,0,27200,27550,27200
2020-07-06,5.71,27950,0.45(1.64 %),66460,1846000000,0,0,27300,27950,27300
2020-07-07,5.73,28050,0.1(0.36 %),115160,3223000000,0,0,28000,28100,27800
2020-07-08,5.84,28550,0.5(1.78 %),72700,2056000000,0,0,28300,28550,28050
2020-07-09,5.97,29200,0.65(2.28 %),362000,10512000000,500000,14500000000,28550,29400,28550
2020-07-10,5.92,28950,-0.25(-0.86 %),570620,16578000000,0,0,29000,29500,28900
2020-07-13,5.93,29000,0.05(0.17 %),70470,2039000000,34000,1020000000,29200,29200,28800
2020-07-14,5.93,29000,0(0.00 %),75220,2173000000,66000,1980000000,28650,29100,28650
2020-07-15,5.89,28800,-0.2(-0.69 %),98670,2846000000,0,0,28750,29000,28750
2020-07-16,5.89,28800,0(0.00 %),28490,824000000,27470,736196000,29100,29200,28800
2020-07-17,5.99,29300,0.5(1.74 %),192260,5587000000,0,0,28800,29400,28800
2020-07-20,6.08,29750,0.45(1.54 %),256240,7636000000,0,0,29750,30200,29350
2020-07-21,6.14,30050,0.3(1.01 %),336070,10146000000,0,0,30000,30350,30000
2020-07-22,6.13,30000,-0.05(-0.17 %),170180,5118000000,0,0,30300,30300,29900
2020-07-23,6.05,29600,-0.4(-1.33 %),77090,2284000000,0,0,29800,30000,29500
2020-07-24,5.89,28800,-0.8(-2.70 %),458270,13208000000,0,0,29850,29850,27750
2020-07-27,5.68,27800,-1(-3.47 %),240080,6684000000,0,0,27350,28300,27350
2020-07-28,5.94,29050,1.25(4.50 %),185200,5321000000,0,0,27800,29200,27800
2020-07-29,6.0,29350,0.3(1.03 %),204470,5916000000,0,0,29000,29350,28650
2020-07-30,6.32,30900,1.55(5.28 %),448280,13662000000,0,0,29200,31000,29200
2020-07-31,6.4,31300,0.4(1.29 %),279960,8691000000,0,0,30900,31450,30400
2020-08-03,6.33,30950,-0.35(-1.12 %),415030,12732000000,0,0,31000,31300,30500
2020-08-04,6.57,32150,1.2(3.88 %),532560,16984000000,0,0,31200,32600,31000
2020-08-05,6.54,32000,-0.15(-0.47 %),418010,13490000000,0,0,32350,32500,31800
2020-08-06,6.64,32500,0.5(1.56 %),362380,11566000000,0,0,32000,32550,31450
2020-08-07,6.5,31800,-0.7(-2.15 %),235170,7542000000,0,0,32500,32700,31800
2020-08-10,6.48,31700,-0.1(-0.31 %),222440,7037000000,0,0,31800,32000,31450
2020-08-11,6.3,30800,-0.9(-2.84 %),449430,13970000000,0,0,31700,31900,30700
2020-08-12,6.38,31200,0.4(1.30 %),90810,2812000000,0,0,30700,31200,30700
2020-08-13,6.38,31200,0(0.00 %),80310,2508000000,0,0,31300,31500,31100
2020-08-14,6.26,30650,-0.55(-1.76 %),170370,5278000000,0,0,31000,31300,30650
2020-08-17,6.62,32400,1.75(5.71 %),256400,8107000000,0,0,32400,32400,30500
2020-08-18,6.6,32300,-0.1(-0.31 %),366860,12057000000,0,0,32500,33400,32300
2020-08-19,6.54,32000,-0.3(-0.93 %),150160,4846000000,0,0,32250,32600,32000
2020-08-20,6.54,32000,0(0.00 %),184860,5918000000,0,0,32100,32500,31750
2020-08-21,6.71,32850,0.85(2.66 %),431510,14066000000,0,0,32050,32850,32050
2020-08-24,6.78,33150,0.3(0.91 %),464180,15388000000,0,0,33000,33350,32900
2020-08-25,6.9,33750,0.6(1.81 %),522980,17592000000,0,0,33400,33850,33400
2020-08-26,6.99,34200,0.45(1.33 %),315000,10690000000,0,0,33500,34250,33350
2020-08-27,7.13,34900,0.7(2.05 %),1166100,40320000000,2668317,93391095000,34300,34950,34000
2020-08-28,7.07,34600,-0.3(-0.86 %),1534750,53892000000,0,0,35150,35450,34600
2020-08-31,6.95,34000,-0.6(-1.73 %),495610,16992000000,0,0,34600,34850,33900
2020-09-01,7.15,35000,1(2.94 %),467110,16118000000,0,0,34000,35150,33750
2020-09-03,7.15,33800,-1.2(-3.43 %),551660,18736000000,0,0,34800,34800,33750
2020-09-04,7.15,33800,0(0.00 %),307690,10386000000,0,0,33200,34050,33000
2020-09-07,7.11,33600,-0.2(-0.59 %),232450,7844000000,0,0,33800,34000,33500
2020-09-08,7.11,33600,0(0.00 %),144450,4862000000,0,0,33350,33900,33350
2020-09-09,7.28,34400,0.8(2.38 %),505900,17217000000,0,0,33500,34650,33300
2020-09-10,7.34,34700,0.3(0.87 %),175370,6081000000,0,0,34200,34900,34200
2020-09-11,7.45,35200,0.5(1.44 %),176110,6172000000,0,0,34700,35300,34700
2020-09-14,7.36,34750,-0.45(-1.28 %),209160,7322000000,0,0,35000,35500,34750
2020-09-15,7.3,34500,-0.25(-0.72 %),256320,8910000000,0,0,34700,35100,34500
2020-09-16,7.38,34850,0.35(1.01 %),98740,3432000000,450000,15750000000,34450,34900,34450
2020-09-17,7.28,34400,-0.45(-1.29 %),308240,10665000000,0,0,34850,35000,34350
2020-09-18,7.37,34800,0.4(1.16 %),153710,5329000000,0,0,34600,34900,34350
2020-09-21,7.34,34700,-0.1(-0.29 %),92000,3198000000,200000,7000000000,34800,35000,34650
2020-09-22,7.26,34300,-0.4(-1.15 %),507860,17474000000,0,0,34700,34700,33900
2020-09-23,7.39,34900,0.6(1.75 %),255210,8814000000,70000,2415000000,34700,34900,34000
2020-09-24,7.37,34800,-0.1(-0.29 %),53730,1867000000,0,0,35000,35000,34550
2020-09-25,7.34,34700,-0.1(-0.29 %),130400,4524000000,0,0,34550,34900,34500
2020-09-28,7.41,35000,0.3(0.86 %),214040,7472000000,0,0,34800,35000,34600
2020-09-29,7.38,34850,-0.15(-0.43 %),345010,12059000000,0,0,35000,35050,34850
2020-09-30,7.7,36400,1.55(4.45 %),522640,18626000000,0,0,34850,36400,34650
2020-10-01,7.88,37250,0.85(2.34 %),182700,6797000000,0,0,37250,37350,37000
2020-10-02,7.87,37200,-0.05(-0.13 %),316270,11722000000,0,0,37200,37250,36700
2020-10-05,8.0,37800,0.6(1.61 %),489560,18588000000,0,0,37200,38800,37000
2020-10-06,8.31,39250,1.45(3.84 %),450340,17580000000,0,0,37800,39900,37800
2020-10-07,8.61,40700,1.45(3.69 %),425980,17237000000,117710,4708400000,39250,41000,39200
2020-10-08,8.85,41800,1.1(2.70 %),527140,21696000000,0,0,40700,41800,40600
2020-10-09,8.6,40650,-1.15(-2.75 %),329660,13692000000,0,0,42000,42200,40650
2020-10-12,8.47,40000,-0.65(-1.60 %),383440,15483000000,0,0,40650,41450,40000
2020-10-13,8.47,40000,0(0.00 %),301580,12095000000,0,0,40000,40500,39850
2020-10-14,8.55,40400,0.4(1.00 %),297510,11950000000,0,0,40000,41000,40000
2020-10-15,8.53,40300,-0.1(-0.25 %),122690,4941000000,0,0,41300,41300,40100
2020-10-16,8.53,40300,0(0.00 %),151090,6100000000,200000,8200000000,40700,40700,40100
2020-10-19,8.52,40250,-0.05(-0.12 %),86640,3486000000,0,0,40300,40300,40150
2020-10-20,8.77,41450,1.2(2.98 %),179670,7377000000,450000,16875000000,40400,41650,40250
2020-10-21,8.66,40900,-0.55(-1.33 %),123320,5063000000,200000,7766560500,41650,41650,40900
2020-10-22,8.61,40700,-0.2(-0.49 %),59820,2451000000,80000,3440000000,41150,41200,40600
2020-10-23,9.0,42500,1.8(4.42 %),274470,11467000000,0,0,40700,42600,40600
2020-10-26,9.1,43000,0.5(1.18 %),276840,11955000000,1492000,65798000000,42500,43800,42000
2020-10-27,9.06,41300,-1.7(-3.95 %),178810,7456000000,0,0,43000,43000,41100
2020-10-28,9.08,41400,0.1(0.24 %),254950,10622000000,100000,4250000000,41300,42500,41000
2020-10-29,8.99,41000,-0.4(-0.97 %),72690,2980000000,0,0,41000,41150,40800
2020-10-30,8.99,41000,0(0.00 %),90450,3710000000,226910,9530220000,41300,41300,40850
2020-11-02,9.1,41500,0.5(1.22 %),93140,3849000000,0,0,41400,41500,41100
2020-11-03,9.22,42050,0.55(1.33 %),148620,6249000000,0,0,41500,42250,41500
2020-11-04,9.54,43500,1.45(3.45 %),175470,7559000000,0,0,42500,43700,42000
2020-11-05,9.52,43400,-0.1(-0.23 %),132440,5763000000,0,0,43700,43800,43050
2020-11-06,9.79,44650,1.25(2.88 %),431800,19278000000,0,0,43800,45300,43400
2020-11-09,10.04,45800,1.15(2.58 %),148650,6786000000,0,0,45000,45900,45000
2020-11-10,10.09,46000,0.2(0.44 %),142210,6557000000,0,0,46000,46350,46000
2020-11-11,10.09,46000,0(0.00 %),88620,4078000000,0,0,46000,46250,45900
2020-11-12,10.08,45950,-0.05(-0.11 %),80350,3695000000,0,0,46000,46200,45850
2020-11-13,10.09,46000,0.05(0.11 %),166710,7674000000,0,0,45950,46150,45950
2020-11-16,10.33,47100,1.1(2.39 %),271470,12651000000,0,0,46050,47100,46000
2020-11-17,10.64,48500,1.4(2.97 %),159180,7706000000,0,0,50000,50000,47200
2020-11-18,10.59,48300,-0.2(-0.41 %),115750,5609000000,0,0,48700,48700,48300
2020-11-19,10.42,47500,-0.8(-1.66 %),112470,5369000000,0,0,48500,48500,46600
2020-11-20,10.44,47600,0.1(0.21 %),151650,7142000000,0,0,47200,47600,46700
2020-11-23,10.32,47050,-0.55(-1.16 %),119690,5631000000,0,0,47600,47600,46800
2020-11-24,10.57,48200,1.15(2.44 %),247810,11914000000,2420000,113861000000,47050,48300,47050
2020-11-25,10.64,48500,0.3(0.62 %),123850,6000000000,0,0,48500,48700,48350
2020-11-26,10.48,47800,-0.7(-1.44 %),141420,6786000000,0,0,48500,48500,47750
2020-11-27,10.55,48100,0.3(0.63 %),176520,8466000000,0,0,47800,48250,47800
2020-11-30,10.54,48050,-0.05(-0.10 %),196480,9449000000,376754,18460946000,48500,48500,48000
2020-12-01,11.27,51400,3.35(6.97 %),565400,28250000000,0,0,47900,51400,47850
2020-12-02,11.67,53200,1.8(3.50 %),200770,10659000000,549903,27495150000,51400,54200,51400
2020-12-03,11.62,53000,-0.2(-0.38 %),125520,6680000000,0,0,54000,54000,52000
2020-12-04,11.4,52000,-1(-1.89 %),190990,9927000000,0,0,52100,52800,51700
2020-12-07,11.62,53000,1(1.92 %),151220,8036000000,0,0,53000,54000,51600
2020-12-08,11.56,52700,-0.3(-0.57 %),88120,4677000000,0,0,53000,53500,52700
2020-12-09,11.54,52600,-0.1(-0.19 %),126910,6654000000,0,0,52500,53500,52000
2020-12-10,11.45,52200,-0.4(-0.76 %),184520,9700000000,1110140,61057700000,52800,53200,51800
2020-12-11,11.62,53000,0.8(1.53 %),143200,7573000000,0,0,52700,53500,51900
2020-12-14,11.67,53200,0.2(0.38 %),167970,9021000000,0,0,53000,54500,53000
2020-12-15,11.67,53200,0(0.00 %),132410,7061000000,0,0,53200,53900,53000
2020-12-16,11.93,54400,1.2(2.26 %),204220,10992000000,150000,8250000000,53500,54500,53300
2020-12-17,11.95,54500,0.1(0.18 %),254200,13862000000,0,0,54000,54700,54000
2020-12-18,11.97,54600,0.1(0.18 %),195110,10604000000,0,0,54600,54700,53800
2020-12-21,11.91,54300,-0.3(-0.55 %),166420,9028000000,0,0,54600,54600,53900
2020-12-22,12.06,55000,0.7(1.29 %),144020,7862000000,0,0,54300,55200,54000
2020-12-23,11.93,54400,-0.6(-1.09 %),57740,3180000000,0,0,54300,55800,54300
2020-12-24,11.78,53700,-0.7(-1.29 %),106800,5711000000,1400000,81200000000,54500,54600,53000
2020-12-25,12.04,54900,1.2(2.23 %),36300,1970000000,0,0,53600,54900,53600
2020-12-28,11.93,54400,-0.5(-0.91 %),62570,3407000000,600000,34800000000,54900,55000,54000
2020-12-29,11.76,53600,-0.8(-1.47 %),435550,23555000000,0,0,54100,55100,53400
2020-12-30,11.82,53900,0.3(0.56 %),596550,32370000000,150000,8250000000,53600,55300,53600
2020-12-31,12.08,55100,1.2(2.23 %),211830,11599000000,0,0,53900,55500,53800
2021-01-04,12.37,56400,1.3(2.36 %),237400,13251000000,0,0,55200,56400,54500
2021-01-05,12.37,56400,0(0.00 %),64000,3580000000,0,0,56500,56500,54500
2021-01-06,12.5,57000,0.6(1.06 %),352200,19995000000,0,0,56000,57000,55300
2021-01-07,12.41,56600,-0.4(-0.70 %),98500,5613000000,0,0,57000,57400,56500
2021-01-08,12.76,58200,1.6(2.83 %),250200,14518000000,251900,14458300000,56600,59200,56600
2021-01-11,13.29,60600,2.4(4.12 %),148100,8802000000,0,0,58300,60700,58000
2021-01-12,14.21,64800,4.2(6.93 %),180800,11349000000,150000,9225000000,61500,64800,61000
2021-01-13,14.58,66500,1.7(2.62 %),130900,8796000000,969480,67184964000,68000,68000,66500
2021-01-14,14.45,65900,-0.6(-0.90 %),69300,4596000000,0,0,67800,67800,65500
2021-01-15,14.04,64000,-1.9(-2.88 %),125000,8026000000,0,0,65900,65900,63400
2021-01-18,13.6,62000,-2(-3.12 %),139600,8671000000,0,0,63500,64000,61300
2021-01-19,12.68,57800,-4.2(-6.77 %),262900,15379000000,0,0,61800,61800,57700
2021-01-20,12.61,57500,-0.3(-0.52 %),97200,5482000000,0,0,57800,57800,55200
2021-01-21,13.25,60400,2.9(5.04 %),71500,4228000000,0,0,57700,60500,57700
2021-01-22,13.14,59900,-0.5(-0.83 %),73400,4424000000,0,0,60400,61500,59100
2021-01-25,12.98,59200,-0.7(-1.17 %),41700,2491000000,0,0,59900,60400,59200
2021-01-26,12.72,58000,-1.2(-2.03 %),127200,7472000000,0,0,58700,59700,58000
2021-01-27,12.57,57300,-0.7(-1.21 %),94000,5430000000,0,0,57800,58300,57300
2021-01-28,11.95,54500,-2.8(-4.89 %),346800,18991000000,0,0,56500,56700,53300
2021-01-29,12.79,58300,3.8(6.97 %),90200,5108000000,0,0,52500,58300,52500
2021-02-01,13.27,60500,2.2(3.77 %),99400,6034000000,0,0,58300,61500,58300
2021-02-02,13.07,59600,-0.9(-1.49 %),113900,6750000000,0,0,60500,60500,58700
2021-02-03,13.05,59500,-0.1(-0.17 %),81400,4853000000,0,0,60000,60000,59100
2021-02-04,13.05,59500,0(0.00 %),67700,4028000000,0,0,59500,59500,59400
2021-02-05,13.16,60000,0.5(0.84 %),31100,1859000000,0,0,59600,61000,59500
2021-02-08,13.14,59900,-0.1(-0.17 %),64200,3838000000,0,0,60000,60000,59500
2021-02-09,13.25,60400,0.5(0.83 %),39400,2375000000,0,0,60400,60500,59500
2021-02-17,13.6,62000,1.6(2.65 %),57200,3518000000,0,0,61000,62400,60400
2021-02-18,13.58,61900,-0.1(-0.16 %),42500,2618000000,0,0,62000,62000,61000
2021-02-19,13.38,61000,-0.9(-1.45 %),62700,3831000000,0,0,61000,61900,60000
2021-02-22,13.33,60800,-0.2(-0.33 %),35400,2153000000,0,0,61000,61000,60600
2021-02-23,13.27,60500,-0.3(-0.49 %),16400,991000000,0,0,61000,61000,60100
2021-02-24,13.25,60400,-0.1(-0.17 %),49000,2948000000,0,0,60800,60800,60000
2021-02-25,13.22,60300,-0.1(-0.17 %),77500,4648000000,0,0,60000,60900,59700
2021-02-26,13.36,60900,0.6(1.00 %),60300,3650000000,0,0,60300,61200,59800
2021-03-01,13.79,62900,2(3.28 %),87600,5473000000,0,0,61000,63200,60900
2021-03-02,13.6,62000,-0.9(-1.43 %),40400,2527000000,0,0,63200,63300,61400
2021-03-03,13.47,61400,-0.6(-0.97 %),24600,1519000000,0,0,62000,62500,61400
2021-03-04,13.38,61000,-0.4(-0.65 %),28800,1757000000,0,0,62000,63000,60000
2021-03-05,13.16,60000,-1(-1.64 %),27400,1636000000,0,0,61000,61000,59100
2021-03-08,13.22,60300,0.3(0.50 %),29900,1791000000,0,0,59100,60400,59100
2021-03-09,13.14,59900,-0.4(-0.66 %),10800,646000000,0,0,60000,60000,59300
2021-03-10,13.25,60400,0.5(0.83 %),71500,4191000000,0,0,60000,60400,56000
2021-03-11,12.96,59100,-1.3(-2.15 %),11900,707000000,0,0,60400,60400,59000
2021-03-12,12.94,59000,-0.1(-0.17 %),9000,529000000,0,0,58500,59500,58500
2021-03-15,12.87,58700,-0.3(-0.51 %),44100,2584000000,0,0,58800,59100,57800
2021-03-16,12.94,59000,0.3(0.51 %),46300,2702000000,0,0,58800,59000,58000
2021-03-17,12.9,58800,-0.2(-0.34 %),13200,773000000,0,0,59000,59000,57800
2021-03-18,12.92,58900,0.1(0.17 %),38800,2278000000,0,0,58800,59000,58400
2021-03-19,12.72,58000,-0.9(-1.53 %),30500,1780000000,0,0,58900,58900,58000
2021-03-22,12.72,58000,0(0.00 %),38500,2238000000,0,0,58200,58500,57900
2021-03-23,12.65,57700,-0.3(-0.52 %),70400,4067000000,0,0,58000,58300,57400
2021-03-24,12.43,56700,-1(-1.73 %),59200,3362000000,0,0,57000,57000,56500
2021-03-25,12.43,56700,0(0.00 %),38800,2194000000,0,0,56700,56700,56400
2021-03-26,12.19,55600,-1.1(-1.94 %),25300,1417000000,0,0,56500,56500,55500
2021-03-29,12.26,55900,0.3(0.54 %),49100,2741000000,0,0,55700,56200,55600
2021-03-30,11.91,54300,-1.6(-2.86 %),31600,1740000000,125000,7125000000,56000,56000,54300
2021-03-31,11.86,54100,-0.2(-0.37 %),34000,1844000000,0,0,54900,54900,53500
2021-04-01,12.19,55600,1.5(2.77 %),43700,2398000000,0,0,55600,55600,54200
2021-04-02,12.02,54800,-0.8(-1.44 %),50300,2776000000,0,0,55600,55900,54600
2021-04-05,11.49,52400,-2.4(-4.38 %),93100,4981000000,0,0,54300,54800,52300
2021-04-06,11.62,53000,0.6(1.15 %),96600,5125000000,0,0,52400,54500,52400
2021-04-07,11.29,51500,-1.5(-2.83 %),144500,7528000000,0,0,53000,53000,51100
2021-04-08,11.23,51200,-0.3(-0.58 %),76400,3916000000,0,0,51500,52000,50800
2021-04-09,10.77,49100,-2.1(-4.10 %),95600,4743000000,0,0,51200,51200,48900
2021-04-12,10.44,47600,-1.5(-3.05 %),253100,12156000000,0,0,48700,48700,47400
2021-04-13,10.83,49400,1.8(3.78 %),142000,6911000000,0,0,47000,50000,47000
2021-04-14,11.58,52800,3.4(6.88 %),348600,18032000000,0,0,49500,52800,49400
2021-04-15,11.45,52200,-0.6(-1.14 %),98500,5189000000,0,0,53200,53200,51800
2021-04-16,11.05,50400,-1.8(-3.45 %),48800,2471000000,0,0,50200,51800,50000
2021-04-19,10.97,50000,-0.4(-0.79 %),161200,7905000000,0,0,50400,50500,46900
2021-04-20,10.95,49950,-0.05(-0.10 %),36000,1766000000,1823230,89338270000,48100,50000,48100
2021-04-22,10.64,48500,-1.45(-2.90 %),65200,3172000000,2494814,124740700000,49000,49900,48300
2021-04-23,10.86,49500,1(2.06 %),59100,2885000000,0,0,48500,49600,48400
2021-04-26,10.68,48700,-0.8(-1.62 %),68500,3386000000,0,0,50000,50000,48600
2021-04-27,10.94,49900,1.2(2.46 %),81400,3985000000,0,0,48700,49900,47300
2021-04-28,11.08,50000,0.1(0.20 %),34300,1718000000,0,0,50000,50200,49600
2021-04-29,10.97,49500,-0.5(-1.00 %),13900,687000000,0,0,49600,50000,49100
2021-05-04,10.63,48000,-1.5(-3.03 %),55900,2682000000,0,0,48050,49000,47000
2021-05-05,10.7,48300,0.3(0.62 %),51200,2461000000,0,0,47650,48750,47650
2021-05-06,10.64,48050,-0.25(-0.52 %),15400,747000000,0,0,48900,48900,48050
2021-05-07,10.57,47700,-0.35(-0.73 %),20100,964000000,0,0,48050,48700,47700
2021-05-10,10.43,47100,-0.6(-1.26 %),48300,2263000000,0,0,47700,47700,46200
2021-05-11,10.63,48000,0.9(1.91 %),25900,1240000000,0,0,47000,49000,47000
2021-05-12,10.54,47600,-0.4(-0.83 %),13000,620000000,0,0,47100,48100,47100
2021-05-13,10.56,47650,0.05(0.11 %),41700,1983000000,0,0,47700,48000,47200
2021-05-14,10.97,49500,1.85(3.88 %),75500,3705000000,0,0,48000,50100,48000
2021-05-17,11.3,51000,1.5(3.03 %),243200,12278000000,0,0,49500,51900,49300
2021-05-18,11.25,50800,-0.2(-0.39 %),55000,2786000000,0,0,51400,51400,50100
2021-05-19,11.39,51400,0.6(1.18 %),56800,2885000000,2000000,100000000000,50800,51400,50000
2021-05-20,11.3,51000,-0.4(-0.78 %),74800,3809000000,0,0,51400,51400,50600
2021-05-21,11.61,52400,1.4(2.75 %),129800,6754000000,0,0,51400,52700,50800
2021-05-24,11.45,51700,-0.7(-1.34 %),55200,2888000000,0,0,53200,53300,51500
2021-05-25,11.65,52600,0.9(1.74 %),81800,4269000000,0,0,51000,52600,51000
2021-05-26,11.41,51500,-1.1(-2.09 %),107100,5532000000,0,0,51500,52500,51000
2021-05-27,11.43,51600,0.1(0.19 %),71100,3702000000,0,0,51600,52500,51600
2021-05-28,11.23,50700,-0.9(-1.74 %),30700,1563000000,0,0,52500,52500,50700
2021-05-31,11.45,51700,1(1.97 %),83200,4158000000,0,0,50100,51700,49400
2021-06-01,11.32,51100,-0.6(-1.16 %),43200,2231000000,0,0,51700,52300,50000
2021-06-02,11.48,51800,0.7(1.37 %),89800,4570000000,40000,2040000000,50100,51800,50000
2021-06-03,11.74,53000,1.2(2.32 %),143700,7487000000,0,0,51400,53000,51000
2021-06-04,11.83,53400,0.4(0.75 %),76000,4030000000,7000000,392000000000,53000,54000,52100
2021-06-07,11.85,53500,0.1(0.19 %),113900,6115000000,0,0,54000,54500,49700
2021-06-08,11.85,53500,0(0.00 %),72900,3933000000,0,0,54000,54300,53500
2021-06-09,11.87,53600,0.1(0.19 %),32400,1735000000,0,0,53500,54000,52600
2021-06-10,11.9,53700,0.1(0.19 %),103700,5588000000,0,0,53900,54100,53500
2021-06-11,12.58,56800,3.1(5.77 %),158700,8851000000,0,0,54100,57000,54100
2021-06-14,13.18,59500,2.7(4.75 %),102000,6129000000,0,0,60700,60700,57900
2021-06-15,13.07,59000,-0.5(-0.84 %),68500,4044000000,0,0,57600,59500,57600
2021-06-16,12.85,58000,-1(-1.69 %),77400,4555000000,0,0,58700,61500,57500
2021-06-17,12.85,58000,0(0.00 %),95400,5487000000,0,0,57500,59000,56500
2021-06-18,13.07,59000,1(1.72 %),93100,5451000000,0,0,59000,59000,57900
2021-06-21,13.09,59100,0.1(0.17 %),64500,3829000000,0,0,58000,60000,58000
2021-06-22,13.0,58700,-0.4(-0.68 %),44800,2651000000,0,0,59000,59700,58700
2021-06-23,13.09,59100,0.4(0.68 %),55200,3230000000,0,0,58700,59500,57900
2021-06-24,13.29,60000,0.9(1.52 %),160800,9575000000,0,0,58400,60200,58300
2021-06-25,13.18,59500,-0.5(-0.83 %),69000,4136000000,270000,15120000000,60800,60800,59500
2021-06-28,13.42,60600,1.1(1.85 %),90000,5437000000,0,0,59600,60700,59500
2021-06-29,13.45,60700,0.1(0.17 %),86800,5248000000,0,0,60800,61000,59300
2021-06-30,13.29,60000,-0.7(-1.15 %),37300,2263000000,0,0,61000,61000,60000
2021-07-01,13.2,59600,-0.4(-0.67 %),27200,1619000000,0,0,60000,60200,59100
2021-07-02,13.29,60000,0.4(0.67 %),152800,9217000000,0,0,59900,61500,58600
2021-07-05,13.07,59000,-1(-1.67 %),93100,5517000000,0,0,59000,60100,59000
2021-07-06,13.09,59100,0.1(0.17 %),87400,5255000000,0,0,59100,61400,59100
2021-07-07,13.11,59200,0.1(0.17 %),56200,3309000000,0,0,58700,59300,58600
2021-07-08,13.09,59100,-0.1(-0.17 %),180000,10903000000,0,0,59400,61200,59100
2021-07-09,13.14,59300,0.2(0.34 %),24400,1452000000,0,0,59500,60300,59300
2021-07-12,12.87,58100,-1.2(-2.02 %),75900,4375000000,0,0,59300,59300,55200
2021-07-13,13.42,60600,2.5(4.30 %),120200,7189000000,0,0,57500,60600,57500
2021-07-14,13.25,59800,-0.8(-1.32 %),59500,3590000000,2170314,127729782000,60500,60600,59000
2021-07-15,13.34,60200,0.4(0.67 %),36700,2205000000,0,0,60000,60400,59900
2021-07-16,14.27,64400,4.2(6.98 %),184600,11653000000,0,0,60600,64400,60100
2021-07-19,14.4,65000,0.6(0.93 %),112200,7372000000,44000,2816000000,67900,67900,64400
2021-07-20,14.16,63900,-1.1(-1.69 %),19000,1219000000,0,0,63900,65000,63800
2021-07-21,14.18,64000,0.1(0.16 %),43500,2758000000,0,0,63900,64000,63000
2021-07-22,14.51,65500,1.5(2.34 %),92700,6050000000,0,0,64000,66500,64000
2021-07-23,14.22,64200,-1.3(-1.98 %),29900,1924000000,0,0,65600,65600,63800
2021-07-26,14.4,65000,0.8(1.25 %),84000,5444000000,0,0,63000,65900,63000
2021-07-27,14.27,64400,-0.6(-0.92 %),49300,3189000000,0,0,65500,65500,64200
2021-07-28,14.29,64500,0.1(0.16 %),21200,1369000000,0,0,64000,65000,64000
2021-07-29,14.35,64800,0.3(0.47 %),35700,2295000000,0,0,64800,64800,64000
2021-07-30,14.93,67400,2.6(4.01 %),146400,9806000000,0,0,65300,67500,65300
2021-08-02,15.13,68300,0.9(1.34 %),105700,7183000000,0,0,67400,68500,67000
2021-08-03,15.29,69000,0.7(1.02 %),93500,6428000000,0,0,68400,69500,67000
2021-08-04,15.06,68000,-1(-1.45 %),66200,4495000000,0,0,68900,68900,67500
2021-08-05,14.89,67200,-0.8(-1.18 %),99100,6672000000,0,0,67500,67500,67000
2021-08-06,14.69,66300,-0.9(-1.34 %),120100,7945000000,0,0,66800,67500,65100
2021-08-09,15.06,68000,1.7(2.56 %),111300,7470000000,0,0,66300,68000,65200
2021-08-10,15.29,69000,1(1.47 %),144800,9990000000,0,0,68500,69500,68000
2021-08-11,15.99,72200,3.2(4.64 %),310900,22295000000,0,0,69500,73000,69500
2021-08-12,16.04,72400,0.2(0.28 %),258900,18498000000,0,0,72200,73000,67200
2021-08-13,15.84,71500,-0.9(-1.24 %),100300,7035000000,0,0,71000,71900,69600
2021-08-16,15.95,72000,0.5(0.70 %),189200,13454000000,0,0,71500,72500,69800
2021-08-17,15.51,70000,-2(-2.78 %),119200,8472000000,200000,14000000000,71900,72200,70000
2021-08-18,14.44,65200,-4.8(-6.86 %),362400,24080000000,0,0,69000,70000,65100
2021-08-19,14.4,65000,-0.2(-0.31 %),172000,11002000000,0,0,62100,67000,62100
2021-08-20,14.51,65500,0.5(0.77 %),74900,4906000000,0,0,65000,66600,65000
2021-08-23,14.31,64600,-0.9(-1.37 %),79400,5147000000,0,0,65000,65500,64500
2021-08-24,13.93,62900,-1.7(-2.63 %),116400,7383000000,0,0,63600,64400,61600
2021-08-25,14.38,64900,2(3.18 %),32000,2026000000,0,0,62900,65400,62000
2021-08-26,14.66,66200,1.3(2.00 %),70400,4714000000,0,0,65000,69000,65000
2021-08-27,14.73,66500,0.3(0.45 %),39900,2630000000,0,0,66200,67100,65400
2021-08-30,14.95,67500,1(1.50 %),54000,3645000000,0,0,66500,68100,66500
2021-08-31,14.84,67000,-0.5(-0.74 %),89400,6010000000,0,0,67100,68000,67000
2021-09-01,14.82,66900,-0.1(-0.15 %),81900,5480000000,0,0,66500,68000,66000
2021-09-06,14.95,67500,0.6(0.90 %),67500,4556000000,0,0,67300,68100,67100
2021-09-07,14.53,65600,-1.9(-2.81 %),85100,5638000000,140000,9380000000,67600,67600,65600
2021-09-08,14.27,64400,-1.2(-1.83 %),75400,4776000000,0,0,65700,65700,61100
2021-09-09,14.13,63800,-0.6(-0.93 %),36000,2295000000,0,0,64000,65000,63000
2021-09-10,15.11,68200,4.4(6.90 %),248000,16848000000,0,0,63800,68200,63800
2021-09-13,15.95,72000,3.8(5.57 %),360900,25848000000,0,0,72500,72500,70100
2021-09-14,15.17,68500,-3.5(-4.86 %),116000,8077000000,0,0,72000,72000,68000
2021-09-15,15.06,68000,-0.5(-0.73 %),92800,6260000000,250000,15950000000,68500,68500,66900
2021-09-16,15.06,68000,0(0.00 %),140500,9349000000,0,0,68100,68100,65900
2021-09-17,15.06,68000,0(0.00 %),243600,16256000000,875000,58912500000,67900,68000,66500
2021-09-20,14.84,67000,-1(-1.47 %),132100,8795000000,0,0,68000,68000,66000
2021-09-21,14.51,65500,-1.5(-2.24 %),174300,11270000000,460000,30360000000,66700,66700,63900
2021-09-22,14.58,65800,0.3(0.46 %),149200,9590000000,365000,25550000000,64600,66000,63500
2021-09-23,14.09,63600,-2.2(-3.34 %),314900,20255000000,1385000,89950000000,65000,65900,63500
2021-09-24,14.13,63800,0.2(0.31 %),98900,6289000000,0,0,64500,64500,62800
2021-09-27,13.65,61600,-2.2(-3.45 %),162400,10160000000,1000000,65000000000,63600,64000,61600
2021-09-28,13.45,60700,-0.9(-1.46 %),157600,9520000000,0,0,61000,61300,60000
2021-09-29,13.03,58800,-1.9(-3.13 %),197700,11675000000,0,0,60700,60800,58400
2021-09-30,13.51,61000,2.2(3.74 %),128700,7804000000,0,0,59200,61500,59100
2021-10-01,13.25,59800,-1.2(-1.97 %),112800,6817000000,74612,4237961600,62300,62300,59000
2021-10-04,13.18,59500,-0.3(-0.50 %),205500,12104000000,0,0,59600,59700,58400
2021-10-05,13.16,59400,-0.1(-0.17 %),75400,4438000000,0,0,58300,59800,58300
2021-10-06,13.16,59400,0(0.00 %),145200,8582000000,0,0,59200,59400,58700
2021-10-07,13.56,61200,1.8(3.03 %),201400,12248000000,0,0,59700,61900,59700
2021-10-08,13.85,62500,1.3(2.12 %),250500,15492000000,0,0,61500,62500,61500
2021-10-11,13.71,61900,-0.6(-0.96 %),261900,16370000000,0,0,63000,63400,61900
2021-10-12,13.51,61000,-0.9(-1.45 %),475200,29030000000,135500,8970100000,61900,62000,60700
2021-10-13,13.51,61000,0(0.00 %),356400,21723000000,0,0,61900,62000,60400
2021-10-14,13.4,60500,-0.5(-0.82 %),1507800,90648000000,0,0,61500,61500,60000
2021-10-15,13.42,60600,0.1(0.17 %),874300,52906000000,120000,6756000000,60600,61400,60000
2021-10-18,14.35,64800,4.2(6.93 %),1369700,88129000000,140000,7896000000,62900,64800,62500
2021-10-19,14.18,64000,-0.8(-1.23 %),622000,39970000000,0,0,64500,64900,64000
2021-10-20,15.12,67700,4.2(6.61 %),1247500,83065000000,290000,17139000000,64000,67900,64000
2021-10-21,15.25,68300,0.6(0.89 %),558100,38415000000,393000,28453200000,69900,70000,67900
2021-10-22,15.38,68900,0.6(0.88 %),481700,33045000000,0,0,68300,69100,68100
2021-10-25,15.07,67500,-1.4(-2.03 %),610800,41404000000,0,0,68300,68500,67300
2021-10-26,15.85,71000,3.5(5.19 %),1122300,78241000000,0,0,67000,71400,66100
2021-10-27,15.87,71100,0.1(0.14 %),762400,54383000000,0,0,71200,72500,70200
2021-10-28,15.87,71100,0(0.00 %),450000,31852000000,0,0,70800,71300,70200
2021-10-29,15.74,70500,-0.6(-0.84 %),665100,46906000000,0,0,71000,71000,70200
2021-11-01,15.96,71500,1(1.42 %),1001000,71486000000,200000,13120000000,70600,72000,70600
2021-11-02,15.96,71500,0(0.00 %),642200,45873000000,0,0,71900,71900,71100
2021-11-03,16.08,72000,0.5(0.70 %),708600,51064000000,0,0,72000,73200,71100
2021-11-04,15.85,71000,-1(-1.39 %),575400,41002000000,0,0,71800,71900,70500
2021-11-05,16.19,72500,1.5(2.11 %),1121500,80790000000,0,0,71000,73500,70900
2021-11-08,17.3,67400,2.85(6.91 %),238500,10517000000,400000,15360000000,67400,67400,67400
2021-11-09,18.17,46300,2.2(4.99 %),1438200,66120000000,0,0,46750,46750,44500
2021-11-10,17.76,45250,-1.05(-2.27 %),867600,39331000000,0,0,45800,45800,45050
2021-11-11,18.05,46000,0.75(1.66 %),596200,27058000000,0,0,45100,46500,44600
2021-11-12,17.58,44800,-1.2(-2.61 %),810600,36454000000,0,0,45700,45800,44400
2021-11-15,17.42,44400,-0.4(-0.89 %),643200,28413000000,0,0,44150,44500,44000
2021-11-16,17.26,44000,-0.4(-0.90 %),879800,38852000000,42000,1869000000,44000,46450,42600
2021-11-17,17.19,43800,-0.2(-0.45 %),698200,30519000000,600000,26400000000,43600,44000,43200
2021-11-18,17.7,45100,1.3(2.97 %),1091100,48230000000,0,0,43900,45300,43300
2021-11-19,17.26,44000,-1.1(-2.44 %),833100,36941000000,42000,1860600000,45000,45050,43800
2021-11-22,17.5,44600,0.6(1.36 %),649600,28300000000,0,0,43900,44600,42600
2021-11-23,17.34,44200,-0.4(-0.90 %),439700,19068000000,0,0,44500,44500,42950
2021-11-24,17.46,44500,0.3(0.68 %),602700,26728000000,150000,6172500000,44200,44900,43800
2021-11-25,17.93,45700,1.2(2.70 %),931800,42620000000,250000,10350000000,44600,46200,44600
2021-11-26,17.77,45300,-0.4(-0.88 %),455900,20655000000,0,0,45800,45850,44850
2021-11-29,17.62,44900,-0.4(-0.88 %),561600,25100000000,350000,14865000000,43200,45300,43200
2021-11-30,17.56,44750,-0.15(-0.33 %),952300,42831000000,0,0,44800,45200,44600
2021-12-01,17.58,44800,0.05(0.11 %),425800,18822000000,0,0,44500,44800,43900
2021-12-02,17.62,44900,0.1(0.22 %),846300,38089000000,50000,2215000000,44500,45400,44000
2021-12-03,17.19,43800,-1.1(-2.45 %),440400,19515000000,20000,836000000,45000,45000,43600
2021-12-06,16.7,42550,-1.25(-2.85 %),469500,20459000000,320000,14400000000,43600,44000,42550
2021-12-07,16.99,43300,0.75(1.76 %),225400,9734000000,0,0,42800,43800,42700
2021-12-08,16.97,43250,-0.05(-0.12 %),141400,6112000000,0,0,43800,43800,43000
2021-12-09,16.97,43250,0(0.00 %),96600,4176000000,0,0,43700,43700,43000
2021-12-10,16.87,43000,-0.25(-0.58 %),240700,10373000000,0,0,43600,43600,42850
2021-12-13,17.34,44200,1.2(2.79 %),476500,20857000000,0,0,43250,44800,42800
2021-12-14,17.21,43850,-0.35(-0.79 %),174200,7691000000,0,0,44800,44800,43600
2021-12-15,17.52,44650,0.8(1.82 %),510800,22977000000,0,0,44200,45800,44200
2021-12-16,17.58,44800,0.15(0.34 %),371200,16600000000,0,0,44150,45900,44000
2021-12-17,17.54,44700,-0.1(-0.22 %),189600,8538000000,0,0,45500,45500,44200
2021-12-20,17.54,44700,0(0.00 %),470900,20833000000,0,0,44500,45000,43500
2021-12-21,17.26,44000,-0.7(-1.57 %),135000,5975000000,1250000,59500000000,44700,44700,44000
2021-12-22,16.99,43300,-0.7(-1.59 %),199300,8698000000,0,0,44050,44050,43300
2021-12-23,17.19,43800,0.5(1.15 %),507100,21980000000,0,0,43300,44500,42050
2021-12-24,17.46,44500,0.7(1.60 %),263300,11678000000,0,0,44000,44900,43800
2021-12-27,17.42,44400,-0.1(-0.22 %),129300,5734000000,0,0,45000,45000,43700
2021-12-28,17.42,44400,0(0.00 %),187700,8265000000,399900,18975255000,44300,44400,43750
2021-12-29,17.23,43900,-0.5(-1.13 %),108100,4737000000,859240,38923638000,44400,44400,43600
2021-12-30,17.15,43700,-0.2(-0.46 %),88400,3868000000,0,0,43800,44000,43600
2021-12-31,17.07,43500,-0.2(-0.46 %),141400,6171000000,0,0,43500,43900,43500
2022-01-04,17.07,43500,0(0.00 %),217500,9485000000,0,0,43950,44200,43450
2022-01-05,16.87,43000,-0.5(-1.15 %),288700,12440000000,50000,2210000000,43200,43500,42900
2022-01-06,16.75,42700,-0.3(-0.70 %),172100,7368000000,0,0,43200,43200,42700
2022-01-07,16.99,43300,0.6(1.41 %),539200,22990000000,0,0,42550,43500,41950
2022-01-10,16.75,42700,-0.6(-1.39 %),298200,12818000000,0,0,42900,43600,42300
2022-01-11,16.36,41700,-1(-2.34 %),234800,9882000000,50000,2180000000,42700,42700,41700
2022-01-12,15.85,40400,-1.3(-3.12 %),339400,13746000000,0,0,41500,41500,39550
2022-01-13,15.89,40500,0.1(0.25 %),142900,5838000000,0,0,40500,41500,40500
2022-01-14,15.58,39700,-0.8(-1.98 %),111300,4452000000,50000,2165000000,40400,40500,39700
2022-01-17,15.3,39000,-0.7(-1.76 %),179500,7090000000,0,0,39750,40250,39000
2022-01-18,14.77,37650,-1.35(-3.46 %),223200,8500000000,0,0,38700,39000,37650
2022-01-19,14.83,37800,0.1(0.27 %),88400,3340000000,0,0,37650,38200,37650
2022-01-20,15.44,39350,1.55(4.10 %),80000,3091000000,201800,7363360000,38250,39500,37700
2022-01-21,15.38,39200,-0.6(-1.51 %),46200,1829000000,0,0,39800,39900,39150
2022-01-24,15.19,38700,-0.5(-1.28 %),68800,2682000000,0,0,39200,39500,38200
2022-01-25,15.4,39250,0.55(1.42 %),96800,3756000000,0,0,38350,39300,37700
2022-01-26,15.4,39250,-0.05(-0.13 %),57300,2260000000,220000,8910000000,39400,40500,39000
2022-01-27,15.3,39000,-0.3(-0.76 %),78800,3071000000,0,0,39250,39250,38500
2022-01-28,15.32,39050,0.05(0.13 %),47500,1849000000,0,0,39450,39450,38550
2022-02-07,15.58,39700,0.6(1.53 %),242600,9589000000,0,0,40400,40400,38000
2022-02-08,16.28,41500,1.8(4.53 %),203600,8340000000,0,0,39800,41500,39700
2022-02-09,16.21,41300,-0.2(-0.48 %),76900,3188000000,0,0,41600,41900,40800
2022-02-10,16.17,41200,-0.1(-0.24 %),124500,5083000000,0,0,41250,42000,40100
2022-02-11,15.99,40750,-0.45(-1.09 %),80000,3260000000,0,0,41000,41000,40650
2022-02-14,15.97,40700,-0.1(-0.25 %),152100,6228000000,0,0,40750,41500,40400
2022-02-15,15.97,40700,0(0.00 %),54700,2224000000,0,0,40700,40850,40100
2022-02-16,15.97,40700,0(0.00 %),48900,1993000000,0,0,40600,41100,40550
2022-02-17,16.75,42700,2(4.91 %),705300,29620000000,0,0,40800,43000,40600
2022-02-18,16.87,43000,0.3(0.70 %),575600,24582000000,0,0,42750,43700,41500
2022-02-21,16.87,43000,0(0.00 %),162200,6950000000,335000,15075000000,42550,43500,42000
2022-02-22,16.66,42450,-0.55(-1.28 %),251800,10595000000,0,0,42000,42450,41600
2022-02-23,16.85,42950,0.45(1.06 %),226300,9679000000,0,0,42200,43300,42050
2022-02-24,16.21,41300,-1.7(-3.95 %),301500,12669000000,0,0,42900,42900,41000
2022-02-25,16.62,42350,1.05(2.54 %),198100,8361000000,360930,15880920000,41550,42800,41550
2022-02-28,16.6,42300,-0.1(-0.24 %),147200,6215000000,0,0,42100,42350,42000
2022-03-01,16.46,41950,-0.35(-0.83 %),166300,6972000000,0,0,41900,42300,41700
2022-03-02,16.28,41500,-0.5(-1.19 %),208900,8633000000,50000,2080000000,41850,41850,41000
2022-03-03,17.42,44400,2.9(6.99 %),969200,42656000000,600000,24000000000,42150,44400,41600
2022-03-04,17.46,44500,0.1(0.23 %),3214200,144927000000,0,0,45000,46000,44200
2022-03-07,17.89,45600,1.1(2.47 %),2156100,97183000000,0,0,44100,46150,43700
2022-03-08,17.5,44600,-1(-2.19 %),1340800,60311000000,1500000,63675000000,45450,45450,44600
2022-03-09,18.72,47700,3.1(6.95 %),3227100,149023000000,0,0,44100,47700,43000
2022-03-10,18.56,47300,-0.4(-0.84 %),1361500,65139000000,0,0,48000,48800,46950
2022-03-11,18.72,47700,0.4(0.85 %),1195900,56979000000,100000,4400000000,47000,48600,46700
2022-03-14,17.46,44500,-3.2(-6.71 %),1911500,87481000000,0,0,47050,47700,44500
2022-03-15,17.26,44000,-0.5(-1.12 %),857000,37845000000,0,0,44200,45000,43550
2022-03-16,17.54,44700,0.7(1.59 %),725500,32543000000,150000,6150000000,44200,45500,44000
2022-03-17,17.46,44500,-0.2(-0.45 %),906300,40185000000,0,0,44700,44700,43900
2022-03-18,17.66,45000,0.5(1.12 %),800700,36186000000,660000,30150000000,44800,45650,44600
2022-03-21,17.58,44800,-0.2(-0.44 %),650600,29060000000,95000,4046000000,45300,45300,44000
2022-03-22,17.38,44300,-0.5(-1.12 %),955700,42486000000,0,0,44500,45000,44250
2022-03-23,17.46,44500,0.2(0.45 %),737800,32966000000,30000,1335000000,44300,46000,44250
2022-03-24,17.64,44950,0.45(1.01 %),959900,43156000000,800000,37556000000,44500,45500,44200
2022-03-25,17.68,45050,0.05(0.11 %),824500,37282000000,0,0,44950,46000,44700
2022-03-28,17.89,45600,0.5(1.11 %),805200,36476000000,30000,1326000000,45050,46400,44950
2022-03-29,18.52,47200,1.6(3.51 %),2027800,95305000000,320000,13640000000,45800,47500,45700
2022-03-30,18.19,46350,-0.85(-1.80 %),1744000,82493000000,650000,29900000000,46950,48500,45600
2022-03-31,18.07,46050,-0.35(-0.75 %),628000,29124000000,30000,1317000000,46950,46950,45950
2022-04-01,18.15,46250,0.15(0.33 %),1097800,50224000000,20000,890000000,45750,46450,45100
2022-04-04,18.15,46250,-0.05(-0.11 %),855700,39781000000,0,0,46500,46900,45900
2022-04-05,18.05,46000,-0.3(-0.65 %),795900,36939000000,0,0,46250,47300,45950
2022-04-06,17.66,45000,-1(-2.17 %),1084500,49597000000,0,0,45700,46500,45000
2022-04-07,17.07,43500,-1.5(-3.33 %),1470300,64878000000,0,0,45500,45500,43500
2022-04-08,16.48,42000,-1.5(-3.45 %),930600,39977000000,0,0,43600,43950,42000
2022-04-12,16.5,42050,0.05(0.12 %),564000,23850000000,0,0,42300,43200,41600
2022-04-13,16.93,43150,1.05(2.49 %),427000,18230000000,50000,2210000000,42100,43400,42050
2022-04-14,17.21,43850,0.65(1.50 %),905200,39745000000,0,0,43300,44450,43100
2022-04-15,17.4,44350,0.45(1.03 %),831300,36757000000,0,0,44100,44550,42000
2022-04-18,18.13,46200,1.8(4.05 %),1511400,68656000000,0,0,44300,46450,44150
2022-04-19,18.48,47100,0.9(1.95 %),2826700,135169000000,0,0,46500,49100,46000
2022-04-20,18.44,47000,-0.1(-0.21 %),1706800,82040000000,0,0,47000,48900,46300
2022-04-21,18.56,47300,0.3(0.64 %),1483600,70005000000,0,0,46900,48450,45800
2022-04-22,18.56,47300,0(0.00 %),3023900,139541000000,0,0,47900,47900,44500
2022-04-25,17.26,44000,-3.3(-6.98 %),1632400,73450000000,0,0,47000,47000,44000
2022-04-26,17.7,45100,1.1(2.50 %),1776000,74943000000,0,0,41600,45300,40950
2022-04-27,17.91,45650,0.55(1.22 %),718100,32441000000,0,0,44700,46000,43050
2022-04-28,18.36,46800,1.1(2.41 %),1180900,55437000000,0,0,45150,47800,45150
2022-04-29,19.09,48650,1.85(3.95 %),2282700,110314000000,0,0,46500,49200,46450
2022-05-04,20.4,52000,3.3(6.78 %),3362000,173123000000,0,0,49100,52000,49000
2022-05-05,20.56,52400,0.4(0.77 %),1582100,81551000000,0,0,53000,53300,50200
2022-05-06,20.68,52700,0.3(0.57 %),1741100,91880000000,0,0,52000,54400,50000
2022-05-09,19.25,49050,-3.65(-6.93 %),2913300,144470000000,0,0,51300,51800,49050
2022-05-10,20.17,51400,2.3(4.68 %),1737400,84520000000,0,0,45700,51400,45700
2022-05-11,20.05,51100,-0.3(-0.58 %),637300,32242000000,0,0,51000,51800,49750
2022-05-12,18.66,47550,-3.55(-6.95 %),1723900,85166000000,0,0,50000,52000,47550
2022-05-13,17.36,44250,-3.3(-6.94 %),2171100,98836000000,0,0,47050,47900,44250
2022-05-16,16.24,41400,-2.9(-6.55 %),1540200,66244000000,0,0,45200,45650,41300
2022-05-17,17.17,43750,2.35(5.68 %),995000,40965000000,250000,10000000000,40000,43800,38700
2022-05-18,16.99,43300,-0.5(-1.14 %),926800,41108000000,0,0,43800,45950,42300
2022-05-19,17.46,44500,1.2(2.77 %),1503100,66977000000,0,0,42500,46000,42100
2022-05-20,17.28,44050,-0.45(-1.01 %),581700,25899000000,35000,1452500000,44500,45400,43800
2022-05-23,16.89,43050,-1.05(-2.38 %),622300,27160000000,0,0,44800,44800,42300
2022-05-24,16.97,43250,0.15(0.35 %),398000,17087000000,0,0,43300,43550,42300
2022-05-25,18.15,46250,2.95(6.81 %),757200,34540000000,0,0,43650,46250,43550
2022-05-26,18.4,46900,0.6(1.30 %),577900,27084000000,0,0,46950,47800,46200
2022-05-27,18.81,47950,1.05(2.24 %),893300,42876000000,0,0,47000,49450,46150
2022-05-30,18.95,48300,0.3(0.62 %),551800,26767000000,60000,3000000000,48500,49500,47500
2022-05-31,18.64,47500,-0.8(-1.66 %),708900,34261000000,600000,30000000000,48100,49000,47400
2022-06-01,19.58,49900,2.4(5.05 %),1043500,50009000000,40000,2000000000,47050,50000,46400
2022-06-02,19.42,49500,-0.4(-0.80 %),747500,37033000000,0,0,50000,50100,49000
2022-06-03,20.01,51000,1.5(3.03 %),1221700,61158000000,0,0,49400,52000,48800
2022-06-06,20.76,52900,1.9(3.73 %),1986600,104612000000,100000,4800000000,50500,54000,50500
2022-06-07,21.07,53700,0.8(1.51 %),1902500,100142000000,0,0,52200,53800,51200
2022-06-08,20.6,52500,-1.2(-2.23 %),1108300,59764000000,0,0,54000,55000,52500
2022-06-09,21.54,54900,2.4(4.57 %),1658400,87504000000,100000,5000000000,52300,55000,51200
2022-06-10,20.05,51100,-3.8(-6.92 %),1075600,56571000000,0,0,53100,54300,51100
2022-06-13,18.66,47550,-3.55(-6.95 %),816000,39112000000,100000,4755000000,47600,49500,47550
2022-06-14,18.72,47700,0.1(0.21 %),937800,43790000000,0,0,45100,48300,45100
2022-06-15,17.97,45800,-1.9(-3.98 %),1049600,47955000000,100000,5050000000,48000,48000,44450
2022-06-16,19.11,48700,2.9(6.33 %),800500,38579000000,0,0,47000,49000,46500
2022-06-17,19.7,50200,1.5(3.08 %),692400,33591000000,0,0,47500,50500,46600
2022-06-20,18.64,47500,-2.7(-5.38 %),735900,36190000000,0,0,51000,51000,47500
2022-06-21,17.89,45600,-1.9(-4.00 %),709200,33526000000,0,0,47050,48950,45150
2022-06-22,16.66,42450,-3.15(-6.91 %),1142700,49964000000,0,0,46900,46900,42450
2022-06-23,17.77,45300,2.8(6.59 %),414900,18106000000,0,0,42450,45300,42400
2022-06-24,17.38,44300,-1(-2.21 %),254800,11653000000,0,0,45450,46300,44300
2022-06-27,17.62,44900,0.6(1.35 %),302500,13683000000,0,0,45200,45800,44500
2022-06-28,17.26,44000,-0.9(-2.00 %),821300,36543000000,0,0,45050,45400,43850
2022-06-29,18.21,42200,2.2(5.50 %),322600,13329000000,0,0,41000,42600,40900
2022-06-30,17.98,41650,-0.55(-1.30 %),238700,10134000000,0,0,43150,43150,41650
2022-07-01,17.91,41500,-0.2(-0.48 %),397800,16076000000,0,0,41000,41500,39350
2022-07-04,17.7,41000,-0.5(-1.20 %),183400,7576000000,3378500,134915000000,41900,41950,40500
2022-07-05,16.83,39000,-2(-4.88 %),495100,19598000000,524140,20965600000,39600,40950,38500
2022-07-06,15.67,36300,-2.7(-6.92 %),408700,15351000000,0,0,38000,38750,36300
2022-07-07,15.37,35600,-0.7(-1.93 %),328600,11750000000,60000,2310000000,36200,36900,35150
2022-07-08,15.75,36500,0.9(2.53 %),144400,5281000000,1640000,62320000000,36500,36800,36050
2022-07-11,15.71,36400,-0.1(-0.27 %),405100,14588000000,0,0,36450,36500,35500
2022-07-12,16.4,38000,1.6(4.40 %),210700,7773000000,0,0,36450,38000,36000
2022-07-13,16.53,38300,0.3(0.79 %),219600,8393000000,0,0,38000,38500,36500
2022-07-14,16.19,37500,-0.8(-2.09 %),210900,7903000000,0,0,38050,38050,37250
2022-07-15,16.06,37200,-0.3(-0.80 %),288900,10749000000,0,0,37700,38100,36800
2022-07-18,16.06,37200,0(0.00 %),194700,7225000000,80000,3040000000,37500,37500,36800
2022-07-19,16.27,37700,0.5(1.34 %),141400,5298000000,0,0,37300,37700,37000
2022-07-20,16.88,39100,1.4(3.71 %),342700,13220000000,0,0,38400,39500,37750
2022-07-21,16.53,38300,-0.8(-2.05 %),115300,4420000000,132000,5016000000,39100,39100,38050
2022-07-22,16.23,37600,-0.7(-1.83 %),275000,10489000000,0,0,38300,39000,37600
2022-07-25,16.06,37200,-0.4(-1.06 %),257000,9491000000,0,0,37600,37600,36600
2022-07-26,15.88,36800,-0.4(-1.08 %),155300,5721000000,132000,5016000000,37300,37300,36750
2022-07-27,15.75,36500,-0.3(-0.82 %),284900,10299000000,0,0,36100,36500,35900
2022-07-28,16.08,37250,0.75(2.05 %),267400,9995000000,0,0,37500,37600,37000
2022-07-29,16.16,37450,0.15(0.40 %),307900,11594000000,0,0,37600,37950,37250
2022-08-01,16.32,37800,0.3(0.80 %),360400,13473000000,740000,28120000000,37900,37900,36850
2022-08-02,16.19,37500,-0.3(-0.79 %),278000,10426000000,550000,20900000000,37950,37950,37300
2022-08-03,16.62,38500,1(2.67 %),756900,28625000000,550000,20900000000,37400,38600,36950
2022-08-04,16.51,38250,-0.25(-0.65 %),212700,8174000000,2338000,88844000000,38500,38900,38250
2022-08-05,16.32,37800,-0.5(-1.31 %),292800,11114000000,550000,20900000000,38250,38300,37750
2022-08-08,16.6,38450,0.65(1.72 %),506200,19320000000,857000,32528600000,37800,38700,37650
2022-08-09,16.62,38500,0(0.00 %),357700,13871000000,350000,13300000000,38900,39000,38450
2022-08-10,16.47,38150,-0.35(-0.91 %),296200,11317000000,350000,13300000000,38400,38500,38100
2022-08-11,16.34,37850,-0.35(-0.92 %),375600,14304000000,350000,13300000000,38350,38500,37500
2022-08-12,16.25,37650,-0.25(-0.66 %),312600,11775000000,560000,21700000000,37650,38000,37450
2022-08-15,16.27,37700,0(0.00 %),306200,11553000000,750000,28500000000,37950,37950,37600
2022-08-16,16.27,37700,0(0.00 %),344700,13046000000,170000,6500000000,37700,38300,37550
2022-08-17,15.8,36600,-1.1(-2.92 %),1029100,38281000000,560000,21000000000,37900,37950,36350
2022-08-18,15.8,36600,0(0.00 %),1838300,65287000000,176850,6366600000,36350,36600,34700
2022-08-19,15.78,36550,-0.05(-0.14 %),550600,19950000000,8489754,311030996400,36050,36700,35650
2022-08-22,15.75,36500,-0.1(-0.27 %),670800,24227000000,15351000,559408700000,36400,36500,35750
2022-08-23,15.75,36500,0(0.00 %),752800,27198000000,5507342,195522647000,35900,36500,35850
2022-08-24,15.73,36450,-0.05(-0.14 %),589500,21402000000,5334118,189361189000,36100,36550,36100
2022-08-25,15.97,37000,0.5(1.37 %),1102800,40378000000,650000,23592500000,36400,37500,36200
2022-08-26,15.75,36500,-0.5(-1.35 %),306900,11301000000,1079630,39946310000,36900,37400,36500
2022-08-29,16.08,37250,0.75(2.05 %),1201700,43424000000,100000,3400000000,36200,37250,35100
2022-08-30,15.84,36700,-0.6(-1.61 %),478800,17737000000,0,0,37300,37600,36700
2022-08-31,15.8,36600,-0.1(-0.27 %),400000,14583000000,500000,18500000000,36800,36800,36150
2022-09-05,15.6,36150,-0.45(-1.23 %),295700,10808000000,27550,938077500,36600,37050,36150
2022-09-06,15.65,36250,0.05(0.14 %),742400,26802000000,175027,5889658550,36150,36300,35900
2022-09-07,15.65,36250,-0.05(-0.14 %),1115500,40052000000,0,0,36400,36400,35000
2022-09-08,15.5,35900,-0.4(-1.10 %),601200,21433000000,70000,2560000000,35600,36100,35200
2022-09-09,15.67,36300,0.4(1.11 %),684600,24536000000,80000,2960000000,35850,36300,34900
2022-09-12,15.54,36000,-0.3(-0.83 %),265700,9571000000,0,0,35700,36500,35700
2022-09-13,15.5,35900,-0.1(-0.28 %),474700,16997000000,2240000,79520000000,35800,36000,35650
2022-09-14,15.5,35900,0(0.00 %),655900,23324000000,0,0,35100,35950,35100
2022-09-15,15.5,35900,0(0.00 %),294800,10592000000,0,0,35900,36000,35800
2022-09-16,15.47,35850,-0.05(-0.14 %),542800,19351000000,0,0,35600,35950,35300
2022-09-19,14.89,34500,-1.4(-3.90 %),449700,15749000000,0,0,35400,35650,34500
2022-09-20,15.6,36150,1.65(4.78 %),1169400,41051000000,0,0,34500,36150,33500
2022-09-21,15.54,36000,-0.2(-0.55 %),383000,13595000000,0,0,35750,36000,35100
2022-09-22,15.34,35550,-0.45(-1.25 %),279000,9875000000,0,0,35950,35950,35050
2022-09-23,15.93,36900,1.3(3.65 %),2159300,79290000000,0,0,35600,37000,35350
2022-09-26,15.21,35250,-1.65(-4.47 %),600000,21405000000,0,0,36200,36250,35050
2022-09-27,15.58,36100,0.8(2.27 %),1243700,43349000000,0,0,35250,36100,33500
2022-09-28,15.56,35050,-0.05(-0.14 %),843800,29091000000,0,0,34500,35100,33550
2022-09-29,14.89,33550,-1.55(-4.42 %),335600,11437000000,0,0,35000,35000,33550
2022-09-30,15.69,35350,1.75(5.21 %),1252700,43180000000,0,0,33100,35350,32450
2022-10-03,15.23,34300,-1.1(-3.11 %),429400,14912000000,0,0,35300,35350,34250
2022-10-04,15.69,35350,1.05(3.06 %),551000,19202000000,0,0,34350,35350,33600
2022-10-05,15.71,35400,0(0.00 %),536000,18883000000,0,0,34900,35400,34550
2022-10-06,15.71,35400,0(0.00 %),409000,14405000000,0,0,35350,35400,34700
2022-10-07,15.67,35300,-0.1(-0.28 %),585100,20291000000,0,0,34750,35300,33500
2022-10-10,15.74,35450,0.15(0.42 %),253000,8861000000,0,0,34250,35450,34250
2022-10-11,15.14,34100,-1.4(-3.94 %),248600,8558000000,0,0,35050,35300,34100
2022-10-12,15.67,35300,1.2(3.52 %),220400,7711000000,0,0,34300,35300,34100
2022-10-13,15.54,35000,-0.3(-0.85 %),108000,3776000000,0,0,34650,35200,34650
2022-10-14,15.69,35350,0.35(1.00 %),297600,10479000000,0,0,35100,35350,35000
2022-10-17,15.69,35350,-0.05(-0.14 %),141400,4984000000,0,0,35350,35700,34600
2022-10-18,15.69,35350,-0.05(-0.14 %),118400,4180000000,0,0,35400,35400,35150
2022-10-19,15.43,34750,-0.65(-1.84 %),120800,4231000000,640000,22400000000,35050,35350,34750
2022-10-20,15.56,35050,0.25(0.72 %),125400,4373000000,60,1941000,34550,35150,34550
2022-10-21,15.12,34050,-1.05(-2.99 %),400000,13693000000,0,0,35000,35000,34000
2022-10-24,15.47,34850,0.75(2.20 %),379100,12981000000,0,0,34050,34850,32550
2022-10-25,15.32,34500,-0.4(-1.15 %),190300,6484000000,0,0,34100,34600,33000
2022-10-26,15.49,34900,0.4(1.16 %),386000,13340000000,520000,17940000000,34500,34900,33500
2022-10-27,15.23,34300,-0.6(-1.72 %),64700,2220000000,1000000,34500000000,33900,34800,33800
2022-10-28,15.47,34850,0.55(1.60 %),181200,6261000000,460000,15870000000,34200,34950,34200
2022-10-31,15.45,34800,-0.1(-0.29 %),99400,3450000000,0,0,34850,34850,34350
2022-11-01,15.47,34850,0.05(0.14 %),244100,8482000000,320000,11136000000,34750,35000,34400
2022-11-02,15.4,34700,-0.2(-0.57 %),91600,3165000000,0,0,34850,34850,34400
2022-11-03,15.4,34700,0(0.00 %),59900,2073000000,0,0,34350,34700,34350
2022-11-04,15.36,34600,-0.1(-0.29 %),143300,4916000000,0,0,34350,34600,34000
2022-11-07,14.85,33450,-1.15(-3.32 %),121700,4133000000,0,0,34550,34550,33450
2022-11-08,15.34,34550,1.05(3.13 %),481600,16499000000,0,0,33600,34550,33200
2022-11-09,14.89,33550,-1.05(-3.03 %),41400,1401000000,10224220,352735590000,33900,34400,33550
2022-11-10,14.12,31800,-1.8(-5.36 %),112600,3700000000,0,0,33600,33800,31800
2022-11-11,15.07,33950,2.15(6.76 %),541400,18254000000,0,0,31900,33950,31000
2022-11-14,14.87,33500,-0.5(-1.47 %),405900,13449000000,3134120,108127140000,32950,33500,31700
2022-11-15,14.6,32900,-0.6(-1.79 %),340300,10908000000,2441120,84218640000,32100,32900,31200
2022-11-16,14.65,33000,0.1(0.30 %),962000,31213000000,68000,2206600000,31000,33000,30700
2022-11-17,14.49,32650,-0.35(-1.06 %),273400,8828000000,0,0,33000,33000,31800
2022-11-18,14.6,32900,0.2(0.61 %),291300,9539000000,0,0,32000,32900,31200
2022-11-21,13.98,31500,-1.4(-4.26 %),176400,5625000000,620000,19840000000,32900,32900,31500
2022-11-22,14.6,32900,1.4(4.44 %),512600,16572000000,0,0,31600,32900,31050
2022-11-23,14.29,32200,-0.7(-2.13 %),1074200,34604000000,2740000,90420000000,31750,32450,31750
2022-11-24,13.78,31050,-1.15(-3.57 %),187300,5905000000,0,0,32000,32000,31050
2022-11-25,14.29,32200,1.1(3.54 %),823400,26130000000,0,0,31200,32200,31200
2022-11-28,14.29,32200,0(0.00 %),618200,19765000000,1700000,54890000000,32300,32400,31300
2022-11-29,14.25,32100,-0.1(-0.31 %),314800,10021000000,0,0,32000,32100,31300
2022-11-30,14.01,31550,-0.55(-1.71 %),93100,2947000000,0,0,32100,32100,31500
2022-12-01,14.18,31950,0.35(1.11 %),181400,5750000000,0,0,31550,31950,31500
2022-12-02,14.23,32050,0.05(0.16 %),176400,5631000000,0,0,31950,32050,31350
2022-12-05,14.07,31700,-0.4(-1.25 %),149800,4786000000,6861685,219907910000,32000,32150,31700
2022-12-06,14.56,32800,1.1(3.47 %),1467100,47956000000,0,0,31850,33500,31450
2022-12-07,14.12,31800,-1(-3.05 %),96700,3104000000,1006000,31911000000,32600,32650,31800
2022-12-08,13.98,31500,-0.3(-0.94 %),212000,6730000000,560000,18032000000,31850,32400,31500
2022-12-09,14.21,32000,0.5(1.59 %),385000,12112000000,0,0,31750,32000,30000
2022-12-12,13.83,31150,-0.85(-2.66 %),151700,4778000000,424000,13568000000,32100,32100,30900
2022-12-13,13.87,31250,0.05(0.16 %),294900,9115000000,3304000,101904000000,31150,31450,30500
2022-12-14,13.87,31250,-0.05(-0.16 %),69000,2157000000,384000,12064000000,31500,31500,31000
2022-12-15,13.83,31150,-0.15(-0.48 %),157800,4831000000,2086730,66775360000,31250,31250,30000
2022-12-16,13.74,30950,-0.25(-0.80 %),80900,2485000000,1620000,50220000000,30800,31050,30300
2022-12-19,13.54,30500,-0.5(-1.61 %),186900,5697000000,850000,26445000000,31000,31000,30100
2022-12-20,13.67,30800,0.3(0.98 %),293700,8887000000,0,0,30000,30800,29400
2022-12-21,13.5,30400,-0.4(-1.30 %),262200,7871000000,4814900,148681900000,29700,30400,29000
2022-12-22,13.5,30400,0(0.00 %),176600,5332000000,0,0,30350,30600,29750
2022-12-23,13.41,30200,-0.2(-0.66 %),206400,6197000000,846000,26226000000,30050,30200,29700
2022-12-26,13.45,30300,0.1(0.33 %),254200,7660000000,1559700,48150700000,30150,30300,29350
2022-12-27,13.41,30200,-0.1(-0.33 %),215000,6391000000,150000,4230000000,29650,30250,29400
2022-12-28,13.32,30000,-0.2(-0.66 %),61600,1851000000,0,0,29700,30250,29700
2022-12-29,13.45,30300,0.3(1.00 %),162800,4896000000,640000,19200000000,30100,30300,29600
2022-12-30,13.47,30350,0.05(0.17 %),39300,1186000000,0,0,30300,30350,29800
2023-01-03,13.41,30200,-0.2(-0.66 %),98000,2918000000,570000,17100000000,30050,30300,29550
2023-01-04,13.36,30100,-0.1(-0.33 %),69400,2083000000,0,0,30000,30200,29900
2023-01-05,13.74,30950,0.85(2.82 %),382400,11618000000,0,0,30000,30950,29800
2023-01-06,13.5,30400,-0.6(-1.94 %),74600,2272000000,2105000,63150000000,30900,30900,30350
2023-01-09,13.5,30400,0(0.00 %),83300,2527000000,0,0,30150,30500,30150
2023-01-10,13.67,30800,0.4(1.32 %),227000,6962000000,0,0,30200,30800,30100
2023-01-11,13.45,30300,-0.5(-1.62 %),42300,1282000000,240000,7200000000,30400,30500,30200
2023-01-12,13.45,30300,0(0.00 %),85000,2584000000,20000,564000000,30300,30550,30100
2023-01-13,13.52,30450,0.15(0.50 %),37200,1128000000,0,0,30250,30600,30250
2023-01-16,13.45,30300,-0.2(-0.66 %),107000,3230000000,0,0,30300,30450,30000
2023-01-17,13.52,30450,0.15(0.50 %),65600,1979000000,0,0,30000,30450,30000
2023-01-18,13.45,30300,-0.2(-0.66 %),44800,1356000000,0,0,30500,30500,30150
2023-01-19,13.54,30500,0.2(0.66 %),111900,3401000000,0,0,30350,30500,30050
2023-01-27,13.54,30500,0(0.00 %),11800,359000000,1000000,30000000000,30500,30600,30150
2023-01-30,13.45,30300,-0.2(-0.66 %),80900,2452000000,1040000,31140000000,30300,30500,30200
2023-01-31,13.47,30350,0.05(0.17 %),156600,4726000000,0,0,30300,30400,30000
2023-02-01,13.32,30000,-0.4(-1.32 %),127800,3855000000,0,0,30350,30400,30000
2023-02-02,13.41,30200,0.2(0.67 %),58600,1758000000,0,0,30000,30200,29700
2023-02-03,13.34,30050,-0.15(-0.50 %),266400,8008000000,588600,17658000000,30200,30200,29950
2023-02-06,13.21,29750,-0.35(-1.16 %),114800,3435000000,350000,10500000000,30100,30100,29550
2023-02-07,13.21,29750,-0.05(-0.17 %),169000,5013000000,0,0,29750,30000,29400
2023-02-08,13.36,30100,0.3(1.01 %),415400,12332000000,0,0,29350,30100,29000
2023-02-09,12.87,29000,-1.1(-3.65 %),526500,15626000000,12535000,380140000000,30000,30000,29000
2023-02-10,13.25,29850,0.85(2.93 %),270200,8013000000,0,0,29000,29850,29000
2023-02-13,13.16,29650,-0.25(-0.84 %),334000,9880000000,4007000,119757600000,29900,29900,29000
2023-02-14,13.1,29500,-0.2(-0.67 %),196900,5760000000,0,0,29800,29800,29050
2023-02-15,13.25,29850,0.35(1.19 %),266400,7917000000,0,0,29600,29850,29250
2023-02-16,13.23,29800,-0.1(-0.33 %),326400,9703000000,515000,15334450000,29850,29850,29450
2023-02-17,13.1,29500,-0.3(-1.01 %),90200,2655000000,0,0,29800,29800,29200
2023-02-20,13.25,29850,0.35(1.19 %),421800,12471000000,686000,19894000000,29500,29850,29100
2023-02-21,14.14,31850,1.95(6.52 %),993700,30266000000,7541000,224639300000,29800,31900,29200
2023-02-22,14.07,31700,-0.2(-0.63 %),271500,8682000000,170000,5074500000,31850,32500,31700
2023-02-23,13.94,31400,-0.3(-0.95 %),188200,5850000000,0,0,31700,31800,30450
2023-02-24,13.76,31000,-0.4(-1.27 %),82300,2533000000,0,0,31000,31000,30500
2023-02-27,13.32,30000,-1(-3.23 %),171900,5204000000,40000,1154000000,30600,30850,29950
2023-02-28,13.3,29950,-0.05(-0.17 %),73800,2200000000,0,0,30000,30400,29550
2023-03-01,13.1,29500,-0.5(-1.67 %),133000,3917000000,0,0,29500,29950,29100
2023-03-02,12.9,29050,-0.45(-1.53 %),159600,4680000000,0,0,29500,29750,29050
2023-03-03,13.38,30150,1.05(3.61 %),302200,8934000000,0,0,29450,30150,29000
2023-03-06,13.12,29550,-0.65(-2.15 %),42700,1270000000,277000,8254600000,30100,30150,29550
2023-03-07,13.14,29600,0(0.00 %),79000,2352000000,0,0,29950,30100,29500
2023-03-08,13.41,30200,0.6(2.03 %),611200,18380000000,0,0,29600,30450,29550
2023-03-09,13.47,30350,0.15(0.50 %),334500,10104000000,2240000,66752000000,30400,30600,29950
2023-03-10,13.34,30050,-0.35(-1.15 %),336900,10118000000,0,0,29950,30450,29800
2023-03-13,13.1,29500,-0.6(-1.99 %),283300,8382000000,0,0,29900,29900,29500
2023-03-14,13.32,30000,0.5(1.69 %),717500,21220000000,0,0,29450,30000,29000
2023-03-15,13.32,30000,0(0.00 %),187000,5597000000,2590400,77504000000,29900,30000,29700
2023-03-16,13.27,29900,-0.1(-0.33 %),536200,15912000000,946330,28389900000,29950,29950,29300
2023-03-17,13.27,29900,0(0.00 %),375900,11146000000,0,0,29750,29900,29050
2023-03-20,13.05,29400,-0.5(-1.67 %),261700,7657000000,0,0,29700,29750,29000
2023-03-21,12.92,29100,-0.3(-1.02 %),45100,1315000000,520600,16138600000,29600,29600,29100
2023-03-22,13.23,29800,0.7(2.41 %),375700,11137000000,0,0,29100,29800,28800
2023-03-23,12.87,29000,-0.8(-2.68 %),391000,11347000000,586000,16994000000,29450,29450,28900
2023-03-24,12.94,29150,0.15(0.52 %),172400,4991000000,0,0,28950,29200,28800
2023-03-27,12.78,28800,-0.4(-1.37 %),62500,1804000000,2770000,77560000000,29100,29100,28800
2023-03-28,12.94,29150,0.35(1.22 %),192200,5568000000,1880000,54802000000,28800,29150,28700
2023-03-29,12.92,29100,-0.1(-0.34 %),43800,1272000000,0,0,28800,29150,28800
2023-03-30,12.9,29050,-0.05(-0.17 %),98000,2834000000,0,0,29000,29100,28800
2023-03-31,13.1,29500,0.4(1.37 %),354500,10410000000,0,0,29000,29500,28650
2023-04-03,12.96,29200,-0.3(-1.02 %),49500,1442000000,0,0,29050,29300,29000
2023-04-04,13.1,29500,0.3(1.03 %),368300,10840000000,0,0,29150,29750,29000
2023-04-05,12.98,29250,-0.25(-0.85 %),139100,4088000000,0,0,29500,29550,29250
2023-04-06,13.05,29400,0.1(0.34 %),392700,11473000000,3229718,88171301400,29250,29400,29050
2023-04-07,12.83,28900,-0.5(-1.70 %),209800,6077000000,0,0,29400,29400,28850
2023-04-10,12.65,28500,-0.4(-1.38 %),274000,7841000000,0,0,28900,28900,28450
2023-04-11,12.61,28400,-0.1(-0.35 %),106000,3010000000,3783000,107683500000,28550,28600,28300
2023-04-12,12.56,28300,-0.1(-0.35 %),103000,2923000000,0,0,28600,28600,28300
2023-04-13,12.45,28050,-0.25(-0.88 %),91400,2570000000,0,0,28300,28300,28050
2023-04-14,12.54,28250,0.15(0.53 %),115400,3255000000,0,0,28100,28400,28000
2023-04-17,12.43,28000,-0.3(-1.06 %),155400,4349000000,0,0,28050,28250,27900
2023-04-18,12.54,28250,0.25(0.89 %),202100,5643000000,0,0,28000,28250,27350
2023-04-19,12.45,28050,-0.25(-0.88 %),150600,4209000000,0,0,27950,28150,27800
2023-04-20,12.83,28900,0.8(2.85 %),440800,12648000000,0,0,28050,29100,27950
2023-04-21,12.74,28700,-0.2(-0.69 %),131300,3773000000,0,0,28800,28950,28450
2023-04-24,12.43,28000,-0.7(-2.44 %),75200,2113000000,0,0,28400,28400,28000
2023-04-25,12.58,28350,0.35(1.25 %),216900,6163000000,128000,3827200000,28000,28950,27900
2023-04-26,12.56,28300,-0.1(-0.35 %),98100,2753000000,0,0,28450,28450,27950
2023-04-27,12.54,28250,-0.05(-0.18 %),61200,1718000000,128000,3865600000,28200,28250,28000
2023-04-28,12.5,28150,-0.1(-0.35 %),168300,4717000000,1450000,40536000000,28050,28250,27850
2023-05-04,12.52,28200,0.05(0.18 %),66500,1869000000,0,0,28150,28300,27950
2023-05-05,12.58,28350,0.15(0.53 %),251800,7079000000,0,0,27900,28350,27800
2023-05-08,12.52,28200,-0.15(-0.53 %),67600,1903000000,3181000,89563100000,28300,28300,28000
2023-05-09,12.43,28000,-0.2(-0.71 %),337200,9408000000,0,0,28050,28200,27700
2023-05-10,12.43,28000,0(0.00 %),289000,8067000000,500000,13915000000,28000,28100,27700
2023-05-11,12.41,27950,-0.05(-0.18 %),158700,4418000000,0,0,27900,28000,27700
2023-05-12,12.36,27850,-0.15(-0.54 %),116200,3232000000,0,0,27950,27950,27700
2023-05-15,12.36,27850,0(0.00 %),353600,9757000000,0,0,27850,27900,27050
2023-05-16,12.32,27750,-0.1(-0.36 %),109600,3031000000,2974151,83276228000,27850,27850,27300
2023-05-17,12.19,27450,-0.3(-1.08 %),74500,2045000000,5930000,163075000000,27400,27700,27400
2023-05-18,12.34,27800,0.35(1.28 %),253300,7009000000,1360000,37332000000,27450,27800,27250
2023-05-19,12.3,27700,-0.1(-0.36 %),71200,1955000000,3228000,89135400000,27750,27750,27350
2023-05-22,12.27,27650,-0.05(-0.18 %),155100,4265000000,0,0,27500,27650,27200
2023-05-23,12.36,27850,0.2(0.72 %),269500,7466000000,0,0,27600,27850,27300
2023-05-24,12.76,28750,0.9(3.23 %),380200,10740000000,0,0,27550,28750,27500
2023-05-25,12.72,28650,-0.1(-0.35 %),332300,9445000000,1150000,31847000000,28400,28650,27800
2023-05-26,12.43,28000,-0.65(-2.27 %),235500,6597000000,0,0,28350,28550,27950
2023-05-29,12.43,28000,0(0.00 %),167800,4700000000,0,0,28000,28200,27900
2023-05-30,12.92,29100,1.1(3.93 %),1399000,39853000000,1558500,43564000000,28000,29150,27850
2023-05-31,13.03,29350,0.25(0.86 %),1092500,32033000000,0,0,29400,29950,28650
2023-06-01,12.96,29200,-0.15(-0.51 %),476800,14058000000,0,0,29400,29750,29200
2023-06-02,12.96,29200,0(0.00 %),450000,13143000000,4944000,136132000000,29200,29500,29000
2023-06-05,13.18,29700,0.5(1.71 %),888800,26410000000,0,0,29400,30350,29200
2023-06-06,13.18,29700,0(0.00 %),248100,7411000000,1330000,37240000000,30000,30200,29650
2023-06-07,13.1,29500,-0.2(-0.67 %),315800,9311000000,180000,5156250000,29800,29800,29350
2023-06-08,12.65,28500,-1(-3.39 %),453000,13213000000,0,0,29400,29550,28500
2023-06-09,12.81,28850,0.35(1.23 %),211500,6058000000,0,0,28600,29000,28500
2023-06-12,12.83,28900,0.05(0.17 %),334400,9664000000,0,0,28800,29100,28800
2023-06-13,13.32,30000,1.1(3.81 %),879000,26273000000,5055460,146102794000,28950,30350,28950
2023-06-14,14.14,31850,1.85(6.17 %),6126700,192294000000,294000,8209000000,30500,32100,30500
2023-06-15,14.45,32550,0.7(2.20 %),2869000,94261000000,4702000,144075000000,32100,33500,32000
2023-06-16,14.38,32400,-0.2(-0.61 %),1560800,50796000000,100000,3050000000,32900,33150,32100
2023-06-19,14.74,33200,0.8(2.47 %),1471200,48736000000,1048000,31964000000,33000,33500,32700
2023-06-20,14.78,33300,0.1(0.30 %),551300,18345000000,0,0,33200,33750,33000
2023-06-21,14.65,33000,-0.3(-0.90 %),1602100,53275000000,4000000,132000000000,33700,34100,32600
2023-06-22,14.83,33400,0.4(1.21 %),1025800,34248000000,0,0,32900,33800,32750
2023-06-23,15.54,35000,1.6(4.79 %),2886800,99709000000,2300000,74720000000,33650,35300,33500
2023-06-26,15.91,35850,0.85(2.43 %),1917300,68216000000,586900,21950060000,35300,36200,34750
2023-06-27,15.54,35000,-0.9(-2.51 %),1084800,38737000000,1400000,49700000000,36000,36350,34900
2023-06-28,15.65,35250,0.25(0.71 %),2051900,72942000000,1086900,36132940000,35200,36500,34750
2023-06-29,15.65,35250,-0.05(-0.14 %),877500,31178000000,0,0,35500,35950,35000
2023-06-30,15.78,35550,0.25(0.71 %),550400,19493000000,3000000,102000000000,35700,35700,35050
2023-07-03,15.8,35600,0(0.00 %),485600,17276000000,202000,6686200000,35650,35900,35100
2023-07-04,16.42,37000,1.4(3.93 %),2732400,99882000000,3833300,134165500000,35650,37350,35400
2023-07-05,16.96,38200,1.2(3.24 %),2218400,83997000000,628000,21666000000,37400,38200,37350
2023-07-06,16.56,37300,-0.9(-2.36 %),1657900,61815000000,1770400,62937720000,38250,38250,36350
2023-07-07,17.09,38500,1.2(3.22 %),2675500,100386000000,1339600,46484120000,37350,38500,36000
2023-07-10,17.18,38700,0.2(0.52 %),1445000,55543000000,998000,35778300000,38600,38900,37900
2023-07-11,16.98,38250,-0.45(-1.16 %),1842700,70191000000,3646000,131256000000,38800,38800,37600
2023-07-12,16.42,37000,-1.3(-3.39 %),1600600,60119000000,4770000,169848000000,38300,38500,36900
2023-07-13,16.45,37050,0.05(0.14 %),796400,29381000000,0,0,37150,37400,36500
2023-07-14,16.09,36250,-0.85(-2.29 %),1922600,69964000000,0,0,37300,37300,36000
2023-07-17,16.47,37100,0.8(2.20 %),1762900,64646000000,66000,2244000000,36250,37250,36250
2023-07-18,16.09,36250,-0.85(-2.29 %),1463300,53023000000,3870900,143117700000,37450,37450,35950
2023-07-19,16.25,36600,0.3(0.83 %),1820900,65888000000,6000000,204000000000,36500,36800,35750
2023-07-20,15.94,35900,-0.7(-1.91 %),2274800,81174000000,950000,32395000000,36900,36900,35000
2023-07-21,15.76,35500,-0.4(-1.11 %),994500,35352000000,0,0,35700,36150,35250
2023-07-24,16.11,36300,0.8(2.25 %),1966900,70764000000,2150000,74820000000,36050,36300,35500
2023-07-25,16.16,36400,0.1(0.28 %),2239400,81957000000,470000,15980000000,36650,37000,36000
2023-07-26,15.76,35500,-0.9(-2.47 %),1897200,67793000000,1070000,37985000000,36700,36700,35450
2023-07-27,15.38,34650,-0.85(-2.39 %),1781300,62299000000,1461000,50433100000,35550,35800,34500
2023-07-28,15.23,34300,-0.4(-1.15 %),1075200,37077000000,1070000,37985000000,34950,35000,34250
2023-07-31,15.32,34500,0.2(0.58 %),785700,27084000000,1267000,43547100000,34250,34950,34250
2023-08-01,15.03,33850,-0.65(-1.88 %),1434900,48835000000,674000,23253000000,34750,34800,33450
2023-08-02,15.23,34300,0.4(1.18 %),787200,26839000000,6991900,224709915000,33600,34600,33400
2023-08-03,15.47,34850,0.55(1.60 %),1214900,42512000000,560000,17920000000,34300,35450,34050
2023-08-04,15.69,35350,0.5(1.43 %),1689500,59521000000,0,0,34800,35600,34750
2023-08-07,16.2,36500,1.15(3.25 %),3342400,120961000000,0,0,35900,36600,35550
2023-08-08,16.2,36500,0(0.00 %),3699600,135368000000,900000,30600000000,37200,37200,36000
2023-08-09,16.05,36150,-0.35(-0.96 %),1794300,64403000000,20000,760000000,36900,36900,35550
2023-08-10,15.63,35200,-0.95(-2.63 %),2523400,88994000000,132000,4488000000,36150,36150,34800
2023-08-11,15.25,34350,-0.85(-2.41 %),1505800,52098000000,100000,3760000000,35400,35400,34300
2023-08-14,15.6,35150,0.75(2.18 %),1788800,61961000000,0,0,34400,35150,34300
2023-08-15,15.71,35400,0.2(0.57 %),2011100,71209000000,0,0,35150,35800,35050
2023-08-16,15.32,34500,-0.9(-2.54 %),1589300,55421000000,166000,5478000000,35400,35400,34500
2023-08-17,14.74,33200,-1.3(-3.77 %),2298800,77841000000,460000,14950000000,34500,34600,33200
2023-08-18,13.72,30900,-2.3(-6.93 %),2766000,88361000000,320000,9916000000,33150,33200,30900
2023-08-21,14.16,29000,0.9(3.20 %),750100,21389000000,0,0,28750,29200,28750
2023-08-22,14.01,28700,-0.3(-1.03 %),796000,22531000000,0,0,29100,29100,27800
2023-08-23,14.01,28700,0(0.00 %),428000,12320000000,0,0,29000,29000,28650
2023-08-24,14.04,28750,0.05(0.17 %),455000,13087000000,7862000,212274000000,28750,29000,28500
2023-08-25,14.16,29000,0.25(0.87 %),744000,21767000000,0,0,28950,29550,28650
2023-08-28,14.06,28800,-0.2(-0.69 %),669600,19353000000,0,0,29300,29350,28750
2023-08-29,14.09,28850,0.05(0.17 %),1118500,32480000000,0,0,29000,29550,28750
2023-08-30,14.55,29800,0.95(3.29 %),1108000,32893000000,637000,17470600000,29050,30100,28850
2023-08-31,15.04,30800,1(3.36 %),1167000,35666000000,0,0,30150,30900,30000
2023-09-05,15.14,31000,0.2(0.65 %),1161900,36245000000,0,0,31150,31550,30800
2023-09-06,14.87,30450,-0.55(-1.77 %),1122200,34340000000,0,0,31000,31000,30400
2023-09-07,15.38,31500,1.05(3.45 %),1693300,52122000000,0,0,30350,31500,30300
2023-09-08,15.97,32700,1.2(3.81 %),3748800,120794000000,0,0,31700,32900,31350
2023-09-11,15.58,31900,-0.8(-2.45 %),1876900,60965000000,4386000,133553700000,33000,33000,31900
2023-09-12,15.82,32400,0.5(1.57 %),1120300,35941000000,3844000,117420000000,32050,32500,31600
2023-09-13,16.21,33200,0.8(2.47 %),2822100,92985000000,50000,1625000000,32750,33500,32350
2023-09-14,15.75,32250,-0.95(-2.86 %),1353700,44205000000,0,0,33000,33300,32100
2023-09-15,15.63,32000,-0.25(-0.78 %),798900,25793000000,85000,2745500000,32750,32750,31700
2023-09-18,14.94,30600,-1.4(-4.38 %),1794800,56153000000,200000,6560000000,31700,32450,30550
2023-09-19,15.04,30800,0.2(0.65 %),1327900,40588000000,3365000,97697000000,31000,31100,30000
2023-09-20,15.41,31550,0.75(2.44 %),1561200,48756000000,0,0,30850,31800,30750
2023-09-21,15.23,31200,-0.35(-1.11 %),1793400,56527000000,0,0,31600,32150,31000
2023-09-22,14.62,29950,-1.25(-4.01 %),1893100,56536000000,0,0,30300,30850,29250
2023-09-25,13.62,27900,-2.05(-6.84 %),1963200,56655000000,180000,5040000000,29550,30000,27900
2023-09-26,13.14,26900,-1(-3.58 %),1164800,31907000000,4513000,131653050000,26800,28350,26700
2023-09-27,13.82,28300,1.4(5.20 %),1736300,46385000000,0,0,26900,28300,25500
2023-09-28,13.99,28650,0.35(1.24 %),1385400,39768000000,2803000,77904000000,28200,29200,27650
2023-09-29,14.01,28700,0.05(0.17 %),1203300,34078000000,0,0,28900,28900,27900
2023-10-02,13.77,28200,-0.5(-1.74 %),1020800,29264000000,40000,1148000000,28700,29300,28200
2023-10-03,13.36,27350,-0.85(-3.01 %),1324100,35823000000,0,0,28100,28100,26350
2023-10-04,13.4,27450,0.1(0.37 %),696500,18976000000,0,0,26950,27600,26800
2023-10-05,12.74,26100,-1.35(-4.92 %),950100,25484000000,1266720,33930000000,27450,27700,26100
2023-10-06,12.94,26500,0.4(1.53 %),645900,17057000000,4680000,121680000000,26200,26900,26100
2023-10-09,13.11,26850,0.35(1.32 %),707100,19052000000,1768000,44200000000,26600,27300,26600
2023-10-10,13.31,27250,0.4(1.49 %),975600,26744000000,1334210,34149460000,27250,27850,27000
2023-10-11,13.38,27400,0.15(0.55 %),408800,11169000000,115000,2990000000,27400,27450,27200
2023-10-12,13.5,27650,0.25(0.91 %),734400,20298000000,28000,767200000,27700,28050,27400
2023-10-13,13.48,27600,-0.05(-0.18 %),557900,15237000000,938020,27671590000,27300,27650,27100
2023-10-16,13.14,26900,-0.7(-2.54 %),580400,15766000000,1632516,47303764000,27300,27550,26900
2023-10-17,12.55,25700,-1.2(-4.46 %),575100,15273000000,726000,20328000000,27000,27350,25700
2023-10-18,12.7,26000,0.3(1.17 %),1377400,35166000000,2114000,51024000000,26400,26400,24200
2023-10-19,12.5,25600,-0.4(-1.54 %),818100,20773000000,180000,4500000000,25900,25900,25000
2023-10-20,12.92,26450,0.85(3.32 %),967100,24945000000,45000,1230750000,25600,26450,25000
2023-10-23,12.52,25650,-0.8(-3.02 %),363000,9390000000,208000,5240600000,26250,26250,25400
2023-10-24,12.52,25650,0(0.00 %),338900,8691000000,0,0,25950,25950,25400
2023-10-25,12.6,25800,0.15(0.58 %),703200,18112000000,3864000,99691200000,25900,26050,25500
2023-10-26,11.89,24350,-1.45(-5.62 %),1429800,34680000000,1118000,26832000000,25350,25650,24000
2023-10-27,12.16,24900,0.55(2.26 %),1109000,26952000000,1860000,45090550000,24350,24900,23400
2023-10-30,12.11,24800,-0.1(-0.40 %),439500,10833000000,0,0,24250,24850,24000
2023-10-31,11.48,23500,-1.3(-5.24 %),846900,20184000000,6890930,162996680000,24700,24700,23500
2023-11-01,11.96,24500,1(4.26 %),862100,20661000000,28000,658000000,23250,24500,22900
2023-11-02,12.31,25200,0.7(2.86 %),748700,18538000000,0,0,24400,25300,24100
2023-11-03,12.01,24600,-0.6(-2.38 %),351200,8670000000,0,0,25000,25200,24500
2023-11-06,11.94,24450,-0.15(-0.61 %),356700,8717000000,28000,688800000,24600,24750,24250
2023-11-07,11.91,24400,-0.05(-0.20 %),356100,8713000000,0,0,24400,24900,24200
2023-11-08,12.21,25000,0.6(2.46 %),652000,16168000000,28000,683200000,24400,25150,24300
2023-11-09,13.06,26750,1.75(7.00 %),1815100,47627000000,1315930,31582320000,25150,26750,25050
2023-11-10,13.01,26650,-0.1(-0.37 %),1976900,54120000000,28000,749000000,27000,27800,26650
2023-11-13,13.21,27050,0.4(1.50 %),749900,20329000000,0,0,26700,27500,26700
2023-11-14,13.43,27500,0.45(1.66 %),1866400,51926000000,28000,757400000,27200,28200,27200
2023-11-15,13.53,27700,0.2(0.73 %),880800,24675000000,0,0,28450,28450,27600
2023-11-16,13.6,27850,0.15(0.54 %),1386800,38757000000,28000,775600000,27550,28300,27500
2023-11-17,13.87,28400,0.55(1.97 %),3489000,97757000000,0,0,28000,28500,27600
2023-11-20,14.28,29250,0.85(2.99 %),2786800,80311000000,0,0,28100,29650,27600
2023-11-21,14.55,29800,0.55(1.88 %),3346400,100497000000,5840786,172342990500,29700,30600,29400
2023-11-22,14.53,29750,-0.05(-0.17 %),1917800,56984000000,9061000,269243000000,29950,30300,29000
2023-11-23,13.53,27700,-2.05(-6.89 %),1041500,29998000000,1040000,30940000000,29750,29750,27700
2023-11-24,13.4,27450,-0.25(-0.90 %),1595300,43078000000,1904150,52744955000,27900,27900,26550
2023-11-27,13.57,27800,0.35(1.28 %),1613700,45186000000,778440,21368178000,27550,28300,27550
2023-11-28,13.65,27950,0.15(0.54 %),672300,18698000000,393400,10504520000,27850,28100,27400
2023-11-29,13.6,27850,-0.1(-0.36 %),663400,18526000000,235000,6188000000,28200,28200,27650
2023-11-30,13.43,27500,-0.35(-1.26 %),525100,14635000000,28400,790940000,28000,28200,27500
2023-12-01,13.53,27700,0.2(0.73 %),434100,12057000000,0,0,27800,28000,27500
2023-12-04,13.92,28500,0.8(2.89 %),1005300,28404000000,7746776,214585695200,28050,28550,27950
2023-12-05,13.92,28500,0(0.00 %),769300,22044000000,28400,809400000,28550,28900,28450
2023-12-06,14.4,29500,1(3.51 %),3686200,108380000000,0,0,28500,29900,28400
2023-12-07,14.4,29500,0(0.00 %),1781500,52660000000,0,0,29550,30100,28700
2023-12-08,14.31,29300,-0.2(-0.68 %),639500,18702000000,40000,1180000000,29500,29500,29000
2023-12-11,14.19,29050,-0.25(-0.85 %),344900,10013000000,28400,832120000,29300,29300,28800
2023-12-12,14.65,30000,0.95(3.27 %),1592100,47568000000,0,0,29000,30200,29000
2023-12-13,14.5,29700,-0.3(-1.00 %),2200600,66456000000,0,0,30500,30600,29700
2023-12-14,14.21,29100,-0.6(-2.02 %),486100,14398000000,68400,2031480000,30000,30300,29100
2023-12-15,14.19,29050,-0.05(-0.17 %),389400,11328000000,2462000,68936000000,29050,29500,28900
2023-12-18,14.04,28750,-0.3(-1.03 %),281000,8087000000,0,0,29000,29100,28600
2023-12-19,14.21,29100,0.35(1.22 %),190600,5497000000,399500,10686625000,28700,29100,28600
2023-12-20,14.26,29200,0.1(0.34 %),276100,8062000000,450000,13995000000,29100,29350,29000
2023-12-21,14.4,29500,0.3(1.03 %),338400,9944000000,0,0,29200,29550,29000
2023-12-22,14.26,29200,-0.3(-1.02 %),263300,7733000000,0,0,29600,29600,29100
2023-12-25,14.6,29900,0.7(2.40 %),1044600,31302000000,2700000,76928000000,29450,30400,29300
2023-12-26,14.28,29250,-0.65(-2.17 %),1160700,34326000000,0,0,30200,30200,29250
2023-12-27,14.06,28800,-0.45(-1.54 %),1789900,51923000000,684000,19202000000,29700,29700,28800
2023-12-28,14.19,29050,0.25(0.87 %),336600,9835000000,0,0,29100,29400,29050
2023-12-29,14.16,29000,-0.05(-0.17 %),221900,6454000000,0,0,29350,29400,29000
2024-01-02,14.09,28850,-0.15(-0.52 %),532200,15512000000,0,0,30000,30000,28850
2024-01-03,14.16,29000,0.15(0.52 %),547500,15851000000,0,0,28750,29150,28750
2024-01-04,15.11,30950,1.95(6.72 %),4543000,138644000000,0,0,29500,31000,29250
2024-01-05,15.48,31700,0.75(2.42 %),4227400,132415000000,0,0,31350,31700,30850
2024-01-08,15.5,31750,0.05(0.16 %),4247600,134435000000,2158000,63661000000,32400,32500,31000
2024-01-09,15.38,31500,-0.25(-0.79 %),4099600,128210000000,1260000,39060000000,31850,31850,31050
2024-01-10,15.38,31500,0(0.00 %),5087400,162128000000,509900,15297000000,31500,32500,31200
2024-01-11,14.89,30500,-1(-3.17 %),3384000,104706000000,2986900,93357000000,31500,31800,30500
2024-01-12,14.31,29300,-1.2(-3.93 %),3582200,106589000000,3120000,91980000000,30400,30400,29200
2024-01-15,13.92,28500,-0.8(-2.73 %),3000500,87234000000,40000,1168000000,29700,29700,28500
2024-01-16,13.84,28350,-0.15(-0.53 %),3670900,103970000000,150000,4275000000,28550,28750,28050
2024-01-17,14.8,26350,-7.85(-27.69 %),2011600,41233000000,0,0,26350,26350,26350
2024-01-18,14.58,20200,-0.3(-1.46 %),2781800,56726000000,150000,3285000000,20650,20700,20100
2024-01-19,14.62,20250,0.05(0.25 %),2410200,49058000000,0,0,20200,20900,20150
2024-01-22,14.62,20250,0(0.00 %),2103600,42268000000,280000,5320000000,20500,20600,19850
2024-01-23,14.69,20350,0.1(0.49 %),2965500,60348000000,0,0,20300,20700,19950
2024-01-24,14.51,20100,-0.25(-1.23 %),2259200,45700000000,0,0,20350,20500,20000
2024-01-25,14.44,20000,-0.1(-0.50 %),2882800,57793000000,2598000,49362000000,20250,20400,19950
2024-01-26,14.37,19900,-0.1(-0.50 %),1573500,31458000000,0,0,20100,20100,19900
2024-01-29,14.44,20000,0.1(0.50 %),1255500,25078000000,0,0,20100,20100,19800
2024-01-30,15.02,20800,0.8(4.00 %),4697400,96672000000,372000,7068000000,20050,20800,20050
2024-01-31,14.8,20500,-0.3(-1.44 %),3162400,65331000000,0,0,20900,20900,20400
2024-02-01,15.67,21700,1.2(5.85 %),5522100,117849000000,10169600,205239360000,20600,21750,20450
2024-02-02,15.92,22050,0.35(1.61 %),4355200,96410000000,2830000,58015000000,21800,22650,21550
2024-02-05,15.95,22100,0.05(0.23 %),4444400,98924000000,0,0,22100,22650,21950
2024-02-06,16.21,22450,0.35(1.58 %),3859700,86186000000,0,0,22150,22600,21850
2024-02-07,16.06,22250,-0.2(-0.89 %),3293800,73925000000,0,0,22600,22700,22200
2024-02-15,15.81,21900,-0.35(-1.57 %),5390700,118824000000,75000,1552500000,22300,22400,21700
2024-02-16,16.21,22450,0.55(2.51 %),4664200,103531000000,75000,1530000000,21800,22700,21800
2024-02-19,15.99,22150,-0.3(-1.34 %),3133500,69834000000,1087000,23954150000,22500,22750,22050
2024-02-20,16.53,22900,0.75(3.39 %),6086900,135633000000,248000,5580000000,22350,22900,21900
2024-02-21,16.35,22650,-0.25(-1.09 %),3981800,90577000000,47000,1076300000,22900,23200,22450
2024-02-22,16.28,22550,-0.1(-0.44 %),2769400,62700000000,6060000,133320000000,22700,22850,22500
2024-02-23,15.95,22100,-0.45(-2.00 %),6419500,144578000000,45000,1014750000,22700,23000,22000
2024-02-26,16.32,22600,0.5(2.26 %),3657800,81753000000,0,0,22100,22700,21950
2024-02-27,16.32,22600,0(0.00 %),3229500,72918000000,45000,1017000000,22700,22800,22450
2024-02-28,16.5,22850,0.25(1.11 %),6086900,139738000000,0,0,22750,23300,22500
2024-02-29,16.24,22500,-0.35(-1.53 %),6974200,156704000000,0,0,23050,23050,22050
2024-03-01,16.46,22800,0.3(1.33 %),3566500,80613000000,8620000,189640000000,22500,22900,22350
2024-03-04,16.32,22600,-0.2(-0.88 %),5196600,118672000000,250000,5625000000,22900,23200,22550
2024-03-05,16.24,22500,-0.1(-0.44 %),4309200,96753000000,0,0,22700,22700,22300
2024-03-06,15.92,22050,-0.45(-2.00 %),4683400,104202000000,2152000,47344000000,22700,22700,22000
2024-03-07,15.85,21950,-0.15(-0.68 %),6679400,146682000000,30000,663000000,22100,22300,21700
2024-03-08,15.56,21550,-0.4(-1.82 %),4695200,101698000000,0,0,22100,22100,21500
2024-03-11,15.3,21200,-0.35(-1.62 %),3399200,72941000000,280000,5671500000,21500,21750,21000
2024-03-12,15.63,21650,0.45(2.12 %),4275700,92057000000,0,0,21200,21850,21100
2024-03-13,15.92,22050,0.4(1.85 %),4129000,90499000000,0,0,21750,22100,21550
2024-03-14,16.39,22700,0.65(2.95 %),8168900,183323000000,0,0,22100,22900,21950
2024-03-15,16.03,22200,-0.5(-2.20 %),4732700,106092000000,0,0,22800,22850,22100
2024-03-18,15.41,21350,-0.85(-3.83 %),7212700,155173000000,0,0,22200,22400,21000
2024-03-19,15.74,21800,0.45(2.11 %),3075700,67173000000,0,0,21500,22150,21450
2024-03-20,15.81,21900,0.1(0.46 %),2004000,43967000000,2779000,61138000000,22100,22150,21800
2024-03-21,16.03,22200,0.3(1.37 %),4058400,89967000000,3985400,81729260000,22200,22450,21950
2024-03-22,15.95,22100,-0.1(-0.45 %),4853000,108032000000,1212900,26683800000,22400,22500,22100
2024-03-25,15.77,21850,-0.25(-1.13 %),4904000,108126000000,2455400,54021460000,22200,22450,21600
2024-03-26,15.92,22050,0.2(0.92 %),2787300,61113000000,331500,6795750000,21950,22150,21700
2024-03-27,17.0,23550,1.5(6.80 %),13376000,305978000000,20400,449820000,22150,23550,22050
2024-03-28,16.89,23400,-0.15(-0.64 %),7350900,172902000000,47000,1106850000,23800,23800,23300
2024-03-29,16.71,23150,-0.25(-1.07 %),6010200,140353000000,14909100,332591610000,23400,23750,23050
2024-04-01,16.6,23000,-0.15(-0.65 %),5220700,120004000000,0,0,23200,23350,22650
2024-04-02,16.71,23150,0.15(0.65 %),4940200,113211000000,0,0,22850,23250,22600
2024-04-03,16.53,22900,-0.25(-1.08 %),6599100,153736000000,0,0,23250,23750,22800
2024-04-04,16.53,22900,0(0.00 %),5007400,113716000000,0,0,23000,23000,22400
2024-04-05,16.39,22700,-0.2(-0.87 %),4860300,110854000000,1723000,38088700000,22600,23250,22400
2024-04-08,15.92,22050,-0.65(-2.86 %),3290800,73765000000,800000,17618700000,22500,22700,22050
2024-04-09,15.92,22050,0(0.00 %),3687100,81156000000,1013000,22468700000,22100,22350,21700
2024-04-10,15.56,21550,-0.5(-2.27 %),3560800,77924000000,20000,411000000,22150,22300,21550
2024-04-11,15.56,21550,0(0.00 %),2662700,57106000000,3110500,62365525000,21250,21650,21200
2024-04-12,15.95,22100,0.55(2.55 %),2305800,50543000000,0,0,21600,22100,21600
2024-04-15,14.87,20600,-1.5(-6.79 %),5155900,109859000000,0,0,22100,22100,20600
2024-04-16,14.58,20200,-0.4(-1.94 %),4373400,87906000000,0,0,20600,20700,19650
2024-04-17,14.44,20000,-0.2(-0.99 %),1995400,40349000000,0,0,20450,20500,20000
2024-04-19,14.0,19400,-0.6(-3.00 %),3462600,68099000000,80000,1556000000,19900,20150,19300
2024-04-22,14.37,19900,0.5(2.58 %),1322700,26179000000,1080000,20952000000,19700,19950,19650
2024-04-23,14.26,19750,-0.15(-0.75 %),1351100,26743000000,0,0,19900,19950,19600
2024-04-24,14.69,20350,0.6(3.04 %),1803700,36467000000,1400000,28000000000,20100,20450,20000
2024-04-25,14.51,20100,-0.25(-1.23 %),1258800,25394000000,0,0,20300,20350,20000
2024-04-26,14.76,20450,0.35(1.74 %),2673800,54895000000,0,0,19950,20850,19850
2024-05-02,14.55,20150,-0.3(-1.47 %),1527700,30769000000,2070000,41400000000,20500,20500,20050
2024-05-03,14.44,20000,-0.15(-0.74 %),1727400,34877000000,0,0,20300,20400,20000
2024-05-06,14.94,20700,0.7(3.50 %),2283700,46755000000,0,0,20200,20750,20050
2024-05-07,15.3,21200,0.5(2.42 %),3061700,64345000000,0,0,20800,21350,20550
2024-05-08,15.38,21300,0.1(0.47 %),3346700,71195000000,0,0,20900,21700,20800
2024-05-09,15.16,21000,-0.3(-1.41 %),2696700,57066000000,0,0,21300,21450,20900
2024-05-10,15.05,20850,-0.15(-0.71 %),2391700,49733000000,0,0,21200,21300,20600
2024-05-13,15.05,20850,0(0.00 %),1851800,38850000000,1480000,29600000000,20950,21250,20750
2024-05-14,15.12,20950,0.1(0.48 %),1137300,23816000000,0,0,21000,21100,20850
2024-05-15,15.27,21150,0.2(0.95 %),2991900,63745000000,3154400,63689680000,21000,21650,20900
2024-05-16,15.27,21150,0(0.00 %),2335700,49461000000,0,0,21400,21400,21050
2024-05-17,15.48,21450,0.3(1.42 %),4159100,89249000000,3100000,67300000000,21200,21700,21100
2024-05-20,16.17,22400,0.95(4.43 %),6734400,150597000000,440000,9240000000,21600,22900,21550
2024-05-21,15.99,22150,-0.25(-1.12 %),4497000,99477000000,0,0,22300,22550,21900
2024-05-22,15.74,21800,-0.35(-1.58 %),5979900,131837000000,0,0,22350,22650,21700
2024-05-23,15.67,21700,-0.1(-0.46 %),10662900,233890000000,0,0,21800,22350,21650
2024-05-24,15.38,21300,-0.4(-1.84 %),7652200,164025000000,0,0,21700,21900,20750
2024-05-27,15.09,20900,-0.4(-1.88 %),3701500,78031000000,0,0,21300,21450,20850
2024-05-28,15.3,21200,0.3(1.44 %),3475400,73245000000,0,0,21050,21300,20900
2024-05-29,15.16,21000,-0.2(-0.94 %),3882400,82190000000,0,0,21350,21500,20950
2024-05-30,15.34,21250,0.25(1.19 %),21509400,451630000000,29478300,611826090000,20500,21450,20500
2024-05-31,15.92,22050,0.8(3.76 %),14588700,321038000000,0,0,21600,22350,21450
2024-06-03,15.74,21800,-0.25(-1.13 %),11997700,263307000000,13690000,287614000000,22300,22350,21750
2024-06-04,15.99,22150,0.35(1.61 %),12246200,272222000000,78900,1720020000,21950,22550,21750
2024-06-05,15.77,21850,-0.3(-1.35 %),7274400,160833000000,0,0,22200,22450,21850
2024-06-06,16.03,22200,0.35(1.60 %),9918000,219081000000,3000000,63000000000,21950,22500,21650
2024-06-07,16.39,22700,0.5(2.25 %),15323200,348559000000,4680000,107640000000,22350,23200,22100
2024-06-10,17.11,23700,1(4.41 %),22633800,537569000000,1690000,38870000000,23400,24250,23100
2024-06-11,16.86,23350,-0.35(-1.48 %),10815800,253230000000,13200000,308400000000,23950,23950,23100
2024-06-12,16.75,23200,-0.15(-0.64 %),9627400,221801000000,0,0,23350,23350,22900
2024-06-13,16.71,23150,-0.05(-0.22 %),7757100,180692000000,0,0,23300,23650,23050
2024-06-14,16.03,22200,-0.95(-4.10 %),14526800,334964000000,0,0,23350,23650,22200
2024-06-17,16.24,22500,0.3(1.35 %),8024700,181072000000,5296250,117576750000,22400,22950,22250
2024-06-18,16.17,22400,-0.1(-0.44 %),4861000,109794000000,25000,523750000,22700,22800,22400
2024-06-19,16.24,22500,0.1(0.45 %),6786400,152770000000,7762308,173170528400,22400,22700,22300
2024-06-20,15.99,22150,-0.35(-1.56 %),7958500,176924000000,1655000,37237500000,22550,22600,22000
2024-06-21,16.1,22300,0.15(0.68 %),5916200,132542000000,1788166,39607876900,22200,22750,22150
2024-06-24,15.2,21050,-1.25(-5.61 %),11554000,249023000000,0,0,22400,22400,21000
2024-06-25,15.7,21750,0.7(3.33 %),6696500,144063000000,0,0,21100,22150,20950
2024-06-26,15.56,21550,-0.2(-0.92 %),3514700,76458000000,1080000,22788000000,21750,22100,21300
2024-06-27,15.56,21550,0(0.00 %),2298200,49590000000,3000000,61500000000,21650,21700,21450
2024-06-28,15.88,22000,0.45(2.09 %),6911200,150240000000,0,0,21550,22050,21150
2024-07-01,15.74,21800,-0.2(-0.91 %),2737600,59590000000,59000,1209500000,21900,21950,21550
2024-07-02,15.81,21900,0.1(0.46 %),3371800,74111000000,0,0,21950,22250,21800
2024-07-03,15.81,21900,0(0.00 %),3359300,74063000000,21417000,438157800000,21950,22350,21900
2024-07-04,15.74,21800,-0.1(-0.46 %),3929100,85961000000,0,0,21950,22050,21750
2024-07-05,16.03,22200,0.4(1.83 %),7805100,172804000000,0,0,22000,22450,21900
2024-07-08,16.13,22350,0.15(0.68 %),6158000,138304000000,0,0,22500,22700,22200
2024-07-09,16.1,22300,-0.05(-0.22 %),5463200,122143000000,0,0,22500,22550,22200
2024-07-10,15.74,21800,-0.5(-2.24 %),7401100,163184000000,0,0,22350,22400,21800
2024-07-11,15.7,21750,-0.05(-0.23 %),4305800,94209000000,0,0,21900,22100,21750
2024-07-12,15.59,21600,-0.15(-0.69 %),3396900,73802000000,0,0,21800,21950,21550
2024-07-15,15.52,21500,-0.1(-0.46 %),2268500,49082000000,0,0,21700,21800,21500
2024-07-16,15.52,21500,0(0.00 %),3304000,71694000000,0,0,21650,21900,21500
2024-07-17,14.65,20300,-1.2(-5.58 %),9859700,205796000000,0,0,21650,21750,20000
2024-07-18,14.98,20750,0.45(2.22 %),3526500,71984000000,0,0,20500,20800,20200
2024-07-19,14.65,20300,-0.45(-2.17 %),3894000,79710000000,0,0,20750,20750,20250
2024-07-22,14.51,20100,-0.2(-0.99 %),3949300,79359000000,200000,4000000000,20250,20550,19800
2024-07-23,14.15,19600,-0.5(-2.49 %),3222200,64278000000,400000,8000000000,20200,20350,19600
2024-07-24,14.33,19850,0.25(1.28 %),3265900,63990000000,0,0,19400,20000,19250
2024-07-25,14.37,19900,0.05(0.25 %),1604700,31770000000,400000,8000000000,19850,19950,19650
2024-07-26,14.44,20000,0.1(0.50 %),1049400,20881000000,0,0,19900,20000,19800
2024-07-29,14.44,20000,0(0.00 %),1229700,24711000000,0,0,20100,20250,20000
2024-07-30,14.47,20050,0.05(0.25 %),2023100,40675000000,0,0,20000,20350,19900
2024-07-31,14.44,20000,-0.05(-0.25 %),1888200,38020000000,0,0,20450,20450,19950
2024-08-01,13.82,19150,-0.85(-4.25 %),4996300,97089000000,0,0,20100,20150,18800
2024-08-02,13.93,19300,0.15(0.78 %),3501300,66066000000,0,0,19000,19300,18550
2024-08-05,12.96,17950,-1.35(-6.99 %),4022200,73338000000,0,0,18800,18950,17950
2024-08-06,13.1,18150,0.2(1.11 %),3062600,55125000000,0,0,18050,18300,17600
2024-08-07,13.1,18150,0(0.00 %),1767200,31970000000,1194000,20178600000,18250,18350,17850
2024-08-08,13.14,18200,0.05(0.28 %),2664300,48484000000,20000,338000000,18000,18500,18000
2024-08-09,13.5,18700,0.5(2.75 %),3243100,60021000000,0,0,18300,18700,18300
2024-08-12,13.68,18950,0.25(1.34 %),3000100,56247000000,0,0,18700,19000,18500
2024-08-13,13.36,18500,-0.45(-2.37 %),2880500,53571000000,0,0,19000,19000,18350
2024-08-14,13.21,18300,-0.2(-1.08 %),1819800,33461000000,0,0,18600,18650,18250
2024-08-15,13.07,18100,-0.2(-1.09 %),2273100,41255000000,0,0,18350,18500,18000
2024-08-16,13.61,18850,0.75(4.14 %),5544200,103309000000,0,0,18200,19000,18100
2024-08-19,13.86,19200,0.35(1.86 %),4535200,86929000000,0,0,18950,19300,18950
2024-08-20,13.86,19200,0(0.00 %),7925500,150881000000,0,0,19300,19300,18900
2024-08-21,13.86,19200,0(0.00 %),3210300,61835000000,0,0,19200,19500,19100
2024-08-22,13.82,19150,-0.05(-0.26 %),3018000,57769000000,0,0,19300,19300,19050
2024-08-23,13.72,19000,-0.15(-0.78 %),3524000,67007000000,0,0,19150,19200,18850
2024-08-26,13.72,19000,0(0.00 %),3118600,59722000000,0,0,19150,19400,18950
2024-08-27,13.57,18800,-0.2(-1.05 %),2546400,48133000000,0,0,18950,19100,18800
2024-08-28,13.36,18500,-0.3(-1.60 %),4556400,84965000000,0,0,18800,18850,18450
2024-08-29,13.25,18350,-0.15(-0.81 %),2165300,39930000000,0,0,18500,18600,18350
2024-08-30,13.36,18500,0.15(0.82 %),1844300,34025000000,40000,760000000,18400,18600,18300
2024-09-04,13.28,18400,-0.1(-0.54 %),1616800,29719000000,0,0,18350,18500,18250
2024-09-05,13.32,18450,0.05(0.27 %),2489500,46147000000,0,0,18500,18700,18350
2024-09-06,13.43,18600,0.15(0.81 %),2304900,42751000000,0,0,18550,18650,18450
2024-09-09,13.36,18500,-0.1(-0.54 %),2285800,42302000000,0,0,18550,18600,18400
2024-09-10,13.07,18100,-0.4(-2.16 %),3124200,57288000000,69200,1193700000,18550,18650,18100
2024-09-11,12.96,16850,-0.14(-0.83 %),1940100,32502000000,0,0,16850,16950,16850
2024-09-12,13.04,16800,0.1(0.60 %),1530500,25724000000,0,0,16750,16950,16700
2024-09-13,13.04,16800,0(0.00 %),873000,14690000000,100000,1565000000,16750,16950,16750
2024-09-16,12.92,16650,-0.15(-0.89 %),1363100,22889000000,0,0,16800,16950,16650
2024-09-17,13.04,16800,0.15(0.90 %),1442000,24030000000,0,0,16600,16800,16550
2024-09-18,13.31,17150,0.35(2.08 %),2766200,47339000000,0,0,16850,17300,16750
2024-09-19,13.35,17200,0.05(0.29 %),1138900,19578000000,0,0,17150,17300,17100
2024-09-20,13.39,17250,0.05(0.29 %),2504000,43316000000,0,0,17300,17450,17150
2024-09-23,13.35,17200,-0.05(-0.29 %),1395600,23952000000,0,0,17350,17350,17100
2024-09-24,13.43,17300,0.1(0.58 %),1897000,32578000000,0,0,17200,17300,17050
2024-09-25,13.54,17450,0.15(0.87 %),3034100,52830000000,0,0,17450,17600,17250
2024-09-26,13.66,17600,0.15(0.86 %),2811100,49453000000,24224,393640000,17500,17700,17500
2024-09-27,13.66,17600,0(0.00 %),2747900,48145000000,222000,3907200000,17750,17750,17400
2024-09-30,13.78,17750,0.15(0.85 %),3612700,63677000000,0,0,17650,17750,17500
2024-10-01,13.66,17600,-0.15(-0.85 %),3158800,55957000000,65000,1137500000,17700,17850,17600
2024-10-02,13.54,17450,-0.15(-0.85 %),1647200,28927000000,0,0,17550,17700,17450
2024-10-03,13.31,17150,-0.3(-1.72 %),2159700,37413000000,130000,2275000000,17450,17600,17100
2024-10-04,13.27,17100,-0.05(-0.29 %),1099600,18814000000,450000,7717500000,17150,17200,17050
2024-10-07,13.27,17100,0(0.00 %),816600,14011000000,695000,11936500000,17150,17300,17050
2024-10-08,13.43,17300,0.2(1.17 %),1141000,19684000000,0,0,17150,17450,17050
2024-10-09,13.5,17400,0.1(0.58 %),1122300,19522000000,65000,1153750000,17400,17500,17300
2024-10-10,13.39,17250,-0.15(-0.86 %),1056100,18328000000,0,0,17450,17500,17250
2024-10-11,13.66,17600,0.35(2.03 %),3997400,70149000000,1743200,30070200000,17250,17700,17250
2024-10-14,13.58,17500,-0.1(-0.57 %),2474300,43492000000,0,0,17750,17800,17450
2024-10-15,13.35,17200,-0.3(-1.71 %),1610300,27971000000,0,0,17500,17600,17200
2024-10-16,13.43,17300,0.1(0.58 %),1309100,22587000000,0,0,17200,17400,17100
2024-10-17,13.43,17300,0(0.00 %),1556600,26791000000,0,0,17300,17400,17100
2024-10-18,13.39,17250,-0.05(-0.29 %),1091600,18890000000,0,0,17300,17450,17200
2024-10-21,13.15,16950,-0.3(-1.74 %),2166300,36941000000,0,0,17300,17300,16950
2024-10-22,13.12,16900,-0.05(-0.29 %),1111100,18808000000,0,0,16850,17100,16800
2024-10-23,13.08,16850,-0.05(-0.30 %),1002100,16893000000,0,0,16900,16950,16800
2024-10-24,12.88,16600,-0.25(-1.48 %),1136600,19031000000,0,0,16900,16900,16600
2024-10-25,12.92,16650,0.05(0.30 %),858700,14297000000,0,0,16650,16800,16600
2024-10-28,13.0,16750,0.1(0.60 %),711500,11906000000,0,0,16700,16800,16650
2024-10-29,13.19,17000,0.25(1.49 %),1758300,29899000000,0,0,16800,17150,16750
2024-10-30,13.15,16950,-0.05(-0.29 %),837100,14189000000,0,0,17050,17100,16850
2024-10-31,13.12,16900,-0.05(-0.29 %),804200,13584000000,0,0,17000,17000,16800
2024-11-01,12.96,16700,-0.2(-1.18 %),1054100,17713000000,0,0,16900,17000,16700
2024-11-04,12.96,16700,0(0.00 %),1203900,19946000000,400000,6800000000,16700,16850,16450
2024-11-05,12.88,16600,-0.1(-0.60 %),726200,12130000000,0,0,16650,16800,16600
2024-11-06,13.23,17050,0.45(2.71 %),1848600,31343000000,400000,6800000000,16800,17150,16650
2024-11-07,13.27,17100,0.05(0.29 %),1786600,30535000000,0,0,17050,17200,17000
2024-11-08,13.15,16950,-0.15(-0.88 %),1615700,27526000000,450000,7655000000,17150,17200,16900
2024-11-11,13.58,17500,0.55(3.24 %),10285700,179467000000,560000,9520000000,17000,17650,17000
2024-11-12,13.43,17300,-0.2(-1.14 %),2844800,49687000000,458480,7823400000,17700,17800,17250
2024-11-13,13.31,17150,-0.15(-0.87 %),5648700,96851000000,0,0,17300,17500,16950
2024-11-14,13.89,17900,0.75(4.37 %),14992300,265056000000,58480,1040944000,17250,18100,17100
2024-11-15,13.54,17450,-0.45(-2.51 %),6542500,115317000000,0,0,17800,18050,17400
2024-11-18,13.35,17200,-0.25(-1.43 %),4801700,83475000000,0,0,17450,17750,17200
2024-11-19,12.46,16050,-1.15(-6.69 %),9799600,163400000000,0,0,17300,17600,16000
2024-11-20,12.18,15700,-0.35(-2.18 %),6662500,106164000000,0,0,16000,16300,15500
2024-11-21,12.34,15900,0.2(1.27 %),2661000,42178000000,0,0,15800,16050,15700
2024-11-22,12.22,15750,-0.15(-0.94 %),3477600,54962000000,0,0,15900,16000,15600
2024-11-25,12.38,15950,0.2(1.27 %),2309500,36830000000,0,0,15800,16050,15800
2024-11-26,12.46,16050,0.1(0.63 %),2743500,43983000000,0,0,16000,16150,15950
2024-11-27,12.46,16050,0(0.00 %),2763700,44475000000,0,0,16050,16250,15950
2024-11-28,12.38,15950,-0.1(-0.62 %),1391300,22315000000,0,0,16100,16200,15950
2024-11-29,12.42,16000,0.05(0.31 %),2169000,34766000000,0,0,15950,16150,15950
2024-12-02,12.46,16050,0.05(0.31 %),3400400,54761000000,90000,1345000000,16100,16250,16000
2024-12-03,12.49,16100,0.05(0.31 %),2793200,45412000000,0,0,16050,16450,16050
2024-12-04,12.38,15950,-0.15(-0.93 %),2838300,45382000000,0,0,16200,16250,15650
2024-12-05,12.57,16200,0.25(1.57 %),3666700,58965000000,0,0,16000,16300,15800
2024-12-06,12.53,16150,-0.05(-0.31 %),2604700,42321000000,0,0,16300,16400,16150
2024-12-09,12.61,16250,0.1(0.62 %),2577000,41817000000,0,0,16200,16350,16150
2024-12-10,12.46,16050,-0.2(-1.23 %),3735000,60037000000,0,0,16250,16300,15950
2024-12-11,12.38,15950,-0.1(-0.62 %),2182600,34989000000,0,0,16050,16150,15950
2024-12-12,12.34,15900,-0.05(-0.31 %),2057000,32831000000,0,0,16000,16050,15900
2024-12-13,12.26,15800,-0.1(-0.63 %),2127300,33660000000,0,0,15950,15950,15700
2024-12-16,12.22,15750,-0.05(-0.32 %),1631600,25671000000,9250000,156325000000,15850,15900,15700
2024-12-17,12.22,15750,0(0.00 %),1195200,18858000000,1937500,32550000000,15750,15850,15700
2024-12-18,12.22,15750,0(0.00 %),1967800,30934000000,8000000,129675000000,15800,15800,15650
2024-12-19,12.03,15500,-0.25(-1.59 %),5031800,78245000000,84817,1335867750,15700,15700,15350
2024-12-20,12.26,15800,0.3(1.94 %),5241500,83274000000,0,0,15550,16150,15550
2024-12-23,12.3,15850,0.05(0.32 %),2121500,33582000000,84817,1331626900,15900,16000,15750
2024-12-24,12.53,16150,0.3(1.89 %),6764800,107933000000,0,0,15850,16400,15700
2024-12-25,12.57,16200,0.05(0.31 %),5017400,81210000000,0,0,16250,16300,16050
2024-12-26,12.61,16250,0.05(0.31 %),3333800,54253000000,0,0,16200,16350,16200
2024-12-27,12.57,16200,-0.05(-0.31 %),3808500,61786000000,75250,1305587500,16300,16350,16050
2024-12-30,12.38,15950,-0.25(-1.54 %),1740800,27872000000,3900000,67080000000,16150,16150,15950
2024-12-31,12.34,15900,-0.05(-0.31 %),2383500,37846000000,4175250,66717462500,16000,16000,15750
2025-01-02,12.42,16000,0.1(0.63 %),1076900,17138000000,0,0,15900,16000,15800
2025-01-03,12.26,15800,-0.2(-1.25 %),2174500,34613000000,4100000,65600000000,15950,16050,15800
2025-01-06,12.11,15600,-0.2(-1.27 %),2487700,39435000000,0,0,15800,16000,15550
2025-01-07,12.11,15600,0(0.00 %),1713500,26849000000,0,0,15700,15800,15500
2025-01-08,12.34,15900,0.3(1.92 %),1415700,22356000000,0,0,15600,16000,15600
2025-01-09,12.34,15900,0(0.00 %),1402900,22313000000,0,0,15900,16050,15700
2025-01-10,12.15,15650,-0.25(-1.57 %),2256000,35628000000,0,0,15950,16000,15650
2025-01-13,12.15,15650,0(0.00 %),1654300,25814000000,0,0,15800,15850,15400
2025-01-14,12.46,16050,0.4(2.56 %),2867000,45572000000,0,0,15750,16150,15700
2025-01-15,12.81,16500,0.45(2.80 %),5813600,95234000000,0,0,15900,16600,15900
2025-01-16,12.88,16600,0.1(0.61 %),4806100,80074000000,0,0,16600,16900,16400
2025-01-17,13.0,16750,0.15(0.90 %),3255400,54699000000,0,0,16800,16950,16700
2025-01-20,13.04,16800,0.05(0.30 %),2785100,46801000000,500000,7800000000,16800,16950,16600
2025-01-21,12.96,16700,-0.1(-0.60 %),2633300,44586000000,0,0,16850,17150,16700
2025-01-22,12.96,16700,0(0.00 %),2451800,41226000000,500000,8675000000,16700,16900,16700
2025-01-23,13.19,17000,0.3(1.80 %),2375600,40238000000,0,0,16800,17000,16700
2025-01-24,13.58,17500,0.5(2.94 %),5092100,88230000000,3160000,53720000000,16900,17500,16900
2025-02-04,13.93,17950,0.4(2.28 %),5207000,92719000000,0,0,17600,18000,17550
2025-02-05,14.09,18150,0.2(1.11 %),5558400,100644000000,0,0,18000,18250,17950
2025-02-06,14.05,18100,-0.05(-0.28 %),5558900,101126000000,0,0,18150,18300,18050
2025-02-07,14.01,18050,-0.05(-0.28 %),4333500,78392000000,0,0,18100,18200,17900
2025-02-10,13.58,17500,-0.55(-3.05 %),3657400,64644000000,0,0,18000,18000,17500
2025-02-11,13.74,17700,0.2(1.14 %),3143700,55598000000,0,0,17500,17800,17500
2025-02-12,14.01,18050,0.35(1.98 %),4703600,84705000000,0,0,17700,18150,17700
2025-02-13,14.4,18550,0.5(2.77 %),5215300,96089000000,0,0,18150,18750,18050
2025-02-14,14.36,18500,-0.05(-0.27 %),3056300,56657000000,0,0,18600,18700,18450
2025-02-17,14.36,18500,0(0.00 %),3826900,70913000000,0,0,18600,18750,18450
2025-02-18,13.85,17850,-0.65(-3.51 %),7710200,140752000000,0,0,18500,18550,17850
2025-02-19,13.97,18000,0.15(0.84 %),2225300,40028000000,0,0,17950,18100,17850
2025-02-20,14.12,18200,0.2(1.11 %),2161200,39285000000,0,0,18000,18250,18000
2025-02-21,14.12,18200,0(0.00 %),2082100,37684000000,0,0,18250,18300,18000
2025-02-24,13.97,18000,-0.2(-1.10 %),2534900,45697000000,0,0,18200,18300,17900
2025-02-25,14.24,18350,0.35(1.94 %),2732700,49668000000,0,0,18050,18350,17950
2025-02-26,14.44,18600,0.25(1.36 %),4114200,76342000000,0,0,18350,18700,18350
2025-02-27,14.32,18450,-0.15(-0.81 %),2806700,51415000000,0,0,18600,18650,18100
2025-02-28,14.24,18350,-0.1(-0.54 %),2243100,41040000000,0,0,18350,18400,18200
2025-03-03,14.36,18500,0.15(0.82 %),2882300,53283000000,0,0,18300,18750,18200
2025-03-04,14.36,18500,0(0.00 %),3753000,68777000000,12120000,218160000000,18250,18550,18050
2025-03-05,14.2,18300,-0.2(-1.08 %),2735600,50464000000,0,0,18300,18650,18300
2025-03-06,14.44,18600,0.3(1.64 %),2509200,46508000000,0,0,18300,18750,18300
2025-03-07,14.63,18850,0.25(1.34 %),3184000,60236000000,0,0,18600,19100,18600
2025-03-10,14.44,18600,-0.25(-1.33 %),1712600,31938000000,0,0,19000,19000,18500
2025-03-11,14.12,18200,-0.4(-2.15 %),2573800,47037000000,0,0,18350,18450,18100
2025-03-12,14.28,18400,0.2(1.10 %),1785900,32674000000,0,0,18250,18450,18200
2025-03-13,14.2,18300,-0.1(-0.54 %),2136000,39056000000,0,0,18400,18450,18050
2025-03-14,13.74,17700,-0.6(-3.28 %),1821800,32686000000,0,0,18150,18300,17700
2025-03-17,13.62,17550,-0.15(-0.85 %),1176500,20718000000,0,0,17850,17850,17500
2025-03-18,13.78,17750,0.2(1.14 %),912000,16182000000,0,0,17600,17800,17600
2025-03-19,13.93,17950,0.2(1.13 %),845400,15055000000,1,16550,17750,18000,17650
2025-03-20,13.81,17800,-0.15(-0.84 %),554900,9874000000,0,0,18000,18000,17600
2025-03-21,13.78,17750,-0.05(-0.28 %),515200,9187000000,448000,7974400000,17650,17950,17650
2025-03-24,13.58,17500,-0.25(-1.41 %),856400,14962000000,0,0,17700,17850,17350
2025-03-25,13.85,17850,0.35(2.00 %),1015900,17992000000,6585000,118492500000,17600,17950,17500
2025-03-26,13.7,17650,-0.2(-1.12 %),691900,12337000000,0,0,17900,18050,17650
2025-03-27,13.58,17500,-0.15(-0.85 %),556700,9760000000,0,0,17600,17750,17450
2025-03-28,14.05,18100,0.6(3.43 %),1432000,25300000000,0,0,17600,18100,17350
2025-03-31,13.7,17650,-0.45(-2.49 %),883900,15687000000,0,0,17900,17950,17600
2025-04-01,13.78,17750,0.1(0.57 %),594000,10510000000,4582150,80874947500,17800,17850,17600
2025-04-02,13.74,17700,-0.05(-0.28 %),950200,16827000000,0,0,17550,17850,17550
2025-04-03,12.81,16500,-1.2(-6.78 %),2469400,40802000000,0,0,16500,16800,16500
2025-04-04,12.49,16100,-0.4(-2.42 %),4866200,75150000000,0,0,15350,16300,15350
2025-04-08,11.64,15000,-1.1(-6.83 %),1095900,16447000000,100000,1500000000,15000,15200,15000
2025-04-09,10.83,13950,-1.05(-7.00 %),4370500,60985000000,35000,488250000,13950,14200,13950
2025-04-10,11.56,14900,0.95(6.81 %),101300,1509000000,0,0,14900,14900,14900
2025-04-11,12.26,15800,0.9(6.04 %),3233000,49247000000,0,0,15500,15850,14650
2025-04-14,12.53,16150,0.35(2.22 %),1610700,25431000000,0,0,15900,16150,15500
2025-04-15,12.88,16600,0.45(2.79 %),3028100,49128000000,0,0,15900,16600,15650
2025-04-16,13.04,16800,0.2(1.20 %),2605100,43931000000,0,0,16300,17100,16300
2025-04-17,13.04,16800,0(0.00 %),2958600,48613000000,0,0,16550,16850,15900
2025-04-18,13.7,17650,0.85(5.06 %),5278900,91744000000,0,0,16900,17800,16650
2025-04-21,14.16,18250,0.6(3.40 %),5033300,90951000000,0,0,17600,18250,17450
2025-04-22,14.2,18300,0.05(0.27 %),4873900,86849000000,0,0,18100,18300,17000
2025-04-23,14.63,18850,0.55(3.01 %),5006700,93512000000,0,0,18350,19000,18300
2025-04-24,15.48,19950,1.1(5.84 %),7459600,145415000000,0,0,18950,20000,18850
2025-04-25,15.91,20500,0.55(2.76 %),7144900,145244000000,0,0,19850,20550,19500
2025-04-28,16.26,20950,0.45(2.20 %),6221700,129274000000,0,0,20500,21000,20200
2025-04-29,17.38,22400,1.45(6.92 %),11877900,261286000000,2200000,49280000000,20900,22400,20850
2025-05-05,18.59,23950,1.55(6.92 %),6855100,160703310000,100000,2085000000,22750,23950,22500
2025-05-06,17.89,23050,-0.9(-3.76 %),7926500,185738105000,800000,17875000000,24450,24450,22850
2025-05-07,18.16,23400,0.35(1.52 %),5186900,119712695000,900000,22140000000,23100,23500,22600
2025-05-08,17.77,22900,-0.5(-2.14 %),4857400,113055455000,0,0,23400,24050,22900
2025-05-09,17.93,23100,0.2(0.87 %),4909500,114146710000,0,0,22900,23800,22750
2025-05-12,17.69,22800,-0.3(-1.30 %),3842100,87528190000,0,0,23300,23300,22450
2025-05-13,18.35,23650,0.85(3.73 %),6537100,153566320000,1889400,40149750000,23000,24000,22800
2025-05-14,17.07,22000,-1.65(-6.98 %),9811200,223130300000,0,0,23900,23900,22000
2025-05-15,17.23,22200,0.2(0.91 %),5538100,120617665000,30000,658500000,21900,22500,21000
2025-05-16,16.69,21500,-0.7(-3.15 %),6242100,134806505000,0,0,22000,22200,21250
2025-05-19,16.69,21500,0(0.00 %),5920800,129429955000,0,0,21500,22250,21400
2025-05-20,17.54,22600,1.1(5.12 %),11391500,255739925000,950000,19000000000,21700,23000,21450
2025-05-21,17.85,23000,0.4(1.77 %),9367900,211547185000,0,0,22800,23200,22000
2025-05-22,17.04,21950,-1.05(-4.57 %),13008100,293719130000,2950000,67850000000,23200,23450,21600
2025-05-23,17.07,22000,0.05(0.23 %),5844300,129291400000,0,0,21900,22750,21650
2025-05-26,17.97,23150,1.15(5.23 %),19006500,433810170000,0,0,22400,23500,21600
2025-05-27,19.13,24650,1.5(6.48 %),13208800,319755110000,13641750,294661800000,23300,24750,22850
2025-05-28,18.32,23600,-1.05(-4.26 %),14793200,360730875000,0,0,25150,25200,23400
2025-05-29,17.04,21950,-1.65(-6.99 %),22651900,507201680000,589000,13900400000,23700,23750,21950
2025-05-30,16.61,21400,-0.55(-2.51 %),12940700,275903055000,1000000,23450000000,21700,22250,20650
2025-06-02,17.46,19900,0.9(5.26 %),6560000,115887530000,0,0,19900,19900,19900
2025-06-03,17.51,18050,0.05(0.28 %),7516600,133536455000,635000,11430000000,18050,18050,17550
2025-06-04,17.46,18000,-0.05(-0.28 %),5818500,103923020000,0,0,18000,18050,17700
2025-06-05,16.93,17450,-0.55(-3.06 %),9444900,166198350000,0,0,18000,18000,17450
2025-06-06,17.12,17650,0.2(1.15 %),4282300,75132945000,0,0,17450,17800,17350
2025-06-09,16.49,17000,-0.65(-3.68 %),6069700,104572070000,0,0,17700,17700,16850
2025-06-10,16.35,16850,-0.15(-0.88 %),4405300,74643710000,0,0,16850,17150,16800
2025-06-11,16.25,16750,-0.1(-0.59 %),6122800,103303835000,1527500,23981750000,17100,17100,16700
2025-06-12,16.25,16250,0(0.00 %),4236100,69169785000,0,0,16250,16600,16150
2025-06-13,16.4,16400,0.15(0.92 %),9054100,148132310000,700000,10605000000,16250,16650,16050
2025-06-16,16.75,16750,0.35(2.13 %),8201700,138655205000,300000,5160000000,16500,17300,16500
2025-06-17,16.5,16500,-0.25(-1.49 %),6304200,104278155000,0,0,16850,16850,16350
2025-06-18,16.55,16550,0.05(0.30 %),8884700,147887775000,300000,4650000000,16650,16850,16550
2025-06-19,16.25,16250,-0.3(-1.81 %),6300200,103326350000,0,0,16700,16800,16250
2025-06-20,16.25,16250,0(0.00 %),11159200,181411640000,0,0,16300,16600,16000
2025-06-23,16.2,16200,-0.05(-0.31 %),6067800,99310700000,0,0,16400,16650,16200
2025-06-24,16.05,16050,-0.15(-0.93 %),6652100,107453360000,400000,6040000000,16300,16350,16050
2025-06-25,15.85,15850,-0.2(-1.25 %),6069500,97133305000,0,0,16100,16150,15850
2025-06-26,15.8,15800,-0.05(-0.32 %),8505400,133085820000,0,0,15900,15950,15450
2025-06-27,15.6,15600,-0.2(-1.27 %),2974000,46701125000,0,0,15900,15950,15600
2025-06-30,16.05,16050,0.45(2.88 %),5482600,87924725000,500000,7800000000,15650,16250,15650
2025-07-01,15.75,15750,-0.3(-1.87 %),4160700,66152755000,0,0,16150,16150,15750
2025-07-02,15.9,15900,0.15(0.95 %),9068100,143905910000,500000,7800000000,15800,16100,15650
2025-07-03,17.0,17000,1.1(6.92 %),24826500,414796875000,0,0,15900,17000,15800
2025-07-04,16.8,16800,-0.2(-1.18 %),8677100,147811720000,3900000,62010000000,17400,17400,16800
2025-07-07,16.55,16550,-0.25(-1.49 %),17822100,295542000000,0,0,16900,17050,16400
2025-07-08,16.9,16900,0.35(2.11 %),17157900,289206470000,0,0,16800,17250,16550
2025-07-09,16.7,16700,-0.2(-1.18 %),13252500,222713605000,0,0,17150,17200,16600
2025-07-10,17.3,17300,0.6(3.59 %),22627100,391450160000,10976000,171225600000,16850,17800,16600
2025-07-11,17.0,17000,-0.3(-1.73 %),9332700,159798125000,0,0,17450,17450,16950
2025-07-14,16.9,16900,-0.1(-0.59 %),10813200,182647250000,0,0,17100,17250,16700
2025-07-15,16.85,16850,-0.05(-0.30 %),18625800,316915740000,0,0,17100,17350,16850
2025-07-16,17.2,17200,0.35(2.08 %),19081500,329426235000,6000000,96000000000,16750,17700,16750
2025-07-17,17.2,17200,0(0.00 %),15744900,272311140000,0,0,17250,17650,17000
2025-07-18,17.95,17950,0.75(4.36 %),31194000,553147615000,0,0,17250,18200,17000
2025-07-21,18.15,18150,0.2(1.11 %),19000500,349746060000,0,0,18650,18950,18100
2025-07-22,19.4,19400,1.25(6.89 %),33601100,624555860000,0,0,18000,19400,17750
2025-07-23,20.05,20050,0.65(3.35 %),32292900,649943895000,0,0,20200,20600,19650
2025-07-24,21.45,21450,1.4(6.98 %),36772700,758418425000,1700000,31705000000,20250,21450,19950
2025-07-25,22.95,22950,1.5(6.99 %),35739100,815865625000,19250000,393662500000,22200,22950,21900
2025-07-28,24.55,24550,1.6(6.97 %),7208200,176300295000,400000,8560000000,24050,24550,24000
2025-07-29,22.85,22850,-1.7(-6.92 %),71817600,1799187945000,18740677,430025571000,26250,26250,22850
2025-07-30,24.4,24400,1.55(6.78 %),41571000,980384455000,0,0,23200,24400,22550
2025-07-31,26.1,26100,1.7(6.97 %),34591300,878725020000,0,0,25250,26100,24350
2025-08-01,25.75,25750,-0.35(-1.34 %),39795100,1057704035000,0,0,26150,27900,24850
2025-08-04,26.3,26300,0.55(2.14 %),20834400,538534305000,0,0,25200,26550,25100
2025-08-05,24.6,24600,-1.7(-6.46 %),41135400,1047031570000,86600,2238610000,27000,27000,24500
2025-08-06,25.35,25350,0.75(3.05 %),17297300,433101160000,1086300,26722980000,25000,25500,24300
2025-08-07,25.95,25950,0.6(2.37 %),20257000,520534015000,62500,1584375000,26000,26150,24950
2025-08-08,25.1,25100,-0.85(-3.28 %),12290000,312401765000,397000,10389650000,25950,26250,24950
2025-08-11,25.9,25900,0.8(3.19 %),16082100,414889425000,0,0,25300,26300,25200
2025-08-12,27.7,27700,1.8(6.95 %),24610800,673827945000,15000000,388500000000,26050,27700,26050
2025-08-13,29.6,29600,1.9(6.86 %),26875500,791250010000,0,0,29200,29600,28300
2025-08-15,33.85,31650,2.2(6.95 %),27930100,944003005000,200000,5890000000,31650,31650,31650
2025-08-18,36.2,36200,2.35(6.94 %),12017100,428739235000,0,0,35000,36200,33900
2025-08-19,35.0,35000,-1.2(-3.31 %),22916400,840830385000,430000,15050000000,37500,38650,34000
2025-08-20,35.1,35100,0.1(0.29 %),22647800,773701845000,2115000,74745000000,34350,36050,32600
2025-08-21,34.1,34100,-1(-2.85 %),9914300,343257715000,0,0,36000,36000,33750
2025-08-22,31.75,31750,-2.35(-6.89 %),19093700,612615610000,1450000,49400000000,33300,33500,31750
2025-08-25,29.55,29550,-2.2(-6.93 %),17427500,529402405000,50000,1587500000,32100,32400,29550
2025-08-26,31.3,31300,1.75(5.92 %),11946500,359811995000,220000,6050000000,29500,31500,29150
2025-08-27,31.85,31850,0.55(1.76 %),12826600,398755145000,0,0,32000,32200,30150
2025-08-28,31.15,31150,-0.7(-2.20 %),8315300,261799805000,0,0,31900,32150,31000
2025-08-29,30.0,30000,-1.15(-3.69 %),11183500,343273640000,0,0,31250,31800,30000
2025-09-03,32.1,32100,2.1(7.00 %),6601900,209085550000,0,0,29950,32100,29700
2025-09-04,32.8,32800,0.7(2.18 %),13214700,438331860000,1655000,53125500000,34300,34300,32350
2025-09-05,31.0,31000,-1.8(-5.49 %),14818500,474280895000,1795000,57619500000,32950,33050,31000
2025-09-08,28.85,28850,-2.15(-6.94 %),12304200,364191805000,889175,27229698750,30600,30800,28850
2025-09-09,29.0,29000,0.15(0.52 %),8364400,235858730000,0,0,28000,29000,27700
2025-09-10,30.5,30500,1.5(5.17 %),9707600,286139055000,0,0,29200,30900,28050
2025-09-11,29.9,29900,-0.6(-1.97 %),8148000,240234225000,0,0,30600,30600,28600
2025-09-12,30.3,30300,0.4(1.34 %),7908200,239558780000,220125,6581737500,30450,30800,29750
2025-09-15,31.6,31600,1.3(4.29 %),11227900,350044875000,2316000,70174800000,30300,31800,29900
2025-09-16,30.2,30200,-1.4(-4.43 %),8934500,277049765000,2997000,94705200000,32250,32250,30200
2025-09-17,29.2,29200,-1(-3.31 %),4994700,148601890000,5582200,176125060000,29950,30450,29200
2025-09-18,29.45,29450,0.25(0.86 %),5269100,154540815000,0,0,29500,29650,29050
2025-09-19,30.0,30000,0.55(1.87 %),5415600,161813810000,444250,13083162500,29800,30400,29500
2025-09-22,29.3,29300,-0.7(-2.33 %),8207500,237725290000,0,0,30300,30300,28000
2025-09-23,29.4,29400,0.1(0.34 %),5195300,152024170000,12599500,352786000000,29050,29900,28750
2025-09-24,30.05,30050,0.65(2.21 %),7047300,206976905000,0,0,29200,30050,28750
2025-09-25,32.15,32150,2.1(6.99 %),22903000,729223575000,3000000,84000000000,30350,32150,30100
2025-09-26,30.9,30900,-1.25(-3.89 %),13200900,421107415000,0,0,32600,33150,30900
2025-09-29,30.35,30350,-0.55(-1.78 %),13500800,421274450000,5924950,170638560000,31000,32450,30300
2025-09-30,29.5,29500,-0.85(-2.80 %),15548700,457142605000,186418,5266308500,30600,30750,28700
2025-10-01,29.45,29450,-0.05(-0.17 %),7753900,228564655000,0,0,29800,29800,29300
2025-10-02,28.05,28050,-1.4(-4.75 %),14053100,403792545000,25000,737500000,29750,29750,28000
2025-10-03,27.8,27800,-0.25(-0.89 %),8272400,231578225000,659325,18461100000,27650,28500,27350
2025-10-06,29.0,29000,1.2(4.32 %),5956700,170584670000,46000,1278800000,27900,29250,27850
2025-10-07,27.95,27950,-1.05(-3.62 %),9163700,259675685000,0,0,29200,29200,27950
2025-10-08,26.9,26900,-1.05(-3.76 %),16826500,460056140000,75000,2096250000,28500,28500,26750
2025-10-09,26.85,26850,-0.05(-0.19 %),10767900,290689570000,2100000,56490000000,26650,27700,26650
2025-10-10,27.3,24950,-26.85(-100.00 %),7375000,27300,0,0,27300,28200,24950
