Date,GiaDieuChinh,Close,ThayDoi,Volume,GiaTriKhopLenh,KLThoaThuan,GtThoaThuan,Open,High,Low
2010-12-27,5.27,23500,-0.5(-2.08 %),2500,59300000,0,0,24000,24000,23500
2010-12-28,5.03,22400,-1.1(-4.68 %),1070,23968000,0,0,22400,22400,22400
2010-12-29,4.78,21300,-1.1(-4.91 %),450,9585000,0,0,21300,21300,21300
2010-12-30,4.56,20300,-1(-4.69 %),190,3857000,0,0,20300,20300,20300
2010-12-31,4.33,19300,-1(-4.93 %),80,1544000,0,0,19300,19300,19300
2011-01-04,4.13,18400,-0.9(-4.66 %),170,3128000,0,0,18400,18400,18400
2011-01-05,3.93,17500,-0.9(-4.89 %),3860,67550000,0,0,17500,17500,17500
2011-01-06,3.75,16700,-0.8(-4.57 %),4690,78323000,0,0,16700,16700,16700
2011-01-07,3.82,17000,0.3(1.80 %),37770,602790000,0,0,15900,17000,15900
2011-01-10,3.64,16200,-0.8(-4.71 %),10250,167120000,0,0,16400,17800,16200
2011-01-11,3.46,15400,-0.8(-4.94 %),6540,100943000,0,0,17000,17000,15400
2011-01-12,3.61,16100,0.7(4.55 %),2660,41530000,0,0,16100,16100,14800
2011-01-13,3.43,15300,-0.8(-4.97 %),9980,153364000,0,0,16100,16100,15300
2011-01-14,3.59,16000,0.7(4.58 %),510,8022000,0,0,15700,16000,15700
2011-01-17,3.75,16700,0.7(4.38 %),640,9890000,0,0,15300,16700,15300
2011-01-18,3.73,16600,-0.1(-0.60 %),5200,82708000,0,0,15900,16600,15900
2011-01-19,3.55,15800,-0.8(-4.82 %),16400,259120000,0,0,15800,15800,15800
2011-01-20,3.43,15300,-0.5(-3.16 %),3150,47963000,0,0,16000,16000,15200
2011-01-21,3.28,14600,-0.7(-4.58 %),19260,282270000,0,0,14700,15800,14600
2011-01-24,3.14,14000,-0.6(-4.11 %),2090,29434000,0,0,15200,15200,14000
2011-01-25,3.25,14500,0.5(3.57 %),830,12025000,0,0,14500,14500,14400
2011-01-26,3.37,15000,0.5(3.45 %),600,9000000,0,0,15000,15000,15000
2011-01-27,3.34,14900,-0.1(-0.67 %),1550,23325000,0,0,15600,15600,14900
2011-01-28,3.37,15000,0.1(0.67 %),3790,57367000,0,0,14900,15600,14900
2011-02-08,3.37,15000,0(0.00 %),0,0,0,0,15000,15000,15000
2011-02-09,3.21,14300,-0.7(-4.67 %),2220,32616000,0,0,15000,15000,14300
2011-02-10,3.37,15000,0.7(4.90 %),130,1950000,0,0,15000,15000,15000
2011-02-11,3.48,15500,0.5(3.33 %),1470,21701000,0,0,14800,15500,14600
2011-02-14,3.46,15400,-0.1(-0.65 %),540,8132000,0,0,14900,15500,14900
2011-02-15,3.37,15000,-0.4(-2.60 %),6920,103804000,0,0,15000,15400,15000
2011-02-16,3.32,14800,-0.2(-1.33 %),300,4440000,0,0,14800,14800,14800
2011-02-17,3.41,15200,0.4(2.70 %),630,9204000,0,0,14600,15200,14600
2011-02-18,3.32,14800,-0.4(-2.63 %),1060,15688000,0,0,14800,14800,14800
2011-02-21,3.25,14500,-0.3(-2.03 %),710,10295000,0,0,14500,14500,14500
2011-02-22,3.14,14000,-0.5(-3.45 %),1800,25200000,0,0,14000,14000,14000
2011-02-23,3.14,14000,0(0.00 %),1820,25480000,0,0,14000,14000,14000
2011-02-24,3.1,13800,-0.2(-1.43 %),500,6900000,0,0,13800,13800,13800
2011-02-25,3.19,14200,0.4(2.90 %),1010,14342000,0,0,14200,14200,14200
2011-02-28,3.3,14700,0.5(3.52 %),20,294000,0,0,14700,14700,14700
2011-03-01,3.28,14600,-0.1(-0.68 %),20,292000,0,0,14600,14600,14600
2011-03-02,3.28,14600,0(0.00 %),520,7382000,0,0,14100,14600,14100
2011-03-03,3.12,13900,-0.7(-4.79 %),570,8023000,0,0,14100,14100,13900
2011-03-04,3.12,13900,0(0.00 %),510,7089000,0,0,13900,13900,13900
2011-03-07,3.12,13900,0(0.00 %),0,0,0,0,13900,13900,13900
2011-03-08,3.23,14400,0.5(3.60 %),10,144000,0,0,14400,14400,14400
2011-03-09,3.23,14400,0(0.00 %),0,0,0,0,14400,14400,14400
2011-03-10,3.08,13700,-0.7(-4.86 %),160,2237000,0,0,14600,14600,13700
2011-03-11,3.12,13900,0.2(1.46 %),250,3475000,0,0,13900,13900,13900
2011-03-14,3.03,13500,-0.4(-2.88 %),500,6750000,0,0,13500,13500,13500
2011-03-15,2.9,12900,-0.6(-4.44 %),740,9727000,0,0,14000,14000,12900
2011-03-16,2.76,12300,-0.6(-4.65 %),5640,69398000,0,0,12400,13300,12300
2011-03-17,2.67,11900,-0.4(-3.25 %),11340,132698000,0,0,11700,12900,11700
2011-03-18,2.56,11400,-0.5(-4.20 %),6340,72276000,0,0,11400,11400,11400
2011-03-21,2.45,10900,-0.5(-4.39 %),12830,139860000,0,0,10900,11000,10900
2011-03-22,2.33,10400,-0.5(-4.59 %),9550,99619000,0,0,10500,11200,10400
2011-03-23,2.45,10900,0.5(4.81 %),290,3152000,0,0,10900,10900,10000
2011-03-24,2.33,10400,-0.5(-4.59 %),21100,219710000,0,0,11400,11400,10400
2011-03-25,2.45,10900,0.5(4.81 %),220,2398000,0,0,10900,10900,10900
2011-03-28,2.47,11000,0.1(0.92 %),8190,92487000,0,0,11300,11400,11000
2011-03-29,2.54,11300,0.3(2.73 %),40,446000,0,0,11100,11300,11100
2011-03-30,2.54,11300,0(0.00 %),130,1439000,0,0,11300,11300,11000
2011-03-31,2.54,11300,0(0.00 %),1040,11740000,0,0,11000,11300,11000
2011-04-01,2.54,11300,0(0.00 %),1300,14055000,0,0,10800,11300,10800
2011-04-04,2.51,11200,-0.1(-0.88 %),1110,12022000,0,0,11000,11200,10800
2011-04-05,2.4,10700,-0.5(-4.46 %),310,3317000,0,0,10700,10700,10700
2011-04-06,2.45,10900,0.2(1.87 %),4310,43976000,0,0,10200,10900,10200
2011-04-07,2.51,11200,0.3(2.75 %),60,672000,0,0,11200,11200,11200
2011-04-08,2.51,11200,0(0.00 %),20,224000,0,0,11200,11200,11200
2011-04-13,2.51,11200,0(0.00 %),0,0,0,0,11200,11200,11200
2011-04-14,2.51,11200,0(0.00 %),450,5040000,0,0,11200,11200,11200
2011-04-15,2.49,11100,-0.1(-0.89 %),810,8801000,0,0,10900,11100,10800
2011-04-18,2.38,10600,-0.5(-4.50 %),140,1492000,0,0,10800,10800,10600
2011-04-19,2.42,10800,0.2(1.89 %),420,4256000,0,0,10100,10800,10100
2011-04-20,2.42,10800,0(0.00 %),770,7936000,0,0,10300,10800,10300
2011-04-21,2.45,10900,0.1(0.93 %),10,109000,0,0,10900,10900,10900
2011-04-22,2.42,10800,-0.1(-0.92 %),510,5308000,0,0,10400,10800,10400
2011-04-25,2.31,10300,-0.5(-4.63 %),460,4738000,0,0,10300,10300,10300
2011-04-26,2.2,9800,-0.5(-4.85 %),500,4900000,0,0,9800,9800,9800
2011-04-27,2.2,9800,0(0.00 %),0,0,0,0,9800,9800,9800
2011-04-28,2.2,9800,0(0.00 %),210,2061000,0,0,10100,10100,9800
2011-04-29,2.24,10000,0.2(2.04 %),20,199000,0,0,9900,10000,9900
2011-05-04,2.29,10200,0.2(2.00 %),20,204000,0,0,10200,10200,10200
2011-05-05,2.33,10400,0.2(1.96 %),30,312000,0,0,10400,10400,10400
2011-05-06,2.22,9900,-0.5(-4.81 %),50,495000,0,0,9900,9900,9900
2011-05-09,2.15,9600,-0.3(-3.03 %),1020,9852000,0,0,9600,10000,9600
2011-05-10,2.09,9300,-0.3(-3.12 %),20,186000,0,0,9300,9300,9300
2011-05-11,2.13,9500,0.2(2.15 %),100,950000,0,0,9500,9500,9500
2011-05-12,2.09,9300,-0.2(-2.11 %),470,4405000,0,0,9500,9500,9300
2011-05-13,2.09,9300,0(0.00 %),0,0,0,0,9300,9300,9300
2011-05-16,2.18,9700,0.4(4.30 %),660,6112000,0,0,9300,9700,9100
2011-05-17,2.18,9700,0(0.00 %),0,0,0,0,9700,9700,9700
2011-05-18,2.09,9300,-0.4(-4.12 %),10,93000,0,0,9300,9300,9300
2011-05-19,2.09,9300,0(0.00 %),2720,24438000,0,0,9100,9300,8900
2011-05-20,2.13,9500,0.2(2.15 %),1010,9395000,0,0,9300,9500,9300
2011-05-23,2.15,9600,0.1(1.05 %),10,96000,0,0,9600,9600,9600
2011-05-24,2.13,9500,-0.1(-1.04 %),700,6650000,0,0,9500,9500,9500
2011-05-25,2.13,9500,0(0.00 %),10,95000,0,0,9500,9500,9500
2011-05-26,2.11,9400,-0.1(-1.05 %),1100,10240000,0,0,9300,9400,9300
2011-05-27,2.11,9400,0(0.00 %),0,0,0,0,9400,9400,9400
2011-05-30,2.04,9100,-0.3(-3.19 %),1000,9100000,0,0,9100,9100,9100
2011-05-31,2.04,9100,0(0.00 %),10,91000,0,0,9100,9100,9100
2011-06-01,2.04,9100,0(0.00 %),1010,9191000,0,0,9100,9100,9100
2011-06-02,2.02,9000,-0.1(-1.10 %),1110,9690000,0,0,8700,9000,8700
2011-06-03,2.02,9000,0(0.00 %),10,90000,0,0,9000,9000,9000
2011-06-06,2.02,9000,0(0.00 %),0,0,0,0,9000,9000,9000
2011-06-07,2.02,9000,0(0.00 %),13000,117000000,0,0,9000,9000,9000
2011-06-08,2.02,9000,0(0.00 %),500,4500000,0,0,9000,9000,9000
2011-06-09,2.02,9000,0(0.00 %),0,0,0,0,9000,9000,9000
2011-06-10,2.02,9000,0(0.00 %),190,1692000,0,0,8900,9000,8900
2011-06-13,2.02,9000,0(0.00 %),2310,19870000,0,0,8600,9000,8600
2011-06-14,2.02,9000,0(0.00 %),1000,9000000,0,0,9000,9000,9000
2011-06-15,2.02,9000,0(0.00 %),0,0,0,0,9000,9000,9000
2011-06-16,2.0,8900,-0.1(-1.11 %),110,979000,0,0,8900,8900,8900
2011-06-17,1.91,8500,-0.4(-4.49 %),190,1615000,0,0,8500,8500,8500
2011-06-20,1.95,8700,0.2(2.35 %),10,87000,0,0,8700,8700,8700
2011-06-21,1.86,8300,-0.4(-4.60 %),110,913000,0,0,8300,8300,8300
2011-06-22,1.77,7900,-0.4(-4.82 %),1500,11850000,0,0,7900,7900,7900
2011-06-23,1.71,7600,-0.3(-3.80 %),1200,9120000,0,0,7600,7600,7600
2011-06-24,1.64,7300,-0.3(-3.95 %),5600,40880000,0,0,7300,7300,7300
2011-06-27,1.57,7000,-0.3(-4.11 %),7300,51100000,0,0,7000,7000,7000
2011-06-28,1.5,6700,-0.3(-4.29 %),2270,15209000,0,0,6700,6700,6700
2011-06-29,1.48,6600,-0.1(-1.49 %),20,136000,0,0,7000,7000,6600
2011-06-30,1.48,6600,0(0.00 %),0,0,0,0,6600,6600,6600
2011-07-01,1.55,6900,0.3(4.55 %),10,69000,0,0,6900,6900,6900
2011-07-04,1.55,6900,0(0.00 %),1000,6900000,0,0,6900,6900,6900
2011-07-05,1.59,7100,0.2(2.90 %),20,140000,0,0,6900,7100,6900
2011-07-06,1.59,7100,0(0.00 %),5490,37922000,0,0,7000,7100,6800
2011-07-07,1.53,6800,-0.3(-4.23 %),10,68000,0,0,6800,6800,6800
2011-07-08,1.48,6600,-0.2(-2.94 %),110,729000,0,0,6500,7000,6500
2011-07-11,1.55,6900,0.3(4.55 %),10,69000,0,0,6900,6900,6900
2011-07-12,1.48,6600,-0.3(-4.35 %),1010,6666000,0,0,6600,6600,6600
2011-07-13,1.48,6600,0(0.00 %),2100,13865000,0,0,6900,6900,6600
2011-07-14,1.44,6400,-0.2(-3.03 %),10,64000,0,0,6400,6400,6400
2011-07-15,1.5,6700,0.3(4.69 %),40,259000,0,0,6300,6700,6200
2011-07-18,1.5,6700,0(0.00 %),0,0,0,0,6700,6700,6700
2011-07-19,1.46,6500,-0.2(-2.99 %),3110,20216000,0,0,6600,6600,6500
2011-07-20,1.44,6400,-0.1(-1.54 %),10,64000,0,0,6400,6400,6400
2011-07-21,1.41,6300,-0.1(-1.56 %),2000,12920000,0,0,6500,6500,6300
2011-07-22,1.48,6600,0.3(4.76 %),3040,19160000,0,0,6200,6600,6200
2011-07-25,1.53,6800,0.2(3.03 %),10,68000,0,0,6800,6800,6800
2011-07-26,1.53,6800,0(0.00 %),0,0,0,0,6800,6800,6800
2011-07-27,1.59,7100,0.3(4.41 %),10,71000,0,0,7100,7100,7100
2011-07-28,1.53,6800,-0.3(-4.23 %),100,680000,0,0,6800,6800,6800
2011-07-29,1.53,6800,0(0.00 %),110,718000,0,0,6500,6800,6500
2011-08-01,1.46,6500,-0.3(-4.41 %),1460,9490000,0,0,6500,6500,6500
2011-08-02,1.5,6700,0.2(3.08 %),340,2125000,0,0,6800,6800,6200
2011-08-03,1.5,6700,0(0.00 %),710,4553000,0,0,6400,7000,6400
2011-08-04,1.44,6400,-0.3(-4.48 %),20,134000,0,0,7000,7000,6400
2011-08-05,1.5,6700,0.3(4.69 %),20,134000,0,0,6700,6700,6700
2011-08-08,1.44,6400,-0.3(-4.48 %),10,0,0,0,6400,6400,6400
2011-08-09,1.37,6100,-0.3(-4.69 %),2160,13181000,0,0,6100,6600,6100
2011-08-10,1.41,6300,0.2(3.28 %),150,935000,0,0,6200,6300,6200
2011-08-11,1.46,6500,0.2(3.17 %),20,130000,0,0,6500,6500,6500
2011-08-12,1.53,6800,0.3(4.62 %),420,2650000,0,0,6200,6800,6200
2011-08-15,1.46,6500,-0.3(-4.41 %),10,65000,0,0,6500,6500,6500
2011-08-16,1.39,6200,-0.3(-4.62 %),1270,7900000,0,0,6200,6800,6200
2011-08-17,1.39,6200,0(0.00 %),20,124000,0,0,6200,6200,6200
2011-08-18,1.39,6200,0(0.00 %),110,702000,0,0,6400,6400,6200
2011-08-19,1.46,6500,0.3(4.84 %),520,3280000,0,0,6300,6500,6300
2011-08-22,1.39,6040,-0.3(-5.00 %),1020,5820000,0,0,6040,6300,6040
2011-08-23,1.43,5900,0.2(3.51 %),20,118000,0,0,5900,5900,5900
2011-08-24,1.48,6100,0.2(3.39 %),30,183000,0,0,6100,6100,6100
2011-08-25,1.56,6400,0.3(4.92 %),10,64000,0,0,6400,6400,6400
2011-08-26,1.51,6200,-0.2(-3.12 %),310,1921000,0,0,6100,6200,6100
2011-08-29,1.58,6500,0.3(4.84 %),60,385000,0,0,6400,6500,6400
2011-08-30,1.65,6800,0.3(4.62 %),1200,8160000,0,0,6800,6800,6800
2011-08-31,1.58,6500,-0.3(-4.41 %),4040,27280000,0,0,6500,7000,6500
2011-09-01,1.65,6800,0.3(4.62 %),1410,9076000,0,0,6300,6800,6200
2011-09-05,1.7,7000,0.2(2.94 %),8010,52763000,0,0,6600,7000,6500
2011-09-06,1.7,7000,0(0.00 %),0,0,0,0,7000,7000,7000
2011-09-07,1.7,7000,0(0.00 %),5030,34210000,0,0,6900,7100,6800
2011-09-08,1.78,7300,0.3(4.29 %),6070,42151000,0,0,7000,7300,6900
2011-09-09,1.78,7300,0(0.00 %),10,73000,0,0,7300,7300,7300
2011-09-12,1.82,6800,0.2(3.03 %),810,5508000,0,0,6800,6800,6800
2011-09-13,1.85,6900,0.1(1.47 %),1060,7314000,0,0,6900,6900,6900
2011-09-14,1.9,7100,0.2(2.90 %),1840,13068000,0,0,7200,7200,7100
2011-09-15,1.9,7100,0(0.00 %),0,0,0,0,7100,7100,7100
2011-09-16,1.87,7000,-0.1(-1.41 %),30,211000,0,0,7300,7300,6800
2011-09-19,1.87,7000,0(0.00 %),0,0,0,0,7000,7000,7000
2011-09-20,1.9,7100,0.1(1.43 %),10,71000,0,0,7100,7100,7100
2011-09-21,1.9,7100,0(0.00 %),80,547000,0,0,6800,7100,6800
2011-09-22,1.9,7100,0(0.00 %),0,0,0,0,7100,7100,7100
2011-09-23,1.9,7100,0(0.00 %),620,4219000,0,0,6800,7100,6800
2011-09-26,1.9,7100,0(0.00 %),0,0,0,0,7100,7100,7100
2011-09-27,1.9,7100,0(0.00 %),0,0,0,0,7100,7100,7100
2011-09-28,1.9,7100,0(0.00 %),130,887000,0,0,6800,7100,6800
2011-09-29,1.9,7100,0(0.00 %),20,142000,0,0,7100,7100,7100
2011-09-30,1.85,6900,-0.2(-2.82 %),50,345000,0,0,6900,6900,6900
2011-10-03,1.77,6600,-0.3(-4.35 %),100,660000,0,0,6600,6600,6600
2011-10-04,1.85,6900,0.3(4.55 %),8100,55581000,0,0,6600,6900,6600
2011-10-05,1.87,7000,0.1(1.45 %),110,730000,0,0,6600,7000,6600
2011-10-06,1.82,6800,-0.2(-2.86 %),20,141000,0,0,7300,7300,6800
2011-10-07,1.82,6800,0(0.00 %),340,2312000,0,0,6800,6800,6800
2011-10-10,1.82,6800,0(0.00 %),0,0,0,0,6800,6800,6800
2011-10-11,1.82,6800,0(0.00 %),0,0,0,0,6800,6800,6800
2011-10-12,1.82,6800,0(0.00 %),0,0,0,0,6800,6800,6800
2011-10-13,1.82,6800,0(0.00 %),0,0,0,0,6800,6800,6800
2011-10-14,1.9,7100,0.3(4.41 %),30,210000,0,0,6800,7100,6800
2011-10-17,1.98,7400,0.3(4.23 %),40,290000,0,0,6800,7400,6800
2011-10-18,1.98,7400,0(0.00 %),0,0,0,0,7400,7400,7400
2011-10-19,2.03,7600,0.2(2.70 %),30,229000,0,0,7700,7700,7600
2011-10-20,2.03,7600,0(0.00 %),0,0,0,0,7600,7600,7600
2011-10-21,2.03,7600,0(0.00 %),670,4900000,0,0,7900,7900,7300
2011-10-24,2.03,7600,0(0.00 %),0,0,0,0,7600,7600,7600
2011-10-25,2.06,7700,0.1(1.32 %),1020,7455000,0,0,7800,7800,7300
2011-10-26,2.06,7700,0(0.00 %),0,0,0,0,7700,7700,7700
2011-10-27,1.98,7400,-0.3(-3.90 %),1030,7622000,0,0,7400,7400,7400
2011-10-28,1.98,7400,0(0.00 %),0,0,0,0,7400,7400,7400
2011-10-31,1.9,7100,-0.3(-4.05 %),10,71000,0,0,7100,7100,7100
2011-11-01,1.98,7400,0.3(4.23 %),10,74000,0,0,7400,7400,7400
2011-11-02,1.9,7100,-0.3(-4.05 %),520,3692000,0,0,7100,7100,7100
2011-11-03,1.9,7100,0(0.00 %),0,0,0,0,7100,7100,7100
2011-11-04,1.9,7100,0(0.00 %),0,0,0,0,7100,7100,7100
2011-11-07,1.82,6800,-0.3(-4.23 %),210,1434000,0,0,7400,7400,6800
2011-11-08,1.87,7000,0.2(2.94 %),1210,7870000,0,0,6500,7000,6500
2011-11-09,1.79,6700,-0.3(-4.29 %),2610,17491000,0,0,6700,7100,6700
2011-11-10,1.71,6400,-0.3(-4.48 %),960,6144000,0,0,6400,6400,6400
2011-11-11,1.79,6700,0.3(4.69 %),40,256000,0,0,6700,6700,6100
2011-11-14,1.71,6400,-0.3(-4.48 %),30,192000,0,0,6400,6400,6400
2011-11-15,1.79,6700,0.3(4.69 %),130,865000,0,0,6700,6700,6100
2011-11-16,1.87,7000,0.3(4.48 %),210,1470000,0,0,7000,7000,7000
2011-11-17,1.95,7300,0.3(4.29 %),10,73000,0,0,7300,7300,7300
2011-11-18,1.95,7300,0(0.00 %),200,1460000,0,0,7300,7300,7300
2011-11-21,1.95,7300,0(0.00 %),0,0,0,0,7300,7300,7300
2011-11-22,1.87,7000,-0.3(-4.11 %),20,140000,0,0,7000,7000,7000
2011-11-23,1.87,7000,0(0.00 %),0,0,0,0,7000,7000,7000
2011-11-24,1.79,6700,-0.3(-4.29 %),20,134000,0,0,6700,6700,6700
2011-11-25,1.82,6800,0.1(1.49 %),10,68000,0,0,6800,6800,6800
2011-11-28,1.9,7100,0.3(4.41 %),10,71000,0,0,7100,7100,7100
2011-11-29,1.9,7100,0(0.00 %),0,0,0,0,7100,7100,7100
2011-11-30,1.9,7100,0(0.00 %),0,0,0,0,7100,7100,7100
2011-12-01,1.9,7100,0(0.00 %),0,0,0,0,7100,7100,7100
2011-12-02,1.9,7100,0(0.00 %),0,0,0,0,7100,7100,7100
2011-12-05,1.87,7000,-0.1(-1.41 %),10,70000,0,0,7000,7000,7000
2011-12-06,1.95,7300,0.3(4.29 %),10,73000,0,0,7300,7300,7300
2011-12-07,1.87,7000,-0.3(-4.11 %),100,700000,0,0,7000,7000,7000
2011-12-08,1.95,7300,0.3(4.29 %),10,73000,0,0,7300,7300,7300
2011-12-09,1.87,7000,-0.3(-4.11 %),10,70000,0,0,7000,7000,7000
2011-12-12,1.79,6700,-0.3(-4.29 %),20,134000,0,0,6700,6700,6700
2011-12-13,1.87,7000,0.3(4.48 %),150,978000,0,0,7000,7000,6400
2011-12-14,1.79,6700,-0.3(-4.29 %),170,1147000,0,0,6700,7100,6700
2011-12-15,1.71,6400,-0.3(-4.48 %),600,3846000,0,0,6400,7000,6400
2011-12-16,1.79,6700,0.3(4.69 %),290,1775000,0,0,6100,6700,6100
2011-12-19,1.71,6400,-0.3(-4.48 %),100,640000,0,0,6400,6400,6400
2011-12-20,1.63,6100,-0.3(-4.69 %),200,1220000,0,0,6100,6100,6100
2011-12-21,1.55,5800,-0.3(-4.92 %),1660,9628000,0,0,5800,5800,5800
2011-12-22,1.5,5600,-0.2(-3.45 %),100,560000,0,0,5600,5600,5600
2011-12-23,1.44,5400,-0.2(-3.57 %),750,4050000,0,0,5400,5400,5400
2011-12-26,1.39,5200,-0.2(-3.70 %),450,2340000,0,0,5200,5200,5200
2011-12-27,1.34,5000,-0.2(-3.85 %),150,750000,0,0,5000,5000,5000
2011-12-28,1.28,4800,-0.2(-4.00 %),150,720000,0,0,4800,4800,4800
2011-12-29,1.23,4600,-0.2(-4.17 %),10,46000,0,0,4600,4600,4600
2011-12-30,1.18,4400,-0.2(-4.35 %),4630,20374000,0,0,4400,4600,4400
2012-01-03,1.12,4200,-0.2(-4.55 %),2510,10576000,0,0,4600,4600,4200
2012-01-04,1.07,4000,-0.2(-4.76 %),6110,24460000,0,0,4000,4200,4000
2012-01-05,1.07,4000,0(0.00 %),40,160000,0,0,3800,4200,3800
2012-01-06,1.07,4000,0(0.00 %),20,82000,0,0,4200,4200,4000
2012-01-09,1.1,4100,0.1(2.50 %),30,121000,0,0,3800,4200,3800
2012-01-10,1.15,4300,0.2(4.88 %),520,2160000,0,0,4100,4300,4100
2012-01-11,1.2,4500,0.2(4.65 %),20,87000,0,0,4200,4500,4200
2012-01-12,1.26,4700,0.2(4.44 %),120,562000,0,0,4600,4700,4600
2012-01-13,1.31,4900,0.2(4.26 %),60,294000,0,0,4900,4900,4900
2012-01-16,1.31,4900,0(0.00 %),660,3234000,0,0,4900,4900,4900
2012-01-17,1.36,5100,0.2(4.08 %),20,100000,0,0,4900,5100,4900
2012-01-18,1.36,5100,0(0.00 %),30,155000,0,0,5300,5300,5100
2012-01-19,1.42,5300,0.2(3.92 %),120,616000,0,0,5100,5300,5100
2012-01-20,1.47,5500,0.2(3.77 %),10,55000,0,0,5500,5500,5500
2012-01-30,1.52,5700,0.2(3.64 %),50,285000,0,0,5700,5700,5700
2012-01-31,1.58,5900,0.2(3.51 %),690,4071000,0,0,5900,5900,5900
2012-02-01,1.63,6100,0.2(3.39 %),630,3843000,0,0,6100,6100,6100
2012-02-02,1.71,6400,0.3(4.92 %),300,1920000,0,0,6400,6400,6400
2012-02-03,1.79,6700,0.3(4.69 %),10220,68183000,0,0,6700,6700,6400
2012-02-06,1.85,6900,0.2(2.99 %),1210,8419000,0,0,7000,7000,6500
2012-02-07,1.93,7200,0.3(4.35 %),160,1152000,0,0,7200,7200,7200
2012-02-08,1.87,7000,-0.2(-2.78 %),1490,10528000,0,0,7200,7200,7000
2012-02-09,1.87,7000,0(0.00 %),1680,11670000,0,0,7000,7000,6800
2012-02-10,1.87,7000,0(0.00 %),860,6005000,0,0,7000,7000,6900
2012-02-13,1.87,7000,0(0.00 %),4190,28263000,0,0,6700,7000,6700
2012-02-14,1.79,6700,-0.3(-4.29 %),10,67000,0,0,6700,6700,6700
2012-02-15,1.87,7000,0.3(4.48 %),20,140000,0,0,7000,7000,7000
2012-02-16,1.79,6700,-0.3(-4.29 %),60,417000,0,0,7000,7000,6700
2012-02-17,1.87,7000,0.3(4.48 %),2060,14328000,0,0,6700,7000,6700
2012-02-20,1.95,7300,0.3(4.29 %),30,216000,0,0,7000,7300,7000
2012-02-21,2.01,7500,0.2(2.74 %),620,4350000,0,0,7000,7500,7000
2012-02-22,1.95,7300,-0.2(-2.67 %),550,4279000,0,0,7200,7800,7200
2012-02-23,1.87,7000,-0.3(-4.11 %),30,210000,0,0,7000,7000,7000
2012-02-24,1.82,6800,-0.2(-2.86 %),3180,21624000,0,0,6800,6800,6800
2012-02-27,1.79,6700,-0.1(-1.47 %),10520,71534000,0,0,6700,6800,6700
2012-02-28,1.77,6600,-0.1(-1.49 %),80,535000,0,0,6700,6700,6600
2012-02-29,1.77,6600,0(0.00 %),50,330000,0,0,6600,6600,6600
2012-03-01,1.69,6300,-0.3(-4.55 %),170,1095000,0,0,6300,6900,6300
2012-03-02,1.71,6400,0.1(1.59 %),190,1218000,0,0,6600,6600,6400
2012-03-05,1.79,6700,0.3(4.69 %),500,3350000,0,0,6700,6700,6700
2012-03-06,1.87,7000,0.3(4.48 %),6110,42770000,0,0,7000,7000,7000
2012-03-07,1.87,7000,0(0.00 %),1790,13025000,0,0,7000,7300,7000
2012-03-08,1.87,7000,0(0.00 %),0,0,0,0,7000,7000,7000
2012-03-09,1.87,7000,0(0.00 %),310,2170000,0,0,7000,7000,7000
2012-03-12,1.9,7100,0.1(1.43 %),40,290000,0,0,7300,7300,7100
2012-03-13,1.98,7400,0.3(4.23 %),2660,19684000,0,0,7400,7400,7400
2012-03-14,2.06,7700,0.3(4.05 %),40,308000,0,0,7700,7700,7700
2012-03-15,2.14,8000,0.3(3.90 %),120,960000,0,0,8000,8000,8000
2012-03-16,2.25,8400,0.4(5.00 %),1160,9744000,0,0,8400,8400,8400
2012-03-19,2.25,8400,0(0.00 %),1620,13608000,0,0,8400,8400,8400
2012-03-20,2.19,8200,-0.2(-2.38 %),2940,23626000,0,0,8100,8200,8000
2012-03-21,2.27,8500,0.3(3.66 %),2000,16280000,0,0,7800,8500,7800
2012-03-22,2.38,8900,0.4(4.71 %),1370,12193000,0,0,8900,8900,8900
2012-03-23,2.49,9300,0.4(4.49 %),1270,11811000,0,0,9300,9300,9300
2012-03-26,2.38,8900,-0.4(-4.30 %),1040,9277000,0,0,8900,9600,8900
2012-03-27,2.3,8600,-0.3(-3.37 %),3220,29412000,0,0,9100,9200,8600
2012-03-28,2.41,9000,0.4(4.65 %),6210,55889000,0,0,9000,9000,8900
2012-03-29,2.3,8600,-0.4(-4.44 %),4020,34572000,0,0,8600,8600,8600
2012-03-30,2.3,8600,0(0.00 %),1180,10148000,0,0,8600,8600,8600
2012-04-03,2.22,8300,-0.3(-3.49 %),3450,29652000,0,0,8600,8600,8300
2012-04-04,2.14,8000,-0.3(-3.61 %),2170,17984000,0,0,8300,8300,8000
2012-04-05,2.14,8000,0(0.00 %),140,1140000,0,0,8400,8400,8000
2012-04-06,2.22,8300,0.3(3.75 %),40,317000,0,0,7800,8300,7800
2012-04-09,2.27,8500,0.2(2.41 %),20,167000,0,0,8200,8500,8200
2012-04-10,2.3,8600,0.1(1.18 %),1780,15487000,0,0,8500,8800,8500
2012-04-11,2.3,8600,0(0.00 %),40,344000,0,0,8600,8600,8600
2012-04-12,2.25,8400,-0.2(-2.33 %),1050,9332000,0,0,8800,8900,8400
2012-04-13,2.14,8000,-0.4(-4.76 %),910,7280000,0,0,8000,8000,8000
2012-04-16,2.03,7600,-0.4(-5.00 %),2200,17118000,0,0,7900,7900,7600
2012-04-17,2.11,7900,0.3(3.95 %),260,2024000,0,0,7400,7900,7400
2012-04-18,2.14,8000,0.1(1.27 %),20,162000,0,0,8200,8200,8000
2012-04-19,2.25,8400,0.4(5.00 %),1530,12852000,0,0,8400,8400,8400
2012-04-20,2.35,8800,0.4(4.76 %),1140,10031000,43000,344000000,8800,8800,8700
2012-04-23,2.46,9200,0.4(4.55 %),4060,37152000,0,0,9200,9200,9000
2012-04-24,2.46,9200,0(0.00 %),20,188000,0,0,9600,9600,9200
2012-04-25,2.41,9000,-0.2(-2.17 %),120,1128000,0,0,9600,9600,9000
2012-04-26,2.51,9400,0.4(4.44 %),310,2912000,0,0,9400,9400,9200
2012-04-27,2.59,9700,0.3(3.19 %),20,195000,0,0,9800,9800,9700
2012-05-02,2.59,9700,0(0.00 %),570,5476000,0,0,9800,9800,9300
2012-05-03,2.59,9700,0(0.00 %),9120,88074000,0,0,9300,9700,9300
2012-05-04,2.65,9900,0.2(2.06 %),10,99000,0,0,9900,9900,9900
2012-05-07,2.54,9500,-0.4(-4.04 %),1250,12865000,0,0,10200,10300,9500
2012-05-08,2.65,9900,0.4(4.21 %),280,2772000,0,0,9900,9900,9900
2012-05-09,2.54,9500,-0.4(-4.04 %),760,7294000,22000,209000000,9600,10300,9500
2012-05-10,2.65,9900,0.4(4.21 %),70,689000,0,0,9800,9900,9800
2012-05-11,2.76,10300,0.4(4.04 %),490,5047000,0,0,10300,10300,10300
2012-05-14,2.89,10800,0.5(4.85 %),10,108000,0,0,10800,10800,10800
2012-05-15,2.92,10900,0.1(0.93 %),100,1049000,0,0,11000,11000,10300
2012-05-16,2.78,10400,-0.5(-4.59 %),30,312000,20000,208000000,10400,10400,10400
2012-05-17,2.86,10700,0.3(2.88 %),15160,159156000,0,0,10900,10900,10400
2012-05-18,2.73,10200,-0.5(-4.67 %),9920,101184000,0,0,10200,10200,10200
2012-05-21,2.81,10500,0.3(2.94 %),2670,27708000,0,0,9800,10500,9800
2012-05-22,2.86,10700,0.2(1.90 %),16440,173834000,0,0,10500,11000,10500
2012-05-23,2.86,10700,0(0.00 %),3480,37236000,0,0,10700,10700,10700
2012-05-24,2.73,10200,-0.5(-4.67 %),3620,37304000,0,0,10200,10400,10200
2012-05-25,2.81,10500,0.3(2.94 %),5770,60093000,0,0,10400,10500,10300
2012-05-28,2.84,10600,0.1(0.95 %),4420,46499000,0,0,11000,11000,10400
2012-05-29,2.87,9850,0.1(1.10 %),1990,18429000,0,0,9850,9850,9850
2012-05-30,2.84,9100,-0.1(-1.09 %),1110,10103000,0,0,9300,9300,9100
2012-05-31,2.93,9400,0.3(3.30 %),10,94000,0,0,9400,9400,9400
2012-06-01,2.84,9100,-0.3(-3.19 %),1960,17838000,0,0,9200,9200,9100
2012-06-04,2.84,9100,0(0.00 %),740,6716000,0,0,9100,9100,8900
2012-06-05,2.8,9000,-0.1(-1.10 %),1430,12456000,0,0,8700,9000,8700
2012-06-06,2.68,8600,-0.4(-4.44 %),110,952000,0,0,9200,9200,8600
2012-06-07,2.74,8800,0.2(2.33 %),7280,63031000,0,0,8900,8900,8500
2012-06-08,2.77,8900,0.1(1.14 %),1290,11173000,0,0,8900,8900,8500
2012-06-11,2.74,8800,-0.1(-1.12 %),120,1056000,0,0,8800,8800,8800
2012-06-12,2.62,8400,-0.4(-4.55 %),920,7761000,0,0,9000,9000,8400
2012-06-13,2.71,8700,0.3(3.57 %),220,1908000,0,0,8100,8700,8100
2012-06-14,2.59,8300,-0.4(-4.60 %),600,5000000,0,0,8400,8400,8300
2012-06-15,2.65,8500,0.2(2.41 %),10,85000,0,0,8500,8500,8500
2012-06-18,2.68,8600,0.1(1.18 %),20,174000,0,0,8800,8800,8600
2012-06-19,2.65,8500,-0.1(-1.16 %),1240,10194000,0,0,8300,8700,8200
2012-06-20,2.62,8400,-0.1(-1.18 %),10,84000,0,0,8400,8400,8400
2012-06-21,2.62,8400,0(0.00 %),220,1809000,0,0,8200,8500,8200
2012-06-22,2.55,8200,-0.2(-2.38 %),300,2480000,0,0,8300,8300,8200
2012-06-25,2.46,7900,-0.3(-3.66 %),3020,23569000,0,0,7900,8000,7800
2012-06-26,2.46,7900,0(0.00 %),1710,13009000,0,0,7700,7900,7600
2012-06-27,2.46,7900,0(0.00 %),2010,15830000,0,0,8000,8000,7800
2012-06-28,2.49,8000,0.1(1.27 %),1010,7980000,0,0,7900,8000,7900
2012-06-29,2.52,8100,0.1(1.25 %),1530,12379000,0,0,8100,8100,8000
2012-07-02,2.4,7700,-0.4(-4.94 %),2330,18414000,0,0,8000,8000,7700
2012-07-03,2.37,7600,-0.1(-1.30 %),1710,13241000,0,0,7900,7900,7600
2012-07-04,2.37,7600,0(0.00 %),1990,15183000,0,0,7700,7700,7600
2012-07-05,2.37,7600,0(0.00 %),1020,7740000,0,0,7500,7600,7500
2012-07-06,2.46,7900,0.3(3.95 %),2130,16521000,0,0,7700,7900,7700
2012-07-09,2.37,7600,-0.3(-3.80 %),220,1712000,0,0,7800,7800,7600
2012-07-10,2.34,7500,-0.1(-1.32 %),10,0,0,0,7500,7500,7500
2012-07-11,2.34,7500,0(0.00 %),3360,25200000,0,0,7500,7500,7500
2012-07-12,2.43,7800,0.3(4.00 %),1000,7800000,0,0,7800,7800,7800
2012-07-13,2.37,7600,-0.2(-2.56 %),2020,15855000,0,0,7900,7900,7600
2012-07-16,2.37,7600,0(0.00 %),5030,38228000,0,0,7500,7700,7500
2012-07-17,2.37,7600,0(0.00 %),3010,23076000,0,0,7600,7700,7600
2012-07-18,2.37,7600,0(0.00 %),210,1656000,0,0,7900,7900,7600
2012-07-19,2.43,7800,0.2(2.63 %),3010,23178000,0,0,7700,7800,7700
2012-07-20,2.43,7800,0(0.00 %),0,0,0,0,7800,7800,7800
2012-07-23,2.49,8000,0.2(2.56 %),2700,21600000,0,0,8000,8000,8000
2012-07-24,2.49,8000,0(0.00 %),200,1600000,0,0,8000,8000,8000
2012-07-25,2.46,7900,-0.1(-1.25 %),10,79000,0,0,7900,7900,7900
2012-07-26,2.46,7900,0(0.00 %),20,158000,0,0,7900,7900,7900
2012-07-27,2.37,7600,-0.3(-3.80 %),10,76000,0,0,7600,7600,7600
2012-07-30,2.37,7600,0(0.00 %),10,76000,0,0,7600,7600,7600
2012-07-31,2.34,7500,-0.1(-1.32 %),400,3054000,0,0,7700,7700,7500
2012-08-01,2.27,7300,-0.2(-2.67 %),820,5987000,0,0,7300,7400,7300
2012-08-02,2.37,7600,0.3(4.11 %),10,76000,0,0,7600,7600,7600
2012-08-03,2.34,7500,-0.1(-1.32 %),350,2601000,0,0,7300,7500,7300
2012-08-06,2.43,7800,0.3(4.00 %),120,932000,0,0,7800,7800,7400
2012-08-07,2.34,7500,-0.3(-3.85 %),1030,7725000,0,0,7500,7500,7500
2012-08-08,2.34,7500,0(0.00 %),0,0,0,0,7500,7500,7500
2012-08-09,2.34,7500,0(0.00 %),130,975000,0,0,7500,7500,7500
2012-08-10,2.34,7500,0(0.00 %),0,0,0,0,7500,7500,7500
2012-08-13,2.34,7500,0(0.00 %),0,0,0,0,7500,7500,7500
2012-08-14,2.43,7800,0.3(4.00 %),2600,20080000,0,0,7600,7800,7600
2012-08-15,2.34,7500,-0.3(-3.85 %),70,549000,0,0,8100,8100,7500
2012-08-16,2.24,7200,-0.3(-4.00 %),1320,10230000,0,0,7800,7800,7200
2012-08-17,2.34,7500,0.3(4.17 %),50,375000,0,0,7500,7500,7500
2012-08-20,2.43,7800,0.3(4.00 %),10,78000,0,0,7800,7800,7800
2012-08-21,2.43,7800,0(0.00 %),210,1578000,0,0,7500,7800,7500
2012-08-22,2.34,7500,-0.3(-3.85 %),540,4050000,20000,156000000,7500,7500,7500
2012-08-23,2.24,7200,-0.3(-4.00 %),30,226000,0,0,7700,7700,7200
2012-08-24,2.24,7200,0(0.00 %),3000,21600000,0,0,7200,7200,7200
2012-08-27,2.27,7300,0.1(1.39 %),1490,10445000,0,0,7200,7300,6900
2012-08-28,2.18,7000,-0.3(-4.11 %),270,1890000,0,0,7000,7000,7000
2012-08-29,2.27,7300,0.3(4.29 %),20,146000,0,0,7300,7300,7300
2012-08-30,2.24,7200,-0.1(-1.37 %),30,216000,0,0,7200,7200,7200
2012-08-31,2.15,6900,-0.3(-4.17 %),10,69000,20000,138000000,6900,6900,6900
2012-09-04,2.24,7200,0.3(4.35 %),290,2088000,0,0,7200,7200,7200
2012-09-05,2.34,7500,0.3(4.17 %),470,3525000,0,0,7500,7500,7500
2012-09-06,2.24,7200,-0.3(-4.00 %),3920,30563000,0,0,7700,7800,7200
2012-09-07,2.24,7200,0(0.00 %),10,72000,0,0,7200,7200,7200
2012-09-10,2.34,7500,0.3(4.17 %),500,3750000,0,0,7500,7500,7500
2012-09-11,2.27,7300,-0.2(-2.67 %),11620,90631000,0,0,7800,7800,7300
2012-09-12,2.27,7300,0(0.00 %),0,0,0,0,7300,7300,7300
2012-09-13,2.37,7600,0.3(4.11 %),940,7144000,0,0,7600,7600,7600
2012-09-14,2.46,7900,0.3(3.95 %),5060,39969000,0,0,7900,7900,7400
2012-09-17,2.55,8200,0.3(3.80 %),10,82000,0,0,8200,8200,8200
2012-09-18,2.55,8200,0(0.00 %),0,0,0,0,8200,8200,8200
2012-09-19,2.55,8200,0(0.00 %),0,0,0,0,8200,8200,8200
2012-09-20,2.55,8200,0(0.00 %),0,0,0,0,8200,8200,8200
2012-09-21,2.55,8200,0(0.00 %),0,0,0,0,8200,8200,8200
2012-09-24,2.55,8200,0(0.00 %),20,164000,0,0,8200,8200,8200
2012-09-25,2.55,8200,0(0.00 %),50,410000,0,0,8200,8200,8200
2012-09-26,2.55,8200,0(0.00 %),1000,8200000,0,0,8200,8200,8200
2012-09-27,2.68,8600,0.4(4.88 %),20,165000,0,0,7900,8600,7900
2012-09-28,2.8,9000,0.4(4.65 %),90,754000,0,0,9000,9000,8200
2012-10-01,2.68,8600,-0.4(-4.44 %),10,86000,0,0,8600,8600,8600
2012-10-02,2.68,8600,0(0.00 %),0,0,0,0,8600,8600,8600
2012-10-03,2.59,8300,-0.3(-3.49 %),110,912000,0,0,8200,8300,8200
2012-10-04,2.46,7900,-0.4(-4.82 %),520,4108000,0,0,7900,7900,7900
2012-10-05,2.37,7600,-0.3(-3.80 %),360,2886000,0,0,8200,8200,7600
2012-10-08,2.27,7300,-0.3(-3.95 %),30,225000,0,0,7900,7900,7300
2012-10-09,2.18,7000,-0.3(-4.11 %),20,140000,0,0,7000,7000,7000
2012-10-10,2.18,7000,0(0.00 %),2530,17517000,0,0,6700,7000,6700
2012-10-11,2.27,7300,0.3(4.29 %),30,219000,0,0,7300,7300,7300
2012-10-12,2.18,7000,-0.3(-4.11 %),220,1606000,0,0,7600,7600,7000
2012-10-15,2.27,7300,0.3(4.29 %),10,73000,0,0,7300,7300,7300
2012-10-16,2.18,7000,-0.3(-4.11 %),1120,7864000,0,0,7000,7600,7000
2012-10-17,2.09,6700,-0.3(-4.29 %),80,536000,0,0,6700,6700,6700
2012-10-18,2.09,6700,0(0.00 %),10,67000,0,0,6700,6700,6700
2012-10-19,1.99,6400,-0.3(-4.48 %),220,1408000,0,0,6400,6400,6400
2012-10-22,2.09,6700,0.3(4.69 %),510,3267000,0,0,6400,6700,6400
2012-10-23,1.99,6400,-0.3(-4.48 %),430,2764000,0,0,7000,7000,6400
2012-10-24,1.9,6100,-0.3(-4.69 %),150,999000,0,0,6700,6700,6100
2012-10-25,1.93,6200,0.1(1.64 %),480,2939000,0,0,6100,6200,6100
2012-10-26,1.93,6200,0(0.00 %),20,127000,0,0,6500,6500,6200
2012-10-29,1.84,5900,-0.3(-4.84 %),50,295000,0,0,5900,5900,5900
2012-10-30,1.9,6100,0.2(3.39 %),510,3111000,0,0,6100,6100,6100
2012-10-31,1.81,5800,-0.3(-4.92 %),30,174000,0,0,5800,5800,5800
2012-11-01,1.87,6000,0.2(3.45 %),510,3060000,0,0,6000,6000,6000
2012-11-02,1.78,5700,-0.3(-5.00 %),20,116000,0,0,5900,5900,5700
2012-11-05,1.74,5600,-0.1(-1.75 %),110,616000,0,0,5600,5600,5600
2012-11-06,1.81,5800,0.2(3.57 %),10,58000,0,0,5800,5800,5800
2012-11-07,1.87,6000,0.2(3.45 %),20,120000,0,0,6000,6000,6000
2012-11-08,1.96,6300,0.3(5.00 %),10,63000,0,0,6300,6300,6300
2012-11-09,2.06,6600,0.3(4.76 %),2010,12866000,0,0,6400,6600,6400
2012-11-12,2.15,6900,0.3(4.55 %),20,138000,0,0,6900,6900,6900
2012-11-13,2.24,7200,0.3(4.35 %),10,72000,0,0,7200,7200,7200
2012-11-14,2.34,7500,0.3(4.17 %),20,149000,0,0,7400,7500,7400
2012-11-15,2.24,7200,-0.3(-4.00 %),270,1982000,0,0,7700,7700,7200
2012-11-16,2.31,7400,0.2(2.78 %),10,74000,0,0,7400,7400,7400
2012-11-19,2.21,7100,-0.3(-4.05 %),2010,14893000,0,0,7400,7600,7100
2012-11-20,2.27,7300,0.2(2.82 %),160,1168000,0,0,7300,7300,7300
2012-11-21,2.31,7400,0.1(1.37 %),10,74000,0,0,7400,7400,7400
2012-11-22,2.27,7300,-0.1(-1.35 %),140,1022000,0,0,7300,7300,7300
2012-11-23,2.27,7300,0(0.00 %),0,0,0,0,7300,7300,7300
2012-11-26,2.37,7600,0.3(4.11 %),20,152000,0,0,7600,7600,7600
2012-11-27,2.37,7600,0(0.00 %),0,0,0,0,7600,7600,7600
2012-11-28,2.37,7600,0(0.00 %),0,0,0,0,7600,7600,7600
2012-11-29,2.43,7800,0.2(2.63 %),10,78000,0,0,7800,7800,7800
2012-11-30,2.43,7800,0(0.00 %),0,0,0,0,7800,7800,7800
2012-12-03,2.52,8100,0.3(3.85 %),10,81000,0,0,8100,8100,8100
2012-12-04,2.62,8400,0.3(3.70 %),10,84000,0,0,8400,8400,8400
2012-12-05,2.68,8600,0.2(2.38 %),10,86000,0,0,8600,8600,8600
2012-12-06,2.74,8800,0.2(2.33 %),20,177000,0,0,8900,8900,8800
2012-12-07,2.87,9200,0.4(4.55 %),10,92000,0,0,9200,9200,9200
2012-12-10,2.87,9200,0(0.00 %),20,187000,0,0,9500,9500,9200
2012-12-11,2.74,8800,-0.4(-4.35 %),10,88000,0,0,8800,8800,8800
2012-12-12,2.62,8400,-0.4(-4.55 %),20,174000,0,0,9000,9000,8400
2012-12-13,2.62,8400,0(0.00 %),50,416000,0,0,8800,8800,8000
2012-12-14,2.49,8000,-0.4(-4.76 %),160,1288000,0,0,8800,8800,8000
2012-12-17,2.62,8400,0.4(5.00 %),10,84000,0,0,8400,8400,8400
2012-12-18,2.49,8000,-0.4(-4.76 %),20,168000,0,0,8800,8800,8000
2012-12-19,2.37,7600,-0.4(-5.00 %),250,1900000,0,0,7600,7600,7600
2012-12-20,2.27,7300,-0.3(-3.95 %),160,1186000,0,0,7900,7900,7300
2012-12-21,2.31,7400,0.1(1.37 %),530,3918000,0,0,7500,7500,7000
2012-12-24,2.21,7100,-0.3(-4.05 %),80,589000,0,0,7400,7700,7100
2012-12-25,2.31,7400,0.3(4.23 %),230,1688000,0,0,7400,7400,6800
2012-12-26,2.21,7100,-0.3(-4.05 %),160,1145000,0,0,7200,7700,7100
2012-12-27,2.31,7400,0.3(4.23 %),410,3034000,0,0,7400,7400,7400
2012-12-28,2.4,7700,0.3(4.05 %),1640,11889000,0,0,7200,7700,7100
2013-01-02,2.31,7400,-0.3(-3.90 %),2370,17538000,0,0,7400,7400,7400
2013-01-03,2.24,7200,-0.2(-2.70 %),150,1095000,0,0,7700,7700,7100
2013-01-04,2.15,6900,-0.3(-4.17 %),1230,8487000,0,0,6900,6900,6900
2013-01-07,2.24,7200,0.3(4.35 %),30,216000,330000,2178000000,7200,7200,7200
2013-01-08,2.24,7200,0(0.00 %),10,72000,0,0,7200,7200,7200
2013-01-09,2.18,7000,-0.2(-2.78 %),40,282000,0,0,7200,7200,7000
2013-01-10,2.09,6700,-0.3(-4.29 %),10,67000,0,0,6700,6700,6700
2013-01-11,2.12,6800,0.1(1.49 %),90,618000,0,0,7000,7000,6800
2013-01-14,2.21,7100,0.3(4.41 %),1160,7552000,0,0,6500,7100,6500
2013-01-15,2.34,7500,0.4(5.63 %),930,6975000,0,0,7500,7500,7500
2013-01-16,2.4,7700,0.2(2.67 %),90,651000,0,0,7000,7700,7000
2013-01-17,2.24,7200,-0.5(-6.49 %),250,1800000,0,0,7200,7200,7200
2013-01-18,2.4,7700,0.5(6.94 %),1690,11521000,0,0,6700,7700,6700
2013-01-21,2.27,7300,-0.4(-5.19 %),2030,14619000,0,0,7200,7300,7200
2013-01-22,2.34,7500,0.2(2.74 %),4540,34050000,0,0,7500,7500,7500
2013-01-23,2.18,7000,-0.5(-6.67 %),300,2100000,60000,420000000,7000,7000,7000
2013-01-24,2.06,6600,-0.4(-5.71 %),40,271000,0,0,7300,7300,6600
2013-01-25,1.93,6200,-0.4(-6.06 %),430,2682000,0,0,6200,7000,6200
2013-01-28,2.06,6600,0.4(6.45 %),550,3595000,70000,462000000,5900,6600,5900
2013-01-29,2.18,7000,0.4(6.06 %),990,6930000,0,0,7000,7000,7000
2013-01-30,2.06,6600,-0.4(-5.71 %),270,1958000,0,0,7400,7400,6600
2013-01-31,2.18,7000,0.4(6.06 %),2800,19600000,0,0,7000,7000,7000
2013-02-01,2.27,7300,0.3(4.29 %),120,872000,0,0,7400,7400,6700
2013-02-04,2.27,7300,0(0.00 %),910,6600000,0,0,7000,7300,6800
2013-02-05,2.27,7300,0(0.00 %),630,4599000,200000,1360000000,7300,7300,7300
2013-02-06,2.27,7300,0(0.00 %),0,0,0,0,7300,7300,7300
2013-02-07,2.12,6800,-0.5(-6.85 %),10,68000,0,0,6800,6800,6800
2013-02-08,2.24,7200,0.4(5.88 %),2120,14424000,0,0,6800,7200,6800
2013-02-18,2.18,7000,-0.2(-2.78 %),4810,37030000,40000,268000000,7700,7700,7000
2013-02-19,2.15,6900,-0.1(-1.43 %),10,69000,0,0,6900,6900,6900
2013-02-20,2.27,7300,0.4(5.80 %),410,2993000,0,0,7300,7300,7300
2013-02-21,2.43,7800,0.5(6.85 %),910,6688000,0,0,7300,7800,7300
2013-02-22,2.27,7300,-0.5(-6.41 %),280,2094000,0,0,7800,7800,7300
2013-02-25,2.15,6900,-0.4(-5.48 %),8810,68554000,130000,884000000,7300,7800,6900
2013-02-26,2.27,7300,0.4(5.80 %),3100,22630000,21010,136565000,7300,7300,7300
2013-02-27,2.27,7300,0(0.00 %),0,0,0,0,7300,7300,7300
2013-02-28,2.27,7300,0(0.00 %),20,146000,0,0,7300,7300,7300
2013-03-01,2.27,7300,0(0.00 %),0,0,0,0,7300,7300,7300
2013-03-04,2.27,7300,0(0.00 %),10,73000,0,0,7300,7300,7300
2013-03-05,2.4,7700,0.4(5.48 %),120,845000,0,0,6800,7700,6800
2013-03-06,2.27,7300,-0.4(-5.19 %),20,154000,0,0,8100,8100,7300
2013-03-07,2.12,6800,-0.5(-6.85 %),20,146000,0,0,7800,7800,6800
2013-03-08,2.06,6600,-0.2(-2.94 %),90,642000,0,0,7200,7200,6600
2013-03-11,2.18,7000,0.4(6.06 %),10,70000,0,0,7000,7000,7000
2013-03-12,2.18,7000,0(0.00 %),2840,19880000,0,0,7000,7000,7000
2013-03-13,2.31,7400,0.4(5.71 %),50,370000,0,0,7400,7400,7400
2013-03-14,2.31,7400,0(0.00 %),580,4292000,0,0,7400,7400,7400
2013-03-15,2.31,7400,0(0.00 %),0,0,0,0,7400,7400,7400
2013-03-18,2.15,6900,-0.5(-6.76 %),10,69000,0,0,6900,6900,6900
2013-03-19,2.18,7000,0.1(1.45 %),130,907000,0,0,6900,7000,6900
2013-03-20,2.31,7400,0.4(5.71 %),1010,7074000,0,0,7000,7400,7000
2013-03-21,2.31,7400,0(0.00 %),10,74000,0,0,7400,7400,7400
2013-03-22,2.31,7400,0(0.00 %),0,0,0,0,7400,7400,7400
2013-03-25,2.46,7900,0.5(6.76 %),120,859000,0,0,7100,7900,7000
2013-03-26,2.55,8200,0.3(3.80 %),10,82000,0,0,8200,8200,8200
2013-03-27,2.55,8200,0(0.00 %),30,236000,0,0,7700,8200,7700
2013-03-28,2.55,8200,0(0.00 %),0,0,0,0,8200,8200,8200
2013-03-29,2.55,8200,0(0.00 %),10,82000,0,0,8200,8200,8200
2013-04-01,2.4,7700,-0.5(-6.10 %),100,771000,0,0,7700,7800,7700
2013-04-02,2.52,8100,0.4(5.19 %),30,243000,0,0,8100,8100,8100
2013-04-03,2.52,8100,0(0.00 %),0,0,0,0,8100,8100,8100
2013-04-04,2.37,7600,-0.5(-6.17 %),10,76000,0,0,7600,7600,7600
2013-04-05,2.34,7500,-0.1(-1.32 %),40,288000,0,0,7100,7500,7100
2013-04-08,2.49,8000,0.5(6.67 %),3720,29040000,0,0,7000,8000,7000
2013-04-09,2.43,7800,-0.2(-2.50 %),20,153000,0,0,7500,7800,7500
2013-04-10,2.4,7700,-0.1(-1.28 %),20,150000,0,0,7300,7700,7300
2013-04-11,2.4,7700,0(0.00 %),0,0,0,0,7700,7700,7700
2013-04-12,2.4,7700,0(0.00 %),0,0,0,0,7700,7700,7700
2013-04-15,2.4,7700,0(0.00 %),30,221000,0,0,7200,7700,7200
2013-04-16,2.55,8200,0.5(6.49 %),10,82000,0,0,8200,8200,8200
2013-04-17,2.55,8200,0(0.00 %),20,159000,0,0,7700,8200,7700
2013-04-18,2.55,8200,0(0.00 %),20,164000,0,0,8200,8200,8200
2013-04-22,2.55,8200,0(0.00 %),0,0,0,0,8200,8200,8200
2013-04-23,2.52,8100,-0.1(-1.22 %),30,243000,0,0,8100,8100,8100
2013-04-24,2.37,7600,-0.5(-6.17 %),150,1140000,0,0,7600,7600,7600
2013-04-25,2.21,7100,-0.5(-6.58 %),350,2515000,0,0,7200,7200,7100
2013-04-26,2.34,7500,0.4(5.63 %),500,3750000,0,0,7500,7500,7500
2013-05-02,2.34,7500,0(0.00 %),11010,77075000,0,0,7000,7500,7000
2013-05-03,2.18,7000,-0.5(-6.67 %),50,350000,0,0,7000,7000,7000
2013-05-06,2.06,6600,-0.4(-5.71 %),2460,16236000,0,0,6600,6600,6600
2013-05-07,2.18,7000,0.4(6.06 %),10,70000,0,0,7000,7000,7000
2013-05-08,2.31,7400,0.4(5.71 %),470,3182000,0,0,7400,7400,6600
2013-05-09,2.15,6900,-0.5(-6.76 %),470,3303000,0,0,6900,7200,6900
2013-05-10,2.03,6500,-0.4(-5.80 %),1280,8322000,0,0,6500,6600,6500
2013-05-13,1.99,6400,-0.1(-1.54 %),2830,17851000,0,0,6500,6500,6100
2013-05-14,1.87,6000,-0.4(-6.25 %),30,196000,0,0,6800,6800,6000
2013-05-15,1.99,6400,0.4(6.67 %),20,128000,0,0,6400,6400,6400
2013-05-16,2.06,6600,0.2(3.12 %),520,3132000,0,0,6600,6600,6000
2013-05-17,2.06,6600,0(0.00 %),0,0,0,0,6600,6600,6600
2013-05-20,2.06,6600,0(0.00 %),0,0,0,0,6600,6600,6600
2013-05-21,2.03,6500,-0.1(-1.52 %),900,5623000,0,0,6200,6600,6200
2013-05-22,2.03,6500,0(0.00 %),0,0,0,0,6500,6500,6500
2013-05-23,2.03,6500,0(0.00 %),0,0,0,0,6500,6500,6500
2013-05-24,2.03,6500,0(0.00 %),0,0,0,0,6500,6500,6500
2013-05-27,2.03,6500,0(0.00 %),0,0,0,0,6500,6500,6500
2013-05-28,1.9,6100,-0.4(-6.15 %),110,671000,0,0,6100,6100,6100
2013-05-29,1.9,6100,0(0.00 %),0,0,0,0,6100,6100,6100
2013-05-30,1.9,6100,0(0.00 %),0,0,0,0,6100,6100,6100
2013-05-31,1.9,6100,0(0.00 %),10,61000,0,0,6100,6100,6100
2013-06-03,2.03,6500,0.4(6.56 %),230,1495000,0,0,6500,6500,6500
2013-06-04,2.03,6500,0(0.00 %),0,0,0,0,6500,6500,6500
2013-06-05,2.03,6500,0(0.00 %),10,65000,0,0,6500,6500,6500
2013-06-06,2.06,6600,0.1(1.54 %),500,3300000,0,0,6600,6600,6600
2013-06-07,2.03,6500,-0.1(-1.52 %),10,65000,0,0,6500,6500,6500
2013-06-10,2.03,6500,0(0.00 %),0,0,0,0,6500,6500,6500
2013-06-11,2.03,6500,0(0.00 %),0,0,0,0,6500,6500,6500
2013-06-12,1.9,6100,-0.4(-6.15 %),500,3050000,0,0,6100,6100,6100
2013-06-13,1.9,6100,0(0.00 %),0,0,0,0,6100,6100,6100
2013-06-14,1.9,6100,0(0.00 %),0,0,0,0,6100,6100,6100
2013-06-17,1.9,6100,0(0.00 %),370,2258000,0,0,6100,6200,6100
2013-06-18,1.9,6100,0(0.00 %),0,0,0,0,6100,6100,6100
2013-06-19,1.9,6100,0(0.00 %),220,1342000,0,0,6100,6100,6100
2013-06-20,1.9,6100,0(0.00 %),0,0,0,0,6100,6100,6100
2013-06-21,1.9,6100,0(0.00 %),0,0,0,0,6100,6100,6100
2013-06-24,1.84,5900,-0.2(-3.28 %),470,2772000,0,0,5800,5900,5800
2013-06-25,1.81,5800,-0.1(-1.69 %),40,232000,0,0,5800,5800,5800
2013-06-26,1.81,5800,0(0.00 %),0,0,0,0,5800,5800,5800
2013-06-27,1.81,5800,0(0.00 %),0,0,0,0,5800,5800,5800
2013-06-28,1.81,5800,0(0.00 %),0,0,0,0,5800,5800,5800
2013-07-01,1.81,5800,0(0.00 %),0,0,0,0,5800,5800,5800
2013-07-02,1.81,5800,0(0.00 %),0,0,0,0,5800,5800,5800
2013-07-03,1.81,5800,0(0.00 %),0,0,0,0,5800,5800,5800
2013-07-04,1.81,5800,0(0.00 %),0,0,0,0,5800,5800,5800
2013-07-05,1.93,6200,0.4(6.90 %),440,2728000,0,0,6200,6200,6200
2013-07-08,1.93,6200,0(0.00 %),0,0,0,0,6200,6200,6200
2013-07-09,2.06,6600,0.4(6.45 %),2090,13650000,0,0,6400,6600,6400
2013-07-10,1.93,6200,-0.4(-6.06 %),50,310000,0,0,6200,6200,6200
2013-07-11,1.93,6200,0(0.00 %),0,0,0,0,6200,6200,6200
2013-07-12,1.96,6300,0.1(1.61 %),560,3525000,0,0,6000,6300,6000
2013-07-15,2.03,6500,0.2(3.17 %),580,3749000,0,0,6400,6500,6400
2013-07-16,2.03,6500,0(0.00 %),0,0,0,0,6500,6500,6500
2013-07-17,2.03,6500,0(0.00 %),0,0,0,0,6500,6500,6500
2013-07-18,2.15,6900,0.4(6.15 %),1460,9960000,0,0,6700,6900,6700
2013-07-19,2.09,6700,-0.2(-2.90 %),690,4623000,0,0,6700,6700,6700
2013-07-22,2.09,6700,0(0.00 %),0,0,0,0,6700,6700,6700
2013-07-23,2.09,6700,0(0.00 %),0,0,0,0,6700,6700,6700
2013-07-24,2.09,6700,0(0.00 %),0,0,0,0,6700,6700,6700
2013-07-25,2.09,6700,0(0.00 %),0,0,0,0,6700,6700,6700
2013-07-26,2.09,6700,0(0.00 %),0,0,0,0,6700,6700,6700
2013-07-29,2.09,6700,0(0.00 %),0,0,0,0,6700,6700,6700
2013-07-30,2.09,6700,0(0.00 %),0,0,0,0,6700,6700,6700
2013-07-31,2.09,6700,0(0.00 %),0,0,0,0,6700,6700,6700
2013-08-01,2.09,6700,0(0.00 %),0,0,0,0,6700,6700,6700
2013-08-02,2.12,6800,0.1(1.49 %),420,2820000,0,0,6700,6800,6700
2013-08-05,2.12,6800,0(0.00 %),0,0,0,0,6800,6800,6800
2013-08-06,2.12,6800,0(0.00 %),0,0,0,0,6800,6800,6800
2013-08-07,2.12,6800,0(0.00 %),0,0,0,0,6800,6800,6800
2013-08-08,1.99,6400,-0.4(-5.88 %),50,320000,0,0,6400,6400,6400
2013-08-09,1.99,6400,0(0.00 %),0,0,0,0,6400,6400,6400
2013-08-12,1.99,6400,0(0.00 %),0,0,0,0,6400,6400,6400
2013-08-13,1.99,6400,0(0.00 %),0,0,0,0,6400,6400,6400
2013-08-14,1.99,6400,0(0.00 %),0,0,0,0,6400,6400,6400
2013-08-15,1.99,6400,0(0.00 %),0,0,0,0,6400,6400,6400
2013-08-16,1.99,6400,0(0.00 %),0,0,0,0,6400,6400,6400
2013-08-19,1.99,6400,0(0.00 %),0,0,0,0,6400,6400,6400
2013-08-20,1.99,6400,0(0.00 %),0,0,0,0,6400,6400,6400
2013-08-21,1.99,6400,0(0.00 %),0,0,0,0,6400,6400,6400
2013-08-22,1.99,6400,0(0.00 %),0,0,0,0,6400,6400,6400
2013-08-23,2.12,6800,0.4(6.25 %),300,2040000,0,0,6800,6800,6800
2013-08-26,2.12,6800,0(0.00 %),0,0,0,0,6800,6800,6800
2013-08-27,2.12,6800,0(0.00 %),0,0,0,0,6800,6800,6800
2013-08-28,1.99,6400,-0.4(-5.88 %),50,320000,0,0,6400,6400,6400
2013-08-29,1.87,6000,-0.4(-6.25 %),190,1140000,0,0,6000,6000,6000
2013-08-30,1.87,6000,0(0.00 %),0,0,0,0,6000,6000,6000
2013-09-03,1.87,6000,0(0.00 %),0,0,0,0,6000,6000,6000
2013-09-04,1.87,6000,0(0.00 %),0,0,0,0,6000,6000,6000
2013-09-05,1.87,6000,0(0.00 %),0,0,0,0,6000,6000,6000
2013-09-06,1.87,6000,0(0.00 %),0,0,0,0,6000,6000,6000
2013-09-09,1.87,6000,0(0.00 %),0,0,0,0,6000,6000,6000
2013-09-10,1.87,6000,0(0.00 %),0,0,0,0,6000,6000,6000
2013-09-11,1.87,6000,0(0.00 %),0,0,0,0,6000,6000,6000
2013-09-12,1.87,6000,0(0.00 %),0,0,0,0,6000,6000,6000
2013-09-13,1.87,6000,0(0.00 %),0,0,0,0,6000,6000,6000
2013-09-16,1.87,6000,0(0.00 %),0,0,0,0,6000,6000,6000
2013-09-17,1.87,6000,0(0.00 %),0,0,0,0,6000,6000,6000
2013-09-18,1.87,6000,0(0.00 %),0,0,0,0,6000,6000,6000
2013-09-19,1.87,6000,0(0.00 %),16500,99000000,0,0,6000,6000,6000
2013-09-20,1.87,6000,0(0.00 %),160,960000,0,0,6000,6000,6000
2013-09-23,1.87,6000,0(0.00 %),0,0,0,0,6000,6000,6000
2013-09-24,1.87,6000,0(0.00 %),0,0,0,0,6000,6000,6000
2013-09-25,1.87,6000,0(0.00 %),0,0,0,0,6000,6000,6000
2013-09-26,1.87,6000,0(0.00 %),730,4380000,0,0,6000,6000,6000
2013-09-27,1.74,5600,-0.4(-6.67 %),1940,10894000,0,0,5700,5700,5600
2013-09-30,1.74,5600,0(0.00 %),0,0,0,0,5600,5600,5600
2013-10-01,1.74,5600,0(0.00 %),0,0,0,0,5600,5600,5600
2013-10-02,1.65,5300,-0.3(-5.36 %),10,53000,0,0,5300,5300,5300
2013-10-03,1.56,5000,-0.3(-5.66 %),2010,10320000,0,0,5300,5300,5000
2013-10-04,1.46,4700,-0.3(-6.00 %),10,47000,0,0,4700,4700,4700
2013-10-07,1.46,4700,0(0.00 %),0,0,0,0,4700,4700,4700
2013-10-08,1.46,4700,0(0.00 %),0,0,0,0,4700,4700,4700
2013-10-09,1.46,4700,0(0.00 %),0,0,0,0,4700,4700,4700
2013-10-10,1.56,5000,0.3(6.38 %),10000,50000000,0,0,5000,5000,5000
2013-10-11,1.56,5000,0(0.00 %),0,0,0,0,5000,5000,5000
2013-10-14,1.65,5300,0.3(6.00 %),1000,5300000,0,0,5300,5300,5300
2013-10-15,1.74,5600,0.3(5.66 %),510,2856000,0,0,5600,5600,5600
2013-10-16,1.65,5300,-0.3(-5.36 %),20,112000,0,0,5900,5900,5300
2013-10-17,1.76,5000,0.3(6.38 %),330,1650000,0,0,5000,5000,5000
2013-10-18,1.86,5300,0.3(6.00 %),30,159000,0,0,5300,5300,5300
2013-10-21,1.76,5000,-0.3(-5.66 %),20,106000,0,0,5600,5600,5000
2013-10-22,1.65,4700,-0.3(-6.00 %),3410,16032000,0,0,4700,5200,4700
2013-10-23,1.65,4700,0(0.00 %),11770,55550000,0,0,5000,5000,4700
2013-10-24,1.76,5000,0.3(6.38 %),2930,14644000,0,0,5000,5000,4700
2013-10-25,1.79,5100,0.1(2.00 %),670,3349000,0,0,5000,5100,4800
2013-10-28,1.76,5000,-0.1(-1.96 %),100,500000,0,0,5000,5000,5000
2013-10-29,1.65,4700,-0.3(-6.00 %),40,189000,0,0,4800,4800,4700
2013-10-30,1.69,4800,0.1(2.13 %),1030,5148000,0,0,5000,5000,4800
2013-10-31,1.76,5000,0.2(4.17 %),1000,5000000,0,0,5000,5000,5000
2013-11-01,1.72,4900,-0.1(-2.00 %),160,785000,0,0,5000,5000,4900
2013-11-04,1.76,5000,0.1(2.04 %),2260,11300000,0,0,5000,5000,5000
2013-11-05,1.69,4800,-0.2(-4.00 %),16520,82596000,0,0,5000,5000,4800
2013-11-06,1.79,5100,0.3(6.25 %),1200,6048000,0,0,4900,5100,4900
2013-11-07,1.79,5100,0(0.00 %),2530,12903000,0,0,5100,5100,5100
2013-11-08,1.83,5200,0.1(1.96 %),730,3746000,0,0,5100,5200,5100
2013-11-11,1.83,5200,0(0.00 %),0,0,0,0,5200,5200,5200
2013-11-12,1.83,5200,0(0.00 %),0,0,0,0,5200,5200,5200
2013-11-13,1.83,5200,0(0.00 %),4010,19652000,0,0,4900,5200,4900
2013-11-14,1.83,5200,0(0.00 %),10,52000,0,0,5200,5200,5200
2013-11-15,1.72,4900,-0.3(-5.77 %),70,361000,0,0,5200,5200,4900
2013-11-18,1.83,5200,0.3(6.12 %),10360,51872000,0,0,5000,5200,5000
2013-11-19,1.93,5500,0.3(5.77 %),10,55000,0,0,5500,5500,5500
2013-11-20,2.04,5800,0.3(5.45 %),1020,5516000,0,0,5800,5800,5400
2013-11-21,2.04,5800,0(0.00 %),2770,15359000,0,0,5500,5800,5400
2013-11-22,2.18,6200,0.4(6.90 %),10,62000,0,0,6200,6200,6200
2013-11-25,2.04,5800,-0.4(-6.45 %),1500,8700000,0,0,5800,5800,5800
2013-11-26,2.07,5900,0.1(1.72 %),120,654000,0,0,5500,5900,5400
2013-11-27,2.07,5900,0(0.00 %),2950,18212000,0,0,6200,6200,5800
2013-11-28,2.07,5900,0(0.00 %),1890,11151000,0,0,5900,5900,5900
2013-11-29,2.04,5800,-0.1(-1.69 %),1520,9021000,0,0,6000,6100,5800
2013-12-02,1.97,5600,-0.2(-3.45 %),310,1749000,0,0,5700,5800,5600
2013-12-03,1.97,5600,0(0.00 %),0,0,0,0,5600,5600,5600
2013-12-04,1.93,5500,-0.1(-1.79 %),46110,253190000,0,0,5400,5500,5300
2013-12-05,1.97,5600,0.1(1.82 %),120,683000,0,0,5700,5700,5600
2013-12-06,1.9,5400,-0.2(-3.57 %),6000,32307000,0,0,5500,5500,5300
2013-12-09,1.93,5500,0.1(1.85 %),3080,16948000,0,0,5600,5600,5500
2013-12-10,1.97,5600,0.1(1.82 %),20,108000,0,0,5200,5600,5200
2013-12-11,1.97,5600,0(0.00 %),0,0,0,0,5600,5600,5600
2013-12-12,1.97,5600,0(0.00 %),0,0,0,0,5600,5600,5600
2013-12-13,1.86,5300,-0.3(-5.36 %),8090,43846000,0,0,5500,5500,5300
2013-12-16,1.86,5300,0(0.00 %),5000,26700000,0,0,5400,5400,5300
2013-12-17,1.86,5300,0(0.00 %),0,0,0,0,5300,5300,5300
2013-12-18,1.9,5400,0.1(1.89 %),2500,13460000,0,0,5300,5400,5300
2013-12-19,1.9,5400,0(0.00 %),0,0,0,0,5400,5400,5400
2013-12-20,1.9,5400,0(0.00 %),0,0,0,0,5400,5400,5400
2013-12-23,1.86,5300,-0.1(-1.85 %),5160,27349000,0,0,5400,5400,5300
2013-12-24,1.97,5600,0.3(5.66 %),9240,48212000,0,0,5200,5600,5000
2013-12-25,1.86,5300,-0.3(-5.36 %),40,218000,0,0,5900,5900,5300
2013-12-26,1.86,5300,0(0.00 %),0,0,0,0,5300,5300,5300
2013-12-27,1.83,5200,-0.1(-1.89 %),2030,11156000,0,0,5500,5500,5200
2013-12-30,1.76,5000,-0.2(-3.85 %),460,2392000,0,0,5500,5500,5000
2013-12-31,1.69,4800,-0.2(-4.00 %),70,336000,0,0,4800,4800,4800
2014-01-02,1.79,5100,0.3(6.25 %),4000,20400000,0,0,5100,5100,5100
2014-01-03,1.79,5100,0(0.00 %),1520,8160000,0,0,5300,5400,5100
2014-01-06,1.69,4800,-0.3(-5.88 %),320,1569000,0,0,5000,5000,4800
2014-01-07,1.79,5100,0.3(6.25 %),11150,56865000,0,0,5100,5100,5100
2014-01-08,1.9,5400,0.3(5.88 %),2680,14472000,0,0,5400,5400,5400
2014-01-09,1.79,5100,-0.3(-5.56 %),20,107000,0,0,5600,5600,5100
2014-01-10,1.9,5400,0.3(5.88 %),1690,8692000,0,0,5000,5400,5000
2014-01-13,1.93,5500,0.1(1.85 %),3030,16067000,0,0,5700,5700,5200
2014-01-14,2.04,5800,0.3(5.45 %),440,2489000,0,0,5600,5800,5600
2014-01-15,2.18,6200,0.4(6.90 %),520,3221000,0,0,5900,6200,5900
2014-01-16,2.14,6100,-0.1(-1.61 %),820,4779000,0,0,5800,6100,5800
2014-01-17,2.0,5700,-0.4(-6.56 %),7170,40869000,0,0,5700,5700,5700
2014-01-20,2.0,5700,0(0.00 %),4000,22800000,0,0,5700,5700,5700
2014-01-21,1.93,5500,-0.2(-3.51 %),10,55000,0,0,5500,5500,5500
2014-01-22,2.04,5800,0.3(5.45 %),4950,28130000,0,0,5600,5800,5600
2014-01-23,2.0,5700,-0.1(-1.72 %),970,5529000,0,0,5800,5800,5500
2014-01-24,2.07,5900,0.2(3.51 %),10,59000,0,0,5900,5900,5900
2014-01-27,2.07,5900,0(0.00 %),0,0,0,0,5900,5900,5900
2014-02-06,2.07,5900,0(0.00 %),1040,6136000,0,0,5900,5900,5900
2014-02-07,2.07,5900,0(0.00 %),0,0,0,0,5900,5900,5900
2014-02-10,2.18,6200,0.3(5.08 %),960,5824000,0,0,6000,6200,6000
2014-02-11,2.18,6200,0(0.00 %),0,0,0,0,6200,6200,6200
2014-02-12,2.18,6200,0(0.00 %),510,3112000,0,0,6100,6200,6100
2014-02-13,2.14,6100,-0.1(-1.61 %),950,5795000,0,0,6100,6100,6100
2014-02-14,2.14,6100,0(0.00 %),0,0,0,0,6100,6100,6100
2014-02-17,2.18,6200,0.1(1.64 %),3430,21035000,0,0,6100,6200,6100
2014-02-18,2.21,6300,0.1(1.61 %),4440,27981000,0,0,6300,6400,6300
2014-02-19,2.11,6000,-0.3(-4.76 %),20,124000,0,0,6400,6400,6000
2014-02-20,2.11,6000,0(0.00 %),2580,15580000,0,0,6100,6100,6000
2014-02-21,2.11,6000,0(0.00 %),0,0,0,0,6000,6000,6000
2014-02-24,2.11,6000,0(0.00 %),3960,23759000,0,0,5900,6000,5900
2014-02-25,2.11,6000,0(0.00 %),0,0,0,0,6000,6000,6000
2014-02-26,2.11,6000,0(0.00 %),0,0,0,0,6000,6000,6000
2014-02-27,2.07,5900,-0.1(-1.67 %),1690,10031000,0,0,6000,6000,5900
2014-02-28,2.21,6300,0.4(6.78 %),10,63000,0,0,6300,6300,6300
2014-03-03,2.21,6300,0(0.00 %),0,0,0,0,6300,6300,6300
2014-03-04,2.35,6700,0.4(6.35 %),4020,24334000,0,0,6700,6700,6000
2014-03-05,2.35,6700,0(0.00 %),0,0,0,0,6700,6700,6700
2014-03-06,2.35,6700,0(0.00 %),0,0,0,0,6700,6700,6700
2014-03-07,2.28,6500,-0.2(-2.99 %),30,191000,0,0,6300,6500,6300
2014-03-10,2.28,6500,0(0.00 %),0,0,0,0,6500,6500,6500
2014-03-11,2.28,6500,0(0.00 %),290,1855000,0,0,6300,6500,6300
2014-03-12,2.28,6500,0(0.00 %),10070,64446000,0,0,6600,6600,6300
2014-03-13,2.28,6500,0(0.00 %),250,1577000,0,0,6300,6500,6300
2014-03-14,2.39,6800,0.3(4.62 %),410,2718000,0,0,6500,6900,6500
2014-03-17,2.35,6700,-0.1(-1.47 %),40,267000,0,0,6600,6700,6600
2014-03-18,2.35,6700,0(0.00 %),0,0,0,0,6700,6700,6700
2014-03-19,2.39,6800,0.1(1.49 %),1250,8167000,0,0,6400,6800,6400
2014-03-20,2.46,7000,0.2(2.94 %),940,6461000,0,0,6600,7000,6600
2014-03-21,2.53,7200,0.2(2.86 %),910,6381000,0,0,6900,7200,6900
2014-03-24,2.71,7700,0.5(6.94 %),2280,17127000,0,0,7200,7700,7200
2014-03-25,2.88,8200,0.5(6.49 %),17780,145796000,0,0,8200,8200,8200
2014-03-26,2.71,7700,-0.5(-6.10 %),1040,8648000,0,0,8700,8700,7700
2014-03-27,2.88,8200,0.5(6.49 %),590,4516000,0,0,7800,8200,7500
2014-03-28,3.02,8600,0.4(4.88 %),410,3176000,0,0,7700,8600,7700
2014-03-31,2.81,8000,-0.6(-6.98 %),350,2807000,0,0,8000,8700,8000
2014-04-01,2.99,8500,0.5(6.25 %),210,1678000,0,0,7700,8500,7600
2014-04-02,3.16,9000,0.5(5.88 %),50,438000,0,0,8500,9000,8500
2014-04-03,3.3,9400,0.4(4.44 %),160,1467000,0,0,9500,9500,9000
2014-04-04,3.09,8800,-0.6(-6.38 %),10,88000,0,0,8800,8800,8800
2014-04-07,3.16,9000,0.2(2.27 %),60,508000,0,0,8200,9000,8200
2014-04-08,2.95,8400,-0.6(-6.67 %),140,1176000,0,0,8400,8400,8400
2014-04-10,2.78,7900,-0.5(-5.95 %),400,3200000,0,0,7900,8900,7900
2014-04-11,2.92,8300,0.4(5.06 %),190,1577000,0,0,8200,8400,8200
2014-04-14,2.78,7900,-0.4(-4.82 %),50,406000,0,0,8400,8500,7900
2014-04-15,2.95,8400,0.5(6.33 %),50,412000,0,0,8000,8400,8000
2014-04-16,3.09,8800,0.4(4.76 %),2960,24433000,0,0,8500,8900,7900
2014-04-17,3.3,9400,0.6(6.82 %),60,529000,0,0,8500,9400,8500
2014-04-18,3.13,8900,-0.5(-5.32 %),650,5742000,0,0,8800,9400,8800
2014-04-21,2.92,8300,-0.6(-6.74 %),120,998000,0,0,8300,8500,8300
2014-04-22,2.81,8000,-0.3(-3.61 %),1100,8592000,0,0,7800,8800,7800
2014-04-23,2.78,7900,-0.1(-1.25 %),3750,28975000,0,0,7900,7900,7500
2014-04-24,2.95,8400,0.5(6.33 %),250,2000000,0,0,7900,8400,7900
2014-04-25,2.78,7900,-0.5(-5.95 %),630,5187000,0,0,8400,8900,7900
2014-04-28,2.95,8400,0.5(6.33 %),60,504000,0,0,8400,8400,8400
2014-04-29,2.95,8400,0(0.00 %),0,0,0,0,8400,8400,8400
2014-05-05,3.13,8900,0.5(5.95 %),5040,42850000,0,0,8500,8900,8500
2014-05-06,3.09,8800,-0.1(-1.12 %),2010,17578000,0,0,8300,8800,8300
2014-05-07,2.88,8200,-0.6(-6.82 %),1280,10564000,0,0,8700,9400,8200
2014-05-08,2.85,8100,-0.1(-1.22 %),10,81000,0,0,8100,8100,8100
2014-05-09,2.78,7900,-0.2(-2.47 %),30,238000,0,0,8000,8000,7900
2014-05-12,2.95,8400,0.5(6.33 %),10,84000,0,0,8400,8400,8400
2014-05-13,2.78,7900,-0.5(-5.95 %),110,940000,0,0,8400,8900,7900
2014-05-14,2.6,7400,-0.5(-6.33 %),10420,77118000,0,0,8400,8400,7400
2014-05-15,2.64,7500,0.1(1.35 %),60,444000,0,0,6900,7500,6900
2014-05-16,2.46,7000,-0.5(-6.67 %),210,1630000,0,0,7800,7800,7000
2014-05-19,2.32,6600,-0.4(-5.71 %),40,264000,0,0,6600,6600,6600
2014-05-20,2.18,6200,-0.4(-6.06 %),140,964000,0,0,7000,7000,6200
2014-05-21,2.04,5800,-0.4(-6.45 %),120,736000,0,0,5800,6600,5800
2014-05-22,1.9,5400,-0.4(-6.90 %),10,54000,0,0,5400,5400,5400
2014-05-23,1.9,5400,0(0.00 %),5000,27000000,0,0,5400,5400,5400
2014-05-26,2.0,5700,0.3(5.56 %),5470,30105000,0,0,5500,5700,5500
2014-05-27,2.11,6000,0.3(5.26 %),10,60000,0,0,6000,6000,6000
2014-05-28,2.25,6400,0.4(6.67 %),2530,16192000,0,0,6400,6400,6400
2014-05-29,2.39,6800,0.4(6.25 %),680,4624000,0,0,6800,6800,6800
2014-05-30,2.49,7100,0.3(4.41 %),140,1005000,0,0,7200,7200,7100
2014-06-02,2.64,7500,0.4(5.63 %),460,3435000,0,0,7200,7500,7200
2014-06-03,2.64,7500,0(0.00 %),530,3720000,0,0,7500,7500,7000
2014-06-04,2.78,7900,0.4(5.33 %),140,1046000,0,0,7000,7900,7000
2014-06-05,2.92,8300,0.4(5.06 %),710,5400000,0,0,7800,8300,7400
2014-06-06,2.88,8200,-0.1(-1.20 %),240,1962000,0,0,7800,8200,7800
2014-06-09,2.88,8200,0(0.00 %),40,313000,0,0,7700,8200,7700
2014-06-10,2.88,8200,0(0.00 %),120,969000,0,0,7700,8200,7700
2014-06-11,2.81,8000,-0.2(-2.44 %),20,157000,0,0,7700,8000,7700
2014-06-12,2.81,8000,0(0.00 %),20,160000,0,0,8000,8000,8000
2014-06-13,2.78,7900,-0.1(-1.25 %),340,2578000,0,0,7500,7900,7500
2014-06-16,2.9,8000,0.3(3.90 %),4500,36000000,0,0,8000,8000,8000
2014-06-17,2.94,8100,0.1(1.25 %),10,81000,0,0,8100,8100,8100
2014-06-18,2.9,8000,-0.1(-1.23 %),3010,23780000,0,0,7900,8000,7900
2014-06-19,3.05,8400,0.4(5.00 %),10,84000,0,0,8400,8400,8400
2014-06-20,3.05,8400,0(0.00 %),0,0,0,0,8400,8400,8400
2014-06-23,3.05,8400,0(0.00 %),0,0,0,0,8400,8400,8400
2014-06-24,3.05,8400,0(0.00 %),0,0,0,0,8400,8400,8400
2014-06-25,3.05,8400,0(0.00 %),20,163000,0,0,7900,8400,7900
2014-06-26,3.05,8400,0(0.00 %),50,419000,0,0,8400,8600,8000
2014-06-27,2.9,8000,-0.4(-4.76 %),10,80000,0,0,8000,8000,8000
2014-06-30,2.87,7900,-0.1(-1.25 %),1920,15168000,0,0,7900,7900,7900
2014-07-01,2.97,8200,0.3(3.80 %),1050,7806000,0,0,7400,8200,7400
2014-07-02,3.05,8400,0.2(2.44 %),30,249000,0,0,8200,8400,8200
2014-07-03,3.12,8600,0.2(2.38 %),320,2691000,0,0,8400,8600,8400
2014-07-04,2.9,8000,-0.6(-6.98 %),1050,8435000,0,0,8600,8700,8000
2014-07-07,2.72,7500,-0.5(-6.25 %),3420,25680000,0,0,7500,7600,7500
2014-07-08,2.9,8000,0.5(6.67 %),10,80000,0,0,8000,8000,8000
2014-07-09,2.76,7600,-0.4(-5.00 %),650,5016000,0,0,7600,8500,7500
2014-07-10,2.68,7400,-0.2(-2.63 %),210,1554000,0,0,7400,7400,7400
2014-07-11,2.58,7100,-0.3(-4.05 %),30,227000,0,0,7800,7800,7100
2014-07-14,2.5,6900,-0.2(-2.82 %),3600,24908000,0,0,7100,7100,6900
2014-07-15,2.65,7300,0.4(5.80 %),10,73000,0,0,7300,7300,7300
2014-07-16,2.83,7800,0.5(6.85 %),80,606000,0,0,7400,7800,7100
2014-07-17,2.83,7800,0(0.00 %),350,2745000,0,0,7900,8300,7800
2014-07-18,2.9,8000,0.2(2.56 %),70,1000000,0,0,7800,8100,7800
2014-07-21,2.9,8000,0(0.00 %),0,0,0,0,8000,8000,8000
2014-07-22,2.9,8000,0(0.00 %),0,0,0,0,8000,8000,8000
2014-07-23,2.9,8000,0(0.00 %),3290,25000000,0,0,7500,8000,7500
2014-07-24,2.9,8000,0(0.00 %),1400,11000000,0,0,7500,8000,7500
2014-07-25,2.9,8000,0(0.00 %),0,0,0,0,8000,8000,8000
2014-07-28,2.9,8000,0(0.00 %),800,6000000,0,0,7800,8000,7600
2014-07-29,2.9,8000,0(0.00 %),0,0,0,0,8000,8000,8000
2014-07-30,2.9,8000,0(0.00 %),0,0,0,0,8000,8000,8000
2014-07-31,2.9,8000,0(0.00 %),0,0,0,0,8000,8000,8000
2014-08-01,2.9,8000,0(0.00 %),0,0,0,0,8000,8000,8000
2014-08-04,2.9,8000,0(0.00 %),0,0,0,0,8000,8000,8000
2014-08-05,2.72,7500,-0.5(-6.25 %),1030,8000000,0,0,7500,7500,7500
2014-08-06,2.72,7500,0(0.00 %),0,0,0,0,7500,7500,7500
2014-08-07,2.9,8000,0.5(6.67 %),70,1000000,0,0,8000,8000,8000
2014-08-08,2.72,7500,-0.5(-6.25 %),2200,17000000,0,0,7500,7500,7500
2014-08-11,2.9,8000,0.5(6.67 %),20,0,0,0,8000,8000,8000
2014-08-12,2.83,7800,-0.2(-2.50 %),80,1000000,0,0,7500,8000,7500
2014-08-13,2.9,8000,0.2(2.56 %),100,1000000,0,0,7800,8300,7400
2014-08-14,2.9,8000,0(0.00 %),0,0,0,0,8000,8000,8000
2014-08-15,2.72,7500,-0.5(-6.25 %),210,2000000,0,0,8100,8100,7500
2014-08-18,2.87,7900,0.4(5.33 %),10,0,0,0,7900,7900,7900
2014-08-19,2.83,7800,-0.1(-1.27 %),20,0,0,0,7400,7800,7400
2014-08-20,2.83,7800,0(0.00 %),0,0,0,0,7800,7800,7800
2014-08-21,2.83,7800,0(0.00 %),1200,9000000,0,0,7300,7800,7300
2014-08-22,2.65,7300,-0.5(-6.41 %),410,3250000,0,0,7300,8300,7300
2014-08-25,2.79,7700,0.4(5.48 %),120,1000000,0,0,7800,7800,7400
2014-08-26,2.79,7700,0(0.00 %),340,3000000,0,0,7700,8000,7700
2014-08-27,2.79,7700,0(0.00 %),20,150000,0,0,7700,7700,7700
2014-08-28,2.9,8000,0.3(3.90 %),40,310000,0,0,7700,8000,7700
2014-08-29,2.94,8100,0.1(1.25 %),20,0,0,0,8000,8100,8000
2014-09-03,2.97,8200,0.1(1.23 %),1570,13000000,0,0,7600,8200,7600
2014-09-04,2.9,8000,-0.2(-2.44 %),1410,11000000,0,0,7800,8000,7800
2014-09-05,2.9,8000,0(0.00 %),0,0,0,0,8000,8000,8000
2014-09-08,2.9,8000,0(0.00 %),320,2430000,0,0,7500,8000,7500
2014-09-09,3.08,8500,0.5(6.25 %),1470,11700000,0,0,7900,8500,7900
2014-09-10,2.97,8200,-0.3(-3.53 %),870,6962000,0,0,8000,8200,8000
2014-09-11,2.97,8200,0(0.00 %),70,584000,0,0,8300,8700,8200
2014-09-12,2.97,8200,0(0.00 %),30,246000,0,0,8200,8200,8200
2014-09-15,2.9,8000,-0.2(-2.44 %),1700,13600000,0,0,8000,8000,8000
2014-09-16,2.9,8000,0(0.00 %),0,0,0,0,8000,8000,8000
2014-09-17,2.72,7500,-0.5(-6.25 %),3990,29925000,0,0,7500,7500,7500
2014-09-18,2.65,7300,-0.2(-2.67 %),20,153000,0,0,8000,8000,7300
2014-09-19,2.72,7500,0.2(2.74 %),2860,21708000,0,0,7800,7800,7500
2014-09-22,2.9,8000,0.5(6.67 %),40,308000,0,0,7400,8000,7400
2014-09-23,2.72,7500,-0.5(-6.25 %),10,75000,0,0,7500,7500,7500
2014-09-24,2.83,7800,0.3(4.00 %),2240,17446000,0,0,8000,8000,7200
2014-09-25,2.76,7600,-0.2(-2.56 %),80,608000,0,0,7600,7600,7600
2014-09-26,2.83,7800,0.2(2.63 %),210,1641000,0,0,8100,8100,7800
2014-09-29,2.83,7800,0(0.00 %),270,2100000,0,0,7900,8200,7700
2014-09-30,2.9,8000,0.2(2.56 %),30,230000,0,0,7400,8000,7400
2014-10-01,2.9,8000,0(0.00 %),0,0,0,0,8000,8000,8000
2014-10-02,2.97,8200,0.2(2.50 %),170,1390000,0,0,8000,8200,8000
2014-10-03,2.83,7800,-0.4(-4.88 %),190,1480000,0,0,7800,7800,7800
2014-10-06,3.01,8300,0.5(6.41 %),10,80000,0,0,8300,8300,8300
2014-10-07,2.83,7800,-0.5(-6.02 %),250,1950000,0,0,7800,7800,7800
2014-10-08,3.01,8300,0.5(6.41 %),10,80000,0,0,8300,8300,8300
2014-10-09,2.83,7800,-0.5(-6.02 %),2140,16720000,0,0,8300,8300,7800
2014-10-10,2.87,7900,0.1(1.28 %),500,3950000,0,0,7900,7900,7900
2014-10-13,2.97,8200,0.3(3.80 %),10,82000,0,0,8200,8200,8200
2014-10-14,2.94,8100,-0.1(-1.22 %),10,81000,0,0,8100,8100,8100
2014-10-15,2.76,7600,-0.5(-6.17 %),3230,24548000,0,0,7600,7600,7600
2014-10-16,2.76,7600,0(0.00 %),10,76000,0,0,7600,7600,7600
2014-10-17,2.79,7700,0.1(1.32 %),440,3343000,0,0,8000,8000,7500
2014-10-20,2.87,7900,0.2(2.60 %),50,390000,0,0,8100,8100,7400
2014-10-21,2.97,8200,0.3(3.80 %),240,1880000,0,0,7900,8400,7700
2014-10-22,2.97,8200,0(0.00 %),90,738000,0,0,8200,8200,8200
2014-10-23,3.08,8500,0.3(3.66 %),50,415000,0,0,8100,8500,8100
2014-10-24,3.05,8400,-0.1(-1.18 %),10,84000,0,0,8400,8400,8400
2014-10-27,2.9,8000,-0.4(-4.76 %),50,400000,0,0,8000,8000,8000
2014-10-28,2.76,7600,-0.4(-5.00 %),210,1603000,0,0,8300,8300,7600
2014-10-29,2.94,8100,0.5(6.58 %),500,3945000,0,0,8100,8100,7600
2014-10-30,3.01,8300,0.2(2.47 %),220,1817000,0,0,8100,8500,7600
2014-10-31,3.08,8500,0.2(2.41 %),50,419000,0,0,8200,8500,8200
2014-11-03,3.08,8500,0(0.00 %),300,2550000,0,0,8500,8500,8500
2014-11-04,3.08,8500,0(0.00 %),0,0,0,0,8500,8500,8500
2014-11-05,2.9,8000,-0.5(-5.88 %),700,5600000,0,0,8000,8000,8000
2014-11-06,2.97,8200,0.2(2.50 %),160,1217000,0,0,7600,8200,7500
2014-11-07,2.97,8200,0(0.00 %),0,0,0,0,8200,8200,8200
2014-11-10,3.08,8500,0.3(3.66 %),100,829000,0,0,8200,8500,8200
2014-11-11,3.27,9000,0.5(5.88 %),4000,34247000,0,0,8400,9000,8400
2014-11-12,3.48,9600,0.6(6.67 %),1480,13171000,0,0,9100,9600,8400
2014-11-13,3.48,9600,0(0.00 %),170,1624000,0,0,9600,9600,9000
2014-11-14,3.63,10000,0.4(4.17 %),170,1677000,0,0,9600,10200,9600
2014-11-17,3.77,10400,0.4(4.00 %),1090,10934000,0,0,10100,10500,10000
2014-11-18,3.99,11000,0.6(5.77 %),500,5178000,0,0,10700,11000,9800
2014-11-19,4.21,11600,0.6(5.45 %),490,5573000,0,0,11100,11600,11000
2014-11-20,4.46,12300,0.7(6.03 %),810,9870000,0,0,11600,12400,11600
2014-11-21,4.43,12200,-0.1(-0.81 %),3140,37670000,0,0,11800,12500,11800
2014-11-24,4.53,12500,0.3(2.46 %),4250,50370000,0,0,11400,13000,11400
2014-11-25,4.64,12800,0.3(2.40 %),30,380000,0,0,12600,12800,12600
2014-11-26,4.35,12000,-0.8(-6.25 %),1940,23280000,0,0,12000,12000,12000
2014-11-27,4.17,11500,-0.5(-4.17 %),3160,36000000,0,0,11500,11500,11200
2014-11-28,4.35,12000,0.5(4.35 %),110,1260000,0,0,11400,12000,11400
2014-12-01,4.35,12000,0(0.00 %),0,0,0,0,12000,12000,12000
2014-12-02,4.06,11200,-0.8(-6.67 %),100,1120000,0,0,11200,11200,11200
2014-12-03,4.32,11900,0.7(6.25 %),2010,21910000,0,0,11200,11900,10500
2014-12-04,4.35,12000,0.1(0.84 %),2130,23930000,0,0,12000,12500,11100
2014-12-05,4.17,11500,-0.5(-4.17 %),1930,21630000,0,0,11200,11500,11200
2014-12-08,4.43,12200,0.7(6.09 %),5380,58110000,0,0,11600,12300,10700
2014-12-09,4.39,12100,-0.1(-0.82 %),1020,11640000,0,0,11400,12100,11400
2014-12-10,4.35,12000,-0.1(-0.83 %),4710,53310000,0,0,11300,12000,11300
2014-12-11,4.06,11200,-0.8(-6.67 %),2030,22740000,0,0,11200,11800,11200
2014-12-12,4.28,11800,0.6(5.36 %),1080,11444000,0,0,10500,11800,10500
2014-12-15,4.28,11800,0(0.00 %),20,230000,0,0,11000,11800,11000
2014-12-16,4.28,11800,0(0.00 %),100,1190000,0,0,11800,12300,11000
2014-12-17,3.99,11000,-0.8(-6.78 %),9960,110360000,0,0,11800,11800,11000
2014-12-18,3.99,11000,0(0.00 %),30,330000,0,0,11000,11000,11000
2014-12-19,3.99,11000,0(0.00 %),0,0,0,0,11000,11000,11000
2014-12-22,3.95,10900,-0.1(-0.91 %),2580,26580000,0,0,10300,10900,10300
2014-12-23,3.95,10900,0(0.00 %),0,0,0,0,10900,10900,10900
2014-12-24,3.81,10500,-0.4(-3.67 %),980,10290000,0,0,10500,10500,10500
2014-12-25,3.81,10500,0(0.00 %),6010,63110000,0,0,10500,11200,10500
2014-12-26,3.99,11000,0.5(4.76 %),10,110000,0,0,11000,11000,11000
2014-12-29,3.74,10300,-0.7(-6.36 %),5000,51500000,0,0,10300,10300,10300
2014-12-30,3.74,10300,0(0.00 %),0,0,0,0,10300,10300,10300
2014-12-31,3.85,10600,0.3(2.91 %),10,106000,0,0,10600,10600,10600
2015-01-05,4.1,11300,0.7(6.60 %),1090,10811000,0,0,9900,11300,9900
2015-01-06,3.85,10600,-0.7(-6.19 %),700,7660000,0,0,11000,11000,10600
2015-01-07,4.06,11200,0.6(5.66 %),1890,18912000,0,0,10000,11200,9900
2015-01-08,3.81,10500,-0.7(-6.25 %),1610,16905000,0,0,10500,10500,10500
2015-01-09,3.81,10500,0(0.00 %),30,308000,0,0,9800,10500,9800
2015-01-12,3.56,9800,-0.7(-6.67 %),260,2548000,0,0,9800,9800,9800
2015-01-13,3.77,10400,0.6(6.12 %),5080,50804000,0,0,10000,10400,10000
2015-01-14,3.77,10400,0(0.00 %),30,311000,0,0,9700,11000,9700
2015-01-15,3.81,10500,0.1(0.96 %),200,2156000,0,0,10500,11100,10500
2015-01-16,4.03,11100,0.6(5.71 %),10,111000,0,0,11100,11100,11100
2015-01-19,3.77,10400,-0.7(-6.31 %),10,104000,0,0,10400,10400,10400
2015-01-20,3.99,11000,0.6(5.77 %),1070,10392000,0,0,9700,11000,9700
2015-01-21,3.74,10300,-0.7(-6.36 %),2760,28465000,0,0,10300,11000,10300
2015-01-22,3.63,10000,-0.3(-2.91 %),3040,29188000,0,0,9600,10000,9600
2015-01-23,3.63,10000,0(0.00 %),160,1607000,0,0,10700,10700,10000
2015-01-26,3.88,10700,0.7(7.00 %),10,107000,0,0,10700,10700,10700
2015-01-27,3.88,10700,0(0.00 %),0,0,0,0,10700,10700,10700
2015-01-28,3.85,10600,-0.1(-0.93 %),120,1224000,0,0,10000,10600,10000
2015-01-29,3.63,10000,-0.6(-5.66 %),1000,10000000,0,0,10000,10000,10000
2015-01-30,3.7,10200,0.2(2.00 %),2530,23756000,0,0,9300,10200,9300
2015-02-02,3.45,9500,-0.7(-6.86 %),400,4000000,0,0,9500,9500,9500
2015-02-03,3.23,8900,-0.6(-6.32 %),1500,13000000,0,0,9000,9000,8900
2015-02-04,3.34,9200,0.3(3.37 %),10,0,0,0,9200,9200,9200
2015-02-05,3.34,9200,0(0.00 %),0,0,0,0,9200,9200,9200
2015-02-06,3.16,8700,-0.5(-5.43 %),10,0,0,0,8700,8700,8700
2015-02-09,3.08,8500,-0.2(-2.30 %),40,0,0,0,8700,8700,8500
2015-02-10,3.08,8500,0(0.00 %),0,0,0,0,8500,8500,8500
2015-02-11,2.9,8000,-0.5(-5.88 %),40,0,0,0,8500,8500,8000
2015-02-12,2.72,7500,-0.5(-6.25 %),540,4000000,0,0,8500,8500,7500
2015-02-13,2.9,8000,0.5(6.67 %),30,0,0,0,8000,8000,7200
2015-02-24,3.08,8500,0.5(6.25 %),510,4000000,0,0,8500,8500,8500
2015-02-25,3.27,9000,0.5(5.88 %),110,1000000,0,0,9000,9000,9000
2015-02-26,3.48,9600,0.6(6.67 %),1170,11000000,0,0,8800,9600,8800
2015-02-27,3.7,10200,0.6(6.25 %),1700,16000000,0,0,9600,10200,9600
2015-03-02,3.81,10500,0.3(2.94 %),10,0,0,0,10500,10500,10500
2015-03-03,3.95,10900,0.4(3.81 %),110,1000000,0,0,10500,10900,10500
2015-03-04,3.95,10900,0(0.00 %),0,0,0,0,10900,10900,10900
2015-03-05,3.95,10900,0(0.00 %),0,0,0,0,10900,10900,10900
2015-03-06,3.95,10900,0(0.00 %),0,0,0,0,10900,10900,10900
2015-03-09,3.95,10900,0(0.00 %),0,0,0,0,10900,10900,10900
2015-03-10,3.95,10900,0(0.00 %),0,0,0,0,10900,10900,10900
2015-03-11,3.99,11000,0.1(0.92 %),2690,27000000,0,0,11200,11200,10200
2015-03-12,3.99,11000,0(0.00 %),1310,14000000,0,0,10300,11000,10300
2015-03-13,4.14,11400,0.4(3.64 %),750,8000000,0,0,10500,11400,10500
2015-03-16,4.14,11400,0(0.00 %),0,0,0,0,11400,11400,11400
2015-03-17,4.06,11200,-0.2(-1.75 %),20,0,0,0,11300,11300,11200
2015-03-18,3.99,11000,-0.2(-1.79 %),10,0,0,0,11000,11000,11000
2015-03-19,4.06,11200,0.2(1.82 %),860,9000000,0,0,11000,11200,10300
2015-03-20,4.06,11200,0(0.00 %),0,0,0,0,11200,11200,11200
2015-03-23,4.06,11200,0(0.00 %),0,0,0,0,11200,11200,11200
2015-03-24,4.06,11200,0(0.00 %),0,0,0,0,11200,11200,11200
2015-03-25,4.06,11200,0(0.00 %),0,0,0,0,11200,11200,11200
2015-03-26,4.06,11200,0(0.00 %),0,0,0,0,11200,11200,11200
2015-03-27,4.06,11200,0(0.00 %),0,0,0,0,11200,11200,11200
2015-03-30,3.81,10500,-0.7(-6.25 %),110,1000000,0,0,10500,10500,10500
2015-03-31,3.81,10500,0(0.00 %),0,0,0,0,10500,10500,10500
2015-04-01,3.81,10500,0(0.00 %),0,0,0,0,10500,10500,10500
2015-04-02,3.81,10500,0(0.00 %),0,0,0,0,10500,10500,10500
2015-04-03,3.92,10800,0.3(2.86 %),60,1000000,0,0,9800,10800,9800
2015-04-06,3.66,10100,-0.7(-6.48 %),10,0,0,0,10100,10100,10100
2015-04-07,3.59,9900,-0.2(-1.98 %),70,1000000,0,0,10000,10000,9400
2015-04-08,3.59,9900,0(0.00 %),410,4000000,0,0,9300,9900,9300
2015-04-09,3.81,10500,0.6(6.06 %),10,0,0,0,10500,10500,10500
2015-04-10,3.77,10400,-0.1(-0.95 %),570,6000000,0,0,9800,10400,9800
2015-04-13,3.77,10400,0(0.00 %),0,0,0,0,10400,10400,10400
2015-04-14,3.77,10400,0(0.00 %),0,0,0,0,10400,10400,10400
2015-04-15,3.52,9700,-0.7(-6.73 %),380,4000000,0,0,10300,10300,9700
2015-04-16,3.52,9700,0(0.00 %),0,0,0,0,9700,9700,9700
2015-04-17,3.52,9700,0(0.00 %),0,0,0,0,9700,9700,9700
2015-04-20,3.41,9400,-0.3(-3.09 %),10,0,0,0,9400,9400,9400
2015-04-21,3.41,9400,0(0.00 %),0,0,0,0,9400,9400,9400
2015-04-22,3.63,10000,0.6(6.38 %),4060,39000000,0,0,9500,10000,9500
2015-04-23,3.77,10400,0.4(4.00 %),250,3000000,0,0,10400,10400,10400
2015-04-24,3.52,9700,-0.7(-6.73 %),10,0,0,0,9700,9700,9700
2015-04-27,3.74,10300,0.6(6.19 %),19070,195000000,0,0,9700,10300,9700
2015-05-04,3.99,11000,0.7(6.80 %),29930,327000000,0,0,11000,11000,10500
2015-05-05,4.24,11700,0.7(6.36 %),6650,74000000,0,0,11700,11700,11000
2015-05-06,4.24,11700,0(0.00 %),1930,22000000,0,0,11600,11700,11600
2015-05-07,3.99,11000,-0.7(-5.98 %),3110,36000000,0,0,11000,11600,11000
2015-05-08,3.81,10500,-0.5(-4.55 %),5110,56000000,0,0,11500,11500,10500
2015-05-11,3.92,10800,0.3(2.86 %),2600,28000000,0,0,11100,11100,10800
2015-05-12,3.92,10800,0(0.00 %),11360,125000000,0,0,10100,11500,10100
2015-05-13,4.14,11400,0.6(5.56 %),10,0,0,0,11400,11400,11400
2015-05-14,4.14,11400,0(0.00 %),23010,248000000,0,0,10700,11400,10700
2015-05-15,3.99,11000,-0.4(-3.51 %),510,6000000,0,0,11400,11400,11000
2015-05-18,3.81,10500,-0.5(-4.55 %),1000,11000000,0,0,10500,10500,10500
2015-05-19,3.74,10300,-0.2(-1.90 %),2230,23000000,0,0,10500,10600,10300
2015-05-20,3.99,11000,0.7(6.80 %),10,0,0,0,11000,11000,11000
2015-05-21,3.74,10300,-0.7(-6.36 %),1500,15000000,0,0,10300,10300,10300
2015-05-22,3.74,10300,0(0.00 %),2030,21000000,0,0,10300,10300,10300
2015-05-25,3.74,10300,0(0.00 %),0,0,0,0,10300,10300,10300
2015-05-26,3.88,10700,0.4(3.88 %),10,0,0,0,10700,10700,10700
2015-05-27,3.77,10400,-0.3(-2.80 %),50,1000000,0,0,10400,10400,10400
2015-05-28,3.74,10300,-0.1(-0.96 %),1100,11000000,0,0,10300,10300,10300
2015-05-29,3.99,11000,0.7(6.80 %),4550,50000000,0,0,10600,11000,10600
2015-06-01,3.99,11000,0(0.00 %),3100,36000000,0,0,11000,11500,11000
2015-06-02,3.81,10500,-0.5(-4.55 %),100,1000000,0,0,10500,10500,10500
2015-06-03,4.06,11200,0.7(6.67 %),10,0,0,0,11200,11200,11200
2015-06-04,3.92,10800,-0.4(-3.57 %),12790,139000000,0,0,11100,11100,10800
2015-06-05,3.99,11000,0.2(1.85 %),11430,126000000,0,0,10800,11000,10800
2015-06-08,3.92,10800,-0.2(-1.82 %),1850,20000000,0,0,10800,11200,10800
2015-06-09,3.85,10600,-0.2(-1.85 %),1650,18000000,0,0,11100,11400,10600
2015-06-10,4.06,11200,0.6(5.66 %),29810,328000000,0,0,10700,11200,10700
2015-06-11,4.06,11200,0(0.00 %),4640,51000000,0,0,11000,11200,10800
2015-06-12,4.06,11200,0(0.00 %),20010,224000000,0,0,11200,11200,11200
2015-06-15,4.1,11300,0.1(0.89 %),2450,27000000,0,0,11200,11300,11200
2015-06-16,4.3,10800,0.5(4.85 %),10,0,0,0,10800,10800,10800
2015-06-17,4.02,10100,-0.7(-6.48 %),20,0,0,0,11000,11000,10100
2015-06-18,4.26,10700,0.6(5.94 %),20020,214000000,0,0,10800,10800,9500
2015-06-19,4.26,10700,0(0.00 %),0,0,0,0,10700,10700,10700
2015-06-22,4.22,10600,-0.1(-0.93 %),5110,51000000,0,0,10000,10600,10000
2015-06-23,4.38,11000,0.4(3.77 %),13630,144000000,0,0,11300,11300,9900
2015-06-24,4.1,10300,-0.7(-6.36 %),2010,21000000,0,0,10800,10800,10300
2015-06-25,4.26,10700,0.4(3.88 %),30,0,0,0,10700,10700,10700
2015-06-26,4.18,10500,-0.2(-1.87 %),10010,100000000,0,0,10000,10500,10000
2015-06-29,4.14,10400,-0.1(-0.95 %),20,0,0,0,10400,10400,10400
2015-06-30,4.14,10400,0(0.00 %),0,0,0,0,10400,10400,10400
2015-07-01,3.9,9800,-0.6(-5.77 %),1940,19000000,0,0,9700,10300,9700
2015-07-02,4.06,10200,0.4(4.08 %),20,0,0,0,10200,10200,10200
2015-07-03,4.06,10200,0(0.00 %),0,0,0,0,10200,10200,10200
2015-07-06,3.82,9600,-0.6(-5.88 %),10600,102000000,0,0,9700,9700,9500
2015-07-07,3.98,10000,0.4(4.17 %),24000,226000000,0,0,9500,10000,9400
2015-07-08,3.98,10000,0(0.00 %),120,1000000,0,0,9500,10000,9500
2015-07-09,3.78,9500,-0.5(-5.00 %),10,0,0,0,9500,9500,9500
2015-07-10,3.94,9900,0.4(4.21 %),1230,12000000,0,0,9900,9900,9300
2015-07-13,3.74,9400,-0.5(-5.05 %),1080,10000000,0,0,9900,9900,9400
2015-07-14,3.74,9400,0(0.00 %),0,0,0,0,9400,9400,9400
2015-07-15,3.74,9400,0(0.00 %),1150,11000000,0,0,9500,9500,9400
2015-07-16,3.78,9500,0.1(1.06 %),7020,66000000,0,0,9400,9500,9400
2015-07-17,3.78,9500,0(0.00 %),2450,23000000,0,0,9500,9500,9500
2015-07-20,3.78,9500,0(0.00 %),5980,57000000,0,0,9500,9500,9500
2015-07-21,3.74,9400,-0.1(-1.05 %),3330,31000000,0,0,9500,9500,9400
2015-07-22,3.78,9500,0.1(1.06 %),700,6000000,0,0,9000,9500,9000
2015-07-23,3.7,9300,-0.2(-2.11 %),10,0,0,0,9300,9300,9300
2015-07-24,3.82,9600,0.3(3.23 %),4600,45000000,0,0,9600,9700,9600
2015-07-27,3.82,9600,0(0.00 %),0,0,0,0,9600,9600,9600
2015-07-28,3.78,9500,-0.1(-1.04 %),9160,83000000,0,0,9400,9500,9000
2015-07-29,3.74,9400,-0.1(-1.05 %),100,1000000,0,0,9400,9400,9400
2015-07-30,3.74,9400,0(0.00 %),180,2000000,0,0,9400,9400,9400
2015-07-31,3.74,9400,0(0.00 %),100,1000000,0,0,9400,9400,9400
2015-08-03,3.66,9200,-0.2(-2.13 %),300,3000000,0,0,9200,9200,9200
2015-08-04,3.66,9200,0(0.00 %),2120,19000000,0,0,9200,9300,9000
2015-08-05,3.82,9600,0.4(4.35 %),11370,109000000,0,0,9600,9600,9000
2015-08-06,3.82,9600,0(0.00 %),0,0,0,0,9600,9600,9600
2015-08-07,3.66,9200,-0.4(-4.17 %),360,3000000,0,0,9600,9600,9200
2015-08-10,3.7,9300,0.1(1.09 %),4060,38000000,0,0,9300,9400,9300
2015-08-11,3.82,9600,0.3(3.23 %),1740,16000000,0,0,9400,9600,9400
2015-08-12,3.82,9600,0(0.00 %),560,6000000,0,0,9900,9900,9600
2015-08-13,3.78,9500,-0.1(-1.04 %),70,1000000,0,0,9900,9900,9500
2015-08-14,3.9,9800,0.3(3.16 %),10,0,0,0,9800,9800,9800
2015-08-17,4.14,10400,0.6(6.12 %),101520,1051000000,0,0,9900,10400,9900
2015-08-18,4.34,10900,0.5(4.81 %),124890,1373000000,0,0,11000,11100,10900
2015-08-19,4.18,10500,-0.4(-3.67 %),77610,831000000,0,0,10900,11300,10500
2015-08-20,4.46,11200,0.7(6.67 %),250380,2767000000,0,0,10500,11200,10500
2015-08-21,4.5,11300,0.1(0.89 %),54760,620000000,0,0,11400,11600,11100
2015-08-24,4.26,10700,-0.6(-5.31 %),67660,731000000,0,0,11300,11300,10600
2015-08-25,4.34,10900,0.2(1.87 %),54670,596000000,0,0,10400,11000,10400
2015-08-26,4.26,10700,-0.2(-1.83 %),40780,438000000,0,0,11000,11000,10400
2015-08-27,4.38,11000,0.3(2.80 %),169940,1870000000,0,0,10700,11400,10500
2015-08-28,4.66,11700,0.7(6.36 %),727680,8499000000,0,0,11200,11700,11000
2015-08-31,4.98,12500,0.8(6.84 %),24740,309000000,0,0,12500,12500,12500
2015-09-01,5.29,13300,0.8(6.40 %),47280,629000000,0,0,13300,13300,13300
2015-09-03,5.29,13300,0(0.00 %),588880,8051000000,0,0,13900,14000,13200
2015-09-04,5.65,14200,0.9(6.77 %),82150,1148000000,0,0,13000,14200,13000
2015-09-07,5.45,13700,-0.5(-3.52 %),85830,1191000000,0,0,14200,14500,13600
2015-09-08,5.69,14300,0.6(4.38 %),192480,2670000000,0,0,13600,14600,13600
2015-09-09,5.53,13900,-0.4(-2.80 %),74090,1060000000,0,0,14500,14900,13900
2015-09-10,5.33,13400,-0.5(-3.60 %),105240,1405000000,0,0,13800,14000,13000
2015-09-11,5.37,13500,0.1(0.75 %),144020,1973000000,0,0,13400,14300,13300
2015-09-14,5.17,13000,-0.5(-3.70 %),66100,848000000,0,0,13100,13200,12700
2015-09-15,5.05,12700,-0.3(-2.31 %),20980,270000000,0,0,13000,13500,12700
2015-09-16,4.9,12300,-0.4(-3.15 %),78690,978000000,0,0,12900,13000,12000
2015-09-17,4.86,12200,-0.1(-0.81 %),22000,268000000,0,0,12600,12600,12100
2015-09-18,5.17,13000,0.8(6.56 %),76200,972000000,0,0,12500,13000,12500
2015-09-21,5.13,12900,-0.1(-0.77 %),48060,624000000,0,0,12900,13100,12600
2015-09-22,5.21,13100,0.2(1.55 %),54900,730000000,0,0,13000,13600,13000
2015-09-23,5.29,13300,0.2(1.53 %),57830,760000000,0,0,13200,13300,13000
2015-09-24,5.25,13200,-0.1(-0.75 %),65470,877000000,0,0,13300,13800,13200
2015-09-25,5.17,13000,-0.2(-1.52 %),61380,799000000,0,0,13100,13300,12900
2015-09-28,5.05,12700,-0.3(-2.31 %),48540,625000000,0,0,13000,13100,12700
2015-09-29,5.13,12900,0.2(1.57 %),25300,322000000,42000,567000000,12800,12900,12700
2015-09-30,5.41,13600,0.7(5.43 %),95670,1278000000,0,0,13100,13800,12900
2015-10-01,5.57,14000,0.4(2.94 %),113850,1586000000,0,0,13800,14100,13800
2015-10-02,5.93,14900,0.9(6.43 %),159320,2316000000,0,0,14000,14900,13900
2015-10-05,5.85,14700,-0.2(-1.34 %),61570,907000000,0,0,15000,15000,14500
2015-10-06,5.85,14700,0(0.00 %),91520,1348000000,0,0,14700,15000,14500
2015-10-07,5.89,14800,0.1(0.68 %),228130,3448000000,0,0,14800,15600,14700
2015-10-08,6.05,15200,0.4(2.70 %),113690,1738000000,0,0,14800,15500,14800
2015-10-09,6.37,16000,0.8(5.26 %),145370,2291000000,0,0,15500,16100,15200
2015-10-12,6.69,16800,0.8(5.00 %),98010,1618000000,0,0,16200,17000,16200
2015-10-13,6.41,16100,-0.7(-4.17 %),244940,4043000000,0,0,16800,16900,16100
2015-10-14,6.45,16200,0.1(0.62 %),128750,2085000000,0,0,16200,16400,16000
2015-10-15,6.29,15800,-0.4(-2.47 %),129940,2084000000,0,0,16300,16400,15600
2015-10-16,6.49,16300,0.5(3.16 %),127850,2055000000,0,0,16300,16400,15800
2015-10-19,6.49,16300,0(0.00 %),62600,1018000000,0,0,16000,16400,16000
2015-10-20,6.69,16800,0.5(3.07 %),125490,2082000000,0,0,16400,16900,16400
2015-10-21,6.61,16600,-0.2(-1.19 %),70020,1175000000,26800,430944000,16900,17000,16600
2015-10-22,6.61,16600,0(0.00 %),64220,1056000000,0,0,16700,16700,16300
2015-10-23,6.53,16400,-0.2(-1.20 %),120600,2003000000,0,0,16600,17200,16400
2015-10-26,6.41,16100,-0.3(-1.83 %),104670,1685000000,0,0,16500,16500,15900
2015-10-27,6.33,15900,-0.2(-1.24 %),38340,612000000,0,0,15900,16300,15800
2015-10-28,6.29,15800,-0.1(-0.63 %),79060,1267000000,0,0,16300,16300,15800
2015-10-29,6.25,15700,-0.1(-0.63 %),37980,603000000,0,0,16000,16100,15700
2015-10-30,6.41,16100,0.4(2.55 %),65280,1053000000,0,0,15700,16700,15700
2015-11-02,6.29,15800,-0.3(-1.86 %),29340,470000000,0,0,16300,16300,15800
2015-11-03,6.45,16200,0.4(2.53 %),72550,1169000000,0,0,15800,16300,15800
2015-11-04,6.37,16000,-0.2(-1.23 %),11000,177000000,0,0,16400,16400,16000
2015-11-05,6.29,15800,-0.2(-1.25 %),1040,16000000,0,0,16400,16400,15800
2015-11-06,6.29,15800,0(0.00 %),21570,336000000,0,0,16100,16100,15400
2015-11-09,5.85,14700,-1.1(-6.96 %),223740,3298000000,0,0,15200,15800,14700
2015-11-10,5.81,14600,-0.1(-0.68 %),47440,672000000,0,0,14000,14600,13700
2015-11-11,5.69,14300,-0.3(-2.05 %),33400,480000000,0,0,14300,14700,14300
2015-11-12,5.57,14000,-0.3(-2.10 %),15890,224000000,0,0,14600,14600,13800
2015-11-13,5.37,13500,-0.5(-3.57 %),46610,634000000,0,0,14000,14000,13500
2015-11-16,5.45,13700,0.2(1.48 %),18660,254000000,0,0,13500,13900,13500
2015-11-17,5.61,14100,0.4(2.92 %),120200,1691000000,22000,281600000,13600,14500,13600
2015-11-18,5.81,14600,0.5(3.55 %),60080,857000000,0,0,14200,14600,14000
2015-11-19,5.81,14600,0(0.00 %),24540,352000000,0,0,14800,15000,14100
2015-11-20,5.53,13900,-0.7(-4.79 %),33100,465000000,0,0,14600,14600,13900
2015-11-23,5.65,14200,0.3(2.16 %),81720,1145000000,22000,286000000,13800,14500,13600
2015-11-24,5.53,13900,-0.3(-2.11 %),48160,663000000,0,0,14200,14200,13700
2015-11-25,5.41,13600,-0.3(-2.16 %),57830,796000000,0,0,14000,14000,13600
2015-11-26,5.29,13300,-0.3(-2.21 %),18150,245000000,0,0,13500,13900,13300
2015-11-27,5.17,13000,-0.3(-2.26 %),45000,594000000,0,0,13400,13500,12900
2015-11-30,4.94,12400,-0.6(-4.62 %),54940,687000000,0,0,13200,13200,12200
2015-12-01,4.98,12500,0.1(0.81 %),11380,142000000,0,0,12600,12700,12400
2015-12-02,5.01,12600,0.1(0.80 %),10120,127000000,0,0,12600,12800,12500
2015-12-03,5.05,12700,0.1(0.79 %),17670,222000000,0,0,12700,12700,12500
2015-12-04,4.98,12500,-0.2(-1.57 %),33430,418000000,0,0,12700,12700,12300
2015-12-07,4.9,12300,-0.2(-1.60 %),24400,300000000,0,0,12400,12400,12300
2015-12-08,5.05,12700,0.4(3.25 %),19370,239000000,0,0,12300,12700,12200
2015-12-09,5.09,12800,0.1(0.79 %),32380,412000000,0,0,12800,13000,12500
2015-12-10,5.25,13200,0.4(3.12 %),63930,846000000,0,0,13000,13600,13000
2015-12-11,5.53,13900,0.7(5.30 %),109790,1521000000,0,0,13500,14000,13300
2015-12-14,5.49,13800,-0.1(-0.72 %),107360,1454000000,0,0,13800,14000,13500
2015-12-15,5.45,13700,-0.1(-0.72 %),39520,540000000,0,0,13800,14000,13400
2015-12-16,5.37,13500,-0.2(-1.46 %),80640,1092000000,0,0,13700,13900,13400
2015-12-17,5.45,13700,0.2(1.48 %),13850,190000000,0,0,13700,14000,13500
2015-12-18,5.49,13800,0.1(0.73 %),41290,559000000,0,0,13600,13800,13400
2015-12-21,5.37,13500,-0.3(-2.17 %),14330,193000000,0,0,13700,13700,13400
2015-12-22,5.37,13500,0(0.00 %),34160,461000000,0,0,13500,13600,13300
2015-12-23,5.37,13500,0(0.00 %),16030,218000000,0,0,13500,13800,13500
2015-12-24,5.37,13500,0(0.00 %),2580,35000000,0,0,13800,13800,13500
2015-12-25,5.41,13600,0.1(0.74 %),42320,580000000,0,0,13600,13800,13600
2015-12-28,5.45,13700,0.1(0.74 %),19780,272000000,0,0,13600,13800,13600
2015-12-29,5.77,14500,0.8(5.84 %),65980,931000000,0,0,13700,14500,13700
2015-12-30,5.65,14200,-0.3(-2.07 %),41840,596000000,0,0,14500,14800,14100
2015-12-31,5.49,13800,-0.4(-2.82 %),27450,386000000,0,0,13800,14400,13800
2016-01-04,5.57,14000,0.2(1.45 %),31840,438000000,0,0,14000,14500,13600
2016-01-05,5.53,13900,-0.1(-0.71 %),45870,642000000,0,0,14000,14200,13900
2016-01-06,5.73,14400,0.5(3.60 %),31610,451000000,0,0,13700,14500,13700
2016-01-07,5.53,13900,-0.5(-3.47 %),25040,352000000,0,0,14200,14300,13900
2016-01-08,5.65,14200,0.3(2.16 %),41810,586000000,0,0,13700,14400,13500
2016-01-11,5.57,14000,-0.2(-1.41 %),13830,195000000,0,0,14200,14200,14000
2016-01-12,5.57,14000,0(0.00 %),42150,590000000,0,0,14000,14100,13900
2016-01-13,5.53,13900,-0.1(-0.71 %),63270,888000000,0,0,13900,14200,13900
2016-01-14,5.37,13500,-0.4(-2.88 %),44000,608000000,0,0,13900,14300,13500
2016-01-15,5.29,13300,-0.2(-1.48 %),32820,442000000,0,0,13900,13900,13300
2016-01-18,5.33,13400,0.1(0.75 %),37540,497000000,0,0,13500,13500,13100
2016-01-19,5.29,13300,-0.1(-0.75 %),14140,189000000,0,0,13700,13700,13000
2016-01-20,5.45,13700,0.4(3.01 %),18830,256000000,0,0,13300,13700,13300
2016-01-21,5.41,13600,-0.1(-0.73 %),35870,488000000,0,0,13600,13700,13600
2016-01-22,5.37,13500,-0.1(-0.74 %),49080,667000000,0,0,13600,13800,13500
2016-01-25,5.65,14200,0.7(5.19 %),32320,449000000,0,0,13500,14400,13500
2016-01-26,5.45,13700,-0.5(-3.52 %),42810,583000000,0,0,14200,14200,13600
2016-01-27,5.37,13500,-0.2(-1.46 %),39850,541000000,0,0,14100,14100,13500
2016-01-28,5.45,13700,0.2(1.48 %),27480,371000000,0,0,13700,13700,13400
2016-01-29,5.37,13500,-0.2(-1.46 %),14320,193000000,0,0,13500,13500,13400
2016-02-01,5.45,13700,0.2(1.48 %),23160,310000000,0,0,13400,13700,13400
2016-02-02,5.37,13500,-0.2(-1.46 %),7730,104000000,0,0,13400,13500,13400
2016-02-03,5.37,13500,0(0.00 %),22010,299000000,0,0,13600,13700,13500
2016-02-04,5.37,13500,0(0.00 %),1000,14000000,0,0,13500,13500,13500
2016-02-05,5.37,13500,0(0.00 %),11100,149000000,0,0,13400,13500,13400
2016-02-15,5.33,13400,-0.1(-0.74 %),13870,187000000,0,0,13500,13500,13400
2016-02-16,5.17,13000,-0.4(-2.99 %),21580,285000000,0,0,13500,13500,13000
2016-02-17,5.33,13400,0.4(3.08 %),9490,126000000,0,0,13300,13500,13100
2016-02-18,5.37,13500,0.1(0.75 %),16860,221000000,0,0,13100,13500,13000
2016-02-19,5.17,13000,-0.5(-3.70 %),39780,527000000,0,0,13400,13400,13000
2016-02-22,5.17,13000,0(0.00 %),12240,160000000,0,0,13500,13500,13000
2016-02-23,5.21,13100,0.1(0.77 %),3730,48000000,0,0,13000,13100,12800
2016-02-24,5.17,13000,-0.1(-0.76 %),11950,155000000,0,0,13000,13000,13000
2016-02-25,5.17,13000,0(0.00 %),21690,282000000,0,0,13000,13100,12900
2016-02-26,5.21,13100,0.1(0.77 %),4000,52000000,0,0,13000,13100,13000
2016-02-29,5.33,13400,0.3(2.29 %),6610,88000000,0,0,13000,13400,12900
2016-03-01,5.29,13300,-0.1(-0.75 %),48630,637000000,0,0,13300,13300,13000
2016-03-02,5.33,13400,0.1(0.75 %),21740,290000000,0,0,13400,13400,13100
2016-03-03,5.29,13300,-0.1(-0.75 %),8060,106000000,0,0,13400,13400,13100
2016-03-04,5.29,13300,0(0.00 %),15950,210000000,0,0,12900,13300,12900
2016-03-07,5.21,13100,-0.2(-1.50 %),32310,426000000,0,0,13100,13300,13000
2016-03-08,5.25,13200,0.1(0.76 %),29740,383000000,0,0,13200,13200,12800
2016-03-09,5.17,13000,-0.2(-1.52 %),14310,188000000,0,0,13200,13200,13000
2016-03-10,5.25,13200,0.2(1.54 %),44080,573000000,0,0,13000,13200,12900
2016-03-11,5.21,13100,-0.1(-0.76 %),43820,573000000,0,0,13000,13200,12900
2016-03-14,5.25,13200,0.1(0.76 %),28670,375000000,0,0,12900,13300,12900
2016-03-15,5.61,14100,0.9(6.82 %),45720,636000000,0,0,13400,14100,13400
2016-03-16,5.61,14100,0(0.00 %),58130,850000000,0,0,14800,14900,14100
2016-03-17,5.29,13300,-0.8(-5.67 %),22300,314000000,0,0,13300,14400,13300
2016-03-18,5.45,13700,0.4(3.01 %),37200,507000000,0,0,13300,13900,13300
2016-03-21,5.45,13700,0(0.00 %),25120,347000000,0,0,13800,14000,13700
2016-03-22,5.49,13800,0.1(0.73 %),20030,275000000,0,0,13700,13800,13600
2016-03-23,5.49,13800,0(0.00 %),33160,461000000,0,0,14000,14000,13800
2016-03-24,5.45,13700,-0.1(-0.72 %),37760,518000000,0,0,13600,13900,13500
2016-03-25,5.57,14000,0.3(2.19 %),42460,589000000,0,0,13700,14000,13700
2016-03-28,5.93,14900,0.9(6.43 %),122890,1815000000,0,0,14100,14900,14100
2016-03-29,5.81,14600,-0.3(-2.01 %),12530,182000000,0,0,15000,15100,14100
2016-03-30,5.69,14300,-0.3(-2.05 %),51310,728000000,0,0,14500,14500,13700
2016-03-31,6.09,15300,1(6.99 %),273750,4138000000,0,0,14500,15300,14200
2016-04-01,6.21,15600,0.3(1.96 %),14200,218000000,0,0,15300,15600,15200
2016-04-04,6.33,15900,0.3(1.92 %),50490,798000000,0,0,15600,16200,15500
2016-04-05,6.01,15100,-0.8(-5.03 %),51280,783000000,0,0,15600,15800,15000
2016-04-06,6.17,15500,0.4(2.65 %),38940,602000000,0,0,15600,15700,15300
2016-04-07,6.01,15100,-0.4(-2.58 %),86280,1308000000,0,0,15600,15900,15000
2016-04-08,6.09,15300,0.2(1.32 %),84050,1298000000,0,0,15000,15800,15000
2016-04-11,6.29,15800,0.5(3.27 %),89490,1396000000,0,0,15300,15900,15300
2016-04-12,6.17,15500,-0.3(-1.90 %),53570,838000000,0,0,15700,15900,15500
2016-04-13,6.05,15200,-0.3(-1.94 %),52060,798000000,0,0,15200,15700,15200
2016-04-14,6.01,15100,-0.1(-0.66 %),89230,1360000000,0,0,15000,15300,15000
2016-04-15,6.01,15100,0(0.00 %),89990,1360000000,0,0,15200,15300,14100
2016-04-19,5.89,14800,-0.3(-1.99 %),38720,564000000,0,0,14800,15100,14300
2016-04-20,5.85,14700,-0.1(-0.68 %),36720,537000000,0,0,14600,14800,14300
2016-04-21,5.57,14000,-0.7(-4.76 %),57750,823000000,0,0,14700,14700,14000
2016-04-22,5.65,14200,0.2(1.43 %),27740,398000000,0,0,14000,14900,14000
2016-04-25,5.77,14500,0.3(2.11 %),28770,413000000,0,0,14300,14500,14200
2016-04-26,5.73,14400,-0.1(-0.69 %),18540,263000000,0,0,14000,14400,14000
2016-04-27,5.57,14000,-0.4(-2.78 %),27060,382000000,0,0,14200,14300,14000
2016-04-28,5.45,13700,-0.3(-2.14 %),40490,563000000,0,0,14000,14000,13700
2016-04-29,5.57,14000,0.3(2.19 %),20580,285000000,0,0,13800,14000,13600
2016-05-04,5.61,14100,0.1(0.71 %),66250,927000000,0,0,14000,14100,13900
2016-05-05,5.65,14200,0.1(0.71 %),57170,796000000,0,0,13900,14200,13800
2016-05-06,5.65,14200,0(0.00 %),39630,559000000,0,0,14100,14200,14000
2016-05-09,5.69,14300,0.1(0.70 %),17360,248000000,0,0,14200,14400,14200
2016-05-10,5.73,14400,0.1(0.70 %),20450,292000000,0,0,14300,14400,14200
2016-05-11,5.77,14500,0.1(0.69 %),3520,51000000,0,0,14400,14600,14400
2016-05-12,5.81,14600,0.1(0.69 %),13800,199000000,0,0,14500,14600,14300
2016-05-13,5.85,14700,0.1(0.68 %),3850,56000000,0,0,14700,14700,14300
2016-05-16,5.69,14300,-0.4(-2.72 %),8590,123000000,0,0,14700,14700,14300
2016-05-17,5.69,14300,0(0.00 %),30130,430000000,0,0,14300,14300,14200
2016-05-18,5.69,14300,0(0.00 %),9340,133000000,0,0,14200,14300,14100
2016-05-19,5.69,14300,0(0.00 %),2130,30000000,0,0,14100,14300,14100
2016-05-20,5.65,14200,-0.1(-0.70 %),8010,114000000,0,0,14300,14300,14100
2016-05-23,5.69,14300,0.1(0.70 %),18020,256000000,0,0,14200,14300,14200
2016-05-24,5.69,14300,0(0.00 %),10610,149000000,0,0,14100,14300,14000
2016-05-25,5.69,14300,0(0.00 %),8450,120000000,0,0,14200,14300,14100
2016-05-26,5.53,13900,-0.4(-2.80 %),10600,148000000,0,0,14000,14300,13900
2016-05-27,5.57,14000,0.1(0.72 %),2510,35000000,0,0,14000,14200,14000
2016-05-30,5.57,14000,0(0.00 %),3190,44000000,0,0,13900,14000,13900
2016-05-31,5.57,14000,0(0.00 %),18650,260000000,0,0,14000,14000,13800
2016-06-01,5.57,14000,0(0.00 %),12670,176000000,0,0,14000,14000,13900
2016-06-02,5.93,14900,0.9(6.43 %),59840,883000000,0,0,14300,14900,14300
2016-06-03,5.89,14800,-0.1(-0.67 %),19160,284000000,0,0,14900,15000,14700
2016-06-06,5.93,14900,0.1(0.68 %),25230,379000000,0,0,15100,15200,14900
2016-06-07,6.01,15100,0.2(1.34 %),24640,369000000,0,0,15000,15100,14900
2016-06-08,5.97,15000,-0.1(-0.66 %),51700,773000000,0,0,15100,15100,14900
2016-06-09,5.89,14800,-0.2(-1.33 %),12830,190000000,0,0,15000,15000,14800
2016-06-10,5.93,14900,0.1(0.68 %),15010,222000000,0,0,14800,14900,14600
2016-06-13,5.97,15000,0.1(0.67 %),21210,314000000,0,0,14900,15000,14600
2016-06-14,5.97,15000,0(0.00 %),13600,203000000,0,0,14800,15100,14800
2016-06-15,5.97,15000,0(0.00 %),10680,160000000,0,0,15000,15000,14700
2016-06-16,5.97,13950,0(0.00 %),56310,759000000,0,0,13950,13950,13950
2016-06-17,5.93,13400,-0.1(-0.74 %),12500,167000000,0,0,13500,13600,13100
2016-06-20,5.79,13100,-0.3(-2.24 %),5480,72000000,0,0,13200,13400,13000
2016-06-21,5.79,13100,0(0.00 %),15410,202000000,0,0,13100,13300,13000
2016-06-22,5.7,12900,-0.2(-1.53 %),12640,162000000,0,0,13000,13100,12600
2016-06-23,5.7,12900,0(0.00 %),6130,78000000,0,0,12900,12900,12700
2016-06-24,5.53,12500,-0.4(-3.10 %),10110,127000000,0,0,12700,12900,12500
2016-06-27,5.53,12500,0(0.00 %),21490,262000000,0,0,12500,12500,11800
2016-06-28,5.53,12500,0(0.00 %),3760,47000000,0,0,12300,12500,12100
2016-06-29,5.57,12600,0.1(0.80 %),5370,67000000,0,0,12500,12600,12400
2016-06-30,5.57,12600,0(0.00 %),7010,88000000,0,0,12600,12700,12500
2016-07-01,5.62,12700,0.1(0.79 %),13260,166000000,0,0,12600,12700,12400
2016-07-04,5.62,12700,0(0.00 %),34320,431000000,0,0,12700,12700,12500
2016-07-05,5.62,12700,0(0.00 %),31830,400000000,0,0,12700,12700,12500
2016-07-06,5.57,12600,-0.1(-0.79 %),28020,348000000,0,0,12500,12700,12300
2016-07-07,5.75,13000,0.4(3.17 %),51670,667000000,0,0,12600,13400,12500
2016-07-08,5.93,13400,0.4(3.08 %),62780,841000000,0,0,13200,13900,13200
2016-07-11,5.88,13300,-0.1(-0.75 %),27090,357000000,0,0,13300,13300,13000
2016-07-12,5.93,13400,0.1(0.75 %),14940,195000000,0,0,13100,13400,12900
2016-07-13,5.75,13000,-0.4(-2.99 %),24260,317000000,0,0,13000,13200,12800
2016-07-14,5.75,13000,0(0.00 %),23780,304000000,0,0,13000,13000,12700
2016-07-15,5.75,13000,0(0.00 %),23250,292000000,0,0,13000,13000,12500
2016-07-18,5.75,13000,0(0.00 %),11990,151000000,0,0,12700,13000,12500
2016-07-19,5.7,12900,-0.1(-0.77 %),34760,440000000,0,0,12800,13000,12500
2016-07-20,5.66,12800,-0.1(-0.78 %),15440,193000000,0,0,12700,12800,12400
2016-07-21,5.48,12400,-0.4(-3.12 %),44640,561000000,0,0,12500,12700,12400
2016-07-22,5.48,12400,0(0.00 %),18920,232000000,0,0,12300,12400,12000
2016-07-25,5.35,12100,-0.3(-2.42 %),3540,43000000,0,0,12100,12400,12100
2016-07-26,5.48,12400,0.3(2.48 %),1500,18000000,0,0,12200,12400,12200
2016-07-27,5.53,12500,0.1(0.81 %),3660,46000000,0,0,12500,12500,12400
2016-07-28,5.53,12500,0(0.00 %),18300,227000000,0,0,12400,12500,12400
2016-07-29,5.44,12300,-0.2(-1.60 %),10990,137000000,0,0,12400,12500,12300
2016-08-01,5.4,12200,-0.1(-0.81 %),30250,360000000,0,0,12100,12200,11700
2016-08-02,5.22,11800,-0.4(-3.28 %),29340,340000000,0,0,11900,11900,11500
2016-08-03,5.17,11700,-0.1(-0.85 %),6450,75000000,0,0,11500,11800,11500
2016-08-04,5.26,11900,0.2(1.71 %),10040,117000000,0,0,11600,11900,11500
2016-08-05,5.13,11600,-0.3(-2.52 %),3110,36000000,0,0,11600,11600,11400
2016-08-08,5.13,11600,0(0.00 %),7220,82000000,31300,388120000,11400,11600,11200
2016-08-09,5.13,11600,0(0.00 %),9000,103000000,0,0,11500,11600,11300
2016-08-10,5.13,11600,0(0.00 %),33810,389000000,0,0,11500,11600,11500
2016-08-11,5.13,11600,0(0.00 %),9710,112000000,0,0,11500,11600,11500
2016-08-12,5.13,11600,0(0.00 %),0,0,0,0,11600,11600,11600
2016-08-15,5.0,11300,-0.3(-2.59 %),860,10000000,0,0,11600,11600,11300
2016-08-16,5.13,11600,0.3(2.65 %),6120,70000000,0,0,11300,11600,11300
2016-08-17,5.31,12000,0.4(3.45 %),7020,82000000,0,0,11600,12000,11600
2016-08-18,5.31,12000,0(0.00 %),3070,36000000,0,0,12000,12000,11600
2016-08-19,5.31,12000,0(0.00 %),10860,129000000,0,0,12000,12100,11700
2016-08-22,5.26,11900,-0.1(-0.83 %),5840,67000000,0,0,11700,11900,11500
2016-08-23,5.17,11700,-0.2(-1.68 %),6980,82000000,0,0,11500,11800,11500
2016-08-24,5.17,11700,0(0.00 %),12500,146000000,0,0,11700,11800,11700
2016-08-25,5.17,11700,0(0.00 %),13040,151000000,0,0,11700,11700,11500
2016-08-26,5.13,11600,-0.1(-0.85 %),710,8000000,0,0,11700,11700,11600
2016-08-29,5.22,11800,0.2(1.72 %),1130,13000000,0,0,11600,11800,11600
2016-08-30,5.26,11900,0.1(0.85 %),11500,135000000,0,0,11700,11900,11700
2016-08-31,5.17,11700,-0.2(-1.68 %),2540,30000000,0,0,11800,11800,11700
2016-09-01,5.26,11900,0.2(1.71 %),3010,35000000,0,0,11700,11900,11700
2016-09-05,5.17,11700,-0.2(-1.68 %),18330,216000000,0,0,11800,11800,11700
2016-09-06,5.26,11900,0.2(1.71 %),12320,144000000,0,0,11700,11900,11600
2016-09-07,5.22,11800,-0.1(-0.84 %),13500,157000000,0,0,11700,11900,11600
2016-09-08,5.22,11800,0(0.00 %),3970,46000000,0,0,11600,11800,11600
2016-09-09,5.22,11800,0(0.00 %),100,1000000,0,0,11800,11800,11800
2016-09-12,5.22,11800,0(0.00 %),0,0,0,0,11800,11800,11800
2016-09-13,5.09,11500,-0.3(-2.54 %),3460,40000000,0,0,11600,11600,11500
2016-09-14,5.13,11600,0.1(0.87 %),1500,17000000,0,0,11600,11600,11600
2016-09-15,5.09,11500,-0.1(-0.86 %),7130,82000000,0,0,11500,11600,11500
2016-09-16,4.93,11150,-0.35(-3.04 %),1030,11000000,0,0,11450,11450,11150
2016-09-19,4.6,10400,-0.75(-6.73 %),13450,141000000,0,0,11200,11200,10400
2016-09-20,4.73,10700,0.3(2.88 %),2480,26000000,0,0,10300,10700,10300
2016-09-21,4.84,10950,0.25(2.34 %),1450,16000000,0,0,10700,10950,10600
2016-09-22,4.73,10700,-0.25(-2.28 %),3930,43000000,0,0,11000,11000,10700
2016-09-23,4.73,10700,0(0.00 %),4770,51000000,0,0,10700,10700,10700
2016-09-26,4.64,10500,-0.2(-1.87 %),2720,29000000,0,0,10600,10600,10300
2016-09-27,4.6,10400,-0.1(-0.95 %),29730,311000000,0,0,10500,10500,10300
2016-09-28,4.73,10700,0.3(2.88 %),35300,370000000,0,0,10250,10700,10250
2016-09-29,4.67,10550,-0.15(-1.40 %),7040,74000000,0,0,10450,10600,10400
2016-09-30,4.71,10650,0.1(0.95 %),15730,169000000,0,0,10600,10900,10600
2016-10-03,4.71,10650,0(0.00 %),14230,154000000,0,0,10800,10900,10650
2016-10-04,4.86,11000,0.35(3.29 %),17920,194000000,0,0,10350,11000,10350
2016-10-05,4.75,10750,-0.25(-2.27 %),12130,129000000,0,0,11000,11000,10600
2016-10-06,4.69,10600,-0.15(-1.40 %),7600,82000000,0,0,10750,11000,10600
2016-10-07,4.73,10700,0.1(0.94 %),20,0,0,0,10700,10700,10700
2016-10-10,4.73,10700,0(0.00 %),14900,160000000,0,0,10700,10900,10700
2016-10-11,4.8,10850,0.15(1.40 %),1350,15000000,0,0,10700,10850,10700
2016-10-12,4.78,10800,-0.05(-0.46 %),5160,56000000,0,0,10900,10900,10800
2016-10-13,4.73,10700,-0.1(-0.93 %),17530,188000000,0,0,10800,10800,10700
2016-10-14,4.82,10900,0.2(1.87 %),7140,78000000,0,0,10800,10900,10800
2016-10-17,4.82,10900,0(0.00 %),6000,65000000,0,0,10900,10900,10900
2016-10-18,4.82,10900,0(0.00 %),26170,285000000,0,0,10900,10950,10900
2016-10-19,4.86,11000,0.1(0.92 %),4000,44000000,0,0,11000,11000,10900
2016-10-20,5.2,11750,0.75(6.82 %),9710,113000000,0,0,11500,11750,11400
2016-10-21,5.44,12300,0.55(4.68 %),10,0,0,0,12300,12300,12300
2016-10-24,5.48,12400,0.1(0.81 %),7010,80000000,0,0,11450,12400,11450
2016-10-25,5.44,12300,-0.1(-0.81 %),240,3000000,0,0,12300,12300,12300
2016-10-26,5.4,12200,-0.1(-0.81 %),4930,61000000,0,0,12300,12400,11450
2016-10-27,5.35,12100,-0.1(-0.82 %),80,1000000,0,0,11350,12100,11350
2016-10-28,5.31,12000,-0.1(-0.83 %),1130,13000000,0,0,11300,12000,11300
2016-10-31,5.04,11400,-0.6(-5.00 %),9610,108000000,0,0,11400,12000,11200
2016-11-01,5.02,11350,-0.05(-0.44 %),13500,149000000,0,0,11000,11350,11000
2016-11-02,5.0,11300,-0.05(-0.44 %),6010,66000000,0,0,11000,11300,11000
2016-11-03,4.82,10900,-0.4(-3.54 %),24450,269000000,82500,874500000,11000,11100,10900
2016-11-04,4.86,11000,0.1(0.92 %),5120,56000000,0,0,11300,11300,11000
2016-11-07,4.91,11100,0.1(0.91 %),11710,130000000,0,0,11000,11400,11000
2016-11-08,4.91,11100,0(0.00 %),9980,111000000,0,0,11100,11100,11100
2016-11-09,4.93,11150,0.05(0.45 %),7000,78000000,0,0,11100,11150,11100
2016-11-10,4.93,11150,0(0.00 %),1980,22000000,0,0,11150,11150,11150
2016-11-11,5.26,11900,0.75(6.73 %),19360,224000000,0,0,11000,11900,11000
2016-11-14,5.62,12700,0.8(6.72 %),24310,303000000,0,0,12000,12700,11900
2016-11-15,5.93,13400,0.7(5.51 %),71030,947000000,0,0,12700,13550,12700
2016-11-16,5.88,13300,-0.1(-0.75 %),11800,158000000,0,0,13600,13700,12650
2016-11-17,5.79,13100,-0.2(-1.50 %),4950,65000000,0,0,13300,13300,12700
2016-11-18,5.7,12900,-0.2(-1.53 %),19300,249000000,0,0,13100,13100,12900
2016-11-21,5.62,12700,-0.2(-1.55 %),13100,169000000,0,0,12900,12900,12700
2016-11-22,5.62,12700,0(0.00 %),21050,272000000,0,0,12700,13100,12700
2016-11-23,5.53,12500,-0.2(-1.57 %),150,2000000,0,0,12900,12900,12500
2016-11-24,5.84,13200,0.7(5.60 %),7700,98000000,0,0,12500,13350,12500
2016-11-25,5.84,13200,0(0.00 %),26100,324000000,0,0,13100,13200,12300
2016-11-28,5.75,13000,-0.2(-1.52 %),29050,378000000,0,0,13000,13200,13000
2016-11-29,5.75,13000,0(0.00 %),6350,80000000,0,0,13000,13200,12500
2016-11-30,5.75,13000,0(0.00 %),21460,268000000,0,0,13000,13000,12500
2016-12-01,5.53,12500,-0.5(-3.85 %),3660,46000000,0,0,13000,13000,12500
2016-12-02,5.44,12300,-0.2(-1.60 %),25200,311000000,0,0,12300,12400,12300
2016-12-05,5.09,11500,-0.8(-6.50 %),15810,193000000,0,0,12500,12800,11500
2016-12-06,5.26,11900,0.4(3.48 %),16200,186000000,0,0,11500,12200,11500
2016-12-07,5.26,11900,0(0.00 %),3180,37000000,0,0,12300,12300,11650
2016-12-08,5.22,11800,-0.1(-0.84 %),42620,511000000,0,0,12000,12500,11800
2016-12-09,5.02,11350,-0.45(-3.81 %),32470,370000000,48698,535678000,11900,11900,11350
2016-12-12,5.0,11300,-0.05(-0.44 %),7570,86000000,0,0,11400,11400,11300
2016-12-13,5.2,11750,0.45(3.98 %),1030,12000000,0,0,11300,11750,11300
2016-12-14,5.17,11700,-0.05(-0.43 %),2350,28000000,0,0,11700,11900,11700
2016-12-15,5.26,11900,0.2(1.71 %),9210,109000000,0,0,11900,11950,11850
2016-12-16,5.0,11300,-0.6(-5.04 %),1250,14000000,0,0,11950,11950,11300
2016-12-19,5.33,12050,0.75(6.64 %),13290,159000000,0,0,11800,12050,11800
2016-12-20,5.35,12100,0.05(0.41 %),7730,94000000,0,0,12100,12300,12100
2016-12-21,5.4,12200,0.1(0.83 %),10,0,0,0,12200,12200,12200
2016-12-22,5.31,12000,-0.2(-1.64 %),200,2000000,0,0,12000,12000,12000
2016-12-23,5.4,12200,0.2(1.67 %),3330,41000000,0,0,12200,12300,12200
2016-12-26,5.53,12500,0.3(2.46 %),5780,71000000,0,0,12300,12500,12100
2016-12-27,5.53,12500,0(0.00 %),3000,37000000,0,0,12400,12500,12400
2016-12-28,5.57,12600,0.1(0.80 %),3840,48000000,0,0,12500,12600,12500
2016-12-29,5.31,12000,-0.6(-4.76 %),3810,47000000,0,0,12600,12950,11900
2016-12-30,5.57,12600,0.6(5.00 %),15570,195000000,0,0,12800,12800,12400
2017-01-03,5.57,12600,0(0.00 %),0,0,0,0,12600,12600,12600
2017-01-04,5.35,12100,-0.5(-3.97 %),6780,82000000,0,0,12800,13000,12100
2017-01-05,5.35,12100,0(0.00 %),0,0,0,0,12100,12100,12100
2017-01-06,5.35,12100,0(0.00 %),0,0,0,0,12100,12100,12100
2017-01-09,5.4,12200,0.1(0.83 %),13700,169000000,0,0,11900,12500,11900
2017-01-10,5.62,12700,0.5(4.10 %),8730,110000000,82072,931517200,12500,12700,12500
2017-01-11,5.66,12800,0.1(0.79 %),5110,65000000,0,0,12800,12800,12650
2017-01-12,5.66,12800,0(0.00 %),15310,193000000,0,0,12800,12900,12500
2017-01-13,5.62,12700,-0.1(-0.78 %),1000,13000000,0,0,12700,12700,12700
2017-01-16,5.57,12600,-0.1(-0.79 %),14560,184000000,0,0,12700,12800,12500
2017-01-17,5.57,12600,0(0.00 %),7900,100000000,0,0,12600,12700,12600
2017-01-18,5.57,12600,0(0.00 %),5470,69000000,0,0,12500,12600,12500
2017-01-19,5.57,12600,0(0.00 %),2010,25000000,0,0,12600,12600,12600
2017-01-20,5.79,13100,0.5(3.97 %),3540,45000000,0,0,12600,13100,12600
2017-01-23,5.75,13000,-0.1(-0.76 %),2860,37000000,0,0,13100,13100,13000
2017-01-24,5.75,13000,0(0.00 %),1000,13000000,0,0,13000,13000,13000
2017-01-25,5.75,13000,0(0.00 %),9200,120000000,0,0,13000,13000,13000
2017-02-02,5.79,13100,0.1(0.77 %),12110,157000000,0,0,13000,13100,13000
2017-02-03,5.9,13350,0.25(1.91 %),6910,92000000,0,0,13100,13350,13100
2017-02-06,5.93,13400,0.05(0.37 %),1020,13000000,0,0,13400,13400,13050
2017-02-07,5.75,13000,-0.4(-2.99 %),60,1000000,0,0,13000,13000,13000
2017-02-08,5.97,13500,0.5(3.85 %),29250,391000000,0,0,13200,13600,13200
2017-02-09,5.97,13500,0(0.00 %),15670,214000000,0,0,13500,13700,13500
2017-02-10,6.04,13650,0.15(1.11 %),16480,225000000,0,0,13500,13800,13500
2017-02-13,5.88,13300,-0.35(-2.56 %),16550,224000000,0,0,13650,13800,13300
2017-02-14,5.93,13400,0.1(0.75 %),12500,169000000,0,0,13500,13500,13400
2017-02-15,5.97,13500,0.1(0.75 %),18920,255000000,0,0,13500,13550,13500
2017-02-16,5.97,13500,0(0.00 %),2510,33000000,0,0,13500,13500,13200
2017-02-17,5.79,13100,-0.4(-2.96 %),140,2000000,0,0,13200,13200,13100
2017-02-20,5.97,13500,0.4(3.05 %),8200,108000000,0,0,13100,13500,13100
2017-02-21,5.97,13500,0(0.00 %),5210,70000000,0,0,13500,13500,13500
2017-02-22,6.01,13600,0.1(0.74 %),7360,100000000,0,0,13500,13600,13500
2017-02-23,5.97,13500,-0.1(-0.74 %),7460,101000000,0,0,13600,13900,13500
2017-02-24,5.93,13400,-0.1(-0.74 %),3910,53000000,0,0,13500,13800,13400
2017-02-27,6.01,13600,0.2(1.49 %),16250,218000000,0,0,13600,13600,13400
2017-02-28,5.75,13000,-0.6(-4.41 %),640,9000000,0,0,13700,13900,13000
2017-03-01,5.93,13400,0.4(3.08 %),18290,247000000,0,0,13500,13500,13400
2017-03-02,5.93,13400,0(0.00 %),10660,143000000,0,0,13400,13500,13200
2017-03-03,5.97,13500,0.1(0.75 %),4510,61000000,0,0,13500,13500,13400
2017-03-06,5.97,13500,0(0.00 %),1400,19000000,0,0,13600,13700,13500
2017-03-07,6.01,13600,0.1(0.74 %),5580,76000000,0,0,13600,13700,13500
2017-03-08,6.1,13800,0.2(1.47 %),2480,34000000,0,0,13700,13900,13700
2017-03-09,6.1,13800,0(0.00 %),9400,128000000,0,0,13600,13800,13600
2017-03-10,5.75,13000,-0.8(-5.80 %),6190,86000000,27330,368955000,13000,14000,13000
2017-03-13,6.15,13900,0.9(6.92 %),14210,197000000,0,0,13700,13900,13700
2017-03-14,6.15,13900,0(0.00 %),9110,131000000,0,0,14200,14500,13900
2017-03-15,6.19,14000,0.1(0.72 %),4520,63000000,0,0,13950,14000,13900
2017-03-16,6.37,14400,0.4(2.86 %),740,11000000,0,0,14200,14400,14000
2017-03-17,6.28,14200,-0.2(-1.39 %),1700,24000000,0,0,14200,14200,14200
2017-03-20,6.24,14100,-0.1(-0.70 %),9750,136000000,0,0,14200,14200,13900
2017-03-21,6.24,14100,0(0.00 %),5980,84000000,0,0,14100,14100,13700
2017-03-22,6.24,14100,0(0.00 %),12120,165000000,0,0,14100,14100,13600
2017-03-23,6.24,14100,0(0.00 %),15010,209000000,0,0,13900,14100,13900
2017-03-24,6.15,13900,-0.2(-1.42 %),18420,256000000,0,0,13900,14100,13800
2017-03-27,6.15,13900,0(0.00 %),14030,195000000,0,0,14100,14100,13600
2017-03-28,6.19,14000,0.1(0.72 %),17010,236000000,0,0,13900,14000,13900
2017-03-29,6.19,14000,0(0.00 %),2830,40000000,0,0,14000,14100,13900
2017-03-30,6.5,14700,0.7(5.00 %),11730,162000000,0,0,13800,14700,13600
2017-03-31,6.32,14300,-0.4(-2.72 %),2880,41000000,0,0,14500,14500,14000
2017-04-03,6.41,14500,0.2(1.40 %),10,0,0,0,14500,14500,14500
2017-04-04,6.19,14000,-0.5(-3.45 %),2130,30000000,0,0,14600,14700,13800
2017-04-05,6.24,14100,0.1(0.71 %),3910,55000000,0,0,14500,14500,14000
2017-04-07,6.28,14200,0.1(0.71 %),6330,88000000,41000,539150000,14000,14200,13900
2017-04-10,6.32,14300,0.1(0.70 %),980,14000000,0,0,14200,14300,14000
2017-04-11,6.37,14400,0.1(0.70 %),1040,15000000,0,0,14400,14400,14400
2017-04-12,6.37,14400,0(0.00 %),2080,30000000,0,0,14500,14500,14400
2017-04-13,6.46,14600,0.2(1.39 %),2570,37000000,0,0,14700,14700,14500
2017-04-14,6.37,14400,-0.2(-1.37 %),6310,93000000,0,0,14700,15500,14400
2017-04-17,6.63,15000,0.6(4.17 %),18890,279000000,0,0,15300,15300,14400
2017-04-18,6.17,13950,-1.05(-7.00 %),48300,714000000,0,0,15000,15300,13950
2017-04-19,6.59,14900,0.95(6.81 %),3240,48000000,0,0,14900,14900,14900
2017-04-20,6.85,15500,0.6(4.03 %),22090,339000000,0,0,15300,15500,15200
2017-04-21,6.85,15500,0(0.00 %),6510,101000000,0,0,15700,15700,15500
2017-04-24,6.94,15700,0.2(1.29 %),6630,104000000,0,0,15700,15900,15700
2017-04-25,6.77,15300,-0.4(-2.55 %),1910,31000000,0,0,16500,16500,15300
2017-04-26,6.68,15100,-0.2(-1.31 %),10950,170000000,0,0,15500,15700,15100
2017-04-27,6.5,14700,-0.4(-2.65 %),25290,382000000,0,0,15500,15500,14700
2017-04-28,6.46,14600,-0.1(-0.68 %),11700,172000000,0,0,14700,15000,14600
2017-05-03,6.5,14700,0.1(0.68 %),5150,76000000,0,0,14800,15000,14700
2017-05-04,6.55,14800,0.1(0.68 %),1310,19000000,0,0,14700,15400,14700
2017-05-05,6.59,14900,0.1(0.68 %),3250,48000000,0,0,14800,14900,14800
2017-05-08,6.59,14900,0(0.00 %),110,2000000,0,0,14900,14900,14900
2017-05-09,6.59,14900,0(0.00 %),8260,123000000,0,0,14950,15000,14900
2017-05-10,6.59,14900,0(0.00 %),2510,37000000,0,0,14900,14900,14900
2017-05-11,6.68,15100,0.2(1.34 %),2280,35000000,0,0,15100,15200,15100
2017-05-12,6.72,15200,0.1(0.66 %),470,7000000,0,0,15200,15200,15200
2017-05-15,6.66,15050,-0.15(-0.99 %),320,5000000,0,0,15300,15300,15050
2017-05-16,6.7,15150,0.1(0.66 %),720,11000000,0,0,15050,15150,15050
2017-05-17,6.7,15150,0(0.00 %),3500,53000000,0,0,15200,15200,15150
2017-05-18,6.7,15150,0(0.00 %),40010,606000000,0,0,15150,15150,15000
2017-05-19,6.7,15150,0(0.00 %),28050,425000000,0,0,15100,15150,15100
2017-05-22,6.7,15150,0(0.00 %),0,0,0,0,15150,15150,15150
2017-05-23,6.7,15150,0(0.00 %),4940,75000000,0,0,15150,15150,15150
2017-05-24,6.7,15150,0(0.00 %),71900,1089000000,0,0,15150,15250,15150
2017-05-25,6.7,15150,0(0.00 %),0,0,0,0,15150,15150,15150
2017-05-26,6.7,15150,0(0.00 %),0,0,0,0,15150,15150,15150
2017-05-29,7.12,16100,0.95(6.27 %),1890,29000000,0,0,15200,16100,15200
2017-05-30,7.12,16100,0(0.00 %),5440,88000000,0,0,16100,16100,16100
2017-05-31,7.12,16100,0(0.00 %),8780,141000000,0,0,16100,16200,16100
2017-06-01,7.12,16100,0(0.00 %),12560,202000000,0,0,16100,16200,16100
2017-06-02,7.12,16100,0(0.00 %),11380,184000000,0,0,16100,16200,16100
2017-06-05,7.16,16200,0.1(0.62 %),4850,80000000,0,0,16200,17000,16200
2017-06-06,7.12,16100,-0.1(-0.62 %),9000,145000000,0,0,16200,16200,16100
2017-06-07,7.12,16100,0(0.00 %),7230,118000000,0,0,16000,16700,16000
2017-06-08,7.56,17100,1(6.21 %),10,0,0,0,17100,17100,17100
2017-06-09,7.16,16200,-0.9(-5.26 %),1000,16000000,0,0,16200,16200,16200
2017-06-12,7.21,16300,0.1(0.62 %),2870,47000000,0,0,16300,16300,16300
2017-06-13,6.72,15200,-1.1(-6.75 %),2580,39000000,0,0,16250,17100,15200
2017-06-14,7.19,16250,1.05(6.91 %),16080,261000000,0,0,16250,16250,16250
2017-06-15,7.19,15100,0(0.00 %),290,4000000,0,0,15400,15400,15100
2017-06-16,7.19,14750,0(0.00 %),6140,91000000,0,0,14750,15000,14750
2017-06-19,7.19,14750,0(0.00 %),0,0,0,0,14750,14750,14750
2017-06-20,7.16,14700,-0.05(-0.34 %),10,0,0,0,14700,14700,14700
2017-06-21,7.45,15300,0.6(4.08 %),14100,207000000,0,0,14700,15300,14700
2017-06-22,7.36,15100,-0.2(-1.31 %),11710,176000000,0,0,15000,15100,15000
2017-06-23,7.55,15500,0.4(2.65 %),520,8000000,0,0,15000,15500,15000
2017-06-26,7.36,15100,-0.4(-2.58 %),700,11000000,0,0,15100,15100,15100
2017-06-27,7.36,15100,0(0.00 %),0,0,0,0,15100,15100,15100
2017-06-28,7.36,15100,0(0.00 %),0,0,0,0,15100,15100,15100
2017-06-29,7.5,15400,0.3(1.99 %),300,5000000,0,0,15000,15400,15000
2017-06-30,7.5,15400,0(0.00 %),5700,87000000,0,0,15100,15400,15100
2017-07-03,7.5,15400,0(0.00 %),300,5000000,0,0,15400,15400,15400
2017-07-04,7.5,15400,0(0.00 %),3020,47000000,0,0,15400,15500,15400
2017-07-05,7.5,15400,0(0.00 %),2790,43000000,0,0,15400,15500,15400
2017-07-06,7.55,15500,0.1(0.65 %),10,0,0,0,15500,15500,15500
2017-07-07,7.55,15500,0(0.00 %),16560,257000000,0,0,15600,15600,15500
2017-07-10,7.5,15400,-0.1(-0.65 %),2000,31000000,0,0,15400,15400,15400
2017-07-11,7.55,15500,0.1(0.65 %),1920,30000000,0,0,15400,15600,15400
2017-07-12,7.58,15550,0.05(0.32 %),80,1000000,0,0,15550,15550,15550
2017-07-13,7.65,15700,0.15(0.96 %),220,3000000,0,0,15700,15700,15700
2017-07-14,7.65,15700,0(0.00 %),2080,33000000,0,0,16000,16000,15500
2017-07-17,7.65,15700,0(0.00 %),1500,23000000,0,0,15500,15700,15500
2017-07-18,7.55,15500,-0.2(-1.27 %),5020,78000000,0,0,15500,15500,15500
2017-07-19,7.65,15700,0.2(1.29 %),530,8000000,0,0,15700,15700,15700
2017-07-20,7.6,15600,-0.1(-0.64 %),5710,89000000,0,0,15600,15700,14750
2017-07-21,7.89,16200,0.6(3.85 %),20,0,0,0,16200,16200,16200
2017-07-24,7.41,15200,-1(-6.17 %),5500,84000000,0,0,15500,15500,15200
2017-07-25,7.67,15750,0.55(3.62 %),2480,37000000,0,0,15200,15750,15000
2017-07-26,7.67,15750,0(0.00 %),0,0,0,0,15750,15750,15750
2017-07-27,7.77,15950,0.2(1.27 %),860,14000000,0,0,16850,16850,15500
2017-07-28,7.8,16000,0.05(0.31 %),50,1000000,0,0,16000,16000,16000
2017-07-31,7.55,15500,-0.5(-3.12 %),5200,81000000,0,0,15500,15500,15500
2017-08-01,7.5,15400,-0.1(-0.65 %),4820,74000000,0,0,15400,15400,15400
2017-08-02,7.5,15400,0(0.00 %),4100,62000000,0,0,15000,15400,14350
2017-08-03,7.5,15400,0(0.00 %),50,1000000,0,0,15400,15400,15400
2017-08-04,7.5,15400,0(0.00 %),0,0,0,0,15400,15400,15400
2017-08-07,7.5,15400,0(0.00 %),0,0,0,0,15400,15400,15400
2017-08-08,7.31,15000,-0.4(-2.60 %),1800,27000000,0,0,15000,15000,15000
2017-08-09,7.31,15000,0(0.00 %),0,0,0,0,15000,15000,15000
2017-08-10,7.55,15500,0.5(3.33 %),10,0,0,0,15500,15500,15500
2017-08-11,7.55,15500,0(0.00 %),0,0,0,0,15500,15500,15500
2017-08-14,7.31,15000,-0.5(-3.23 %),2000,30000000,0,0,15000,15000,15000
2017-08-15,7.31,15000,0(0.00 %),0,0,0,0,15000,15000,15000
2017-08-16,7.31,15000,0(0.00 %),0,0,0,0,15000,15000,15000
2017-08-17,7.31,15000,0(0.00 %),0,0,0,0,15000,15000,15000
2017-08-18,7.31,15000,0(0.00 %),70,1000000,0,0,14500,15000,14500
2017-08-21,7.31,15000,0(0.00 %),0,0,0,0,15000,15000,15000
2017-08-22,7.31,15000,0(0.00 %),0,0,0,0,15000,15000,15000
2017-08-23,7.31,15000,0(0.00 %),0,0,0,0,15000,15000,15000
2017-08-24,7.06,14500,-0.5(-3.33 %),30,0,0,0,14500,14500,14500
2017-08-25,7.31,15000,0.5(3.45 %),700,10000000,0,0,14500,15000,14500
2017-08-28,7.31,15000,0(0.00 %),0,0,0,0,15000,15000,15000
2017-08-29,7.16,14700,-0.3(-2.00 %),6410,94000000,0,0,14500,14700,14500
2017-08-30,7.16,14700,0(0.00 %),0,0,0,0,14700,14700,14700
2017-08-31,7.16,14700,0(0.00 %),4200,62000000,0,0,15000,15250,14500
2017-09-01,7.65,15700,1(6.80 %),20,0,0,0,15300,15700,15300
2017-09-05,7.65,15700,0(0.00 %),0,0,0,0,15700,15700,15700
2017-09-06,8.09,16600,0.9(5.73 %),10,0,0,0,16600,16600,16600
2017-09-07,7.53,15450,-1.15(-6.93 %),22830,353000000,0,0,17000,17000,15450
2017-09-08,7.53,15450,0(0.00 %),20410,315000000,0,0,15450,15450,15450
2017-09-11,7.53,15450,0(0.00 %),9650,149000000,0,0,15450,15450,15450
2017-09-12,7.53,15450,0(0.00 %),2270,35000000,0,0,15450,15450,15450
2017-09-13,7.53,15450,0(0.00 %),0,0,0,0,15450,15450,15450
2017-09-14,7.53,15450,0(0.00 %),430,7000000,0,0,15450,15450,15450
2017-09-15,7.53,15450,0(0.00 %),0,0,0,0,15450,15450,15450
2017-09-18,7.53,15450,0(0.00 %),0,0,0,0,15450,15450,15450
2017-09-19,7.53,15450,0(0.00 %),0,0,0,0,15450,15450,15450
2017-09-20,7.99,16400,0.95(6.15 %),870,13000000,0,0,14700,16400,14700
2017-09-21,7.99,16400,0(0.00 %),2000,33000000,0,0,16400,16400,16400
2017-09-22,7.5,15400,-1(-6.10 %),10,0,0,0,15400,15400,15400
2017-09-25,7.5,15400,0(0.00 %),0,0,0,0,15400,15400,15400
2017-09-26,7.7,15800,0.4(2.60 %),10,0,0,0,15800,15800,15800
2017-09-27,7.55,15500,-0.3(-1.90 %),670,11000000,0,0,16000,16000,15500
2017-09-28,7.55,15500,0(0.00 %),0,0,0,0,15500,15500,15500
2017-09-29,7.55,15500,0(0.00 %),0,0,0,0,15500,15500,15500
2017-10-02,7.36,15100,-0.4(-2.58 %),90,1000000,0,0,15100,15100,15100
2017-10-03,7.36,15100,0(0.00 %),0,0,0,0,15100,15100,15100
2017-10-04,7.31,15000,-0.1(-0.66 %),1000,15000000,0,0,15000,15000,15000
2017-10-05,7.55,15500,0.5(3.33 %),4010,60000000,0,0,14900,15500,14900
2017-10-06,7.36,15100,-0.4(-2.58 %),1720,26000000,0,0,15100,15100,15100
2017-10-09,7.36,15100,0(0.00 %),0,0,0,0,15100,15100,15100
2017-10-10,7.31,15000,-0.1(-0.66 %),1500,23000000,0,0,15000,15000,15000
2017-10-11,7.31,15000,0(0.00 %),0,0,0,0,15000,15000,15000
2017-10-12,7.31,15000,0(0.00 %),2000,30000000,0,0,15000,15000,15000
2017-10-13,7.31,15000,0(0.00 %),0,0,0,0,15000,15000,15000
2017-10-16,7.5,15400,0.4(2.67 %),2990,46000000,0,0,15400,15400,15400
2017-10-17,7.75,15900,0.5(3.25 %),610,9000000,0,0,15400,15900,15400
2017-10-18,7.7,15800,-0.1(-0.63 %),4500,70000000,0,0,15500,15800,15500
2017-10-19,7.55,15500,-0.3(-1.90 %),14990,234000000,0,0,15600,15600,15500
2017-10-20,7.21,14800,-0.7(-4.52 %),800,12000000,0,0,14800,14800,14800
2017-10-23,7.21,14800,0(0.00 %),100,1000000,0,0,14800,14800,14800
2017-10-24,7.21,14800,0(0.00 %),0,0,0,0,14800,14800,14800
2017-10-25,7.21,14800,0(0.00 %),0,0,0,0,14800,14800,14800
2017-10-26,7.21,14800,0(0.00 %),0,0,0,0,14800,14800,14800
2017-10-27,7.21,14800,0(0.00 %),0,0,0,0,14800,14800,14800
2017-10-30,7.21,14800,0(0.00 %),0,0,0,0,14800,14800,14800
2017-10-31,7.21,14800,0(0.00 %),0,0,0,0,14800,14800,14800
2017-11-01,7.21,14800,0(0.00 %),0,0,0,0,14800,14800,14800
2017-11-02,7.21,14800,0(0.00 %),0,0,0,0,14800,14800,14800
2017-11-03,7.21,14800,0(0.00 %),0,0,0,0,14800,14800,14800
2017-11-06,7.21,14800,0(0.00 %),0,0,0,0,14800,14800,14800
2017-11-07,7.21,14800,0(0.00 %),0,0,0,0,14800,14800,14800
2017-11-08,7.21,14800,0(0.00 %),0,0,0,0,14800,14800,14800
2017-11-09,7.21,14800,0(0.00 %),0,0,0,0,14800,14800,14800
2017-11-10,7.21,14800,0(0.00 %),0,0,0,0,14800,14800,14800
2017-11-13,7.21,14800,0(0.00 %),0,0,0,0,14800,14800,14800
2017-11-14,7.21,14800,0(0.00 %),0,0,0,0,14800,14800,14800
2017-11-15,7.21,14800,0(0.00 %),0,0,0,0,14800,14800,14800
2017-11-16,7.21,14800,0(0.00 %),0,0,0,0,14800,14800,14800
2017-11-17,6.92,14200,-0.6(-4.05 %),50,1000000,0,0,14200,14200,14200
2017-11-20,6.87,14100,-0.1(-0.70 %),30,0,0,0,13650,14100,13650
2017-11-21,6.87,14100,0(0.00 %),0,0,0,0,14100,14100,14100
2017-11-22,6.87,14100,0(0.00 %),2100,30000000,0,0,14100,14100,14100
2017-11-23,6.87,14100,0(0.00 %),0,0,0,0,14100,14100,14100
2017-11-24,6.58,13500,-0.6(-4.26 %),20,0,0,0,13150,13500,13150
2017-11-27,6.58,13500,0(0.00 %),0,0,0,0,13500,13500,13500
2017-11-28,6.82,14000,0.5(3.70 %),520,7000000,0,0,13000,14000,13000
2017-11-29,6.6,13550,-0.45(-3.21 %),10,0,0,0,13550,13550,13550
2017-11-30,6.19,12700,-0.85(-6.27 %),9950,128000000,0,0,13000,13000,12700
2017-12-01,6.33,13000,0.3(2.36 %),7700,100000000,0,0,13000,13000,13000
2017-12-04,6.77,13900,0.9(6.92 %),1010,14000000,0,0,13800,13900,13800
2017-12-05,6.77,13900,0(0.00 %),0,0,0,0,13900,13900,13900
2017-12-06,6.97,14300,0.4(2.88 %),50,1000000,0,0,14300,14300,14300
2017-12-07,6.97,14300,0(0.00 %),0,0,0,0,14300,14300,14300
2017-12-08,6.97,14300,0(0.00 %),0,0,0,0,14300,14300,14300
2017-12-11,7.11,14600,0.3(2.10 %),1510,23000000,0,0,14900,15000,14600
2017-12-12,7.11,14600,0(0.00 %),4100,60000000,0,0,14600,14600,14600
2017-12-13,6.63,13600,-1(-6.85 %),3100,44000000,0,0,14600,14600,13600
2017-12-14,7.09,14550,0.95(6.99 %),2200,32000000,0,0,14550,14550,14500
2017-12-15,7.09,14550,0(0.00 %),0,0,0,0,14550,14550,14550
2017-12-18,7.06,14500,-0.05(-0.34 %),1500,22000000,0,0,14500,14500,14500
2017-12-19,7.11,14600,0.1(0.69 %),4510,66000000,0,0,14300,14600,14300
2017-12-20,7.11,14600,0(0.00 %),2000,29000000,0,0,14600,14600,14600
2017-12-21,7.11,14600,0(0.00 %),3870,56000000,0,0,14500,14600,14500
2017-12-22,7.06,14500,-0.1(-0.68 %),6890,101000000,0,0,14600,14600,14500
2017-12-25,7.06,14500,0(0.00 %),0,0,0,0,14500,14500,14500
2017-12-26,7.06,14500,0(0.00 %),6910,100000000,0,0,14000,14600,14000
2017-12-27,7.06,14500,0(0.00 %),2750,40000000,0,0,14600,14600,14500
2017-12-28,7.11,14600,0.1(0.69 %),3310,48000000,0,0,14500,14600,14500
2017-12-29,7.11,14600,0(0.00 %),3900,57000000,0,0,14600,14600,14600
2018-01-02,7.11,14600,0(0.00 %),10,150000,0,0,14600,14600,14600
2018-01-03,7.06,14500,-0.1(-0.68 %),26860,389000000,0,0,14500,14500,14000
2018-01-04,7.06,14500,0(0.00 %),70810,1027000000,0,0,14500,14600,14300
2018-01-05,7.06,14500,0(0.00 %),21400,310000000,0,0,14500,14500,14500
2018-01-08,7.04,14450,-0.05(-0.34 %),3850,56000000,0,0,14500,14500,14400
2018-01-09,7.04,14450,0(0.00 %),84420,1220000000,0,0,14450,14600,14450
2018-01-10,7.04,14450,0(0.00 %),135000,1951000000,0,0,14450,14450,14450
2018-01-11,7.04,14450,0(0.00 %),63030,911000000,0,0,14450,14450,14450
2018-01-12,7.04,14450,0(0.00 %),0,0,0,0,14450,14450,14450
2018-01-15,7.11,14600,0.15(1.04 %),2960,43120000,0,0,14500,14600,14500
2018-01-16,6.63,13600,-1(-6.85 %),20,0,0,0,13600,13600,13600
2018-01-17,7.09,14550,0.95(6.99 %),9150,133000000,0,0,14550,14550,14550
2018-01-18,7.09,14550,0(0.00 %),0,0,0,0,14550,14550,14550
2018-01-19,7.31,15000,0.45(3.09 %),6330,97000000,0,0,15000,15550,15000
2018-01-22,7.31,15000,0(0.00 %),1020,15000000,0,0,14000,15000,14000
2018-01-25,7.06,14500,-0.5(-3.33 %),3780,56000000,0,0,15500,16000,14000
2018-01-26,7.31,15000,0.5(3.45 %),4920,73000000,0,0,14600,15500,14600
2018-01-29,7.31,15000,0(0.00 %),10220,164000000,0,0,16050,16050,15000
2018-01-30,7.31,15000,0(0.00 %),8440,133000000,0,0,15500,15950,15000
2018-01-31,7.82,16050,1.05(7.00 %),33750,540000000,0,0,15950,16050,15950
2018-02-01,7.55,15500,-0.55(-3.43 %),540,8000000,0,0,15500,15500,15500
2018-02-02,7.55,15500,0(0.00 %),6050,98000000,0,0,15500,16250,15500
2018-02-05,7.89,16200,0.7(4.52 %),1890,30340000,0,0,16000,16200,16000
2018-02-06,7.55,15500,-0.7(-4.32 %),12100,193000000,0,0,16200,16250,15100
2018-02-07,7.31,15000,-0.5(-3.23 %),2210,34390000,0,0,15600,15600,15000
2018-02-08,7.55,15500,0.5(3.33 %),8000,124000000,0,0,15500,15500,15500
2018-02-09,7.92,16250,0.75(4.84 %),500,8000000,0,0,16250,16250,16250
2018-02-12,7.55,15500,-0.75(-4.62 %),10,0,0,0,15500,15500,15500
2018-02-13,7.55,15500,0(0.00 %),0,0,0,0,15500,15500,15500
2018-02-21,8.06,16550,1.05(6.77 %),1500,25000000,0,0,16550,16550,16550
2018-02-22,8.62,17700,1.15(6.95 %),1620,28000000,0,0,17500,17700,17500
2018-02-23,8.28,17000,-0.7(-3.95 %),20,0,0,0,18800,18800,17000
2018-02-26,8.28,17000,0(0.00 %),1610,29000000,0,0,18000,18150,17000
2018-02-27,8.84,18150,1.15(6.76 %),2310,42000000,0,0,18100,18150,18100
2018-02-28,8.38,17200,-0.95(-5.23 %),10,0,0,0,17200,17200,17200
2018-03-01,8.77,18000,0.8(4.65 %),10,0,0,0,18000,18000,18000
2018-03-02,9.38,19250,1.25(6.94 %),2300,44000000,0,0,18000,19250,18000
2018-03-05,10.01,20550,1.3(6.75 %),4080,84000000,0,0,20550,20550,20550
2018-03-06,10.69,21950,1.4(6.81 %),14940,325000000,0,0,21950,21950,21700
2018-03-07,11.43,23450,1.5(6.83 %),1010,24000000,0,0,23450,23450,23450
2018-03-08,12.2,25050,1.6(6.82 %),4180,105000000,0,0,25000,25050,25000
2018-03-09,13.06,26800,1.75(6.99 %),21620,569000000,0,0,26800,26800,25950
2018-03-12,12.98,26650,-0.15(-0.56 %),8230,211000000,0,0,26800,28600,24950
2018-03-13,12.91,26500,-0.15(-0.56 %),2450,62000000,0,0,26600,27000,25000
2018-03-14,12.03,24700,-1.8(-6.79 %),3550,89000000,0,0,27000,27000,24650
2018-03-15,11.91,24450,-0.25(-1.01 %),1700,40000000,0,0,23000,24450,23000
2018-03-16,11.08,22750,-1.7(-6.95 %),22050,519000000,0,0,22750,24450,22750
2018-03-19,10.33,21200,-1.55(-6.81 %),7800,169000000,0,0,21200,23050,21200
2018-03-20,9.65,19800,-1.4(-6.60 %),6280,126000000,0,0,22500,22500,19800
2018-03-21,9.06,18600,-1.2(-6.06 %),8110,151000000,0,0,20500,20500,18600
2018-03-22,9.06,18600,0(0.00 %),6870,133000000,0,0,19900,19900,18600
2018-03-23,8.53,17500,-1.1(-5.91 %),7710,137000000,0,0,19800,19900,17500
2018-03-26,9.11,18700,1.2(6.86 %),5300,99000000,0,0,18700,18700,17550
2018-03-27,9.31,19100,0.4(2.14 %),4660,90000000,0,0,20000,20000,19100
2018-03-28,9.26,19000,-0.1(-0.52 %),9160,177000000,0,0,20400,20400,19000
2018-03-29,9.31,19100,0.1(0.53 %),3440,67000000,0,0,20300,20300,19100
2018-03-30,9.4,19300,0.2(1.05 %),29060,586000000,0,0,20300,20400,19300
2018-04-02,9.55,19600,0.3(1.55 %),18130,363000000,0,0,20500,20650,19600
2018-04-03,9.4,19300,-0.3(-1.53 %),5640,110000000,0,0,19100,20850,19100
2018-04-04,9.4,19300,0(0.00 %),8610,167000000,0,0,20600,20600,19300
2018-04-05,9.89,20300,1(5.18 %),11220,223000000,0,0,20600,20600,19500
2018-04-06,10.57,21700,1.4(6.90 %),3380,72000000,0,0,20300,21700,20300
2018-04-09,9.99,20500,-1.2(-5.53 %),7000,151000000,0,0,23000,23000,20500
2018-04-10,9.74,20000,-0.5(-2.44 %),7660,155000000,0,0,21700,21700,20000
2018-04-11,9.74,20000,0(0.00 %),7320,147000000,0,0,20100,20900,20000
2018-04-12,9.74,20000,0(0.00 %),4870,98000000,0,0,21000,21200,20000
2018-04-13,10.18,20900,0.9(4.50 %),2940,60000000,0,0,20900,20900,20200
2018-04-16,9.89,20300,-0.6(-2.87 %),3950,81000000,0,0,22000,22350,20300
2018-04-17,10.23,21000,0.7(3.45 %),2340,49000000,0,0,21000,21000,20500
2018-04-18,10.28,21100,0.1(0.48 %),18360,402000000,0,0,21500,22450,21100
2018-04-19,10.96,22500,1.4(6.64 %),6990,153000000,0,0,22000,22500,21300
2018-04-20,11.69,24000,1.5(6.67 %),1810,43000000,0,0,24000,24050,24000
2018-04-23,10.96,22500,-1.5(-6.25 %),9830,227000000,0,0,22500,25650,22500
2018-04-24,10.21,20950,-1.55(-6.89 %),10650,227000000,0,0,24000,24000,20950
2018-04-26,9.5,19500,-1.45(-6.92 %),9990,204000000,0,0,22400,22400,19500
2018-04-27,9.5,19500,0(0.00 %),18730,374000000,0,0,20000,20850,19500
2018-05-02,10.09,20700,1.2(6.15 %),760,15000000,0,0,20700,20700,20000
2018-05-03,10.43,21400,0.7(3.38 %),1970,41000000,0,0,21300,21400,20700
2018-05-04,10.04,20600,-0.8(-3.74 %),3860,80000000,0,0,22000,22300,20600
2018-05-07,10.62,21800,1.2(5.83 %),8730,186000000,0,0,21800,22000,21100
2018-05-08,10.26,21050,-0.75(-3.44 %),17600,382000000,0,0,21800,23000,21050
2018-05-09,10.84,22250,1.2(5.70 %),140,3000000,0,0,22250,22250,22250
2018-05-10,10.84,22250,0(0.00 %),4170,91000000,0,0,22200,22250,21600
2018-05-11,10.69,21950,-0.3(-1.35 %),890,19000000,0,0,21500,21950,21200
2018-05-14,10.94,22450,0.5(2.28 %),880,20000000,0,0,23000,23000,21950
2018-05-15,10.94,22450,0(0.00 %),0,0,0,0,22450,22450,22450
2018-05-16,11.5,23600,1.15(5.12 %),1190,28000000,0,0,23000,24000,23000
2018-05-17,10.69,21950,-1.65(-6.99 %),15130,335000000,0,0,23600,24800,21950
2018-05-18,11.43,23450,1.5(6.83 %),12770,299000000,0,0,23250,23450,23250
2018-05-21,12.2,25050,1.6(6.82 %),5100,127000000,0,0,24800,25050,22500
2018-05-22,11.55,23700,-1.35(-5.39 %),4330,111000000,0,0,26750,26750,23700
2018-05-23,11.01,22600,-1.1(-4.64 %),3170,72000000,0,0,25100,25100,22600
2018-05-24,11.04,22650,0.05(0.22 %),1230,28000000,0,0,24100,24100,22650
2018-05-25,10.72,22000,-0.65(-2.87 %),2030,45000000,0,0,24100,24100,22000
2018-05-28,11.01,22600,0.6(2.73 %),17680,403000000,0,0,23500,23500,22000
2018-05-29,11.77,24150,1.55(6.86 %),1190,29000000,0,0,24150,24150,23500
2018-05-30,11.45,23500,-0.65(-2.69 %),2210,52000000,0,0,25750,25750,23500
2018-05-31,12.18,25000,1.5(6.38 %),1100,27000000,0,0,25000,25000,24000
2018-06-01,12.23,25100,0.1(0.40 %),12750,329000000,0,0,26000,26500,25100
2018-06-04,12.28,25200,0.1(0.40 %),30010,753000000,0,0,26500,26500,25100
2018-06-05,12.18,25000,-0.2(-0.79 %),3310,86000000,0,0,26500,26500,25000
2018-06-06,12.23,25100,0.1(0.40 %),5390,135000000,0,0,25000,26000,25000
2018-06-07,12.18,25000,-0.1(-0.40 %),2110,53000000,0,0,26400,26400,25000
2018-06-08,12.18,25000,0(0.00 %),400,10000000,0,0,25000,25000,25000
2018-06-11,12.18,25000,0(0.00 %),2390,61000000,0,0,25900,26500,25000
2018-06-12,12.18,25000,0(0.00 %),6340,159000000,0,0,26100,26100,25000
2018-06-13,12.08,24800,-0.2(-0.80 %),2240,56000000,0,0,24200,25000,24200
2018-06-14,11.69,24000,-0.8(-3.23 %),3020,73000000,0,0,25950,25950,24000
2018-06-15,11.69,24000,0(0.00 %),10530,266000000,0,0,25550,25650,24000
2018-06-18,11.69,24000,0(0.00 %),4710,113000000,0,0,25400,25400,24000
2018-06-19,11.69,24000,0(0.00 %),1750,42000000,0,0,25100,25100,24000
2018-06-20,11.69,24000,0(0.00 %),6600,158000000,0,0,24000,24000,24000
2018-06-21,11.74,24100,0.1(0.42 %),160,4000000,0,0,24950,25000,24100
2018-06-22,11.74,24100,0(0.00 %),800,19000000,0,0,24100,24100,24100
2018-06-25,11.72,24050,-0.05(-0.21 %),640,15000000,0,0,25750,25750,24050
2018-06-26,11.72,24050,0(0.00 %),1300,31000000,0,0,24300,24350,24050
2018-06-27,11.72,24050,0(0.00 %),660,16000000,0,0,24800,24900,24050
2018-06-28,11.69,24000,-0.05(-0.21 %),2420,58000000,0,0,24600,24600,24000
2018-06-29,12.18,25000,1(4.17 %),9270,232000000,0,0,24500,25550,24500
2018-07-02,12.18,25000,0(0.00 %),3030,76000000,0,0,26750,26750,25000
2018-07-03,12.25,25150,0.15(0.60 %),9780,245000000,0,0,25000,25150,25000
2018-07-04,12.3,25250,0.1(0.40 %),4570,116000000,0,0,25500,26500,25250
2018-07-05,12.3,25250,0(0.00 %),14590,369000000,0,0,25000,27000,25000
2018-07-06,13.15,27000,1.75(6.93 %),590,16000000,21540,506190000,27000,27000,26000
2018-07-09,12.67,26000,-1(-3.70 %),1490,39000000,0,0,28850,28850,26000
2018-07-10,12.76,26200,0.2(0.77 %),31090,817000000,0,0,27000,27000,26000
2018-07-11,12.76,26200,0(0.00 %),24870,679000000,0,0,27800,27850,26200
2018-07-12,13.2,27100,0.9(3.44 %),34210,951000000,0,0,27100,28000,27100
2018-07-13,13.79,25700,1.1(4.47 %),15750,409000000,0,0,25200,26300,25200
2018-07-16,14.33,26700,1(3.89 %),13200,355000000,0,0,26000,27450,25900
2018-07-17,14.33,26700,0(0.00 %),16230,434000000,0,0,27800,28500,26700
2018-07-18,14.33,26700,0(0.00 %),5460,146000000,0,0,26700,27500,26700
2018-07-19,14.33,26700,0(0.00 %),7700,207000000,0,0,28400,28400,26700
2018-07-20,14.38,26800,0.1(0.37 %),8770,236000000,0,0,26800,28000,26800
2018-07-23,13.39,24950,-1.85(-6.90 %),6780,169000000,0,0,24950,27900,24950
2018-07-24,14.3,26650,1.7(6.81 %),15230,401000000,0,0,24950,26650,24950
2018-07-25,14.73,27450,0.8(3.00 %),10220,277000000,0,0,27500,27600,26550
2018-07-26,14.38,26800,-0.65(-2.37 %),4910,132000000,0,0,27450,28000,26800
2018-07-27,13.39,24950,-1.85(-6.90 %),43350,1181000000,0,0,28200,28400,24950
2018-07-30,13.96,26000,1.05(4.21 %),22720,599000000,0,0,26650,26650,26000
2018-07-31,12.99,24200,-1.8(-6.92 %),6180,150000000,0,0,27800,27800,24200
2018-08-01,13.15,24500,0.3(1.24 %),27770,707000000,0,0,25850,25850,24500
2018-08-02,13.74,25600,1.1(4.49 %),43150,1123000000,0,0,26200,26200,25600
2018-08-03,13.47,25100,-0.5(-1.95 %),30130,766000000,0,0,26500,26500,25100
2018-08-06,14.01,26100,1(3.98 %),53150,1402000000,0,0,26000,26850,26000
2018-08-07,14.12,26300,0.2(0.77 %),30990,833000000,0,0,27000,27800,26300
2018-08-08,14.81,27600,1.3(4.94 %),18660,513000000,0,0,27500,27600,27450
2018-08-09,14.76,27500,-0.1(-0.36 %),3380,93000000,0,0,28000,28800,27300
2018-08-10,14.92,27800,0.3(1.09 %),20380,570000000,0,0,28200,28200,27800
2018-08-13,14.6,27200,-0.6(-2.16 %),18150,498000000,0,0,28300,28300,27200
2018-08-14,14.55,27100,-0.1(-0.37 %),13260,360000000,0,0,27000,27800,27000
2018-08-15,15.08,28100,1(3.69 %),28920,808000000,0,0,27500,28800,27100
2018-08-16,15.08,28100,0(0.00 %),41030,1157000000,0,0,28400,29000,28000
2018-08-17,15.08,28100,0(0.00 %),1040,29000000,0,0,29250,29250,28100
2018-08-20,15.03,28000,-0.1(-0.36 %),1700,49000000,0,0,29000,29000,28000
2018-08-21,15.03,28000,0(0.00 %),30920,885000000,0,0,28900,29000,28000
2018-08-22,15.08,28100,0.1(0.36 %),1440,41000000,0,0,28850,29000,28100
2018-08-23,15.03,28000,-0.1(-0.36 %),9360,263000000,0,0,28900,28900,28000
2018-08-24,14.22,26500,-1.5(-5.36 %),14290,382000000,0,0,29000,29950,26050
2018-08-27,14.01,26100,-0.4(-1.51 %),20720,553000000,0,0,26500,27800,26100
2018-08-28,14.73,27450,1.35(5.17 %),19400,529000000,0,0,27000,27900,27000
2018-08-29,14.76,27500,0.05(0.18 %),3090,84000000,0,0,27650,27650,27000
2018-08-30,14.76,27500,0(0.00 %),3160,86000000,0,0,27000,27800,26900
2018-08-31,14.81,27600,0.1(0.36 %),3040,83000000,0,0,27000,27800,27000
2018-09-04,15.46,28800,1.2(4.35 %),4090,113000000,0,0,27600,29000,27000
2018-09-05,15.46,28800,0(0.00 %),370,11000000,0,0,29000,29000,28750
2018-09-06,14.92,27800,-1(-3.47 %),9490,259000000,0,0,29000,29500,27000
2018-09-07,15.08,28100,0.3(1.08 %),5990,162000000,0,0,28200,28200,27000
2018-09-10,14.49,27000,-1.1(-3.91 %),5300,143000000,0,0,27000,27000,27000
2018-09-11,15.06,28050,1.05(3.89 %),7880,220000000,0,0,27000,28100,27000
2018-09-12,14.79,27550,-0.5(-1.78 %),1460,40000000,0,0,28000,28000,27500
2018-09-13,15.03,28000,0.45(1.63 %),2220,62000000,0,0,27550,28000,27500
2018-09-14,15.57,29000,1(3.57 %),50,1000000,0,0,29000,29000,29000
2018-09-17,15.51,28900,-0.1(-0.34 %),1560,44000000,0,0,29000,29000,28050
2018-09-18,15.35,28600,-0.3(-1.04 %),2030,57000000,0,0,28000,28600,28000
2018-09-19,15.06,28050,-0.55(-1.92 %),3600,101000000,0,0,27800,28650,27800
2018-09-20,15.54,28950,0.9(3.21 %),210,6000000,0,0,30000,30000,28950
2018-09-21,14.92,27800,-1.15(-3.97 %),1000,28000000,0,0,27800,27800,27800
2018-09-24,15.27,28450,0.65(2.34 %),10,0,0,0,28450,28450,28450
2018-09-25,15.35,28600,0.15(0.53 %),80,2000000,0,0,28600,29000,28000
2018-09-26,15.35,28600,0(0.00 %),2040,58000000,0,0,28550,28600,28550
2018-09-27,15.35,28600,0(0.00 %),0,0,0,0,28600,28600,28600
2018-09-28,15.27,28450,-0.15(-0.52 %),260,7000000,0,0,27600,28450,27600
2018-10-01,15.27,28450,0(0.00 %),0,0,0,0,28450,28450,28450
2018-10-02,15.03,28000,-0.45(-1.58 %),50,1000000,0,0,28000,28000,28000
2018-10-03,15.03,28000,0(0.00 %),570,16000000,0,0,29500,29500,27500
2018-10-04,15.03,28000,0(0.00 %),0,0,0,0,28000,28000,28000
2018-10-05,15.03,28000,0(0.00 %),0,0,0,0,28000,28000,28000
2018-10-08,15.03,28000,0(0.00 %),0,0,0,0,28000,28000,28000
2018-10-09,15.03,28000,0(0.00 %),1020,29000000,0,0,26550,28100,26550
2018-10-10,15.03,28000,0(0.00 %),70,2000000,0,0,27500,28000,27500
2018-10-11,14.44,26900,-1.1(-3.93 %),1970,53000000,0,0,26900,27000,26100
2018-10-12,14.44,26900,0(0.00 %),70,2000000,0,0,26900,27500,26900
2018-10-15,15.3,28500,1.6(5.95 %),11670,294000000,0,0,26000,28500,25050
2018-10-16,14.76,27500,-1(-3.51 %),9970,265000000,0,0,26550,27800,26550
2018-10-17,14.76,27500,0(0.00 %),0,0,0,0,27500,27500,27500
2018-10-18,13.74,25600,-1.9(-6.91 %),3520,90000000,0,0,26500,26500,25600
2018-10-19,14.22,26500,0.9(3.52 %),290,8000000,0,0,26000,26500,26000
2018-10-22,14.17,26400,-0.1(-0.38 %),890,24000000,0,0,28300,28300,26300
2018-10-23,14.33,26700,0.3(1.14 %),330,9000000,0,0,24800,27450,24800
2018-10-24,13.34,24850,-1.85(-6.93 %),4950,123000000,0,0,25000,26450,24850
2018-10-25,12.43,23150,-1.7(-6.84 %),14180,331000000,0,0,26500,26500,23150
2018-10-26,13.28,24750,1.6(6.91 %),1450,34000000,0,0,24750,24750,22100
2018-10-29,13.96,26000,1.25(5.05 %),2030,51000000,0,0,25450,26000,24850
2018-10-30,14.17,26400,0.4(1.54 %),1440,38000000,0,0,26400,26400,26400
2018-10-31,13.9,25900,-0.5(-1.89 %),360,9000000,0,0,26400,26400,25500
2018-11-01,13.69,25500,-0.4(-1.54 %),820,21000000,0,0,25900,25900,25000
2018-11-02,13.37,24900,-0.6(-2.35 %),2020,48000000,0,0,25000,25000,23800
2018-11-05,13.42,25000,0.1(0.40 %),190,5000000,0,0,26600,26600,25000
2018-11-06,13.37,24900,-0.1(-0.40 %),870,21000000,0,0,24050,25000,24000
2018-11-07,12.51,23300,-1.6(-6.43 %),3910,91000000,0,0,23950,23950,23200
2018-11-08,12.24,22800,-0.5(-2.15 %),4200,93000000,0,0,23000,23800,21700
2018-11-09,13.04,24300,1.5(6.58 %),4560,102000000,0,0,24350,24350,21250
2018-11-12,13.04,24300,0(0.00 %),1870,43000000,0,0,23700,24300,22600
2018-11-13,12.13,22600,-1.7(-7.00 %),3680,83000000,0,0,22600,23000,22600
2018-11-14,12.05,22450,-0.15(-0.66 %),1120,24000000,0,0,21600,23900,21150
2018-11-15,11.54,21500,-0.95(-4.23 %),6840,144000000,0,0,21050,21500,20900
2018-11-16,10.84,20200,-1.3(-6.05 %),15300,307000000,0,0,21700,21700,20000
2018-11-19,10.84,20200,0(0.00 %),850,17000000,0,0,19150,20800,19150
2018-11-20,11.59,21600,1.4(6.93 %),6020,127000000,0,0,20200,21600,20200
2018-11-21,11.27,21000,-0.6(-2.78 %),570,13000000,0,0,21950,23100,21000
2018-11-22,11.97,22300,1.3(6.19 %),810,18000000,0,0,22450,22450,21000
2018-11-23,12.8,23850,1.55(6.95 %),8660,190000000,0,0,20800,23850,20750
2018-11-26,13.31,24800,0.95(3.98 %),400,10000000,0,0,25000,25000,24800
2018-11-27,12.72,23700,-1.1(-4.44 %),910,22000000,0,0,25800,26000,23550
2018-11-28,12.61,23500,-0.2(-0.84 %),2340,55000000,0,0,24900,24900,22100
2018-11-29,12.88,24000,0.5(2.13 %),700,16000000,0,0,25100,25100,23100
2018-11-30,13.37,24900,0.9(3.75 %),650,16000000,0,0,24500,25000,23200
2018-12-03,14.17,26400,1.5(6.02 %),950,24000000,0,0,25900,26600,23550
2018-12-04,14.71,27400,1(3.79 %),350,10000000,0,0,28200,28200,27000
2018-12-05,14.92,27800,0.4(1.46 %),3980,103000000,0,0,29300,29300,25500
2018-12-06,13.9,25900,-1.9(-6.83 %),1190,31000000,0,0,29400,29400,25900
2018-12-07,14.22,26500,0.6(2.32 %),1000,25000000,0,0,25900,27500,24100
2018-12-10,14.76,27500,1(3.77 %),40,1000000,0,0,28300,28300,27500
2018-12-11,13.79,25700,-1.8(-6.55 %),270,7000000,0,0,27500,27500,25600
2018-12-12,13.79,25700,0(0.00 %),118270,3031000000,0,0,23950,26500,23950
2018-12-13,13.53,25200,-0.5(-1.95 %),9040,218000000,0,0,27000,27000,23950
2018-12-14,13.42,25000,-0.2(-0.79 %),80,2000000,0,0,23900,25000,23900
2018-12-17,12.61,23500,-1.5(-6.00 %),2420,57000000,0,0,23300,23700,23250
2018-12-18,12.61,23500,0(0.00 %),450,11000000,0,0,23500,23500,23500
2018-12-19,12.35,23000,-0.5(-2.13 %),4040,91000000,0,0,22800,23000,22500
2018-12-20,12.61,23500,0.5(2.17 %),50,1000000,0,0,23000,23500,23000
2018-12-21,12.94,24100,0.6(2.55 %),270,7000000,0,0,24500,24500,24000
2018-12-24,13.04,24300,0.2(0.83 %),520,13000000,0,0,24200,24300,24100
2018-12-25,13.42,25000,0.7(2.88 %),210,5000000,0,0,26000,26000,25000
2018-12-26,13.69,25500,0.5(2.00 %),450,11000000,0,0,26500,26500,23250
2018-12-27,13.96,26000,0.5(1.96 %),760,18000000,0,0,26800,26800,24000
2018-12-28,13.74,25600,-0.4(-1.54 %),1170,29000000,0,0,26300,26500,24200
2019-01-02,14.2,26450,0.85(3.32 %),400,10000000,0,0,26450,26450,23850
2019-01-03,13.42,25000,-1.45(-5.48 %),310,8000000,0,0,24600,25000,24600
2019-01-04,13.37,24900,-0.1(-0.40 %),2280,54000000,0,0,23300,24900,23300
2019-01-07,13.53,25200,0.3(1.20 %),820,19000000,0,0,23600,26000,23300
2019-01-08,14.47,26950,1.75(6.94 %),10,0,0,0,26950,26950,26950
2019-01-09,13.93,25950,-1(-3.71 %),2740,69000000,0,0,26950,26950,25100
2019-01-10,13.23,24650,-1.3(-5.01 %),1380,34000000,0,0,26500,27500,24200
2019-01-11,12.94,24100,-0.55(-2.23 %),20,0,0,0,24100,24100,24100
2019-01-14,13.79,25700,1.6(6.64 %),1330,33000000,0,0,24000,25750,24000
2019-01-15,13.12,24450,-1.25(-4.86 %),1610,39000000,0,0,25900,25900,24450
2019-01-16,13.69,25500,1.05(4.29 %),50,1000000,0,0,25500,25800,24450
2019-01-17,12.88,24000,-1.5(-5.88 %),2710,66000000,0,0,26700,26900,24000
2019-01-18,13.69,25500,1.5(6.25 %),370,9000000,0,0,25600,25600,25400
2019-01-21,13.69,25500,0(0.00 %),2710,66000000,0,0,24500,25500,24300
2019-01-22,13.15,24500,-1(-3.92 %),920,23000000,0,0,24500,24500,24500
2019-01-23,13.63,25400,0.9(3.67 %),190,5000000,0,0,24000,25400,24000
2019-01-24,13.63,25400,0(0.00 %),1140,28000000,0,0,24400,25400,24400
2019-01-25,14.38,26800,1.4(5.51 %),210,6000000,0,0,26800,26800,26800
2019-01-28,14.38,26800,0(0.00 %),0,0,0,0,26800,26800,26800
2019-01-29,14.49,27000,0.2(0.75 %),340,9000000,0,0,27000,27000,27000
2019-01-30,15.3,28500,1.5(5.56 %),10,0,0,0,28500,28500,28500
2019-01-31,15.3,28500,0(0.00 %),0,0,0,0,28500,28500,28500
2019-02-01,15.46,28800,0.3(1.05 %),20,1000000,0,0,28800,28800,28800
2019-02-11,15.46,28800,0(0.00 %),0,0,0,0,28800,28800,28800
2019-02-12,14.38,26800,-2(-6.94 %),700,19000000,0,0,27000,27000,26800
2019-02-13,14.22,26500,-0.3(-1.12 %),90,2000000,0,0,26700,26700,26500
2019-02-14,13.96,26000,-0.5(-1.89 %),110,3000000,0,0,25000,26000,25000
2019-02-15,14.92,27800,1.8(6.92 %),30,1000000,0,0,27400,27800,27400
2019-02-18,14.12,26300,-1.5(-5.40 %),60,2000000,0,0,25900,26300,25900
2019-02-19,14.12,26300,0(0.00 %),60,2000000,0,0,26300,26300,26300
2019-02-20,14.12,26300,0(0.00 %),2510,62000000,0,0,26500,26500,24500
2019-02-21,14.09,26250,-0.05(-0.19 %),1110,28000000,0,0,26250,26250,24750
2019-02-22,14.06,26200,-0.05(-0.19 %),340,9000000,0,0,26250,26250,24800
2019-02-25,13.2,24600,-1.6(-6.11 %),1370,34000000,0,0,27800,27800,24600
2019-02-26,13.85,25800,1.2(4.88 %),210,5000000,0,0,25000,25800,24800
2019-02-27,13.85,25800,0(0.00 %),730,18000000,0,0,25900,25900,24050
2019-02-28,13.74,25600,-0.2(-0.78 %),1210,30000000,0,0,24800,25600,24800
2019-03-01,13.79,25700,0.1(0.39 %),1180,29000000,0,0,24800,25700,24800
2019-03-04,13.82,25750,0.05(0.19 %),3450,86000000,0,0,25350,25750,24800
2019-03-05,13.85,25800,0.05(0.19 %),280,7000000,0,0,25800,25800,25800
2019-03-06,13.85,25800,0(0.00 %),400,10000000,0,0,25800,25800,25750
2019-03-07,13.85,25800,0(0.00 %),0,0,0,0,25800,25800,25800
2019-03-08,14.49,27000,1.2(4.65 %),540,14000000,0,0,27600,27600,25500
2019-03-11,15.49,28850,1.85(6.85 %),20,1000000,0,0,28850,28850,28850
2019-03-12,15.49,28850,0(0.00 %),0,0,0,0,28850,28850,28850
2019-03-13,15.49,28850,0(0.00 %),3660,100000000,0,0,30850,30850,27000
2019-03-14,16.1,30000,1.15(3.99 %),480,14000000,0,0,29500,30000,29500
2019-03-15,15.57,29000,-1(-3.33 %),90,3000000,0,0,30900,30900,29000
2019-03-18,15.57,29000,0(0.00 %),40,1000000,0,0,29500,29500,29000
2019-03-19,14.55,27100,-1.9(-6.55 %),600,16000000,0,0,29500,29500,27000
2019-03-20,15.3,28500,1.4(5.17 %),40,1000000,0,0,28500,28500,25500
2019-03-21,15.83,29500,1(3.51 %),10,0,0,0,29500,29500,29500
2019-03-22,15.57,29000,-0.5(-1.69 %),30,1000000,0,0,29900,29900,28300
2019-03-25,16.1,30000,1(3.45 %),10,0,0,0,30000,30000,30000
2019-03-26,16.1,30000,0(0.00 %),20,1000000,0,0,30000,30000,30000
2019-03-27,16.1,30000,0(0.00 %),0,0,0,0,30000,30000,30000
2019-03-28,16.1,30000,0(0.00 %),0,0,0,0,30000,30000,30000
2019-03-29,15.3,28500,-1.5(-5.00 %),60,2000000,0,0,28500,28500,28500
2019-04-01,15.24,28400,-0.1(-0.35 %),20,1000000,0,0,29000,29000,28400
2019-04-02,15.3,28500,0.1(0.35 %),20,1000000,0,0,30000,30000,28500
2019-04-03,15.3,28500,0(0.00 %),110,3000000,0,0,29900,29900,28500
2019-04-04,15.3,28500,0(0.00 %),230,6000000,0,0,26500,30000,26500
2019-04-05,15.3,28500,0(0.00 %),220,6000000,0,0,30000,30000,28500
2019-04-08,15.3,28500,0(0.00 %),120,3000000,0,0,26600,30000,26550
2019-04-09,15.3,28500,0(0.00 %),130,4000000,0,0,29500,29500,28500
2019-04-10,15.3,28500,0(0.00 %),1530,43000000,0,0,29500,29500,28000
2019-04-11,15.3,28500,0(0.00 %),3530,99000000,0,0,29950,30000,28000
2019-04-12,15.24,28400,-0.1(-0.35 %),1980,55000000,0,0,29400,29400,28000
2019-04-16,15.24,28400,0(0.00 %),1010,28000000,0,0,28000,28400,28000
2019-04-17,15.24,28400,0(0.00 %),720,20000000,0,0,29400,29400,27100
2019-04-18,15.24,28400,0(0.00 %),100,3000000,0,0,28400,28400,28400
2019-04-19,15.08,28100,-0.3(-1.06 %),2260,63000000,0,0,28000,28400,27600
2019-04-22,15.57,29000,0.9(3.20 %),10,0,0,0,29000,29000,29000
2019-04-23,15.57,29000,0(0.00 %),0,0,0,0,29000,29000,29000
2019-04-24,15.57,29000,0(0.00 %),0,0,0,0,29000,29000,29000
2019-04-25,15.57,29000,0(0.00 %),0,0,0,0,29000,29000,29000
2019-04-26,15.57,29000,0(0.00 %),0,0,0,0,29000,29000,29000
2019-05-02,15.14,28200,-0.8(-2.76 %),600,16000000,0,0,29000,29000,27300
2019-05-03,15.57,29000,0.8(2.84 %),10,0,0,0,29000,29000,29000
2019-05-06,15.03,28000,-1(-3.45 %),230,6000000,0,0,28000,28500,27500
2019-05-07,15.46,28800,0.8(2.86 %),1740,49000000,0,0,28650,29000,27500
2019-05-08,15.46,28800,0(0.00 %),0,0,0,0,28800,28800,28800
2019-05-09,15.4,28700,-0.1(-0.35 %),320,9000000,0,0,26800,28700,26800
2019-05-10,15.46,28800,0.1(0.35 %),2950,84000000,0,0,28600,28800,27500
2019-05-13,15.46,28800,0(0.00 %),100,3000000,0,0,28800,28800,28800
2019-05-14,15.46,28800,0(0.00 %),970,26000000,0,0,26800,28800,26800
2019-05-15,16.25,28700,-0.1(-0.35 %),160,5000000,0,0,28800,28800,28000
2019-05-16,16.31,28800,0.1(0.35 %),30,1000000,0,0,28750,28800,28750
2019-05-17,16.31,28800,0(0.00 %),170,5000000,0,0,28800,28800,28800
2019-05-20,15.23,26900,-1.9(-6.60 %),440,12000000,0,0,26900,26900,26900
2019-05-21,15.77,27850,0.95(3.53 %),250,7000000,0,0,27150,27850,26900
2019-05-22,16.28,28750,0.9(3.23 %),10,0,0,0,28750,28750,28750
2019-05-23,16.14,28500,-0.25(-0.87 %),50,1000000,0,0,26750,28500,26750
2019-05-24,16.25,28700,0.2(0.70 %),10,0,0,0,28700,28700,28700
2019-05-27,16.25,28700,0(0.00 %),10,0,0,0,28700,28700,28700
2019-05-28,16.25,28700,0(0.00 %),0,0,0,0,28700,28700,28700
2019-05-29,16.31,28800,0.1(0.35 %),25400,723000000,0,0,28750,28800,28400
2019-05-30,16.48,29100,0.3(1.04 %),17730,522000000,0,0,28800,30800,28800
2019-05-31,16.7,29500,0.4(1.37 %),200,6000000,0,0,31000,31000,29500
2019-06-03,15.57,27500,-2(-6.78 %),2150,60000000,0,0,28000,28000,27500
2019-06-04,15.86,28000,0.5(1.82 %),11930,339000000,0,0,29000,29400,28000
2019-06-05,15.86,28000,0(0.00 %),6340,178000000,0,0,29000,29000,28000
2019-06-06,16.42,29000,1(3.57 %),1020,29000000,0,0,28000,29000,27950
2019-06-07,16.42,29000,0(0.00 %),440,13000000,0,0,29000,30000,29000
2019-06-10,15.86,28000,-1(-3.45 %),1050,29000000,0,0,29500,29500,27500
2019-06-11,16.42,29000,1(3.57 %),10,0,0,0,29000,29000,29000
2019-06-12,15.86,28000,-1(-3.45 %),5680,162000000,0,0,28500,30000,28000
2019-06-13,16.31,28800,0.8(2.86 %),820,21000000,0,0,29000,29000,26100
2019-06-14,16.42,29000,0.2(0.69 %),60,2000000,0,0,29000,29000,29000
2019-06-17,16.36,28900,-0.1(-0.34 %),2100,57000000,0,0,28900,28900,27050
2019-06-18,16.05,28350,-0.55(-1.90 %),800,22000000,0,0,28700,28700,27000
2019-06-19,17.16,30300,1.95(6.88 %),10,0,0,0,30300,30300,30300
2019-06-20,18.06,31900,1.6(5.28 %),10,0,0,0,31900,31900,31900
2019-06-21,16.82,29700,-2.2(-6.90 %),1420,42000000,0,0,29700,29700,29700
2019-06-24,16.05,28350,-1.35(-4.55 %),1170,33000000,0,0,29000,29950,28350
2019-06-25,15.86,28000,-0.35(-1.23 %),620,17000000,0,0,29600,29600,28000
2019-06-26,16.11,28450,0.45(1.61 %),4010,105000000,0,0,28450,29950,26200
2019-06-27,15.57,27500,-0.95(-3.34 %),3810,101000000,0,0,27500,29000,26500
2019-06-28,16.05,28350,0.85(3.09 %),3340,86000000,0,0,28350,29400,25600
2019-07-01,16.11,28450,0.1(0.35 %),180,5000000,0,0,28450,29000,27000
2019-07-02,15.57,27500,-0.95(-3.34 %),790,22000000,0,0,27500,28100,26600
2019-07-03,14.61,25800,-1.7(-6.18 %),5260,136000000,0,0,28400,28400,25600
2019-07-04,14.92,26350,0.55(2.13 %),14130,342000000,0,0,27600,27600,24000
2019-07-05,15.06,26600,0.25(0.95 %),16180,397000000,0,0,27550,27550,24550
2019-07-08,14.64,25850,-0.75(-2.82 %),9100,226000000,0,0,24800,25950,24750
2019-07-09,13.62,24050,-1.8(-6.96 %),7260,175000000,0,0,24600,25450,24050
2019-07-10,14.55,25700,1.65(6.86 %),9630,238000000,0,0,22750,25700,22750
2019-07-11,14.67,25900,0.2(0.78 %),4970,129000000,0,0,26650,26650,25700
2019-07-12,14.67,25900,0(0.00 %),990,25000000,0,0,25900,25900,24700
2019-07-15,13.65,24100,-1.8(-6.95 %),11830,290000000,0,0,25900,25900,24100
2019-07-16,14.07,24850,0.75(3.11 %),2300,57000000,0,0,24900,24900,23050
2019-07-17,14.04,24800,-0.05(-0.20 %),410,10000000,0,0,23250,24800,23250
2019-07-18,13.59,24000,-0.8(-3.23 %),1640,39000000,0,0,23500,24400,23200
2019-07-19,13.59,24000,0(0.00 %),1480,35000000,0,0,23500,24200,23450
2019-07-22,13.59,24000,0(0.00 %),1030,25000000,0,0,24000,24000,24000
2019-07-23,13.7,24200,0.2(0.83 %),2600,62000000,0,0,24000,24200,23800
2019-07-24,14.38,25400,1.2(4.96 %),2520,62000000,0,0,24400,25400,22850
2019-07-25,13.39,23650,-1.75(-6.89 %),3930,93000000,0,0,24400,24400,23650
2019-07-26,13.17,23250,-0.4(-1.69 %),2700,61000000,0,0,22100,23400,22000
2019-07-29,13.7,24200,0.95(4.09 %),560,13000000,0,0,22000,24500,22000
2019-07-30,13.48,23800,-0.4(-1.65 %),1020,24000000,0,0,22600,23800,22600
2019-07-31,13.02,23000,-0.8(-3.36 %),4640,104000000,0,0,22250,23000,22200
2019-08-01,12.91,22800,-0.2(-0.87 %),1630,35000000,0,0,22000,22800,21550
2019-08-02,12.46,22000,-0.8(-3.51 %),3330,73000000,0,0,22700,23100,21600
2019-08-05,12.46,22000,0(0.00 %),2760,57000000,0,0,20550,22950,20550
2019-08-06,12.23,21600,-0.4(-1.82 %),1320,29000000,0,0,22500,22750,21500
2019-08-07,12.54,22150,0.55(2.55 %),1210,26000000,0,0,20550,22150,20550
2019-08-08,12.37,21850,-0.3(-1.35 %),650,14000000,0,0,21950,21950,20600
2019-08-09,12.32,21750,-0.1(-0.46 %),230,5000000,0,0,21000,21800,21000
2019-08-12,12.49,22050,0.3(1.38 %),80,2000000,0,0,20850,22150,20850
2019-08-13,12.37,21850,-0.2(-0.91 %),2080,43000000,0,0,20700,21850,20600
2019-08-14,12.32,21750,-0.1(-0.46 %),1050,23000000,0,0,20650,21800,20650
2019-08-15,12.29,21700,-0.05(-0.23 %),730,16000000,0,0,20250,21700,20250
2019-08-16,12.37,21850,0.15(0.69 %),150,3000000,0,0,21000,21850,21000
2019-08-19,12.37,21850,0(0.00 %),140,3000000,0,0,21800,21850,21750
2019-08-20,12.34,21800,-0.05(-0.23 %),140,3000000,0,0,21500,21800,21500
2019-08-21,13.19,23300,1.5(6.88 %),3090,67000000,0,0,21650,23300,21650
2019-08-22,13.59,24000,0.7(3.00 %),390,9000000,0,0,24500,24500,22000
2019-08-23,13.76,24300,0.3(1.25 %),1350,32000000,0,0,23000,24500,23000
2019-08-26,13.7,24200,-0.1(-0.41 %),840,19000000,0,0,22600,24300,22600
2019-08-27,13.53,23900,-0.3(-1.24 %),3180,72000000,0,0,22650,24000,22600
2019-08-28,13.31,23500,-0.4(-1.67 %),730,16000000,0,0,22600,23500,22250
2019-08-29,13.59,24000,0.5(2.13 %),200,5000000,0,0,24000,24000,24000
2019-08-30,13.59,24000,0(0.00 %),0,0,0,0,24000,24000,24000
2019-09-03,13.19,23300,-0.7(-2.92 %),2180,49000000,0,0,22500,23300,22350
2019-09-04,13.48,23800,0.5(2.15 %),50,1000000,0,0,23800,23800,23800
2019-09-05,13.76,24300,0.5(2.10 %),20,0,0,0,24300,24300,24300
2019-09-06,12.8,22600,-1.7(-7.00 %),1980,45000000,0,0,24000,24200,22600
2019-09-09,12.0,21200,-1.4(-6.19 %),220,5000000,0,0,23100,23100,21200
2019-09-10,12.77,22550,1.35(6.37 %),500,11000000,0,0,22550,22550,21300
2019-09-11,12.77,22550,0(0.00 %),200,5000000,0,0,22550,22550,22550
2019-09-12,12.2,21550,-1(-4.43 %),720,16000000,0,0,23800,24000,21550
2019-09-13,13.05,23050,1.5(6.96 %),430,10000000,0,0,23050,23050,22500
2019-09-16,13.59,24000,0.95(4.12 %),170,4000000,0,0,24000,24000,23000
2019-09-17,13.59,24000,0(0.00 %),60,1000000,0,0,24000,24000,24000
2019-09-18,12.66,22350,-1.65(-6.87 %),280,6000000,0,0,24000,24000,22350
2019-09-19,13.53,23900,1.55(6.94 %),230,5000000,0,0,23900,23900,21700
2019-09-20,13.53,23900,0(0.00 %),500,12000000,0,0,23900,23900,23900
2019-09-23,12.97,22900,-1(-4.18 %),580,13000000,0,0,23850,25200,22350
2019-09-24,13.53,23900,1(4.37 %),10,0,0,0,23900,23900,23900
2019-09-25,13.53,23900,0(0.00 %),240,6000000,0,0,23900,23900,23900
2019-09-26,13.51,23850,-0.05(-0.21 %),340,8000000,0,0,22400,23850,22400
2019-09-27,13.53,23900,0.05(0.21 %),100,2000000,0,0,23900,23900,23900
2019-09-30,13.53,23900,0(0.00 %),70,2000000,0,0,23900,23900,23900
2019-10-01,13.0,22950,-0.95(-3.97 %),210,5000000,0,0,23100,23600,22950
2019-10-02,13.36,23600,0.65(2.83 %),150,4000000,0,0,23600,23600,23600
2019-10-03,13.42,23700,0.1(0.42 %),70,2000000,0,0,23700,23700,23700
2019-10-04,13.53,23900,0.2(0.84 %),1540,34000000,0,0,24000,24000,22050
2019-10-07,13.53,23900,0(0.00 %),80,2000000,0,0,24000,24000,23900
2019-10-08,13.59,24000,0.1(0.42 %),220,5000000,0,0,24000,25300,24000
2019-10-09,13.14,23200,-0.8(-3.33 %),450,10000000,0,0,22500,23450,22500
2019-10-10,13.14,23200,0(0.00 %),110,3000000,0,0,23200,23200,23200
2019-10-11,13.25,23400,0.2(0.86 %),610,14000000,0,0,23500,24000,23000
2019-10-14,13.53,23900,0.5(2.14 %),120,3000000,0,0,23800,23900,23800
2019-10-15,14.04,24800,0.9(3.77 %),190,5000000,0,0,25400,25400,24800
2019-10-16,13.53,23900,-0.9(-3.63 %),2200,51000000,0,0,23900,26500,23100
2019-10-17,13.31,23500,-0.4(-1.67 %),110,3000000,0,0,23500,23500,23500
2019-10-18,12.54,22150,-1.35(-5.74 %),830,18000000,0,0,22000,23900,22000
2019-10-21,13.42,23700,1.55(7.00 %),160,4000000,0,0,23700,23700,23700
2019-10-22,13.42,23700,0(0.00 %),0,0,0,0,23700,23700,23700
2019-10-23,14.16,25000,1.3(5.49 %),110,3000000,0,0,24950,25000,24950
2019-10-24,13.17,23250,-1.75(-7.00 %),590,14000000,0,0,23250,23250,23250
2019-10-25,13.25,23400,0.15(0.65 %),130,3000000,0,0,23900,23900,23400
2019-10-28,13.59,24000,0.6(2.56 %),20,0,0,0,24000,24000,24000
2019-10-29,13.48,23800,-0.2(-0.83 %),50,1000000,0,0,22450,23800,22450
2019-10-30,13.48,23800,0(0.00 %),0,0,0,0,23800,23800,23800
2019-10-31,13.59,24000,0.2(0.84 %),60,1000000,0,0,23900,24000,23900
2019-11-01,13.53,23900,-0.1(-0.42 %),1640,38000000,0,0,23450,23900,22400
2019-11-04,12.6,22250,-1.65(-6.90 %),2030,45000000,0,0,22800,23800,22250
2019-11-05,12.74,22500,0.25(1.12 %),2160,49000000,0,0,22300,22500,22300
2019-11-06,13.53,23900,1.4(6.22 %),4340,98000000,0,0,22500,23900,22350
2019-11-07,13.11,23150,-0.75(-3.14 %),5620,129000000,0,0,23150,23400,22800
2019-11-08,13.59,24000,0.85(3.67 %),70,2000000,0,0,23800,24000,23800
2019-11-11,13.31,23500,-0.5(-2.08 %),280,7000000,0,0,23700,23700,23450
2019-11-12,13.59,24000,0.5(2.13 %),1450,33000000,0,0,23000,24000,22900
2019-11-13,13.59,24000,0(0.00 %),4220,98000000,0,0,23900,24000,22500
2019-11-14,13.59,24000,0(0.00 %),600,14000000,0,0,23500,24000,23500
2019-11-15,13.59,24000,0(0.00 %),0,0,0,0,24000,24000,24000
2019-11-18,13.48,23800,-0.2(-0.83 %),4730,112000000,0,0,23600,24000,23200
2019-11-19,13.48,23800,0(0.00 %),50,1000000,0,0,23800,23800,23800
2019-11-20,13.48,23800,0(0.00 %),10,0,0,0,23800,23800,23800
2019-11-21,13.31,23500,-0.3(-1.26 %),1070,24000000,0,0,22200,23500,22200
2019-11-22,13.53,23900,0.4(1.70 %),10,0,0,0,23900,23900,23900
2019-11-25,13.59,24000,0.1(0.42 %),90,2000000,0,0,23900,24000,23900
2019-11-26,13.59,24000,0(0.00 %),110,3000000,0,0,24000,24000,24000
2019-11-27,13.59,24000,0(0.00 %),0,0,0,0,24000,24000,24000
2019-11-28,13.59,24000,0(0.00 %),140,3000000,0,0,24000,24000,24000
2019-11-29,13.36,23600,-0.4(-1.67 %),2050,48000000,0,0,23400,23800,22400
2019-12-02,13.53,23900,0.3(1.27 %),670,15000000,0,0,24000,24000,22000
2019-12-03,13.48,23800,-0.1(-0.42 %),1140,26000000,0,0,22500,23800,22500
2019-12-04,12.74,22500,-1.3(-5.46 %),1000,23000000,0,0,22500,22500,22500
2019-12-05,12.97,22900,0.4(1.78 %),1430,32000000,0,0,23400,23400,22500
2019-12-06,13.53,23900,1(4.37 %),10,0,0,0,23900,23900,23900
2019-12-09,13.53,23900,0(0.00 %),0,0,0,0,23900,23900,23900
2019-12-10,13.53,23900,0(0.00 %),0,0,0,0,23900,23900,23900
2019-12-11,13.53,23900,0(0.00 %),0,0,0,0,23900,23900,23900
2019-12-12,13.36,23600,-0.3(-1.26 %),2850,66000000,0,0,22250,23800,22250
2019-12-13,13.59,24000,0.4(1.69 %),50,1000000,0,0,24000,24000,24000
2019-12-16,13.59,24000,0(0.00 %),0,0,0,0,24000,24000,24000
2019-12-17,13.59,24000,0(0.00 %),50,1000000,0,0,24000,24000,24000
2019-12-18,13.59,24000,0(0.00 %),0,0,0,0,24000,24000,24000
2019-12-19,13.59,24000,0(0.00 %),0,0,20960,482080000,24000,24000,24000
2019-12-20,13.59,24000,0(0.00 %),0,0,0,0,24000,24000,24000
2019-12-23,13.59,24000,0(0.00 %),50,1000000,0,0,24000,24000,24000
2019-12-24,13.59,24000,0(0.00 %),0,0,0,0,24000,24000,24000
2019-12-25,13.31,23500,-0.5(-2.08 %),17060,389000000,0,0,23300,23500,22400
2019-12-26,13.31,23500,0(0.00 %),300,7000000,0,0,24000,24000,23450
2019-12-27,13.39,23650,0.15(0.64 %),800,19000000,0,0,23650,23650,23650
2019-12-30,14.33,25300,1.65(6.98 %),100,3000000,0,0,24800,25300,24800
2019-12-31,13.34,23550,-1.75(-6.92 %),20,0,0,0,23550,23550,23550
2020-01-02,13.31,23500,-0.05(-0.21 %),70,2000000,0,0,25000,25000,23500
2020-01-03,13.25,23400,-0.1(-0.43 %),10,0,0,0,23400,23400,23400
2020-01-06,13.25,23400,0(0.00 %),0,0,0,0,23400,23400,23400
2020-01-07,12.46,22000,-1.4(-5.98 %),3210,71000000,0,0,22050,22050,22000
2020-01-08,12.46,22000,0(0.00 %),5550,122000000,0,0,21950,22000,21950
2020-01-09,12.46,22000,0(0.00 %),20,0,0,0,23500,23500,22000
2020-01-10,12.37,21850,-0.15(-0.68 %),60,1000000,0,0,21950,21950,21850
2020-01-13,13.22,23350,1.5(6.86 %),10,0,0,0,23350,23350,23350
2020-01-14,12.43,21950,-1.4(-6.00 %),40,1000000,0,0,23000,23000,21950
2020-01-15,12.32,21750,-0.2(-0.91 %),960,20000000,0,0,21250,21750,21000
2020-01-16,11.47,20250,-1.5(-6.90 %),130,3000000,0,0,22900,22900,20250
2020-01-17,11.27,19900,-0.35(-1.73 %),460,10000000,0,0,21650,21650,19900
2020-01-20,12.0,21200,1.3(6.53 %),4640,98000000,0,0,21250,21250,18650
2020-01-21,12.12,21400,0.2(0.94 %),720,15000000,0,0,22650,22650,21400
2020-01-22,12.94,22850,1.45(6.78 %),730,16000000,0,0,22850,22850,20000
2020-01-30,13.82,24400,1.55(6.78 %),10,0,0,0,24400,24400,24400
2020-01-31,13.59,24000,-0.4(-1.64 %),150,4000000,0,0,26000,26000,22800
2020-02-03,13.0,22950,-1.05(-4.38 %),70,2000000,0,0,22950,22950,22350
2020-02-04,13.79,24350,1.4(6.10 %),80,2000000,0,0,24500,24550,24350
2020-02-05,12.83,22650,-1.7(-6.98 %),310,7000000,0,0,23800,23800,22650
2020-02-06,13.31,23500,0.85(3.75 %),230,5000000,0,0,23500,23500,23450
2020-02-07,13.31,23500,0(0.00 %),0,0,0,0,23500,23500,23500
2020-02-10,12.74,22500,-1(-4.26 %),80,2000000,0,0,22500,22500,22500
2020-02-11,13.02,23000,0.5(2.22 %),140,3000000,0,0,23000,23000,22900
2020-02-12,12.97,22900,-0.1(-0.43 %),160,4000000,0,0,22900,22900,22900
2020-02-13,12.97,22900,0(0.00 %),160,4000000,0,0,23900,23900,22900
2020-02-14,13.45,23750,0.85(3.71 %),140,3000000,0,0,24400,24400,23750
2020-02-17,13.45,23750,0(0.00 %),120,3000000,0,0,23750,23750,23750
2020-02-18,14.1,24900,1.15(4.84 %),10,0,0,0,24900,24900,24900
2020-02-19,14.1,24900,0(0.00 %),10,0,0,0,24900,24900,24900
2020-02-20,14.1,24900,0(0.00 %),0,0,0,0,24900,24900,24900
2020-02-21,14.1,24900,0(0.00 %),0,0,0,0,24900,24900,24900
2020-02-24,13.14,23200,-1.7(-6.83 %),20,0,0,0,23500,23500,23200
2020-02-25,13.31,23500,0.3(1.29 %),390,9000000,0,0,23900,23900,23400
2020-02-26,13.31,23500,0(0.00 %),0,0,0,0,23500,23500,23500
2020-02-27,13.31,23500,0(0.00 %),0,0,0,0,23500,23500,23500
2020-02-28,12.4,21900,-1.6(-6.81 %),370,8000000,0,0,21900,23300,21900
2020-03-02,13.02,23000,1.1(5.02 %),280,6000000,0,0,23000,23000,21000
2020-03-03,12.46,22000,-1(-4.35 %),3670,79000000,0,0,24000,24000,21400
2020-03-04,12.46,22000,0(0.00 %),4580,101000000,0,0,23500,23500,22000
2020-03-05,12.74,22500,0.5(2.27 %),2360,54000000,0,0,23400,23500,22500
2020-03-06,12.85,22700,0.2(0.89 %),970,22000000,0,0,23950,23950,22700
2020-03-09,12.68,22400,-0.3(-1.32 %),9810,208000000,0,0,21300,22700,21150
2020-03-10,12.74,22500,0.1(0.45 %),50,1000000,0,0,22500,22500,22500
2020-03-11,13.62,24050,1.55(6.89 %),50,1000000,0,0,24050,24050,24050
2020-03-12,12.97,22900,-1.15(-4.78 %),660,15000000,0,0,22400,22900,22400
2020-03-13,12.97,22900,0(0.00 %),0,0,0,0,22900,22900,22900
2020-03-16,13.0,22950,0.05(0.22 %),950,21000000,0,0,23000,23000,21350
2020-03-17,13.0,22950,0(0.00 %),0,0,0,0,22950,22950,22950
2020-03-18,12.74,22500,-0.45(-1.96 %),650,14000000,0,0,23400,23400,21400
2020-03-19,12.57,22200,-0.3(-1.33 %),100,2000000,0,0,22200,22200,22200
2020-03-20,12.8,22600,0.4(1.80 %),1250,26000000,0,0,20700,22900,20650
2020-03-23,12.97,22900,0.3(1.33 %),260,6000000,0,0,21100,23200,21100
2020-03-24,12.97,22900,0(0.00 %),0,0,0,0,22900,22900,22900
2020-03-25,12.06,21300,-1.6(-6.99 %),140,3000000,0,0,21300,21300,21300
2020-03-26,12.34,21800,0.5(2.35 %),80,2000000,0,0,22400,22400,21800
2020-03-27,12.43,21950,0.15(0.69 %),130,3000000,0,0,22400,22400,20300
2020-03-30,12.23,21600,-0.35(-1.59 %),980,20000000,0,0,20450,21850,20450
2020-03-31,12.17,21500,-0.1(-0.46 %),2380,51000000,0,0,21600,21600,20150
2020-04-01,12.17,21500,0(0.00 %),170,4000000,0,0,20500,21500,20500
2020-04-03,12.06,21300,-0.2(-0.93 %),420,9000000,0,0,21000,21300,21000
2020-04-06,12.06,21300,0(0.00 %),0,0,0,0,21300,21300,21300
2020-04-07,12.0,21200,-0.1(-0.47 %),660,14000000,0,0,19850,21200,19850
2020-04-08,12.17,21500,0.3(1.42 %),440,9000000,0,0,22000,22000,21000
2020-04-09,12.0,21200,-0.3(-1.40 %),50,1000000,0,0,20100,21500,20100
2020-04-10,11.98,21150,-0.05(-0.24 %),70,1000000,0,0,21950,21950,21000
2020-04-13,12.46,22000,0.85(4.02 %),10,0,0,0,22000,22000,22000
2020-04-14,12.0,21200,-0.8(-3.64 %),860,18000000,0,0,20500,21900,20500
2020-04-15,12.83,22650,1.45(6.84 %),80,2000000,0,0,21950,22650,21950
2020-04-16,12.37,21850,-0.8(-3.53 %),670,14000000,0,0,21100,22000,21100
2020-04-17,13.22,23350,1.5(6.86 %),620,14000000,0,0,21800,23350,21800
2020-04-20,14.04,24800,1.45(6.21 %),960,22000000,0,0,23000,24950,23000
2020-04-21,13.56,23950,-0.85(-3.43 %),260,6000000,0,0,24000,24000,23800
2020-04-22,13.56,23950,0(0.00 %),0,0,0,0,23950,23950,23950
2020-04-23,14.44,25500,1.55(6.47 %),70,2000000,0,0,25500,25500,25500
2020-04-24,14.44,25500,0(0.00 %),4200,102000000,0,0,23750,25500,23750
2020-04-27,14.44,25500,0(0.00 %),0,0,0,0,25500,25500,25500
2020-04-28,14.44,25500,0(0.00 %),710,18000000,0,0,25800,27250,25000
2020-04-29,13.84,24450,-1.05(-4.12 %),1070,26000000,0,0,24450,25400,24450
2020-05-04,14.81,26150,1.7(6.95 %),140,4000000,0,0,25400,26150,25400
2020-05-05,13.79,24350,-1.8(-6.88 %),1210,29000000,0,0,24800,24800,24350
2020-05-06,13.73,24250,-0.1(-0.41 %),30,1000000,0,0,24350,24350,24250
2020-05-07,13.59,24000,-0.25(-1.03 %),70,2000000,0,0,24250,24250,24000
2020-05-08,13.56,23950,-0.05(-0.21 %),30,1000000,0,0,23950,23950,23950
2020-05-11,13.56,23950,0(0.00 %),0,0,0,0,23950,23950,23950
2020-05-12,14.5,25600,1.65(6.89 %),10,0,0,0,25600,25600,25600
2020-05-13,14.38,25400,-0.2(-0.78 %),10,0,0,0,25400,25400,25400
2020-05-14,13.87,24500,-0.9(-3.54 %),240,6000000,0,0,24950,24950,24500
2020-05-15,13.56,23950,-0.55(-2.24 %),200,5000000,0,0,23950,23950,23950
2020-05-18,13.56,23950,0(0.00 %),0,0,0,0,23950,23950,23950
2020-05-19,14.38,25400,1.45(6.05 %),3610,83000000,0,0,23000,25600,23000
2020-05-20,14.38,25400,0(0.00 %),0,0,0,0,25400,25400,25400
2020-05-21,13.39,23650,-1.75(-6.89 %),12200,290000000,0,0,23900,25000,23650
2020-05-22,13.39,23650,0(0.00 %),5140,117000000,0,0,24700,24700,22000
2020-05-25,13.7,24200,0.55(2.33 %),130,3000000,0,0,24500,24500,24000
2020-05-26,13.87,24500,0.3(1.24 %),80,2000000,0,0,25800,25800,24500
2020-05-27,13.53,23900,-0.6(-2.45 %),1210,29000000,0,0,24500,24500,22800
2020-05-28,13.53,23900,0(0.00 %),5150,123000000,0,0,24000,24000,23800
2020-05-29,13.51,23850,-0.05(-0.21 %),2050,49000000,0,0,24000,24000,23850
2020-06-01,13.7,24200,0.35(1.47 %),4750,114000000,0,0,24000,25000,23900
2020-06-02,13.59,24000,-0.2(-0.83 %),2290,54000000,0,0,25000,25000,23000
2020-06-03,13.56,23950,-0.05(-0.21 %),4860,115000000,0,0,25000,25000,23500
2020-06-04,14.38,23800,-0.15(-0.63 %),1190,28000000,0,0,23950,23950,23000
2020-06-05,14.5,24000,0.2(0.84 %),620,14000000,0,0,22500,24000,22500
2020-06-08,13.5,22350,-1.65(-6.87 %),1490,34000000,0,0,22500,23500,22350
2020-06-09,13.53,22400,0.05(0.22 %),4550,100000000,0,0,22200,22750,20850
2020-06-10,13.98,23150,0.75(3.35 %),6200,138000000,0,0,22400,23200,22000
2020-06-11,13.92,23050,-0.1(-0.43 %),5530,127000000,0,0,23400,23400,22800
2020-06-12,13.77,22800,-0.25(-1.08 %),1690,37000000,0,0,21450,22900,21450
2020-06-15,13.89,23000,0.2(0.88 %),200,5000000,0,0,23000,23000,23000
2020-06-16,13.71,22700,-0.3(-1.30 %),230,5000000,0,0,21400,23000,21400
2020-06-17,13.53,22400,-0.3(-1.32 %),80,2000000,0,0,22400,22400,21200
2020-06-18,13.53,22400,0(0.00 %),0,0,0,0,22400,22400,22400
2020-06-19,13.41,22200,-0.2(-0.89 %),330,7000000,0,0,22250,22250,22200
2020-06-22,13.65,22600,0.4(1.80 %),2060,46000000,0,0,22000,22800,22000
2020-06-23,13.56,22450,-0.15(-0.66 %),110,2000000,0,0,21400,22450,21100
2020-06-24,13.56,22450,0(0.00 %),0,0,0,0,22450,22450,22450
2020-06-25,13.5,22350,-0.1(-0.45 %),1800,40000000,0,0,21950,22450,21950
2020-06-26,13.71,22700,0.35(1.57 %),430,10000000,0,0,22850,23000,22500
2020-06-29,12.78,21150,-1.55(-6.83 %),60,1000000,0,0,23500,23500,21150
2020-06-30,13.65,22600,1.45(6.86 %),850,19000000,0,0,21150,22600,21150
2020-07-01,13.56,22450,-0.15(-0.66 %),1580,34000000,0,0,21300,23000,21050
2020-07-02,13.56,22450,0(0.00 %),9680,218000000,0,0,23000,23000,22450
2020-07-03,12.72,21050,-1.4(-6.24 %),90,2000000,0,0,22500,23000,21050
2020-07-06,13.29,22000,0.95(4.51 %),7920,175000000,0,0,22400,22500,22000
2020-07-07,13.29,22000,0(0.00 %),3990,88000000,0,0,22200,22200,22000
2020-07-08,13.59,22500,0.5(2.27 %),13430,295000000,0,0,21950,22500,21950
2020-07-09,13.5,22350,-0.15(-0.67 %),8040,177000000,0,0,22000,22400,22000
2020-07-10,13.59,22500,0.15(0.67 %),10420,229000000,0,0,22000,22500,22000
2020-07-13,13.89,23000,0.5(2.22 %),30,1000000,0,0,23000,23000,23000
2020-07-14,13.65,22600,-0.4(-1.74 %),3530,77000000,0,0,22000,23000,21500
2020-07-15,13.89,23000,0.4(1.77 %),10,0,0,0,23000,23000,23000
2020-07-16,13.89,23000,0(0.00 %),520,12000000,0,0,22000,23000,22000
2020-07-17,13.53,22400,-0.6(-2.61 %),22350,492000000,0,0,22500,22500,22000
2020-07-20,12.84,21250,-1.15(-5.13 %),11240,247000000,0,0,21250,22000,21250
2020-07-21,13.29,22000,0.75(3.53 %),70,2000000,0,0,22000,22000,22000
2020-07-22,13.29,22000,0(0.00 %),38090,826000000,0,0,20500,22900,20500
2020-07-23,13.29,22000,0(0.00 %),110,2000000,0,0,22500,22900,22000
2020-07-24,13.83,22900,0.9(4.09 %),40,1000000,0,0,22900,22900,20600
2020-07-27,13.71,22700,-0.2(-0.87 %),180,4000000,0,0,21300,22700,21300
2020-07-28,12.99,21500,-1.2(-5.29 %),40,1000000,0,0,21500,21500,21500
2020-07-29,13.2,21850,0.35(1.63 %),2070,42000000,0,0,22400,22400,20000
2020-07-30,13.44,22250,0.4(1.83 %),10,0,0,0,22250,22250,22250
2020-07-31,13.29,22000,-0.25(-1.12 %),40,1000000,0,0,22000,22000,22000
2020-08-03,13.53,22400,0.4(1.82 %),18390,377000000,0,0,20500,22400,20500
2020-08-04,12.59,20850,-1.55(-6.92 %),6590,137000000,0,0,20850,20900,20850
2020-08-05,13.05,21600,0.75(3.60 %),1370,29000000,0,0,20850,21600,20850
2020-08-06,12.63,20900,-0.7(-3.24 %),11230,226000000,0,0,20100,21550,20100
2020-08-07,12.14,20100,-0.8(-3.83 %),12740,249000000,0,0,20300,20400,19450
2020-08-10,12.11,20050,-0.05(-0.25 %),24400,460000000,0,0,20100,20100,18700
2020-08-11,11.72,19400,-0.65(-3.24 %),9490,178000000,0,0,19000,19500,18650
2020-08-12,12.5,20700,1.3(6.70 %),6400,124000000,0,0,19150,20750,19000
2020-08-13,11.66,19300,-1.4(-6.76 %),14110,273000000,0,0,20650,20700,19300
2020-08-14,11.48,19000,-0.3(-1.55 %),1510,29000000,0,0,19300,19300,19000
2020-08-17,10.9,18050,-0.95(-5.00 %),430,8000000,0,0,18050,20100,17800
2020-08-18,11.66,19300,1.25(6.93 %),4990,95000000,0,0,18100,19300,18100
2020-08-19,12.17,20150,0.85(4.40 %),4050,78000000,0,0,20650,20650,19100
2020-08-20,12.05,19950,-0.2(-0.99 %),4360,83000000,0,0,20000,20000,18900
2020-08-21,11.81,19550,-0.4(-2.01 %),2410,46000000,0,0,18700,19650,18700
2020-08-24,11.66,19300,-0.25(-1.28 %),2810,53000000,0,0,19300,19300,18400
2020-08-25,11.9,19700,0.4(2.07 %),2000,39000000,0,0,19500,20000,19450
2020-08-26,11.9,19700,0(0.00 %),5290,104000000,0,0,19550,19700,19500
2020-08-27,11.78,19500,-0.2(-1.02 %),630,12000000,0,0,19000,19600,19000
2020-08-28,11.3,18700,-0.8(-4.10 %),6100,119000000,0,0,19500,19500,18700
2020-08-31,11.69,19350,0.65(3.48 %),4110,81000000,0,0,18700,20000,18700
2020-09-01,12.08,20000,0.65(3.36 %),3350,66000000,0,0,20000,20000,19500
2020-09-03,11.63,19250,-0.75(-3.75 %),980,19000000,0,0,20000,20000,19100
2020-09-04,11.48,19000,-0.25(-1.30 %),17880,340000000,0,0,19000,19450,18800
2020-09-07,11.48,19000,0(0.00 %),1960,37000000,0,0,19300,19300,19000
2020-09-08,11.75,19450,0.45(2.37 %),11700,220000000,0,0,19450,19450,18800
2020-09-09,11.72,19400,-0.05(-0.26 %),4470,85000000,0,0,19400,19400,19000
2020-09-10,11.48,19000,-0.4(-2.06 %),12030,229000000,0,0,19000,19000,19000
2020-09-11,11.6,19200,0.2(1.05 %),8550,161000000,0,0,18900,19300,18700
2020-09-14,11.48,19000,-0.2(-1.04 %),1020,19000000,0,0,19200,19200,18700
2020-09-15,11.3,18700,-0.3(-1.58 %),5540,104000000,0,0,19000,19000,18700
2020-09-16,11.3,18700,0(0.00 %),3200,60000000,0,0,18850,18850,18700
2020-09-17,11.3,18700,0(0.00 %),6360,117000000,0,0,18700,18700,18400
2020-09-18,11.3,18700,0(0.00 %),12740,235000000,0,0,18650,18700,18400
2020-09-21,11.18,18500,-0.2(-1.07 %),2640,49000000,0,0,18500,18600,18500
2020-09-22,11.27,18650,0.15(0.81 %),12320,225000000,0,0,18250,18650,18200
2020-09-23,11.3,18700,0.05(0.27 %),2490,46000000,0,0,18500,18700,18500
2020-09-24,11.33,18750,0.05(0.27 %),14840,274000000,0,0,18700,18900,18300
2020-09-25,11.36,18800,0.05(0.27 %),20,0,0,0,18800,18800,18800
2020-09-28,11.3,18700,-0.1(-0.53 %),5790,107000000,0,0,18800,18800,18300
2020-09-29,11.02,18250,-0.45(-2.41 %),40430,723000000,0,0,18800,18800,17500
2020-09-30,11.02,18250,0(0.00 %),11280,199000000,0,0,17600,18250,17500
2020-10-01,10.78,17850,-0.4(-2.19 %),2290,41000000,0,0,18250,18250,17700
2020-10-02,10.75,17800,-0.05(-0.28 %),1890,34000000,0,0,17850,18150,17750
2020-10-05,10.75,17800,0(0.00 %),4260,75000000,0,0,18000,18000,17450
2020-10-06,10.87,18000,0.2(1.12 %),4550,80000000,0,0,17600,18000,17500
2020-10-07,10.87,18000,0(0.00 %),2410,43000000,0,0,17800,18000,17600
2020-10-08,10.87,18000,0(0.00 %),7890,142000000,0,0,18000,18200,17600
2020-10-09,10.93,18100,0.1(0.56 %),1800,32000000,0,0,18000,18900,18000
2020-10-12,10.87,18000,-0.1(-0.55 %),430,8000000,0,0,18100,18100,18000
2020-10-13,10.6,17550,-0.45(-2.50 %),1090,19000000,0,0,17550,18000,17400
2020-10-14,10.84,17950,0.4(2.28 %),1970,35000000,0,0,17600,17950,17500
2020-10-15,10.75,17800,-0.15(-0.84 %),130,2000000,0,0,17400,17850,17400
2020-10-16,10.6,17550,-0.25(-1.40 %),240,4000000,0,0,18000,18100,17550
2020-10-19,10.84,17950,0.4(2.28 %),1620,29000000,0,0,18150,18150,17500
2020-10-20,10.84,17950,0(0.00 %),150,3000000,0,0,17500,17950,17500
2020-10-21,10.54,17450,-0.5(-2.79 %),900,16000000,0,0,17450,17450,17450
2020-10-22,10.75,17800,0.35(2.01 %),4230,74000000,0,0,17500,17850,17400
2020-10-23,10.48,17350,-0.45(-2.53 %),150,3000000,0,0,17450,17800,17350
2020-10-26,10.75,17800,0.45(2.59 %),270,5000000,0,0,17350,17800,17350
2020-10-27,10.75,17800,0(0.00 %),0,0,0,0,17800,17800,17800
2020-10-28,10.51,17400,-0.4(-2.25 %),830,14000000,0,0,17800,17800,17300
2020-10-29,10.96,18150,0.75(4.31 %),390,6000000,0,0,16200,18150,16200
2020-10-30,10.69,17700,-0.45(-2.48 %),680,12000000,0,0,17100,17900,17100
2020-11-02,10.69,17700,0(0.00 %),4160,71000000,0,0,17500,17700,16600
2020-11-03,10.21,16900,-0.8(-4.52 %),180,3000000,0,0,16800,17450,16800
2020-11-04,10.39,17200,0.3(1.78 %),3020,51000000,0,0,16900,17400,16700
2020-11-05,10.39,17200,0(0.00 %),560,9000000,0,0,16100,17500,16100
2020-11-06,10.45,17300,0.1(0.58 %),320,6000000,0,0,17750,17750,17000
2020-11-09,10.33,17100,-0.2(-1.16 %),2110,36000000,0,0,17000,17150,17000
2020-11-10,10.48,17350,0.25(1.46 %),320,5000000,0,0,17100,17700,17100
2020-11-11,10.48,17350,0(0.00 %),160,3000000,0,0,17250,17350,17100
2020-11-12,10.51,17400,0.05(0.29 %),1020,17000000,0,0,17600,17600,16650
2020-11-13,10.51,17400,0(0.00 %),220,4000000,0,0,17400,17400,16800
2020-11-16,10.51,17400,0(0.00 %),2450,42000000,0,0,17000,17400,17000
2020-11-17,10.45,17300,-0.1(-0.57 %),540,9000000,0,0,16600,17300,16600
2020-11-18,10.45,17300,0(0.00 %),1330,22000000,0,0,17000,17300,16650
2020-11-19,10.12,16750,-0.55(-3.18 %),3090,53000000,0,0,17250,17300,16750
2020-11-20,10.27,17000,0.25(1.49 %),4010,67000000,0,0,16750,17000,16500
2020-11-23,10.27,17000,0(0.00 %),210,4000000,0,0,17000,17000,17000
2020-11-24,10.42,17250,0.25(1.47 %),3020,51000000,0,0,17350,17350,16600
2020-11-25,10.27,17000,-0.25(-1.45 %),3130,54000000,0,0,17000,17250,17000
2020-11-26,10.27,17000,0(0.00 %),2030,35000000,0,0,17000,17200,17000
2020-11-27,10.27,17000,0(0.00 %),1950,33000000,0,0,17000,17000,17000
2020-11-30,10.3,17050,0.05(0.29 %),3090,54000000,0,0,17350,17350,17050
2020-12-01,10.33,17100,0.05(0.29 %),5850,101000000,0,0,17250,17250,17100
2020-12-02,10.06,16650,-0.45(-2.63 %),970,17000000,0,0,17100,17100,16650
2020-12-03,10.27,17000,0.35(2.10 %),1310,22000000,0,0,17400,17400,16700
2020-12-04,10.27,17000,0(0.00 %),0,0,0,0,17000,17000,17000
2020-12-07,10.21,16900,-0.1(-0.59 %),910,15000000,0,0,16900,16900,16800
2020-12-08,10.27,17000,0.1(0.59 %),2070,35000000,0,0,16900,17000,16600
2020-12-09,10.15,16800,-0.2(-1.18 %),660,11000000,0,0,16800,17050,16800
2020-12-10,10.27,17000,0.2(1.19 %),1820,31000000,0,0,16900,17000,16900
2020-12-11,10.09,16700,-0.3(-1.76 %),20,0,0,0,17000,17000,16700
2020-12-14,10.09,16700,0(0.00 %),6530,109000000,0,0,16750,16750,16700
2020-12-15,10.3,17050,0.35(2.10 %),870,15000000,0,0,16600,17050,16600
2020-12-16,10.36,17150,0.1(0.59 %),2500,43000000,0,0,17050,17150,17050
2020-12-17,10.36,17150,0(0.00 %),190,3000000,0,0,17100,17150,17100
2020-12-18,10.21,16900,-0.25(-1.46 %),430,7000000,0,0,16900,16900,16900
2020-12-21,10.39,17200,0.3(1.78 %),2440,42000000,0,0,17350,17350,17000
2020-12-22,10.39,17200,0(0.00 %),0,0,0,0,17200,17200,17200
2020-12-23,10.33,17100,-0.1(-0.58 %),960,17000000,0,0,16800,17650,16800
2020-12-24,10.18,16850,-0.25(-1.46 %),1080,18000000,0,0,17000,17000,16850
2020-12-25,10.39,17200,0.35(2.08 %),1000,17000000,0,0,17000,17200,16800
2020-12-28,10.39,17200,0(0.00 %),5000,86000000,0,0,17200,17200,17200
2020-12-29,10.33,17100,-0.1(-0.58 %),250,4000000,0,0,17100,17100,17100
2020-12-30,10.42,17250,0.15(0.88 %),2200,38000000,0,0,17100,17250,17100
2020-12-31,10.33,17100,-0.15(-0.87 %),460,8000000,0,0,17650,17650,17100
2021-01-04,10.42,17250,0.15(0.88 %),1800,31000000,0,0,17250,17300,17250
2021-01-05,10.33,17100,-0.15(-0.87 %),3500,60000000,0,0,17250,17250,17100
2021-01-06,10.39,17200,0.1(0.58 %),100,2000000,0,0,17200,17200,17200
2021-01-07,10.54,17450,0.25(1.45 %),6200,107000000,0,0,17300,17450,17300
2021-01-08,10.39,17200,-0.25(-1.43 %),900,15000000,0,0,17350,17350,17200
2021-01-11,10.63,17600,0.4(2.33 %),2100,37000000,0,0,17150,18400,17050
2021-01-12,10.36,17150,-0.45(-2.56 %),200,4000000,0,0,18400,18400,17150
2021-01-13,10.93,18100,0.95(5.54 %),9100,163000000,0,0,17300,18350,17300
2021-01-14,11.11,18400,0.3(1.66 %),14600,269000000,0,0,18250,18400,17700
2021-01-15,11.18,18500,0.1(0.54 %),200,4000000,0,0,19200,19200,18500
2021-01-18,11.24,18600,0.1(0.54 %),600,11000000,0,0,19750,19750,18600
2021-01-19,10.45,17300,-1.3(-6.99 %),7100,125000000,0,0,17800,17800,17300
2021-01-20,10.69,17700,0.4(2.31 %),1700,30000000,0,0,18400,18400,17700
2021-01-21,10.69,17700,0(0.00 %),7500,133000000,0,0,17750,17750,17700
2021-01-22,10.81,17900,0.2(1.13 %),9500,169000000,0,0,17700,18500,17700
2021-01-25,10.99,18200,0.3(1.68 %),1800,33000000,0,0,18300,18300,17700
2021-01-26,10.33,17100,-1.1(-6.04 %),3600,62000000,0,0,17700,17700,17050
2021-01-27,10.33,17100,0(0.00 %),600,11000000,0,0,18000,18000,17100
2021-01-28,9.67,16000,-1.1(-6.43 %),6500,106000000,0,0,16800,16850,16000
2021-01-29,10.27,17000,1(6.25 %),1600,27000000,0,0,17000,17000,16900
2021-02-01,10.63,17600,0.6(3.53 %),3600,62000000,0,0,17000,17700,16700
2021-02-02,10.63,17600,0(0.00 %),0,0,0,0,17600,17600,17600
2021-02-03,10.66,17650,0.05(0.28 %),900,16000000,0,0,17000,17750,17000
2021-02-04,10.66,17650,0(0.00 %),100,2000000,0,0,17650,17650,17650
2021-02-05,10.72,17750,0.1(0.57 %),5200,86000000,0,0,16500,17750,16450
2021-02-08,10.72,17750,0(0.00 %),0,0,0,0,17750,17750,17750
2021-02-09,11.05,18300,0.55(3.10 %),3300,60000000,0,0,17750,18300,17750
2021-02-17,11.05,18300,0(0.00 %),100,2000000,0,0,18300,18300,18300
2021-02-18,11.15,18450,0.15(0.82 %),200,4000000,0,0,18550,18550,18450
2021-02-19,11.21,18550,0.1(0.54 %),1300,23000000,0,0,17300,18550,17300
2021-02-22,11.18,18500,-0.05(-0.27 %),200,4000000,0,0,19650,19650,18500
2021-02-23,11.08,18350,-0.15(-0.81 %),3400,62000000,0,0,18000,19550,18000
2021-02-24,11.75,19450,1.1(5.99 %),100,2000000,0,0,19450,19450,19450
2021-02-25,10.93,18100,-1.35(-6.94 %),13400,243000000,0,0,18100,18100,18100
2021-02-26,10.36,17150,-0.95(-5.25 %),4600,79000000,0,0,18100,18100,17100
2021-03-01,10.39,17200,0.05(0.29 %),900,15000000,0,0,18200,18200,16350
2021-03-02,10.42,17250,0.05(0.29 %),200,3000000,0,0,17300,17300,17250
2021-03-03,11.15,18450,1.2(6.96 %),15800,285000000,0,0,17950,18450,17950
2021-03-04,10.54,17450,-1(-5.42 %),10600,187000000,0,0,18500,18600,17450
2021-03-05,11.21,18550,1.1(6.30 %),500,9000000,0,0,18600,18600,18550
2021-03-08,10.9,18050,-0.5(-2.70 %),1100,20000000,0,0,18050,18050,18000
2021-03-09,10.96,18150,0.1(0.55 %),13200,240000000,0,0,18550,19000,18050
2021-03-10,10.81,17900,-0.25(-1.38 %),1900,34000000,0,0,18200,18200,17350
2021-03-11,11.18,18500,0.6(3.35 %),5300,97000000,0,0,17650,18500,17550
2021-03-12,11.05,18300,-0.2(-1.08 %),2400,43000000,0,0,17700,18300,17700
2021-03-15,10.96,18150,-0.15(-0.82 %),14700,269000000,0,0,17750,18500,17750
2021-03-16,10.96,18150,0(0.00 %),4100,74000000,0,0,18200,18200,18100
2021-03-17,11.08,18350,0.25(1.38 %),10100,185000000,0,0,18100,18900,18100
2021-03-18,11.48,19000,0.65(3.54 %),200,4000000,0,0,19100,19100,19000
2021-03-19,10.99,18200,-0.8(-4.21 %),200,4000000,0,0,18200,18200,18200
2021-03-22,11.18,18500,0.3(1.65 %),4700,88000000,0,0,19000,19000,18500
2021-03-23,11.18,18500,0(0.00 %),8200,154000000,0,0,18850,18850,18400
2021-03-24,10.87,18000,-0.5(-2.70 %),41700,770000000,0,0,18850,18900,18000
2021-03-25,11.45,18950,0.95(5.28 %),15800,291000000,0,0,18950,18950,18000
2021-03-26,11.42,18900,-0.05(-0.26 %),1700,32000000,0,0,19050,19050,18900
2021-03-29,11.48,19000,0.1(0.53 %),2300,44000000,0,0,18900,19350,18900
2021-03-30,11.08,18350,-0.65(-3.42 %),17700,335000000,0,0,19150,19150,18200
2021-03-31,11.42,18900,0.55(3.00 %),11000,205000000,0,0,18400,18900,18400
2021-04-01,11.02,18250,-0.65(-3.44 %),200,4000000,0,0,18100,18250,18100
2021-04-02,11.42,18900,0.65(3.56 %),2300,42000000,0,0,18300,18900,18300
2021-04-05,11.02,18250,-0.65(-3.44 %),500,9000000,0,0,18900,18900,17900
2021-04-06,11.18,18500,0.25(1.37 %),600,11000000,0,0,18300,18500,18300
2021-04-07,11.24,18600,0.1(0.54 %),24600,459000000,0,0,18300,18900,18050
2021-04-08,11.24,18600,0(0.00 %),0,0,0,0,18600,18600,18600
2021-04-09,11.05,18300,-0.3(-1.61 %),100,2000000,0,0,18300,18300,18300
2021-04-12,11.05,18300,0(0.00 %),200,4000000,0,0,18300,18300,18300
2021-04-13,11.42,18900,0.6(3.28 %),1000,19000000,0,0,18900,18900,18900
2021-04-14,11.48,19000,0.1(0.53 %),10900,207000000,0,0,18700,19100,18700
2021-04-15,11.78,19500,0.5(2.63 %),3100,60000000,0,0,19000,19500,19000
2021-04-16,11.48,19000,-0.5(-2.56 %),1300,25000000,0,0,19000,19500,19000
2021-04-19,11.48,19000,0(0.00 %),1500,29000000,0,0,19000,19000,19000
2021-04-20,11.48,19000,0(0.00 %),1100,21000000,0,0,18300,19000,18300
2021-04-22,11.54,19100,0.1(0.53 %),8100,157000000,0,0,19000,20300,18800
2021-04-23,11.42,18900,-0.2(-1.05 %),23700,451000000,0,0,19000,19100,18900
2021-04-26,12.08,20000,1.1(5.82 %),200,4000000,0,0,19200,20000,19200
2021-04-27,11.72,19400,-0.6(-3.00 %),2000,39000000,0,0,19500,19500,19400
2021-04-28,11.72,19400,0(0.00 %),0,0,0,0,19400,19400,19400
2021-04-29,11.72,19400,0(0.00 %),1100,21000000,0,0,19400,19400,19400
2021-05-04,11.66,19300,-0.1(-0.52 %),300,6000000,0,0,19100,19300,19100
2021-05-05,12.08,20000,0.7(3.63 %),300,6000000,0,0,19300,20000,19300
2021-05-06,12.08,20000,0(0.00 %),0,0,0,0,20000,20000,20000
2021-05-07,11.72,19400,-0.6(-3.00 %),700,14000000,0,0,20950,20950,19400
2021-05-10,11.72,19400,0(0.00 %),600,12000000,0,0,19400,19400,19400
2021-05-11,11.48,19000,-0.4(-2.06 %),2200,42000000,0,0,19400,19400,19000
2021-05-12,12.2,20200,1.2(6.32 %),1000,19000000,0,0,19100,20200,19100
2021-05-13,12.69,21000,0.8(3.96 %),300,6000000,0,0,21600,21600,21000
2021-05-14,13.29,22000,1(4.76 %),16300,359000000,0,0,22450,22450,20100
2021-05-17,13.83,22900,0.9(4.09 %),800,18000000,0,0,23000,23000,22800
2021-05-18,14.5,24000,1.1(4.80 %),200,5000000,0,0,24000,24000,24000
2021-05-19,13.59,22500,-1.5(-6.25 %),600,14000000,0,0,23100,23100,22500
2021-05-20,12.69,21000,-1.5(-6.67 %),21800,460000000,0,0,20950,23000,20950
2021-05-21,12.69,21000,0(0.00 %),0,0,0,0,21000,21000,21000
2021-05-24,12.69,21000,0(0.00 %),0,0,0,0,21000,21000,21000
2021-05-25,11.9,19700,-1.3(-6.19 %),9300,187000000,0,0,19600,20500,19600
2021-05-26,12.08,20000,0.3(1.52 %),1400,28000000,0,0,20000,20000,20000
2021-05-27,11.81,19550,-0.45(-2.25 %),10400,203000000,0,0,19100,19550,19050
2021-05-28,11.81,19550,0(0.00 %),7400,144000000,0,0,19000,19550,19000
2021-05-31,11.9,19700,0.15(0.77 %),18500,363000000,0,0,19600,19700,19600
2021-06-01,11.9,19700,0(0.00 %),8400,164000000,0,0,19300,19700,19300
2021-06-02,11.9,19700,0(0.00 %),6500,128000000,0,0,19700,19700,19700
2021-06-03,12.08,20000,0.3(1.52 %),3200,64000000,0,0,20450,20450,19750
2021-06-04,12.93,21400,1.4(7.00 %),16600,355000000,0,0,21400,21400,21400
2021-06-07,12.99,21500,0.1(0.47 %),7900,171000000,0,0,22000,22000,21400
2021-06-08,12.99,21500,0(0.00 %),100,2000000,0,0,21500,21500,21500
2021-06-09,12.93,21400,-0.1(-0.47 %),1200,26000000,0,0,21500,21500,21400
2021-06-10,12.69,21000,-0.4(-1.87 %),500,11000000,0,0,21000,21000,21000
2021-06-11,12.38,20500,-0.5(-2.38 %),21000,423000000,0,0,19750,20500,19750
2021-06-14,12.71,19700,-0.8(-3.90 %),11500,224000000,0,0,19500,19700,19500
2021-06-15,12.25,19000,-0.7(-3.55 %),2800,54000000,0,0,19700,19700,19000
2021-06-16,11.8,18300,-0.7(-3.68 %),3500,64000000,0,0,19000,19000,17900
2021-06-17,11.61,18000,-0.3(-1.64 %),6700,121000000,0,0,18200,18200,18000
2021-06-18,12.25,19000,1(5.56 %),18600,344000000,0,0,18500,19000,18500
2021-06-21,12.06,18700,-0.3(-1.58 %),2900,53000000,0,0,18200,18700,18100
2021-06-22,11.8,18300,-0.4(-2.14 %),4900,89000000,0,0,18200,18300,18200
2021-06-23,11.64,18050,-0.25(-1.37 %),600,11000000,0,0,19000,19000,18000
2021-06-24,11.64,18050,0(0.00 %),3900,70000000,0,0,18050,18050,18050
2021-06-25,11.74,18200,0.15(0.83 %),400,7000000,0,0,19000,19000,18200
2021-06-28,11.77,18250,0.05(0.27 %),500,9000000,0,0,18200,18250,18200
2021-06-29,11.87,18400,0.15(0.82 %),400,7000000,0,0,18400,18400,18400
2021-06-30,12.13,18800,0.4(2.17 %),1100,20000000,0,0,18500,18800,18500
2021-07-01,12.13,18800,0(0.00 %),200,4000000,0,0,18800,18800,18800
2021-07-02,12.13,18800,0(0.00 %),5000,92000000,0,0,18050,18800,18050
2021-07-05,12.09,18750,-0.05(-0.27 %),200,3000000,0,0,18750,18750,18750
2021-07-06,12.06,18700,-0.05(-0.27 %),2500,46000000,0,0,18500,18700,18500
2021-07-07,12.06,18700,0(0.00 %),0,0,0,0,18700,18700,18700
2021-07-08,11.61,18000,-0.7(-3.74 %),17600,318000000,0,0,18300,18300,17400
2021-07-09,11.16,17300,-0.7(-3.89 %),500,8000000,0,0,18000,18000,17300
2021-07-12,11.03,17100,-0.2(-1.16 %),5600,95000000,0,0,17300,17300,17100
2021-07-13,11.03,17100,0(0.00 %),0,0,0,0,17100,17100,17100
2021-07-14,11.03,17100,0(0.00 %),0,0,0,0,17100,17100,17100
2021-07-15,11.03,17100,0(0.00 %),400,6000000,0,0,17000,17100,17000
2021-07-16,11.03,17100,0(0.00 %),0,0,0,0,17100,17100,17100
2021-07-19,11.03,17100,0(0.00 %),0,0,0,0,17100,17100,17100
2021-07-20,11.03,17100,0(0.00 %),800,13000000,0,0,17100,17100,17100
2021-07-21,11.77,18250,1.15(6.73 %),300,5000000,0,0,18250,18250,18250
2021-07-22,12.51,19400,1.15(6.30 %),500,9000000,0,0,18500,19400,18500
2021-07-23,12.51,19400,0(0.00 %),0,0,0,0,19400,19400,19400
2021-07-26,12.51,19400,0(0.00 %),0,0,0,0,19400,19400,19400
2021-07-27,12.51,19400,0(0.00 %),0,0,0,0,19400,19400,19400
2021-07-28,12.19,18900,-0.5(-2.58 %),1000,18000000,0,0,18900,18900,18900
2021-07-29,12.0,18600,-0.3(-1.59 %),2300,42000000,0,0,18600,18600,18600
2021-07-30,12.0,18600,0(0.00 %),1200,22000000,0,0,18600,18600,18600
2021-08-02,12.0,18600,0(0.00 %),0,0,0,0,18600,18600,18600
2021-08-03,12.0,18600,0(0.00 %),0,0,0,0,18600,18600,18600
2021-08-04,12.0,18600,0(0.00 %),600,11000000,0,0,18600,18600,18600
2021-08-05,12.51,19400,0.8(4.30 %),500,8000000,0,0,17400,19400,17400
2021-08-06,11.9,18450,-0.95(-4.90 %),200,3000000,0,0,18450,18450,18450
2021-08-09,12.48,19350,0.9(4.88 %),400,7000000,0,0,19400,19400,18450
2021-08-10,13.35,20700,1.35(6.98 %),29600,604000000,0,0,19300,20700,19000
2021-08-11,14.06,21800,1.1(5.31 %),900,19000000,0,0,20500,22100,20500
2021-08-12,14.06,21800,0(0.00 %),1000,21000000,0,0,21800,21800,21800
2021-08-13,13.09,20300,-1.5(-6.88 %),1000,20000000,0,0,20300,20300,20300
2021-08-16,13.87,21500,1.2(5.91 %),1200,23000000,0,0,19100,21500,19100
2021-08-17,13.54,21000,-0.5(-2.33 %),1200,24000000,0,0,20000,21000,20000
2021-08-18,13.54,21000,0(0.00 %),2500,52000000,0,0,20950,21000,20950
2021-08-19,13.54,21000,0(0.00 %),0,0,0,0,21000,21000,21000
2021-08-20,13.54,21000,0(0.00 %),0,0,0,0,21000,21000,21000
2021-08-23,13.54,21000,0(0.00 %),300,6000000,0,0,19800,21000,19800
2021-08-24,13.54,21000,0(0.00 %),500,9000000,0,0,19700,21000,19700
2021-08-25,14.48,22450,1.45(6.90 %),16500,365000000,0,0,21000,22450,21000
2021-08-26,14.83,23000,0.55(2.45 %),6600,144000000,0,0,22450,24000,21200
2021-08-27,15.16,23500,0.5(2.17 %),16000,350000000,0,0,23500,23500,21500
2021-08-30,16.12,25000,1.5(6.38 %),8400,198000000,0,0,23500,25100,23500
2021-08-31,16.77,26000,1(4.00 %),600,15000000,0,0,26750,26750,26000
2021-09-01,16.77,26000,0(0.00 %),0,0,0,0,26000,26000,26000
2021-09-06,15.61,24200,-1.8(-6.92 %),5400,130000000,0,0,24200,24200,24200
2021-09-07,14.54,22550,-1.65(-6.82 %),7400,167000000,0,0,22550,24800,22550
2021-09-08,14.83,23000,0.45(2.00 %),3600,79000000,0,0,23900,23900,21150
2021-09-09,14.83,23000,0(0.00 %),0,0,0,0,23000,23000,23000
2021-09-10,14.06,21800,-1.2(-5.22 %),1800,38000000,0,0,21400,21800,21400
2021-09-13,13.9,21550,-0.25(-1.15 %),4500,93000000,0,0,21100,21750,20300
2021-09-14,13.9,21550,0(0.00 %),0,0,0,0,21550,21550,21550
2021-09-15,13.0,20150,-1.4(-6.50 %),300,6000000,0,0,21550,21550,20150
2021-09-16,13.9,21550,1.4(6.95 %),4800,103000000,0,0,21550,21550,21500
2021-09-17,14.19,22000,0.45(2.09 %),1100,24000000,0,0,22950,22950,21550
2021-09-20,13.32,20650,-1.35(-6.14 %),4200,92000000,0,0,22000,22000,20650
2021-09-21,13.32,20650,0(0.00 %),0,0,0,0,20650,20650,20650
2021-09-22,14.19,22000,1.35(6.54 %),3700,81000000,0,0,21950,22000,21950
2021-09-23,14.19,22000,0(0.00 %),0,0,0,0,22000,22000,22000
2021-09-24,14.19,22000,0(0.00 %),500,11000000,0,0,22000,22000,22000
2021-09-27,14.19,22000,0(0.00 %),0,0,0,0,22000,22000,22000
2021-09-28,14.19,22000,0(0.00 %),0,0,0,0,22000,22000,22000
2021-09-29,14.19,22000,0(0.00 %),0,0,0,0,22000,22000,22000
2021-09-30,13.25,20550,-1.45(-6.59 %),400,8000000,0,0,21000,21000,20550
2021-10-01,13.25,20550,0(0.00 %),0,0,0,0,20550,20550,20550
2021-10-04,12.58,19500,-1.05(-5.11 %),100,1000000,0,0,19500,19500,19500
2021-10-05,12.58,19500,0(0.00 %),1700,33000000,0,0,19500,19600,19500
2021-10-06,12.58,19500,0(0.00 %),0,0,0,0,19500,19500,19500
2021-10-07,12.58,19500,0(0.00 %),600,11000000,0,0,19500,19500,19500
2021-10-08,12.58,19500,0(0.00 %),0,0,0,0,19500,19500,19500
2021-10-11,12.77,19800,0.3(1.54 %),600,11000000,0,0,19800,19800,19800
2021-10-12,13.64,21150,1.35(6.82 %),2600,54000000,0,0,20900,21150,20900
2021-10-13,13.19,20450,-0.7(-3.31 %),5500,117000000,0,0,22400,22400,20450
2021-10-14,13.19,20450,0(0.00 %),5500,112000000,0,0,21500,21800,20450
2021-10-15,13.19,20450,0(0.00 %),6300,128000000,0,0,20450,20500,20450
2021-10-18,13.19,20450,0(0.00 %),0,0,0,0,20450,20450,20450
2021-10-19,13.87,21500,1.05(5.13 %),1600,34000000,0,0,20550,21800,20550
2021-10-20,13.67,21200,-0.3(-1.40 %),200,4000000,0,0,21200,21200,21200
2021-10-21,13.93,21600,0.4(1.89 %),200,4000000,0,0,21600,21600,21600
2021-10-22,13.93,21600,0(0.00 %),0,0,0,0,21600,21600,21600
2021-10-25,13.9,21550,-0.05(-0.23 %),2100,44000000,0,0,21000,21550,21000
2021-10-26,14.45,22400,0.85(3.94 %),36500,802000000,0,0,21550,22600,21550
2021-10-27,14.45,22400,0(0.00 %),9100,204000000,0,0,22500,22600,22400
2021-10-28,14.45,22400,0(0.00 %),200,4000000,0,0,22400,22400,22400
2021-10-29,14.58,22600,0.2(0.89 %),2100,47000000,0,0,22400,22600,22200
2021-11-01,14.58,22600,0(0.00 %),0,0,0,0,22600,22600,22600
2021-11-02,14.83,23000,0.4(1.77 %),1400,32000000,0,0,23200,23200,23000
2021-11-03,14.83,23000,0(0.00 %),500,11000000,0,0,23000,23000,23000
2021-11-04,14.83,23000,0(0.00 %),100,2000000,0,0,23000,23000,23000
2021-11-05,15.16,23500,0.5(2.17 %),16500,387000000,0,0,23500,23500,23000
2021-11-08,14.83,23000,-0.5(-2.13 %),1000,23000000,0,0,23500,23500,23000
2021-11-09,15.16,23500,0.5(2.17 %),7700,182000000,0,0,24500,24600,23500
2021-11-10,15.16,23500,0(0.00 %),2400,55000000,0,0,23500,23500,21900
2021-11-11,15.48,24000,0.5(2.13 %),300,7000000,0,0,23400,24000,23400
2021-11-12,15.48,24000,0(0.00 %),100,2000000,0,0,24000,24000,24000
2021-11-15,15.16,23500,-0.5(-2.08 %),1700,38000000,0,0,22450,23500,22400
2021-11-16,14.77,22900,-0.6(-2.55 %),1000,22000000,0,0,22900,22900,22900
2021-11-17,14.19,22000,-0.9(-3.93 %),3600,80000000,0,0,22900,22950,22000
2021-11-18,15.16,23500,1.5(6.82 %),36700,862000000,0,0,23350,23500,23350
2021-11-19,16.19,25100,1.6(6.81 %),15800,396000000,0,0,25100,25100,24500
2021-11-22,16.77,26000,0.9(3.59 %),6500,168000000,0,0,26000,26000,25900
2021-11-23,16.54,25650,-0.35(-1.35 %),2200,56000000,0,0,26900,26900,25500
2021-11-24,15.54,24100,-1.55(-6.04 %),2600,66000000,0,0,27200,27200,24100
2021-11-25,16.61,25750,1.65(6.85 %),7800,199000000,0,0,25000,25750,25000
2021-11-26,17.41,27000,1.25(4.85 %),800,21000000,0,0,27200,27200,27000
2021-11-29,17.16,26600,-0.4(-1.48 %),11800,316000000,0,0,26900,26900,26500
2021-11-30,16.9,26200,-0.4(-1.50 %),2700,70000000,0,0,26300,26300,26200
2021-12-01,16.77,26000,-0.2(-0.76 %),900,23000000,0,0,26200,26200,26000
2021-12-02,16.77,26000,0(0.00 %),3300,85000000,0,0,26000,26000,26000
2021-12-03,16.12,25000,-1(-3.85 %),1500,37000000,0,0,26000,26000,25000
2021-12-06,16.12,25000,0(0.00 %),600,15000000,0,0,25000,25000,25000
2021-12-07,16.7,25900,0.9(3.60 %),500,12000000,0,0,26000,26000,25900
2021-12-08,16.77,26000,0.1(0.39 %),3600,92000000,0,0,25000,26000,25000
2021-12-09,16.9,26200,0.2(0.77 %),2900,75000000,0,0,25900,26200,25900
2021-12-10,16.9,26200,0(0.00 %),1200,32000000,0,0,26800,26800,26200
2021-12-13,16.83,26100,-0.1(-0.38 %),3200,84000000,0,0,26200,27000,26000
2021-12-14,17.79,26100,1.4(5.67 %),0,0,0,0,26100,26100,26100
2021-12-15,16.42,24250,-2(-7.66 %),700,16000000,0,0,24250,24250,24250
2021-12-16,16.42,24100,0(0.00 %),3400,78000000,0,0,23000,24100,22800
2021-12-17,15.37,22550,-1.55(-6.43 %),4700,106000000,0,0,24100,24100,22550
2021-12-20,16.42,24100,1.55(6.87 %),200,4000000,0,0,23800,24100,23800
2021-12-21,16.42,24100,0(0.00 %),0,0,0,0,24100,24100,24100
2021-12-22,16.22,23800,-0.3(-1.24 %),400,9000000,0,0,23800,23800,23800
2021-12-23,16.08,23600,-0.2(-0.84 %),1400,33000000,0,0,23600,23700,23600
2021-12-24,15.95,23400,-0.2(-0.85 %),200,4000000,0,0,23400,23400,23400
2021-12-27,15.95,23400,0(0.00 %),1800,42000000,0,0,23400,23400,23400
2021-12-28,15.67,23000,-0.4(-1.71 %),200,4000000,0,0,23500,23500,23000
2021-12-29,15.67,23000,0(0.00 %),2300,52000000,0,0,23000,23100,23000
2021-12-30,15.67,23000,0(0.00 %),600,13000000,0,0,23000,23000,23000
2021-12-31,15.67,23000,0(0.00 %),0,0,0,0,23000,23000,23000
2022-01-04,15.67,23000,0(0.00 %),100,2000000,0,0,23000,23000,23000
2022-01-05,16.08,23600,0.6(2.61 %),6700,158000000,0,0,24400,24400,23500
2022-01-06,16.12,23650,0.05(0.21 %),1400,33000000,0,0,23600,23650,23550
2022-01-07,16.08,23600,-0.1(-0.42 %),2500,59000000,0,0,23600,23600,23600
2022-01-10,16.08,23600,0(0.00 %),500,11000000,0,0,23600,23600,23600
2022-01-11,16.08,23600,0(0.00 %),0,0,0,0,23600,23600,23600
2022-01-12,16.08,23600,0(0.00 %),0,0,0,0,23600,23600,23600
2022-01-13,16.08,23600,0(0.00 %),0,0,0,0,23600,23600,23600
2022-01-14,15.06,22100,-1.5(-6.36 %),800,18000000,0,0,23600,23600,22100
2022-01-17,15.06,22100,0(0.00 %),0,0,0,0,22100,22100,22100
2022-01-18,15.06,22100,0(0.00 %),0,0,0,0,22100,22100,22100
2022-01-19,15.06,22100,0(0.00 %),0,0,0,0,22100,22100,22100
2022-01-20,15.88,23300,1.2(5.43 %),600,13000000,0,0,23450,23450,23300
2022-01-21,15.88,23300,0(0.00 %),0,0,0,0,23300,23300,23300
2022-01-24,15.88,23300,0(0.00 %),0,0,0,0,23300,23300,23300
2022-01-25,15.88,23300,0(0.00 %),0,0,0,0,23300,23300,23300
2022-01-26,15.88,23300,0(0.00 %),0,0,0,0,23300,23300,23300
2022-01-27,15.88,23300,0(0.00 %),0,0,0,0,23300,23300,23300
2022-01-28,15.88,23300,0(0.00 %),0,0,0,0,23300,23300,23300
2022-02-07,15.88,23300,0(0.00 %),200,4000000,0,0,23300,23300,23300
2022-02-08,15.67,23000,-0.3(-1.29 %),200,4000000,0,0,23300,23300,23000
2022-02-09,16.22,23800,0.8(3.48 %),100,2000000,0,0,23800,23800,23800
2022-02-10,16.22,23800,0(0.00 %),0,0,0,0,23800,23800,23800
2022-02-11,15.67,23000,-0.8(-3.36 %),900,20000000,0,0,23800,23800,23000
2022-02-14,16.02,23500,0.5(2.17 %),600,14000000,0,0,23800,23800,23500
2022-02-15,16.02,23500,0(0.00 %),200,4000000,0,0,23500,23500,23500
2022-02-16,14.99,22000,-1.5(-6.38 %),700,15000000,0,0,23000,23000,22000
2022-02-17,15.33,22500,0.5(2.27 %),800,18000000,0,0,22500,22500,22500
2022-02-18,15.33,22500,0(0.00 %),1000,22000000,0,0,22500,22500,22500
2022-02-21,15.67,23000,0.5(2.22 %),200,4000000,0,0,23000,23000,23000
2022-02-22,15.67,23000,0(0.00 %),100,2000000,0,0,23000,23000,23000
2022-02-23,15.33,22500,-0.5(-2.17 %),600,13000000,0,0,22500,22500,22500
2022-02-24,14.31,21000,-1.5(-6.67 %),700,14000000,0,0,22500,22500,21000
2022-02-25,15.3,22450,1.45(6.90 %),2500,53000000,0,0,22000,22450,21100
2022-02-28,16.02,23500,1(4.44 %),2400,55000000,0,0,23500,24000,21700
2022-03-01,15.23,22350,-1.15(-4.89 %),3300,74000000,0,0,22550,22550,22350
2022-03-02,14.72,21600,-0.8(-3.57 %),800,17000000,0,0,23400,23400,21600
2022-03-03,15.61,22900,1.3(6.02 %),100,2000000,0,0,22900,22900,22900
2022-03-04,15.67,23000,0.1(0.44 %),100,2000000,0,0,23000,23000,23000
2022-03-07,15.33,22500,-0.5(-2.17 %),186200,4189000000,0,0,22200,22600,21700
2022-03-08,15.47,22700,0.2(0.89 %),1700,38000000,0,0,22700,22700,22700
2022-03-09,15.33,22500,-0.2(-0.88 %),2300,51000000,0,0,22500,22500,22500
2022-03-10,15.33,22500,0(0.00 %),500,11000000,0,0,22500,22500,22500
2022-03-11,15.33,22500,0(0.00 %),1300,29000000,0,0,22200,22500,22200
2022-03-14,15.33,22500,0(0.00 %),100,2000000,0,0,22500,22500,22500
2022-03-15,15.33,22500,0(0.00 %),0,0,0,0,22500,22500,22500
2022-03-16,14.99,22000,-0.5(-2.22 %),100,2000000,0,0,22000,22000,22000
2022-03-17,15.95,23400,1.4(6.36 %),600,14000000,0,0,23500,23500,23400
2022-03-18,16.02,23500,0.1(0.43 %),900,21000000,0,0,23500,23500,23500
2022-03-21,16.02,23500,0(0.00 %),0,0,0,0,23500,23500,23500
2022-03-22,15.23,22350,-1.15(-4.89 %),100,2000000,0,0,22350,22350,22350
2022-03-23,15.88,23300,0.9(4.02 %),500,11000000,0,0,23300,23300,23300
2022-03-24,16.02,23500,0.2(0.86 %),5800,136000000,0,0,23100,23500,23100
2022-03-25,16.02,23500,0(0.00 %),700,16000000,0,0,22900,23500,22900
2022-03-28,17.04,25000,1.5(6.38 %),100,2000000,0,0,25000,25000,25000
2022-03-29,16.02,23500,-1.5(-6.00 %),3300,78000000,0,0,24000,24000,23500
2022-03-30,15.67,23000,-0.5(-2.13 %),1000,23000000,0,0,23000,23000,23000
2022-03-31,15.67,23000,0(0.00 %),0,0,0,0,23000,23000,23000
2022-04-01,15.74,23100,0.1(0.43 %),2300,53000000,0,0,22000,24500,22000
2022-04-04,16.15,23700,0.6(2.60 %),3300,72000000,0,0,22000,23700,22000
2022-04-05,15.4,22600,-1.1(-4.64 %),7700,175000000,0,0,23600,23700,22600
2022-04-06,15.4,22600,0(0.00 %),0,0,0,0,22600,22600,22600
2022-04-07,16.36,24000,1.4(6.19 %),400,9000000,0,0,24000,24000,24000
2022-04-08,16.36,24000,0(0.00 %),0,0,0,0,24000,24000,24000
2022-04-12,16.36,24000,0(0.00 %),0,0,0,0,24000,24000,24000
2022-04-13,16.36,24000,0(0.00 %),0,0,0,0,24000,24000,24000
2022-04-14,16.36,24000,0(0.00 %),0,0,0,0,24000,24000,24000
2022-04-15,16.02,23500,-0.5(-2.08 %),600,13000000,0,0,22500,23500,22500
2022-04-18,15.06,22100,-1.4(-5.96 %),100,2000000,0,0,22100,22100,22100
2022-04-19,14.86,21800,-0.3(-1.36 %),2100,46000000,0,0,22050,22050,21800
2022-04-20,15.06,22100,0.3(1.38 %),200,4000000,0,0,22100,22100,22100
2022-04-21,15.06,22100,0(0.00 %),1200,26000000,0,0,22100,22100,22100
2022-04-22,14.41,21150,-0.95(-4.30 %),1400,29000000,0,0,21000,22100,21000
2022-04-25,14.99,22000,0.8(3.77 %),100,2000000,0,0,22000,22000,22000
2022-04-26,14.99,22000,0(0.00 %),0,0,0,0,22000,22000,22000
2022-04-27,14.99,22000,0(0.00 %),0,0,0,0,22000,22000,22000
2022-04-28,14.99,22000,0(0.00 %),500,11000000,0,0,22000,22000,22000
2022-04-29,14.99,22000,0(0.00 %),100,2000000,0,0,22000,22000,22000
2022-05-04,15.95,23400,1.4(6.36 %),200,4000000,0,0,23400,23400,23400
2022-05-05,16.29,23900,0.5(2.14 %),400,9000000,0,0,23900,23900,23900
2022-05-06,16.29,23900,0(0.00 %),0,0,0,0,23900,23900,23900
2022-05-09,15.16,22250,-1.65(-6.90 %),800,18000000,0,0,23500,23900,22250
2022-05-10,15.33,22500,0.2(0.90 %),100,2000000,0,0,22500,22500,22500
2022-05-11,14.99,22000,-0.5(-2.22 %),200,4000000,0,0,22300,22300,22000
2022-05-12,14.99,22000,0(0.00 %),0,0,0,0,22000,22000,22000
2022-05-13,14.99,22000,0(0.00 %),100,2000000,0,0,22000,22000,22000
2022-05-16,15.33,22500,0.5(2.27 %),100,2000000,0,0,22500,22500,22500
2022-05-17,15.33,22500,0(0.00 %),1000,22000000,0,0,22500,22500,22500
2022-05-18,15.33,22500,0(0.00 %),400,9000000,0,0,22500,22500,22500
2022-05-19,15.33,22500,0(0.00 %),0,0,0,0,22500,22500,22500
2022-05-20,15.33,22500,0(0.00 %),0,0,0,0,22500,22500,22500
2022-05-23,15.33,22500,0(0.00 %),0,0,0,0,22500,22500,22500
2022-05-24,15.33,22500,0(0.00 %),0,0,0,0,22500,22500,22500
2022-05-25,15.33,22500,0(0.00 %),0,0,0,0,22500,22500,22500
2022-05-26,15.33,22500,0(0.00 %),100,2000000,0,0,22500,22500,22500
2022-05-27,14.99,22000,-0.5(-2.22 %),1500,33000000,0,0,22500,22500,22000
2022-05-30,14.99,22000,0(0.00 %),0,0,0,0,22000,22000,22000
2022-05-31,14.99,22000,0(0.00 %),1300,29000000,0,0,22800,23400,22000
2022-06-01,14.99,22000,0(0.00 %),0,0,0,0,22000,22000,22000
2022-06-02,15.67,23000,1(4.55 %),3400,79000000,0,0,23400,23500,23000
2022-06-03,16.49,24200,1.2(5.22 %),3600,87000000,0,0,24600,24600,23500
2022-06-06,17.04,25000,0.8(3.31 %),3500,87000000,0,0,25000,25000,24600
2022-06-07,17.0,24950,-0.05(-0.20 %),100,2000000,0,0,24950,24950,24950
2022-06-08,17.04,25000,0(0.00 %),2000,49000000,0,0,24950,25000,24900
2022-06-09,16.76,24600,-0.4(-1.60 %),800,19000000,0,0,24950,24950,24600
2022-06-10,17.04,25000,0.4(1.63 %),1100,27000000,0,0,24600,25000,24600
2022-06-13,17.04,25000,0(0.00 %),1200,30000000,0,0,25450,25450,25000
2022-06-14,17.78,24000,1(4.35 %),500,11000000,0,0,23250,24000,23250
2022-06-15,17.78,24000,0(0.00 %),0,0,0,0,24000,24000,24000
2022-06-16,17.78,24000,0(0.00 %),0,0,0,0,24000,24000,24000
2022-06-17,17.41,23500,-0.5(-2.08 %),200,4000000,0,0,23500,23500,23500
2022-06-20,17.41,23500,0(0.00 %),0,0,0,0,23500,23500,23500
2022-06-21,17.67,23850,0.35(1.49 %),400,9000000,0,0,23500,24200,23500
2022-06-22,17.04,23000,-0.9(-3.77 %),1700,38000000,0,0,22250,23200,22250
2022-06-23,17.26,23300,0.3(1.30 %),200,4000000,0,0,23000,23300,23000
2022-06-24,17.41,23500,0.2(0.86 %),900,20000000,0,0,21750,24200,21750
2022-06-27,16.3,22000,-1.5(-6.38 %),600,13000000,0,0,22500,22600,22000
2022-06-28,16.67,22500,0.5(2.27 %),300,6000000,0,0,22000,22500,22000
2022-06-29,16.3,22000,-0.5(-2.22 %),1000,21000000,0,0,22000,22000,21700
2022-06-30,16.82,22700,0.7(3.18 %),300,6000000,0,0,23250,23250,22700
2022-07-01,16.82,22700,0(0.00 %),0,0,0,0,22700,22700,22700
2022-07-04,16.96,22900,0.2(0.88 %),4100,94000000,0,0,23000,23000,22900
2022-07-05,16.22,21900,-1(-4.37 %),1200,25000000,0,0,21350,21900,21350
2022-07-06,17.3,23350,1.45(6.62 %),200,4000000,0,0,21900,23350,21900
2022-07-07,18.41,24850,1.45(6.20 %),1500,33000000,0,0,21750,24900,21750
2022-07-08,18.41,24850,-0.05(-0.20 %),0,0,0,0,24850,24850,24850
2022-07-11,17.78,24000,-0.9(-3.61 %),5500,133000000,0,0,24500,24500,24000
2022-07-12,17.78,24000,0(0.00 %),0,0,0,0,24000,24000,24000
2022-07-13,18.74,25300,1.3(5.42 %),3300,79000000,0,0,22950,25300,22950
2022-07-14,18.74,25300,0(0.00 %),0,0,0,0,25300,25300,25300
2022-07-15,17.93,24200,-1.1(-4.35 %),900,21000000,0,0,24300,24300,24200
2022-07-18,17.93,24200,0(0.00 %),4000,96000000,0,0,24200,24200,24200
2022-07-19,17.93,24200,0(0.00 %),0,0,0,0,24200,24200,24200
2022-07-20,16.74,22600,-1.6(-6.61 %),200,4000000,0,0,24000,24000,22600
2022-07-21,17.78,24000,1.4(6.19 %),900,21000000,0,0,22600,24150,22600
2022-07-22,17.78,24000,0(0.00 %),1000,24000000,0,0,24000,24000,24000
2022-07-25,17.78,24000,0(0.00 %),1400,33000000,0,0,23900,24000,23900
2022-07-26,17.78,24000,0(0.00 %),0,0,0,0,24000,24000,24000
2022-07-27,17.78,24000,0(0.00 %),0,0,0,0,24000,24000,24000
2022-07-28,17.78,24000,0(0.00 %),1100,26000000,0,0,24000,24000,23900
2022-07-29,17.78,24000,0(0.00 %),0,0,0,0,24000,24000,24000
2022-08-01,17.78,24000,0(0.00 %),0,0,0,0,24000,24000,24000
2022-08-02,17.7,23900,-0.1(-0.42 %),300,7000000,0,0,23900,23900,23900
2022-08-03,17.78,24000,0.1(0.42 %),1800,43000000,0,0,23900,24000,23900
2022-08-04,17.78,24000,0(0.00 %),0,0,0,0,24000,24000,24000
2022-08-05,17.7,23900,-0.1(-0.42 %),200,4000000,0,0,23900,23900,23900
2022-08-08,17.7,23900,0(0.00 %),3200,76000000,0,0,23000,23900,23000
2022-08-09,17.7,23900,0(0.00 %),600,14000000,0,0,23900,23900,23900
2022-08-10,17.7,23900,0(0.00 %),0,0,0,0,23900,23900,23900
2022-08-11,17.7,23900,0(0.00 %),0,0,0,0,23900,23900,23900
2022-08-12,17.7,23900,0(0.00 %),0,0,0,0,23900,23900,23900
2022-08-15,17.63,23800,-0.1(-0.42 %),1800,42000000,0,0,23800,23800,23800
2022-08-16,17.04,23000,-0.8(-3.36 %),500,11000000,0,0,23000,23000,23000
2022-08-17,17.48,23600,0.6(2.61 %),1000,23000000,0,0,23600,23600,23600
2022-08-18,17.48,23600,0(0.00 %),0,0,0,0,23600,23600,23600
2022-08-19,17.48,23600,0(0.00 %),0,0,0,0,23600,23600,23600
2022-08-22,17.48,23600,0(0.00 %),0,0,0,0,23600,23600,23600
2022-08-23,18.67,25200,1.6(6.78 %),100,2000000,0,0,25200,25200,25200
2022-08-24,17.37,23450,-1.75(-6.94 %),100,2000000,0,0,23450,23450,23450
2022-08-25,17.37,23450,-0.05(-0.21 %),1300,30000000,0,0,23450,23450,23450
2022-08-26,17.37,23450,-0.05(-0.21 %),0,0,0,0,23450,23450,23450
2022-08-29,17.37,23450,-0.05(-0.21 %),0,0,0,0,23450,23450,23450
2022-08-30,18.15,24500,1(4.26 %),700,16000000,0,0,23500,24500,23500
2022-08-31,18.15,24500,0(0.00 %),1000,24000000,0,0,24500,24500,24500
2022-09-05,18.15,24500,0(0.00 %),0,0,0,0,24500,24500,24500
2022-09-06,18.7,25250,0.75(3.06 %),400,10000000,0,0,25250,25250,25250
2022-09-07,19.22,25950,0.65(2.57 %),2100,51000000,0,0,25250,25950,23700
2022-09-08,19.22,25950,-0.05(-0.19 %),0,0,0,0,25950,25950,25950
2022-09-09,19.22,25950,-0.05(-0.19 %),0,0,0,0,25950,25950,25950
2022-09-12,19.22,25950,-0.05(-0.19 %),0,0,0,0,25950,25950,25950
2022-09-13,17.89,24150,-1.85(-7.12 %),100,2000000,0,0,24150,24150,24150
2022-09-14,16.89,22800,-1.4(-5.79 %),1500,35000000,0,0,24500,24500,22500
2022-09-15,16.89,22800,0(0.00 %),0,0,0,0,22800,22800,22800
2022-09-16,17.93,24200,1.4(6.14 %),100,2000000,0,0,24200,24200,24200
2022-09-19,17.93,24200,0(0.00 %),0,0,0,0,24200,24200,24200
2022-09-20,17.93,24200,0(0.00 %),0,0,0,0,24200,24200,24200
2022-09-21,17.93,24200,0(0.00 %),0,0,0,0,24200,24200,24200
2022-09-22,17.93,24200,0(0.00 %),0,0,0,0,24200,24200,24200
2022-09-23,16.89,22800,-1.4(-5.79 %),100,2000000,0,0,22800,22800,22800
2022-09-26,16.0,21600,-1.2(-5.26 %),500,11000000,0,0,22500,22500,21600
2022-09-27,15.04,20300,-1.3(-6.02 %),1200,24000000,0,0,21950,21950,20300
2022-09-28,15.04,20300,0(0.00 %),2000,40000000,0,0,20300,20300,20300
2022-09-29,15.04,20300,0(0.00 %),0,0,0,0,20300,20300,20300
2022-09-30,15.19,20500,0.2(0.99 %),2000,41000000,0,0,21700,21700,20500
2022-10-03,15.19,20500,0(0.00 %),0,0,0,0,20500,20500,20500
2022-10-04,15.19,20500,0(0.00 %),0,0,0,0,20500,20500,20500
2022-10-05,16.15,21800,1.3(6.34 %),100,2000000,0,0,21800,21800,21800
2022-10-06,16.15,21800,0(0.00 %),0,0,0,0,21800,21800,21800
2022-10-07,16.15,21800,0(0.00 %),0,0,0,0,21800,21800,21800
2022-10-10,16.15,21800,0(0.00 %),0,0,0,0,21800,21800,21800
2022-10-11,17.0,22950,1.15(5.28 %),100,2000000,0,0,22950,22950,22950
2022-10-12,17.0,22950,-0.05(-0.22 %),0,0,0,0,22950,22950,22950
2022-10-13,15.82,21350,-1.65(-7.17 %),1100,23000000,0,0,21350,21350,21350
2022-10-14,16.59,22400,1(4.67 %),200,4000000,0,0,19900,22400,19900
2022-10-17,16.59,22400,0(0.00 %),0,0,0,0,22400,22400,22400
2022-10-18,16.59,22400,0(0.00 %),0,0,0,0,22400,22400,22400
2022-10-19,16.59,22400,0(0.00 %),0,0,0,0,22400,22400,22400
2022-10-20,15.44,20850,-1.55(-6.92 %),6800,141000000,0,0,20850,20850,20850
2022-10-21,15.44,20850,-0.05(-0.24 %),0,0,0,0,20850,20850,20850
2022-10-24,15.44,20850,-0.05(-0.24 %),0,0,0,0,20850,20850,20850
2022-10-25,15.44,20850,-0.05(-0.24 %),0,0,0,0,20850,20850,20850
2022-10-26,15.44,20850,-0.05(-0.24 %),0,0,0,0,20850,20850,20850
2022-10-27,15.44,20850,-0.05(-0.24 %),0,0,0,0,20850,20850,20850
2022-10-28,14.37,19400,-1.5(-7.18 %),1200,23000000,0,0,19450,19450,19400
2022-10-31,14.37,19400,0(0.00 %),0,0,0,0,19400,19400,19400
2022-11-01,14.37,19400,0(0.00 %),100,1000000,0,0,19400,19400,19400
2022-11-02,14.37,19400,0(0.00 %),0,0,0,0,19400,19400,19400
2022-11-03,15.11,20400,1(5.15 %),300,5000000,0,0,18100,20400,18100
2022-11-04,15.11,20400,0(0.00 %),0,0,0,0,20400,20400,20400
2022-11-07,15.11,20400,0(0.00 %),0,0,0,0,20400,20400,20400
2022-11-08,14.07,19000,-1.4(-6.86 %),1500,28000000,0,0,19000,19000,19000
2022-11-09,13.11,17700,-1.3(-6.84 %),700,12000000,0,0,17700,17700,17700
2022-11-10,13.11,17700,0(0.00 %),0,0,0,0,17700,17700,17700
2022-11-11,13.11,17700,0(0.00 %),0,0,0,0,17700,17700,17700
2022-11-14,13.11,17700,0(0.00 %),0,0,0,0,17700,17700,17700
2022-11-15,13.11,17700,0(0.00 %),0,0,0,0,17700,17700,17700
2022-11-16,12.22,16500,-1.2(-6.78 %),300,4000000,0,0,16500,16500,16500
2022-11-17,11.37,15350,-1.15(-6.97 %),3500,53000000,0,0,15350,15350,15350
2022-11-18,10.59,14300,-1.1(-7.14 %),3200,46000000,0,0,14600,14600,14300
2022-11-21,10.37,14000,-0.3(-2.10 %),6500,89000000,0,0,13600,14050,13600
2022-11-22,11.07,14950,0.95(6.79 %),300,4000000,0,0,14950,14950,13600
2022-11-23,11.82,15950,0.95(6.33 %),5700,90000000,0,0,15900,15950,15900
2022-11-24,12.63,17050,1.1(6.90 %),4700,75000000,0,0,16950,17050,15000
2022-11-25,13.48,18200,1.1(6.43 %),200,3000000,0,0,18200,18200,18200
2022-11-28,13.19,17800,-0.4(-2.20 %),1800,32000000,0,0,18200,18200,17800
2022-11-29,14.0,18900,1.1(6.18 %),500,9000000,0,0,18950,18950,18900
2022-11-30,14.0,18900,0(0.00 %),0,0,0,0,18900,18900,18900
2022-12-01,13.33,18000,-0.9(-4.76 %),600,10000000,0,0,18000,18000,17800
2022-12-02,13.33,18000,0(0.00 %),200,3000000,0,0,18000,18000,18000
2022-12-05,14.07,19000,1(5.56 %),200,3000000,0,0,19000,19000,19000
2022-12-06,14.59,19700,0.7(3.68 %),3100,61000000,0,0,20300,20300,19700
2022-12-07,15.48,20900,1.2(6.09 %),100,2000000,0,0,20900,20900,20900
2022-12-08,14.41,19450,-1.45(-6.94 %),1600,32000000,0,0,21000,21000,19450
2022-12-09,14.07,19000,-0.5(-2.56 %),2700,53000000,0,0,19300,20550,19000
2022-12-12,14.0,18900,-0.1(-0.53 %),3600,68000000,0,0,19000,19000,18900
2022-12-13,13.11,17700,-1.2(-6.35 %),5800,105000000,0,0,20000,20000,17650
2022-12-14,14.0,18900,1.2(6.78 %),300,5000000,0,0,18900,18900,18900
2022-12-15,14.98,19150,1.25(6.98 %),100,1000000,0,0,19150,19150,19150
2022-12-16,14.98,19150,-0.05(-0.26 %),0,0,0,0,19150,19150,19150
2022-12-19,14.08,18000,-1.2(-6.25 %),2300,41000000,0,0,17900,18000,17850
2022-12-20,14.94,19100,1.1(6.11 %),100,1000000,0,0,19100,19100,19100
2022-12-21,14.08,18000,-1.1(-5.76 %),200,3000000,0,0,18000,18000,18000
2022-12-22,14.08,18000,0(0.00 %),200,3000000,0,0,18000,18000,18000
2022-12-23,14.08,18000,0(0.00 %),100,1000000,0,0,18000,18000,18000
2022-12-26,14.86,19000,1(5.56 %),300,5000000,0,0,19000,19000,18000
2022-12-27,14.86,19000,0(0.00 %),0,0,0,0,19000,19000,19000
2022-12-28,14.86,19000,0(0.00 %),0,0,0,0,19000,19000,19000
2022-12-29,14.86,19000,0(0.00 %),0,0,0,0,19000,19000,19000
2022-12-30,14.23,18200,-0.8(-4.21 %),200,3000000,0,0,17700,18200,17700
2023-01-03,14.47,18500,0.3(1.65 %),300,5000000,0,0,18500,18500,18500
2023-01-04,14.31,18300,-0.2(-1.08 %),200,3000000,0,0,18000,18300,18000
2023-01-05,14.31,18300,0(0.00 %),400,7000000,0,0,19550,19550,18300
2023-01-06,14.31,18300,0(0.00 %),200,3000000,0,0,18300,18300,18300
2023-01-09,14.35,18350,0.05(0.27 %),200,3000000,0,0,17850,18350,17850
2023-01-10,14.04,17950,-0.45(-2.45 %),500,9000000,0,0,18300,18300,17950
2023-01-11,14.94,19100,1.1(6.11 %),100,1000000,0,0,19100,19100,19100
2023-01-12,14.08,18000,-1.1(-5.76 %),1300,23000000,0,0,18500,18500,18000
2023-01-13,14.08,18000,0(0.00 %),5500,99000000,0,0,19000,19000,18000
2023-01-16,14.08,18000,0(0.00 %),0,0,0,0,18000,18000,18000
2023-01-17,14.08,18000,0(0.00 %),0,0,0,0,18000,18000,18000
2023-01-18,14.86,19000,1(5.56 %),100,1000000,0,0,19000,19000,19000
2023-01-19,14.86,19000,0(0.00 %),1400,25000000,0,0,17700,19000,17700
2023-01-27,14.16,18100,-0.9(-4.74 %),400,7000000,0,0,18100,18100,18100
2023-01-30,14.82,18950,0.85(4.70 %),2100,39000000,0,0,18000,18950,18000
2023-01-31,14.82,18950,-0.05(-0.26 %),0,0,0,0,18950,18950,18950
2023-02-01,14.08,18000,-1(-5.26 %),2100,37000000,0,0,18400,18400,18000
2023-02-02,13.92,17800,-0.2(-1.11 %),700,12000000,0,0,18000,18000,17800
2023-02-03,13.92,17800,0(0.00 %),0,0,0,0,17800,17800,17800
2023-02-06,14.08,18000,0.2(1.12 %),600,10000000,0,0,16650,18000,16650
2023-02-07,14.08,18000,0(0.00 %),0,0,0,0,18000,18000,18000
2023-02-08,13.3,17000,-1(-5.56 %),200,3000000,0,0,17000,17000,17000
2023-02-09,13.3,17000,0(0.00 %),0,0,0,0,17000,17000,17000
2023-02-10,14.0,17900,0.9(5.29 %),100,1000000,0,0,17900,17900,17900
2023-02-13,14.0,17900,0(0.00 %),0,0,0,0,17900,17900,17900
2023-02-14,13.3,17000,-0.9(-5.03 %),800,13000000,0,0,17000,17000,17000
2023-02-15,13.3,17000,0(0.00 %),0,0,0,0,17000,17000,17000
2023-02-16,13.3,17000,0(0.00 %),200,3000000,0,0,17000,17000,17000
2023-02-17,13.3,17000,0(0.00 %),1300,22000000,0,0,17000,17000,17000
2023-02-20,13.3,17000,0(0.00 %),2400,40000000,0,0,17000,17000,17000
2023-02-21,13.3,17000,0(0.00 %),1000,17000000,0,0,17000,17000,17000
2023-02-22,13.3,17000,0(0.00 %),0,0,0,0,17000,17000,17000
2023-02-23,13.3,17000,0(0.00 %),0,0,0,0,17000,17000,17000
2023-02-24,13.3,17000,0(0.00 %),200,3000000,0,0,17000,17000,17000
2023-02-27,13.3,17000,0(0.00 %),0,0,0,0,17000,17000,17000
2023-02-28,13.3,17000,0(0.00 %),100,1000000,0,0,17000,17000,17000
2023-03-01,13.14,16800,-0.2(-1.18 %),400,6000000,0,0,16000,16900,16000
2023-03-02,13.14,16800,0(0.00 %),0,0,0,0,16800,16800,16800
2023-03-03,13.14,16800,0(0.00 %),0,0,0,0,16800,16800,16800
2023-03-06,13.14,16800,0(0.00 %),0,0,0,0,16800,16800,16800
2023-03-07,13.3,17000,0.2(1.19 %),1000,17000000,0,0,17000,17000,17000
2023-03-08,13.3,17000,0(0.00 %),100,1000000,0,0,17000,17000,17000
2023-03-09,13.3,17000,0(0.00 %),0,0,0,0,17000,17000,17000
2023-03-10,13.3,17000,0(0.00 %),0,0,0,0,17000,17000,17000
2023-03-13,13.14,16800,-0.2(-1.18 %),200,3000000,0,0,17000,17000,16800
2023-03-14,13.14,16800,0(0.00 %),0,0,0,0,16800,16800,16800
2023-03-15,13.14,16800,0(0.00 %),0,0,0,0,16800,16800,16800
2023-03-16,13.14,16800,0(0.00 %),0,0,0,0,16800,16800,16800
2023-03-17,13.14,16800,0(0.00 %),0,0,0,0,16800,16800,16800
2023-03-20,13.14,16800,0(0.00 %),0,0,0,0,16800,16800,16800
2023-03-21,13.14,16800,0(0.00 %),0,0,0,0,16800,16800,16800
2023-03-22,13.14,16800,0(0.00 %),0,0,0,0,16800,16800,16800
2023-03-23,13.14,16800,0(0.00 %),0,0,0,0,16800,16800,16800
2023-03-24,13.14,16800,0(0.00 %),0,0,0,0,16800,16800,16800
2023-03-27,13.84,17700,0.9(5.36 %),1000,17000000,0,0,17700,17700,17700
2023-03-28,13.84,17700,0(0.00 %),0,0,0,0,17700,17700,17700
2023-03-29,13.84,17700,0(0.00 %),0,0,0,0,17700,17700,17700
2023-03-30,13.84,17700,0(0.00 %),0,0,0,0,17700,17700,17700
2023-03-31,13.84,17700,0(0.00 %),0,0,0,0,17700,17700,17700
2023-04-03,13.69,17500,-0.2(-1.13 %),800,14000000,0,0,17650,17650,17500
2023-04-04,13.69,17500,0(0.00 %),1000,17000000,0,0,17500,17500,17500
2023-04-05,13.61,17400,-0.1(-0.57 %),500,8000000,0,0,16350,17400,16350
2023-04-06,13.53,17300,-0.1(-0.57 %),600,10000000,0,0,17400,17400,17300
2023-04-07,13.49,17250,-0.05(-0.29 %),400,6000000,0,0,17250,17250,17250
2023-04-10,13.49,17250,-0.05(-0.29 %),100,1000000,0,0,17250,17250,17250
2023-04-11,13.49,17250,-0.05(-0.29 %),0,0,0,0,17250,17250,17250
2023-04-12,13.3,17000,-0.3(-1.73 %),5500,88000000,0,0,16100,17500,16050
2023-04-13,13.69,17500,0.5(2.94 %),300,5000000,0,0,17000,17500,17000
2023-04-14,13.69,17500,0(0.00 %),0,0,0,0,17500,17500,17500
2023-04-17,14.55,18600,1.1(6.29 %),100,1000000,0,0,18600,18600,18600
2023-04-18,13.53,17300,-1.3(-6.99 %),4900,84000000,0,0,19450,19450,17300
2023-04-19,12.67,16200,-1.1(-6.36 %),1300,21000000,0,0,16200,16200,16200
2023-04-20,12.71,16250,0.05(0.31 %),200,3000000,0,0,17300,17300,16250
2023-04-21,13.14,16800,0.5(3.07 %),400,6000000,0,0,16800,16800,16800
2023-04-24,13.14,16800,0(0.00 %),0,0,0,0,16800,16800,16800
2023-04-25,13.14,16800,0(0.00 %),0,0,0,0,16800,16800,16800
2023-04-26,13.14,16800,0(0.00 %),0,0,0,0,16800,16800,16800
2023-04-27,13.14,16800,0(0.00 %),100,1000000,0,0,16800,16800,16800
2023-04-28,13.18,16850,0.05(0.30 %),1300,20000000,0,0,16600,16850,15650
2023-05-04,13.18,16850,0(0.00 %),0,0,0,0,16850,16850,16850
2023-05-05,12.91,16500,-0.35(-2.08 %),1300,21000000,0,0,16500,16500,16500
2023-05-08,12.91,16500,0(0.00 %),100,1000000,0,0,16500,16500,16500
2023-05-09,12.91,16500,0(0.00 %),2500,41000000,0,0,16600,16600,16500
2023-05-10,12.91,16500,0(0.00 %),1000,16000000,0,0,16500,16500,16500
2023-05-11,12.87,16450,-0.05(-0.30 %),2200,36000000,0,0,16500,16500,16450
2023-05-12,12.79,16350,-0.15(-0.91 %),600,9000000,0,0,16350,16350,16350
2023-05-15,12.98,16600,0.25(1.53 %),3700,59000000,0,0,16000,16600,16000
2023-05-16,12.91,16500,-0.1(-0.60 %),600,9000000,0,0,16700,16700,15500
2023-05-17,12.91,16500,0(0.00 %),700,11000000,0,0,16500,16500,16500
2023-05-18,12.91,16500,0(0.00 %),1500,24000000,0,0,16500,16500,16500
2023-05-19,13.3,17000,0.5(3.03 %),1700,28000000,0,0,16700,17000,16500
2023-05-22,12.67,16200,-0.8(-4.71 %),3000,49000000,0,0,17000,17000,16200
2023-05-23,12.67,16200,0(0.00 %),0,0,0,0,16200,16200,16200
2023-05-24,12.67,16200,0(0.00 %),0,0,0,0,16200,16200,16200
2023-05-25,12.67,16200,0(0.00 %),0,0,0,0,16200,16200,16200
2023-05-26,13.3,17000,0.8(4.94 %),800,13000000,0,0,17000,17000,17000
2023-05-29,13.3,17000,0(0.00 %),1500,25000000,0,0,17000,17000,17000
2023-05-30,13.3,17000,0(0.00 %),0,0,0,0,17000,17000,17000
2023-05-31,13.3,17000,0(0.00 %),200,3000000,0,0,17000,17000,17000
2023-06-01,13.3,17000,0(0.00 %),1500,25000000,0,0,17000,17000,17000
2023-06-02,13.3,17000,0(0.00 %),2400,40000000,0,0,17000,17000,17000
2023-06-05,13.37,17100,0.1(0.59 %),4800,81000000,0,0,17000,17100,17000
2023-06-06,13.3,17000,-0.1(-0.58 %),3100,52000000,0,0,17100,17100,17000
2023-06-07,13.06,16700,-0.3(-1.76 %),6700,113000000,0,0,17000,17000,16700
2023-06-08,13.3,17000,0.3(1.80 %),5000,85000000,0,0,17000,17000,17000
2023-06-09,13.3,17000,0(0.00 %),15100,256000000,0,0,17000,17000,17000
2023-06-12,13.3,17000,0(0.00 %),14800,251000000,0,0,17000,17000,17000
2023-06-13,13.3,17000,0(0.00 %),0,0,0,0,17000,17000,17000
2023-06-14,13.3,16000,-1(-5.88 %),9500,152000000,0,0,16000,16200,16000
2023-06-15,13.67,16450,0.45(2.81 %),500,7000000,0,0,15500,16450,15500
2023-06-16,13.63,16400,-0.1(-0.61 %),500,8000000,0,0,16400,16400,16300
2023-06-19,13.63,16400,0(0.00 %),0,0,0,0,16400,16400,16400
2023-06-20,13.13,15800,-0.6(-3.66 %),2300,36000000,0,0,16900,16900,15650
2023-06-21,13.3,16000,0.2(1.27 %),2200,34000000,0,0,15800,16000,15800
2023-06-22,13.38,16100,0.1(0.62 %),1500,24000000,0,0,16000,16100,16000
2023-06-23,13.38,16100,0(0.00 %),1200,19000000,0,0,16100,16100,16100
2023-06-26,13.63,16400,0.3(1.86 %),1200,19000000,0,0,16400,16400,16400
2023-06-27,13.63,16400,0(0.00 %),900,14000000,0,0,16300,16400,16300
2023-06-28,13.13,15800,-0.6(-3.66 %),800,12000000,0,0,16450,16450,15800
2023-06-29,13.3,16000,0.2(1.27 %),800,12000000,0,0,15800,16000,15800
2023-06-30,13.55,16300,0.3(1.88 %),600,9000000,0,0,16000,16300,16000
2023-07-03,13.63,16400,0.1(0.61 %),800,13000000,0,0,16400,16400,16400
2023-07-04,13.71,16500,0.1(0.61 %),700,11000000,0,0,16600,16600,16500
2023-07-05,13.63,16400,-0.1(-0.61 %),500,8000000,0,0,16400,16400,16400
2023-07-06,13.05,15700,-0.7(-4.27 %),7600,119000000,0,0,16000,16500,15600
2023-07-07,13.05,15700,0(0.00 %),0,0,0,0,15700,15700,15700
2023-07-10,12.63,15200,-0.5(-3.18 %),10600,163000000,0,0,16000,16000,15000
2023-07-11,13.05,15700,0.5(3.29 %),100,1000000,0,0,15700,15700,15700
2023-07-12,13.05,15700,0(0.00 %),300,4000000,0,0,15700,15700,15700
2023-07-13,13.05,15700,0(0.00 %),0,0,0,0,15700,15700,15700
2023-07-14,13.05,15700,0(0.00 %),200,3000000,0,0,15700,15700,15700
2023-07-17,12.96,15600,-0.1(-0.64 %),3200,48000000,0,0,15700,15700,15000
2023-07-18,12.13,14600,-1(-6.41 %),20800,311000000,0,0,15500,15500,14600
2023-07-19,12.96,15600,1(6.85 %),4800,74000000,0,0,15600,15600,15500
2023-07-20,13.05,15700,0.1(0.64 %),200,3000000,0,0,15600,15700,15600
2023-07-21,12.59,15150,-0.55(-3.50 %),2600,40000000,0,0,15600,15600,15150
2023-07-24,12.96,15600,0.4(2.63 %),3200,48000000,0,0,15200,15600,15200
2023-07-25,12.96,15600,0(0.00 %),4300,67000000,0,0,15600,15600,15600
2023-07-26,12.88,15500,-0.1(-0.64 %),3400,52000000,0,0,15400,15550,15400
2023-07-27,12.88,15500,0(0.00 %),10400,161000000,0,0,15500,15500,15500
2023-07-28,12.96,15600,0.1(0.65 %),1100,17000000,0,0,16000,16000,15600
2023-07-31,12.96,15600,0(0.00 %),500,7000000,0,0,15600,15600,15600
2023-08-01,12.96,15600,0(0.00 %),400,6000000,0,0,15600,15600,15600
2023-08-02,12.96,15600,0(0.00 %),700,10000000,0,0,15600,15600,15600
2023-08-03,12.96,15600,0(0.00 %),300,4000000,0,0,15600,15600,15600
2023-08-04,12.96,15600,0(0.00 %),500,7000000,0,0,15600,15600,15600
2023-08-07,13.38,16100,0.5(3.21 %),1100,17000000,0,0,15700,16100,15700
2023-08-08,13.38,16100,0(0.00 %),2000,32000000,0,0,16100,16100,16100
2023-08-09,13.55,16300,0.2(1.24 %),2300,37000000,0,0,16200,16300,16200
2023-08-10,13.55,16300,0(0.00 %),3000,49000000,0,0,16300,16600,16300
2023-08-11,13.55,16300,0(0.00 %),100,1000000,0,0,16300,16300,16300
2023-08-14,13.3,16000,-0.3(-1.84 %),1400,22000000,0,0,16000,16000,16000
2023-08-15,13.3,16000,0(0.00 %),200,3000000,0,0,16000,16000,16000
2023-08-16,13.3,16000,0(0.00 %),2300,36000000,0,0,16000,16100,16000
2023-08-17,13.3,16000,0(0.00 %),0,0,0,0,16000,16000,16000
2023-08-18,13.3,16000,0(0.00 %),2200,35000000,0,0,16200,16200,16000
2023-08-21,13.38,16100,0.1(0.62 %),400,6000000,0,0,16100,16100,16100
2023-08-22,13.38,16100,0(0.00 %),0,0,0,0,16100,16100,16100
2023-08-23,13.38,16100,0(0.00 %),0,0,0,0,16100,16100,16100
2023-08-24,13.3,16000,-0.1(-0.62 %),300,4000000,0,0,16000,16000,16000
2023-08-25,13.3,16000,0(0.00 %),300,4000000,0,0,16000,16000,16000
2023-08-28,13.55,16300,0.3(1.88 %),2800,45000000,0,0,16300,16300,16300
2023-08-29,13.79,16600,0.3(1.84 %),4400,72000000,0,0,16400,16600,16400
2023-08-30,13.79,16600,0(0.00 %),0,0,0,0,16600,16600,16600
2023-08-31,13.79,16600,0(0.00 %),100,1000000,0,0,16600,16600,16600
2023-09-05,13.88,16700,0.1(0.60 %),10000,167000000,0,0,16700,16700,16700
2023-09-06,14.29,17200,0.5(2.99 %),1700,28000000,0,0,16700,17200,16700
2023-09-07,14.29,17200,0(0.00 %),2400,40000000,0,0,16700,17200,16700
2023-09-08,14.29,17200,0(0.00 %),0,0,0,0,17200,17200,17200
2023-09-11,14.21,17100,-0.1(-0.58 %),200,3000000,0,0,17200,17200,17100
2023-09-12,14.21,17100,0(0.00 %),0,0,0,0,17100,17100,17100
2023-09-13,14.21,17100,0(0.00 %),200,3000000,0,0,17100,17100,17100
2023-09-14,14.21,17100,0(0.00 %),200,3000000,0,0,17100,17100,17100
2023-09-15,14.29,17200,0.1(0.58 %),600,10000000,0,0,18000,18000,17200
2023-09-18,14.96,18000,0.8(4.65 %),1100,19000000,0,0,18000,18000,18000
2023-09-19,14.96,18000,0(0.00 %),0,0,0,0,18000,18000,18000
2023-09-20,14.96,18000,0(0.00 %),1100,19000000,0,0,17800,18000,17600
2023-09-21,14.96,18000,0(0.00 %),0,0,0,0,18000,18000,18000
2023-09-22,14.21,17100,-0.9(-5.00 %),1600,27000000,0,0,17100,17100,17100
2023-09-25,14.21,17100,0(0.00 %),0,0,0,0,17100,17100,17100
2023-09-26,14.21,17100,0(0.00 %),0,0,0,0,17100,17100,17100
2023-09-27,14.21,17100,0(0.00 %),1000,17000000,0,0,17150,17150,17100
2023-09-28,14.21,17100,0(0.00 %),0,0,0,0,17100,17100,17100
2023-09-29,14.21,17100,0(0.00 %),0,0,0,0,17100,17100,17100
2023-10-02,14.21,17100,0(0.00 %),0,0,0,0,17100,17100,17100
2023-10-03,14.21,17100,0(0.00 %),500,8000000,0,0,17100,17100,17100
2023-10-04,14.21,17100,0(0.00 %),0,0,0,0,17100,17100,17100
2023-10-05,14.21,17100,0(0.00 %),0,0,0,0,17100,17100,17100
2023-10-06,14.21,17100,0(0.00 %),0,0,0,0,17100,17100,17100
2023-10-09,14.21,17100,0(0.00 %),0,0,0,0,17100,17100,17100
2023-10-10,14.96,18000,0.9(5.26 %),200,3000000,0,0,18000,18000,18000
2023-10-11,14.96,18000,0(0.00 %),0,0,0,0,18000,18000,18000
2023-10-12,14.96,18000,0(0.00 %),0,0,0,0,18000,18000,18000
2023-10-13,14.96,18000,0(0.00 %),0,0,0,0,18000,18000,18000
2023-10-16,14.96,18000,0(0.00 %),0,0,0,0,18000,18000,18000
2023-10-17,14.96,18000,0(0.00 %),2700,48000000,0,0,17900,18000,17900
2023-10-18,14.96,18000,0(0.00 %),0,0,0,0,18000,18000,18000
2023-10-19,14.21,17100,-0.9(-5.00 %),200,3000000,0,0,17100,17100,17100
2023-10-20,14.87,17900,0.8(4.68 %),100,1000000,0,0,17900,17900,17900
2023-10-23,14.87,17900,0(0.00 %),0,0,0,0,17900,17900,17900
2023-10-24,14.87,17900,0(0.00 %),0,0,0,0,17900,17900,17900
2023-10-25,14.87,17900,0(0.00 %),0,0,0,0,17900,17900,17900
2023-10-26,14.29,17200,-0.7(-3.91 %),1200,20000000,0,0,17200,17200,17200
2023-10-27,14.29,17200,0(0.00 %),500,8000000,0,0,17200,17200,17200
2023-10-30,14.29,17200,0(0.00 %),0,0,0,0,17200,17200,17200
2023-10-31,14.79,17800,0.6(3.49 %),700,12000000,0,0,17600,17800,17600
2023-11-01,14.79,17800,0(0.00 %),0,0,0,0,17800,17800,17800
2023-11-02,14.79,17800,0(0.00 %),0,0,0,0,17800,17800,17800
2023-11-03,14.79,17800,0(0.00 %),0,0,0,0,17800,17800,17800
2023-11-06,14.96,18000,0.2(1.12 %),1700,30000000,0,0,17800,18000,17500
2023-11-07,15.29,18400,0.4(2.22 %),100,1000000,0,0,18400,18400,18400
2023-11-08,15.29,18400,0(0.00 %),0,0,0,0,18400,18400,18400
2023-11-09,15.21,18300,-0.1(-0.54 %),1700,31000000,0,0,18300,18300,18300
2023-11-10,15.29,18400,0.1(0.55 %),200,3000000,0,0,18400,18400,18400
2023-11-13,15.58,18750,0.35(1.90 %),3400,63000000,0,0,19000,19000,18700
2023-11-14,15.58,18750,0(0.00 %),1000,18000000,0,0,18750,19000,18750
2023-11-15,15.58,18750,0(0.00 %),1600,30000000,0,0,18850,18850,18750
2023-11-16,15.58,18750,0(0.00 %),200,3000000,0,0,18750,18750,18750
2023-11-17,15.58,18750,0(0.00 %),900,16000000,0,0,19000,19000,18750
2023-11-20,15.58,18750,0(0.00 %),2200,41000000,0,0,18750,18750,18750
2023-11-21,15.58,18750,0(0.00 %),0,0,0,0,18750,18750,18750
2023-11-22,15.58,18750,0(0.00 %),0,0,0,0,18750,18750,18750
2023-11-23,15.96,19200,0.45(2.40 %),2400,45000000,0,0,18800,19400,18800
2023-11-24,15.96,19200,0(0.00 %),0,0,0,0,19200,19200,19200
2023-11-27,16.45,19800,0.6(3.12 %),900,17000000,0,0,19200,19800,19200
2023-11-28,16.33,19650,-0.15(-0.76 %),2300,42000000,0,0,19000,19650,18450
2023-11-29,16.29,19600,-0.05(-0.25 %),100,1000000,0,0,19600,19600,19600
2023-11-30,15.96,19200,-0.4(-2.04 %),100,1000000,0,0,19200,19200,19200
2023-12-01,15.96,19200,0(0.00 %),1200,23000000,0,0,19200,19200,19200
2023-12-04,15.79,19000,-0.2(-1.04 %),4400,84000000,0,0,19200,19250,19000
2023-12-05,15.87,19100,0.1(0.53 %),100,1000000,0,0,19100,19100,19100
2023-12-06,15.87,19100,0(0.00 %),0,0,0,0,19100,19100,19100
2023-12-07,15.91,19150,0.05(0.26 %),500,9000000,0,0,19150,19150,19150
2023-12-08,15.91,19150,0(0.00 %),0,0,0,0,19150,19150,19150
2023-12-11,15.96,19200,0.05(0.26 %),900,17000000,0,0,19150,19200,19150
2023-12-12,15.96,19200,0(0.00 %),500,9000000,0,0,19200,19200,19200
2023-12-13,15.79,19000,-0.2(-1.04 %),500,9000000,0,0,19200,19200,19000
2023-12-14,16.58,18900,-0.1(-0.53 %),5800,108000000,0,0,18050,18950,18050
2023-12-15,16.58,18900,0(0.00 %),0,0,0,0,18900,18900,18900
2023-12-18,17.45,19900,1(5.29 %),100,1000000,0,0,19900,19900,19900
2023-12-19,17.45,19900,0(0.00 %),0,0,0,0,19900,19900,19900
2023-12-20,16.27,18550,-1.35(-6.78 %),1800,33000000,0,0,19000,19000,18550
2023-12-21,16.14,18400,-0.15(-0.81 %),400,7000000,0,0,18400,18400,18400
2023-12-22,16.14,18400,0(0.00 %),0,0,0,0,18400,18400,18400
2023-12-25,16.14,18400,0(0.00 %),0,0,0,0,18400,18400,18400
2023-12-26,15.17,17300,-1.1(-5.98 %),100,1000000,0,0,17300,17300,17300
2023-12-27,15.79,18000,0.7(4.05 %),1200,21000000,0,0,18400,18400,18000
2023-12-28,15.79,18000,0(0.00 %),100,1000000,0,0,18000,18000,18000
2023-12-29,15.79,18000,0(0.00 %),100,1000000,0,0,18000,18000,18000
2024-01-02,15.79,18000,0(0.00 %),0,0,0,0,18000,18000,18000
2024-01-03,15.79,18000,0(0.00 %),0,0,0,0,18000,18000,18000
2024-01-04,15.79,18000,0(0.00 %),0,0,0,0,18000,18000,18000
2024-01-05,16.88,19250,1.25(6.94 %),36700,705000000,0,0,17300,19250,17300
2024-01-08,17.98,20500,1.25(6.49 %),7800,157000000,0,0,20500,20550,20000
2024-01-09,16.75,19100,-1.4(-6.83 %),3700,72000000,0,0,20500,21500,19100
2024-01-10,16.23,18500,-0.6(-3.14 %),27000,484000000,0,0,18850,18850,17800
2024-01-11,16.05,18300,-0.2(-1.08 %),2100,38000000,0,0,18500,18500,18300
2024-01-12,15.44,17600,-0.7(-3.83 %),4800,84000000,0,0,17500,17700,17500
2024-01-15,15.79,18000,0.4(2.27 %),3800,65000000,0,0,17500,18000,16800
2024-01-16,15.17,17300,-0.7(-3.89 %),800,13000000,0,0,17800,17800,17300
2024-01-17,15.26,17400,0.1(0.58 %),2600,46000000,0,0,17700,18000,17400
2024-01-18,15.79,18000,0.6(3.45 %),1300,23000000,0,0,17400,18000,17400
2024-01-19,15.35,17500,-0.5(-2.78 %),300,5000000,0,0,17500,17500,17500
2024-01-22,15.35,17500,0(0.00 %),1300,22000000,0,0,17500,17500,17500
2024-01-23,15.35,17500,0(0.00 %),2200,38000000,0,0,17500,17500,17450
2024-01-24,14.91,17000,-0.5(-2.86 %),4200,71000000,0,0,17200,17200,16500
2024-01-25,15.92,18150,1.15(6.76 %),3000,53000000,0,0,17500,18150,17500
2024-01-26,15.88,18100,-0.05(-0.28 %),100,1000000,0,0,18100,18100,18100
2024-01-29,15.88,18100,0(0.00 %),0,0,0,0,18100,18100,18100
2024-01-30,15.88,18100,0(0.00 %),700,12000000,0,0,18100,18100,18100
2024-01-31,15.88,18100,0(0.00 %),0,0,0,0,18100,18100,18100
2024-02-01,16.58,18900,0.8(4.42 %),100,1000000,0,0,18900,18900,18900
2024-02-02,15.88,18100,-0.8(-4.23 %),100,1000000,0,0,18100,18100,18100
2024-02-05,15.88,18100,0(0.00 %),200,3000000,0,0,18100,18100,18100
2024-02-06,15.88,18100,0(0.00 %),0,0,0,0,18100,18100,18100
2024-02-07,15.88,18100,0(0.00 %),100,1000000,0,0,18100,18100,18100
2024-02-15,16.58,18900,0.8(4.42 %),100,1000000,0,0,18900,18900,18900
2024-02-16,15.79,18000,-0.9(-4.76 %),1000,18000000,0,0,18050,18050,18000
2024-02-19,15.79,18000,0(0.00 %),0,0,0,0,18000,18000,18000
2024-02-20,15.79,18000,0(0.00 %),0,0,0,0,18000,18000,18000
2024-02-21,15.79,18000,0(0.00 %),0,0,0,0,18000,18000,18000
2024-02-22,15.79,18000,0(0.00 %),0,0,0,0,18000,18000,18000
2024-02-23,15.79,18000,0(0.00 %),0,0,0,0,18000,18000,18000
2024-02-26,15.13,17250,-0.75(-4.17 %),100,1000000,0,0,17250,17250,17250
2024-02-27,15.13,17250,0(0.00 %),0,0,0,0,17250,17250,17250
2024-02-28,16.18,18450,1.2(6.96 %),700,12000000,0,0,18450,18450,18450
2024-02-29,15.83,18050,-0.4(-2.17 %),400,7000000,0,0,18450,18450,18000
2024-03-01,15.83,18050,0(0.00 %),0,0,0,0,18050,18050,18050
2024-03-04,15.7,17900,-0.15(-0.83 %),300,5000000,0,0,18500,18500,17900
2024-03-05,16.23,18500,0.6(3.35 %),8100,149000000,0,0,18300,18500,18300
2024-03-06,16.27,18550,0.05(0.27 %),900,16000000,0,0,18550,18550,18550
2024-03-07,16.23,18500,-0.05(-0.27 %),200,3000000,0,0,18500,18500,18500
2024-03-08,16.14,18400,-0.1(-0.54 %),200,3000000,0,0,18500,18500,18400
2024-03-11,16.14,18400,0(0.00 %),100,1000000,0,0,18400,18400,18400
2024-03-12,15.39,17550,-0.85(-4.62 %),300,5000000,0,0,18400,18400,17550
2024-03-13,15.39,17550,0(0.00 %),0,0,0,0,17550,17550,17550
2024-03-14,15.39,17550,0(0.00 %),0,0,0,0,17550,17550,17550
2024-03-15,15.61,17800,0.25(1.42 %),2400,42000000,0,0,18000,18000,17650
2024-03-18,15.61,17800,0(0.00 %),0,0,0,0,17800,17800,17800
2024-03-19,15.61,17800,0(0.00 %),1900,33000000,0,0,17800,17800,17800
2024-03-20,15.61,17800,0(0.00 %),1900,33000000,0,0,17800,17800,17800
2024-03-21,16.23,18500,0.7(3.93 %),600,11000000,0,0,18500,18500,18500
2024-03-22,16.23,18500,0(0.00 %),100,1000000,0,0,18500,18500,18500
2024-03-25,16.23,18500,0(0.00 %),1500,27000000,0,0,18500,18500,18500
2024-03-26,16.05,18300,-0.2(-1.08 %),300,5000000,0,0,17800,18300,17800
2024-03-27,16.05,18300,0(0.00 %),0,0,0,0,18300,18300,18300
2024-03-28,16.05,18300,0(0.00 %),100,1000000,0,0,18300,18300,18300
2024-03-29,16.23,18500,0.2(1.09 %),600,11000000,0,0,18500,18500,18500
2024-04-01,16.23,18500,0(0.00 %),3000,55000000,0,0,18500,18500,18500
2024-04-02,16.31,18600,0.1(0.54 %),3600,66000000,0,0,18500,18600,18500
2024-04-03,16.31,18600,0(0.00 %),2000,37000000,0,0,18600,18600,18600
2024-04-04,16.31,18600,0(0.00 %),2000,37000000,0,0,18600,18600,18600
2024-04-05,16.23,18500,-0.1(-0.54 %),500,9000000,0,0,18500,18500,18500
2024-04-08,16.23,18500,0(0.00 %),1000,18000000,0,0,18500,18500,18500
2024-04-09,15.79,18000,-0.5(-2.70 %),2600,48000000,0,0,18500,18500,18000
2024-04-10,15.79,18000,0(0.00 %),1100,19000000,0,0,18500,18500,18000
2024-04-11,15.79,18000,0(0.00 %),0,0,0,0,18000,18000,18000
2024-04-12,15.96,18200,0.2(1.11 %),1300,23000000,0,0,18000,18200,18000
2024-04-15,15.96,18200,0(0.00 %),500,9000000,0,0,18200,18200,18200
2024-04-16,15.88,18100,-0.1(-0.55 %),500,9000000,0,0,18100,18100,18100
2024-04-17,15.88,18100,0(0.00 %),0,0,0,0,18100,18100,18100
2024-04-19,14.96,17050,-1.05(-5.80 %),1500,25000000,0,0,17000,17050,16950
2024-04-22,14.96,17050,0(0.00 %),0,0,0,0,17050,17050,17050
2024-04-23,15.79,18000,0.95(5.57 %),3000,54000000,0,0,18000,18000,18000
2024-04-24,15.96,18200,0.2(1.11 %),1000,18000000,0,0,18200,18200,18200
2024-04-25,15.92,18150,-0.05(-0.27 %),400,7000000,0,0,18150,18150,18150
2024-04-26,15.92,18150,0(0.00 %),0,0,0,0,18150,18150,18150
2024-05-02,15.79,18000,-0.15(-0.83 %),5200,93000000,0,0,18000,18000,18000
2024-05-03,15.79,18000,0(0.00 %),200,3000000,0,0,18000,18000,18000
2024-05-06,15.79,18000,0(0.00 %),6700,120000000,0,0,18200,18200,18000
2024-05-07,15.79,18000,0(0.00 %),1400,25000000,0,0,18000,18400,18000
2024-05-08,15.79,18000,0(0.00 %),5400,97000000,0,0,18000,18200,18000
2024-05-09,15.88,18100,0.1(0.56 %),12400,224000000,0,0,18000,18200,18000
2024-05-10,16.05,18300,0.2(1.10 %),100,1000000,0,0,18300,18300,18300
2024-05-13,15.96,18200,-0.1(-0.55 %),1300,23000000,0,0,18200,18200,18200
2024-05-14,15.96,18200,0(0.00 %),13000,236000000,0,0,18200,18200,18200
2024-05-15,15.96,18200,0(0.00 %),15200,276000000,0,0,18200,18300,18200
2024-05-16,15.96,18200,0(0.00 %),2400,43000000,0,0,18200,18200,18200
2024-05-17,15.96,18200,0(0.00 %),1500,27000000,0,0,18300,18500,18200
2024-05-20,15.96,18200,0(0.00 %),0,0,0,0,18200,18200,18200
2024-05-21,15.96,18200,0(0.00 %),500,9000000,0,0,18200,18200,18200
2024-05-22,15.96,18200,0(0.00 %),1300,23000000,0,0,18200,18200,18000
2024-05-23,15.96,18200,0(0.00 %),100,1000000,0,0,18200,18200,18200
2024-05-24,15.96,18200,0(0.00 %),900,16000000,0,0,18200,18200,18200
2024-05-27,15.96,18200,0(0.00 %),0,0,0,0,18200,18200,18200
2024-05-28,15.96,18200,0(0.00 %),0,0,0,0,18200,18200,18200
2024-05-29,15.96,18200,0(0.00 %),0,0,0,0,18200,18200,18200
2024-05-30,15.96,18200,0(0.00 %),0,0,0,0,18200,18200,18200
2024-05-31,16.01,18250,0.05(0.27 %),900,16000000,0,0,18250,18250,18250
2024-06-03,16.23,18500,0.25(1.37 %),2600,48000000,0,0,18500,18500,18500
2024-06-04,16.31,18600,0.1(0.54 %),9400,174000000,0,0,18500,18600,18500
2024-06-05,16.67,19000,0.4(2.15 %),1000,18000000,0,0,18600,19300,18600
2024-06-06,16.67,19000,0(0.00 %),2500,47000000,0,0,19000,19250,19000
2024-06-07,16.84,19200,0.2(1.05 %),5000,95000000,0,0,19000,19200,19000
2024-06-10,16.67,19000,-0.2(-1.04 %),3800,72000000,0,0,19000,19000,19000
2024-06-11,16.67,19000,0(0.00 %),1400,26000000,0,0,19000,19000,19000
2024-06-12,16.67,19000,0(0.00 %),0,0,0,0,19000,19000,19000
2024-06-13,16.88,19250,0.25(1.32 %),1600,30000000,0,0,19350,19350,19250
2024-06-14,17.57,19250,0.75(4.05 %),100,1000000,0,0,19250,19250,19250
2024-06-17,16.89,18500,-0.75(-3.90 %),2600,48000000,0,0,18000,18500,18000
2024-06-18,16.89,18500,0(0.00 %),0,0,0,0,18500,18500,18500
2024-06-19,16.89,18500,0(0.00 %),0,0,0,0,18500,18500,18500
2024-06-20,16.89,18500,0(0.00 %),1200,22000000,0,0,19400,19400,18500
2024-06-21,16.89,18500,0(0.00 %),0,0,0,0,18500,18500,18500
2024-06-24,16.89,18500,0(0.00 %),0,0,0,0,18500,18500,18500
2024-06-25,16.89,18500,0(0.00 %),100,1000000,0,0,18500,18500,18500
2024-06-26,16.89,18500,0(0.00 %),0,0,0,0,18500,18500,18500
2024-06-27,16.89,18500,0(0.00 %),0,0,0,0,18500,18500,18500
2024-06-28,17.34,19000,0.5(2.70 %),600,11000000,0,0,19000,19000,19000
2024-07-01,17.34,19000,0(0.00 %),400,7000000,0,0,19000,19000,19000
2024-07-02,17.34,19000,0(0.00 %),200,3000000,0,0,19000,19000,19000
2024-07-03,17.34,19000,0(0.00 %),0,0,0,0,19000,19000,19000
2024-07-04,17.34,19000,0(0.00 %),400,7000000,0,0,19000,19000,19000
2024-07-05,17.34,19000,0(0.00 %),0,0,0,0,19000,19000,19000
2024-07-08,17.34,19000,0(0.00 %),0,0,0,0,19000,19000,19000
2024-07-09,17.34,19000,0(0.00 %),0,0,0,0,19000,19000,19000
2024-07-10,18.25,20000,1(5.26 %),200,4000000,0,0,20000,20000,20000
2024-07-11,18.25,20000,0(0.00 %),0,0,0,0,20000,20000,20000
2024-07-12,18.25,20000,0(0.00 %),0,0,0,0,20000,20000,20000
2024-07-15,18.25,20000,0(0.00 %),0,0,0,0,20000,20000,20000
2024-07-16,18.25,20000,0(0.00 %),0,0,0,0,20000,20000,20000
2024-07-17,18.25,20000,0(0.00 %),0,0,0,0,20000,20000,20000
2024-07-18,16.98,18600,-1.4(-7.00 %),100,1000000,0,0,18600,18600,18600
2024-07-19,17.34,19000,0.4(2.15 %),200,3000000,0,0,19000,19000,19000
2024-07-22,16.98,18600,-0.4(-2.11 %),1500,28000000,0,0,18600,19000,18600
2024-07-23,16.98,18600,0(0.00 %),0,0,0,0,18600,18600,18600
2024-07-24,16.43,18000,-0.6(-3.23 %),200,3000000,0,0,18000,18000,18000
2024-07-25,16.43,18000,0(0.00 %),200,3000000,0,0,18000,18000,18000
2024-07-26,16.43,18000,0(0.00 %),600,10000000,0,0,18000,18000,18000
2024-07-29,16.43,18000,0(0.00 %),2300,41000000,0,0,18000,18200,18000
2024-07-30,16.43,18000,0(0.00 %),1200,21000000,0,0,18000,18000,18000
2024-07-31,16.43,18000,0(0.00 %),600,10000000,0,0,18000,18000,18000
2024-08-01,16.43,18000,0(0.00 %),1000,18000000,0,0,18000,18000,18000
2024-08-02,16.43,18000,0(0.00 %),600,10000000,0,0,18000,18000,18000
2024-08-05,16.43,18000,0(0.00 %),200,3000000,0,0,18000,18000,18000
2024-08-06,16.43,18000,0(0.00 %),1900,34000000,0,0,18000,18000,18000
2024-08-07,16.43,18000,0(0.00 %),500,9000000,0,0,18000,18000,18000
2024-08-08,16.43,18000,0(0.00 %),600,10000000,0,0,18000,18000,18000
2024-08-09,16.43,18000,0(0.00 %),0,0,0,0,18000,18000,18000
2024-08-12,16.43,18000,0(0.00 %),0,0,149820,2509485000,18000,18000,18000
2024-08-13,16.43,18000,0(0.00 %),0,0,0,0,18000,18000,18000
2024-08-14,16.43,18000,0(0.00 %),0,0,0,0,18000,18000,18000
2024-08-15,16.43,18000,0(0.00 %),0,0,0,0,18000,18000,18000
2024-08-16,17.57,19250,1.25(6.94 %),600,11000000,0,0,19250,19250,19250
2024-08-19,17.57,19250,0(0.00 %),0,0,0,0,19250,19250,19250
2024-08-20,17.57,19250,0(0.00 %),0,0,0,0,19250,19250,19250
2024-08-21,17.57,19250,0(0.00 %),0,0,0,0,19250,19250,19250
2024-08-22,17.52,19200,-0.05(-0.26 %),100,1000000,0,0,19200,19200,19200
2024-08-23,17.52,19200,0(0.00 %),100,1000000,0,0,19200,19200,19200
2024-08-26,17.52,19200,0(0.00 %),0,0,0,0,19200,19200,19200
2024-08-27,17.52,19200,0(0.00 %),100,1000000,0,0,19200,19200,19200
2024-08-28,17.52,19200,0(0.00 %),200,3000000,0,0,19200,19200,19200
2024-08-29,17.52,19200,0(0.00 %),0,0,0,0,19200,19200,19200
2024-08-30,17.52,19200,0(0.00 %),0,0,0,0,19200,19200,19200
2024-09-04,17.52,19200,0(0.00 %),0,0,0,0,19200,19200,19200
2024-09-05,17.52,19200,0(0.00 %),0,0,0,0,19200,19200,19200
2024-09-06,17.52,19200,0(0.00 %),0,0,0,0,19200,19200,19200
2024-09-09,17.52,19200,0(0.00 %),200,3000000,0,0,19200,19200,19200
2024-09-10,17.52,19200,0(0.00 %),0,0,0,0,19200,19200,19200
2024-09-11,17.52,19200,0(0.00 %),0,0,0,0,19200,19200,19200
2024-09-12,17.52,19200,0(0.00 %),0,0,0,0,19200,19200,19200
2024-09-13,17.52,19200,0(0.00 %),0,0,0,0,19200,19200,19200
2024-09-16,18.25,20000,0.8(4.17 %),3900,74000000,0,0,19200,20000,17900
2024-09-17,18.25,20000,0(0.00 %),0,0,0,0,20000,20000,20000
2024-09-18,18.25,20000,0(0.00 %),0,0,0,0,20000,20000,20000
2024-09-19,18.25,20000,0(0.00 %),0,0,0,0,20000,20000,20000
2024-09-20,18.25,20000,0(0.00 %),0,0,0,0,20000,20000,20000
2024-09-23,18.25,20000,0(0.00 %),0,0,0,0,20000,20000,20000
2024-09-24,18.25,20000,0(0.00 %),0,0,0,0,20000,20000,20000
2024-09-25,17.34,19000,-1(-5.00 %),100,1000000,0,0,19000,19000,19000
2024-09-26,17.34,19000,0(0.00 %),0,0,0,0,19000,19000,19000
2024-09-27,17.34,19000,0(0.00 %),0,0,0,0,19000,19000,19000
2024-09-30,17.34,19000,0(0.00 %),0,0,0,0,19000,19000,19000
2024-10-01,17.34,19000,0(0.00 %),0,0,0,0,19000,19000,19000
2024-10-02,17.34,19000,0(0.00 %),0,0,0,0,19000,19000,19000
2024-10-03,17.34,19000,0(0.00 %),0,0,0,0,19000,19000,19000
2024-10-04,17.34,19000,0(0.00 %),100,1000000,0,0,19000,19000,19000
2024-10-07,17.34,19000,0(0.00 %),800,15000000,0,0,19000,19000,19000
2024-10-08,17.34,19000,0(0.00 %),0,0,0,0,19000,19000,19000
2024-10-09,17.34,19000,0(0.00 %),0,0,0,0,19000,19000,19000
2024-10-10,17.34,19000,0(0.00 %),0,0,0,0,19000,19000,19000
2024-10-11,17.34,19000,0(0.00 %),0,0,0,0,19000,19000,19000
2024-10-14,16.89,18500,-0.5(-2.63 %),300,5000000,0,0,19000,19000,18500
2024-10-15,16.89,18500,0(0.00 %),0,0,0,0,18500,18500,18500
2024-10-16,16.43,18000,-0.5(-2.70 %),800,14000000,0,0,18000,18000,18000
2024-10-17,16.43,18000,0(0.00 %),0,0,0,0,18000,18000,18000
2024-10-18,16.43,18000,0(0.00 %),2000,36000000,0,0,18000,18000,18000
2024-10-21,16.43,18000,0(0.00 %),0,0,0,0,18000,18000,18000
2024-10-22,16.43,18000,0(0.00 %),100,1000000,0,0,18000,18000,18000
2024-10-23,16.43,18000,0(0.00 %),1100,19000000,0,0,18000,18000,18000
2024-10-24,16.43,18000,0(0.00 %),100,1000000,0,0,18000,18000,18000
2024-10-25,16.43,18000,0(0.00 %),0,0,0,0,18000,18000,18000
2024-10-28,15.97,17500,-0.5(-2.78 %),1600,28000000,0,0,17500,17500,17500
2024-10-29,15.97,17500,0(0.00 %),0,0,0,0,17500,17500,17500
2024-10-30,15.97,17500,0(0.00 %),0,0,0,0,17500,17500,17500
2024-10-31,15.97,17500,0(0.00 %),0,0,0,0,17500,17500,17500
2024-11-01,15.97,17500,0(0.00 %),0,0,0,0,17500,17500,17500
2024-11-04,17.07,18700,1.2(6.86 %),89700,1641000000,0,0,17500,18700,17500
2024-11-05,18.16,19900,1.2(6.42 %),3400,67000000,0,0,20000,20000,19550
2024-11-06,17.02,18650,-1.25(-6.28 %),65300,1227000000,0,0,21250,21250,18550
2024-11-07,16.11,17650,-1(-5.36 %),9700,172000000,0,0,18650,18650,17600
2024-11-08,16.79,18400,0.75(4.25 %),6900,121000000,0,0,17650,18650,17000
2024-11-11,16.02,17550,-0.85(-4.62 %),17700,309000000,0,0,17500,17550,17450
2024-11-12,15.97,17500,-0.05(-0.28 %),1200,21000000,0,0,17500,17500,17500
2024-11-13,16.38,17950,0.45(2.57 %),3600,64000000,0,0,18200,18200,17700
2024-11-14,15.97,17500,-0.45(-2.51 %),600,10000000,0,0,17500,17500,17500
2024-11-15,16.43,18000,0.5(2.86 %),1200,21000000,0,0,17800,18000,17800
2024-11-18,16.43,18000,0(0.00 %),0,0,0,0,18000,18000,18000
2024-11-19,16.43,18000,0(0.00 %),100,1000000,0,0,18000,18000,18000
2024-11-20,17.34,19000,1(5.56 %),100,1000000,0,0,19000,19000,19000
2024-11-21,16.25,17800,-1.2(-6.32 %),600,10000000,0,0,17750,17850,17750
2024-11-22,16.29,17850,0.05(0.28 %),100,1000000,0,0,17850,17850,17850
2024-11-25,16.43,18000,0.15(0.84 %),3300,59000000,0,0,18000,18000,18000
2024-11-26,16.43,18000,0(0.00 %),1200,21000000,0,0,18000,18000,18000
2024-11-27,16.57,18150,0.15(0.83 %),1100,19000000,0,0,18150,18150,18150
2024-11-28,16.57,18150,0(0.00 %),1400,25000000,0,0,18000,18150,17000
2024-11-29,16.57,18150,0(0.00 %),100,1000000,0,0,18150,18150,18150
2024-12-02,17.07,18700,0.55(3.03 %),3700,69000000,0,0,18200,19000,18200
2024-12-03,16.25,17800,-0.9(-4.81 %),100,1000000,0,0,17800,17800,17800
2024-12-04,16.34,17900,0.1(0.56 %),300,5000000,0,0,17900,17900,17900
2024-12-05,16.34,17900,0(0.00 %),3100,55000000,0,0,17900,17900,17900
2024-12-06,16.11,17650,-0.25(-1.40 %),500,8000000,0,0,18000,18000,17650
2024-12-09,16.89,18500,0.85(4.82 %),300,5000000,0,0,18500,18500,18500
2024-12-10,17.34,19000,0.5(2.70 %),300,5000000,0,0,19000,19000,19000
2024-12-11,17.34,19000,0(0.00 %),300,5000000,0,0,18000,19000,18000
2024-12-12,17.25,18900,-0.1(-0.53 %),700,13000000,0,0,18000,19000,18000
2024-12-13,17.25,18900,0(0.00 %),0,0,0,0,18900,18900,18900
2024-12-16,17.35,18000,0.1(0.56 %),500,8000000,0,0,17600,18000,17600
2024-12-17,16.86,17500,-0.5(-2.78 %),300,5000000,0,0,17500,17500,17500
2024-12-18,17.35,18000,0.5(2.86 %),700,12000000,0,0,17800,18000,17800
2024-12-19,16.48,17100,-0.9(-5.00 %),100,1000000,0,0,17100,17100,17100
2024-12-20,16.48,17100,0(0.00 %),0,0,0,0,17100,17100,17100
2024-12-23,17.35,18000,0.9(5.26 %),100,1000000,0,0,18000,18000,18000
2024-12-24,16.96,17600,-0.4(-2.22 %),200,3000000,0,0,17000,17600,17000
2024-12-25,17.35,18000,0.4(2.27 %),200,3000000,0,0,18000,18000,18000
2024-12-26,17.35,18000,0(0.00 %),1800,32000000,0,0,18000,18000,18000
2024-12-27,17.35,18000,0(0.00 %),0,0,0,0,18000,18000,18000
2024-12-30,17.35,18000,0(0.00 %),0,0,0,0,18000,18000,18000
2024-12-31,17.35,18000,0(0.00 %),0,0,0,0,18000,18000,18000
2025-01-02,16.38,17000,-1(-5.56 %),100,1000000,0,0,17000,17000,17000
2025-01-03,16.38,17000,0(0.00 %),0,0,0,0,17000,17000,17000
2025-01-06,16.38,17000,0(0.00 %),0,0,0,0,17000,17000,17000
2025-01-07,16.38,17000,0(0.00 %),0,0,0,0,17000,17000,17000
2025-01-08,16.38,17000,0(0.00 %),300,5000000,0,0,17000,17000,17000
2025-01-09,16.38,17000,0(0.00 %),0,0,0,0,17000,17000,17000
2025-01-10,16.38,17000,0(0.00 %),500,8000000,60000,951000000,17800,17800,17000
2025-01-13,16.38,17000,0(0.00 %),0,0,520320,8247072000,17000,17000,17000
2025-01-14,17.35,18000,1(5.88 %),100,1000000,0,0,18000,18000,18000
2025-01-15,16.86,17500,-0.5(-2.78 %),200,3000000,0,0,16950,17500,16950
2025-01-16,16.86,17500,0(0.00 %),0,0,0,0,17500,17500,17500
2025-01-17,16.86,17500,0(0.00 %),400,6000000,0,0,17450,17500,17450
2025-01-20,16.86,17500,0(0.00 %),4200,73000000,0,0,17500,17500,17500
2025-01-21,16.86,17500,0(0.00 %),600,10000000,0,0,17500,17500,17500
2025-01-22,16.86,17500,0(0.00 %),0,0,0,0,17500,17500,17500
2025-01-23,16.86,17500,0(0.00 %),0,0,0,0,17500,17500,17500
2025-01-24,15.9,16500,-1(-5.71 %),100,1000000,0,0,16500,16500,16500
2025-02-04,16.58,17200,0.7(4.24 %),300,5000000,0,0,17500,17500,17200
2025-02-05,16.58,17200,0(0.00 %),700,12000000,0,0,17400,17400,17200
2025-02-06,16.58,17200,0(0.00 %),0,0,0,0,17200,17200,17200
2025-02-07,16.67,17300,0.1(0.58 %),300,5000000,0,0,17300,17300,17300
2025-02-10,17.83,18500,1.2(6.94 %),5200,95000000,0,0,18000,18500,17300
2025-02-11,17.92,18600,0.1(0.54 %),400,7000000,0,0,18500,18600,18500
2025-02-12,17.54,18200,-0.4(-2.15 %),100,1000000,0,0,18200,18200,18200
2025-02-13,17.54,18200,0(0.00 %),0,0,0,0,18200,18200,18200
2025-02-14,17.54,18200,0(0.00 %),0,0,0,0,18200,18200,18200
2025-02-17,17.54,18200,0(0.00 %),0,0,0,0,18200,18200,18200
2025-02-18,16.62,17250,-0.95(-5.22 %),7100,129000000,0,0,18200,18200,17250
2025-02-19,16.67,17300,0.05(0.29 %),1200,20000000,0,0,17300,17300,17300
2025-02-20,16.67,17300,0(0.00 %),0,0,0,0,17300,17300,17300
2025-02-21,16.96,17600,0.3(1.73 %),3400,62000000,0,0,18300,18500,17600
2025-02-24,16.96,17600,0(0.00 %),0,0,0,0,17600,17600,17600
2025-02-25,18.12,18800,1.2(6.82 %),3600,67000000,0,0,18700,18800,17600
2025-02-26,17.01,17650,-1.15(-6.12 %),1900,35000000,0,0,17600,19000,17600
2025-02-27,17.25,17900,0.25(1.42 %),3100,57000000,0,0,18400,18700,17650
2025-02-28,17.25,17900,0(0.00 %),0,0,0,0,17900,17900,17900
2025-03-03,17.3,17950,0.05(0.28 %),600,10000000,0,0,17950,17950,17950
2025-03-04,17.3,17950,0(0.00 %),0,0,0,0,17950,17950,17950
2025-03-05,17.06,17700,-0.25(-1.39 %),300,5000000,0,0,17700,17700,17700
2025-03-06,17.92,18600,0.9(5.08 %),1100,19000000,0,0,18000,18600,17900
2025-03-07,17.92,18600,0(0.00 %),0,0,0,0,18600,18600,18600
2025-03-10,17.35,18000,-0.6(-3.23 %),300,5000000,0,0,18000,18000,18000
2025-03-11,16.86,17500,-0.5(-2.78 %),1000,17000000,0,0,17600,17600,17500
2025-03-12,16.96,17600,0.1(0.57 %),200,3000000,0,0,17600,17600,17600
2025-03-13,18.02,18700,1.1(6.25 %),400,7000000,0,0,17600,18700,17600
2025-03-14,17.25,17900,-0.8(-4.28 %),400,7000000,0,0,17900,17900,17900
2025-03-17,18.12,18800,0.9(5.03 %),100,1000000,0,0,18800,18800,18800
2025-03-18,18.7,19400,0.6(3.19 %),200,3000000,0,0,17800,19400,17800
2025-03-19,18.5,19200,-0.2(-1.03 %),300,5000000,0,0,18950,19200,18050
2025-03-20,18.74,19450,0.25(1.30 %),200,3000000,0,0,18450,19450,18450
2025-03-21,17.54,18200,-1.25(-6.43 %),100,1000000,0,0,18200,18200,18200
2025-03-24,17.54,18200,0(0.00 %),0,0,0,0,18200,18200,18200
2025-03-25,17.83,18500,0.3(1.65 %),100,1000000,0,0,18500,18500,18500
2025-03-26,17.83,18500,0(0.00 %),100,1000000,0,0,18500,18500,18500
2025-03-27,17.35,18000,-0.5(-2.70 %),900,16000000,0,0,18000,18000,18000
2025-03-28,17.35,18000,0(0.00 %),1600,28000000,0,0,18000,18000,18000
2025-03-31,17.35,18000,0(0.00 %),4100,73000000,0,0,17600,18000,16800
2025-04-01,17.35,18000,0(0.00 %),21200,381000000,0,0,18000,18000,18000
2025-04-02,17.35,18000,0(0.00 %),700,12000000,0,0,18000,18000,18000
2025-04-03,16.14,16750,-1.25(-6.94 %),23700,399000000,0,0,17800,17800,16750
2025-04-04,16.58,17200,0.45(2.69 %),1300,21000000,0,0,16000,17200,16000
2025-04-08,15.61,16200,-1(-5.81 %),11900,198000000,0,0,17100,17100,16200
2025-04-09,16.19,16800,0.6(3.70 %),500,8000000,0,0,16300,16800,16300
2025-04-10,16.19,16800,0(0.00 %),0,0,0,0,16800,16800,16800
2025-04-11,16.58,17200,0.4(2.38 %),500,8000000,0,0,17200,17200,17200
2025-04-14,16.58,17200,0(0.00 %),200,3000000,0,0,17200,17200,17200
2025-04-15,16.58,17200,0(0.00 %),0,0,0,0,17200,17200,17200
2025-04-16,16.58,17200,0(0.00 %),400,6000000,0,0,17200,17200,17200
2025-04-17,16.48,17100,-0.1(-0.58 %),10200,164000000,0,0,17200,17200,16000
2025-04-18,16.48,17100,0(0.00 %),200,3000000,0,0,17000,17100,17000
2025-04-21,16.33,16950,-0.15(-0.88 %),800,13000000,0,0,17100,17100,16200
2025-04-22,16.33,16950,0(0.00 %),400,6000000,0,0,16900,16950,16900
2025-04-23,16.38,17000,0.05(0.29 %),500,8000000,0,0,17000,17000,17000
2025-04-24,16.19,16800,-0.2(-1.18 %),100,1000000,0,0,16800,16800,16800
2025-04-25,16.19,16800,0(0.00 %),0,0,0,0,16800,16800,16800
2025-04-28,17.3,17950,1.15(6.85 %),6600,117000000,0,0,17500,17950,17000
2025-04-29,17.44,18100,0.15(0.84 %),1000,18000000,0,0,18050,18100,18050
2025-05-05,17.44,18100,0(0.00 %),400,7240000,0,0,18100,18100,18100
2025-05-06,17.44,18100,0(0.00 %),800,14480000,0,0,18100,18100,18100
2025-05-07,17.92,18600,0.5(2.76 %),500,9300000,0,0,18600,18600,18600
2025-05-08,16.91,17550,-1.05(-5.65 %),4400,77220000,0,0,17550,17550,17550
2025-05-09,17.73,18400,0.85(4.84 %),4700,85980000,0,0,18200,18400,18200
2025-05-12,17.06,17700,-0.7(-3.80 %),1400,25975000,0,0,18600,18700,17700
2025-05-13,17.83,18500,0.8(4.52 %),2600,48075000,0,0,18400,18750,18400
2025-05-14,18.21,18900,0.4(2.16 %),2300,43155000,0,0,18650,18900,18600
2025-05-15,19.27,20000,1.1(5.82 %),600,12060000,0,0,20200,20200,20000
2025-05-16,19.27,20000,0(0.00 %),0,0,0,0,20000,20000,20000
2025-05-19,18.36,19050,-0.95(-4.75 %),100,1905000,0,0,19050,19050,19050
2025-05-20,17.92,18600,-0.45(-2.36 %),2500,47610000,0,0,19200,19200,18050
2025-05-21,17.92,18600,0(0.00 %),0,0,0,0,18600,18600,18600
2025-05-22,17.92,18600,0(0.00 %),0,0,0,0,18600,18600,18600
2025-05-23,18.98,19700,1.1(5.91 %),200,3950000,0,0,19800,19800,19700
2025-05-26,19.13,19850,0.15(0.76 %),200,3985000,0,0,20000,20000,19850
2025-05-27,18.31,19000,-0.85(-4.28 %),8500,161550000,0,0,19200,19200,19000
2025-05-28,18.21,18900,-0.1(-0.53 %),8700,164250000,0,0,19000,19000,18800
2025-05-29,18.21,18900,0(0.00 %),0,0,0,0,18900,18900,18900
2025-05-30,18.21,18900,0(0.00 %),0,0,0,0,18900,18900,18900
2025-06-02,18.31,19000,0.1(0.53 %),7100,134900000,0,0,19000,19000,19000
2025-06-03,18.31,19000,0(0.00 %),1200,22800000,0,0,19000,19000,19000
2025-06-04,18.31,19000,0(0.00 %),0,0,0,0,19000,19000,19000
2025-06-05,18.31,19000,0(0.00 %),7000,133000000,0,0,19000,19000,19000
2025-06-06,18.31,19000,0(0.00 %),3100,58880000,0,0,18900,19000,18900
2025-06-09,17.83,18500,-0.5(-2.63 %),7900,147650000,0,0,19000,19000,18500
2025-06-10,18.31,19000,0.5(2.70 %),100,1900000,0,0,19000,19000,19000
2025-06-11,18.31,19000,0(0.00 %),9800,186200000,0,0,19000,19000,19000
2025-06-12,18.41,19100,0.1(0.53 %),5000,95020000,0,0,19000,19100,19000
2025-06-13,18.41,19100,0(0.00 %),19000,361140000,0,0,19100,19100,19000
2025-06-16,18.41,19100,0(0.00 %),5000,95060000,0,0,19100,19100,19000
2025-06-17,18.6,19300,0.2(1.05 %),1700,33460000,0,0,20400,20400,19250
2025-06-18,18.6,19300,0(0.00 %),500,9650000,0,0,19300,19300,19300
2025-06-19,18.6,18600,0(0.00 %),4300,79980000,0,0,18600,18600,18600
2025-06-20,18.2,18200,-0.4(-2.15 %),7400,135500000,0,0,18600,18600,18200
2025-06-23,17.95,17950,-0.25(-1.37 %),19100,344640000,0,0,18200,18200,17950
2025-06-24,18.0,18000,0.05(0.28 %),5000,89950000,0,0,17950,18000,17950
2025-06-25,18.0,18000,0(0.00 %),8800,158340000,0,0,18000,18100,17900
2025-06-26,18.0,18000,0(0.00 %),0,0,0,0,18000,18000,18000
2025-06-27,18.0,18000,0(0.00 %),100,1800000,0,0,18000,18000,18000
2025-06-30,18.0,18000,0(0.00 %),0,0,0,0,18000,18000,18000
2025-07-01,18.6,18600,0.6(3.33 %),3000,55790000,0,0,18100,18800,18100
2025-07-02,18.3,18300,-0.3(-1.61 %),200,3795000,0,0,19650,19650,18300
2025-07-03,18.6,18600,0.3(1.64 %),1000,18550000,0,0,18500,18600,18500
2025-07-04,18.6,18600,0(0.00 %),0,0,0,0,18600,18600,18600
2025-07-07,18.6,18600,0(0.00 %),2000,37200000,0,0,18600,18600,18600
2025-07-08,18.6,18600,0(0.00 %),0,0,0,0,18600,18600,18600
2025-07-09,19.8,19800,1.2(6.45 %),1000,19800000,0,0,19800,19800,19800
2025-07-10,18.6,18600,-1.2(-6.06 %),600,11155000,0,0,18550,18600,18550
2025-07-11,19.5,19500,0.9(4.84 %),200,3900000,0,0,19500,19500,19500
2025-07-14,19.5,19500,0(0.00 %),0,0,0,0,19500,19500,19500
2025-07-15,19.35,19350,-0.15(-0.77 %),100,1935000,0,0,19350,19350,19350
2025-07-16,19.3,19300,-0.05(-0.26 %),2000,38600000,0,0,19300,19300,19300
2025-07-17,18.65,18650,-0.65(-3.37 %),1500,27925000,0,0,18600,18700,18600
2025-07-18,18.65,18650,0(0.00 %),400,7465000,0,0,18700,18700,18650
2025-07-21,18.9,18900,0.25(1.34 %),23600,440400000,0,0,18650,18900,18600
2025-07-22,18.7,18700,-0.2(-1.06 %),100,1870000,0,0,18700,18700,18700
2025-07-23,19.0,19000,0.3(1.60 %),60800,1144160000,0,0,20000,20000,18700
2025-07-24,19.0,19000,0(0.00 %),10100,191900000,0,0,19000,19000,19000
2025-07-25,18.8,18800,-0.2(-1.05 %),500,9400000,0,0,18800,18800,18800
2025-07-28,19.4,19400,0.6(3.19 %),3200,61640000,0,0,19100,19400,19100
2025-07-29,18.7,18700,-0.7(-3.61 %),58200,1089265000,0,0,19000,19000,18700
2025-07-30,18.75,18750,0.05(0.27 %),12900,245110000,0,0,19500,19700,18700
2025-07-31,20.05,20050,1.3(6.93 %),59300,1176735000,20000,401000000,19900,20050,19100
2025-08-01,20.1,20100,0.05(0.25 %),15500,328290000,0,0,20000,21450,20000
2025-08-04,21.5,21500,1.4(6.97 %),45900,981395000,0,0,20000,21500,19950
2025-08-05,23.0,23000,1.5(6.98 %),88200,2026505000,0,0,22500,23000,22300
2025-08-06,23.8,23800,0.8(3.48 %),26900,630460000,0,0,23000,23800,22850
2025-08-07,22.15,22150,-1.65(-6.93 %),19500,433330000,2383942,59598550000,23800,23800,22150
2025-08-08,21.0,21000,-1.15(-5.19 %),9100,197650000,23600,559320000,22200,22200,21000
2025-08-11,21.0,21000,0(0.00 %),2500,52515000,0,0,21100,21100,21000
2025-08-12,21.5,21500,0.5(2.38 %),49000,1025520000,0,0,21950,21950,20500
2025-08-13,21.1,21100,-0.4(-1.86 %),1900,40325000,0,0,21400,21400,21100
2025-08-15,21.7,21700,0(0.00 %),2200,47740000,0,0,21700,21700,21700
2025-08-18,21.65,21650,-0.05(-0.23 %),2300,49905000,0,0,21700,21700,21650
2025-08-19,21.2,21200,-0.45(-2.08 %),1400,29680000,0,0,21200,21200,21200
2025-08-20,21.2,21200,0(0.00 %),14900,314275000,0,0,21200,21200,21000
2025-08-21,21.0,21000,-0.2(-0.94 %),1000,21000000,0,0,21000,21000,21000
2025-08-22,20.85,20850,-0.15(-0.71 %),4600,96925000,0,0,21000,21400,20850
2025-08-25,21.8,21800,0.95(4.56 %),2400,50020000,0,0,20800,21800,20800
2025-08-26,21.8,21800,0(0.00 %),0,0,0,0,21800,21800,21800
2025-08-27,21.8,21800,0(0.00 %),500,10900000,0,0,21800,21800,21800
2025-08-28,21.25,21250,-0.55(-2.52 %),800,17035000,0,0,21300,21300,21250
2025-08-29,21.25,21250,0(0.00 %),0,0,0,0,21250,21250,21250
2025-09-03,21.25,21250,0(0.00 %),300,6375000,0,0,21250,21250,21250
2025-09-04,21.25,21250,0(0.00 %),0,0,0,0,21250,21250,21250
2025-09-05,22.2,22200,0.95(4.47 %),6400,134525000,0,0,21050,22200,21000
2025-09-08,21.0,21000,-1.2(-5.41 %),3000,63000000,0,0,21000,21000,21000
2025-09-09,21.0,21000,0(0.00 %),0,0,0,0,21000,21000,21000
2025-09-10,22.2,22200,1.2(5.71 %),100,2220000,0,0,22200,22200,22200
2025-09-11,21.5,21500,-0.7(-3.15 %),3500,75290000,0,0,21900,21900,21500
2025-09-12,21.3,21300,-0.2(-0.93 %),1200,25540000,0,0,21100,21300,21100
2025-09-15,21.3,21300,0(0.00 %),0,0,0,0,21300,21300,21300
2025-09-16,21.3,21300,0(0.00 %),2500,52725000,0,0,21300,21300,21050
2025-09-17,21.0,21000,-0.3(-1.41 %),4000,84000000,0,0,21000,21000,21000
2025-09-18,21.0,21000,0(0.00 %),0,0,0,0,21000,21000,21000
2025-09-19,21.0,21000,0(0.00 %),1000,21000000,0,0,21000,21000,21000
2025-09-22,21.5,21500,0.5(2.38 %),1000,21500000,0,0,21500,21500,21500
2025-09-23,21.5,21500,0(0.00 %),0,0,0,0,21500,21500,21500
2025-09-24,21.5,21500,0(0.00 %),0,0,0,0,21500,21500,21500
2025-09-25,21.5,21500,0(0.00 %),200,4300000,0,0,21500,21500,21500
2025-09-26,21.0,21000,-0.5(-2.33 %),100,2100000,0,0,21000,21000,21000
2025-09-29,20.6,20600,-0.4(-1.90 %),900,18725000,0,0,21000,21000,20600
2025-09-30,20.45,20450,-0.15(-0.73 %),100,2045000,0,0,20450,20450,20450
2025-10-01,20.45,20450,0(0.00 %),0,0,0,0,20450,20450,20450
2025-10-02,21.0,21000,0.55(2.69 %),700,14685000,0,0,20850,21000,20850
2025-10-03,21.0,21000,0(0.00 %),0,0,0,0,21000,21000,21000
2025-10-06,20.35,20350,-0.65(-3.10 %),1000,20845000,0,0,20900,20900,20350
2025-10-07,20.3,20300,-0.05(-0.25 %),1500,30480000,0,0,20350,20350,20300
2025-10-08,20.9,20900,0.6(2.96 %),900,18860000,0,0,21000,21000,20900
2025-10-09,20.25,20250,-0.65(-3.11 %),300,6140000,0,0,20900,20900,20250
2025-10-10,20.35,18850,-20.25(-100.00 %),2000,20350,0,0,20250,20350,18850
